geo,time,median_gdppc
afg,1800,1.229
afg,1801,1.229
afg,1802,1.229
afg,1803,1.229
afg,1804,1.229
afg,1805,1.229
afg,1806,1.229
afg,1807,1.229
afg,1808,1.229
afg,1809,1.229
afg,1810,1.229
afg,1811,1.229
afg,1812,1.229
afg,1813,1.229
afg,1814,1.229
afg,1815,1.229
afg,1816,1.229
afg,1817,1.229
afg,1818,1.229
afg,1819,1.229
afg,1820,1.229
afg,1821,1.229
afg,1822,1.229
afg,1823,1.229
afg,1824,1.229
afg,1825,1.229
afg,1826,1.229
afg,1827,1.229
afg,1828,1.229
afg,1829,1.229
afg,1830,1.229
afg,1831,1.229
afg,1832,1.229
afg,1833,1.229
afg,1834,1.264
afg,1835,1.264
afg,1836,1.264
afg,1837,1.264
afg,1838,1.264
afg,1839,1.264
afg,1840,1.264
afg,1841,1.264
afg,1842,1.264
afg,1843,1.27
afg,1844,1.266
afg,1845,1.262
afg,1846,1.298
afg,1847,1.288
afg,1848,1.318
afg,1849,1.319
afg,1850,1.299
afg,1851,1.279
afg,1852,1.256
afg,1853,1.247
afg,1854,1.245
afg,1855,1.454
afg,1856,1.506
afg,1857,1.503
afg,1858,1.647
afg,1859,1.82
afg,1860,2.061
afg,1861,1.504
afg,1862,1.288
afg,1863,1.284
afg,1864,1.208
afg,1865,1.222
afg,1866,1.223
afg,1867,1.25
afg,1868,1.244
afg,1869,1.226
afg,1870,1.455
afg,1871,1.527
afg,1872,1.535
afg,1873,1.428
afg,1874,1.249
afg,1875,1.216
afg,1876,1.174
afg,1877,1.225
afg,1878,1.23
afg,1879,1.215
afg,1880,1.23
afg,1881,1.628
afg,1882,1.928
afg,1883,1.758
afg,1884,1.59
afg,1885,1.482
afg,1886,1.481
afg,1887,1.447
afg,1888,1.521
afg,1889,1.509
afg,1890,1.495
afg,1891,1.53
afg,1892,1.514
afg,1893,1.532
afg,1894,1.507
afg,1895,1.535
afg,1896,1.509
afg,1897,1.489
afg,1898,1.453
afg,1899,1.435
afg,1900,1.447
afg,1901,1.431
afg,1902,1.531
afg,1903,1.567
afg,1904,1.669
afg,1905,1.702
afg,1906,1.754
afg,1907,1.888
afg,1908,1.723
afg,1909,1.436
afg,1910,1.26
afg,1911,1.282
afg,1912,1.269
afg,1913,1.328
afg,1914,1.365
afg,1915,1.523
afg,1916,1.602
afg,1917,1.785
afg,1918,1.653
afg,1919,1.616
afg,1920,1.57
afg,1921,1.512
afg,1922,1.49
afg,1923,1.439
afg,1924,1.434
afg,1925,1.385
afg,1926,1.427
afg,1927,1.432
afg,1928,1.461
afg,1929,1.47
afg,1930,1.52
afg,1931,1.511
afg,1932,1.495
afg,1933,1.522
afg,1934,1.506
afg,1935,1.538
afg,1936,1.524
afg,1937,1.55
afg,1938,1.533
afg,1939,1.556
afg,1940,1.509
afg,1941,1.536
afg,1942,1.567
afg,1943,1.601
afg,1944,1.592
afg,1945,1.63
afg,1946,1.666
afg,1947,1.706
afg,1948,1.743
afg,1949,1.733
afg,1950,1.772
afg,1951,1.863
afg,1952,1.905
afg,1953,1.95
afg,1954,1.993
afg,1955,1.983
afg,1956,2.091
afg,1957,2.023
afg,1958,2.13
afg,1959,2.18
afg,1960,2.17
afg,1961,2.16
afg,1962,2.218
afg,1963,2.22
afg,1964,2.224
afg,1965,2.22
afg,1966,2.212
afg,1967,2.267
afg,1968,2.264
afg,1969,2.262
afg,1970,2.326
afg,1971,2.262
afg,1972,1.861
afg,1973,1.861
afg,1974,1.966
afg,1975,2.019
afg,1976,2.133
afg,1977,1.96
afg,1978,2.07
afg,1979,2.011
afg,1980,2.01
afg,1981,2.275
afg,1982,2.121
afg,1983,2.167
afg,1984,1.933
afg,1985,1.985
afg,1986,2.338
afg,1987,2.388
afg,1988,2.698
afg,1989,2.799
afg,1990,2.866
afg,1991,2.919
afg,1992,3.033
afg,1993,3.4
afg,1994,3.445
afg,1995,3.554
afg,1996,3.652
afg,1997,3.713
afg,1998,3.679
afg,1999,3.903
afg,2000,3.665
afg,2001,3.552
afg,2002,3.986
afg,2003,4.175
afg,2004,4.226
afg,2005,4.416
afg,2006,4.494
afg,2007,4.785
afg,2008,4.9
afg,2009,5.315
afg,2010,5.649
afg,2011,5.655
afg,2012,5.938
afg,2013,6.075
afg,2014,6.079
afg,2015,6.06
afg,2016,6.124
afg,2017,6.188
afg,2018,6.179
afg,2019,6.27
afg,2020,6.009
afg,2021,5.344
afg,2022,5.679
afg,2023,5.875
afg,2024,6.042
afg,2025,6.25
afg,2026,6.577
afg,2027,6.684
afg,2028,6.935
afg,2029,7.157
afg,2030,7.209
afg,2031,7.411
afg,2032,7.623
afg,2033,7.627
afg,2034,7.847
afg,2035,8.075
afg,2036,8.084
afg,2037,8.32
afg,2038,8.565
afg,2039,8.578
afg,2040,8.833
afg,2041,9.096
afg,2042,9.088
afg,2043,9.36
afg,2044,9.365
afg,2045,9.629
afg,2046,9.921
afg,2047,9.943
afg,2048,10.246
afg,2049,10.562
afg,2050,10.601
afg,2051,10.928
afg,2052,11.265
afg,2053,11.295
afg,2054,11.643
afg,2055,12.001
afg,2056,12.031
afg,2057,12.397
afg,2058,12.79
afg,2059,12.821
afg,2060,13.214
afg,2061,13.618
afg,2062,13.634
afg,2063,14.049
afg,2064,14.501
afg,2065,14.961
afg,2066,15.009
afg,2067,15.454
afg,2068,15.906
afg,2069,15.941
afg,2070,16.422
afg,2071,16.916
afg,2072,17.476
afg,2073,17.508
afg,2074,18.03
afg,2075,18.587
afg,2076,19.211
afg,2077,19.262
afg,2078,19.834
afg,2079,20.421
afg,2080,21.07
afg,2081,21.775
afg,2082,21.829
afg,2083,22.514
afg,2084,23.192
afg,2085,23.792
afg,2086,24.537
afg,2087,24.591
afg,2088,25.302
afg,2089,26.034
afg,2090,26.836
afg,2091,27.714
afg,2092,27.812
afg,2093,28.644
afg,2094,29.508
afg,2095,30.256
afg,2096,31.126
afg,2097,31.847
afg,2098,32.963
afg,2099,32.677
afg,2100,33.588
alb,1800,1.578
alb,1801,1.578
alb,1802,1.578
alb,1803,1.578
alb,1804,1.578
alb,1805,1.622
alb,1806,1.622
alb,1807,1.622
alb,1808,1.622
alb,1809,1.622
alb,1810,1.622
alb,1811,1.622
alb,1812,1.622
alb,1813,1.622
alb,1814,1.65
alb,1815,1.65
alb,1816,1.65
alb,1817,1.65
alb,1818,1.65
alb,1819,1.65
alb,1820,1.65
alb,1821,1.65
alb,1822,1.65
alb,1823,1.65
alb,1824,1.697
alb,1825,1.697
alb,1826,1.697
alb,1827,1.697
alb,1828,1.697
alb,1829,1.697
alb,1830,1.697
alb,1831,1.697
alb,1832,1.697
alb,1833,1.697
alb,1834,1.744
alb,1835,1.744
alb,1836,1.744
alb,1837,1.744
alb,1838,1.744
alb,1839,1.744
alb,1840,1.744
alb,1841,1.744
alb,1842,1.732
alb,1843,1.781
alb,1844,1.781
alb,1845,1.781
alb,1846,1.781
alb,1847,1.781
alb,1848,1.781
alb,1849,1.781
alb,1850,1.781
alb,1851,1.781
alb,1852,1.781
alb,1853,1.831
alb,1854,1.831
alb,1855,1.831
alb,1856,1.831
alb,1857,1.831
alb,1858,1.831
alb,1859,1.831
alb,1860,1.831
alb,1861,1.831
alb,1862,1.831
alb,1863,1.882
alb,1864,1.882
alb,1865,1.882
alb,1866,1.848
alb,1867,1.834
alb,1868,1.759
alb,1869,1.692
alb,1870,1.689
alb,1871,1.649
alb,1872,1.713
alb,1873,1.683
alb,1874,1.542
alb,1875,1.431
alb,1876,1.438
alb,1877,1.458
alb,1878,1.489
alb,1879,1.508
alb,1880,1.54
alb,1881,1.53
alb,1882,1.566
alb,1883,1.573
alb,1884,1.6
alb,1885,1.624
alb,1886,1.658
alb,1887,1.647
alb,1888,1.65
alb,1889,1.654
alb,1890,1.657
alb,1891,1.66
alb,1892,1.711
alb,1893,1.714
alb,1894,1.717
alb,1895,1.721
alb,1896,1.724
alb,1897,1.727
alb,1898,1.731
alb,1899,1.734
alb,1900,1.737
alb,1901,1.79
alb,1902,1.793
alb,1903,1.796
alb,1904,1.799
alb,1905,1.803
alb,1906,1.806
alb,1907,1.809
alb,1908,1.813
alb,1909,1.816
alb,1910,1.819
alb,1911,1.874
alb,1912,1.877
alb,1913,1.88
alb,1914,1.937
alb,1915,1.995
alb,1916,2.054
alb,1917,2.116
alb,1918,2.178
alb,1919,2.243
alb,1920,2.31
alb,1921,2.379
alb,1922,2.45
alb,1923,2.523
alb,1924,2.598
alb,1925,2.676
alb,1926,2.833
alb,1927,2.917
alb,1928,3.004
alb,1929,3.094
alb,1930,3.186
alb,1931,3.281
alb,1932,3.378
alb,1933,3.479
alb,1934,3.582
alb,1935,3.687
alb,1936,3.796
alb,1937,3.909
alb,1938,4.024
alb,1939,4.144
alb,1940,4.267
alb,1941,4.367
alb,1942,4.594
alb,1943,4.702
alb,1944,4.812
alb,1945,4.925
alb,1946,5.04
alb,1947,5.158
alb,1948,5.427
alb,1949,5.554
alb,1950,5.683
alb,1951,5.657
alb,1952,5.631
alb,1953,5.762
alb,1954,6.064
alb,1955,6.388
alb,1956,6.359
alb,1957,6.698
alb,1958,7.031
alb,1959,7.389
alb,1960,7.767
alb,1961,7.729
alb,1962,7.914
alb,1963,8.329
alb,1964,8.519
alb,1965,8.711
alb,1966,9.165
alb,1967,9.371
alb,1968,9.586
alb,1969,10.075
alb,1970,10.303
alb,1971,10.536
alb,1972,10.771
alb,1973,11.324
alb,1974,11.26
alb,1975,11.512
alb,1976,11.448
alb,1977,11.703
alb,1978,11.638
alb,1979,11.897
alb,1980,11.829
alb,1981,12.574
alb,1982,13.117
alb,1983,13.165
alb,1984,13.541
alb,1985,13.615
alb,1986,13.993
alb,1987,14.179
alb,1988,14.03
alb,1989,15.316
alb,1990,14.293
alb,1991,10.522
alb,1992,9.881
alb,1993,10.893
alb,1994,11.837
alb,1995,13.388
alb,1996,14.335
alb,1997,12.48
alb,1998,13.489
alb,1999,15.038
alb,2000,16.058
alb,2001,17.489
alb,2002,18.189
alb,2003,19.687
alb,2004,20.973
alb,2005,22.482
alb,2006,23.628
alb,2007,25.131
alb,2008,27.215
alb,2009,28.45
alb,2010,29.319
alb,2011,30.254
alb,2012,30.771
alb,2013,30.303
alb,2014,31.036
alb,2015,31.964
alb,2016,32.717
alb,2017,33.996
alb,2018,37.035
alb,2019,37.253
alb,2020,37.185
alb,2021,40.497
alb,2022,42.699
alb,2023,45.212
alb,2024,47.684
alb,2025,50.598
alb,2026,55.867
alb,2027,58.542
alb,2028,61.098
alb,2029,63.244
alb,2030,65.617
alb,2031,67.144
alb,2032,68.612
alb,2033,68.232
alb,2034,69.863
alb,2035,71.542
alb,2036,73.255
alb,2037,75.01
alb,2038,74.697
alb,2039,76.452
alb,2040,78.273
alb,2041,80.125
alb,2042,79.683
alb,2043,81.525
alb,2044,83.444
alb,2045,85.428
alb,2046,85.072
alb,2047,87.069
alb,2048,89.089
alb,2049,88.694
alb,2050,90.775
alb,2051,92.915
alb,2052,92.512
alb,2053,94.635
alb,2054,96.735
alb,2055,96.148
alb,2056,98.378
alb,2057,100.591
alb,2058,100.273
alb,2059,102.452
alb,2060,104.831
alb,2061,104.331
alb,2062,106.813
alb,2063,106.343
alb,2064,108.882
alb,2065,111.417
alb,2066,110.895
alb,2067,113.48
alb,2068,112.95
alb,2069,115.689
alb,2070,115.155
alb,2071,117.849
alb,2072,120.568
alb,2073,120.034
alb,2074,122.848
alb,2075,122.278
alb,2076,125.15
alb,2077,124.59
alb,2078,127.546
alb,2079,126.983
alb,2080,129.98
alb,2081,129.979
alb,2082,129.426
alb,2083,132.948
alb,2084,132.537
alb,2085,135.792
alb,2086,135.243
alb,2087,138.487
alb,2088,137.902
alb,2089,141.566
alb,2090,141.017
alb,2091,140.476
alb,2092,143.641
alb,2093,143.147
alb,2094,146.62
alb,2095,146.664
alb,2096,146.134
alb,2097,149.511
alb,2098,148.98
alb,2099,148.456
alb,2100,152.1
dza,1800,2.135
dza,1801,2.135
dza,1802,2.134
dza,1803,2.135
dza,1804,2.135
dza,1805,2.135
dza,1806,2.135
dza,1807,2.195
dza,1808,2.195
dza,1809,2.195
dza,1810,2.195
dza,1811,2.195
dza,1812,2.195
dza,1813,2.195
dza,1814,2.195
dza,1815,2.195
dza,1816,2.195
dza,1817,2.195
dza,1818,2.195
dza,1819,2.195
dza,1820,2.195
dza,1821,2.256
dza,1822,2.256
dza,1823,2.256
dza,1824,2.32
dza,1825,2.32
dza,1826,2.32
dza,1827,2.385
dza,1828,2.353
dza,1829,2.353
dza,1830,2.419
dza,1831,2.419
dza,1832,2.487
dza,1833,2.487
dza,1834,2.487
dza,1835,2.557
dza,1836,2.557
dza,1837,2.557
dza,1838,2.629
dza,1839,2.629
dza,1840,2.703
dza,1841,2.703
dza,1842,2.703
dza,1843,2.779
dza,1844,2.779
dza,1845,2.779
dza,1846,2.857
dza,1847,2.857
dza,1848,2.857
dza,1849,2.937
dza,1850,2.907
dza,1851,2.989
dza,1852,2.989
dza,1853,2.989
dza,1854,3.073
dza,1855,3.073
dza,1856,3.073
dza,1857,3.16
dza,1858,3.16
dza,1859,3.16
dza,1860,3.248
dza,1861,3.248
dza,1862,3.34
dza,1863,3.34
dza,1864,3.34
dza,1865,3.434
dza,1866,3.397
dza,1867,3.397
dza,1868,3.454
dza,1869,3.454
dza,1870,3.551
dza,1871,3.551
dza,1872,3.501
dza,1873,3.605
dza,1874,3.61
dza,1875,3.716
dza,1876,3.721
dza,1877,3.726
dza,1878,3.836
dza,1879,3.839
dza,1880,3.952
dza,1881,3.957
dza,1882,3.962
dza,1883,4.078
dza,1884,4.083
dza,1885,4.203
dza,1886,4.208
dza,1887,4.213
dza,1888,4.336
dza,1889,4.341
dza,1890,4.468
dza,1891,4.473
dza,1892,4.557
dza,1893,4.563
dza,1894,4.569
dza,1895,4.703
dza,1896,4.708
dza,1897,4.801
dza,1898,4.807
dza,1899,4.814
dza,1900,4.913
dza,1901,4.921
dza,1902,5.066
dza,1903,5.073
dza,1904,5.04
dza,1905,5.19
dza,1906,5.198
dza,1907,5.345
dza,1908,5.352
dza,1909,5.32
dza,1910,5.479
dza,1911,5.488
dza,1912,5.652
dza,1913,5.66
dza,1914,5.669
dza,1915,5.679
dza,1916,5.848
dza,1917,5.857
dza,1918,5.867
dza,1919,5.876
dza,1920,5.885
dza,1921,5.894
dza,1922,5.903
dza,1923,6.078
dza,1924,6.087
dza,1925,6.096
dza,1926,6.105
dza,1927,6.118
dza,1928,6.127
dza,1929,6.308
dza,1930,6.317
dza,1931,6.324
dza,1932,6.333
dza,1933,6.342
dza,1934,6.353
dza,1935,6.54
dza,1936,6.548
dza,1937,6.557
dza,1938,6.561
dza,1939,6.569
dza,1940,6.574
dza,1941,6.742
dza,1942,6.722
dza,1943,6.89
dza,1944,6.87
dza,1945,6.853
dza,1946,7.023
dza,1947,7.005
dza,1948,7.181
dza,1949,7.16
dza,1950,7.342
dza,1951,7.123
dza,1952,7.51
dza,1953,7.49
dza,1954,7.946
dza,1955,7.922
dza,1956,8.704
dza,1957,9.455
dza,1958,9.68
dza,1959,11.393
dza,1960,11.988
dza,1961,10.686
dza,1962,7.977
dza,1963,9.753
dza,1964,10.266
dza,1965,10.807
dza,1966,9.904
dza,1967,10.425
dza,1968,11.282
dza,1969,12.202
dza,1970,12.847
dza,1971,11.456
dza,1972,13.847
dza,1973,13.791
dza,1974,14.125
dza,1975,14.843
dza,1976,15.191
dza,1977,16.003
dza,1978,17.328
dza,1979,18.248
dza,1980,18.18
dza,1981,18.833
dza,1982,20.186
dza,1983,21.149
dza,1984,22.222
dza,1985,23.072
dza,1986,22.777
dza,1987,22.585
dza,1988,22.18
dza,1989,23.465
dza,1990,24.063
dza,1991,23.788
dza,1992,24.193
dza,1993,23.648
dza,1994,23.411
dza,1995,24.328
dza,1996,25.29
dza,1997,25.544
dza,1998,26.887
dza,1999,27.776
dza,2000,28.859
dza,2001,29.754
dza,2002,31.3
dza,2003,33.223
dza,2004,34.54
dza,2005,36.075
dza,2006,36.972
dza,2007,37.692
dza,2008,37.992
dza,2009,38.024
dza,2010,39.126
dza,2011,39.599
dza,2012,40.257
dza,2013,40.769
dza,2014,41.895
dza,2015,42.31
dza,2016,42.85
dza,2017,42.731
dza,2018,42.381
dza,2019,41.959
dza,2020,39.186
dza,2021,40.129
dza,2022,41.097
dza,2023,42.186
dza,2024,43.149
dza,2025,45.037
dza,2026,46.708
dza,2027,48.908
dza,2028,50.947
dza,2029,51.305
dza,2030,53.222
dza,2031,53.108
dza,2032,54.491
dza,2033,55.858
dza,2034,57.309
dza,2035,58.737
dza,2036,60.195
dza,2037,61.757
dza,2038,61.553
dza,2039,63.067
dza,2040,64.615
dza,2041,66.198
dza,2042,67.916
dza,2043,69.578
dza,2044,69.33
dza,2045,71.009
dza,2046,72.745
dza,2047,74.478
dza,2048,76.392
dza,2049,76.07
dza,2050,77.731
dza,2051,79.599
dza,2052,81.492
dza,2053,83.434
dza,2054,83.038
dza,2055,84.803
dza,2056,86.777
dza,2057,89.018
dza,2058,88.642
dza,2059,90.718
dza,2060,92.829
dza,2061,95.001
dza,2062,94.791
dza,2063,97.003
dza,2064,99.31
dza,2065,101.693
dza,2066,101.216
dza,2067,103.165
dza,2068,105.553
dza,2069,105.408
dza,2070,107.917
dza,2071,110.762
dza,2072,110.239
dza,2073,112.886
dza,2074,115.512
dza,2075,115.037
dza,2076,117.795
dza,2077,120.652
dza,2078,120.049
dza,2079,122.928
dza,2080,122.354
dza,2081,125.182
dza,2082,128.163
dza,2083,128.031
dza,2084,131.125
dza,2085,130.531
dza,2086,133.7
dza,2087,136.779
dza,2088,136.073
dza,2089,139.365
dza,2090,138.75
dza,2091,142.025
dza,2092,141.406
dza,2093,144.752
dza,2094,144.129
dza,2095,147.51
dza,2096,146.884
dza,2097,150.285
dza,2098,149.655
dza,2099,153.224
dza,2100,151.814
and,1981,118.278
and,1982,116.336
and,1983,114.394
and,1984,112.73
and,1985,111.932
and,1986,111.407
and,1987,112.91
and,1988,114.824
and,1989,117.859
and,1990,119.113
and,1991,112.541
and,1992,107.41
and,1993,101.949
and,1994,103.792
and,1995,110.261
and,1996,115.593
and,1997,122.391
and,1998,123.334
and,1999,127.885
and,2000,137.865
and,2001,157.738
and,2002,168.551
and,2003,169.464
and,2004,165.029
and,2005,156.029
and,2006,151.978
and,2007,146.906
and,2008,134.19
and,2009,119.928
and,2010,132.81
and,2011,141.465
and,2012,138.591
and,2013,140.412
and,2014,150.355
and,2015,161.167
and,2016,169.129
and,2017,165.869
and,2018,164.736
and,2019,164.444
and,2020,135.422
and,2021,151.678
and,2022,167.125
and,2023,174.178
and,2024,182.14
and,2025,189.885
ago,1800,1.089
ago,1801,1.089
ago,1802,1.089
ago,1803,1.089
ago,1804,1.089
ago,1805,1.12
ago,1806,1.12
ago,1807,1.12
ago,1808,1.12
ago,1809,1.12
ago,1810,1.12
ago,1811,1.12
ago,1812,1.151
ago,1813,1.152
ago,1814,1.152
ago,1815,1.152
ago,1816,1.152
ago,1817,1.152
ago,1818,1.184
ago,1819,1.184
ago,1820,1.184
ago,1821,1.184
ago,1822,1.184
ago,1823,1.184
ago,1824,1.22
ago,1825,1.22
ago,1826,1.22
ago,1827,1.22
ago,1828,1.22
ago,1829,1.22
ago,1830,1.22
ago,1831,1.254
ago,1832,1.254
ago,1833,1.254
ago,1834,1.254
ago,1835,1.254
ago,1836,1.254
ago,1837,1.289
ago,1838,1.29
ago,1839,1.289
ago,1840,1.289
ago,1841,1.289
ago,1842,1.289
ago,1843,1.326
ago,1844,1.326
ago,1845,1.326
ago,1846,1.326
ago,1847,1.326
ago,1848,1.326
ago,1849,1.363
ago,1850,1.363
ago,1851,1.363
ago,1852,1.363
ago,1853,1.363
ago,1854,1.363
ago,1855,1.363
ago,1856,1.401
ago,1857,1.401
ago,1858,1.401
ago,1859,1.401
ago,1860,1.401
ago,1861,1.401
ago,1862,1.442
ago,1863,1.442
ago,1864,1.442
ago,1865,1.442
ago,1866,1.442
ago,1867,1.442
ago,1868,1.442
ago,1869,1.482
ago,1870,1.482
ago,1871,1.482
ago,1872,1.48
ago,1873,1.478
ago,1874,1.475
ago,1875,1.514
ago,1876,1.512
ago,1877,1.509
ago,1878,1.507
ago,1879,1.504
ago,1880,1.502
ago,1881,1.542
ago,1882,1.539
ago,1883,1.536
ago,1884,1.534
ago,1885,1.531
ago,1886,1.529
ago,1887,1.569
ago,1888,1.567
ago,1889,1.564
ago,1890,1.561
ago,1891,1.56
ago,1892,1.558
ago,1893,1.555
ago,1894,1.596
ago,1895,1.593
ago,1896,1.59
ago,1897,1.587
ago,1898,1.585
ago,1899,1.582
ago,1900,1.623
ago,1901,1.62
ago,1902,1.617
ago,1903,1.614
ago,1904,1.611
ago,1905,1.608
ago,1906,1.65
ago,1907,1.647
ago,1908,1.644
ago,1909,1.641
ago,1910,1.638
ago,1911,1.635
ago,1912,1.632
ago,1913,1.674
ago,1914,1.718
ago,1915,1.763
ago,1916,1.814
ago,1917,1.861
ago,1918,1.91
ago,1919,1.96
ago,1920,2.01
ago,1921,2.063
ago,1922,2.116
ago,1923,2.171
ago,1924,2.29
ago,1925,2.353
ago,1926,2.414
ago,1927,2.477
ago,1928,2.542
ago,1929,2.608
ago,1930,2.676
ago,1931,2.745
ago,1932,2.895
ago,1933,2.967
ago,1934,3.044
ago,1935,3.123
ago,1936,3.203
ago,1937,3.285
ago,1938,3.37
ago,1939,3.456
ago,1940,3.645
ago,1941,3.722
ago,1942,3.899
ago,1943,4.052
ago,1944,4.134
ago,1945,4.344
ago,1946,4.569
ago,1947,4.667
ago,1948,4.897
ago,1949,5.148
ago,1950,5.249
ago,1951,5.51
ago,1952,5.652
ago,1953,5.768
ago,1954,5.58
ago,1955,6.014
ago,1956,5.973
ago,1957,6.458
ago,1958,6.796
ago,1959,6.747
ago,1960,6.888
ago,1961,7.877
ago,1962,7.612
ago,1963,7.78
ago,1964,8.635
ago,1965,9.351
ago,1966,9.826
ago,1967,10.305
ago,1968,9.976
ago,1969,10.18
ago,1970,10.693
ago,1971,10.927
ago,1972,10.86
ago,1973,11.402
ago,1974,11.023
ago,1975,8.545
ago,1976,7.811
ago,1977,7.764
ago,1978,7.506
ago,1979,7.461
ago,1980,7.624
ago,1981,7.454
ago,1982,7.526
ago,1983,7.714
ago,1984,8.176
ago,1985,7.997
ago,1986,7.979
ago,1987,8.574
ago,1988,9.515
ago,1989,9.848
ago,1990,9.854
ago,1991,9.89
ago,1992,9.369
ago,1993,7.275
ago,1994,7.28
ago,1995,8.299
ago,1996,9.323
ago,1997,9.959
ago,1998,10.273
ago,1999,10.429
ago,2000,10.721
ago,2001,10.824
ago,2002,12.114
ago,2003,12.252
ago,2004,13.588
ago,2005,15.399
ago,2006,17.203
ago,2007,19.837
ago,2008,21.684
ago,2009,21.577
ago,2010,21.372
ago,2011,21.006
ago,2012,22.075
ago,2013,22.175
ago,2014,22.344
ago,2015,19.684
ago,2016,18.647
ago,2017,17.822
ago,2018,16.778
ago,2019,16.118
ago,2020,14.57
ago,2021,14.522
ago,2022,14.557
ago,2023,13.893
ago,2024,14.502
ago,2025,14.729
ago,2026,15.148
ago,2027,15.211
ago,2028,15.72
ago,2029,16.212
ago,2030,16.522
ago,2031,17.019
ago,2032,17.53
ago,2033,17.55
ago,2034,18.073
ago,2035,18.63
ago,2036,19.198
ago,2037,19.774
ago,2038,20.347
ago,2039,20.944
ago,2040,20.97
ago,2041,21.596
ago,2042,22.245
ago,2043,22.894
ago,2044,23.57
ago,2045,24.306
ago,2046,25.018
ago,2047,25.739
ago,2048,25.771
ago,2049,26.548
ago,2050,27.349
ago,2051,28.17
ago,2052,28.98
ago,2053,29.708
ago,2054,30.607
ago,2055,31.475
ago,2056,31.461
ago,2057,32.366
ago,2058,33.379
ago,2059,34.34
ago,2060,35.393
ago,2061,36.483
ago,2062,37.43
ago,2063,37.441
ago,2064,38.266
ago,2065,39.575
ago,2066,40.653
ago,2067,41.486
ago,2068,42.621
ago,2069,43.88
ago,2070,43.553
ago,2071,44.876
ago,2072,45.997
ago,2073,47.399
ago,2074,48.676
ago,2075,49.878
ago,2076,49.953
ago,2077,51.325
ago,2078,52.613
ago,2079,54.665
ago,2080,56.127
ago,2081,55.74
ago,2082,57.099
ago,2083,58.765
ago,2084,60.456
ago,2085,62.145
ago,2086,61.961
ago,2087,63.449
ago,2088,64.838
ago,2089,66.462
ago,2090,65.902
ago,2091,67.099
ago,2092,68.586
ago,2093,69.91
ago,2094,69.586
ago,2095,71.365
ago,2096,73.156
ago,2097,73.113
ago,2098,74.977
ago,2099,76.45
ago,2100,76.269
atg,1800,2.207
atg,1801,2.207
atg,1802,2.207
atg,1803,2.207
atg,1804,2.207
atg,1805,2.207
atg,1806,2.207
atg,1807,2.208
atg,1808,2.208
atg,1809,2.208
atg,1810,2.208
atg,1811,2.208
atg,1812,2.208
atg,1813,2.208
atg,1814,2.208
atg,1815,2.208
atg,1816,2.207
atg,1817,2.207
atg,1818,2.207
atg,1819,2.207
atg,1820,2.207
atg,1821,2.207
atg,1822,2.208
atg,1823,2.208
atg,1824,2.27
atg,1825,2.269
atg,1826,2.27
atg,1827,2.269
atg,1828,2.333
atg,1829,2.333
atg,1830,2.333
atg,1831,2.333
atg,1832,2.399
atg,1833,2.399
atg,1834,2.399
atg,1835,2.399
atg,1836,2.466
atg,1837,2.466
atg,1838,2.466
atg,1839,2.467
atg,1840,2.536
atg,1841,2.536
atg,1842,2.536
atg,1843,2.536
atg,1844,2.607
atg,1845,2.607
atg,1846,2.607
atg,1847,2.607
atg,1848,2.68
atg,1849,2.68
atg,1850,2.68
atg,1851,2.68
atg,1852,2.68
atg,1853,2.756
atg,1854,2.756
atg,1855,2.756
atg,1856,2.756
atg,1857,2.833
atg,1858,2.833
atg,1859,2.833
atg,1860,2.833
atg,1861,2.913
atg,1862,2.913
atg,1863,2.913
atg,1864,2.913
atg,1865,2.995
atg,1866,2.995
atg,1867,2.995
atg,1868,2.994
atg,1869,3.079
atg,1870,3.079
atg,1871,3.079
atg,1872,3.085
atg,1873,3.18
atg,1874,3.188
atg,1875,3.195
atg,1876,3.202
atg,1877,3.3
atg,1878,3.307
atg,1879,3.315
atg,1880,3.324
atg,1881,3.424
atg,1882,3.432
atg,1883,3.441
atg,1884,3.449
atg,1885,3.457
atg,1886,3.562
atg,1887,3.571
atg,1888,3.58
atg,1889,3.589
atg,1890,3.698
atg,1891,3.707
atg,1892,3.717
atg,1893,3.725
atg,1894,3.839
atg,1895,3.848
atg,1896,3.859
atg,1897,3.869
atg,1898,3.987
atg,1899,3.997
atg,1900,4.007
atg,1901,4.017
atg,1902,4.14
atg,1903,4.15
atg,1904,4.161
atg,1905,4.172
atg,1906,4.3
atg,1907,4.312
atg,1908,4.322
atg,1909,4.334
atg,1910,4.467
atg,1911,4.479
atg,1912,4.491
atg,1913,4.503
atg,1914,4.641
atg,1915,4.82
atg,1916,4.968
atg,1917,5.121
atg,1918,5.288
atg,1919,5.449
atg,1920,5.464
atg,1921,5.632
atg,1922,5.815
atg,1923,5.993
atg,1924,6.177
atg,1925,6.367
atg,1926,6.563
atg,1927,6.789
atg,1928,6.797
atg,1929,7.007
atg,1930,7.222
atg,1931,7.467
atg,1932,7.696
atg,1933,7.931
atg,1934,8.173
atg,1935,8.406
atg,1936,8.428
atg,1937,8.712
atg,1938,8.98
atg,1939,9.281
atg,1940,9.602
atg,1941,9.865
atg,1942,9.908
atg,1943,10.194
atg,1944,10.495
atg,1945,10.803
atg,1946,10.807
atg,1947,11.103
atg,1948,11.41
atg,1949,11.428
atg,1950,11.766
atg,1951,12.106
atg,1952,12.425
atg,1953,12.398
atg,1954,12.657
atg,1955,12.967
atg,1956,13.309
atg,1957,13.263
atg,1958,13.595
atg,1959,13.922
atg,1960,13.875
atg,1961,14.609
atg,1962,14.955
atg,1963,15.319
atg,1964,15.683
atg,1965,16.063
atg,1966,16.454
atg,1967,16.851
atg,1968,17.247
atg,1969,17.66
atg,1970,18.08
atg,1971,19.033
atg,1972,20.609
atg,1973,21.77
atg,1974,22.254
atg,1975,20.959
atg,1976,19.135
atg,1977,20.166
atg,1978,20.644
atg,1979,22.938
atg,1980,24.13
atg,1981,26.387
atg,1982,27.983
atg,1983,28.797
atg,1984,30.209
atg,1985,32.25
atg,1986,33.849
atg,1987,36.129
atg,1988,38.041
atg,1989,39.722
atg,1990,41.799
atg,1991,41.905
atg,1992,41.694
atg,1993,42.146
atg,1994,42.91
atg,1995,41.535
atg,1996,42.592
atg,1997,43.29
atg,1998,43.796
atg,1999,44.406
atg,2000,45.759
atg,2001,44.89
atg,2002,56.347
atg,2003,46.223
atg,2004,47.271
atg,2005,64.643
atg,2006,71.285
atg,2007,76.563
atg,2008,76.227
atg,2009,50.507
atg,2010,48.815
atg,2011,48.464
atg,2012,63.238
atg,2013,62.47
atg,2014,63.182
atg,2015,63.764
atg,2016,65.918
atg,2017,67.457
atg,2018,71.277
atg,2019,73.267
atg,2020,61.06
atg,2021,65.404
atg,2022,70.484
atg,2023,70.948
atg,2024,73.04
atg,2025,76.033
atg,2026,81.475
atg,2027,82.594
atg,2028,85.768
atg,2029,88.683
atg,2030,90.117
atg,2031,89.782
atg,2032,91.998
atg,2033,94.516
atg,2034,96.718
atg,2035,96.346
atg,2036,98.666
atg,2037,101.008
atg,2038,100.651
atg,2039,103.016
atg,2040,105.505
atg,2041,104.928
atg,2042,107.553
atg,2043,110.071
atg,2044,109.606
atg,2045,112.241
atg,2046,115.003
atg,2047,114.569
atg,2048,117.339
atg,2049,120.172
atg,2050,119.718
atg,2051,122.605
atg,2052,122.13
atg,2053,125.079
atg,2054,124.743
atg,2055,127.803
atg,2056,130.852
atg,2057,130.042
atg,2058,133.162
atg,2059,132.704
atg,2060,136.062
atg,2061,135.424
atg,2062,138.815
atg,2063,138.306
atg,2064,141.606
atg,2065,141.303
atg,2066,144.983
atg,2067,144.485
atg,2068,148.025
atg,2069,147.517
atg,2070,151.011
atg,2071,150.195
atg,2072,153.897
atg,2073,152.892
atg,2074,156.652
atg,2075,156.143
atg,2076,155.462
atg,2077,159.147
atg,2078,158.204
atg,2079,162.261
atg,2080,161.343
atg,2081,160.829
atg,2082,164.557
atg,2083,164.042
atg,2084,168.14
atg,2085,167.212
atg,2086,166.538
atg,2087,170.524
atg,2088,169.884
atg,2089,169.289
atg,2090,173.548
atg,2091,173.047
atg,2092,172.362
atg,2093,176.748
atg,2094,176.001
atg,2095,175.511
atg,2096,179.431
atg,2097,179.281
atg,2098,178.848
atg,2099,177.822
atg,2100,180.724
arg,1800,4.504
arg,1801,4.63
arg,1802,4.63
arg,1803,4.634
arg,1804,4.634
arg,1805,4.61
arg,1806,4.61
arg,1807,4.61
arg,1808,4.645
arg,1809,4.787
arg,1810,4.816
arg,1811,4.805
arg,1812,4.805
arg,1813,4.8
arg,1814,4.8
arg,1815,4.791
arg,1816,4.783
arg,1817,4.891
arg,1818,4.891
arg,1819,4.891
arg,1820,4.891
arg,1821,4.894
arg,1822,4.987
arg,1823,4.983
arg,1824,4.971
arg,1825,4.965
arg,1826,5.12
arg,1827,5.134
arg,1828,5.108
arg,1829,5.119
arg,1830,5.257
arg,1831,5.247
arg,1832,5.23
arg,1833,5.34
arg,1834,5.343
arg,1835,5.343
arg,1836,5.249
arg,1837,5.407
arg,1838,5.366
arg,1839,5.35
arg,1840,5.399
arg,1841,5.551
arg,1842,5.6
arg,1843,5.59
arg,1844,5.58
arg,1845,5.669
arg,1846,6.163
arg,1847,6.141
arg,1848,6.296
arg,1849,6.313
arg,1850,6.317
arg,1851,6.451
arg,1852,6.596
arg,1853,6.567
arg,1854,6.599
arg,1855,6.793
arg,1856,6.292
arg,1857,6.397
arg,1858,8.819
arg,1859,8.277
arg,1860,6.341
arg,1861,5.875
arg,1862,7.059
arg,1863,7.708
arg,1864,7.509
arg,1865,6.646
arg,1866,6.533
arg,1867,6.333
arg,1868,6.117
arg,1869,6.651
arg,1870,6.762
arg,1871,6.95
arg,1872,7.068
arg,1873,7.349
arg,1874,7.586
arg,1875,7.948
arg,1876,7.961
arg,1877,8.897
arg,1878,7.526
arg,1879,7.621
arg,1880,7.242
arg,1881,7.294
arg,1882,8.907
arg,1883,9.778
arg,1884,10.216
arg,1885,11.568
arg,1886,12.326
arg,1887,12.763
arg,1888,13.86
arg,1889,14.041
arg,1890,12.621
arg,1891,12.086
arg,1892,13.652
arg,1893,14.418
arg,1894,15.532
arg,1895,16.956
arg,1896,17.753
arg,1897,14.149
arg,1898,13.822
arg,1899,15.665
arg,1900,13.264
arg,1901,13.158
arg,1902,12.346
arg,1903,13.812
arg,1904,14.266
arg,1905,15.606
arg,1906,15.714
arg,1907,15.846
arg,1908,17.137
arg,1909,17.336
arg,1910,17.945
arg,1911,17.923
arg,1912,18.646
arg,1913,17.951
arg,1914,15.045
arg,1915,14.58
arg,1916,14.474
arg,1917,12.929
arg,1918,14.74
arg,1919,15.06
arg,1920,16.064
arg,1921,16.063
arg,1922,17.067
arg,1923,18.136
arg,1924,19.265
arg,1925,19.006
arg,1926,19.48
arg,1927,19.973
arg,1928,21.115
arg,1929,21.113
arg,1930,19.951
arg,1931,17.932
arg,1932,16.983
arg,1933,17.376
arg,1934,18.879
arg,1935,19.391
arg,1936,18.873
arg,1937,19.9
arg,1938,19.541
arg,1939,19.229
arg,1940,19.52
arg,1941,20.991
arg,1942,21.35
arg,1943,21.07
arg,1944,23.368
arg,1945,22.262
arg,1946,23.655
arg,1947,24.74
arg,1948,24.274
arg,1949,23.598
arg,1950,23.56
arg,1951,23.852
arg,1952,22.413
arg,1953,22.912
arg,1954,23.698
arg,1955,25.851
arg,1956,25.659
arg,1957,25.918
arg,1958,27.107
arg,1959,25.053
arg,1960,27.214
arg,1961,28.509
arg,1962,27.536
arg,1963,25.273
arg,1964,27.268
arg,1965,29.496
arg,1966,29.469
arg,1967,29.215
arg,1968,30.745
arg,1969,32.186
arg,1970,32.937
arg,1971,33.768
arg,1972,34.508
arg,1973,35.251
arg,1974,37.048
arg,1975,35.835
arg,1976,34.625
arg,1977,36.399
arg,1978,34.223
arg,1979,35.992
arg,1980,35.79
arg,1981,34.991
arg,1982,34.185
arg,1983,35.693
arg,1984,36.586
arg,1985,34.433
arg,1986,36.49
arg,1987,35.016
arg,1988,34.515
arg,1989,32.223
arg,1990,32.829
arg,1991,35.826
arg,1992,39.417
arg,1993,43.362
arg,1994,45.48
arg,1995,40.827
arg,1996,42.096
arg,1997,45.987
arg,1998,43.91
arg,1999,44.522
arg,2000,42.041
arg,2001,39.544
arg,2002,33.925
arg,2003,37.772
arg,2004,42.807
arg,2005,47.418
arg,2006,52.214
arg,2007,56.508
arg,2008,59.978
arg,2009,56.947
arg,2010,61.728
arg,2011,65.044
arg,2012,65.769
arg,2013,67.222
arg,2014,63.531
arg,2015,64.506
arg,2016,62.289
arg,2017,64.471
arg,2018,62.878
arg,2019,58.58
arg,2020,52.984
arg,2021,59.414
arg,2022,62.779
arg,2023,62.539
arg,2024,65.509
arg,2025,70.567
arg,2026,74.798
arg,2027,77.928
arg,2028,81.001
arg,2029,83.568
arg,2030,83.854
arg,2031,85.865
arg,2032,87.828
arg,2033,89.893
arg,2034,89.307
arg,2035,91.302
arg,2036,93.347
arg,2037,92.886
arg,2038,94.899
arg,2039,97.024
arg,2040,99.194
arg,2041,98.64
arg,2042,100.764
arg,2043,103.041
arg,2044,102.447
arg,2045,104.715
arg,2046,107.051
arg,2047,106.447
arg,2048,108.823
arg,2049,108.075
arg,2050,110.478
arg,2051,113.418
arg,2052,112.791
arg,2053,115.323
arg,2054,114.984
arg,2055,117.99
arg,2056,121.109
arg,2057,120.48
arg,2058,123.147
arg,2059,122.512
arg,2060,125.31
arg,2061,124.67
arg,2062,127.523
arg,2063,127.3
arg,2064,130.271
arg,2065,129.631
arg,2066,132.625
arg,2067,131.982
arg,2068,135.129
arg,2069,134.486
arg,2070,137.338
arg,2071,136.689
arg,2072,139.875
arg,2073,139.226
arg,2074,142.481
arg,2075,141.831
arg,2076,144.925
arg,2077,144.273
arg,2078,143.63
arg,2079,146.886
arg,2080,145.916
arg,2081,148.907
arg,2082,148.255
arg,2083,147.613
arg,2084,151.113
arg,2085,150.472
arg,2086,154.054
arg,2087,153.415
arg,2088,153.43
arg,2089,157.113
arg,2090,156.493
arg,2091,155.884
arg,2092,159.649
arg,2093,159.041
arg,2094,158.443
arg,2095,162.294
arg,2096,161.7
arg,2097,162.332
arg,2098,161.767
arg,2099,165.744
arg,2100,164.897
arm,1800,1.47
arm,1801,1.469
arm,1802,1.47
arm,1803,1.469
arm,1804,1.47
arm,1805,1.511
arm,1806,1.511
arm,1807,1.511
arm,1808,1.511
arm,1809,1.511
arm,1810,1.511
arm,1811,1.511
arm,1812,1.511
arm,1813,1.553
arm,1814,1.553
arm,1815,1.553
arm,1816,1.553
arm,1817,1.553
arm,1818,1.553
arm,1819,1.553
arm,1820,1.597
arm,1821,1.597
arm,1822,1.597
arm,1823,1.597
arm,1824,1.642
arm,1825,1.642
arm,1826,1.642
arm,1827,1.642
arm,1828,1.688
arm,1829,1.688
arm,1830,1.688
arm,1831,1.736
arm,1832,1.736
arm,1833,1.735
arm,1834,1.735
arm,1835,1.784
arm,1836,1.784
arm,1837,1.784
arm,1838,1.835
arm,1839,1.834
arm,1840,1.834
arm,1841,1.886
arm,1842,1.886
arm,1843,1.886
arm,1844,1.886
arm,1845,1.973
arm,1846,1.983
arm,1847,1.993
arm,1848,2.057
arm,1849,2.012
arm,1850,1.967
arm,1851,1.984
arm,1852,1.981
arm,1853,2.415
arm,1854,2.387
arm,1855,2.495
arm,1856,2.514
arm,1857,3.02
arm,1858,2.52
arm,1859,2.108
arm,1860,1.954
arm,1861,2.15
arm,1862,2.509
arm,1863,2.369
arm,1864,2.435
arm,1865,2.044
arm,1866,2.52
arm,1867,2.629
arm,1868,2.765
arm,1869,2.792
arm,1870,2.881
arm,1871,2.881
arm,1872,2.868
arm,1873,2.906
arm,1874,2.773
arm,1875,2.711
arm,1876,2.339
arm,1877,2.717
arm,1878,2.716
arm,1879,2.816
arm,1880,2.868
arm,1881,2.51
arm,1882,2.491
arm,1883,2.631
arm,1884,2.688
arm,1885,4.139
arm,1886,3.412
arm,1887,3.556
arm,1888,3.445
arm,1889,3.271
arm,1890,3.213
arm,1891,2.965
arm,1892,3.263
arm,1893,3.595
arm,1894,4.171
arm,1895,3.864
arm,1896,4.308
arm,1897,4.218
arm,1898,4.334
arm,1899,4.667
arm,1900,4.496
arm,1901,4.632
arm,1902,5.048
arm,1903,4.767
arm,1904,5.17
arm,1905,4.563
arm,1906,4.308
arm,1907,4.191
arm,1908,4.312
arm,1909,4.522
arm,1910,4.779
arm,1911,4.431
arm,1912,4.815
arm,1913,5.088
arm,1914,5.108
arm,1915,5.206
arm,1916,5.142
arm,1917,4.33
arm,1918,3.718
arm,1919,3.076
arm,1920,3.001
arm,1921,2.851
arm,1922,3.092
arm,1923,3.353
arm,1924,3.614
arm,1925,3.919
arm,1926,4.249
arm,1927,4.589
arm,1928,5.118
arm,1929,5.538
arm,1930,5.683
arm,1931,5.856
arm,1932,5.733
arm,1933,6.046
arm,1934,6.464
arm,1935,7.441
arm,1936,7.876
arm,1937,8.557
arm,1938,8.603
arm,1939,9.004
arm,1940,8.596
arm,1941,8.392
arm,1942,8.158
arm,1943,8.011
arm,1944,7.772
arm,1945,7.804
arm,1946,7.571
arm,1947,8.408
arm,1948,9.534
arm,1949,10.301
arm,1950,11.113
arm,1951,10.841
arm,1952,11.388
arm,1953,11.695
arm,1954,12.019
arm,1955,12.688
arm,1956,13.765
arm,1957,13.776
arm,1958,14.492
arm,1959,14.131
arm,1960,15.244
arm,1961,15.64
arm,1962,15.67
arm,1963,14.832
arm,1964,16.472
arm,1965,16.909
arm,1966,17.39
arm,1967,17.87
arm,1968,18.906
arm,1969,18.905
arm,1970,19.956
arm,1971,19.941
arm,1972,19.391
arm,1973,20.476
arm,1974,20.462
arm,1975,19.887
arm,1976,19.321
arm,1977,19.302
arm,1978,18.75
arm,1979,18.214
arm,1980,18.193
arm,1981,17.922
arm,1982,18.183
arm,1983,18.12
arm,1984,18.472
arm,1985,18.826
arm,1986,18.464
arm,1987,17.213
arm,1988,16.174
arm,1989,18.117
arm,1990,16.465
arm,1991,14.002
arm,1992,8.192
arm,1993,7.522
arm,1994,8.045
arm,1995,8.659
arm,1996,9.11
arm,1997,9.364
arm,1998,11.007
arm,1999,11.23
arm,2000,11.678
arm,2001,13.0
arm,2002,14.745
arm,2003,17.138
arm,2004,17.598
arm,2005,20.265
arm,2006,25.711
arm,2007,28.715
arm,2008,31.335
arm,2009,27.373
arm,2010,27.669
arm,2011,29.144
arm,2012,31.533
arm,2013,33.107
arm,2014,33.124
arm,2015,34.627
arm,2016,35.634
arm,2017,35.769
arm,2018,37.451
arm,2019,43.206
arm,2020,42.354
arm,2021,43.288
arm,2022,49.441
arm,2023,50.721
arm,2024,52.281
arm,2025,55.232
arm,2026,60.602
arm,2027,63.143
arm,2028,67.287
arm,2029,69.959
arm,2030,73.978
arm,2031,75.944
arm,2032,75.91
arm,2033,77.858
arm,2034,79.913
arm,2035,81.973
arm,2036,81.778
arm,2037,83.882
arm,2038,86.036
arm,2039,85.806
arm,2040,87.817
arm,2041,89.859
arm,2042,89.693
arm,2043,92.014
arm,2044,94.355
arm,2045,96.839
arm,2046,96.549
arm,2047,98.851
arm,2048,98.586
arm,2049,100.928
arm,2050,103.387
arm,2051,103.102
arm,2052,105.809
arm,2053,108.436
arm,2054,108.14
arm,2055,110.877
arm,2056,110.651
arm,2057,113.472
arm,2058,116.205
arm,2059,115.928
arm,2060,118.768
arm,2061,118.371
arm,2062,121.482
arm,2063,121.161
arm,2064,124.24
arm,2065,124.133
arm,2066,127.308
arm,2067,127.124
arm,2068,130.008
arm,2069,130.057
arm,2070,131.288
arm,2071,129.913
arm,2072,132.655
arm,2073,132.168
arm,2074,134.37
arm,2075,133.608
arm,2076,136.788
arm,2077,137.316
arm,2078,141.411
arm,2079,140.868
arm,2080,144.857
arm,2081,144.915
arm,2082,144.736
arm,2083,148.427
arm,2084,148.055
arm,2085,152.1
arm,2086,151.733
arm,2087,151.303
arm,2088,155.169
arm,2089,155.082
arm,2090,155.05
arm,2091,160.009
arm,2092,159.711
arm,2093,158.843
arm,2094,162.93
arm,2095,162.602
arm,2096,162.222
arm,2097,166.302
arm,2098,165.984
arm,2099,165.671
arm,2100,169.838
aus,1800,2.364
aus,1801,2.431
aus,1802,2.431
aus,1803,2.431
aus,1804,2.431
aus,1805,2.499
aus,1806,2.499
aus,1807,2.499
aus,1808,2.499
aus,1809,2.499
aus,1810,2.57
aus,1811,2.57
aus,1812,2.57
aus,1813,2.57
aus,1814,2.57
aus,1815,2.642
aus,1816,2.642
aus,1817,2.642
aus,1818,2.642
aus,1819,2.642
aus,1820,2.793
aus,1821,2.793
aus,1822,2.875
aus,1823,2.956
aus,1824,3.124
aus,1825,3.303
aus,1826,3.303
aus,1827,3.491
aus,1828,3.491
aus,1829,3.689
aus,1830,4.475
aus,1831,4.731
aus,1832,4.751
aus,1833,4.751
aus,1834,5.059
aus,1835,6.197
aus,1836,6.197
aus,1837,6.371
aus,1838,6.371
aus,1839,5.848
aus,1840,7.436
aus,1841,6.371
aus,1842,5.848
aus,1843,6.735
aus,1844,7.645
aus,1845,7.729
aus,1846,8.2
aus,1847,9.639
aus,1848,10.749
aus,1849,10.624
aus,1850,10.027
aus,1851,11.199
aus,1852,12.89
aus,1853,13.805
aus,1854,12.443
aus,1855,11.789
aus,1856,14.049
aus,1857,13.632
aus,1858,14.249
aus,1859,19.47
aus,1860,20.484
aus,1861,16.161
aus,1862,14.816
aus,1863,13.532
aus,1864,13.65
aus,1865,12.674
aus,1866,13.009
aus,1867,14.289
aus,1868,14.76
aus,1869,14.381
aus,1870,15.197
aus,1871,15.171
aus,1872,16.705
aus,1873,18.294
aus,1874,18.427
aus,1875,19.915
aus,1876,20.278
aus,1877,23.312
aus,1878,26.106
aus,1879,25.632
aus,1880,23.548
aus,1881,22.098
aus,1882,19.339
aus,1883,20.618
aus,1884,20.517
aus,1885,22.685
aus,1886,24.519
aus,1887,26.651
aus,1888,25.532
aus,1889,25.86
aus,1890,24.321
aus,1891,25.401
aus,1892,21.316
aus,1893,19.829
aus,1894,19.706
aus,1895,18.509
aus,1896,19.322
aus,1897,18.478
aus,1898,20.514
aus,1899,20.413
aus,1900,21.406
aus,1901,20.91
aus,1902,20.91
aus,1903,22.474
aus,1904,23.64
aus,1905,23.728
aus,1906,25.15
aus,1907,25.22
aus,1908,25.837
aus,1909,27.269
aus,1910,28.643
aus,1911,27.714
aus,1912,27.539
aus,1913,26.814
aus,1914,26.767
aus,1915,25.938
aus,1916,24.593
aus,1917,24.824
aus,1918,23.843
aus,1919,25.212
aus,1920,26.627
aus,1921,27.331
aus,1922,28.126
aus,1923,29.14
aus,1924,29.929
aus,1925,30.457
aus,1926,29.859
aus,1927,29.543
aus,1928,29.057
aus,1929,28.656
aus,1930,25.716
aus,1931,24.275
aus,1932,25.627
aus,1933,26.954
aus,1934,28.021
aus,1935,30.447
aus,1936,28.827
aus,1937,30.008
aus,1938,32.149
aus,1939,32.099
aus,1940,32.212
aus,1941,36.317
aus,1942,41.169
aus,1943,41.083
aus,1944,38.421
aus,1945,36.328
aus,1946,34.234
aus,1947,35.001
aus,1948,35.469
aus,1949,37.486
aus,1950,39.224
aus,1951,38.642
aus,1952,37.06
aus,1953,37.244
aus,1954,39.291
aus,1955,41.193
aus,1956,41.04
aus,1957,40.796
aus,1958,41.668
aus,1959,42.468
aus,1960,43.377
aus,1961,41.9
aus,1962,43.92
aus,1963,44.766
aus,1964,46.978
aus,1965,48.101
aus,1966,49.215
aus,1967,50.292
aus,1968,53.296
aus,1969,54.813
aus,1970,56.072
aus,1971,57.266
aus,1972,56.871
aus,1973,58.087
aus,1974,59.339
aus,1975,58.955
aus,1976,60.237
aus,1977,59.842
aus,1978,61.116
aus,1979,62.426
aus,1980,62.014
aus,1981,65.871
aus,1982,66.367
aus,1983,65.88
aus,1984,70.26
aus,1985,73.96
aus,1986,76.099
aus,1987,79.111
aus,1988,83.04
aus,1989,87.296
aus,1990,89.914
aus,1991,87.858
aus,1992,88.669
aus,1993,92.095
aus,1994,94.488
aus,1995,97.48
aus,1996,99.425
aus,1997,101.732
aus,1998,105.528
aus,1999,109.686
aus,2000,112.405
aus,2001,113.03
aus,2002,115.95
aus,2003,117.322
aus,2004,121.973
aus,2005,122.322
aus,2006,123.382
aus,2007,124.115
aus,2008,124.543
aus,2009,125.23
aus,2010,125.674
aus,2011,127.761
aus,2012,130.081
aus,2013,130.978
aus,2014,133.162
aus,2015,134.994
aus,2016,139.049
aus,2017,139.051
aus,2018,140.259
aus,2019,147.652
aus,2020,151.868
aus,2021,155.63
aus,2022,161.731
aus,2023,165.2
aus,2024,164.426
aus,2025,168.446
aus,2026,177.678
aus,2027,179.867
aus,2028,186.525
aus,2029,187.28
aus,2030,195.13
aus,2031,193.613
aus,2032,192.149
aus,2033,196.123
aus,2034,194.655
aus,2035,198.607
aus,2036,197.35
aus,2037,195.984
aus,2038,200.046
aus,2039,198.615
aus,2040,197.25
aus,2041,201.411
aus,2042,200.106
aus,2043,198.699
aus,2044,202.955
aus,2045,201.668
aus,2046,200.342
aus,2047,204.762
aus,2048,203.508
aus,2049,202.382
aus,2050,201.18
aus,2051,205.624
aus,2052,204.409
aus,2053,203.218
aus,2054,207.759
aus,2055,206.577
aus,2056,205.455
aus,2057,204.255
aus,2058,209.001
aus,2059,207.917
aus,2060,206.855
aus,2061,205.815
aus,2062,204.74
aus,2063,209.587
aus,2064,208.587
aus,2065,207.607
aus,2066,206.647
aus,2067,211.486
aus,2068,210.537
aus,2069,209.499
aus,2070,208.587
aus,2071,207.693
aus,2072,206.819
aus,2073,211.748
aus,2074,210.884
aus,2075,210.037
aus,2076,209.207
aus,2077,208.524
aus,2078,213.567
aus,2079,212.768
aus,2080,211.984
aus,2081,211.216
aus,2082,210.461
aus,2083,209.722
aus,2084,208.997
aus,2085,214.14
aus,2086,213.423
aus,2087,212.798
aus,2088,212.107
aus,2089,211.431
aus,2090,210.769
aus,2091,210.695
aus,2092,209.929
aus,2093,215.19
aus,2094,214.564
aus,2095,213.948
aus,2096,213.343
aus,2097,212.634
aus,2098,212.049
aus,2099,211.479
aus,2100,210.918
aut,1800,4.686
aut,1801,4.721
aut,1802,4.721
aut,1803,4.721
aut,1804,4.721
aut,1805,4.721
aut,1806,4.854
aut,1807,4.854
aut,1808,4.854
aut,1809,4.854
aut,1810,4.854
aut,1811,4.854
aut,1812,5.018
aut,1813,4.996
aut,1814,4.996
aut,1815,5.137
aut,1816,5.214
aut,1817,5.273
aut,1818,5.535
aut,1819,5.608
aut,1820,5.97
aut,1821,6.09
aut,1822,6.09
aut,1823,6.252
aut,1824,6.222
aut,1825,6.375
aut,1826,6.228
aut,1827,6.451
aut,1828,6.376
aut,1829,6.645
aut,1830,7.561
aut,1831,7.905
aut,1832,7.372
aut,1833,5.822
aut,1834,5.848
aut,1835,5.596
aut,1836,5.902
aut,1837,7.498
aut,1838,9.365
aut,1839,10.816
aut,1840,9.908
aut,1841,9.456
aut,1842,7.38
aut,1843,7.257
aut,1844,7.836
aut,1845,8.152
aut,1846,8.113
aut,1847,8.376
aut,1848,8.231
aut,1849,8.343
aut,1850,8.394
aut,1851,8.541
aut,1852,8.488
aut,1853,8.46
aut,1854,8.698
aut,1855,8.697
aut,1856,8.698
aut,1857,8.698
aut,1858,8.942
aut,1859,8.942
aut,1860,8.942
aut,1861,8.942
aut,1862,8.923
aut,1863,9.174
aut,1864,9.161
aut,1865,9.21
aut,1866,9.191
aut,1867,9.168
aut,1868,9.168
aut,1869,9.426
aut,1870,9.426
aut,1871,9.937
aut,1872,9.96
aut,1873,9.734
aut,1874,10.004
aut,1875,10.026
aut,1876,10.079
aut,1877,10.403
aut,1878,10.765
aut,1879,10.786
aut,1880,10.856
aut,1881,11.232
aut,1882,11.253
aut,1883,11.59
aut,1884,11.988
aut,1885,11.709
aut,1886,12.205
aut,1887,12.852
aut,1888,12.879
aut,1889,12.512
aut,1890,13.278
aut,1891,13.726
aut,1892,13.797
aut,1893,13.818
aut,1894,14.331
aut,1895,14.622
aut,1896,14.644
aut,1897,15.001
aut,1898,15.478
aut,1899,16.004
aut,1900,15.962
aut,1901,15.549
aut,1902,16.134
aut,1903,16.2
aut,1904,16.239
aut,1905,17.128
aut,1906,17.718
aut,1907,18.503
aut,1908,18.698
aut,1909,18.25
aut,1910,18.322
aut,1911,18.878
aut,1912,19.607
aut,1913,19.302
aut,1914,16.061
aut,1915,15.249
aut,1916,14.849
aut,1917,14.866
aut,1918,14.475
aut,1919,12.735
aut,1920,13.635
aut,1921,15.36
aut,1922,16.245
aut,1923,16.328
aut,1924,18.066
aut,1925,19.138
aut,1926,19.7
aut,1927,20.305
aut,1928,20.813
aut,1929,21.426
aut,1930,20.269
aut,1931,18.727
aut,1932,16.851
aut,1933,16.357
aut,1934,16.415
aut,1935,16.895
aut,1936,17.373
aut,1937,18.416
aut,1938,20.499
aut,1939,23.729
aut,1940,23.086
aut,1941,24.371
aut,1942,22.947
aut,1943,23.518
aut,1944,24.069
aut,1945,9.988
aut,1946,11.109
aut,1947,12.382
aut,1948,15.91
aut,1949,19.396
aut,1950,21.442
aut,1951,22.069
aut,1952,22.604
aut,1953,23.451
aut,1954,26.667
aut,1955,29.235
aut,1956,30.125
aut,1957,31.826
aut,1958,32.489
aut,1959,33.303
aut,1960,36.148
aut,1961,38.019
aut,1962,38.833
aut,1963,39.475
aut,1964,41.456
aut,1965,42.38
aut,1966,44.577
aut,1967,45.735
aut,1968,46.972
aut,1969,49.404
aut,1970,53.384
aut,1971,56.109
aut,1972,58.91
aut,1973,60.233
aut,1974,63.347
aut,1975,63.213
aut,1976,66.633
aut,1977,69.905
aut,1978,69.411
aut,1979,72.958
aut,1980,72.554
aut,1981,75.051
aut,1982,79.958
aut,1983,84.49
aut,1984,86.051
aut,1985,90.119
aut,1986,92.855
aut,1987,95.216
aut,1988,100.215
aut,1989,106.043
aut,1990,113.225
aut,1991,116.436
aut,1992,118.684
aut,1993,119.023
aut,1994,119.761
aut,1995,127.511
aut,1996,129.64
aut,1997,132.162
aut,1998,134.486
aut,1999,146.455
aut,2000,146.565
aut,2001,148.528
aut,2002,152.033
aut,2003,152.716
aut,2004,154.148
aut,2005,161.712
aut,2006,161.138
aut,2007,169.047
aut,2008,175.511
aut,2009,167.39
aut,2010,170.73
aut,2011,173.042
aut,2012,174.265
aut,2013,171.684
aut,2014,174.527
aut,2015,177.797
aut,2016,176.23
aut,2017,181.674
aut,2018,181.964
aut,2019,182.431
aut,2020,177.31
aut,2021,181.746
aut,2022,189.772
aut,2023,185.873
aut,2024,178.717
aut,2025,182.359
aut,2026,186.817
aut,2027,195.259
aut,2028,196.674
aut,2029,203.032
aut,2030,206.577
aut,2031,205.019
aut,2032,210.011
aut,2033,208.615
aut,2034,207.172
aut,2035,211.544
aut,2036,210.056
aut,2037,208.665
aut,2038,213.137
aut,2039,211.769
aut,2040,210.435
aut,2041,215.006
aut,2042,213.774
aut,2043,212.492
aut,2044,211.237
aut,2045,215.915
aut,2046,214.683
aut,2047,213.476
aut,2048,212.297
aut,2049,216.971
aut,2050,215.809
aut,2051,214.673
aut,2052,213.562
aut,2053,218.301
aut,2054,217.205
aut,2055,216.133
aut,2056,215.084
aut,2057,220.076
aut,2058,219.045
aut,2059,218.036
aut,2060,217.05
aut,2061,216.086
aut,2062,221.191
aut,2063,220.371
aut,2064,219.444
aut,2065,218.539
aut,2066,217.654
aut,2067,216.787
aut,2068,221.99
aut,2069,221.138
aut,2070,220.17
aut,2071,219.353
aut,2072,218.425
aut,2073,217.64
aut,2074,223.333
aut,2075,222.38
aut,2076,221.626
aut,2077,220.89
aut,2078,220.169
aut,2079,219.463
aut,2080,218.772
aut,2081,224.228
aut,2082,223.332
aut,2083,222.658
aut,2084,221.997
aut,2085,221.281
aut,2086,220.648
aut,2087,220.028
aut,2088,219.42
aut,2089,225.2
aut,2090,224.169
aut,2091,223.609
aut,2092,223.031
aut,2093,222.467
aut,2094,221.914
aut,2095,221.053
aut,2096,220.517
aut,2097,219.993
aut,2098,219.48
aut,2099,224.574
aut,2100,224.091
aze,1800,1.352
aze,1801,1.352
aze,1802,1.352
aze,1803,1.352
aze,1804,1.352
aze,1805,1.352
aze,1806,1.352
aze,1807,1.352
aze,1808,1.352
aze,1809,1.352
aze,1810,1.352
aze,1811,1.352
aze,1812,1.352
aze,1813,1.352
aze,1814,1.352
aze,1815,1.352
aze,1816,1.352
aze,1817,1.352
aze,1818,1.352
aze,1819,1.352
aze,1820,1.352
aze,1821,1.352
aze,1822,1.352
aze,1823,1.39
aze,1824,1.39
aze,1825,1.39
aze,1826,1.39
aze,1827,1.39
aze,1828,1.429
aze,1829,1.429
aze,1830,1.429
aze,1831,1.429
aze,1832,1.429
aze,1833,1.47
aze,1834,1.47
aze,1835,1.47
aze,1836,1.469
aze,1837,1.47
aze,1838,1.47
aze,1839,1.511
aze,1840,1.511
aze,1841,1.511
aze,1842,1.511
aze,1843,1.511
aze,1844,1.553
aze,1845,1.553
aze,1846,1.553
aze,1847,1.553
aze,1848,1.553
aze,1849,1.597
aze,1850,1.597
aze,1851,1.597
aze,1852,1.597
aze,1853,1.597
aze,1854,1.642
aze,1855,1.642
aze,1856,1.642
aze,1857,1.642
aze,1858,1.642
aze,1859,1.688
aze,1860,1.688
aze,1861,1.688
aze,1862,1.688
aze,1863,1.688
aze,1864,1.736
aze,1865,1.735
aze,1866,1.736
aze,1867,1.736
aze,1868,1.736
aze,1869,1.784
aze,1870,1.784
aze,1871,1.784
aze,1872,1.8
aze,1873,1.815
aze,1874,1.882
aze,1875,1.898
aze,1876,1.948
aze,1877,1.982
aze,1878,2.045
aze,1879,2.154
aze,1880,2.168
aze,1881,2.226
aze,1882,2.384
aze,1883,2.563
aze,1884,2.78
aze,1885,3.016
aze,1886,2.917
aze,1887,3.446
aze,1888,3.353
aze,1889,3.087
aze,1890,3.088
aze,1891,2.859
aze,1892,3.112
aze,1893,3.482
aze,1894,4.001
aze,1895,3.694
aze,1896,4.128
aze,1897,4.022
aze,1898,4.135
aze,1899,4.385
aze,1900,4.254
aze,1901,4.373
aze,1902,4.732
aze,1903,4.27
aze,1904,4.695
aze,1905,4.091
aze,1906,3.982
aze,1907,3.771
aze,1908,4.2
aze,1909,4.281
aze,1910,4.439
aze,1911,3.969
aze,1912,4.192
aze,1913,4.379
aze,1914,4.164
aze,1915,4.386
aze,1916,3.995
aze,1917,3.538
aze,1918,2.196
aze,1919,1.914
aze,1920,1.917
aze,1921,1.766
aze,1922,2.031
aze,1923,2.337
aze,1924,3.003
aze,1925,3.753
aze,1926,4.199
aze,1927,4.444
aze,1928,4.723
aze,1929,4.776
aze,1930,5.035
aze,1931,5.037
aze,1932,5.039
aze,1933,5.145
aze,1934,5.587
aze,1935,6.482
aze,1936,6.979
aze,1937,7.686
aze,1938,7.583
aze,1939,7.973
aze,1940,7.329
aze,1941,7.105
aze,1942,7.058
aze,1943,6.895
aze,1944,6.724
aze,1945,6.754
aze,1946,6.581
aze,1947,7.377
aze,1948,8.524
aze,1949,9.384
aze,1950,10.554
aze,1951,10.722
aze,1952,11.106
aze,1953,11.56
aze,1954,12.395
aze,1955,13.238
aze,1956,14.529
aze,1957,14.478
aze,1958,15.148
aze,1959,14.587
aze,1960,15.689
aze,1961,16.141
aze,1962,16.659
aze,1963,15.812
aze,1964,17.718
aze,1965,18.791
aze,1966,19.552
aze,1967,20.167
aze,1968,21.373
aze,1969,21.421
aze,1970,23.326
aze,1971,23.373
aze,1972,23.443
aze,1973,25.532
aze,1974,25.587
aze,1975,25.669
aze,1976,25.727
aze,1977,25.83
aze,1978,25.927
aze,1979,26.006
aze,1980,26.079
aze,1981,27.266
aze,1982,28.1
aze,1983,29.178
aze,1984,30.864
aze,1985,31.072
aze,1986,31.78
aze,1987,32.845
aze,1988,34.126
aze,1989,30.882
aze,1990,27.787
aze,1991,26.351
aze,1992,20.746
aze,1993,15.575
aze,1994,12.273
aze,1995,10.677
aze,1996,10.739
aze,1997,11.407
aze,1998,12.006
aze,1999,12.932
aze,2000,13.87
aze,2001,15.045
aze,2002,18.175
aze,2003,19.737
aze,2004,21.22
aze,2005,26.617
aze,2006,35.448
aze,2007,44.092
aze,2008,47.656
aze,2009,50.527
aze,2010,52.691
aze,2011,50.775
aze,2012,51.047
aze,2013,53.413
aze,2014,54.421
aze,2015,54.471
aze,2016,51.865
aze,2017,51.493
aze,2018,51.871
aze,2019,52.624
aze,2020,50.227
aze,2021,52.939
aze,2022,55.087
aze,2023,56.117
aze,2024,58.678
aze,2025,61.148
aze,2026,65.228
aze,2027,66.076
aze,2028,68.786
aze,2029,69.219
aze,2030,70.862
aze,2031,72.53
aze,2032,74.242
aze,2033,73.905
aze,2034,75.627
aze,2035,77.384
aze,2036,79.175
aze,2037,81.002
aze,2038,80.628
aze,2039,82.48
aze,2040,84.368
aze,2041,86.295
aze,2042,88.26
aze,2043,87.797
aze,2044,89.794
aze,2045,91.85
aze,2046,93.924
aze,2047,93.415
aze,2048,95.564
aze,2049,97.711
aze,2050,99.904
aze,2051,99.348
aze,2052,101.582
aze,2053,103.852
aze,2054,106.215
aze,2055,105.617
aze,2056,107.972
aze,2057,110.377
aze,2058,109.749
aze,2059,112.193
aze,2060,114.681
aze,2061,113.997
aze,2062,116.526
aze,2063,119.169
aze,2064,118.489
aze,2065,121.124
aze,2066,123.819
aze,2067,123.114
aze,2068,125.847
aze,2069,125.133
aze,2070,127.971
aze,2071,130.828
aze,2072,130.176
aze,2073,133.088
aze,2074,132.348
aze,2075,135.324
aze,2076,134.579
aze,2077,137.605
aze,2078,140.703
aze,2079,139.94
aze,2080,143.1
aze,2081,142.285
aze,2082,145.544
aze,2083,144.776
aze,2084,148.066
aze,2085,147.297
aze,2086,150.655
aze,2087,149.85
aze,2088,153.28
aze,2089,152.598
aze,2090,156.003
aze,2091,155.258
aze,2092,154.478
aze,2093,158.051
aze,2094,157.2
aze,2095,161.115
aze,2096,160.377
aze,2097,163.993
aze,2098,163.311
aze,2099,162.569
aze,2100,166.268
bhs,1800,4.562
bhs,1801,4.562
bhs,1802,4.562
bhs,1803,4.561
bhs,1804,4.561
bhs,1805,4.561
bhs,1806,4.561
bhs,1807,4.561
bhs,1808,4.561
bhs,1809,4.561
bhs,1810,4.561
bhs,1811,4.561
bhs,1812,4.561
bhs,1813,4.561
bhs,1814,4.561
bhs,1815,4.561
bhs,1816,4.561
bhs,1817,4.561
bhs,1818,4.561
bhs,1819,4.561
bhs,1820,4.561
bhs,1821,4.689
bhs,1822,4.69
bhs,1823,4.689
bhs,1824,4.689
bhs,1825,4.821
bhs,1826,4.821
bhs,1827,4.821
bhs,1828,4.822
bhs,1829,4.822
bhs,1830,4.957
bhs,1831,4.957
bhs,1832,4.957
bhs,1833,4.956
bhs,1834,5.097
bhs,1835,5.096
bhs,1836,5.096
bhs,1837,5.096
bhs,1838,5.197
bhs,1839,5.197
bhs,1840,5.198
bhs,1841,5.197
bhs,1842,5.344
bhs,1843,5.343
bhs,1844,5.343
bhs,1845,5.352
bhs,1846,5.503
bhs,1847,5.483
bhs,1848,5.492
bhs,1849,5.491
bhs,1850,5.627
bhs,1851,5.629
bhs,1852,5.629
bhs,1853,5.629
bhs,1854,5.787
bhs,1855,5.787
bhs,1856,5.787
bhs,1857,5.787
bhs,1858,5.949
bhs,1859,5.95
bhs,1860,5.951
bhs,1861,5.951
bhs,1862,5.95
bhs,1863,6.118
bhs,1864,6.118
bhs,1865,6.117
bhs,1866,6.118
bhs,1867,6.29
bhs,1868,6.291
bhs,1869,6.218
bhs,1870,6.218
bhs,1871,6.392
bhs,1872,6.372
bhs,1873,6.33
bhs,1874,6.254
bhs,1875,6.426
bhs,1876,6.401
bhs,1877,6.381
bhs,1878,6.417
bhs,1879,6.594
bhs,1880,6.572
bhs,1881,6.552
bhs,1882,6.522
bhs,1883,6.659
bhs,1884,6.637
bhs,1885,6.617
bhs,1886,6.587
bhs,1887,6.753
bhs,1888,6.725
bhs,1889,6.705
bhs,1890,6.683
bhs,1891,6.851
bhs,1892,6.823
bhs,1893,6.802
bhs,1894,6.781
bhs,1895,6.949
bhs,1896,6.905
bhs,1897,6.884
bhs,1898,6.861
bhs,1899,6.861
bhs,1900,7.068
bhs,1901,7.044
bhs,1902,6.965
bhs,1903,6.943
bhs,1904,7.117
bhs,1905,7.046
bhs,1906,7.025
bhs,1907,6.982
bhs,1908,7.1
bhs,1909,7.087
bhs,1910,7.068
bhs,1911,6.982
bhs,1912,7.159
bhs,1913,7.168
bhs,1914,7.38
bhs,1915,7.557
bhs,1916,7.964
bhs,1917,8.135
bhs,1918,8.227
bhs,1919,8.722
bhs,1920,8.927
bhs,1921,9.083
bhs,1922,9.403
bhs,1923,9.748
bhs,1924,10.116
bhs,1925,10.302
bhs,1926,10.87
bhs,1927,11.058
bhs,1928,11.407
bhs,1929,12.036
bhs,1930,12.333
bhs,1931,12.622
bhs,1932,13.43
bhs,1933,13.714
bhs,1934,14.098
bhs,1935,14.403
bhs,1936,15.115
bhs,1937,15.434
bhs,1938,15.838
bhs,1939,16.697
bhs,1940,17.156
bhs,1941,17.925
bhs,1942,18.239
bhs,1943,18.965
bhs,1944,19.337
bhs,1945,20.186
bhs,1946,20.469
bhs,1947,21.317
bhs,1948,22.235
bhs,1949,22.622
bhs,1950,23.71
bhs,1951,24.091
bhs,1952,25.228
bhs,1953,25.561
bhs,1954,26.675
bhs,1955,27.931
bhs,1956,28.211
bhs,1957,29.448
bhs,1958,29.876
bhs,1959,31.252
bhs,1960,31.762
bhs,1961,33.187
bhs,1962,34.723
bhs,1963,37.344
bhs,1964,39.093
bhs,1965,40.928
bhs,1966,42.813
bhs,1967,44.79
bhs,1968,46.825
bhs,1969,48.998
bhs,1970,44.749
bhs,1971,43.111
bhs,1972,40.414
bhs,1973,42.293
bhs,1974,34.522
bhs,1975,28.964
bhs,1976,29.486
bhs,1977,30.862
bhs,1978,34.145
bhs,1979,42.198
bhs,1980,42.973
bhs,1981,40.736
bhs,1982,40.752
bhs,1983,43.541
bhs,1984,46.583
bhs,1985,47.908
bhs,1986,49.579
bhs,1987,50.893
bhs,1988,53.214
bhs,1989,55.298
bhs,1990,57.421
bhs,1991,55.056
bhs,1992,52.781
bhs,1993,52.602
bhs,1994,53.571
bhs,1995,55.1
bhs,1996,56.637
bhs,1997,56.913
bhs,1998,58.882
bhs,1999,62.119
bhs,2000,64.009
bhs,2001,64.941
bhs,2002,65.902
bhs,2003,64.568
bhs,2004,63.965
bhs,2005,65.473
bhs,2006,66.195
bhs,2007,66.135
bhs,2008,64.088
bhs,2009,61.218
bhs,2010,61.456
bhs,2011,61.517
bhs,2012,64.643
bhs,2013,62.994
bhs,2014,63.745
bhs,2015,63.264
bhs,2016,63.246
bhs,2017,65.3
bhs,2018,66.337
bhs,2019,58.202
bhs,2020,54.738
bhs,2021,62.374
bhs,2022,72.071
bhs,2023,74.324
bhs,2024,77.826
bhs,2025,81.379
bhs,2026,83.706
bhs,2027,84.876
bhs,2028,85.843
bhs,2029,86.367
bhs,2030,87.929
bhs,2031,87.535
bhs,2032,89.576
bhs,2033,89.208
bhs,2034,91.283
bhs,2035,93.463
bhs,2036,93.077
bhs,2037,95.313
bhs,2038,94.919
bhs,2039,97.19
bhs,2040,96.796
bhs,2041,99.025
bhs,2042,98.621
bhs,2043,100.977
bhs,2044,103.39
bhs,2045,102.971
bhs,2046,105.437
bhs,2047,105.017
bhs,2048,107.677
bhs,2049,107.253
bhs,2050,109.835
bhs,2051,109.405
bhs,2052,108.982
bhs,2053,111.637
bhs,2054,111.21
bhs,2055,113.902
bhs,2056,113.666
bhs,2057,116.424
bhs,2058,115.995
bhs,2059,118.817
bhs,2060,118.38
bhs,2061,117.951
bhs,2062,120.83
bhs,2063,120.398
bhs,2064,119.982
bhs,2065,122.919
bhs,2066,122.523
bhs,2067,125.53
bhs,2068,125.095
bhs,2069,124.669
bhs,2070,127.741
bhs,2071,127.308
bhs,2072,126.889
bhs,2073,130.028
bhs,2074,129.805
bhs,2075,129.389
bhs,2076,132.372
bhs,2077,131.951
bhs,2078,131.533
bhs,2079,134.807
bhs,2080,134.388
bhs,2081,133.722
bhs,2082,133.311
bhs,2083,136.643
bhs,2084,135.933
bhs,2085,135.523
bhs,2086,135.106
bhs,2087,138.495
bhs,2088,138.086
bhs,2089,137.79
bhs,2090,137.395
bhs,2091,140.849
bhs,2092,140.452
bhs,2093,140.054
bhs,2094,139.666
bhs,2095,143.202
bhs,2096,142.815
bhs,2097,142.429
bhs,2098,142.052
bhs,2099,141.674
bhs,2100,145.279
bhr,1800,2.276
bhr,1801,2.276
bhr,1802,2.276
bhr,1803,2.276
bhr,1804,2.276
bhr,1805,2.276
bhr,1806,2.34
bhr,1807,2.34
bhr,1808,2.34
bhr,1809,2.34
bhr,1810,2.34
bhr,1811,2.34
bhr,1812,2.34
bhr,1813,2.405
bhr,1814,2.405
bhr,1815,2.406
bhr,1816,2.405
bhr,1817,2.405
bhr,1818,2.405
bhr,1819,2.473
bhr,1820,2.473
bhr,1821,2.473
bhr,1822,2.473
bhr,1823,2.473
bhr,1824,2.473
bhr,1825,2.508
bhr,1826,2.543
bhr,1827,2.543
bhr,1828,2.543
bhr,1829,2.543
bhr,1830,2.543
bhr,1831,2.543
bhr,1832,2.614
bhr,1833,2.614
bhr,1834,2.614
bhr,1835,2.614
bhr,1836,2.614
bhr,1837,2.614
bhr,1838,2.688
bhr,1839,2.688
bhr,1840,2.688
bhr,1841,2.688
bhr,1842,2.688
bhr,1843,2.688
bhr,1844,2.688
bhr,1845,2.763
bhr,1846,2.763
bhr,1847,2.763
bhr,1848,2.763
bhr,1849,2.763
bhr,1850,2.763
bhr,1851,2.841
bhr,1852,2.841
bhr,1853,2.841
bhr,1854,2.921
bhr,1855,2.921
bhr,1856,3.003
bhr,1857,3.003
bhr,1858,3.003
bhr,1859,3.088
bhr,1860,3.087
bhr,1861,3.174
bhr,1862,3.174
bhr,1863,3.174
bhr,1864,3.264
bhr,1865,3.264
bhr,1866,3.355
bhr,1867,3.355
bhr,1868,3.355
bhr,1869,3.449
bhr,1870,3.45
bhr,1871,3.547
bhr,1872,3.568
bhr,1873,3.689
bhr,1874,3.711
bhr,1875,3.733
bhr,1876,3.86
bhr,1877,3.884
bhr,1878,4.018
bhr,1879,4.043
bhr,1880,4.067
bhr,1881,4.208
bhr,1882,4.234
bhr,1883,4.38
bhr,1884,4.408
bhr,1885,4.436
bhr,1886,4.59
bhr,1887,4.62
bhr,1888,4.78
bhr,1889,4.811
bhr,1890,4.843
bhr,1891,5.012
bhr,1892,5.044
bhr,1893,5.466
bhr,1894,5.502
bhr,1895,5.692
bhr,1896,5.729
bhr,1897,5.766
bhr,1898,5.937
bhr,1899,5.976
bhr,1900,6.184
bhr,1901,6.224
bhr,1902,6.264
bhr,1903,6.306
bhr,1904,6.346
bhr,1905,6.388
bhr,1906,6.429
bhr,1907,6.47
bhr,1908,6.512
bhr,1909,6.553
bhr,1910,6.594
bhr,1911,6.636
bhr,1912,6.678
bhr,1913,6.721
bhr,1914,6.762
bhr,1915,6.804
bhr,1916,6.858
bhr,1917,6.901
bhr,1918,6.943
bhr,1919,6.984
bhr,1920,7.025
bhr,1921,7.068
bhr,1922,7.307
bhr,1923,7.349
bhr,1924,7.405
bhr,1925,7.447
bhr,1926,7.49
bhr,1927,7.742
bhr,1928,7.784
bhr,1929,7.828
bhr,1930,7.872
bhr,1931,7.915
bhr,1932,8.182
bhr,1933,8.225
bhr,1934,8.502
bhr,1935,9.035
bhr,1936,9.315
bhr,1937,9.608
bhr,1938,10.21
bhr,1939,10.529
bhr,1940,10.871
bhr,1941,11.442
bhr,1942,12.344
bhr,1943,13.07
bhr,1944,13.829
bhr,1945,14.588
bhr,1946,15.403
bhr,1947,16.205
bhr,1948,17.606
bhr,1949,18.639
bhr,1950,19.657
bhr,1951,20.717
bhr,1952,21.874
bhr,1953,23.108
bhr,1954,24.425
bhr,1955,25.794
bhr,1956,27.165
bhr,1957,28.674
bhr,1958,30.227
bhr,1959,31.087
bhr,1960,32.77
bhr,1961,33.608
bhr,1962,34.472
bhr,1963,36.242
bhr,1964,37.14
bhr,1965,39.071
bhr,1966,41.127
bhr,1967,43.256
bhr,1968,45.578
bhr,1969,49.314
bhr,1970,51.895
bhr,1971,53.137
bhr,1972,57.493
bhr,1973,62.214
bhr,1974,65.454
bhr,1975,56.787
bhr,1976,68.636
bhr,1977,72.246
bhr,1978,71.958
bhr,1979,71.66
bhr,1980,73.378
bhr,1981,75.993
bhr,1982,73.226
bhr,1983,68.527
bhr,1984,72.252
bhr,1985,75.092
bhr,1986,71.077
bhr,1987,71.01
bhr,1988,76.946
bhr,1989,81.465
bhr,1990,51.3
bhr,1991,56.876
bhr,1992,58.622
bhr,1993,62.066
bhr,1994,62.409
bhr,1995,63.973
bhr,1996,65.619
bhr,1997,67.045
bhr,1998,68.947
bhr,1999,70.58
bhr,2000,72.362
bhr,2001,131.728
bhr,2002,123.375
bhr,2003,119.601
bhr,2004,119.278
bhr,2005,119.63
bhr,2006,118.977
bhr,2007,119.357
bhr,2008,121.578
bhr,2009,118.348
bhr,2010,118.405
bhr,2011,128.283
bhr,2012,132.684
bhr,2013,134.777
bhr,2014,133.739
bhr,2015,131.626
bhr,2016,132.083
bhr,2017,130.877
bhr,2018,135.801
bhr,2019,142.697
bhr,2020,125.418
bhr,2021,131.091
bhr,2022,143.494
bhr,2023,143.599
bhr,2024,149.19
bhr,2025,154.266
bhr,2026,158.803
bhr,2027,161.154
bhr,2028,167.358
bhr,2029,172.852
bhr,2030,176.145
bhr,2031,174.72
bhr,2032,178.242
bhr,2033,176.837
bhr,2034,180.328
bhr,2035,178.932
bhr,2036,177.561
bhr,2037,181.171
bhr,2038,179.741
bhr,2039,178.407
bhr,2040,181.99
bhr,2041,180.665
bhr,2042,179.36
bhr,2043,183.091
bhr,2044,181.804
bhr,2045,180.571
bhr,2046,184.393
bhr,2047,183.142
bhr,2048,181.907
bhr,2049,185.781
bhr,2050,184.565
bhr,2051,183.371
bhr,2052,182.198
bhr,2053,186.137
bhr,2054,184.867
bhr,2055,183.723
bhr,2056,187.735
bhr,2057,186.603
bhr,2058,185.491
bhr,2059,184.388
bhr,2060,188.469
bhr,2061,187.386
bhr,2062,186.321
bhr,2063,185.276
bhr,2064,184.281
bhr,2065,188.422
bhr,2066,187.399
bhr,2067,186.394
bhr,2068,185.405
bhr,2069,184.436
bhr,2070,188.67
bhr,2071,187.705
bhr,2072,186.756
bhr,2073,185.825
bhr,2074,184.909
bhr,2075,189.18
bhr,2076,188.62
bhr,2077,187.729
bhr,2078,186.851
bhr,2079,185.987
bhr,2080,185.138
bhr,2081,189.483
bhr,2082,188.636
bhr,2083,187.837
bhr,2084,187.012
bhr,2085,186.201
bhr,2086,185.402
bhr,2087,184.615
bhr,2088,189.007
bhr,2089,188.221
bhr,2090,187.448
bhr,2091,186.684
bhr,2092,185.931
bhr,2093,185.189
bhr,2094,184.457
bhr,2095,183.735
bhr,2096,188.168
bhr,2097,187.447
bhr,2098,186.733
bhr,2099,186.065
bhr,2100,185.367
bgd,1800,2.017
bgd,1801,2.017
bgd,1802,2.017
bgd,1803,2.017
bgd,1804,2.017
bgd,1805,2.017
bgd,1806,2.017
bgd,1807,2.017
bgd,1808,2.017
bgd,1809,2.017
bgd,1810,2.017
bgd,1811,2.017
bgd,1812,2.017
bgd,1813,2.017
bgd,1814,2.017
bgd,1815,2.017
bgd,1816,2.017
bgd,1817,2.017
bgd,1818,2.017
bgd,1819,2.017
bgd,1820,2.017
bgd,1821,2.017
bgd,1822,2.017
bgd,1823,2.017
bgd,1824,2.017
bgd,1825,2.017
bgd,1826,2.017
bgd,1827,2.017
bgd,1828,2.017
bgd,1829,2.017
bgd,1830,2.017
bgd,1831,2.017
bgd,1832,2.017
bgd,1833,2.017
bgd,1834,2.017
bgd,1835,2.017
bgd,1836,2.017
bgd,1837,2.074
bgd,1838,2.074
bgd,1839,2.074
bgd,1840,2.074
bgd,1841,2.074
bgd,1842,2.074
bgd,1843,2.074
bgd,1844,2.074
bgd,1845,2.074
bgd,1846,2.074
bgd,1847,2.074
bgd,1848,2.074
bgd,1849,2.074
bgd,1850,2.074
bgd,1851,2.074
bgd,1852,2.074
bgd,1853,2.074
bgd,1854,2.074
bgd,1855,2.074
bgd,1856,2.074
bgd,1857,2.074
bgd,1858,2.074
bgd,1859,2.074
bgd,1860,2.074
bgd,1861,2.074
bgd,1862,2.074
bgd,1863,2.074
bgd,1864,2.074
bgd,1865,2.074
bgd,1866,2.074
bgd,1867,2.074
bgd,1868,2.074
bgd,1869,2.074
bgd,1870,2.074
bgd,1871,2.074
bgd,1872,2.083
bgd,1873,2.093
bgd,1874,2.103
bgd,1875,2.112
bgd,1876,2.122
bgd,1877,2.132
bgd,1878,2.142
bgd,1879,2.212
bgd,1880,2.222
bgd,1881,2.232
bgd,1882,2.242
bgd,1883,2.252
bgd,1884,2.262
bgd,1885,2.336
bgd,1886,2.282
bgd,1887,2.357
bgd,1888,2.434
bgd,1889,2.377
bgd,1890,2.455
bgd,1891,2.269
bgd,1892,2.408
bgd,1893,2.486
bgd,1894,2.567
bgd,1895,2.507
bgd,1896,2.317
bgd,1897,2.748
bgd,1898,2.758
bgd,1899,2.549
bgd,1900,2.631
bgd,1901,2.716
bgd,1902,2.882
bgd,1903,2.975
bgd,1904,2.987
bgd,1905,2.915
bgd,1906,2.926
bgd,1907,2.779
bgd,1908,2.79
bgd,1909,3.217
bgd,1910,3.229
bgd,1911,3.152
bgd,1912,3.164
bgd,1913,3.087
bgd,1914,3.274
bgd,1915,3.196
bgd,1916,3.298
bgd,1917,3.309
bgd,1918,2.89
bgd,1919,3.241
bgd,1920,2.992
bgd,1921,3.261
bgd,1922,3.364
bgd,1923,3.192
bgd,1924,3.385
bgd,1925,3.396
bgd,1926,3.503
bgd,1927,3.417
bgd,1928,3.525
bgd,1929,3.635
bgd,1930,3.644
bgd,1931,3.555
bgd,1932,3.565
bgd,1933,3.576
bgd,1934,3.488
bgd,1935,3.498
bgd,1936,3.607
bgd,1937,3.422
bgd,1938,3.431
bgd,1939,3.441
bgd,1940,3.546
bgd,1941,3.636
bgd,1942,3.627
bgd,1943,3.824
bgd,1944,3.814
bgd,1945,3.7
bgd,1946,3.491
bgd,1947,3.58
bgd,1948,3.57
bgd,1949,3.763
bgd,1950,3.55
bgd,1951,3.639
bgd,1952,3.629
bgd,1953,3.721
bgd,1954,3.71
bgd,1955,3.5
bgd,1956,3.792
bgd,1957,3.678
bgd,1958,3.567
bgd,1959,3.656
bgd,1960,3.853
bgd,1961,3.842
bgd,1962,3.826
bgd,1963,4.141
bgd,1964,4.123
bgd,1965,4.106
bgd,1966,4.089
bgd,1967,3.852
bgd,1968,4.169
bgd,1969,4.152
bgd,1970,4.251
bgd,1971,4.005
bgd,1972,3.377
bgd,1973,3.458
bgd,1974,3.742
bgd,1975,3.525
bgd,1976,3.711
bgd,1977,3.594
bgd,1978,3.783
bgd,1979,3.873
bgd,1980,3.857
bgd,1981,3.954
bgd,1982,4.086
bgd,1983,4.28
bgd,1984,4.474
bgd,1985,4.531
bgd,1986,4.638
bgd,1987,4.77
bgd,1988,4.866
bgd,1989,5.022
bgd,1990,5.422
bgd,1991,5.54
bgd,1992,5.767
bgd,1993,5.791
bgd,1994,5.869
bgd,1995,5.942
bgd,1996,6.027
bgd,1997,6.219
bgd,1998,6.491
bgd,1999,6.746
bgd,2000,6.992
bgd,2001,7.225
bgd,2002,7.54
bgd,2003,7.78
bgd,2004,8.113
bgd,2005,8.571
bgd,2006,9.085
bgd,2007,9.703
bgd,2008,10.281
bgd,2009,10.777
bgd,2010,11.291
bgd,2011,11.976
bgd,2012,12.685
bgd,2013,13.326
bgd,2014,13.986
bgd,2015,14.725
bgd,2016,15.656
bgd,2017,16.619
bgd,2018,17.809
bgd,2019,19.306
bgd,2020,19.771
bgd,2021,21.238
bgd,2022,22.465
bgd,2023,23.237
bgd,2024,23.614
bgd,2025,24.177
bgd,2026,26.269
bgd,2027,27.163
bgd,2028,28.804
bgd,2029,30.496
bgd,2030,31.509
bgd,2031,32.375
bgd,2032,32.338
bgd,2033,33.196
bgd,2034,34.085
bgd,2035,34.992
bgd,2036,35.93
bgd,2037,36.903
bgd,2038,37.879
bgd,2039,38.878
bgd,2040,38.837
bgd,2041,39.886
bgd,2042,40.961
bgd,2043,41.97
bgd,2044,43.101
bgd,2045,44.254
bgd,2046,45.368
bgd,2047,45.271
bgd,2048,46.455
bgd,2049,47.644
bgd,2050,48.913
bgd,2051,50.175
bgd,2052,51.468
bgd,2053,51.347
bgd,2054,52.734
bgd,2055,54.085
bgd,2056,55.467
bgd,2057,56.888
bgd,2058,58.393
bgd,2059,58.232
bgd,2060,59.709
bgd,2061,61.235
bgd,2062,62.782
bgd,2063,64.39
bgd,2064,64.206
bgd,2065,65.82
bgd,2066,67.574
bgd,2067,69.268
bgd,2068,71.003
bgd,2069,70.788
bgd,2070,72.556
bgd,2071,74.364
bgd,2072,76.315
bgd,2073,76.076
bgd,2074,77.967
bgd,2075,79.902
bgd,2076,81.883
bgd,2077,81.617
bgd,2078,83.655
bgd,2079,85.795
bgd,2080,85.511
bgd,2081,87.623
bgd,2082,89.786
bgd,2083,89.617
bgd,2084,91.828
bgd,2085,94.092
bgd,2086,93.77
bgd,2087,96.11
bgd,2088,98.477
bgd,2089,98.253
bgd,2090,100.674
bgd,2091,103.154
bgd,2092,102.804
bgd,2093,105.336
bgd,2094,107.93
bgd,2095,107.565
bgd,2096,110.195
bgd,2097,109.754
bgd,2098,112.445
bgd,2099,112.065
bgd,2100,114.953
brb,1800,2.971
brb,1801,2.971
brb,1802,2.971
brb,1803,2.971
brb,1804,2.971
brb,1805,2.971
brb,1806,2.971
brb,1807,2.971
brb,1808,2.971
brb,1809,2.971
brb,1810,2.971
brb,1811,2.971
brb,1812,2.971
brb,1813,2.971
brb,1814,2.971
brb,1815,2.971
brb,1816,2.971
brb,1817,2.971
brb,1818,2.971
brb,1819,2.97
brb,1820,2.971
brb,1821,2.971
brb,1822,3.055
brb,1823,3.054
brb,1824,3.054
brb,1825,3.054
brb,1826,3.118
brb,1827,3.118
brb,1828,3.118
brb,1829,3.118
brb,1830,3.118
brb,1831,3.206
brb,1832,3.206
brb,1833,3.206
brb,1834,3.203
brb,1835,3.288
brb,1836,3.265
brb,1837,3.265
brb,1838,3.265
brb,1839,3.334
brb,1840,3.334
brb,1841,3.334
brb,1842,3.334
brb,1843,3.428
brb,1844,3.403
brb,1845,3.401
brb,1846,3.401
brb,1847,3.497
brb,1848,3.48
brb,1849,3.48
brb,1850,3.471
brb,1851,3.569
brb,1852,3.569
brb,1853,3.569
brb,1854,3.568
brb,1855,3.669
brb,1856,3.669
brb,1857,3.669
brb,1858,3.684
brb,1859,3.787
brb,1860,3.788
brb,1861,3.788
brb,1862,3.787
brb,1863,3.787
brb,1864,3.894
brb,1865,3.884
brb,1866,3.884
brb,1867,3.893
brb,1868,4.002
brb,1869,4.002
brb,1870,4.014
brb,1871,4.014
brb,1872,4.15
brb,1873,4.172
brb,1874,4.195
brb,1875,4.218
brb,1876,4.36
brb,1877,4.364
brb,1878,4.372
brb,1879,4.414
brb,1880,4.562
brb,1881,4.587
brb,1882,4.62
brb,1883,4.645
brb,1884,4.801
brb,1885,4.827
brb,1886,4.852
brb,1887,4.878
brb,1888,5.041
brb,1889,5.068
brb,1890,5.094
brb,1891,5.121
brb,1892,5.292
brb,1893,5.319
brb,1894,5.369
brb,1895,5.396
brb,1896,5.575
brb,1897,5.603
brb,1898,5.63
brb,1899,5.658
brb,1900,5.686
brb,1901,5.873
brb,1902,5.901
brb,1903,5.929
brb,1904,5.957
brb,1905,6.153
brb,1906,6.182
brb,1907,6.21
brb,1908,6.239
brb,1909,6.442
brb,1910,6.471
brb,1911,6.5
brb,1912,6.529
brb,1913,6.758
brb,1914,6.787
brb,1915,7.006
brb,1916,7.035
brb,1917,7.263
brb,1918,7.293
brb,1919,7.53
brb,1920,7.56
brb,1921,7.805
brb,1922,7.833
brb,1923,8.085
brb,1924,8.117
brb,1925,8.377
brb,1926,8.41
brb,1927,8.442
brb,1928,8.713
brb,1929,8.741
brb,1930,9.02
brb,1931,9.066
brb,1932,9.354
brb,1933,9.387
brb,1934,9.42
brb,1935,9.719
brb,1936,9.748
brb,1937,10.056
brb,1938,10.09
brb,1939,10.408
brb,1940,10.442
brb,1941,10.422
brb,1942,10.693
brb,1943,10.671
brb,1944,10.649
brb,1945,10.921
brb,1946,10.898
brb,1947,11.179
brb,1948,11.154
brb,1949,11.13
brb,1950,11.417
brb,1951,11.711
brb,1952,12.013
brb,1953,12.667
brb,1954,12.993
brb,1955,13.7
brb,1956,14.445
brb,1957,15.231
brb,1958,15.621
brb,1959,16.469
brb,1960,16.892
brb,1961,18.308
brb,1962,19.281
brb,1963,18.68
brb,1964,19.667
brb,1965,20.14
brb,1966,21.203
brb,1967,23.602
brb,1968,25.538
brb,1969,27.646
brb,1970,30.774
brb,1971,31.519
brb,1972,31.389
brb,1973,31.26
brb,1974,29.447
brb,1975,29.328
brb,1976,30.878
brb,1977,31.614
brb,1978,32.37
brb,1979,35.033
brb,1980,35.869
brb,1981,36.127
brb,1982,35.315
brb,1983,36.365
brb,1984,37.893
brb,1985,38.697
brb,1986,40.962
brb,1987,41.862
brb,1988,44.184
brb,1989,46.731
brb,1990,46.74
brb,1991,45.369
brb,1992,42.86
brb,1993,43.361
brb,1994,44.47
brb,1995,44.004
brb,1996,45.231
brb,1997,47.27
brb,1998,48.297
brb,1999,49.134
brb,2000,51.031
brb,2001,49.777
brb,2002,50.056
brb,2003,49.811
brb,2004,51.174
brb,2005,51.778
brb,2006,54.115
brb,2007,53.999
brb,2008,54.417
brb,2009,52.621
brb,2010,51.008
brb,2011,51.517
brb,2012,50.929
brb,2013,49.836
brb,2014,49.784
brb,2015,48.039
brb,2016,48.309
brb,2017,47.957
brb,2018,47.243
brb,2019,47.586
brb,2020,41.62
brb,2021,41.961
brb,2022,48.309
brb,2023,49.94
brb,2024,51.284
brb,2025,54.007
brb,2026,57.099
brb,2027,57.825
brb,2028,60.056
brb,2029,60.309
brb,2030,59.252
brb,2031,60.687
brb,2032,62.153
brb,2033,63.646
brb,2034,65.202
brb,2035,64.942
brb,2036,66.495
brb,2037,68.084
brb,2038,69.718
brb,2039,71.375
brb,2040,71.071
brb,2041,72.755
brb,2042,74.473
brb,2043,76.228
brb,2044,75.894
brb,2045,77.679
brb,2046,79.503
brb,2047,81.367
brb,2048,80.992
brb,2049,82.884
brb,2050,84.824
brb,2051,86.799
brb,2052,86.391
brb,2053,88.402
brb,2054,90.458
brb,2055,90.029
brb,2056,92.12
brb,2057,94.257
brb,2058,93.806
brb,2059,95.98
brb,2060,98.217
brb,2061,97.744
brb,2062,100.001
brb,2063,99.519
brb,2064,101.823
brb,2065,104.184
brb,2066,103.698
brb,2067,106.097
brb,2068,108.565
brb,2069,108.04
brb,2070,110.548
brb,2071,110.077
brb,2072,112.65
brb,2073,112.107
brb,2074,114.713
brb,2075,114.164
brb,2076,116.823
brb,2077,119.539
brb,2078,118.974
brb,2079,121.754
brb,2080,121.184
brb,2081,124.011
brb,2082,123.441
brb,2083,126.327
brb,2084,125.78
brb,2085,128.851
brb,2086,128.271
brb,2087,127.965
brb,2088,130.982
brb,2089,130.408
brb,2090,133.488
brb,2091,132.907
brb,2092,136.056
brb,2093,135.476
brb,2094,134.898
brb,2095,138.104
brb,2096,137.607
brb,2097,140.902
brb,2098,140.632
brb,2099,140.066
brb,2100,143.444
blr,1800,2.264
blr,1801,2.264
blr,1802,2.264
blr,1803,2.265
blr,1804,2.265
blr,1805,2.265
blr,1806,2.264
blr,1807,2.264
blr,1808,2.264
blr,1809,2.264
blr,1810,2.264
blr,1811,2.264
blr,1812,2.264
blr,1813,2.264
blr,1814,2.264
blr,1815,2.264
blr,1816,2.264
blr,1817,2.264
blr,1818,2.265
blr,1819,2.265
blr,1820,2.265
blr,1821,2.264
blr,1822,2.264
blr,1823,2.332
blr,1824,2.332
blr,1825,2.332
blr,1826,2.332
blr,1827,2.332
blr,1828,2.398
blr,1829,2.398
blr,1830,2.398
blr,1831,2.398
blr,1832,2.465
blr,1833,2.465
blr,1834,2.465
blr,1835,2.465
blr,1836,2.465
blr,1837,2.534
blr,1838,2.534
blr,1839,2.534
blr,1840,2.534
blr,1841,2.534
blr,1842,2.606
blr,1843,2.605
blr,1844,2.606
blr,1845,2.606
blr,1846,2.606
blr,1847,2.679
blr,1848,2.674
blr,1849,2.674
blr,1850,2.675
blr,1851,2.675
blr,1852,2.772
blr,1853,2.772
blr,1854,2.772
blr,1855,2.772
blr,1856,2.849
blr,1857,2.85
blr,1858,2.85
blr,1859,2.849
blr,1860,2.85
blr,1861,2.96
blr,1862,2.96
blr,1863,2.96
blr,1864,2.96
blr,1865,2.96
blr,1866,3.043
blr,1867,3.046
blr,1868,3.046
blr,1869,3.046
blr,1870,3.046
blr,1871,3.132
blr,1872,3.146
blr,1873,3.211
blr,1874,3.225
blr,1875,3.329
blr,1876,3.36
blr,1877,3.373
blr,1878,3.386
blr,1879,3.399
blr,1880,3.508
blr,1881,3.521
blr,1882,3.534
blr,1883,3.546
blr,1884,3.558
blr,1885,3.671
blr,1886,3.485
blr,1887,4.13
blr,1888,3.921
blr,1889,3.721
blr,1890,3.734
blr,1891,3.301
blr,1892,3.757
blr,1893,4.21
blr,1894,4.851
blr,1895,4.478
blr,1896,4.881
blr,1897,4.895
blr,1898,5.048
blr,1899,5.351
blr,1900,5.22
blr,1901,5.379
blr,1902,5.934
blr,1903,5.427
blr,1904,6.131
blr,1905,5.288
blr,1906,5.157
blr,1907,4.891
blr,1908,5.329
blr,1909,5.664
blr,1910,6.041
blr,1911,5.532
blr,1912,6.067
blr,1913,6.426
blr,1914,6.092
blr,1915,6.276
blr,1916,5.579
blr,1917,4.867
blr,1918,2.923
blr,1919,2.55
blr,1920,2.556
blr,1921,2.358
blr,1922,2.715
blr,1923,3.127
blr,1924,4.067
blr,1925,5.085
blr,1926,5.692
blr,1927,6.066
blr,1928,6.247
blr,1929,6.433
blr,1930,6.631
blr,1931,6.829
blr,1932,6.652
blr,1933,6.85
blr,1934,7.665
blr,1935,8.605
blr,1936,9.365
blr,1937,10.224
blr,1938,10.236
blr,1939,10.561
blr,1940,9.949
blr,1941,9.986
blr,1942,9.749
blr,1943,9.518
blr,1944,9.288
blr,1945,9.067
blr,1946,8.852
blr,1947,9.929
blr,1948,11.175
blr,1949,12.224
blr,1950,13.001
blr,1951,13.029
blr,1952,13.444
blr,1953,13.875
blr,1954,14.344
blr,1955,15.25
blr,1956,16.229
blr,1957,16.267
blr,1958,17.238
blr,1959,16.806
blr,1960,17.805
blr,1961,18.349
blr,1962,18.393
blr,1963,17.933
blr,1964,19.536
blr,1965,20.7
blr,1966,21.333
blr,1967,21.986
blr,1968,23.296
blr,1969,23.352
blr,1970,25.439
blr,1971,25.5
blr,1972,25.562
blr,1973,27.848
blr,1974,27.915
blr,1975,27.983
blr,1976,28.84
blr,1977,28.909
blr,1978,29.792
blr,1979,29.864
blr,1980,30.778
blr,1981,31.291
blr,1982,32.339
blr,1983,33.657
blr,1984,34.451
blr,1985,34.489
blr,1986,35.105
blr,1987,35.216
blr,1988,34.784
blr,1989,36.804
blr,1990,35.366
blr,1991,34.742
blr,1992,31.188
blr,1993,28.597
blr,1994,22.151
blr,1995,21.459
blr,1996,22.043
blr,1997,23.437
blr,1998,25.581
blr,1999,26.76
blr,2000,28.165
blr,2001,29.716
blr,2002,31.58
blr,2003,34.069
blr,2004,38.983
blr,2005,42.909
blr,2006,46.933
blr,2007,50.736
blr,2008,56.916
blr,2009,57.161
blr,2010,61.349
blr,2011,64.93
blr,2012,67.891
blr,2013,67.874
blr,2014,68.87
blr,2015,67.194
blr,2016,65.014
blr,2017,67.454
blr,2018,67.774
blr,2019,70.24
blr,2020,69.798
blr,2021,72.073
blr,2022,69.966
blr,2023,76.116
blr,2024,85.87
blr,2025,87.928
blr,2026,86.033
blr,2027,85.947
blr,2028,85.86
blr,2029,88.173
blr,2030,90.638
blr,2031,92.835
blr,2032,95.107
blr,2033,97.429
blr,2034,97.067
blr,2035,99.395
blr,2036,101.77
blr,2037,104.216
blr,2038,106.725
blr,2039,106.302
blr,2040,108.839
blr,2041,111.403
blr,2042,114.092
blr,2043,113.597
blr,2044,116.291
blr,2045,119.043
blr,2046,121.876
blr,2047,121.34
blr,2048,124.166
blr,2049,127.086
blr,2050,130.017
blr,2051,129.427
blr,2052,132.484
blr,2053,135.551
blr,2054,134.894
blr,2055,138.043
blr,2056,141.218
blr,2057,140.556
blr,2058,143.896
blr,2059,147.245
blr,2060,146.561
blr,2061,149.969
blr,2062,153.455
blr,2063,152.953
blr,2064,156.439
blr,2065,160.076
blr,2066,159.298
blr,2067,163.014
blr,2068,162.242
blr,2069,166.035
blr,2070,165.294
blr,2071,169.088
blr,2072,172.99
blr,2073,172.166
blr,2074,176.764
blr,2075,175.979
blr,2076,180.091
blr,2077,179.163
blr,2078,183.398
blr,2079,182.699
blr,2080,186.978
blr,2081,186.129
blr,2082,191.623
blr,2083,191.08
blr,2084,195.763
blr,2085,194.836
blr,2086,199.423
blr,2087,198.569
blr,2088,203.363
blr,2089,202.503
blr,2090,207.322
blr,2091,206.457
blr,2092,205.581
blr,2093,210.654
blr,2094,209.791
blr,2095,214.813
blr,2096,213.946
blr,2097,213.088
blr,2098,218.848
blr,2099,217.993
blr,2100,223.251
bel,1800,6.981
bel,1801,6.981
bel,1802,6.981
bel,1803,6.981
bel,1804,6.981
bel,1805,7.177
bel,1806,7.177
bel,1807,7.177
bel,1808,7.177
bel,1809,7.177
bel,1810,7.177
bel,1811,7.177
bel,1812,7.177
bel,1813,7.177
bel,1814,7.177
bel,1815,7.177
bel,1816,7.177
bel,1817,7.177
bel,1818,7.177
bel,1819,7.177
bel,1820,7.177
bel,1821,7.177
bel,1822,7.177
bel,1823,7.177
bel,1824,7.379
bel,1825,7.379
bel,1826,7.379
bel,1827,7.379
bel,1828,7.379
bel,1829,7.586
bel,1830,7.586
bel,1831,7.586
bel,1832,7.586
bel,1833,7.586
bel,1834,7.8
bel,1835,7.8
bel,1836,7.8
bel,1837,7.8
bel,1838,7.8
bel,1839,7.8
bel,1840,8.019
bel,1841,8.019
bel,1842,8.019
bel,1843,8.053
bel,1844,8.053
bel,1845,8.279
bel,1846,8.279
bel,1847,8.578
bel,1848,8.543
bel,1849,8.886
bel,1850,9.328
bel,1851,9.552
bel,1852,9.58
bel,1853,9.777
bel,1854,10.092
bel,1855,10.092
bel,1856,10.59
bel,1857,10.558
bel,1858,10.558
bel,1859,10.558
bel,1860,11.313
bel,1861,11.313
bel,1862,11.699
bel,1863,11.814
bel,1864,12.222
bel,1865,12.222
bel,1866,12.543
bel,1867,12.543
bel,1868,12.91
bel,1869,13.343
bel,1870,13.343
bel,1871,13.343
bel,1872,14.289
bel,1873,14.328
bel,1874,14.763
bel,1875,14.803
bel,1876,14.844
bel,1877,14.881
bel,1878,15.554
bel,1879,15.592
bel,1880,15.937
bel,1881,15.978
bel,1882,16.561
bel,1883,16.602
bel,1884,16.64
bel,1885,16.68
bel,1886,16.721
bel,1887,17.318
bel,1888,17.359
bel,1889,18.402
bel,1890,18.52
bel,1891,18.486
bel,1892,18.599
bel,1893,18.64
bel,1894,19.205
bel,1895,19.256
bel,1896,19.359
bel,1897,20.005
bel,1898,20.044
bel,1899,20.649
bel,1900,20.754
bel,1901,20.794
bel,1902,20.888
bel,1903,21.515
bel,1904,21.608
bel,1905,22.255
bel,1906,22.294
bel,1907,22.334
bel,1908,22.373
bel,1909,22.465
bel,1910,23.135
bel,1911,23.668
bel,1912,24.374
bel,1913,24.387
bel,1914,22.599
bel,1915,22.018
bel,1916,23.314
bel,1917,20.133
bel,1918,16.432
bel,1919,19.609
bel,1920,22.868
bel,1921,23.548
bel,1922,25.427
bel,1923,26.188
bel,1924,26.938
bel,1925,26.986
bel,1926,27.84
bel,1927,28.7
bel,1928,30.496
bel,1929,29.658
bel,1930,29.657
bel,1931,28.845
bel,1932,27.373
bel,1933,27.395
bel,1934,27.462
bel,1935,29.031
bel,1936,29.12
bel,1937,29.987
bel,1938,29.174
bel,1939,31.004
bel,1940,27.699
bel,1941,26.098
bel,1942,24.021
bel,1943,23.244
bel,1944,24.466
bel,1945,25.696
bel,1946,27.048
bel,1947,28.445
bel,1948,29.175
bel,1949,30.715
bel,1950,31.423
bel,1951,33.031
bel,1952,32.899
bel,1953,33.682
bel,1954,34.474
bel,1955,36.309
bel,1956,37.172
bel,1957,37.015
bel,1958,36.858
bel,1959,37.755
bel,1960,39.74
bel,1961,40.682
bel,1962,42.799
bel,1963,43.784
bel,1964,47.349
bel,1965,47.111
bel,1966,48.21
bel,1967,50.701
bel,1968,51.864
bel,1969,54.557
bel,1970,58.988
bel,1971,60.341
bel,1972,63.463
bel,1973,66.75
bel,1974,68.275
bel,1975,67.926
bel,1976,71.434
bel,1977,71.068
bel,1978,72.664
bel,1979,74.322
bel,1980,76.019
bel,1981,78.658
bel,1982,80.822
bel,1983,82.977
bel,1984,87.698
bel,1985,90.123
bel,1986,92.664
bel,1987,95.113
bel,1988,102.122
bel,1989,109.39
bel,1990,115.723
bel,1991,117.679
bel,1992,119.521
bel,1993,118.041
bel,1994,120.395
bel,1995,121.355
bel,1996,123.312
bel,1997,129.134
bel,1998,127.707
bel,1999,127.624
bel,2000,126.298
bel,2001,133.565
bel,2002,139.396
bel,2003,145.014
bel,2004,142.53
bel,2005,148.747
bel,2006,155.102
bel,2007,156.825
bel,2008,158.319
bel,2009,153.181
bel,2010,159.713
bel,2011,162.148
bel,2012,162.989
bel,2013,160.083
bel,2014,162.065
bel,2015,165.398
bel,2016,165.437
bel,2017,169.414
bel,2018,170.013
bel,2019,172.1
bel,2020,165.434
bel,2021,172.539
bel,2022,168.889
bel,2023,174.585
bel,2024,173.559
bel,2025,178.701
bel,2026,189.434
bel,2027,191.951
bel,2028,199.243
bel,2029,200.225
bel,2030,205.823
bel,2031,209.998
bel,2032,208.415
bel,2033,206.84
bel,2034,211.108
bel,2035,209.577
bel,2036,208.097
bel,2037,212.446
bel,2038,210.979
bel,2039,209.502
bel,2040,213.966
bel,2041,212.598
bel,2042,211.338
bel,2043,209.996
bel,2044,214.548
bel,2045,213.231
bel,2046,211.782
bel,2047,216.437
bel,2048,215.167
bel,2049,213.926
bel,2050,212.69
bel,2051,217.451
bel,2052,216.27
bel,2053,215.278
bel,2054,214.001
bel,2055,212.888
bel,2056,217.867
bel,2057,216.68
bel,2058,215.583
bel,2059,214.534
bel,2060,219.51
bel,2061,218.48
bel,2062,217.471
bel,2063,216.486
bel,2064,215.522
bel,2065,220.613
bel,2066,219.665
bel,2067,218.708
bel,2068,217.802
bel,2069,216.916
bel,2070,216.05
bel,2071,221.252
bel,2072,220.4
bel,2073,219.566
bel,2074,218.75
bel,2075,217.951
bel,2076,217.171
bel,2077,222.492
bel,2078,221.622
bel,2079,220.871
bel,2080,220.135
bel,2081,219.134
bel,2082,218.426
bel,2083,217.733
bel,2084,223.156
bel,2085,222.474
bel,2086,221.805
bel,2087,221.15
bel,2088,220.509
bel,2089,219.881
bel,2090,219.186
bel,2091,218.795
bel,2092,218.208
bel,2093,223.753
bel,2094,223.175
bel,2095,222.608
bel,2096,222.053
bel,2097,221.51
bel,2098,220.978
bel,2099,220.455
bel,2100,219.945
blz,1800,1.673
blz,1801,1.673
blz,1802,1.673
blz,1803,1.673
blz,1804,1.673
blz,1805,1.673
blz,1806,1.673
blz,1807,1.673
blz,1808,1.673
blz,1809,1.673
blz,1810,1.673
blz,1811,1.673
blz,1812,1.673
blz,1813,1.673
blz,1814,1.673
blz,1815,1.673
blz,1816,1.673
blz,1817,1.673
blz,1818,1.673
blz,1819,1.673
blz,1820,1.673
blz,1821,1.72
blz,1822,1.72
blz,1823,1.72
blz,1824,1.72
blz,1825,1.768
blz,1826,1.768
blz,1827,1.768
blz,1828,1.768
blz,1829,1.818
blz,1830,1.818
blz,1831,1.818
blz,1832,1.818
blz,1833,1.869
blz,1834,1.869
blz,1835,1.869
blz,1836,1.869
blz,1837,1.922
blz,1838,1.922
blz,1839,1.922
blz,1840,1.922
blz,1841,1.976
blz,1842,1.976
blz,1843,1.976
blz,1844,1.976
blz,1845,1.976
blz,1846,2.031
blz,1847,2.031
blz,1848,2.031
blz,1849,2.031
blz,1850,2.088
blz,1851,2.088
blz,1852,2.089
blz,1853,2.088
blz,1854,2.147
blz,1855,2.147
blz,1856,2.147
blz,1857,2.148
blz,1858,2.208
blz,1859,2.208
blz,1860,2.208
blz,1861,2.223
blz,1862,2.286
blz,1863,2.286
blz,1864,2.286
blz,1865,2.321
blz,1866,2.386
blz,1867,2.386
blz,1868,2.386
blz,1869,2.386
blz,1870,2.453
blz,1871,2.453
blz,1872,2.45
blz,1873,2.445
blz,1874,2.509
blz,1875,2.505
blz,1876,2.501
blz,1877,2.496
blz,1878,2.561
blz,1879,2.557
blz,1880,2.552
blz,1881,2.56
blz,1882,2.555
blz,1883,2.622
blz,1884,2.617
blz,1885,2.612
blz,1886,2.607
blz,1887,2.674
blz,1888,2.67
blz,1889,2.664
blz,1890,2.662
blz,1891,2.731
blz,1892,2.725
blz,1893,2.72
blz,1894,2.714
blz,1895,2.784
blz,1896,2.779
blz,1897,2.772
blz,1898,2.767
blz,1899,2.838
blz,1900,2.832
blz,1901,2.826
blz,1902,2.822
blz,1903,2.895
blz,1904,2.888
blz,1905,2.881
blz,1906,2.878
blz,1907,2.979
blz,1908,2.972
blz,1909,2.967
blz,1910,2.959
blz,1911,3.035
blz,1912,3.027
blz,1913,3.02
blz,1914,3.098
blz,1915,3.089
blz,1916,3.169
blz,1917,3.16
blz,1918,3.24
blz,1919,3.232
blz,1920,3.32
blz,1921,3.311
blz,1922,3.395
blz,1923,3.386
blz,1924,3.472
blz,1925,3.463
blz,1926,3.575
blz,1927,3.584
blz,1928,3.673
blz,1929,3.765
blz,1930,3.753
blz,1931,3.846
blz,1932,3.851
blz,1933,3.967
blz,1934,3.952
blz,1935,4.054
blz,1936,4.065
blz,1937,4.165
blz,1938,4.16
blz,1939,4.261
blz,1940,4.261
blz,1941,4.351
blz,1942,4.457
blz,1943,4.592
blz,1944,4.557
blz,1945,4.668
blz,1946,4.788
blz,1947,4.892
blz,1948,5.005
blz,1949,4.991
blz,1950,5.087
blz,1951,5.179
blz,1952,5.127
blz,1953,5.219
blz,1954,5.167
blz,1955,5.258
blz,1956,5.206
blz,1957,5.298
blz,1958,5.245
blz,1959,5.337
blz,1960,5.283
blz,1961,5.378
blz,1962,5.34
blz,1963,5.451
blz,1964,5.564
blz,1965,5.68
blz,1966,5.798
blz,1967,5.919
blz,1968,6.211
blz,1969,6.34
blz,1970,6.473
blz,1971,6.793
blz,1972,6.747
blz,1973,6.697
blz,1974,7.03
blz,1975,6.977
blz,1976,6.739
blz,1977,6.878
blz,1978,7.222
blz,1979,7.169
blz,1980,7.318
blz,1981,7.553
blz,1982,7.13
blz,1983,6.991
blz,1984,7.542
blz,1985,7.618
blz,1986,7.807
blz,1987,9.016
blz,1988,10.304
blz,1989,11.573
blz,1990,13.067
blz,1991,14.661
blz,1992,15.621
blz,1993,16.876
blz,1994,15.733
blz,1995,16.747
blz,1996,16.853
blz,1997,16.983
blz,1998,17.568
blz,1999,21.029
blz,2000,39.893
blz,2001,39.692
blz,2002,41.83
blz,2003,46.856
blz,2004,50.047
blz,2005,51.608
blz,2006,54.637
blz,2007,56.121
blz,2008,56.149
blz,2009,51.946
blz,2010,58.126
blz,2011,57.706
blz,2012,59.234
blz,2013,60.478
blz,2014,63.079
blz,2015,65.072
blz,2016,62.981
blz,2017,51.177
blz,2018,56.611
blz,2019,64.039
blz,2020,57.337
blz,2021,63.917
blz,2022,69.144
blz,2023,67.325
blz,2024,72.264
blz,2025,76.532
blz,2026,77.601
blz,2027,78.586
blz,2028,79.439
blz,2029,79.743
blz,2030,81.15
blz,2031,83.021
blz,2032,82.545
blz,2033,84.391
blz,2034,86.359
blz,2035,88.279
blz,2036,90.256
blz,2037,92.268
blz,2038,94.186
blz,2039,96.226
blz,2040,95.651
blz,2041,97.743
blz,2042,99.862
blz,2043,101.959
blz,2044,104.161
blz,2045,106.223
blz,2046,108.342
blz,2047,107.405
blz,2048,109.465
blz,2049,111.616
blz,2050,113.906
blz,2051,116.066
blz,2052,118.424
blz,2053,117.52
blz,2054,119.943
blz,2055,122.114
blz,2056,124.474
blz,2057,126.821
blz,2058,125.828
blz,2059,128.045
blz,2060,130.476
blz,2061,132.947
blz,2062,135.517
blz,2063,134.083
blz,2064,136.693
blz,2065,138.906
blz,2066,141.539
blz,2067,143.96
blz,2068,142.559
blz,2069,144.998
blz,2070,147.806
blz,2071,150.731
blz,2072,149.407
blz,2073,152.166
blz,2074,154.955
blz,2075,153.461
blz,2076,156.259
blz,2077,159.368
blz,2078,162.272
blz,2079,160.896
blz,2080,163.764
blz,2081,166.934
blz,2082,165.329
blz,2083,168.271
blz,2084,171.335
blz,2085,169.693
blz,2086,172.93
blz,2087,171.215
blz,2088,174.244
blz,2089,177.357
blz,2090,175.589
blz,2091,178.639
blz,2092,181.803
blz,2093,179.932
blz,2094,183.103
blz,2095,181.168
blz,2096,184.431
blz,2097,182.563
blz,2098,185.643
blz,2099,188.932
blz,2100,187.192
ben,1800,2.217
ben,1801,2.217
ben,1802,2.217
ben,1803,2.217
ben,1804,2.217
ben,1805,2.217
ben,1806,2.217
ben,1807,2.217
ben,1808,2.217
ben,1809,2.217
ben,1810,2.216
ben,1811,2.216
ben,1812,2.216
ben,1813,2.216
ben,1814,2.216
ben,1815,2.216
ben,1816,2.216
ben,1817,2.216
ben,1818,2.216
ben,1819,2.216
ben,1820,2.216
ben,1821,2.216
ben,1822,2.217
ben,1823,2.279
ben,1824,2.279
ben,1825,2.279
ben,1826,2.279
ben,1827,2.279
ben,1828,2.279
ben,1829,2.343
ben,1830,2.343
ben,1831,2.343
ben,1832,2.343
ben,1833,2.343
ben,1834,2.343
ben,1835,2.409
ben,1836,2.409
ben,1837,2.409
ben,1838,2.409
ben,1839,2.409
ben,1840,2.476
ben,1841,2.476
ben,1842,2.476
ben,1843,2.476
ben,1844,2.476
ben,1845,2.476
ben,1846,2.546
ben,1847,2.546
ben,1848,2.546
ben,1849,2.546
ben,1850,2.546
ben,1851,2.546
ben,1852,2.618
ben,1853,2.618
ben,1854,2.618
ben,1855,2.618
ben,1856,2.618
ben,1857,2.618
ben,1858,2.691
ben,1859,2.691
ben,1860,2.691
ben,1861,2.691
ben,1862,2.691
ben,1863,2.767
ben,1864,2.767
ben,1865,2.767
ben,1866,2.767
ben,1867,2.767
ben,1868,2.767
ben,1869,2.845
ben,1870,2.845
ben,1871,2.845
ben,1872,2.844
ben,1873,2.843
ben,1874,2.842
ben,1875,2.921
ben,1876,2.92
ben,1877,2.919
ben,1878,2.918
ben,1879,2.917
ben,1880,2.916
ben,1881,2.996
ben,1882,2.995
ben,1883,2.994
ben,1884,2.993
ben,1885,2.992
ben,1886,3.075
ben,1887,3.074
ben,1888,3.073
ben,1889,3.072
ben,1890,3.071
ben,1891,3.07
ben,1892,3.155
ben,1893,3.154
ben,1894,3.153
ben,1895,3.152
ben,1896,3.151
ben,1897,3.15
ben,1898,3.237
ben,1899,3.236
ben,1900,3.235
ben,1901,3.234
ben,1902,3.233
ben,1903,3.231
ben,1904,3.321
ben,1905,3.32
ben,1906,3.319
ben,1907,3.317
ben,1908,3.316
ben,1909,3.409
ben,1910,3.407
ben,1911,3.406
ben,1912,3.405
ben,1913,3.404
ben,1914,3.403
ben,1915,3.497
ben,1916,3.496
ben,1917,3.495
ben,1918,3.592
ben,1919,3.59
ben,1920,3.589
ben,1921,3.588
ben,1922,3.687
ben,1923,3.686
ben,1924,3.685
ben,1925,3.787
ben,1926,3.786
ben,1927,3.785
ben,1928,3.89
ben,1929,3.888
ben,1930,3.887
ben,1931,3.995
ben,1932,3.993
ben,1933,3.992
ben,1934,4.103
ben,1935,4.102
ben,1936,4.1
ben,1937,4.214
ben,1938,4.212
ben,1939,4.211
ben,1940,4.328
ben,1941,4.294
ben,1942,4.381
ben,1943,4.347
ben,1944,4.435
ben,1945,4.401
ben,1946,4.49
ben,1947,4.455
ben,1948,4.545
ben,1949,4.51
ben,1950,4.601
ben,1951,4.44
ben,1952,4.285
ben,1953,4.136
ben,1954,4.104
ben,1955,3.961
ben,1956,3.931
ben,1957,3.794
ben,1958,3.764
ben,1959,3.84
ben,1960,3.918
ben,1961,3.888
ben,1962,3.65
ben,1963,3.725
ben,1964,3.8
ben,1965,3.878
ben,1966,3.956
ben,1967,3.927
ben,1968,4.007
ben,1969,3.976
ben,1970,3.946
ben,1971,3.917
ben,1972,4.224
ben,1973,4.192
ben,1974,4.398
ben,1975,4.016
ben,1976,3.877
ben,1977,3.956
ben,1978,3.819
ben,1979,4.006
ben,1980,4.202
ben,1981,4.337
ben,1982,4.592
ben,1983,4.417
ben,1984,4.509
ben,1985,4.787
ben,1986,4.711
ben,1987,4.545
ben,1988,4.609
ben,1989,4.611
ben,1990,4.894
ben,1991,4.902
ben,1992,4.861
ben,1993,4.965
ben,1994,4.777
ben,1995,4.989
ben,1996,5.178
ben,1997,5.207
ben,1998,5.275
ben,1999,5.29
ben,2000,5.525
ben,2001,5.635
ben,2002,5.74
ben,2003,5.734
ben,2004,5.737
ben,2005,5.585
ben,2006,5.492
ben,2007,5.625
ben,2008,5.644
ben,2009,5.567
ben,2010,5.441
ben,2011,5.353
ben,2012,5.473
ben,2013,5.788
ben,2014,6.106
ben,2015,6.185
ben,2016,6.232
ben,2017,6.514
ben,2018,6.731
ben,2019,7.165
ben,2020,7.421
ben,2021,7.903
ben,2022,8.396
ben,2023,8.759
ben,2024,9.246
ben,2025,9.626
ben,2026,10.543
ben,2027,10.986
ben,2028,11.123
ben,2029,11.503
ben,2030,11.945
ben,2031,11.958
ben,2032,12.313
ben,2033,12.676
ben,2034,13.045
ben,2035,13.433
ben,2036,13.833
ben,2037,13.848
ben,2038,14.253
ben,2039,14.677
ben,2040,15.107
ben,2041,15.555
ben,2042,16.016
ben,2043,16.051
ben,2044,16.527
ben,2045,17.007
ben,2046,17.511
ben,2047,18.008
ben,2048,18.496
ben,2049,19.028
ben,2050,19.027
ben,2051,19.573
ben,2052,20.122
ben,2053,20.714
ben,2054,21.295
ben,2055,21.924
ben,2056,22.571
ben,2057,22.599
ben,2058,23.167
ben,2059,23.857
ben,2060,24.554
ben,2061,25.2
ben,2062,25.908
ben,2063,26.619
ben,2064,27.4
ben,2065,27.395
ben,2066,28.158
ben,2067,28.941
ben,2068,29.804
ben,2069,30.644
ben,2070,31.492
ben,2071,32.368
ben,2072,33.265
ben,2073,33.246
ben,2074,34.215
ben,2075,35.169
ben,2076,36.132
ben,2077,37.142
ben,2078,38.155
ben,2079,39.272
ben,2080,39.251
ben,2081,40.317
ben,2082,41.409
ben,2083,42.528
ben,2084,43.676
ben,2085,44.938
ben,2086,44.885
ben,2087,46.09
ben,2088,47.326
ben,2089,48.592
ben,2090,49.902
ben,2091,51.295
ben,2092,51.221
ben,2093,52.583
ben,2094,54.088
ben,2095,55.523
ben,2096,56.993
ben,2097,56.892
ben,2098,58.414
ben,2099,60.05
ben,2100,61.632
btn,1800,2.289
btn,1801,2.289
btn,1802,2.289
btn,1803,2.289
btn,1804,2.289
btn,1805,2.289
btn,1806,2.289
btn,1807,2.289
btn,1808,2.289
btn,1809,2.289
btn,1810,2.289
btn,1811,2.289
btn,1812,2.289
btn,1813,2.289
btn,1814,2.289
btn,1815,2.289
btn,1816,2.289
btn,1817,2.289
btn,1818,2.289
btn,1819,2.289
btn,1820,2.289
btn,1821,2.289
btn,1822,2.289
btn,1823,2.29
btn,1824,2.289
btn,1825,2.289
btn,1826,2.289
btn,1827,2.289
btn,1828,2.289
btn,1829,2.289
btn,1830,2.289
btn,1831,2.354
btn,1832,2.354
btn,1833,2.354
btn,1834,2.354
btn,1835,2.354
btn,1836,2.354
btn,1837,2.354
btn,1838,2.354
btn,1839,2.354
btn,1840,2.354
btn,1841,2.354
btn,1842,2.354
btn,1843,2.354
btn,1844,2.354
btn,1845,2.354
btn,1846,2.42
btn,1847,2.42
btn,1848,2.42
btn,1849,2.42
btn,1850,2.42
btn,1851,2.42
btn,1852,2.42
btn,1853,2.42
btn,1854,2.42
btn,1855,2.42
btn,1856,2.42
btn,1857,2.42
btn,1858,2.42
btn,1859,2.488
btn,1860,2.488
btn,1861,2.488
btn,1862,2.488
btn,1863,2.488
btn,1864,2.488
btn,1865,2.488
btn,1866,2.488
btn,1867,2.488
btn,1868,2.488
btn,1869,2.488
btn,1870,2.488
btn,1871,2.488
btn,1872,2.483
btn,1873,2.547
btn,1874,2.542
btn,1875,2.536
btn,1876,2.531
btn,1877,2.526
btn,1878,2.52
btn,1879,2.515
btn,1880,2.51
btn,1881,2.504
btn,1882,2.499
btn,1883,2.494
btn,1884,2.489
btn,1885,2.484
btn,1886,2.478
btn,1887,2.473
btn,1888,2.537
btn,1889,2.532
btn,1890,2.527
btn,1891,2.522
btn,1892,2.516
btn,1893,2.511
btn,1894,2.506
btn,1895,2.501
btn,1896,2.496
btn,1897,2.491
btn,1898,2.486
btn,1899,2.48
btn,1900,2.475
btn,1901,2.47
btn,1902,2.535
btn,1903,2.53
btn,1904,2.525
btn,1905,2.52
btn,1906,2.514
btn,1907,2.509
btn,1908,2.505
btn,1909,2.5
btn,1910,2.495
btn,1911,2.489
btn,1912,2.482
btn,1913,2.478
btn,1914,2.473
btn,1915,2.468
btn,1916,2.533
btn,1917,2.528
btn,1918,2.523
btn,1919,2.518
btn,1920,2.513
btn,1921,2.509
btn,1922,2.504
btn,1923,2.499
btn,1924,2.494
btn,1925,2.489
btn,1926,2.555
btn,1927,2.55
btn,1928,2.545
btn,1929,2.541
btn,1930,2.536
btn,1931,2.531
btn,1932,2.527
btn,1933,2.522
btn,1934,2.518
btn,1935,2.584
btn,1936,2.58
btn,1937,2.575
btn,1938,2.57
btn,1939,2.566
btn,1940,2.561
btn,1941,2.542
btn,1942,2.594
btn,1943,2.575
btn,1944,2.556
btn,1945,2.536
btn,1946,2.518
btn,1947,2.499
btn,1948,2.48
btn,1949,2.531
btn,1950,2.513
btn,1951,2.494
btn,1952,2.545
btn,1953,2.527
btn,1954,2.503
btn,1955,2.555
btn,1956,2.536
btn,1957,2.589
btn,1958,2.57
btn,1959,2.623
btn,1960,2.605
btn,1961,2.659
btn,1962,2.641
btn,1963,2.696
btn,1964,2.752
btn,1965,2.735
btn,1966,2.794
btn,1967,2.776
btn,1968,2.834
btn,1969,2.895
btn,1970,2.877
btn,1971,2.859
btn,1972,2.763
btn,1973,2.746
btn,1974,2.729
btn,1975,2.566
btn,1976,2.694
btn,1977,2.753
btn,1978,2.891
btn,1979,2.873
btn,1980,2.935
btn,1981,3.388
btn,1982,3.647
btn,1983,3.753
btn,1984,4.139
btn,1985,4.285
btn,1986,4.523
btn,1987,5.531
btn,1988,6.067
btn,1989,6.515
btn,1990,7.288
btn,1991,7.138
btn,1992,7.745
btn,1993,7.868
btn,1994,8.652
btn,1995,9.405
btn,1996,9.956
btn,1997,10.349
btn,1998,10.843
btn,1999,11.281
btn,2000,11.653
btn,2001,12.21
btn,2002,13.067
btn,2003,13.847
btn,2004,14.71
btn,2005,15.861
btn,2006,16.811
btn,2007,19.594
btn,2008,20.207
btn,2009,21.663
btn,2010,23.809
btn,2011,25.411
btn,2012,26.472
btn,2013,26.679
btn,2014,27.998
btn,2015,29.822
btn,2016,32.217
btn,2017,32.285
btn,2018,33.158
btn,2019,38.05
btn,2020,34.637
btn,2021,36.598
btn,2022,38.786
btn,2023,40.376
btn,2024,42.295
btn,2025,46.52
btn,2026,50.33
btn,2027,53.099
btn,2028,57.278
btn,2029,59.457
btn,2030,61.66
btn,2031,63.159
btn,2032,64.677
btn,2033,66.209
btn,2034,67.806
btn,2035,69.425
btn,2036,69.121
btn,2037,70.757
btn,2038,72.445
btn,2039,74.203
btn,2040,75.948
btn,2041,75.59
btn,2042,77.383
btn,2043,79.175
btn,2044,81.025
btn,2045,82.907
btn,2046,82.516
btn,2047,84.408
btn,2048,86.363
btn,2049,88.41
btn,2050,90.421
btn,2051,90.072
btn,2052,92.127
btn,2053,94.199
btn,2054,96.449
btn,2055,95.936
btn,2056,98.229
btn,2057,100.451
btn,2058,102.666
btn,2059,102.13
btn,2060,104.501
btn,2061,106.854
btn,2062,106.31
btn,2063,108.678
btn,2064,111.176
btn,2065,110.672
btn,2066,113.158
btn,2067,115.707
btn,2068,114.979
btn,2069,117.555
btn,2070,120.19
btn,2071,119.525
btn,2072,122.279
btn,2073,124.939
btn,2074,124.346
btn,2075,127.049
btn,2076,126.232
btn,2077,128.848
btn,2078,131.578
btn,2079,130.851
btn,2080,134.141
btn,2081,133.423
btn,2082,136.496
btn,2083,139.343
btn,2084,138.591
btn,2085,141.399
btn,2086,140.637
btn,2087,143.678
btn,2088,143.337
btn,2089,146.59
btn,2090,146.683
btn,2091,150.039
btn,2092,148.892
btn,2093,152.3
btn,2094,151.532
btn,2095,154.557
btn,2096,154.043
btn,2097,157.588
btn,2098,156.815
btn,2099,156.285
btn,2100,159.909
bol,1800,2.539
bol,1801,2.539
bol,1802,2.539
bol,1803,2.539
bol,1804,2.539
bol,1805,2.539
bol,1806,2.539
bol,1807,2.539
bol,1808,2.539
bol,1809,2.539
bol,1810,2.539
bol,1811,2.539
bol,1812,2.539
bol,1813,2.539
bol,1814,2.539
bol,1815,2.61
bol,1816,2.61
bol,1817,2.645
bol,1818,2.645
bol,1819,2.645
bol,1820,2.645
bol,1821,2.721
bol,1822,2.76
bol,1823,2.838
bol,1824,2.85
bol,1825,2.93
bol,1826,2.958
bol,1827,3.04
bol,1828,3.067
bol,1829,3.156
bol,1830,3.157
bol,1831,3.333
bol,1832,3.335
bol,1833,3.429
bol,1834,3.475
bol,1835,3.644
bol,1836,3.644
bol,1837,3.787
bol,1838,3.843
bol,1839,3.952
bol,1840,4.043
bol,1841,4.165
bol,1842,4.165
bol,1843,4.282
bol,1844,4.282
bol,1845,4.401
bol,1846,4.401
bol,1847,4.401
bol,1848,4.401
bol,1849,4.525
bol,1850,4.525
bol,1851,4.525
bol,1852,4.525
bol,1853,4.525
bol,1854,4.525
bol,1855,4.525
bol,1856,4.525
bol,1857,4.525
bol,1858,4.652
bol,1859,4.652
bol,1860,4.652
bol,1861,4.652
bol,1862,4.652
bol,1863,4.652
bol,1864,4.652
bol,1865,4.652
bol,1866,4.652
bol,1867,4.783
bol,1868,4.783
bol,1869,4.783
bol,1870,4.783
bol,1871,4.783
bol,1872,4.77
bol,1873,4.756
bol,1874,4.742
bol,1875,4.861
bol,1876,4.846
bol,1877,4.832
bol,1878,4.818
bol,1879,4.803
bol,1880,4.788
bol,1881,4.774
bol,1882,4.759
bol,1883,4.744
bol,1884,4.862
bol,1885,4.847
bol,1886,4.831
bol,1887,4.816
bol,1888,4.8
bol,1889,4.785
bol,1890,4.769
bol,1891,4.753
bol,1892,4.87
bol,1893,4.854
bol,1894,4.973
bol,1895,4.957
bol,1896,4.673
bol,1897,4.788
bol,1898,4.905
bol,1899,4.888
bol,1900,5.007
bol,1901,5.13
bol,1902,4.972
bol,1903,4.953
bol,1904,4.935
bol,1905,5.055
bol,1906,5.178
bol,1907,5.159
bol,1908,5.282
bol,1909,5.409
bol,1910,5.701
bol,1911,5.684
bol,1912,5.82
bol,1913,6.127
bol,1914,5.774
bol,1915,5.758
bol,1916,5.903
bol,1917,6.215
bol,1918,6.23
bol,1919,6.165
bol,1920,6.119
bol,1921,5.78
bol,1922,6.295
bol,1923,6.267
bol,1924,6.448
bol,1925,6.778
bol,1926,6.748
bol,1927,7.059
bol,1928,7.225
bol,1929,7.393
bol,1930,6.965
bol,1931,6.244
bol,1932,5.647
bol,1933,5.797
bol,1934,6.312
bol,1935,6.467
bol,1936,6.615
bol,1937,6.929
bol,1938,7.086
bol,1939,7.264
bol,1940,7.649
bol,1941,8.17
bol,1942,8.33
bol,1943,8.415
bol,1944,8.11
bol,1945,8.439
bol,1946,8.16
bol,1947,7.843
bol,1948,8.372
bol,1949,8.486
bol,1950,8.164
bol,1951,8.767
bol,1952,8.671
bol,1953,7.72
bol,1954,7.633
bol,1955,7.944
bol,1956,7.266
bol,1957,7.017
bol,1958,6.744
bol,1959,6.664
bol,1960,6.756
bol,1961,6.677
bol,1962,6.98
bol,1963,7.096
bol,1964,7.232
bol,1965,7.578
bol,1966,7.718
bol,1967,8.075
bol,1968,7.794
bol,1969,7.937
bol,1970,7.868
bol,1971,8.02
bol,1972,8.154
bol,1973,8.544
bol,1974,8.711
bol,1975,8.877
bol,1976,9.307
bol,1977,9.49
bol,1978,9.411
bol,1979,9.076
bol,1980,8.754
bol,1981,8.538
bol,1982,8.28
bol,1983,7.698
bol,1984,7.893
bol,1985,7.725
bol,1986,7.446
bol,1987,7.755
bol,1988,8.09
bol,1989,8.126
bol,1990,8.669
bol,1991,8.816
bol,1992,8.8
bol,1993,9.146
bol,1994,9.579
bol,1995,9.836
bol,1996,10.163
bol,1997,10.434
bol,1998,10.964
bol,1999,11.247
bol,2000,10.451
bol,2001,11.027
bol,2002,10.671
bol,2003,10.874
bol,2004,11.318
bol,2005,10.993
bol,2006,11.746
bol,2007,12.631
bol,2008,14.601
bol,2009,15.498
bol,2010,16.396
bol,2011,17.304
bol,2012,17.721
bol,2013,18.481
bol,2014,18.914
bol,2015,19.921
bol,2016,21.297
bol,2017,22.242
bol,2018,23.089
bol,2019,23.257
bol,2020,20.057
bol,2021,22.148
bol,2022,21.839
bol,2023,22.767
bol,2024,22.779
bol,2025,23.231
bol,2026,23.746
bol,2027,24.837
bol,2028,25.024
bol,2029,25.838
bol,2030,26.169
bol,2031,26.89
bol,2032,27.619
bol,2033,28.364
bol,2034,29.139
bol,2035,29.93
bol,2036,30.739
bol,2037,30.693
bol,2038,31.516
bol,2039,32.351
bol,2040,33.236
bol,2041,34.11
bol,2042,35.017
bol,2043,35.949
bol,2044,36.873
bol,2045,36.814
bol,2046,37.756
bol,2047,38.774
bol,2048,39.771
bol,2049,40.788
bol,2050,41.826
bol,2051,41.74
bol,2052,42.862
bol,2053,44.005
bol,2054,45.144
bol,2055,46.31
bol,2056,47.621
bol,2057,48.848
bol,2058,48.777
bol,2059,50.01
bol,2060,51.301
bol,2061,52.616
bol,2062,53.929
bol,2063,53.987
bol,2064,55.392
bol,2065,56.734
bol,2066,58.193
bol,2067,59.803
bol,2068,59.642
bol,2069,61.735
bol,2070,63.56
bol,2071,65.046
bol,2072,64.92
bol,2073,66.569
bol,2074,68.257
bol,2075,70.086
bol,2076,69.896
bol,2077,71.664
bol,2078,73.736
bol,2079,75.602
bol,2080,75.452
bol,2081,77.437
bol,2082,79.393
bol,2083,79.172
bol,2084,81.169
bol,2085,83.215
bol,2086,82.979
bol,2087,84.907
bol,2088,87.262
bol,2089,86.965
bol,2090,89.443
bol,2091,91.451
bol,2092,91.558
bol,2093,93.865
bol,2094,96.23
bol,2095,96.139
bol,2096,98.684
bol,2097,98.407
bol,2098,101.566
bol,2099,101.879
bol,2100,104.466
bih,1800,2.681
bih,1801,2.681
bih,1802,2.681
bih,1803,2.681
bih,1804,2.681
bih,1805,2.681
bih,1806,2.681
bih,1807,2.681
bih,1808,2.681
bih,1809,2.681
bih,1810,2.681
bih,1811,2.681
bih,1812,2.681
bih,1813,2.681
bih,1814,2.681
bih,1815,2.681
bih,1816,2.681
bih,1817,2.681
bih,1818,2.681
bih,1819,2.681
bih,1820,2.757
bih,1821,2.757
bih,1822,2.757
bih,1823,2.757
bih,1824,2.757
bih,1825,2.757
bih,1826,2.834
bih,1827,2.834
bih,1828,2.834
bih,1829,2.834
bih,1830,2.834
bih,1831,2.914
bih,1832,2.914
bih,1833,2.914
bih,1834,2.914
bih,1835,2.914
bih,1836,2.914
bih,1837,2.996
bih,1838,2.996
bih,1839,2.996
bih,1840,2.996
bih,1841,2.961
bih,1842,3.044
bih,1843,3.044
bih,1844,3.044
bih,1845,3.032
bih,1846,3.032
bih,1847,3.005
bih,1848,3.089
bih,1849,3.098
bih,1850,3.094
bih,1851,3.094
bih,1852,3.094
bih,1853,3.094
bih,1854,3.094
bih,1855,3.094
bih,1856,3.094
bih,1857,3.094
bih,1858,3.104
bih,1859,3.104
bih,1860,3.104
bih,1861,3.104
bih,1862,3.122
bih,1863,3.122
bih,1864,3.122
bih,1865,3.122
bih,1866,3.122
bih,1867,3.122
bih,1868,3.122
bih,1869,3.122
bih,1870,3.122
bih,1871,3.218
bih,1872,3.189
bih,1873,3.269
bih,1874,3.254
bih,1875,3.331
bih,1876,3.322
bih,1877,3.401
bih,1878,3.392
bih,1879,3.466
bih,1880,3.466
bih,1881,3.574
bih,1882,3.527
bih,1883,3.588
bih,1884,3.58
bih,1885,3.62
bih,1886,3.592
bih,1887,3.669
bih,1888,3.683
bih,1889,3.79
bih,1890,3.791
bih,1891,3.783
bih,1892,3.754
bih,1893,3.852
bih,1894,3.853
bih,1895,3.844
bih,1896,3.834
bih,1897,3.826
bih,1898,3.818
bih,1899,3.82
bih,1900,3.812
bih,1901,3.902
bih,1902,3.907
bih,1903,4.008
bih,1904,4.003
bih,1905,4.097
bih,1906,4.083
bih,1907,4.075
bih,1908,4.171
bih,1909,4.112
bih,1910,4.252
bih,1911,4.231
bih,1912,4.117
bih,1913,4.087
bih,1914,4.098
bih,1915,4.12
bih,1916,4.133
bih,1917,4.018
bih,1918,3.995
bih,1919,3.996
bih,1920,3.883
bih,1921,3.877
bih,1922,3.972
bih,1923,4.066
bih,1924,4.285
bih,1925,4.372
bih,1926,4.623
bih,1927,4.469
bih,1928,4.716
bih,1929,4.994
bih,1930,4.709
bih,1931,4.598
bih,1932,4.104
bih,1933,4.118
bih,1934,4.238
bih,1935,4.096
bih,1936,4.568
bih,1937,4.562
bih,1938,4.781
bih,1939,4.938
bih,1940,4.931
bih,1941,4.766
bih,1942,4.642
bih,1943,4.521
bih,1944,4.376
bih,1945,4.265
bih,1946,4.153
bih,1947,4.025
bih,1948,4.608
bih,1949,4.874
bih,1950,4.353
bih,1951,4.467
bih,1952,3.892
bih,1953,3.893
bih,1954,3.683
bih,1955,4.453
bih,1956,3.775
bih,1957,4.2
bih,1958,4.31
bih,1959,4.949
bih,1960,5.222
bih,1961,5.219
bih,1962,4.932
bih,1963,5.373
bih,1964,5.835
bih,1965,5.998
bih,1966,6.165
bih,1967,5.988
bih,1968,5.983
bih,1969,6.34
bih,1970,6.516
bih,1971,6.718
bih,1972,6.906
bih,1973,6.896
bih,1974,7.285
bih,1975,7.273
bih,1976,7.257
bih,1977,7.662
bih,1978,7.863
bih,1979,8.293
bih,1980,8.507
bih,1981,8.372
bih,1982,8.322
bih,1983,8.123
bih,1984,8.012
bih,1985,8.005
bih,1986,8.053
bih,1987,7.84
bih,1988,7.347
bih,1989,7.317
bih,1990,6.306
bih,1991,5.725
bih,1992,6.165
bih,1993,7.519
bih,1994,9.113
bih,1995,10.039
bih,1996,12.692
bih,1997,16.523
bih,1998,18.765
bih,1999,20.131
bih,2000,20.051
bih,2001,20.564
bih,2002,21.107
bih,2003,21.539
bih,2004,22.526
bih,2005,23.822
bih,2006,25.399
bih,2007,27.378
bih,2008,29.303
bih,2009,29.132
bih,2010,29.507
bih,2011,30.598
bih,2012,31.048
bih,2013,32.108
bih,2014,32.861
bih,2015,34.966
bih,2016,36.514
bih,2017,38.212
bih,2018,40.003
bih,2019,41.601
bih,2020,41.332
bih,2021,44.855
bih,2022,47.405
bih,2023,48.493
bih,2024,49.881
bih,2025,52.364
bih,2026,55.826
bih,2027,59.755
bih,2028,62.067
bih,2029,64.099
bih,2030,66.829
bih,2031,68.38
bih,2032,68.115
bih,2033,69.739
bih,2034,71.413
bih,2035,73.106
bih,2036,72.806
bih,2037,74.571
bih,2038,76.371
bih,2039,78.19
bih,2040,77.86
bih,2041,79.805
bih,2042,81.692
bih,2043,83.609
bih,2044,83.306
bih,2045,85.26
bih,2046,87.278
bih,2047,89.372
bih,2048,88.939
bih,2049,91.031
bih,2050,93.39
bih,2051,93.012
bih,2052,95.211
bih,2053,97.35
bih,2054,96.99
bih,2055,99.404
bih,2056,99.152
bih,2057,101.888
bih,2058,104.564
bih,2059,104.058
bih,2060,106.491
bih,2061,109.076
bih,2062,108.624
bih,2063,111.216
bih,2064,110.75
bih,2065,113.504
bih,2066,113.041
bih,2067,115.746
bih,2068,118.447
bih,2069,118.333
bih,2070,121.231
bih,2071,120.754
bih,2072,123.664
bih,2073,123.266
bih,2074,126.243
bih,2075,125.76
bih,2076,128.804
bih,2077,128.318
bih,2078,131.431
bih,2079,130.942
bih,2080,134.029
bih,2081,133.449
bih,2082,136.954
bih,2083,136.402
bih,2084,135.917
bih,2085,139.362
bih,2086,139.003
bih,2087,142.2
bih,2088,142.19
bih,2089,145.699
bih,2090,145.217
bih,2091,144.744
bih,2092,148.538
bih,2093,148.067
bih,2094,147.723
bih,2095,151.407
bih,2096,150.947
bih,2097,154.723
bih,2098,155.14
bih,2099,155.276
bih,2100,159.391
bwa,1800,1.25
bwa,1801,1.25
bwa,1802,1.251
bwa,1803,1.25
bwa,1804,1.25
bwa,1805,1.25
bwa,1806,1.25
bwa,1807,1.25
bwa,1808,1.25
bwa,1809,1.286
bwa,1810,1.285
bwa,1811,1.285
bwa,1812,1.286
bwa,1813,1.285
bwa,1814,1.285
bwa,1815,1.288
bwa,1816,1.288
bwa,1817,1.288
bwa,1818,1.288
bwa,1819,1.324
bwa,1820,1.324
bwa,1821,1.324
bwa,1822,1.324
bwa,1823,1.324
bwa,1824,1.324
bwa,1825,1.307
bwa,1826,1.308
bwa,1827,1.307
bwa,1828,1.344
bwa,1829,1.344
bwa,1830,1.344
bwa,1831,1.344
bwa,1832,1.344
bwa,1833,1.344
bwa,1834,1.344
bwa,1835,1.344
bwa,1836,1.344
bwa,1837,1.382
bwa,1838,1.382
bwa,1839,1.382
bwa,1840,1.382
bwa,1841,1.382
bwa,1842,1.382
bwa,1843,1.381
bwa,1844,1.381
bwa,1845,1.381
bwa,1846,1.381
bwa,1847,1.419
bwa,1848,1.419
bwa,1849,1.419
bwa,1850,1.419
bwa,1851,1.419
bwa,1852,1.419
bwa,1853,1.419
bwa,1854,1.42
bwa,1855,1.42
bwa,1856,1.459
bwa,1857,1.459
bwa,1858,1.46
bwa,1859,1.459
bwa,1860,1.459
bwa,1861,1.46
bwa,1862,1.459
bwa,1863,1.46
bwa,1864,1.459
bwa,1865,1.5
bwa,1866,1.501
bwa,1867,1.5
bwa,1868,1.5
bwa,1869,1.501
bwa,1870,1.5
bwa,1871,1.501
bwa,1872,1.495
bwa,1873,1.489
bwa,1874,1.483
bwa,1875,1.519
bwa,1876,1.513
bwa,1877,1.507
bwa,1878,1.501
bwa,1879,1.495
bwa,1880,1.489
bwa,1881,1.483
bwa,1882,1.477
bwa,1883,1.471
bwa,1884,1.507
bwa,1885,1.5
bwa,1886,1.494
bwa,1887,1.488
bwa,1888,1.482
bwa,1889,1.475
bwa,1890,1.469
bwa,1891,1.463
bwa,1892,1.457
bwa,1893,1.491
bwa,1894,1.485
bwa,1895,1.479
bwa,1896,1.472
bwa,1897,1.466
bwa,1898,1.459
bwa,1899,1.453
bwa,1900,1.446
bwa,1901,1.44
bwa,1902,1.434
bwa,1903,1.468
bwa,1904,1.461
bwa,1905,1.455
bwa,1906,1.448
bwa,1907,1.442
bwa,1908,1.435
bwa,1909,1.428
bwa,1910,1.422
bwa,1911,1.415
bwa,1912,1.448
bwa,1913,1.442
bwa,1914,1.435
bwa,1915,1.428
bwa,1916,1.422
bwa,1917,1.415
bwa,1918,1.408
bwa,1919,1.402
bwa,1920,1.395
bwa,1921,1.427
bwa,1922,1.421
bwa,1923,1.414
bwa,1924,1.407
bwa,1925,1.4
bwa,1926,1.393
bwa,1927,1.387
bwa,1928,1.38
bwa,1929,1.374
bwa,1930,1.405
bwa,1931,1.398
bwa,1932,1.392
bwa,1933,1.385
bwa,1934,1.378
bwa,1935,1.371
bwa,1936,1.365
bwa,1937,1.358
bwa,1938,1.351
bwa,1939,1.345
bwa,1940,1.376
bwa,1941,1.361
bwa,1942,1.346
bwa,1943,1.369
bwa,1944,1.354
bwa,1945,1.339
bwa,1946,1.324
bwa,1947,1.347
bwa,1948,1.332
bwa,1949,1.317
bwa,1950,1.339
bwa,1951,1.362
bwa,1952,1.347
bwa,1953,1.37
bwa,1954,1.393
bwa,1955,1.416
bwa,1956,1.401
bwa,1957,1.425
bwa,1958,1.449
bwa,1959,1.473
bwa,1960,1.457
bwa,1961,1.482
bwa,1962,1.551
bwa,1963,1.537
bwa,1964,1.61
bwa,1965,1.597
bwa,1966,1.671
bwa,1967,1.905
bwa,1968,2.052
bwa,1969,2.149
bwa,1970,2.315
bwa,1971,2.866
bwa,1972,3.449
bwa,1973,4.036
bwa,1974,4.23
bwa,1975,4.437
bwa,1976,4.649
bwa,1977,4.877
bwa,1978,5.259
bwa,1979,5.669
bwa,1980,6.117
bwa,1981,6.862
bwa,1982,7.738
bwa,1983,8.503
bwa,1984,9.194
bwa,1985,9.879
bwa,1986,10.441
bwa,1987,11.353
bwa,1988,13.259
bwa,1989,14.659
bwa,1990,15.552
bwa,1991,16.197
bwa,1992,16.076
bwa,1993,15.773
bwa,1994,15.704
bwa,1995,15.584
bwa,1996,15.585
bwa,1997,16.886
bwa,1998,16.261
bwa,1999,17.395
bwa,2000,16.813
bwa,2001,16.727
bwa,2002,17.184
bwa,2003,17.77
bwa,2004,18.469
bwa,2005,19.234
bwa,2006,21.582
bwa,2007,22.698
bwa,2008,24.129
bwa,2009,20.821
bwa,2010,22.803
bwa,2011,24.181
bwa,2012,24.604
bwa,2013,27.514
bwa,2014,29.307
bwa,2015,28.1
bwa,2016,31.307
bwa,2017,32.148
bwa,2018,33.006
bwa,2019,33.525
bwa,2020,30.275
bwa,2021,33.653
bwa,2022,34.592
bwa,2023,35.642
bwa,2024,33.765
bwa,2025,32.598
bwa,2026,34.434
bwa,2027,35.695
bwa,2028,36.677
bwa,2029,37.742
bwa,2030,37.897
bwa,2031,38.972
bwa,2032,40.022
bwa,2033,41.07
bwa,2034,42.167
bwa,2035,42.065
bwa,2036,43.169
bwa,2037,44.324
bwa,2038,45.582
bwa,2039,45.518
bwa,2040,46.787
bwa,2041,48.042
bwa,2042,49.308
bwa,2043,50.622
bwa,2044,50.553
bwa,2045,51.827
bwa,2046,53.295
bwa,2047,54.921
bwa,2048,54.953
bwa,2049,56.592
bwa,2050,58.183
bwa,2051,58.111
bwa,2052,59.666
bwa,2053,61.396
bwa,2054,61.301
bwa,2055,62.941
bwa,2056,64.787
bwa,2057,64.639
bwa,2058,66.22
bwa,2059,68.202
bwa,2060,68.214
bwa,2061,69.99
bwa,2062,72.065
bwa,2063,72.074
bwa,2064,73.903
bwa,2065,76.114
bwa,2066,76.126
bwa,2067,78.17
bwa,2068,78.075
bwa,2069,80.309
bwa,2070,82.468
bwa,2071,82.608
bwa,2072,85.119
bwa,2073,85.225
bwa,2074,87.619
bwa,2075,87.706
bwa,2076,90.298
bwa,2077,90.21
bwa,2078,92.658
bwa,2079,92.75
bwa,2080,95.269
bwa,2081,95.209
bwa,2082,97.86
bwa,2083,97.982
bwa,2084,100.651
bwa,2085,100.567
bwa,2086,103.52
bwa,2087,103.752
bwa,2088,106.913
bwa,2089,106.837
bwa,2090,109.792
bwa,2091,109.716
bwa,2092,110.077
bwa,2093,113.103
bwa,2094,113.014
bwa,2095,115.979
bwa,2096,115.912
bwa,2097,116.197
bwa,2098,119.37
bwa,2099,119.314
bwa,2100,122.373
bra,1800,2.489
bra,1801,2.489
bra,1802,2.489
bra,1803,2.489
bra,1804,2.489
bra,1805,2.489
bra,1806,2.489
bra,1807,2.489
bra,1808,2.489
bra,1809,2.489
bra,1810,2.489
bra,1811,2.489
bra,1812,2.489
bra,1813,2.489
bra,1814,2.489
bra,1815,2.489
bra,1816,2.489
bra,1817,2.489
bra,1818,2.489
bra,1819,2.489
bra,1820,2.489
bra,1821,2.489
bra,1822,2.489
bra,1823,2.489
bra,1824,2.308
bra,1825,2.301
bra,1826,2.312
bra,1827,2.332
bra,1828,2.458
bra,1829,2.453
bra,1830,2.421
bra,1831,2.419
bra,1832,2.419
bra,1833,2.493
bra,1834,2.948
bra,1835,3.147
bra,1836,3.724
bra,1837,3.87
bra,1838,3.616
bra,1839,3.541
bra,1840,3.366
bra,1841,3.261
bra,1842,3.245
bra,1843,3.098
bra,1844,2.946
bra,1845,2.913
bra,1846,2.876
bra,1847,2.895
bra,1848,2.903
bra,1849,2.909
bra,1850,2.92
bra,1851,3.089
bra,1852,3.005
bra,1853,2.843
bra,1854,2.765
bra,1855,2.763
bra,1856,2.829
bra,1857,3.07
bra,1858,3.243
bra,1859,3.236
bra,1860,3.331
bra,1861,3.209
bra,1862,3.126
bra,1863,3.166
bra,1864,3.252
bra,1865,3.501
bra,1866,3.693
bra,1867,4.024
bra,1868,4.024
bra,1869,4.013
bra,1870,3.703
bra,1871,3.703
bra,1872,3.778
bra,1873,3.611
bra,1874,3.704
bra,1875,3.644
bra,1876,3.548
bra,1877,3.469
bra,1878,3.565
bra,1879,3.654
bra,1880,3.466
bra,1881,3.481
bra,1882,3.561
bra,1883,3.467
bra,1884,3.774
bra,1885,3.322
bra,1886,3.314
bra,1887,3.074
bra,1888,2.857
bra,1889,2.93
bra,1890,3.177
bra,1891,3.35
bra,1892,2.893
bra,1893,2.444
bra,1894,2.452
bra,1895,2.924
bra,1896,2.721
bra,1897,2.699
bra,1898,2.815
bra,1899,2.783
bra,1900,2.713
bra,1901,2.936
bra,1902,2.836
bra,1903,2.816
bra,1904,2.808
bra,1905,2.795
bra,1906,3.018
bra,1907,2.907
bra,1908,2.808
bra,1909,2.967
bra,1910,3.043
bra,1911,3.442
bra,1912,3.464
bra,1913,3.793
bra,1914,2.76
bra,1915,2.627
bra,1916,2.619
bra,1917,2.663
bra,1918,2.584
bra,1919,3.17
bra,1920,3.512
bra,1921,3.387
bra,1922,3.473
bra,1923,3.66
bra,1924,3.345
bra,1925,3.23
bra,1926,3.475
bra,1927,3.727
bra,1928,4.037
bra,1929,4.032
bra,1930,3.737
bra,1931,3.557
bra,1932,3.642
bra,1933,3.795
bra,1934,3.95
bra,1935,3.935
bra,1936,4.261
bra,1937,4.194
bra,1938,4.228
bra,1939,3.915
bra,1940,3.768
bra,1941,4.036
bra,1942,3.869
bra,1943,4.266
bra,1944,4.429
bra,1945,4.392
bra,1946,4.733
bra,1947,4.693
bra,1948,5.056
bra,1949,5.299
bra,1950,5.253
bra,1951,5.354
bra,1952,5.61
bra,1953,5.562
bra,1954,5.828
bra,1955,6.079
bra,1956,5.909
bra,1957,6.149
bra,1958,6.408
bra,1959,6.701
bra,1960,7.089
bra,1961,7.8
bra,1962,7.989
bra,1963,7.734
bra,1964,7.918
bra,1965,7.892
bra,1966,8.06
bra,1967,8.231
bra,1968,8.633
bra,1969,9.054
bra,1970,9.757
bra,1971,10.54
bra,1972,11.356
bra,1973,12.598
bra,1974,13.219
bra,1975,13.455
bra,1976,14.508
bra,1977,14.816
bra,1978,15.129
bra,1979,15.45
bra,1980,16.673
bra,1981,15.843
bra,1982,16.065
bra,1983,14.963
bra,1984,15.945
bra,1985,18.442
bra,1986,19.078
bra,1987,18.793
bra,1988,17.909
bra,1989,17.45
bra,1990,18.484
bra,1991,20.746
bra,1992,22.778
bra,1993,19.377
bra,1994,19.238
bra,1995,21.057
bra,1996,21.071
bra,1997,22.141
bra,1998,21.533
bra,1999,22.497
bra,2000,22.736
bra,2001,22.859
bra,2002,23.121
bra,2003,23.828
bra,2004,25.367
bra,2005,26.284
bra,2006,27.242
bra,2007,29.543
bra,2008,31.423
bra,2009,31.542
bra,2010,33.777
bra,2011,35.46
bra,2012,35.262
bra,2013,36.435
bra,2014,36.939
bra,2015,35.433
bra,2016,33.038
bra,2017,33.561
bra,2018,33.513
bra,2019,34.354
bra,2020,34.814
bra,2021,34.223
bra,2022,35.828
bra,2023,37.862
bra,2024,40.203
bra,2025,41.988
bra,2026,43.732
bra,2027,45.751
bra,2028,47.642
bra,2029,49.311
bra,2030,50.355
bra,2031,51.228
bra,2032,52.465
bra,2033,52.273
bra,2034,53.557
bra,2035,54.868
bra,2036,56.21
bra,2037,57.581
bra,2038,57.37
bra,2039,58.763
bra,2040,60.187
bra,2041,61.643
bra,2042,61.405
bra,2043,62.893
bra,2044,64.407
bra,2045,65.954
bra,2046,65.69
bra,2047,67.264
bra,2048,68.874
bra,2049,70.519
bra,2050,70.228
bra,2051,71.908
bra,2052,73.621
bra,2053,73.357
bra,2054,75.103
bra,2055,76.889
bra,2056,76.564
bra,2057,78.383
bra,2058,80.244
bra,2059,79.903
bra,2060,81.799
bra,2061,83.74
bra,2062,83.382
bra,2063,85.383
bra,2064,87.497
bra,2065,87.127
bra,2066,89.353
bra,2067,88.98
bra,2068,91.099
bra,2069,93.27
bra,2070,92.883
bra,2071,95.098
bra,2072,94.759
bra,2073,97.202
bra,2074,99.53
bra,2075,99.254
bra,2076,101.637
bra,2077,101.411
bra,2078,103.854
bra,2079,103.654
bra,2080,106.16
bra,2081,105.756
bra,2082,108.318
bra,2083,107.912
bra,2084,110.534
bra,2085,110.126
bra,2086,112.808
bra,2087,112.4
bra,2088,111.997
bra,2089,114.735
bra,2090,114.331
bra,2091,117.231
bra,2092,116.828
bra,2093,119.705
bra,2094,119.302
bra,2095,119.038
bra,2096,121.987
bra,2097,121.592
bra,2098,124.611
bra,2099,124.62
bra,2100,124.215
brn,1800,5.867
brn,1801,5.867
brn,1802,5.867
brn,1803,5.867
brn,1804,5.867
brn,1805,5.867
brn,1806,5.867
brn,1807,5.867
brn,1808,5.868
brn,1809,5.868
brn,1810,5.868
brn,1811,5.87
brn,1812,5.87
brn,1813,5.873
brn,1814,5.878
brn,1815,5.87
brn,1816,5.865
brn,1817,5.865
brn,1818,5.867
brn,1819,5.862
brn,1820,5.857
brn,1821,5.86
brn,1822,5.872
brn,1823,5.872
brn,1824,6.009
brn,1825,6.18
brn,1826,6.164
brn,1827,6.185
brn,1828,6.169
brn,1829,6.162
brn,1830,6.175
brn,1831,6.165
brn,1832,6.174
brn,1833,6.358
brn,1834,6.35
brn,1835,6.335
brn,1836,6.345
brn,1837,6.484
brn,1838,6.493
brn,1839,6.492
brn,1840,6.491
brn,1841,6.681
brn,1842,6.671
brn,1843,6.751
brn,1844,6.749
brn,1845,6.9
brn,1846,6.899
brn,1847,6.917
brn,1848,6.903
brn,1849,7.097
brn,1850,7.098
brn,1851,7.11
brn,1852,7.1
brn,1853,7.102
brn,1854,7.107
brn,1855,7.092
brn,1856,7.101
brn,1857,7.376
brn,1858,7.376
brn,1859,7.382
brn,1860,7.672
brn,1861,7.678
brn,1862,7.744
brn,1863,7.834
brn,1864,7.903
brn,1865,8.122
brn,1866,8.125
brn,1867,8.134
brn,1868,8.131
brn,1869,8.131
brn,1870,8.129
brn,1871,8.129
brn,1872,8.108
brn,1873,8.088
brn,1874,8.284
brn,1875,8.261
brn,1876,8.239
brn,1877,8.216
brn,1878,8.18
brn,1879,8.161
brn,1880,8.131
brn,1881,8.111
brn,1882,8.307
brn,1883,8.286
brn,1884,8.255
brn,1885,8.236
brn,1886,8.206
brn,1887,8.183
brn,1888,8.158
brn,1889,8.135
brn,1890,8.335
brn,1891,8.307
brn,1892,8.284
brn,1893,8.257
brn,1894,8.235
brn,1895,8.212
brn,1896,8.185
brn,1897,8.16
brn,1898,8.366
brn,1899,8.335
brn,1900,8.315
brn,1901,8.289
brn,1902,8.253
brn,1903,8.229
brn,1904,8.202
brn,1905,8.178
brn,1906,8.385
brn,1907,8.357
brn,1908,8.334
brn,1909,8.31
brn,1910,8.284
brn,1911,8.26
brn,1912,8.233
brn,1913,8.21
brn,1914,8.417
brn,1915,8.36
brn,1916,8.368
brn,1917,8.312
brn,1918,8.151
brn,1919,8.131
brn,1920,7.991
brn,1921,7.973
brn,1922,8.182
brn,1923,8.164
brn,1924,8.147
brn,1925,8.091
brn,1926,8.075
brn,1927,8.06
brn,1928,8.271
brn,1929,8.254
brn,1930,9.389
brn,1931,10.92
brn,1932,11.589
brn,1933,13.658
brn,1934,16.097
brn,1935,18.398
brn,1936,21.706
brn,1937,26.259
brn,1938,31.108
brn,1939,35.517
brn,1940,41.648
brn,1941,48.734
brn,1942,55.891
brn,1943,65.512
brn,1944,75.67
brn,1945,90.088
brn,1946,103.995
brn,1947,123.939
brn,1948,142.853
brn,1949,168.52
brn,1950,194.535
brn,1951,200.64
brn,1952,207.016
brn,1953,207.806
brn,1954,214.368
brn,1955,215.159
brn,1956,222.042
brn,1957,222.789
brn,1958,229.737
brn,1959,237.085
brn,1960,238.105
brn,1961,245.647
brn,1962,246.469
brn,1963,254.257
brn,1964,255.067
brn,1965,263.207
brn,1966,271.582
brn,1967,272.51
brn,1968,281.098
brn,1969,282.037
brn,1970,290.929
brn,1971,300.256
brn,1972,318.447
brn,1973,328.534
brn,1974,358.5
brn,1975,340.071
brn,1976,392.717
brn,1977,416.463
brn,1978,429.292
brn,1979,508.268
brn,1980,456.158
brn,1981,341.824
brn,1982,272.753
brn,1983,275.848
brn,1984,273.545
brn,1985,264.346
brn,1986,257.145
brn,1987,251.087
brn,1988,257.242
brn,1989,262.888
brn,1990,263.513
brn,1991,266.504
brn,1992,242.072
brn,1993,236.267
brn,1994,232.054
brn,1995,227.112
brn,1996,219.99
brn,1997,244.627
brn,1998,217.212
brn,1999,225.614
brn,2000,231.758
brn,2001,230.448
brn,2002,236.514
brn,2003,243.392
brn,2004,240.72
brn,2005,237.888
brn,2006,243.807
brn,2007,224.52
brn,2008,209.42
brn,2009,202.155
brn,2010,203.396
brn,2011,205.902
brn,2012,204.336
brn,2013,198.023
brn,2014,191.358
brn,2015,188.355
brn,2016,182.147
brn,2017,182.249
brn,2018,180.447
brn,2019,184.575
brn,2020,184.737
brn,2021,180.109
brn,2022,171.709
brn,2023,178.015
brn,2024,186.474
brn,2025,194.069
brn,2026,205.059
brn,2027,212.008
brn,2028,213.472
brn,2029,220.231
brn,2030,219.326
brn,2031,217.293
brn,2032,215.427
brn,2033,219.522
brn,2034,217.62
brn,2035,215.775
brn,2036,213.987
brn,2037,212.248
brn,2038,216.475
brn,2039,214.784
brn,2040,213.102
brn,2041,211.509
brn,2042,215.861
brn,2043,214.314
brn,2044,212.814
brn,2045,211.355
brn,2046,209.935
brn,2047,214.422
brn,2048,213.045
brn,2049,211.639
brn,2050,210.337
brn,2051,209.073
brn,2052,213.684
brn,2053,212.458
brn,2054,211.21
brn,2055,210.044
brn,2056,208.916
brn,2057,207.814
brn,2058,212.56
brn,2059,211.491
brn,2060,210.448
brn,2061,209.16
brn,2062,208.17
brn,2063,207.208
brn,2064,206.274
brn,2065,211.352
brn,2066,210.443
brn,2067,209.562
brn,2068,208.705
brn,2069,207.93
brn,2070,207.117
brn,2071,206.333
brn,2072,205.563
brn,2073,210.572
brn,2074,209.825
brn,2075,209.098
brn,2076,208.391
brn,2077,207.705
brn,2078,207.036
brn,2079,205.788
brn,2080,205.145
brn,2081,204.523
brn,2082,203.914
brn,2083,209.042
brn,2084,208.443
brn,2085,207.87
brn,2086,207.309
brn,2087,206.829
brn,2088,206.302
brn,2089,205.786
brn,2090,205.286
brn,2091,204.796
brn,2092,204.322
brn,2093,203.862
brn,2094,203.414
brn,2095,202.977
brn,2096,208.37
brn,2097,207.946
brn,2098,207.535
brn,2099,207.138
brn,2100,206.746
bgr,1800,3.007
bgr,1801,3.007
bgr,1802,3.007
bgr,1803,3.007
bgr,1804,3.007
bgr,1805,3.007
bgr,1806,3.007
bgr,1807,3.007
bgr,1808,3.007
bgr,1809,3.007
bgr,1810,3.007
bgr,1811,3.007
bgr,1812,3.007
bgr,1813,3.007
bgr,1814,3.007
bgr,1815,3.007
bgr,1816,3.007
bgr,1817,3.007
bgr,1818,3.007
bgr,1819,3.007
bgr,1820,3.007
bgr,1821,3.091
bgr,1822,3.092
bgr,1823,3.092
bgr,1824,3.092
bgr,1825,3.092
bgr,1826,3.092
bgr,1827,3.178
bgr,1828,3.178
bgr,1829,3.179
bgr,1830,3.178
bgr,1831,3.178
bgr,1832,3.178
bgr,1833,3.268
bgr,1834,3.268
bgr,1835,3.268
bgr,1836,3.268
bgr,1837,3.268
bgr,1838,3.36
bgr,1839,3.36
bgr,1840,3.36
bgr,1841,3.36
bgr,1842,3.36
bgr,1843,3.36
bgr,1844,3.454
bgr,1845,3.454
bgr,1846,3.454
bgr,1847,3.454
bgr,1848,3.454
bgr,1849,3.551
bgr,1850,3.551
bgr,1851,3.551
bgr,1852,3.551
bgr,1853,3.551
bgr,1854,3.551
bgr,1855,3.651
bgr,1856,3.651
bgr,1857,3.651
bgr,1858,3.651
bgr,1859,3.651
bgr,1860,3.651
bgr,1861,3.754
bgr,1862,3.754
bgr,1863,3.754
bgr,1864,3.859
bgr,1865,3.859
bgr,1866,3.859
bgr,1867,3.968
bgr,1868,3.968
bgr,1869,4.079
bgr,1870,4.079
bgr,1871,4.079
bgr,1872,4.207
bgr,1873,4.22
bgr,1874,4.351
bgr,1875,4.364
bgr,1876,4.5
bgr,1877,4.513
bgr,1878,4.653
bgr,1879,4.667
bgr,1880,4.812
bgr,1881,4.825
bgr,1882,4.975
bgr,1883,4.988
bgr,1884,5.143
bgr,1885,5.173
bgr,1886,5.332
bgr,1887,5.345
bgr,1888,5.524
bgr,1889,5.554
bgr,1890,5.752
bgr,1891,5.779
bgr,1892,6.007
bgr,1893,5.804
bgr,1894,5.618
bgr,1895,5.451
bgr,1896,5.465
bgr,1897,5.316
bgr,1898,5.182
bgr,1899,5.195
bgr,1900,5.207
bgr,1901,5.366
bgr,1902,5.39
bgr,1903,5.553
bgr,1904,5.564
bgr,1905,5.742
bgr,1906,5.765
bgr,1907,5.959
bgr,1908,5.98
bgr,1909,6.0
bgr,1910,6.22
bgr,1911,6.228
bgr,1912,6.024
bgr,1913,6.027
bgr,1914,5.856
bgr,1915,5.858
bgr,1916,5.701
bgr,1917,5.713
bgr,1918,5.568
bgr,1919,5.571
bgr,1920,5.427
bgr,1921,5.437
bgr,1922,5.447
bgr,1923,5.61
bgr,1924,5.62
bgr,1925,6.688
bgr,1926,6.873
bgr,1927,6.558
bgr,1928,6.732
bgr,1929,6.914
bgr,1930,7.096
bgr,1931,7.094
bgr,1932,6.76
bgr,1933,7.323
bgr,1934,6.619
bgr,1935,6.969
bgr,1936,7.753
bgr,1937,8.515
bgr,1938,8.514
bgr,1939,9.569
bgr,1940,9.58
bgr,1941,8.27
bgr,1942,7.986
bgr,1943,7.954
bgr,1944,7.09
bgr,1945,5.658
bgr,1946,6.138
bgr,1947,6.646
bgr,1948,7.167
bgr,1949,7.761
bgr,1950,8.423
bgr,1951,9.934
bgr,1952,9.348
bgr,1953,10.127
bgr,1954,9.801
bgr,1955,10.318
bgr,1956,9.99
bgr,1957,10.814
bgr,1958,11.712
bgr,1959,12.33
bgr,1960,13.34
bgr,1961,13.639
bgr,1962,14.746
bgr,1963,15.081
bgr,1964,15.866
bgr,1965,16.688
bgr,1966,17.545
bgr,1967,17.939
bgr,1968,17.847
bgr,1969,18.767
bgr,1970,19.2
bgr,1971,19.639
bgr,1972,20.657
bgr,1973,21.723
bgr,1974,22.219
bgr,1975,24.024
bgr,1976,24.574
bgr,1977,25.132
bgr,1978,25.705
bgr,1979,27.031
bgr,1980,26.89
bgr,1981,29.4
bgr,1982,31.387
bgr,1983,32.285
bgr,1984,34.226
bgr,1985,34.81
bgr,1986,36.749
bgr,1987,38.583
bgr,1988,40.168
bgr,1989,41.075
bgr,1990,38.435
bgr,1991,35.703
bgr,1992,31.518
bgr,1993,32.715
bgr,1994,34.43
bgr,1995,31.942
bgr,1996,32.382
bgr,1997,31.475
bgr,1998,32.976
bgr,1999,29.696
bgr,2000,32.245
bgr,2001,34.228
bgr,2002,36.575
bgr,2003,38.954
bgr,2004,42.641
bgr,2005,46.32
bgr,2006,47.94
bgr,2007,54.689
bgr,2008,55.628
bgr,2009,53.219
bgr,2010,54.894
bgr,2011,56.962
bgr,2012,56.343
bgr,2013,57.979
bgr,2014,56.11
bgr,2015,58.77
bgr,2016,59.037
bgr,2017,62.577
bgr,2018,62.078
bgr,2019,66.019
bgr,2020,63.319
bgr,2021,71.14
bgr,2022,74.235
bgr,2023,79.711
bgr,2024,82.452
bgr,2025,86.673
bgr,2026,92.679
bgr,2027,96.908
bgr,2028,100.854
bgr,2029,101.512
bgr,2030,105.444
bgr,2031,104.83
bgr,2032,107.163
bgr,2033,109.521
bgr,2034,108.871
bgr,2035,111.271
bgr,2036,110.616
bgr,2037,113.058
bgr,2038,115.557
bgr,2039,114.908
bgr,2040,117.454
bgr,2041,116.748
bgr,2042,119.368
bgr,2043,118.688
bgr,2044,121.335
bgr,2045,124.045
bgr,2046,123.353
bgr,2047,126.108
bgr,2048,125.46
bgr,2049,128.22
bgr,2050,127.542
bgr,2051,130.425
bgr,2052,129.67
bgr,2053,132.775
bgr,2054,132.107
bgr,2055,135.037
bgr,2056,134.41
bgr,2057,137.41
bgr,2058,136.915
bgr,2059,136.245
bgr,2060,139.397
bgr,2061,138.656
bgr,2062,141.878
bgr,2063,141.262
bgr,2064,144.433
bgr,2065,143.512
bgr,2066,143.334
bgr,2067,146.711
bgr,2068,146.017
bgr,2069,149.502
bgr,2070,148.927
bgr,2071,148.387
bgr,2072,151.932
bgr,2073,151.193
bgr,2074,150.553
bgr,2075,154.334
bgr,2076,154.029
bgr,2077,153.448
bgr,2078,157.109
bgr,2079,156.619
bgr,2080,155.69
bgr,2081,159.499
bgr,2082,158.94
bgr,2083,158.353
bgr,2084,157.817
bgr,2085,161.784
bgr,2086,161.6
bgr,2087,160.863
bgr,2088,164.867
bgr,2089,164.14
bgr,2090,163.642
bgr,2091,163.155
bgr,2092,167.252
bgr,2093,166.784
bgr,2094,166.316
bgr,2095,165.859
bgr,2096,170.061
bgr,2097,170.056
bgr,2098,169.114
bgr,2099,168.684
bgr,2100,168.264
bfa,1800,1.593
bfa,1801,1.593
bfa,1802,1.593
bfa,1803,1.593
bfa,1804,1.593
bfa,1805,1.593
bfa,1806,1.593
bfa,1807,1.593
bfa,1808,1.593
bfa,1809,1.593
bfa,1810,1.637
bfa,1811,1.637
bfa,1812,1.637
bfa,1813,1.637
bfa,1814,1.637
bfa,1815,1.637
bfa,1816,1.637
bfa,1817,1.637
bfa,1818,1.637
bfa,1819,1.637
bfa,1820,1.637
bfa,1821,1.683
bfa,1822,1.683
bfa,1823,1.683
bfa,1824,1.683
bfa,1825,1.683
bfa,1826,1.683
bfa,1827,1.683
bfa,1828,1.683
bfa,1829,1.683
bfa,1830,1.683
bfa,1831,1.683
bfa,1832,1.731
bfa,1833,1.731
bfa,1834,1.731
bfa,1835,1.731
bfa,1836,1.731
bfa,1837,1.731
bfa,1838,1.731
bfa,1839,1.731
bfa,1840,1.731
bfa,1841,1.731
bfa,1842,1.731
bfa,1843,1.779
bfa,1844,1.779
bfa,1845,1.779
bfa,1846,1.779
bfa,1847,1.779
bfa,1848,1.779
bfa,1849,1.779
bfa,1850,1.779
bfa,1851,1.779
bfa,1852,1.779
bfa,1853,1.779
bfa,1854,1.829
bfa,1855,1.829
bfa,1856,1.829
bfa,1857,1.829
bfa,1858,1.829
bfa,1859,1.829
bfa,1860,1.829
bfa,1861,1.829
bfa,1862,1.829
bfa,1863,1.829
bfa,1864,1.829
bfa,1865,1.881
bfa,1866,1.881
bfa,1867,1.881
bfa,1868,1.881
bfa,1869,1.881
bfa,1870,1.881
bfa,1871,1.881
bfa,1872,1.878
bfa,1873,1.875
bfa,1874,1.872
bfa,1875,1.869
bfa,1876,1.919
bfa,1877,1.916
bfa,1878,1.913
bfa,1879,1.91
bfa,1880,1.907
bfa,1881,1.904
bfa,1882,1.901
bfa,1883,1.898
bfa,1884,1.895
bfa,1885,1.892
bfa,1886,1.889
bfa,1887,1.886
bfa,1888,1.936
bfa,1889,1.933
bfa,1890,1.93
bfa,1891,1.926
bfa,1892,1.923
bfa,1893,1.92
bfa,1894,1.917
bfa,1895,1.914
bfa,1896,1.911
bfa,1897,1.908
bfa,1898,1.905
bfa,1899,1.955
bfa,1900,1.952
bfa,1901,1.948
bfa,1902,1.945
bfa,1903,1.941
bfa,1904,1.938
bfa,1905,1.935
bfa,1906,1.932
bfa,1907,1.929
bfa,1908,1.925
bfa,1909,1.922
bfa,1910,1.973
bfa,1911,1.969
bfa,1912,1.966
bfa,1913,1.963
bfa,1914,1.959
bfa,1915,1.956
bfa,1916,1.953
bfa,1917,1.949
bfa,1918,1.945
bfa,1919,1.942
bfa,1920,1.939
bfa,1921,1.99
bfa,1922,1.986
bfa,1923,1.983
bfa,1924,1.979
bfa,1925,1.976
bfa,1926,1.972
bfa,1927,1.969
bfa,1928,1.965
bfa,1929,1.962
bfa,1930,1.958
bfa,1931,1.955
bfa,1932,2.006
bfa,1933,2.003
bfa,1934,1.998
bfa,1935,1.995
bfa,1936,1.991
bfa,1937,1.988
bfa,1938,1.984
bfa,1939,1.981
bfa,1940,1.977
bfa,1941,1.961
bfa,1942,1.945
bfa,1943,1.93
bfa,1944,1.914
bfa,1945,1.899
bfa,1946,1.883
bfa,1947,1.868
bfa,1948,1.853
bfa,1949,1.838
bfa,1950,1.823
bfa,1951,1.808
bfa,1952,1.844
bfa,1953,1.88
bfa,1954,1.918
bfa,1955,1.902
bfa,1956,1.94
bfa,1957,1.978
bfa,1958,2.017
bfa,1959,2.001
bfa,1960,2.041
bfa,1961,1.969
bfa,1962,2.009
bfa,1963,1.94
bfa,1964,1.926
bfa,1965,1.966
bfa,1966,1.898
bfa,1967,1.992
bfa,1968,2.033
bfa,1969,2.019
bfa,1970,1.949
bfa,1971,1.935
bfa,1972,2.147
bfa,1973,1.961
bfa,1974,1.947
bfa,1975,1.829
bfa,1976,1.766
bfa,1977,1.854
bfa,1978,2.0
bfa,1979,1.931
bfa,1980,1.917
bfa,1981,1.979
bfa,1982,1.97
bfa,1983,1.932
bfa,1984,1.957
bfa,1985,2.125
bfa,1986,2.255
bfa,1987,2.243
bfa,1988,2.308
bfa,1989,2.36
bfa,1990,2.335
bfa,1991,2.472
bfa,1992,2.301
bfa,1993,2.332
bfa,1994,2.23
bfa,1995,2.322
bfa,1996,2.481
bfa,1997,2.541
bfa,1998,2.659
bfa,1999,2.771
bfa,2000,2.773
bfa,2001,2.962
bfa,2002,3.038
bfa,2003,3.226
bfa,2004,3.295
bfa,2005,3.493
bfa,2006,3.629
bfa,2007,3.705
bfa,2008,3.851
bfa,2009,3.888
bfa,2010,4.102
bfa,2011,4.278
bfa,2012,4.397
bfa,2013,4.61
bfa,2014,4.604
bfa,2015,4.6
bfa,2016,4.638
bfa,2017,4.734
bfa,2018,4.79
bfa,2019,4.862
bfa,2020,4.991
bfa,2021,5.462
bfa,2022,5.597
bfa,2023,5.564
bfa,2024,5.813
bfa,2025,5.954
bfa,2026,6.332
bfa,2027,6.602
bfa,2028,6.846
bfa,2029,7.274
bfa,2030,7.46
bfa,2031,7.688
bfa,2032,7.926
bfa,2033,7.949
bfa,2034,8.196
bfa,2035,8.444
bfa,2036,8.702
bfa,2037,8.72
bfa,2038,8.992
bfa,2039,9.274
bfa,2040,9.562
bfa,2041,9.578
bfa,2042,9.869
bfa,2043,10.184
bfa,2044,10.486
bfa,2045,10.503
bfa,2046,10.833
bfa,2047,11.171
bfa,2048,11.508
bfa,2049,11.533
bfa,2050,11.893
bfa,2051,12.253
bfa,2052,12.645
bfa,2053,13.026
bfa,2054,13.076
bfa,2055,13.482
bfa,2056,13.887
bfa,2057,14.317
bfa,2058,14.734
bfa,2059,14.729
bfa,2060,15.16
bfa,2061,15.596
bfa,2062,16.057
bfa,2063,16.55
bfa,2064,17.027
bfa,2065,17.039
bfa,2066,17.565
bfa,2067,18.108
bfa,2068,18.668
bfa,2069,19.211
bfa,2070,19.726
bfa,2071,20.329
bfa,2072,20.346
bfa,2073,20.875
bfa,2074,21.485
bfa,2075,22.087
bfa,2076,22.763
bfa,2077,23.415
bfa,2078,24.084
bfa,2079,24.093
bfa,2080,24.86
bfa,2081,25.566
bfa,2082,26.289
bfa,2083,27.039
bfa,2084,27.863
bfa,2085,28.644
bfa,2086,29.464
bfa,2087,29.46
bfa,2088,30.351
bfa,2089,31.149
bfa,2090,32.013
bfa,2091,32.998
bfa,2092,33.909
bfa,2093,34.844
bfa,2094,35.801
bfa,2095,35.776
bfa,2096,36.754
bfa,2097,37.845
bfa,2098,38.874
bfa,2099,39.928
bfa,2100,41.008
bdi,1800,1.401
bdi,1801,1.401
bdi,1802,1.401
bdi,1803,1.401
bdi,1804,1.401
bdi,1805,1.401
bdi,1806,1.401
bdi,1807,1.401
bdi,1808,1.401
bdi,1809,1.441
bdi,1810,1.441
bdi,1811,1.441
bdi,1812,1.441
bdi,1813,1.441
bdi,1814,1.441
bdi,1815,1.441
bdi,1816,1.441
bdi,1817,1.441
bdi,1818,1.441
bdi,1819,1.441
bdi,1820,1.441
bdi,1821,1.441
bdi,1822,1.441
bdi,1823,1.441
bdi,1824,1.441
bdi,1825,1.441
bdi,1826,1.441
bdi,1827,1.441
bdi,1828,1.441
bdi,1829,1.441
bdi,1830,1.441
bdi,1831,1.441
bdi,1832,1.441
bdi,1833,1.441
bdi,1834,1.441
bdi,1835,1.441
bdi,1836,1.441
bdi,1837,1.441
bdi,1838,1.441
bdi,1839,1.441
bdi,1840,1.481
bdi,1841,1.481
bdi,1842,1.481
bdi,1843,1.481
bdi,1844,1.481
bdi,1845,1.481
bdi,1846,1.481
bdi,1847,1.481
bdi,1848,1.481
bdi,1849,1.481
bdi,1850,1.481
bdi,1851,1.481
bdi,1852,1.481
bdi,1853,1.481
bdi,1854,1.481
bdi,1855,1.481
bdi,1856,1.481
bdi,1857,1.481
bdi,1858,1.481
bdi,1859,1.481
bdi,1860,1.481
bdi,1861,1.481
bdi,1862,1.481
bdi,1863,1.481
bdi,1864,1.481
bdi,1865,1.481
bdi,1866,1.481
bdi,1867,1.481
bdi,1868,1.481
bdi,1869,1.523
bdi,1870,1.523
bdi,1871,1.523
bdi,1872,1.525
bdi,1873,1.528
bdi,1874,1.53
bdi,1875,1.533
bdi,1876,1.535
bdi,1877,1.537
bdi,1878,1.54
bdi,1879,1.542
bdi,1880,1.544
bdi,1881,1.547
bdi,1882,1.549
bdi,1883,1.551
bdi,1884,1.554
bdi,1885,1.556
bdi,1886,1.558
bdi,1887,1.561
bdi,1888,1.563
bdi,1889,1.565
bdi,1890,1.568
bdi,1891,1.57
bdi,1892,1.572
bdi,1893,1.575
bdi,1894,1.577
bdi,1895,1.579
bdi,1896,1.582
bdi,1897,1.584
bdi,1898,1.586
bdi,1899,1.589
bdi,1900,1.636
bdi,1901,1.638
bdi,1902,1.64
bdi,1903,1.643
bdi,1904,1.645
bdi,1905,1.647
bdi,1906,1.65
bdi,1907,1.652
bdi,1908,1.654
bdi,1909,1.656
bdi,1910,1.659
bdi,1911,1.661
bdi,1912,1.663
bdi,1913,1.666
bdi,1914,1.668
bdi,1915,1.67
bdi,1916,1.673
bdi,1917,1.675
bdi,1918,1.677
bdi,1919,1.679
bdi,1920,1.682
bdi,1921,1.684
bdi,1922,1.686
bdi,1923,1.736
bdi,1924,1.738
bdi,1925,1.74
bdi,1926,1.743
bdi,1927,1.745
bdi,1928,1.747
bdi,1929,1.75
bdi,1930,1.752
bdi,1931,1.754
bdi,1932,1.806
bdi,1933,1.808
bdi,1934,1.81
bdi,1935,1.813
bdi,1936,1.815
bdi,1937,1.817
bdi,1938,1.82
bdi,1939,1.822
bdi,1940,1.824
bdi,1941,1.867
bdi,1942,1.859
bdi,1943,1.851
bdi,1944,1.843
bdi,1945,1.835
bdi,1946,1.879
bdi,1947,1.87
bdi,1948,1.862
bdi,1949,1.854
bdi,1950,1.846
bdi,1951,1.943
bdi,1952,1.934
bdi,1953,1.98
bdi,1954,2.027
bdi,1955,2.075
bdi,1956,2.065
bdi,1957,2.114
bdi,1958,2.105
bdi,1959,2.215
bdi,1960,2.145
bdi,1961,1.808
bdi,1962,1.902
bdi,1963,1.946
bdi,1964,1.99
bdi,1965,2.036
bdi,1966,2.026
bdi,1967,2.191
bdi,1968,2.12
bdi,1969,2.052
bdi,1970,2.479
bdi,1971,2.536
bdi,1972,2.387
bdi,1973,2.51
bdi,1974,2.43
bdi,1975,2.351
bdi,1976,2.542
bdi,1977,2.674
bdi,1978,2.735
bdi,1979,2.722
bdi,1980,2.562
bdi,1981,2.802
bdi,1982,2.788
bdi,1983,2.865
bdi,1984,2.839
bdi,1985,3.14
bdi,1986,3.202
bdi,1987,3.297
bdi,1988,3.432
bdi,1989,3.48
bdi,1990,3.583
bdi,1991,3.676
bdi,1992,3.607
bdi,1993,3.455
bdi,1994,3.306
bdi,1995,2.853
bdi,1996,2.559
bdi,1997,2.499
bdi,1998,2.524
bdi,1999,2.481
bdi,2000,2.391
bdi,2001,2.358
bdi,2002,2.394
bdi,2003,2.297
bdi,2004,2.284
bdi,2005,2.243
bdi,2006,2.265
bdi,2007,2.251
bdi,2008,2.256
bdi,2009,2.23
bdi,2010,2.214
bdi,2011,2.198
bdi,2012,2.237
bdi,2013,2.25
bdi,2014,2.228
bdi,2015,2.146
bdi,2016,2.088
bdi,2017,2.052
bdi,2018,2.038
bdi,2019,2.048
bdi,2020,1.961
bdi,2021,1.974
bdi,2022,1.971
bdi,2023,1.974
bdi,2024,1.956
bdi,2025,1.994
bdi,2026,2.074
bdi,2027,2.114
bdi,2028,2.087
bdi,2029,2.11
bdi,2030,2.103
bdi,2031,2.162
bdi,2032,2.222
bdi,2033,2.221
bdi,2034,2.283
bdi,2035,2.283
bdi,2036,2.346
bdi,2037,2.412
bdi,2038,2.411
bdi,2039,2.478
bdi,2040,2.547
bdi,2041,2.546
bdi,2042,2.617
bdi,2043,2.69
bdi,2044,2.69
bdi,2045,2.765
bdi,2046,2.842
bdi,2047,2.841
bdi,2048,2.92
bdi,2049,2.921
bdi,2050,3.002
bdi,2051,3.087
bdi,2052,3.09
bdi,2053,3.18
bdi,2054,3.279
bdi,2055,3.279
bdi,2056,3.37
bdi,2057,3.464
bdi,2058,3.456
bdi,2059,3.547
bdi,2060,3.643
bdi,2061,3.635
bdi,2062,3.738
bdi,2063,3.731
bdi,2064,3.833
bdi,2065,3.94
bdi,2066,3.948
bdi,2067,4.061
bdi,2068,4.181
bdi,2069,4.19
bdi,2070,4.306
bdi,2071,4.431
bdi,2072,4.437
bdi,2073,4.556
bdi,2074,4.695
bdi,2075,4.694
bdi,2076,4.839
bdi,2077,4.851
bdi,2078,4.985
bdi,2079,5.129
bdi,2080,5.152
bdi,2081,5.298
bdi,2082,5.454
bdi,2083,5.457
bdi,2084,5.634
bdi,2085,5.815
bdi,2086,5.828
bdi,2087,6.004
bdi,2088,6.187
bdi,2089,6.213
bdi,2090,6.403
bdi,2091,6.609
bdi,2092,6.634
bdi,2093,6.849
bdi,2094,7.069
bdi,2095,7.096
bdi,2096,7.311
bdi,2097,7.547
bdi,2098,7.563
bdi,2099,7.751
bdi,2100,7.976
khm,1800,2.654
khm,1801,2.654
khm,1802,2.654
khm,1803,2.654
khm,1804,2.654
khm,1805,2.654
khm,1806,2.654
khm,1807,2.654
khm,1808,2.654
khm,1809,2.654
khm,1810,2.654
khm,1811,2.654
khm,1812,2.654
khm,1813,2.654
khm,1814,2.654
khm,1815,2.654
khm,1816,2.654
khm,1817,2.654
khm,1818,2.654
khm,1819,2.654
khm,1820,2.654
khm,1821,2.654
khm,1822,2.654
khm,1823,2.654
khm,1824,2.654
khm,1825,2.654
khm,1826,2.654
khm,1827,2.729
khm,1828,2.729
khm,1829,2.729
khm,1830,2.729
khm,1831,2.729
khm,1832,2.729
khm,1833,2.729
khm,1834,2.729
khm,1835,2.729
khm,1836,2.729
khm,1837,2.729
khm,1838,2.729
khm,1839,2.729
khm,1840,2.729
khm,1841,2.729
khm,1842,2.729
khm,1843,2.729
khm,1844,2.729
khm,1845,2.729
khm,1846,2.805
khm,1847,2.805
khm,1848,2.803
khm,1849,2.803
khm,1850,2.803
khm,1851,2.803
khm,1852,2.803
khm,1853,2.803
khm,1854,2.803
khm,1855,2.803
khm,1856,2.803
khm,1857,2.803
khm,1858,2.803
khm,1859,2.803
khm,1860,2.803
khm,1861,2.803
khm,1862,2.803
khm,1863,2.803
khm,1864,2.881
khm,1865,2.881
khm,1866,2.882
khm,1867,2.882
khm,1868,2.882
khm,1869,2.881
khm,1870,2.881
khm,1871,2.882
khm,1872,2.883
khm,1873,2.884
khm,1874,2.885
khm,1875,2.886
khm,1876,2.887
khm,1877,2.888
khm,1878,2.889
khm,1879,2.89
khm,1880,2.891
khm,1881,2.892
khm,1882,2.893
khm,1883,2.894
khm,1884,2.976
khm,1885,2.977
khm,1886,2.978
khm,1887,2.979
khm,1888,2.98
khm,1889,2.981
khm,1890,2.982
khm,1891,2.983
khm,1892,2.984
khm,1893,2.985
khm,1894,2.986
khm,1895,2.987
khm,1896,2.988
khm,1897,2.989
khm,1898,2.99
khm,1899,2.991
khm,1900,2.992
khm,1901,2.993
khm,1902,2.994
khm,1903,3.079
khm,1904,3.081
khm,1905,3.082
khm,1906,3.082
khm,1907,3.083
khm,1908,3.084
khm,1909,3.085
khm,1910,3.086
khm,1911,3.087
khm,1912,3.088
khm,1913,3.089
khm,1914,3.09
khm,1915,3.091
khm,1916,3.092
khm,1917,3.093
khm,1918,3.094
khm,1919,3.095
khm,1920,3.096
khm,1921,3.184
khm,1922,3.185
khm,1923,3.186
khm,1924,3.187
khm,1925,3.188
khm,1926,3.188
khm,1927,3.19
khm,1928,3.19
khm,1929,3.191
khm,1930,3.192
khm,1931,3.193
khm,1932,3.194
khm,1933,3.195
khm,1934,3.196
khm,1935,3.287
khm,1936,3.288
khm,1937,3.289
khm,1938,3.289
khm,1939,3.29
khm,1940,3.291
khm,1941,3.302
khm,1942,3.406
khm,1943,3.417
khm,1944,3.525
khm,1945,3.536
khm,1946,3.648
khm,1947,3.66
khm,1948,3.775
khm,1949,3.787
khm,1950,3.899
khm,1951,3.912
khm,1952,4.149
khm,1953,4.163
khm,1954,4.667
khm,1955,4.43
khm,1956,4.966
khm,1957,5.267
khm,1958,5.434
khm,1959,5.923
khm,1960,6.282
khm,1961,6.131
khm,1962,6.501
khm,1963,6.894
khm,1964,6.727
khm,1965,6.938
khm,1966,7.156
khm,1967,7.38
khm,1968,7.609
khm,1969,7.633
khm,1970,7.049
khm,1971,6.69
khm,1972,6.35
khm,1973,6.733
khm,1974,6.045
khm,1975,5.738
khm,1976,6.084
khm,1977,5.936
khm,1978,6.472
khm,1979,6.142
khm,1980,5.993
khm,1981,5.929
khm,1982,6.001
khm,1983,6.023
khm,1984,6.163
khm,1985,6.324
khm,1986,6.492
khm,1987,6.75
khm,1988,7.502
khm,1989,8.058
khm,1990,8.373
khm,1991,8.568
khm,1992,8.633
khm,1993,8.601
khm,1994,6.836
khm,1995,6.665
khm,1996,6.398
khm,1997,6.15
khm,1998,6.157
khm,1999,6.562
khm,2000,6.955
khm,2001,7.291
khm,2002,7.632
khm,2003,8.277
khm,2004,8.771
khm,2005,9.489
khm,2006,10.166
khm,2007,10.825
khm,2008,11.448
khm,2009,12.285
khm,2010,12.633
khm,2011,13.202
khm,2012,13.854
khm,2013,14.5
khm,2014,15.25
khm,2015,15.81
khm,2016,16.575
khm,2017,17.379
khm,2018,18.307
khm,2019,19.132
khm,2020,18.676
khm,2021,18.699
khm,2022,19.406
khm,2023,19.738
khm,2024,20.226
khm,2025,20.918
khm,2026,21.786
khm,2027,23.058
khm,2028,24.361
khm,2029,25.754
khm,2030,27.83
khm,2031,27.848
khm,2032,28.625
khm,2033,29.427
khm,2034,30.264
khm,2035,31.082
khm,2036,31.95
khm,2037,32.736
khm,2038,33.564
khm,2039,33.583
khm,2040,34.506
khm,2041,35.473
khm,2042,36.437
khm,2043,37.458
khm,2044,38.469
khm,2045,39.51
khm,2046,40.476
khm,2047,40.427
khm,2048,41.489
khm,2049,42.597
khm,2050,43.772
khm,2051,45.032
khm,2052,46.229
khm,2053,47.496
khm,2054,47.338
khm,2055,48.566
khm,2056,49.822
khm,2057,51.263
khm,2058,52.799
khm,2059,54.133
khm,2060,55.469
khm,2061,56.93
khm,2062,56.739
khm,2063,58.222
khm,2064,59.643
khm,2065,61.218
khm,2066,62.806
khm,2067,64.33
khm,2068,63.907
khm,2069,65.337
khm,2070,66.884
khm,2071,68.577
khm,2072,70.167
khm,2073,71.591
khm,2074,71.29
khm,2075,72.877
khm,2076,74.714
khm,2077,76.49
khm,2078,78.265
khm,2079,78.075
khm,2080,79.885
khm,2081,81.684
khm,2082,83.623
khm,2083,85.189
khm,2084,84.773
khm,2085,86.739
khm,2086,88.862
khm,2087,91.144
khm,2088,90.795
khm,2089,92.444
khm,2090,94.602
khm,2091,96.792
khm,2092,96.292
khm,2093,98.49
khm,2094,101.547
khm,2095,100.742
khm,2096,102.893
khm,2097,105.428
khm,2098,105.156
khm,2099,107.644
khm,2100,110.136
cmr,1800,1.703
cmr,1801,1.703
cmr,1802,1.703
cmr,1803,1.751
cmr,1804,1.75
cmr,1805,1.751
cmr,1806,1.75
cmr,1807,1.751
cmr,1808,1.751
cmr,1809,1.75
cmr,1810,1.75
cmr,1811,1.751
cmr,1812,1.751
cmr,1813,1.751
cmr,1814,1.8
cmr,1815,1.8
cmr,1816,1.8
cmr,1817,1.8
cmr,1818,1.8
cmr,1819,1.8
cmr,1820,1.8
cmr,1821,1.8
cmr,1822,1.8
cmr,1823,1.8
cmr,1824,1.8
cmr,1825,1.8
cmr,1826,1.85
cmr,1827,1.85
cmr,1828,1.85
cmr,1829,1.85
cmr,1830,1.85
cmr,1831,1.85
cmr,1832,1.85
cmr,1833,1.85
cmr,1834,1.85
cmr,1835,1.85
cmr,1836,1.85
cmr,1837,1.902
cmr,1838,1.902
cmr,1839,1.902
cmr,1840,1.902
cmr,1841,1.902
cmr,1842,1.902
cmr,1843,1.902
cmr,1844,1.902
cmr,1845,1.902
cmr,1846,1.902
cmr,1847,1.902
cmr,1848,1.951
cmr,1849,1.951
cmr,1850,1.951
cmr,1851,1.951
cmr,1852,1.951
cmr,1853,1.951
cmr,1854,1.951
cmr,1855,1.951
cmr,1856,1.951
cmr,1857,1.951
cmr,1858,1.952
cmr,1859,2.007
cmr,1860,2.007
cmr,1861,2.007
cmr,1862,2.007
cmr,1863,2.007
cmr,1864,2.007
cmr,1865,2.007
cmr,1866,2.007
cmr,1867,2.007
cmr,1868,2.007
cmr,1869,2.007
cmr,1870,2.063
cmr,1871,2.063
cmr,1872,2.062
cmr,1873,2.06
cmr,1874,2.059
cmr,1875,2.057
cmr,1876,2.056
cmr,1877,2.055
cmr,1878,2.053
cmr,1879,2.052
cmr,1880,2.05
cmr,1881,2.106
cmr,1882,2.105
cmr,1883,2.104
cmr,1884,2.102
cmr,1885,2.101
cmr,1886,2.099
cmr,1887,2.098
cmr,1888,2.096
cmr,1889,2.095
cmr,1890,2.093
cmr,1891,2.092
cmr,1892,2.149
cmr,1893,2.148
cmr,1894,2.146
cmr,1895,2.145
cmr,1896,2.143
cmr,1897,2.142
cmr,1898,2.14
cmr,1899,2.138
cmr,1900,2.137
cmr,1901,2.135
cmr,1902,2.134
cmr,1903,2.192
cmr,1904,2.191
cmr,1905,2.189
cmr,1906,2.187
cmr,1907,2.186
cmr,1908,2.184
cmr,1909,2.183
cmr,1910,2.243
cmr,1911,2.235
cmr,1912,2.233
cmr,1913,2.232
cmr,1914,2.293
cmr,1915,2.291
cmr,1916,2.29
cmr,1917,2.356
cmr,1918,2.355
cmr,1919,2.353
cmr,1920,2.351
cmr,1921,2.416
cmr,1922,2.414
cmr,1923,2.48
cmr,1924,2.479
cmr,1925,2.542
cmr,1926,2.54
cmr,1927,2.538
cmr,1928,2.608
cmr,1929,2.606
cmr,1930,2.678
cmr,1931,2.673
cmr,1932,2.67
cmr,1933,2.744
cmr,1934,2.737
cmr,1935,2.735
cmr,1936,2.811
cmr,1937,2.809
cmr,1938,2.887
cmr,1939,2.885
cmr,1940,2.964
cmr,1941,2.95
cmr,1942,3.018
cmr,1943,3.087
cmr,1944,3.072
cmr,1945,3.143
cmr,1946,3.215
cmr,1947,3.196
cmr,1948,3.268
cmr,1949,3.343
cmr,1950,3.326
cmr,1951,3.403
cmr,1952,3.481
cmr,1953,3.562
cmr,1954,3.643
cmr,1955,3.725
cmr,1956,3.811
cmr,1957,3.9
cmr,1958,3.99
cmr,1959,4.083
cmr,1960,4.177
cmr,1961,4.157
cmr,1962,4.255
cmr,1963,4.354
cmr,1964,4.334
cmr,1965,4.436
cmr,1966,4.539
cmr,1967,4.395
cmr,1968,4.624
cmr,1969,4.733
cmr,1970,4.711
cmr,1971,4.821
cmr,1972,4.799
cmr,1973,4.911
cmr,1974,4.889
cmr,1975,5.003
cmr,1976,4.844
cmr,1977,5.097
cmr,1978,5.669
cmr,1979,5.802
cmr,1980,6.276
cmr,1981,7.46
cmr,1982,7.915
cmr,1983,8.6
cmr,1984,9.443
cmr,1985,10.146
cmr,1986,10.928
cmr,1987,10.113
cmr,1988,9.623
cmr,1989,9.128
cmr,1990,8.716
cmr,1991,8.332
cmr,1992,7.999
cmr,1993,7.275
cmr,1994,7.076
cmr,1995,7.212
cmr,1996,7.718
cmr,1997,7.701
cmr,1998,8.145
cmr,1999,8.568
cmr,2000,8.822
cmr,2001,9.333
cmr,2002,9.396
cmr,2003,9.779
cmr,2004,10.125
cmr,2005,10.077
cmr,2006,10.103
cmr,2007,10.465
cmr,2008,10.377
cmr,2009,10.345
cmr,2010,10.28
cmr,2011,10.476
cmr,2012,10.566
cmr,2013,10.635
cmr,2014,11.143
cmr,2015,11.276
cmr,2016,11.682
cmr,2017,11.71
cmr,2018,12.095
cmr,2019,12.168
cmr,2020,12.055
cmr,2021,12.32
cmr,2022,12.345
cmr,2023,12.383
cmr,2024,12.523
cmr,2025,12.83
cmr,2026,13.19
cmr,2027,13.727
cmr,2028,14.231
cmr,2029,14.689
cmr,2030,15.161
cmr,2031,15.601
cmr,2032,16.05
cmr,2033,16.515
cmr,2034,16.53
cmr,2035,17.008
cmr,2036,17.496
cmr,2037,17.995
cmr,2038,18.509
cmr,2039,18.508
cmr,2040,19.032
cmr,2041,19.573
cmr,2042,20.134
cmr,2043,20.713
cmr,2044,21.303
cmr,2045,21.903
cmr,2046,21.912
cmr,2047,22.526
cmr,2048,23.177
cmr,2049,23.822
cmr,2050,24.478
cmr,2051,25.156
cmr,2052,25.839
cmr,2053,25.824
cmr,2054,26.528
cmr,2055,27.245
cmr,2056,27.987
cmr,2057,28.748
cmr,2058,29.524
cmr,2059,30.317
cmr,2060,31.103
cmr,2061,31.057
cmr,2062,31.876
cmr,2063,32.711
cmr,2064,33.58
cmr,2065,34.459
cmr,2066,35.367
cmr,2067,36.281
cmr,2068,37.243
cmr,2069,37.161
cmr,2070,38.126
cmr,2071,39.106
cmr,2072,40.146
cmr,2073,41.223
cmr,2074,42.266
cmr,2075,43.389
cmr,2076,43.281
cmr,2077,44.413
cmr,2078,45.564
cmr,2079,46.835
cmr,2080,48.078
cmr,2081,49.312
cmr,2082,50.609
cmr,2083,50.488
cmr,2084,51.752
cmr,2085,53.077
cmr,2086,54.399
cmr,2087,55.764
cmr,2088,57.147
cmr,2089,56.988
cmr,2090,58.394
cmr,2091,59.866
cmr,2092,61.389
cmr,2093,63.004
cmr,2094,62.831
cmr,2095,64.507
cmr,2096,66.116
cmr,2097,67.738
cmr,2098,69.414
cmr,2099,69.283
cmr,2100,71.026
can,1800,4.269
can,1801,4.343
can,1802,4.343
can,1803,4.343
can,1804,4.343
can,1805,4.343
can,1806,4.465
can,1807,4.465
can,1808,4.465
can,1809,4.465
can,1810,4.591
can,1811,4.525
can,1812,4.525
can,1813,4.652
can,1814,4.652
can,1815,4.652
can,1816,4.783
can,1817,4.783
can,1818,4.783
can,1819,4.86
can,1820,4.86
can,1821,4.86
can,1822,4.894
can,1823,4.894
can,1824,4.894
can,1825,5.041
can,1826,5.041
can,1827,5.041
can,1828,5.183
can,1829,5.183
can,1830,5.183
can,1831,5.329
can,1832,5.478
can,1833,5.389
can,1834,5.54
can,1835,5.531
can,1836,5.609
can,1837,5.511
can,1838,5.577
can,1839,5.577
can,1840,5.655
can,1841,5.655
can,1842,5.814
can,1843,5.814
can,1844,5.977
can,1845,5.977
can,1846,6.145
can,1847,6.145
can,1848,6.318
can,1849,6.23
can,1850,6.405
can,1851,6.405
can,1852,6.405
can,1853,6.585
can,1854,6.585
can,1855,6.585
can,1856,6.771
can,1857,6.771
can,1858,6.771
can,1859,6.961
can,1860,6.961
can,1861,6.961
can,1862,7.157
can,1863,7.358
can,1864,7.358
can,1865,7.564
can,1866,7.548
can,1867,7.761
can,1868,7.73
can,1869,7.947
can,1870,8.253
can,1871,8.576
can,1872,8.274
can,1873,9.168
can,1874,9.184
can,1875,8.648
can,1876,7.817
can,1877,8.432
can,1878,7.852
can,1879,8.706
can,1880,9.025
can,1881,9.903
can,1882,10.208
can,1883,10.227
can,1884,10.759
can,1885,10.258
can,1886,10.277
can,1887,10.593
can,1888,11.148
can,1889,11.169
can,1890,11.835
can,1891,11.857
can,1892,11.88
can,1893,11.576
can,1894,11.923
can,1895,11.945
can,1896,11.315
can,1897,12.63
can,1898,12.919
can,1899,13.904
can,1900,14.28
can,1901,15.097
can,1902,16.489
can,1903,16.525
can,1904,16.108
can,1905,17.641
can,1906,19.206
can,1907,19.245
can,1908,17.75
can,1909,19.323
can,1910,20.303
can,1911,20.809
can,1912,22.022
can,1913,22.112
can,1914,20.523
can,1915,21.583
can,1916,23.605
can,1917,24.426
can,1918,22.353
can,1919,20.731
can,1920,19.738
can,1921,17.149
can,1922,19.766
can,1923,20.395
can,1924,20.433
can,1925,22.034
can,1926,23.429
can,1927,24.898
can,1928,27.089
can,1929,26.404
can,1930,25.034
can,1931,21.211
can,1932,19.065
can,1933,17.537
can,1934,19.669
can,1935,20.832
can,1936,21.975
can,1937,23.876
can,1938,23.962
can,1939,25.435
can,1940,28.504
can,1941,31.951
can,1942,37.683
can,1943,38.672
can,1944,39.54
can,1945,37.245
can,1946,35.991
can,1947,36.901
can,1948,36.733
can,1949,36.563
can,1950,37.407
can,1951,39.404
can,1952,40.342
can,1953,41.303
can,1954,38.868
can,1955,42.087
can,1956,44.354
can,1957,44.134
can,1958,42.714
can,1959,43.71
can,1960,43.491
can,1961,44.503
can,1962,45.52
can,1963,47.862
can,1964,48.953
can,1965,51.504
can,1966,54.18
can,1967,53.88
can,1968,55.113
can,1969,57.923
can,1970,57.632
can,1971,58.906
can,1972,61.94
can,1973,65.111
can,1974,66.563
can,1975,66.195
can,1976,67.682
can,1977,69.191
can,1978,70.73
can,1979,72.309
can,1980,71.902
can,1981,76.441
can,1982,75.591
can,1983,78.635
can,1984,84.274
can,1985,88.809
can,1986,92.739
can,1987,95.786
can,1988,101.367
can,1989,106.754
can,1990,108.39
can,1991,104.024
can,1992,102.534
can,1993,105.637
can,1994,109.168
can,1995,110.904
can,1996,109.229
can,1997,112.529
can,1998,114.507
can,1999,121.106
can,2000,125.222
can,2001,125.542
can,2002,128.66
can,2003,129.414
can,2004,132.072
can,2005,134.935
can,2006,135.618
can,2007,138.335
can,2008,138.384
can,2009,131.01
can,2010,134.907
can,2011,140.454
can,2012,142.129
can,2013,142.467
can,2014,145.569
can,2015,144.651
can,2016,145.408
can,2017,147.394
can,2018,149.399
can,2019,151.14
can,2020,163.24
can,2021,163.351
can,2022,166.41
can,2023,164.691
can,2024,160.342
can,2025,163.378
can,2026,170.33
can,2027,179.004
can,2028,181.34
can,2029,187.616
can,2030,193.069
can,2031,191.571
can,2032,195.405
can,2033,193.833
can,2034,191.274
can,2035,195.084
can,2036,193.547
can,2037,197.41
can,2038,195.892
can,2039,194.322
can,2040,198.283
can,2041,196.841
can,2042,200.893
can,2043,199.442
can,2044,198.069
can,2045,202.106
can,2046,200.698
can,2047,199.321
can,2048,203.534
can,2049,202.173
can,2050,200.836
can,2051,199.526
can,2052,203.813
can,2053,202.447
can,2054,201.179
can,2055,205.553
can,2056,204.299
can,2057,203.136
can,2058,201.909
can,2059,206.373
can,2060,205.044
can,2061,203.877
can,2062,208.506
can,2063,207.34
can,2064,206.21
can,2065,205.104
can,2066,204.017
can,2067,208.658
can,2068,207.583
can,2069,206.53
can,2070,205.243
can,2071,209.968
can,2072,208.943
can,2073,207.939
can,2074,206.953
can,2075,205.986
can,2076,210.783
can,2077,209.825
can,2078,208.934
can,2079,208.01
can,2080,206.991
can,2081,206.1
can,2082,210.991
can,2083,210.088
can,2084,209.219
can,2085,208.365
can,2086,207.527
can,2087,206.704
can,2088,211.682
can,2089,210.878
can,2090,210.076
can,2091,209.224
can,2092,208.448
can,2093,207.686
can,2094,206.937
can,2095,211.998
can,2096,211.086
can,2097,210.284
can,2098,209.563
can,2099,208.853
can,2100,208.155
cpv,1800,1.308
cpv,1801,1.308
cpv,1802,1.308
cpv,1803,1.308
cpv,1804,1.308
cpv,1805,1.308
cpv,1806,1.308
cpv,1807,1.308
cpv,1808,1.308
cpv,1809,1.308
cpv,1810,1.308
cpv,1811,1.308
cpv,1812,1.308
cpv,1813,1.308
cpv,1814,1.308
cpv,1815,1.308
cpv,1816,1.308
cpv,1817,1.308
cpv,1818,1.308
cpv,1819,1.308
cpv,1820,1.308
cpv,1821,1.308
cpv,1822,1.308
cpv,1823,1.308
cpv,1824,1.308
cpv,1825,1.308
cpv,1826,1.308
cpv,1827,1.308
cpv,1828,1.308
cpv,1829,1.308
cpv,1830,1.308
cpv,1831,1.308
cpv,1832,1.308
cpv,1833,1.308
cpv,1834,1.308
cpv,1835,1.308
cpv,1836,1.308
cpv,1837,1.308
cpv,1838,1.308
cpv,1839,1.308
cpv,1840,1.308
cpv,1841,1.308
cpv,1842,1.308
cpv,1843,1.308
cpv,1844,1.308
cpv,1845,1.308
cpv,1846,1.308
cpv,1847,1.308
cpv,1848,1.308
cpv,1849,1.308
cpv,1850,1.308
cpv,1851,1.309
cpv,1852,1.308
cpv,1853,1.308
cpv,1854,1.308
cpv,1855,1.309
cpv,1856,1.309
cpv,1857,1.308
cpv,1858,1.309
cpv,1859,1.309
cpv,1860,1.309
cpv,1861,1.309
cpv,1862,1.345
cpv,1863,1.345
cpv,1864,1.345
cpv,1865,1.345
cpv,1866,1.345
cpv,1867,1.345
cpv,1868,1.345
cpv,1869,1.383
cpv,1870,1.383
cpv,1871,1.383
cpv,1872,1.379
cpv,1873,1.374
cpv,1874,1.37
cpv,1875,1.404
cpv,1876,1.399
cpv,1877,1.395
cpv,1878,1.39
cpv,1879,1.385
cpv,1880,1.381
cpv,1881,1.415
cpv,1882,1.41
cpv,1883,1.444
cpv,1884,1.48
cpv,1885,1.475
cpv,1886,1.511
cpv,1887,1.506
cpv,1888,1.543
cpv,1889,1.58
cpv,1890,1.575
cpv,1891,1.613
cpv,1892,1.607
cpv,1893,1.647
cpv,1894,1.64
cpv,1895,1.68
cpv,1896,1.674
cpv,1897,1.715
cpv,1898,1.708
cpv,1899,1.75
cpv,1900,1.743
cpv,1901,1.786
cpv,1902,1.779
cpv,1903,1.822
cpv,1904,1.803
cpv,1905,1.846
cpv,1906,1.84
cpv,1907,1.884
cpv,1908,1.877
cpv,1909,1.926
cpv,1910,1.918
cpv,1911,1.965
cpv,1912,1.957
cpv,1913,2.004
cpv,1914,1.996
cpv,1915,2.044
cpv,1916,2.036
cpv,1917,2.084
cpv,1918,2.076
cpv,1919,2.13
cpv,1920,2.121
cpv,1921,2.112
cpv,1922,2.103
cpv,1923,2.154
cpv,1924,2.145
cpv,1925,2.132
cpv,1926,2.182
cpv,1927,2.173
cpv,1928,2.164
cpv,1929,2.155
cpv,1930,2.206
cpv,1931,2.196
cpv,1932,2.187
cpv,1933,2.177
cpv,1934,2.168
cpv,1935,2.219
cpv,1936,2.209
cpv,1937,2.2
cpv,1938,2.19
cpv,1939,2.241
cpv,1940,2.231
cpv,1941,2.203
cpv,1942,2.175
cpv,1943,2.148
cpv,1944,2.121
cpv,1945,2.094
cpv,1946,2.068
cpv,1947,2.041
cpv,1948,2.016
cpv,1949,1.99
cpv,1950,2.02
cpv,1951,1.994
cpv,1952,1.969
cpv,1953,1.943
cpv,1954,1.919
cpv,1955,1.894
cpv,1956,1.87
cpv,1957,1.795
cpv,1958,1.724
cpv,1959,1.849
cpv,1960,1.93
cpv,1961,1.959
cpv,1962,1.885
cpv,1963,1.814
cpv,1964,1.795
cpv,1965,1.826
cpv,1966,1.91
cpv,1967,1.946
cpv,1968,2.036
cpv,1969,2.014
cpv,1970,2.105
cpv,1971,2.143
cpv,1972,2.181
cpv,1973,2.156
cpv,1974,2.193
cpv,1975,1.787
cpv,1976,1.768
cpv,1977,1.655
cpv,1978,1.78
cpv,1979,1.81
cpv,1980,1.842
cpv,1981,2.003
cpv,1982,2.108
cpv,1983,2.239
cpv,1984,2.367
cpv,1985,2.51
cpv,1986,2.561
cpv,1987,2.634
cpv,1988,2.775
cpv,1989,2.977
cpv,1990,2.961
cpv,1991,2.936
cpv,1992,3.06
cpv,1993,3.294
cpv,1994,3.787
cpv,1995,4.171
cpv,1996,4.572
cpv,1997,4.991
cpv,1998,5.47
cpv,1999,6.054
cpv,2000,6.718
cpv,2001,6.747
cpv,2002,7.062
cpv,2003,7.465
cpv,2004,8.193
cpv,2005,8.86
cpv,2006,9.623
cpv,2007,11.195
cpv,2008,11.821
cpv,2009,11.525
cpv,2010,11.55
cpv,2011,12.575
cpv,2012,12.873
cpv,2013,13.088
cpv,2014,13.393
cpv,2015,13.846
cpv,2016,14.355
cpv,2017,15.019
cpv,2018,15.763
cpv,2019,16.757
cpv,2020,13.442
cpv,2021,14.574
cpv,2022,16.507
cpv,2023,17.737
cpv,2024,19.325
cpv,2025,20.77
cpv,2026,22.965
cpv,2027,24.152
cpv,2028,25.355
cpv,2029,25.779
cpv,2030,26.727
cpv,2031,27.449
cpv,2032,28.228
cpv,2033,28.974
cpv,2034,29.763
cpv,2035,30.642
cpv,2036,30.692
cpv,2037,31.513
cpv,2038,32.366
cpv,2039,33.21
cpv,2040,34.113
cpv,2041,35.085
cpv,2042,36.128
cpv,2043,36.01
cpv,2044,37.132
cpv,2045,38.17
cpv,2046,39.201
cpv,2047,40.234
cpv,2048,41.137
cpv,2049,41.63
cpv,2050,41.355
cpv,2051,42.334
cpv,2052,43.322
cpv,2053,44.592
cpv,2054,45.728
cpv,2055,47.166
cpv,2056,47.019
cpv,2057,48.295
cpv,2058,49.931
cpv,2059,51.544
cpv,2060,52.837
cpv,2061,54.128
cpv,2062,54.168
cpv,2063,55.791
cpv,2064,56.929
cpv,2065,58.611
cpv,2066,58.09
cpv,2067,59.565
cpv,2068,60.936
cpv,2069,61.957
cpv,2070,63.159
cpv,2071,62.867
cpv,2072,63.97
cpv,2073,65.829
cpv,2074,65.598
cpv,2075,67.199
cpv,2076,68.531
cpv,2077,70.006
cpv,2078,69.861
cpv,2079,71.551
cpv,2080,73.26
cpv,2081,73.002
cpv,2082,75.15
cpv,2083,76.728
cpv,2084,78.552
cpv,2085,78.118
cpv,2086,80.224
cpv,2087,79.964
cpv,2088,81.5
cpv,2089,83.307
cpv,2090,83.324
cpv,2091,85.466
cpv,2092,87.019
cpv,2093,86.116
cpv,2094,88.363
cpv,2095,87.71
cpv,2096,89.547
cpv,2097,91.169
cpv,2098,88.329
cpv,2099,90.485
cpv,2100,89.746
caf,1800,1.649
caf,1801,1.649
caf,1802,1.649
caf,1803,1.649
caf,1804,1.649
caf,1805,1.649
caf,1806,1.649
caf,1807,1.649
caf,1808,1.649
caf,1809,1.649
caf,1810,1.649
caf,1811,1.649
caf,1812,1.649
caf,1813,1.649
caf,1814,1.649
caf,1815,1.649
caf,1816,1.649
caf,1817,1.649
caf,1818,1.649
caf,1819,1.649
caf,1820,1.649
caf,1821,1.695
caf,1822,1.695
caf,1823,1.695
caf,1824,1.695
caf,1825,1.695
caf,1826,1.743
caf,1827,1.743
caf,1828,1.743
caf,1829,1.743
caf,1830,1.743
caf,1831,1.743
caf,1832,1.792
caf,1833,1.792
caf,1834,1.792
caf,1835,1.792
caf,1836,1.792
caf,1837,1.792
caf,1838,1.842
caf,1839,1.842
caf,1840,1.842
caf,1841,1.842
caf,1842,1.842
caf,1843,1.842
caf,1844,1.894
caf,1845,1.894
caf,1846,1.894
caf,1847,1.894
caf,1848,1.894
caf,1849,1.947
caf,1850,1.947
caf,1851,1.947
caf,1852,1.947
caf,1853,1.947
caf,1854,1.947
caf,1855,2.002
caf,1856,2.002
caf,1857,2.002
caf,1858,2.002
caf,1859,1.983
caf,1860,1.971
caf,1861,2.026
caf,1862,2.026
caf,1863,2.026
caf,1864,2.026
caf,1865,2.014
caf,1866,2.07
caf,1867,2.057
caf,1868,2.058
caf,1869,2.058
caf,1870,2.057
caf,1871,2.057
caf,1872,2.111
caf,1873,2.106
caf,1874,2.101
caf,1875,2.081
caf,1876,2.063
caf,1877,2.059
caf,1878,2.099
caf,1879,2.095
caf,1880,2.09
caf,1881,2.086
caf,1882,2.081
caf,1883,2.077
caf,1884,2.13
caf,1885,2.126
caf,1886,2.121
caf,1887,2.116
caf,1888,2.112
caf,1889,2.107
caf,1890,2.162
caf,1891,2.157
caf,1892,2.152
caf,1893,2.147
caf,1894,2.138
caf,1895,2.193
caf,1896,2.188
caf,1897,2.183
caf,1898,2.184
caf,1899,2.178
caf,1900,2.173
caf,1901,2.229
caf,1902,2.224
caf,1903,2.218
caf,1904,2.213
caf,1905,2.207
caf,1906,2.202
caf,1907,2.258
caf,1908,2.253
caf,1909,2.247
caf,1910,2.242
caf,1911,2.236
caf,1912,2.293
caf,1913,2.287
caf,1914,2.281
caf,1915,2.339
caf,1916,2.399
caf,1917,2.377
caf,1918,2.437
caf,1919,2.5
caf,1920,2.493
caf,1921,2.557
caf,1922,2.532
caf,1923,2.597
caf,1924,2.591
caf,1925,2.657
caf,1926,2.709
caf,1927,2.703
caf,1928,2.772
caf,1929,2.765
caf,1930,2.836
caf,1931,2.829
caf,1932,2.901
caf,1933,2.976
caf,1934,2.968
caf,1935,3.044
caf,1936,3.037
caf,1937,3.114
caf,1938,3.106
caf,1939,3.185
caf,1940,3.264
caf,1941,3.24
caf,1942,3.307
caf,1943,3.375
caf,1944,3.349
caf,1945,3.418
caf,1946,3.488
caf,1947,3.462
caf,1948,3.533
caf,1949,3.593
caf,1950,3.567
caf,1951,3.64
caf,1952,3.715
caf,1953,3.688
caf,1954,3.764
caf,1955,3.833
caf,1956,3.805
caf,1957,3.877
caf,1958,3.958
caf,1959,3.93
caf,1960,3.902
caf,1961,3.874
caf,1962,3.646
caf,1963,3.53
caf,1964,3.508
caf,1965,3.391
caf,1966,3.278
caf,1967,3.35
caf,1968,3.238
caf,1969,3.402
caf,1970,3.38
caf,1971,3.178
caf,1972,2.988
caf,1973,3.053
caf,1974,2.873
caf,1975,2.855
caf,1976,2.917
caf,1977,3.063
caf,1978,2.961
caf,1979,2.784
caf,1980,2.546
caf,1981,2.781
caf,1982,2.742
caf,1983,2.558
caf,1984,2.769
caf,1985,2.846
caf,1986,2.938
caf,1987,2.879
caf,1988,2.939
caf,1989,3.042
caf,1990,3.049
caf,1991,2.95
caf,1992,2.712
caf,1993,2.63
caf,1994,2.745
caf,1995,2.698
caf,1996,2.505
caf,1997,2.276
caf,1998,2.575
caf,1999,2.597
caf,2000,2.493
caf,2001,2.517
caf,2002,2.525
caf,2003,2.334
caf,2004,2.394
caf,2005,2.351
caf,2006,2.392
caf,2007,2.43
caf,2008,2.425
caf,2009,2.742
caf,2010,3.014
caf,2011,3.116
caf,2012,3.271
caf,2013,2.114
caf,2014,2.167
caf,2015,2.241
caf,2016,2.347
caf,2017,2.605
caf,2018,2.605
caf,2019,2.642
caf,2020,2.693
caf,2021,2.698
caf,2022,2.749
caf,2023,2.768
caf,2024,2.707
caf,2025,2.701
caf,2026,2.832
caf,2027,2.835
caf,2028,2.884
caf,2029,2.92
caf,2030,2.866
caf,2031,2.947
caf,2032,3.03
caf,2033,3.031
caf,2034,3.114
caf,2035,3.198
caf,2036,3.198
caf,2037,3.289
caf,2038,3.289
caf,2039,3.382
caf,2040,3.477
caf,2041,3.477
caf,2042,3.569
caf,2043,3.669
caf,2044,3.663
caf,2045,3.759
caf,2046,3.857
caf,2047,3.856
caf,2048,3.956
caf,2049,4.067
caf,2050,4.066
caf,2051,4.179
caf,2052,4.178
caf,2053,4.293
caf,2054,4.413
caf,2055,4.402
caf,2056,4.525
caf,2057,4.652
caf,2058,4.653
caf,2059,4.785
caf,2060,4.922
caf,2061,4.924
caf,2062,5.067
caf,2063,5.213
caf,2064,5.219
caf,2065,5.371
caf,2066,5.375
caf,2067,5.529
caf,2068,5.693
caf,2069,5.714
caf,2070,5.898
caf,2071,6.077
caf,2072,6.09
caf,2073,6.286
caf,2074,6.478
caf,2075,6.49
caf,2076,6.687
caf,2077,6.893
caf,2078,6.91
caf,2079,7.091
caf,2080,7.31
caf,2081,7.33
caf,2082,7.556
caf,2083,7.769
caf,2084,7.789
caf,2085,8.028
caf,2086,8.273
caf,2087,8.295
caf,2088,8.549
caf,2089,8.81
caf,2090,8.839
caf,2091,9.084
caf,2092,9.327
caf,2093,9.576
caf,2094,9.589
caf,2095,9.859
caf,2096,10.156
caf,2097,10.167
caf,2098,10.462
caf,2099,10.761
caf,2100,11.104
tcd,1800,1.116
tcd,1801,1.116
tcd,1802,1.116
tcd,1803,1.116
tcd,1804,1.116
tcd,1805,1.116
tcd,1806,1.116
tcd,1807,1.116
tcd,1808,1.116
tcd,1809,1.116
tcd,1810,1.116
tcd,1811,1.116
tcd,1812,1.116
tcd,1813,1.116
tcd,1814,1.116
tcd,1815,1.116
tcd,1816,1.116
tcd,1817,1.116
tcd,1818,1.116
tcd,1819,1.116
tcd,1820,1.116
tcd,1821,1.116
tcd,1822,1.116
tcd,1823,1.116
tcd,1824,1.116
tcd,1825,1.116
tcd,1826,1.116
tcd,1827,1.116
tcd,1828,1.116
tcd,1829,1.116
tcd,1830,1.116
tcd,1831,1.116
tcd,1832,1.116
tcd,1833,1.116
tcd,1834,1.116
tcd,1835,1.116
tcd,1836,1.116
tcd,1837,1.147
tcd,1838,1.147
tcd,1839,1.147
tcd,1840,1.147
tcd,1841,1.147
tcd,1842,1.147
tcd,1843,1.18
tcd,1844,1.18
tcd,1845,1.18
tcd,1846,1.18
tcd,1847,1.18
tcd,1848,1.18
tcd,1849,1.213
tcd,1850,1.213
tcd,1851,1.213
tcd,1852,1.213
tcd,1853,1.213
tcd,1854,1.247
tcd,1855,1.247
tcd,1856,1.247
tcd,1857,1.247
tcd,1858,1.247
tcd,1859,1.247
tcd,1860,1.282
tcd,1861,1.282
tcd,1862,1.282
tcd,1863,1.282
tcd,1864,1.282
tcd,1865,1.282
tcd,1866,1.318
tcd,1867,1.318
tcd,1868,1.318
tcd,1869,1.318
tcd,1870,1.318
tcd,1871,1.318
tcd,1872,1.356
tcd,1873,1.357
tcd,1874,1.358
tcd,1875,1.359
tcd,1876,1.36
tcd,1877,1.399
tcd,1878,1.4
tcd,1879,1.401
tcd,1880,1.402
tcd,1881,1.403
tcd,1882,1.404
tcd,1883,1.444
tcd,1884,1.445
tcd,1885,1.446
tcd,1886,1.447
tcd,1887,1.448
tcd,1888,1.449
tcd,1889,1.491
tcd,1890,1.492
tcd,1891,1.493
tcd,1892,1.494
tcd,1893,1.495
tcd,1894,1.496
tcd,1895,1.539
tcd,1896,1.54
tcd,1897,1.541
tcd,1898,1.542
tcd,1899,1.543
tcd,1900,1.588
tcd,1901,1.589
tcd,1902,1.59
tcd,1903,1.591
tcd,1904,1.592
tcd,1905,1.593
tcd,1906,1.639
tcd,1907,1.641
tcd,1908,1.642
tcd,1909,1.643
tcd,1910,1.644
tcd,1911,1.645
tcd,1912,1.693
tcd,1913,1.694
tcd,1914,1.695
tcd,1915,1.744
tcd,1916,1.795
tcd,1917,1.796
tcd,1918,1.848
tcd,1919,1.849
tcd,1920,1.902
tcd,1921,1.904
tcd,1922,1.959
tcd,1923,1.96
tcd,1924,1.961
tcd,1925,2.018
tcd,1926,2.019
tcd,1927,2.078
tcd,1928,2.079
tcd,1929,2.081
tcd,1930,2.141
tcd,1931,2.142
tcd,1932,2.144
tcd,1933,2.205
tcd,1934,2.207
tcd,1935,2.271
tcd,1936,2.272
tcd,1937,2.274
tcd,1938,2.34
tcd,1939,2.341
tcd,1940,2.343
tcd,1941,2.409
tcd,1942,2.408
tcd,1943,2.476
tcd,1944,2.476
tcd,1945,2.545
tcd,1946,2.545
tcd,1947,2.545
tcd,1948,2.616
tcd,1949,2.616
tcd,1950,2.689
tcd,1951,2.773
tcd,1952,2.773
tcd,1953,2.849
tcd,1954,2.932
tcd,1955,3.012
tcd,1956,3.096
tcd,1957,3.186
tcd,1958,3.27
tcd,1959,3.268
tcd,1960,3.268
tcd,1961,3.268
tcd,1962,3.454
tcd,1963,3.263
tcd,1964,3.174
tcd,1965,3.173
tcd,1966,3.085
tcd,1967,3.083
tcd,1968,2.998
tcd,1969,3.081
tcd,1970,3.165
tcd,1971,3.163
tcd,1972,2.91
tcd,1973,2.751
tcd,1974,3.072
tcd,1975,3.526
tcd,1976,3.429
tcd,1977,3.068
tcd,1978,2.982
tcd,1979,2.322
tcd,1980,2.196
tcd,1981,1.986
tcd,1982,2.12
tcd,1983,2.5
tcd,1984,2.656
tcd,1985,2.816
tcd,1986,2.975
tcd,1987,3.088
tcd,1988,3.251
tcd,1989,3.384
tcd,1990,3.503
tcd,1991,3.644
tcd,1992,3.737
tcd,1993,3.296
tcd,1994,3.434
tcd,1995,3.473
tcd,1996,3.433
tcd,1997,3.525
tcd,1998,3.548
tcd,1999,3.557
tcd,2000,3.475
tcd,2001,3.72
tcd,2002,3.917
tcd,2003,4.437
tcd,2004,5.608
tcd,2005,6.323
tcd,2006,6.071
tcd,2007,6.235
tcd,2008,6.23
tcd,2009,5.591
tcd,2010,6.379
tcd,2011,6.485
tcd,2012,6.884
tcd,2013,6.785
tcd,2014,6.474
tcd,2015,6.525
tcd,2016,6.199
tcd,2017,5.973
tcd,2018,6.228
tcd,2019,6.368
tcd,2020,6.192
tcd,2021,5.918
tcd,2022,6.802
tcd,2023,6.72
tcd,2024,6.596
tcd,2025,6.627
tcd,2026,6.867
tcd,2027,6.955
tcd,2028,7.011
tcd,2029,7.036
tcd,2030,7.114
tcd,2031,7.127
tcd,2032,7.34
tcd,2033,7.349
tcd,2034,7.569
tcd,2035,7.806
tcd,2036,7.826
tcd,2037,8.064
tcd,2038,8.311
tcd,2039,8.337
tcd,2040,8.599
tcd,2041,8.868
tcd,2042,8.894
tcd,2043,9.183
tcd,2044,9.457
tcd,2045,9.496
tcd,2046,9.798
tcd,2047,9.844
tcd,2048,10.157
tcd,2049,10.491
tcd,2050,10.55
tcd,2051,10.917
tcd,2052,11.277
tcd,2053,11.334
tcd,2054,11.728
tcd,2055,12.145
tcd,2056,12.222
tcd,2057,12.62
tcd,2058,13.025
tcd,2059,13.096
tcd,2060,13.51
tcd,2061,13.907
tcd,2062,13.924
tcd,2063,14.368
tcd,2064,14.835
tcd,2065,15.265
tcd,2066,15.297
tcd,2067,15.861
tcd,2068,16.407
tcd,2069,16.472
tcd,2070,17.01
tcd,2071,17.602
tcd,2072,18.403
tcd,2073,18.555
tcd,2074,19.172
tcd,2075,19.636
tcd,2076,20.205
tcd,2077,20.411
tcd,2078,21.01
tcd,2079,21.399
tcd,2080,22.035
tcd,2081,22.788
tcd,2082,22.909
tcd,2083,23.558
tcd,2084,24.032
tcd,2085,24.912
tcd,2086,25.483
tcd,2087,25.459
tcd,2088,26.12
tcd,2089,26.623
tcd,2090,27.484
tcd,2091,28.436
tcd,2092,28.851
tcd,2093,29.732
tcd,2094,30.603
tcd,2095,31.762
tcd,2096,32.932
tcd,2097,33.936
tcd,2098,34.114
tcd,2099,35.208
tcd,2100,36.506
chl,1800,2.784
chl,1801,2.784
chl,1802,2.784
chl,1803,2.784
chl,1804,2.784
chl,1805,2.784
chl,1806,2.784
chl,1807,2.784
chl,1808,2.784
chl,1809,2.784
chl,1810,2.784
chl,1811,2.646
chl,1812,2.646
chl,1813,2.646
chl,1814,2.646
chl,1815,2.72
chl,1816,2.574
chl,1817,2.574
chl,1818,2.721
chl,1819,2.574
chl,1820,2.72
chl,1821,2.646
chl,1822,2.721
chl,1823,2.646
chl,1824,2.574
chl,1825,2.784
chl,1826,2.862
chl,1827,2.951
chl,1828,2.951
chl,1829,3.034
chl,1830,3.034
chl,1831,3.034
chl,1832,3.119
chl,1833,3.119
chl,1834,3.194
chl,1835,3.284
chl,1836,3.284
chl,1837,3.366
chl,1838,3.366
chl,1839,3.365
chl,1840,3.541
chl,1841,3.541
chl,1842,3.541
chl,1843,3.641
chl,1844,3.641
chl,1845,3.743
chl,1846,3.848
chl,1847,3.848
chl,1848,3.957
chl,1849,4.163
chl,1850,4.386
chl,1851,4.509
chl,1852,4.506
chl,1853,4.386
chl,1854,4.509
chl,1855,4.632
chl,1856,4.633
chl,1857,4.763
chl,1858,4.888
chl,1859,5.006
chl,1860,5.143
chl,1861,5.003
chl,1862,5.015
chl,1863,5.144
chl,1864,5.288
chl,1865,5.437
chl,1866,5.59
chl,1867,5.288
chl,1868,5.437
chl,1869,5.908
chl,1870,5.908
chl,1871,5.909
chl,1872,6.061
chl,1873,6.391
chl,1874,6.202
chl,1875,6.54
chl,1876,6.347
chl,1877,5.99
chl,1878,6.144
chl,1879,7.039
chl,1880,7.637
chl,1881,7.861
chl,1882,8.531
chl,1883,8.277
chl,1884,8.488
chl,1885,8.01
chl,1886,8.214
chl,1887,8.674
chl,1888,8.172
chl,1889,8.379
chl,1890,8.848
chl,1891,9.277
chl,1892,9.278
chl,1893,9.228
chl,1894,8.975
chl,1895,9.984
chl,1896,10.237
chl,1897,9.648
chl,1898,10.744
chl,1899,10.444
chl,1900,10.122
chl,1901,10.101
chl,1902,10.622
chl,1903,10.035
chl,1904,10.857
chl,1905,10.264
chl,1906,10.793
chl,1907,10.997
chl,1908,11.481
chl,1909,11.443
chl,1910,12.66
chl,1911,12.624
chl,1912,13.243
chl,1913,13.576
chl,1914,11.274
chl,1915,10.733
chl,1916,12.779
chl,1917,12.741
chl,1918,12.703
chl,1919,10.895
chl,1920,11.664
chl,1921,10.267
chl,1922,10.494
chl,1923,12.178
chl,1924,12.776
chl,1925,13.102
chl,1926,12.737
chl,1927,12.028
chl,1928,14.766
chl,1929,14.722
chl,1930,12.896
chl,1931,10.464
chl,1932,7.97
chl,1933,9.603
chl,1934,11.145
chl,1935,11.715
chl,1936,12.028
chl,1937,12.906
chl,1938,12.864
chl,1939,13.183
chl,1940,13.141
chl,1941,12.657
chl,1942,12.889
chl,1943,12.764
chl,1944,12.639
chl,1945,13.202
chl,1946,13.783
chl,1947,11.938
chl,1948,13.52
chl,1949,13.056
chl,1950,13.273
chl,1951,13.132
chl,1952,13.702
chl,1953,13.926
chl,1954,13.082
chl,1955,13.314
chl,1956,12.833
chl,1957,13.785
chl,1958,13.655
chl,1959,12.811
chl,1960,13.396
chl,1961,13.642
chl,1962,13.541
chl,1963,13.811
chl,1964,13.695
chl,1965,13.597
chl,1966,14.666
chl,1967,14.548
chl,1968,14.432
chl,1969,14.729
chl,1970,14.61
chl,1971,15.314
chl,1972,14.775
chl,1973,13.48
chl,1974,13.369
chl,1975,11.227
chl,1976,11.45
chl,1977,12.346
chl,1978,12.946
chl,1979,13.577
chl,1980,14.234
chl,1981,15.519
chl,1982,13.495
chl,1983,13.189
chl,1984,13.952
chl,1985,13.982
chl,1986,14.624
chl,1987,15.601
chl,1988,16.564
chl,1989,18.312
chl,1990,18.984
chl,1991,20.61
chl,1992,23.034
chl,1993,23.828
chl,1994,23.913
chl,1995,26.126
chl,1996,28.015
chl,1997,29.344
chl,1998,29.918
chl,1999,30.599
chl,2000,33.163
chl,2001,34.001
chl,2002,35.048
chl,2003,36.432
chl,2004,39.229
chl,2005,41.322
chl,2006,44.486
chl,2007,46.12
chl,2008,47.372
chl,2009,46.195
chl,2010,48.388
chl,2011,51.078
chl,2012,53.79
chl,2013,54.87
chl,2014,55.769
chl,2015,57.284
chl,2016,57.649
chl,2017,57.854
chl,2018,58.875
chl,2019,58.057
chl,2020,53.227
chl,2021,62.183
chl,2022,65.014
chl,2023,62.194
chl,2024,62.043
chl,2025,64.185
chl,2026,66.761
chl,2027,69.592
chl,2028,72.312
chl,2029,74.766
chl,2030,75.101
chl,2031,76.951
chl,2032,78.839
chl,2033,80.762
chl,2034,80.474
chl,2035,82.441
chl,2036,84.456
chl,2037,84.14
chl,2038,86.194
chl,2039,85.884
chl,2040,87.981
chl,2041,90.137
chl,2042,89.814
chl,2043,92.009
chl,2044,91.681
chl,2045,93.902
chl,2046,96.199
chl,2047,95.858
chl,2048,98.206
chl,2049,97.863
chl,2050,100.263
chl,2051,99.919
chl,2052,102.374
chl,2053,104.817
chl,2054,104.437
chl,2055,106.98
chl,2056,106.686
chl,2057,109.31
chl,2058,108.87
chl,2059,111.552
chl,2060,111.132
chl,2061,113.903
chl,2062,113.437
chl,2063,113.074
chl,2064,115.747
chl,2065,115.283
chl,2066,118.11
chl,2067,117.743
chl,2068,120.65
chl,2069,120.223
chl,2070,119.821
chl,2071,122.822
chl,2072,122.33
chl,2073,125.279
chl,2074,124.916
chl,2075,124.56
chl,2076,127.61
chl,2077,127.254
chl,2078,130.473
chl,2079,130.12
chl,2080,129.773
chl,2081,133.198
chl,2082,132.857
chl,2083,132.403
chl,2084,135.786
chl,2085,135.28
chl,2086,134.952
chl,2087,138.415
chl,2088,138.091
chl,2089,137.774
chl,2090,137.159
chl,2091,140.699
chl,2092,140.389
chl,2093,140.182
chl,2094,143.638
chl,2095,143.339
chl,2096,143.046
chl,2097,142.587
chl,2098,146.306
chl,2099,146.023
chl,2100,145.746
chn,1800,3.052
chn,1801,3.052
chn,1802,3.052
chn,1803,3.052
chn,1804,2.961
chn,1805,2.961
chn,1806,2.961
chn,1807,2.96
chn,1808,2.961
chn,1809,2.961
chn,1810,2.96
chn,1811,2.961
chn,1812,2.961
chn,1813,2.96
chn,1814,2.961
chn,1815,2.88
chn,1816,2.88
chn,1817,2.88
chn,1818,2.88
chn,1819,2.88
chn,1820,2.88
chn,1821,2.88
chn,1822,2.88
chn,1823,2.893
chn,1824,2.893
chn,1825,2.814
chn,1826,2.814
chn,1827,2.814
chn,1828,2.814
chn,1829,2.814
chn,1830,2.814
chn,1831,2.814
chn,1832,2.814
chn,1833,2.814
chn,1834,2.814
chn,1835,2.814
chn,1836,2.814
chn,1837,2.814
chn,1838,2.814
chn,1839,2.814
chn,1840,2.814
chn,1841,2.814
chn,1842,2.814
chn,1843,2.814
chn,1844,2.814
chn,1845,2.814
chn,1846,2.814
chn,1847,2.814
chn,1848,2.814
chn,1849,2.814
chn,1850,2.814
chn,1851,2.814
chn,1852,2.814
chn,1853,2.893
chn,1854,2.88
chn,1855,2.88
chn,1856,2.88
chn,1857,2.88
chn,1858,2.961
chn,1859,2.961
chn,1860,2.961
chn,1861,2.961
chn,1862,2.961
chn,1863,2.961
chn,1864,3.052
chn,1865,3.052
chn,1866,3.052
chn,1867,3.052
chn,1868,3.052
chn,1869,3.052
chn,1870,3.138
chn,1871,3.138
chn,1872,3.057
chn,1873,3.062
chn,1874,3.066
chn,1875,3.071
chn,1876,3.076
chn,1877,3.081
chn,1878,3.085
chn,1879,3.09
chn,1880,3.095
chn,1881,3.099
chn,1882,3.104
chn,1883,3.108
chn,1884,3.112
chn,1885,3.025
chn,1886,3.03
chn,1887,3.034
chn,1888,3.13
chn,1889,3.223
chn,1890,3.227
chn,1891,3.231
chn,1892,3.236
chn,1893,3.24
chn,1894,3.245
chn,1895,3.249
chn,1896,3.253
chn,1897,3.349
chn,1898,3.354
chn,1899,3.358
chn,1900,3.362
chn,1901,3.274
chn,1902,3.279
chn,1903,3.283
chn,1904,3.287
chn,1905,3.201
chn,1906,3.205
chn,1907,3.209
chn,1908,3.213
chn,1909,3.212
chn,1910,3.128
chn,1911,3.132
chn,1912,3.319
chn,1913,3.417
chn,1914,3.421
chn,1915,3.425
chn,1916,3.429
chn,1917,3.433
chn,1918,3.437
chn,1919,3.441
chn,1920,3.445
chn,1921,3.449
chn,1922,3.452
chn,1923,3.548
chn,1924,3.552
chn,1925,3.556
chn,1926,3.561
chn,1927,3.564
chn,1928,3.569
chn,1929,3.572
chn,1930,3.577
chn,1931,3.58
chn,1932,3.685
chn,1933,3.306
chn,1934,3.309
chn,1935,3.596
chn,1936,3.802
chn,1937,3.705
chn,1938,3.607
chn,1939,3.516
chn,1940,3.423
chn,1941,3.313
chn,1942,3.205
chn,1943,3.021
chn,1944,2.924
chn,1945,2.83
chn,1946,2.74
chn,1947,2.58
chn,1948,2.498
chn,1949,2.418
chn,1950,2.277
chn,1951,2.675
chn,1952,2.892
chn,1953,3.127
chn,1954,2.786
chn,1955,2.931
chn,1956,2.997
chn,1957,2.982
chn,1958,2.887
chn,1959,2.719
chn,1960,2.489
chn,1961,2.041
chn,1962,2.087
chn,1963,2.256
chn,1964,2.438
chn,1965,2.635
chn,1966,2.549
chn,1967,2.466
chn,1968,2.321
chn,1969,2.373
chn,1970,2.637
chn,1971,2.697
chn,1972,2.538
chn,1973,2.668
chn,1974,2.581
chn,1975,2.639
chn,1976,2.484
chn,1977,2.54
chn,1978,2.745
chn,1979,2.807
chn,1980,2.871
chn,1981,2.97
chn,1982,3.251
chn,1983,3.54
chn,1984,4.02
chn,1985,4.42
chn,1986,4.66
chn,1987,5.049
chn,1988,5.497
chn,1989,5.241
chn,1990,5.385
chn,1991,5.635
chn,1992,6.113
chn,1993,6.674
chn,1994,7.344
chn,1995,7.961
chn,1996,8.507
chn,1997,8.857
chn,1998,9.129
chn,1999,9.465
chn,2000,9.953
chn,2001,10.447
chn,2002,11.084
chn,2003,12.074
chn,2004,13.2
chn,2005,14.609
chn,2006,16.13
chn,2007,18.068
chn,2008,19.522
chn,2009,21.084
chn,2010,23.025
chn,2011,25.472
chn,2012,27.484
chn,2013,29.857
chn,2014,32.338
chn,2015,34.622
chn,2016,36.765
chn,2017,38.742
chn,2018,41.479
chn,2019,43.76
chn,2020,45.093
chn,2021,50.042
chn,2022,51.227
chn,2023,55.718
chn,2024,58.652
chn,2025,62.42
chn,2026,68.341
chn,2027,71.596
chn,2028,76.643
chn,2029,81.522
chn,2030,87.163
chn,2031,86.748
chn,2032,88.753
chn,2033,90.811
chn,2034,90.366
chn,2035,92.451
chn,2036,94.582
chn,2037,94.114
chn,2038,96.278
chn,2039,98.505
chn,2040,98.014
chn,2041,100.281
chn,2042,102.607
chn,2043,102.096
chn,2044,104.494
chn,2045,106.959
chn,2046,106.476
chn,2047,108.931
chn,2048,111.448
chn,2049,110.901
chn,2050,113.506
chn,2051,112.991
chn,2052,115.609
chn,2053,118.314
chn,2054,117.792
chn,2055,120.555
chn,2056,119.983
chn,2057,122.797
chn,2058,122.22
chn,2059,125.069
chn,2060,124.466
chn,2061,127.375
chn,2062,126.742
chn,2063,129.723
chn,2064,129.135
chn,2065,132.167
chn,2066,131.575
chn,2067,134.673
chn,2068,134.079
chn,2069,137.247
chn,2070,136.65
chn,2071,139.89
chn,2072,139.248
chn,2073,142.559
chn,2074,141.964
chn,2075,141.377
chn,2076,144.756
chn,2077,144.169
chn,2078,147.627
chn,2079,147.045
chn,2080,146.462
chn,2081,149.995
chn,2082,149.419
chn,2083,152.832
chn,2084,152.255
chn,2085,151.596
chn,2086,155.245
chn,2087,154.811
chn,2088,154.281
chn,2089,158.033
chn,2090,157.29
chn,2091,156.675
chn,2092,160.464
chn,2093,159.919
chn,2094,159.316
chn,2095,158.808
chn,2096,162.569
chn,2097,162.009
chn,2098,161.491
chn,2099,165.374
chn,2100,164.629
col,1800,3.042
col,1801,3.042
col,1802,3.042
col,1803,3.056
col,1804,2.972
col,1805,2.972
col,1806,2.972
col,1807,2.972
col,1808,2.972
col,1809,2.982
col,1810,2.9
col,1811,2.9
col,1812,2.9
col,1813,2.9
col,1814,2.9
col,1815,2.821
col,1816,2.821
col,1817,2.821
col,1818,2.821
col,1819,2.821
col,1820,2.744
col,1821,2.755
col,1822,2.755
col,1823,2.755
col,1824,2.755
col,1825,2.755
col,1826,2.755
col,1827,2.755
col,1828,2.755
col,1829,2.755
col,1830,2.755
col,1831,2.679
col,1832,2.679
col,1833,2.679
col,1834,2.679
col,1835,2.679
col,1836,2.679
col,1837,2.68
col,1838,2.679
col,1839,2.679
col,1840,2.679
col,1841,2.606
col,1842,2.606
col,1843,2.606
col,1844,2.606
col,1845,2.606
col,1846,2.606
col,1847,2.606
col,1848,2.606
col,1849,2.606
col,1850,2.606
col,1851,2.606
col,1852,2.679
col,1853,2.679
col,1854,2.755
col,1855,2.755
col,1856,2.821
col,1857,2.821
col,1858,2.9
col,1859,2.982
col,1860,2.972
col,1861,3.056
col,1862,3.042
col,1863,3.127
col,1864,3.127
col,1865,3.215
col,1866,3.306
col,1867,3.306
col,1868,3.399
col,1869,3.399
col,1870,3.494
col,1871,3.494
col,1872,3.488
col,1873,3.58
col,1874,3.573
col,1875,3.567
col,1876,3.56
col,1877,3.554
col,1878,3.547
col,1879,3.64
col,1880,3.618
col,1881,3.611
col,1882,3.605
col,1883,3.598
col,1884,3.684
col,1885,3.677
col,1886,3.67
col,1887,3.663
col,1888,3.656
col,1889,3.557
col,1890,3.55
col,1891,3.543
col,1892,3.55
col,1893,3.543
col,1894,3.439
col,1895,3.432
col,1896,3.425
col,1897,3.418
col,1898,3.411
col,1899,3.404
col,1900,3.304
col,1901,3.297
col,1902,3.29
col,1903,3.283
col,1904,3.275
col,1905,3.268
col,1906,3.261
col,1907,3.346
col,1908,3.51
col,1909,3.599
col,1910,3.69
col,1911,3.786
col,1912,3.883
col,1913,3.979
col,1914,4.071
col,1915,4.174
col,1916,4.282
col,1917,4.393
col,1918,4.506
col,1919,4.753
col,1920,5.012
col,1921,5.142
col,1922,5.422
col,1923,5.562
col,1924,5.705
col,1925,5.692
col,1926,6.174
col,1927,6.53
col,1928,6.886
col,1929,6.869
col,1930,6.665
col,1931,6.648
col,1932,6.818
col,1933,7.196
col,1934,6.79
col,1935,7.544
col,1936,7.737
col,1937,7.717
col,1938,8.14
col,1939,8.351
col,1940,8.329
col,1941,8.258
col,1942,7.966
col,1943,7.68
col,1944,8.055
col,1945,7.991
col,1946,8.367
col,1947,8.531
col,1948,8.448
col,1949,8.603
col,1950,8.772
col,1951,8.7
col,1952,8.861
col,1953,9.013
col,1954,9.18
col,1955,9.106
col,1956,9.032
col,1957,8.959
col,1958,8.894
col,1959,9.054
col,1960,9.234
col,1961,9.159
col,1962,9.357
col,1963,9.292
col,1964,9.481
col,1965,9.415
col,1966,9.607
col,1967,9.542
col,1968,9.735
col,1969,10.216
col,1970,10.431
col,1971,10.65
col,1972,11.174
col,1973,11.406
col,1974,11.976
col,1975,11.897
col,1976,11.818
col,1977,12.071
col,1978,12.677
col,1979,12.946
col,1980,13.222
col,1981,13.656
col,1982,13.992
col,1983,13.735
col,1984,14.552
col,1985,14.873
col,1986,15.536
col,1987,16.311
col,1988,17.283
col,1989,18.144
col,1990,18.806
col,1991,18.821
col,1992,19.301
col,1993,19.289
col,1994,19.653
col,1995,19.754
col,1996,19.62
col,1997,19.752
col,1998,18.846
col,1999,18.035
col,2000,19.163
col,2001,18.268
col,2002,17.934
col,2003,19.56
col,2004,19.041
col,2005,20.293
col,2006,21.245
col,2007,22.315
col,2008,22.631
col,2009,23.103
col,2010,23.5
col,2011,25.415
col,2012,26.886
col,2013,28.074
col,2014,29.11
col,2015,30.67
col,2016,31.361
col,2017,31.71
col,2018,31.513
col,2019,31.673
col,2020,28.167
col,2021,28.691
col,2022,30.57
col,2023,32.039
col,2024,32.156
col,2025,33.541
col,2026,36.143
col,2027,37.763
col,2028,39.327
col,2029,39.624
col,2030,41.821
col,2031,41.786
col,2032,42.918
col,2033,44.071
col,2034,45.256
col,2035,46.466
col,2036,46.398
col,2037,47.643
col,2038,48.911
col,2039,50.213
col,2040,51.539
col,2041,51.458
col,2042,52.813
col,2043,54.212
col,2044,55.655
col,2045,55.553
col,2046,57.03
col,2047,58.551
col,2048,60.12
col,2049,60.025
col,2050,61.586
col,2051,63.251
col,2052,63.139
col,2053,64.812
col,2054,66.513
col,2055,68.275
col,2056,68.147
col,2057,69.888
col,2058,71.705
col,2059,71.571
col,2060,73.431
col,2061,73.246
col,2062,75.147
col,2063,77.098
col,2064,76.957
col,2065,78.953
col,2066,81.002
col,2067,80.831
col,2068,82.882
col,2069,82.708
col,2070,84.854
col,2071,87.057
col,2072,86.875
col,2073,89.131
col,2074,88.942
col,2075,91.273
col,2076,91.066
col,2077,93.32
col,2078,93.036
col,2079,95.583
col,2080,95.392
col,2081,89.834
col,2082,88.552
col,2083,90.646
col,2084,90.204
col,2085,92.067
col,2086,92.154
col,2087,95.129
col,2088,96.368
col,2089,98.778
col,2090,98.017
col,2091,100.817
col,2092,100.228
col,2093,100.154
col,2094,104.181
col,2095,104.807
col,2096,107.907
col,2097,108.157
col,2098,107.441
col,2099,109.472
col,2100,109.609
com,1800,1.572
com,1801,1.572
com,1802,1.572
com,1803,1.572
com,1804,1.572
com,1805,1.572
com,1806,1.572
com,1807,1.572
com,1808,1.572
com,1809,1.572
com,1810,1.572
com,1811,1.572
com,1812,1.572
com,1813,1.572
com,1814,1.572
com,1815,1.572
com,1816,1.572
com,1817,1.572
com,1818,1.616
com,1819,1.616
com,1820,1.616
com,1821,1.616
com,1822,1.616
com,1823,1.616
com,1824,1.616
com,1825,1.616
com,1826,1.616
com,1827,1.616
com,1828,1.616
com,1829,1.616
com,1830,1.616
com,1831,1.616
com,1832,1.616
com,1833,1.616
com,1834,1.616
com,1835,1.616
com,1836,1.616
com,1837,1.616
com,1838,1.616
com,1839,1.616
com,1840,1.616
com,1841,1.616
com,1842,1.616
com,1843,1.616
com,1844,1.616
com,1845,1.665
com,1846,1.665
com,1847,1.665
com,1848,1.665
com,1849,1.665
com,1850,1.665
com,1851,1.665
com,1852,1.665
com,1853,1.666
com,1854,1.665
com,1855,1.675
com,1856,1.675
com,1857,1.675
com,1858,1.675
com,1859,1.675
com,1860,1.675
com,1861,1.685
com,1862,1.686
com,1863,1.686
com,1864,1.686
com,1865,1.686
com,1866,1.686
com,1867,1.686
com,1868,1.686
com,1869,1.686
com,1870,1.686
com,1871,1.685
com,1872,1.727
com,1873,1.721
com,1874,1.715
com,1875,1.708
com,1876,1.702
com,1877,1.696
com,1878,1.69
com,1879,1.683
com,1880,1.677
com,1881,1.671
com,1882,1.664
com,1883,1.658
com,1884,1.652
com,1885,1.645
com,1886,1.639
com,1887,1.632
com,1888,1.626
com,1889,1.62
com,1890,1.613
com,1891,1.607
com,1892,1.6
com,1893,1.594
com,1894,1.587
com,1895,1.581
com,1896,1.574
com,1897,1.568
com,1898,1.561
com,1899,1.555
com,1900,1.548
com,1901,1.585
com,1902,1.578
com,1903,1.571
com,1904,1.565
com,1905,1.558
com,1906,1.551
com,1907,1.544
com,1908,1.546
com,1909,1.539
com,1910,1.532
com,1911,1.525
com,1912,1.519
com,1913,1.512
com,1914,1.504
com,1915,1.498
com,1916,1.491
com,1917,1.489
com,1918,1.482
com,1919,1.475
com,1920,1.468
com,1921,1.461
com,1922,1.449
com,1923,1.442
com,1924,1.435
com,1925,1.422
com,1926,1.415
com,1927,1.408
com,1928,1.363
com,1929,1.356
com,1930,1.35
com,1931,1.343
com,1932,1.337
com,1933,1.33
com,1934,1.323
com,1935,1.317
com,1936,1.31
com,1937,1.304
com,1938,1.262
com,1939,1.255
com,1940,1.249
com,1941,1.228
com,1942,1.243
com,1943,1.223
com,1944,1.203
com,1945,1.183
com,1946,1.197
com,1947,1.18
com,1948,1.161
com,1949,1.14
com,1950,1.153
com,1951,1.162
com,1952,1.182
com,1953,1.192
com,1954,1.233
com,1955,1.213
com,1956,1.228
com,1957,1.242
com,1958,1.255
com,1959,1.269
com,1960,1.353
com,1961,1.329
com,1962,1.42
com,1963,1.646
com,1964,1.77
com,1965,1.7
com,1966,1.826
com,1967,1.904
com,1968,1.88
com,1969,1.806
com,1970,1.83
com,1971,1.855
com,1972,1.883
com,1973,1.964
com,1974,1.938
com,1975,2.021
com,1976,1.941
com,1977,1.916
com,1978,1.891
com,1979,2.029
com,1980,2.058
com,1981,2.233
com,1982,2.357
com,1983,2.485
com,1984,2.599
com,1985,2.648
com,1986,2.649
com,1987,2.702
com,1988,2.808
com,1989,2.819
com,1990,2.989
com,1991,2.86
com,1992,3.055
com,1993,3.18
com,1994,2.945
com,1995,3.021
com,1996,2.973
com,1997,3.039
com,1998,3.012
com,1999,3.056
com,2000,3.322
com,2001,3.399
com,2002,3.414
com,2003,3.461
com,2004,3.482
com,2005,3.531
com,2006,3.637
com,2007,3.655
com,2008,3.795
com,2009,4.162
com,2010,4.266
com,2011,4.63
com,2012,4.873
com,2013,5.663
com,2014,5.707
com,2015,5.597
com,2016,5.993
com,2017,6.031
com,2018,6.436
com,2019,6.223
com,2020,6.996
com,2021,6.83
com,2022,6.966
com,2023,7.247
com,2024,7.475
com,2025,7.379
com,2026,7.995
com,2027,8.232
com,2028,8.459
com,2029,8.642
com,2030,8.938
com,2031,9.202
com,2032,9.479
com,2033,9.503
com,2034,9.795
com,2035,10.081
com,2036,10.377
com,2037,10.396
com,2038,10.705
com,2039,11.063
com,2040,11.424
com,2041,11.758
com,2042,11.786
com,2043,12.133
com,2044,12.537
com,2045,12.979
com,2046,13.368
com,2047,13.262
com,2048,13.645
com,2049,14.045
com,2050,14.489
com,2051,14.955
com,2052,15.355
com,2053,15.49
com,2054,15.867
com,2055,16.228
com,2056,16.619
com,2057,17.092
com,2058,17.565
com,2059,17.654
com,2060,18.069
com,2061,18.635
com,2062,19.217
com,2063,19.922
com,2064,20.589
com,2065,21.158
com,2066,21.759
com,2067,21.805
com,2068,22.428
com,2069,23.208
com,2070,23.878
com,2071,24.702
com,2072,25.529
com,2073,26.201
com,2074,26.309
com,2075,26.892
com,2076,27.301
com,2077,27.501
com,2078,27.985
com,2079,28.662
com,2080,29.319
com,2081,30.384
com,2082,30.742
com,2083,31.552
com,2084,32.506
com,2085,33.869
com,2086,35.199
com,2087,36.124
com,2088,37.324
com,2089,38.248
com,2090,38.42
com,2091,39.203
com,2092,40.283
com,2093,40.838
com,2094,42.203
com,2095,42.716
com,2096,43.479
com,2097,43.306
com,2098,44.042
com,2099,45.426
com,2100,46.224
cod,1800,1.021
cod,1801,1.021
cod,1802,1.021
cod,1803,1.021
cod,1804,1.021
cod,1805,1.021
cod,1806,1.021
cod,1807,1.021
cod,1808,1.021
cod,1809,1.021
cod,1810,1.021
cod,1811,1.021
cod,1812,1.021
cod,1813,1.021
cod,1814,1.021
cod,1815,1.021
cod,1816,1.021
cod,1817,1.021
cod,1818,1.021
cod,1819,1.021
cod,1820,1.021
cod,1821,1.021
cod,1822,1.021
cod,1823,1.021
cod,1824,1.021
cod,1825,1.05
cod,1826,1.05
cod,1827,1.05
cod,1828,1.05
cod,1829,1.05
cod,1830,1.05
cod,1831,1.05
cod,1832,1.079
cod,1833,1.079
cod,1834,1.079
cod,1835,1.079
cod,1836,1.079
cod,1837,1.079
cod,1838,1.079
cod,1839,1.11
cod,1840,1.11
cod,1841,1.11
cod,1842,1.11
cod,1843,1.11
cod,1844,1.109
cod,1845,1.141
cod,1846,1.141
cod,1847,1.141
cod,1848,1.141
cod,1849,1.141
cod,1850,1.141
cod,1851,1.141
cod,1852,1.173
cod,1853,1.173
cod,1854,1.173
cod,1855,1.173
cod,1856,1.173
cod,1857,1.173
cod,1858,1.173
cod,1859,1.206
cod,1860,1.206
cod,1861,1.206
cod,1862,1.206
cod,1863,1.206
cod,1864,1.206
cod,1865,1.233
cod,1866,1.234
cod,1867,1.234
cod,1868,1.234
cod,1869,1.234
cod,1870,1.234
cod,1871,1.234
cod,1872,1.268
cod,1873,1.267
cod,1874,1.267
cod,1875,1.266
cod,1876,1.266
cod,1877,1.265
cod,1878,1.265
cod,1879,1.3
cod,1880,1.3
cod,1881,1.299
cod,1882,1.299
cod,1883,1.298
cod,1884,1.298
cod,1885,1.297
cod,1886,1.333
cod,1887,1.333
cod,1888,1.332
cod,1889,1.332
cod,1890,1.331
cod,1891,1.331
cod,1892,1.368
cod,1893,1.367
cod,1894,1.367
cod,1895,1.366
cod,1896,1.366
cod,1897,1.365
cod,1898,1.365
cod,1899,1.402
cod,1900,1.402
cod,1901,1.401
cod,1902,1.401
cod,1903,1.4
cod,1904,1.4
cod,1905,1.399
cod,1906,1.438
cod,1907,1.438
cod,1908,1.437
cod,1909,1.436
cod,1910,1.436
cod,1911,1.435
cod,1912,1.475
cod,1913,1.474
cod,1914,1.472
cod,1915,1.513
cod,1916,1.555
cod,1917,1.554
cod,1918,1.597
cod,1919,1.642
cod,1920,1.687
cod,1921,1.687
cod,1922,1.729
cod,1923,1.777
cod,1924,1.777
cod,1925,1.826
cod,1926,1.877
cod,1927,1.876
cod,1928,1.928
cod,1929,1.98
cod,1930,1.98
cod,1931,2.035
cod,1932,2.091
cod,1933,2.149
cod,1934,2.148
cod,1935,2.208
cod,1936,2.269
cod,1937,2.269
cod,1938,2.328
cod,1939,2.393
cod,1940,2.392
cod,1941,2.449
cod,1942,2.504
cod,1943,2.63
cod,1944,2.69
cod,1945,2.751
cod,1946,2.811
cod,1947,2.872
cod,1948,2.938
cod,1949,3.005
cod,1950,3.073
cod,1951,3.411
cod,1952,3.587
cod,1953,3.772
cod,1954,3.962
cod,1955,4.054
cod,1956,4.263
cod,1957,4.361
cod,1958,4.106
cod,1959,4.2
cod,1960,4.297
cod,1961,3.827
cod,1962,4.373
cod,1963,4.474
cod,1964,4.33
cod,1965,4.309
cod,1966,4.408
cod,1967,4.266
cod,1968,4.364
cod,1969,4.719
cod,1970,4.567
cod,1971,4.804
cod,1972,4.649
cod,1973,4.89
cod,1974,5.002
cod,1975,4.58
cod,1976,4.312
cod,1977,4.173
cod,1978,3.821
cod,1979,3.802
cod,1980,3.783
cod,1981,3.915
cod,1982,3.924
cod,1983,3.973
cod,1984,4.155
cod,1985,4.134
cod,1986,4.297
cod,1987,4.381
cod,1988,4.392
cod,1989,4.386
cod,1990,4.132
cod,1991,3.722
cod,1992,3.292
cod,1993,2.774
cod,1994,2.575
cod,1995,2.532
cod,1996,2.479
cod,1997,2.312
cod,1998,2.246
cod,1999,2.102
cod,2000,1.915
cod,2001,1.845
cod,2002,1.859
cod,2003,1.917
cod,2004,1.996
cod,2005,2.059
cod,2006,2.104
cod,2007,2.198
cod,2008,2.274
cod,2009,2.276
cod,2010,2.365
cod,2011,2.429
cod,2012,2.503
cod,2013,2.613
cod,2014,2.738
cod,2015,2.806
cod,2016,2.741
cod,2017,2.704
cod,2018,2.783
cod,2019,2.761
cod,2020,2.737
cod,2021,2.794
cod,2022,2.953
cod,2023,3.097
cod,2024,3.246
cod,2025,3.346
cod,2026,3.579
cod,2027,3.721
cod,2028,3.755
cod,2029,3.88
cod,2030,3.959
cod,2031,4.072
cod,2032,4.189
cod,2033,4.192
cod,2034,4.314
cod,2035,4.319
cod,2036,4.445
cod,2037,4.576
cod,2038,4.583
cod,2039,4.72
cod,2040,4.861
cod,2041,4.87
cod,2042,5.017
cod,2043,5.169
cod,2044,5.181
cod,2045,5.34
cod,2046,5.505
cod,2047,5.519
cod,2048,5.691
cod,2049,5.712
cod,2050,5.89
cod,2051,6.077
cod,2052,6.098
cod,2053,6.291
cod,2054,6.492
cod,2055,6.52
cod,2056,6.73
cod,2057,6.946
cod,2058,6.974
cod,2059,7.198
cod,2060,7.423
cod,2061,7.447
cod,2062,7.685
cod,2063,7.931
cod,2064,7.961
cod,2065,8.218
cod,2066,8.48
cod,2067,8.514
cod,2068,8.785
cod,2069,9.066
cod,2070,9.09
cod,2071,9.368
cod,2072,9.654
cod,2073,9.959
cod,2074,9.982
cod,2075,10.268
cod,2076,10.589
cod,2077,10.921
cod,2078,10.94
cod,2079,11.264
cod,2080,11.614
cod,2081,11.974
cod,2082,12.004
cod,2083,12.354
cod,2084,12.737
cod,2085,13.125
cod,2086,13.137
cod,2087,13.541
cod,2088,13.93
cod,2089,14.347
cod,2090,14.789
cod,2091,14.809
cod,2092,15.244
cod,2093,15.67
cod,2094,16.132
cod,2095,16.566
cod,2096,17.06
cod,2097,17.086
cod,2098,17.612
cod,2099,18.158
cod,2100,18.702
cog,1800,1.665
cog,1801,1.665
cog,1802,1.665
cog,1803,1.703
cog,1804,1.703
cog,1805,1.703
cog,1806,1.703
cog,1807,1.703
cog,1808,1.703
cog,1809,1.703
cog,1810,1.703
cog,1811,1.703
cog,1812,1.703
cog,1813,1.751
cog,1814,1.751
cog,1815,1.751
cog,1816,1.751
cog,1817,1.751
cog,1818,1.751
cog,1819,1.751
cog,1820,1.751
cog,1821,1.751
cog,1822,1.751
cog,1823,1.8
cog,1824,1.8
cog,1825,1.8
cog,1826,1.8
cog,1827,1.8
cog,1828,1.8
cog,1829,1.8
cog,1830,1.8
cog,1831,1.8
cog,1832,1.8
cog,1833,1.851
cog,1834,1.851
cog,1835,1.851
cog,1836,1.851
cog,1837,1.851
cog,1838,1.851
cog,1839,1.851
cog,1840,1.851
cog,1841,1.851
cog,1842,1.851
cog,1843,1.903
cog,1844,1.903
cog,1845,1.903
cog,1846,1.903
cog,1847,1.903
cog,1848,1.903
cog,1849,1.903
cog,1850,1.903
cog,1851,1.903
cog,1852,1.956
cog,1853,1.956
cog,1854,1.956
cog,1855,1.956
cog,1856,1.956
cog,1857,1.956
cog,1858,1.956
cog,1859,1.956
cog,1860,1.956
cog,1861,1.956
cog,1862,2.011
cog,1863,2.011
cog,1864,2.011
cog,1865,2.011
cog,1866,2.011
cog,1867,2.011
cog,1868,2.011
cog,1869,2.011
cog,1870,2.011
cog,1871,2.011
cog,1872,2.066
cog,1873,2.064
cog,1874,2.063
cog,1875,2.061
cog,1876,2.059
cog,1877,2.058
cog,1878,2.052
cog,1879,2.05
cog,1880,2.049
cog,1881,2.047
cog,1882,2.103
cog,1883,2.101
cog,1884,2.099
cog,1885,2.097
cog,1886,2.095
cog,1887,2.094
cog,1888,2.092
cog,1889,2.09
cog,1890,2.088
cog,1891,2.086
cog,1892,2.143
cog,1893,2.142
cog,1894,2.139
cog,1895,2.138
cog,1896,2.136
cog,1897,2.134
cog,1898,2.132
cog,1899,2.13
cog,1900,2.128
cog,1901,2.186
cog,1902,2.183
cog,1903,2.181
cog,1904,2.179
cog,1905,2.177
cog,1906,2.175
cog,1907,2.173
cog,1908,2.171
cog,1909,2.169
cog,1910,2.167
cog,1911,2.226
cog,1912,2.224
cog,1913,2.222
cog,1914,2.281
cog,1915,2.279
cog,1916,2.334
cog,1917,2.398
cog,1918,2.463
cog,1919,2.46
cog,1920,2.527
cog,1921,2.595
cog,1922,2.662
cog,1923,2.735
cog,1924,2.81
cog,1925,2.806
cog,1926,2.882
cog,1927,2.96
cog,1928,3.041
cog,1929,3.123
cog,1930,3.113
cog,1931,3.197
cog,1932,3.288
cog,1933,3.377
cog,1934,3.469
cog,1935,3.557
cog,1936,3.553
cog,1937,3.649
cog,1938,3.743
cog,1939,3.838
cog,1940,3.943
cog,1941,4.056
cog,1942,4.173
cog,1943,4.176
cog,1944,4.296
cog,1945,4.42
cog,1946,4.547
cog,1947,4.67
cog,1948,4.801
cog,1949,4.939
cog,1950,5.081
cog,1951,5.226
cog,1952,5.23
cog,1953,5.381
cog,1954,5.384
cog,1955,5.538
cog,1956,5.542
cog,1957,5.699
cog,1958,5.701
cog,1959,5.866
cog,1960,5.87
cog,1961,6.21
cog,1962,6.047
cog,1963,6.054
cog,1964,6.061
cog,1965,6.067
cog,1966,6.245
cog,1967,6.609
cog,1968,6.802
cog,1969,7.198
cog,1970,7.618
cog,1971,8.061
cog,1972,8.07
cog,1973,9.283
cog,1974,9.038
cog,1975,8.8
cog,1976,8.81
cog,1977,7.894
cog,1978,8.125
cog,1979,8.84
cog,1980,9.888
cog,1981,10.879
cog,1982,12.093
cog,1983,12.503
cog,1984,13.005
cog,1985,12.899
cog,1986,12.745
cog,1987,12.718
cog,1988,14.723
cog,1989,16.755
cog,1990,16.72
cog,1991,17.2
cog,1992,17.21
cog,1993,16.652
cog,1994,15.316
cog,1995,15.808
cog,1996,16.225
cog,1997,15.912
cog,1998,16.264
cog,1999,15.581
cog,2000,16.384
cog,2001,16.489
cog,2002,16.871
cog,2003,16.6
cog,2004,16.684
cog,2005,17.393
cog,2006,18.172
cog,2007,16.304
cog,2008,16.926
cog,2009,18.433
cog,2010,19.631
cog,2011,19.191
cog,2012,20.429
cog,2013,20.318
cog,2014,20.858
cog,2015,20.108
cog,2016,17.956
cog,2017,16.727
cog,2018,16.159
cog,2019,15.835
cog,2020,14.357
cog,2021,14.211
cog,2022,14.256
cog,2023,13.755
cog,2024,13.818
cog,2025,14.25
cog,2026,14.735
cog,2027,14.905
cog,2028,15.479
cog,2029,15.998
cog,2030,16.661
cog,2031,16.717
cog,2032,17.244
cog,2033,17.787
cog,2034,18.343
cog,2035,18.399
cog,2036,18.97
cog,2037,19.549
cog,2038,20.151
cog,2039,20.756
cog,2040,20.793
cog,2041,21.411
cog,2042,22.028
cog,2043,22.686
cog,2044,23.362
cog,2045,23.381
cog,2046,24.049
cog,2047,24.754
cog,2048,25.472
cog,2049,26.211
cog,2050,26.943
cog,2051,26.955
cog,2052,27.698
cog,2053,28.487
cog,2054,29.257
cog,2055,30.068
cog,2056,30.915
cog,2057,31.754
cog,2058,31.714
cog,2059,32.55
cog,2060,33.376
cog,2061,34.258
cog,2062,35.176
cog,2063,36.113
cog,2064,37.135
cog,2065,38.09
cog,2066,38.056
cog,2067,39.046
cog,2068,40.093
cog,2069,41.212
cog,2070,42.25
cog,2071,43.308
cog,2072,44.403
cog,2073,44.233
cog,2074,45.337
cog,2075,46.44
cog,2076,47.554
cog,2077,48.718
cog,2078,49.903
cog,2079,51.109
cog,2080,52.308
cog,2081,52.03
cog,2082,53.242
cog,2083,54.471
cog,2084,55.725
cog,2085,57.031
cog,2086,58.362
cog,2087,59.682
cog,2088,59.347
cog,2089,60.737
cog,2090,62.092
cog,2091,63.51
cog,2092,64.923
cog,2093,66.47
cog,2094,68.057
cog,2095,67.645
cog,2096,69.153
cog,2097,70.735
cog,2098,72.345
cog,2099,73.918
cog,2100,75.668
cri,1800,2.191
cri,1801,2.191
cri,1802,2.192
cri,1803,2.873
cri,1804,2.873
cri,1805,2.873
cri,1806,2.874
cri,1807,2.873
cri,1808,2.873
cri,1809,2.873
cri,1810,2.873
cri,1811,2.874
cri,1812,2.873
cri,1813,2.873
cri,1814,2.873
cri,1815,2.873
cri,1816,2.873
cri,1817,2.873
cri,1818,2.873
cri,1819,2.874
cri,1820,2.874
cri,1821,2.874
cri,1822,2.873
cri,1823,2.954
cri,1824,2.954
cri,1825,3.037
cri,1826,3.037
cri,1827,3.039
cri,1828,3.125
cri,1829,3.158
cri,1830,3.246
cri,1831,3.247
cri,1832,3.246
cri,1833,3.338
cri,1834,3.338
cri,1835,3.432
cri,1836,3.432
cri,1837,3.432
cri,1838,3.559
cri,1839,3.559
cri,1840,3.659
cri,1841,3.659
cri,1842,3.659
cri,1843,3.762
cri,1844,3.762
cri,1845,3.859
cri,1846,3.859
cri,1847,3.967
cri,1848,3.967
cri,1849,3.967
cri,1850,4.079
cri,1851,4.079
cri,1852,4.194
cri,1853,4.193
cri,1854,4.194
cri,1855,4.311
cri,1856,4.311
cri,1857,4.433
cri,1858,4.432
cri,1859,4.433
cri,1860,4.557
cri,1861,4.558
cri,1862,4.686
cri,1863,4.686
cri,1864,4.686
cri,1865,4.818
cri,1866,4.818
cri,1867,4.953
cri,1868,4.953
cri,1869,4.953
cri,1870,5.092
cri,1871,5.092
cri,1872,5.225
cri,1873,5.213
cri,1874,5.202
cri,1875,5.337
cri,1876,5.325
cri,1877,5.463
cri,1878,5.451
cri,1879,5.439
cri,1880,5.58
cri,1881,5.568
cri,1882,5.712
cri,1883,5.699
cri,1884,5.689
cri,1885,5.836
cri,1886,5.823
cri,1887,5.973
cri,1888,5.96
cri,1889,6.08
cri,1890,6.236
cri,1891,6.22
cri,1892,6.38
cri,1893,6.364
cri,1894,6.351
cri,1895,6.513
cri,1896,6.497
cri,1897,6.805
cri,1898,6.786
cri,1899,6.767
cri,1900,6.939
cri,1901,6.92
cri,1902,7.098
cri,1903,7.079
cri,1904,7.059
cri,1905,7.237
cri,1906,7.217
cri,1907,7.399
cri,1908,7.378
cri,1909,7.357
cri,1910,7.543
cri,1911,7.734
cri,1912,7.715
cri,1913,7.909
cri,1914,8.015
cri,1915,8.215
cri,1916,8.42
cri,1917,8.394
cri,1918,8.607
cri,1919,8.579
cri,1920,8.793
cri,1921,8.292
cri,1922,8.983
cri,1923,8.24
cri,1924,9.178
cri,1925,8.899
cri,1926,9.769
cri,1927,8.603
cri,1928,8.817
cri,1929,8.314
cri,1930,8.521
cri,1931,8.261
cri,1932,7.284
cri,1933,8.676
cri,1934,7.241
cri,1935,7.934
cri,1936,8.131
cri,1937,9.404
cri,1938,9.688
cri,1939,9.604
cri,1940,8.966
cri,1941,9.79
cri,1942,8.318
cri,1943,8.238
cri,1944,7.104
cri,1945,7.86
cri,1946,8.459
cri,1947,10.048
cri,1948,10.375
cri,1949,10.333
cri,1950,9.183
cri,1951,9.089
cri,1952,9.989
cri,1953,11.096
cri,1954,10.97
cri,1955,11.463
cri,1956,10.718
cri,1957,11.197
cri,1958,12.029
cri,1959,11.889
cri,1960,12.061
cri,1961,11.923
cri,1962,12.148
cri,1963,12.377
cri,1964,12.611
cri,1965,13.211
cri,1966,13.427
cri,1967,13.64
cri,1968,14.271
cri,1969,14.538
cri,1970,15.207
cri,1971,15.505
cri,1972,16.225
cri,1973,16.995
cri,1974,17.328
cri,1975,17.192
cri,1976,17.532
cri,1977,18.375
cri,1978,18.747
cri,1979,19.123
cri,1980,18.977
cri,1981,18.525
cri,1982,18.178
cri,1983,19.649
cri,1984,22.173
cri,1985,23.06
cri,1986,24.757
cri,1987,24.262
cri,1988,23.668
cri,1989,23.563
cri,1990,24.062
cri,1991,24.133
cri,1992,25.199
cri,1993,26.051
cri,1994,26.226
cri,1995,26.706
cri,1996,26.243
cri,1997,27.324
cri,1998,28.427
cri,1999,27.775
cri,2000,28.847
cri,2001,25.87
cri,2002,25.945
cri,2003,28.769
cri,2004,30.063
cri,2005,30.942
cri,2006,31.142
cri,2007,33.439
cri,2008,35.054
cri,2009,33.26
cri,2010,35.808
cri,2011,37.296
cri,2012,39.112
cri,2013,37.597
cri,2014,39.231
cri,2015,40.354
cri,2016,42.435
cri,2017,43.633
cri,2018,44.784
cri,2019,44.68
cri,2020,42.029
cri,2021,45.558
cri,2022,48.855
cri,2023,52.316
cri,2024,57.473
cri,2025,60.839
cri,2026,65.612
cri,2027,68.661
cri,2028,71.556
cri,2029,74.103
cri,2030,77.229
cri,2031,77.063
cri,2032,79.068
cri,2033,81.073
cri,2034,80.836
cri,2035,82.974
cri,2036,85.195
cri,2037,84.983
cri,2038,87.183
cri,2039,89.41
cri,2040,89.187
cri,2041,91.533
cri,2042,93.873
cri,2043,93.542
cri,2044,95.927
cri,2045,98.375
cri,2046,97.865
cri,2047,100.353
cri,2048,100.091
cri,2049,102.738
cri,2050,105.337
cri,2051,104.721
cri,2052,107.507
cri,2053,107.518
cri,2054,110.263
cri,2055,109.987
cri,2056,112.798
cri,2057,112.519
cri,2058,114.703
cri,2059,114.336
cri,2060,117.247
cri,2061,117.33
cri,2062,120.347
cri,2063,120.055
cri,2064,123.284
cri,2065,122.994
cri,2066,126.239
cri,2067,125.95
cri,2068,129.511
cri,2069,129.228
cri,2070,132.575
cri,2071,132.294
cri,2072,134.863
cri,2073,134.569
cri,2074,134.28
cri,2075,137.979
cri,2076,137.801
cri,2077,141.511
cri,2078,140.655
cri,2079,140.579
cri,2080,144.25
cri,2081,144.042
cri,2082,143.401
cri,2083,147.157
cri,2084,146.391
cri,2085,146.34
cri,2086,149.662
cri,2087,149.393
cri,2088,149.129
cri,2089,153.058
cri,2090,152.799
cri,2091,152.548
cri,2092,157.015
cri,2093,156.774
cri,2094,155.642
cri,2095,159.772
cri,2096,159.532
cri,2097,159.297
cri,2098,159.07
cri,2099,163.048
cri,2100,162.824
civ,1800,1.66
civ,1801,1.66
civ,1802,1.66
civ,1803,1.66
civ,1804,1.66
civ,1805,1.66
civ,1806,1.66
civ,1807,1.66
civ,1808,1.66
civ,1809,1.66
civ,1810,1.66
civ,1811,1.66
civ,1812,1.66
civ,1813,1.66
civ,1814,1.66
civ,1815,1.66
civ,1816,1.66
civ,1817,1.66
civ,1818,1.66
civ,1819,1.66
civ,1820,1.66
civ,1821,1.66
civ,1822,1.66
civ,1823,1.66
civ,1824,1.66
civ,1825,1.66
civ,1826,1.66
civ,1827,1.66
civ,1828,1.66
civ,1829,1.66
civ,1830,1.66
civ,1831,1.66
civ,1832,1.66
civ,1833,1.66
civ,1834,1.66
civ,1835,1.66
civ,1836,1.66
civ,1837,1.66
civ,1838,1.66
civ,1839,1.66
civ,1840,1.66
civ,1841,1.66
civ,1842,1.66
civ,1843,1.66
civ,1844,1.66
civ,1845,1.66
civ,1846,1.66
civ,1847,1.66
civ,1848,1.66
civ,1849,1.66
civ,1850,1.66
civ,1851,1.66
civ,1852,1.66
civ,1853,1.66
civ,1854,1.66
civ,1855,1.66
civ,1856,1.707
civ,1857,1.701
civ,1858,1.701
civ,1859,1.701
civ,1860,1.701
civ,1861,1.701
civ,1862,1.701
civ,1863,1.749
civ,1864,1.749
civ,1865,1.741
civ,1866,1.741
civ,1867,1.741
civ,1868,1.741
civ,1869,1.741
civ,1870,1.79
civ,1871,1.79
civ,1872,1.788
civ,1873,1.786
civ,1874,1.783
civ,1875,1.781
civ,1876,1.778
civ,1877,1.826
civ,1878,1.823
civ,1879,1.821
civ,1880,1.819
civ,1881,1.816
civ,1882,1.814
civ,1883,1.811
civ,1884,1.86
civ,1885,1.857
civ,1886,1.855
civ,1887,1.852
civ,1888,1.85
civ,1889,1.847
civ,1890,1.845
civ,1891,1.842
civ,1892,1.84
civ,1893,1.837
civ,1894,1.835
civ,1895,1.832
civ,1896,1.829
civ,1897,1.827
civ,1898,1.824
civ,1899,1.822
civ,1900,1.819
civ,1901,1.817
civ,1902,1.814
civ,1903,1.811
civ,1904,1.809
civ,1905,1.806
civ,1906,1.804
civ,1907,1.801
civ,1908,1.799
civ,1909,1.796
civ,1910,1.793
civ,1911,1.791
civ,1912,1.788
civ,1913,1.785
civ,1914,1.783
civ,1915,1.78
civ,1916,1.778
civ,1917,1.775
civ,1918,1.772
civ,1919,1.77
civ,1920,1.767
civ,1921,1.764
civ,1922,1.762
civ,1923,1.759
civ,1924,1.756
civ,1925,1.754
civ,1926,1.751
civ,1927,1.748
civ,1928,1.746
civ,1929,1.743
civ,1930,1.74
civ,1931,1.738
civ,1932,1.735
civ,1933,1.732
civ,1934,1.88
civ,1935,1.978
civ,1936,2.086
civ,1937,2.202
civ,1938,2.319
civ,1939,2.516
civ,1940,2.656
civ,1941,2.788
civ,1942,3.009
civ,1943,3.159
civ,1944,3.411
civ,1945,3.584
civ,1946,3.763
civ,1947,4.064
civ,1948,4.258
civ,1949,4.597
civ,1950,4.826
civ,1951,4.924
civ,1952,5.027
civ,1953,5.128
civ,1954,5.089
civ,1955,5.193
civ,1956,5.295
civ,1957,5.407
civ,1958,5.521
civ,1959,5.481
civ,1960,5.751
civ,1961,6.205
civ,1962,6.168
civ,1963,6.84
civ,1964,7.795
civ,1965,7.343
civ,1966,7.496
civ,1967,7.455
civ,1968,8.052
civ,1969,8.232
civ,1970,8.651
civ,1971,8.843
civ,1972,8.791
civ,1973,8.988
civ,1974,8.935
civ,1975,8.882
civ,1976,9.595
civ,1977,9.538
civ,1978,10.022
civ,1979,9.963
civ,1980,9.115
civ,1981,9.688
civ,1982,9.713
civ,1983,9.253
civ,1984,8.833
civ,1985,8.966
civ,1986,10.004
civ,1987,10.12
civ,1988,10.483
civ,1989,10.533
civ,1990,10.186
civ,1991,9.957
civ,1992,9.572
civ,1993,9.191
civ,1994,8.89
civ,1995,9.126
civ,1996,9.567
civ,1997,10.095
civ,1998,10.235
civ,1999,10.147
civ,2000,9.892
civ,2001,9.412
civ,2002,9.213
civ,2003,8.663
civ,2004,8.504
civ,2005,8.592
civ,2006,8.736
civ,2007,8.677
civ,2008,8.987
civ,2009,9.099
civ,2010,9.499
civ,2011,8.851
civ,2012,9.307
civ,2013,10.124
civ,2014,10.761
civ,2015,11.382
civ,2016,11.914
civ,2017,12.515
civ,2018,12.96
civ,2019,13.694
civ,2020,13.37
civ,2021,14.08
civ,2022,14.871
civ,2023,15.399
civ,2024,15.909
civ,2025,16.626
civ,2026,17.723
civ,2027,18.522
civ,2028,19.266
civ,2029,19.925
civ,2030,20.197
civ,2031,20.768
civ,2032,21.356
civ,2033,21.955
civ,2034,21.95
civ,2035,22.557
civ,2036,23.185
civ,2037,23.832
civ,2038,24.5
civ,2039,25.188
civ,2040,25.89
civ,2041,26.606
civ,2042,26.6
civ,2043,27.333
civ,2044,28.104
civ,2045,28.871
civ,2046,29.656
civ,2047,30.465
civ,2048,31.284
civ,2049,32.133
civ,2050,32.095
civ,2051,32.953
civ,2052,33.841
civ,2053,34.75
civ,2054,35.678
civ,2055,36.626
civ,2056,37.582
civ,2057,38.571
civ,2058,38.504
civ,2059,39.514
civ,2060,40.558
civ,2061,41.619
civ,2062,42.712
civ,2063,43.818
civ,2064,43.745
civ,2065,44.878
civ,2066,46.049
civ,2067,47.239
civ,2068,48.494
civ,2069,49.787
civ,2070,49.67
civ,2071,50.956
civ,2072,52.29
civ,2073,53.658
civ,2074,55.033
civ,2075,54.954
civ,2076,56.428
civ,2077,57.941
civ,2078,59.42
civ,2079,60.983
civ,2080,60.848
civ,2081,62.394
civ,2082,64.009
civ,2083,65.632
civ,2084,65.46
civ,2085,67.124
civ,2086,68.819
civ,2087,70.584
civ,2088,70.385
civ,2089,72.19
civ,2090,74.058
civ,2091,75.959
civ,2092,75.852
civ,2093,77.832
civ,2094,79.885
civ,2095,79.69
civ,2096,81.672
civ,2097,83.762
civ,2098,83.638
civ,2099,85.764
civ,2100,87.964
hrv,1800,2.165
hrv,1801,2.226
hrv,1802,2.226
hrv,1803,2.223
hrv,1804,2.285
hrv,1805,2.285
hrv,1806,2.286
hrv,1807,2.35
hrv,1808,2.35
hrv,1809,2.35
hrv,1810,2.35
hrv,1811,2.416
hrv,1812,2.416
hrv,1813,2.484
hrv,1814,2.484
hrv,1815,2.553
hrv,1816,2.625
hrv,1817,2.625
hrv,1818,2.699
hrv,1819,2.699
hrv,1820,2.699
hrv,1821,2.775
hrv,1822,2.775
hrv,1823,2.775
hrv,1824,2.853
hrv,1825,2.853
hrv,1826,2.853
hrv,1827,2.933
hrv,1828,2.933
hrv,1829,2.933
hrv,1830,2.904
hrv,1831,2.967
hrv,1832,2.967
hrv,1833,2.967
hrv,1834,3.051
hrv,1835,3.051
hrv,1836,3.051
hrv,1837,3.137
hrv,1838,3.137
hrv,1839,3.129
hrv,1840,3.129
hrv,1841,3.217
hrv,1842,3.217
hrv,1843,3.217
hrv,1844,3.3
hrv,1845,3.3
hrv,1846,3.3
hrv,1847,3.3
hrv,1848,3.393
hrv,1849,3.393
hrv,1850,3.393
hrv,1851,3.393
hrv,1852,3.488
hrv,1853,3.488
hrv,1854,3.488
hrv,1855,3.488
hrv,1856,3.488
hrv,1857,3.488
hrv,1858,3.488
hrv,1859,3.586
hrv,1860,3.586
hrv,1861,3.587
hrv,1862,3.586
hrv,1863,3.586
hrv,1864,3.587
hrv,1865,3.586
hrv,1866,3.687
hrv,1867,3.687
hrv,1868,3.687
hrv,1869,3.687
hrv,1870,3.687
hrv,1871,3.781
hrv,1872,3.805
hrv,1873,3.937
hrv,1874,4.073
hrv,1875,4.098
hrv,1876,4.173
hrv,1877,4.318
hrv,1878,4.345
hrv,1879,4.496
hrv,1880,4.523
hrv,1881,4.648
hrv,1882,4.809
hrv,1883,4.839
hrv,1884,5.006
hrv,1885,5.006
hrv,1886,5.192
hrv,1887,5.42
hrv,1888,5.442
hrv,1889,5.625
hrv,1890,5.827
hrv,1891,5.853
hrv,1892,5.879
hrv,1893,5.929
hrv,1894,6.125
hrv,1895,6.156
hrv,1896,6.16
hrv,1897,6.191
hrv,1898,6.397
hrv,1899,6.447
hrv,1900,6.483
hrv,1901,6.675
hrv,1902,6.705
hrv,1903,6.879
hrv,1904,6.893
hrv,1905,7.105
hrv,1906,7.33
hrv,1907,7.342
hrv,1908,7.605
hrv,1909,7.644
hrv,1910,7.881
hrv,1911,7.914
hrv,1912,7.947
hrv,1913,7.98
hrv,1914,8.012
hrv,1915,8.025
hrv,1916,8.079
hrv,1917,7.887
hrv,1918,7.917
hrv,1919,7.945
hrv,1920,7.977
hrv,1921,8.002
hrv,1922,8.246
hrv,1923,8.509
hrv,1924,9.046
hrv,1925,9.318
hrv,1926,9.88
hrv,1927,9.376
hrv,1928,10.221
hrv,1929,10.551
hrv,1930,10.002
hrv,1931,9.49
hrv,1932,8.505
hrv,1933,8.756
hrv,1934,8.788
hrv,1935,8.57
hrv,1936,9.614
hrv,1937,9.376
hrv,1938,9.936
hrv,1939,10.537
hrv,1940,10.267
hrv,1941,10.293
hrv,1942,10.037
hrv,1943,10.055
hrv,1944,9.803
hrv,1945,9.826
hrv,1946,9.848
hrv,1947,9.604
hrv,1948,11.369
hrv,1949,12.382
hrv,1950,11.418
hrv,1951,11.764
hrv,1952,10.548
hrv,1953,11.491
hrv,1954,12.513
hrv,1955,14.811
hrv,1956,14.029
hrv,1957,16.603
hrv,1958,17.102
hrv,1959,18.623
hrv,1960,20.845
hrv,1961,22.077
hrv,1962,22.718
hrv,1963,25.406
hrv,1964,27.64
hrv,1965,28.442
hrv,1966,30.094
hrv,1967,30.966
hrv,1968,32.76
hrv,1969,34.658
hrv,1970,37.696
hrv,1971,41.001
hrv,1972,42.188
hrv,1973,43.411
hrv,1974,47.215
hrv,1975,48.582
hrv,1976,51.394
hrv,1977,55.897
hrv,1978,59.134
hrv,1979,62.555
hrv,1980,64.364
hrv,1981,63.512
hrv,1982,63.52
hrv,1983,62.548
hrv,1984,63.994
hrv,1985,64.113
hrv,1986,65.994
hrv,1987,66.055
hrv,1988,65.592
hrv,1989,64.924
hrv,1990,60.605
hrv,1991,49.496
hrv,1992,45.006
hrv,1993,40.474
hrv,1994,41.471
hrv,1995,44.635
hrv,1996,48.425
hrv,1997,51.744
hrv,1998,51.255
hrv,1999,52.645
hrv,2000,52.603
hrv,2001,56.728
hrv,2002,60.718
hrv,2003,64.287
hrv,2004,67.049
hrv,2005,69.685
hrv,2006,71.81
hrv,2007,75.615
hrv,2008,74.528
hrv,2009,71.24
hrv,2010,75.431
hrv,2011,75.724
hrv,2012,73.378
hrv,2013,76.064
hrv,2014,73.939
hrv,2015,78.857
hrv,2016,82.261
hrv,2017,86.738
hrv,2018,91.003
hrv,2019,95.751
hrv,2020,87.308
hrv,2021,98.587
hrv,2022,99.771
hrv,2023,116.508
hrv,2024,122.587
hrv,2025,130.502
hrv,2026,137.897
hrv,2027,143.442
hrv,2028,144.908
hrv,2029,149.671
hrv,2030,153.651
hrv,2031,152.493
hrv,2032,155.607
hrv,2033,154.462
hrv,2034,157.699
hrv,2035,161.04
hrv,2036,159.886
hrv,2037,163.301
hrv,2038,162.146
hrv,2039,165.526
hrv,2040,164.502
hrv,2041,167.836
hrv,2042,166.683
hrv,2043,165.498
hrv,2044,168.984
hrv,2045,167.606
hrv,2046,170.65
hrv,2047,169.49
hrv,2048,172.766
hrv,2049,171.627
hrv,2050,174.824
hrv,2051,173.939
hrv,2052,173.007
hrv,2053,177.008
hrv,2054,175.969
hrv,2055,180.397
hrv,2056,179.689
hrv,2057,178.881
hrv,2058,182.819
hrv,2059,181.65
hrv,2060,180.023
hrv,2061,184.008
hrv,2062,183.241
hrv,2063,182.325
hrv,2064,186.497
hrv,2065,185.685
hrv,2066,184.6
hrv,2067,189.083
hrv,2068,188.082
hrv,2069,186.575
hrv,2070,190.224
hrv,2071,189.226
hrv,2072,188.277
hrv,2073,192.649
hrv,2074,191.713
hrv,2075,191.196
hrv,2076,190.261
hrv,2077,194.856
hrv,2078,193.929
hrv,2079,193.018
hrv,2080,190.941
hrv,2081,195.409
hrv,2082,194.976
hrv,2083,194.088
hrv,2084,193.088
hrv,2085,196.855
hrv,2086,195.966
hrv,2087,194.794
hrv,2088,193.928
hrv,2089,192.539
hrv,2090,197.082
hrv,2091,196.226
hrv,2092,196.278
hrv,2093,195.566
hrv,2094,194.759
hrv,2095,199.391
hrv,2096,198.587
hrv,2097,198.201
hrv,2098,197.424
hrv,2099,196.662
hrv,2100,196.263
cub,1800,2.25
cub,1801,2.25
cub,1802,2.25
cub,1803,2.313
cub,1804,2.313
cub,1805,2.313
cub,1806,2.378
cub,1807,2.378
cub,1808,2.378
cub,1809,2.378
cub,1810,2.445
cub,1811,2.445
cub,1812,2.445
cub,1813,2.514
cub,1814,2.514
cub,1815,2.514
cub,1816,2.585
cub,1817,2.585
cub,1818,2.585
cub,1819,2.585
cub,1820,2.657
cub,1821,2.657
cub,1822,2.657
cub,1823,2.732
cub,1824,2.732
cub,1825,2.732
cub,1826,2.809
cub,1827,2.167
cub,1828,2.167
cub,1829,2.167
cub,1830,2.167
cub,1831,2.167
cub,1832,2.228
cub,1833,2.228
cub,1834,2.228
cub,1835,2.228
cub,1836,2.228
cub,1837,2.228
cub,1838,2.228
cub,1839,2.228
cub,1840,2.228
cub,1841,2.228
cub,1842,2.228
cub,1843,2.228
cub,1844,2.228
cub,1845,2.291
cub,1846,2.291
cub,1847,2.355
cub,1848,2.388
cub,1849,2.455
cub,1850,2.524
cub,1851,2.524
cub,1852,2.595
cub,1853,2.595
cub,1854,2.668
cub,1855,2.743
cub,1856,2.743
cub,1857,2.82
cub,1858,2.82
cub,1859,2.848
cub,1860,2.889
cub,1861,2.971
cub,1862,2.971
cub,1863,3.054
cub,1864,3.054
cub,1865,3.103
cub,1866,3.19
cub,1867,3.19
cub,1868,3.19
cub,1869,3.325
cub,1870,3.376
cub,1871,3.427
cub,1872,3.603
cub,1873,3.626
cub,1874,3.654
cub,1875,3.824
cub,1876,3.893
cub,1877,3.958
cub,1878,4.188
cub,1879,4.257
cub,1880,4.395
cub,1881,4.595
cub,1882,4.85
cub,1883,5.203
cub,1884,5.611
cub,1885,5.907
cub,1886,6.212
cub,1887,6.412
cub,1888,6.731
cub,1889,7.131
cub,1890,7.553
cub,1891,8.078
cub,1892,8.327
cub,1893,8.337
cub,1894,8.37
cub,1895,8.372
cub,1896,8.106
cub,1897,8.139
cub,1898,8.103
cub,1899,8.068
cub,1900,8.092
cub,1901,7.907
cub,1902,8.323
cub,1903,8.58
cub,1904,8.816
cub,1905,9.376
cub,1906,8.987
cub,1907,10.245
cub,1908,8.742
cub,1909,9.803
cub,1910,9.945
cub,1911,9.088
cub,1912,9.339
cub,1913,10.188
cub,1914,10.515
cub,1915,10.566
cub,1916,10.841
cub,1917,11.192
cub,1918,11.132
cub,1919,11.494
cub,1920,11.543
cub,1921,11.274
cub,1922,11.323
cub,1923,11.06
cub,1924,11.508
cub,1925,12.672
cub,1926,11.946
cub,1927,12.137
cub,1928,11.316
cub,1929,12.329
cub,1930,12.047
cub,1931,8.881
cub,1932,8.439
cub,1933,8.02
cub,1934,8.659
cub,1935,9.16
cub,1936,9.681
cub,1937,10.529
cub,1938,10.561
cub,1939,10.575
cub,1940,10.585
cub,1941,11.286
cub,1942,11.402
cub,1943,10.908
cub,1944,12.102
cub,1945,12.294
cub,1946,13.38
cub,1947,14.078
cub,1948,13.857
cub,1949,14.016
cub,1950,14.953
cub,1951,15.122
cub,1952,16.354
cub,1953,15.458
cub,1954,15.703
cub,1955,15.9
cub,1956,16.506
cub,1957,18.065
cub,1958,18.334
cub,1959,19.119
cub,1960,19.409
cub,1961,19.64
cub,1962,19.314
cub,1963,19.507
cub,1964,21.295
cub,1965,20.94
cub,1966,21.709
cub,1967,23.837
cub,1968,22.131
cub,1969,21.72
cub,1970,20.804
cub,1971,22.826
cub,1972,23.677
cub,1973,25.243
cub,1974,26.179
cub,1975,27.925
cub,1976,28.177
cub,1977,29.227
cub,1978,31.172
cub,1979,32.341
cub,1980,31.74
cub,1981,34.323
cub,1982,35.539
cub,1983,36.53
cub,1984,37.409
cub,1985,38.282
cub,1986,39.274
cub,1987,40.241
cub,1988,41.285
cub,1989,42.164
cub,1990,43.219
cub,1991,44.078
cub,1992,45.029
cub,1993,45.915
cub,1994,46.98
cub,1995,48.129
cub,1996,49.334
cub,1997,50.63
cub,1998,51.919
cub,1999,53.266
cub,2000,54.45
cub,2001,56.007
cub,2002,57.374
cub,2003,59.112
cub,2004,59.968
cub,2005,61.176
cub,2006,61.957
cub,2007,78.932
cub,2008,80.165
cub,2009,81.136
cub,2010,82.484
cub,2011,83.046
cub,2012,83.426
cub,2013,83.222
cub,2014,82.819
cub,2015,82.445
cub,2016,81.827
cub,2017,80.851
cub,2018,80.489
cub,2019,81.827
cub,2020,83.172
cub,2021,69.902
cub,2022,83.789
cub,2023,83.588
cub,2024,82.654
cub,2025,83.55
cub,2026,84.48
cub,2027,84.125
cub,2028,86.158
cub,2029,88.23
cub,2030,90.231
cub,2031,92.153
cub,2032,91.609
cub,2033,93.651
cub,2034,95.701
cub,2035,97.784
cub,2036,99.894
cub,2037,102.084
cub,2038,104.264
cub,2039,106.485
cub,2040,105.756
cub,2041,107.997
cub,2042,110.261
cub,2043,112.548
cub,2044,114.867
cub,2045,117.203
cub,2046,119.609
cub,2047,118.694
cub,2048,121.009
cub,2049,123.354
cub,2050,125.822
cub,2051,128.325
cub,2052,130.82
cub,2053,133.361
cub,2054,132.303
cub,2055,134.888
cub,2056,137.49
cub,2057,140.039
cub,2058,142.7
cub,2059,141.458
cub,2060,144.083
cub,2061,146.875
cub,2062,149.846
cub,2063,152.707
cub,2064,151.189
cub,2065,154.017
cub,2066,156.869
cub,2067,159.354
cub,2068,162.251
cub,2069,160.678
cub,2070,163.523
cub,2071,166.161
cub,2072,168.883
cub,2073,167.316
cub,2074,170.289
cub,2075,173.077
cub,2076,171.31
cub,2077,174.322
cub,2078,177.378
cub,2079,180.443
cub,2080,178.574
cub,2081,181.356
cub,2082,187.757
cub,2083,187.35
cub,2084,192.196
cub,2085,195.636
cub,2086,193.69
cub,2087,198.683
cub,2088,202.257
cub,2089,199.946
cub,2090,203.531
cub,2091,201.514
cub,2092,205.127
cub,2093,208.804
cub,2094,208.876
cub,2095,212.654
cub,2096,210.07
cub,2097,213.86
cub,2098,217.724
cub,2099,215.599
cub,2100,219.5
cyp,1800,2.484
cyp,1801,2.483
cyp,1802,2.483
cyp,1803,2.483
cyp,1804,2.483
cyp,1805,2.484
cyp,1806,2.484
cyp,1807,2.483
cyp,1808,2.483
cyp,1809,2.483
cyp,1810,2.483
cyp,1811,2.483
cyp,1812,2.483
cyp,1813,2.483
cyp,1814,2.483
cyp,1815,2.484
cyp,1816,2.483
cyp,1817,2.483
cyp,1818,2.483
cyp,1819,2.483
cyp,1820,2.483
cyp,1821,2.484
cyp,1822,2.483
cyp,1823,2.483
cyp,1824,2.484
cyp,1825,2.483
cyp,1826,2.483
cyp,1827,2.483
cyp,1828,2.483
cyp,1829,2.483
cyp,1830,2.483
cyp,1831,2.483
cyp,1832,2.483
cyp,1833,2.483
cyp,1834,2.483
cyp,1835,2.483
cyp,1836,2.483
cyp,1837,2.553
cyp,1838,2.553
cyp,1839,2.625
cyp,1840,2.625
cyp,1841,2.699
cyp,1842,2.699
cyp,1843,2.699
cyp,1844,2.775
cyp,1845,2.775
cyp,1846,2.889
cyp,1847,2.889
cyp,1848,2.889
cyp,1849,2.97
cyp,1850,2.97
cyp,1851,3.053
cyp,1852,3.053
cyp,1853,3.139
cyp,1854,3.139
cyp,1855,3.139
cyp,1856,3.227
cyp,1857,3.227
cyp,1858,3.318
cyp,1859,3.318
cyp,1860,3.411
cyp,1861,3.411
cyp,1862,3.443
cyp,1863,3.54
cyp,1864,3.54
cyp,1865,3.64
cyp,1866,3.639
cyp,1867,3.742
cyp,1868,3.742
cyp,1869,3.742
cyp,1870,3.847
cyp,1871,3.847
cyp,1872,3.963
cyp,1873,3.97
cyp,1874,4.089
cyp,1875,4.097
cyp,1876,4.14
cyp,1877,4.264
cyp,1878,4.271
cyp,1879,4.399
cyp,1880,4.406
cyp,1881,4.589
cyp,1882,4.596
cyp,1883,4.603
cyp,1884,4.739
cyp,1885,4.746
cyp,1886,4.901
cyp,1887,4.908
cyp,1888,5.053
cyp,1889,5.06
cyp,1890,5.067
cyp,1891,5.255
cyp,1892,5.294
cyp,1893,5.449
cyp,1894,5.454
cyp,1895,5.614
cyp,1896,5.621
cyp,1897,5.627
cyp,1898,5.841
cyp,1899,5.861
cyp,1900,6.031
cyp,1901,6.037
cyp,1902,6.226
cyp,1903,6.275
cyp,1904,6.279
cyp,1905,6.46
cyp,1906,6.465
cyp,1907,6.664
cyp,1908,6.668
cyp,1909,6.903
cyp,1910,6.907
cyp,1911,6.951
cyp,1912,7.226
cyp,1913,7.267
cyp,1914,7.51
cyp,1915,7.548
cyp,1916,7.548
cyp,1917,7.759
cyp,1918,7.794
cyp,1919,7.793
cyp,1920,7.798
cyp,1921,8.056
cyp,1922,8.064
cyp,1923,8.319
cyp,1924,8.316
cyp,1925,8.339
cyp,1926,8.57
cyp,1927,8.592
cyp,1928,8.587
cyp,1929,8.824
cyp,1930,8.819
cyp,1931,9.063
cyp,1932,9.058
cyp,1933,9.053
cyp,1934,9.303
cyp,1935,9.313
cyp,1936,9.308
cyp,1937,9.565
cyp,1938,9.559
cyp,1939,9.554
cyp,1940,9.817
cyp,1941,9.751
cyp,1942,9.686
cyp,1943,9.621
cyp,1944,9.825
cyp,1945,9.759
cyp,1946,9.694
cyp,1947,9.629
cyp,1948,9.564
cyp,1949,9.768
cyp,1950,9.702
cyp,1951,9.373
cyp,1952,10.118
cyp,1953,10.922
cyp,1954,10.852
cyp,1955,11.082
cyp,1956,12.299
cyp,1957,12.928
cyp,1958,12.135
cyp,1959,12.399
cyp,1960,11.327
cyp,1961,12.227
cyp,1962,13.596
cyp,1963,14.281
cyp,1964,12.685
cyp,1965,15.324
cyp,1966,16.1
cyp,1967,17.876
cyp,1968,18.768
cyp,1969,20.258
cyp,1970,20.129
cyp,1971,22.95
cyp,1972,24.092
cyp,1973,23.936
cyp,1974,21.89
cyp,1975,18.421
cyp,1976,22.212
cyp,1977,25.342
cyp,1978,27.366
cyp,1979,29.562
cyp,1980,31.037
cyp,1981,32.951
cyp,1982,36.04
cyp,1983,37.6
cyp,1984,41.782
cyp,1985,44.527
cyp,1986,45.843
cyp,1987,50.098
cyp,1988,54.825
cyp,1989,60.205
cyp,1990,65.482
cyp,1991,65.313
cyp,1992,69.618
cyp,1993,68.153
cyp,1994,71.71
cyp,1995,76.736
cyp,1996,76.767
cyp,1997,78.332
cyp,1998,82.896
cyp,1999,87.006
cyp,2000,90.957
cyp,2001,94.325
cyp,2002,95.423
cyp,2003,97.078
cyp,2004,101.895
cyp,2005,104.241
cyp,2006,105.857
cyp,2007,110.169
cyp,2008,110.445
cyp,2009,103.393
cyp,2010,105.146
cyp,2011,101.28
cyp,2012,94.104
cyp,2013,84.857
cyp,2014,86.943
cyp,2015,92.738
cyp,2016,100.091
cyp,2017,107.268
cyp,2018,109.297
cyp,2019,117.042
cyp,2020,109.719
cyp,2021,123.511
cyp,2022,118.56
cyp,2023,128.17
cyp,2024,132.982
cyp,2025,137.586
cyp,2026,146.381
cyp,2027,152.771
cyp,2028,158.906
cyp,2029,164.249
cyp,2030,167.767
cyp,2031,166.439
cyp,2032,169.817
cyp,2033,168.508
cyp,2034,171.888
cyp,2035,170.562
cyp,2036,169.306
cyp,2037,172.792
cyp,2038,171.552
cyp,2039,175.115
cyp,2040,173.855
cyp,2041,172.614
cyp,2042,176.296
cyp,2043,175.143
cyp,2044,173.984
cyp,2045,177.708
cyp,2046,176.528
cyp,2047,175.358
cyp,2048,179.209
cyp,2049,178.105
cyp,2050,177.025
cyp,2051,181.057
cyp,2052,180.208
cyp,2053,179.165
cyp,2054,183.162
cyp,2055,182.142
cyp,2056,181.145
cyp,2057,185.271
cyp,2058,184.288
cyp,2059,183.283
cyp,2060,182.365
cyp,2061,186.573
cyp,2062,185.649
cyp,2063,184.742
cyp,2064,183.586
cyp,2065,188.178
cyp,2066,187.307
cyp,2067,186.456
cyp,2068,185.62
cyp,2069,190.196
cyp,2070,189.377
cyp,2071,188.648
cyp,2072,187.993
cyp,2073,187.102
cyp,2074,191.736
cyp,2075,190.985
cyp,2076,190.251
cyp,2077,190.015
cyp,2078,189.475
cyp,2079,194.102
cyp,2080,193.421
cyp,2081,192.751
cyp,2082,192.098
cyp,2083,191.459
cyp,2084,190.834
cyp,2085,195.642
cyp,2086,195.094
cyp,2087,195.323
cyp,2088,194.288
cyp,2089,193.719
cyp,2090,193.163
cyp,2091,198.034
cyp,2092,197.488
cyp,2093,197.049
cyp,2094,196.529
cyp,2095,196.02
cyp,2096,195.406
cyp,2097,194.919
cyp,2098,194.441
cyp,2099,199.428
cyp,2100,199.899
cze,1800,4.42
cze,1801,4.42
cze,1802,4.42
cze,1803,4.42
cze,1804,4.42
cze,1805,4.42
cze,1806,4.42
cze,1807,4.42
cze,1808,4.42
cze,1809,4.42
cze,1810,4.42
cze,1811,4.42
cze,1812,4.42
cze,1813,4.42
cze,1814,4.42
cze,1815,4.42
cze,1816,4.42
cze,1817,4.42
cze,1818,4.42
cze,1819,4.42
cze,1820,4.363
cze,1821,4.363
cze,1822,4.363
cze,1823,4.486
cze,1824,4.486
cze,1825,4.486
cze,1826,4.612
cze,1827,4.612
cze,1828,4.612
cze,1829,4.612
cze,1830,4.742
cze,1831,4.742
cze,1832,4.742
cze,1833,4.875
cze,1834,4.875
cze,1835,4.875
cze,1836,5.012
cze,1837,5.043
cze,1838,5.313
cze,1839,5.936
cze,1840,5.825
cze,1841,5.368
cze,1842,5.07
cze,1843,5.017
cze,1844,5.022
cze,1845,4.937
cze,1846,4.988
cze,1847,5.231
cze,1848,5.293
cze,1849,5.336
cze,1850,5.58
cze,1851,5.896
cze,1852,5.97
cze,1853,5.441
cze,1854,5.205
cze,1855,5.224
cze,1856,5.37
cze,1857,5.338
cze,1858,5.281
cze,1859,5.262
cze,1860,5.262
cze,1861,5.262
cze,1862,5.259
cze,1863,5.404
cze,1864,5.38
cze,1865,5.392
cze,1866,5.427
cze,1867,5.411
cze,1868,5.411
cze,1869,5.411
cze,1870,5.411
cze,1871,5.543
cze,1872,5.563
cze,1873,5.754
cze,1874,5.846
cze,1875,6.019
cze,1876,6.084
cze,1877,6.341
cze,1878,6.411
cze,1879,6.888
cze,1880,7.957
cze,1881,7.74
cze,1882,7.24
cze,1883,7.364
cze,1884,7.209
cze,1885,7.453
cze,1886,7.97
cze,1887,8.812
cze,1888,9.333
cze,1889,9.34
cze,1890,9.582
cze,1891,9.082
cze,1892,8.771
cze,1893,8.81
cze,1894,9.089
cze,1895,9.117
cze,1896,9.423
cze,1897,9.492
cze,1898,9.819
cze,1899,9.863
cze,1900,10.237
cze,1901,10.264
cze,1902,10.576
cze,1903,10.595
cze,1904,10.877
cze,1905,11.165
cze,1906,11.175
cze,1907,11.495
cze,1908,11.491
cze,1909,11.841
cze,1910,11.855
cze,1911,12.203
cze,1912,12.221
cze,1913,12.582
cze,1914,12.623
cze,1915,12.309
cze,1916,12.353
cze,1917,12.044
cze,1918,12.102
cze,1919,11.799
cze,1920,11.829
cze,1921,12.84
cze,1922,12.186
cze,1923,13.318
cze,1924,14.606
cze,1925,16.407
cze,1926,16.448
cze,1927,17.45
cze,1928,19.03
cze,1929,19.595
cze,1930,18.537
cze,1931,18.035
cze,1932,17.061
cze,1933,16.175
cze,1934,15.719
cze,1935,15.287
cze,1936,16.688
cze,1937,18.715
cze,1938,18.74
cze,1939,18.766
cze,1940,18.81
cze,1941,19.367
cze,1942,19.396
cze,1943,19.424
cze,1944,19.452
cze,1945,19.48
cze,1946,19.507
cze,1947,19.534
cze,1948,19.561
cze,1949,20.717
cze,1950,22.566
cze,1951,22.605
cze,1952,23.319
cze,1953,22.729
cze,1954,23.396
cze,1955,24.792
cze,1956,26.272
cze,1957,27.044
cze,1958,29.409
cze,1959,30.256
cze,1960,32.003
cze,1961,32.924
cze,1962,32.939
cze,1963,32.052
cze,1964,33.894
cze,1965,34.861
cze,1966,35.857
cze,1967,36.88
cze,1968,39.0
cze,1969,39.016
cze,1970,40.13
cze,1971,42.436
cze,1972,44.874
cze,1973,46.155
cze,1974,48.807
cze,1975,51.611
cze,1976,53.084
cze,1977,56.129
cze,1978,57.732
cze,1979,59.381
cze,1980,59.406
cze,1981,58.609
cze,1982,57.991
cze,1983,59.245
cze,1984,60.902
cze,1985,62.685
cze,1986,64.601
cze,1987,66.527
cze,1988,68.349
cze,1989,69.786
cze,1990,71.019
cze,1991,63.505
cze,1992,63.779
cze,1993,59.601
cze,1994,62.619
cze,1995,67.744
cze,1996,72.391
cze,1997,72.575
cze,1998,72.785
cze,1999,74.498
cze,2000,77.781
cze,2001,80.785
cze,2002,83.246
cze,2003,86.313
cze,2004,90.595
cze,2005,96.813
cze,2006,102.478
cze,2007,108.292
cze,2008,109.136
cze,2009,105.083
cze,2010,107.335
cze,2011,109.713
cze,2012,109.317
cze,2013,108.208
cze,2014,110.497
cze,2015,116.22
cze,2016,118.707
cze,2017,124.642
cze,2018,126.34
cze,2019,130.347
cze,2020,123.299
cze,2021,130.523
cze,2022,126.601
cze,2023,124.783
cze,2024,125.434
cze,2025,131.844
cze,2026,139.921
cze,2027,145.467
cze,2028,150.933
cze,2029,155.95
cze,2030,157.584
cze,2031,161.016
cze,2032,159.999
cze,2033,163.401
cze,2034,162.338
cze,2035,165.827
cze,2036,164.769
cze,2037,163.73
cze,2038,167.337
cze,2039,166.201
cze,2040,169.827
cze,2041,168.799
cze,2042,172.506
cze,2043,171.484
cze,2044,170.482
cze,2045,174.262
cze,2046,173.267
cze,2047,177.133
cze,2048,176.147
cze,2049,175.008
cze,2050,178.947
cze,2051,177.984
cze,2052,182.015
cze,2053,181.061
cze,2054,180.125
cze,2055,184.246
cze,2056,183.092
cze,2057,182.179
cze,2058,186.38
cze,2059,185.477
cze,2060,184.757
cze,2061,183.891
cze,2062,188.188
cze,2063,187.336
cze,2064,186.496
cze,2065,190.893
cze,2066,190.065
cze,2067,189.253
cze,2068,188.456
cze,2069,192.951
cze,2070,192.165
cze,2071,191.395
cze,2072,195.999
cze,2073,195.321
cze,2074,194.576
cze,2075,194.092
cze,2076,193.382
cze,2077,198.104
cze,2078,197.402
cze,2079,196.803
cze,2080,196.131
cze,2081,200.97
cze,2082,200.307
cze,2083,199.66
cze,2084,199.026
cze,2085,198.405
cze,2086,203.425
cze,2087,202.813
cze,2088,202.213
cze,2089,201.626
cze,2090,201.05
cze,2091,200.486
cze,2092,205.557
cze,2093,205.001
cze,2094,204.78
cze,2095,204.253
cze,2096,203.736
cze,2097,203.231
cze,2098,208.434
cze,2099,207.936
cze,2100,207.448
dnk,1800,4.563
dnk,1801,4.562
dnk,1802,4.563
dnk,1803,4.562
dnk,1804,4.563
dnk,1805,4.691
dnk,1806,4.691
dnk,1807,4.691
dnk,1808,4.691
dnk,1809,4.691
dnk,1810,4.691
dnk,1811,4.691
dnk,1812,4.823
dnk,1813,4.823
dnk,1814,4.958
dnk,1815,4.958
dnk,1816,4.958
dnk,1817,5.101
dnk,1818,5.101
dnk,1819,5.121
dnk,1820,5.265
dnk,1821,5.413
dnk,1822,5.415
dnk,1823,5.449
dnk,1824,5.434
dnk,1825,5.445
dnk,1826,5.485
dnk,1827,5.687
dnk,1828,5.723
dnk,1829,5.682
dnk,1830,5.825
dnk,1831,5.868
dnk,1832,6.04
dnk,1833,6.097
dnk,1834,6.341
dnk,1835,6.342
dnk,1836,6.182
dnk,1837,6.64
dnk,1838,6.836
dnk,1839,6.836
dnk,1840,6.958
dnk,1841,7.012
dnk,1842,6.843
dnk,1843,7.103
dnk,1844,7.324
dnk,1845,7.506
dnk,1846,7.516
dnk,1847,7.521
dnk,1848,7.509
dnk,1849,7.997
dnk,1850,9.203
dnk,1851,8.424
dnk,1852,8.661
dnk,1853,8.661
dnk,1854,8.661
dnk,1855,9.462
dnk,1856,8.904
dnk,1857,8.904
dnk,1858,8.661
dnk,1859,9.203
dnk,1860,8.951
dnk,1861,8.952
dnk,1862,9.203
dnk,1863,9.728
dnk,1864,9.462
dnk,1865,9.728
dnk,1866,9.462
dnk,1867,9.462
dnk,1868,9.462
dnk,1869,10.029
dnk,1870,10.311
dnk,1871,10.311
dnk,1872,10.924
dnk,1873,10.648
dnk,1874,10.972
dnk,1875,10.932
dnk,1876,10.956
dnk,1877,10.739
dnk,1878,11.004
dnk,1879,11.338
dnk,1880,11.362
dnk,1881,11.386
dnk,1882,11.819
dnk,1883,12.188
dnk,1884,12.211
dnk,1885,12.234
dnk,1886,12.698
dnk,1887,13.05
dnk,1888,13.072
dnk,1889,13.044
dnk,1890,13.823
dnk,1891,13.891
dnk,1892,14.38
dnk,1893,14.402
dnk,1894,14.417
dnk,1895,15.298
dnk,1896,15.891
dnk,1897,15.943
dnk,1898,15.963
dnk,1899,16.408
dnk,1900,16.896
dnk,1901,17.478
dnk,1902,17.63
dnk,1903,18.775
dnk,1904,18.79
dnk,1905,19.334
dnk,1906,19.32
dnk,1907,19.845
dnk,1908,20.462
dnk,1909,21.054
dnk,1910,21.062
dnk,1911,22.346
dnk,1912,21.745
dnk,1913,22.409
dnk,1914,23.899
dnk,1915,21.767
dnk,1916,22.424
dnk,1917,20.601
dnk,1918,19.965
dnk,1919,22.468
dnk,1920,23.223
dnk,1921,22.497
dnk,1922,24.693
dnk,1923,26.863
dnk,1924,26.872
dnk,1925,25.412
dnk,1926,26.892
dnk,1927,27.657
dnk,1928,28.226
dnk,1929,29.912
dnk,1930,31.559
dnk,1931,31.56
dnk,1932,29.803
dnk,1933,30.747
dnk,1934,31.609
dnk,1935,31.677
dnk,1936,32.584
dnk,1937,33.517
dnk,1938,33.563
dnk,1939,35.466
dnk,1940,29.952
dnk,1941,26.871
dnk,1942,26.726
dnk,1943,29.495
dnk,1944,31.972
dnk,1945,29.194
dnk,1946,33.463
dnk,1947,34.213
dnk,1948,34.959
dnk,1949,36.907
dnk,1950,38.748
dnk,1951,38.54
dnk,1952,38.335
dnk,1953,40.266
dnk,1954,41.148
dnk,1955,40.931
dnk,1956,40.764
dnk,1957,42.681
dnk,1958,43.635
dnk,1959,45.781
dnk,1960,48.147
dnk,1961,50.62
dnk,1962,51.783
dnk,1963,51.512
dnk,1964,55.673
dnk,1965,58.565
dnk,1966,58.232
dnk,1967,61.207
dnk,1968,62.572
dnk,1969,65.751
dnk,1970,67.25
dnk,1971,68.795
dnk,1972,70.348
dnk,1973,71.956
dnk,1974,71.591
dnk,1975,69.281
dnk,1976,72.848
dnk,1977,74.517
dnk,1978,76.225
dnk,1979,77.974
dnk,1980,77.579
dnk,1981,80.217
dnk,1982,85.955
dnk,1983,89.908
dnk,1984,96.242
dnk,1985,101.982
dnk,1986,107.908
dnk,1987,109.717
dnk,1988,112.873
dnk,1989,117.639
dnk,1990,122.528
dnk,1991,124.959
dnk,1992,128.039
dnk,1993,128.087
dnk,1994,134.787
dnk,1995,138.941
dnk,1996,142.377
dnk,1997,146.594
dnk,1998,149.419
dnk,1999,153.596
dnk,2000,158.948
dnk,2001,159.211
dnk,2002,158.855
dnk,2003,158.948
dnk,2004,165.319
dnk,2005,168.019
dnk,2006,171.845
dnk,2007,171.771
dnk,2008,173.034
dnk,2009,163.132
dnk,2010,163.754
dnk,2011,164.75
dnk,2012,162.33
dnk,2013,163.246
dnk,2014,164.945
dnk,2015,164.642
dnk,2016,169.75
dnk,2017,171.95
dnk,2018,176.573
dnk,2019,177.844
dnk,2020,178.417
dnk,2021,187.902
dnk,2022,182.723
dnk,2023,182.275
dnk,2024,190.987
dnk,2025,200.321
dnk,2026,211.941
dnk,2027,214.375
dnk,2028,222.969
dnk,2029,224.214
dnk,2030,232.331
dnk,2031,230.039
dnk,2032,227.81
dnk,2033,231.917
dnk,2034,229.751
dnk,2035,227.643
dnk,2036,231.964
dnk,2037,229.914
dnk,2038,227.918
dnk,2039,225.966
dnk,2040,230.373
dnk,2041,228.479
dnk,2042,226.635
dnk,2043,224.838
dnk,2044,223.102
dnk,2045,227.62
dnk,2046,225.913
dnk,2047,224.248
dnk,2048,222.626
dnk,2049,221.046
dnk,2050,225.677
dnk,2051,224.133
dnk,2052,222.643
dnk,2053,221.175
dnk,2054,219.742
dnk,2055,224.476
dnk,2056,223.073
dnk,2057,221.705
dnk,2058,220.37
dnk,2059,219.066
dnk,2060,217.794
dnk,2061,222.641
dnk,2062,221.394
dnk,2063,220.178
dnk,2064,218.915
dnk,2065,217.752
dnk,2066,216.616
dnk,2067,221.565
dnk,2068,220.451
dnk,2069,219.362
dnk,2070,218.289
dnk,2071,217.247
dnk,2072,216.228
dnk,2073,215.233
dnk,2074,214.259
dnk,2075,219.303
dnk,2076,218.345
dnk,2077,217.343
dnk,2078,216.427
dnk,2079,215.531
dnk,2080,214.654
dnk,2081,213.796
dnk,2082,212.852
dnk,2083,212.027
dnk,2084,211.22
dnk,2085,216.344
dnk,2086,215.587
dnk,2087,214.807
dnk,2088,214.042
dnk,2089,213.291
dnk,2090,212.557
dnk,2091,211.837
dnk,2092,211.13
dnk,2093,210.437
dnk,2094,209.756
dnk,2095,209.088
dnk,2096,208.433
dnk,2097,213.631
dnk,2098,212.982
dnk,2099,212.345
dnk,2100,211.718
dji,1800,2.503
dji,1801,2.503
dji,1802,2.503
dji,1803,2.503
dji,1804,2.503
dji,1805,2.503
dji,1806,2.503
dji,1807,2.503
dji,1808,2.503
dji,1809,2.574
dji,1810,2.574
dji,1811,2.574
dji,1812,2.574
dji,1813,2.574
dji,1814,2.574
dji,1815,2.574
dji,1816,2.574
dji,1817,2.646
dji,1818,2.646
dji,1819,2.646
dji,1820,2.647
dji,1821,2.646
dji,1822,2.646
dji,1823,2.647
dji,1824,2.646
dji,1825,2.647
dji,1826,2.646
dji,1827,2.721
dji,1828,2.721
dji,1829,2.721
dji,1830,2.721
dji,1831,2.721
dji,1832,2.721
dji,1833,2.721
dji,1834,2.721
dji,1835,2.798
dji,1836,2.798
dji,1837,2.798
dji,1838,2.798
dji,1839,2.798
dji,1840,2.798
dji,1841,2.797
dji,1842,2.798
dji,1843,2.798
dji,1844,2.877
dji,1845,2.877
dji,1846,2.877
dji,1847,2.876
dji,1848,2.877
dji,1849,2.877
dji,1850,2.877
dji,1851,2.877
dji,1852,2.877
dji,1853,2.958
dji,1854,2.958
dji,1855,2.958
dji,1856,2.958
dji,1857,2.958
dji,1858,2.958
dji,1859,2.958
dji,1860,2.958
dji,1861,3.041
dji,1862,3.041
dji,1863,3.041
dji,1864,3.041
dji,1865,3.041
dji,1866,3.041
dji,1867,3.042
dji,1868,3.042
dji,1869,3.041
dji,1870,3.127
dji,1871,3.126
dji,1872,3.128
dji,1873,3.13
dji,1874,3.131
dji,1875,3.133
dji,1876,3.134
dji,1877,3.136
dji,1878,3.137
dji,1879,3.227
dji,1880,3.229
dji,1881,3.23
dji,1882,3.232
dji,1883,3.234
dji,1884,3.236
dji,1885,3.236
dji,1886,3.238
dji,1887,3.24
dji,1888,3.333
dji,1889,3.334
dji,1890,3.336
dji,1891,3.338
dji,1892,3.339
dji,1893,3.341
dji,1894,3.344
dji,1895,3.345
dji,1896,3.441
dji,1897,3.442
dji,1898,3.444
dji,1899,3.445
dji,1900,3.447
dji,1901,3.449
dji,1902,3.451
dji,1903,3.453
dji,1904,3.454
dji,1905,3.553
dji,1906,3.554
dji,1907,3.556
dji,1908,3.559
dji,1909,3.56
dji,1910,3.561
dji,1911,3.564
dji,1912,3.565
dji,1913,3.567
dji,1914,3.669
dji,1915,3.881
dji,1916,3.991
dji,1917,4.105
dji,1918,4.224
dji,1919,4.344
dji,1920,4.468
dji,1921,4.596
dji,1922,4.727
dji,1923,4.863
dji,1924,5.002
dji,1925,5.145
dji,1926,5.293
dji,1927,5.445
dji,1928,5.6
dji,1929,5.761
dji,1930,5.925
dji,1931,6.105
dji,1932,6.279
dji,1933,6.669
dji,1934,6.914
dji,1935,7.109
dji,1936,7.311
dji,1937,7.481
dji,1938,7.662
dji,1939,7.87
dji,1940,8.068
dji,1941,8.281
dji,1942,8.729
dji,1943,8.976
dji,1944,9.456
dji,1945,9.68
dji,1946,9.931
dji,1947,10.441
dji,1948,10.709
dji,1949,11.257
dji,1950,11.559
dji,1951,12.155
dji,1952,12.076
dji,1953,12.341
dji,1954,12.595
dji,1955,12.861
dji,1956,13.106
dji,1957,13.407
dji,1958,13.331
dji,1959,13.621
dji,1960,14.33
dji,1961,14.232
dji,1962,14.145
dji,1963,14.461
dji,1964,14.372
dji,1965,14.285
dji,1966,14.596
dji,1967,14.507
dji,1968,14.42
dji,1969,14.325
dji,1970,17.306
dji,1971,17.687
dji,1972,17.095
dji,1973,16.988
dji,1974,15.526
dji,1975,16.314
dji,1976,16.67
dji,1977,13.267
dji,1978,11.163
dji,1979,10.792
dji,1980,10.433
dji,1981,10.227
dji,1982,10.211
dji,1983,10.001
dji,1984,9.881
dji,1985,9.436
dji,1986,8.871
dji,1987,8.327
dji,1988,7.98
dji,1989,7.327
dji,1990,7.312
dji,1991,6.717
dji,1992,6.909
dji,1993,6.718
dji,1994,6.642
dji,1995,6.567
dji,1996,6.207
dji,1997,6.156
dji,1998,5.969
dji,1999,6.013
dji,2000,5.993
dji,2001,6.065
dji,2002,6.259
dji,2003,6.418
dji,2004,6.754
dji,2005,6.995
dji,2006,7.458
dji,2007,7.832
dji,2008,8.232
dji,2009,8.281
dji,2010,8.658
dji,2011,9.342
dji,2012,9.751
dji,2013,10.205
dji,2014,10.936
dji,2015,11.572
dji,2016,12.185
dji,2017,12.868
dji,2018,13.482
dji,2019,13.869
dji,2020,13.659
dji,2021,14.28
dji,2022,14.92
dji,2023,16.316
dji,2024,16.976
dji,2025,17.833
dji,2026,19.01
dji,2027,20.416
dji,2028,21.896
dji,2029,22.738
dji,2030,23.943
dji,2031,24.628
dji,2032,25.313
dji,2033,26.008
dji,2034,26.006
dji,2035,26.734
dji,2036,27.496
dji,2037,28.278
dji,2038,29.08
dji,2039,29.886
dji,2040,30.735
dji,2041,31.564
dji,2042,31.534
dji,2043,32.407
dji,2044,33.289
dji,2045,34.226
dji,2046,35.164
dji,2047,36.163
dji,2048,37.122
dji,2049,38.194
dji,2050,38.181
dji,2051,39.24
dji,2052,40.307
dji,2053,41.382
dji,2054,42.489
dji,2055,43.578
dji,2056,44.637
dji,2057,44.532
dji,2058,45.665
dji,2059,46.879
dji,2060,48.058
dji,2061,49.316
dji,2062,50.543
dji,2063,51.814
dji,2064,51.748
dji,2065,53.073
dji,2066,54.426
dji,2067,55.732
dji,2068,57.131
dji,2069,58.469
dji,2070,58.414
dji,2071,59.989
dji,2072,61.443
dji,2073,63.059
dji,2074,64.665
dji,2075,64.466
dji,2076,66.071
dji,2077,67.723
dji,2078,69.441
dji,2079,71.16
dji,2080,70.84
dji,2081,72.667
dji,2082,74.552
dji,2083,76.386
dji,2084,76.236
dji,2085,78.107
dji,2086,80.022
dji,2087,81.855
dji,2088,81.626
dji,2089,83.631
dji,2090,85.67
dji,2091,85.357
dji,2092,87.564
dji,2093,89.695
dji,2094,91.773
dji,2095,91.431
dji,2096,93.65
dji,2097,95.922
dji,2098,95.561
dji,2099,97.877
dji,2100,100.25
dma,1800,1.425
dma,1801,1.425
dma,1802,1.425
dma,1803,1.425
dma,1804,1.425
dma,1805,1.425
dma,1806,1.425
dma,1807,1.425
dma,1808,1.425
dma,1809,1.425
dma,1810,1.425
dma,1811,1.425
dma,1812,1.425
dma,1813,1.425
dma,1814,1.425
dma,1815,1.425
dma,1816,1.425
dma,1817,1.425
dma,1818,1.425
dma,1819,1.424
dma,1820,1.424
dma,1821,1.425
dma,1822,1.425
dma,1823,1.425
dma,1824,1.425
dma,1825,1.425
dma,1826,1.424
dma,1827,1.424
dma,1828,1.425
dma,1829,1.425
dma,1830,1.425
dma,1831,1.425
dma,1832,1.425
dma,1833,1.425
dma,1834,1.464
dma,1835,1.464
dma,1836,1.464
dma,1837,1.465
dma,1838,1.506
dma,1839,1.506
dma,1840,1.506
dma,1841,1.506
dma,1842,1.548
dma,1843,1.548
dma,1844,1.548
dma,1845,1.548
dma,1846,1.592
dma,1847,1.591
dma,1848,1.592
dma,1849,1.592
dma,1850,1.592
dma,1851,1.637
dma,1852,1.637
dma,1853,1.636
dma,1854,1.637
dma,1855,1.683
dma,1856,1.682
dma,1857,1.682
dma,1858,1.683
dma,1859,1.73
dma,1860,1.73
dma,1861,1.73
dma,1862,1.73
dma,1863,1.779
dma,1864,1.779
dma,1865,1.779
dma,1866,1.779
dma,1867,1.829
dma,1868,1.829
dma,1869,1.828
dma,1870,1.829
dma,1871,1.88
dma,1872,1.889
dma,1873,1.899
dma,1874,1.909
dma,1875,1.973
dma,1876,1.983
dma,1877,1.993
dma,1878,2.004
dma,1879,2.071
dma,1880,2.083
dma,1881,2.094
dma,1882,2.105
dma,1883,2.117
dma,1884,2.189
dma,1885,2.201
dma,1886,2.214
dma,1887,2.226
dma,1888,2.303
dma,1889,2.316
dma,1890,2.33
dma,1891,2.344
dma,1892,2.424
dma,1893,2.439
dma,1894,2.454
dma,1895,2.469
dma,1896,2.554
dma,1897,2.57
dma,1898,2.587
dma,1899,2.604
dma,1900,2.694
dma,1901,2.712
dma,1902,2.729
dma,1903,2.748
dma,1904,2.843
dma,1905,2.863
dma,1906,2.882
dma,1907,2.903
dma,1908,3.005
dma,1909,3.025
dma,1910,3.047
dma,1911,3.069
dma,1912,3.177
dma,1913,3.2
dma,1914,3.223
dma,1915,3.337
dma,1916,3.361
dma,1917,3.481
dma,1918,3.507
dma,1919,3.633
dma,1920,3.762
dma,1921,3.789
dma,1922,3.818
dma,1923,3.848
dma,1924,3.876
dma,1925,3.906
dma,1926,4.047
dma,1927,4.077
dma,1928,4.109
dma,1929,4.14
dma,1930,4.172
dma,1931,4.205
dma,1932,4.238
dma,1933,4.27
dma,1934,4.425
dma,1935,4.459
dma,1936,4.494
dma,1937,4.528
dma,1938,4.563
dma,1939,4.599
dma,1940,4.635
dma,1941,4.794
dma,1942,4.824
dma,1943,4.853
dma,1944,5.02
dma,1945,5.051
dma,1946,5.082
dma,1947,5.257
dma,1948,5.289
dma,1949,5.32
dma,1950,5.503
dma,1951,6.016
dma,1952,6.397
dma,1953,6.259
dma,1954,6.474
dma,1955,6.881
dma,1956,7.316
dma,1957,7.778
dma,1958,7.822
dma,1959,7.868
dma,1960,8.135
dma,1961,7.74
dma,1962,8.908
dma,1963,9.177
dma,1964,9.72
dma,1965,8.246
dma,1966,9.232
dma,1967,9.25
dma,1968,9.268
dma,1969,10.092
dma,1970,10.686
dma,1971,11.635
dma,1972,12.67
dma,1973,13.793
dma,1974,14.609
dma,1975,15.047
dma,1976,16.382
dma,1977,16.873
dma,1978,18.887
dma,1979,15.582
dma,1980,17.933
dma,1981,19.796
dma,1982,21.915
dma,1983,23.208
dma,1984,24.226
dma,1985,25.669
dma,1986,26.411
dma,1987,27.891
dma,1988,29.671
dma,1989,31.82
dma,1990,32.968
dma,1991,33.451
dma,1992,33.917
dma,1993,34.41
dma,1994,34.606
dma,1995,35.081
dma,1996,35.883
dma,1997,36.397
dma,1998,37.2
dma,1999,37.458
dma,2000,38.052
dma,2001,38.206
dma,2002,37.633
dma,2003,38.398
dma,2004,39.385
dma,2005,39.648
dma,2006,40.273
dma,2007,40.599
dma,2008,41.903
dma,2009,41.604
dma,2010,41.087
dma,2011,40.805
dma,2012,40.931
dma,2013,40.52
dma,2014,39.571
dma,2015,37.203
dma,2016,39.23
dma,2017,35.289
dma,2018,39.203
dma,2019,39.682
dma,2020,37.684
dma,2021,37.655
dma,2022,42.241
dma,2023,42.892
dma,2024,43.034
dma,2025,45.495
dma,2026,48.759
dma,2027,49.454
dma,2028,51.439
dma,2029,51.77
dma,2030,51.362
dma,2031,52.658
dma,2032,54.008
dma,2033,55.35
dma,2034,56.75
dma,2035,58.149
dma,2036,57.986
dma,2037,59.4
dma,2038,60.895
dma,2039,62.398
dma,2040,63.887
dma,2041,65.435
dma,2042,65.138
dma,2043,66.798
dma,2044,68.491
dma,2045,70.122
dma,2046,71.879
dma,2047,71.618
dma,2048,73.35
dma,2049,75.11
dma,2050,76.898
dma,2051,78.775
dma,2052,78.46
dma,2053,80.325
dma,2054,82.237
dma,2055,84.233
dma,2056,83.872
dma,2057,85.778
dma,2058,87.971
dma,2059,90.046
dma,2060,89.556
dma,2061,91.706
dma,2062,93.885
dma,2063,93.467
dma,2064,95.655
dma,2065,98.012
dma,2066,97.581
dma,2067,99.784
dma,2068,102.122
dma,2069,101.66
dma,2070,104.061
dma,2071,106.487
dma,2072,106.001
dma,2073,108.48
dma,2074,111.057
dma,2075,110.538
dma,2076,113.142
dma,2077,115.789
dma,2078,115.291
dma,2079,117.99
dma,2080,117.47
dma,2081,120.248
dma,2082,119.712
dma,2083,122.526
dma,2084,125.428
dma,2085,124.888
dma,2086,127.846
dma,2087,127.29
dma,2088,130.316
dma,2089,129.774
dma,2090,132.865
dma,2091,132.309
dma,2092,135.463
dma,2093,134.921
dma,2094,138.146
dma,2095,137.615
dma,2096,141.188
dma,2097,140.633
dma,2098,143.401
dma,2099,142.838
dma,2100,142.307
dom,1800,2.013
dom,1801,2.013
dom,1802,2.013
dom,1803,2.013
dom,1804,2.013
dom,1805,2.013
dom,1806,2.013
dom,1807,2.013
dom,1808,2.013
dom,1809,2.013
dom,1810,2.012
dom,1811,2.012
dom,1812,2.013
dom,1813,2.013
dom,1814,2.013
dom,1815,2.013
dom,1816,2.012
dom,1817,2.013
dom,1818,2.012
dom,1819,2.012
dom,1820,2.012
dom,1821,2.012
dom,1822,2.012
dom,1823,2.012
dom,1824,2.013
dom,1825,2.012
dom,1826,2.013
dom,1827,2.013
dom,1828,2.013
dom,1829,2.012
dom,1830,2.012
dom,1831,2.013
dom,1832,2.013
dom,1833,2.012
dom,1834,2.013
dom,1835,2.013
dom,1836,2.013
dom,1837,2.012
dom,1838,2.013
dom,1839,2.013
dom,1840,2.013
dom,1841,2.013
dom,1842,2.013
dom,1843,2.013
dom,1844,2.013
dom,1845,2.013
dom,1846,2.013
dom,1847,2.013
dom,1848,2.013
dom,1849,2.013
dom,1850,2.013
dom,1851,2.013
dom,1852,2.013
dom,1853,2.013
dom,1854,2.013
dom,1855,2.013
dom,1856,2.013
dom,1857,2.013
dom,1858,2.013
dom,1859,2.013
dom,1860,2.013
dom,1861,2.013
dom,1862,2.013
dom,1863,1.993
dom,1864,2.049
dom,1865,2.049
dom,1866,2.049
dom,1867,2.049
dom,1868,2.049
dom,1869,2.107
dom,1870,2.107
dom,1871,2.107
dom,1872,2.105
dom,1873,2.103
dom,1874,2.143
dom,1875,2.141
dom,1876,2.14
dom,1877,2.138
dom,1878,2.136
dom,1879,2.195
dom,1880,2.167
dom,1881,2.166
dom,1882,2.165
dom,1883,2.164
dom,1884,2.223
dom,1885,2.222
dom,1886,2.221
dom,1887,2.219
dom,1888,2.218
dom,1889,2.217
dom,1890,2.278
dom,1891,2.277
dom,1892,2.275
dom,1893,2.274
dom,1894,2.273
dom,1895,2.335
dom,1896,2.334
dom,1897,2.332
dom,1898,2.331
dom,1899,2.311
dom,1900,2.375
dom,1901,2.374
dom,1902,2.373
dom,1903,2.372
dom,1904,2.371
dom,1905,2.436
dom,1906,2.435
dom,1907,2.434
dom,1908,2.433
dom,1909,2.432
dom,1910,2.499
dom,1911,2.498
dom,1912,2.497
dom,1913,2.477
dom,1914,2.528
dom,1915,2.527
dom,1916,2.598
dom,1917,2.597
dom,1918,2.67
dom,1919,2.724
dom,1920,2.724
dom,1921,2.807
dom,1922,2.886
dom,1923,2.967
dom,1924,2.944
dom,1925,3.027
dom,1926,3.093
dom,1927,3.133
dom,1928,3.223
dom,1929,3.225
dom,1930,3.317
dom,1931,3.412
dom,1932,3.51
dom,1933,3.592
dom,1934,3.594
dom,1935,3.698
dom,1936,3.804
dom,1937,3.914
dom,1938,3.915
dom,1939,4.028
dom,1940,4.144
dom,1941,4.239
dom,1942,4.337
dom,1943,4.436
dom,1944,4.538
dom,1945,4.516
dom,1946,4.62
dom,1947,4.723
dom,1948,4.831
dom,1949,4.939
dom,1950,5.063
dom,1951,5.493
dom,1952,5.938
dom,1953,5.705
dom,1954,5.926
dom,1955,6.102
dom,1956,6.57
dom,1957,6.531
dom,1958,6.391
dom,1959,6.332
dom,1960,6.338
dom,1961,6.125
dom,1962,6.795
dom,1963,7.146
dom,1964,7.317
dom,1965,6.175
dom,1966,6.857
dom,1967,6.825
dom,1968,6.621
dom,1969,7.147
dom,1970,7.725
dom,1971,8.353
dom,1972,9.034
dom,1973,10.039
dom,1974,10.268
dom,1975,10.498
dom,1976,11.033
dom,1977,11.288
dom,1978,11.229
dom,1979,11.483
dom,1980,11.742
dom,1981,12.485
dom,1982,12.849
dom,1983,13.431
dom,1984,13.57
dom,1985,13.26
dom,1986,13.581
dom,1987,13.886
dom,1988,13.503
dom,1989,14.968
dom,1990,14.16
dom,1991,14.048
dom,1992,15.216
dom,1993,16.448
dom,1994,17.163
dom,1995,18.407
dom,1996,19.729
dom,1997,21.207
dom,1998,21.896
dom,1999,21.874
dom,2000,22.152
dom,2001,23.132
dom,2002,25.095
dom,2003,23.111
dom,2004,22.611
dom,2005,25.678
dom,2006,26.61
dom,2007,30.367
dom,2008,31.034
dom,2009,30.462
dom,2010,33.397
dom,2011,33.414
dom,2012,35.001
dom,2013,35.307
dom,2014,40.42
dom,2015,42.013
dom,2016,43.195
dom,2017,47.505
dom,2018,49.475
dom,2019,52.164
dom,2020,50.171
dom,2021,57.151
dom,2022,63.366
dom,2023,67.981
dom,2024,76.445
dom,2025,78.98
dom,2026,85.233
dom,2027,88.625
dom,2028,94.373
dom,2029,97.361
dom,2030,100.932
dom,2031,103.209
dom,2032,106.16
dom,2033,109.024
dom,2034,108.484
dom,2035,110.959
dom,2036,113.478
dom,2037,112.89
dom,2038,115.457
dom,2039,118.297
dom,2040,117.71
dom,2041,120.41
dom,2042,123.206
dom,2043,122.57
dom,2044,124.978
dom,2045,128.112
dom,2046,127.49
dom,2047,130.445
dom,2048,133.45
dom,2049,133.089
dom,2050,136.205
dom,2051,135.516
dom,2052,138.623
dom,2053,141.923
dom,2054,141.34
dom,2055,144.56
dom,2056,143.834
dom,2057,147.247
dom,2058,146.526
dom,2059,149.88
dom,2060,153.403
dom,2061,153.193
dom,2062,156.918
dom,2063,156.12
dom,2064,159.865
dom,2065,159.13
dom,2066,162.787
dom,2067,161.95
dom,2068,165.842
dom,2069,165.098
dom,2070,164.364
dom,2071,168.238
dom,2072,167.501
dom,2073,171.462
dom,2074,170.724
dom,2075,174.736
dom,2076,173.997
dom,2077,178.138
dom,2078,177.301
dom,2079,176.569
dom,2080,180.791
dom,2081,179.052
dom,2082,182.988
dom,2083,181.72
dom,2084,181.759
dom,2085,186.125
dom,2086,185.392
dom,2087,185.554
dom,2088,190.384
dom,2089,189.68
dom,2090,188.986
dom,2091,193.596
dom,2092,192.903
dom,2093,192.221
dom,2094,196.935
dom,2095,196.258
dom,2096,196.141
dom,2097,200.985
dom,2098,199.451
dom,2099,198.17
dom,2100,198.078
ecu,1800,1.609
ecu,1801,1.609
ecu,1802,1.609
ecu,1803,1.609
ecu,1804,1.609
ecu,1805,1.609
ecu,1806,1.609
ecu,1807,1.609
ecu,1808,1.609
ecu,1809,1.609
ecu,1810,1.609
ecu,1811,1.609
ecu,1812,1.609
ecu,1813,1.609
ecu,1814,1.609
ecu,1815,1.609
ecu,1816,1.609
ecu,1817,1.609
ecu,1818,1.609
ecu,1819,1.609
ecu,1820,1.609
ecu,1821,1.654
ecu,1822,1.654
ecu,1823,1.654
ecu,1824,1.654
ecu,1825,1.701
ecu,1826,1.701
ecu,1827,1.701
ecu,1828,1.701
ecu,1829,1.701
ecu,1830,1.749
ecu,1831,1.769
ecu,1832,1.769
ecu,1833,1.769
ecu,1834,1.818
ecu,1835,1.818
ecu,1836,1.864
ecu,1837,1.864
ecu,1838,1.917
ecu,1839,1.917
ecu,1840,1.917
ecu,1841,1.971
ecu,1842,1.971
ecu,1843,1.97
ecu,1844,2.026
ecu,1845,2.026
ecu,1846,2.083
ecu,1847,2.083
ecu,1848,2.141
ecu,1849,2.141
ecu,1850,2.201
ecu,1851,2.201
ecu,1852,2.263
ecu,1853,2.263
ecu,1854,2.353
ecu,1855,2.352
ecu,1856,2.353
ecu,1857,2.443
ecu,1858,2.444
ecu,1859,2.512
ecu,1860,2.512
ecu,1861,2.612
ecu,1862,2.612
ecu,1863,2.686
ecu,1864,2.685
ecu,1865,2.685
ecu,1866,2.761
ecu,1867,2.761
ecu,1868,2.839
ecu,1869,2.838
ecu,1870,2.918
ecu,1871,2.918
ecu,1872,2.909
ecu,1873,2.9
ecu,1874,2.891
ecu,1875,2.881
ecu,1876,2.872
ecu,1877,2.863
ecu,1878,2.854
ecu,1879,2.846
ecu,1880,2.836
ecu,1881,2.827
ecu,1882,2.897
ecu,1883,2.887
ecu,1884,3.025
ecu,1885,3.099
ecu,1886,3.09
ecu,1887,3.165
ecu,1888,3.154
ecu,1889,3.231
ecu,1890,3.22
ecu,1891,3.298
ecu,1892,3.379
ecu,1893,3.461
ecu,1894,3.45
ecu,1895,3.534
ecu,1896,3.62
ecu,1897,3.708
ecu,1898,3.694
ecu,1899,3.784
ecu,1900,3.876
ecu,1901,4.047
ecu,1902,4.031
ecu,1903,4.128
ecu,1904,4.227
ecu,1905,4.21
ecu,1906,4.313
ecu,1907,4.416
ecu,1908,4.522
ecu,1909,4.63
ecu,1910,4.74
ecu,1911,4.854
ecu,1912,4.97
ecu,1913,5.173
ecu,1914,5.296
ecu,1915,5.421
ecu,1916,5.397
ecu,1917,5.375
ecu,1918,5.501
ecu,1919,5.631
ecu,1920,5.65
ecu,1921,5.782
ecu,1922,5.756
ecu,1923,5.729
ecu,1924,5.863
ecu,1925,5.837
ecu,1926,5.81
ecu,1927,5.985
ecu,1928,6.338
ecu,1929,6.645
ecu,1930,6.687
ecu,1931,6.357
ecu,1932,6.043
ecu,1933,6.013
ecu,1934,5.983
ecu,1935,5.953
ecu,1936,6.155
ecu,1937,6.155
ecu,1938,6.325
ecu,1939,6.351
ecu,1940,6.492
ecu,1941,6.423
ecu,1942,6.533
ecu,1943,7.025
ecu,1944,6.95
ecu,1945,6.688
ecu,1946,7.191
ecu,1947,7.731
ecu,1948,8.312
ecu,1949,8.223
ecu,1950,8.599
ecu,1951,8.507
ecu,1952,9.146
ecu,1953,9.048
ecu,1954,9.462
ecu,1955,9.361
ecu,1956,9.261
ecu,1957,9.438
ecu,1958,9.335
ecu,1959,9.475
ecu,1960,9.607
ecu,1961,9.508
ecu,1962,9.674
ecu,1963,9.615
ecu,1964,9.753
ecu,1965,10.2
ecu,1966,10.13
ecu,1967,10.336
ecu,1968,10.377
ecu,1969,10.603
ecu,1970,10.767
ecu,1971,10.993
ecu,1972,11.237
ecu,1973,12.104
ecu,1974,12.573
ecu,1975,13.148
ecu,1976,13.832
ecu,1977,13.762
ecu,1978,14.479
ecu,1979,14.401
ecu,1980,14.731
ecu,1981,15.225
ecu,1982,15.797
ecu,1983,15.211
ecu,1984,15.723
ecu,1985,15.968
ecu,1986,16.367
ecu,1987,15.453
ecu,1988,16.89
ecu,1989,16.751
ecu,1990,17.775
ecu,1991,18.163
ecu,1992,18.319
ecu,1993,18.243
ecu,1994,18.42
ecu,1995,18.132
ecu,1996,17.818
ecu,1997,17.814
ecu,1998,17.979
ecu,1999,16.4
ecu,2000,17.115
ecu,2001,17.119
ecu,2002,18.639
ecu,2003,18.837
ecu,2004,19.603
ecu,2005,21.08
ecu,2006,21.192
ecu,2007,20.911
ecu,2008,23.96
ecu,2009,24.014
ecu,2010,24.534
ecu,2011,28.02
ecu,2012,29.028
ecu,2013,29.796
ecu,2014,32.057
ecu,2015,30.858
ecu,2016,31.008
ecu,2017,32.777
ecu,2018,31.701
ecu,2019,31.73
ecu,2020,27.528
ecu,2021,30.802
ecu,2022,32.498
ecu,2023,32.254
ecu,2024,32.98
ecu,2025,34.465
ecu,2026,35.765
ecu,2027,36.438
ecu,2028,38.056
ecu,2029,38.326
ecu,2030,40.277
ecu,2031,40.179
ecu,2032,41.269
ecu,2033,42.314
ecu,2034,43.401
ecu,2035,44.512
ecu,2036,45.648
ecu,2037,46.808
ecu,2038,46.711
ecu,2039,47.875
ecu,2040,49.065
ecu,2041,50.288
ecu,2042,51.545
ecu,2043,52.812
ecu,2044,52.643
ecu,2045,53.942
ecu,2046,55.274
ecu,2047,56.634
ecu,2048,58.023
ecu,2049,59.469
ecu,2050,59.256
ecu,2051,60.639
ecu,2052,62.109
ecu,2053,63.612
ecu,2054,65.148
ecu,2055,64.856
ecu,2056,66.414
ecu,2057,68.005
ecu,2058,69.631
ecu,2059,69.344
ecu,2060,70.995
ecu,2061,72.596
ecu,2062,74.317
ecu,2063,76.076
ecu,2064,75.744
ecu,2065,77.499
ecu,2066,79.324
ecu,2067,78.97
ecu,2068,80.826
ecu,2069,82.643
ecu,2070,84.579
ecu,2071,84.191
ecu,2072,86.16
ecu,2073,88.173
ecu,2074,87.81
ecu,2075,89.86
ecu,2076,91.957
ecu,2077,91.344
ecu,2078,93.471
ecu,2079,95.648
ecu,2080,95.199
ecu,2081,97.246
ecu,2082,96.509
ecu,2083,98.75
ecu,2084,101.235
ecu,2085,100.757
ecu,2086,102.966
ecu,2087,105.361
ecu,2088,104.302
ecu,2089,106.736
ecu,2090,105.785
ecu,2091,108.238
ecu,2092,107.8
ecu,2093,109.848
ecu,2094,109.131
ecu,2095,111.663
ecu,2096,111.132
ecu,2097,113.716
ecu,2098,113.181
ecu,2099,115.819
ecu,2100,115.281
egy,1800,2.636
egy,1801,2.636
egy,1802,2.636
egy,1803,2.636
egy,1804,2.636
egy,1805,2.636
egy,1806,2.636
egy,1807,2.636
egy,1808,2.636
egy,1809,2.636
egy,1810,2.637
egy,1811,2.637
egy,1812,2.637
egy,1813,2.637
egy,1814,2.637
egy,1815,2.637
egy,1816,2.637
egy,1817,2.637
egy,1818,2.637
egy,1819,2.637
egy,1820,2.637
egy,1821,2.638
egy,1822,2.712
egy,1823,2.71
egy,1824,2.71
egy,1825,2.71
egy,1826,2.71
egy,1827,2.704
egy,1828,2.706
egy,1829,2.781
egy,1830,2.782
egy,1831,2.782
egy,1832,2.784
egy,1833,2.784
egy,1834,2.798
egy,1835,2.995
egy,1836,3.097
egy,1837,3.117
egy,1838,3.169
egy,1839,3.277
egy,1840,3.27
egy,1841,3.435
egy,1842,3.537
egy,1843,3.625
egy,1844,3.629
egy,1845,3.606
egy,1846,3.606
egy,1847,3.707
egy,1848,3.731
egy,1849,3.711
egy,1850,3.55
egy,1851,3.39
egy,1852,3.097
egy,1853,3.023
egy,1854,3.113
egy,1855,3.115
egy,1856,3.184
egy,1857,3.229
egy,1858,3.318
egy,1859,3.307
egy,1860,3.365
egy,1861,3.318
egy,1862,3.352
egy,1863,3.41
egy,1864,3.558
egy,1865,3.609
egy,1866,3.624
egy,1867,3.603
egy,1868,3.603
egy,1869,3.603
egy,1870,3.603
egy,1871,3.704
egy,1872,3.718
egy,1873,3.731
egy,1874,3.744
egy,1875,3.863
egy,1876,3.877
egy,1877,3.891
egy,1878,3.905
egy,1879,4.077
egy,1880,4.127
egy,1881,4.18
egy,1882,4.33
egy,1883,4.393
egy,1884,4.433
egy,1885,4.442
egy,1886,4.561
egy,1887,4.559
egy,1888,4.61
egy,1889,4.755
egy,1890,4.769
egy,1891,4.783
egy,1892,4.797
egy,1893,4.946
egy,1894,4.959
egy,1895,4.938
egy,1896,5.104
egy,1897,5.132
egy,1898,5.156
egy,1899,5.167
egy,1900,5.295
egy,1901,5.282
egy,1902,5.281
egy,1903,5.424
egy,1904,5.399
egy,1905,5.415
egy,1906,5.395
egy,1907,5.519
egy,1908,5.536
egy,1909,5.553
egy,1910,5.726
egy,1911,5.744
egy,1912,5.761
egy,1913,5.779
egy,1914,5.796
egy,1915,5.813
egy,1916,5.83
egy,1917,5.847
egy,1918,5.864
egy,1919,5.881
egy,1920,5.737
egy,1921,5.754
egy,1922,5.77
egy,1923,5.787
egy,1924,5.803
egy,1925,5.819
egy,1926,5.835
egy,1927,5.692
egy,1928,5.707
egy,1929,5.723
egy,1930,5.739
egy,1931,5.754
egy,1932,5.77
egy,1933,5.785
egy,1934,5.642
egy,1935,5.657
egy,1936,5.671
egy,1937,5.686
egy,1938,5.701
egy,1939,5.716
egy,1940,5.73
egy,1941,5.719
egy,1942,5.551
egy,1943,5.539
egy,1944,5.527
egy,1945,5.516
egy,1946,5.503
egy,1947,5.507
egy,1948,5.494
egy,1949,5.481
egy,1950,5.468
egy,1951,5.455
egy,1952,5.443
egy,1953,5.419
egy,1954,5.407
egy,1955,5.247
egy,1956,5.382
egy,1957,5.521
egy,1958,5.662
egy,1959,5.808
egy,1960,5.957
egy,1961,6.281
egy,1962,6.436
egy,1963,6.593
egy,1964,7.14
egy,1965,7.315
egy,1966,7.09
egy,1967,6.872
egy,1968,7.04
egy,1969,7.416
egy,1970,8.03
egy,1971,8.227
egy,1972,8.198
egy,1973,8.169
egy,1974,8.369
egy,1975,8.815
egy,1976,9.814
egy,1977,10.629
egy,1978,11.204
egy,1979,11.803
egy,1980,12.773
egy,1981,13.228
egy,1982,14.464
egy,1983,15.62
egy,1984,16.601
egy,1985,17.608
egy,1986,18.116
egy,1987,18.713
egy,1988,19.619
egy,1989,20.338
egy,1990,21.137
egy,1991,21.183
egy,1992,21.798
egy,1993,22.27
egy,1994,22.935
egy,1995,23.896
egy,1996,24.839
egy,1997,25.825
egy,1998,26.784
egy,1999,27.86
egy,2000,29.063
egy,2001,29.509
egy,2002,29.547
egy,2003,29.869
egy,2004,30.493
egy,2005,31.211
egy,2006,32.837
egy,2007,34.736
egy,2008,36.49
egy,2009,37.532
egy,2010,38.808
egy,2011,38.964
egy,2012,39.339
egy,2013,39.29
egy,2014,38.847
egy,2015,39.08
egy,2016,39.94
egy,2017,40.782
egy,2018,42.172
egy,2019,44.002
egy,2020,45.125
egy,2021,45.88
egy,2022,47.355
egy,2023,48.728
egy,2024,48.353
egy,2025,49.715
egy,2026,52.532
egy,2027,54.619
egy,2028,56.803
egy,2029,60.427
egy,2030,63.362
egy,2031,64.965
egy,2032,66.586
egy,2033,68.176
egy,2034,69.864
egy,2035,69.636
egy,2036,71.351
egy,2037,73.056
egy,2038,74.843
egy,2039,76.67
egy,2040,76.413
egy,2041,78.27
egy,2042,80.077
egy,2043,81.932
egy,2044,83.887
egy,2045,83.333
egy,2046,85.32
egy,2047,87.13
egy,2048,89.171
egy,2049,88.593
egy,2050,90.701
egy,2051,92.755
egy,2052,94.72
egy,2053,94.076
egy,2054,96.112
egy,2055,98.18
egy,2056,97.414
egy,2057,99.734
egy,2058,101.63
egy,2059,100.853
egy,2060,103.217
egy,2061,105.563
egy,2062,105.009
egy,2063,107.127
egy,2064,109.41
egy,2065,108.549
egy,2066,110.999
egy,2067,113.493
egy,2068,112.682
egy,2069,115.057
egy,2070,118.002
egy,2071,117.168
egy,2072,119.626
egy,2073,118.759
egy,2074,121.201
egy,2075,124.067
egy,2076,123.379
egy,2077,126.207
egy,2078,125.723
egy,2079,128.066
egy,2080,127.579
egy,2081,130.869
egy,2082,130.579
egy,2083,133.538
egy,2084,133.525
egy,2085,136.731
egy,2086,136.804
egy,2087,139.802
egy,2088,139.588
egy,2089,143.249
egy,2090,142.559
egy,2091,145.863
egy,2092,145.43
egy,2093,148.804
egy,2094,148.108
egy,2095,151.566
egy,2096,150.929
egy,2097,150.493
egy,2098,154.026
egy,2099,153.339
egy,2100,156.951
slv,1800,2.614
slv,1801,2.614
slv,1802,2.614
slv,1803,2.614
slv,1804,2.614
slv,1805,2.614
slv,1806,2.614
slv,1807,2.614
slv,1808,2.614
slv,1809,2.614
slv,1810,2.614
slv,1811,2.614
slv,1812,2.614
slv,1813,2.614
slv,1814,2.614
slv,1815,2.614
slv,1816,2.614
slv,1817,2.614
slv,1818,2.614
slv,1819,2.614
slv,1820,2.614
slv,1821,2.614
slv,1822,2.614
slv,1823,2.615
slv,1824,2.615
slv,1825,2.615
slv,1826,2.614
slv,1827,2.615
slv,1828,2.614
slv,1829,2.614
slv,1830,2.614
slv,1831,2.615
slv,1832,2.615
slv,1833,2.615
slv,1834,2.614
slv,1835,2.615
slv,1836,2.615
slv,1837,2.615
slv,1838,2.615
slv,1839,2.615
slv,1840,2.615
slv,1841,2.615
slv,1842,2.615
slv,1843,2.615
slv,1844,2.615
slv,1845,2.615
slv,1846,2.688
slv,1847,2.688
slv,1848,2.688
slv,1849,2.764
slv,1850,2.764
slv,1851,2.764
slv,1852,2.842
slv,1853,2.841
slv,1854,2.842
slv,1855,2.921
slv,1856,2.921
slv,1857,2.921
slv,1858,2.921
slv,1859,3.003
slv,1860,3.004
slv,1861,3.004
slv,1862,3.088
slv,1863,3.088
slv,1864,3.088
slv,1865,3.175
slv,1866,3.175
slv,1867,3.175
slv,1868,3.175
slv,1869,3.264
slv,1870,3.264
slv,1871,3.264
slv,1872,3.355
slv,1873,3.355
slv,1874,3.354
slv,1875,3.448
slv,1876,3.448
slv,1877,3.447
slv,1878,3.446
slv,1879,3.543
slv,1880,3.542
slv,1881,3.542
slv,1882,3.64
slv,1883,3.64
slv,1884,3.639
slv,1885,3.741
slv,1886,3.74
slv,1887,3.74
slv,1888,3.739
slv,1889,3.867
slv,1890,3.866
slv,1891,3.886
slv,1892,3.997
slv,1893,3.996
slv,1894,3.997
slv,1895,4.108
slv,1896,4.107
slv,1897,4.096
slv,1898,4.234
slv,1899,4.233
slv,1900,4.231
slv,1901,4.222
slv,1902,4.339
slv,1903,4.338
slv,1904,4.336
slv,1905,4.456
slv,1906,4.455
slv,1907,4.45
slv,1908,4.599
slv,1909,4.567
slv,1910,4.57
slv,1911,4.568
slv,1912,4.567
slv,1913,4.566
slv,1914,4.564
slv,1915,4.562
slv,1916,4.561
slv,1917,4.559
slv,1918,4.553
slv,1919,4.552
slv,1920,4.576
slv,1921,4.446
slv,1922,4.679
slv,1923,4.661
slv,1924,4.95
slv,1925,4.566
slv,1926,5.176
slv,1927,4.562
slv,1928,5.057
slv,1929,5.054
slv,1930,5.053
slv,1931,4.427
slv,1932,3.946
slv,1933,4.423
slv,1934,4.531
slv,1935,4.926
slv,1936,4.772
slv,1937,5.166
slv,1938,4.77
slv,1939,5.038
slv,1940,5.3
slv,1941,5.124
slv,1942,5.532
slv,1943,5.77
slv,1944,5.448
slv,1945,5.14
slv,1946,5.255
slv,1947,6.444
slv,1948,8.136
slv,1949,7.103
slv,1950,6.857
slv,1951,6.823
slv,1952,7.215
slv,1953,7.621
slv,1954,7.352
slv,1955,7.55
slv,1956,7.958
slv,1957,8.135
slv,1958,8.072
slv,1959,8.027
slv,1960,8.201
slv,1961,8.147
slv,1962,8.752
slv,1963,8.702
slv,1964,9.161
slv,1965,9.366
slv,1966,9.864
slv,1967,10.119
slv,1968,9.767
slv,1969,9.712
slv,1970,9.919
slv,1971,9.868
slv,1972,10.352
slv,1973,10.563
slv,1974,10.797
slv,1975,11.01
slv,1976,11.248
slv,1977,11.494
slv,1978,12.059
slv,1979,11.662
slv,1980,10.369
slv,1981,10.133
slv,1982,9.858
slv,1983,10.15
slv,1984,10.468
slv,1985,10.676
slv,1986,10.728
slv,1987,11.037
slv,1988,11.357
slv,1989,11.623
slv,1990,11.343
slv,1991,10.609
slv,1992,11.33
slv,1993,12.06
slv,1994,12.743
slv,1995,13.45
slv,1996,13.082
slv,1997,13.684
slv,1998,14.249
slv,1999,14.77
slv,2000,14.229
slv,2001,14.372
slv,2002,14.527
slv,2003,15.884
slv,2004,16.122
slv,2005,16.057
slv,2006,17.134
slv,2007,17.089
slv,2008,17.2
slv,2009,17.271
slv,2010,18.181
slv,2011,18.966
slv,2012,19.955
slv,2013,19.788
slv,2014,20.562
slv,2015,21.306
slv,2016,22.174
slv,2017,23.274
slv,2018,23.742
slv,2019,23.972
slv,2020,22.368
slv,2021,25.487
slv,2022,26.104
slv,2023,27.971
slv,2024,28.683
slv,2025,29.664
slv,2026,30.827
slv,2027,32.342
slv,2028,33.678
slv,2029,33.918
slv,2030,34.831
slv,2031,35.801
slv,2032,36.816
slv,2033,37.824
slv,2034,37.911
slv,2035,39.072
slv,2036,40.229
slv,2037,41.373
slv,2038,42.471
slv,2039,43.563
slv,2040,44.63
slv,2041,44.407
slv,2042,45.347
slv,2043,46.367
slv,2044,47.352
slv,2045,48.604
slv,2046,49.836
slv,2047,49.804
slv,2048,51.119
slv,2049,52.941
slv,2050,54.488
slv,2051,55.849
slv,2052,57.754
slv,2053,57.703
slv,2054,59.27
slv,2055,60.647
slv,2056,62.577
slv,2057,64.216
slv,2058,64.098
slv,2059,65.541
slv,2060,67.304
slv,2061,69.365
slv,2062,71.031
slv,2063,70.777
slv,2064,72.419
slv,2065,74.032
slv,2066,76.17
slv,2067,75.893
slv,2068,77.554
slv,2069,79.236
slv,2070,78.48
slv,2071,80.345
slv,2072,82.301
slv,2073,84.046
slv,2074,82.817
slv,2075,83.72
slv,2076,85.813
slv,2077,84.597
slv,2078,86.64
slv,2079,88.525
slv,2080,88.134
slv,2081,89.885
slv,2082,91.829
slv,2083,91.716
slv,2084,93.679
slv,2085,95.987
slv,2086,95.609
slv,2087,98.137
slv,2088,97.543
slv,2089,99.239
slv,2090,101.628
slv,2091,101.221
slv,2092,103.641
slv,2093,103.255
slv,2094,106.197
slv,2095,105.987
slv,2096,108.729
slv,2097,107.947
slv,2098,109.556
slv,2099,111.818
slv,2100,111.729
gnq,1800,0.892
gnq,1801,0.892
gnq,1802,0.892
gnq,1803,0.892
gnq,1804,0.892
gnq,1805,0.892
gnq,1806,0.892
gnq,1807,0.892
gnq,1808,0.892
gnq,1809,0.892
gnq,1810,0.892
gnq,1811,0.892
gnq,1812,0.892
gnq,1813,0.892
gnq,1814,0.892
gnq,1815,0.892
gnq,1816,0.892
gnq,1817,0.892
gnq,1818,0.892
gnq,1819,0.917
gnq,1820,0.917
gnq,1821,0.917
gnq,1822,0.917
gnq,1823,0.917
gnq,1824,0.917
gnq,1825,0.917
gnq,1826,0.917
gnq,1827,0.917
gnq,1828,0.917
gnq,1829,0.917
gnq,1830,0.917
gnq,1831,0.917
gnq,1832,0.917
gnq,1833,0.917
gnq,1834,0.917
gnq,1835,0.917
gnq,1836,0.917
gnq,1837,0.917
gnq,1838,0.917
gnq,1839,0.917
gnq,1840,0.917
gnq,1841,0.917
gnq,1842,0.943
gnq,1843,0.943
gnq,1844,0.943
gnq,1845,0.943
gnq,1846,0.943
gnq,1847,0.943
gnq,1848,0.943
gnq,1849,0.943
gnq,1850,0.943
gnq,1851,0.943
gnq,1852,0.943
gnq,1853,0.943
gnq,1854,0.943
gnq,1855,0.943
gnq,1856,0.943
gnq,1857,0.943
gnq,1858,0.943
gnq,1859,0.943
gnq,1860,0.943
gnq,1861,0.969
gnq,1862,0.969
gnq,1863,0.969
gnq,1864,0.969
gnq,1865,0.969
gnq,1866,0.97
gnq,1867,0.969
gnq,1868,0.969
gnq,1869,0.969
gnq,1870,0.969
gnq,1871,0.969
gnq,1872,0.96
gnq,1873,0.95
gnq,1874,0.941
gnq,1875,0.931
gnq,1876,0.922
gnq,1877,0.912
gnq,1878,0.903
gnq,1879,0.893
gnq,1880,0.884
gnq,1881,0.899
gnq,1882,0.89
gnq,1883,0.905
gnq,1884,0.896
gnq,1885,0.911
gnq,1886,0.901
gnq,1887,0.917
gnq,1888,0.907
gnq,1889,0.923
gnq,1890,0.913
gnq,1891,0.929
gnq,1892,0.918
gnq,1893,0.909
gnq,1894,0.924
gnq,1895,0.915
gnq,1896,0.93
gnq,1897,0.92
gnq,1898,0.936
gnq,1899,0.926
gnq,1900,0.916
gnq,1901,0.932
gnq,1902,0.922
gnq,1903,0.938
gnq,1904,0.928
gnq,1905,0.944
gnq,1906,0.934
gnq,1907,0.95
gnq,1908,0.94
gnq,1909,0.957
gnq,1910,0.947
gnq,1911,0.937
gnq,1912,0.954
gnq,1913,0.944
gnq,1914,0.961
gnq,1915,0.951
gnq,1916,0.968
gnq,1917,0.958
gnq,1918,0.949
gnq,1919,0.966
gnq,1920,0.957
gnq,1921,0.974
gnq,1922,0.965
gnq,1923,0.983
gnq,1924,0.973
gnq,1925,0.965
gnq,1926,0.983
gnq,1927,0.974
gnq,1928,0.993
gnq,1929,0.985
gnq,1930,0.976
gnq,1931,0.995
gnq,1932,0.987
gnq,1933,1.007
gnq,1934,0.999
gnq,1935,0.991
gnq,1936,1.012
gnq,1937,1.004
gnq,1938,0.997
gnq,1939,1.017
gnq,1940,1.01
gnq,1941,0.998
gnq,1942,0.986
gnq,1943,0.974
gnq,1944,0.963
gnq,1945,0.951
gnq,1946,0.94
gnq,1947,0.929
gnq,1948,0.919
gnq,1949,0.908
gnq,1950,0.898
gnq,1951,0.913
gnq,1952,0.928
gnq,1953,0.918
gnq,1954,0.959
gnq,1955,0.949
gnq,1956,0.938
gnq,1957,0.954
gnq,1958,0.944
gnq,1959,0.96
gnq,1960,1.032
gnq,1961,1.05
gnq,1962,1.102
gnq,1963,1.188
gnq,1964,1.281
gnq,1965,1.343
gnq,1966,1.333
gnq,1967,1.36
gnq,1968,1.349
gnq,1969,1.302
gnq,1970,1.222
gnq,1971,1.247
gnq,1972,1.272
gnq,1973,1.372
gnq,1974,1.479
gnq,1975,1.686
gnq,1976,1.769
gnq,1977,1.856
gnq,1978,1.742
gnq,1979,1.505
gnq,1980,1.413
gnq,1981,1.458
gnq,1982,1.485
gnq,1983,1.509
gnq,1984,1.507
gnq,1985,1.576
gnq,1986,1.547
gnq,1987,1.571
gnq,1988,1.598
gnq,1989,1.598
gnq,1990,1.613
gnq,1991,1.598
gnq,1992,1.765
gnq,1993,1.823
gnq,1994,1.919
gnq,1995,2.032
gnq,1996,2.662
gnq,1997,5.099
gnq,1998,5.887
gnq,1999,6.543
gnq,2000,7.121
gnq,2001,9.688
gnq,2002,10.291
gnq,2003,10.717
gnq,2004,12.717
gnq,2005,13.556
gnq,2006,19.516
gnq,2007,19.998
gnq,2008,20.67
gnq,2009,20.672
gnq,2010,21.226
gnq,2011,20.835
gnq,2012,21.273
gnq,2013,23.205
gnq,2014,23.297
gnq,2015,23.198
gnq,2016,22.959
gnq,2017,22.82
gnq,2018,22.846
gnq,2019,22.914
gnq,2020,21.453
gnq,2021,21.501
gnq,2022,21.397
gnq,2023,21.711
gnq,2024,21.132
gnq,2025,21.172
gnq,2026,21.744
gnq,2027,21.292
gnq,2028,21.062
gnq,2029,21.253
gnq,2030,21.05
gnq,2031,21.658
gnq,2032,22.273
gnq,2033,22.905
gnq,2034,23.56
gnq,2035,24.234
gnq,2036,24.918
gnq,2037,24.978
gnq,2038,25.682
gnq,2039,26.417
gnq,2040,27.165
gnq,2041,27.931
gnq,2042,28.706
gnq,2043,29.512
gnq,2044,29.509
gnq,2045,30.334
gnq,2046,31.18
gnq,2047,32.048
gnq,2048,32.926
gnq,2049,33.838
gnq,2050,33.83
gnq,2051,34.773
gnq,2052,35.717
gnq,2053,36.668
gnq,2054,37.639
gnq,2055,37.652
gnq,2056,38.763
gnq,2057,39.89
gnq,2058,40.995
gnq,2059,42.04
gnq,2060,42.196
gnq,2061,43.34
gnq,2062,44.547
gnq,2063,45.76
gnq,2064,45.717
gnq,2065,46.959
gnq,2066,48.155
gnq,2067,49.425
gnq,2068,49.336
gnq,2069,50.763
gnq,2070,52.047
gnq,2071,53.448
gnq,2072,53.385
gnq,2073,54.815
gnq,2074,56.287
gnq,2075,56.215
gnq,2076,57.723
gnq,2077,59.208
gnq,2078,59.131
gnq,2079,60.714
gnq,2080,62.339
gnq,2081,62.18
gnq,2082,63.76
gnq,2083,65.496
gnq,2084,65.788
gnq,2085,67.553
gnq,2086,67.468
gnq,2087,69.771
gnq,2088,71.658
gnq,2089,71.952
gnq,2090,73.862
gnq,2091,73.788
gnq,2092,75.786
gnq,2093,77.84
gnq,2094,77.764
gnq,2095,79.874
gnq,2096,80.181
gnq,2097,82.366
gnq,2098,81.816
gnq,2099,84.04
gnq,2100,84.085
eri,1800,1.532
eri,1801,1.532
eri,1802,1.532
eri,1803,1.532
eri,1804,1.532
eri,1805,1.532
eri,1806,1.532
eri,1807,1.532
eri,1808,1.532
eri,1809,1.532
eri,1810,1.532
eri,1811,1.532
eri,1812,1.532
eri,1813,1.532
eri,1814,1.532
eri,1815,1.532
eri,1816,1.532
eri,1817,1.532
eri,1818,1.532
eri,1819,1.575
eri,1820,1.575
eri,1821,1.575
eri,1822,1.575
eri,1823,1.575
eri,1824,1.575
eri,1825,1.575
eri,1826,1.575
eri,1827,1.575
eri,1828,1.575
eri,1829,1.575
eri,1830,1.575
eri,1831,1.619
eri,1832,1.619
eri,1833,1.619
eri,1834,1.619
eri,1835,1.619
eri,1836,1.619
eri,1837,1.619
eri,1838,1.619
eri,1839,1.619
eri,1840,1.619
eri,1841,1.619
eri,1842,1.619
eri,1843,1.665
eri,1844,1.665
eri,1845,1.665
eri,1846,1.665
eri,1847,1.665
eri,1848,1.665
eri,1849,1.665
eri,1850,1.665
eri,1851,1.665
eri,1852,1.665
eri,1853,1.665
eri,1854,1.712
eri,1855,1.712
eri,1856,1.712
eri,1857,1.712
eri,1858,1.712
eri,1859,1.712
eri,1860,1.712
eri,1861,1.712
eri,1862,1.712
eri,1863,1.712
eri,1864,1.76
eri,1865,1.76
eri,1866,1.76
eri,1867,1.76
eri,1868,1.76
eri,1869,1.76
eri,1870,1.76
eri,1871,1.76
eri,1872,1.761
eri,1873,1.761
eri,1874,1.762
eri,1875,1.813
eri,1876,1.814
eri,1877,1.814
eri,1878,1.815
eri,1879,1.816
eri,1880,1.817
eri,1881,1.818
eri,1882,1.819
eri,1883,1.82
eri,1884,1.82
eri,1885,1.821
eri,1886,1.873
eri,1887,1.874
eri,1888,1.875
eri,1889,1.876
eri,1890,1.877
eri,1891,1.878
eri,1892,1.879
eri,1893,1.88
eri,1894,1.88
eri,1895,1.881
eri,1896,1.882
eri,1897,1.936
eri,1898,1.937
eri,1899,1.937
eri,1900,1.938
eri,1901,1.939
eri,1902,1.94
eri,1903,1.941
eri,1904,1.942
eri,1905,1.943
eri,1906,1.944
eri,1907,1.945
eri,1908,2.0
eri,1909,2.001
eri,1910,2.002
eri,1911,2.003
eri,1912,2.004
eri,1913,2.005
eri,1914,2.006
eri,1915,2.006
eri,1916,2.064
eri,1917,2.065
eri,1918,2.065
eri,1919,2.066
eri,1920,2.067
eri,1921,2.068
eri,1922,2.127
eri,1923,2.128
eri,1924,2.129
eri,1925,2.13
eri,1926,2.131
eri,1927,2.132
eri,1928,2.193
eri,1929,2.194
eri,1930,2.195
eri,1931,2.196
eri,1932,2.197
eri,1933,2.259
eri,1934,2.26
eri,1935,2.261
eri,1936,2.262
eri,1937,2.263
eri,1938,2.264
eri,1939,2.329
eri,1940,2.33
eri,1941,2.311
eri,1942,2.292
eri,1943,2.273
eri,1944,2.254
eri,1945,2.236
eri,1946,2.217
eri,1947,2.199
eri,1948,2.181
eri,1949,2.163
eri,1950,2.145
eri,1951,2.128
eri,1952,2.11
eri,1953,2.151
eri,1954,2.134
eri,1955,2.176
eri,1956,2.158
eri,1957,2.082
eri,1958,2.064
eri,1959,2.048
eri,1960,2.088
eri,1961,2.131
eri,1962,2.173
eri,1963,2.215
eri,1964,2.196
eri,1965,2.302
eri,1966,2.346
eri,1967,2.459
eri,1968,2.507
eri,1969,2.555
eri,1970,2.464
eri,1971,2.443
eri,1972,2.491
eri,1973,2.47
eri,1974,2.382
eri,1975,2.234
eri,1976,2.215
eri,1977,2.136
eri,1978,2.004
eri,1979,2.159
eri,1980,2.141
eri,1981,2.152
eri,1982,2.142
eri,1983,1.649
eri,1984,1.661
eri,1985,1.698
eri,1986,1.738
eri,1987,2.241
eri,1988,2.282
eri,1989,2.266
eri,1990,2.386
eri,1991,2.438
eri,1992,2.553
eri,1993,2.665
eri,1994,2.791
eri,1995,2.921
eri,1996,3.045
eri,1997,3.173
eri,1998,2.878
eri,1999,2.539
eri,2000,3.4
eri,2001,3.701
eri,2002,3.847
eri,2003,4.006
eri,2004,4.207
eri,2005,4.425
eri,2006,4.706
eri,2007,4.94
eri,2008,5.134
eri,2009,5.308
eri,2010,5.483
eri,2011,5.739
eri,2012,5.981
eri,2013,6.185
eri,2014,6.448
eri,2015,6.647
eri,2016,6.845
eri,2017,7.114
eri,2018,7.355
eri,2019,7.553
eri,2020,7.718
eri,2021,7.93
eri,2022,8.301
eri,2023,8.668
eri,2024,8.985
eri,2025,9.287
eri,2026,9.676
eri,2027,10.363
eri,2028,10.792
eri,2029,11.24
eri,2030,11.772
eri,2031,12.101
eri,2032,12.111
eri,2033,12.454
eri,2034,12.801
eri,2035,13.179
eri,2036,13.185
eri,2037,13.567
eri,2038,13.949
eri,2039,13.958
eri,2040,14.353
eri,2041,14.75
eri,2042,15.165
eri,2043,15.184
eri,2044,15.612
eri,2045,16.046
eri,2046,16.526
eri,2047,16.522
eri,2048,16.974
eri,2049,17.458
eri,2050,17.99
eri,2051,17.984
eri,2052,18.487
eri,2053,19.031
eri,2054,19.562
eri,2055,20.101
eri,2056,20.082
eri,2057,20.672
eri,2058,21.229
eri,2059,21.809
eri,2060,22.414
eri,2061,22.393
eri,2062,22.933
eri,2063,23.564
eri,2064,24.245
eri,2065,24.932
eri,2066,25.639
eri,2067,25.609
eri,2068,26.229
eri,2069,26.944
eri,2070,27.676
eri,2071,28.447
eri,2072,29.137
eri,2073,29.924
eri,2074,29.891
eri,2075,30.706
eri,2076,31.558
eri,2077,32.268
eri,2078,33.022
eri,2079,33.794
eri,2080,34.488
eri,2081,34.378
eri,2082,35.058
eri,2083,35.845
eri,2084,36.721
eri,2085,37.582
eri,2086,38.311
eri,2087,38.923
eri,2088,39.799
eri,2089,39.298
eri,2090,40.102
eri,2091,41.008
eri,2092,41.761
eri,2093,42.789
eri,2094,43.947
eri,2095,44.647
eri,2096,45.344
eri,2097,45.153
eri,2098,45.984
eri,2099,47.104
eri,2100,48.217
est,1800,4.093
est,1801,4.093
est,1802,4.093
est,1803,4.093
est,1804,4.093
est,1805,4.093
est,1806,4.091
est,1807,4.091
est,1808,4.091
est,1809,4.091
est,1810,4.091
est,1811,4.091
est,1812,4.091
est,1813,4.091
est,1814,4.091
est,1815,4.091
est,1816,4.091
est,1817,4.091
est,1818,4.091
est,1819,4.091
est,1820,4.091
est,1821,4.206
est,1822,4.207
est,1823,4.207
est,1824,4.206
est,1825,4.325
est,1826,4.325
est,1827,4.383
est,1828,4.383
est,1829,4.506
est,1830,4.506
est,1831,4.506
est,1832,4.506
est,1833,4.506
est,1834,4.633
est,1835,4.633
est,1836,4.633
est,1837,4.633
est,1838,4.763
est,1839,4.763
est,1840,4.763
est,1841,4.763
est,1842,4.897
est,1843,4.897
est,1844,4.897
est,1845,4.897
est,1846,5.035
est,1847,5.035
est,1848,5.035
est,1849,5.035
est,1850,5.035
est,1851,5.176
est,1852,5.176
est,1853,5.176
est,1854,5.176
est,1855,5.322
est,1856,5.322
est,1857,5.322
est,1858,5.322
est,1859,5.322
est,1860,5.472
est,1861,5.471
est,1862,5.472
est,1863,5.472
est,1864,5.472
est,1865,5.471
est,1866,5.472
est,1867,5.472
est,1868,5.472
est,1869,5.625
est,1870,5.625
est,1871,5.626
est,1872,5.626
est,1873,5.626
est,1874,5.627
est,1875,5.627
est,1876,5.627
est,1877,5.628
est,1878,5.786
est,1879,5.787
est,1880,5.787
est,1881,5.788
est,1882,5.788
est,1883,5.788
est,1884,5.789
est,1885,5.789
est,1886,5.789
est,1887,5.953
est,1888,5.953
est,1889,5.478
est,1890,5.479
est,1891,5.042
est,1892,5.479
est,1893,6.295
est,1894,7.015
est,1895,6.456
est,1896,7.282
est,1897,7.017
est,1898,7.282
est,1899,7.697
est,1900,7.696
est,1901,7.696
est,1902,8.435
est,1903,7.912
est,1904,8.987
est,1905,7.695
est,1906,7.484
est,1907,7.024
est,1908,7.694
est,1909,8.132
est,1910,8.652
est,1911,7.91
est,1912,8.65
est,1913,9.3
est,1914,8.647
est,1915,8.958
est,1916,7.908
est,1917,6.839
est,1918,5.488
est,1919,5.05
est,1920,6.654
est,1921,8.16
est,1922,9.356
est,1923,9.436
est,1924,9.693
est,1925,10.217
est,1926,10.39
est,1927,10.983
est,1928,11.613
est,1929,11.632
est,1930,11.632
est,1931,11.324
est,1932,11.125
est,1933,12.184
est,1934,13.355
est,1935,14.21
est,1936,14.954
est,1937,15.418
est,1938,16.286
est,1939,15.348
est,1940,14.527
est,1941,14.531
est,1942,13.998
est,1943,13.613
est,1944,13.23
est,1945,12.667
est,1946,12.613
est,1947,13.765
est,1948,15.437
est,1949,16.794
est,1950,18.31
est,1951,17.768
est,1952,18.895
est,1953,19.327
est,1954,20.138
est,1955,21.218
est,1956,21.931
est,1957,21.887
est,1958,23.854
est,1959,23.009
est,1960,23.85
est,1961,24.517
est,1962,25.158
est,1963,23.807
est,1964,26.687
est,1965,28.221
est,1966,29.01
est,1967,29.826
est,1968,31.521
est,1969,31.513
est,1970,33.303
est,1971,34.141
est,1972,34.367
est,1973,36.481
est,1974,37.105
est,1975,37.311
est,1976,38.268
est,1977,38.192
est,1978,39.336
est,1979,40.385
est,1980,40.359
est,1981,40.89
est,1982,41.972
est,1983,43.029
est,1984,43.688
est,1985,43.285
est,1986,44.08
est,1987,43.99
est,1988,45.821
est,1989,48.585
est,1990,44.519
est,1991,42.328
est,1992,32.185
est,1993,32.1
est,1994,32.31
est,1995,39.295
est,1996,39.956
est,1997,43.463
est,1998,43.501
est,1999,43.759
est,2000,49.095
est,2001,51.138
est,2002,55.653
est,2003,62.144
est,2004,65.339
est,2005,72.231
est,2006,79.28
est,2007,88.794
est,2008,82.841
est,2009,73.188
est,2010,75.193
est,2011,79.815
est,2012,82.348
est,2013,80.588
est,2014,84.677
est,2015,87.837
est,2016,91.754
est,2017,97.486
est,2018,102.198
est,2019,104.667
est,2020,100.036
est,2021,107.684
est,2022,88.881
est,2023,86.578
est,2024,83.758
est,2025,86.638
est,2026,90.418
est,2027,94.383
est,2028,98.216
est,2029,101.635
est,2030,106.701
est,2031,106.19
est,2032,108.71
est,2033,108.349
est,2034,110.939
est,2035,110.489
est,2036,113.082
est,2037,112.63
est,2038,115.194
est,2039,114.737
est,2040,117.462
est,2041,116.904
est,2042,119.727
est,2043,119.268
est,2044,122.028
est,2045,121.244
est,2046,124.093
est,2047,123.463
est,2048,126.454
est,2049,126.091
est,2050,125.681
est,2051,128.799
est,2052,128.347
est,2053,131.499
est,2054,131.028
est,2055,130.56
est,2056,133.788
est,2057,133.315
est,2058,136.54
est,2059,136.11
est,2060,135.69
est,2061,139.083
est,2062,138.872
est,2063,138.475
est,2064,141.744
est,2065,141.349
est,2066,140.955
est,2067,144.529
est,2068,144.152
est,2069,143.745
est,2070,147.416
est,2071,147.057
est,2072,146.706
est,2073,150.505
est,2074,150.164
est,2075,149.407
est,2076,149.077
est,2077,152.939
est,2078,152.475
est,2079,152.162
est,2080,151.859
est,2081,155.694
est,2082,155.398
est,2083,155.11
est,2084,154.832
est,2085,158.907
est,2086,158.64
est,2087,158.407
est,2088,158.155
est,2089,162.588
est,2090,161.921
est,2091,161.687
est,2092,161.469
est,2093,161.248
est,2094,165.563
est,2095,165.354
est,2096,165.152
est,2097,164.959
est,2098,164.772
est,2099,164.594
est,2100,169.045
eth,1800,1.91
eth,1801,1.91
eth,1802,1.91
eth,1803,1.91
eth,1804,1.91
eth,1805,1.91
eth,1806,1.91
eth,1807,1.91
eth,1808,1.91
eth,1809,1.91
eth,1810,1.91
eth,1811,1.91
eth,1812,1.91
eth,1813,1.91
eth,1814,1.91
eth,1815,1.91
eth,1816,1.91
eth,1817,1.91
eth,1818,1.91
eth,1819,1.91
eth,1820,1.91
eth,1821,1.91
eth,1822,1.91
eth,1823,1.91
eth,1824,1.91
eth,1825,1.91
eth,1826,1.91
eth,1827,1.91
eth,1828,1.91
eth,1829,1.91
eth,1830,1.91
eth,1831,1.91
eth,1832,1.91
eth,1833,1.91
eth,1834,1.91
eth,1835,1.91
eth,1836,1.91
eth,1837,1.91
eth,1838,1.91
eth,1839,1.91
eth,1840,1.91
eth,1841,1.91
eth,1842,1.91
eth,1843,1.91
eth,1844,1.964
eth,1845,1.964
eth,1846,1.964
eth,1847,1.964
eth,1848,1.964
eth,1849,1.964
eth,1850,1.964
eth,1851,1.964
eth,1852,1.964
eth,1853,1.964
eth,1854,1.964
eth,1855,1.964
eth,1856,1.964
eth,1857,1.964
eth,1858,1.964
eth,1859,1.964
eth,1860,1.964
eth,1861,1.964
eth,1862,1.964
eth,1863,1.964
eth,1864,1.964
eth,1865,1.964
eth,1866,1.964
eth,1867,1.964
eth,1868,1.964
eth,1869,1.964
eth,1870,1.964
eth,1871,1.964
eth,1872,1.944
eth,1873,1.945
eth,1874,1.947
eth,1875,1.948
eth,1876,1.95
eth,1877,1.951
eth,1878,1.953
eth,1879,1.954
eth,1880,1.955
eth,1881,1.957
eth,1882,1.958
eth,1883,1.96
eth,1884,1.961
eth,1885,1.963
eth,1886,1.964
eth,1887,1.965
eth,1888,1.967
eth,1889,1.968
eth,1890,1.97
eth,1891,1.971
eth,1892,1.972
eth,1893,1.974
eth,1894,1.975
eth,1895,1.977
eth,1896,1.978
eth,1897,1.979
eth,1898,1.981
eth,1899,1.982
eth,1900,1.983
eth,1901,1.985
eth,1902,1.986
eth,1903,1.987
eth,1904,1.988
eth,1905,1.99
eth,1906,1.991
eth,1907,2.02
eth,1908,2.021
eth,1909,2.022
eth,1910,2.028
eth,1911,2.053
eth,1912,2.031
eth,1913,2.032
eth,1914,2.044
eth,1915,2.017
eth,1916,2.057
eth,1917,2.064
eth,1918,2.065
eth,1919,2.066
eth,1920,2.067
eth,1921,2.068
eth,1922,2.07
eth,1923,2.071
eth,1924,2.072
eth,1925,2.016
eth,1926,2.017
eth,1927,2.018
eth,1928,2.019
eth,1929,2.021
eth,1930,2.022
eth,1931,2.023
eth,1932,2.024
eth,1933,2.025
eth,1934,2.026
eth,1935,2.027
eth,1936,2.025
eth,1937,2.057
eth,1938,2.046
eth,1939,2.037
eth,1940,2.033
eth,1941,1.997
eth,1942,1.904
eth,1943,1.89
eth,1944,1.883
eth,1945,1.863
eth,1946,1.8
eth,1947,1.818
eth,1948,1.813
eth,1949,1.803
eth,1950,1.747
eth,1951,1.785
eth,1952,1.804
eth,1953,1.853
eth,1954,1.848
eth,1955,1.935
eth,1956,1.911
eth,1957,1.854
eth,1958,1.887
eth,1959,1.876
eth,1960,1.972
eth,1961,2.016
eth,1962,2.003
eth,1963,2.157
eth,1964,2.204
eth,1965,2.253
eth,1966,2.24
eth,1967,2.29
eth,1968,2.341
eth,1969,2.328
eth,1970,2.315
eth,1971,2.373
eth,1972,2.359
eth,1973,2.345
eth,1974,2.331
eth,1975,2.191
eth,1976,2.178
eth,1977,2.106
eth,1978,2.036
eth,1979,2.14
eth,1980,2.187
eth,1981,2.199
eth,1982,2.181
eth,1983,2.291
eth,1984,2.232
eth,1985,1.96
eth,1986,2.099
eth,1987,2.282
eth,1988,2.267
eth,1989,2.284
eth,1990,2.234
eth,1991,1.99
eth,1992,1.737
eth,1993,1.856
eth,1994,1.876
eth,1995,1.899
eth,1996,2.116
eth,1997,2.276
eth,1998,2.249
eth,1999,2.365
eth,2000,2.458
eth,2001,2.56
eth,2002,2.537
eth,2003,2.382
eth,2004,2.613
eth,2005,2.831
eth,2006,3.029
eth,2007,3.244
eth,2008,3.457
eth,2009,3.643
eth,2010,3.95
eth,2011,4.279
eth,2012,4.487
eth,2013,4.862
eth,2014,5.207
eth,2015,5.581
eth,2016,5.756
eth,2017,5.914
eth,2018,5.828
eth,2019,5.843
eth,2020,5.757
eth,2021,5.605
eth,2022,5.761
eth,2023,5.956
eth,2024,6.274
eth,2025,6.65
eth,2026,7.338
eth,2027,7.704
eth,2028,8.257
eth,2029,8.797
eth,2030,9.286
eth,2031,9.566
eth,2032,9.569
eth,2033,9.875
eth,2034,10.175
eth,2035,10.484
eth,2036,10.798
eth,2037,10.82
eth,2038,11.148
eth,2039,11.486
eth,2040,11.834
eth,2041,12.192
eth,2042,12.211
eth,2043,12.59
eth,2044,12.968
eth,2045,13.363
eth,2046,13.766
eth,2047,13.795
eth,2048,14.205
eth,2049,14.627
eth,2050,15.061
eth,2051,15.507
eth,2052,16.001
eth,2053,15.993
eth,2054,16.522
eth,2055,17.007
eth,2056,17.514
eth,2057,18.025
eth,2058,18.542
eth,2059,19.038
eth,2060,19.061
eth,2061,19.564
eth,2062,20.126
eth,2063,20.706
eth,2064,21.303
eth,2065,21.86
eth,2066,22.549
eth,2067,23.192
eth,2068,23.199
eth,2069,23.777
eth,2070,24.43
eth,2071,25.117
eth,2072,25.821
eth,2073,26.599
eth,2074,27.307
eth,2075,28.075
eth,2076,28.043
eth,2077,28.916
eth,2078,29.588
eth,2079,30.402
eth,2080,31.239
eth,2081,32.201
eth,2082,32.963
eth,2083,32.946
eth,2084,33.842
eth,2085,34.521
eth,2086,35.448
eth,2087,36.565
eth,2088,37.517
eth,2089,38.647
eth,2090,39.686
eth,2091,39.262
eth,2092,40.251
eth,2093,41.311
eth,2094,42.46
eth,2095,43.616
eth,2096,44.731
eth,2097,44.621
eth,2098,45.913
eth,2099,47.101
eth,2100,48.32
fji,1800,2.36
fji,1801,2.36
fji,1802,2.36
fji,1803,2.36
fji,1804,2.36
fji,1805,2.36
fji,1806,2.36
fji,1807,2.36
fji,1808,2.36
fji,1809,2.36
fji,1810,2.36
fji,1811,2.36
fji,1812,2.36
fji,1813,2.36
fji,1814,2.36
fji,1815,2.36
fji,1816,2.36
fji,1817,2.36
fji,1818,2.36
fji,1819,2.36
fji,1820,2.36
fji,1821,2.426
fji,1822,2.426
fji,1823,2.426
fji,1824,2.426
fji,1825,2.426
fji,1826,2.426
fji,1827,2.426
fji,1828,2.426
fji,1829,2.495
fji,1830,2.495
fji,1831,2.495
fji,1832,2.494
fji,1833,2.494
fji,1834,2.494
fji,1835,2.494
fji,1836,2.495
fji,1837,2.565
fji,1838,2.565
fji,1839,2.565
fji,1840,2.565
fji,1841,2.565
fji,1842,2.565
fji,1843,2.565
fji,1844,2.565
fji,1845,2.565
fji,1846,2.637
fji,1847,2.637
fji,1848,2.637
fji,1849,2.637
fji,1850,2.637
fji,1851,2.637
fji,1852,2.637
fji,1853,2.637
fji,1854,2.711
fji,1855,2.711
fji,1856,2.711
fji,1857,2.711
fji,1858,2.711
fji,1859,2.711
fji,1860,2.711
fji,1861,2.711
fji,1862,2.787
fji,1863,2.787
fji,1864,2.788
fji,1865,2.787
fji,1866,2.787
fji,1867,2.787
fji,1868,2.787
fji,1869,2.787
fji,1870,2.866
fji,1871,2.866
fji,1872,2.866
fji,1873,2.866
fji,1874,2.867
fji,1875,2.867
fji,1876,2.867
fji,1877,2.868
fji,1878,2.949
fji,1879,2.949
fji,1880,2.949
fji,1881,2.95
fji,1882,2.95
fji,1883,2.95
fji,1884,2.951
fji,1885,2.951
fji,1886,3.035
fji,1887,3.035
fji,1888,3.035
fji,1889,3.036
fji,1890,3.036
fji,1891,3.036
fji,1892,3.037
fji,1893,3.037
fji,1894,3.037
fji,1895,3.123
fji,1896,3.123
fji,1897,3.124
fji,1898,3.124
fji,1899,3.125
fji,1900,3.125
fji,1901,3.125
fji,1902,3.126
fji,1903,3.214
fji,1904,3.214
fji,1905,3.215
fji,1906,3.215
fji,1907,3.216
fji,1908,3.216
fji,1909,3.216
fji,1910,3.217
fji,1911,3.308
fji,1912,3.308
fji,1913,3.308
fji,1914,3.402
fji,1915,3.498
fji,1916,3.498
fji,1917,3.597
fji,1918,3.699
fji,1919,3.803
fji,1920,3.911
fji,1921,4.021
fji,1922,4.135
fji,1923,4.251
fji,1924,4.371
fji,1925,4.495
fji,1926,4.622
fji,1927,4.752
fji,1928,4.753
fji,1929,4.888
fji,1930,5.026
fji,1931,5.168
fji,1932,5.314
fji,1933,5.464
fji,1934,5.465
fji,1935,5.619
fji,1936,5.778
fji,1937,5.941
fji,1938,5.942
fji,1939,6.11
fji,1940,6.282
fji,1941,6.411
fji,1942,6.542
fji,1943,6.493
fji,1944,6.626
fji,1945,6.761
fji,1946,6.907
fji,1947,7.054
fji,1948,7.211
fji,1949,7.174
fji,1950,7.343
fji,1951,7.489
fji,1952,7.626
fji,1953,7.767
fji,1954,7.911
fji,1955,7.842
fji,1956,7.997
fji,1957,8.152
fji,1958,8.316
fji,1959,8.505
fji,1960,8.44
fji,1961,8.376
fji,1962,8.552
fji,1963,8.733
fji,1964,8.671
fji,1965,8.358
fji,1966,8.064
fji,1967,8.956
fji,1968,9.403
fji,1969,9.334
fji,1970,10.065
fji,1971,10.559
fji,1972,11.078
fji,1973,11.953
fji,1974,12.191
fji,1975,12.097
fji,1976,12.0
fji,1977,12.241
fji,1978,12.143
fji,1979,13.457
fji,1980,12.985
fji,1981,13.768
fji,1982,13.601
fji,1983,13.202
fji,1984,14.382
fji,1985,13.757
fji,1986,14.644
fji,1987,13.91
fji,1988,14.671
fji,1989,17.022
fji,1990,18.241
fji,1991,17.549
fji,1992,18.313
fji,1993,18.864
fji,1994,19.476
fji,1995,19.651
fji,1996,20.489
fji,1997,19.992
fji,1998,20.028
fji,1999,21.556
fji,2000,20.817
fji,2001,21.165
fji,2002,21.882
fji,2003,21.913
fji,2004,22.441
fji,2005,22.423
fji,2006,22.348
fji,2007,21.539
fji,2008,21.717
fji,2009,21.189
fji,2010,21.98
fji,2011,22.441
fji,2012,23.172
fji,2013,24.475
fji,2014,26.115
fji,2015,27.194
fji,2016,28.186
fji,2017,30.238
fji,2018,32.315
fji,2019,33.329
fji,2020,27.88
fji,2021,26.664
fji,2022,31.59
fji,2023,33.807
fji,2024,35.351
fji,2025,36.544
fji,2026,38.714
fji,2027,40.309
fji,2028,41.822
fji,2029,43.208
fji,2030,43.924
fji,2031,45.08
fji,2032,46.275
fji,2033,47.513
fji,2034,48.759
fji,2035,50.033
fji,2036,49.97
fji,2037,51.307
fji,2038,52.68
fji,2039,54.058
fji,2040,55.429
fji,2041,55.349
fji,2042,56.794
fji,2043,58.218
fji,2044,59.732
fji,2045,61.264
fji,2046,61.133
fji,2047,62.766
fji,2048,64.39
fji,2049,66.054
fji,2050,65.906
fji,2051,67.698
fji,2052,69.444
fji,2053,71.234
fji,2054,71.078
fji,2055,72.906
fji,2056,74.857
fji,2057,76.7
fji,2058,76.517
fji,2059,78.51
fji,2060,80.599
fji,2061,80.497
fji,2062,82.499
fji,2063,84.613
fji,2064,84.406
fji,2065,86.706
fji,2066,88.927
fji,2067,88.712
fji,2068,90.985
fji,2069,93.314
fji,2070,93.087
fji,2071,95.47
fji,2072,95.368
fji,2073,97.811
fji,2074,100.317
fji,2075,100.075
fji,2076,102.64
fji,2077,102.393
fji,2078,105.018
fji,2079,104.766
fji,2080,107.575
fji,2081,110.338
fji,2082,110.077
fji,2083,112.906
fji,2084,112.642
fji,2085,115.539
fji,2086,115.457
fji,2087,118.433
fji,2088,118.165
fji,2089,121.202
fji,2090,120.931
fji,2091,124.056
fji,2092,123.783
fji,2093,127.191
fji,2094,126.919
fji,2095,126.648
fji,2096,129.935
fji,2097,129.663
fji,2098,133.033
fji,2099,132.761
fji,2100,136.217
fin,1800,3.611
fin,1801,3.582
fin,1802,3.554
fin,1803,3.554
fin,1804,3.554
fin,1805,3.554
fin,1806,3.548
fin,1807,3.635
fin,1808,3.635
fin,1809,3.635
fin,1810,3.635
fin,1811,3.635
fin,1812,3.633
fin,1813,3.633
fin,1814,3.73
fin,1815,3.726
fin,1816,3.726
fin,1817,3.726
fin,1818,3.726
fin,1819,3.698
fin,1820,3.724
fin,1821,3.828
fin,1822,3.828
fin,1823,3.828
fin,1824,3.828
fin,1825,3.828
fin,1826,3.828
fin,1827,3.936
fin,1828,3.936
fin,1829,3.936
fin,1830,3.936
fin,1831,3.936
fin,1832,3.936
fin,1833,4.047
fin,1834,4.046
fin,1835,4.046
fin,1836,4.046
fin,1837,4.046
fin,1838,4.16
fin,1839,4.16
fin,1840,4.16
fin,1841,4.16
fin,1842,4.16
fin,1843,4.16
fin,1844,4.277
fin,1845,4.277
fin,1846,4.277
fin,1847,4.277
fin,1848,4.277
fin,1849,4.277
fin,1850,4.398
fin,1851,4.397
fin,1852,4.397
fin,1853,4.397
fin,1854,4.397
fin,1855,4.397
fin,1856,4.397
fin,1857,4.397
fin,1858,4.397
fin,1859,4.397
fin,1860,4.397
fin,1861,4.397
fin,1862,4.046
fin,1863,4.397
fin,1864,4.397
fin,1865,4.397
fin,1866,4.397
fin,1867,4.046
fin,1868,4.647
fin,1869,5.11
fin,1870,5.246
fin,1871,5.249
fin,1872,5.271
fin,1873,5.598
fin,1874,5.624
fin,1875,5.65
fin,1876,5.998
fin,1877,5.702
fin,1878,5.571
fin,1879,5.595
fin,1880,5.62
fin,1881,5.345
fin,1882,5.829
fin,1883,6.019
fin,1884,6.044
fin,1885,6.069
fin,1886,6.265
fin,1887,6.29
fin,1888,6.519
fin,1889,6.727
fin,1890,6.983
fin,1891,6.807
fin,1892,6.415
fin,1893,6.829
fin,1894,7.303
fin,1895,7.814
fin,1896,8.279
fin,1897,8.571
fin,1898,8.955
fin,1899,8.62
fin,1900,9.002
fin,1901,8.68
fin,1902,8.422
fin,1903,9.131
fin,1904,9.407
fin,1905,9.449
fin,1906,9.749
fin,1907,10.053
fin,1908,10.075
fin,1909,10.395
fin,1910,10.709
fin,1911,10.731
fin,1912,11.365
fin,1913,11.705
fin,1914,11.095
fin,1915,10.517
fin,1916,10.536
fin,1917,8.755
fin,1918,7.603
fin,1919,9.398
fin,1920,10.313
fin,1921,10.633
fin,1922,11.576
fin,1923,12.602
fin,1924,12.624
fin,1925,13.367
fin,1926,13.766
fin,1927,14.6
fin,1928,15.449
fin,1929,15.488
fin,1930,15.498
fin,1931,15.103
fin,1932,14.713
fin,1933,15.571
fin,1934,17.451
fin,1935,17.989
fin,1936,19.024
fin,1937,20.145
fin,1938,20.752
fin,1939,20.195
fin,1940,19.15
fin,1941,19.584
fin,1942,19.499
fin,1943,21.719
fin,1944,21.875
fin,1945,20.041
fin,1946,21.561
fin,1947,21.499
fin,1948,22.534
fin,1949,23.706
fin,1950,24.205
fin,1951,25.903
fin,1952,26.471
fin,1953,26.357
fin,1954,28.301
fin,1955,28.727
fin,1956,29.393
fin,1957,30.109
fin,1958,30.009
fin,1959,31.564
fin,1960,34.132
fin,1961,35.823
fin,1962,36.64
fin,1963,37.471
fin,1964,39.384
fin,1965,40.225
fin,1966,41.183
fin,1967,42.16
fin,1968,41.847
fin,1969,46.706
fin,1970,49.34
fin,1971,50.206
fin,1972,54.229
fin,1973,57.037
fin,1974,58.353
fin,1975,58.052
fin,1976,57.732
fin,1977,57.413
fin,1978,58.702
fin,1979,61.706
fin,1980,64.864
fin,1981,68.961
fin,1982,73.182
fin,1983,76.607
fin,1984,80.239
fin,1985,83.947
fin,1986,87.062
fin,1987,91.445
fin,1988,97.654
fin,1989,104.718
fin,1990,106.63
fin,1991,99.531
fin,1992,95.262
fin,1993,93.98
fin,1994,97.17
fin,1995,100.283
fin,1996,103.721
fin,1997,109.556
fin,1998,114.703
fin,1999,118.549
fin,2000,124.981
fin,2001,127.938
fin,2002,129.284
fin,2003,131.309
fin,2004,135.233
fin,2005,140.566
fin,2006,144.327
fin,2007,151.927
fin,2008,154.99
fin,2009,143.107
fin,2010,144.654
fin,2011,147.702
fin,2012,144.721
fin,2013,143.846
fin,2014,143.155
fin,2015,142.511
fin,2016,145.258
fin,2017,148.547
fin,2018,150.367
fin,2019,153.548
fin,2020,149.303
fin,2021,151.322
fin,2022,147.284
fin,2023,146.128
fin,2024,141.776
fin,2025,144.876
fin,2026,153.617
fin,2027,155.411
fin,2028,161.112
fin,2029,166.308
fin,2030,171.685
fin,2031,170.604
fin,2032,174.379
fin,2033,173.299
fin,2034,172.241
fin,2035,175.976
fin,2036,175.016
fin,2037,173.994
fin,2038,177.882
fin,2039,176.875
fin,2040,180.789
fin,2041,179.791
fin,2042,178.845
fin,2043,182.894
fin,2044,181.956
fin,2045,181.018
fin,2046,180.102
fin,2047,184.166
fin,2048,183.259
fin,2049,182.398
fin,2050,186.634
fin,2051,185.757
fin,2052,184.903
fin,2053,184.01
fin,2054,188.392
fin,2055,187.559
fin,2056,186.615
fin,2057,185.827
fin,2058,190.257
fin,2059,189.51
fin,2060,188.752
fin,2061,188.071
fin,2062,192.613
fin,2063,191.884
fin,2064,191.173
fin,2065,190.478
fin,2066,195.133
fin,2067,194.318
fin,2068,193.686
fin,2069,193.057
fin,2070,192.417
fin,2071,197.144
fin,2072,196.609
fin,2073,195.995
fin,2074,195.397
fin,2075,194.812
fin,2076,194.241
fin,2077,199.126
fin,2078,198.481
fin,2079,197.931
fin,2080,197.395
fin,2081,196.871
fin,2082,196.359
fin,2083,201.364
fin,2084,200.861
fin,2085,200.464
fin,2086,199.986
fin,2087,199.52
fin,2088,199.064
fin,2089,198.619
fin,2090,203.756
fin,2091,203.427
fin,2092,203.001
fin,2093,202.588
fin,2094,202.183
fin,2095,201.913
fin,2096,201.243
fin,2097,200.865
fin,2098,200.496
fin,2099,205.761
fin,2100,205.401
fra,1800,5.741
fra,1801,5.429
fra,1802,5.429
fra,1803,6.068
fra,1804,6.971
fra,1805,6.595
fra,1806,6.414
fra,1807,6.239
fra,1808,6.971
fra,1809,6.971
fra,1810,6.595
fra,1811,6.068
fra,1812,5.6
fra,1813,6.414
fra,1814,6.971
fra,1815,6.239
fra,1816,5.429
fra,1817,4.984
fra,1818,5.58
fra,1819,5.719
fra,1820,6.237
fra,1821,6.796
fra,1822,6.407
fra,1823,6.752
fra,1824,6.85
fra,1825,6.298
fra,1826,6.284
fra,1827,6.112
fra,1828,6.089
fra,1829,6.284
fra,1830,6.089
fra,1831,6.112
fra,1832,6.649
fra,1833,6.649
fra,1834,6.631
fra,1835,6.607
fra,1836,6.395
fra,1837,6.409
fra,1838,6.563
fra,1839,6.354
fra,1840,6.635
fra,1841,6.787
fra,1842,6.039
fra,1843,6.198
fra,1844,6.077
fra,1845,5.914
fra,1846,5.914
fra,1847,6.474
fra,1848,6.163
fra,1849,6.376
fra,1850,6.376
fra,1851,6.336
fra,1852,6.656
fra,1853,6.251
fra,1854,6.607
fra,1855,6.427
fra,1856,6.884
fra,1857,7.54
fra,1858,9.038
fra,1859,8.331
fra,1860,9.119
fra,1861,8.498
fra,1862,9.286
fra,1863,9.594
fra,1864,9.596
fra,1865,9.447
fra,1866,9.47
fra,1867,8.987
fra,1868,9.736
fra,1869,9.95
fra,1870,9.188
fra,1871,9.334
fra,1872,10.078
fra,1873,9.154
fra,1874,10.202
fra,1875,8.898
fra,1876,8.41
fra,1877,9.026
fra,1878,8.917
fra,1879,8.448
fra,1880,9.215
fra,1881,10.358
fra,1882,10.925
fra,1883,10.92
fra,1884,10.931
fra,1885,10.46
fra,1886,10.584
fra,1887,10.372
fra,1888,10.374
fra,1889,10.934
fra,1890,11.423
fra,1891,11.748
fra,1892,12.324
fra,1893,12.401
fra,1894,12.391
fra,1895,12.462
fra,1896,12.805
fra,1897,13.586
fra,1898,13.954
fra,1899,14.576
fra,1900,14.734
fra,1901,14.273
fra,1902,13.899
fra,1903,14.274
fra,1904,13.63
fra,1905,13.796
fra,1906,14.22
fra,1907,14.621
fra,1908,14.634
fra,1909,15.041
fra,1910,14.215
fra,1911,15.425
fra,1912,16.655
fra,1913,17.798
fra,1914,16.464
fra,1915,16.579
fra,1916,17.605
fra,1917,15.406
fra,1918,12.483
fra,1919,14.901
fra,1920,17.919
fra,1921,16.999
fra,1922,20.199
fra,1923,20.77
fra,1924,23.057
fra,1925,22.94
fra,1926,23.585
fra,1927,22.963
fra,1928,24.17
fra,1929,26.178
fra,1930,24.812
fra,1931,23.473
fra,1932,21.655
fra,1933,23.479
fra,1934,22.92
fra,1935,22.331
fra,1936,23.585
fra,1937,24.895
fra,1938,24.916
fra,1939,26.286
fra,1940,22.417
fra,1941,18.304
fra,1942,16.29
fra,1943,15.322
fra,1944,12.87
fra,1945,13.906
fra,1946,20.508
fra,1947,21.815
fra,1948,22.569
fra,1949,25.059
fra,1950,26.336
fra,1951,27.645
fra,1952,27.451
fra,1953,28.009
fra,1954,29.368
fra,1955,30.01
fra,1956,31.548
fra,1957,32.274
fra,1958,33.02
fra,1959,33.911
fra,1960,36.557
fra,1961,37.109
fra,1962,38.662
fra,1963,39.161
fra,1964,41.058
fra,1965,41.961
fra,1966,44.175
fra,1967,45.54
fra,1968,46.513
fra,1969,50.167
fra,1970,51.307
fra,1971,54.486
fra,1972,55.508
fra,1973,58.176
fra,1974,59.397
fra,1975,57.384
fra,1976,60.382
fra,1977,61.662
fra,1978,63.054
fra,1979,64.439
fra,1980,64.055
fra,1981,68.119
fra,1982,71.743
fra,1983,74.421
fra,1984,76.877
fra,1985,78.933
fra,1986,81.45
fra,1987,84.642
fra,1988,90.439
fra,1989,96.875
fra,1990,101.528
fra,1991,103.064
fra,1992,104.593
fra,1993,102.128
fra,1994,106.15
fra,1995,108.026
fra,1996,109.198
fra,1997,111.535
fra,1998,115.117
fra,1999,116.997
fra,2000,120.799
fra,2001,122.326
fra,2002,122.451
fra,2003,123.461
fra,2004,127.387
fra,2005,129.831
fra,2006,134.514
fra,2007,129.812
fra,2008,129.985
fra,2009,127.282
fra,2010,125.293
fra,2011,129.934
fra,2012,129.336
fra,2013,130.207
fra,2014,132.934
fra,2015,132.733
fra,2016,135.485
fra,2017,138.397
fra,2018,136.351
fra,2019,145.233
fra,2020,134.978
fra,2021,142.823
fra,2022,143.392
fra,2023,143.209
fra,2024,145.665
fra,2025,147.728
fra,2026,155.754
fra,2027,157.574
fra,2028,163.189
fra,2029,168.244
fra,2030,169.28
fra,2031,173.037
fra,2032,171.933
fra,2033,175.783
fra,2034,174.691
fra,2035,173.464
fra,2036,177.137
fra,2037,175.978
fra,2038,179.755
fra,2039,178.608
fra,2040,177.483
fra,2041,181.336
fra,2042,180.222
fra,2043,179.129
fra,2044,183.023
fra,2045,181.895
fra,2046,180.833
fra,2047,184.969
fra,2048,183.883
fra,2049,182.856
fra,2050,187.04
fra,2051,186.093
fra,2052,185.046
fra,2053,189.118
fra,2054,188.134
fra,2055,187.478
fra,2056,191.784
fra,2057,190.84
fra,2058,190.03
fra,2059,189.122
fra,2060,193.621
fra,2061,192.728
fra,2062,191.954
fra,2063,190.973
fra,2064,195.405
fra,2065,194.559
fra,2066,193.731
fra,2067,192.919
fra,2068,197.663
fra,2069,197.356
fra,2070,196.581
fra,2071,196.384
fra,2072,201.15
fra,2073,200.411
fra,2074,199.73
fra,2075,199.021
fra,2076,198.286
fra,2077,203.227
fra,2078,202.546
fra,2079,201.878
fra,2080,201.224
fra,2081,200.583
fra,2082,199.944
fra,2083,204.841
fra,2084,204.223
fra,2085,203.617
fra,2086,202.969
fra,2087,202.938
fra,2088,202.374
fra,2089,207.495
fra,2090,206.941
fra,2091,206.326
fra,2092,205.794
fra,2093,205.025
fra,2094,204.512
fra,2095,204.01
fra,2096,203.519
fra,2097,208.745
fra,2098,209.412
fra,2099,208.95
fra,2100,208.498
gab,1800,1.17
gab,1801,1.17
gab,1802,1.17
gab,1803,1.17
gab,1804,1.17
gab,1805,1.17
gab,1806,1.17
gab,1807,1.17
gab,1808,1.17
gab,1809,1.17
gab,1810,1.17
gab,1811,1.17
gab,1812,1.17
gab,1813,1.17
gab,1814,1.17
gab,1815,1.17
gab,1816,1.17
gab,1817,1.17
gab,1818,1.17
gab,1819,1.17
gab,1820,1.17
gab,1821,1.17
gab,1822,1.17
gab,1823,1.17
gab,1824,1.17
gab,1825,1.17
gab,1826,1.17
gab,1827,1.17
gab,1828,1.17
gab,1829,1.17
gab,1830,1.17
gab,1831,1.17
gab,1832,1.17
gab,1833,1.17
gab,1834,1.17
gab,1835,1.17
gab,1836,1.17
gab,1837,1.17
gab,1838,1.17
gab,1839,1.17
gab,1840,1.17
gab,1841,1.17
gab,1842,1.17
gab,1843,1.17
gab,1844,1.17
gab,1845,1.17
gab,1846,1.17
gab,1847,1.17
gab,1848,1.17
gab,1849,1.17
gab,1850,1.17
gab,1851,1.17
gab,1852,1.171
gab,1853,1.171
gab,1854,1.171
gab,1855,1.17
gab,1856,1.171
gab,1857,1.171
gab,1858,1.171
gab,1859,1.171
gab,1860,1.171
gab,1861,1.171
gab,1862,1.171
gab,1863,1.171
gab,1864,1.171
gab,1865,1.171
gab,1866,1.171
gab,1867,1.171
gab,1868,1.171
gab,1869,1.171
gab,1870,1.171
gab,1871,1.171
gab,1872,1.173
gab,1873,1.176
gab,1874,1.178
gab,1875,1.181
gab,1876,1.184
gab,1877,1.186
gab,1878,1.189
gab,1879,1.191
gab,1880,1.194
gab,1881,1.196
gab,1882,1.199
gab,1883,1.201
gab,1884,1.204
gab,1885,1.206
gab,1886,1.209
gab,1887,1.211
gab,1888,1.214
gab,1889,1.216
gab,1890,1.219
gab,1891,1.291
gab,1892,1.33
gab,1893,1.408
gab,1894,1.492
gab,1895,1.537
gab,1896,1.627
gab,1897,1.676
gab,1898,1.727
gab,1899,1.779
gab,1900,1.884
gab,1901,1.941
gab,1902,2.0
gab,1903,2.118
gab,1904,2.181
gab,1905,2.247
gab,1906,2.314
gab,1907,2.384
gab,1908,2.457
gab,1909,2.53
gab,1910,2.609
gab,1911,2.683
gab,1912,2.839
gab,1913,2.951
gab,1914,3.042
gab,1915,3.025
gab,1916,3.282
gab,1917,3.49
gab,1918,3.606
gab,1919,3.739
gab,1920,3.867
gab,1921,3.927
gab,1922,4.156
gab,1923,4.237
gab,1924,4.355
gab,1925,4.448
gab,1926,4.658
gab,1927,4.793
gab,1928,4.934
gab,1929,5.078
gab,1930,5.269
gab,1931,5.424
gab,1932,5.621
gab,1933,5.907
gab,1934,6.044
gab,1935,6.176
gab,1936,6.399
gab,1937,6.336
gab,1938,6.473
gab,1939,6.632
gab,1940,6.8
gab,1941,6.925
gab,1942,7.108
gab,1943,7.382
gab,1944,7.6
gab,1945,7.837
gab,1946,8.037
gab,1947,8.241
gab,1948,8.437
gab,1949,8.481
gab,1950,8.741
gab,1951,9.088
gab,1952,9.48
gab,1953,10.004
gab,1954,10.252
gab,1955,10.29
gab,1956,10.691
gab,1957,11.087
gab,1958,11.463
gab,1959,11.698
gab,1960,12.3
gab,1961,13.163
gab,1962,13.712
gab,1963,14.38
gab,1964,14.718
gab,1965,15.086
gab,1966,15.472
gab,1967,16.346
gab,1968,16.789
gab,1969,18.213
gab,1970,19.762
gab,1971,21.444
gab,1972,23.27
gab,1973,25.268
gab,1974,34.175
gab,1975,38.102
gab,1976,50.077
gab,1977,43.445
gab,1978,32.807
gab,1979,32.675
gab,1980,33.457
gab,1981,33.696
gab,1982,34.287
gab,1983,35.946
gab,1984,38.084
gab,1985,39.56
gab,1986,38.51
gab,1987,32.585
gab,1988,35.278
gab,1989,40.361
gab,1990,43.182
gab,1991,45.72
gab,1992,43.978
gab,1993,45.657
gab,1994,46.984
gab,1995,49.026
gab,1996,50.453
gab,1997,53.718
gab,1998,54.198
gab,1999,48.792
gab,2000,47.097
gab,2001,47.347
gab,2002,46.781
gab,2003,46.613
gab,2004,46.221
gab,2005,46.108
gab,2006,44.511
gab,2007,46.029
gab,2008,43.595
gab,2009,42.51
gab,2010,44.222
gab,2011,45.922
gab,2012,47.146
gab,2013,48.184
gab,2014,49.045
gab,2015,49.156
gab,2016,49.351
gab,2017,49.169
gab,2018,48.309
gab,2019,48.611
gab,2020,46.173
gab,2021,45.919
gab,2022,47.119
gab,2023,46.413
gab,2024,46.775
gab,2025,48.05
gab,2026,51.228
gab,2027,52.039
gab,2028,52.652
gab,2029,54.488
gab,2030,55.011
gab,2031,56.378
gab,2032,57.821
gab,2033,59.233
gab,2034,60.685
gab,2035,60.417
gab,2036,61.933
gab,2037,63.443
gab,2038,65.025
gab,2039,66.579
gab,2040,66.255
gab,2041,67.873
gab,2042,69.488
gab,2043,71.213
gab,2044,72.788
gab,2045,72.62
gab,2046,74.175
gab,2047,76.002
gab,2048,77.861
gab,2049,79.651
gab,2050,79.273
gab,2051,81.085
gab,2052,82.905
gab,2053,84.957
gab,2054,84.513
gab,2055,86.474
gab,2056,88.255
gab,2057,90.127
gab,2058,89.6
gab,2059,91.957
gab,2060,93.719
gab,2061,93.066
gab,2062,94.908
gab,2063,97.018
gab,2064,99.091
gab,2065,98.385
gab,2066,100.697
gab,2067,102.98
gab,2068,102.492
gab,2069,104.85
gab,2070,103.96
gab,2071,106.312
gab,2072,108.774
gab,2073,108.035
gab,2074,110.644
gab,2075,113.148
gab,2076,112.762
gab,2077,115.112
gab,2078,114.772
gab,2079,116.927
gab,2080,119.664
gab,2081,118.603
gab,2082,121.562
gab,2083,121.127
gab,2084,123.893
gab,2085,122.871
gab,2086,125.831
gab,2087,125.456
gab,2088,128.364
gab,2089,127.742
gab,2090,130.073
gab,2091,129.427
gab,2092,132.655
gab,2093,132.006
gab,2094,135.318
gab,2095,134.614
gab,2096,137.88
gab,2097,137.236
gab,2098,140.144
gab,2099,139.085
gab,2100,138.457
gmb,1800,3.079
gmb,1801,3.079
gmb,1802,3.079
gmb,1803,3.079
gmb,1804,3.078
gmb,1805,3.078
gmb,1806,3.079
gmb,1807,3.079
gmb,1808,3.079
gmb,1809,3.079
gmb,1810,3.079
gmb,1811,3.079
gmb,1812,3.079
gmb,1813,3.079
gmb,1814,3.079
gmb,1815,3.079
gmb,1816,3.078
gmb,1817,3.078
gmb,1818,3.079
gmb,1819,3.079
gmb,1820,3.079
gmb,1821,3.079
gmb,1822,3.079
gmb,1823,3.079
gmb,1824,3.078
gmb,1825,3.079
gmb,1826,3.188
gmb,1827,3.188
gmb,1828,3.188
gmb,1829,3.188
gmb,1830,3.188
gmb,1831,3.188
gmb,1832,3.188
gmb,1833,3.188
gmb,1834,3.188
gmb,1835,3.188
gmb,1836,3.188
gmb,1837,3.188
gmb,1838,3.188
gmb,1839,3.188
gmb,1840,3.188
gmb,1841,3.188
gmb,1842,3.188
gmb,1843,3.188
gmb,1844,3.188
gmb,1845,3.188
gmb,1846,3.188
gmb,1847,3.188
gmb,1848,3.188
gmb,1849,3.188
gmb,1850,3.188
gmb,1851,3.188
gmb,1852,3.188
gmb,1853,3.188
gmb,1854,3.188
gmb,1855,3.188
gmb,1856,3.188
gmb,1857,3.188
gmb,1858,3.188
gmb,1859,3.188
gmb,1860,3.188
gmb,1861,3.188
gmb,1862,3.188
gmb,1863,3.188
gmb,1864,3.188
gmb,1865,3.188
gmb,1866,3.188
gmb,1867,3.189
gmb,1868,3.188
gmb,1869,3.188
gmb,1870,3.188
gmb,1871,3.278
gmb,1872,3.269
gmb,1873,3.26
gmb,1874,3.252
gmb,1875,3.243
gmb,1876,3.234
gmb,1877,3.225
gmb,1878,3.217
gmb,1879,3.208
gmb,1880,3.199
gmb,1881,3.191
gmb,1882,3.181
gmb,1883,3.172
gmb,1884,3.163
gmb,1885,3.154
gmb,1886,3.145
gmb,1887,3.136
gmb,1888,3.127
gmb,1889,3.118
gmb,1890,3.109
gmb,1891,3.1
gmb,1892,3.091
gmb,1893,3.082
gmb,1894,3.072
gmb,1895,3.063
gmb,1896,3.054
gmb,1897,3.045
gmb,1898,3.036
gmb,1899,3.026
gmb,1900,3.017
gmb,1901,3.007
gmb,1902,2.998
gmb,1903,2.989
gmb,1904,2.979
gmb,1905,2.97
gmb,1906,3.044
gmb,1907,3.034
gmb,1908,3.024
gmb,1909,3.015
gmb,1910,3.005
gmb,1911,2.995
gmb,1912,2.986
gmb,1913,2.976
gmb,1914,2.966
gmb,1915,2.956
gmb,1916,2.947
gmb,1917,2.937
gmb,1918,2.927
gmb,1919,2.917
gmb,1920,2.908
gmb,1921,2.979
gmb,1922,2.969
gmb,1923,2.959
gmb,1924,3.032
gmb,1925,3.022
gmb,1926,3.011
gmb,1927,3.086
gmb,1928,3.075
gmb,1929,3.065
gmb,1930,3.14
gmb,1931,3.129
gmb,1932,3.118
gmb,1933,3.107
gmb,1934,3.184
gmb,1935,3.172
gmb,1936,3.161
gmb,1937,3.239
gmb,1938,3.227
gmb,1939,3.216
gmb,1940,3.295
gmb,1941,3.269
gmb,1942,3.334
gmb,1943,3.307
gmb,1944,3.373
gmb,1945,3.441
gmb,1946,3.413
gmb,1947,3.491
gmb,1948,3.463
gmb,1949,3.532
gmb,1950,3.602
gmb,1951,3.673
gmb,1952,3.746
gmb,1953,3.82
gmb,1954,3.896
gmb,1955,3.973
gmb,1956,3.941
gmb,1957,4.019
gmb,1958,3.986
gmb,1959,4.179
gmb,1960,4.262
gmb,1961,4.599
gmb,1962,4.445
gmb,1963,4.292
gmb,1964,4.513
gmb,1965,4.874
gmb,1966,5.119
gmb,1967,5.087
gmb,1968,4.889
gmb,1969,5.149
gmb,1970,4.72
gmb,1971,4.573
gmb,1972,4.432
gmb,1973,4.798
gmb,1974,4.914
gmb,1975,5.033
gmb,1976,4.877
gmb,1977,4.726
gmb,1978,4.84
gmb,1979,4.562
gmb,1980,4.42
gmb,1981,4.454
gmb,1982,5.017
gmb,1983,5.288
gmb,1984,5.0
gmb,1985,5.138
gmb,1986,5.119
gmb,1987,5.084
gmb,1988,5.111
gmb,1989,5.396
gmb,1990,5.519
gmb,1991,5.471
gmb,1992,5.461
gmb,1993,5.453
gmb,1994,5.357
gmb,1995,5.23
gmb,1996,5.286
gmb,1997,5.371
gmb,1998,5.405
gmb,1999,5.617
gmb,2000,5.736
gmb,2001,5.918
gmb,2002,5.929
gmb,2003,5.878
gmb,2004,7.757
gmb,2005,6.058
gmb,2006,6.009
gmb,2007,6.118
gmb,2008,6.369
gmb,2009,7.295
gmb,2010,7.077
gmb,2011,6.409
gmb,2012,6.573
gmb,2013,6.718
gmb,2014,6.533
gmb,2015,6.789
gmb,2016,6.762
gmb,2017,6.848
gmb,2018,7.121
gmb,2019,7.378
gmb,2020,6.947
gmb,2021,7.338
gmb,2022,7.708
gmb,2023,7.695
gmb,2024,8.06
gmb,2025,8.516
gmb,2026,9.003
gmb,2027,9.378
gmb,2028,9.481
gmb,2029,9.528
gmb,2030,9.652
gmb,2031,9.68
gmb,2032,9.975
gmb,2033,10.278
gmb,2034,10.302
gmb,2035,10.613
gmb,2036,10.923
gmb,2037,10.943
gmb,2038,11.287
gmb,2039,11.622
gmb,2040,11.971
gmb,2041,11.991
gmb,2042,12.348
gmb,2043,12.717
gmb,2044,13.095
gmb,2045,13.121
gmb,2046,13.512
gmb,2047,13.916
gmb,2048,14.33
gmb,2049,14.334
gmb,2050,14.759
gmb,2051,15.195
gmb,2052,15.642
gmb,2053,15.646
gmb,2054,16.076
gmb,2055,16.544
gmb,2056,17.019
gmb,2057,17.522
gmb,2058,17.563
gmb,2059,18.071
gmb,2060,18.584
gmb,2061,19.116
gmb,2062,19.671
gmb,2063,20.236
gmb,2064,20.247
gmb,2065,20.798
gmb,2066,21.374
gmb,2067,21.975
gmb,2068,22.592
gmb,2069,23.224
gmb,2070,23.31
gmb,2071,23.959
gmb,2072,24.619
gmb,2073,25.313
gmb,2074,26.011
gmb,2075,26.685
gmb,2076,26.665
gmb,2077,27.391
gmb,2078,28.134
gmb,2079,28.894
gmb,2080,29.668
gmb,2081,30.438
gmb,2082,31.238
gmb,2083,32.075
gmb,2084,32.039
gmb,2085,32.853
gmb,2086,33.647
gmb,2087,34.502
gmb,2088,35.589
gmb,2089,36.611
gmb,2090,37.557
gmb,2091,38.425
gmb,2092,38.562
gmb,2093,39.526
gmb,2094,40.561
gmb,2095,41.613
gmb,2096,42.611
gmb,2097,43.583
gmb,2098,44.592
gmb,2099,44.409
gmb,2100,45.595
geo,1800,2.244
geo,1801,2.244
geo,1802,2.244
geo,1803,2.244
geo,1804,2.244
geo,1805,2.244
geo,1806,2.244
geo,1807,2.244
geo,1808,2.308
geo,1809,2.308
geo,1810,2.308
geo,1811,2.308
geo,1812,2.308
geo,1813,2.308
geo,1814,2.308
geo,1815,2.308
geo,1816,2.308
geo,1817,2.308
geo,1818,2.308
geo,1819,2.308
geo,1820,2.307
geo,1821,2.308
geo,1822,2.308
geo,1823,2.308
geo,1824,2.307
geo,1825,2.307
geo,1826,2.372
geo,1827,2.372
geo,1828,2.372
geo,1829,2.373
geo,1830,2.372
geo,1831,2.372
geo,1832,2.439
geo,1833,2.439
geo,1834,2.439
geo,1835,2.439
geo,1836,2.439
geo,1837,2.439
geo,1838,2.508
geo,1839,2.508
geo,1840,2.508
geo,1841,2.508
geo,1842,2.508
geo,1843,2.578
geo,1844,2.578
geo,1845,2.578
geo,1846,2.578
geo,1847,2.578
geo,1848,2.578
geo,1849,2.651
geo,1850,2.651
geo,1851,2.651
geo,1852,2.651
geo,1853,2.651
geo,1854,2.651
geo,1855,2.725
geo,1856,2.725
geo,1857,2.725
geo,1858,2.725
geo,1859,2.725
geo,1860,2.725
geo,1861,2.802
geo,1862,2.802
geo,1863,2.802
geo,1864,2.802
geo,1865,2.802
geo,1866,2.802
geo,1867,2.881
geo,1868,2.881
geo,1869,2.881
geo,1870,2.881
geo,1871,2.881
geo,1872,2.88
geo,1873,2.959
geo,1874,2.958
geo,1875,2.957
geo,1876,2.956
geo,1877,2.955
geo,1878,3.037
geo,1879,3.036
geo,1880,3.035
geo,1881,3.034
geo,1882,3.033
geo,1883,3.032
geo,1884,3.116
geo,1885,3.115
geo,1886,2.946
geo,1887,3.478
geo,1888,3.289
geo,1889,3.111
geo,1890,3.11
geo,1891,2.782
geo,1892,3.108
geo,1893,3.471
geo,1894,3.986
geo,1895,3.667
geo,1896,3.983
geo,1897,3.873
geo,1898,3.98
geo,1899,4.207
geo,1900,4.205
geo,1901,4.204
geo,1902,4.572
geo,1903,4.319
geo,1904,4.698
geo,1905,4.197
geo,1906,3.97
geo,1907,3.86
geo,1908,4.193
geo,1909,4.315
geo,1910,4.559
geo,1911,4.308
geo,1912,4.556
geo,1913,4.814
geo,1914,4.553
geo,1915,4.679
geo,1916,4.678
geo,1917,3.639
geo,1918,2.835
geo,1919,2.208
geo,1920,2.147
geo,1921,2.027
geo,1922,2.332
geo,1923,2.604
geo,1924,2.909
geo,1925,3.249
geo,1926,3.629
geo,1927,4.053
geo,1928,4.658
geo,1929,4.656
geo,1930,4.925
geo,1931,4.927
geo,1932,4.917
geo,1933,5.066
geo,1934,5.503
geo,1935,6.294
geo,1936,6.568
geo,1937,7.139
geo,1938,7.138
geo,1939,7.545
geo,1940,7.139
geo,1941,6.949
geo,1942,6.764
geo,1943,6.769
geo,1944,6.588
geo,1945,6.605
geo,1946,6.62
geo,1947,7.377
geo,1948,8.508
geo,1949,9.499
geo,1950,10.341
geo,1951,10.347
geo,1952,10.951
geo,1953,11.285
geo,1954,11.941
geo,1955,12.641
geo,1956,13.751
geo,1957,14.142
geo,1958,14.974
geo,1959,14.562
geo,1960,15.826
geo,1961,16.755
geo,1962,16.775
geo,1963,16.293
geo,1964,18.268
geo,1965,18.776
geo,1966,20.399
geo,1967,20.972
geo,1968,22.162
geo,1969,22.804
geo,1970,25.484
geo,1971,25.494
geo,1972,26.228
geo,1973,27.72
geo,1974,27.731
geo,1975,28.528
geo,1976,28.539
geo,1977,28.557
geo,1978,29.366
geo,1979,29.378
geo,1980,30.213
geo,1981,30.65
geo,1982,32.082
geo,1983,33.733
geo,1984,36.039
geo,1985,37.934
geo,1986,37.753
geo,1987,37.313
geo,1988,39.75
geo,1989,38.249
geo,1990,32.677
geo,1991,25.539
geo,1992,13.955
geo,1993,9.842
geo,1994,8.913
geo,1995,9.431
geo,1996,10.738
geo,1997,11.719
geo,1998,12.211
geo,1999,12.83
geo,2000,13.298
geo,2001,14.016
geo,2002,15.135
geo,2003,17.144
geo,2004,18.673
geo,2005,19.959
geo,2006,21.927
geo,2007,24.471
geo,2008,24.806
geo,2009,23.996
geo,2010,25.913
geo,2011,27.754
geo,2012,30.07
geo,2013,31.399
geo,2014,33.426
geo,2015,34.776
geo,2016,35.825
geo,2017,37.435
geo,2018,40.599
geo,2019,42.643
geo,2020,41.29
geo,2021,46.602
geo,2022,52.121
geo,2023,59.632
geo,2024,66.211
geo,2025,70.952
geo,2026,77.678
geo,2027,83.187
geo,2028,86.499
geo,2029,91.883
geo,2030,93.779
geo,2031,95.784
geo,2032,97.918
geo,2033,100.162
geo,2034,99.592
geo,2035,101.77
geo,2036,104.028
geo,2037,103.342
geo,2038,105.687
geo,2039,108.026
geo,2040,110.473
geo,2041,109.829
geo,2042,112.227
geo,2043,114.644
geo,2044,113.969
geo,2045,116.47
geo,2046,119.126
geo,2047,118.342
geo,2048,120.855
geo,2049,120.144
geo,2050,122.763
geo,2051,125.58
geo,2052,125.069
geo,2053,127.709
geo,2054,126.897
geo,2055,129.605
geo,2056,132.544
geo,2057,131.719
geo,2058,134.534
geo,2059,133.943
geo,2060,136.857
geo,2061,136.09
geo,2062,139.136
geo,2063,138.201
geo,2064,140.916
geo,2065,139.921
geo,2066,143.198
geo,2067,142.351
geo,2068,145.961
geo,2069,144.92
geo,2070,147.905
geo,2071,146.833
geo,2072,149.712
geo,2073,148.93
geo,2074,152.21
geo,2075,151.413
geo,2076,154.642
geo,2077,153.916
geo,2078,152.89
geo,2079,156.39
geo,2080,155.603
geo,2081,159.182
geo,2082,158.495
geo,2083,157.725
geo,2084,161.449
geo,2085,160.136
geo,2086,163.857
geo,2087,163.088
geo,2088,162.423
geo,2089,166.225
geo,2090,165.13
geo,2091,164.471
geo,2092,168.478
geo,2093,167.874
geo,2094,167.343
geo,2095,171.121
geo,2096,170.762
geo,2097,170.059
geo,2098,174.345
geo,2099,173.061
geo,2100,172.372
deu,1800,5.495
deu,1801,5.345
deu,1802,5.495
deu,1803,5.495
deu,1804,5.495
deu,1805,5.198
deu,1806,5.345
deu,1807,5.345
deu,1808,5.495
deu,1809,5.649
deu,1810,5.808
deu,1811,5.808
deu,1812,5.649
deu,1813,5.345
deu,1814,5.649
deu,1815,5.808
deu,1816,5.495
deu,1817,5.345
deu,1818,5.649
deu,1819,5.971
deu,1820,6.139
deu,1821,6.312
deu,1822,6.139
deu,1823,6.139
deu,1824,6.489
deu,1825,6.489
deu,1826,6.517
deu,1827,6.312
deu,1828,6.139
deu,1829,6.312
deu,1830,6.139
deu,1831,6.139
deu,1832,6.312
deu,1833,6.489
deu,1834,6.7
deu,1835,6.7
deu,1836,6.7
deu,1837,6.7
deu,1838,6.489
deu,1839,6.489
deu,1840,6.517
deu,1841,6.886
deu,1842,6.7
deu,1843,6.312
deu,1844,6.489
deu,1845,6.517
deu,1846,6.312
deu,1847,6.312
deu,1848,6.698
deu,1849,6.967
deu,1850,6.941
deu,1851,6.913
deu,1852,6.941
deu,1853,6.913
deu,1854,7.191
deu,1855,6.942
deu,1856,7.73
deu,1857,7.881
deu,1858,7.931
deu,1859,7.97
deu,1860,8.034
deu,1861,7.912
deu,1862,8.011
deu,1863,8.569
deu,1864,8.544
deu,1865,8.543
deu,1866,8.544
deu,1867,8.569
deu,1868,9.155
deu,1869,9.155
deu,1870,8.879
deu,1871,8.757
deu,1872,9.575
deu,1873,9.944
deu,1874,10.899
deu,1875,10.604
deu,1876,10.642
deu,1877,10.326
deu,1878,10.651
deu,1879,10.357
deu,1880,10.051
deu,1881,10.387
deu,1882,10.402
deu,1883,11.099
deu,1884,11.131
deu,1885,11.522
deu,1886,11.537
deu,1887,11.89
deu,1888,12.31
deu,1889,12.785
deu,1890,12.825
deu,1891,12.837
deu,1892,13.166
deu,1893,13.749
deu,1894,14.168
deu,1895,14.686
deu,1896,15.153
deu,1897,15.163
deu,1898,15.62
deu,1899,16.093
deu,1900,16.434
deu,1901,15.651
deu,1902,16.124
deu,1903,16.491
deu,1904,16.8
deu,1905,16.933
deu,1906,17.441
deu,1907,17.956
deu,1908,17.969
deu,1909,17.975
deu,1910,18.547
deu,1911,19.18
deu,1912,19.686
deu,1913,20.336
deu,1914,16.949
deu,1915,16.255
deu,1916,16.209
deu,1917,16.22
deu,1918,16.654
deu,1919,14.442
deu,1920,15.41
deu,1921,17.051
deu,1922,18.698
deu,1923,15.427
deu,1924,17.638
deu,1925,19.884
deu,1926,20.465
deu,1927,22.213
deu,1928,22.916
deu,1929,22.911
deu,1930,22.248
deu,1931,20.537
deu,1932,18.823
deu,1933,19.982
deu,1934,21.696
deu,1935,23.044
deu,1936,25.092
deu,1937,26.658
deu,1938,28.209
deu,1939,30.54
deu,1940,30.552
deu,1941,32.11
deu,1942,31.905
deu,1943,32.631
deu,1944,34.272
deu,1945,25.197
deu,1946,11.965
deu,1947,13.344
deu,1948,15.367
deu,1949,18.036
deu,1950,21.214
deu,1951,22.98
deu,1952,24.922
deu,1953,26.206
deu,1954,28.276
deu,1955,30.527
deu,1956,32.967
deu,1957,34.68
deu,1958,35.44
deu,1959,37.252
deu,1960,40.287
deu,1961,41.195
deu,1962,43.293
deu,1963,43.046
deu,1964,45.233
deu,1965,47.562
deu,1966,48.616
deu,1967,48.334
deu,1968,50.809
deu,1969,53.391
deu,1970,54.573
deu,1971,55.79
deu,1972,58.622
deu,1973,59.92
deu,1974,61.247
deu,1975,60.891
deu,1976,62.236
deu,1977,65.402
deu,1978,66.85
deu,1979,68.329
deu,1980,69.842
deu,1981,72.205
deu,1982,72.881
deu,1983,77.083
deu,1984,80.959
deu,1985,84.364
deu,1986,87.526
deu,1987,90.674
deu,1988,95.59
deu,1989,101.081
deu,1990,105.144
deu,1991,110.109
deu,1992,112.96
deu,1993,111.816
deu,1994,116.702
deu,1995,120.736
deu,1996,120.008
deu,1997,122.541
deu,1998,124.937
deu,1999,128.011
deu,2000,131.727
deu,2001,132.576
deu,2002,132.683
deu,2003,131.54
deu,2004,132.954
deu,2005,133.354
deu,2006,138.98
deu,2007,143.132
deu,2008,144.77
deu,2009,138.09
deu,2010,145.612
deu,2011,151.561
deu,2012,152.738
deu,2013,152.531
deu,2014,156.275
deu,2015,156.657
deu,2016,160.554
deu,2017,164.851
deu,2018,165.022
deu,2019,167.45
deu,2020,158.252
deu,2021,163.225
deu,2022,164.484
deu,2023,163.999
deu,2024,163.422
deu,2025,165.211
deu,2026,174.813
deu,2027,177.477
deu,2028,183.858
deu,2029,184.609
deu,2030,191.021
deu,2031,189.762
deu,2032,188.477
deu,2033,192.483
deu,2034,191.245
deu,2035,190.012
deu,2036,194.112
deu,2037,192.898
deu,2038,191.652
deu,2039,195.83
deu,2040,194.66
deu,2041,193.518
deu,2042,197.808
deu,2043,196.685
deu,2044,195.584
deu,2045,199.978
deu,2046,198.898
deu,2047,197.843
deu,2048,196.813
deu,2049,201.308
deu,2050,200.279
deu,2051,199.289
deu,2052,198.322
deu,2053,203.083
deu,2054,202.138
deu,2055,201.208
deu,2056,200.305
deu,2057,205.17
deu,2058,204.285
deu,2059,203.423
deu,2060,202.581
deu,2061,201.758
deu,2062,206.603
deu,2063,205.778
deu,2064,204.989
deu,2065,204.218
deu,2066,203.159
deu,2067,208.109
deu,2068,207.365
deu,2069,206.62
deu,2070,205.91
deu,2071,205.217
deu,2072,210.289
deu,2073,209.608
deu,2074,208.946
deu,2075,208.343
deu,2076,207.71
deu,2077,207.092
deu,2078,206.486
deu,2079,211.683
deu,2080,211.09
deu,2081,210.51
deu,2082,209.946
deu,2083,209.394
deu,2084,208.855
deu,2085,208.477
deu,2086,213.811
deu,2087,213.189
deu,2088,212.688
deu,2089,212.2
deu,2090,211.722
deu,2091,211.258
deu,2092,210.802
deu,2093,210.359
deu,2094,210.007
deu,2095,215.475
deu,2096,215.066
deu,2097,215.08
deu,2098,214.682
deu,2099,214.293
deu,2100,213.914
gha,1800,2.234
gha,1801,2.234
gha,1802,2.234
gha,1803,2.234
gha,1804,2.234
gha,1805,2.234
gha,1806,2.234
gha,1807,2.234
gha,1808,2.234
gha,1809,2.234
gha,1810,2.234
gha,1811,2.233
gha,1812,2.233
gha,1813,2.234
gha,1814,2.234
gha,1815,2.234
gha,1816,2.234
gha,1817,2.234
gha,1818,2.234
gha,1819,2.234
gha,1820,2.234
gha,1821,2.234
gha,1822,2.234
gha,1823,2.234
gha,1824,2.233
gha,1825,2.234
gha,1826,2.234
gha,1827,2.234
gha,1828,2.234
gha,1829,2.234
gha,1830,2.234
gha,1831,2.234
gha,1832,2.296
gha,1833,2.296
gha,1834,2.296
gha,1835,2.296
gha,1836,2.296
gha,1837,2.296
gha,1838,2.297
gha,1839,2.296
gha,1840,2.296
gha,1841,2.296
gha,1842,2.296
gha,1843,2.298
gha,1844,2.298
gha,1845,2.298
gha,1846,2.298
gha,1847,2.298
gha,1848,2.298
gha,1849,2.298
gha,1850,2.298
gha,1851,2.298
gha,1852,2.298
gha,1853,2.298
gha,1854,2.298
gha,1855,2.298
gha,1856,2.298
gha,1857,2.298
gha,1858,2.298
gha,1859,2.298
gha,1860,2.298
gha,1861,2.298
gha,1862,2.298
gha,1863,2.298
gha,1864,2.298
gha,1865,2.298
gha,1866,2.298
gha,1867,2.363
gha,1868,2.363
gha,1869,2.363
gha,1870,2.363
gha,1871,2.363
gha,1872,2.36
gha,1873,2.357
gha,1874,2.354
gha,1875,2.351
gha,1876,2.349
gha,1877,2.346
gha,1878,2.409
gha,1879,2.406
gha,1880,2.404
gha,1881,2.402
gha,1882,2.399
gha,1883,2.396
gha,1884,2.394
gha,1885,2.458
gha,1886,2.455
gha,1887,2.452
gha,1888,2.449
gha,1889,2.447
gha,1890,2.444
gha,1891,2.441
gha,1892,2.507
gha,1893,2.504
gha,1894,2.501
gha,1895,2.498
gha,1896,2.427
gha,1897,2.425
gha,1898,2.422
gha,1899,2.419
gha,1900,2.35
gha,1901,2.283
gha,1902,2.346
gha,1903,2.409
gha,1904,2.544
gha,1905,2.612
gha,1906,2.758
gha,1907,2.832
gha,1908,2.909
gha,1909,3.071
gha,1910,3.068
gha,1911,3.626
gha,1912,3.622
gha,1913,3.824
gha,1914,3.715
gha,1915,4.383
gha,1916,4.142
gha,1917,4.496
gha,1918,3.598
gha,1919,6.434
gha,1920,5.007
gha,1921,5.002
gha,1922,5.901
gha,1923,6.231
gha,1924,6.77
gha,1925,6.577
gha,1926,6.755
gha,1927,6.205
gha,1928,6.377
gha,1929,6.55
gha,1930,5.536
gha,1931,5.685
gha,1932,5.839
gha,1933,5.997
gha,1934,6.159
gha,1935,6.326
gha,1936,6.5
gha,1937,6.676
gha,1938,6.133
gha,1939,5.959
gha,1940,5.79
gha,1941,5.594
gha,1942,5.405
gha,1943,5.222
gha,1944,5.045
gha,1945,5.012
gha,1946,4.215
gha,1947,3.645
gha,1948,3.827
gha,1949,4.132
gha,1950,4.847
gha,1951,4.95
gha,1952,4.917
gha,1953,5.458
gha,1954,5.894
gha,1955,5.386
gha,1956,5.657
gha,1957,5.464
gha,1958,5.428
gha,1959,5.861
gha,1960,5.986
gha,1961,6.113
gha,1962,6.075
gha,1963,6.209
gha,1964,6.001
gha,1965,5.964
gha,1966,5.765
gha,1967,5.73
gha,1968,5.539
gha,1969,5.66
gha,1970,6.114
gha,1971,6.248
gha,1972,5.874
gha,1973,5.838
gha,1974,6.133
gha,1975,5.16
gha,1976,4.851
gha,1977,4.822
gha,1978,5.208
gha,1979,4.897
gha,1980,4.734
gha,1981,4.747
gha,1982,4.426
gha,1983,4.102
gha,1984,4.402
gha,1985,4.646
gha,1986,4.842
gha,1987,5.075
gha,1988,5.373
gha,1989,5.54
gha,1990,5.66
gha,1991,5.776
gha,1992,5.815
gha,1993,6.065
gha,1994,6.268
gha,1995,6.434
gha,1996,6.736
gha,1997,6.863
gha,1998,7.209
gha,1999,7.277
gha,2000,7.309
gha,2001,7.303
gha,2002,7.297
gha,2003,7.425
gha,2004,7.413
gha,2005,7.608
gha,2006,7.773
gha,2007,7.843
gha,2008,8.388
gha,2009,8.549
gha,2010,9.0
gha,2011,10.004
gha,2012,10.638
gha,2013,11.184
gha,2014,11.297
gha,2015,11.385
gha,2016,11.522
gha,2017,12.129
gha,2018,12.543
gha,2019,13.225
gha,2020,13.107
gha,2021,13.523
gha,2022,13.688
gha,2023,14.225
gha,2024,15.078
gha,2025,15.68
gha,2026,16.907
gha,2027,17.247
gha,2028,17.987
gha,2029,18.639
gha,2030,19.378
gha,2031,19.952
gha,2032,20.536
gha,2033,21.155
gha,2034,21.168
gha,2035,21.798
gha,2036,22.426
gha,2037,23.088
gha,2038,23.759
gha,2039,24.44
gha,2040,25.151
gha,2041,25.146
gha,2042,25.875
gha,2043,26.614
gha,2044,27.378
gha,2045,28.174
gha,2046,28.931
gha,2047,29.727
gha,2048,30.588
gha,2049,30.637
gha,2050,31.542
gha,2051,32.471
gha,2052,33.422
gha,2053,34.346
gha,2054,35.236
gha,2055,36.217
gha,2056,37.059
gha,2057,37.026
gha,2058,38.121
gha,2059,39.108
gha,2060,40.075
gha,2061,41.221
gha,2062,42.325
gha,2063,43.529
gha,2064,43.468
gha,2065,44.492
gha,2066,45.708
gha,2067,46.904
gha,2068,48.231
gha,2069,49.352
gha,2070,50.675
gha,2071,50.53
gha,2072,52.148
gha,2073,53.332
gha,2074,54.76
gha,2075,56.175
gha,2076,56.004
gha,2077,57.363
gha,2078,58.936
gha,2079,60.443
gha,2080,61.752
gha,2081,61.402
gha,2082,62.865
gha,2083,64.769
gha,2084,66.03
gha,2085,67.494
gha,2086,66.983
gha,2087,68.599
gha,2088,70.213
gha,2089,71.792
gha,2090,71.554
gha,2091,73.32
gha,2092,75.178
gha,2093,74.572
gha,2094,76.402
gha,2095,78.125
gha,2096,80.155
gha,2097,80.273
gha,2098,82.119
gha,2099,83.914
gha,2100,83.863
grc,1800,3.436
grc,1801,3.436
grc,1802,3.436
grc,1803,3.436
grc,1804,3.533
grc,1805,3.533
grc,1806,3.533
grc,1807,3.632
grc,1808,3.632
grc,1809,3.632
grc,1810,3.632
grc,1811,3.734
grc,1812,3.734
grc,1813,3.734
grc,1814,3.734
grc,1815,3.839
grc,1816,3.839
grc,1817,3.839
grc,1818,3.839
grc,1819,3.947
grc,1820,3.947
grc,1821,3.947
grc,1822,4.058
grc,1823,4.058
grc,1824,4.172
grc,1825,4.172
grc,1826,4.29
grc,1827,4.29
grc,1828,4.41
grc,1829,4.41
grc,1830,4.534
grc,1831,4.534
grc,1832,4.662
grc,1833,4.662
grc,1834,4.927
grc,1835,6.548
grc,1836,6.324
grc,1837,6.502
grc,1838,6.978
grc,1839,6.151
grc,1840,5.819
grc,1841,5.819
grc,1842,5.983
grc,1843,5.066
grc,1844,4.927
grc,1845,4.662
grc,1846,5.208
grc,1847,4.41
grc,1848,4.793
grc,1849,4.793
grc,1850,4.928
grc,1851,5.983
grc,1852,5.066
grc,1853,5.505
grc,1854,5.819
grc,1855,6.151
grc,1856,5.355
grc,1857,6.958
grc,1858,6.782
grc,1859,6.596
grc,1860,6.548
grc,1861,6.978
grc,1862,7.009
grc,1863,6.151
grc,1864,5.66
grc,1865,5.983
grc,1866,5.819
grc,1867,6.151
grc,1868,6.151
grc,1869,6.151
grc,1870,5.983
grc,1871,5.676
grc,1872,5.572
grc,1873,6.535
grc,1874,6.118
grc,1875,5.758
grc,1876,6.416
grc,1877,4.87
grc,1878,5.135
grc,1879,5.325
grc,1880,5.641
grc,1881,5.599
grc,1882,8.924
grc,1883,8.377
grc,1884,8.062
grc,1885,7.708
grc,1886,8.261
grc,1887,8.489
grc,1888,8.685
grc,1889,8.066
grc,1890,7.608
grc,1891,6.574
grc,1892,6.315
grc,1893,6.629
grc,1894,6.804
grc,1895,6.439
grc,1896,7.297
grc,1897,6.177
grc,1898,7.353
grc,1899,7.401
grc,1900,6.631
grc,1901,6.483
grc,1902,8.27
grc,1903,7.98
grc,1904,8.496
grc,1905,8.722
grc,1906,8.486
grc,1907,8.738
grc,1908,8.491
grc,1909,8.281
grc,1910,8.223
grc,1911,10.124
grc,1912,9.953
grc,1913,6.088
grc,1914,7.864
grc,1915,6.315
grc,1916,5.573
grc,1917,5.095
grc,1918,8.382
grc,1919,7.508
grc,1920,8.655
grc,1921,11.893
grc,1922,12.104
grc,1923,11.627
grc,1924,11.379
grc,1925,11.685
grc,1926,11.953
grc,1927,11.951
grc,1928,11.948
grc,1929,12.619
grc,1930,12.326
grc,1931,11.907
grc,1932,12.813
grc,1933,13.569
grc,1934,14.136
grc,1935,14.594
grc,1936,14.169
grc,1937,14.967
grc,1938,13.945
grc,1939,13.555
grc,1940,11.428
grc,1941,9.705
grc,1942,8.37
grc,1943,7.036
grc,1944,5.903
grc,1945,4.983
grc,1946,7.293
grc,1947,9.192
grc,1948,9.393
grc,1949,9.868
grc,1950,10.091
grc,1951,10.866
grc,1952,10.833
grc,1953,12.037
grc,1954,12.204
grc,1955,13.578
grc,1956,14.033
grc,1957,14.516
grc,1958,15.376
grc,1959,15.809
grc,1960,16.151
grc,1961,17.355
grc,1962,17.662
grc,1963,19.752
grc,1964,21.343
grc,1965,23.61
grc,1966,24.727
grc,1967,25.238
grc,1968,27.287
grc,1969,30.226
grc,1970,32.73
grc,1971,34.559
grc,1972,38.556
grc,1973,40.558
grc,1974,37.796
grc,1975,39.637
grc,1976,41.637
grc,1977,42.565
grc,1978,44.762
grc,1979,45.697
grc,1980,45.403
grc,1981,46.923
grc,1982,48.068
grc,1983,49.065
grc,1984,50.82
grc,1985,53.392
grc,1986,53.862
grc,1987,53.843
grc,1988,57.808
grc,1989,61.499
grc,1990,62.036
grc,1991,63.939
grc,1992,63.927
grc,1993,63.205
grc,1994,64.031
grc,1995,65.939
grc,1996,67.283
grc,1997,70.722
grc,1998,73.514
grc,1999,77.162
grc,2000,79.839
grc,2001,83.451
grc,2002,89.195
grc,2003,90.722
grc,2004,94.27
grc,2005,93.231
grc,2006,99.643
grc,2007,104.598
grc,2008,105.967
grc,2009,101.802
grc,2010,94.839
grc,2011,87.425
grc,2012,79.194
grc,2013,76.508
grc,2014,78.715
grc,2015,78.32
grc,2016,78.884
grc,2017,81.26
grc,2018,82.384
grc,2019,85.981
grc,2020,77.579
grc,2021,85.546
grc,2022,82.227
grc,2023,86.324
grc,2024,87.81
grc,2025,91.817
grc,2026,97.949
grc,2027,102.095
grc,2028,103.253
grc,2029,106.74
grc,2030,108.103
grc,2031,110.265
grc,2032,109.625
grc,2033,112.191
grc,2034,114.714
grc,2035,114.181
grc,2036,116.76
grc,2037,116.119
grc,2038,118.746
grc,2039,118.116
grc,2040,120.999
grc,2041,120.374
grc,2042,123.123
grc,2043,122.495
grc,2044,125.301
grc,2045,124.671
grc,2046,127.537
grc,2047,126.966
grc,2048,129.896
grc,2049,129.16
grc,2050,132.149
grc,2051,131.743
grc,2052,134.758
grc,2053,134.13
grc,2054,137.227
grc,2055,136.598
grc,2056,139.802
grc,2057,139.175
grc,2058,138.557
grc,2059,141.828
grc,2060,141.213
grc,2061,144.56
grc,2062,143.947
grc,2063,143.345
grc,2064,146.765
grc,2065,146.165
grc,2066,145.575
grc,2067,148.964
grc,2068,148.377
grc,2069,151.953
grc,2070,151.369
grc,2071,150.668
grc,2072,155.081
grc,2073,154.522
grc,2074,153.973
grc,2075,153.432
grc,2076,158.022
grc,2077,157.663
grc,2078,157.152
grc,2079,161.055
grc,2080,160.449
grc,2081,159.951
grc,2082,159.465
grc,2083,163.457
grc,2084,162.976
grc,2085,162.504
grc,2086,166.596
grc,2087,165.736
grc,2088,165.273
grc,2089,164.82
grc,2090,164.565
grc,2091,168.325
grc,2092,167.885
grc,2093,167.453
grc,2094,167.03
grc,2095,171.384
grc,2096,171.129
grc,2097,170.816
grc,2098,170.42
grc,2099,170.052
grc,2100,174.758
grd,1800,2.632
grd,1801,2.632
grd,1802,2.632
grd,1803,2.632
grd,1804,2.632
grd,1805,2.632
grd,1806,2.632
grd,1807,2.706
grd,1808,2.706
grd,1809,2.706
grd,1810,2.706
grd,1811,2.706
grd,1812,2.706
grd,1813,2.706
grd,1814,2.706
grd,1815,2.706
grd,1816,2.706
grd,1817,2.706
grd,1818,2.706
grd,1819,2.706
grd,1820,2.706
grd,1821,2.706
grd,1822,2.699
grd,1823,2.699
grd,1824,2.699
grd,1825,2.699
grd,1826,2.7
grd,1827,2.775
grd,1828,2.775
grd,1829,2.776
grd,1830,2.775
grd,1831,2.775
grd,1832,2.775
grd,1833,2.853
grd,1834,2.853
grd,1835,2.853
grd,1836,2.853
grd,1837,2.853
grd,1838,2.853
grd,1839,2.854
grd,1840,2.933
grd,1841,2.933
grd,1842,2.934
grd,1843,2.982
grd,1844,2.982
grd,1845,2.931
grd,1846,3.013
grd,1847,3.013
grd,1848,3.013
grd,1849,3.014
grd,1850,3.013
grd,1851,3.013
grd,1852,3.014
grd,1853,3.098
grd,1854,3.099
grd,1855,3.098
grd,1856,3.099
grd,1857,3.099
grd,1858,3.099
grd,1859,3.186
grd,1860,3.185
grd,1861,3.185
grd,1862,3.186
grd,1863,3.185
grd,1864,3.186
grd,1865,3.186
grd,1866,3.275
grd,1867,3.275
grd,1868,3.276
grd,1869,3.275
grd,1870,3.268
grd,1871,3.269
grd,1872,3.356
grd,1873,3.399
grd,1874,3.396
grd,1875,3.391
grd,1876,3.386
grd,1877,3.361
grd,1878,3.35
grd,1879,3.432
grd,1880,3.427
grd,1881,3.416
grd,1882,3.412
grd,1883,3.407
grd,1884,3.391
grd,1885,3.472
grd,1886,3.46
grd,1887,3.456
grd,1888,3.451
grd,1889,3.439
grd,1890,3.434
grd,1891,3.43
grd,1892,3.71
grd,1893,3.74
grd,1894,3.732
grd,1895,3.815
grd,1896,3.842
grd,1897,3.915
grd,1898,4.073
grd,1899,4.263
grd,1900,4.246
grd,1901,4.23
grd,1902,4.381
grd,1903,4.445
grd,1904,4.87
grd,1905,5.061
grd,1906,5.033
grd,1907,5.003
grd,1908,4.974
grd,1909,4.946
grd,1910,4.918
grd,1911,4.888
grd,1912,4.996
grd,1913,4.967
grd,1914,4.938
grd,1915,4.908
grd,1916,4.879
grd,1917,4.851
grd,1918,4.958
grd,1919,4.928
grd,1920,4.899
grd,1921,4.901
grd,1922,4.872
grd,1923,4.842
grd,1924,4.812
grd,1925,4.917
grd,1926,4.887
grd,1927,4.888
grd,1928,4.858
grd,1929,4.827
grd,1930,4.797
grd,1931,4.768
grd,1932,4.897
grd,1933,4.866
grd,1934,4.835
grd,1935,4.804
grd,1936,4.774
grd,1937,4.744
grd,1938,4.714
grd,1939,4.816
grd,1940,4.785
grd,1941,4.72
grd,1942,4.656
grd,1943,4.592
grd,1944,4.53
grd,1945,4.467
grd,1946,4.407
grd,1947,4.346
grd,1948,4.288
grd,1949,4.229
grd,1950,4.172
grd,1951,4.231
grd,1952,4.292
grd,1953,4.361
grd,1954,4.302
grd,1955,4.363
grd,1956,4.434
grd,1957,4.497
grd,1958,4.436
grd,1959,4.499
grd,1960,4.56
grd,1961,4.624
grd,1962,4.58
grd,1963,4.66
grd,1964,4.745
grd,1965,4.822
grd,1966,4.901
grd,1967,4.987
grd,1968,4.935
grd,1969,5.02
grd,1970,5.104
grd,1971,5.465
grd,1972,5.851
grd,1973,6.269
grd,1974,6.557
grd,1975,6.864
grd,1976,7.6
grd,1977,7.966
grd,1978,8.587
grd,1979,9.002
grd,1980,8.928
grd,1981,9.209
grd,1982,9.785
grd,1983,10.039
grd,1984,10.514
grd,1985,11.263
grd,1986,12.542
grd,1987,14.024
grd,1988,14.141
grd,1989,15.447
grd,1990,16.634
grd,1991,17.073
grd,1992,15.973
grd,1993,15.765
grd,1994,16.243
grd,1995,15.872
grd,1996,16.703
grd,1997,17.721
grd,1998,19.547
grd,1999,21.302
grd,2000,22.152
grd,2001,21.418
grd,2002,21.859
grd,2003,24.085
grd,2004,23.985
grd,2005,26.873
grd,2006,25.628
grd,2007,26.777
grd,2008,26.139
grd,2009,24.904
grd,2010,24.838
grd,2011,24.972
grd,2012,24.922
grd,2013,24.966
grd,2014,26.827
grd,2015,27.957
grd,2016,29.779
grd,2017,30.717
grd,2018,32.137
grd,2019,31.699
grd,2020,28.745
grd,2021,29.631
grd,2022,32.184
grd,2023,33.977
grd,2024,34.991
grd,2025,36.306
grd,2026,39.114
grd,2027,40.835
grd,2028,42.628
grd,2029,44.305
grd,2030,45.509
grd,2031,46.728
grd,2032,46.727
grd,2033,47.942
grd,2034,49.193
grd,2035,50.531
grd,2036,51.825
grd,2037,51.669
grd,2038,53.032
grd,2039,54.413
grd,2040,55.804
grd,2041,55.743
grd,2042,57.226
grd,2043,58.721
grd,2044,60.297
grd,2045,60.128
grd,2046,61.663
grd,2047,63.26
grd,2048,64.914
grd,2049,64.775
grd,2050,66.502
grd,2051,68.24
grd,2052,69.941
grd,2053,69.78
grd,2054,71.593
grd,2055,73.449
grd,2056,73.286
grd,2057,75.205
grd,2058,77.082
grd,2059,76.923
grd,2060,78.902
grd,2061,80.918
grd,2062,80.792
grd,2063,82.799
grd,2064,82.612
grd,2065,84.735
grd,2066,86.791
grd,2067,86.567
grd,2068,88.723
grd,2069,88.511
grd,2070,90.763
grd,2071,93.105
grd,2072,92.585
grd,2073,94.958
grd,2074,94.607
grd,2075,96.987
grd,2076,96.749
grd,2077,99.235
grd,2078,98.898
grd,2079,101.499
grd,2080,101.589
grd,2081,104.121
grd,2082,103.613
grd,2083,106.278
grd,2084,106.135
grd,2085,108.891
grd,2086,108.641
grd,2087,111.081
grd,2088,111.227
grd,2089,114.099
grd,2090,113.982
grd,2091,116.72
grd,2092,116.485
grd,2093,116.245
grd,2094,119.279
grd,2095,119.005
grd,2096,122.28
grd,2097,121.629
grd,2098,121.328
grd,2099,124.377
grd,2100,123.739
gtm,1800,3.02
gtm,1801,3.02
gtm,1802,3.02
gtm,1803,3.02
gtm,1804,3.02
gtm,1805,3.02
gtm,1806,3.02
gtm,1807,3.02
gtm,1808,3.02
gtm,1809,3.02
gtm,1810,3.021
gtm,1811,3.02
gtm,1812,3.02
gtm,1813,3.02
gtm,1814,3.02
gtm,1815,3.02
gtm,1816,3.02
gtm,1817,3.02
gtm,1818,3.02
gtm,1819,3.02
gtm,1820,3.02
gtm,1821,3.02
gtm,1822,3.105
gtm,1823,3.105
gtm,1824,3.105
gtm,1825,3.105
gtm,1826,3.192
gtm,1827,3.192
gtm,1828,3.192
gtm,1829,3.282
gtm,1830,3.282
gtm,1831,3.282
gtm,1832,3.375
gtm,1833,3.375
gtm,1834,3.375
gtm,1835,3.375
gtm,1836,3.469
gtm,1837,3.469
gtm,1838,3.47
gtm,1839,3.567
gtm,1840,3.567
gtm,1841,3.567
gtm,1842,3.567
gtm,1843,3.667
gtm,1844,3.667
gtm,1845,3.667
gtm,1846,3.77
gtm,1847,3.77
gtm,1848,3.77
gtm,1849,3.876
gtm,1850,3.876
gtm,1851,3.876
gtm,1852,3.876
gtm,1853,3.985
gtm,1854,3.985
gtm,1855,3.985
gtm,1856,4.097
gtm,1857,4.097
gtm,1858,4.097
gtm,1859,4.097
gtm,1860,4.213
gtm,1861,4.213
gtm,1862,4.213
gtm,1863,4.331
gtm,1864,4.331
gtm,1865,4.331
gtm,1866,4.453
gtm,1867,4.453
gtm,1868,4.453
gtm,1869,4.453
gtm,1870,4.578
gtm,1871,4.578
gtm,1872,4.577
gtm,1873,4.704
gtm,1874,4.703
gtm,1875,4.731
gtm,1876,4.729
gtm,1877,4.861
gtm,1878,4.859
gtm,1879,4.858
gtm,1880,4.993
gtm,1881,4.991
gtm,1882,4.99
gtm,1883,5.128
gtm,1884,5.127
gtm,1885,5.125
gtm,1886,5.123
gtm,1887,5.266
gtm,1888,5.249
gtm,1889,5.248
gtm,1890,5.379
gtm,1891,5.353
gtm,1892,5.348
gtm,1893,5.333
gtm,1894,5.475
gtm,1895,5.459
gtm,1896,5.443
gtm,1897,5.639
gtm,1898,5.628
gtm,1899,5.687
gtm,1900,5.697
gtm,1901,5.848
gtm,1902,5.86
gtm,1903,6.07
gtm,1904,6.163
gtm,1905,6.262
gtm,1906,6.292
gtm,1907,6.629
gtm,1908,6.835
gtm,1909,6.977
gtm,1910,7.019
gtm,1911,7.315
gtm,1912,7.348
gtm,1913,7.653
gtm,1914,7.683
gtm,1915,7.08
gtm,1916,6.614
gtm,1917,6.265
gtm,1918,6.039
gtm,1919,6.047
gtm,1920,6.011
gtm,1921,6.494
gtm,1922,6.143
gtm,1923,6.709
gtm,1924,7.081
gtm,1925,6.86
gtm,1926,6.732
gtm,1927,7.018
gtm,1928,7.232
gtm,1929,7.879
gtm,1930,8.164
gtm,1931,7.531
gtm,1932,6.437
gtm,1933,6.441
gtm,1934,7.214
gtm,1935,8.083
gtm,1936,10.934
gtm,1937,10.37
gtm,1938,10.688
gtm,1939,11.604
gtm,1940,12.999
gtm,1941,13.351
gtm,1942,13.338
gtm,1943,8.577
gtm,1944,8.334
gtm,1945,8.097
gtm,1946,9.553
gtm,1947,9.309
gtm,1948,9.354
gtm,1949,9.935
gtm,1950,10.237
gtm,1951,9.947
gtm,1952,9.797
gtm,1953,9.83
gtm,1954,9.498
gtm,1955,9.472
gtm,1956,9.984
gtm,1957,10.079
gtm,1958,9.985
gtm,1959,10.274
gtm,1960,10.142
gtm,1961,10.45
gtm,1962,10.441
gtm,1963,10.998
gtm,1964,10.96
gtm,1965,11.229
gtm,1966,11.509
gtm,1967,11.791
gtm,1968,12.42
gtm,1969,12.718
gtm,1970,12.988
gtm,1971,13.3
gtm,1972,14.002
gtm,1973,14.271
gtm,1974,14.634
gtm,1975,14.607
gtm,1976,15.407
gtm,1977,16.248
gtm,1978,16.208
gtm,1979,16.624
gtm,1980,17.051
gtm,1981,17.205
gtm,1982,16.783
gtm,1983,16.321
gtm,1984,16.306
gtm,1985,16.081
gtm,1986,15.851
gtm,1987,15.897
gtm,1988,15.574
gtm,1989,15.603
gtm,1990,16.579
gtm,1991,17.092
gtm,1992,18.004
gtm,1993,18.699
gtm,1994,19.347
gtm,1995,20.195
gtm,1996,20.621
gtm,1997,21.424
gtm,1998,22.363
gtm,1999,20.914
gtm,2000,19.912
gtm,2001,20.133
gtm,2002,20.667
gtm,2003,20.807
gtm,2004,21.044
gtm,2005,20.871
gtm,2006,21.921
gtm,2007,22.933
gtm,2008,23.255
gtm,2009,23.521
gtm,2010,23.932
gtm,2011,24.862
gtm,2012,25.455
gtm,2013,26.492
gtm,2014,27.979
gtm,2015,27.808
gtm,2016,27.106
gtm,2017,26.875
gtm,2018,26.741
gtm,2019,26.915
gtm,2020,25.484
gtm,2021,26.176
gtm,2022,26.399
gtm,2023,26.741
gtm,2024,27.657
gtm,2025,29.542
gtm,2026,30.899
gtm,2027,32.38
gtm,2028,33.761
gtm,2029,35.001
gtm,2030,36.351
gtm,2031,37.399
gtm,2032,38.444
gtm,2033,39.504
gtm,2034,40.611
gtm,2035,40.619
gtm,2036,41.794
gtm,2037,42.973
gtm,2038,44.206
gtm,2039,45.352
gtm,2040,46.763
gtm,2041,48.268
gtm,2042,48.197
gtm,2043,49.551
gtm,2044,50.834
gtm,2045,51.701
gtm,2046,53.057
gtm,2047,54.036
gtm,2048,53.709
gtm,2049,54.668
gtm,2050,56.009
gtm,2051,57.213
gtm,2052,58.562
gtm,2053,60.276
gtm,2054,60.311
gtm,2055,62.254
gtm,2056,64.168
gtm,2057,65.701
gtm,2058,67.955
gtm,2059,67.991
gtm,2060,69.572
gtm,2061,71.481
gtm,2062,73.383
gtm,2063,73.227
gtm,2064,75.008
gtm,2065,76.722
gtm,2066,79.062
gtm,2067,78.972
gtm,2068,80.936
gtm,2069,82.585
gtm,2070,84.689
gtm,2071,84.281
gtm,2072,85.584
gtm,2073,88.082
gtm,2074,90.1
gtm,2075,89.675
gtm,2076,91.073
gtm,2077,92.984
gtm,2078,92.485
gtm,2079,94.608
gtm,2080,96.445
gtm,2081,94.666
gtm,2082,95.342
gtm,2083,97.669
gtm,2084,96.101
gtm,2085,98.156
gtm,2086,97.483
gtm,2087,99.58
gtm,2088,101.906
gtm,2089,100.9
gtm,2090,102.948
gtm,2091,102.779
gtm,2092,104.852
gtm,2093,107.366
gtm,2094,106.868
gtm,2095,109.692
gtm,2096,108.766
gtm,2097,111.488
gtm,2098,110.065
gtm,2099,112.653
gtm,2100,112.136
gin,1800,1.276
gin,1801,1.276
gin,1802,1.276
gin,1803,1.276
gin,1804,1.276
gin,1805,1.276
gin,1806,1.276
gin,1807,1.276
gin,1808,1.276
gin,1809,1.276
gin,1810,1.276
gin,1811,1.276
gin,1812,1.276
gin,1813,1.276
gin,1814,1.276
gin,1815,1.276
gin,1816,1.276
gin,1817,1.276
gin,1818,1.276
gin,1819,1.276
gin,1820,1.276
gin,1821,1.276
gin,1822,1.276
gin,1823,1.276
gin,1824,1.276
gin,1825,1.276
gin,1826,1.276
gin,1827,1.276
gin,1828,1.276
gin,1829,1.276
gin,1830,1.276
gin,1831,1.276
gin,1832,1.276
gin,1833,1.276
gin,1834,1.276
gin,1835,1.276
gin,1836,1.276
gin,1837,1.276
gin,1838,1.276
gin,1839,1.276
gin,1840,1.276
gin,1841,1.276
gin,1842,1.276
gin,1843,1.276
gin,1844,1.276
gin,1845,1.276
gin,1846,1.276
gin,1847,1.276
gin,1848,1.276
gin,1849,1.276
gin,1850,1.276
gin,1851,1.276
gin,1852,1.276
gin,1853,1.276
gin,1854,1.276
gin,1855,1.276
gin,1856,1.276
gin,1857,1.276
gin,1858,1.276
gin,1859,1.276
gin,1860,1.276
gin,1861,1.276
gin,1862,1.276
gin,1863,1.276
gin,1864,1.276
gin,1865,1.276
gin,1866,1.276
gin,1867,1.276
gin,1868,1.276
gin,1869,1.276
gin,1870,1.276
gin,1871,1.276
gin,1872,1.279
gin,1873,1.282
gin,1874,1.285
gin,1875,1.288
gin,1876,1.29
gin,1877,1.33
gin,1878,1.333
gin,1879,1.336
gin,1880,1.339
gin,1881,1.342
gin,1882,1.346
gin,1883,1.349
gin,1884,1.39
gin,1885,1.394
gin,1886,1.397
gin,1887,1.4
gin,1888,1.404
gin,1889,1.407
gin,1890,1.411
gin,1891,1.454
gin,1892,1.457
gin,1893,1.461
gin,1894,1.465
gin,1895,1.468
gin,1896,1.472
gin,1897,1.476
gin,1898,1.521
gin,1899,1.525
gin,1900,1.529
gin,1901,1.533
gin,1902,1.537
gin,1903,1.541
gin,1904,1.545
gin,1905,1.592
gin,1906,1.596
gin,1907,1.6
gin,1908,1.605
gin,1909,1.608
gin,1910,1.612
gin,1911,1.616
gin,1912,1.666
gin,1913,1.67
gin,1914,1.675
gin,1915,1.679
gin,1916,1.683
gin,1917,1.688
gin,1918,1.692
gin,1919,1.745
gin,1920,1.749
gin,1921,1.754
gin,1922,1.759
gin,1923,1.764
gin,1924,1.768
gin,1925,1.773
gin,1926,1.828
gin,1927,1.833
gin,1928,1.838
gin,1929,1.843
gin,1930,1.848
gin,1931,1.853
gin,1932,1.858
gin,1933,1.916
gin,1934,1.921
gin,1935,1.927
gin,1936,1.932
gin,1937,1.937
gin,1938,1.943
gin,1939,1.948
gin,1940,2.009
gin,1941,2.02
gin,1942,2.031
gin,1943,2.099
gin,1944,2.11
gin,1945,2.181
gin,1946,2.193
gin,1947,2.267
gin,1948,2.28
gin,1949,2.357
gin,1950,2.37
gin,1951,2.518
gin,1952,2.603
gin,1953,2.69
gin,1954,2.859
gin,1955,2.955
gin,1956,3.055
gin,1957,3.158
gin,1958,3.265
gin,1959,3.376
gin,1960,3.689
gin,1961,3.92
gin,1962,4.046
gin,1963,3.952
gin,1964,3.968
gin,1965,4.211
gin,1966,4.228
gin,1967,4.246
gin,1968,4.383
gin,1969,4.401
gin,1970,4.18
gin,1971,4.437
gin,1972,4.455
gin,1973,4.473
gin,1974,4.748
gin,1975,4.767
gin,1976,5.202
gin,1977,4.942
gin,1978,5.245
gin,1979,5.122
gin,1980,5.143
gin,1981,5.093
gin,1982,5.118
gin,1983,5.118
gin,1984,5.15
gin,1985,5.35
gin,1986,5.426
gin,1987,5.492
gin,1988,5.699
gin,1989,5.798
gin,1990,5.881
gin,1991,5.817
gin,1992,3.069
gin,1993,5.29
gin,1994,5.213
gin,1995,5.352
gin,1996,5.37
gin,1997,5.55
gin,1998,5.661
gin,1999,5.882
gin,2000,6.066
gin,2001,6.302
gin,2002,6.784
gin,2003,6.806
gin,2004,6.993
gin,2005,7.209
gin,2006,7.254
gin,2007,7.71
gin,2008,7.99
gin,2009,8.141
gin,2010,8.342
gin,2011,8.875
gin,2012,9.378
gin,2013,9.457
gin,2014,9.652
gin,2015,9.903
gin,2016,10.708
gin,2017,11.62
gin,2018,12.037
gin,2019,12.488
gin,2020,12.817
gin,2021,13.294
gin,2022,13.407
gin,2023,13.771
gin,2024,14.205
gin,2025,15.255
gin,2026,16.792
gin,2027,18.626
gin,2028,19.683
gin,2029,20.506
gin,2030,21.214
gin,2031,21.253
gin,2032,21.88
gin,2033,22.525
gin,2034,23.18
gin,2035,23.212
gin,2036,23.889
gin,2037,24.582
gin,2038,25.314
gin,2039,26.042
gin,2040,26.078
gin,2041,26.827
gin,2042,27.595
gin,2043,28.41
gin,2044,29.216
gin,2045,29.232
gin,2046,30.065
gin,2047,30.929
gin,2048,31.802
gin,2049,32.717
gin,2050,32.727
gin,2051,33.645
gin,2052,34.559
gin,2053,35.516
gin,2054,36.528
gin,2055,37.581
gin,2056,38.642
gin,2057,38.643
gin,2058,39.736
gin,2059,40.788
gin,2060,41.811
gin,2061,42.906
gin,2062,43.931
gin,2063,45.153
gin,2064,45.061
gin,2065,46.187
gin,2066,47.283
gin,2067,48.545
gin,2068,49.768
gin,2069,51.072
gin,2070,52.332
gin,2071,52.104
gin,2072,53.414
gin,2073,54.714
gin,2074,56.124
gin,2075,57.314
gin,2076,58.651
gin,2077,60.12
gin,2078,61.616
gin,2079,61.261
gin,2080,62.643
gin,2081,64.045
gin,2082,65.445
gin,2083,67.011
gin,2084,68.557
gin,2085,69.868
gin,2086,71.194
gin,2087,70.892
gin,2088,72.573
gin,2089,74.0
gin,2090,75.178
gin,2091,76.777
gin,2092,78.37
gin,2093,79.92
gin,2094,79.407
gin,2095,81.183
gin,2096,82.996
gin,2097,84.447
gin,2098,86.288
gin,2099,88.017
gin,2100,87.678
gnb,1800,1.161
gnb,1801,1.161
gnb,1802,1.161
gnb,1803,1.161
gnb,1804,1.161
gnb,1805,1.161
gnb,1806,1.161
gnb,1807,1.161
gnb,1808,1.161
gnb,1809,1.161
gnb,1810,1.161
gnb,1811,1.161
gnb,1812,1.161
gnb,1813,1.161
gnb,1814,1.161
gnb,1815,1.161
gnb,1816,1.161
gnb,1817,1.161
gnb,1818,1.161
gnb,1819,1.161
gnb,1820,1.161
gnb,1821,1.194
gnb,1822,1.194
gnb,1823,1.194
gnb,1824,1.194
gnb,1825,1.194
gnb,1826,1.194
gnb,1827,1.194
gnb,1828,1.194
gnb,1829,1.194
gnb,1830,1.194
gnb,1831,1.194
gnb,1832,1.194
gnb,1833,1.194
gnb,1834,1.194
gnb,1835,1.194
gnb,1836,1.194
gnb,1837,1.194
gnb,1838,1.194
gnb,1839,1.194
gnb,1840,1.194
gnb,1841,1.194
gnb,1842,1.194
gnb,1843,1.194
gnb,1844,1.194
gnb,1845,1.194
gnb,1846,1.194
gnb,1847,1.194
gnb,1848,1.194
gnb,1849,1.194
gnb,1850,1.194
gnb,1851,1.194
gnb,1852,1.194
gnb,1853,1.194
gnb,1854,1.194
gnb,1855,1.227
gnb,1856,1.227
gnb,1857,1.227
gnb,1858,1.227
gnb,1859,1.227
gnb,1860,1.227
gnb,1861,1.227
gnb,1862,1.227
gnb,1863,1.227
gnb,1864,1.227
gnb,1865,1.227
gnb,1866,1.227
gnb,1867,1.227
gnb,1868,1.227
gnb,1869,1.227
gnb,1870,1.227
gnb,1871,1.227
gnb,1872,1.227
gnb,1873,1.227
gnb,1874,1.226
gnb,1875,1.226
gnb,1876,1.226
gnb,1877,1.225
gnb,1878,1.225
gnb,1879,1.225
gnb,1880,1.224
gnb,1881,1.224
gnb,1882,1.224
gnb,1883,1.224
gnb,1884,1.223
gnb,1885,1.223
gnb,1886,1.223
gnb,1887,1.222
gnb,1888,1.257
gnb,1889,1.256
gnb,1890,1.256
gnb,1891,1.256
gnb,1892,1.255
gnb,1893,1.255
gnb,1894,1.255
gnb,1895,1.254
gnb,1896,1.254
gnb,1897,1.254
gnb,1898,1.254
gnb,1899,1.253
gnb,1900,1.253
gnb,1901,1.253
gnb,1902,1.252
gnb,1903,1.252
gnb,1904,1.252
gnb,1905,1.252
gnb,1906,1.251
gnb,1907,1.251
gnb,1908,1.251
gnb,1909,1.25
gnb,1910,1.25
gnb,1911,1.25
gnb,1912,1.249
gnb,1913,1.249
gnb,1914,1.249
gnb,1915,1.249
gnb,1916,1.248
gnb,1917,1.248
gnb,1918,1.248
gnb,1919,1.247
gnb,1920,1.247
gnb,1921,1.247
gnb,1922,1.246
gnb,1923,1.246
gnb,1924,1.246
gnb,1925,1.246
gnb,1926,1.245
gnb,1927,1.245
gnb,1928,1.245
gnb,1929,1.244
gnb,1930,1.244
gnb,1931,1.244
gnb,1932,1.244
gnb,1933,1.243
gnb,1934,1.243
gnb,1935,1.243
gnb,1936,1.242
gnb,1937,1.242
gnb,1938,1.242
gnb,1939,1.242
gnb,1940,1.241
gnb,1941,1.271
gnb,1942,1.266
gnb,1943,1.261
gnb,1944,1.256
gnb,1945,1.286
gnb,1946,1.281
gnb,1947,1.276
gnb,1948,1.306
gnb,1949,1.301
gnb,1950,1.296
gnb,1951,1.402
gnb,1952,1.477
gnb,1953,1.555
gnb,1954,1.882
gnb,1955,1.773
gnb,1956,2.028
gnb,1957,2.192
gnb,1958,2.245
gnb,1959,2.236
gnb,1960,2.351
gnb,1961,2.475
gnb,1962,2.532
gnb,1963,2.718
gnb,1964,2.94
gnb,1965,3.108
gnb,1966,3.008
gnb,1967,3.263
gnb,1968,3.348
gnb,1969,3.43
gnb,1970,3.144
gnb,1971,2.959
gnb,1972,3.122
gnb,1973,3.111
gnb,1974,3.186
gnb,1975,3.266
gnb,1976,3.255
gnb,1977,2.984
gnb,1978,3.324
gnb,1979,3.405
gnb,1980,2.793
gnb,1981,2.816
gnb,1982,2.966
gnb,1983,2.876
gnb,1984,3.019
gnb,1985,3.138
gnb,1986,3.085
gnb,1987,3.243
gnb,1988,3.362
gnb,1989,3.489
gnb,1990,3.65
gnb,1991,3.737
gnb,1992,3.914
gnb,1993,4.095
gnb,1994,4.053
gnb,1995,4.09
gnb,1996,4.285
gnb,1997,4.477
gnb,1998,3.981
gnb,1999,4.528
gnb,2000,4.4
gnb,2001,4.465
gnb,2002,4.774
gnb,2003,4.48
gnb,2004,4.336
gnb,2005,4.42
gnb,2006,4.327
gnb,2007,4.191
gnb,2008,4.127
gnb,2009,3.997
gnb,2010,3.991
gnb,2011,4.209
gnb,2012,4.289
gnb,2013,4.4
gnb,2014,4.566
gnb,2015,4.776
gnb,2016,4.802
gnb,2017,5.189
gnb,2018,5.482
gnb,2019,5.82
gnb,2020,5.93
gnb,2021,6.094
gnb,2022,6.411
gnb,2023,6.429
gnb,2024,6.672
gnb,2025,6.953
gnb,2026,7.352
gnb,2027,7.654
gnb,2028,7.738
gnb,2029,8.006
gnb,2030,8.118
gnb,2031,8.377
gnb,2032,8.4
gnb,2033,8.66
gnb,2034,8.935
gnb,2035,8.959
gnb,2036,9.244
gnb,2037,9.537
gnb,2038,9.563
gnb,2039,9.87
gnb,2040,10.199
gnb,2041,10.241
gnb,2042,10.557
gnb,2043,10.884
gnb,2044,11.236
gnb,2045,11.283
gnb,2046,11.631
gnb,2047,11.989
gnb,2048,12.021
gnb,2049,12.392
gnb,2050,12.738
gnb,2051,13.137
gnb,2052,13.182
gnb,2053,13.574
gnb,2054,13.983
gnb,2055,14.404
gnb,2056,14.836
gnb,2057,14.862
gnb,2058,15.306
gnb,2059,15.771
gnb,2060,16.245
gnb,2061,16.272
gnb,2062,16.73
gnb,2063,17.23
gnb,2064,17.742
gnb,2065,18.267
gnb,2066,18.266
gnb,2067,18.76
gnb,2068,19.305
gnb,2069,19.852
gnb,2070,20.439
gnb,2071,21.07
gnb,2072,21.083
gnb,2073,21.676
gnb,2074,22.314
gnb,2075,22.934
gnb,2076,23.587
gnb,2077,24.276
gnb,2078,24.199
gnb,2079,24.874
gnb,2080,25.565
gnb,2081,26.272
gnb,2082,27.112
gnb,2083,27.876
gnb,2084,28.63
gnb,2085,28.628
gnb,2086,29.405
gnb,2087,30.199
gnb,2088,30.954
gnb,2089,31.782
gnb,2090,32.628
gnb,2091,33.492
gnb,2092,34.375
gnb,2093,34.278
gnb,2094,35.104
gnb,2095,36.09
gnb,2096,37.024
gnb,2097,37.999
gnb,2098,38.84
gnb,2099,39.788
gnb,2100,40.968
guy,1800,4.375
guy,1801,4.375
guy,1802,4.375
guy,1803,4.375
guy,1804,4.375
guy,1805,4.375
guy,1806,4.375
guy,1807,4.375
guy,1808,4.375
guy,1809,4.375
guy,1810,4.375
guy,1811,4.375
guy,1812,4.375
guy,1813,4.375
guy,1814,4.375
guy,1815,4.375
guy,1816,4.375
guy,1817,4.375
guy,1818,4.375
guy,1819,4.375
guy,1820,4.498
guy,1821,4.498
guy,1822,4.518
guy,1823,4.518
guy,1824,4.481
guy,1825,4.607
guy,1826,4.608
guy,1827,4.607
guy,1828,4.607
guy,1829,4.737
guy,1830,4.737
guy,1831,4.737
guy,1832,4.737
guy,1833,4.87
guy,1834,4.87
guy,1835,4.87
guy,1836,4.87
guy,1837,5.007
guy,1838,5.006
guy,1839,5.007
guy,1840,5.007
guy,1841,5.061
guy,1842,5.013
guy,1843,5.013
guy,1844,4.967
guy,1845,5.107
guy,1846,5.084
guy,1847,5.03
guy,1848,5.004
guy,1849,5.145
guy,1850,5.099
guy,1851,5.059
guy,1852,5.059
guy,1853,5.202
guy,1854,5.201
guy,1855,5.202
guy,1856,5.202
guy,1857,5.202
guy,1858,5.348
guy,1859,5.348
guy,1860,5.348
guy,1861,5.348
guy,1862,5.499
guy,1863,5.498
guy,1864,5.432
guy,1865,5.432
guy,1866,5.584
guy,1867,5.584
guy,1868,5.585
guy,1869,5.585
guy,1870,5.741
guy,1871,5.742
guy,1872,5.75
guy,1873,5.688
guy,1874,5.858
guy,1875,5.868
guy,1876,5.878
guy,1877,5.888
guy,1878,6.063
guy,1879,6.073
guy,1880,6.083
guy,1881,6.093
guy,1882,6.275
guy,1883,6.285
guy,1884,6.296
guy,1885,6.222
guy,1886,6.409
guy,1887,6.623
guy,1888,6.633
guy,1889,6.701
guy,1890,6.829
guy,1891,7.2
guy,1892,7.548
guy,1893,7.775
guy,1894,7.976
guy,1895,8.322
guy,1896,8.377
guy,1897,8.812
guy,1898,8.808
guy,1899,8.412
guy,1900,7.945
guy,1901,7.13
guy,1902,6.515
guy,1903,6.794
guy,1904,6.757
guy,1905,6.72
guy,1906,6.744
guy,1907,6.956
guy,1908,6.924
guy,1909,6.896
guy,1910,6.968
guy,1911,7.18
guy,1912,7.151
guy,1913,7.177
guy,1914,7.04
guy,1915,7.072
guy,1916,7.304
guy,1917,7.338
guy,1918,7.578
guy,1919,7.612
guy,1920,7.861
guy,1921,7.897
guy,1922,8.155
guy,1923,8.423
guy,1924,8.459
guy,1925,8.735
guy,1926,8.716
guy,1927,9.002
guy,1928,9.044
guy,1929,9.292
guy,1930,9.598
guy,1931,9.642
guy,1932,9.958
guy,1933,10.003
guy,1934,10.331
guy,1935,10.379
guy,1936,10.719
guy,1937,11.07
guy,1938,11.12
guy,1939,11.482
guy,1940,11.533
guy,1941,11.823
guy,1942,12.12
guy,1943,12.424
guy,1944,12.386
guy,1945,12.694
guy,1946,13.012
guy,1947,13.338
guy,1948,13.339
guy,1949,13.712
guy,1950,14.089
guy,1951,13.616
guy,1952,13.163
guy,1953,13.089
guy,1954,12.691
guy,1955,12.305
guy,1956,11.93
guy,1957,11.567
guy,1958,11.527
guy,1959,11.176
guy,1960,10.834
guy,1961,11.102
guy,1962,11.043
guy,1963,9.31
guy,1964,10.054
guy,1965,10.867
guy,1966,11.426
guy,1967,11.684
guy,1968,11.622
guy,1969,12.223
guy,1970,12.507
guy,1971,12.796
guy,1972,12.37
guy,1973,12.308
guy,1974,13.318
guy,1975,14.4
guy,1976,14.315
guy,1977,13.842
guy,1978,13.759
guy,1979,13.307
guy,1980,13.229
guy,1981,14.057
guy,1982,13.065
guy,1983,12.13
guy,1984,12.407
guy,1985,12.867
guy,1986,13.09
guy,1987,13.471
guy,1988,13.225
guy,1989,13.07
guy,1990,13.136
guy,1991,13.99
guy,1992,15.049
guy,1993,16.002
guy,1994,17.055
guy,1995,17.803
guy,1996,18.998
guy,1997,19.577
guy,1998,19.432
guy,1999,20.093
guy,2000,19.975
guy,2001,20.687
guy,2002,21.075
guy,2003,20.872
guy,2004,21.418
guy,2005,21.054
guy,2006,22.539
guy,2007,23.986
guy,2008,24.64
guy,2009,25.829
guy,2010,27.172
guy,2011,28.663
guy,2012,29.993
guy,2013,30.808
guy,2014,31.109
guy,2015,31.321
guy,2016,32.516
guy,2017,33.299
guy,2018,33.885
guy,2019,34.411
guy,2020,49.294
guy,2021,59.239
guy,2022,94.796
guy,2023,121.491
guy,2024,187.145
guy,2025,179.532
guy,2026,226.533
guy,2027,266.529
guy,2028,296.623
guy,2029,317.413
guy,2030,328.128
guy,2031,322.498
guy,2032,317.131
guy,2033,311.999
guy,2034,307.096
guy,2035,302.408
guy,2036,297.918
guy,2037,293.621
guy,2038,289.502
guy,2039,285.553
guy,2040,289.686
guy,2041,285.948
guy,2042,282.356
guy,2043,278.906
guy,2044,275.588
guy,2045,272.397
guy,2046,269.325
guy,2047,266.366
guy,2048,263.517
guy,2049,260.769
guy,2050,258.123
guy,2051,255.57
guy,2052,253.107
guy,2053,250.73
guy,2054,248.433
guy,2055,246.217
guy,2056,244.071
guy,2057,241.999
guy,2058,239.997
guy,2059,238.058
guy,2060,236.181
guy,2061,234.363
guy,2062,232.607
guy,2063,230.901
guy,2064,229.249
guy,2065,227.651
guy,2066,226.101
guy,2067,224.877
guy,2068,223.419
guy,2069,222.009
guy,2070,220.639
guy,2071,225.475
guy,2072,224.147
guy,2073,222.857
guy,2074,221.604
guy,2075,220.388
guy,2076,219.217
guy,2077,218.065
guy,2078,216.945
guy,2079,215.859
guy,2080,214.801
guy,2081,213.773
guy,2082,212.767
guy,2083,211.791
guy,2084,210.839
guy,2085,209.915
guy,2086,209.011
guy,2087,208.135
guy,2088,207.277
guy,2089,206.442
guy,2090,205.629
guy,2091,204.838
guy,2092,204.067
guy,2093,203.311
guy,2094,202.576
guy,2095,201.858
guy,2096,201.16
guy,2097,200.474
guy,2098,199.806
guy,2099,199.155
guy,2100,198.518
hti,1800,1.773
hti,1801,1.773
hti,1802,1.773
hti,1803,1.773
hti,1804,1.773
hti,1805,1.773
hti,1806,1.773
hti,1807,1.773
hti,1808,1.773
hti,1809,1.773
hti,1810,1.773
hti,1811,1.773
hti,1812,1.773
hti,1813,1.773
hti,1814,1.773
hti,1815,1.773
hti,1816,1.773
hti,1817,1.773
hti,1818,1.773
hti,1819,1.773
hti,1820,1.773
hti,1821,1.823
hti,1822,1.823
hti,1823,1.823
hti,1824,1.823
hti,1825,1.874
hti,1826,1.874
hti,1827,1.874
hti,1828,1.927
hti,1829,1.927
hti,1830,1.909
hti,1831,1.909
hti,1832,1.963
hti,1833,1.963
hti,1834,1.963
hti,1835,1.963
hti,1836,2.018
hti,1837,2.018
hti,1838,2.018
hti,1839,2.075
hti,1840,2.075
hti,1841,2.075
hti,1842,2.075
hti,1843,2.133
hti,1844,2.119
hti,1845,2.118
hti,1846,2.118
hti,1847,2.177
hti,1848,2.177
hti,1849,2.175
hti,1850,2.175
hti,1851,2.236
hti,1852,2.236
hti,1853,2.236
hti,1854,2.299
hti,1855,2.299
hti,1856,2.299
hti,1857,2.299
hti,1858,2.364
hti,1859,2.363
hti,1860,2.363
hti,1861,2.363
hti,1862,2.43
hti,1863,2.43
hti,1864,2.43
hti,1865,2.43
hti,1866,2.498
hti,1867,2.498
hti,1868,2.498
hti,1869,2.569
hti,1870,2.569
hti,1871,2.569
hti,1872,2.564
hti,1873,2.632
hti,1874,2.628
hti,1875,2.623
hti,1876,2.619
hti,1877,2.688
hti,1878,2.683
hti,1879,2.679
hti,1880,2.749
hti,1881,2.745
hti,1882,2.74
hti,1883,2.735
hti,1884,2.807
hti,1885,2.802
hti,1886,2.798
hti,1887,2.77
hti,1888,2.826
hti,1889,2.821
hti,1890,2.817
hti,1891,2.812
hti,1892,2.886
hti,1893,2.882
hti,1894,2.877
hti,1895,2.953
hti,1896,2.948
hti,1897,2.943
hti,1898,2.932
hti,1899,3.009
hti,1900,3.004
hti,1901,2.999
hti,1902,2.988
hti,1903,3.067
hti,1904,3.062
hti,1905,3.057
hti,1906,3.052
hti,1907,3.132
hti,1908,3.127
hti,1909,3.122
hti,1910,3.204
hti,1911,3.198
hti,1912,3.193
hti,1913,3.187
hti,1914,3.272
hti,1915,3.266
hti,1916,3.26
hti,1917,3.255
hti,1918,3.341
hti,1919,3.335
hti,1920,3.329
hti,1921,3.41
hti,1922,3.404
hti,1923,3.398
hti,1924,3.392
hti,1925,3.482
hti,1926,3.476
hti,1927,3.47
hti,1928,3.464
hti,1929,3.555
hti,1930,3.549
hti,1931,3.543
hti,1932,3.525
hti,1933,3.603
hti,1934,3.598
hti,1935,3.592
hti,1936,3.687
hti,1937,3.681
hti,1938,3.779
hti,1939,3.868
hti,1940,3.862
hti,1941,3.938
hti,1942,4.015
hti,1943,4.102
hti,1944,4.181
hti,1945,4.269
hti,1946,4.233
hti,1947,4.312
hti,1948,4.279
hti,1949,4.363
hti,1950,4.327
hti,1951,4.282
hti,1952,4.501
hti,1953,4.33
hti,1954,4.539
hti,1955,4.268
hti,1956,4.589
hti,1957,4.198
hti,1958,4.516
hti,1959,4.243
hti,1960,4.44
hti,1961,4.172
hti,1962,4.492
hti,1963,4.108
hti,1964,3.965
hti,1965,3.935
hti,1966,3.901
hti,1967,3.665
hti,1968,3.737
hti,1969,3.816
hti,1970,3.894
hti,1971,4.082
hti,1972,4.051
hti,1973,4.13
hti,1974,4.333
hti,1975,4.301
hti,1976,4.64
hti,1977,4.479
hti,1978,4.699
hti,1979,4.93
hti,1980,5.173
hti,1981,5.339
hti,1982,5.28
hti,1983,5.302
hti,1984,5.385
hti,1985,5.447
hti,1986,5.452
hti,1987,5.458
hti,1988,5.622
hti,1989,5.621
hti,1990,5.684
hti,1991,5.777
hti,1992,5.405
hti,1993,5.069
hti,1994,4.461
hti,1995,4.834
hti,1996,4.978
hti,1997,5.064
hti,1998,5.122
hti,1999,5.219
hti,2000,5.21
hti,2001,5.147
hti,2002,5.144
hti,2003,5.255
hti,2004,5.136
hti,2005,5.229
hti,2006,5.279
hti,2007,7.381
hti,2008,7.522
hti,2009,7.892
hti,2010,7.46
hti,2011,7.642
hti,2012,7.561
hti,2013,7.838
hti,2014,7.902
hti,2015,7.959
hti,2016,7.962
hti,2017,8.092
hti,2018,8.053
hti,2019,7.854
hti,2020,7.469
hti,2021,7.267
hti,2022,7.087
hti,2023,6.875
hti,2024,6.45
hti,2025,6.222
hti,2026,6.387
hti,2027,6.472
hti,2028,6.508
hti,2029,6.524
hti,2030,6.704
hti,2031,6.712
hti,2032,6.908
hti,2033,7.113
hti,2034,7.121
hti,2035,7.329
hti,2036,7.543
hti,2037,7.764
hti,2038,7.772
hti,2039,7.998
hti,2040,8.231
hti,2041,8.471
hti,2042,8.479
hti,2043,8.726
hti,2044,8.979
hti,2045,9.24
hti,2046,9.248
hti,2047,9.521
hti,2048,9.796
hti,2049,10.08
hti,2050,10.087
hti,2051,10.379
hti,2052,10.678
hti,2053,10.985
hti,2054,11.301
hti,2055,11.308
hti,2056,11.641
hti,2057,11.975
hti,2058,12.318
hti,2059,12.67
hti,2060,13.032
hti,2061,13.037
hti,2062,13.408
hti,2063,13.803
hti,2064,14.195
hti,2065,14.598
hti,2066,15.011
hti,2067,15.013
hti,2068,15.436
hti,2069,15.871
hti,2070,16.317
hti,2071,16.775
hti,2072,17.245
hti,2073,17.75
hti,2074,17.747
hti,2075,18.242
hti,2076,18.75
hti,2077,19.291
hti,2078,19.826
hti,2079,20.374
hti,2080,20.94
hti,2081,20.928
hti,2082,21.504
hti,2083,22.094
hti,2084,22.7
hti,2085,23.331
hti,2086,23.967
hti,2087,24.628
hti,2088,25.298
hti,2089,25.28
hti,2090,25.964
hti,2091,26.665
hti,2092,27.383
hti,2093,28.121
hti,2094,28.877
hti,2095,29.65
hti,2096,30.441
hti,2097,30.398
hti,2098,31.213
hti,2099,32.041
hti,2100,32.89
hnd,1800,1.7
hnd,1801,1.7
hnd,1802,1.7
hnd,1803,1.7
hnd,1804,1.7
hnd,1805,1.7
hnd,1806,1.7
hnd,1807,1.7
hnd,1808,1.7
hnd,1809,1.7
hnd,1810,1.7
hnd,1811,1.7
hnd,1812,1.7
hnd,1813,1.7
hnd,1814,1.7
hnd,1815,1.7
hnd,1816,1.7
hnd,1817,1.7
hnd,1818,1.7
hnd,1819,1.7
hnd,1820,1.7
hnd,1821,1.7
hnd,1822,1.7
hnd,1823,1.7
hnd,1824,1.7
hnd,1825,1.7
hnd,1826,1.7
hnd,1827,1.7
hnd,1828,1.7
hnd,1829,1.7
hnd,1830,1.7
hnd,1831,1.728
hnd,1832,1.728
hnd,1833,1.776
hnd,1834,1.776
hnd,1835,1.777
hnd,1836,1.827
hnd,1837,1.826
hnd,1838,1.878
hnd,1839,1.878
hnd,1840,1.931
hnd,1841,1.931
hnd,1842,1.985
hnd,1843,1.985
hnd,1844,2.041
hnd,1845,2.041
hnd,1846,2.098
hnd,1847,2.098
hnd,1848,2.098
hnd,1849,2.157
hnd,1850,2.157
hnd,1851,2.218
hnd,1852,2.218
hnd,1853,2.28
hnd,1854,2.28
hnd,1855,2.344
hnd,1856,2.344
hnd,1857,2.41
hnd,1858,2.41
hnd,1859,2.478
hnd,1860,2.478
hnd,1861,2.478
hnd,1862,2.548
hnd,1863,2.548
hnd,1864,2.619
hnd,1865,2.619
hnd,1866,2.693
hnd,1867,2.693
hnd,1868,2.769
hnd,1869,2.769
hnd,1870,2.846
hnd,1871,2.846
hnd,1872,2.923
hnd,1873,2.919
hnd,1874,2.916
hnd,1875,2.995
hnd,1876,2.991
hnd,1877,3.072
hnd,1878,3.068
hnd,1879,3.151
hnd,1880,3.11
hnd,1881,3.188
hnd,1882,3.184
hnd,1883,3.271
hnd,1884,3.267
hnd,1885,3.264
hnd,1886,3.352
hnd,1887,3.348
hnd,1888,3.439
hnd,1889,3.435
hnd,1890,3.529
hnd,1891,3.525
hnd,1892,3.62
hnd,1893,3.616
hnd,1894,3.714
hnd,1895,3.71
hnd,1896,3.811
hnd,1897,3.807
hnd,1898,3.803
hnd,1899,3.905
hnd,1900,3.901
hnd,1901,4.007
hnd,1902,3.967
hnd,1903,4.074
hnd,1904,4.07
hnd,1905,4.18
hnd,1906,4.176
hnd,1907,4.289
hnd,1908,4.285
hnd,1909,4.402
hnd,1910,4.397
hnd,1911,4.393
hnd,1912,4.512
hnd,1913,4.508
hnd,1914,4.503
hnd,1915,4.499
hnd,1916,4.621
hnd,1917,4.616
hnd,1918,4.612
hnd,1919,4.737
hnd,1920,4.732
hnd,1921,4.598
hnd,1922,4.855
hnd,1923,4.588
hnd,1924,4.218
hnd,1925,4.84
hnd,1926,4.703
hnd,1927,5.115
hnd,1928,5.709
hnd,1929,5.547
hnd,1930,5.697
hnd,1931,5.69
hnd,1932,5.087
hnd,1933,4.668
hnd,1934,4.412
hnd,1935,4.17
hnd,1936,4.165
hnd,1937,3.829
hnd,1938,4.043
hnd,1939,4.038
hnd,1940,4.147
hnd,1941,4.117
hnd,1942,3.672
hnd,1943,3.644
hnd,1944,3.617
hnd,1945,4.343
hnd,1946,4.557
hnd,1947,4.786
hnd,1948,4.751
hnd,1949,4.716
hnd,1950,4.68
hnd,1951,4.776
hnd,1952,4.741
hnd,1953,4.838
hnd,1954,4.418
hnd,1955,4.385
hnd,1956,4.601
hnd,1957,4.695
hnd,1958,4.66
hnd,1959,4.625
hnd,1960,4.59
hnd,1961,4.556
hnd,1962,4.652
hnd,1963,4.62
hnd,1964,4.588
hnd,1965,4.826
hnd,1966,4.927
hnd,1967,4.892
hnd,1968,5.15
hnd,1969,4.959
hnd,1970,4.79
hnd,1971,4.895
hnd,1972,5.003
hnd,1973,5.122
hnd,1974,5.236
hnd,1975,5.19
hnd,1976,5.461
hnd,1977,5.891
hnd,1978,6.172
hnd,1979,6.292
hnd,1980,6.065
hnd,1981,6.081
hnd,1982,5.965
hnd,1983,5.911
hnd,1984,6.174
hnd,1985,6.395
hnd,1986,6.482
hnd,1987,6.786
hnd,1988,6.921
hnd,1989,7.145
hnd,1990,7.298
hnd,1991,7.776
hnd,1992,7.9
hnd,1993,7.844
hnd,1994,7.391
hnd,1995,7.599
hnd,1996,7.42
hnd,1997,8.061
hnd,1998,7.908
hnd,1999,7.921
hnd,2000,7.13
hnd,2001,7.917
hnd,2002,7.869
hnd,2003,7.515
hnd,2004,7.784
hnd,2005,8.014
hnd,2006,8.843
hnd,2007,9.054
hnd,2008,9.651
hnd,2009,9.99
hnd,2010,9.374
hnd,2011,10.073
hnd,2012,10.016
hnd,2013,10.948
hnd,2014,11.111
hnd,2015,11.314
hnd,2016,11.747
hnd,2017,11.848
hnd,2018,12.444
hnd,2019,12.802
hnd,2020,11.306
hnd,2021,12.525
hnd,2022,12.813
hnd,2023,12.94
hnd,2024,14.099
hnd,2025,14.728
hnd,2026,15.642
hnd,2027,16.277
hnd,2028,16.885
hnd,2029,17.442
hnd,2030,18.07
hnd,2031,18.079
hnd,2032,18.596
hnd,2033,19.119
hnd,2034,19.65
hnd,2035,20.205
hnd,2036,20.783
hnd,2037,21.361
hnd,2038,21.958
hnd,2039,21.934
hnd,2040,22.546
hnd,2041,23.174
hnd,2042,23.806
hnd,2043,24.467
hnd,2044,25.104
hnd,2045,25.809
hnd,2046,26.504
hnd,2047,26.498
hnd,2048,27.223
hnd,2049,27.978
hnd,2050,28.739
hnd,2051,29.519
hnd,2052,30.319
hnd,2053,31.138
hnd,2054,31.977
hnd,2055,31.939
hnd,2056,32.83
hnd,2057,33.709
hnd,2058,34.704
hnd,2059,35.646
hnd,2060,36.555
hnd,2061,37.527
hnd,2062,36.844
hnd,2063,37.805
hnd,2064,38.788
hnd,2065,39.794
hnd,2066,40.824
hnd,2067,41.878
hnd,2068,41.783
hnd,2069,42.857
hnd,2070,43.957
hnd,2071,45.082
hnd,2072,46.235
hnd,2073,47.413
hnd,2074,47.291
hnd,2075,48.492
hnd,2076,49.722
hnd,2077,50.98
hnd,2078,52.781
hnd,2079,52.906
hnd,2080,54.824
hnd,2081,56.323
hnd,2082,57.749
hnd,2083,57.244
hnd,2084,58.634
hnd,2085,60.05
hnd,2086,61.568
hnd,2087,61.67
hnd,2088,63.242
hnd,2089,65.123
hnd,2090,66.503
hnd,2091,66.662
hnd,2092,68.345
hnd,2093,70.033
hnd,2094,71.179
hnd,2095,69.901
hnd,2096,70.985
hnd,2097,71.775
hnd,2098,72.5
hnd,2099,75.084
hnd,2100,77.59
hkg,1800,3.06
hkg,1801,3.06
hkg,1802,3.06
hkg,1803,3.06
hkg,1804,3.06
hkg,1805,3.06
hkg,1806,3.06
hkg,1807,3.06
hkg,1808,3.06
hkg,1809,3.06
hkg,1810,3.06
hkg,1811,3.06
hkg,1812,3.061
hkg,1813,3.06
hkg,1814,2.977
hkg,1815,2.976
hkg,1816,2.975
hkg,1817,2.978
hkg,1818,2.977
hkg,1819,2.977
hkg,1820,2.895
hkg,1821,2.895
hkg,1822,2.977
hkg,1823,2.977
hkg,1824,2.977
hkg,1825,2.977
hkg,1826,2.978
hkg,1827,2.978
hkg,1828,2.977
hkg,1829,2.977
hkg,1830,2.978
hkg,1831,2.977
hkg,1832,2.977
hkg,1833,2.977
hkg,1834,2.978
hkg,1835,3.063
hkg,1836,3.062
hkg,1837,3.063
hkg,1838,3.062
hkg,1839,3.062
hkg,1840,3.062
hkg,1841,3.062
hkg,1842,3.062
hkg,1843,3.063
hkg,1844,3.062
hkg,1845,3.062
hkg,1846,3.062
hkg,1847,3.063
hkg,1848,3.149
hkg,1849,3.149
hkg,1850,3.149
hkg,1851,3.149
hkg,1852,3.149
hkg,1853,3.15
hkg,1854,3.15
hkg,1855,3.15
hkg,1856,3.15
hkg,1857,3.15
hkg,1858,3.151
hkg,1859,3.151
hkg,1860,3.151
hkg,1861,3.151
hkg,1862,3.239
hkg,1863,3.239
hkg,1864,3.24
hkg,1865,3.24
hkg,1866,3.24
hkg,1867,3.24
hkg,1868,3.24
hkg,1869,3.24
hkg,1870,3.24
hkg,1871,3.331
hkg,1872,3.336
hkg,1873,3.435
hkg,1874,3.439
hkg,1875,3.541
hkg,1876,3.546
hkg,1877,3.65
hkg,1878,3.655
hkg,1879,3.763
hkg,1880,3.767
hkg,1881,3.878
hkg,1882,3.84
hkg,1883,3.947
hkg,1884,4.063
hkg,1885,4.069
hkg,1886,4.189
hkg,1887,4.195
hkg,1888,4.318
hkg,1889,4.325
hkg,1890,4.452
hkg,1891,4.458
hkg,1892,4.589
hkg,1893,4.595
hkg,1894,4.73
hkg,1895,4.736
hkg,1896,4.876
hkg,1897,4.881
hkg,1898,5.025
hkg,1899,5.031
hkg,1900,5.137
hkg,1901,5.288
hkg,1902,5.296
hkg,1903,5.452
hkg,1904,5.459
hkg,1905,5.619
hkg,1906,5.626
hkg,1907,5.792
hkg,1908,5.799
hkg,1909,5.97
hkg,1910,5.977
hkg,1911,6.153
hkg,1912,6.16
hkg,1913,6.341
hkg,1914,6.348
hkg,1915,6.534
hkg,1916,6.542
hkg,1917,6.746
hkg,1918,6.943
hkg,1919,6.951
hkg,1920,7.154
hkg,1921,7.162
hkg,1922,7.371
hkg,1923,7.379
hkg,1924,7.594
hkg,1925,7.602
hkg,1926,7.824
hkg,1927,7.832
hkg,1928,8.119
hkg,1929,8.125
hkg,1930,8.36
hkg,1931,8.366
hkg,1932,8.654
hkg,1933,8.949
hkg,1934,8.963
hkg,1935,9.265
hkg,1936,9.367
hkg,1937,9.683
hkg,1938,9.726
hkg,1939,9.995
hkg,1940,10.103
hkg,1941,10.361
hkg,1942,10.281
hkg,1943,10.499
hkg,1944,10.499
hkg,1945,10.708
hkg,1946,10.622
hkg,1947,10.828
hkg,1948,10.72
hkg,1949,10.936
hkg,1950,10.84
hkg,1951,9.592
hkg,1952,10.122
hkg,1953,10.311
hkg,1954,10.51
hkg,1955,11.04
hkg,1956,11.259
hkg,1957,11.484
hkg,1958,11.692
hkg,1959,12.266
hkg,1960,12.172
hkg,1961,12.416
hkg,1962,13.76
hkg,1963,15.226
hkg,1964,15.535
hkg,1965,17.22
hkg,1966,17.102
hkg,1967,16.983
hkg,1968,17.338
hkg,1969,18.715
hkg,1970,20.177
hkg,1971,21.178
hkg,1972,22.851
hkg,1973,24.655
hkg,1974,24.486
hkg,1975,23.656
hkg,1976,26.981
hkg,1977,29.115
hkg,1978,29.733
hkg,1979,32.094
hkg,1980,34.642
hkg,1981,37.82
hkg,1982,41.87
hkg,1983,43.895
hkg,1984,47.175
hkg,1985,52.608
hkg,1986,53.981
hkg,1987,60.636
hkg,1988,69.399
hkg,1989,76.839
hkg,1990,80.813
hkg,1991,85.249
hkg,1992,90.438
hkg,1993,95.284
hkg,1994,99.789
hkg,1995,101.538
hkg,1996,102.722
hkg,1997,106.877
hkg,1998,102.811
hkg,1999,105.328
hkg,2000,112.699
hkg,2001,113.472
hkg,2002,115.319
hkg,2003,117.159
hkg,2004,127.57
hkg,2005,135.775
hkg,2006,144.049
hkg,2007,151.96
hkg,2008,155.106
hkg,2009,152.153
hkg,2010,161.877
hkg,2011,169.955
hkg,2012,172.616
hkg,2013,178.422
hkg,2014,183.23
hkg,2015,188.367
hkg,2016,193.45
hkg,2017,200.723
hkg,2018,206.048
hkg,2019,204.266
hkg,2020,192.956
hkg,2021,207.122
hkg,2022,198.8
hkg,2023,207.784
hkg,2024,210.71
hkg,2025,221.815
hkg,2026,225.54
hkg,2027,235.139
hkg,2028,243.437
hkg,2029,244.119
hkg,2030,249.15
hkg,2031,247.21
hkg,2032,252.194
hkg,2033,250.281
hkg,2034,248.407
hkg,2035,246.698
hkg,2036,251.518
hkg,2037,249.679
hkg,2038,247.9
hkg,2039,246.155
hkg,2040,251.308
hkg,2041,249.754
hkg,2042,248.067
hkg,2043,246.415
hkg,2044,244.828
hkg,2045,250.063
hkg,2046,248.463
hkg,2047,246.918
hkg,2048,245.672
hkg,2049,244.172
hkg,2050,249.51
hkg,2051,248.026
hkg,2052,246.649
hkg,2053,245.222
hkg,2054,243.823
hkg,2055,242.447
hkg,2056,247.86
hkg,2057,246.737
hkg,2058,245.331
hkg,2059,244.021
hkg,2060,242.728
hkg,2061,241.715
hkg,2062,247.252
hkg,2063,245.988
hkg,2064,244.695
hkg,2065,243.52
hkg,2066,242.369
hkg,2067,241.198
hkg,2068,240.268
hkg,2069,239.131
hkg,2070,244.692
hkg,2071,243.889
hkg,2072,243.066
hkg,2073,241.984
hkg,2074,241.086
hkg,2075,240.041
hkg,2076,239.007
hkg,2077,238.278
hkg,2078,237.285
hkg,2079,242.931
hkg,2080,242.131
hkg,2081,241.204
hkg,2082,240.682
hkg,2083,239.745
hkg,2084,238.811
hkg,2085,238.374
hkg,2086,237.482
hkg,2087,236.845
hkg,2088,235.978
hkg,2089,235.114
hkg,2090,241.129
hkg,2091,240.277
hkg,2092,240.014
hkg,2093,239.129
hkg,2094,238.322
hkg,2095,238.142
hkg,2096,237.348
hkg,2097,236.964
hkg,2098,236.21
hkg,2099,235.456
hkg,2100,235.3
hun,1800,3.737
hun,1801,3.737
hun,1802,3.737
hun,1803,3.737
hun,1804,3.737
hun,1805,3.737
hun,1806,3.737
hun,1807,3.737
hun,1808,3.737
hun,1809,3.737
hun,1810,3.737
hun,1811,3.737
hun,1812,3.737
hun,1813,3.737
hun,1814,3.737
hun,1815,3.737
hun,1816,3.737
hun,1817,3.761
hun,1818,3.766
hun,1819,3.772
hun,1820,3.779
hun,1821,3.659
hun,1822,3.523
hun,1823,3.192
hun,1824,3.16
hun,1825,3.156
hun,1826,3.254
hun,1827,3.254
hun,1828,3.304
hun,1829,3.419
hun,1830,3.543
hun,1831,3.633
hun,1832,3.666
hun,1833,3.651
hun,1834,3.614
hun,1835,3.632
hun,1836,3.668
hun,1837,3.683
hun,1838,3.871
hun,1839,4.053
hun,1840,4.303
hun,1841,4.355
hun,1842,4.118
hun,1843,4.089
hun,1844,4.204
hun,1845,4.204
hun,1846,4.204
hun,1847,4.322
hun,1848,4.322
hun,1849,4.322
hun,1850,4.444
hun,1851,4.444
hun,1852,4.444
hun,1853,4.569
hun,1854,4.568
hun,1855,4.568
hun,1856,4.694
hun,1857,5.325
hun,1858,5.362
hun,1859,4.856
hun,1860,4.596
hun,1861,4.486
hun,1862,4.689
hun,1863,4.807
hun,1864,4.947
hun,1865,5.441
hun,1866,4.766
hun,1867,4.761
hun,1868,4.865
hun,1869,4.793
hun,1870,4.796
hun,1871,4.931
hun,1872,4.952
hun,1873,5.114
hun,1874,5.136
hun,1875,5.332
hun,1876,5.397
hun,1877,5.602
hun,1878,5.783
hun,1879,5.801
hun,1880,6.331
hun,1881,7.078
hun,1882,7.425
hun,1883,7.07
hun,1884,7.168
hun,1885,6.963
hun,1886,7.033
hun,1887,6.988
hun,1888,6.962
hun,1889,6.981
hun,1890,7.225
hun,1891,7.45
hun,1892,7.68
hun,1893,8.224
hun,1894,8.985
hun,1895,9.048
hun,1896,9.3
hun,1897,9.297
hun,1898,9.556
hun,1899,9.528
hun,1900,9.806
hun,1901,9.08
hun,1902,9.193
hun,1903,9.452
hun,1904,9.435
hun,1905,9.675
hun,1906,9.963
hun,1907,9.963
hun,1908,10.245
hun,1909,10.25
hun,1910,10.543
hun,1911,10.939
hun,1912,10.957
hun,1913,11.312
hun,1914,10.992
hun,1915,10.648
hun,1916,10.386
hun,1917,10.147
hun,1918,9.647
hun,1919,9.428
hun,1920,9.224
hun,1921,9.48
hun,1922,9.77
hun,1923,10.071
hun,1924,10.415
hun,1925,12.705
hun,1926,12.046
hun,1927,12.407
hun,1928,13.51
hun,1929,13.967
hun,1930,13.56
hun,1931,12.833
hun,1932,12.184
hun,1933,13.232
hun,1934,13.249
hun,1935,14.049
hun,1936,14.993
hun,1937,14.537
hun,1938,15.0
hun,1939,16.299
hun,1940,15.004
hun,1941,14.924
hun,1942,15.706
hun,1943,13.481
hun,1944,11.992
hun,1945,10.664
hun,1946,9.479
hun,1947,9.697
hun,1948,12.052
hun,1949,13.027
hun,1950,13.695
hun,1951,14.86
hun,1952,15.185
hun,1953,15.077
hun,1954,15.423
hun,1955,16.667
hun,1956,15.654
hun,1957,16.912
hun,1958,17.768
hun,1959,18.17
hun,1960,19.09
hun,1961,20.056
hun,1962,20.494
hun,1963,21.53
hun,1964,22.619
hun,1965,22.481
hun,1966,23.617
hun,1967,24.812
hun,1968,25.353
hun,1969,25.907
hun,1970,25.045
hun,1971,26.311
hun,1972,27.642
hun,1973,29.04
hun,1974,29.674
hun,1975,31.174
hun,1976,30.984
hun,1977,32.551
hun,1978,34.197
hun,1979,33.988
hun,1980,33.78
hun,1981,35.888
hun,1982,38.388
hun,1983,39.458
hun,1984,41.516
hun,1985,42.059
hun,1986,43.499
hun,1987,45.815
hun,1988,45.067
hun,1989,47.119
hun,1990,42.417
hun,1991,41.272
hun,1992,39.43
hun,1993,39.785
hun,1994,40.888
hun,1995,42.272
hun,1996,42.614
hun,1997,44.925
hun,1998,48.436
hun,1999,49.293
hun,2000,52.297
hun,2001,55.967
hun,2002,58.391
hun,2003,59.098
hun,2004,62.553
hun,2005,65.774
hun,2006,70.043
hun,2007,68.356
hun,2008,75.102
hun,2009,70.378
hun,2010,69.288
hun,2011,70.844
hun,2012,69.566
hun,2013,70.577
hun,2014,73.507
hun,2015,77.019
hun,2016,81.513
hun,2017,84.022
hun,2018,86.2
hun,2019,88.261
hun,2020,79.94
hun,2021,86.842
hun,2022,90.466
hun,2023,88.61
hun,2024,85.425
hun,2025,89.988
hun,2026,96.237
hun,2027,100.285
hun,2028,104.487
hun,2029,107.867
hun,2030,110.84
hun,2031,110.469
hun,2032,113.246
hun,2033,113.071
hun,2034,115.81
hun,2035,115.436
hun,2036,118.303
hun,2037,117.931
hun,2038,120.877
hun,2039,120.463
hun,2040,123.475
hun,2041,123.108
hun,2042,122.746
hun,2043,125.831
hun,2044,125.473
hun,2045,128.639
hun,2046,128.284
hun,2047,131.408
hun,2048,131.052
hun,2049,130.606
hun,2050,133.924
hun,2051,133.509
hun,2052,136.912
hun,2053,136.57
hun,2054,136.161
hun,2055,139.651
hun,2056,139.081
hun,2057,138.73
hun,2058,142.301
hun,2059,141.908
hun,2060,145.388
hun,2061,145.069
hun,2062,144.757
hun,2063,144.282
hun,2064,148.031
hun,2065,147.64
hun,2066,147.484
hun,2067,151.341
hun,2068,150.998
hun,2069,150.526
hun,2070,154.42
hun,2071,154.151
hun,2072,153.65
hun,2073,153.284
hun,2074,157.334
hun,2075,156.894
hun,2076,156.706
hun,2077,156.16
hun,2078,159.878
hun,2079,159.308
hun,2080,159.07
hun,2081,158.674
hun,2082,162.652
hun,2083,162.313
hun,2084,161.973
hun,2085,161.753
hun,2086,161.542
hun,2087,166.001
hun,2088,165.801
hun,2089,165.358
hun,2090,165.17
hun,2091,164.772
hun,2092,169.223
hun,2093,169.047
hun,2094,168.879
hun,2095,168.782
hun,2096,168.629
hun,2097,168.483
hun,2098,173.076
hun,2099,172.938
hun,2100,173.003
isl,1800,2.644
isl,1801,2.644
isl,1802,2.644
isl,1803,2.644
isl,1804,2.644
isl,1805,2.644
isl,1806,2.644
isl,1807,2.644
isl,1808,2.644
isl,1809,2.644
isl,1810,2.644
isl,1811,2.644
isl,1812,2.644
isl,1813,2.644
isl,1814,2.644
isl,1815,2.644
isl,1816,2.644
isl,1817,2.644
isl,1818,2.644
isl,1819,2.644
isl,1820,2.644
isl,1821,2.719
isl,1822,2.718
isl,1823,2.718
isl,1824,2.795
isl,1825,2.795
isl,1826,2.874
isl,1827,2.874
isl,1828,2.873
isl,1829,2.954
isl,1830,2.954
isl,1831,3.037
isl,1832,3.037
isl,1833,3.037
isl,1834,3.123
isl,1835,3.122
isl,1836,3.122
isl,1837,3.21
isl,1838,3.21
isl,1839,3.3
isl,1840,3.301
isl,1841,3.3
isl,1842,3.393
isl,1843,3.393
isl,1844,3.488
isl,1845,3.489
isl,1846,3.489
isl,1847,3.587
isl,1848,3.587
isl,1849,3.688
isl,1850,3.688
isl,1851,3.688
isl,1852,3.792
isl,1853,3.791
isl,1854,3.898
isl,1855,3.898
isl,1856,3.898
isl,1857,4.008
isl,1858,4.008
isl,1859,4.008
isl,1860,4.121
isl,1861,4.12
isl,1862,4.236
isl,1863,4.236
isl,1864,4.237
isl,1865,4.356
isl,1866,4.355
isl,1867,4.479
isl,1868,4.478
isl,1869,4.478
isl,1870,4.604
isl,1871,4.604
isl,1872,4.622
isl,1873,4.873
isl,1874,5.029
isl,1875,5.049
isl,1876,4.929
isl,1877,5.086
isl,1878,5.249
isl,1879,5.566
isl,1880,5.976
isl,1881,5.996
isl,1882,5.325
isl,1883,5.198
isl,1884,5.215
isl,1885,5.379
isl,1886,5.398
isl,1887,5.415
isl,1888,5.586
isl,1889,5.761
isl,1890,6.17
isl,1891,6.363
isl,1892,6.732
isl,1893,7.138
isl,1894,7.36
isl,1895,7.179
isl,1896,7.402
isl,1897,7.22
isl,1898,7.043
isl,1899,7.062
isl,1900,7.485
isl,1901,7.714
isl,1902,7.981
isl,1903,8.0
isl,1904,8.048
isl,1905,8.606
isl,1906,8.871
isl,1907,9.44
isl,1908,9.2
isl,1909,9.207
isl,1910,9.829
isl,1911,10.589
isl,1912,10.602
isl,1913,11.316
isl,1914,10.966
isl,1915,10.643
isl,1916,9.306
isl,1917,9.066
isl,1918,8.532
isl,1919,9.974
isl,1920,8.313
isl,1921,9.13
isl,1922,10.395
isl,1923,9.757
isl,1924,10.757
isl,1925,10.768
isl,1926,11.515
isl,1927,12.901
isl,1928,13.327
isl,1929,14.183
isl,1930,15.999
isl,1931,15.553
isl,1932,14.668
isl,1933,16.46
isl,1934,16.448
isl,1935,16.012
isl,1936,15.577
isl,1937,16.469
isl,1938,16.473
isl,1939,18.48
isl,1940,19.045
isl,1941,21.747
isl,1942,24.844
isl,1943,26.144
isl,1944,28.223
isl,1945,29.574
isl,1946,30.15
isl,1947,32.376
isl,1948,32.198
isl,1949,31.229
isl,1950,29.459
isl,1951,27.814
isl,1952,29.9
isl,1953,30.53
isl,1954,31.982
isl,1955,34.451
isl,1956,34.211
isl,1957,33.159
isl,1958,34.751
isl,1959,35.499
isl,1960,35.307
isl,1961,35.156
isl,1962,36.867
isl,1963,39.73
isl,1964,42.9
isl,1965,45.071
isl,1966,47.42
isl,1967,45.896
isl,1968,43.213
isl,1969,42.978
isl,1970,46.486
isl,1971,51.693
isl,1972,52.892
isl,1973,55.641
isl,1974,58.558
isl,1975,58.256
isl,1976,59.615
isl,1977,64.467
isl,1978,67.79
isl,1979,69.334
isl,1980,72.883
isl,1981,77.49
isl,1982,81.257
isl,1983,79.661
isl,1984,84.084
isl,1985,87.289
isl,1986,93.707
isl,1987,102.196
isl,1988,102.621
isl,1989,104.12
isl,1990,106.78
isl,1991,106.266
isl,1992,100.46
isl,1993,101.454
isl,1994,103.961
isl,1995,103.843
isl,1996,107.055
isl,1997,113.576
isl,1998,120.255
isl,1999,124.218
isl,2000,128.003
isl,2001,131.574
isl,2002,131.55
isl,2003,131.847
isl,2004,139.586
isl,2005,144.952
isl,2006,148.065
isl,2007,157.897
isl,2008,155.193
isl,2009,150.139
isl,2010,151.935
isl,2011,155.187
isl,2012,155.964
isl,2013,160.702
isl,2014,158.257
isl,2015,164.566
isl,2016,171.344
isl,2017,177.201
isl,2018,168.781
isl,2019,172.939
isl,2020,157.704
isl,2021,162.846
isl,2022,172.887
isl,2023,172.828
isl,2024,162.466
isl,2025,167.799
isl,2026,173.315
isl,2027,180.279
isl,2028,182.011
isl,2029,187.979
isl,2030,190.687
isl,2031,189.231
isl,2032,187.816
isl,2033,191.615
isl,2034,190.153
isl,2035,188.783
isl,2036,192.722
isl,2037,191.387
isl,2038,190.081
isl,2039,194.011
isl,2040,192.726
isl,2041,191.474
isl,2042,195.598
isl,2043,194.476
isl,2044,193.278
isl,2045,192.04
isl,2046,196.255
isl,2047,195.107
isl,2048,194.004
isl,2049,192.909
isl,2050,197.237
isl,2051,196.164
isl,2052,195.115
isl,2053,194.094
isl,2054,198.526
isl,2055,197.518
isl,2056,196.537
isl,2057,195.582
isl,2058,194.648
isl,2059,199.227
isl,2060,198.313
isl,2061,197.419
isl,2062,196.547
isl,2063,195.474
isl,2064,200.113
isl,2065,199.271
isl,2066,198.494
isl,2067,197.692
isl,2068,196.912
isl,2069,196.147
isl,2070,200.895
isl,2071,200.145
isl,2072,199.413
isl,2073,198.771
isl,2074,198.067
isl,2075,197.384
isl,2076,196.738
isl,2077,201.604
isl,2078,200.484
isl,2079,199.842
isl,2080,199.67
isl,2081,199.061
isl,2082,198.464
isl,2083,197.773
isl,2084,197.201
isl,2085,202.173
isl,2086,201.614
isl,2087,201.065
isl,2088,200.198
isl,2089,199.834
isl,2090,199.377
isl,2091,198.876
isl,2092,198.356
isl,2093,197.878
isl,2094,202.959
isl,2095,202.486
isl,2096,202.026
isl,2097,201.576
isl,2098,201.134
isl,2099,200.699
isl,2100,200.09
ind,1800,3.024
ind,1801,3.024
ind,1802,3.024
ind,1803,3.024
ind,1804,3.024
ind,1805,3.024
ind,1806,2.942
ind,1807,2.942
ind,1808,2.942
ind,1809,2.942
ind,1810,2.942
ind,1811,2.861
ind,1812,2.861
ind,1813,2.861
ind,1814,2.861
ind,1815,2.861
ind,1816,2.861
ind,1817,2.783
ind,1818,2.783
ind,1819,2.783
ind,1820,2.783
ind,1821,2.783
ind,1822,2.783
ind,1823,2.783
ind,1824,2.783
ind,1825,2.783
ind,1826,2.783
ind,1827,2.783
ind,1828,2.783
ind,1829,2.783
ind,1830,2.783
ind,1831,2.783
ind,1832,2.783
ind,1833,2.783
ind,1834,2.783
ind,1835,2.783
ind,1836,2.783
ind,1837,2.783
ind,1838,2.783
ind,1839,2.783
ind,1840,2.783
ind,1841,2.783
ind,1842,2.783
ind,1843,2.783
ind,1844,2.783
ind,1845,2.783
ind,1846,2.783
ind,1847,2.783
ind,1848,2.783
ind,1849,2.783
ind,1850,2.783
ind,1851,2.783
ind,1852,2.783
ind,1853,2.783
ind,1854,2.783
ind,1855,2.707
ind,1856,2.707
ind,1857,2.707
ind,1858,2.696
ind,1859,2.696
ind,1860,2.622
ind,1861,2.622
ind,1862,2.622
ind,1863,2.622
ind,1864,2.55
ind,1865,2.55
ind,1866,2.55
ind,1867,2.55
ind,1868,2.55
ind,1869,2.481
ind,1870,2.481
ind,1871,2.481
ind,1872,2.495
ind,1873,2.509
ind,1874,2.594
ind,1875,2.609
ind,1876,2.624
ind,1877,2.638
ind,1878,2.654
ind,1879,2.669
ind,1880,2.684
ind,1881,2.7
ind,1882,2.715
ind,1883,2.731
ind,1884,2.747
ind,1885,2.84
ind,1886,2.778
ind,1887,2.964
ind,1888,2.98
ind,1889,2.906
ind,1890,3.014
ind,1891,2.781
ind,1892,3.04
ind,1893,3.066
ind,1894,3.17
ind,1895,3.1
ind,1896,2.861
ind,1897,3.407
ind,1898,3.426
ind,1899,3.17
ind,1900,3.277
ind,1901,3.388
ind,1902,3.731
ind,1903,3.751
ind,1904,3.771
ind,1905,3.658
ind,1906,3.809
ind,1907,3.498
ind,1908,3.614
ind,1909,4.087
ind,1910,4.108
ind,1911,4.128
ind,1912,4.034
ind,1913,4.053
ind,1914,4.187
ind,1915,4.207
ind,1916,4.346
ind,1917,4.247
ind,1918,3.694
ind,1919,4.284
ind,1920,3.94
ind,1921,4.205
ind,1922,4.343
ind,1923,4.242
ind,1924,4.379
ind,1925,4.397
ind,1926,4.54
ind,1927,4.435
ind,1928,4.453
ind,1929,4.598
ind,1930,4.616
ind,1931,4.633
ind,1932,4.524
ind,1933,4.542
ind,1934,4.56
ind,1935,4.452
ind,1936,4.595
ind,1937,4.486
ind,1938,4.378
ind,1939,4.517
ind,1940,4.534
ind,1941,4.526
ind,1942,4.519
ind,1943,4.511
ind,1944,4.503
ind,1945,4.244
ind,1946,4.009
ind,1947,3.891
ind,1948,3.883
ind,1949,3.876
ind,1950,3.869
ind,1951,3.862
ind,1952,3.854
ind,1953,4.066
ind,1954,4.058
ind,1955,4.048
ind,1956,4.153
ind,1957,4.031
ind,1958,4.255
ind,1959,4.246
ind,1960,4.355
ind,1961,4.467
ind,1962,4.45
ind,1963,4.558
ind,1964,4.668
ind,1965,4.4
ind,1966,4.263
ind,1967,4.488
ind,1968,4.597
ind,1969,4.841
ind,1970,4.822
ind,1971,4.672
ind,1972,4.526
ind,1973,4.636
ind,1974,4.491
ind,1975,4.729
ind,1976,4.711
ind,1977,4.96
ind,1978,5.08
ind,1979,4.656
ind,1980,4.768
ind,1981,5.077
ind,1982,5.299
ind,1983,5.692
ind,1984,5.754
ind,1985,5.853
ind,1986,5.904
ind,1987,5.986
ind,1988,6.434
ind,1989,6.869
ind,1990,7.277
ind,1991,7.165
ind,1992,7.38
ind,1993,7.559
ind,1994,7.847
ind,1995,8.134
ind,1996,8.423
ind,1997,8.482
ind,1998,8.734
ind,1999,9.102
ind,2000,9.161
ind,2001,9.346
ind,2002,9.431
ind,2003,9.867
ind,2004,10.252
ind,2005,10.825
ind,2006,11.566
ind,2007,12.252
ind,2008,12.49
ind,2009,13.267
ind,2010,13.92
ind,2011,14.032
ind,2012,14.597
ind,2013,15.653
ind,2014,17.003
ind,2015,18.824
ind,2016,20.848
ind,2017,21.075
ind,2018,21.437
ind,2019,22.084
ind,2020,21.481
ind,2021,23.611
ind,2022,25.205
ind,2023,27.583
ind,2024,28.971
ind,2025,30.914
ind,2026,33.743
ind,2027,36.157
ind,2028,38.622
ind,2029,39.916
ind,2030,42.287
ind,2031,43.417
ind,2032,44.557
ind,2033,45.74
ind,2034,46.95
ind,2035,46.874
ind,2036,48.082
ind,2037,49.435
ind,2038,50.732
ind,2039,52.128
ind,2040,53.48
ind,2041,55.001
ind,2042,54.787
ind,2043,56.183
ind,2044,57.74
ind,2045,59.253
ind,2046,60.585
ind,2047,62.167
ind,2048,63.618
ind,2049,63.319
ind,2050,65.006
ind,2051,67.033
ind,2052,68.87
ind,2053,70.772
ind,2054,70.703
ind,2055,72.509
ind,2056,74.47
ind,2057,76.538
ind,2058,78.276
ind,2059,78.206
ind,2060,80.182
ind,2061,82.248
ind,2062,84.319
ind,2063,84.146
ind,2064,86.262
ind,2065,88.331
ind,2066,90.53
ind,2067,90.404
ind,2068,92.462
ind,2069,94.993
ind,2070,97.134
ind,2071,96.861
ind,2072,99.016
ind,2073,101.179
ind,2074,100.981
ind,2075,103.421
ind,2076,105.734
ind,2077,105.378
ind,2078,107.573
ind,2079,110.003
ind,2080,109.558
ind,2081,112.005
ind,2082,114.425
ind,2083,114.024
ind,2084,116.896
ind,2085,120.011
ind,2086,119.544
ind,2087,122.466
ind,2088,122.222
ind,2089,125.194
ind,2090,128.33
ind,2091,127.879
ind,2092,131.013
ind,2093,130.557
ind,2094,133.906
ind,2095,133.118
ind,2096,136.385
ind,2097,139.735
ind,2098,139.012
ind,2099,142.429
ind,2100,142.136
idn,1800,2.602
idn,1801,2.602
idn,1802,2.602
idn,1803,2.602
idn,1804,2.602
idn,1805,2.531
idn,1806,2.531
idn,1807,2.531
idn,1808,2.531
idn,1809,2.531
idn,1810,2.531
idn,1811,2.462
idn,1812,2.461
idn,1813,2.462
idn,1814,2.452
idn,1815,2.32
idn,1816,2.531
idn,1817,2.462
idn,1818,2.385
idn,1819,2.385
idn,1820,2.385
idn,1821,2.385
idn,1822,2.385
idn,1823,2.385
idn,1824,2.32
idn,1825,2.385
idn,1826,2.531
idn,1827,2.531
idn,1828,2.462
idn,1829,2.385
idn,1830,2.385
idn,1831,2.32
idn,1832,2.32
idn,1833,2.452
idn,1834,2.531
idn,1835,2.453
idn,1836,2.385
idn,1837,2.531
idn,1838,2.462
idn,1839,2.452
idn,1840,2.531
idn,1841,2.531
idn,1842,2.531
idn,1843,2.462
idn,1844,2.386
idn,1845,2.257
idn,1846,2.195
idn,1847,2.135
idn,1848,2.256
idn,1849,2.135
idn,1850,2.076
idn,1851,2.135
idn,1852,2.076
idn,1853,2.135
idn,1854,2.076
idn,1855,2.135
idn,1856,2.32
idn,1857,2.195
idn,1858,2.385
idn,1859,2.385
idn,1860,2.385
idn,1861,2.385
idn,1862,2.195
idn,1863,2.257
idn,1864,2.195
idn,1865,2.257
idn,1866,2.32
idn,1867,2.385
idn,1868,2.32
idn,1869,2.257
idn,1870,2.32
idn,1871,2.32
idn,1872,2.389
idn,1873,2.327
idn,1874,2.331
idn,1875,2.4
idn,1876,2.404
idn,1877,2.476
idn,1878,2.558
idn,1879,2.492
idn,1880,3.066
idn,1881,3.245
idn,1882,3.16
idn,1883,3.078
idn,1884,3.36
idn,1885,3.364
idn,1886,3.266
idn,1887,3.27
idn,1888,3.274
idn,1889,3.188
idn,1890,3.105
idn,1891,3.196
idn,1892,3.29
idn,1893,3.294
idn,1894,3.4
idn,1895,3.302
idn,1896,3.306
idn,1897,3.31
idn,1898,3.314
idn,1899,3.42
idn,1900,3.52
idn,1901,3.428
idn,1902,3.329
idn,1903,3.435
idn,1904,3.536
idn,1905,3.54
idn,1906,3.544
idn,1907,3.647
idn,1908,3.551
idn,1909,3.758
idn,1910,3.868
idn,1911,4.093
idn,1912,4.097
idn,1913,4.217
idn,1914,4.221
idn,1915,4.225
idn,1916,4.23
idn,1917,4.119
idn,1918,4.238
idn,1919,4.611
idn,1920,4.367
idn,1921,4.371
idn,1922,4.375
idn,1923,4.503
idn,1924,4.627
idn,1925,4.631
idn,1926,4.907
idn,1927,5.187
idn,1928,5.338
idn,1929,5.343
idn,1930,5.349
idn,1931,4.931
idn,1932,4.665
idn,1933,4.676
idn,1934,4.68
idn,1935,4.679
idn,1936,4.951
idn,1937,5.386
idn,1938,5.244
idn,1939,5.249
idn,1940,5.552
idn,1941,5.674
idn,1942,4.162
idn,1943,3.702
idn,1944,2.865
idn,1945,2.54
idn,1946,2.596
idn,1947,2.893
idn,1948,3.692
idn,1949,3.472
idn,1950,3.75
idn,1951,3.94
idn,1952,4.026
idn,1953,4.114
idn,1954,4.32
idn,1955,4.294
idn,1956,4.268
idn,1957,4.486
idn,1958,4.217
idn,1959,4.309
idn,1960,4.404
idn,1961,4.626
idn,1962,4.47
idn,1963,4.086
idn,1964,4.174
idn,1965,4.147
idn,1966,4.007
idn,1967,3.873
idn,1968,4.066
idn,1969,4.27
idn,1970,4.61
idn,1971,4.708
idn,1972,4.946
idn,1973,5.489
idn,1974,5.606
idn,1975,5.57
idn,1976,5.848
idn,1977,6.141
idn,1978,6.273
idn,1979,6.407
idn,1980,6.728
idn,1981,7.346
idn,1982,7.393
idn,1983,7.67
idn,1984,8.235
idn,1985,8.479
idn,1986,8.969
idn,1987,9.478
idn,1988,10.115
idn,1989,11.001
idn,1990,11.98
idn,1991,12.571
idn,1992,13.117
idn,1993,13.698
idn,1994,14.314
idn,1995,15.096
idn,1996,15.784
idn,1997,16.529
idn,1998,14.573
idn,1999,14.431
idn,2000,15.054
idn,2001,15.04
idn,2002,15.559
idn,2003,16.3
idn,2004,16.819
idn,2005,17.72
idn,2006,18.165
idn,2007,18.359
idn,2008,19.385
idn,2009,19.667
idn,2010,20.353
idn,2011,19.975
idn,2012,21.205
idn,2013,21.236
idn,2014,22.289
idn,2015,23.638
idn,2016,25.324
idn,2017,25.27
idn,2018,27.534
idn,2019,29.102
idn,2020,28.098
idn,2021,29.681
idn,2022,29.929
idn,2023,30.639
idn,2024,31.936
idn,2025,33.525
idn,2026,36.937
idn,2027,38.483
idn,2028,41.147
idn,2029,43.719
idn,2030,46.182
idn,2031,47.495
idn,2032,48.818
idn,2033,50.162
idn,2034,50.046
idn,2035,51.402
idn,2036,52.733
idn,2037,54.141
idn,2038,55.698
idn,2039,55.789
idn,2040,57.365
idn,2041,59.019
idn,2042,60.596
idn,2043,60.584
idn,2044,62.285
idn,2045,64.071
idn,2046,65.71
idn,2047,65.719
idn,2048,67.507
idn,2049,69.379
idn,2050,71.281
idn,2051,71.273
idn,2052,73.21
idn,2053,75.126
idn,2054,75.053
idn,2055,77.17
idn,2056,79.133
idn,2057,81.422
idn,2058,81.247
idn,2059,83.444
idn,2060,85.496
idn,2061,85.225
idn,2062,87.588
idn,2063,87.485
idn,2064,89.805
idn,2065,92.094
idn,2066,91.981
idn,2067,94.238
idn,2068,96.518
idn,2069,96.389
idn,2070,98.781
idn,2071,98.647
idn,2072,101.095
idn,2073,100.97
idn,2074,103.759
idn,2075,106.748
idn,2076,106.528
idn,2077,109.38
idn,2078,109.434
idn,2079,112.303
idn,2080,112.163
idn,2081,115.219
idn,2082,115.079
idn,2083,118.173
idn,2084,118.033
idn,2085,121.211
idn,2086,121.255
idn,2087,124.266
idn,2088,124.127
idn,2089,127.476
idn,2090,127.052
idn,2091,130.482
idn,2092,130.542
idn,2093,130.33
idn,2094,133.859
idn,2095,133.727
idn,2096,136.929
idn,2097,136.794
idn,2098,136.664
idn,2099,140.374
idn,2100,140.352
irn,1800,2.584
irn,1801,2.584
irn,1802,2.584
irn,1803,2.584
irn,1804,2.584
irn,1805,2.584
irn,1806,2.584
irn,1807,2.584
irn,1808,2.584
irn,1809,2.584
irn,1810,2.584
irn,1811,2.584
irn,1812,2.584
irn,1813,2.584
irn,1814,2.584
irn,1815,2.584
irn,1816,2.584
irn,1817,2.584
irn,1818,2.584
irn,1819,2.584
irn,1820,2.584
irn,1821,2.584
irn,1822,2.584
irn,1823,2.584
irn,1824,2.584
irn,1825,2.584
irn,1826,2.656
irn,1827,2.656
irn,1828,2.656
irn,1829,2.656
irn,1830,2.656
irn,1831,2.656
irn,1832,2.656
irn,1833,2.656
irn,1834,2.656
irn,1835,2.656
irn,1836,2.656
irn,1837,2.656
irn,1838,2.656
irn,1839,2.652
irn,1840,2.652
irn,1841,2.652
irn,1842,2.727
irn,1843,2.727
irn,1844,2.727
irn,1845,2.727
irn,1846,2.727
irn,1847,2.727
irn,1848,2.727
irn,1849,2.727
irn,1850,2.727
irn,1851,2.726
irn,1852,2.727
irn,1853,2.727
irn,1854,2.726
irn,1855,2.727
irn,1856,2.726
irn,1857,2.727
irn,1858,2.803
irn,1859,2.803
irn,1860,2.803
irn,1861,2.803
irn,1862,2.803
irn,1863,2.803
irn,1864,2.803
irn,1865,2.803
irn,1866,2.803
irn,1867,2.803
irn,1868,2.803
irn,1869,2.803
irn,1870,2.803
irn,1871,2.803
irn,1872,2.876
irn,1873,2.87
irn,1874,2.863
irn,1875,2.857
irn,1876,2.931
irn,1877,2.925
irn,1878,2.918
irn,1879,2.912
irn,1880,2.987
irn,1881,2.981
irn,1882,2.974
irn,1883,2.967
irn,1884,3.044
irn,1885,3.022
irn,1886,3.015
irn,1887,3.008
irn,1888,3.086
irn,1889,3.079
irn,1890,3.072
irn,1891,3.065
irn,1892,3.144
irn,1893,3.137
irn,1894,3.13
irn,1895,3.122
irn,1896,3.203
irn,1897,3.195
irn,1898,3.188
irn,1899,3.18
irn,1900,3.173
irn,1901,3.265
irn,1902,3.257
irn,1903,3.249
irn,1904,3.241
irn,1905,3.324
irn,1906,3.316
irn,1907,3.308
irn,1908,3.3
irn,1909,3.384
irn,1910,3.376
irn,1911,3.367
irn,1912,3.359
irn,1913,3.445
irn,1914,3.436
irn,1915,3.524
irn,1916,3.64
irn,1917,3.732
irn,1918,3.722
irn,1919,3.816
irn,1920,3.913
irn,1921,4.012
irn,1922,4.001
irn,1923,4.102
irn,1924,4.227
irn,1925,4.333
irn,1926,4.321
irn,1927,4.456
irn,1928,4.567
irn,1929,4.681
irn,1930,4.677
irn,1931,4.794
irn,1932,4.913
irn,1933,5.085
irn,1934,5.067
irn,1935,5.216
irn,1936,5.371
irn,1937,5.502
irn,1938,5.519
irn,1939,5.664
irn,1940,5.826
irn,1941,6.031
irn,1942,6.179
irn,1943,6.487
irn,1944,6.655
irn,1945,6.768
irn,1946,7.074
irn,1947,7.168
irn,1948,7.274
irn,1949,7.368
irn,1950,7.673
irn,1951,7.354
irn,1952,7.244
irn,1953,6.941
irn,1954,6.838
irn,1955,6.735
irn,1956,7.211
irn,1957,7.935
irn,1958,8.764
irn,1959,9.39
irn,1960,10.068
irn,1961,10.503
irn,1962,10.679
irn,1963,11.455
irn,1964,11.968
irn,1965,13.222
irn,1966,14.183
irn,1967,15.211
irn,1968,17.267
irn,1969,19.074
irn,1970,15.904
irn,1971,17.107
irn,1972,19.405
irn,1973,20.255
irn,1974,21.142
irn,1975,20.877
irn,1976,23.679
irn,1977,22.126
irn,1978,19.018
irn,1979,16.348
irn,1980,12.579
irn,1981,11.886
irn,1982,14.151
irn,1983,15.527
irn,1984,14.618
irn,1985,14.635
irn,1986,12.912
irn,1987,12.881
irn,1988,12.299
irn,1989,13.237
irn,1990,15.222
irn,1991,16.904
irn,1992,17.532
irn,1993,17.207
irn,1994,16.944
irn,1995,17.187
irn,1996,18.103
irn,1997,18.181
irn,1998,18.393
irn,1999,18.62
irn,2000,19.437
irn,2001,19.768
irn,2002,21.211
irn,2003,22.772
irn,2004,23.161
irn,2005,23.04
irn,2006,23.078
irn,2007,24.875
irn,2008,25.076
irn,2009,25.482
irn,2010,27.261
irn,2011,29.139
irn,2012,28.211
irn,2013,27.456
irn,2014,28.353
irn,2015,27.336
irn,2016,28.847
irn,2017,28.923
irn,2018,27.815
irn,2019,27.143
irn,2020,27.991
irn,2021,29.553
irn,2022,30.221
irn,2023,32.357
irn,2024,32.884
irn,2025,32.765
irn,2026,34.981
irn,2027,35.35
irn,2028,36.525
irn,2029,37.69
irn,2030,37.604
irn,2031,38.721
irn,2032,39.866
irn,2033,41.026
irn,2034,42.239
irn,2035,42.305
irn,2036,43.521
irn,2037,44.815
irn,2038,46.135
irn,2039,47.432
irn,2040,47.443
irn,2041,48.842
irn,2042,50.267
irn,2043,51.697
irn,2044,51.747
irn,2045,53.155
irn,2046,54.661
irn,2047,56.233
irn,2048,56.239
irn,2049,57.818
irn,2050,59.466
irn,2051,59.623
irn,2052,61.303
irn,2053,63.073
irn,2054,64.929
irn,2055,64.975
irn,2056,66.859
irn,2057,68.787
irn,2058,68.834
irn,2059,70.759
irn,2060,70.864
irn,2061,72.905
irn,2062,75.004
irn,2063,74.934
irn,2064,77.151
irn,2065,79.336
irn,2066,79.385
irn,2067,81.522
irn,2068,81.569
irn,2069,83.911
irn,2070,83.992
irn,2071,86.404
irn,2072,88.885
irn,2073,88.931
irn,2074,91.365
irn,2075,91.417
irn,2076,94.042
irn,2077,94.096
irn,2078,96.611
irn,2079,96.666
irn,2080,99.422
irn,2081,99.495
irn,2082,102.633
irn,2083,102.845
irn,2084,105.997
irn,2085,106.071
irn,2086,109.18
irn,2087,108.977
irn,2088,111.774
irn,2089,111.849
irn,2090,111.926
irn,2091,115.153
irn,2092,115.234
irn,2093,118.579
irn,2094,118.497
irn,2095,118.574
irn,2096,122.008
irn,2097,122.098
irn,2098,125.625
irn,2099,125.946
irn,2100,125.857
irq,1800,2.557
irq,1801,2.557
irq,1802,2.557
irq,1803,2.557
irq,1804,2.557
irq,1805,2.557
irq,1806,2.557
irq,1807,2.557
irq,1808,2.539
irq,1809,2.539
irq,1810,2.539
irq,1811,2.539
irq,1812,2.539
irq,1813,2.539
irq,1814,2.539
irq,1815,2.539
irq,1816,2.539
irq,1817,2.539
irq,1818,2.539
irq,1819,2.539
irq,1820,2.539
irq,1821,2.539
irq,1822,2.611
irq,1823,2.611
irq,1824,2.61
irq,1825,2.611
irq,1826,2.611
irq,1827,2.61
irq,1828,2.61
irq,1829,2.61
irq,1830,2.611
irq,1831,2.611
irq,1832,2.61
irq,1833,2.61
irq,1834,2.61
irq,1835,2.61
irq,1836,2.61
irq,1837,2.61
irq,1838,2.684
irq,1839,2.684
irq,1840,2.684
irq,1841,2.684
irq,1842,2.684
irq,1843,2.684
irq,1844,2.684
irq,1845,2.684
irq,1846,2.684
irq,1847,2.684
irq,1848,2.684
irq,1849,2.684
irq,1850,2.684
irq,1851,2.684
irq,1852,2.683
irq,1853,2.684
irq,1854,2.759
irq,1855,2.759
irq,1856,2.759
irq,1857,2.759
irq,1858,2.759
irq,1859,2.759
irq,1860,2.759
irq,1861,2.759
irq,1862,2.759
irq,1863,2.759
irq,1864,2.759
irq,1865,2.759
irq,1866,2.759
irq,1867,2.759
irq,1868,2.759
irq,1869,2.759
irq,1870,2.836
irq,1871,2.836
irq,1872,2.844
irq,1873,2.852
irq,1874,2.94
irq,1875,2.948
irq,1876,2.955
irq,1877,2.963
irq,1878,2.97
irq,1879,3.062
irq,1880,3.069
irq,1881,3.077
irq,1882,3.085
irq,1883,3.179
irq,1884,3.187
irq,1885,3.195
irq,1886,3.203
irq,1887,3.301
irq,1888,3.309
irq,1889,3.316
irq,1890,3.324
irq,1891,3.425
irq,1892,3.433
irq,1893,3.441
irq,1894,3.449
irq,1895,3.554
irq,1896,3.562
irq,1897,3.57
irq,1898,3.578
irq,1899,3.686
irq,1900,3.694
irq,1901,3.702
irq,1902,3.71
irq,1903,3.822
irq,1904,3.83
irq,1905,3.838
irq,1906,3.846
irq,1907,3.853
irq,1908,3.97
irq,1909,3.978
irq,1910,3.986
irq,1911,3.994
irq,1912,4.114
irq,1913,4.122
irq,1914,4.129
irq,1915,4.253
irq,1916,4.261
irq,1917,4.389
irq,1918,4.521
irq,1919,4.529
irq,1920,4.665
irq,1921,4.673
irq,1922,4.813
irq,1923,4.822
irq,1924,4.966
irq,1925,4.975
irq,1926,5.124
irq,1927,5.132
irq,1928,5.286
irq,1929,5.295
irq,1930,5.452
irq,1931,5.461
irq,1932,5.623
irq,1933,5.633
irq,1934,5.8
irq,1935,5.81
irq,1936,5.982
irq,1937,5.992
irq,1938,6.17
irq,1939,6.18
irq,1940,6.363
irq,1941,6.392
irq,1942,6.602
irq,1943,6.631
irq,1944,6.848
irq,1945,6.879
irq,1946,7.104
irq,1947,7.136
irq,1948,7.167
irq,1949,7.401
irq,1950,7.434
irq,1951,7.886
irq,1952,8.608
irq,1953,11.757
irq,1954,13.629
irq,1955,12.919
irq,1956,13.346
irq,1957,12.669
irq,1958,13.846
irq,1959,14.298
irq,1960,15.22
irq,1961,16.634
irq,1962,17.157
irq,1963,16.268
irq,1964,17.754
irq,1965,18.83
irq,1966,18.9
irq,1967,17.924
irq,1968,20.691
irq,1969,20.752
irq,1970,19.681
irq,1971,20.305
irq,1972,18.723
irq,1973,21.607
irq,1974,22.283
irq,1975,24.974
irq,1976,29.599
irq,1977,28.871
irq,1978,33.26
irq,1979,39.387
irq,1980,38.418
irq,1981,29.606
irq,1982,28.193
irq,1983,25.256
irq,1984,24.457
irq,1985,23.815
irq,1986,24.313
irq,1987,27.419
irq,1988,25.399
irq,1989,22.726
irq,1990,22.292
irq,1991,8.208
irq,1992,10.752
irq,1993,12.884
irq,1994,12.935
irq,1995,12.804
irq,1996,14.101
irq,1997,16.353
irq,1998,21.261
irq,1999,24.813
irq,2000,28.22
irq,2001,28.858
irq,2002,26.672
irq,2003,16.979
irq,2004,25.426
irq,2005,25.475
irq,2006,26.954
irq,2007,27.663
irq,2008,29.341
irq,2009,29.292
irq,2010,30.207
irq,2011,31.163
irq,2012,33.86
irq,2013,35.001
irq,2014,35.232
irq,2015,34.891
irq,2016,38.745
irq,2017,37.326
irq,2018,37.558
irq,2019,39.103
irq,2020,33.769
irq,2021,33.573
irq,2022,36.204
irq,2023,36.712
irq,2024,34.738
irq,2025,33.354
irq,2026,33.84
irq,2027,35.803
irq,2028,36.799
irq,2029,36.77
irq,2030,38.438
irq,2031,39.426
irq,2032,40.466
irq,2033,40.364
irq,2034,41.412
irq,2035,42.435
irq,2036,43.471
irq,2037,44.554
irq,2038,45.582
irq,2039,46.644
irq,2040,47.738
irq,2041,47.536
irq,2042,48.618
irq,2043,49.721
irq,2044,50.913
irq,2045,52.107
irq,2046,53.268
irq,2047,54.597
irq,2048,54.249
irq,2049,55.442
irq,2050,56.777
irq,2051,58.169
irq,2052,59.545
irq,2053,61.028
irq,2054,60.732
irq,2055,62.078
irq,2056,63.524
irq,2057,65.091
irq,2058,66.694
irq,2059,68.329
irq,2060,67.997
irq,2061,69.585
irq,2062,71.532
irq,2063,73.306
irq,2064,75.27
irq,2065,75.103
irq,2066,77.15
irq,2067,78.933
irq,2068,80.89
irq,2069,80.609
irq,2070,82.466
irq,2071,84.621
irq,2072,86.842
irq,2073,86.897
irq,2074,88.907
irq,2075,90.955
irq,2076,93.376
irq,2077,93.363
irq,2078,95.526
irq,2079,97.737
irq,2080,97.364
irq,2081,99.713
irq,2082,101.954
irq,2083,101.569
irq,2084,103.691
irq,2085,106.02
irq,2086,105.539
irq,2087,107.837
irq,2088,110.432
irq,2089,109.956
irq,2090,112.474
irq,2091,112.037
irq,2092,114.625
irq,2093,117.331
irq,2094,116.842
irq,2095,119.546
irq,2096,118.716
irq,2097,121.69
irq,2098,124.503
irq,2099,124.138
irq,2100,126.849
irl,1800,3.361
irl,1801,3.455
irl,1802,3.455
irl,1803,3.455
irl,1804,3.455
irl,1805,3.552
irl,1806,3.532
irl,1807,3.532
irl,1808,3.532
irl,1809,3.631
irl,1810,3.631
irl,1811,3.631
irl,1812,3.631
irl,1813,3.733
irl,1814,3.733
irl,1815,3.733
irl,1816,3.733
irl,1817,3.838
irl,1818,3.838
irl,1819,3.838
irl,1820,4.074
irl,1821,4.189
irl,1822,4.188
irl,1823,4.306
irl,1824,4.306
irl,1825,4.427
irl,1826,4.483
irl,1827,4.609
irl,1828,4.609
irl,1829,4.738
irl,1830,4.872
irl,1831,4.872
irl,1832,5.008
irl,1833,5.008
irl,1834,5.149
irl,1835,5.149
irl,1836,5.294
irl,1837,5.294
irl,1838,5.294
irl,1839,5.294
irl,1840,5.149
irl,1841,5.149
irl,1842,5.149
irl,1843,5.149
irl,1844,5.149
irl,1845,4.609
irl,1846,4.074
irl,1847,4.188
irl,1848,3.733
irl,1849,3.455
irl,1850,4.074
irl,1851,4.609
irl,1852,6.928
irl,1853,6.928
irl,1854,7.123
irl,1855,7.194
irl,1856,7.487
irl,1857,7.486
irl,1858,7.715
irl,1859,7.804
irl,1860,8.023
irl,1861,8.046
irl,1862,8.358
irl,1863,8.449
irl,1864,8.88
irl,1865,9.06
irl,1866,9.405
irl,1867,9.406
irl,1868,9.762
irl,1869,9.767
irl,1870,10.168
irl,1871,10.192
irl,1872,10.542
irl,1873,10.529
irl,1874,10.583
irl,1875,10.865
irl,1876,10.85
irl,1877,10.903
irl,1878,11.193
irl,1879,11.176
irl,1880,11.16
irl,1881,11.457
irl,1882,11.441
irl,1883,11.745
irl,1884,11.727
irl,1885,11.71
irl,1886,12.068
irl,1887,12.049
irl,1888,12.03
irl,1889,12.35
irl,1890,12.33
irl,1891,12.311
irl,1892,12.637
irl,1893,12.618
irl,1894,12.952
irl,1895,12.931
irl,1896,12.911
irl,1897,13.253
irl,1898,13.232
irl,1899,13.211
irl,1900,13.56
irl,1901,13.539
irl,1902,13.518
irl,1903,13.876
irl,1904,13.853
irl,1905,14.219
irl,1906,14.196
irl,1907,14.173
irl,1908,14.547
irl,1909,14.523
irl,1910,14.499
irl,1911,14.882
irl,1912,14.858
irl,1913,14.833
irl,1914,14.808
irl,1915,14.783
irl,1916,14.355
irl,1917,14.331
irl,1918,14.307
irl,1919,13.894
irl,1920,13.871
irl,1921,13.847
irl,1922,14.212
irl,1923,13.799
irl,1924,13.776
irl,1925,13.752
irl,1926,13.728
irl,1927,14.09
irl,1928,14.461
irl,1929,15.312
irl,1930,15.743
irl,1931,15.76
irl,1932,15.256
irl,1933,14.786
irl,1934,15.199
irl,1935,15.639
irl,1936,16.066
irl,1937,15.559
irl,1938,16.002
irl,1939,15.974
irl,1940,15.942
irl,1941,16.254
irl,1942,16.119
irl,1943,15.985
irl,1944,15.852
irl,1945,15.721
irl,1946,15.59
irl,1947,15.895
irl,1948,16.68
irl,1949,17.534
irl,1950,17.385
irl,1951,18.27
irl,1952,18.112
irl,1953,18.979
irl,1954,18.815
irl,1955,19.695
irl,1956,18.992
irl,1957,19.358
irl,1958,18.666
irl,1959,19.57
irl,1960,20.538
irl,1961,21.54
irl,1962,22.633
irl,1963,23.041
irl,1964,24.206
irl,1965,24.005
irl,1966,23.821
irl,1967,24.932
irl,1968,26.944
irl,1969,29.09
irl,1970,28.874
irl,1971,29.465
irl,1972,30.909
irl,1973,31.52
irl,1974,32.179
irl,1975,33.751
irl,1976,33.484
irl,1977,35.113
irl,1978,37.852
irl,1979,37.555
irl,1980,38.303
irl,1981,40.623
irl,1982,42.131
irl,1983,42.443
irl,1984,44.923
irl,1985,46.376
irl,1986,47.513
irl,1987,49.99
irl,1988,52.986
irl,1989,56.746
irl,1990,63.183
irl,1991,63.922
irl,1992,64.947
irl,1993,67.615
irl,1994,70.735
irl,1995,75.543
irl,1996,83.293
irl,1997,92.754
irl,1998,101.226
irl,1999,110.427
irl,2000,123.754
irl,2001,128.471
irl,2002,132.502
irl,2003,137.397
irl,2004,140.875
irl,2005,146.616
irl,2006,151.038
irl,2007,151.208
irl,2008,147.949
irl,2009,138.887
irl,2010,140.266
irl,2011,139.514
irl,2012,137.128
irl,2013,139.409
irl,2014,152.657
irl,2015,191.107
irl,2016,184.349
irl,2017,206.386
irl,2018,215.83
irl,2019,224.037
irl,2020,238.496
irl,2021,280.526
irl,2022,269.168
irl,2023,250.808
irl,2024,246.155
irl,2025,256.357
irl,2026,273.784
irl,2027,285.132
irl,2028,296.098
irl,2029,306.0
irl,2030,316.516
irl,2031,305.144
irl,2032,302.586
irl,2033,300.141
irl,2034,297.801
irl,2035,295.561
irl,2036,293.468
irl,2037,291.418
irl,2038,281.666
irl,2039,279.793
irl,2040,278.187
irl,2041,276.512
irl,2042,274.907
irl,2043,273.367
irl,2044,272.121
irl,2045,270.71
irl,2046,269.649
irl,2047,261.151
irl,2048,260.21
irl,2049,259.066
irl,2050,257.971
irl,2051,256.919
irl,2052,255.853
irl,2053,254.886
irl,2054,253.989
irl,2055,253.168
irl,2056,252.315
irl,2057,244.618
irl,2058,243.855
irl,2059,243.248
irl,2060,242.548
irl,2061,241.878
irl,2062,241.235
irl,2063,240.859
irl,2064,240.276
irl,2065,239.786
irl,2066,239.253
irl,2067,238.743
irl,2068,238.256
irl,2069,237.79
irl,2070,237.346
irl,2071,236.923
irl,2072,230.149
irl,2073,229.775
irl,2074,229.421
irl,2075,229.112
irl,2076,228.792
irl,2077,228.488
irl,2078,228.571
irl,2079,228.306
irl,2080,228.056
irl,2081,227.819
irl,2082,227.597
irl,2083,227.389
irl,2084,227.193
irl,2085,227.01
irl,2086,226.84
irl,2087,226.821
irl,2088,226.675
irl,2089,226.543
irl,2090,226.42
irl,2091,226.309
irl,2092,226.209
irl,2093,226.118
irl,2094,226.037
irl,2095,225.967
irl,2096,219.748
irl,2097,219.697
irl,2098,219.655
irl,2099,219.622
irl,2100,219.597
isr,1800,2.588
isr,1801,2.588
isr,1802,2.588
isr,1803,2.588
isr,1804,2.588
isr,1805,2.588
isr,1806,2.588
isr,1807,2.588
isr,1808,2.588
isr,1809,2.588
isr,1810,2.588
isr,1811,2.588
isr,1812,2.588
isr,1813,2.588
isr,1814,2.588
isr,1815,2.588
isr,1816,2.588
isr,1817,2.588
isr,1818,2.588
isr,1819,2.588
isr,1820,2.588
isr,1821,2.588
isr,1822,2.588
isr,1823,2.588
isr,1824,2.588
isr,1825,2.588
isr,1826,2.588
isr,1827,2.588
isr,1828,2.588
isr,1829,2.588
isr,1830,2.588
isr,1831,2.661
isr,1832,2.661
isr,1833,2.661
isr,1834,2.661
isr,1835,2.661
isr,1836,2.661
isr,1837,2.661
isr,1838,2.661
isr,1839,2.661
isr,1840,2.661
isr,1841,2.661
isr,1842,2.661
isr,1843,2.661
isr,1844,2.661
isr,1845,2.661
isr,1846,2.661
isr,1847,2.661
isr,1848,2.661
isr,1849,2.661
isr,1850,2.661
isr,1851,2.661
isr,1852,2.661
isr,1853,2.661
isr,1854,2.661
isr,1855,2.661
isr,1856,2.661
isr,1857,2.661
isr,1858,2.661
isr,1859,2.661
isr,1860,2.661
isr,1861,2.661
isr,1862,2.661
isr,1863,2.661
isr,1864,2.661
isr,1865,2.661
isr,1866,2.661
isr,1867,2.661
isr,1868,2.661
isr,1869,2.661
isr,1870,2.661
isr,1871,2.661
isr,1872,2.664
isr,1873,2.667
isr,1874,2.745
isr,1875,2.748
isr,1876,2.752
isr,1877,2.755
isr,1878,2.758
isr,1879,2.761
isr,1880,2.842
isr,1881,2.846
isr,1882,2.849
isr,1883,2.853
isr,1884,2.937
isr,1885,2.941
isr,1886,2.944
isr,1887,2.948
isr,1888,2.951
isr,1889,3.038
isr,1890,3.042
isr,1891,3.045
isr,1892,3.049
isr,1893,3.053
isr,1894,3.142
isr,1895,3.146
isr,1896,3.15
isr,1897,3.154
isr,1898,3.158
isr,1899,3.25
isr,1900,3.255
isr,1901,3.259
isr,1902,3.263
isr,1903,3.267
isr,1904,3.363
isr,1905,3.367
isr,1906,3.372
isr,1907,3.376
isr,1908,3.381
isr,1909,3.48
isr,1910,3.485
isr,1911,3.489
isr,1912,3.494
isr,1913,3.498
isr,1914,3.407
isr,1915,3.227
isr,1916,3.057
isr,1917,2.896
isr,1918,3.065
isr,1919,3.155
isr,1920,3.248
isr,1921,3.344
isr,1922,3.539
isr,1923,3.352
isr,1924,4.19
isr,1925,4.56
isr,1926,3.866
isr,1927,4.208
isr,1928,4.708
isr,1929,5.267
isr,1930,6.404
isr,1931,7.164
isr,1932,8.254
isr,1933,10.107
isr,1934,11.383
isr,1935,10.736
isr,1936,8.771
isr,1937,7.849
isr,1938,7.232
isr,1939,6.851
isr,1940,7.053
isr,1941,7.838
isr,1942,9.228
isr,1943,9.72
isr,1944,9.962
isr,1945,10.198
isr,1946,11.084
isr,1947,11.684
isr,1948,12.298
isr,1949,12.584
isr,1950,13.216
isr,1951,14.745
isr,1952,14.246
isr,1953,13.367
isr,1954,15.778
isr,1955,17.03
isr,1956,17.903
isr,1957,18.332
isr,1958,18.787
isr,1959,20.876
isr,1960,21.308
isr,1961,22.388
isr,1962,23.539
isr,1963,25.43
isr,1964,26.703
isr,1965,27.308
isr,1966,27.113
isr,1967,26.915
isr,1968,29.031
isr,1969,32.225
isr,1970,33.795
isr,1971,36.492
isr,1972,39.344
isr,1973,39.055
isr,1974,40.95
isr,1975,40.606
isr,1976,39.199
isr,1977,38.911
isr,1978,39.703
isr,1979,40.527
isr,1980,41.394
isr,1981,43.964
isr,1982,45.728
isr,1983,46.687
isr,1984,47.412
isr,1985,49.668
isr,1986,51.428
isr,1987,55.122
isr,1988,57.168
isr,1989,58.809
isr,1990,62.488
isr,1991,63.276
isr,1992,65.383
isr,1993,64.753
isr,1994,67.753
isr,1995,70.643
isr,1996,71.695
isr,1997,72.104
isr,1998,73.088
isr,1999,73.231
isr,2000,77.393
isr,2001,76.086
isr,2002,73.629
isr,2003,73.241
isr,2004,74.281
isr,2005,74.941
isr,2006,80.097
isr,2007,84.122
isr,2008,85.306
isr,2009,82.202
isr,2010,86.43
isr,2011,90.067
isr,2012,90.687
isr,2013,94.024
isr,2014,98.012
isr,2015,97.27
isr,2016,100.243
isr,2017,104.545
isr,2018,107.087
isr,2019,109.819
isr,2020,107.06
isr,2021,113.411
isr,2022,118.031
isr,2023,109.973
isr,2024,107.244
isr,2025,110.635
isr,2026,115.712
isr,2027,121.235
isr,2028,126.046
isr,2029,130.4
isr,2030,135.324
isr,2031,134.572
isr,2032,137.417
isr,2033,136.092
isr,2034,135.397
isr,2035,138.529
isr,2036,137.825
isr,2037,141.044
isr,2038,140.427
isr,2039,139.634
isr,2040,142.862
isr,2041,142.125
isr,2042,145.465
isr,2043,144.789
isr,2044,144.123
isr,2045,147.513
isr,2046,146.756
isr,2047,146.107
isr,2048,149.593
isr,2049,148.951
isr,2050,148.298
isr,2051,151.832
isr,2052,151.209
isr,2053,150.581
isr,2054,154.106
isr,2055,153.501
isr,2056,152.856
isr,2057,156.556
isr,2058,156.054
isr,2059,155.418
isr,2060,159.077
isr,2061,158.324
isr,2062,157.765
isr,2063,157.217
isr,2064,161.086
isr,2065,160.681
isr,2066,160.127
isr,2067,159.612
isr,2068,163.701
isr,2069,163.197
isr,2070,162.653
isr,2071,162.169
isr,2072,161.696
isr,2073,165.687
isr,2074,165.221
isr,2075,164.418
isr,2076,163.659
isr,2077,167.802
isr,2078,167.353
isr,2079,166.915
isr,2080,166.299
isr,2081,165.78
isr,2082,165.372
isr,2083,169.457
isr,2084,169.049
isr,2085,168.65
isr,2086,168.261
isr,2087,167.646
isr,2088,171.975
isr,2089,171.598
isr,2090,171.231
isr,2091,170.867
isr,2092,170.515
isr,2093,170.171
isr,2094,169.835
isr,2095,174.271
isr,2096,173.941
isr,2097,174.04
isr,2098,173.729
isr,2099,173.427
isr,2100,173.131
ita,1800,8.203
ita,1801,7.979
ita,1802,7.979
ita,1803,7.979
ita,1804,8.203
ita,1805,8.203
ita,1806,8.203
ita,1807,8.203
ita,1808,8.203
ita,1809,7.979
ita,1810,7.979
ita,1811,7.979
ita,1812,7.979
ita,1813,7.979
ita,1814,7.979
ita,1815,7.979
ita,1816,7.979
ita,1817,7.979
ita,1818,8.203
ita,1819,8.203
ita,1820,8.203
ita,1821,8.203
ita,1822,8.203
ita,1823,8.203
ita,1824,8.203
ita,1825,8.203
ita,1826,8.203
ita,1827,8.13
ita,1828,8.026
ita,1829,7.681
ita,1830,7.616
ita,1831,7.514
ita,1832,7.52
ita,1833,7.448
ita,1834,7.636
ita,1835,7.596
ita,1836,7.001
ita,1837,6.898
ita,1838,6.531
ita,1839,6.446
ita,1840,6.155
ita,1841,6.155
ita,1842,6.198
ita,1843,6.233
ita,1844,6.487
ita,1845,6.487
ita,1846,6.527
ita,1847,6.527
ita,1848,6.565
ita,1849,6.565
ita,1850,6.57
ita,1851,6.57
ita,1852,6.596
ita,1853,6.596
ita,1854,6.596
ita,1855,6.596
ita,1856,6.57
ita,1857,6.57
ita,1858,6.57
ita,1859,6.565
ita,1860,6.565
ita,1861,6.565
ita,1862,6.711
ita,1863,6.899
ita,1864,6.711
ita,1865,7.093
ita,1866,6.527
ita,1867,6.71
ita,1868,6.711
ita,1869,6.939
ita,1870,7.369
ita,1871,7.212
ita,1872,6.834
ita,1873,6.818
ita,1874,7.321
ita,1875,7.718
ita,1876,7.82
ita,1877,8.458
ita,1878,8.686
ita,1879,8.697
ita,1880,8.681
ita,1881,8.888
ita,1882,9.283
ita,1883,9.271
ita,1884,9.264
ita,1885,9.3
ita,1886,9.546
ita,1887,9.767
ita,1888,9.726
ita,1889,9.201
ita,1890,9.201
ita,1891,9.478
ita,1892,9.537
ita,1893,9.782
ita,1894,9.817
ita,1895,9.779
ita,1896,10.114
ita,1897,10.19
ita,1898,10.16
ita,1899,10.217
ita,1900,10.491
ita,1901,10.524
ita,1902,10.747
ita,1903,10.647
ita,1904,10.986
ita,1905,11.139
ita,1906,11.332
ita,1907,11.758
ita,1908,11.838
ita,1909,12.266
ita,1910,12.365
ita,1911,12.523
ita,1912,12.559
ita,1913,13.301
ita,1914,12.65
ita,1915,11.99
ita,1916,13.054
ita,1917,13.078
ita,1918,12.77
ita,1919,12.103
ita,1920,12.511
ita,1921,12.379
ita,1922,13.47
ita,1923,14.254
ita,1924,14.74
ita,1925,15.599
ita,1926,15.619
ita,1927,15.271
ita,1928,16.195
ita,1929,16.704
ita,1930,15.817
ita,1931,15.949
ita,1932,16.052
ita,1933,16.091
ita,1934,15.631
ita,1935,16.568
ita,1936,15.729
ita,1937,17.116
ita,1938,17.512
ita,1939,18.372
ita,1940,17.826
ita,1941,17.17
ita,1942,16.145
ita,1943,13.405
ita,1944,10.365
ita,1945,9.176
ita,1946,12.61
ita,1947,14.907
ita,1948,16.218
ita,1949,17.078
ita,1950,18.468
ita,1951,19.961
ita,1952,21.005
ita,1953,22.16
ita,1954,23.304
ita,1955,24.584
ita,1956,25.265
ita,1957,26.623
ita,1958,27.338
ita,1959,28.865
ita,1960,30.469
ita,1961,32.969
ita,1962,34.616
ita,1963,37.435
ita,1964,38.229
ita,1965,37.961
ita,1966,39.778
ita,1967,41.624
ita,1968,44.676
ita,1969,47.411
ita,1970,49.194
ita,1971,49.412
ita,1972,49.984
ita,1973,54.373
ita,1974,55.387
ita,1975,53.307
ita,1976,57.559
ita,1977,58.852
ita,1978,60.253
ita,1979,63.242
ita,1980,64.651
ita,1981,69.158
ita,1982,73.481
ita,1983,78.145
ita,1984,80.867
ita,1985,84.722
ita,1986,90.559
ita,1987,89.959
ita,1988,96.332
ita,1989,100.848
ita,1990,109.167
ita,1991,111.844
ita,1992,111.971
ita,1993,111.226
ita,1994,112.527
ita,1995,116.279
ita,1996,117.311
ita,1997,120.641
ita,1998,120.811
ita,1999,125.466
ita,2000,133.517
ita,2001,135.658
ita,2002,136.008
ita,2003,132.22
ita,2004,136.458
ita,2005,137.306
ita,2006,139.043
ita,2007,142.506
ita,2008,139.933
ita,2009,130.92
ita,2010,131.818
ita,2011,131.378
ita,2012,127.572
ita,2013,126.073
ita,2014,125.984
ita,2015,128.58
ita,2016,129.707
ita,2017,130.93
ita,2018,131.753
ita,2019,132.571
ita,2020,122.208
ita,2021,131.693
ita,2022,132.56
ita,2023,129.721
ita,2024,132.126
ita,2025,135.05
ita,2026,140.168
ita,2027,142.196
ita,2028,143.873
ita,2029,148.737
ita,2030,151.675
ita,2031,150.989
ita,2032,154.207
ita,2033,153.173
ita,2034,156.432
ita,2035,155.459
ita,2036,158.798
ita,2037,157.78
ita,2038,156.805
ita,2039,160.169
ita,2040,159.189
ita,2041,162.674
ita,2042,161.627
ita,2043,165.188
ita,2044,164.255
ita,2045,163.244
ita,2046,166.878
ita,2047,165.942
ita,2048,165.025
ita,2049,168.792
ita,2050,167.855
ita,2051,167.047
ita,2052,170.851
ita,2053,169.976
ita,2054,169.154
ita,2055,173.046
ita,2056,172.114
ita,2057,171.286
ita,2058,175.265
ita,2059,174.455
ita,2060,173.654
ita,2061,172.869
ita,2062,176.939
ita,2063,176.207
ita,2064,175.449
ita,2065,179.617
ita,2066,178.871
ita,2067,178.139
ita,2068,177.243
ita,2069,181.499
ita,2070,180.575
ita,2071,179.94
ita,2072,179.257
ita,2073,183.368
ita,2074,182.626
ita,2075,181.809
ita,2076,181.161
ita,2077,180.526
ita,2078,184.962
ita,2079,184.266
ita,2080,183.374
ita,2081,182.769
ita,2082,182.178
ita,2083,186.705
ita,2084,186.123
ita,2085,185.553
ita,2086,184.995
ita,2087,184.369
ita,2088,183.834
ita,2089,188.463
ita,2090,187.937
ita,2091,187.421
ita,2092,186.917
ita,2093,186.424
ita,2094,185.94
ita,2095,190.312
ita,2096,189.867
ita,2097,189.397
ita,2098,188.939
ita,2099,188.488
ita,2100,188.048
jam,1800,4.453
jam,1801,4.453
jam,1802,4.453
jam,1803,4.453
jam,1804,4.453
jam,1805,4.453
jam,1806,4.453
jam,1807,4.453
jam,1808,4.453
jam,1809,4.453
jam,1810,4.453
jam,1811,4.453
jam,1812,4.453
jam,1813,4.453
jam,1814,4.453
jam,1815,4.453
jam,1816,4.453
jam,1817,4.453
jam,1818,4.453
jam,1819,4.453
jam,1820,4.453
jam,1821,4.453
jam,1822,4.331
jam,1823,4.331
jam,1824,4.331
jam,1825,4.119
jam,1826,4.118
jam,1827,4.118
jam,1828,4.118
jam,1829,4.006
jam,1830,4.006
jam,1831,4.006
jam,1832,3.896
jam,1833,3.896
jam,1834,3.896
jam,1835,3.79
jam,1836,3.79
jam,1837,3.79
jam,1838,3.686
jam,1839,3.686
jam,1840,3.686
jam,1841,3.686
jam,1842,3.585
jam,1843,3.585
jam,1844,3.585
jam,1845,3.487
jam,1846,3.487
jam,1847,3.487
jam,1848,3.392
jam,1849,3.392
jam,1850,3.392
jam,1851,3.392
jam,1852,3.392
jam,1853,3.392
jam,1854,3.392
jam,1855,3.392
jam,1856,3.392
jam,1857,3.299
jam,1858,3.299
jam,1859,3.299
jam,1860,3.299
jam,1861,3.299
jam,1862,3.299
jam,1863,3.222
jam,1864,3.222
jam,1865,3.222
jam,1866,3.222
jam,1867,3.222
jam,1868,3.222
jam,1869,3.222
jam,1870,3.222
jam,1871,3.222
jam,1872,3.208
jam,1873,3.194
jam,1874,3.18
jam,1875,3.24
jam,1876,3.227
jam,1877,3.212
jam,1878,3.287
jam,1879,3.272
jam,1880,3.257
jam,1881,3.242
jam,1882,3.228
jam,1883,3.213
jam,1884,3.198
jam,1885,3.183
jam,1886,3.168
jam,1887,3.154
jam,1888,3.14
jam,1889,3.125
jam,1890,3.11
jam,1891,3.183
jam,1892,3.234
jam,1893,3.218
jam,1894,3.202
jam,1895,3.254
jam,1896,3.305
jam,1897,3.472
jam,1898,3.517
jam,1899,3.591
jam,1900,3.57
jam,1901,3.548
jam,1902,3.498
jam,1903,3.575
jam,1904,3.553
jam,1905,3.532
jam,1906,3.511
jam,1907,3.49
jam,1908,3.469
jam,1909,3.447
jam,1910,3.552
jam,1911,3.449
jam,1912,3.241
jam,1913,3.119
jam,1914,2.936
jam,1915,2.798
jam,1916,2.663
jam,1917,2.66
jam,1918,2.715
jam,1919,2.713
jam,1920,2.691
jam,1921,2.692
jam,1922,2.77
jam,1923,2.761
jam,1924,2.75
jam,1925,2.759
jam,1926,2.748
jam,1927,2.748
jam,1928,2.838
jam,1929,2.851
jam,1930,2.848
jam,1931,2.926
jam,1932,2.935
jam,1933,2.934
jam,1934,3.091
jam,1935,3.266
jam,1936,3.453
jam,1937,3.751
jam,1938,3.95
jam,1939,3.95
jam,1940,3.949
jam,1941,3.905
jam,1942,3.874
jam,1943,4.543
jam,1944,5.174
jam,1945,5.894
jam,1946,6.931
jam,1947,6.179
jam,1948,5.897
jam,1949,5.449
jam,1950,5.217
jam,1951,5.555
jam,1952,6.018
jam,1953,6.791
jam,1954,7.524
jam,1955,8.093
jam,1956,8.682
jam,1957,9.82
jam,1958,9.727
jam,1959,9.872
jam,1960,10.323
jam,1961,10.518
jam,1962,10.51
jam,1963,11.029
jam,1964,11.219
jam,1965,11.656
jam,1966,11.622
jam,1967,11.624
jam,1968,11.808
jam,1969,12.324
jam,1970,13.641
jam,1971,13.546
jam,1972,14.244
jam,1973,14.502
jam,1974,13.586
jam,1975,13.454
jam,1976,12.253
jam,1977,11.801
jam,1978,11.686
jam,1979,11.251
jam,1980,10.258
jam,1981,10.866
jam,1982,11.312
jam,1983,11.774
jam,1984,12.025
jam,1985,11.876
jam,1986,12.58
jam,1987,13.714
jam,1988,13.736
jam,1989,14.713
jam,1990,15.786
jam,1991,16.271
jam,1992,17.356
jam,1993,19.975
jam,1994,19.644
jam,1995,18.854
jam,1996,18.298
jam,1997,17.3
jam,1998,16.727
jam,1999,16.492
jam,2000,16.117
jam,2001,15.687
jam,2002,15.47
jam,2003,16.319
jam,2004,16.65
jam,2005,16.762
jam,2006,17.663
jam,2007,18.368
jam,2008,18.252
jam,2009,17.611
jam,2010,17.581
jam,2011,18.327
jam,2012,18.198
jam,2013,18.368
jam,2014,18.965
jam,2015,19.173
jam,2016,19.537
jam,2017,20.031
jam,2018,20.49
jam,2019,20.277
jam,2020,17.946
jam,2021,18.48
jam,2022,19.519
jam,2023,20.208
jam,2024,19.639
jam,2025,20.453
jam,2026,21.937
jam,2027,22.258
jam,2028,23.168
jam,2029,23.32
jam,2030,23.491
jam,2031,24.152
jam,2032,24.826
jam,2033,24.827
jam,2034,25.525
jam,2035,26.234
jam,2036,26.969
jam,2037,27.723
jam,2038,28.525
jam,2039,29.322
jam,2040,29.3
jam,2041,30.116
jam,2042,30.917
jam,2043,31.751
jam,2044,32.602
jam,2045,33.501
jam,2046,34.459
jam,2047,34.415
jam,2048,35.36
jam,2049,36.313
jam,2050,37.252
jam,2051,38.213
jam,2052,38.181
jam,2053,39.16
jam,2054,40.167
jam,2055,41.304
jam,2056,42.385
jam,2057,42.247
jam,2058,43.35
jam,2059,44.557
jam,2060,45.755
jam,2061,46.983
jam,2062,46.924
jam,2063,48.154
jam,2064,49.421
jam,2065,50.691
jam,2066,50.487
jam,2067,51.77
jam,2068,53.145
jam,2069,54.492
jam,2070,54.407
jam,2071,55.848
jam,2072,57.302
jam,2073,57.214
jam,2074,58.831
jam,2075,60.388
jam,2076,60.168
jam,2077,61.951
jam,2078,63.551
jam,2079,63.446
jam,2080,65.122
jam,2081,66.842
jam,2082,66.717
jam,2083,68.477
jam,2084,70.284
jam,2085,70.202
jam,2086,71.745
jam,2087,71.389
jam,2088,73.265
jam,2089,75.19
jam,2090,75.387
jam,2091,77.163
jam,2092,77.169
jam,2093,79.2
jam,2094,79.063
jam,2095,81.113
jam,2096,80.968
jam,2097,83.102
jam,2098,83.147
jam,2099,85.342
jam,2100,87.595
jpn,1800,3.632
jpn,1801,3.632
jpn,1802,3.632
jpn,1803,3.632
jpn,1804,3.632
jpn,1805,3.632
jpn,1806,3.632
jpn,1807,3.632
jpn,1808,3.632
jpn,1809,3.632
jpn,1810,3.632
jpn,1811,3.632
jpn,1812,3.632
jpn,1813,3.632
jpn,1814,3.632
jpn,1815,3.632
jpn,1816,3.632
jpn,1817,3.632
jpn,1818,3.632
jpn,1819,3.632
jpn,1820,3.632
jpn,1821,3.632
jpn,1822,3.632
jpn,1823,3.734
jpn,1824,3.734
jpn,1825,3.734
jpn,1826,3.734
jpn,1827,3.734
jpn,1828,3.734
jpn,1829,3.734
jpn,1830,3.734
jpn,1831,3.839
jpn,1832,3.839
jpn,1833,3.839
jpn,1834,3.839
jpn,1835,3.839
jpn,1836,3.839
jpn,1837,3.839
jpn,1838,3.839
jpn,1839,3.839
jpn,1840,3.947
jpn,1841,3.947
jpn,1842,3.947
jpn,1843,3.947
jpn,1844,3.947
jpn,1845,3.947
jpn,1846,3.947
jpn,1847,3.947
jpn,1848,3.947
jpn,1849,3.947
jpn,1850,3.947
jpn,1851,3.947
jpn,1852,4.058
jpn,1853,4.058
jpn,1854,4.058
jpn,1855,4.058
jpn,1856,4.058
jpn,1857,4.172
jpn,1858,4.172
jpn,1859,4.172
jpn,1860,4.172
jpn,1861,4.172
jpn,1862,4.172
jpn,1863,4.289
jpn,1864,4.289
jpn,1865,4.289
jpn,1866,4.289
jpn,1867,4.289
jpn,1868,4.289
jpn,1869,4.41
jpn,1870,4.41
jpn,1871,4.41
jpn,1872,4.422
jpn,1873,4.435
jpn,1874,4.448
jpn,1875,4.586
jpn,1876,4.601
jpn,1877,4.614
jpn,1878,4.627
jpn,1879,4.771
jpn,1880,4.785
jpn,1881,4.799
jpn,1882,4.813
jpn,1883,4.963
jpn,1884,4.978
jpn,1885,4.992
jpn,1886,5.293
jpn,1887,5.309
jpn,1888,5.037
jpn,1889,5.194
jpn,1890,5.506
jpn,1891,5.081
jpn,1892,5.387
jpn,1893,5.403
jpn,1894,6.054
jpn,1895,6.071
jpn,1896,5.603
jpn,1897,5.777
jpn,1898,6.675
jpn,1899,6.315
jpn,1900,6.333
jpn,1901,6.53
jpn,1902,6.195
jpn,1903,6.752
jpn,1904,6.586
jpn,1905,6.423
jpn,1906,7.216
jpn,1907,7.236
jpn,1908,7.256
jpn,1909,7.276
jpn,1910,7.296
jpn,1911,7.522
jpn,1912,7.542
jpn,1913,7.563
jpn,1914,7.375
jpn,1915,7.816
jpn,1916,9.044
jpn,1917,9.34
jpn,1918,9.627
jpn,1919,10.234
jpn,1920,9.676
jpn,1921,10.571
jpn,1922,10.596
jpn,1923,10.621
jpn,1924,10.968
jpn,1925,11.354
jpn,1926,11.019
jpn,1927,11.044
jpn,1928,11.815
jpn,1929,12.2
jpn,1930,11.12
jpn,1931,11.145
jpn,1932,11.897
jpn,1933,12.646
jpn,1934,12.662
jpn,1935,13.05
jpn,1936,13.441
jpn,1937,13.867
jpn,1938,14.708
jpn,1939,16.598
jpn,1940,16.623
jpn,1941,17.007
jpn,1942,16.907
jpn,1943,16.348
jpn,1944,16.257
jpn,1945,6.886
jpn,1946,7.455
jpn,1947,7.842
jpn,1948,8.729
jpn,1949,9.195
jpn,1950,9.946
jpn,1951,10.774
jpn,1952,11.706
jpn,1953,12.312
jpn,1954,12.956
jpn,1955,13.641
jpn,1956,14.368
jpn,1957,15.548
jpn,1958,15.905
jpn,1959,17.204
jpn,1960,19.172
jpn,1961,21.324
jpn,1962,23.034
jpn,1963,24.191
jpn,1964,26.843
jpn,1965,27.456
jpn,1966,30.469
jpn,1967,32.929
jpn,1968,36.545
jpn,1969,39.479
jpn,1970,43.803
jpn,1971,44.729
jpn,1972,46.89
jpn,1973,49.255
jpn,1974,47.588
jpn,1975,48.601
jpn,1976,49.633
jpn,1977,50.687
jpn,1978,53.222
jpn,1979,54.353
jpn,1980,55.508
jpn,1981,58.941
jpn,1982,61.566
jpn,1983,64.27
jpn,1984,68.223
jpn,1985,71.518
jpn,1986,74.132
jpn,1987,78.561
jpn,1988,84.422
jpn,1989,91.423
jpn,1990,97.232
jpn,1991,99.746
jpn,1992,101.289
jpn,1993,99.419
jpn,1994,101.037
jpn,1995,102.386
jpn,1996,104.579
jpn,1997,105.348
jpn,1998,103.912
jpn,1999,102.844
jpn,2000,106.627
jpn,2001,105.313
jpn,2002,106.159
jpn,2003,106.442
jpn,2004,107.963
jpn,2005,110.453
jpn,2006,111.078
jpn,2007,112.624
jpn,2008,111.019
jpn,2009,94.187
jpn,2010,91.223
jpn,2011,90.374
jpn,2012,91.849
jpn,2013,93.564
jpn,2014,93.746
jpn,2015,98.723
jpn,2016,98.4
jpn,2017,98.909
jpn,2018,99.007
jpn,2019,99.044
jpn,2020,105.489
jpn,2021,107.272
jpn,2022,108.602
jpn,2023,110.737
jpn,2024,110.115
jpn,2025,113.736
jpn,2026,117.435
jpn,2027,122.422
jpn,2028,127.134
jpn,2029,127.766
jpn,2030,130.085
jpn,2031,133.129
jpn,2032,132.512
jpn,2033,135.623
jpn,2034,135.033
jpn,2035,134.436
jpn,2036,137.61
jpn,2037,137.115
jpn,2038,140.341
jpn,2039,139.613
jpn,2040,142.932
jpn,2041,142.337
jpn,2042,141.763
jpn,2043,145.08
jpn,2044,144.757
jpn,2045,148.261
jpn,2046,147.686
jpn,2047,147.116
jpn,2048,150.651
jpn,2049,150.087
jpn,2050,149.577
jpn,2051,153.223
jpn,2052,152.555
jpn,2053,152.013
jpn,2054,155.674
jpn,2055,155.133
jpn,2056,154.601
jpn,2057,158.411
jpn,2058,157.885
jpn,2059,157.368
jpn,2060,161.278
jpn,2061,160.675
jpn,2062,160.17
jpn,2063,159.673
jpn,2064,163.661
jpn,2065,163.158
jpn,2066,162.599
jpn,2067,162.116
jpn,2068,166.195
jpn,2069,165.726
jpn,2070,165.162
jpn,2071,164.709
jpn,2072,168.757
jpn,2073,168.433
jpn,2074,167.994
jpn,2075,167.563
jpn,2076,171.838
jpn,2077,171.412
jpn,2078,170.993
jpn,2079,170.52
jpn,2080,170.117
jpn,2081,174.753
jpn,2082,174.358
jpn,2083,173.972
jpn,2084,173.58
jpn,2085,173.209
jpn,2086,177.705
jpn,2087,177.339
jpn,2088,177.049
jpn,2089,176.56
jpn,2090,176.215
jpn,2091,176.134
jpn,2092,180.747
jpn,2093,180.416
jpn,2094,180.093
jpn,2095,179.776
jpn,2096,179.465
jpn,2097,179.162
jpn,2098,178.856
jpn,2099,183.585
jpn,2100,183.292
jor,1800,2.237
jor,1801,2.237
jor,1802,2.237
jor,1803,2.237
jor,1804,2.237
jor,1805,2.237
jor,1806,2.237
jor,1807,2.237
jor,1808,2.237
jor,1809,2.237
jor,1810,2.237
jor,1811,2.237
jor,1812,2.237
jor,1813,2.237
jor,1814,2.237
jor,1815,2.237
jor,1816,2.237
jor,1817,2.237
jor,1818,2.237
jor,1819,2.237
jor,1820,2.237
jor,1821,2.237
jor,1822,2.237
jor,1823,2.3
jor,1824,2.3
jor,1825,2.3
jor,1826,2.3
jor,1827,2.3
jor,1828,2.3
jor,1829,2.364
jor,1830,2.365
jor,1831,2.365
jor,1832,2.365
jor,1833,2.365
jor,1834,2.365
jor,1835,2.431
jor,1836,2.431
jor,1837,2.431
jor,1838,2.431
jor,1839,2.431
jor,1840,2.499
jor,1841,2.499
jor,1842,2.499
jor,1843,2.499
jor,1844,2.499
jor,1845,2.499
jor,1846,2.57
jor,1847,2.57
jor,1848,2.57
jor,1849,2.57
jor,1850,2.57
jor,1851,2.57
jor,1852,2.642
jor,1853,2.642
jor,1854,2.608
jor,1855,3.501
jor,1856,3.501
jor,1857,3.513
jor,1858,3.612
jor,1859,3.597
jor,1860,3.597
jor,1861,3.597
jor,1862,3.597
jor,1863,3.698
jor,1864,3.698
jor,1865,3.698
jor,1866,3.698
jor,1867,3.698
jor,1868,3.698
jor,1869,3.802
jor,1870,3.802
jor,1871,3.789
jor,1872,3.784
jor,1873,3.885
jor,1874,3.88
jor,1875,3.875
jor,1876,3.979
jor,1877,3.973
jor,1878,3.968
jor,1879,3.963
jor,1880,4.069
jor,1881,4.063
jor,1882,4.058
jor,1883,4.166
jor,1884,4.161
jor,1885,4.155
jor,1886,4.266
jor,1887,4.261
jor,1888,4.255
jor,1889,4.249
jor,1890,4.363
jor,1891,4.357
jor,1892,4.352
jor,1893,4.468
jor,1894,4.462
jor,1895,4.456
jor,1896,4.45
jor,1897,4.569
jor,1898,4.564
jor,1899,4.564
jor,1900,4.686
jor,1901,4.679
jor,1902,4.681
jor,1903,4.806
jor,1904,4.8
jor,1905,4.772
jor,1906,4.745
jor,1907,4.841
jor,1908,4.819
jor,1909,4.814
jor,1910,4.922
jor,1911,4.917
jor,1912,4.898
jor,1913,5.008
jor,1914,4.989
jor,1915,5.125
jor,1916,5.121
jor,1917,5.271
jor,1918,5.267
jor,1919,5.411
jor,1920,5.407
jor,1921,5.555
jor,1922,5.55
jor,1923,5.702
jor,1924,5.7
jor,1925,5.855
jor,1926,5.851
jor,1927,6.01
jor,1928,6.006
jor,1929,6.17
jor,1930,6.165
jor,1931,6.338
jor,1932,6.342
jor,1933,6.348
jor,1934,6.525
jor,1935,6.52
jor,1936,6.698
jor,1937,6.692
jor,1938,6.873
jor,1939,6.866
jor,1940,7.052
jor,1941,7.184
jor,1942,7.115
jor,1943,7.246
jor,1944,7.379
jor,1945,7.513
jor,1946,7.651
jor,1947,7.566
jor,1948,7.707
jor,1949,7.854
jor,1950,8.024
jor,1951,8.184
jor,1952,8.109
jor,1953,8.254
jor,1954,8.396
jor,1955,7.409
jor,1956,9.698
jor,1957,9.603
jor,1958,10.031
jor,1959,10.774
jor,1960,10.977
jor,1961,12.446
jor,1962,11.999
jor,1963,12.224
jor,1964,13.531
jor,1965,14.566
jor,1966,14.041
jor,1967,13.919
jor,1968,12.359
jor,1969,12.593
jor,1970,10.866
jor,1971,10.482
jor,1972,10.669
jor,1973,10.012
jor,1974,10.201
jor,1975,10.108
jor,1976,11.503
jor,1977,12.045
jor,1978,13.715
jor,1979,15.201
jor,1980,16.825
jor,1981,18.316
jor,1982,19.322
jor,1983,19.22
jor,1984,20.039
jor,1985,19.71
jor,1986,20.4
jor,1987,20.227
jor,1988,19.844
jor,1989,17.783
jor,1990,15.915
jor,1991,14.634
jor,1992,15.659
jor,1993,15.8
jor,1994,16.107
jor,1995,16.783
jor,1996,16.919
jor,1997,17.42
jor,1998,17.517
jor,1999,17.662
jor,2000,17.905
jor,2001,18.431
jor,2002,19.183
jor,2003,19.355
jor,2004,20.887
jor,2005,22.049
jor,2006,22.549
jor,2007,23.079
jor,2008,24.325
jor,2009,24.666
jor,2010,24.447
jor,2011,24.196
jor,2012,24.645
jor,2013,24.281
jor,2014,23.066
jor,2015,22.05
jor,2016,21.376
jor,2017,21.422
jor,2018,21.374
jor,2019,21.46
jor,2020,20.82
jor,2021,21.237
jor,2022,21.583
jor,2023,21.501
jor,2024,21.742
jor,2025,22.648
jor,2026,24.142
jor,2027,25.226
jor,2028,25.529
jor,2029,26.407
jor,2030,26.69
jor,2031,27.444
jor,2032,28.214
jor,2033,28.99
jor,2034,29.804
jor,2035,30.609
jor,2036,30.603
jor,2037,31.456
jor,2038,32.273
jor,2039,33.162
jor,2040,34.067
jor,2041,35.01
jor,2042,35.964
jor,2043,35.952
jor,2044,36.928
jor,2045,37.966
jor,2046,39.009
jor,2047,40.08
jor,2048,41.175
jor,2049,41.154
jor,2050,42.255
jor,2051,43.289
jor,2052,44.462
jor,2053,45.673
jor,2054,45.633
jor,2055,46.769
jor,2056,48.033
jor,2057,49.36
jor,2058,50.686
jor,2059,50.607
jor,2060,51.96
jor,2061,53.235
jor,2062,54.655
jor,2063,56.113
jor,2064,56.068
jor,2065,57.561
jor,2066,59.102
jor,2067,60.641
jor,2068,60.559
jor,2069,62.168
jor,2070,63.556
jor,2071,63.451
jor,2072,65.127
jor,2073,66.911
jor,2074,68.923
jor,2075,68.81
jor,2076,70.419
jor,2077,72.28
jor,2078,72.156
jor,2079,73.948
jor,2080,75.889
jor,2081,75.748
jor,2082,77.677
jor,2083,79.728
jor,2084,79.584
jor,2085,81.647
jor,2086,81.596
jor,2087,83.74
jor,2088,85.939
jor,2089,85.785
jor,2090,88.087
jor,2091,87.922
jor,2092,90.233
jor,2093,90.274
jor,2094,92.32
jor,2095,94.745
jor,2096,94.603
jor,2097,96.933
jor,2098,97.326
jor,2099,99.916
jor,2100,99.747
kaz,1800,2.877
kaz,1801,2.877
kaz,1802,2.877
kaz,1803,2.877
kaz,1804,2.877
kaz,1805,2.877
kaz,1806,2.877
kaz,1807,2.877
kaz,1808,2.877
kaz,1809,2.877
kaz,1810,2.877
kaz,1811,2.877
kaz,1812,2.877
kaz,1813,2.877
kaz,1814,2.877
kaz,1815,2.877
kaz,1816,2.877
kaz,1817,2.877
kaz,1818,2.877
kaz,1819,2.877
kaz,1820,2.958
kaz,1821,2.958
kaz,1822,2.958
kaz,1823,2.958
kaz,1824,2.958
kaz,1825,3.041
kaz,1826,3.041
kaz,1827,3.041
kaz,1828,3.041
kaz,1829,3.127
kaz,1830,3.127
kaz,1831,3.126
kaz,1832,3.127
kaz,1833,3.215
kaz,1834,3.215
kaz,1835,3.214
kaz,1836,3.214
kaz,1837,3.215
kaz,1838,3.305
kaz,1839,3.305
kaz,1840,3.305
kaz,1841,3.305
kaz,1842,3.398
kaz,1843,3.398
kaz,1844,3.398
kaz,1845,3.398
kaz,1846,3.493
kaz,1847,3.494
kaz,1848,3.494
kaz,1849,3.493
kaz,1850,3.592
kaz,1851,3.591
kaz,1852,3.592
kaz,1853,3.592
kaz,1854,3.592
kaz,1855,3.693
kaz,1856,3.692
kaz,1857,3.693
kaz,1858,3.693
kaz,1859,3.796
kaz,1860,3.796
kaz,1861,3.796
kaz,1862,3.797
kaz,1863,3.918
kaz,1864,3.918
kaz,1865,3.918
kaz,1866,3.918
kaz,1867,3.918
kaz,1868,4.028
kaz,1869,4.028
kaz,1870,4.028
kaz,1871,4.028
kaz,1872,4.158
kaz,1873,4.175
kaz,1874,4.191
kaz,1875,4.208
kaz,1876,4.343
kaz,1877,4.36
kaz,1878,4.376
kaz,1879,4.393
kaz,1880,4.533
kaz,1881,4.549
kaz,1882,4.566
kaz,1883,4.583
kaz,1884,4.599
kaz,1885,4.745
kaz,1886,4.505
kaz,1887,5.339
kaz,1888,5.211
kaz,1889,4.81
kaz,1890,4.826
kaz,1891,4.49
kaz,1892,5.738
kaz,1893,7.673
kaz,1894,8.256
kaz,1895,7.307
kaz,1896,7.602
kaz,1897,7.137
kaz,1898,7.295
kaz,1899,7.696
kaz,1900,7.484
kaz,1901,7.782
kaz,1902,8.454
kaz,1903,7.557
kaz,1904,7.65
kaz,1905,6.875
kaz,1906,6.519
kaz,1907,6.359
kaz,1908,6.986
kaz,1909,7.227
kaz,1910,7.927
kaz,1911,7.426
kaz,1912,8.198
kaz,1913,8.704
kaz,1914,8.247
kaz,1915,8.428
kaz,1916,7.543
kaz,1917,6.58
kaz,1918,3.993
kaz,1919,3.449
kaz,1920,3.466
kaz,1921,3.199
kaz,1922,3.688
kaz,1923,4.369
kaz,1924,5.488
kaz,1925,6.864
kaz,1926,7.674
kaz,1927,8.143
kaz,1928,8.637
kaz,1929,8.703
kaz,1930,9.203
kaz,1931,9.054
kaz,1932,9.026
kaz,1933,9.264
kaz,1934,10.062
kaz,1935,11.588
kaz,1936,12.64
kaz,1937,14.15
kaz,1938,14.196
kaz,1939,14.982
kaz,1940,14.223
kaz,1941,14.24
kaz,1942,13.595
kaz,1943,13.479
kaz,1944,14.068
kaz,1945,13.857
kaz,1946,13.585
kaz,1947,13.963
kaz,1948,16.056
kaz,1949,17.395
kaz,1950,18.631
kaz,1951,18.27
kaz,1952,19.407
kaz,1953,20.152
kaz,1954,20.905
kaz,1955,23.143
kaz,1956,24.705
kaz,1957,24.792
kaz,1958,26.199
kaz,1959,25.499
kaz,1960,27.743
kaz,1961,28.51
kaz,1962,29.347
kaz,1963,27.781
kaz,1964,31.081
kaz,1965,32.764
kaz,1966,34.628
kaz,1967,35.685
kaz,1968,37.844
kaz,1969,37.927
kaz,1970,40.14
kaz,1971,41.299
kaz,1972,41.273
kaz,1973,44.835
kaz,1974,44.842
kaz,1975,44.942
kaz,1976,43.932
kaz,1977,43.975
kaz,1978,43.924
kaz,1979,44.059
kaz,1980,44.091
kaz,1981,42.338
kaz,1982,41.337
kaz,1983,42.85
kaz,1984,42.277
kaz,1985,42.287
kaz,1986,42.426
kaz,1987,41.771
kaz,1988,44.99
kaz,1989,44.667
kaz,1990,43.673
kaz,1991,38.781
kaz,1992,36.523
kaz,1993,33.374
kaz,1994,29.64
kaz,1995,26.369
kaz,1996,27.812
kaz,1997,28.014
kaz,1998,28.322
kaz,1999,29.278
kaz,2000,32.145
kaz,2001,36.512
kaz,2002,39.973
kaz,2003,44.339
kaz,2004,48.975
kaz,2005,48.443
kaz,2006,58.703
kaz,2007,62.779
kaz,2008,65.689
kaz,2009,66.064
kaz,2010,70.012
kaz,2011,74.42
kaz,2012,76.872
kaz,2013,80.648
kaz,2014,82.813
kaz,2015,82.346
kaz,2016,82.112
kaz,2017,83.348
kaz,2018,84.265
kaz,2019,86.399
kaz,2020,81.834
kaz,2021,83.293
kaz,2022,86.123
kaz,2023,89.099
kaz,2024,92.512
kaz,2025,96.55
kaz,2026,102.831
kaz,2027,107.153
kaz,2028,111.352
kaz,2029,115.223
kaz,2030,118.796
kaz,2031,120.903
kaz,2032,123.26
kaz,2033,122.424
kaz,2034,125.005
kaz,2035,124.153
kaz,2036,126.775
kaz,2037,129.471
kaz,2038,128.597
kaz,2039,131.351
kaz,2040,130.473
kaz,2041,133.249
kaz,2042,136.159
kaz,2043,135.266
kaz,2044,138.162
kaz,2045,137.286
kaz,2046,140.237
kaz,2047,139.341
kaz,2048,142.348
kaz,2049,141.452
kaz,2050,144.52
kaz,2051,147.662
kaz,2052,146.753
kaz,2053,149.98
kaz,2054,149.075
kaz,2055,152.348
kaz,2056,151.54
kaz,2057,150.653
kaz,2058,153.99
kaz,2059,153.106
kaz,2060,156.516
kaz,2061,155.782
kaz,2062,159.274
kaz,2063,158.402
kaz,2064,162.044
kaz,2065,161.18
kaz,2066,160.33
kaz,2067,163.982
kaz,2068,163.138
kaz,2069,166.873
kaz,2070,166.229
kaz,2071,165.411
kaz,2072,169.234
kaz,2073,168.352
kaz,2074,167.555
kaz,2075,171.462
kaz,2076,170.673
kaz,2077,169.871
kaz,2078,173.866
kaz,2079,173.211
kaz,2080,172.46
kaz,2081,176.481
kaz,2082,175.964
kaz,2083,175.239
kaz,2084,179.449
kaz,2085,178.732
kaz,2086,178.03
kaz,2087,182.328
kaz,2088,181.635
kaz,2089,180.957
kaz,2090,180.291
kaz,2091,184.69
kaz,2092,184.133
kaz,2093,183.491
kaz,2094,182.861
kaz,2095,187.341
kaz,2096,186.721
kaz,2097,186.456
kaz,2098,185.865
kaz,2099,190.497
kaz,2100,189.915
ken,1800,1.65
ken,1801,1.65
ken,1802,1.65
ken,1803,1.65
ken,1804,1.65
ken,1805,1.65
ken,1806,1.65
ken,1807,1.65
ken,1808,1.65
ken,1809,1.65
ken,1810,1.65
ken,1811,1.65
ken,1812,1.65
ken,1813,1.65
ken,1814,1.65
ken,1815,1.65
ken,1816,1.65
ken,1817,1.65
ken,1818,1.65
ken,1819,1.65
ken,1820,1.65
ken,1821,1.65
ken,1822,1.65
ken,1823,1.65
ken,1824,1.65
ken,1825,1.65
ken,1826,1.65
ken,1827,1.65
ken,1828,1.65
ken,1829,1.65
ken,1830,1.65
ken,1831,1.65
ken,1832,1.65
ken,1833,1.65
ken,1834,1.65
ken,1835,1.65
ken,1836,1.65
ken,1837,1.65
ken,1838,1.65
ken,1839,1.65
ken,1840,1.65
ken,1841,1.65
ken,1842,1.65
ken,1843,1.65
ken,1844,1.65
ken,1845,1.65
ken,1846,1.65
ken,1847,1.65
ken,1848,1.65
ken,1849,1.65
ken,1850,1.65
ken,1851,1.65
ken,1852,1.65
ken,1853,1.65
ken,1854,1.65
ken,1855,1.65
ken,1856,1.65
ken,1857,1.65
ken,1858,1.65
ken,1859,1.65
ken,1860,1.65
ken,1861,1.65
ken,1862,1.65
ken,1863,1.65
ken,1864,1.65
ken,1865,1.625
ken,1866,1.606
ken,1867,1.625
ken,1868,1.634
ken,1869,1.695
ken,1870,1.774
ken,1871,1.964
ken,1872,1.961
ken,1873,1.958
ken,1874,1.954
ken,1875,1.993
ken,1876,1.981
ken,1877,1.948
ken,1878,1.874
ken,1879,1.69
ken,1880,1.659
ken,1881,1.626
ken,1882,1.73
ken,1883,1.765
ken,1884,1.801
ken,1885,2.611
ken,1886,2.526
ken,1887,2.471
ken,1888,2.366
ken,1889,2.275
ken,1890,2.248
ken,1891,2.314
ken,1892,2.389
ken,1893,2.447
ken,1894,2.622
ken,1895,1.892
ken,1896,1.734
ken,1897,1.715
ken,1898,1.616
ken,1899,1.666
ken,1900,1.692
ken,1901,1.842
ken,1902,1.874
ken,1903,1.868
ken,1904,1.849
ken,1905,1.845
ken,1906,1.842
ken,1907,1.739
ken,1908,1.621
ken,1909,1.652
ken,1910,2.075
ken,1911,1.978
ken,1912,1.99
ken,1913,2.098
ken,1914,2.151
ken,1915,2.288
ken,1916,2.382
ken,1917,2.465
ken,1918,2.518
ken,1919,2.486
ken,1920,2.548
ken,1921,2.594
ken,1922,2.645
ken,1923,2.704
ken,1924,2.765
ken,1925,2.823
ken,1926,2.885
ken,1927,3.307
ken,1928,3.023
ken,1929,2.551
ken,1930,3.179
ken,1931,3.078
ken,1932,2.984
ken,1933,3.204
ken,1934,2.79
ken,1935,2.924
ken,1936,3.27
ken,1937,2.811
ken,1938,3.007
ken,1939,2.992
ken,1940,2.978
ken,1941,3.025
ken,1942,2.985
ken,1943,2.527
ken,1944,2.98
ken,1945,2.806
ken,1946,2.749
ken,1947,2.783
ken,1948,2.719
ken,1949,2.65
ken,1950,2.591
ken,1951,3.12
ken,1952,2.704
ken,1953,2.602
ken,1954,2.804
ken,1955,2.951
ken,1956,3.021
ken,1957,3.008
ken,1958,2.995
ken,1959,2.983
ken,1960,3.053
ken,1961,2.876
ken,1962,3.024
ken,1963,3.093
ken,1964,3.252
ken,1965,3.239
ken,1966,3.509
ken,1967,3.626
ken,1968,3.765
ken,1969,3.865
ken,1970,3.839
ken,1971,3.916
ken,1972,3.993
ken,1973,4.071
ken,1974,4.151
ken,1975,3.895
ken,1976,3.971
ken,1977,4.154
ken,1978,4.354
ken,1979,4.322
ken,1980,4.414
ken,1981,4.559
ken,1982,4.822
ken,1983,4.842
ken,1984,4.886
ken,1985,5.046
ken,1986,5.323
ken,1987,5.564
ken,1988,5.876
ken,1989,6.145
ken,1990,6.433
ken,1991,6.397
ken,1992,6.217
ken,1993,7.156
ken,1994,8.207
ken,1995,8.286
ken,1996,8.279
ken,1997,8.03
ken,1998,8.034
ken,1999,8.14
ken,2000,7.875
ken,2001,8.056
ken,2002,7.895
ken,2003,7.984
ken,2004,8.056
ken,2005,8.396
ken,2006,8.754
ken,2007,9.199
ken,2008,9.056
ken,2009,9.206
ken,2010,9.67
ken,2011,10.073
ken,2012,10.307
ken,2013,10.518
ken,2014,10.86
ken,2015,11.158
ken,2016,11.462
ken,2017,11.845
ken,2018,12.453
ken,2019,13.001
ken,2020,12.922
ken,2021,13.051
ken,2022,13.047
ken,2023,13.266
ken,2024,13.621
ken,2025,14.127
ken,2026,14.991
ken,2027,16.07
ken,2028,16.697
ken,2029,17.813
ken,2030,18.736
ken,2031,18.79
ken,2032,19.38
ken,2033,19.886
ken,2034,20.487
ken,2035,21.092
ken,2036,21.714
ken,2037,22.357
ken,2038,22.427
ken,2039,23.084
ken,2040,23.738
ken,2041,24.481
ken,2042,25.241
ken,2043,25.943
ken,2044,26.623
ken,2045,27.363
ken,2046,27.339
ken,2047,28.18
ken,2048,28.856
ken,2049,29.73
ken,2050,30.477
ken,2051,31.31
ken,2052,32.139
ken,2053,32.989
ken,2054,33.031
ken,2055,33.9
ken,2056,34.81
ken,2057,35.827
ken,2058,36.701
ken,2059,37.714
ken,2060,38.526
ken,2061,38.176
ken,2062,39.311
ken,2063,40.395
ken,2064,41.541
ken,2065,42.669
ken,2066,43.947
ken,2067,45.115
ken,2068,45.087
ken,2069,46.323
ken,2070,47.345
ken,2071,48.613
ken,2072,49.872
ken,2073,51.382
ken,2074,51.551
ken,2075,52.978
ken,2076,54.393
ken,2077,55.986
ken,2078,57.332
ken,2079,57.248
ken,2080,58.783
ken,2081,60.717
ken,2082,62.433
ken,2083,62.592
ken,2084,64.27
ken,2085,65.947
ken,2086,67.565
ken,2087,67.427
ken,2088,69.377
ken,2089,71.073
ken,2090,73.138
ken,2091,73.015
ken,2092,75.138
ken,2093,76.802
ken,2094,78.319
ken,2095,78.067
ken,2096,80.267
ken,2097,82.234
ken,2098,82.036
ken,2099,83.55
ken,2100,85.611
kir,1800,1.88
kir,1801,1.88
kir,1802,1.88
kir,1803,1.88
kir,1804,1.88
kir,1805,1.88
kir,1806,1.88
kir,1807,1.88
kir,1808,1.88
kir,1809,1.88
kir,1810,1.88
kir,1811,1.88
kir,1812,1.88
kir,1813,1.88
kir,1814,1.88
kir,1815,1.88
kir,1816,1.852
kir,1817,1.852
kir,1818,1.852
kir,1819,1.851
kir,1820,1.851
kir,1821,1.852
kir,1822,1.851
kir,1823,1.851
kir,1824,1.851
kir,1825,1.852
kir,1826,1.851
kir,1827,1.851
kir,1828,1.902
kir,1829,1.903
kir,1830,1.903
kir,1831,1.903
kir,1832,1.903
kir,1833,1.904
kir,1834,1.903
kir,1835,1.903
kir,1836,1.903
kir,1837,1.904
kir,1838,1.904
kir,1839,1.904
kir,1840,1.904
kir,1841,1.904
kir,1842,1.918
kir,1843,1.919
kir,1844,1.919
kir,1845,1.919
kir,1846,1.903
kir,1847,1.904
kir,1848,1.918
kir,1849,1.919
kir,1850,1.919
kir,1851,1.919
kir,1852,1.919
kir,1853,1.918
kir,1854,1.919
kir,1855,1.919
kir,1856,1.918
kir,1857,1.919
kir,1858,1.919
kir,1859,1.92
kir,1860,1.974
kir,1861,1.973
kir,1862,1.973
kir,1863,1.974
kir,1864,1.973
kir,1865,1.973
kir,1866,1.973
kir,1867,1.973
kir,1868,1.969
kir,1869,1.969
kir,1870,1.969
kir,1871,1.969
kir,1872,1.969
kir,1873,1.967
kir,1874,1.967
kir,1875,1.966
kir,1876,1.964
kir,1877,1.963
kir,1878,1.962
kir,1879,1.962
kir,1880,1.961
kir,1881,1.96
kir,1882,1.959
kir,1883,1.958
kir,1884,1.957
kir,1885,1.956
kir,1886,1.956
kir,1887,1.951
kir,1888,1.951
kir,1889,1.95
kir,1890,1.948
kir,1891,2.002
kir,1892,2.002
kir,1893,1.999
kir,1894,1.998
kir,1895,1.997
kir,1896,1.997
kir,1897,1.996
kir,1898,1.995
kir,1899,1.994
kir,1900,1.989
kir,1901,1.988
kir,1902,1.987
kir,1903,1.987
kir,1904,1.986
kir,1905,1.986
kir,1906,1.985
kir,1907,1.984
kir,1908,1.984
kir,1909,1.983
kir,1910,1.983
kir,1911,1.982
kir,1912,1.982
kir,1913,1.981
kir,1914,2.035
kir,1915,2.092
kir,1916,2.152
kir,1917,2.219
kir,1918,2.289
kir,1919,2.364
kir,1920,2.418
kir,1921,2.555
kir,1922,2.629
kir,1923,2.702
kir,1924,2.776
kir,1925,2.853
kir,1926,3.014
kir,1927,3.097
kir,1928,3.183
kir,1929,3.272
kir,1930,3.46
kir,1931,3.54
kir,1932,3.618
kir,1933,3.69
kir,1934,3.794
kir,1935,4.013
kir,1936,4.126
kir,1937,4.246
kir,1938,4.361
kir,1939,4.478
kir,1940,4.732
kir,1941,4.852
kir,1942,4.977
kir,1943,5.122
kir,1944,5.248
kir,1945,5.385
kir,1946,5.533
kir,1947,5.698
kir,1948,5.862
kir,1949,6.016
kir,1950,6.155
kir,1951,6.319
kir,1952,6.453
kir,1953,6.621
kir,1954,6.763
kir,1955,6.936
kir,1956,7.111
kir,1957,7.306
kir,1958,7.516
kir,1959,7.72
kir,1960,7.917
kir,1961,8.13
kir,1962,8.34
kir,1963,8.57
kir,1964,8.797
kir,1965,9.021
kir,1966,9.253
kir,1967,9.496
kir,1968,9.744
kir,1969,9.995
kir,1970,10.26
kir,1971,9.673
kir,1972,10.793
kir,1973,12.721
kir,1974,17.679
kir,1975,18.634
kir,1976,12.978
kir,1977,12.247
kir,1978,11.883
kir,1979,10.315
kir,1980,5.589
kir,1981,5.799
kir,1982,6.291
kir,1983,5.333
kir,1984,6.533
kir,1985,5.486
kir,1986,4.901
kir,1987,4.998
kir,1988,6.654
kir,1989,5.755
kir,1990,5.395
kir,1991,4.808
kir,1992,6.345
kir,1993,6.367
kir,1994,6.342
kir,1995,6.528
kir,1996,6.406
kir,1997,6.294
kir,1998,6.256
kir,1999,6.054
kir,2000,6.349
kir,2001,5.989
kir,2002,6.003
kir,2003,5.529
kir,2004,5.379
kir,2005,5.226
kir,2006,5.59
kir,2007,5.536
kir,2008,5.377
kir,2009,4.953
kir,2010,4.944
kir,2011,5.075
kir,2012,5.233
kir,2013,5.859
kir,2014,5.986
kir,2015,6.363
kir,2016,6.989
kir,2017,7.176
kir,2018,7.237
kir,2019,7.617
kir,2020,7.31
kir,2021,7.772
kir,2022,8.24
kir,2023,8.319
kir,2024,8.66
kir,2025,8.902
kir,2026,9.46
kir,2027,9.864
kir,2028,10.252
kir,2029,10.594
kir,2030,10.829
kir,2031,11.17
kir,2032,11.524
kir,2033,11.564
kir,2034,11.928
kir,2035,12.304
kir,2036,12.349
kir,2037,12.738
kir,2038,13.123
kir,2039,13.518
kir,2040,13.564
kir,2041,13.973
kir,2042,14.397
kir,2043,14.432
kir,2044,14.869
kir,2045,15.332
kir,2046,15.801
kir,2047,16.291
kir,2048,16.314
kir,2049,16.772
kir,2050,17.268
kir,2051,17.793
kir,2052,17.851
kir,2053,18.412
kir,2054,18.944
kir,2055,19.494
kir,2056,20.05
kir,2057,20.051
kir,2058,20.666
kir,2059,21.269
kir,2060,21.859
kir,2061,22.495
kir,2062,22.456
kir,2063,23.103
kir,2064,23.784
kir,2065,24.464
kir,2066,25.187
kir,2067,25.902
kir,2068,25.914
kir,2069,26.636
kir,2070,27.366
kir,2071,28.163
kir,2072,29.017
kir,2073,29.797
kir,2074,30.578
kir,2075,30.568
kir,2076,31.42
kir,2077,32.321
kir,2078,33.061
kir,2079,33.989
kir,2080,34.818
kir,2081,35.856
kir,2082,35.727
kir,2083,36.595
kir,2084,37.35
kir,2085,38.238
kir,2086,39.392
kir,2087,40.419
kir,2088,41.525
kir,2089,42.62
kir,2090,42.56
kir,2091,43.863
kir,2092,45.115
kir,2093,46.423
kir,2094,47.641
kir,2095,49.104
kir,2096,50.356
kir,2097,51.628
kir,2098,51.453
kir,2099,52.995
kir,2100,54.346
kwt,1800,3.744
kwt,1801,3.744
kwt,1802,3.744
kwt,1803,3.744
kwt,1804,3.849
kwt,1805,3.849
kwt,1806,3.849
kwt,1807,3.849
kwt,1808,3.849
kwt,1809,3.849
kwt,1810,3.849
kwt,1811,3.849
kwt,1812,3.957
kwt,1813,3.957
kwt,1814,3.957
kwt,1815,3.957
kwt,1816,3.957
kwt,1817,3.957
kwt,1818,3.957
kwt,1819,4.069
kwt,1820,4.068
kwt,1821,4.068
kwt,1822,4.068
kwt,1823,4.068
kwt,1824,4.068
kwt,1825,4.068
kwt,1826,4.183
kwt,1827,4.183
kwt,1828,4.183
kwt,1829,4.183
kwt,1830,4.183
kwt,1831,4.183
kwt,1832,4.183
kwt,1833,4.183
kwt,1834,4.3
kwt,1835,4.3
kwt,1836,4.3
kwt,1837,4.3
kwt,1838,4.3
kwt,1839,4.3
kwt,1840,4.3
kwt,1841,4.421
kwt,1842,4.421
kwt,1843,4.421
kwt,1844,4.421
kwt,1845,4.421
kwt,1846,4.421
kwt,1847,4.421
kwt,1848,4.421
kwt,1849,4.546
kwt,1850,4.546
kwt,1851,4.546
kwt,1852,4.545
kwt,1853,4.546
kwt,1854,4.545
kwt,1855,4.545
kwt,1856,4.673
kwt,1857,4.673
kwt,1858,4.673
kwt,1859,4.673
kwt,1860,4.673
kwt,1861,4.673
kwt,1862,4.673
kwt,1863,4.805
kwt,1864,4.805
kwt,1865,4.805
kwt,1866,4.805
kwt,1867,4.79
kwt,1868,4.79
kwt,1869,4.791
kwt,1870,4.791
kwt,1871,4.925
kwt,1872,4.926
kwt,1873,5.065
kwt,1874,5.207
kwt,1875,5.208
kwt,1876,5.355
kwt,1877,5.356
kwt,1878,5.506
kwt,1879,5.507
kwt,1880,5.662
kwt,1881,5.663
kwt,1882,5.822
kwt,1883,5.823
kwt,1884,5.987
kwt,1885,5.987
kwt,1886,6.156
kwt,1887,6.157
kwt,1888,6.331
kwt,1889,6.331
kwt,1890,6.477
kwt,1891,6.478
kwt,1892,6.66
kwt,1893,6.662
kwt,1894,6.85
kwt,1895,7.044
kwt,1896,7.045
kwt,1897,7.244
kwt,1898,7.242
kwt,1899,7.429
kwt,1900,7.431
kwt,1901,7.641
kwt,1902,7.165
kwt,1903,7.392
kwt,1904,7.401
kwt,1905,7.618
kwt,1906,7.685
kwt,1907,7.908
kwt,1908,7.959
kwt,1909,8.292
kwt,1910,8.299
kwt,1911,8.604
kwt,1912,8.611
kwt,1913,8.871
kwt,1914,8.62
kwt,1915,8.328
kwt,1916,8.018
kwt,1917,7.725
kwt,1918,7.523
kwt,1919,7.531
kwt,1920,7.752
kwt,1921,7.761
kwt,1922,7.557
kwt,1923,7.565
kwt,1924,7.574
kwt,1925,7.365
kwt,1926,7.373
kwt,1927,7.382
kwt,1928,7.187
kwt,1929,6.568
kwt,1930,6.053
kwt,1931,5.544
kwt,1932,5.552
kwt,1933,5.561
kwt,1934,5.569
kwt,1935,5.577
kwt,1936,5.585
kwt,1937,5.593
kwt,1938,5.765
kwt,1939,6.124
kwt,1940,6.305
kwt,1941,6.668
kwt,1942,7.068
kwt,1943,7.497
kwt,1944,7.956
kwt,1945,8.468
kwt,1946,8.983
kwt,1947,9.629
kwt,1948,10.86
kwt,1949,14.375
kwt,1950,19.078
kwt,1951,24.666
kwt,1952,32.738
kwt,1953,43.308
kwt,1954,49.513
kwt,1955,55.07
kwt,1956,62.816
kwt,1957,69.895
kwt,1958,80.059
kwt,1959,89.138
kwt,1960,101.981
kwt,1961,113.745
kwt,1962,130.519
kwt,1963,145.529
kwt,1964,166.574
kwt,1965,185.106
kwt,1966,189.885
kwt,1967,180.006
kwt,1968,184.693
kwt,1969,174.808
kwt,1970,256.417
kwt,1971,263.43
kwt,1972,263.239
kwt,1973,235.585
kwt,1974,193.906
kwt,1975,164.391
kwt,1976,164.155
kwt,1977,150.979
kwt,1978,154.981
kwt,1979,168.176
kwt,1980,130.923
kwt,1981,100.471
kwt,1982,81.785
kwt,1983,73.357
kwt,1984,74.964
kwt,1985,76.912
kwt,1986,72.754
kwt,1987,76.554
kwt,1988,80.313
kwt,1989,71.728
kwt,1990,81.045
kwt,1991,64.066
kwt,1992,95.287
kwt,1993,120.886
kwt,1994,130.363
kwt,1995,134.916
kwt,1996,132.813
kwt,1997,132.389
kwt,1998,133.736
kwt,1999,129.146
kwt,2000,132.046
kwt,2001,130.423
kwt,2002,131.71
kwt,2003,148.958
kwt,2004,159.884
kwt,2005,169.747
kwt,2006,172.821
kwt,2007,173.429
kwt,2008,169.79
kwt,2009,153.344
kwt,2010,144.841
kwt,2011,150.459
kwt,2012,154.1
kwt,2013,153.691
kwt,2014,147.946
kwt,2015,143.071
kwt,2016,141.118
kwt,2017,129.482
kwt,2018,129.703
kwt,2019,130.827
kwt,2020,122.981
kwt,2021,122.711
kwt,2022,121.414
kwt,2023,112.185
kwt,2024,107.792
kwt,2025,104.914
kwt,2026,110.532
kwt,2027,111.997
kwt,2028,116.286
kwt,2029,116.92
kwt,2030,115.914
kwt,2031,118.993
kwt,2032,118.823
kwt,2033,121.947
kwt,2034,121.701
kwt,2035,124.929
kwt,2036,124.669
kwt,2037,127.978
kwt,2038,127.784
kwt,2039,131.181
kwt,2040,130.952
kwt,2041,134.189
kwt,2042,133.987
kwt,2043,133.698
kwt,2044,137.252
kwt,2045,137.056
kwt,2046,140.66
kwt,2047,140.241
kwt,2048,140.039
kwt,2049,143.649
kwt,2050,143.446
kwt,2051,143.168
kwt,2052,146.921
kwt,2053,146.742
kwt,2054,150.511
kwt,2055,150.224
kwt,2056,150.027
kwt,2057,153.894
kwt,2058,153.164
kwt,2059,152.786
kwt,2060,156.689
kwt,2061,156.381
kwt,2062,156.175
kwt,2063,155.891
kwt,2064,160.07
kwt,2065,159.872
kwt,2066,159.75
kwt,2067,164.211
kwt,2068,164.026
kwt,2069,163.846
kwt,2070,163.672
kwt,2071,168.1
kwt,2072,167.867
kwt,2073,167.701
kwt,2074,167.445
kwt,2075,171.99
kwt,2076,171.673
kwt,2077,171.52
kwt,2078,171.371
kwt,2079,176.092
kwt,2080,175.95
kwt,2081,175.927
kwt,2082,175.796
kwt,2083,175.669
kwt,2084,180.483
kwt,2085,180.363
kwt,2086,180.247
kwt,2087,180.136
kwt,2088,180.029
kwt,2089,179.927
kwt,2090,184.887
kwt,2091,184.792
kwt,2092,184.192
kwt,2093,184.099
kwt,2094,184.01
kwt,2095,183.927
kwt,2096,189.016
kwt,2097,188.939
kwt,2098,188.865
kwt,2099,188.795
kwt,2100,188.719
kgz,1800,2.142
kgz,1801,2.203
kgz,1802,2.204
kgz,1803,2.203
kgz,1804,2.204
kgz,1805,2.265
kgz,1806,2.265
kgz,1807,2.266
kgz,1808,2.266
kgz,1809,2.329
kgz,1810,2.329
kgz,1811,2.329
kgz,1812,2.329
kgz,1813,2.395
kgz,1814,2.395
kgz,1815,2.395
kgz,1816,2.395
kgz,1817,2.462
kgz,1818,2.462
kgz,1819,2.462
kgz,1820,2.462
kgz,1821,2.529
kgz,1822,2.529
kgz,1823,2.529
kgz,1824,2.529
kgz,1825,2.6
kgz,1826,2.6
kgz,1827,2.6
kgz,1828,2.636
kgz,1829,2.673
kgz,1830,2.673
kgz,1831,2.673
kgz,1832,2.748
kgz,1833,2.748
kgz,1834,2.748
kgz,1835,2.748
kgz,1836,2.825
kgz,1837,2.825
kgz,1838,2.825
kgz,1839,2.825
kgz,1840,2.905
kgz,1841,2.905
kgz,1842,2.905
kgz,1843,2.905
kgz,1844,2.986
kgz,1845,2.986
kgz,1846,2.986
kgz,1847,2.986
kgz,1848,3.07
kgz,1849,3.07
kgz,1850,3.07
kgz,1851,3.07
kgz,1852,3.157
kgz,1853,3.157
kgz,1854,3.157
kgz,1855,3.157
kgz,1856,3.245
kgz,1857,3.245
kgz,1858,3.245
kgz,1859,3.301
kgz,1860,3.301
kgz,1861,3.3
kgz,1862,3.301
kgz,1863,3.393
kgz,1864,3.393
kgz,1865,3.393
kgz,1866,3.393
kgz,1867,3.489
kgz,1868,3.489
kgz,1869,3.489
kgz,1870,3.489
kgz,1871,3.587
kgz,1872,3.571
kgz,1873,3.555
kgz,1874,3.64
kgz,1875,3.623
kgz,1876,3.607
kgz,1877,3.692
kgz,1878,3.675
kgz,1879,3.761
kgz,1880,3.745
kgz,1881,3.727
kgz,1882,3.814
kgz,1883,3.796
kgz,1884,3.778
kgz,1885,3.866
kgz,1886,3.849
kgz,1887,3.938
kgz,1888,3.919
kgz,1889,3.9
kgz,1890,3.991
kgz,1891,3.972
kgz,1892,4.064
kgz,1893,4.044
kgz,1894,4.024
kgz,1895,4.117
kgz,1896,4.092
kgz,1897,4.186
kgz,1898,4.167
kgz,1899,4.146
kgz,1900,4.241
kgz,1901,4.22
kgz,1902,4.317
kgz,1903,4.297
kgz,1904,4.275
kgz,1905,4.374
kgz,1906,4.351
kgz,1907,4.451
kgz,1908,4.429
kgz,1909,4.408
kgz,1910,4.509
kgz,1911,4.486
kgz,1912,4.589
kgz,1913,4.565
kgz,1914,4.671
kgz,1915,4.647
kgz,1916,4.754
kgz,1917,4.836
kgz,1918,4.947
kgz,1919,5.062
kgz,1920,5.037
kgz,1921,5.153
kgz,1922,5.271
kgz,1923,5.392
kgz,1924,5.367
kgz,1925,5.49
kgz,1926,5.61
kgz,1927,5.739
kgz,1928,5.71
kgz,1929,5.841
kgz,1930,5.978
kgz,1931,6.115
kgz,1932,6.256
kgz,1933,6.225
kgz,1934,6.368
kgz,1935,6.517
kgz,1936,6.666
kgz,1937,6.64
kgz,1938,6.79
kgz,1939,6.972
kgz,1940,7.137
kgz,1941,7.108
kgz,1942,7.286
kgz,1943,7.457
kgz,1944,7.638
kgz,1945,7.813
kgz,1946,7.996
kgz,1947,8.207
kgz,1948,8.399
kgz,1949,8.632
kgz,1950,8.833
kgz,1951,9.024
kgz,1952,9.226
kgz,1953,9.696
kgz,1954,9.951
kgz,1955,10.17
kgz,1956,10.407
kgz,1957,10.658
kgz,1958,10.869
kgz,1959,11.077
kgz,1960,11.293
kgz,1961,11.549
kgz,1962,11.518
kgz,1963,11.785
kgz,1964,12.107
kgz,1965,12.39
kgz,1966,12.36
kgz,1967,12.652
kgz,1968,12.978
kgz,1969,13.299
kgz,1970,13.28
kgz,1971,13.614
kgz,1972,13.584
kgz,1973,13.932
kgz,1974,13.902
kgz,1975,13.492
kgz,1976,13.465
kgz,1977,13.438
kgz,1978,13.408
kgz,1979,13.379
kgz,1980,12.985
kgz,1981,12.776
kgz,1982,12.857
kgz,1983,13.353
kgz,1984,13.097
kgz,1985,12.296
kgz,1986,12.064
kgz,1987,11.416
kgz,1988,12.297
kgz,1989,12.333
kgz,1990,12.474
kgz,1991,11.064
kgz,1992,9.512
kgz,1993,8.049
kgz,1994,6.52
kgz,1995,6.067
kgz,1996,6.24
kgz,1997,6.776
kgz,1998,6.747
kgz,1999,7.853
kgz,2000,8.162
kgz,2001,8.704
kgz,2002,8.436
kgz,2003,8.899
kgz,2004,8.784
kgz,2005,9.126
kgz,2006,8.689
kgz,2007,9.892
kgz,2008,11.165
kgz,2009,11.036
kgz,2010,11.031
kgz,2011,11.673
kgz,2012,11.576
kgz,2013,12.203
kgz,2014,12.72
kgz,2015,12.557
kgz,2016,13.091
kgz,2017,13.33
kgz,2018,13.558
kgz,2019,13.354
kgz,2020,12.521
kgz,2021,12.816
kgz,2022,14.295
kgz,2023,16.344
kgz,2024,18.044
kgz,2025,19.511
kgz,2026,21.114
kgz,2027,22.305
kgz,2028,23.394
kgz,2029,24.295
kgz,2030,25.496
kgz,2031,26.239
kgz,2032,26.245
kgz,2033,26.99
kgz,2034,27.767
kgz,2035,28.514
kgz,2036,29.34
kgz,2037,30.091
kgz,2038,30.908
kgz,2039,30.894
kgz,2040,31.755
kgz,2041,32.649
kgz,2042,33.548
kgz,2043,34.496
kgz,2044,35.441
kgz,2045,36.414
kgz,2046,37.333
kgz,2047,37.3
kgz,2048,38.295
kgz,2049,39.331
kgz,2050,40.423
kgz,2051,41.578
kgz,2052,42.697
kgz,2053,43.873
kgz,2054,44.983
kgz,2055,44.906
kgz,2056,46.203
kgz,2057,47.401
kgz,2058,48.799
kgz,2059,50.066
kgz,2060,51.3
kgz,2061,52.666
kgz,2062,52.502
kgz,2063,53.89
kgz,2064,55.217
kgz,2065,56.679
kgz,2066,58.166
kgz,2067,59.586
kgz,2068,60.932
kgz,2069,60.658
kgz,2070,62.132
kgz,2071,63.693
kgz,2072,65.035
kgz,2073,66.604
kgz,2074,68.235
kgz,2075,67.851
kgz,2076,69.597
kgz,2077,71.28
kgz,2078,72.958
kgz,2079,74.844
kgz,2080,74.512
kgz,2081,76.223
kgz,2082,77.767
kgz,2083,79.625
kgz,2084,79.288
kgz,2085,81.375
kgz,2086,83.374
kgz,2087,85.281
kgz,2088,87.339
kgz,2089,86.626
kgz,2090,88.661
kgz,2091,90.747
kgz,2092,92.838
kgz,2093,93.03
kgz,2094,95.174
kgz,2095,97.082
kgz,2096,96.594
kgz,2097,98.978
kgz,2098,101.67
kgz,2099,101.056
kgz,2100,103.415
lao,1800,2.18
lao,1801,2.18
lao,1802,2.18
lao,1803,2.18
lao,1804,2.18
lao,1805,2.18
lao,1806,2.18
lao,1807,2.18
lao,1808,2.18
lao,1809,2.18
lao,1810,2.18
lao,1811,2.18
lao,1812,2.18
lao,1813,2.18
lao,1814,2.18
lao,1815,2.18
lao,1816,2.18
lao,1817,2.18
lao,1818,2.18
lao,1819,2.18
lao,1820,2.18
lao,1821,2.241
lao,1822,2.241
lao,1823,2.274
lao,1824,2.274
lao,1825,2.274
lao,1826,2.274
lao,1827,2.274
lao,1828,2.274
lao,1829,2.274
lao,1830,2.274
lao,1831,2.274
lao,1832,2.338
lao,1833,2.338
lao,1834,2.337
lao,1835,2.338
lao,1836,2.337
lao,1837,2.338
lao,1838,2.338
lao,1839,2.337
lao,1840,2.338
lao,1841,2.337
lao,1842,2.338
lao,1843,2.338
lao,1844,2.403
lao,1845,2.403
lao,1846,2.403
lao,1847,2.403
lao,1848,2.403
lao,1849,2.403
lao,1850,2.403
lao,1851,2.403
lao,1852,2.403
lao,1853,2.403
lao,1854,2.403
lao,1855,2.403
lao,1856,2.471
lao,1857,2.471
lao,1858,2.471
lao,1859,2.471
lao,1860,2.471
lao,1861,2.471
lao,1862,2.471
lao,1863,2.471
lao,1864,2.471
lao,1865,2.471
lao,1866,2.471
lao,1867,2.54
lao,1868,2.54
lao,1869,2.54
lao,1870,2.54
lao,1871,2.54
lao,1872,2.542
lao,1873,2.543
lao,1874,2.545
lao,1875,2.547
lao,1876,2.548
lao,1877,2.55
lao,1878,2.551
lao,1879,2.624
lao,1880,2.626
lao,1881,2.627
lao,1882,2.629
lao,1883,2.631
lao,1884,2.632
lao,1885,2.633
lao,1886,2.635
lao,1887,2.636
lao,1888,2.638
lao,1889,2.639
lao,1890,2.641
lao,1891,2.717
lao,1892,2.718
lao,1893,2.72
lao,1894,2.721
lao,1895,2.73
lao,1896,2.732
lao,1897,2.733
lao,1898,2.734
lao,1899,2.736
lao,1900,2.737
lao,1901,2.738
lao,1902,2.817
lao,1903,2.818
lao,1904,2.819
lao,1905,2.821
lao,1906,2.822
lao,1907,2.849
lao,1908,2.85
lao,1909,2.872
lao,1910,2.915
lao,1911,2.913
lao,1912,2.845
lao,1913,2.825
lao,1914,2.872
lao,1915,2.809
lao,1916,2.816
lao,1917,2.819
lao,1918,2.822
lao,1919,2.817
lao,1920,2.802
lao,1921,2.807
lao,1922,2.733
lao,1923,2.742
lao,1924,2.74
lao,1925,2.739
lao,1926,2.667
lao,1927,2.674
lao,1928,2.677
lao,1929,2.607
lao,1930,2.616
lao,1931,2.635
lao,1932,2.561
lao,1933,2.581
lao,1934,2.513
lao,1935,2.515
lao,1936,2.494
lao,1937,2.432
lao,1938,2.435
lao,1939,2.433
lao,1940,2.369
lao,1941,2.355
lao,1942,2.337
lao,1943,2.258
lao,1944,2.244
lao,1945,2.23
lao,1946,2.216
lao,1947,2.142
lao,1948,2.128
lao,1949,2.115
lao,1950,2.044
lao,1951,2.088
lao,1952,2.133
lao,1953,2.119
lao,1954,2.165
lao,1955,2.151
lao,1956,2.198
lao,1957,2.184
lao,1958,2.17
lao,1959,2.216
lao,1960,2.202
lao,1961,2.25
lao,1962,2.234
lao,1963,2.281
lao,1964,2.265
lao,1965,2.312
lao,1966,2.296
lao,1967,2.344
lao,1968,2.328
lao,1969,2.377
lao,1970,2.361
lao,1971,2.41
lao,1972,2.461
lao,1973,2.583
lao,1974,2.637
lao,1975,2.692
lao,1976,2.749
lao,1977,2.655
lao,1978,2.636
lao,1979,2.546
lao,1980,2.747
lao,1981,3.258
lao,1982,3.501
lao,1983,3.634
lao,1984,3.869
lao,1985,4.099
lao,1986,4.191
lao,1987,4.159
lao,1988,3.966
lao,1989,4.446
lao,1990,4.705
lao,1991,4.739
lao,1992,4.88
lao,1993,5.059
lao,1994,5.26
lao,1995,5.491
lao,1996,5.748
lao,1997,6.11
lao,1998,6.315
lao,1999,6.665
lao,2000,7.003
lao,2001,7.318
lao,2002,7.767
lao,2003,7.946
lao,2004,8.363
lao,2005,8.608
lao,2006,9.144
lao,2007,9.56
lao,2008,10.213
lao,2009,10.85
lao,2010,11.501
lao,2011,12.235
lao,2012,12.988
lao,2013,13.851
lao,2014,14.667
lao,2015,15.415
lao,2016,16.154
lao,2017,16.751
lao,2018,17.441
lao,2019,18.093
lao,2020,17.648
lao,2021,18.139
lao,2022,18.321
lao,2023,18.669
lao,2024,19.247
lao,2025,19.81
lao,2026,20.767
lao,2027,21.325
lao,2028,22.59
lao,2029,23.259
lao,2030,25.052
lao,2031,25.062
lao,2032,25.794
lao,2033,26.532
lao,2034,27.284
lao,2035,28.059
lao,2036,28.853
lao,2037,29.674
lao,2038,30.519
lao,2039,30.533
lao,2040,31.368
lao,2041,32.258
lao,2042,33.191
lao,2043,34.124
lao,2044,35.123
lao,2045,36.083
lao,2046,36.077
lao,2047,37.102
lao,2048,38.136
lao,2049,39.231
lao,2050,40.322
lao,2051,41.457
lao,2052,41.428
lao,2053,42.61
lao,2054,43.864
lao,2055,45.162
lao,2056,46.316
lao,2057,47.574
lao,2058,47.615
lao,2059,48.87
lao,2060,50.092
lao,2061,51.489
lao,2062,52.872
lao,2063,52.784
lao,2064,54.172
lao,2065,55.649
lao,2066,57.09
lao,2067,57.084
lao,2068,58.713
lao,2069,60.256
lao,2070,62.0
lao,2071,61.903
lao,2072,63.392
lao,2073,64.711
lao,2074,66.248
lao,2075,66.125
lao,2076,67.985
lao,2077,69.758
lao,2078,69.564
lao,2079,71.374
lao,2080,73.15
lao,2081,73.047
lao,2082,74.78
lao,2083,76.769
lao,2084,76.588
lao,2085,78.451
lao,2086,80.487
lao,2087,80.147
lao,2088,82.019
lao,2089,84.185
lao,2090,84.046
lao,2091,85.922
lao,2092,85.775
lao,2093,87.889
lao,2094,90.286
lao,2095,89.592
lao,2096,91.945
lao,2097,91.397
lao,2098,93.344
lao,2099,93.167
lao,2100,95.633
lva,1800,2.32
lva,1801,2.385
lva,1802,2.385
lva,1803,2.385
lva,1804,2.385
lva,1805,2.385
lva,1806,2.385
lva,1807,2.385
lva,1808,2.385
lva,1809,2.385
lva,1810,2.385
lva,1811,2.385
lva,1812,2.385
lva,1813,2.385
lva,1814,2.385
lva,1815,2.385
lva,1816,2.385
lva,1817,2.385
lva,1818,2.385
lva,1819,2.385
lva,1820,2.385
lva,1821,2.452
lva,1822,2.452
lva,1823,2.452
lva,1824,2.452
lva,1825,2.452
lva,1826,2.521
lva,1827,2.521
lva,1828,2.521
lva,1829,2.521
lva,1830,2.592
lva,1831,2.592
lva,1832,2.592
lva,1833,2.592
lva,1834,2.664
lva,1835,2.665
lva,1836,2.665
lva,1837,2.664
lva,1838,2.74
lva,1839,2.739
lva,1840,2.739
lva,1841,2.74
lva,1842,2.739
lva,1843,2.816
lva,1844,2.817
lva,1845,2.816
lva,1846,2.816
lva,1847,2.896
lva,1848,2.896
lva,1849,2.896
lva,1850,2.896
lva,1851,2.977
lva,1852,2.977
lva,1853,2.977
lva,1854,2.977
lva,1855,2.977
lva,1856,3.061
lva,1857,3.061
lva,1858,3.061
lva,1859,3.061
lva,1860,3.147
lva,1861,3.147
lva,1862,3.147
lva,1863,3.147
lva,1864,3.235
lva,1865,3.235
lva,1866,3.235
lva,1867,3.235
lva,1868,3.326
lva,1869,3.326
lva,1870,3.326
lva,1871,3.326
lva,1872,3.333
lva,1873,3.434
lva,1874,3.44
lva,1875,3.447
lva,1876,3.454
lva,1877,3.558
lva,1878,3.565
lva,1879,3.572
lva,1880,3.579
lva,1881,3.687
lva,1882,3.694
lva,1883,3.701
lva,1884,3.708
lva,1885,3.715
lva,1886,3.62
lva,1887,4.29
lva,1888,4.066
lva,1889,3.847
lva,1890,3.854
lva,1891,3.455
lva,1892,3.867
lva,1893,4.336
lva,1894,4.987
lva,1895,4.59
lva,1896,5.074
lva,1897,5.013
lva,1898,5.162
lva,1899,5.466
lva,1900,5.325
lva,1901,5.484
lva,1902,5.969
lva,1903,5.656
lva,1904,6.157
lva,1905,5.519
lva,1906,5.23
lva,1907,5.095
lva,1908,5.545
lva,1909,5.71
lva,1910,6.215
lva,1911,5.727
lva,1912,6.234
lva,1913,6.404
lva,1914,6.252
lva,1915,6.437
lva,1916,5.612
lva,1917,5.031
lva,1918,4.033
lva,1919,3.717
lva,1920,4.775
lva,1921,5.498
lva,1922,6.325
lva,1923,6.871
lva,1924,6.892
lva,1925,7.295
lva,1926,7.511
lva,1927,8.161
lva,1928,8.639
lva,1929,8.651
lva,1930,8.426
lva,1931,8.207
lva,1932,7.992
lva,1933,8.697
lva,1934,9.487
lva,1935,10.086
lva,1936,10.705
lva,1937,11.017
lva,1938,11.699
lva,1939,11.038
lva,1940,10.452
lva,1941,10.156
lva,1942,10.145
lva,1943,9.848
lva,1944,9.582
lva,1945,9.575
lva,1946,9.578
lva,1947,10.759
lva,1948,12.056
lva,1949,13.512
lva,1950,14.738
lva,1951,14.734
lva,1952,15.154
lva,1953,16.024
lva,1954,16.467
lva,1955,17.404
lva,1956,18.92
lva,1957,19.442
lva,1958,20.545
lva,1959,19.975
lva,1960,21.758
lva,1961,22.361
lva,1962,22.979
lva,1963,22.325
lva,1964,24.943
lva,1965,26.352
lva,1966,27.873
lva,1967,28.641
lva,1968,30.253
lva,1969,31.094
lva,1970,32.835
lva,1971,33.721
lva,1972,33.684
lva,1973,36.561
lva,1974,37.562
lva,1975,37.52
lva,1976,37.478
lva,1977,38.485
lva,1978,38.443
lva,1979,39.48
lva,1980,39.436
lva,1981,39.942
lva,1982,40.385
lva,1983,40.83
lva,1984,41.544
lva,1985,40.394
lva,1986,40.938
lva,1987,40.415
lva,1988,41.69
lva,1989,43.754
lva,1990,44.028
lva,1991,38.772
lva,1992,26.748
lva,1993,27.66
lva,1994,30.057
lva,1995,28.375
lva,1996,29.329
lva,1997,30.624
lva,1998,33.551
lva,1999,34.217
lva,2000,36.258
lva,2001,38.916
lva,2002,41.791
lva,2003,44.531
lva,2004,50.432
lva,2005,54.083
lva,2006,62.411
lva,2007,69.499
lva,2008,69.857
lva,2009,60.247
lva,2010,62.967
lva,2011,62.565
lva,2012,67.946
lva,2013,68.832
lva,2014,71.097
lva,2015,74.936
lva,2016,78.964
lva,2017,80.869
lva,2018,83.451
lva,2019,87.3
lva,2020,84.288
lva,2021,92.211
lva,2022,82.357
lva,2023,88.708
lva,2024,86.719
lva,2025,91.335
lva,2026,97.571
lva,2027,101.688
lva,2028,105.662
lva,2029,109.223
lva,2030,114.464
lva,2031,117.044
lva,2032,116.447
lva,2033,119.075
lva,2034,118.445
lva,2035,121.137
lva,2036,120.497
lva,2037,123.245
lva,2038,122.495
lva,2039,125.292
lva,2040,124.678
lva,2041,127.476
lva,2042,126.837
lva,2043,129.754
lva,2044,129.068
lva,2045,132.047
lva,2046,131.378
lva,2047,134.396
lva,2048,133.729
lva,2049,136.794
lva,2050,136.035
lva,2051,135.34
lva,2052,138.502
lva,2053,137.871
lva,2054,141.108
lva,2055,140.479
lva,2056,140.193
lva,2057,143.517
lva,2058,142.936
lva,2059,146.358
lva,2060,146.038
lva,2061,145.426
lva,2062,148.834
lva,2063,148.254
lva,2064,147.683
lva,2065,151.177
lva,2066,150.61
lva,2067,149.989
lva,2068,153.644
lva,2069,153.094
lva,2070,152.297
lva,2071,156.03
lva,2072,155.417
lva,2073,154.887
lva,2074,158.706
lva,2075,158.092
lva,2076,157.578
lva,2077,157.019
lva,2078,160.924
lva,2079,160.427
lva,2080,159.937
lva,2081,159.347
lva,2082,163.343
lva,2083,162.871
lva,2084,162.408
lva,2085,161.955
lva,2086,166.054
lva,2087,165.513
lva,2088,165.075
lva,2089,164.648
lva,2090,168.844
lva,2091,168.422
lva,2092,168.009
lva,2093,167.845
lva,2094,167.452
lva,2095,171.764
lva,2096,171.379
lva,2097,170.868
lva,2098,170.498
lva,2099,170.136
lva,2100,169.615
lbn,1800,3.578
lbn,1801,3.578
lbn,1802,3.578
lbn,1803,3.578
lbn,1804,3.578
lbn,1805,3.578
lbn,1806,3.578
lbn,1807,3.578
lbn,1808,3.578
lbn,1809,3.578
lbn,1810,3.578
lbn,1811,3.578
lbn,1812,3.578
lbn,1813,3.578
lbn,1814,3.578
lbn,1815,3.578
lbn,1816,3.578
lbn,1817,3.578
lbn,1818,3.578
lbn,1819,3.578
lbn,1820,3.578
lbn,1821,3.578
lbn,1822,3.679
lbn,1823,3.679
lbn,1824,3.679
lbn,1825,3.679
lbn,1826,3.782
lbn,1827,3.782
lbn,1828,3.782
lbn,1829,3.782
lbn,1830,3.889
lbn,1831,3.889
lbn,1832,3.889
lbn,1833,3.889
lbn,1834,3.998
lbn,1835,4.0
lbn,1836,4.0
lbn,1837,4.001
lbn,1838,4.113
lbn,1839,4.113
lbn,1840,4.114
lbn,1841,4.131
lbn,1842,4.247
lbn,1843,4.247
lbn,1844,4.244
lbn,1845,4.244
lbn,1846,4.363
lbn,1847,4.363
lbn,1848,4.363
lbn,1849,4.363
lbn,1850,4.363
lbn,1851,4.486
lbn,1852,4.509
lbn,1853,4.527
lbn,1854,4.529
lbn,1855,4.657
lbn,1856,4.657
lbn,1857,4.657
lbn,1858,4.657
lbn,1859,4.788
lbn,1860,4.788
lbn,1861,4.788
lbn,1862,4.789
lbn,1863,4.924
lbn,1864,4.924
lbn,1865,4.924
lbn,1866,4.924
lbn,1867,5.062
lbn,1868,5.062
lbn,1869,5.066
lbn,1870,5.066
lbn,1871,5.209
lbn,1872,5.194
lbn,1873,5.179
lbn,1874,5.327
lbn,1875,5.316
lbn,1876,5.301
lbn,1877,5.436
lbn,1878,5.442
lbn,1879,5.424
lbn,1880,5.561
lbn,1881,5.55
lbn,1882,5.69
lbn,1883,5.675
lbn,1884,5.659
lbn,1885,5.769
lbn,1886,5.739
lbn,1887,5.697
lbn,1888,5.822
lbn,1889,5.782
lbn,1890,5.708
lbn,1891,5.834
lbn,1892,5.786
lbn,1893,5.797
lbn,1894,5.949
lbn,1895,5.954
lbn,1896,6.11
lbn,1897,6.087
lbn,1898,6.076
lbn,1899,6.235
lbn,1900,6.245
lbn,1901,6.246
lbn,1902,6.409
lbn,1903,6.367
lbn,1904,6.355
lbn,1905,6.502
lbn,1906,6.491
lbn,1907,6.479
lbn,1908,6.651
lbn,1909,6.633
lbn,1910,6.622
lbn,1911,6.797
lbn,1912,6.785
lbn,1913,6.964
lbn,1914,6.94
lbn,1915,7.123
lbn,1916,7.111
lbn,1917,7.331
lbn,1918,7.318
lbn,1919,7.511
lbn,1920,7.498
lbn,1921,7.696
lbn,1922,7.701
lbn,1923,7.904
lbn,1924,7.89
lbn,1925,8.138
lbn,1926,8.123
lbn,1927,8.336
lbn,1928,8.321
lbn,1929,8.548
lbn,1930,8.533
lbn,1931,8.756
lbn,1932,8.751
lbn,1933,8.975
lbn,1934,8.967
lbn,1935,9.202
lbn,1936,9.208
lbn,1937,9.471
lbn,1938,9.455
lbn,1939,9.711
lbn,1940,9.712
lbn,1941,9.893
lbn,1942,10.095
lbn,1943,10.293
lbn,1944,10.477
lbn,1945,10.367
lbn,1946,10.557
lbn,1947,10.774
lbn,1948,10.971
lbn,1949,11.167
lbn,1950,11.367
lbn,1951,14.898
lbn,1952,15.603
lbn,1953,17.79
lbn,1954,19.618
lbn,1955,20.526
lbn,1956,19.768
lbn,1957,19.568
lbn,1958,15.975
lbn,1959,17.191
lbn,1960,17.021
lbn,1961,17.807
lbn,1962,18.134
lbn,1963,17.481
lbn,1964,18.298
lbn,1965,19.155
lbn,1966,20.06
lbn,1967,18.821
lbn,1968,20.271
lbn,1969,20.092
lbn,1970,21.052
lbn,1971,22.632
lbn,1972,24.378
lbn,1973,24.842
lbn,1974,25.321
lbn,1975,17.05
lbn,1976,7.35
lbn,1977,13.42
lbn,1978,12.941
lbn,1979,13.94
lbn,1980,14.604
lbn,1981,14.882
lbn,1982,9.467
lbn,1983,11.759
lbn,1984,17.063
lbn,1985,21.179
lbn,1986,19.61
lbn,1987,22.55
lbn,1988,16.162
lbn,1989,9.413
lbn,1990,9.282
lbn,1991,13.358
lbn,1992,15.256
lbn,1993,16.356
lbn,1994,17.736
lbn,1995,18.915
lbn,1996,20.919
lbn,1997,20.63
lbn,1998,21.136
lbn,1999,20.73
lbn,2000,20.932
lbn,2001,21.856
lbn,2002,21.909
lbn,2003,22.595
lbn,2004,23.675
lbn,2005,24.137
lbn,2006,24.553
lbn,2007,25.822
lbn,2008,28.046
lbn,2009,30.252
lbn,2010,31.863
lbn,2011,31.953
lbn,2012,31.555
lbn,2013,28.506
lbn,2014,23.037
lbn,2015,22.696
lbn,2016,25.714
lbn,2017,28.231
lbn,2018,28.683
lbn,2019,28.233
lbn,2020,15.902
lbn,2021,11.349
lbn,2022,10.438
lbn,2023,9.529
lbn,2024,8.462
lbn,2025,8.67
lbn,2026,9.341
lbn,2027,9.38
lbn,2028,9.685
lbn,2029,9.724
lbn,2030,10.016
lbn,2031,10.341
lbn,2032,10.672
lbn,2033,11.015
lbn,2034,11.375
lbn,2035,11.415
lbn,2036,11.779
lbn,2037,12.153
lbn,2038,12.544
lbn,2039,12.934
lbn,2040,13.352
lbn,2041,13.406
lbn,2042,13.846
lbn,2043,14.288
lbn,2044,14.744
lbn,2045,15.221
lbn,2046,15.282
lbn,2047,15.76
lbn,2048,16.251
lbn,2049,16.767
lbn,2050,17.296
lbn,2051,17.362
lbn,2052,17.906
lbn,2053,18.479
lbn,2054,19.072
lbn,2055,19.157
lbn,2056,19.777
lbn,2057,20.461
lbn,2058,21.122
lbn,2059,21.239
lbn,2060,21.949
lbn,2061,22.687
lbn,2062,23.448
lbn,2063,23.568
lbn,2064,24.305
lbn,2065,25.131
lbn,2066,25.24
lbn,2067,26.025
lbn,2068,26.887
lbn,2069,27.019
lbn,2070,27.899
lbn,2071,28.84
lbn,2072,28.972
lbn,2073,29.923
lbn,2074,30.931
lbn,2075,31.077
lbn,2076,32.074
lbn,2077,33.129
lbn,2078,33.284
lbn,2079,34.369
lbn,2080,34.531
lbn,2081,35.669
lbn,2082,36.848
lbn,2083,36.955
lbn,2084,38.175
lbn,2085,38.359
lbn,2086,39.627
lbn,2087,39.718
lbn,2088,41.031
lbn,2089,41.229
lbn,2090,42.588
lbn,2091,43.994
lbn,2092,44.08
lbn,2093,45.444
lbn,2094,45.665
lbn,2095,47.178
lbn,2096,47.312
lbn,2097,47.541
lbn,2098,49.118
lbn,2099,49.361
lbn,2100,51.0
lso,1800,1.381
lso,1801,1.381
lso,1802,1.381
lso,1803,1.381
lso,1804,1.381
lso,1805,1.381
lso,1806,1.381
lso,1807,1.381
lso,1808,1.381
lso,1809,1.381
lso,1810,1.381
lso,1811,1.381
lso,1812,1.381
lso,1813,1.381
lso,1814,1.381
lso,1815,1.381
lso,1816,1.381
lso,1817,1.381
lso,1818,1.381
lso,1819,1.381
lso,1820,1.381
lso,1821,1.381
lso,1822,1.381
lso,1823,1.381
lso,1824,1.381
lso,1825,1.381
lso,1826,1.381
lso,1827,1.381
lso,1828,1.381
lso,1829,1.381
lso,1830,1.381
lso,1831,1.381
lso,1832,1.381
lso,1833,1.381
lso,1834,1.381
lso,1835,1.381
lso,1836,1.381
lso,1837,1.381
lso,1838,1.381
lso,1839,1.381
lso,1840,1.381
lso,1841,1.381
lso,1842,1.381
lso,1843,1.381
lso,1844,1.381
lso,1845,1.381
lso,1846,1.381
lso,1847,1.419
lso,1848,1.42
lso,1849,1.42
lso,1850,1.42
lso,1851,1.42
lso,1852,1.42
lso,1853,1.459
lso,1854,1.46
lso,1855,1.46
lso,1856,1.46
lso,1857,1.46
lso,1858,1.46
lso,1859,1.501
lso,1860,1.501
lso,1861,1.501
lso,1862,1.501
lso,1863,1.501
lso,1864,1.501
lso,1865,1.543
lso,1866,1.543
lso,1867,1.543
lso,1868,1.543
lso,1869,1.543
lso,1870,1.543
lso,1871,1.586
lso,1872,1.581
lso,1873,1.576
lso,1874,1.57
lso,1875,1.565
lso,1876,1.56
lso,1877,1.598
lso,1878,1.593
lso,1879,1.587
lso,1880,1.582
lso,1881,1.576
lso,1882,1.571
lso,1883,1.609
lso,1884,1.604
lso,1885,1.598
lso,1886,1.592
lso,1887,1.587
lso,1888,1.581
lso,1889,1.619
lso,1890,1.613
lso,1891,1.607
lso,1892,1.601
lso,1893,1.596
lso,1894,1.59
lso,1895,1.628
lso,1896,1.622
lso,1897,1.616
lso,1898,1.61
lso,1899,1.604
lso,1900,1.598
lso,1901,1.636
lso,1902,1.63
lso,1903,1.624
lso,1904,1.617
lso,1905,1.611
lso,1906,1.605
lso,1907,1.643
lso,1908,1.637
lso,1909,1.63
lso,1910,1.624
lso,1911,1.617
lso,1912,1.656
lso,1913,1.649
lso,1914,1.642
lso,1915,1.622
lso,1916,1.615
lso,1917,1.609
lso,1918,1.647
lso,1919,1.641
lso,1920,1.634
lso,1921,1.628
lso,1922,1.621
lso,1923,1.614
lso,1924,1.653
lso,1925,1.646
lso,1926,1.639
lso,1927,1.632
lso,1928,1.625
lso,1929,1.619
lso,1930,1.657
lso,1931,1.65
lso,1932,1.643
lso,1933,1.636
lso,1934,1.628
lso,1935,1.621
lso,1936,1.659
lso,1937,1.652
lso,1938,1.645
lso,1939,1.638
lso,1940,1.631
lso,1941,1.613
lso,1942,1.595
lso,1943,1.578
lso,1944,1.56
lso,1945,1.543
lso,1946,1.526
lso,1947,1.468
lso,1948,1.452
lso,1949,1.436
lso,1950,1.42
lso,1951,1.443
lso,1952,1.427
lso,1953,1.451
lso,1954,1.472
lso,1955,1.456
lso,1956,1.478
lso,1957,1.462
lso,1958,1.487
lso,1959,1.47
lso,1960,1.493
lso,1961,1.477
lso,1962,1.633
lso,1963,1.754
lso,1964,1.838
lso,1965,1.772
lso,1966,1.709
lso,1967,1.842
lso,1968,1.776
lso,1969,1.713
lso,1970,1.698
lso,1971,1.469
lso,1972,1.67
lso,1973,2.06
lso,1974,2.101
lso,1975,1.817
lso,1976,2.067
lso,1977,2.29
lso,1978,2.683
lso,1979,2.253
lso,1980,2.115
lso,1981,2.121
lso,1982,2.219
lso,1983,2.244
lso,1984,2.372
lso,1985,2.409
lso,1986,2.475
lso,1987,2.389
lso,1988,2.496
lso,1989,2.601
lso,1990,2.726
lso,1991,2.749
lso,1992,2.808
lso,1993,2.779
lso,1994,2.802
lso,1995,2.774
lso,1996,2.8
lso,1997,2.825
lso,1998,3.028
lso,1999,3.126
lso,2000,3.389
lso,2001,3.688
lso,2002,3.97
lso,2003,4.487
lso,2004,4.628
lso,2005,4.865
lso,2006,5.123
lso,2007,5.283
lso,2008,5.516
lso,2009,5.42
lso,2010,5.645
lso,2011,5.848
lso,2012,6.136
lso,2013,6.141
lso,2014,6.1
lso,2015,6.259
lso,2016,6.449
lso,2017,6.25
lso,2018,6.074
lso,2019,5.796
lso,2020,5.381
lso,2021,5.469
lso,2022,5.541
lso,2023,5.598
lso,2024,5.789
lso,2025,5.885
lso,2026,6.211
lso,2027,6.244
lso,2028,6.456
lso,2029,6.473
lso,2030,6.521
lso,2031,6.534
lso,2032,6.732
lso,2033,6.935
lso,2034,6.949
lso,2035,7.167
lso,2036,7.384
lso,2037,7.623
lso,2038,7.638
lso,2039,7.866
lso,2040,8.102
lso,2041,8.331
lso,2042,8.345
lso,2043,8.607
lso,2044,8.854
lso,2045,8.884
lso,2046,9.153
lso,2047,9.4
lso,2048,9.681
lso,2049,9.97
lso,2050,9.989
lso,2051,10.287
lso,2052,10.603
lso,2053,10.897
lso,2054,10.889
lso,2055,11.199
lso,2056,11.51
lso,2057,11.827
lso,2058,12.173
lso,2059,12.176
lso,2060,12.534
lso,2061,12.889
lso,2062,13.281
lso,2063,13.64
lso,2064,14.071
lso,2065,14.073
lso,2066,14.481
lso,2067,14.907
lso,2068,15.356
lso,2069,15.814
lso,2070,16.286
lso,2071,16.269
lso,2072,16.762
lso,2073,17.208
lso,2074,17.646
lso,2075,18.095
lso,2076,18.522
lso,2077,19.056
lso,2078,19.079
lso,2079,19.705
lso,2080,20.268
lso,2081,20.876
lso,2082,21.39
lso,2083,22.046
lso,2084,22.636
lso,2085,22.605
lso,2086,23.364
lso,2087,24.101
lso,2088,24.907
lso,2089,25.627
lso,2090,26.435
lso,2091,27.102
lso,2092,27.891
lso,2093,28.003
lso,2094,28.811
lso,2095,29.508
lso,2096,30.508
lso,2097,31.341
lso,2098,32.25
lso,2099,33.163
lso,2100,34.142
lbr,1800,2.677
lbr,1801,2.677
lbr,1802,2.677
lbr,1803,2.677
lbr,1804,2.753
lbr,1805,2.753
lbr,1806,2.753
lbr,1807,2.753
lbr,1808,2.753
lbr,1809,2.753
lbr,1810,2.83
lbr,1811,2.83
lbr,1812,2.83
lbr,1813,2.83
lbr,1814,2.83
lbr,1815,2.909
lbr,1816,2.909
lbr,1817,2.909
lbr,1818,2.909
lbr,1819,2.909
lbr,1820,2.991
lbr,1821,2.991
lbr,1822,2.991
lbr,1823,2.991
lbr,1824,2.991
lbr,1825,3.075
lbr,1826,3.075
lbr,1827,3.075
lbr,1828,3.075
lbr,1829,3.075
lbr,1830,3.075
lbr,1831,3.162
lbr,1832,3.162
lbr,1833,3.162
lbr,1834,3.162
lbr,1835,3.162
lbr,1836,3.25
lbr,1837,3.25
lbr,1838,3.25
lbr,1839,3.25
lbr,1840,3.25
lbr,1841,3.342
lbr,1842,3.342
lbr,1843,3.342
lbr,1844,3.342
lbr,1845,3.342
lbr,1846,3.436
lbr,1847,3.436
lbr,1848,3.436
lbr,1849,3.436
lbr,1850,3.436
lbr,1851,3.44
lbr,1852,3.537
lbr,1853,3.537
lbr,1854,3.537
lbr,1855,3.537
lbr,1856,3.537
lbr,1857,3.636
lbr,1858,3.637
lbr,1859,3.637
lbr,1860,3.614
lbr,1861,3.614
lbr,1862,3.716
lbr,1863,3.716
lbr,1864,3.716
lbr,1865,3.716
lbr,1866,3.716
lbr,1867,3.716
lbr,1868,3.82
lbr,1869,3.82
lbr,1870,3.82
lbr,1871,3.82
lbr,1872,3.821
lbr,1873,3.929
lbr,1874,3.93
lbr,1875,3.931
lbr,1876,3.932
lbr,1877,3.933
lbr,1878,4.044
lbr,1879,4.045
lbr,1880,4.046
lbr,1881,4.046
lbr,1882,4.047
lbr,1883,4.162
lbr,1884,4.163
lbr,1885,4.163
lbr,1886,4.164
lbr,1887,4.165
lbr,1888,4.166
lbr,1889,4.283
lbr,1890,4.286
lbr,1891,4.287
lbr,1892,4.287
lbr,1893,4.288
lbr,1894,4.41
lbr,1895,4.41
lbr,1896,4.412
lbr,1897,4.424
lbr,1898,4.425
lbr,1899,4.55
lbr,1900,4.55
lbr,1901,4.549
lbr,1902,4.549
lbr,1903,4.549
lbr,1904,4.678
lbr,1905,4.678
lbr,1906,4.679
lbr,1907,4.679
lbr,1908,4.68
lbr,1909,4.68
lbr,1910,4.813
lbr,1911,4.813
lbr,1912,4.836
lbr,1913,4.836
lbr,1914,4.838
lbr,1915,4.974
lbr,1916,4.974
lbr,1917,4.974
lbr,1918,4.974
lbr,1919,4.974
lbr,1920,5.114
lbr,1921,4.974
lbr,1922,4.974
lbr,1923,4.975
lbr,1924,4.838
lbr,1925,4.838
lbr,1926,4.821
lbr,1927,4.822
lbr,1928,4.822
lbr,1929,4.823
lbr,1930,4.823
lbr,1931,4.832
lbr,1932,4.838
lbr,1933,4.838
lbr,1934,4.838
lbr,1935,4.839
lbr,1936,4.839
lbr,1937,4.839
lbr,1938,4.839
lbr,1939,4.839
lbr,1940,4.84
lbr,1941,4.835
lbr,1942,4.83
lbr,1943,4.825
lbr,1944,4.82
lbr,1945,4.811
lbr,1946,4.802
lbr,1947,4.798
lbr,1948,4.794
lbr,1949,4.658
lbr,1950,4.661
lbr,1951,5.067
lbr,1952,5.352
lbr,1953,5.757
lbr,1954,6.082
lbr,1955,6.605
lbr,1956,6.978
lbr,1957,7.375
lbr,1958,8.014
lbr,1959,8.465
lbr,1960,9.197
lbr,1961,9.722
lbr,1962,10.559
lbr,1963,11.156
lbr,1964,11.466
lbr,1965,11.45
lbr,1966,12.768
lbr,1967,12.409
lbr,1968,12.753
lbr,1969,13.099
lbr,1970,13.45
lbr,1971,13.817
lbr,1972,13.806
lbr,1973,13.796
lbr,1974,13.785
lbr,1975,13.033
lbr,1976,13.388
lbr,1977,13.011
lbr,1978,13.366
lbr,1979,13.353
lbr,1980,12.278
lbr,1981,11.132
lbr,1982,10.731
lbr,1983,10.101
lbr,1984,9.56
lbr,1985,9.178
lbr,1986,8.91
lbr,1987,8.829
lbr,1988,8.95
lbr,1989,7.232
lbr,1990,3.686
lbr,1991,3.598
lbr,1992,2.262
lbr,1993,1.527
lbr,1994,1.248
lbr,1995,1.169
lbr,1996,1.331
lbr,1997,2.556
lbr,1998,3.199
lbr,1999,3.729
lbr,2000,4.893
lbr,2001,4.994
lbr,2002,5.108
lbr,2003,3.519
lbr,2004,3.615
lbr,2005,3.576
lbr,2006,3.684
lbr,2007,3.918
lbr,2008,4.054
lbr,2009,4.07
lbr,2010,4.273
lbr,2011,4.453
lbr,2012,4.633
lbr,2013,5.005
lbr,2014,4.994
lbr,2015,4.763
lbr,2016,4.54
lbr,2017,4.549
lbr,2018,4.519
lbr,2019,4.271
lbr,2020,4.033
lbr,2021,4.155
lbr,2022,4.341
lbr,2023,4.38
lbr,2024,4.56
lbr,2025,4.722
lbr,2026,4.972
lbr,2027,5.303
lbr,2028,5.49
lbr,2029,5.665
lbr,2030,5.695
lbr,2031,5.853
lbr,2032,6.019
lbr,2033,6.017
lbr,2034,6.191
lbr,2035,6.197
lbr,2036,6.378
lbr,2037,6.565
lbr,2038,6.576
lbr,2039,6.774
lbr,2040,6.981
lbr,2041,7.001
lbr,2042,7.21
lbr,2043,7.426
lbr,2044,7.438
lbr,2045,7.661
lbr,2046,7.895
lbr,2047,7.909
lbr,2048,8.145
lbr,2049,8.388
lbr,2050,8.402
lbr,2051,8.651
lbr,2052,8.909
lbr,2053,8.924
lbr,2054,9.187
lbr,2055,9.462
lbr,2056,9.738
lbr,2057,9.753
lbr,2058,10.042
lbr,2059,10.355
lbr,2060,10.656
lbr,2061,10.671
lbr,2062,11.039
lbr,2063,11.379
lbr,2064,11.722
lbr,2065,11.791
lbr,2066,12.147
lbr,2067,12.517
lbr,2068,12.903
lbr,2069,12.886
lbr,2070,13.266
lbr,2071,13.667
lbr,2072,14.057
lbr,2073,14.071
lbr,2074,14.494
lbr,2075,14.912
lbr,2076,15.449
lbr,2077,15.891
lbr,2078,16.367
lbr,2079,16.38
lbr,2080,16.887
lbr,2081,17.379
lbr,2082,17.96
lbr,2083,18.435
lbr,2084,18.438
lbr,2085,18.973
lbr,2086,19.419
lbr,2087,20.002
lbr,2088,20.537
lbr,2089,21.264
lbr,2090,21.749
lbr,2091,21.756
lbr,2092,22.36
lbr,2093,23.004
lbr,2094,23.669
lbr,2095,24.481
lbr,2096,25.17
lbr,2097,25.702
lbr,2098,25.531
lbr,2099,26.258
lbr,2100,26.792
lby,1800,2.501
lby,1801,2.501
lby,1802,2.501
lby,1803,2.501
lby,1804,2.501
lby,1805,2.501
lby,1806,2.501
lby,1807,2.501
lby,1808,2.501
lby,1809,2.501
lby,1810,2.501
lby,1811,2.501
lby,1812,2.501
lby,1813,2.501
lby,1814,2.501
lby,1815,2.5
lby,1816,2.501
lby,1817,2.501
lby,1818,2.501
lby,1819,2.501
lby,1820,2.501
lby,1821,2.537
lby,1822,2.537
lby,1823,2.577
lby,1824,2.577
lby,1825,2.577
lby,1826,2.614
lby,1827,2.614
lby,1828,2.692
lby,1829,2.732
lby,1830,2.772
lby,1831,2.772
lby,1832,2.833
lby,1833,2.862
lby,1834,2.862
lby,1835,2.931
lby,1836,3.017
lby,1837,3.048
lby,1838,3.048
lby,1839,3.048
lby,1840,3.083
lby,1841,3.083
lby,1842,3.082
lby,1843,3.12
lby,1844,3.158
lby,1845,3.158
lby,1846,3.189
lby,1847,3.254
lby,1848,3.345
lby,1849,3.345
lby,1850,3.345
lby,1851,3.433
lby,1852,3.622
lby,1853,3.621
lby,1854,3.621
lby,1855,3.708
lby,1856,3.812
lby,1857,3.812
lby,1858,3.812
lby,1859,3.913
lby,1860,3.96
lby,1861,4.159
lby,1862,4.253
lby,1863,4.299
lby,1864,4.393
lby,1865,4.516
lby,1866,4.563
lby,1867,4.603
lby,1868,4.649
lby,1869,4.78
lby,1870,4.78
lby,1871,4.78
lby,1872,4.75
lby,1873,4.719
lby,1874,4.785
lby,1875,4.754
lby,1876,4.722
lby,1877,4.69
lby,1878,4.791
lby,1879,4.666
lby,1880,4.589
lby,1881,4.511
lby,1882,4.429
lby,1883,4.522
lby,1884,4.49
lby,1885,4.458
lby,1886,4.427
lby,1887,4.467
lby,1888,4.435
lby,1889,4.403
lby,1890,4.372
lby,1891,4.34
lby,1892,4.429
lby,1893,4.398
lby,1894,4.366
lby,1895,4.385
lby,1896,4.352
lby,1897,4.398
lby,1898,4.366
lby,1899,4.334
lby,1900,4.302
lby,1901,4.271
lby,1902,4.359
lby,1903,4.327
lby,1904,4.296
lby,1905,4.223
lby,1906,4.193
lby,1907,4.28
lby,1908,4.251
lby,1909,4.221
lby,1910,4.192
lby,1911,4.139
lby,1912,4.111
lby,1913,4.199
lby,1914,4.171
lby,1915,4.143
lby,1916,4.116
lby,1917,4.09
lby,1918,4.178
lby,1919,4.151
lby,1920,4.124
lby,1921,4.099
lby,1922,4.073
lby,1923,4.048
lby,1924,4.023
lby,1925,4.111
lby,1926,4.087
lby,1927,4.062
lby,1928,4.038
lby,1929,4.015
lby,1930,3.992
lby,1931,3.969
lby,1932,3.946
lby,1933,4.034
lby,1934,4.012
lby,1935,3.99
lby,1936,3.969
lby,1937,3.947
lby,1938,3.926
lby,1939,3.906
lby,1940,3.886
lby,1941,3.929
lby,1942,3.972
lby,1943,4.016
lby,1944,4.048
lby,1945,4.094
lby,1946,4.141
lby,1947,4.189
lby,1948,4.237
lby,1949,4.276
lby,1950,4.208
lby,1951,4.621
lby,1952,4.53
lby,1953,4.466
lby,1954,4.292
lby,1955,4.441
lby,1956,4.721
lby,1957,4.677
lby,1958,4.882
lby,1959,4.955
lby,1960,5.852
lby,1961,5.995
lby,1962,7.468
lby,1963,9.196
lby,1964,12.291
lby,1965,14.743
lby,1966,16.263
lby,1967,16.967
lby,1968,20.933
lby,1969,21.931
lby,1970,21.661
lby,1971,20.176
lby,1972,21.114
lby,1973,20.272
lby,1974,23.748
lby,1975,24.092
lby,1976,28.852
lby,1977,30.926
lby,1978,31.378
lby,1979,32.737
lby,1980,32.314
lby,1981,25.842
lby,1982,24.013
lby,1983,24.464
lby,1984,24.227
lby,1985,23.567
lby,1986,23.787
lby,1987,22.812
lby,1988,21.647
lby,1989,22.825
lby,1990,24.04
lby,1991,25.581
lby,1992,25.254
lby,1993,24.818
lby,1994,24.955
lby,1995,24.652
lby,1996,24.792
lby,1997,25.209
lby,1998,24.646
lby,1999,24.559
lby,2000,24.791
lby,2001,24.566
lby,2002,24.44
lby,2003,25.786
lby,2004,26.305
lby,2005,27.671
lby,2006,28.426
lby,2007,29.116
lby,2008,29.022
lby,2009,28.386
lby,2010,28.92
lby,2011,19.899
lby,2012,27.637
lby,2013,25.329
lby,2014,22.041
lby,2015,22.027
lby,2016,21.888
lby,2017,25.144
lby,2018,26.201
lby,2019,23.239
lby,2020,17.446
lby,2021,19.097
lby,2022,17.241
lby,2023,15.628
lby,2024,16.569
lby,2025,19.523
lby,2026,21.148
lby,2027,21.452
lby,2028,22.738
lby,2029,23.766
lby,2030,23.46
lby,2031,24.217
lby,2032,24.997
lby,2033,25.767
lby,2034,25.87
lby,2035,26.698
lby,2036,27.55
lby,2037,28.429
lby,2038,28.522
lby,2039,29.437
lby,2040,30.383
lby,2041,30.486
lby,2042,31.478
lby,2043,32.458
lby,2044,32.587
lby,2045,33.613
lby,2046,34.647
lby,2047,34.77
lby,2048,35.888
lby,2049,36.976
lby,2050,37.114
lby,2051,38.288
lby,2052,38.405
lby,2053,39.629
lby,2054,40.904
lby,2055,41.05
lby,2056,42.375
lby,2057,42.496
lby,2058,43.861
lby,2059,44.02
lby,2060,45.466
lby,2061,46.921
lby,2062,47.141
lby,2063,48.662
lby,2064,48.848
lby,2065,50.425
lby,2066,50.696
lby,2067,52.335
lby,2068,52.566
lby,2069,54.162
lby,2070,54.367
lby,2071,56.181
lby,2072,56.453
lby,2073,56.601
lby,2074,58.389
lby,2075,58.608
lby,2076,60.455
lby,2077,60.7
lby,2078,62.599
lby,2079,62.755
lby,2080,62.955
lby,2081,64.993
lby,2082,65.187
lby,2083,67.286
lby,2084,67.564
lby,2085,67.941
lby,2086,70.066
lby,2087,70.35
lby,2088,72.615
lby,2089,72.903
lby,2090,73.183
lby,2091,75.44
lby,2092,75.736
lby,2093,75.9
lby,2094,78.336
lby,2095,78.629
lby,2096,78.933
lby,2097,79.188
lby,2098,81.727
lby,2099,82.039
lby,2100,82.185
ltu,1800,3.934
ltu,1801,3.934
ltu,1802,4.045
ltu,1803,4.045
ltu,1804,4.045
ltu,1805,4.045
ltu,1806,4.045
ltu,1807,4.045
ltu,1808,4.045
ltu,1809,4.045
ltu,1810,4.045
ltu,1811,4.045
ltu,1812,4.045
ltu,1813,4.045
ltu,1814,4.045
ltu,1815,4.045
ltu,1816,4.045
ltu,1817,4.045
ltu,1818,4.045
ltu,1819,4.045
ltu,1820,4.045
ltu,1821,4.158
ltu,1822,4.158
ltu,1823,4.159
ltu,1824,4.158
ltu,1825,4.159
ltu,1826,4.275
ltu,1827,4.275
ltu,1828,4.276
ltu,1829,4.275
ltu,1830,4.37
ltu,1831,4.335
ltu,1832,4.335
ltu,1833,4.335
ltu,1834,4.457
ltu,1835,4.457
ltu,1836,4.457
ltu,1837,4.457
ltu,1838,4.457
ltu,1839,4.582
ltu,1840,4.545
ltu,1841,4.545
ltu,1842,4.545
ltu,1843,4.672
ltu,1844,4.673
ltu,1845,4.673
ltu,1846,4.672
ltu,1847,4.804
ltu,1848,4.804
ltu,1849,4.804
ltu,1850,4.804
ltu,1851,4.939
ltu,1852,4.939
ltu,1853,4.939
ltu,1854,4.908
ltu,1855,4.909
ltu,1856,5.046
ltu,1857,5.029
ltu,1858,5.029
ltu,1859,5.029
ltu,1860,5.171
ltu,1861,5.171
ltu,1862,5.171
ltu,1863,5.171
ltu,1864,5.316
ltu,1865,5.264
ltu,1866,5.264
ltu,1867,5.262
ltu,1868,4.83
ltu,1869,4.609
ltu,1870,4.616
ltu,1871,4.512
ltu,1872,4.55
ltu,1873,4.68
ltu,1874,4.614
ltu,1875,4.83
ltu,1876,5.026
ltu,1877,5.057
ltu,1878,5.138
ltu,1879,6.3
ltu,1880,7.804
ltu,1881,7.484
ltu,1882,6.804
ltu,1883,6.492
ltu,1884,6.221
ltu,1885,6.203
ltu,1886,6.067
ltu,1887,7.201
ltu,1888,6.886
ltu,1889,6.116
ltu,1890,5.82
ltu,1891,5.298
ltu,1892,5.689
ltu,1893,6.244
ltu,1894,7.19
ltu,1895,6.632
ltu,1896,7.25
ltu,1897,7.327
ltu,1898,8.198
ltu,1899,8.818
ltu,1900,8.805
ltu,1901,9.06
ltu,1902,9.866
ltu,1903,9.257
ltu,1904,10.008
ltu,1905,8.975
ltu,1906,8.477
ltu,1907,8.25
ltu,1908,8.923
ltu,1909,9.175
ltu,1910,10.035
ltu,1911,9.235
ltu,1912,10.03
ltu,1913,10.375
ltu,1914,10.069
ltu,1915,10.326
ltu,1916,8.972
ltu,1917,8.191
ltu,1918,6.631
ltu,1919,6.142
ltu,1920,7.776
ltu,1921,8.824
ltu,1922,10.136
ltu,1923,11.015
ltu,1924,11.1
ltu,1925,11.69
ltu,1926,11.927
ltu,1927,12.51
ltu,1928,13.124
ltu,1929,12.955
ltu,1930,12.901
ltu,1931,12.586
ltu,1932,12.495
ltu,1933,13.302
ltu,1934,14.847
ltu,1935,15.314
ltu,1936,16.192
ltu,1937,17.124
ltu,1938,17.572
ltu,1939,17.13
ltu,1940,16.195
ltu,1941,15.765
ltu,1942,15.294
ltu,1943,14.854
ltu,1944,14.29
ltu,1945,13.907
ltu,1946,13.558
ltu,1947,15.171
ltu,1948,17.003
ltu,1949,18.499
ltu,1950,20.179
ltu,1951,20.191
ltu,1952,21.04
ltu,1953,22.258
ltu,1954,22.867
ltu,1955,24.146
ltu,1956,26.135
ltu,1957,26.024
ltu,1958,27.223
ltu,1959,25.585
ltu,1960,27.814
ltu,1961,28.62
ltu,1962,29.968
ltu,1963,28.333
ltu,1964,31.671
ltu,1965,33.467
ltu,1966,34.382
ltu,1967,35.323
ltu,1968,37.118
ltu,1969,36.967
ltu,1970,40.182
ltu,1971,40.184
ltu,1972,40.174
ltu,1973,43.683
ltu,1974,43.682
ltu,1975,43.675
ltu,1976,44.896
ltu,1977,44.897
ltu,1978,44.884
ltu,1979,46.139
ltu,1980,46.13
ltu,1981,46.762
ltu,1982,48.478
ltu,1983,48.807
ltu,1984,49.111
ltu,1985,47.377
ltu,1986,48.829
ltu,1987,49.502
ltu,1988,53.265
ltu,1989,52.804
ltu,1990,49.627
ltu,1991,46.847
ltu,1992,37.087
ltu,1993,31.326
ltu,1994,28.412
ltu,1995,29.01
ltu,1996,32.623
ltu,1997,35.455
ltu,1998,38.299
ltu,1999,38.331
ltu,2000,40.293
ltu,2001,43.392
ltu,2002,46.372
ltu,2003,49.343
ltu,2004,52.976
ltu,2005,60.285
ltu,2006,65.652
ltu,2007,73.604
ltu,2008,73.332
ltu,2009,65.029
ltu,2010,73.095
ltu,2011,76.515
ltu,2012,79.635
ltu,2013,81.825
ltu,2014,83.854
ltu,2015,86.369
ltu,2016,88.415
ltu,2017,93.037
ltu,2018,101.127
ltu,2019,106.064
ltu,2020,103.574
ltu,2021,107.573
ltu,2022,103.778
ltu,2023,102.923
ltu,2024,106.693
ltu,2025,111.368
ltu,2026,117.937
ltu,2027,123.332
ltu,2028,128.244
ltu,2029,132.508
ltu,2030,139.558
ltu,2031,138.639
ltu,2032,141.596
ltu,2033,140.603
ltu,2034,143.614
ltu,2035,142.696
ltu,2036,145.795
ltu,2037,144.895
ltu,2038,148.046
ltu,2039,147.18
ltu,2040,146.263
ltu,2041,149.522
ltu,2042,148.684
ltu,2043,151.983
ltu,2044,151.117
ltu,2045,150.271
ltu,2046,153.641
ltu,2047,152.803
ltu,2048,156.308
ltu,2049,155.545
ltu,2050,154.737
ltu,2051,158.364
ltu,2052,157.57
ltu,2053,156.792
ltu,2054,160.178
ltu,2055,159.452
ltu,2056,158.597
ltu,2057,162.295
ltu,2058,161.529
ltu,2059,160.85
ltu,2060,164.639
ltu,2061,163.924
ltu,2062,163.225
ltu,2063,162.542
ltu,2064,166.422
ltu,2065,165.772
ltu,2066,165.055
ltu,2067,169.08
ltu,2068,168.395
ltu,2069,167.776
ltu,2070,167.158
ltu,2071,171.425
ltu,2072,170.82
ltu,2073,170.231
ltu,2074,169.656
ltu,2075,173.846
ltu,2076,173.282
ltu,2077,172.732
ltu,2078,172.092
ltu,2079,171.566
ltu,2080,175.86
ltu,2081,175.344
ltu,2082,174.842
ltu,2083,174.295
ltu,2084,173.714
ltu,2085,177.974
ltu,2086,177.505
ltu,2087,177.028
ltu,2088,176.579
ltu,2089,176.142
ltu,2090,175.715
ltu,2091,180.226
ltu,2092,179.808
ltu,2093,179.402
ltu,2094,179.008
ltu,2095,178.622
ltu,2096,178.246
ltu,2097,182.881
ltu,2098,182.515
ltu,2099,182.157
ltu,2100,181.81
lux,1800,4.512
lux,1801,4.512
lux,1802,4.512
lux,1803,4.512
lux,1804,4.512
lux,1805,4.512
lux,1806,4.512
lux,1807,4.512
lux,1808,4.512
lux,1809,4.512
lux,1810,4.512
lux,1811,4.512
lux,1812,4.512
lux,1813,4.512
lux,1814,4.512
lux,1815,4.512
lux,1816,4.512
lux,1817,4.512
lux,1818,4.512
lux,1819,4.512
lux,1820,4.512
lux,1821,4.493
lux,1822,4.62
lux,1823,4.62
lux,1824,4.75
lux,1825,4.75
lux,1826,4.749
lux,1827,4.883
lux,1828,4.883
lux,1829,5.021
lux,1830,5.021
lux,1831,5.162
lux,1832,5.162
lux,1833,5.162
lux,1834,5.307
lux,1835,5.307
lux,1836,5.457
lux,1837,5.456
lux,1838,5.456
lux,1839,5.609
lux,1840,5.61
lux,1841,5.767
lux,1842,5.767
lux,1843,5.93
lux,1844,5.929
lux,1845,5.929
lux,1846,6.096
lux,1847,6.096
lux,1848,6.268
lux,1849,6.268
lux,1850,6.444
lux,1851,6.444
lux,1852,6.443
lux,1853,6.624
lux,1854,6.624
lux,1855,6.81
lux,1856,6.792
lux,1857,6.983
lux,1858,6.983
lux,1859,6.983
lux,1860,7.18
lux,1861,7.179
lux,1862,7.382
lux,1863,7.381
lux,1864,7.589
lux,1865,7.589
lux,1866,7.589
lux,1867,7.802
lux,1868,7.825
lux,1869,8.051
lux,1870,8.051
lux,1871,8.318
lux,1872,8.341
lux,1873,8.364
lux,1874,8.622
lux,1875,8.667
lux,1876,8.979
lux,1877,9.036
lux,1878,9.4
lux,1879,9.448
lux,1880,9.508
lux,1881,9.907
lux,1882,9.926
lux,1883,10.209
lux,1884,10.229
lux,1885,10.556
lux,1886,10.576
lux,1887,10.596
lux,1888,10.914
lux,1889,11.101
lux,1890,11.496
lux,1891,11.6
lux,1892,11.996
lux,1893,12.794
lux,1894,13.53
lux,1895,14.034
lux,1896,14.077
lux,1897,14.43
lux,1898,14.418
lux,1899,14.811
lux,1900,14.863
lux,1901,14.895
lux,1902,15.25
lux,1903,15.254
lux,1904,15.772
lux,1905,15.756
lux,1906,15.828
lux,1907,16.255
lux,1908,16.04
lux,1909,16.377
lux,1910,16.087
lux,1911,16.606
lux,1912,16.539
lux,1913,16.318
lux,1914,17.249
lux,1915,17.482
lux,1916,18.222
lux,1917,19.041
lux,1918,19.62
lux,1919,21.238
lux,1920,22.466
lux,1921,23.541
lux,1922,24.9
lux,1923,25.985
lux,1924,26.675
lux,1925,27.816
lux,1926,28.461
lux,1927,29.096
lux,1928,29.621
lux,1929,30.134
lux,1930,29.946
lux,1931,31.001
lux,1932,30.867
lux,1933,31.576
lux,1934,32.362
lux,1935,33.215
lux,1936,34.07
lux,1937,34.993
lux,1938,35.943
lux,1939,36.914
lux,1940,36.868
lux,1941,38.699
lux,1942,39.564
lux,1943,40.358
lux,1944,41.238
lux,1945,41.931
lux,1946,42.694
lux,1947,43.496
lux,1948,44.446
lux,1949,45.335
lux,1950,46.386
lux,1951,43.569
lux,1952,45.79
lux,1953,46.837
lux,1954,46.579
lux,1955,47.631
lux,1956,50.068
lux,1957,52.634
lux,1958,52.358
lux,1959,53.529
lux,1960,54.727
lux,1961,57.529
lux,1962,57.217
lux,1963,58.494
lux,1964,61.5
lux,1965,62.87
lux,1966,62.514
lux,1967,63.895
lux,1968,65.319
lux,1969,72.584
lux,1970,72.12
lux,1971,73.736
lux,1972,77.524
lux,1973,83.746
lux,1974,85.624
lux,1975,80.574
lux,1976,82.37
lux,1977,81.911
lux,1978,86.1
lux,1979,88.008
lux,1980,87.5
lux,1981,93.015
lux,1982,97.522
lux,1983,102.965
lux,1984,110.667
lux,1985,119.768
lux,1986,130.121
lux,1987,134.404
lux,1988,147.729
lux,1989,159.564
lux,1990,180.34
lux,1991,195.039
lux,1992,201.105
lux,1993,203.246
lux,1994,211.492
lux,1995,214.149
lux,1996,212.793
lux,1997,220.571
lux,1998,236.448
lux,1999,252.216
lux,2000,269.708
lux,2001,267.024
lux,2002,282.485
lux,2003,297.749
lux,2004,304.408
lux,2005,301.957
lux,2006,318.414
lux,2007,337.138
lux,2008,336.453
lux,2009,322.623
lux,2010,341.082
lux,2011,328.119
lux,2012,310.435
lux,2013,325.995
lux,2014,326.261
lux,2015,317.504
lux,2016,332.544
lux,2017,325.147
lux,2018,322.308
lux,2019,319.486
lux,2020,323.021
lux,2021,350.13
lux,2022,353.118
lux,2023,359.526
lux,2024,349.038
lux,2025,353.722
lux,2026,363.288
lux,2027,378.29
lux,2028,381.216
lux,2029,382.604
lux,2030,383.358
lux,2031,379.497
lux,2032,365.524
lux,2033,362.061
lux,2034,358.718
lux,2035,355.514
lux,2036,352.427
lux,2037,349.541
lux,2038,346.681
lux,2039,334.52
lux,2040,332.048
lux,2041,329.512
lux,2042,327.105
lux,2043,324.781
lux,2044,322.531
lux,2045,320.429
lux,2046,318.33
lux,2047,307.646
lux,2048,305.799
lux,2049,303.943
lux,2050,302.147
lux,2051,300.404
lux,2052,298.504
lux,2053,296.863
lux,2054,295.267
lux,2055,293.719
lux,2056,292.218
lux,2057,290.758
lux,2058,281.429
lux,2059,280.094
lux,2060,278.785
lux,2061,277.52
lux,2062,276.285
lux,2063,275.083
lux,2064,273.921
lux,2065,272.782
lux,2066,271.674
lux,2067,270.599
lux,2068,269.547
lux,2069,268.522
lux,2070,267.601
lux,2071,266.628
lux,2072,265.678
lux,2073,257.509
lux,2074,256.631
lux,2075,255.772
lux,2076,254.935
lux,2077,254.117
lux,2078,253.317
lux,2079,252.537
lux,2080,251.772
lux,2081,251.022
lux,2082,250.294
lux,2083,249.578
lux,2084,248.878
lux,2085,248.222
lux,2086,247.552
lux,2087,246.893
lux,2088,246.252
lux,2089,245.62
lux,2090,245.0
lux,2091,244.396
lux,2092,243.804
lux,2093,243.219
lux,2094,242.652
lux,2095,242.091
lux,2096,234.938
lux,2097,234.415
lux,2098,233.9
lux,2099,233.394
lux,2100,232.9
mkd,1800,1.734
mkd,1801,1.734
mkd,1802,1.734
mkd,1803,1.734
mkd,1804,1.734
mkd,1805,1.734
mkd,1806,1.734
mkd,1807,1.734
mkd,1808,1.734
mkd,1809,1.734
mkd,1810,1.734
mkd,1811,1.734
mkd,1812,1.734
mkd,1813,1.734
mkd,1814,1.734
mkd,1815,1.734
mkd,1816,1.734
mkd,1817,1.734
mkd,1818,1.734
mkd,1819,1.734
mkd,1820,1.734
mkd,1821,1.734
mkd,1822,1.783
mkd,1823,1.783
mkd,1824,1.783
mkd,1825,1.833
mkd,1826,1.827
mkd,1827,1.827
mkd,1828,1.878
mkd,1829,1.878
mkd,1830,1.878
mkd,1831,1.878
mkd,1832,1.931
mkd,1833,1.931
mkd,1834,1.931
mkd,1835,1.985
mkd,1836,1.985
mkd,1837,1.985
mkd,1838,1.99
mkd,1839,2.046
mkd,1840,2.046
mkd,1841,2.046
mkd,1842,2.103
mkd,1843,2.103
mkd,1844,2.103
mkd,1845,2.162
mkd,1846,2.162
mkd,1847,2.162
mkd,1848,2.162
mkd,1849,2.223
mkd,1850,2.223
mkd,1851,2.223
mkd,1852,2.223
mkd,1853,2.223
mkd,1854,2.285
mkd,1855,2.286
mkd,1856,2.286
mkd,1857,2.286
mkd,1858,2.286
mkd,1859,2.286
mkd,1860,2.286
mkd,1861,2.35
mkd,1862,2.35
mkd,1863,2.35
mkd,1864,2.35
mkd,1865,2.35
mkd,1866,2.35
mkd,1867,2.35
mkd,1868,2.416
mkd,1869,2.416
mkd,1870,2.416
mkd,1871,2.416
mkd,1872,2.494
mkd,1873,2.574
mkd,1874,2.585
mkd,1875,2.669
mkd,1876,2.755
mkd,1877,2.766
mkd,1878,2.855
mkd,1879,2.867
mkd,1880,2.96
mkd,1881,3.055
mkd,1882,3.068
mkd,1883,3.167
mkd,1884,3.271
mkd,1885,3.284
mkd,1886,3.39
mkd,1887,3.404
mkd,1888,3.514
mkd,1889,3.627
mkd,1890,3.642
mkd,1891,3.657
mkd,1892,3.775
mkd,1893,3.79
mkd,1894,3.805
mkd,1895,3.82
mkd,1896,3.943
mkd,1897,3.959
mkd,1898,3.974
mkd,1899,3.99
mkd,1900,4.118
mkd,1901,4.135
mkd,1902,4.267
mkd,1903,4.283
mkd,1904,4.42
mkd,1905,4.562
mkd,1906,4.579
mkd,1907,4.726
mkd,1908,4.744
mkd,1909,4.895
mkd,1910,4.912
mkd,1911,4.93
mkd,1912,4.948
mkd,1913,4.966
mkd,1914,4.984
mkd,1915,5.002
mkd,1916,5.02
mkd,1917,5.038
mkd,1918,5.054
mkd,1919,5.071
mkd,1920,5.089
mkd,1921,5.106
mkd,1922,5.267
mkd,1923,5.434
mkd,1924,5.763
mkd,1925,5.945
mkd,1926,6.302
mkd,1927,6.149
mkd,1928,6.704
mkd,1929,6.914
mkd,1930,6.747
mkd,1931,6.403
mkd,1932,5.749
mkd,1933,5.929
mkd,1934,6.114
mkd,1935,5.963
mkd,1936,6.682
mkd,1937,6.702
mkd,1938,7.105
mkd,1939,7.531
mkd,1940,7.347
mkd,1941,7.381
mkd,1942,7.414
mkd,1943,7.244
mkd,1944,7.277
mkd,1945,7.306
mkd,1946,7.137
mkd,1947,7.169
mkd,1948,8.503
mkd,1949,9.281
mkd,1950,8.578
mkd,1951,8.857
mkd,1952,7.961
mkd,1953,8.451
mkd,1954,8.487
mkd,1955,10.344
mkd,1956,10.679
mkd,1957,11.653
mkd,1958,12.373
mkd,1959,12.772
mkd,1960,13.565
mkd,1961,14.002
mkd,1962,14.043
mkd,1963,16.199
mkd,1964,20.893
mkd,1965,19.251
mkd,1966,20.419
mkd,1967,21.056
mkd,1968,21.704
mkd,1969,23.66
mkd,1970,25.768
mkd,1971,26.565
mkd,1972,28.168
mkd,1973,29.052
mkd,1974,30.78
mkd,1975,31.721
mkd,1976,32.687
mkd,1977,34.633
mkd,1978,36.69
mkd,1979,38.868
mkd,1980,38.955
mkd,1981,38.516
mkd,1982,38.695
mkd,1983,37.739
mkd,1984,38.844
mkd,1985,38.46
mkd,1986,41.05
mkd,1987,40.422
mkd,1988,39.064
mkd,1989,39.786
mkd,1990,35.778
mkd,1991,33.665
mkd,1992,31.739
mkd,1993,29.644
mkd,1994,29.298
mkd,1995,28.863
mkd,1996,29.032
mkd,1997,29.862
mkd,1998,30.797
mkd,1999,31.794
mkd,2000,32.151
mkd,2001,28.479
mkd,2002,28.632
mkd,2003,29.923
mkd,2004,31.32
mkd,2005,31.98
mkd,2006,32.082
mkd,2007,32.302
mkd,2008,33.377
mkd,2009,41.434
mkd,2010,45.808
mkd,2011,45.291
mkd,2012,46.521
mkd,2013,46.349
mkd,2014,50.53
mkd,2015,53.561
mkd,2016,55.921
mkd,2017,55.753
mkd,2018,59.925
mkd,2019,61.786
mkd,2020,59.977
mkd,2021,64.901
mkd,2022,68.956
mkd,2023,67.993
mkd,2024,71.528
mkd,2025,77.137
mkd,2026,82.914
mkd,2027,87.876
mkd,2028,90.726
mkd,2029,93.378
mkd,2030,96.389
mkd,2031,95.862
mkd,2032,97.899
mkd,2033,100.099
mkd,2034,102.335
mkd,2035,101.743
mkd,2036,104.001
mkd,2037,106.182
mkd,2038,108.531
mkd,2039,107.895
mkd,2040,110.274
mkd,2041,112.715
mkd,2042,115.194
mkd,2043,114.501
mkd,2044,117.043
mkd,2045,119.541
mkd,2046,118.821
mkd,2047,121.472
mkd,2048,123.826
mkd,2049,123.132
mkd,2050,125.82
mkd,2051,128.567
mkd,2052,127.543
mkd,2053,130.346
mkd,2054,133.168
mkd,2055,132.346
mkd,2056,134.704
mkd,2057,133.864
mkd,2058,136.782
mkd,2059,139.893
mkd,2060,139.029
mkd,2061,142.111
mkd,2062,141.248
mkd,2063,144.463
mkd,2064,143.508
mkd,2065,146.664
mkd,2066,145.782
mkd,2067,148.862
mkd,2068,151.485
mkd,2069,150.575
mkd,2070,153.768
mkd,2071,152.757
mkd,2072,156.117
mkd,2073,155.192
mkd,2074,158.615
mkd,2075,157.691
mkd,2076,155.847
mkd,2077,159.29
mkd,2078,158.371
mkd,2079,162.564
mkd,2080,161.645
mkd,2081,165.234
mkd,2082,164.315
mkd,2083,168.005
mkd,2084,167.159
mkd,2085,165.994
mkd,2086,169.655
mkd,2087,168.747
mkd,2088,172.842
mkd,2089,171.938
mkd,2090,170.834
mkd,2091,174.731
mkd,2092,173.839
mkd,2093,173.047
mkd,2094,177.022
mkd,2095,176.148
mkd,2096,175.087
mkd,2097,179.135
mkd,2098,178.345
mkd,2099,178.443
mkd,2100,182.717
mdg,1800,1.242
mdg,1801,1.242
mdg,1802,1.242
mdg,1803,1.242
mdg,1804,1.242
mdg,1805,1.242
mdg,1806,1.242
mdg,1807,1.242
mdg,1808,1.242
mdg,1809,1.242
mdg,1810,1.242
mdg,1811,1.242
mdg,1812,1.242
mdg,1813,1.242
mdg,1814,1.242
mdg,1815,1.242
mdg,1816,1.242
mdg,1817,1.242
mdg,1818,1.242
mdg,1819,1.242
mdg,1820,1.242
mdg,1821,1.277
mdg,1822,1.277
mdg,1823,1.277
mdg,1824,1.277
mdg,1825,1.277
mdg,1826,1.277
mdg,1827,1.313
mdg,1828,1.313
mdg,1829,1.313
mdg,1830,1.313
mdg,1831,1.313
mdg,1832,1.313
mdg,1833,1.35
mdg,1834,1.349
mdg,1835,1.349
mdg,1836,1.35
mdg,1837,1.349
mdg,1838,1.387
mdg,1839,1.387
mdg,1840,1.387
mdg,1841,1.388
mdg,1842,1.387
mdg,1843,1.387
mdg,1844,1.427
mdg,1845,1.426
mdg,1846,1.426
mdg,1847,1.427
mdg,1848,1.426
mdg,1849,1.426
mdg,1850,1.467
mdg,1851,1.467
mdg,1852,1.467
mdg,1853,1.467
mdg,1854,1.467
mdg,1855,1.467
mdg,1856,1.508
mdg,1857,1.508
mdg,1858,1.508
mdg,1859,1.508
mdg,1860,1.508
mdg,1861,1.508
mdg,1862,1.55
mdg,1863,1.55
mdg,1864,1.55
mdg,1865,1.55
mdg,1866,1.55
mdg,1867,1.594
mdg,1868,1.594
mdg,1869,1.594
mdg,1870,1.594
mdg,1871,1.594
mdg,1872,1.594
mdg,1873,1.638
mdg,1874,1.638
mdg,1875,1.638
mdg,1876,1.638
mdg,1877,1.638
mdg,1878,1.638
mdg,1879,1.684
mdg,1880,1.684
mdg,1881,1.684
mdg,1882,1.684
mdg,1883,1.684
mdg,1884,1.684
mdg,1885,1.731
mdg,1886,1.731
mdg,1887,1.731
mdg,1888,1.731
mdg,1889,1.731
mdg,1890,1.779
mdg,1891,1.779
mdg,1892,1.779
mdg,1893,1.779
mdg,1894,1.779
mdg,1895,1.779
mdg,1896,1.829
mdg,1897,1.828
mdg,1898,1.828
mdg,1899,1.828
mdg,1900,1.828
mdg,1901,1.828
mdg,1902,1.879
mdg,1903,1.879
mdg,1904,1.879
mdg,1905,1.879
mdg,1906,1.879
mdg,1907,1.879
mdg,1908,1.931
mdg,1909,1.931
mdg,1910,1.931
mdg,1911,1.931
mdg,1912,1.931
mdg,1913,1.985
mdg,1914,1.985
mdg,1915,2.041
mdg,1916,2.098
mdg,1917,2.098
mdg,1918,2.157
mdg,1919,2.217
mdg,1920,2.28
mdg,1921,2.28
mdg,1922,2.343
mdg,1923,2.409
mdg,1924,2.48
mdg,1925,2.479
mdg,1926,2.549
mdg,1927,2.62
mdg,1928,2.62
mdg,1929,2.694
mdg,1930,2.766
mdg,1931,2.843
mdg,1932,2.843
mdg,1933,2.926
mdg,1934,3.008
mdg,1935,3.092
mdg,1936,3.092
mdg,1937,3.178
mdg,1938,3.268
mdg,1939,3.359
mdg,1940,3.359
mdg,1941,3.43
mdg,1942,3.502
mdg,1943,3.575
mdg,1944,3.65
mdg,1945,3.625
mdg,1946,3.697
mdg,1947,3.774
mdg,1948,3.858
mdg,1949,3.939
mdg,1950,4.022
mdg,1951,3.994
mdg,1952,4.074
mdg,1953,4.16
mdg,1954,4.248
mdg,1955,4.337
mdg,1956,4.308
mdg,1957,4.398
mdg,1958,4.491
mdg,1959,4.59
mdg,1960,4.433
mdg,1961,4.527
mdg,1962,4.495
mdg,1963,4.221
mdg,1964,4.312
mdg,1965,4.28
mdg,1966,4.251
mdg,1967,4.466
mdg,1968,4.561
mdg,1969,4.659
mdg,1970,4.762
mdg,1971,4.862
mdg,1972,4.564
mdg,1973,4.405
mdg,1974,4.255
mdg,1975,4.225
mdg,1976,3.969
mdg,1977,3.942
mdg,1978,3.704
mdg,1979,3.889
mdg,1980,3.862
mdg,1981,3.472
mdg,1982,3.43
mdg,1983,3.448
mdg,1984,3.407
mdg,1985,3.409
mdg,1986,3.423
mdg,1987,3.412
mdg,1988,3.537
mdg,1989,3.697
mdg,1990,3.833
mdg,1991,3.536
mdg,1992,3.516
mdg,1993,3.531
mdg,1994,3.401
mdg,1995,3.511
mdg,1996,3.586
mdg,1997,3.75
mdg,1998,3.787
mdg,1999,3.79
mdg,2000,4.436
mdg,2001,6.043
mdg,2002,5.385
mdg,2003,5.866
mdg,2004,6.217
mdg,2005,6.556
mdg,2006,6.641
mdg,2007,6.757
mdg,2008,6.985
mdg,2009,6.419
mdg,2010,6.199
mdg,2011,6.216
mdg,2012,6.238
mdg,2013,6.183
mdg,2014,6.286
mdg,2015,6.303
mdg,2016,6.399
mdg,2017,6.507
mdg,2018,6.55
mdg,2019,6.632
mdg,2020,6.04
mdg,2021,6.055
mdg,2022,6.23
mdg,2023,6.362
mdg,2024,6.437
mdg,2025,6.657
mdg,2026,6.941
mdg,2027,7.213
mdg,2028,7.463
mdg,2029,7.691
mdg,2030,8.262
mdg,2031,8.248
mdg,2032,8.507
mdg,2033,8.744
mdg,2034,8.739
mdg,2035,8.983
mdg,2036,8.981
mdg,2037,9.233
mdg,2038,9.486
mdg,2039,9.49
mdg,2040,9.761
mdg,2041,10.039
mdg,2042,10.043
mdg,2043,10.328
mdg,2044,10.622
mdg,2045,10.625
mdg,2046,10.912
mdg,2047,11.221
mdg,2048,11.222
mdg,2049,11.539
mdg,2050,11.867
mdg,2051,11.868
mdg,2052,12.202
mdg,2053,12.517
mdg,2054,12.517
mdg,2055,12.867
mdg,2056,13.226
mdg,2057,13.476
mdg,2058,13.447
mdg,2059,13.786
mdg,2060,14.163
mdg,2061,14.513
mdg,2062,14.499
mdg,2063,14.893
mdg,2064,15.296
mdg,2065,15.711
mdg,2066,15.693
mdg,2067,16.115
mdg,2068,16.547
mdg,2069,16.99
mdg,2070,16.966
mdg,2071,17.458
mdg,2072,17.973
mdg,2073,18.501
mdg,2074,19.033
mdg,2075,19.005
mdg,2076,19.51
mdg,2077,20.082
mdg,2078,20.677
mdg,2079,21.277
mdg,2080,21.245
mdg,2081,21.794
mdg,2082,22.368
mdg,2083,23.021
mdg,2084,23.626
mdg,2085,24.244
mdg,2086,24.196
mdg,2087,24.993
mdg,2088,25.645
mdg,2089,26.311
mdg,2090,27.214
mdg,2091,27.921
mdg,2092,28.659
mdg,2093,28.602
mdg,2094,29.318
mdg,2095,29.883
mdg,2096,30.643
mdg,2097,31.447
mdg,2098,32.092
mdg,2099,32.759
mdg,2100,32.643
mwi,1800,1.186
mwi,1801,1.186
mwi,1802,1.186
mwi,1803,1.186
mwi,1804,1.186
mwi,1805,1.186
mwi,1806,1.186
mwi,1807,1.186
mwi,1808,1.186
mwi,1809,1.186
mwi,1810,1.186
mwi,1811,1.186
mwi,1812,1.186
mwi,1813,1.186
mwi,1814,1.186
mwi,1815,1.186
mwi,1816,1.186
mwi,1817,1.186
mwi,1818,1.186
mwi,1819,1.186
mwi,1820,1.186
mwi,1821,1.186
mwi,1822,1.186
mwi,1823,1.186
mwi,1824,1.186
mwi,1825,1.186
mwi,1826,1.186
mwi,1827,1.186
mwi,1828,1.186
mwi,1829,1.186
mwi,1830,1.186
mwi,1831,1.186
mwi,1832,1.186
mwi,1833,1.186
mwi,1834,1.186
mwi,1835,1.186
mwi,1836,1.186
mwi,1837,1.186
mwi,1838,1.186
mwi,1839,1.186
mwi,1840,1.186
mwi,1841,1.186
mwi,1842,1.186
mwi,1843,1.186
mwi,1844,1.186
mwi,1845,1.186
mwi,1846,1.186
mwi,1847,1.186
mwi,1848,1.186
mwi,1849,1.186
mwi,1850,1.22
mwi,1851,1.22
mwi,1852,1.22
mwi,1853,1.22
mwi,1854,1.22
mwi,1855,1.22
mwi,1856,1.22
mwi,1857,1.22
mwi,1858,1.22
mwi,1859,1.22
mwi,1860,1.22
mwi,1861,1.22
mwi,1862,1.22
mwi,1863,1.22
mwi,1864,1.22
mwi,1865,1.22
mwi,1866,1.22
mwi,1867,1.22
mwi,1868,1.22
mwi,1869,1.22
mwi,1870,1.22
mwi,1871,1.22
mwi,1872,1.215
mwi,1873,1.21
mwi,1874,1.205
mwi,1875,1.201
mwi,1876,1.196
mwi,1877,1.191
mwi,1878,1.187
mwi,1879,1.182
mwi,1880,1.177
mwi,1881,1.172
mwi,1882,1.168
mwi,1883,1.163
mwi,1884,1.158
mwi,1885,1.154
mwi,1886,1.149
mwi,1887,1.144
mwi,1888,1.14
mwi,1889,1.135
mwi,1890,1.131
mwi,1891,1.126
mwi,1892,1.121
mwi,1893,1.117
mwi,1894,1.112
mwi,1895,1.108
mwi,1896,1.103
mwi,1897,1.099
mwi,1898,1.094
mwi,1899,1.09
mwi,1900,1.085
mwi,1901,1.081
mwi,1902,1.076
mwi,1903,1.072
mwi,1904,1.067
mwi,1905,1.063
mwi,1906,1.059
mwi,1907,1.025
mwi,1908,1.021
mwi,1909,1.045
mwi,1910,1.041
mwi,1911,1.034
mwi,1912,1.059
mwi,1913,1.177
mwi,1914,1.172
mwi,1915,1.168
mwi,1916,1.132
mwi,1917,1.128
mwi,1918,1.062
mwi,1919,1.029
mwi,1920,0.997
mwi,1921,0.995
mwi,1922,0.989
mwi,1923,1.041
mwi,1924,1.125
mwi,1925,1.185
mwi,1926,1.057
mwi,1927,1.143
mwi,1928,1.138
mwi,1929,1.134
mwi,1930,1.161
mwi,1931,1.401
mwi,1932,1.395
mwi,1933,1.51
mwi,1934,1.423
mwi,1935,1.417
mwi,1936,1.492
mwi,1937,1.487
mwi,1938,1.481
mwi,1939,1.475
mwi,1940,1.469
mwi,1941,1.454
mwi,1942,1.361
mwi,1943,1.275
mwi,1944,1.194
mwi,1945,1.15
mwi,1946,1.077
mwi,1947,1.009
mwi,1948,0.971
mwi,1949,1.015
mwi,1950,0.926
mwi,1951,0.942
mwi,1952,0.932
mwi,1953,0.948
mwi,1954,0.939
mwi,1955,0.955
mwi,1956,0.971
mwi,1957,0.989
mwi,1958,0.979
mwi,1959,0.942
mwi,1960,0.959
mwi,1961,1.003
mwi,1962,0.916
mwi,1963,0.884
mwi,1964,0.852
mwi,1965,0.971
mwi,1966,1.046
mwi,1967,1.066
mwi,1968,1.029
mwi,1969,1.078
mwi,1970,1.131
mwi,1971,1.22
mwi,1972,1.316
mwi,1973,1.342
mwi,1974,1.369
mwi,1975,1.395
mwi,1976,1.383
mwi,1977,1.41
mwi,1978,1.478
mwi,1979,1.466
mwi,1980,1.494
mwi,1981,1.417
mwi,1982,1.449
mwi,1983,1.484
mwi,1984,1.542
mwi,1985,1.597
mwi,1986,1.543
mwi,1987,1.49
mwi,1988,1.461
mwi,1989,1.462
mwi,1990,1.522
mwi,1991,1.599
mwi,1992,1.43
mwi,1993,1.543
mwi,1994,1.404
mwi,1995,1.631
mwi,1996,1.722
mwi,1997,1.756
mwi,1998,1.777
mwi,1999,1.903
mwi,2000,2.018
mwi,2001,2.028
mwi,2002,2.206
mwi,2003,2.526
mwi,2004,2.938
mwi,2005,3.002
mwi,2006,3.047
mwi,2007,3.195
mwi,2008,3.3
mwi,2009,3.452
mwi,2010,3.529
mwi,2011,3.541
mwi,2012,3.542
mwi,2013,3.604
mwi,2014,3.718
mwi,2015,3.706
mwi,2016,3.704
mwi,2017,3.82
mwi,2018,3.992
mwi,2019,4.268
mwi,2020,4.297
mwi,2021,4.387
mwi,2022,4.371
mwi,2023,4.344
mwi,2024,4.282
mwi,2025,4.375
mwi,2026,4.501
mwi,2027,4.687
mwi,2028,4.865
mwi,2029,5.023
mwi,2030,5.266
mwi,2031,5.414
mwi,2032,5.566
mwi,2033,5.567
mwi,2034,5.725
mwi,2035,5.728
mwi,2036,5.892
mwi,2037,6.061
mwi,2038,6.066
mwi,2039,6.243
mwi,2040,6.426
mwi,2041,6.434
mwi,2042,6.624
mwi,2043,6.82
mwi,2044,6.833
mwi,2045,7.037
mwi,2046,7.248
mwi,2047,7.262
mwi,2048,7.479
mwi,2049,7.492
mwi,2050,7.717
mwi,2051,7.947
mwi,2052,8.185
mwi,2053,8.199
mwi,2054,8.449
mwi,2055,8.707
mwi,2056,8.728
mwi,2057,8.994
mwi,2058,9.268
mwi,2059,9.283
mwi,2060,9.568
mwi,2061,9.859
mwi,2062,10.16
mwi,2063,10.192
mwi,2064,10.497
mwi,2065,10.809
mwi,2066,10.829
mwi,2067,11.149
mwi,2068,11.478
mwi,2069,11.814
mwi,2070,12.162
mwi,2071,12.175
mwi,2072,12.528
mwi,2073,12.893
mwi,2074,13.271
mwi,2075,13.285
mwi,2076,13.685
mwi,2077,14.084
mwi,2078,14.494
mwi,2079,14.929
mwi,2080,14.942
mwi,2081,15.386
mwi,2082,15.831
mwi,2083,16.32
mwi,2084,16.791
mwi,2085,16.78
mwi,2086,17.589
mwi,2087,18.401
mwi,2088,18.932
mwi,2089,19.577
mwi,2090,20.141
mwi,2091,20.215
mwi,2092,21.127
mwi,2093,21.738
mwi,2094,22.46
mwi,2095,23.295
mwi,2096,23.956
mwi,2097,25.122
mwi,2098,25.183
mwi,2099,26.094
mwi,2100,27.243
mys,1800,2.764
mys,1801,2.764
mys,1802,2.764
mys,1803,2.764
mys,1804,2.764
mys,1805,2.764
mys,1806,2.764
mys,1807,2.764
mys,1808,2.764
mys,1809,2.764
mys,1810,2.764
mys,1811,2.764
mys,1812,2.764
mys,1813,2.764
mys,1814,2.764
mys,1815,2.764
mys,1816,2.764
mys,1817,2.764
mys,1818,2.764
mys,1819,2.764
mys,1820,2.764
mys,1821,2.764
mys,1822,2.764
mys,1823,2.764
mys,1824,2.764
mys,1825,2.764
mys,1826,2.764
mys,1827,2.764
mys,1828,2.764
mys,1829,2.764
mys,1830,2.764
mys,1831,2.764
mys,1832,2.842
mys,1833,2.842
mys,1834,2.842
mys,1835,2.842
mys,1836,2.842
mys,1837,2.842
mys,1838,2.842
mys,1839,2.842
mys,1840,2.842
mys,1841,2.842
mys,1842,2.842
mys,1843,2.842
mys,1844,2.842
mys,1845,2.842
mys,1846,2.842
mys,1847,2.922
mys,1848,2.922
mys,1849,2.922
mys,1850,2.922
mys,1851,2.922
mys,1852,2.922
mys,1853,2.922
mys,1854,2.922
mys,1855,2.922
mys,1856,2.922
mys,1857,2.922
mys,1858,2.922
mys,1859,2.922
mys,1860,2.922
mys,1861,2.922
mys,1862,3.004
mys,1863,3.004
mys,1864,3.004
mys,1865,3.004
mys,1866,3.004
mys,1867,3.004
mys,1868,3.004
mys,1869,3.004
mys,1870,3.004
mys,1871,3.004
mys,1872,2.922
mys,1873,2.922
mys,1874,2.922
mys,1875,2.921
mys,1876,2.841
mys,1877,2.841
mys,1878,2.841
mys,1879,2.764
mys,1880,2.763
mys,1881,2.763
mys,1882,2.688
mys,1883,2.688
mys,1884,2.688
mys,1885,2.614
mys,1886,2.614
mys,1887,2.614
mys,1888,2.614
mys,1889,2.542
mys,1890,2.542
mys,1891,2.542
mys,1892,2.473
mys,1893,2.472
mys,1894,2.484
mys,1895,2.416
mys,1896,2.416
mys,1897,2.416
mys,1898,2.349
mys,1899,2.349
mys,1900,2.349
mys,1901,2.686
mys,1902,2.919
mys,1903,2.541
mys,1904,2.348
mys,1905,2.481
mys,1906,2.283
mys,1907,2.413
mys,1908,2.839
mys,1909,2.612
mys,1910,3.085
mys,1911,3.257
mys,1912,3.081
mys,1913,3.629
mys,1914,4.043
mys,1915,4.394
mys,1916,3.94
mys,1917,4.907
mys,1918,5.045
mys,1919,5.333
mys,1920,5.046
mys,1921,6.233
mys,1922,7.04
mys,1923,5.862
mys,1924,5.848
mys,1925,4.91
mys,1926,6.241
mys,1927,5.859
mys,1928,7.43
mys,1929,9.289
mys,1930,9.008
mys,1931,9.004
mys,1932,8.042
mys,1933,8.039
mys,1934,8.035
mys,1935,7.818
mys,1936,8.484
mys,1937,9.231
mys,1938,7.193
mys,1939,7.391
mys,1940,5.839
mys,1941,5.634
mys,1942,7.701
mys,1943,6.844
mys,1944,6.225
mys,1945,5.658
mys,1946,5.149
mys,1947,4.58
mys,1948,5.086
mys,1949,6.574
mys,1950,6.717
mys,1951,6.128
mys,1952,6.265
mys,1953,6.046
mys,1954,6.182
mys,1955,6.14
mys,1956,6.271
mys,1957,6.058
mys,1958,5.679
mys,1959,5.978
mys,1960,6.278
mys,1961,6.411
mys,1962,6.547
mys,1963,6.687
mys,1964,6.829
mys,1965,7.171
mys,1966,7.325
mys,1967,7.278
mys,1968,7.646
mys,1969,7.813
mys,1970,7.982
mys,1971,8.887
mys,1972,9.358
mys,1973,10.407
mys,1974,10.927
mys,1975,10.845
mys,1976,11.713
mys,1977,12.297
mys,1978,12.899
mys,1979,13.524
mys,1980,14.173
mys,1981,15.023
mys,1982,15.989
mys,1983,16.788
mys,1984,17.928
mys,1985,17.747
mys,1986,17.756
mys,1987,18.696
mys,1988,20.539
mys,1989,22.753
mys,1990,24.368
mys,1991,25.815
mys,1992,27.255
mys,1993,29.188
mys,1994,31.047
mys,1995,33.156
mys,1996,35.343
mys,1997,36.914
mys,1998,33.691
mys,1999,35.239
mys,2000,37.814
mys,2001,37.588
mys,2002,38.992
mys,2003,40.643
mys,2004,42.977
mys,2005,44.659
mys,2006,46.312
mys,2007,48.209
mys,2008,49.404
mys,2009,47.946
mys,2010,50.758
mys,2011,53.115
mys,2012,56.071
mys,2013,58.621
mys,2014,61.609
mys,2015,63.764
mys,2016,65.579
mys,2017,68.17
mys,2018,70.504
mys,2019,72.353
mys,2020,67.721
mys,2021,69.305
mys,2022,75.022
mys,2023,76.981
mys,2024,80.414
mys,2025,84.548
mys,2026,92.766
mys,2027,96.828
mys,2028,100.571
mys,2029,106.915
mys,2030,114.054
mys,2031,113.552
mys,2032,116.195
mys,2033,115.629
mys,2034,118.433
mys,2035,121.208
mys,2036,120.651
mys,2037,123.566
mys,2038,123.089
mys,2039,126.027
mys,2040,125.509
mys,2041,128.512
mys,2042,127.991
mys,2043,131.003
mys,2044,130.341
mys,2045,133.469
mys,2046,132.866
mys,2047,135.854
mys,2048,135.15
mys,2049,138.115
mys,2050,137.482
mys,2051,140.701
mys,2052,140.147
mys,2053,143.526
mys,2054,142.976
mys,2055,142.432
mys,2056,145.887
mys,2057,145.078
mys,2058,148.487
mys,2059,147.941
mys,2060,151.548
mys,2061,150.775
mys,2062,150.238
mys,2063,153.602
mys,2064,152.929
mys,2065,152.536
mys,2066,156.28
mys,2067,155.627
mys,2068,155.099
mys,2069,158.938
mys,2070,158.555
mys,2071,158.055
mys,2072,161.811
mys,2073,161.314
mys,2074,161.054
mys,2075,165.092
mys,2076,164.614
mys,2077,164.145
mys,2078,168.288
mys,2079,167.824
mys,2080,167.37
mys,2081,166.926
mys,2082,171.172
mys,2083,170.736
mys,2084,170.307
mys,2085,169.888
mys,2086,174.242
mys,2087,173.831
mys,2088,173.148
mys,2089,172.751
mys,2090,177.208
mys,2091,176.818
mys,2092,176.12
mys,2093,175.745
mys,2094,180.31
mys,2095,179.941
mys,2096,179.582
mys,2097,179.231
mys,2098,178.887
mys,2099,183.04
mys,2100,182.7
mdv,1800,2.326
mdv,1801,2.326
mdv,1802,2.326
mdv,1803,2.326
mdv,1804,2.326
mdv,1805,2.326
mdv,1806,2.326
mdv,1807,2.326
mdv,1808,2.326
mdv,1809,2.325
mdv,1810,2.325
mdv,1811,2.325
mdv,1812,2.325
mdv,1813,2.325
mdv,1814,2.325
mdv,1815,2.325
mdv,1816,2.326
mdv,1817,2.326
mdv,1818,2.326
mdv,1819,2.326
mdv,1820,2.326
mdv,1821,2.326
mdv,1822,2.326
mdv,1823,2.325
mdv,1824,2.326
mdv,1825,2.326
mdv,1826,2.326
mdv,1827,2.326
mdv,1828,2.326
mdv,1829,2.326
mdv,1830,2.326
mdv,1831,2.326
mdv,1832,2.325
mdv,1833,2.326
mdv,1834,2.326
mdv,1835,2.325
mdv,1836,2.326
mdv,1837,2.326
mdv,1838,2.326
mdv,1839,2.326
mdv,1840,2.326
mdv,1841,2.326
mdv,1842,2.326
mdv,1843,2.325
mdv,1844,2.326
mdv,1845,2.326
mdv,1846,2.326
mdv,1847,2.326
mdv,1848,2.326
mdv,1849,2.326
mdv,1850,2.326
mdv,1851,2.326
mdv,1852,2.326
mdv,1853,2.326
mdv,1854,2.327
mdv,1855,2.326
mdv,1856,2.327
mdv,1857,2.326
mdv,1858,2.326
mdv,1859,2.326
mdv,1860,2.326
mdv,1861,2.326
mdv,1862,2.326
mdv,1863,2.326
mdv,1864,2.326
mdv,1865,2.326
mdv,1866,2.326
mdv,1867,2.326
mdv,1868,2.326
mdv,1869,2.326
mdv,1870,2.326
mdv,1871,2.326
mdv,1872,2.315
mdv,1873,2.305
mdv,1874,2.294
mdv,1875,2.284
mdv,1876,2.273
mdv,1877,2.264
mdv,1878,2.254
mdv,1879,2.244
mdv,1880,2.234
mdv,1881,2.225
mdv,1882,2.215
mdv,1883,2.206
mdv,1884,2.197
mdv,1885,2.188
mdv,1886,2.18
mdv,1887,2.171
mdv,1888,2.162
mdv,1889,2.153
mdv,1890,2.145
mdv,1891,2.137
mdv,1892,2.129
mdv,1893,2.121
mdv,1894,2.114
mdv,1895,2.106
mdv,1896,2.098
mdv,1897,2.09
mdv,1898,2.083
mdv,1899,2.076
mdv,1900,2.069
mdv,1901,2.12
mdv,1902,2.112
mdv,1903,2.164
mdv,1904,2.158
mdv,1905,2.211
mdv,1906,2.204
mdv,1907,2.258
mdv,1908,2.251
mdv,1909,2.244
mdv,1910,2.3
mdv,1911,2.293
mdv,1912,2.35
mdv,1913,2.343
mdv,1914,2.401
mdv,1915,2.394
mdv,1916,2.454
mdv,1917,2.447
mdv,1918,2.508
mdv,1919,2.501
mdv,1920,2.494
mdv,1921,2.557
mdv,1922,2.55
mdv,1923,2.614
mdv,1924,2.607
mdv,1925,2.673
mdv,1926,2.668
mdv,1927,2.661
mdv,1928,2.729
mdv,1929,2.721
mdv,1930,2.79
mdv,1931,2.783
mdv,1932,2.854
mdv,1933,2.846
mdv,1934,2.839
mdv,1935,2.911
mdv,1936,2.904
mdv,1937,2.978
mdv,1938,2.97
mdv,1939,2.963
mdv,1940,3.039
mdv,1941,3.007
mdv,1942,3.061
mdv,1943,3.029
mdv,1944,3.082
mdv,1945,3.137
mdv,1946,3.104
mdv,1947,3.159
mdv,1948,3.126
mdv,1949,3.181
mdv,1950,3.149
mdv,1951,3.295
mdv,1952,3.353
mdv,1953,3.412
mdv,1954,3.474
mdv,1955,3.631
mdv,1956,3.696
mdv,1957,3.761
mdv,1958,3.936
mdv,1959,4.006
mdv,1960,4.076
mdv,1961,4.149
mdv,1962,4.225
mdv,1963,4.305
mdv,1964,4.511
mdv,1965,4.596
mdv,1966,4.684
mdv,1967,4.771
mdv,1968,4.862
mdv,1969,4.954
mdv,1970,5.049
mdv,1971,5.147
mdv,1972,4.962
mdv,1973,4.918
mdv,1974,5.012
mdv,1975,4.325
mdv,1976,4.287
mdv,1977,4.617
mdv,1978,5.113
mdv,1979,5.355
mdv,1980,6.098
mdv,1981,6.646
mdv,1982,6.299
mdv,1983,7.363
mdv,1984,9.154
mdv,1985,10.727
mdv,1986,11.296
mdv,1987,12.138
mdv,1988,13.051
mdv,1989,14.321
mdv,1990,16.448
mdv,1991,15.955
mdv,1992,16.827
mdv,1993,17.084
mdv,1994,18.324
mdv,1995,19.699
mdv,1996,21.045
mdv,1997,22.764
mdv,1998,24.063
mdv,1999,24.622
mdv,2000,25.381
mdv,2001,24.535
mdv,2002,25.525
mdv,2003,29.1
mdv,2004,31.045
mdv,2005,26.998
mdv,2006,32.453
mdv,2007,33.997
mdv,2008,37.415
mdv,2009,32.627
mdv,2010,33.275
mdv,2011,33.209
mdv,2012,33.781
mdv,2013,33.232
mdv,2014,34.65
mdv,2015,33.396
mdv,2016,42.789
mdv,2017,44.34
mdv,2018,45.418
mdv,2019,45.567
mdv,2020,33.39
mdv,2021,37.223
mdv,2022,41.503
mdv,2023,44.846
mdv,2024,46.625
mdv,2025,48.82
mdv,2026,51.995
mdv,2027,53.989
mdv,2028,55.977
mdv,2029,57.976
mdv,2030,60.578
mdv,2031,60.543
mdv,2032,62.216
mdv,2033,63.943
mdv,2034,63.931
mdv,2035,65.649
mdv,2036,67.404
mdv,2037,67.381
mdv,2038,69.256
mdv,2039,71.123
mdv,2040,71.16
mdv,2041,73.314
mdv,2042,75.386
mdv,2043,75.318
mdv,2044,77.503
mdv,2045,79.649
mdv,2046,79.583
mdv,2047,81.96
mdv,2048,81.902
mdv,2049,84.161
mdv,2050,86.465
mdv,2051,86.393
mdv,2052,88.818
mdv,2053,88.708
mdv,2054,91.067
mdv,2055,91.0
mdv,2056,93.411
mdv,2057,96.0
mdv,2058,95.936
mdv,2059,98.614
mdv,2060,98.597
mdv,2061,101.136
mdv,2062,101.071
mdv,2063,103.783
mdv,2064,103.782
mdv,2065,106.694
mdv,2066,106.646
mdv,2067,109.585
mdv,2068,109.537
mdv,2069,109.484
mdv,2070,112.508
mdv,2071,112.456
mdv,2072,115.504
mdv,2073,114.913
mdv,2074,118.011
mdv,2075,117.787
mdv,2076,117.757
mdv,2077,120.882
mdv,2078,120.824
mdv,2079,124.072
mdv,2080,124.017
mdv,2081,123.963
mdv,2082,127.617
mdv,2083,127.571
mdv,2084,127.531
mdv,2085,131.077
mdv,2086,131.043
mdv,2087,130.882
mdv,2088,134.41
mdv,2089,134.392
mdv,2090,133.893
mdv,2091,137.625
mdv,2092,137.46
mdv,2093,137.277
mdv,2094,141.087
mdv,2095,140.892
mdv,2096,140.868
mdv,2097,144.806
mdv,2098,144.789
mdv,2099,144.775
mdv,2100,144.766
mli,1800,1.705
mli,1801,1.705
mli,1802,1.705
mli,1803,1.705
mli,1804,1.705
mli,1805,1.705
mli,1806,1.705
mli,1807,1.705
mli,1808,1.705
mli,1809,1.705
mli,1810,1.705
mli,1811,1.705
mli,1812,1.705
mli,1813,1.705
mli,1814,1.705
mli,1815,1.705
mli,1816,1.705
mli,1817,1.705
mli,1818,1.705
mli,1819,1.705
mli,1820,1.705
mli,1821,1.705
mli,1822,1.705
mli,1823,1.705
mli,1824,1.705
mli,1825,1.705
mli,1826,1.705
mli,1827,1.705
mli,1828,1.705
mli,1829,1.705
mli,1830,1.705
mli,1831,1.705
mli,1832,1.705
mli,1833,1.705
mli,1834,1.705
mli,1835,1.705
mli,1836,1.705
mli,1837,1.705
mli,1838,1.705
mli,1839,1.705
mli,1840,1.705
mli,1841,1.705
mli,1842,1.705
mli,1843,1.753
mli,1844,1.753
mli,1845,1.753
mli,1846,1.753
mli,1847,1.753
mli,1848,1.753
mli,1849,1.753
mli,1850,1.753
mli,1851,1.753
mli,1852,1.753
mli,1853,1.753
mli,1854,1.753
mli,1855,1.753
mli,1856,1.753
mli,1857,1.753
mli,1858,1.753
mli,1859,1.753
mli,1860,1.753
mli,1861,1.753
mli,1862,1.802
mli,1863,1.802
mli,1864,1.802
mli,1865,1.802
mli,1866,1.802
mli,1867,1.802
mli,1868,1.802
mli,1869,1.802
mli,1870,1.802
mli,1871,1.802
mli,1872,1.801
mli,1873,1.8
mli,1874,1.798
mli,1875,1.797
mli,1876,1.796
mli,1877,1.795
mli,1878,1.798
mli,1879,1.796
mli,1880,1.795
mli,1881,1.794
mli,1882,1.843
mli,1883,1.842
mli,1884,1.841
mli,1885,1.84
mli,1886,1.838
mli,1887,1.837
mli,1888,1.836
mli,1889,1.835
mli,1890,1.833
mli,1891,1.831
mli,1892,1.83
mli,1893,1.829
mli,1894,1.827
mli,1895,1.826
mli,1896,1.825
mli,1897,1.824
mli,1898,1.822
mli,1899,1.821
mli,1900,1.82
mli,1901,1.87
mli,1902,1.868
mli,1903,1.867
mli,1904,1.865
mli,1905,1.864
mli,1906,1.863
mli,1907,1.861
mli,1908,1.86
mli,1909,1.859
mli,1910,1.857
mli,1911,1.856
mli,1912,1.854
mli,1913,1.853
mli,1914,1.852
mli,1915,1.85
mli,1916,1.849
mli,1917,1.847
mli,1918,1.846
mli,1919,1.845
mli,1920,1.843
mli,1921,1.894
mli,1922,1.892
mli,1923,1.89
mli,1924,1.889
mli,1925,1.888
mli,1926,1.886
mli,1927,1.884
mli,1928,1.882
mli,1929,1.881
mli,1930,1.879
mli,1931,1.878
mli,1932,1.876
mli,1933,1.875
mli,1934,1.873
mli,1935,1.872
mli,1936,1.87
mli,1937,1.869
mli,1938,1.867
mli,1939,1.866
mli,1940,1.864
mli,1941,1.905
mli,1942,1.893
mli,1943,1.881
mli,1944,1.87
mli,1945,1.858
mli,1946,1.899
mli,1947,1.887
mli,1948,1.875
mli,1949,1.864
mli,1950,1.852
mli,1951,1.892
mli,1952,1.933
mli,1953,1.922
mli,1954,1.963
mli,1955,2.006
mli,1956,1.993
mli,1957,2.037
mli,1958,2.081
mli,1959,2.126
mli,1960,2.113
mli,1961,2.042
mli,1962,2.03
mli,1963,2.075
mli,1964,2.007
mli,1965,1.995
mli,1966,1.983
mli,1967,1.972
mli,1968,2.016
mli,1969,1.949
mli,1970,2.048
mli,1971,2.094
mli,1972,2.14
mli,1973,2.013
mli,1974,1.947
mli,1975,2.103
mli,1976,2.336
mli,1977,2.455
mli,1978,2.374
mli,1979,2.712
mli,1980,2.413
mli,1981,2.36
mli,1982,2.177
mli,1983,2.255
mli,1984,2.34
mli,1985,2.358
mli,1986,2.481
mli,1987,2.527
mli,1988,2.524
mli,1989,2.805
mli,1990,3.048
mli,1991,3.196
mli,1992,3.081
mli,1993,3.073
mli,1994,3.158
mli,1995,3.176
mli,1996,3.384
mli,1997,3.576
mli,1998,3.916
mli,1999,4.076
mli,2000,4.058
mli,2001,4.671
mli,2002,4.708
mli,2003,4.881
mli,2004,4.851
mli,2005,5.027
mli,2006,5.281
mli,2007,5.427
mli,2008,5.841
mli,2009,5.994
mli,2010,6.39
mli,2011,6.782
mli,2012,6.033
mli,2013,5.883
mli,2014,5.155
mli,2015,6.742
mli,2016,6.745
mli,2017,6.642
mli,2018,6.739
mli,2019,6.685
mli,2020,6.52
mli,2021,6.58
mli,2022,6.681
mli,2023,6.642
mli,2024,6.871
mli,2025,7.158
mli,2026,7.619
mli,2027,7.954
mli,2028,8.279
mli,2029,8.563
mli,2030,9.065
mli,2031,9.092
mli,2032,9.378
mli,2033,9.67
mli,2034,9.699
mli,2035,10.0
mli,2036,10.321
mli,2037,10.642
mli,2038,10.679
mli,2039,11.01
mli,2040,11.351
mli,2041,11.382
mli,2042,11.739
mli,2043,12.113
mli,2044,12.49
mli,2045,12.523
mli,2046,12.907
mli,2047,13.302
mli,2048,13.719
mli,2049,13.756
mli,2050,14.211
mli,2051,14.644
mli,2052,15.109
mli,2053,15.615
mli,2054,15.654
mli,2055,16.129
mli,2056,16.634
mli,2057,17.136
mli,2058,17.674
mli,2059,17.695
mli,2060,18.243
mli,2061,18.787
mli,2062,19.348
mli,2063,19.925
mli,2064,19.977
mli,2065,20.537
mli,2066,21.148
mli,2067,21.848
mli,2068,22.497
mli,2069,23.165
mli,2070,23.249
mli,2071,23.963
mli,2072,24.615
mli,2073,25.325
mli,2074,26.144
mli,2075,26.884
mli,2076,27.685
mli,2077,27.677
mli,2078,28.462
mli,2079,29.255
mli,2080,30.009
mli,2081,30.846
mli,2082,31.838
mli,2083,32.701
mli,2084,33.605
mli,2085,33.589
mli,2086,34.714
mli,2087,35.674
mli,2088,36.654
mli,2089,37.657
mli,2090,38.59
mli,2091,39.453
mli,2092,40.457
mli,2093,40.399
mli,2094,41.444
mli,2095,42.269
mli,2096,43.386
mli,2097,44.518
mli,2098,45.674
mli,2099,46.699
mli,2100,46.577
mlt,1800,2.17
mlt,1801,2.17
mlt,1802,2.17
mlt,1803,2.17
mlt,1804,2.17
mlt,1805,2.17
mlt,1806,2.17
mlt,1807,2.17
mlt,1808,2.17
mlt,1809,2.17
mlt,1810,2.17
mlt,1811,2.17
mlt,1812,2.17
mlt,1813,2.17
mlt,1814,2.17
mlt,1815,2.17
mlt,1816,2.17
mlt,1817,2.17
mlt,1818,2.17
mlt,1819,2.17
mlt,1820,2.17
mlt,1821,2.17
mlt,1822,2.17
mlt,1823,2.231
mlt,1824,2.232
mlt,1825,2.232
mlt,1826,2.295
mlt,1827,2.295
mlt,1828,2.295
mlt,1829,2.359
mlt,1830,2.36
mlt,1831,2.359
mlt,1832,2.426
mlt,1833,2.426
mlt,1834,2.426
mlt,1835,2.494
mlt,1836,2.494
mlt,1837,2.494
mlt,1838,2.564
mlt,1839,2.564
mlt,1840,2.564
mlt,1841,2.636
mlt,1842,2.636
mlt,1843,2.636
mlt,1844,2.71
mlt,1845,2.71
mlt,1846,2.71
mlt,1847,2.786
mlt,1848,2.786
mlt,1849,2.787
mlt,1850,2.865
mlt,1851,2.865
mlt,1852,2.865
mlt,1853,2.945
mlt,1854,2.945
mlt,1855,2.945
mlt,1856,3.028
mlt,1857,3.028
mlt,1858,3.028
mlt,1859,3.113
mlt,1860,3.114
mlt,1861,3.113
mlt,1862,3.201
mlt,1863,3.201
mlt,1864,3.201
mlt,1865,3.291
mlt,1866,3.291
mlt,1867,3.291
mlt,1868,3.384
mlt,1869,3.384
mlt,1870,3.383
mlt,1871,3.479
mlt,1872,3.489
mlt,1873,3.499
mlt,1874,3.608
mlt,1875,3.619
mlt,1876,3.63
mlt,1877,3.743
mlt,1878,3.753
mlt,1879,3.764
mlt,1880,3.881
mlt,1881,3.892
mlt,1882,3.903
mlt,1883,4.024
mlt,1884,4.035
mlt,1885,4.046
mlt,1886,4.172
mlt,1887,4.183
mlt,1888,4.195
mlt,1889,4.324
mlt,1890,4.336
mlt,1891,4.348
mlt,1892,4.482
mlt,1893,4.494
mlt,1894,4.506
mlt,1895,4.517
mlt,1896,4.656
mlt,1897,4.668
mlt,1898,4.68
mlt,1899,4.824
mlt,1900,4.836
mlt,1901,4.848
mlt,1902,4.997
mlt,1903,5.01
mlt,1904,5.022
mlt,1905,5.175
mlt,1906,5.188
mlt,1907,5.201
mlt,1908,5.359
mlt,1909,5.372
mlt,1910,5.384
mlt,1911,5.549
mlt,1912,5.562
mlt,1913,5.574
mlt,1914,5.744
mlt,1915,5.757
mlt,1916,5.77
mlt,1917,5.946
mlt,1918,5.959
mlt,1919,5.972
mlt,1920,6.153
mlt,1921,6.166
mlt,1922,6.01
mlt,1923,6.023
mlt,1924,6.036
mlt,1925,6.048
mlt,1926,6.061
mlt,1927,6.074
mlt,1928,5.92
mlt,1929,5.932
mlt,1930,5.944
mlt,1931,5.956
mlt,1932,5.968
mlt,1933,5.816
mlt,1934,5.827
mlt,1935,5.838
mlt,1936,5.85
mlt,1937,5.7
mlt,1938,5.712
mlt,1939,5.722
mlt,1940,5.733
mlt,1941,5.553
mlt,1942,5.53
mlt,1943,5.507
mlt,1944,5.484
mlt,1945,5.312
mlt,1946,5.29
mlt,1947,5.267
mlt,1948,5.101
mlt,1949,5.08
mlt,1950,5.058
mlt,1951,5.178
mlt,1952,5.45
mlt,1953,5.58
mlt,1954,5.872
mlt,1955,6.012
mlt,1956,6.688
mlt,1957,6.659
mlt,1958,7.008
mlt,1959,6.98
mlt,1960,7.345
mlt,1961,7.313
mlt,1962,6.882
mlt,1963,6.847
mlt,1964,7.199
mlt,1965,7.575
mlt,1966,8.426
mlt,1967,9.117
mlt,1968,9.858
mlt,1969,10.366
mlt,1970,11.528
mlt,1971,11.787
mlt,1972,12.746
mlt,1973,13.031
mlt,1974,14.488
mlt,1975,17.027
mlt,1976,19.447
mlt,1977,21.612
mlt,1978,24.008
mlt,1979,25.934
mlt,1980,27.248
mlt,1981,28.957
mlt,1982,30.082
mlt,1983,30.474
mlt,1984,31.918
mlt,1985,33.429
mlt,1986,34.603
mlt,1987,36.779
mlt,1988,39.969
mlt,1989,43.488
mlt,1990,46.811
mlt,1991,47.561
mlt,1992,49.929
mlt,1993,51.551
mlt,1994,53.907
mlt,1995,57.202
mlt,1996,58.512
mlt,1997,61.998
mlt,1998,64.115
mlt,1999,67.666
mlt,2000,78.486
mlt,2001,79.901
mlt,2002,78.318
mlt,2003,81.635
mlt,2004,84.198
mlt,2005,85.907
mlt,2006,88.311
mlt,2007,89.429
mlt,2008,95.949
mlt,2009,89.028
mlt,2010,97.127
mlt,2011,98.786
mlt,2012,100.319
mlt,2013,107.417
mlt,2014,111.861
mlt,2015,118.433
mlt,2016,122.232
mlt,2017,133.562
mlt,2018,139.279
mlt,2019,133.95
mlt,2020,125.223
mlt,2021,133.544
mlt,2022,126.652
mlt,2023,135.078
mlt,2024,140.562
mlt,2025,143.495
mlt,2026,151.593
mlt,2027,157.092
mlt,2028,162.45
mlt,2029,167.668
mlt,2030,176.035
mlt,2031,174.645
mlt,2032,178.161
mlt,2033,176.799
mlt,2034,175.474
mlt,2035,179.077
mlt,2036,177.744
mlt,2037,176.424
mlt,2038,180.116
mlt,2039,178.881
mlt,2040,177.674
mlt,2041,176.501
mlt,2042,180.287
mlt,2043,179.1
mlt,2044,177.981
mlt,2045,176.879
mlt,2046,180.755
mlt,2047,179.623
mlt,2048,178.581
mlt,2049,177.604
mlt,2050,181.583
mlt,2051,180.59
mlt,2052,179.537
mlt,2053,178.639
mlt,2054,177.718
mlt,2055,181.794
mlt,2056,181.082
mlt,2057,180.211
mlt,2058,179.36
mlt,2059,178.531
mlt,2060,182.72
mlt,2061,181.907
mlt,2062,181.037
mlt,2063,180.265
mlt,2064,179.513
mlt,2065,178.78
mlt,2066,183.072
mlt,2067,182.353
mlt,2068,181.655
mlt,2069,181.144
mlt,2070,180.482
mlt,2071,179.84
mlt,2072,179.212
mlt,2073,183.623
mlt,2074,183.01
mlt,2075,182.41
mlt,2076,181.83
mlt,2077,181.263
mlt,2078,180.704
mlt,2079,180.163
mlt,2080,184.688
mlt,2081,184.042
mlt,2082,183.525
mlt,2083,183.023
mlt,2084,182.53
mlt,2085,182.056
mlt,2086,181.59
mlt,2087,181.253
mlt,2088,180.813
mlt,2089,185.457
mlt,2090,185.027
mlt,2091,184.608
mlt,2092,184.202
mlt,2093,183.806
mlt,2094,183.416
mlt,2095,183.041
mlt,2096,182.673
mlt,2097,182.313
mlt,2098,181.964
mlt,2099,181.625
mlt,2100,181.341
mhl,1981,7.0
mhl,1982,6.963
mhl,1983,7.496
mhl,1984,7.525
mhl,1985,6.852
mhl,1986,8.062
mhl,1987,8.722
mhl,1988,8.976
mhl,1989,8.982
mhl,1990,9.228
mhl,1991,9.116
mhl,1992,9.758
mhl,1993,10.255
mhl,1994,10.589
mhl,1995,11.839
mhl,1996,10.379
mhl,1997,9.17
mhl,1998,9.509
mhl,1999,9.362
mhl,2000,9.229
mhl,2001,9.815
mhl,2002,10.291
mhl,2003,9.906
mhl,2004,9.588
mhl,2005,9.922
mhl,2006,9.688
mhl,2007,9.94
mhl,2008,9.544
mhl,2009,9.762
mhl,2010,10.28
mhl,2011,10.271
mhl,2012,10.127
mhl,2013,10.276
mhl,2014,10.771
mhl,2015,10.965
mhl,2016,11.32
mhl,2017,12.543
mhl,2018,13.521
mhl,2019,14.966
mhl,2020,14.677
mhl,2021,15.94
mhl,2022,17.626
mhl,2023,17.097
mhl,2024,18.812
mhl,2025,22.127
mrt,1800,1.359
mrt,1801,1.359
mrt,1802,1.359
mrt,1803,1.359
mrt,1804,1.359
mrt,1805,1.359
mrt,1806,1.359
mrt,1807,1.359
mrt,1808,1.359
mrt,1809,1.359
mrt,1810,1.359
mrt,1811,1.359
mrt,1812,1.359
mrt,1813,1.359
mrt,1814,1.359
mrt,1815,1.359
mrt,1816,1.359
mrt,1817,1.359
mrt,1818,1.359
mrt,1819,1.359
mrt,1820,1.359
mrt,1821,1.359
mrt,1822,1.359
mrt,1823,1.359
mrt,1824,1.359
mrt,1825,1.359
mrt,1826,1.359
mrt,1827,1.359
mrt,1828,1.359
mrt,1829,1.359
mrt,1830,1.359
mrt,1831,1.359
mrt,1832,1.359
mrt,1833,1.359
mrt,1834,1.359
mrt,1835,1.359
mrt,1836,1.359
mrt,1837,1.359
mrt,1838,1.359
mrt,1839,1.359
mrt,1840,1.359
mrt,1841,1.359
mrt,1842,1.359
mrt,1843,1.359
mrt,1844,1.359
mrt,1845,1.359
mrt,1846,1.359
mrt,1847,1.359
mrt,1848,1.359
mrt,1849,1.359
mrt,1850,1.359
mrt,1851,1.359
mrt,1852,1.359
mrt,1853,1.359
mrt,1854,1.359
mrt,1855,1.359
mrt,1856,1.359
mrt,1857,1.359
mrt,1858,1.359
mrt,1859,1.359
mrt,1860,1.359
mrt,1861,1.359
mrt,1862,1.359
mrt,1863,1.359
mrt,1864,1.359
mrt,1865,1.359
mrt,1866,1.359
mrt,1867,1.359
mrt,1868,1.359
mrt,1869,1.359
mrt,1870,1.359
mrt,1871,1.359
mrt,1872,1.36
mrt,1873,1.361
mrt,1874,1.363
mrt,1875,1.364
mrt,1876,1.365
mrt,1877,1.367
mrt,1878,1.368
mrt,1879,1.369
mrt,1880,1.371
mrt,1881,1.372
mrt,1882,1.373
mrt,1883,1.375
mrt,1884,1.376
mrt,1885,1.377
mrt,1886,1.379
mrt,1887,1.419
mrt,1888,1.42
mrt,1889,1.422
mrt,1890,1.423
mrt,1891,1.424
mrt,1892,1.466
mrt,1893,1.468
mrt,1894,1.469
mrt,1895,1.47
mrt,1896,1.472
mrt,1897,1.473
mrt,1898,1.516
mrt,1899,1.518
mrt,1900,1.52
mrt,1901,1.521
mrt,1902,1.523
mrt,1903,1.524
mrt,1904,1.569
mrt,1905,1.57
mrt,1906,1.572
mrt,1907,1.574
mrt,1908,1.575
mrt,1909,1.577
mrt,1910,1.623
mrt,1911,1.625
mrt,1912,1.627
mrt,1913,1.628
mrt,1914,1.63
mrt,1915,1.678
mrt,1916,1.675
mrt,1917,1.677
mrt,1918,1.679
mrt,1919,1.681
mrt,1920,1.73
mrt,1921,1.732
mrt,1922,1.734
mrt,1923,1.736
mrt,1924,1.787
mrt,1925,1.789
mrt,1926,1.791
mrt,1927,1.793
mrt,1928,1.846
mrt,1929,1.848
mrt,1930,1.851
mrt,1931,1.853
mrt,1932,1.907
mrt,1933,1.909
mrt,1934,1.912
mrt,1935,1.914
mrt,1936,1.97
mrt,1937,1.972
mrt,1938,1.975
mrt,1939,1.977
mrt,1940,1.979
mrt,1941,2.034
mrt,1942,2.093
mrt,1943,2.155
mrt,1944,2.158
mrt,1945,2.221
mrt,1946,2.286
mrt,1947,2.289
mrt,1948,2.356
mrt,1949,2.425
mrt,1950,2.428
mrt,1951,2.57
mrt,1952,2.645
mrt,1953,2.8
mrt,1954,2.879
mrt,1955,2.965
mrt,1956,3.137
mrt,1957,3.23
mrt,1958,3.418
mrt,1959,3.516
mrt,1960,3.826
mrt,1961,4.163
mrt,1962,4.166
mrt,1963,4.054
mrt,1964,5.5
mrt,1965,6.319
mrt,1966,6.501
mrt,1967,6.876
mrt,1968,7.686
mrt,1969,7.481
mrt,1970,8.364
mrt,1971,8.368
mrt,1972,8.374
mrt,1973,8.151
mrt,1974,8.864
mrt,1975,9.641
mrt,1976,10.2
mrt,1977,10.206
mrt,1978,9.138
mrt,1979,10.218
mrt,1980,9.945
mrt,1981,10.091
mrt,1982,9.232
mrt,1983,9.344
mrt,1984,9.033
mrt,1985,9.235
mrt,1986,9.691
mrt,1987,9.807
mrt,1988,9.449
mrt,1989,9.356
mrt,1990,8.901
mrt,1991,8.734
mrt,1992,8.482
mrt,1993,8.587
mrt,1994,9.109
mrt,1995,10.782
mrt,1996,12.096
mrt,1997,11.368
mrt,1998,11.385
mrt,1999,11.685
mrt,2000,10.91
mrt,2001,10.646
mrt,2002,10.463
mrt,2003,11.116
mrt,2004,11.423
mrt,2005,12.266
mrt,2006,14.485
mrt,2007,14.523
mrt,2008,14.538
mrt,2009,14.457
mrt,2010,14.564
mrt,2011,14.76
mrt,2012,15.007
mrt,2013,15.683
mrt,2014,15.451
mrt,2015,15.833
mrt,2016,15.489
mrt,2017,16.081
mrt,2018,16.368
mrt,2019,16.462
mrt,2020,15.886
mrt,2021,15.452
mrt,2022,16.083
mrt,2023,16.663
mrt,2024,17.304
mrt,2025,17.777
mrt,2026,18.738
mrt,2027,19.487
mrt,2028,20.19
mrt,2029,20.83
mrt,2030,21.104
mrt,2031,21.705
mrt,2032,22.353
mrt,2033,23.015
mrt,2034,23.683
mrt,2035,24.376
mrt,2036,24.377
mrt,2037,25.146
mrt,2038,25.898
mrt,2039,26.642
mrt,2040,27.488
mrt,2041,28.313
mrt,2042,29.173
mrt,2043,29.259
mrt,2044,30.094
mrt,2045,31.081
mrt,2046,31.943
mrt,2047,32.858
mrt,2048,33.793
mrt,2049,34.724
mrt,2050,35.769
mrt,2051,35.563
mrt,2052,36.425
mrt,2053,37.271
mrt,2054,38.153
mrt,2055,39.078
mrt,2056,40.091
mrt,2057,41.251
mrt,2058,42.282
mrt,2059,41.876
mrt,2060,42.861
mrt,2061,43.908
mrt,2062,45.075
mrt,2063,46.073
mrt,2064,47.125
mrt,2065,46.96
mrt,2066,48.188
mrt,2067,49.292
mrt,2068,50.286
mrt,2069,51.423
mrt,2070,52.402
mrt,2071,52.092
mrt,2072,53.213
mrt,2073,54.363
mrt,2074,56.063
mrt,2075,57.307
mrt,2076,57.107
mrt,2077,58.438
mrt,2078,59.951
mrt,2079,61.707
mrt,2080,63.344
mrt,2081,63.478
mrt,2082,65.411
mrt,2083,67.456
mrt,2084,69.351
mrt,2085,69.444
mrt,2086,71.202
mrt,2087,73.303
mrt,2088,75.481
mrt,2089,75.273
mrt,2090,77.011
mrt,2091,79.308
mrt,2092,81.685
mrt,2093,81.804
mrt,2094,84.271
mrt,2095,86.41
mrt,2096,86.49
mrt,2097,88.962
mrt,2098,91.534
mrt,2099,91.561
mrt,2100,94.351
mus,1800,2.997
mus,1801,2.997
mus,1802,2.997
mus,1803,2.997
mus,1804,2.997
mus,1805,2.997
mus,1806,2.997
mus,1807,2.997
mus,1808,2.997
mus,1809,2.997
mus,1810,2.997
mus,1811,2.997
mus,1812,2.997
mus,1813,2.997
mus,1814,2.997
mus,1815,2.997
mus,1816,2.997
mus,1817,2.997
mus,1818,2.997
mus,1819,2.997
mus,1820,3.082
mus,1821,3.082
mus,1822,3.082
mus,1823,3.082
mus,1824,3.168
mus,1825,3.168
mus,1826,3.168
mus,1827,3.168
mus,1828,3.168
mus,1829,3.257
mus,1830,3.257
mus,1831,3.257
mus,1832,3.258
mus,1833,3.239
mus,1834,3.33
mus,1835,3.33
mus,1836,3.33
mus,1837,3.33
mus,1838,3.33
mus,1839,3.424
mus,1840,3.424
mus,1841,3.424
mus,1842,3.424
mus,1843,3.52
mus,1844,3.52
mus,1845,3.52
mus,1846,3.52
mus,1847,3.52
mus,1848,3.619
mus,1849,3.619
mus,1850,3.619
mus,1851,3.62
mus,1852,3.619
mus,1853,3.721
mus,1854,3.721
mus,1855,3.722
mus,1856,3.722
mus,1857,3.827
mus,1858,3.827
mus,1859,3.827
mus,1860,3.827
mus,1861,3.827
mus,1862,3.935
mus,1863,3.935
mus,1864,3.935
mus,1865,3.935
mus,1866,3.934
mus,1867,4.045
mus,1868,4.021
mus,1869,4.021
mus,1870,4.022
mus,1871,4.134
mus,1872,4.138
mus,1873,4.142
mus,1874,4.146
mus,1875,4.149
mus,1876,4.269
mus,1877,4.273
mus,1878,4.277
mus,1879,4.281
mus,1880,4.284
mus,1881,4.408
mus,1882,4.412
mus,1883,4.416
mus,1884,4.42
mus,1885,4.548
mus,1886,4.552
mus,1887,4.556
mus,1888,4.559
mus,1889,4.563
mus,1890,4.695
mus,1891,4.699
mus,1892,4.703
mus,1893,4.706
mus,1894,4.71
mus,1895,4.846
mus,1896,4.85
mus,1897,4.854
mus,1898,4.858
mus,1899,4.998
mus,1900,5.002
mus,1901,5.006
mus,1902,5.01
mus,1903,5.014
mus,1904,5.158
mus,1905,5.163
mus,1906,5.16
mus,1907,5.31
mus,1908,5.314
mus,1909,5.318
mus,1910,5.322
mus,1911,5.475
mus,1912,5.479
mus,1913,5.471
mus,1914,5.629
mus,1915,5.634
mus,1916,5.796
mus,1917,5.801
mus,1918,5.968
mus,1919,5.973
mus,1920,6.146
mus,1921,6.15
mus,1922,6.324
mus,1923,6.507
mus,1924,6.512
mus,1925,6.7
mus,1926,6.885
mus,1927,7.084
mus,1928,7.09
mus,1929,7.296
mus,1930,7.507
mus,1931,7.512
mus,1932,7.73
mus,1933,7.951
mus,1934,8.181
mus,1935,8.187
mus,1936,8.424
mus,1937,8.667
mus,1938,8.674
mus,1939,8.924
mus,1940,9.182
mus,1941,9.394
mus,1942,9.35
mus,1943,9.563
mus,1944,9.771
mus,1945,9.993
mus,1946,9.939
mus,1947,10.165
mus,1948,10.393
mus,1949,10.626
mus,1950,10.575
mus,1951,10.803
mus,1952,10.732
mus,1953,10.662
mus,1954,10.59
mus,1955,10.522
mus,1956,10.453
mus,1957,10.385
mus,1958,10.316
mus,1959,10.249
mus,1960,10.181
mus,1961,10.399
mus,1962,11.862
mus,1963,11.783
mus,1964,12.371
mus,1965,11.309
mus,1966,11.237
mus,1967,10.857
mus,1968,10.203
mus,1969,9.587
mus,1970,9.523
mus,1971,9.459
mus,1972,10.211
mus,1973,11.021
mus,1974,11.571
mus,1975,11.494
mus,1976,13.487
mus,1977,14.162
mus,1978,14.066
mus,1979,14.363
mus,1980,12.419
mus,1981,13.186
mus,1982,14.038
mus,1983,14.195
mus,1984,14.857
mus,1985,15.966
mus,1986,17.491
mus,1987,19.232
mus,1988,20.434
mus,1989,21.708
mus,1990,23.697
mus,1991,24.102
mus,1992,24.988
mus,1993,25.852
mus,1994,26.177
mus,1995,26.779
mus,1996,27.619
mus,1997,28.636
mus,1998,29.731
mus,1999,29.927
mus,2000,31.637
mus,2001,32.207
mus,2002,32.122
mus,2003,33.657
mus,2004,34.768
mus,2005,35.232
mus,2006,36.233
mus,2007,37.985
mus,2008,39.613
mus,2009,40.224
mus,2010,41.616
mus,2011,43.119
mus,2012,43.81
mus,2013,45.509
mus,2014,47.895
mus,2015,49.262
mus,2016,51.654
mus,2017,53.833
mus,2018,55.875
mus,2019,58.047
mus,2020,49.534
mus,2021,51.064
mus,2022,55.595
mus,2023,57.849
mus,2024,59.594
mus,2025,62.793
mus,2026,66.848
mus,2027,69.57
mus,2028,72.152
mus,2029,76.673
mus,2030,78.824
mus,2031,80.672
mus,2032,80.4
mus,2033,82.399
mus,2034,84.337
mus,2035,83.996
mus,2036,86.017
mus,2037,88.089
mus,2038,87.739
mus,2039,89.99
mus,2040,92.199
mus,2041,91.843
mus,2042,94.241
mus,2043,94.178
mus,2044,96.593
mus,2045,99.06
mus,2046,98.712
mus,2047,101.333
mus,2048,100.984
mus,2049,103.686
mus,2050,103.344
mus,2051,106.149
mus,2052,105.809
mus,2053,108.37
mus,2054,108.315
mus,2055,111.018
mus,2056,110.973
mus,2057,114.036
mus,2058,113.711
mus,2059,116.92
mus,2060,116.601
mus,2061,119.79
mus,2062,119.46
mus,2063,122.502
mus,2064,122.426
mus,2065,125.838
mus,2066,125.803
mus,2067,125.945
mus,2068,129.2
mus,2069,129.699
mus,2070,132.999
mus,2071,132.749
mus,2072,136.213
mus,2073,135.952
mus,2074,135.697
mus,2075,139.256
mus,2076,139.36
mus,2077,139.12
mus,2078,142.788
mus,2079,143.148
mus,2080,143.369
mus,2081,147.186
mus,2082,146.979
mus,2083,147.034
mus,2084,150.971
mus,2085,150.78
mus,2086,150.666
mus,2087,154.72
mus,2088,154.43
mus,2089,154.259
mus,2090,158.428
mus,2091,157.711
mus,2092,157.549
mus,2093,157.392
mus,2094,161.644
mus,2095,161.682
mus,2096,161.614
mus,2097,161.478
mus,2098,165.885
mus,2099,165.278
mus,2100,165.516
mex,1800,3.726
mex,1801,3.725
mex,1802,3.624
mex,1803,3.623
mex,1804,3.524
mex,1805,3.525
mex,1806,3.428
mex,1807,3.332
mex,1808,3.24
mex,1809,3.152
mex,1810,3.066
mex,1811,2.982
mex,1812,2.982
mex,1813,2.982
mex,1814,2.982
mex,1815,2.982
mex,1816,2.9
mex,1817,2.9
mex,1818,2.9
mex,1819,2.9
mex,1820,2.9
mex,1821,2.9
mex,1822,2.9
mex,1823,2.9
mex,1824,2.9
mex,1825,2.9
mex,1826,2.901
mex,1827,2.9
mex,1828,2.901
mex,1829,2.9
mex,1830,2.9
mex,1831,2.9
mex,1832,2.982
mex,1833,2.982
mex,1834,2.982
mex,1835,2.982
mex,1836,2.982
mex,1837,2.982
mex,1838,2.982
mex,1839,2.982
mex,1840,2.982
mex,1841,2.982
mex,1842,2.982
mex,1843,2.982
mex,1844,2.982
mex,1845,2.982
mex,1846,2.982
mex,1847,2.982
mex,1848,2.982
mex,1849,2.982
mex,1850,3.066
mex,1851,2.982
mex,1852,2.982
mex,1853,2.9
mex,1854,2.9
mex,1855,2.821
mex,1856,2.821
mex,1857,2.744
mex,1858,2.744
mex,1859,2.669
mex,1860,2.669
mex,1861,2.669
mex,1862,2.744
mex,1863,2.744
mex,1864,2.744
mex,1865,2.821
mex,1866,2.821
mex,1867,2.901
mex,1868,2.901
mex,1869,2.982
mex,1870,2.982
mex,1871,3.066
mex,1872,3.149
mex,1873,3.146
mex,1874,3.231
mex,1875,3.318
mex,1876,3.41
mex,1877,3.407
mex,1878,3.499
mex,1879,3.593
mex,1880,3.691
mex,1881,3.687
mex,1882,3.786
mex,1883,3.888
mex,1884,3.884
mex,1885,3.968
mex,1886,4.075
mex,1887,4.185
mex,1888,4.18
mex,1889,4.293
mex,1890,4.409
mex,1891,4.518
mex,1892,4.513
mex,1893,4.635
mex,1894,4.761
mex,1895,4.889
mex,1896,5.021
mex,1897,5.157
mex,1898,5.445
mex,1899,5.146
mex,1900,4.999
mex,1901,5.427
mex,1902,4.989
mex,1903,5.415
mex,1904,5.409
mex,1905,6.044
mex,1906,5.872
mex,1907,6.227
mex,1908,6.05
mex,1909,6.212
mex,1910,6.205
mex,1911,5.838
mex,1912,5.832
mex,1913,5.505
mex,1914,5.499
mex,1915,5.342
mex,1916,5.804
mex,1917,5.983
mex,1918,6.293
mex,1919,6.462
mex,1920,6.822
mex,1921,6.814
mex,1922,6.997
mex,1923,6.989
mex,1924,6.79
mex,1925,7.168
mex,1926,7.361
mex,1927,6.955
mex,1928,6.946
mex,1929,6.564
mex,1930,6.05
mex,1931,6.042
mex,1932,5.092
mex,1933,5.526
mex,1934,5.838
mex,1935,6.163
mex,1936,6.506
mex,1937,6.498
mex,1938,6.489
mex,1939,6.85
mex,1940,6.842
mex,1941,7.172
mex,1942,7.309
mex,1943,7.452
mex,1944,7.802
mex,1945,7.738
mex,1946,8.108
mex,1947,8.041
mex,1948,8.2
mex,1949,8.354
mex,1950,9.004
mex,1951,9.44
mex,1952,9.625
mex,1953,9.285
mex,1954,9.742
mex,1955,10.525
mex,1956,10.748
mex,1957,11.289
mex,1958,11.527
mex,1959,11.425
mex,1960,11.982
mex,1961,12.213
mex,1962,12.116
mex,1963,12.703
mex,1964,14.073
mex,1965,14.354
mex,1966,14.648
mex,1967,15.369
mex,1968,16.117
mex,1969,16.445
mex,1970,16.776
mex,1971,17.101
mex,1972,17.988
mex,1973,18.37
mex,1974,19.257
mex,1975,19.659
mex,1976,20.029
mex,1977,19.852
mex,1978,20.802
mex,1979,22.418
mex,1980,23.475
mex,1981,26.272
mex,1982,27.152
mex,1983,25.224
mex,1984,26.854
mex,1985,26.972
mex,1986,25.512
mex,1987,25.956
mex,1988,26.182
mex,1989,27.384
mex,1990,28.597
mex,1991,29.081
mex,1992,28.588
mex,1993,28.821
mex,1994,29.273
mex,1995,27.587
mex,1996,30.019
mex,1997,31.516
mex,1998,33.313
mex,1999,33.203
mex,2000,34.847
mex,2001,34.682
mex,2002,34.844
mex,2003,35.276
mex,2004,36.559
mex,2005,37.427
mex,2006,38.612
mex,2007,38.835
mex,2008,38.21
mex,2009,36.373
mex,2010,38.463
mex,2011,38.351
mex,2012,38.713
mex,2013,38.584
mex,2014,39.206
mex,2015,40.512
mex,2016,41.632
mex,2017,42.502
mex,2018,43.548
mex,2019,41.858
mex,2020,40.042
mex,2021,43.011
mex,2022,44.267
mex,2023,45.729
mex,2024,46.078
mex,2025,46.327
mex,2026,49.196
mex,2027,49.925
mex,2028,51.696
mex,2029,53.335
mex,2030,55.372
mex,2031,56.805
mex,2032,56.588
mex,2033,57.938
mex,2034,59.417
mex,2035,60.945
mex,2036,60.802
mex,2037,62.408
mex,2038,63.978
mex,2039,65.606
mex,2040,65.453
mex,2041,67.308
mex,2042,69.026
mex,2043,68.913
mex,2044,70.826
mex,2045,72.806
mex,2046,72.853
mex,2047,75.049
mex,2048,77.067
mex,2049,76.837
mex,2050,78.827
mex,2051,81.033
mex,2052,81.1
mex,2053,83.457
mex,2054,83.542
mex,2055,85.731
mex,2056,88.257
mex,2057,88.1
mex,2058,90.728
mex,2059,90.557
mex,2060,93.16
mex,2061,95.687
mex,2062,95.778
mex,2063,98.059
mex,2064,98.123
mex,2065,101.551
mex,2066,102.106
mex,2067,104.849
mex,2068,104.723
mex,2069,107.99
mex,2070,107.871
mex,2071,110.907
mex,2072,111.165
mex,2073,114.438
mex,2074,114.332
mex,2075,117.493
mex,2076,117.386
mex,2077,120.582
mex,2078,120.202
mex,2079,123.652
mex,2080,123.606
mex,2081,123.507
mex,2082,126.628
mex,2083,126.504
mex,2084,129.96
mex,2085,129.572
mex,2086,133.191
mex,2087,133.092
mex,2088,132.997
mex,2089,136.761
mex,2090,136.671
mex,2091,136.178
mex,2092,139.914
mex,2093,139.825
mex,2094,139.815
mex,2095,143.644
mex,2096,143.557
mex,2097,143.608
mex,2098,147.713
mex,2099,147.444
mex,2100,147.376
fsm,1800,1.541
fsm,1801,1.541
fsm,1802,1.541
fsm,1803,1.541
fsm,1804,1.541
fsm,1805,1.541
fsm,1806,1.541
fsm,1807,1.541
fsm,1808,1.541
fsm,1809,1.541
fsm,1810,1.541
fsm,1811,1.541
fsm,1812,1.541
fsm,1813,1.541
fsm,1814,1.541
fsm,1815,1.541
fsm,1816,1.541
fsm,1817,1.541
fsm,1818,1.541
fsm,1819,1.541
fsm,1820,1.541
fsm,1821,1.585
fsm,1822,1.584
fsm,1823,1.584
fsm,1824,1.587
fsm,1825,1.587
fsm,1826,1.587
fsm,1827,1.587
fsm,1828,1.586
fsm,1829,1.587
fsm,1830,1.587
fsm,1831,1.587
fsm,1832,1.587
fsm,1833,1.588
fsm,1834,1.589
fsm,1835,1.589
fsm,1836,1.589
fsm,1837,1.589
fsm,1838,1.589
fsm,1839,1.589
fsm,1840,1.595
fsm,1841,1.595
fsm,1842,1.596
fsm,1843,1.596
fsm,1844,1.596
fsm,1845,1.596
fsm,1846,1.596
fsm,1847,1.596
fsm,1848,1.596
fsm,1849,1.596
fsm,1850,1.596
fsm,1851,1.596
fsm,1852,1.596
fsm,1853,1.596
fsm,1854,1.596
fsm,1855,1.596
fsm,1856,1.595
fsm,1857,1.596
fsm,1858,1.596
fsm,1859,1.596
fsm,1860,1.596
fsm,1861,1.595
fsm,1862,1.596
fsm,1863,1.595
fsm,1864,1.596
fsm,1865,1.595
fsm,1866,1.596
fsm,1867,1.641
fsm,1868,1.641
fsm,1869,1.641
fsm,1870,1.641
fsm,1871,1.641
fsm,1872,1.64
fsm,1873,1.639
fsm,1874,1.639
fsm,1875,1.638
fsm,1876,1.637
fsm,1877,1.636
fsm,1878,1.636
fsm,1879,1.635
fsm,1880,1.634
fsm,1881,1.633
fsm,1882,1.633
fsm,1883,1.632
fsm,1884,1.631
fsm,1885,1.63
fsm,1886,1.63
fsm,1887,1.629
fsm,1888,1.628
fsm,1889,1.627
fsm,1890,1.627
fsm,1891,1.626
fsm,1892,1.625
fsm,1893,1.625
fsm,1894,1.624
fsm,1895,1.623
fsm,1896,1.622
fsm,1897,1.621
fsm,1898,1.621
fsm,1899,1.62
fsm,1900,1.619
fsm,1901,1.619
fsm,1902,1.618
fsm,1903,1.617
fsm,1904,1.616
fsm,1905,1.616
fsm,1906,1.615
fsm,1907,1.614
fsm,1908,1.613
fsm,1909,1.612
fsm,1910,1.612
fsm,1911,1.657
fsm,1912,1.655
fsm,1913,1.655
fsm,1914,1.654
fsm,1915,1.7
fsm,1916,1.748
fsm,1917,1.748
fsm,1918,1.796
fsm,1919,1.846
fsm,1920,1.898
fsm,1921,1.909
fsm,1922,1.962
fsm,1923,2.016
fsm,1924,2.014
fsm,1925,2.069
fsm,1926,2.127
fsm,1927,2.185
fsm,1928,2.183
fsm,1929,2.246
fsm,1930,2.308
fsm,1931,2.371
fsm,1932,2.383
fsm,1933,2.448
fsm,1934,2.526
fsm,1935,2.524
fsm,1936,2.591
fsm,1937,2.672
fsm,1938,2.755
fsm,1939,2.753
fsm,1940,2.839
fsm,1941,2.915
fsm,1942,2.918
fsm,1943,3.001
fsm,1944,3.081
fsm,1945,3.084
fsm,1946,3.178
fsm,1947,3.271
fsm,1948,3.271
fsm,1949,3.375
fsm,1950,3.461
fsm,1951,3.462
fsm,1952,3.558
fsm,1953,3.664
fsm,1954,3.656
fsm,1955,3.746
fsm,1956,3.839
fsm,1957,3.826
fsm,1958,3.924
fsm,1959,4.022
fsm,1960,4.009
fsm,1961,4.108
fsm,1962,4.216
fsm,1963,4.209
fsm,1964,4.32
fsm,1965,4.312
fsm,1966,4.425
fsm,1967,4.542
fsm,1968,4.534
fsm,1969,4.653
fsm,1970,4.775
fsm,1971,4.767
fsm,1972,4.759
fsm,1973,6.453
fsm,1974,7.395
fsm,1975,7.183
fsm,1976,7.169
fsm,1977,6.96
fsm,1978,7.143
fsm,1979,7.129
fsm,1980,6.369
fsm,1981,6.626
fsm,1982,6.522
fsm,1983,6.357
fsm,1984,6.193
fsm,1985,6.881
fsm,1986,6.953
fsm,1987,6.807
fsm,1988,7.142
fsm,1989,6.988
fsm,1990,7.052
fsm,1991,7.486
fsm,1992,7.537
fsm,1993,7.994
fsm,1994,7.863
fsm,1995,8.31
fsm,1996,7.976
fsm,1997,7.526
fsm,1998,7.686
fsm,1999,7.743
fsm,2000,8.279
fsm,2001,8.228
fsm,2002,8.275
fsm,2003,8.357
fsm,2004,8.102
fsm,2005,8.466
fsm,2006,8.423
fsm,2007,7.469
fsm,2008,9.946
fsm,2009,8.206
fsm,2010,8.455
fsm,2011,8.835
fsm,2012,8.886
fsm,2013,8.446
fsm,2014,8.41
fsm,2015,8.872
fsm,2016,8.879
fsm,2017,8.754
fsm,2018,8.909
fsm,2019,9.005
fsm,2020,9.024
fsm,2021,9.479
fsm,2022,9.288
fsm,2023,9.015
fsm,2024,9.178
fsm,2025,9.183
fsm,2026,9.627
fsm,2027,10.044
fsm,2028,10.167
fsm,2029,10.24
fsm,2030,10.365
fsm,2031,10.69
fsm,2032,10.72
fsm,2033,11.046
fsm,2034,11.392
fsm,2035,11.754
fsm,2036,11.785
fsm,2037,12.159
fsm,2038,12.526
fsm,2039,12.917
fsm,2040,13.307
fsm,2041,13.327
fsm,2042,13.735
fsm,2043,14.153
fsm,2044,14.565
fsm,2045,15.015
fsm,2046,15.49
fsm,2047,15.547
fsm,2048,16.016
fsm,2049,16.443
fsm,2050,16.937
fsm,2051,17.44
fsm,2052,17.99
fsm,2053,17.962
fsm,2054,18.494
fsm,2055,18.987
fsm,2056,19.548
fsm,2057,20.068
fsm,2058,20.661
fsm,2059,21.247
fsm,2060,21.245
fsm,2061,21.811
fsm,2062,22.44
fsm,2063,23.037
fsm,2064,23.611
fsm,2065,24.232
fsm,2066,24.777
fsm,2067,24.786
fsm,2068,25.447
fsm,2069,26.164
fsm,2070,26.908
fsm,2071,27.658
fsm,2072,28.342
fsm,2073,29.139
fsm,2074,29.946
fsm,2075,29.754
fsm,2076,30.586
fsm,2077,31.351
fsm,2078,32.139
fsm,2079,32.893
fsm,2080,33.782
fsm,2081,34.391
fsm,2082,35.318
fsm,2083,35.193
fsm,2084,36.085
fsm,2085,37.103
fsm,2086,38.007
fsm,2087,39.099
fsm,2088,40.116
fsm,2089,41.086
fsm,2090,40.924
fsm,2091,41.966
fsm,2092,43.031
fsm,2093,44.116
fsm,2094,45.225
fsm,2095,46.311
fsm,2096,46.208
fsm,2097,47.313
fsm,2098,48.518
fsm,2099,49.727
fsm,2100,50.988
mda,1800,1.792
mda,1801,1.792
mda,1802,1.792
mda,1803,1.792
mda,1804,1.792
mda,1805,1.792
mda,1806,1.792
mda,1807,1.792
mda,1808,1.792
mda,1809,1.792
mda,1810,1.842
mda,1811,1.842
mda,1812,1.842
mda,1813,1.842
mda,1814,1.842
mda,1815,1.894
mda,1816,1.894
mda,1817,1.894
mda,1818,1.894
mda,1819,1.948
mda,1820,1.947
mda,1821,1.948
mda,1822,1.948
mda,1823,1.947
mda,1824,2.002
mda,1825,2.002
mda,1826,2.002
mda,1827,2.002
mda,1828,2.002
mda,1829,2.059
mda,1830,2.059
mda,1831,2.059
mda,1832,2.059
mda,1833,2.117
mda,1834,2.117
mda,1835,2.117
mda,1836,2.117
mda,1837,2.117
mda,1838,2.176
mda,1839,2.176
mda,1840,2.176
mda,1841,2.176
mda,1842,2.176
mda,1843,2.237
mda,1844,2.237
mda,1845,2.237
mda,1846,2.237
mda,1847,2.3
mda,1848,2.3
mda,1849,2.3
mda,1850,2.3
mda,1851,2.3
mda,1852,2.365
mda,1853,2.365
mda,1854,2.365
mda,1855,2.365
mda,1856,2.431
mda,1857,2.432
mda,1858,2.432
mda,1859,2.432
mda,1860,2.431
mda,1861,2.5
mda,1862,2.5
mda,1863,2.5
mda,1864,2.5
mda,1865,2.5
mda,1866,2.57
mda,1867,2.57
mda,1868,2.57
mda,1869,2.57
mda,1870,2.642
mda,1871,2.642
mda,1872,2.648
mda,1873,2.653
mda,1874,2.658
mda,1875,2.738
mda,1876,2.743
mda,1877,2.748
mda,1878,2.754
mda,1879,2.759
mda,1880,2.843
mda,1881,2.848
mda,1882,2.854
mda,1883,2.859
mda,1884,2.945
mda,1885,2.951
mda,1886,2.875
mda,1887,3.31
mda,1888,3.225
mda,1889,2.973
mda,1890,2.979
mda,1891,2.747
mda,1892,2.991
mda,1893,3.442
mda,1894,3.854
mda,1895,3.653
mda,1896,3.978
mda,1897,3.985
mda,1898,4.105
mda,1899,4.348
mda,1900,4.237
mda,1901,4.364
mda,1902,4.76
mda,1903,4.381
mda,1904,4.912
mda,1905,4.398
mda,1906,4.169
mda,1907,4.062
mda,1908,4.424
mda,1909,4.557
mda,1910,4.969
mda,1911,4.575
mda,1912,4.988
mda,1913,5.282
mda,1914,5.006
mda,1915,5.157
mda,1916,4.618
mda,1917,4.028
mda,1918,2.45
mda,1919,2.137
mda,1920,2.141
mda,1921,1.974
mda,1922,2.336
mda,1923,2.688
mda,1924,3.362
mda,1925,4.205
mda,1926,4.707
mda,1927,4.99
mda,1928,5.284
mda,1929,5.294
mda,1930,5.599
mda,1931,5.609
mda,1932,5.62
mda,1933,5.789
mda,1934,6.307
mda,1935,7.259
mda,1936,7.687
mda,1937,8.369
mda,1938,8.385
mda,1939,8.879
mda,1940,8.415
mda,1941,8.419
mda,1942,8.202
mda,1943,8.215
mda,1944,8.013
mda,1945,7.806
mda,1946,7.818
mda,1947,8.749
mda,1948,9.783
mda,1949,10.958
mda,1950,11.944
mda,1951,11.624
mda,1952,12.349
mda,1953,12.725
mda,1954,13.1
mda,1955,14.285
mda,1956,15.56
mda,1957,15.577
mda,1958,16.509
mda,1959,16.066
mda,1960,17.522
mda,1961,18.035
mda,1962,18.553
mda,1963,18.04
mda,1964,20.183
mda,1965,21.338
mda,1966,22.564
mda,1967,23.86
mda,1968,25.258
mda,1969,25.977
mda,1970,27.489
mda,1971,28.271
mda,1972,29.063
mda,1973,31.586
mda,1974,31.585
mda,1975,31.578
mda,1976,32.462
mda,1977,32.457
mda,1978,33.367
mda,1979,33.363
mda,1980,33.356
mda,1981,34.763
mda,1982,37.163
mda,1983,37.697
mda,1984,39.27
mda,1985,35.098
mda,1986,36.732
mda,1987,36.985
mda,1988,36.433
mda,1989,38.454
mda,1990,36.977
mda,1991,31.814
mda,1992,22.742
mda,1993,22.117
mda,1994,15.573
mda,1995,15.327
mda,1996,14.701
mda,1997,14.816
mda,1998,13.452
mda,1999,12.006
mda,2000,13.935
mda,2001,14.562
mda,2002,16.146
mda,2003,17.639
mda,2004,19.207
mda,2005,20.203
mda,2006,22.008
mda,2007,23.221
mda,2008,24.492
mda,2009,24.12
mda,2010,25.768
mda,2011,28.265
mda,2012,28.269
mda,2013,30.517
mda,2014,32.589
mda,2015,33.154
mda,2016,34.924
mda,2017,37.378
mda,2018,39.553
mda,2019,42.094
mda,2020,40.602
mda,2021,44.728
mda,2022,41.787
mda,2023,42.317
mda,2024,44.147
mda,2025,49.971
mda,2026,54.634
mda,2027,59.077
mda,2028,62.63
mda,2029,63.758
mda,2030,66.428
mda,2031,67.984
mda,2032,69.541
mda,2033,69.203
mda,2034,70.809
mda,2035,72.492
mda,2036,74.123
mda,2037,75.8
mda,2038,77.507
mda,2039,79.239
mda,2040,78.859
mda,2041,80.628
mda,2042,82.412
mda,2043,84.191
mda,2044,86.026
mda,2045,87.889
mda,2046,87.326
mda,2047,89.231
mda,2048,91.115
mda,2049,93.053
mda,2050,94.869
mda,2051,96.87
mda,2052,95.984
mda,2053,97.982
mda,2054,99.962
mda,2055,102.19
mda,2056,104.295
mda,2057,103.514
mda,2058,105.403
mda,2059,107.552
mda,2060,109.689
mda,2061,111.96
mda,2062,110.681
mda,2063,112.858
mda,2064,115.115
mda,2065,117.452
mda,2066,116.6
mda,2067,118.911
mda,2068,121.162
mda,2069,120.218
mda,2070,122.3
mda,2071,124.742
mda,2072,127.282
mda,2073,126.245
mda,2074,128.755
mda,2075,131.398
mda,2076,130.364
mda,2077,132.939
mda,2078,135.563
mda,2079,134.388
mda,2080,136.528
mda,2081,139.22
mda,2082,138.117
mda,2083,140.846
mda,2084,143.648
mda,2085,142.489
mda,2086,145.316
mda,2087,144.17
mda,2088,146.578
mda,2089,149.51
mda,2090,148.444
mda,2091,151.249
mda,2092,150.06
mda,2093,153.094
mda,2094,151.899
mda,2095,154.958
mda,2096,158.089
mda,2097,156.974
mda,2098,160.189
mda,2099,158.981
mda,2100,162.251
mco,1981,85.661
mco,1982,87.594
mco,1983,90.192
mco,1984,94.084
mco,1985,99.741
mco,1986,106.055
mco,1987,111.169
mco,1988,112.616
mco,1989,113.265
mco,1990,113.996
mco,1991,116.443
mco,1992,118.993
mco,1993,121.469
mco,1994,124.052
mco,1995,126.359
mco,1996,128.683
mco,1997,131.072
mco,1998,133.461
mco,1999,135.707
mco,2000,138.481
mco,2001,141.801
mco,2002,146.717
mco,2003,151.737
mco,2004,156.721
mco,2005,159.113
mco,2006,159.049
mco,2007,157.951
mco,2008,158.292
mco,2009,162.057
mco,2010,166.752
mco,2011,169.935
mco,2012,170.499
mco,2013,170.834
mco,2014,171.334
mco,2015,173.45
mco,2016,176.156
mco,2017,178.352
mco,2018,180.06
mco,2019,191.718
mco,2020,165.549
mco,2021,194.245
mco,2022,212.678
mco,2023,221.824
mco,2024,221.654
mco,2025,223.47
mng,1800,1.652
mng,1801,1.652
mng,1802,1.652
mng,1803,1.652
mng,1804,1.652
mng,1805,1.652
mng,1806,1.652
mng,1807,1.652
mng,1808,1.652
mng,1809,1.652
mng,1810,1.652
mng,1811,1.652
mng,1812,1.652
mng,1813,1.652
mng,1814,1.652
mng,1815,1.652
mng,1816,1.652
mng,1817,1.652
mng,1818,1.652
mng,1819,1.652
mng,1820,1.652
mng,1821,1.652
mng,1822,1.652
mng,1823,1.652
mng,1824,1.652
mng,1825,1.652
mng,1826,1.652
mng,1827,1.652
mng,1828,1.652
mng,1829,1.652
mng,1830,1.652
mng,1831,1.652
mng,1832,1.652
mng,1833,1.652
mng,1834,1.652
mng,1835,1.652
mng,1836,1.652
mng,1837,1.652
mng,1838,1.652
mng,1839,1.652
mng,1840,1.652
mng,1841,1.652
mng,1842,1.652
mng,1843,1.652
mng,1844,1.652
mng,1845,1.652
mng,1846,1.652
mng,1847,1.652
mng,1848,1.652
mng,1849,1.652
mng,1850,1.652
mng,1851,1.652
mng,1852,1.652
mng,1853,1.652
mng,1854,1.652
mng,1855,1.652
mng,1856,1.652
mng,1857,1.652
mng,1858,1.652
mng,1859,1.652
mng,1860,1.652
mng,1861,1.652
mng,1862,1.652
mng,1863,1.652
mng,1864,1.652
mng,1865,1.652
mng,1866,1.652
mng,1867,1.652
mng,1868,1.652
mng,1869,1.652
mng,1870,1.652
mng,1871,1.652
mng,1872,1.651
mng,1873,1.649
mng,1874,1.647
mng,1875,1.645
mng,1876,1.643
mng,1877,1.642
mng,1878,1.64
mng,1879,1.638
mng,1880,1.637
mng,1881,1.635
mng,1882,1.634
mng,1883,1.632
mng,1884,1.63
mng,1885,1.629
mng,1886,1.627
mng,1887,1.625
mng,1888,1.624
mng,1889,1.622
mng,1890,1.621
mng,1891,1.619
mng,1892,1.618
mng,1893,1.616
mng,1894,1.615
mng,1895,1.613
mng,1896,1.612
mng,1897,1.61
mng,1898,1.609
mng,1899,1.607
mng,1900,1.606
mng,1901,1.604
mng,1902,1.603
mng,1903,1.601
mng,1904,1.6
mng,1905,1.599
mng,1906,1.597
mng,1907,1.596
mng,1908,1.595
mng,1909,1.593
mng,1910,1.592
mng,1911,1.591
mng,1912,1.59
mng,1913,1.588
mng,1914,1.587
mng,1915,1.586
mng,1916,1.584
mng,1917,1.583
mng,1918,1.582
mng,1919,1.581
mng,1920,1.579
mng,1921,1.622
mng,1922,1.621
mng,1923,1.661
mng,1924,1.655
mng,1925,1.692
mng,1926,1.691
mng,1927,1.741
mng,1928,1.784
mng,1929,1.779
mng,1930,1.829
mng,1931,1.828
mng,1932,1.879
mng,1933,1.874
mng,1934,1.926
mng,1935,1.98
mng,1936,1.965
mng,1937,2.02
mng,1938,2.02
mng,1939,2.076
mng,1940,2.076
mng,1941,2.138
mng,1942,2.202
mng,1943,2.268
mng,1944,2.335
mng,1945,2.405
mng,1946,2.477
mng,1947,2.55
mng,1948,2.555
mng,1949,2.631
mng,1950,2.709
mng,1951,2.869
mng,1952,2.949
mng,1953,3.123
mng,1954,3.216
mng,1955,3.405
mng,1956,3.499
mng,1957,3.605
mng,1958,3.809
mng,1959,3.924
mng,1960,4.157
mng,1961,4.279
mng,1962,4.529
mng,1963,4.662
mng,1964,4.935
mng,1965,5.084
mng,1966,5.238
mng,1967,5.544
mng,1968,5.699
mng,1969,6.038
mng,1970,6.222
mng,1971,6.412
mng,1972,6.607
mng,1973,6.997
mng,1974,7.211
mng,1975,7.64
mng,1976,7.658
mng,1977,8.114
mng,1978,8.597
mng,1979,8.859
mng,1980,9.386
mng,1981,9.809
mng,1982,10.504
mng,1983,10.988
mng,1984,11.473
mng,1985,11.962
mng,1986,12.913
mng,1987,13.189
mng,1988,13.639
mng,1989,13.955
mng,1990,13.787
mng,1991,12.422
mng,1992,11.579
mng,1993,11.584
mng,1994,11.963
mng,1995,12.766
mng,1996,12.91
mng,1997,13.635
mng,1998,14.962
mng,1999,15.185
mng,2000,14.776
mng,2001,15.021
mng,2002,15.604
mng,2003,16.492
mng,2004,18.104
mng,2005,19.143
mng,2006,20.322
mng,2007,22.0
mng,2008,23.876
mng,2009,23.543
mng,2010,25.001
mng,2011,28.047
mng,2012,31.25
mng,2013,34.845
mng,2014,36.898
mng,2015,36.891
mng,2016,36.596
mng,2017,37.942
mng,2018,40.251
mng,2019,41.616
mng,2020,39.124
mng,2021,39.335
mng,2022,40.876
mng,2023,43.865
mng,2024,45.3
mng,2025,48.52
mng,2026,51.661
mng,2027,53.903
mng,2028,56.112
mng,2029,58.041
mng,2030,59.901
mng,2031,61.369
mng,2032,61.144
mng,2033,62.638
mng,2034,64.16
mng,2035,65.707
mng,2036,67.293
mng,2037,68.901
mng,2038,68.631
mng,2039,70.275
mng,2040,71.994
mng,2041,73.719
mng,2042,75.477
mng,2043,75.199
mng,2044,76.947
mng,2045,78.852
mng,2046,80.7
mng,2047,80.337
mng,2048,82.289
mng,2049,84.234
mng,2050,86.275
mng,2051,85.973
mng,2052,88.022
mng,2053,90.124
mng,2054,92.232
mng,2055,91.804
mng,2056,94.08
mng,2057,96.256
mng,2058,95.811
mng,2059,98.043
mng,2060,100.378
mng,2061,100.054
mng,2062,102.387
mng,2063,104.901
mng,2064,104.497
mng,2065,106.948
mng,2066,109.406
mng,2067,108.91
mng,2068,111.587
mng,2069,111.119
mng,2070,113.582
mng,2071,116.453
mng,2072,116.102
mng,2073,118.758
mng,2074,118.356
mng,2075,121.136
mng,2076,123.983
mng,2077,123.509
mng,2078,126.418
mng,2079,125.814
mng,2080,128.687
mng,2081,128.121
mng,2082,131.566
mng,2083,131.018
mng,2084,134.127
mng,2085,133.494
mng,2086,136.55
mng,2087,135.976
mng,2088,139.215
mng,2089,138.639
mng,2090,142.03
mng,2091,141.453
mng,2092,144.916
mng,2093,144.337
mng,2094,147.641
mng,2095,147.059
mng,2096,146.273
mng,2097,149.801
mng,2098,149.019
mng,2099,152.621
mng,2100,151.807
mne,1800,2.964
mne,1801,2.883
mne,1802,2.883
mne,1803,2.883
mne,1804,2.883
mne,1805,2.883
mne,1806,2.805
mne,1807,2.804
mne,1808,2.804
mne,1809,2.805
mne,1810,2.805
mne,1811,2.728
mne,1812,2.728
mne,1813,2.728
mne,1814,2.728
mne,1815,2.653
mne,1816,2.653
mne,1817,2.653
mne,1818,2.653
mne,1819,2.653
mne,1820,2.581
mne,1821,2.653
mne,1822,2.653
mne,1823,2.653
mne,1824,2.653
mne,1825,2.653
mne,1826,2.653
mne,1827,2.653
mne,1828,2.654
mne,1829,2.654
mne,1830,2.654
mne,1831,2.654
mne,1832,2.653
mne,1833,2.728
mne,1834,2.728
mne,1835,2.728
mne,1836,2.728
mne,1837,2.728
mne,1838,2.728
mne,1839,2.728
mne,1840,2.728
mne,1841,2.728
mne,1842,2.728
mne,1843,2.728
mne,1844,2.728
mne,1845,2.805
mne,1846,2.805
mne,1847,2.805
mne,1848,2.805
mne,1849,2.805
mne,1850,2.805
mne,1851,2.805
mne,1852,2.805
mne,1853,2.805
mne,1854,2.805
mne,1855,2.805
mne,1856,2.728
mne,1857,2.729
mne,1858,2.728
mne,1859,2.728
mne,1860,2.728
mne,1861,2.728
mne,1862,2.728
mne,1863,2.728
mne,1864,2.728
mne,1865,2.728
mne,1866,2.729
mne,1867,2.728
mne,1868,2.729
mne,1869,2.728
mne,1870,2.654
mne,1871,2.728
mne,1872,2.736
mne,1873,2.82
mne,1874,2.828
mne,1875,2.915
mne,1876,2.923
mne,1877,2.931
mne,1878,3.022
mne,1879,3.03
mne,1880,3.123
mne,1881,3.131
mne,1882,3.14
mne,1883,3.236
mne,1884,3.245
mne,1885,3.345
mne,1886,3.353
mne,1887,3.363
mne,1888,3.466
mne,1889,3.475
mne,1890,3.582
mne,1891,3.591
mne,1892,3.6
mne,1893,3.61
mne,1894,3.619
mne,1895,3.628
mne,1896,3.637
mne,1897,3.646
mne,1898,3.656
mne,1899,3.665
mne,1900,3.674
mne,1901,3.683
mne,1902,3.796
mne,1903,3.806
mne,1904,3.815
mne,1905,3.932
mne,1906,3.941
mne,1907,4.062
mne,1908,4.072
mne,1909,4.082
mne,1910,4.207
mne,1911,4.101
mne,1912,4.111
mne,1913,4.121
mne,1914,4.131
mne,1915,4.027
mne,1916,4.036
mne,1917,4.046
mne,1918,3.944
mne,1919,3.953
mne,1920,3.962
mne,1921,3.971
mne,1922,3.98
mne,1923,4.217
mne,1924,4.467
mne,1925,4.603
mne,1926,4.876
mne,1927,4.754
mne,1928,5.036
mne,1929,5.334
mne,1930,5.2
mne,1931,4.93
mne,1932,4.422
mne,1933,4.556
mne,1934,4.694
mne,1935,4.575
mne,1936,4.983
mne,1937,5.134
mne,1938,5.438
mne,1939,5.602
mne,1940,5.614
mne,1941,5.625
mne,1942,5.636
mne,1943,5.806
mne,1944,5.817
mne,1945,5.829
mne,1946,5.84
mne,1947,5.851
mne,1948,6.923
mne,1949,7.75
mne,1950,7.346
mne,1951,7.567
mne,1952,7.148
mne,1953,6.421
mne,1954,6.597
mne,1955,8.647
mne,1956,7.965
mne,1957,9.144
mne,1958,8.902
mne,1959,9.684
mne,1960,10.829
mne,1961,13.174
mne,1962,12.82
mne,1963,14.714
mne,1964,17.37
mne,1965,17.869
mne,1966,18.877
mne,1967,19.412
mne,1968,20.522
mne,1969,22.94
mne,1970,24.268
mne,1971,25.671
mne,1972,27.157
mne,1973,27.171
mne,1974,28.735
mne,1975,29.549
mne,1976,31.246
mne,1977,34.94
mne,1978,36.955
mne,1979,36.975
mne,1980,46.189
mne,1981,44.323
mne,1982,45.011
mne,1983,45.31
mne,1984,47.149
mne,1985,47.507
mne,1986,48.868
mne,1987,47.736
mne,1988,46.123
mne,1989,47.045
mne,1990,42.255
mne,1991,38.397
mne,1992,30.051
mne,1993,19.132
mne,1994,19.836
mne,1995,23.105
mne,1996,30.177
mne,1997,32.506
mne,1998,34.974
mne,1999,31.375
mne,2000,34.021
mne,2001,34.271
mne,2002,36.038
mne,2003,36.885
mne,2004,38.512
mne,2005,40.426
mne,2006,44.236
mne,2007,48.273
mne,2008,52.165
mne,2009,47.83
mne,2010,51.472
mne,2011,51.396
mne,2012,48.904
mne,2013,50.966
mne,2014,49.797
mne,2015,52.507
mne,2016,53.482
mne,2017,58.236
mne,2018,62.017
mne,2019,62.948
mne,2020,53.132
mne,2021,61.975
mne,2022,65.784
mne,2023,72.144
mne,2024,77.437
mne,2025,82.522
mne,2026,87.55
mne,2027,91.173
mne,2028,94.756
mne,2029,97.862
mne,2030,99.088
mne,2031,101.558
mne,2032,104.147
mne,2033,106.736
mne,2034,106.401
mne,2035,109.05
mne,2036,111.79
mne,2037,111.463
mne,2038,114.286
mne,2039,117.144
mne,2040,116.9
mne,2041,119.816
mne,2042,119.436
mne,2043,122.413
mne,2044,125.567
mne,2045,125.182
mne,2046,128.349
mne,2047,131.627
mne,2048,131.226
mne,2049,134.628
mne,2050,134.179
mne,2051,137.628
mne,2052,137.215
mne,2053,140.703
mne,2054,140.288
mne,2055,143.779
mne,2056,147.293
mne,2057,146.859
mne,2058,150.541
mne,2059,150.449
mne,2060,154.243
mne,2061,153.803
mne,2062,157.631
mne,2063,157.092
mne,2064,161.05
mne,2065,160.598
mne,2066,160.398
mne,2067,164.253
mne,2068,163.87
mne,2069,168.014
mne,2070,167.56
mne,2071,171.665
mne,2072,171.204
mne,2073,170.559
mne,2074,174.883
mne,2075,174.265
mne,2076,178.688
mne,2077,178.015
mne,2078,177.546
mne,2079,182.063
mne,2080,181.615
mne,2081,186.243
mne,2082,185.775
mne,2083,185.306
mne,2084,190.117
mne,2085,189.652
mne,2086,189.189
mne,2087,193.401
mne,2088,192.925
mne,2089,192.464
mne,2090,197.151
mne,2091,196.683
mne,2092,196.524
mne,2093,196.068
mne,2094,201.13
mne,2095,200.679
mne,2096,200.484
mne,2097,205.798
mne,2098,205.359
mne,2099,204.92
mne,2100,204.485
mar,1800,1.9
mar,1801,1.9
mar,1802,1.954
mar,1803,1.954
mar,1804,1.954
mar,1805,1.954
mar,1806,1.954
mar,1807,1.954
mar,1808,1.954
mar,1809,1.954
mar,1810,1.954
mar,1811,1.954
mar,1812,1.9
mar,1813,1.9
mar,1814,1.9
mar,1815,1.9
mar,1816,1.901
mar,1817,1.901
mar,1818,1.901
mar,1819,1.901
mar,1820,1.901
mar,1821,1.901
mar,1822,1.9
mar,1823,1.901
mar,1824,1.954
mar,1825,1.954
mar,1826,1.954
mar,1827,1.954
mar,1828,1.954
mar,1829,2.009
mar,1830,2.009
mar,1831,2.009
mar,1832,2.009
mar,1833,2.009
mar,1834,2.065
mar,1835,2.065
mar,1836,2.065
mar,1837,2.065
mar,1838,2.065
mar,1839,2.123
mar,1840,2.123
mar,1841,2.123
mar,1842,2.123
mar,1843,2.123
mar,1844,2.183
mar,1845,2.183
mar,1846,2.183
mar,1847,2.183
mar,1848,2.183
mar,1849,2.244
mar,1850,2.244
mar,1851,2.244
mar,1852,2.244
mar,1853,2.244
mar,1854,2.307
mar,1855,2.307
mar,1856,2.307
mar,1857,2.307
mar,1858,2.307
mar,1859,2.307
mar,1860,2.372
mar,1861,2.372
mar,1862,2.372
mar,1863,2.372
mar,1864,2.372
mar,1865,2.439
mar,1866,2.439
mar,1867,2.439
mar,1868,2.439
mar,1869,2.439
mar,1870,2.507
mar,1871,2.507
mar,1872,2.511
mar,1873,2.516
mar,1874,2.52
mar,1875,2.595
mar,1876,2.599
mar,1877,2.604
mar,1878,2.614
mar,1879,2.618
mar,1880,2.696
mar,1881,2.701
mar,1882,2.705
mar,1883,2.709
mar,1884,2.714
mar,1885,2.795
mar,1886,2.799
mar,1887,2.804
mar,1888,2.808
mar,1889,2.813
mar,1890,2.897
mar,1891,2.901
mar,1892,2.906
mar,1893,2.911
mar,1894,2.915
mar,1895,3.002
mar,1896,3.007
mar,1897,3.012
mar,1898,3.017
mar,1899,3.022
mar,1900,3.027
mar,1901,3.11
mar,1902,3.115
mar,1903,3.12
mar,1904,3.125
mar,1905,3.13
mar,1906,3.223
mar,1907,3.229
mar,1908,3.234
mar,1909,3.239
mar,1910,3.244
mar,1911,3.34
mar,1912,3.346
mar,1913,3.351
mar,1914,3.455
mar,1915,3.46
mar,1916,3.563
mar,1917,3.669
mar,1918,3.778
mar,1919,3.784
mar,1920,3.896
mar,1921,4.011
mar,1922,4.018
mar,1923,4.137
mar,1924,4.26
mar,1925,4.266
mar,1926,4.393
mar,1927,4.523
mar,1928,4.649
mar,1929,4.656
mar,1930,4.802
mar,1931,4.944
mar,1932,4.952
mar,1933,5.098
mar,1934,5.249
mar,1935,5.25
mar,1936,5.406
mar,1937,5.566
mar,1938,5.731
mar,1939,5.739
mar,1940,5.91
mar,1941,5.877
mar,1942,6.008
mar,1943,5.982
mar,1944,6.117
mar,1945,6.083
mar,1946,6.219
mar,1947,6.185
mar,1948,6.324
mar,1949,6.289
mar,1950,6.435
mar,1951,6.398
mar,1952,6.187
mar,1953,6.325
mar,1954,6.117
mar,1955,6.076
mar,1956,5.876
mar,1957,5.527
mar,1958,5.495
mar,1959,5.312
mar,1960,5.138
mar,1961,5.402
mar,1962,5.674
mar,1963,5.798
mar,1964,5.925
mar,1965,5.887
mar,1966,5.689
mar,1967,5.816
mar,1968,5.943
mar,1969,6.242
mar,1970,6.376
mar,1971,6.514
mar,1972,6.472
mar,1973,6.431
mar,1974,6.755
mar,1975,6.9
mar,1976,7.453
mar,1977,7.613
mar,1978,7.562
mar,1979,7.722
mar,1980,8.108
mar,1981,7.921
mar,1982,8.729
mar,1983,8.601
mar,1984,8.884
mar,1985,9.292
mar,1986,9.772
mar,1987,9.286
mar,1988,10.14
mar,1989,10.157
mar,1990,10.574
mar,1991,10.675
mar,1992,10.367
mar,1993,10.151
mar,1994,11.031
mar,1995,10.19
mar,1996,11.363
mar,1997,11.038
mar,1998,11.732
mar,1999,11.629
mar,2000,11.49
mar,2001,12.049
mar,2002,12.298
mar,2003,12.847
mar,2004,13.169
mar,2005,13.367
mar,2006,14.145
mar,2007,14.447
mar,2008,15.025
mar,2009,15.377
mar,2010,15.557
mar,2011,16.384
mar,2012,16.697
mar,2013,17.203
mar,2014,17.506
mar,2015,18.181
mar,2016,18.052
mar,2017,18.586
mar,2018,18.985
mar,2019,19.337
mar,2020,17.844
mar,2021,19.071
mar,2022,19.15
mar,2023,19.862
mar,2024,20.4
mar,2025,21.31
mar,2026,22.91
mar,2027,23.93
mar,2028,24.936
mar,2029,26.535
mar,2030,27.041
mar,2031,27.806
mar,2032,28.621
mar,2033,29.416
mar,2034,30.242
mar,2035,31.091
mar,2036,31.96
mar,2037,31.982
mar,2038,32.889
mar,2039,33.807
mar,2040,34.732
mar,2041,35.695
mar,2042,36.68
mar,2043,37.69
mar,2044,37.687
mar,2045,38.712
mar,2046,39.774
mar,2047,40.8
mar,2048,41.827
mar,2049,42.958
mar,2050,42.891
mar,2051,44.05
mar,2052,45.312
mar,2053,46.53
mar,2054,47.623
mar,2055,48.894
mar,2056,48.839
mar,2057,50.13
mar,2058,51.436
mar,2059,52.583
mar,2060,53.972
mar,2061,53.906
mar,2062,55.377
mar,2063,56.839
mar,2064,58.265
mar,2065,59.626
mar,2066,59.568
mar,2067,61.125
mar,2068,62.756
mar,2069,64.397
mar,2070,64.266
mar,2071,66.028
mar,2072,67.744
mar,2073,69.499
mar,2074,69.295
mar,2075,71.079
mar,2076,72.664
mar,2077,72.527
mar,2078,74.396
mar,2079,76.296
mar,2080,76.127
mar,2081,78.087
mar,2082,79.837
mar,2083,81.898
mar,2084,81.787
mar,2085,83.882
mar,2086,83.56
mar,2087,85.707
mar,2088,87.902
mar,2089,87.687
mar,2090,89.968
mar,2091,92.298
mar,2092,92.067
mar,2093,94.425
mar,2094,94.157
mar,2095,96.184
mar,2096,98.643
mar,2097,98.4
mar,2098,100.993
mar,2099,100.571
mar,2100,103.145
moz,1800,1.03
moz,1801,1.03
moz,1802,1.03
moz,1803,1.03
moz,1804,1.03
moz,1805,1.03
moz,1806,1.03
moz,1807,1.03
moz,1808,1.03
moz,1809,1.03
moz,1810,1.03
moz,1811,1.03
moz,1812,1.03
moz,1813,1.043
moz,1814,1.043
moz,1815,1.043
moz,1816,1.043
moz,1817,1.043
moz,1818,1.043
moz,1819,1.072
moz,1820,1.072
moz,1821,1.072
moz,1822,1.072
moz,1823,1.072
moz,1824,1.072
moz,1825,1.072
moz,1826,1.072
moz,1827,1.072
moz,1828,1.072
moz,1829,1.072
moz,1830,1.072
moz,1831,1.072
moz,1832,1.072
moz,1833,1.072
moz,1834,1.072
moz,1835,1.072
moz,1836,1.072
moz,1837,1.072
moz,1838,1.072
moz,1839,1.072
moz,1840,1.072
moz,1841,1.102
moz,1842,1.102
moz,1843,1.102
moz,1844,1.102
moz,1845,1.102
moz,1846,1.102
moz,1847,1.102
moz,1848,1.102
moz,1849,1.102
moz,1850,1.102
moz,1851,1.102
moz,1852,1.102
moz,1853,1.102
moz,1854,1.102
moz,1855,1.102
moz,1856,1.102
moz,1857,1.102
moz,1858,1.102
moz,1859,1.102
moz,1860,1.102
moz,1861,1.102
moz,1862,1.102
moz,1863,1.133
moz,1864,1.133
moz,1865,1.133
moz,1866,1.133
moz,1867,1.133
moz,1868,1.133
moz,1869,1.133
moz,1870,1.133
moz,1871,1.133
moz,1872,1.131
moz,1873,1.13
moz,1874,1.128
moz,1875,1.126
moz,1876,1.125
moz,1877,1.123
moz,1878,1.121
moz,1879,1.119
moz,1880,1.118
moz,1881,1.116
moz,1882,1.114
moz,1883,1.112
moz,1884,1.111
moz,1885,1.14
moz,1886,1.138
moz,1887,1.136
moz,1888,1.135
moz,1889,1.133
moz,1890,1.131
moz,1891,1.129
moz,1892,1.127
moz,1893,1.126
moz,1894,1.124
moz,1895,1.122
moz,1896,1.12
moz,1897,1.118
moz,1898,1.116
moz,1899,1.114
moz,1900,1.113
moz,1901,1.111
moz,1902,1.109
moz,1903,1.107
moz,1904,1.105
moz,1905,1.103
moz,1906,1.132
moz,1907,1.13
moz,1908,1.128
moz,1909,1.127
moz,1910,1.125
moz,1911,1.123
moz,1912,1.121
moz,1913,1.119
moz,1914,1.117
moz,1915,1.115
moz,1916,1.113
moz,1917,1.111
moz,1918,1.109
moz,1919,1.107
moz,1920,1.105
moz,1921,1.103
moz,1922,1.101
moz,1923,1.099
moz,1924,1.097
moz,1925,1.095
moz,1926,1.093
moz,1927,1.091
moz,1928,1.089
moz,1929,1.087
moz,1930,1.116
moz,1931,1.114
moz,1932,1.112
moz,1933,1.109
moz,1934,1.107
moz,1935,1.105
moz,1936,1.103
moz,1937,1.101
moz,1938,1.099
moz,1939,1.097
moz,1940,1.095
moz,1941,1.087
moz,1942,1.079
moz,1943,1.042
moz,1944,1.034
moz,1945,1.026
moz,1946,1.019
moz,1947,1.011
moz,1948,1.003
moz,1949,0.996
moz,1950,0.989
moz,1951,0.981
moz,1952,0.974
moz,1953,0.967
moz,1954,0.96
moz,1955,0.979
moz,1956,0.972
moz,1957,0.965
moz,1958,0.957
moz,1959,0.977
moz,1960,0.97
moz,1961,0.963
moz,1962,0.983
moz,1963,0.976
moz,1964,0.997
moz,1965,0.99
moz,1966,1.012
moz,1967,1.062
moz,1968,1.085
moz,1969,1.14
moz,1970,1.132
moz,1971,1.125
moz,1972,1.118
moz,1973,1.111
moz,1974,1.103
moz,1975,1.066
moz,1976,1.059
moz,1977,1.024
moz,1978,0.962
moz,1979,0.93
moz,1980,0.924
moz,1981,0.981
moz,1982,0.939
moz,1983,0.846
moz,1984,0.815
moz,1985,0.795
moz,1986,0.795
moz,1987,0.883
moz,1988,0.962
moz,1989,1.034
moz,1990,1.058
moz,1991,1.071
moz,1992,0.988
moz,1993,1.015
moz,1994,0.99
moz,1995,0.941
moz,1996,1.01
moz,1997,1.106
moz,1998,1.22
moz,1999,1.358
moz,2000,1.372
moz,2001,1.554
moz,2002,1.677
moz,2003,1.772
moz,2004,1.887
moz,2005,1.984
moz,2006,2.139
moz,2007,2.302
moz,2008,2.381
moz,2009,2.471
moz,2010,2.471
moz,2011,2.492
moz,2012,2.533
moz,2013,2.5
moz,2014,2.529
moz,2015,2.617
moz,2016,2.708
moz,2017,2.766
moz,2018,2.818
moz,2019,2.904
moz,2020,2.827
moz,2021,2.84
moz,2022,2.914
moz,2023,2.948
moz,2024,2.853
moz,2025,2.861
moz,2026,2.967
moz,2027,3.076
moz,2028,3.228
moz,2029,3.402
moz,2030,3.563
moz,2031,3.666
moz,2032,3.67
moz,2033,3.778
moz,2034,3.888
moz,2035,3.894
moz,2036,4.01
moz,2037,4.13
moz,2038,4.137
moz,2039,4.262
moz,2040,4.391
moz,2041,4.401
moz,2042,4.536
moz,2043,4.678
moz,2044,4.696
moz,2045,4.842
moz,2046,4.86
moz,2047,5.015
moz,2048,5.175
moz,2049,5.19
moz,2050,5.358
moz,2051,5.53
moz,2052,5.547
moz,2053,5.737
moz,2054,5.917
moz,2055,6.104
moz,2056,6.122
moz,2057,6.317
moz,2058,6.514
moz,2059,6.534
moz,2060,6.735
moz,2061,6.942
moz,2062,6.963
moz,2063,7.175
moz,2064,7.397
moz,2065,7.626
moz,2066,7.647
moz,2067,7.894
moz,2068,8.138
moz,2069,8.39
moz,2070,8.427
moz,2071,8.687
moz,2072,8.979
moz,2073,9.236
moz,2074,9.544
moz,2075,9.571
moz,2076,9.866
moz,2077,10.224
moz,2078,10.635
moz,2079,11.085
moz,2080,11.152
moz,2081,11.509
moz,2082,11.855
moz,2083,12.293
moz,2084,12.843
moz,2085,12.891
moz,2086,13.39
moz,2087,13.798
moz,2088,14.354
moz,2089,14.976
moz,2090,15.446
moz,2091,15.597
moz,2092,16.31
moz,2093,16.953
moz,2094,17.49
moz,2095,18.196
moz,2096,18.936
moz,2097,19.071
moz,2098,19.835
moz,2099,20.317
moz,2100,20.961
mmr,1800,2.246
mmr,1801,2.246
mmr,1802,2.246
mmr,1803,2.246
mmr,1804,2.246
mmr,1805,2.246
mmr,1806,2.246
mmr,1807,2.246
mmr,1808,2.246
mmr,1809,2.246
mmr,1810,2.246
mmr,1811,2.246
mmr,1812,2.246
mmr,1813,2.246
mmr,1814,2.246
mmr,1815,2.246
mmr,1816,2.246
mmr,1817,2.246
mmr,1818,2.246
mmr,1819,2.246
mmr,1820,2.246
mmr,1821,2.246
mmr,1822,2.246
mmr,1823,2.246
mmr,1824,2.246
mmr,1825,2.246
mmr,1826,2.246
mmr,1827,2.246
mmr,1828,2.246
mmr,1829,2.246
mmr,1830,2.246
mmr,1831,2.246
mmr,1832,2.246
mmr,1833,2.246
mmr,1834,2.246
mmr,1835,2.246
mmr,1836,2.246
mmr,1837,2.246
mmr,1838,2.246
mmr,1839,2.246
mmr,1840,2.246
mmr,1841,2.246
mmr,1842,2.246
mmr,1843,2.246
mmr,1844,2.246
mmr,1845,2.246
mmr,1846,2.246
mmr,1847,2.246
mmr,1848,2.246
mmr,1849,2.246
mmr,1850,2.246
mmr,1851,2.246
mmr,1852,2.246
mmr,1853,2.246
mmr,1854,2.246
mmr,1855,2.246
mmr,1856,2.246
mmr,1857,2.246
mmr,1858,2.246
mmr,1859,2.246
mmr,1860,2.246
mmr,1861,2.246
mmr,1862,2.246
mmr,1863,2.246
mmr,1864,2.246
mmr,1865,2.246
mmr,1866,2.246
mmr,1867,2.246
mmr,1868,2.246
mmr,1869,2.246
mmr,1870,2.246
mmr,1871,2.246
mmr,1872,2.246
mmr,1873,2.309
mmr,1874,2.309
mmr,1875,2.374
mmr,1876,2.374
mmr,1877,2.374
mmr,1878,2.441
mmr,1879,2.441
mmr,1880,2.44
mmr,1881,2.509
mmr,1882,2.509
mmr,1883,2.579
mmr,1884,2.579
mmr,1885,2.579
mmr,1886,2.652
mmr,1887,2.652
mmr,1888,2.726
mmr,1889,2.726
mmr,1890,2.726
mmr,1891,2.802
mmr,1892,2.802
mmr,1893,2.802
mmr,1894,2.881
mmr,1895,2.881
mmr,1896,2.962
mmr,1897,2.962
mmr,1898,2.962
mmr,1899,3.045
mmr,1900,3.045
mmr,1901,3.044
mmr,1902,2.961
mmr,1903,2.801
mmr,1904,2.725
mmr,1905,2.578
mmr,1906,2.507
mmr,1907,2.507
mmr,1908,2.577
mmr,1909,2.577
mmr,1910,2.65
mmr,1911,2.65
mmr,1912,2.879
mmr,1913,3.044
mmr,1914,3.217
mmr,1915,3.4
mmr,1916,3.594
mmr,1917,3.496
mmr,1918,3.4
mmr,1919,3.307
mmr,1920,3.216
mmr,1921,3.128
mmr,1922,3.216
mmr,1923,3.307
mmr,1924,3.4
mmr,1925,3.495
mmr,1926,3.593
mmr,1927,3.694
mmr,1928,3.694
mmr,1929,3.798
mmr,1930,3.904
mmr,1931,4.014
mmr,1932,3.904
mmr,1933,3.904
mmr,1934,3.797
mmr,1935,3.797
mmr,1936,3.693
mmr,1937,3.494
mmr,1938,3.305
mmr,1939,3.127
mmr,1940,2.958
mmr,1941,2.803
mmr,1942,2.582
mmr,1943,2.446
mmr,1944,2.317
mmr,1945,2.135
mmr,1946,2.023
mmr,1947,1.916
mmr,1948,1.815
mmr,1949,1.673
mmr,1950,1.585
mmr,1951,1.773
mmr,1952,1.775
mmr,1953,1.778
mmr,1954,1.593
mmr,1955,1.782
mmr,1956,1.835
mmr,1957,1.889
mmr,1958,1.789
mmr,1959,2.002
mmr,1960,2.061
mmr,1961,2.007
mmr,1962,2.125
mmr,1963,2.188
mmr,1964,2.131
mmr,1965,2.193
mmr,1966,2.021
mmr,1967,1.968
mmr,1968,2.083
mmr,1969,2.086
mmr,1970,2.148
mmr,1971,2.151
mmr,1972,2.038
mmr,1973,2.04
mmr,1974,2.043
mmr,1975,2.103
mmr,1976,2.165
mmr,1977,2.168
mmr,1978,2.232
mmr,1979,2.298
mmr,1980,2.432
mmr,1981,2.468
mmr,1982,2.517
mmr,1983,2.55
mmr,1984,2.583
mmr,1985,2.541
mmr,1986,2.423
mmr,1987,2.186
mmr,1988,2.033
mmr,1989,2.014
mmr,1990,2.024
mmr,1991,1.931
mmr,1992,2.034
mmr,1993,2.129
mmr,1994,2.198
mmr,1995,2.287
mmr,1996,2.37
mmr,1997,2.444
mmr,1998,2.505
mmr,1999,2.729
mmr,2000,3.008
mmr,2001,3.317
mmr,2002,3.645
mmr,2003,4.07
mmr,2004,4.475
mmr,2005,5.004
mmr,2006,5.688
mmr,2007,6.201
mmr,2008,6.733
mmr,2009,7.363
mmr,2010,7.969
mmr,2011,8.297
mmr,2012,8.878
mmr,2013,9.538
mmr,2014,10.302
mmr,2015,10.868
mmr,2016,11.956
mmr,2017,13.274
mmr,2018,14.008
mmr,2019,14.75
mmr,2020,13.411
mmr,2021,11.594
mmr,2022,12.151
mmr,2023,11.99
mmr,2024,11.659
mmr,2025,11.763
mmr,2026,12.228
mmr,2027,12.749
mmr,2028,13.256
mmr,2029,13.71
mmr,2030,14.696
mmr,2031,14.726
mmr,2032,15.18
mmr,2033,15.634
mmr,2034,16.108
mmr,2035,16.606
mmr,2036,16.636
mmr,2037,17.13
mmr,2038,17.647
mmr,2039,18.169
mmr,2040,18.711
mmr,2041,19.268
mmr,2042,19.838
mmr,2043,19.859
mmr,2044,20.441
mmr,2045,21.048
mmr,2046,21.656
mmr,2047,22.276
mmr,2048,22.927
mmr,2049,23.626
mmr,2050,23.649
mmr,2051,24.36
mmr,2052,25.077
mmr,2053,25.769
mmr,2054,26.501
mmr,2055,27.296
mmr,2056,28.06
mmr,2057,28.061
mmr,2058,28.859
mmr,2059,29.666
mmr,2060,30.485
mmr,2061,31.313
mmr,2062,32.151
mmr,2063,33.04
mmr,2064,34.004
mmr,2065,33.983
mmr,2066,34.911
mmr,2067,35.97
mmr,2068,36.951
mmr,2069,37.954
mmr,2070,38.977
mmr,2071,39.97
mmr,2072,40.95
mmr,2073,40.862
mmr,2074,41.946
mmr,2075,43.056
mmr,2076,43.982
mmr,2077,45.104
mmr,2078,46.33
mmr,2079,47.545
mmr,2080,47.427
mmr,2081,48.583
mmr,2082,49.836
mmr,2083,51.131
mmr,2084,52.438
mmr,2085,53.782
mmr,2086,53.64
mmr,2087,54.963
mmr,2088,56.355
mmr,2089,57.799
mmr,2090,59.051
mmr,2091,58.936
mmr,2092,60.411
mmr,2093,61.601
mmr,2094,63.141
mmr,2095,64.709
mmr,2096,64.496
mmr,2097,65.747
mmr,2098,67.378
mmr,2099,69.146
mmr,2100,68.945
nam,1800,1.596
nam,1801,1.596
nam,1802,1.596
nam,1803,1.596
nam,1804,1.596
nam,1805,1.596
nam,1806,1.596
nam,1807,1.596
nam,1808,1.596
nam,1809,1.596
nam,1810,1.596
nam,1811,1.596
nam,1812,1.596
nam,1813,1.596
nam,1814,1.596
nam,1815,1.596
nam,1816,1.596
nam,1817,1.596
nam,1818,1.596
nam,1819,1.596
nam,1820,1.596
nam,1821,1.641
nam,1822,1.641
nam,1823,1.687
nam,1824,1.687
nam,1825,1.735
nam,1826,1.735
nam,1827,1.783
nam,1828,1.783
nam,1829,1.833
nam,1830,1.833
nam,1831,1.885
nam,1832,1.938
nam,1833,1.938
nam,1834,1.992
nam,1835,1.993
nam,1836,2.048
nam,1837,2.048
nam,1838,2.106
nam,1839,2.106
nam,1840,2.165
nam,1841,2.165
nam,1842,2.226
nam,1843,2.289
nam,1844,2.289
nam,1845,2.353
nam,1846,2.353
nam,1847,2.419
nam,1848,2.419
nam,1849,2.487
nam,1850,2.487
nam,1851,2.557
nam,1852,2.557
nam,1853,2.629
nam,1854,2.629
nam,1855,2.703
nam,1856,2.703
nam,1857,2.779
nam,1858,2.857
nam,1859,2.857
nam,1860,2.937
nam,1861,2.937
nam,1862,3.02
nam,1863,3.02
nam,1864,3.105
nam,1865,3.105
nam,1866,3.192
nam,1867,3.192
nam,1868,3.282
nam,1869,3.282
nam,1870,3.374
nam,1871,3.464
nam,1872,3.545
nam,1873,3.697
nam,1874,3.674
nam,1875,3.694
nam,1876,3.707
nam,1877,3.265
nam,1878,3.171
nam,1879,3.204
nam,1880,3.099
nam,1881,3.411
nam,1882,3.38
nam,1883,3.51
nam,1884,3.765
nam,1885,5.068
nam,1886,5.512
nam,1887,5.3
nam,1888,5.031
nam,1889,4.703
nam,1890,4.507
nam,1891,4.344
nam,1892,4.569
nam,1893,4.552
nam,1894,4.641
nam,1895,4.606
nam,1896,4.648
nam,1897,4.743
nam,1898,4.752
nam,1899,4.685
nam,1900,4.475
nam,1901,4.655
nam,1902,4.703
nam,1903,4.855
nam,1904,5.075
nam,1905,5.325
nam,1906,5.325
nam,1907,5.64
nam,1908,5.84
nam,1909,5.996
nam,1910,6.178
nam,1911,6.261
nam,1912,6.373
nam,1913,6.269
nam,1914,6.45
nam,1915,7.013
nam,1916,7.148
nam,1917,7.048
nam,1918,7.022
nam,1919,6.939
nam,1920,6.966
nam,1921,5.343
nam,1922,4.775
nam,1923,4.881
nam,1924,4.854
nam,1925,4.949
nam,1926,4.91
nam,1927,5.007
nam,1928,4.933
nam,1929,5.031
nam,1930,5.131
nam,1931,5.135
nam,1932,5.336
nam,1933,5.513
nam,1934,5.701
nam,1935,5.784
nam,1936,5.934
nam,1937,6.624
nam,1938,6.938
nam,1939,7.162
nam,1940,7.033
nam,1941,7.173
nam,1942,7.373
nam,1943,6.978
nam,1944,6.934
nam,1945,6.958
nam,1946,6.993
nam,1947,6.875
nam,1948,6.974
nam,1949,7.176
nam,1950,7.091
nam,1951,7.2
nam,1952,6.632
nam,1953,6.362
nam,1954,6.243
nam,1955,6.441
nam,1956,6.638
nam,1957,6.52
nam,1958,6.259
nam,1959,6.298
nam,1960,6.597
nam,1961,6.507
nam,1962,7.249
nam,1963,7.644
nam,1964,8.455
nam,1965,8.634
nam,1966,8.575
nam,1967,8.319
nam,1968,8.044
nam,1969,8.207
nam,1970,8.159
nam,1971,8.342
nam,1972,8.346
nam,1973,8.315
nam,1974,8.489
nam,1975,8.345
nam,1976,8.071
nam,1977,7.799
nam,1978,8.018
nam,1979,7.972
nam,1980,8.155
nam,1981,7.984
nam,1982,7.806
nam,1983,7.432
nam,1984,7.215
nam,1985,7.123
nam,1986,7.205
nam,1987,7.196
nam,1988,7.079
nam,1989,6.9
nam,1990,6.772
nam,1991,7.092
nam,1992,7.435
nam,1993,7.077
nam,1994,7.088
nam,1995,7.169
nam,1996,7.209
nam,1997,7.325
nam,1998,7.375
nam,1999,9.59
nam,2000,9.782
nam,2001,9.64
nam,2002,9.861
nam,2003,10.06
nam,2004,11.231
nam,2005,11.36
nam,2006,12.326
nam,2007,13.092
nam,2008,13.425
nam,2009,13.293
nam,2010,14.259
nam,2011,15.026
nam,2012,15.809
nam,2013,16.6
nam,2014,17.108
nam,2015,17.614
nam,2016,17.264
nam,2017,16.612
nam,2018,16.459
nam,2019,15.253
nam,2020,13.681
nam,2021,13.795
nam,2022,13.436
nam,2023,14.225
nam,2024,15.21
nam,2025,15.726
nam,2026,16.922
nam,2027,17.727
nam,2028,18.563
nam,2029,19.331
nam,2030,19.845
nam,2031,20.458
nam,2032,21.09
nam,2033,21.746
nam,2034,22.42
nam,2035,23.058
nam,2036,23.123
nam,2037,23.786
nam,2038,24.476
nam,2039,25.213
nam,2040,25.974
nam,2041,26.761
nam,2042,27.556
nam,2043,27.625
nam,2044,28.444
nam,2045,29.293
nam,2046,30.148
nam,2047,31.044
nam,2048,31.983
nam,2049,32.926
nam,2050,32.934
nam,2051,33.939
nam,2052,34.958
nam,2053,35.945
nam,2054,36.974
nam,2055,36.925
nam,2056,37.955
nam,2057,38.987
nam,2058,40.044
nam,2059,41.15
nam,2060,41.051
nam,2061,42.088
nam,2062,43.234
nam,2063,44.408
nam,2064,45.65
nam,2065,45.641
nam,2066,46.928
nam,2067,48.204
nam,2068,49.529
nam,2069,49.557
nam,2070,50.912
nam,2071,52.262
nam,2072,53.733
nam,2073,53.624
nam,2074,55.102
nam,2075,56.704
nam,2076,56.611
nam,2077,58.085
nam,2078,59.702
nam,2079,59.651
nam,2080,61.356
nam,2081,62.963
nam,2082,62.93
nam,2083,64.625
nam,2084,66.491
nam,2085,66.452
nam,2086,68.176
nam,2087,70.05
nam,2088,70.004
nam,2089,71.927
nam,2090,71.882
nam,2091,73.919
nam,2092,75.764
nam,2093,75.714
nam,2094,77.86
nam,2095,77.705
nam,2096,79.836
nam,2097,79.785
nam,2098,81.973
nam,2099,81.714
nam,2100,83.953
nru,1981,72.608
nru,1982,70.891
nru,1983,68.682
nru,1984,66.327
nru,1985,63.95
nru,1986,61.963
nru,1987,60.127
nru,1988,59.319
nru,1989,57.325
nru,1990,50.72
nru,1991,45.556
nru,1992,39.807
nru,1993,37.053
nru,1994,34.935
nru,1995,32.633
nru,1996,31.331
nru,1997,29.936
nru,1998,26.768
nru,1999,25.387
nru,2000,24.422
nru,2001,23.459
nru,2002,22.745
nru,2003,23.161
nru,2004,22.776
nru,2005,24.405
nru,2006,25.731
nru,2007,16.656
nru,2008,18.229
nru,2009,17.507
nru,2010,18.023
nru,2011,20.217
nru,2012,23.945
nru,2013,24.263
nru,2014,28.584
nru,2015,28.89
nru,2016,30.676
nru,2017,27.167
nru,2018,25.344
nru,2019,27.967
nru,2020,28.97
nru,2021,31.251
nru,2022,32.153
nru,2023,33.195
nru,2024,33.295
nru,2025,34.071
npl,1800,2.185
npl,1801,2.185
npl,1802,2.185
npl,1803,2.185
npl,1804,2.185
npl,1805,2.185
npl,1806,2.185
npl,1807,2.185
npl,1808,2.185
npl,1809,2.185
npl,1810,2.185
npl,1811,2.185
npl,1812,2.185
npl,1813,2.185
npl,1814,2.185
npl,1815,2.185
npl,1816,2.185
npl,1817,2.185
npl,1818,2.185
npl,1819,2.185
npl,1820,2.185
npl,1821,2.185
npl,1822,2.185
npl,1823,2.185
npl,1824,2.185
npl,1825,2.185
npl,1826,2.185
npl,1827,2.185
npl,1828,2.185
npl,1829,2.185
npl,1830,2.185
npl,1831,2.185
npl,1832,2.185
npl,1833,2.185
npl,1834,2.185
npl,1835,2.185
npl,1836,2.185
npl,1837,2.185
npl,1838,2.185
npl,1839,2.185
npl,1840,2.185
npl,1841,2.185
npl,1842,2.185
npl,1843,2.185
npl,1844,2.185
npl,1845,2.185
npl,1846,2.185
npl,1847,2.185
npl,1848,2.185
npl,1849,2.185
npl,1850,2.185
npl,1851,2.185
npl,1852,2.185
npl,1853,2.185
npl,1854,2.185
npl,1855,2.185
npl,1856,2.185
npl,1857,2.185
npl,1858,2.185
npl,1859,2.185
npl,1860,2.185
npl,1861,2.185
npl,1862,2.185
npl,1863,2.185
npl,1864,2.185
npl,1865,2.185
npl,1866,2.185
npl,1867,2.185
npl,1868,2.185
npl,1869,2.185
npl,1870,2.185
npl,1871,2.185
npl,1872,2.185
npl,1873,2.185
npl,1874,2.247
npl,1875,2.247
npl,1876,2.247
npl,1877,2.31
npl,1878,2.31
npl,1879,2.31
npl,1880,2.317
npl,1881,2.382
npl,1882,2.382
npl,1883,2.382
npl,1884,2.382
npl,1885,2.449
npl,1886,2.449
npl,1887,2.449
npl,1888,2.449
npl,1889,2.518
npl,1890,2.514
npl,1891,2.514
npl,1892,2.514
npl,1893,2.585
npl,1894,2.585
npl,1895,2.585
npl,1896,2.585
npl,1897,2.658
npl,1898,2.658
npl,1899,2.658
npl,1900,2.658
npl,1901,2.733
npl,1902,2.733
npl,1903,2.733
npl,1904,2.733
npl,1905,2.81
npl,1906,2.81
npl,1907,2.81
npl,1908,2.81
npl,1909,2.894
npl,1910,2.894
npl,1911,2.894
npl,1912,2.894
npl,1913,2.976
npl,1914,2.976
npl,1915,2.976
npl,1916,2.976
npl,1917,2.894
npl,1918,2.894
npl,1919,2.894
npl,1920,2.894
npl,1921,2.894
npl,1922,2.894
npl,1923,2.894
npl,1924,2.894
npl,1925,2.894
npl,1926,2.894
npl,1927,2.894
npl,1928,2.894
npl,1929,2.812
npl,1930,2.812
npl,1931,2.812
npl,1932,2.812
npl,1933,2.812
npl,1934,2.812
npl,1935,2.813
npl,1936,2.813
npl,1937,2.813
npl,1938,2.813
npl,1939,2.813
npl,1940,2.813
npl,1941,2.796
npl,1942,2.704
npl,1943,2.688
npl,1944,2.672
npl,1945,2.657
npl,1946,2.641
npl,1947,2.626
npl,1948,2.61
npl,1949,2.595
npl,1950,2.58
npl,1951,2.637
npl,1952,2.622
npl,1953,2.756
npl,1954,2.817
npl,1955,2.8
npl,1956,2.862
npl,1957,2.845
npl,1958,2.908
npl,1959,2.973
npl,1960,2.956
npl,1961,3.021
npl,1962,3.003
npl,1963,2.985
npl,1964,3.051
npl,1965,3.033
npl,1966,3.187
npl,1967,2.997
npl,1968,2.98
npl,1969,3.046
npl,1970,3.028
npl,1971,2.927
npl,1972,2.91
npl,1973,2.893
npl,1974,2.957
npl,1975,2.939
npl,1976,3.004
npl,1977,2.986
npl,1978,3.052
npl,1979,3.034
npl,1980,2.854
npl,1981,3.118
npl,1982,3.262
npl,1983,3.156
npl,1984,3.453
npl,1985,3.656
npl,1986,3.763
npl,1987,3.803
npl,1988,4.092
npl,1989,4.285
npl,1990,4.17
npl,1991,4.319
npl,1992,4.367
npl,1993,4.405
npl,1994,4.638
npl,1995,4.728
npl,1996,4.814
npl,1997,4.845
npl,1998,4.843
npl,1999,4.858
npl,2000,5.011
npl,2001,5.022
npl,2002,4.803
npl,2003,4.81
npl,2004,5.112
npl,2005,5.427
npl,2006,5.702
npl,2007,5.979
npl,2008,6.505
npl,2009,6.89
npl,2010,7.487
npl,2011,7.756
npl,2012,7.981
npl,2013,8.207
npl,2014,8.667
npl,2015,9.06
npl,2016,9.075
npl,2017,9.953
npl,2018,10.673
npl,2019,11.321
npl,2020,10.783
npl,2021,11.319
npl,2022,11.826
npl,2023,12.276
npl,2024,12.704
npl,2025,13.558
npl,2026,14.592
npl,2027,15.27
npl,2028,15.916
npl,2029,16.958
npl,2030,17.567
npl,2031,18.087
npl,2032,18.618
npl,2033,19.166
npl,2034,19.189
npl,2035,19.751
npl,2036,20.328
npl,2037,20.913
npl,2038,21.521
npl,2039,22.145
npl,2040,22.785
npl,2041,22.801
npl,2042,23.451
npl,2043,24.123
npl,2044,24.813
npl,2045,25.452
npl,2046,26.155
npl,2047,26.857
npl,2048,26.841
npl,2049,27.593
npl,2050,28.351
npl,2051,29.146
npl,2052,29.939
npl,2053,30.774
npl,2054,31.609
npl,2055,32.457
npl,2056,32.433
npl,2057,33.324
npl,2058,34.241
npl,2059,35.176
npl,2060,36.118
npl,2061,37.088
npl,2062,38.072
npl,2063,39.077
npl,2064,38.986
npl,2065,39.981
npl,2066,40.978
npl,2067,42.02
npl,2068,43.109
npl,2069,44.083
npl,2070,45.159
npl,2071,45.015
npl,2072,46.177
npl,2073,47.361
npl,2074,48.586
npl,2075,49.773
npl,2076,51.086
npl,2077,52.371
npl,2078,52.221
npl,2079,53.466
npl,2080,54.717
npl,2081,56.08
npl,2082,57.53
npl,2083,58.95
npl,2084,58.716
npl,2085,60.19
npl,2086,61.709
npl,2087,63.169
npl,2088,64.718
npl,2089,64.496
npl,2090,66.108
npl,2091,67.685
npl,2092,69.329
npl,2093,71.009
npl,2094,70.738
npl,2095,72.459
npl,2096,74.088
npl,2097,75.883
npl,2098,75.509
npl,2099,77.317
npl,2100,79.165
nld,1800,14.509
nld,1801,14.113
nld,1802,14.913
nld,1803,14.917
nld,1804,15.369
nld,1805,14.509
nld,1806,14.509
nld,1807,13.32
nld,1808,9.019
nld,1809,9.273
nld,1810,9.522
nld,1811,9.522
nld,1812,9.809
nld,1813,10.094
nld,1814,10.378
nld,1815,10.365
nld,1816,10.094
nld,1817,10.094
nld,1818,10.094
nld,1819,9.799
nld,1820,10.365
nld,1821,10.094
nld,1822,10.391
nld,1823,10.975
nld,1824,10.656
nld,1825,10.365
nld,1826,10.656
nld,1827,11.278
nld,1828,11.521
nld,1829,11.521
nld,1830,10.656
nld,1831,11.294
nld,1832,11.868
nld,1833,11.523
nld,1834,11.511
nld,1835,11.511
nld,1836,11.873
nld,1837,12.223
nld,1838,12.554
nld,1839,12.554
nld,1840,12.554
nld,1841,12.617
nld,1842,12.211
nld,1843,12.223
nld,1844,12.223
nld,1845,12.223
nld,1846,12.223
nld,1847,12.223
nld,1848,12.554
nld,1849,12.954
nld,1850,12.921
nld,1851,13.284
nld,1852,13.284
nld,1853,12.954
nld,1854,13.695
nld,1855,13.284
nld,1856,13.725
nld,1857,13.695
nld,1858,13.284
nld,1859,12.613
nld,1860,13.284
nld,1861,12.917
nld,1862,13.32
nld,1863,13.725
nld,1864,14.113
nld,1865,14.51
nld,1866,14.918
nld,1867,14.51
nld,1868,14.51
nld,1869,14.914
nld,1870,15.37
nld,1871,15.333
nld,1872,15.384
nld,1873,15.83
nld,1874,14.955
nld,1875,15.895
nld,1876,16.357
nld,1877,16.371
nld,1878,16.384
nld,1879,15.478
nld,1880,16.411
nld,1881,16.338
nld,1882,16.815
nld,1883,17.919
nld,1884,17.933
nld,1885,18.45
nld,1886,18.464
nld,1887,18.54
nld,1888,18.552
nld,1889,19.086
nld,1890,18.01
nld,1891,18.023
nld,1892,18.035
nld,1893,18.047
nld,1894,18.623
nld,1895,18.635
nld,1896,19.17
nld,1897,19.114
nld,1898,19.664
nld,1899,19.677
nld,1900,19.216
nld,1901,19.754
nld,1902,20.328
nld,1903,19.783
nld,1904,19.795
nld,1905,20.424
nld,1906,20.932
nld,1907,20.386
nld,1908,20.398
nld,1909,21.046
nld,1910,21.658
nld,1911,22.271
nld,1912,22.922
nld,1913,23.671
nld,1914,22.295
nld,1915,22.982
nld,1916,22.997
nld,1917,21.084
nld,1918,19.416
nld,1919,23.757
nld,1920,24.483
nld,1921,25.824
nld,1922,26.502
nld,1923,27.258
nld,1924,28.794
nld,1925,29.611
nld,1926,31.312
nld,1927,32.15
nld,1928,33.069
nld,1929,33.084
nld,1930,32.194
nld,1931,30.519
nld,1932,29.697
nld,1933,28.9
nld,1934,28.121
nld,1935,28.923
nld,1936,30.58
nld,1937,31.411
nld,1938,30.604
nld,1939,32.322
nld,1940,28.185
nld,1941,26.546
nld,1942,23.672
nld,1943,22.883
nld,1944,14.94
nld,1945,15.285
nld,1946,25.191
nld,1947,28.743
nld,1948,31.051
nld,1949,32.655
nld,1950,33.389
nld,1951,33.22
nld,1952,33.982
nld,1953,35.615
nld,1954,37.365
nld,1955,39.297
nld,1956,40.205
nld,1957,41.144
nld,1958,39.829
nld,1959,41.909
nld,1960,44.076
nld,1961,43.869
nld,1962,46.136
nld,1963,47.193
nld,1964,49.633
nld,1965,52.183
nld,1966,51.91
nld,1967,54.575
nld,1968,57.365
nld,1969,60.275
nld,1970,61.657
nld,1971,63.077
nld,1972,64.53
nld,1973,67.88
nld,1974,69.442
nld,1975,69.105
nld,1976,70.688
nld,1977,72.316
nld,1978,71.96
nld,1979,73.621
nld,1980,75.383
nld,1981,75.842
nld,1982,77.452
nld,1983,80.63
nld,1984,83.928
nld,1985,87.758
nld,1986,91.453
nld,1987,94.528
nld,1988,98.164
nld,1989,102.939
nld,1990,108.956
nld,1991,112.484
nld,1992,114.927
nld,1993,117.4
nld,1994,120.755
nld,1995,123.19
nld,1996,127.124
nld,1997,131.876
nld,1998,138.732
nld,1999,146.534
nld,2000,150.534
nld,2001,154.152
nld,2002,154.349
nld,2003,154.084
nld,2004,156.625
nld,2005,158.368
nld,2006,162.834
nld,2007,168.999
nld,2008,173.71
nld,2009,171.186
nld,2010,172.294
nld,2011,173.132
nld,2012,170.826
nld,2013,170.872
nld,2014,170.658
nld,2015,174.161
nld,2016,179.389
nld,2017,180.636
nld,2018,186.293
nld,2019,186.88
nld,2020,187.978
nld,2021,196.836
nld,2022,204.323
nld,2023,203.123
nld,2024,202.434
nld,2025,209.107
nld,2026,214.348
nld,2027,222.515
nld,2028,224.542
nld,2029,231.821
nld,2030,233.798
nld,2031,238.075
nld,2032,235.836
nld,2033,233.656
nld,2034,238.013
nld,2035,235.881
nld,2036,233.803
nld,2037,231.775
nld,2038,236.26
nld,2039,234.278
nld,2040,232.325
nld,2041,230.439
nld,2042,235.027
nld,2043,233.181
nld,2044,231.379
nld,2045,229.623
nld,2046,234.266
nld,2047,232.544
nld,2048,230.757
nld,2049,229.152
nld,2050,233.944
nld,2051,232.426
nld,2052,230.849
nld,2053,229.307
nld,2054,227.802
nld,2055,232.694
nld,2056,231.217
nld,2057,229.774
nld,2058,228.239
nld,2059,226.857
nld,2060,231.845
nld,2061,230.486
nld,2062,229.157
nld,2063,227.858
nld,2064,226.586
nld,2065,225.343
nld,2066,230.427
nld,2067,229.202
nld,2068,227.939
nld,2069,226.766
nld,2070,225.664
nld,2071,224.539
nld,2072,223.437
nld,2073,228.608
nld,2074,227.521
nld,2075,226.272
nld,2076,225.227
nld,2077,224.2
nld,2078,223.195
nld,2079,222.209
nld,2080,221.309
nld,2081,226.552
nld,2082,225.398
nld,2083,224.453
nld,2084,223.525
nld,2085,222.616
nld,2086,221.724
nld,2087,220.426
nld,2088,219.559
nld,2089,218.706
nld,2090,223.994
nld,2091,223.149
nld,2092,222.317
nld,2093,221.5
nld,2094,220.696
nld,2095,219.905
nld,2096,219.128
nld,2097,218.364
nld,2098,217.612
nld,2099,216.87
nld,2100,216.14
nzl,1800,2.525
nzl,1801,2.525
nzl,1802,2.525
nzl,1803,2.525
nzl,1804,2.525
nzl,1805,2.525
nzl,1806,2.525
nzl,1807,2.525
nzl,1808,2.525
nzl,1809,2.525
nzl,1810,2.525
nzl,1811,2.525
nzl,1812,2.525
nzl,1813,2.525
nzl,1814,2.525
nzl,1815,2.525
nzl,1816,2.525
nzl,1817,2.525
nzl,1818,2.525
nzl,1819,2.524
nzl,1820,2.525
nzl,1821,2.596
nzl,1822,2.669
nzl,1823,2.744
nzl,1824,2.821
nzl,1825,2.821
nzl,1826,2.9
nzl,1827,2.981
nzl,1828,3.065
nzl,1829,3.151
nzl,1830,3.24
nzl,1831,3.331
nzl,1832,3.425
nzl,1833,3.521
nzl,1834,3.62
nzl,1835,3.722
nzl,1836,3.827
nzl,1837,3.934
nzl,1838,4.044
nzl,1839,4.158
nzl,1840,4.275
nzl,1841,4.395
nzl,1842,4.518
nzl,1843,4.646
nzl,1844,4.777
nzl,1845,4.911
nzl,1846,4.911
nzl,1847,5.049
nzl,1848,5.191
nzl,1849,5.337
nzl,1850,5.487
nzl,1851,5.963
nzl,1852,6.303
nzl,1853,6.663
nzl,1854,7.24
nzl,1855,7.653
nzl,1856,8.318
nzl,1857,8.791
nzl,1858,9.33
nzl,1859,10.522
nzl,1860,11.022
nzl,1861,11.192
nzl,1862,11.692
nzl,1863,11.938
nzl,1864,12.199
nzl,1865,12.754
nzl,1866,13.318
nzl,1867,14.14
nzl,1868,14.554
nzl,1869,15.042
nzl,1870,15.712
nzl,1871,16.074
nzl,1872,18.137
nzl,1873,19.824
nzl,1874,19.904
nzl,1875,19.22
nzl,1876,18.672
nzl,1877,20.506
nzl,1878,22.558
nzl,1879,17.989
nzl,1880,19.119
nzl,1881,19.095
nzl,1882,18.534
nzl,1883,17.906
nzl,1884,19.009
nzl,1885,18.463
nzl,1886,18.441
nzl,1887,18.419
nzl,1888,17.804
nzl,1889,18.895
nzl,1890,18.887
nzl,1891,18.849
nzl,1892,19.372
nzl,1893,18.819
nzl,1894,17.773
nzl,1895,18.247
nzl,1896,20.002
nzl,1897,19.899
nzl,1898,19.95
nzl,1899,20.556
nzl,1900,21.856
nzl,1901,21.228
nzl,1902,22.478
nzl,1903,23.59
nzl,1904,23.114
nzl,1905,24.148
nzl,1906,26.218
nzl,1907,26.872
nzl,1908,24.051
nzl,1909,24.019
nzl,1910,26.765
nzl,1911,27.441
nzl,1912,26.007
nzl,1913,25.903
nzl,1914,25.937
nzl,1915,25.902
nzl,1916,25.096
nzl,1917,25.064
nzl,1918,24.397
nzl,1919,25.727
nzl,1920,28.055
nzl,1921,24.934
nzl,1922,23.603
nzl,1923,25.569
nzl,1924,24.838
nzl,1925,26.244
nzl,1926,24.138
nzl,1927,22.833
nzl,1928,24.71
nzl,1929,25.34
nzl,1930,23.974
nzl,1931,21.591
nzl,1932,20.931
nzl,1933,22.132
nzl,1934,23.231
nzl,1935,23.82
nzl,1936,28.271
nzl,1937,29.754
nzl,1938,31.37
nzl,1939,31.329
nzl,1940,30.515
nzl,1941,29.391
nzl,1942,31.626
nzl,1943,32.252
nzl,1944,31.991
nzl,1945,31.732
nzl,1946,33.322
nzl,1947,36.007
nzl,1948,31.012
nzl,1949,33.427
nzl,1950,38.208
nzl,1951,33.879
nzl,1952,34.544
nzl,1953,34.259
nzl,1954,38.012
nzl,1955,37.695
nzl,1956,38.441
nzl,1957,38.12
nzl,1958,38.864
nzl,1959,39.634
nzl,1960,40.407
nzl,1961,41.229
nzl,1962,40.914
nzl,1963,41.743
nzl,1964,43.786
nzl,1965,44.673
nzl,1966,46.88
nzl,1967,43.993
nzl,1968,42.463
nzl,1969,45.81
nzl,1970,45.458
nzl,1971,46.378
nzl,1972,47.316
nzl,1973,48.274
nzl,1974,50.641
nzl,1975,48.877
nzl,1976,48.501
nzl,1977,45.529
nzl,1978,46.449
nzl,1979,46.094
nzl,1980,47.025
nzl,1981,49.89
nzl,1982,52.783
nzl,1983,54.489
nzl,1984,55.57
nzl,1985,59.656
nzl,1986,60.2
nzl,1987,63.184
nzl,1988,65.119
nzl,1989,67.967
nzl,1990,71.862
nzl,1991,69.819
nzl,1992,70.966
nzl,1993,74.278
nzl,1994,77.573
nzl,1995,80.286
nzl,1996,80.679
nzl,1997,82.303
nzl,1998,85.959
nzl,1999,88.68
nzl,2000,90.001
nzl,2001,94.118
nzl,2002,96.383
nzl,2003,99.965
nzl,2004,101.574
nzl,2005,105.411
nzl,2006,106.928
nzl,2007,108.193
nzl,2008,108.118
nzl,2009,107.482
nzl,2010,108.213
nzl,2011,110.721
nzl,2012,114.1
nzl,2013,116.525
nzl,2014,114.145
nzl,2015,120.502
nzl,2016,126.606
nzl,2017,125.147
nzl,2018,128.015
nzl,2019,124.797
nzl,2020,127.931
nzl,2021,127.623
nzl,2022,127.424
nzl,2023,131.278
nzl,2024,130.35
nzl,2025,133.903
nzl,2026,138.583
nzl,2027,144.454
nzl,2028,145.952
nzl,2029,150.814
nzl,2030,154.779
nzl,2031,153.958
nzl,2032,157.446
nzl,2033,156.624
nzl,2034,155.816
nzl,2035,159.381
nzl,2036,158.573
nzl,2037,162.32
nzl,2038,161.5
nzl,2039,165.206
nzl,2040,164.406
nzl,2041,163.62
nzl,2042,167.424
nzl,2043,166.642
nzl,2044,170.535
nzl,2045,169.754
nzl,2046,168.939
nzl,2047,172.913
nzl,2048,172.15
nzl,2049,171.399
nzl,2050,175.434
nzl,2051,174.689
nzl,2052,173.955
nzl,2053,178.1
nzl,2054,177.372
nzl,2055,176.657
nzl,2056,180.902
nzl,2057,180.192
nzl,2058,179.516
nzl,2059,183.757
nzl,2060,183.064
nzl,2061,182.383
nzl,2062,186.822
nzl,2063,186.297
nzl,2064,185.637
nzl,2065,184.99
nzl,2066,189.821
nzl,2067,189.356
nzl,2068,188.735
nzl,2069,188.127
nzl,2070,192.631
nzl,2071,192.2
nzl,2072,191.609
nzl,2073,191.038
nzl,2074,195.825
nzl,2075,195.251
nzl,2076,194.633
nzl,2077,194.198
nzl,2078,193.77
nzl,2079,198.676
nzl,2080,198.144
nzl,2081,197.623
nzl,2082,197.112
nzl,2083,196.61
nzl,2084,201.556
nzl,2085,201.06
nzl,2086,200.746
nzl,2087,200.272
nzl,2088,199.807
nzl,2089,199.351
nzl,2090,204.496
nzl,2091,204.046
nzl,2092,203.605
nzl,2093,203.121
nzl,2094,202.698
nzl,2095,202.051
nzl,2096,201.641
nzl,2097,206.897
nzl,2098,206.492
nzl,2099,206.095
nzl,2100,205.543
nic,1800,3.317
nic,1801,3.317
nic,1802,3.317
nic,1803,3.317
nic,1804,3.317
nic,1805,3.317
nic,1806,3.317
nic,1807,3.317
nic,1808,3.317
nic,1809,3.317
nic,1810,3.317
nic,1811,3.317
nic,1812,3.317
nic,1813,3.317
nic,1814,3.317
nic,1815,3.317
nic,1816,3.317
nic,1817,3.317
nic,1818,3.317
nic,1819,3.317
nic,1820,3.317
nic,1821,3.317
nic,1822,3.317
nic,1823,3.317
nic,1824,3.411
nic,1825,3.411
nic,1826,3.411
nic,1827,3.415
nic,1828,3.52
nic,1829,3.52
nic,1830,3.519
nic,1831,3.519
nic,1832,3.618
nic,1833,3.618
nic,1834,3.618
nic,1835,3.636
nic,1836,3.738
nic,1837,3.738
nic,1838,3.75
nic,1839,3.75
nic,1840,3.847
nic,1841,3.859
nic,1842,3.86
nic,1843,3.86
nic,1844,3.968
nic,1845,3.968
nic,1846,3.984
nic,1847,3.984
nic,1848,4.096
nic,1849,4.096
nic,1850,4.096
nic,1851,4.08
nic,1852,4.196
nic,1853,4.196
nic,1854,4.196
nic,1855,4.195
nic,1856,4.313
nic,1857,4.313
nic,1858,4.313
nic,1859,4.313
nic,1860,4.434
nic,1861,4.45
nic,1862,4.449
nic,1863,4.449
nic,1864,4.574
nic,1865,4.574
nic,1866,4.574
nic,1867,4.574
nic,1868,4.703
nic,1869,4.702
nic,1870,4.702
nic,1871,4.707
nic,1872,4.698
nic,1873,4.819
nic,1874,4.81
nic,1875,4.801
nic,1876,4.927
nic,1877,4.918
nic,1878,4.908
nic,1879,4.899
nic,1880,4.889
nic,1881,5.017
nic,1882,5.007
nic,1883,4.998
nic,1884,4.988
nic,1885,5.118
nic,1886,5.108
nic,1887,5.097
nic,1888,5.087
nic,1889,5.22
nic,1890,5.209
nic,1891,5.198
nic,1892,5.187
nic,1893,5.322
nic,1894,5.311
nic,1895,5.3
nic,1896,5.288
nic,1897,5.425
nic,1898,5.414
nic,1899,5.402
nic,1900,5.39
nic,1901,5.529
nic,1902,5.517
nic,1903,5.505
nic,1904,5.493
nic,1905,5.634
nic,1906,5.622
nic,1907,5.609
nic,1908,5.596
nic,1909,5.74
nic,1910,5.727
nic,1911,5.713
nic,1912,5.86
nic,1913,5.843
nic,1914,5.829
nic,1915,5.983
nic,1916,5.974
nic,1917,5.964
nic,1918,6.116
nic,1919,6.101
nic,1920,6.257
nic,1921,6.409
nic,1922,5.881
nic,1923,6.211
nic,1924,6.55
nic,1925,7.063
nic,1926,6.161
nic,1927,6.148
nic,1928,7.597
nic,1929,8.47
nic,1930,6.773
nic,1931,6.244
nic,1932,5.568
nic,1933,6.917
nic,1934,6.192
nic,1935,6.175
nic,1936,4.795
nic,1937,5.054
nic,1938,5.04
nic,1939,6.106
nic,1940,6.442
nic,1941,6.961
nic,1942,6.569
nic,1943,6.927
nic,1944,6.728
nic,1945,6.714
nic,1946,7.077
nic,1947,6.874
nic,1948,7.234
nic,1949,6.84
nic,1950,7.615
nic,1951,7.809
nic,1952,8.937
nic,1953,8.918
nic,1954,9.681
nic,1955,9.931
nic,1956,9.639
nic,1957,10.171
nic,1958,9.865
nic,1959,9.573
nic,1960,9.551
nic,1961,9.801
nic,1962,10.639
nic,1963,11.238
nic,1964,12.556
nic,1965,13.26
nic,1966,13.25
nic,1967,13.988
nic,1968,13.597
nic,1969,13.968
nic,1970,13.957
nic,1971,13.944
nic,1972,14.325
nic,1973,14.314
nic,1974,15.979
nic,1975,15.531
nic,1976,15.953
nic,1977,16.389
nic,1978,15.071
nic,1979,10.797
nic,1980,10.789
nic,1981,10.931
nic,1982,10.452
nic,1983,10.522
nic,1984,10.225
nic,1985,9.809
nic,1986,9.522
nic,1987,9.235
nic,1988,7.788
nic,1989,7.552
nic,1990,7.461
nic,1991,7.26
nic,1992,7.11
nic,1993,7.159
nic,1994,7.23
nic,1995,7.686
nic,1996,8.194
nic,1997,8.553
nic,1998,8.969
nic,1999,9.388
nic,2000,9.955
nic,2001,10.376
nic,2002,10.341
nic,2003,10.836
nic,2004,11.3
nic,2005,11.605
nic,2006,11.843
nic,2007,12.305
nic,2008,12.605
nic,2009,11.889
nic,2010,12.245
nic,2011,12.588
nic,2012,13.113
nic,2013,13.473
nic,2014,14.352
nic,2015,14.344
nic,2016,14.8
nic,2017,15.351
nic,2018,14.788
nic,2019,14.001
nic,2020,13.766
nic,2021,14.855
nic,2022,15.444
nic,2023,15.918
nic,2024,16.142
nic,2025,16.679
nic,2026,17.831
nic,2027,18.588
nic,2028,19.306
nic,2029,19.936
nic,2030,20.445
nic,2031,21.024
nic,2032,21.613
nic,2033,22.224
nic,2034,22.864
nic,2035,23.513
nic,2036,24.177
nic,2037,24.184
nic,2038,24.878
nic,2039,25.576
nic,2040,26.302
nic,2041,27.03
nic,2042,27.789
nic,2043,28.582
nic,2044,29.38
nic,2045,29.36
nic,2046,30.19
nic,2047,31.031
nic,2048,31.859
nic,2049,32.715
nic,2050,33.601
nic,2051,34.493
nic,2052,34.412
nic,2053,35.308
nic,2054,36.236
nic,2055,37.067
nic,2056,38.036
nic,2057,39.012
nic,2058,40.045
nic,2059,39.971
nic,2060,41.012
nic,2061,42.09
nic,2062,43.234
nic,2063,44.331
nic,2064,45.446
nic,2065,46.632
nic,2066,46.458
nic,2067,47.681
nic,2068,48.907
nic,2069,50.113
nic,2070,51.405
nic,2071,51.312
nic,2072,52.573
nic,2073,53.911
nic,2074,55.277
nic,2075,56.693
nic,2076,56.563
nic,2077,57.95
nic,2078,59.409
nic,2079,60.903
nic,2080,62.432
nic,2081,62.27
nic,2082,63.723
nic,2083,65.337
nic,2084,66.902
nic,2085,66.692
nic,2086,68.351
nic,2087,69.93
nic,2088,71.662
nic,2089,71.444
nic,2090,73.21
nic,2091,75.012
nic,2092,74.717
nic,2093,76.559
nic,2094,78.444
nic,2095,78.178
nic,2096,79.972
nic,2097,81.964
nic,2098,81.536
nic,2099,83.524
nic,2100,85.162
ner,1800,1.56
ner,1801,1.56
ner,1802,1.56
ner,1803,1.56
ner,1804,1.56
ner,1805,1.56
ner,1806,1.56
ner,1807,1.56
ner,1808,1.56
ner,1809,1.56
ner,1810,1.56
ner,1811,1.56
ner,1812,1.56
ner,1813,1.56
ner,1814,1.56
ner,1815,1.56
ner,1816,1.56
ner,1817,1.56
ner,1818,1.56
ner,1819,1.56
ner,1820,1.56
ner,1821,1.56
ner,1822,1.56
ner,1823,1.56
ner,1824,1.604
ner,1825,1.604
ner,1826,1.604
ner,1827,1.604
ner,1828,1.604
ner,1829,1.604
ner,1830,1.649
ner,1831,1.649
ner,1832,1.649
ner,1833,1.649
ner,1834,1.649
ner,1835,1.696
ner,1836,1.696
ner,1837,1.696
ner,1838,1.696
ner,1839,1.696
ner,1840,1.696
ner,1841,1.743
ner,1842,1.743
ner,1843,1.743
ner,1844,1.743
ner,1845,1.743
ner,1846,1.745
ner,1847,1.794
ner,1848,1.794
ner,1849,1.794
ner,1850,1.794
ner,1851,1.794
ner,1852,1.794
ner,1853,1.845
ner,1854,1.845
ner,1855,1.845
ner,1856,1.845
ner,1857,1.845
ner,1858,1.845
ner,1859,1.897
ner,1860,1.897
ner,1861,1.897
ner,1862,1.897
ner,1863,1.897
ner,1864,1.95
ner,1865,1.95
ner,1866,1.95
ner,1867,1.95
ner,1868,1.95
ner,1869,1.95
ner,1870,2.005
ner,1871,2.005
ner,1872,2.007
ner,1873,2.009
ner,1874,2.011
ner,1875,2.013
ner,1876,2.072
ner,1877,2.074
ner,1878,2.076
ner,1879,2.078
ner,1880,2.08
ner,1881,2.141
ner,1882,2.143
ner,1883,2.145
ner,1884,2.147
ner,1885,2.149
ner,1886,2.152
ner,1887,2.214
ner,1888,2.217
ner,1889,2.219
ner,1890,2.221
ner,1891,2.223
ner,1892,2.226
ner,1893,2.29
ner,1894,2.293
ner,1895,2.295
ner,1896,2.297
ner,1897,2.299
ner,1898,2.302
ner,1899,2.369
ner,1900,2.371
ner,1901,2.373
ner,1902,2.375
ner,1903,2.378
ner,1904,2.447
ner,1905,2.449
ner,1906,2.452
ner,1907,2.454
ner,1908,2.456
ner,1909,2.459
ner,1910,2.53
ner,1911,2.533
ner,1912,2.535
ner,1913,2.538
ner,1914,2.54
ner,1915,2.614
ner,1916,2.616
ner,1917,2.619
ner,1918,2.621
ner,1919,2.697
ner,1920,2.7
ner,1921,2.703
ner,1922,2.709
ner,1923,2.788
ner,1924,2.79
ner,1925,2.792
ner,1926,2.874
ner,1927,2.876
ner,1928,2.879
ner,1929,2.962
ner,1930,2.963
ner,1931,2.965
ner,1932,3.051
ner,1933,3.054
ner,1934,3.057
ner,1935,3.06
ner,1936,3.149
ner,1937,3.151
ner,1938,3.154
ner,1939,3.245
ner,1940,3.248
ner,1941,3.237
ner,1942,3.318
ner,1943,3.307
ner,1944,3.391
ner,1945,3.379
ner,1946,3.463
ner,1947,3.451
ner,1948,3.439
ner,1949,3.524
ner,1950,3.512
ner,1951,3.599
ner,1952,3.688
ner,1953,3.779
ner,1954,3.768
ner,1955,3.861
ner,1956,3.956
ner,1957,4.053
ner,1958,4.038
ner,1959,4.138
ner,1960,4.359
ner,1961,4.467
ner,1962,4.705
ner,1963,5.096
ner,1964,4.937
ner,1965,5.2
ner,1966,5.038
ner,1967,5.018
ner,1968,4.862
ner,1969,4.58
ner,1970,4.563
ner,1971,4.805
ner,1972,4.405
ner,1973,3.515
ner,1974,3.701
ner,1975,3.586
ner,1976,3.475
ner,1977,3.659
ner,1978,3.962
ner,1979,4.172
ner,1980,4.042
ner,1981,4.072
ner,1982,4.109
ner,1983,3.966
ner,1984,3.28
ner,1985,3.407
ner,1986,3.549
ner,1987,3.461
ner,1988,3.674
ner,1989,3.682
ner,1990,3.634
ner,1991,3.554
ner,1992,3.443
ner,1993,3.34
ner,1994,3.185
ner,1995,2.936
ner,1996,3.011
ner,1997,2.924
ner,1998,3.033
ner,1999,2.946
ner,2000,2.787
ner,2001,2.958
ner,2002,2.95
ner,2003,2.935
ner,2004,2.807
ner,2005,2.929
ner,2006,3.099
ner,2007,3.199
ner,2008,3.394
ner,2009,3.443
ner,2010,3.688
ner,2011,3.755
ner,2012,3.867
ner,2013,3.92
ner,2014,3.989
ner,2015,3.993
ner,2016,3.961
ner,2017,4.055
ner,2018,4.125
ner,2019,4.184
ner,2020,4.272
ner,2021,4.309
ner,2022,4.667
ner,2023,4.596
ner,2024,4.851
ner,2025,5.022
ner,2026,5.38
ner,2027,5.632
ner,2028,5.716
ner,2029,5.924
ner,2030,6.153
ner,2031,6.161
ner,2032,6.344
ner,2033,6.532
ner,2034,6.544
ner,2035,6.74
ner,2036,6.754
ner,2037,6.959
ner,2038,7.17
ner,2039,7.187
ner,2040,7.408
ner,2041,7.637
ner,2042,7.658
ner,2043,7.895
ner,2044,8.142
ner,2045,8.168
ner,2046,8.426
ner,2047,8.693
ner,2048,8.724
ner,2049,9.002
ner,2050,9.037
ner,2051,9.329
ner,2052,9.627
ner,2053,9.664
ner,2054,9.966
ner,2055,10.288
ner,2056,10.327
ner,2057,10.658
ner,2058,10.996
ner,2059,11.046
ner,2060,11.39
ner,2061,11.752
ner,2062,11.799
ner,2063,12.177
ner,2064,12.566
ner,2065,12.96
ner,2066,13.002
ner,2067,13.41
ner,2068,13.83
ner,2069,14.27
ner,2070,14.313
ner,2071,14.768
ner,2072,15.208
ner,2073,15.266
ner,2074,15.753
ner,2075,16.239
ner,2076,16.74
ner,2077,17.271
ner,2078,17.292
ner,2079,17.84
ner,2080,18.384
ner,2081,18.936
ner,2082,19.006
ner,2083,19.584
ner,2084,20.17
ner,2085,20.796
ner,2086,21.442
ner,2087,21.504
ner,2088,22.174
ner,2089,22.793
ner,2090,23.466
ner,2091,24.118
ner,2092,24.824
ner,2093,24.829
ner,2094,25.55
ner,2095,26.289
ner,2096,27.042
ner,2097,27.818
ner,2098,28.612
ner,2099,28.573
ner,2100,29.381
nga,1800,2.795
nga,1801,2.795
nga,1802,2.795
nga,1803,2.795
nga,1804,2.795
nga,1805,2.795
nga,1806,2.795
nga,1807,2.795
nga,1808,2.795
nga,1809,2.795
nga,1810,2.795
nga,1811,2.795
nga,1812,2.795
nga,1813,2.795
nga,1814,2.795
nga,1815,2.795
nga,1816,2.795
nga,1817,2.795
nga,1818,2.795
nga,1819,2.795
nga,1820,2.795
nga,1821,2.795
nga,1822,2.795
nga,1823,2.795
nga,1824,2.795
nga,1825,2.795
nga,1826,2.795
nga,1827,2.796
nga,1828,2.795
nga,1829,2.795
nga,1830,2.795
nga,1831,2.874
nga,1832,2.874
nga,1833,2.874
nga,1834,2.874
nga,1835,2.874
nga,1836,2.874
nga,1837,2.874
nga,1838,2.874
nga,1839,2.874
nga,1840,2.874
nga,1841,2.874
nga,1842,2.874
nga,1843,2.874
nga,1844,2.874
nga,1845,2.874
nga,1846,2.874
nga,1847,2.874
nga,1848,2.874
nga,1849,2.874
nga,1850,2.874
nga,1851,2.874
nga,1852,2.874
nga,1853,2.955
nga,1854,2.955
nga,1855,2.955
nga,1856,2.955
nga,1857,2.955
nga,1858,2.955
nga,1859,2.955
nga,1860,2.955
nga,1861,2.955
nga,1862,2.955
nga,1863,2.955
nga,1864,2.955
nga,1865,2.955
nga,1866,2.955
nga,1867,2.955
nga,1868,2.955
nga,1869,2.955
nga,1870,2.965
nga,1871,2.965
nga,1872,2.968
nga,1873,2.971
nga,1874,2.974
nga,1875,3.061
nga,1876,3.064
nga,1877,3.068
nga,1878,3.071
nga,1879,3.074
nga,1880,3.078
nga,1881,3.081
nga,1882,3.085
nga,1883,3.088
nga,1884,3.091
nga,1885,3.095
nga,1886,3.098
nga,1887,3.102
nga,1888,3.105
nga,1889,3.109
nga,1890,3.112
nga,1891,3.116
nga,1892,3.119
nga,1893,3.123
nga,1894,3.126
nga,1895,3.13
nga,1896,3.133
nga,1897,3.225
nga,1898,3.229
nga,1899,3.233
nga,1900,3.237
nga,1901,3.241
nga,1902,3.244
nga,1903,3.248
nga,1904,3.252
nga,1905,3.256
nga,1906,3.26
nga,1907,3.264
nga,1908,3.268
nga,1909,3.272
nga,1910,3.276
nga,1911,3.28
nga,1912,3.284
nga,1913,3.288
nga,1914,3.384
nga,1915,3.384
nga,1916,3.484
nga,1917,3.488
nga,1918,3.591
nga,1919,3.595
nga,1920,3.701
nga,1921,3.706
nga,1922,3.815
nga,1923,3.82
nga,1924,3.825
nga,1925,3.829
nga,1926,3.835
nga,1927,3.953
nga,1928,3.957
nga,1929,3.962
nga,1930,3.968
nga,1931,4.084
nga,1932,4.09
nga,1933,4.095
nga,1934,4.1
nga,1935,4.106
nga,1936,4.111
nga,1937,4.232
nga,1938,4.238
nga,1939,4.243
nga,1940,4.249
nga,1941,4.372
nga,1942,4.375
nga,1943,4.501
nga,1944,4.505
nga,1945,4.508
nga,1946,4.642
nga,1947,4.646
nga,1948,4.78
nga,1949,4.783
nga,1950,4.922
nga,1951,5.203
nga,1952,5.504
nga,1953,5.509
nga,1954,5.828
nga,1955,5.833
nga,1956,5.677
nga,1957,5.682
nga,1958,5.686
nga,1959,5.851
nga,1960,6.192
nga,1961,6.197
nga,1962,6.374
nga,1963,6.929
nga,1964,6.932
nga,1965,7.127
nga,1966,6.557
nga,1967,5.548
nga,1968,5.397
nga,1969,6.377
nga,1970,7.963
nga,1971,8.898
nga,1972,9.149
nga,1973,9.671
nga,1974,10.51
nga,1975,9.944
nga,1976,10.808
nga,1977,11.111
nga,1978,10.513
nga,1979,10.227
nga,1980,10.227
nga,1981,9.544
nga,1982,8.954
nga,1983,7.979
nga,1984,7.652
nga,1985,8.038
nga,1986,7.873
nga,1987,7.773
nga,1988,8.148
nga,1989,8.189
nga,1990,8.676
nga,1991,8.557
nga,1992,8.604
nga,1993,7.994
nga,1994,7.55
nga,1995,7.145
nga,1996,7.206
nga,1997,7.305
nga,1998,7.512
nga,1999,7.592
nga,2000,8.069
nga,2001,8.614
nga,2002,9.891
nga,2003,10.69
nga,2004,11.695
nga,2005,12.225
nga,2006,12.759
nga,2007,13.197
nga,2008,13.862
nga,2009,14.578
nga,2010,15.363
nga,2011,15.769
nga,2012,16.004
nga,2013,16.639
nga,2014,17.175
nga,2015,17.163
nga,2016,16.517
nga,2017,16.368
nga,2018,16.364
nga,2019,16.424
nga,2020,15.325
nga,2021,15.049
nga,2022,14.711
nga,2023,14.494
nga,2024,14.667
nga,2025,15.263
nga,2026,15.76
nga,2027,16.378
nga,2028,17.006
nga,2029,17.57
nga,2030,17.97
nga,2031,18.488
nga,2032,19.021
nga,2033,19.031
nga,2034,19.574
nga,2035,20.133
nga,2036,20.71
nga,2037,21.299
nga,2038,21.89
nga,2039,22.515
nga,2040,22.523
nga,2041,23.157
nga,2042,23.824
nga,2043,24.483
nga,2044,25.171
nga,2045,25.885
nga,2046,26.623
nga,2047,27.362
nga,2048,27.355
nga,2049,28.114
nga,2050,28.905
nga,2051,29.705
nga,2052,30.538
nga,2053,31.35
nga,2054,32.236
nga,2055,33.144
nga,2056,33.121
nga,2057,34.054
nga,2058,34.948
nga,2059,35.927
nga,2060,36.907
nga,2061,37.907
nga,2062,38.971
nga,2063,38.935
nga,2064,39.972
nga,2065,41.126
nga,2066,42.268
nga,2067,43.421
nga,2068,44.553
nga,2069,45.743
nga,2070,45.62
nga,2071,46.833
nga,2072,48.086
nga,2073,49.313
nga,2074,50.615
nga,2075,51.942
nga,2076,53.307
nga,2077,53.21
nga,2078,54.53
nga,2079,55.954
nga,2080,57.413
nga,2081,58.907
nga,2082,58.785
nga,2083,60.258
nga,2084,61.817
nga,2085,63.415
nga,2086,64.592
nga,2087,64.333
nga,2088,65.66
nga,2089,67.182
nga,2090,68.917
nga,2091,68.723
nga,2092,70.362
nga,2093,72.189
nga,2094,73.912
nga,2095,73.753
nga,2096,75.491
nga,2097,77.431
nga,2098,79.253
nga,2099,79.022
nga,2100,81.047
prk,1800,2.213
prk,1801,2.213
prk,1802,2.213
prk,1803,2.213
prk,1804,2.213
prk,1805,2.213
prk,1806,2.213
prk,1807,2.213
prk,1808,2.213
prk,1809,2.213
prk,1810,2.213
prk,1811,2.213
prk,1812,2.213
prk,1813,2.213
prk,1814,2.152
prk,1815,2.152
prk,1816,2.152
prk,1817,2.152
prk,1818,2.152
prk,1819,2.152
prk,1820,2.152
prk,1821,2.152
prk,1822,2.152
prk,1823,2.152
prk,1824,2.152
prk,1825,2.152
prk,1826,2.152
prk,1827,2.152
prk,1828,2.152
prk,1829,2.152
prk,1830,2.152
prk,1831,2.152
prk,1832,2.152
prk,1833,2.152
prk,1834,2.152
prk,1835,2.152
prk,1836,2.152
prk,1837,2.152
prk,1838,2.152
prk,1839,2.152
prk,1840,2.152
prk,1841,2.152
prk,1842,2.152
prk,1843,2.152
prk,1844,2.152
prk,1845,2.152
prk,1846,2.152
prk,1847,2.152
prk,1848,2.152
prk,1849,2.152
prk,1850,2.152
prk,1851,2.152
prk,1852,2.152
prk,1853,2.152
prk,1854,2.152
prk,1855,2.152
prk,1856,2.152
prk,1857,2.152
prk,1858,2.152
prk,1859,2.152
prk,1860,2.152
prk,1861,2.152
prk,1862,2.152
prk,1863,2.152
prk,1864,2.152
prk,1865,2.152
prk,1866,2.152
prk,1867,2.152
prk,1868,2.152
prk,1869,2.152
prk,1870,2.152
prk,1871,2.213
prk,1872,2.226
prk,1873,2.239
prk,1874,2.316
prk,1875,2.329
prk,1876,2.344
prk,1877,2.424
prk,1878,2.439
prk,1879,2.454
prk,1880,2.538
prk,1881,2.554
prk,1882,2.57
prk,1883,2.586
prk,1884,2.676
prk,1885,2.693
prk,1886,2.71
prk,1887,2.804
prk,1888,2.822
prk,1889,2.84
prk,1890,2.938
prk,1891,2.957
prk,1892,2.977
prk,1893,3.08
prk,1894,3.1
prk,1895,3.12
prk,1896,3.141
prk,1897,3.25
prk,1898,3.272
prk,1899,3.293
prk,1900,3.408
prk,1901,3.43
prk,1902,3.453
prk,1903,3.573
prk,1904,3.596
prk,1905,3.62
prk,1906,3.746
prk,1907,3.77
prk,1908,3.795
prk,1909,3.819
prk,1910,3.955
prk,1911,3.98
prk,1912,4.353
prk,1913,4.631
prk,1914,4.661
prk,1915,4.953
prk,1916,5.266
prk,1917,5.016
prk,1918,5.334
prk,1919,4.305
prk,1920,5.705
prk,1921,5.741
prk,1922,5.618
prk,1923,5.814
prk,1924,5.696
prk,1925,5.722
prk,1926,5.921
prk,1927,6.482
prk,1928,6.513
prk,1929,6.557
prk,1930,7.182
prk,1931,7.657
prk,1932,7.704
prk,1933,8.19
prk,1934,7.769
prk,1935,8.518
prk,1936,9.303
prk,1937,10.733
prk,1938,11.092
prk,1939,10.841
prk,1940,11.521
prk,1941,11.525
prk,1942,10.608
prk,1943,10.906
prk,1944,6.979
prk,1945,5.591
prk,1946,4.602
prk,1947,4.735
prk,1948,4.604
prk,1949,4.479
prk,1950,4.48
prk,1951,3.689
prk,1952,4.122
prk,1953,4.122
prk,1954,4.357
prk,1955,4.734
prk,1956,5.005
prk,1957,5.003
prk,1958,5.142
prk,1959,5.141
prk,1960,5.139
prk,1961,5.137
prk,1962,5.124
prk,1963,5.402
prk,1964,5.54
prk,1965,5.526
prk,1966,5.666
prk,1967,5.81
prk,1968,5.796
prk,1969,5.943
prk,1970,6.095
prk,1971,6.25
prk,1972,6.774
prk,1973,7.342
prk,1974,7.741
prk,1975,8.39
prk,1976,8.602
prk,1977,8.819
prk,1978,9.041
prk,1979,9.27
prk,1980,9.244
prk,1981,9.347
prk,1982,9.475
prk,1983,9.591
prk,1984,9.696
prk,1985,9.745
prk,1986,9.766
prk,1987,9.708
prk,1988,9.69
prk,1989,9.621
prk,1990,9.559
prk,1991,9.506
prk,1992,9.483
prk,1993,9.403
prk,1994,9.318
prk,1995,6.063
prk,1996,6.059
prk,1997,6.072
prk,1998,4.873
prk,1999,4.872
prk,2000,4.873
prk,2001,4.866
prk,2002,4.858
prk,2003,7.44
prk,2004,7.432
prk,2005,7.412
prk,2006,7.401
prk,2007,7.389
prk,2008,7.479
prk,2009,7.575
prk,2010,7.725
prk,2011,7.909
prk,2012,8.129
prk,2013,8.358
prk,2014,8.604
prk,2015,8.812
prk,2016,8.929
prk,2017,9.131
prk,2018,9.225
prk,2019,8.674
prk,2020,8.843
prk,2021,9.509
prk,2022,8.633
prk,2023,9.29
prk,2024,9.835
prk,2025,9.923
prk,2026,9.827
prk,2027,9.797
prk,2028,9.767
prk,2029,9.736
prk,2030,9.798
prk,2031,10.041
prk,2032,10.291
prk,2033,10.257
prk,2034,10.511
prk,2035,10.478
prk,2036,10.74
prk,2037,11.006
prk,2038,10.966
prk,2039,11.233
prk,2040,11.505
prk,2041,11.459
prk,2042,11.733
prk,2043,12.016
prk,2044,11.962
prk,2045,12.237
prk,2046,12.518
prk,2047,12.456
prk,2048,12.741
prk,2049,13.033
prk,2050,13.334
prk,2051,13.268
prk,2052,13.571
prk,2053,13.88
prk,2054,13.808
prk,2055,14.122
prk,2056,14.443
prk,2057,14.769
prk,2058,14.697
prk,2059,15.029
prk,2060,15.369
prk,2061,15.774
prk,2062,15.848
prk,2063,16.323
prk,2064,16.71
prk,2065,17.094
prk,2066,17.005
prk,2067,17.407
prk,2068,17.936
prk,2069,18.361
prk,2070,18.788
prk,2071,18.7
prk,2072,19.195
prk,2073,19.8
prk,2074,20.359
prk,2075,20.959
prk,2076,20.973
prk,2077,21.548
prk,2078,22.184
prk,2079,22.724
prk,2080,23.278
prk,2081,23.893
prk,2082,23.824
prk,2083,24.494
prk,2084,25.101
prk,2085,25.715
prk,2086,26.341
prk,2087,26.993
prk,2088,26.897
prk,2089,27.55
prk,2090,28.225
prk,2091,29.023
prk,2092,29.743
prk,2093,30.475
prk,2094,31.223
prk,2095,31.1
prk,2096,31.838
prk,2097,32.483
prk,2098,32.764
prk,2099,32.958
prk,2100,33.473
nor,1800,4.516
nor,1801,4.516
nor,1802,4.516
nor,1803,4.516
nor,1804,4.516
nor,1805,4.516
nor,1806,4.657
nor,1807,4.657
nor,1808,4.657
nor,1809,4.657
nor,1810,4.657
nor,1811,4.657
nor,1812,4.657
nor,1813,4.657
nor,1814,4.657
nor,1815,4.657
nor,1816,4.657
nor,1817,4.657
nor,1818,4.657
nor,1819,4.657
nor,1820,4.657
nor,1821,4.657
nor,1822,4.788
nor,1823,4.788
nor,1824,4.788
nor,1825,4.788
nor,1826,4.788
nor,1827,4.788
nor,1828,4.922
nor,1829,4.922
nor,1830,4.923
nor,1831,4.657
nor,1832,4.788
nor,1833,5.061
nor,1834,5.203
nor,1835,5.061
nor,1836,4.923
nor,1837,4.923
nor,1838,5.061
nor,1839,5.061
nor,1840,5.52
nor,1841,5.369
nor,1842,5.369
nor,1843,5.203
nor,1844,5.369
nor,1845,5.52
nor,1846,5.52
nor,1847,5.675
nor,1848,5.203
nor,1849,5.35
nor,1850,5.52
nor,1851,5.675
nor,1852,5.675
nor,1853,5.983
nor,1854,6.332
nor,1855,6.51
nor,1856,6.332
nor,1857,5.983
nor,1858,6.332
nor,1859,6.152
nor,1860,6.51
nor,1861,6.332
nor,1862,6.891
nor,1863,6.702
nor,1864,6.702
nor,1865,7.11
nor,1866,6.702
nor,1867,6.702
nor,1868,6.702
nor,1869,7.11
nor,1870,7.552
nor,1871,7.797
nor,1872,8.061
nor,1873,8.503
nor,1874,8.085
nor,1875,8.295
nor,1876,8.539
nor,1877,8.554
nor,1878,8.132
nor,1879,8.579
nor,1880,8.83
nor,1881,8.604
nor,1882,8.856
nor,1883,9.143
nor,1884,8.904
nor,1885,8.895
nor,1886,8.907
nor,1887,9.195
nor,1888,9.465
nor,1889,9.749
nor,1890,9.762
nor,1891,9.774
nor,1892,9.799
nor,1893,10.072
nor,1894,10.369
nor,1895,10.974
nor,1896,10.988
nor,1897,11.629
nor,1898,11.644
nor,1899,11.658
nor,1900,11.673
nor,1901,11.688
nor,1902,11.702
nor,1903,12.046
nor,1904,12.06
nor,1905,12.075
nor,1906,12.778
nor,1907,12.793
nor,1908,13.169
nor,1909,13.184
nor,1910,13.954
nor,1911,14.368
nor,1912,14.795
nor,1913,16.107
nor,1914,16.102
nor,1915,16.142
nor,1916,17.541
nor,1917,15.722
nor,1918,14.897
nor,1919,17.101
nor,1920,17.619
nor,1921,15.793
nor,1922,16.668
nor,1923,18.17
nor,1924,17.696
nor,1925,17.715
nor,1926,17.734
nor,1927,18.797
nor,1928,19.356
nor,1929,21.081
nor,1930,21.695
nor,1931,19.959
nor,1932,20.563
nor,1933,21.161
nor,1934,21.779
nor,1935,23.06
nor,1936,24.381
nor,1937,25.119
nor,1938,25.876
nor,1939,26.653
nor,1940,24.468
nor,1941,25.11
nor,1942,23.69
nor,1943,22.959
nor,1944,21.644
nor,1945,24.115
nor,1946,26.196
nor,1947,29.205
nor,1948,30.777
nor,1949,31.567
nor,1950,33.307
nor,1951,34.128
nor,1952,34.976
nor,1953,36.827
nor,1954,37.731
nor,1955,38.67
nor,1956,39.63
nor,1957,40.616
nor,1958,40.488
nor,1959,41.478
nor,1960,43.706
nor,1961,46.045
nor,1962,47.177
nor,1963,48.336
nor,1964,49.448
nor,1965,52.038
nor,1966,53.327
nor,1967,56.17
nor,1968,57.56
nor,1969,58.981
nor,1970,60.441
nor,1971,63.671
nor,1972,65.252
nor,1973,68.743
nor,1974,70.45
nor,1975,74.216
nor,1976,78.173
nor,1977,80.107
nor,1978,82.081
nor,1979,86.484
nor,1980,91.127
nor,1981,94.467
nor,1982,98.347
nor,1983,105.073
nor,1984,114.074
nor,1985,123.457
nor,1986,130.08
nor,1987,134.454
nor,1988,136.614
nor,1989,141.572
nor,1990,146.569
nor,1991,153.987
nor,1992,159.938
nor,1993,164.834
nor,1994,174.356
nor,1995,182.457
nor,1996,190.339
nor,1997,200.499
nor,1998,205.28
nor,1999,208.09
nor,2000,213.618
nor,2001,218.757
nor,2002,222.703
nor,2003,225.188
nor,2004,219.486
nor,2005,226.58
nor,2006,248.343
nor,2007,247.767
nor,2008,246.862
nor,2009,241.627
nor,2010,241.635
nor,2011,242.869
nor,2012,246.781
nor,2013,242.97
nor,2014,246.359
nor,2015,245.173
nor,2016,245.027
nor,2017,254.273
nor,2018,249.606
nor,2019,251.363
nor,2020,258.173
nor,2021,256.663
nor,2022,250.115
nor,2023,251.102
nor,2024,257.055
nor,2025,264.006
nor,2026,271.07
nor,2027,282.13
nor,2028,285.067
nor,2029,294.479
nor,2030,303.624
nor,2031,299.496
nor,2032,295.514
nor,2033,291.67
nor,2034,296.017
nor,2035,292.329
nor,2036,288.763
nor,2037,285.235
nor,2038,281.928
nor,2039,286.538
nor,2040,283.328
nor,2041,280.223
nor,2042,277.216
nor,2043,274.304
nor,2044,279.116
nor,2045,276.306
nor,2046,273.582
nor,2047,270.939
nor,2048,268.274
nor,2049,265.788
nor,2050,263.375
nor,2051,268.37
nor,2052,266.033
nor,2053,263.761
nor,2054,261.554
nor,2055,259.409
nor,2056,257.326
nor,2057,255.301
nor,2058,260.455
nor,2059,258.486
nor,2060,256.582
nor,2061,254.659
nor,2062,252.844
nor,2063,251.119
nor,2064,249.398
nor,2065,247.723
nor,2066,253.011
nor,2067,251.376
nor,2068,249.783
nor,2069,248.053
nor,2070,246.538
nor,2071,245.058
nor,2072,243.614
nor,2073,242.208
nor,2074,240.833
nor,2075,239.492
nor,2076,238.183
nor,2077,243.564
nor,2078,242.282
nor,2079,240.838
nor,2080,239.609
nor,2081,238.409
nor,2082,237.236
nor,2083,236.09
nor,2084,234.967
nor,2085,233.444
nor,2086,232.365
nor,2087,231.358
nor,2088,230.32
nor,2089,229.303
nor,2090,228.307
nor,2091,233.723
nor,2092,232.741
nor,2093,231.778
nor,2094,230.834
nor,2095,229.908
nor,2096,229.002
nor,2097,228.112
nor,2098,227.238
nor,2099,226.381
nor,2100,225.54
omn,1800,0.969
omn,1801,0.969
omn,1802,0.969
omn,1803,0.969
omn,1804,0.969
omn,1805,0.969
omn,1806,0.969
omn,1807,0.969
omn,1808,0.969
omn,1809,0.969
omn,1810,0.969
omn,1811,0.969
omn,1812,0.969
omn,1813,0.969
omn,1814,0.969
omn,1815,0.969
omn,1816,0.969
omn,1817,0.969
omn,1818,0.969
omn,1819,0.969
omn,1820,0.969
omn,1821,0.969
omn,1822,0.984
omn,1823,0.984
omn,1824,0.984
omn,1825,0.984
omn,1826,0.984
omn,1827,0.984
omn,1828,0.984
omn,1829,0.984
omn,1830,0.984
omn,1831,0.984
omn,1832,0.984
omn,1833,0.984
omn,1834,0.999
omn,1835,0.999
omn,1836,0.999
omn,1837,0.999
omn,1838,0.999
omn,1839,0.999
omn,1840,0.999
omn,1841,0.999
omn,1842,0.999
omn,1843,0.999
omn,1844,0.999
omn,1845,1.013
omn,1846,1.013
omn,1847,1.013
omn,1848,1.013
omn,1849,1.013
omn,1850,1.028
omn,1851,1.028
omn,1852,1.028
omn,1853,1.028
omn,1854,1.028
omn,1855,1.043
omn,1856,1.043
omn,1857,1.058
omn,1858,1.058
omn,1859,1.058
omn,1860,1.058
omn,1861,1.058
omn,1862,1.058
omn,1863,1.058
omn,1864,1.058
omn,1865,1.058
omn,1866,1.058
omn,1867,1.058
omn,1868,1.058
omn,1869,1.058
omn,1870,1.058
omn,1871,1.082
omn,1872,1.092
omn,1873,1.086
omn,1874,1.09
omn,1875,1.084
omn,1876,1.078
omn,1877,1.085
omn,1878,1.09
omn,1879,1.083
omn,1880,1.077
omn,1881,1.071
omn,1882,1.095
omn,1883,1.089
omn,1884,1.082
omn,1885,1.106
omn,1886,1.1
omn,1887,1.085
omn,1888,1.079
omn,1889,1.103
omn,1890,1.086
omn,1891,1.081
omn,1892,1.106
omn,1893,1.101
omn,1894,1.095
omn,1895,1.082
omn,1896,1.107
omn,1897,1.102
omn,1898,1.097
omn,1899,1.123
omn,1900,1.101
omn,1901,1.09
omn,1902,1.086
omn,1903,1.112
omn,1904,1.108
omn,1905,1.104
omn,1906,1.131
omn,1907,1.127
omn,1908,1.123
omn,1909,1.15
omn,1910,1.139
omn,1911,1.136
omn,1912,1.125
omn,1913,1.146
omn,1914,1.143
omn,1915,1.172
omn,1916,1.169
omn,1917,1.199
omn,1918,1.196
omn,1919,1.22
omn,1920,1.217
omn,1921,1.248
omn,1922,1.286
omn,1923,1.319
omn,1924,1.353
omn,1925,1.35
omn,1926,1.384
omn,1927,1.425
omn,1928,1.462
omn,1929,1.499
omn,1930,1.538
omn,1931,1.534
omn,1932,1.568
omn,1933,1.609
omn,1934,1.65
omn,1935,1.693
omn,1936,1.69
omn,1937,1.733
omn,1938,1.779
omn,1939,1.82
omn,1940,1.867
omn,1941,1.905
omn,1942,1.943
omn,1943,1.982
omn,1944,2.017
omn,1945,2.058
omn,1946,2.099
omn,1947,2.138
omn,1948,2.181
omn,1949,2.226
omn,1950,2.271
omn,1951,2.382
omn,1952,2.434
omn,1953,2.557
omn,1954,2.692
omn,1955,2.755
omn,1956,2.909
omn,1957,3.054
omn,1958,3.127
omn,1959,3.292
omn,1960,3.463
omn,1961,3.335
omn,1962,3.958
omn,1963,4.032
omn,1964,3.888
omn,1965,3.855
omn,1966,3.91
omn,1967,6.301
omn,1968,10.889
omn,1969,13.601
omn,1970,13.494
omn,1971,13.388
omn,1972,14.042
omn,1973,11.471
omn,1974,13.45
omn,1975,16.21
omn,1976,17.467
omn,1977,18.326
omn,1978,18.697
omn,1979,18.555
omn,1980,18.933
omn,1981,21.83
omn,1982,24.484
omn,1983,26.554
omn,1984,29.289
omn,1985,32.245
omn,1986,34.769
omn,1987,35.741
omn,1988,36.188
omn,1989,38.289
omn,1990,41.431
omn,1991,42.814
omn,1992,44.665
omn,1993,46.169
omn,1994,47.392
omn,1995,48.985
omn,1996,50.23
omn,1997,52.152
omn,1998,51.593
omn,1999,52.229
omn,2000,53.982
omn,2001,55.581
omn,2002,55.969
omn,2003,55.925
omn,2004,56.967
omn,2005,57.61
omn,2006,58.164
omn,2007,95.793
omn,2008,103.192
omn,2009,107.069
omn,2010,113.147
omn,2011,106.526
omn,2012,98.055
omn,2013,96.832
omn,2014,95.896
omn,2015,97.183
omn,2016,98.06
omn,2017,96.094
omn,2018,96.593
omn,2019,96.463
omn,2020,92.5
omn,2021,92.441
omn,2022,97.256
omn,2023,91.232
omn,2024,89.041
omn,2025,89.408
omn,2026,92.57
omn,2027,94.654
omn,2028,98.412
omn,2029,101.744
omn,2030,106.388
omn,2031,105.862
omn,2032,108.513
omn,2033,107.957
omn,2034,110.428
omn,2035,112.978
omn,2036,112.402
omn,2037,114.999
omn,2038,114.449
omn,2039,117.032
omn,2040,119.757
omn,2041,119.17
omn,2042,121.918
omn,2043,121.363
omn,2044,124.165
omn,2045,123.579
omn,2046,126.459
omn,2047,125.804
omn,2048,128.665
omn,2049,128.07
omn,2050,131.066
omn,2051,130.56
omn,2052,133.626
omn,2053,133.03
omn,2054,136.165
omn,2055,135.568
omn,2056,138.774
omn,2057,138.099
omn,2058,141.376
omn,2059,140.843
omn,2060,140.256
omn,2061,143.627
omn,2062,142.952
omn,2063,146.237
omn,2064,145.707
omn,2065,145.122
omn,2066,148.617
omn,2067,147.939
omn,2068,151.52
omn,2069,150.995
omn,2070,150.477
omn,2071,154.137
omn,2072,153.637
omn,2073,153.086
omn,2074,156.843
omn,2075,156.113
omn,2076,155.574
omn,2077,159.474
omn,2078,158.94
omn,2079,158.034
omn,2080,162.039
omn,2081,161.263
omn,2082,160.745
omn,2083,160.161
omn,2084,164.149
omn,2085,163.686
omn,2086,163.032
omn,2087,166.761
omn,2088,166.265
omn,2089,165.776
omn,2090,165.466
omn,2091,169.637
omn,2092,169.164
omn,2093,168.514
omn,2094,168.058
omn,2095,172.323
omn,2096,171.872
omn,2097,171.429
omn,2098,171.039
omn,2099,170.146
omn,2100,174.497
pak,1800,2.833
pak,1801,2.833
pak,1802,2.833
pak,1803,2.833
pak,1804,2.833
pak,1805,2.833
pak,1806,2.833
pak,1807,2.833
pak,1808,2.833
pak,1809,2.833
pak,1810,2.833
pak,1811,2.833
pak,1812,2.833
pak,1813,2.833
pak,1814,2.833
pak,1815,2.833
pak,1816,2.833
pak,1817,2.833
pak,1818,2.833
pak,1819,2.833
pak,1820,2.833
pak,1821,2.833
pak,1822,2.833
pak,1823,2.833
pak,1824,2.833
pak,1825,2.833
pak,1826,2.833
pak,1827,2.833
pak,1828,2.833
pak,1829,2.833
pak,1830,2.833
pak,1831,2.833
pak,1832,2.833
pak,1833,2.833
pak,1834,2.833
pak,1835,2.833
pak,1836,2.833
pak,1837,2.833
pak,1838,2.833
pak,1839,2.833
pak,1840,2.833
pak,1841,2.833
pak,1842,2.833
pak,1843,2.833
pak,1844,2.833
pak,1845,2.833
pak,1846,2.833
pak,1847,2.833
pak,1848,2.833
pak,1849,2.833
pak,1850,2.833
pak,1851,2.833
pak,1852,2.833
pak,1853,2.833
pak,1854,2.833
pak,1855,2.833
pak,1856,2.85
pak,1857,2.718
pak,1858,2.741
pak,1859,2.702
pak,1860,2.674
pak,1861,2.714
pak,1862,2.696
pak,1863,2.646
pak,1864,2.589
pak,1865,2.584
pak,1866,2.824
pak,1867,3.05
pak,1868,3.144
pak,1869,3.127
pak,1870,3.111
pak,1871,3.108
pak,1872,3.1
pak,1873,3.106
pak,1874,3.111
pak,1875,3.156
pak,1876,3.123
pak,1877,2.898
pak,1878,2.816
pak,1879,2.626
pak,1880,2.631
pak,1881,2.641
pak,1882,2.672
pak,1883,2.692
pak,1884,2.829
pak,1885,2.907
pak,1886,2.811
pak,1887,2.936
pak,1888,2.943
pak,1889,2.881
pak,1890,2.965
pak,1891,2.732
pak,1892,2.874
pak,1893,2.987
pak,1894,3.083
pak,1895,2.956
pak,1896,2.709
pak,1897,3.172
pak,1898,3.138
pak,1899,2.886
pak,1900,2.969
pak,1901,2.975
pak,1902,3.443
pak,1903,3.589
pak,1904,3.655
pak,1905,3.541
pak,1906,3.621
pak,1907,3.339
pak,1908,3.462
pak,1909,3.861
pak,1910,3.87
pak,1911,3.925
pak,1912,3.83
pak,1913,3.722
pak,1914,3.883
pak,1915,3.726
pak,1916,3.846
pak,1917,3.822
pak,1918,3.31
pak,1919,3.712
pak,1920,3.418
pak,1921,3.614
pak,1922,3.827
pak,1923,3.635
pak,1924,3.733
pak,1925,3.731
pak,1926,3.773
pak,1927,3.735
pak,1928,3.698
pak,1929,3.783
pak,1930,3.681
pak,1931,3.585
pak,1932,3.59
pak,1933,3.497
pak,1934,3.504
pak,1935,3.413
pak,1936,3.514
pak,1937,3.425
pak,1938,3.436
pak,1939,3.447
pak,1940,3.55
pak,1941,3.536
pak,1942,3.521
pak,1943,3.613
pak,1944,3.485
pak,1945,3.367
pak,1946,3.178
pak,1947,3.157
pak,1948,3.132
pak,1949,3.202
pak,1950,3.005
pak,1951,2.902
pak,1952,2.807
pak,1953,3.034
pak,1954,2.931
pak,1955,2.912
pak,1956,2.894
pak,1957,2.956
pak,1958,2.937
pak,1959,2.835
pak,1960,2.895
pak,1961,2.957
pak,1962,3.104
pak,1963,3.166
pak,1964,3.324
pak,1965,3.395
pak,1966,3.567
pak,1967,3.544
pak,1968,3.625
pak,1969,3.805
pak,1970,4.109
pak,1971,3.964
pak,1972,3.829
pak,1973,4.02
pak,1974,3.994
pak,1975,4.076
pak,1976,4.158
pak,1977,4.126
pak,1978,4.33
pak,1979,4.3
pak,1980,4.514
pak,1981,4.927
pak,1982,5.298
pak,1983,5.545
pak,1984,5.743
pak,1985,6.164
pak,1986,6.475
pak,1987,6.726
pak,1988,7.138
pak,1989,7.46
pak,1990,7.851
pak,1991,8.044
pak,1992,8.313
pak,1993,8.24
pak,1994,8.41
pak,1995,8.827
pak,1996,8.956
pak,1997,8.706
pak,1998,8.52
pak,1999,8.543
pak,2000,8.838
pak,2001,9.042
pak,2002,8.964
pak,2003,9.23
pak,2004,9.542
pak,2005,9.974
pak,2006,10.409
pak,2007,10.523
pak,2008,10.788
pak,2009,10.247
pak,2010,10.747
pak,2011,10.481
pak,2012,10.57
pak,2013,10.874
pak,2014,11.193
pak,2015,11.31
pak,2016,11.708
pak,2017,12.272
pak,2018,12.835
pak,2019,13.036
pak,2020,12.654
pak,2021,13.208
pak,2022,13.291
pak,2023,13.321
pak,2024,13.567
pak,2025,14.002
pak,2026,14.749
pak,2027,15.287
pak,2028,15.843
pak,2029,16.902
pak,2030,17.513
pak,2031,18.025
pak,2032,18.556
pak,2033,19.1
pak,2034,19.665
pak,2035,19.681
pak,2036,20.251
pak,2037,20.828
pak,2038,21.428
pak,2039,22.034
pak,2040,22.667
pak,2041,23.319
pak,2042,23.33
pak,2043,23.998
pak,2044,24.698
pak,2045,25.408
pak,2046,26.103
pak,2047,26.845
pak,2048,27.618
pak,2049,28.401
pak,2050,28.382
pak,2051,29.145
pak,2052,29.986
pak,2053,30.821
pak,2054,31.678
pak,2055,32.566
pak,2056,33.34
pak,2057,34.267
pak,2058,34.254
pak,2059,35.208
pak,2060,36.169
pak,2061,37.134
pak,2062,38.098
pak,2063,39.108
pak,2064,40.101
pak,2065,40.019
pak,2066,41.022
pak,2067,42.144
pak,2068,43.245
pak,2069,44.404
pak,2070,45.522
pak,2071,45.354
pak,2072,46.425
pak,2073,47.452
pak,2074,48.642
pak,2075,49.935
pak,2076,51.204
pak,2077,51.142
pak,2078,52.43
pak,2079,53.277
pak,2080,54.534
pak,2081,54.503
pak,2082,55.924
pak,2083,57.003
pak,2084,58.48
pak,2085,59.859
pak,2086,59.574
pak,2087,60.978
pak,2088,62.878
pak,2089,65.259
pak,2090,65.269
pak,2091,66.953
pak,2092,68.552
pak,2093,70.434
pak,2094,70.459
pak,2095,72.279
pak,2096,74.312
pak,2097,74.562
pak,2098,76.414
pak,2099,78.592
pak,2100,78.426
plw,1800,2.31
plw,1801,2.31
plw,1802,2.31
plw,1803,2.31
plw,1804,2.31
plw,1805,2.31
plw,1806,2.31
plw,1807,2.31
plw,1808,2.31
plw,1809,2.31
plw,1810,2.31
plw,1811,2.31
plw,1812,2.31
plw,1813,2.31
plw,1814,2.31
plw,1815,2.31
plw,1816,2.31
plw,1817,2.31
plw,1818,2.31
plw,1819,2.31
plw,1820,2.308
plw,1821,2.311
plw,1822,2.314
plw,1823,2.378
plw,1824,2.377
plw,1825,2.372
plw,1826,2.377
plw,1827,2.379
plw,1828,2.379
plw,1829,2.376
plw,1830,2.374
plw,1831,2.381
plw,1832,2.447
plw,1833,2.447
plw,1834,2.484
plw,1835,2.483
plw,1836,2.482
plw,1837,2.48
plw,1838,2.479
plw,1839,2.48
plw,1840,2.548
plw,1841,2.548
plw,1842,2.55
plw,1843,2.554
plw,1844,2.55
plw,1845,2.55
plw,1846,2.55
plw,1847,2.551
plw,1848,2.626
plw,1849,2.624
plw,1850,2.627
plw,1851,2.622
plw,1852,2.625
plw,1853,2.625
plw,1854,2.625
plw,1855,2.625
plw,1856,2.696
plw,1857,2.701
plw,1858,2.648
plw,1859,2.694
plw,1860,2.651
plw,1861,2.653
plw,1862,2.651
plw,1863,2.655
plw,1864,2.723
plw,1865,2.726
plw,1866,2.728
plw,1867,2.728
plw,1868,2.723
plw,1869,2.725
plw,1870,2.727
plw,1871,2.729
plw,1872,2.786
plw,1873,2.768
plw,1874,2.749
plw,1875,2.731
plw,1876,2.715
plw,1877,2.696
plw,1878,2.68
plw,1879,2.662
plw,1880,2.65
plw,1881,2.71
plw,1882,2.692
plw,1883,2.676
plw,1884,2.663
plw,1885,2.646
plw,1886,2.628
plw,1887,2.611
plw,1888,2.601
plw,1889,2.656
plw,1890,2.644
plw,1891,2.654
plw,1892,2.641
plw,1893,2.625
plw,1894,2.612
plw,1895,2.602
plw,1896,2.583
plw,1897,2.64
plw,1898,2.627
plw,1899,2.613
plw,1900,2.602
plw,1901,2.59
plw,1902,2.576
plw,1903,2.562
plw,1904,2.551
plw,1905,2.61
plw,1906,2.599
plw,1907,2.585
plw,1908,2.587
plw,1909,2.578
plw,1910,2.566
plw,1911,2.555
plw,1912,2.542
plw,1913,2.601
plw,1914,2.814
plw,1915,2.927
plw,1916,3.158
plw,1917,3.428
plw,1918,3.778
plw,1919,4.018
plw,1920,4.39
plw,1921,4.892
plw,1922,5.075
plw,1923,5.297
plw,1924,5.606
plw,1925,5.65
plw,1926,5.897
plw,1927,6.172
plw,1928,6.447
plw,1929,6.722
plw,1930,7.004
plw,1931,7.327
plw,1932,7.497
plw,1933,7.53
plw,1934,7.854
plw,1935,8.242
plw,1936,8.741
plw,1937,9.211
plw,1938,9.723
plw,1939,10.25
plw,1940,10.738
plw,1941,11.294
plw,1942,11.875
plw,1943,12.408
plw,1944,13.083
plw,1945,13.906
plw,1946,15.068
plw,1947,15.897
plw,1948,16.7
plw,1949,17.536
plw,1950,18.488
plw,1951,18.865
plw,1952,19.84
plw,1953,20.775
plw,1954,21.807
plw,1955,22.96
plw,1956,24.126
plw,1957,25.323
plw,1958,26.63
plw,1959,27.954
plw,1960,29.414
plw,1961,30.967
plw,1962,32.713
plw,1963,34.428
plw,1964,35.298
plw,1965,37.184
plw,1966,39.249
plw,1967,41.406
plw,1968,43.695
plw,1969,46.129
plw,1970,47.234
plw,1971,45.836
plw,1972,49.705
plw,1973,60.292
plw,1974,83.896
plw,1975,88.438
plw,1976,63.245
plw,1977,59.69
plw,1978,61.226
plw,1979,54.642
plw,1980,28.798
plw,1981,25.362
plw,1982,25.356
plw,1983,25.355
plw,1984,25.618
plw,1985,26.084
plw,1986,26.536
plw,1987,26.97
plw,1988,27.474
plw,1989,27.948
plw,1990,28.472
plw,1991,28.914
plw,1992,27.911
plw,1993,26.244
plw,1994,26.939
plw,1995,28.099
plw,1996,29.291
plw,1997,29.629
plw,1998,30.016
plw,1999,29.474
plw,2000,29.3
plw,2001,30.182
plw,2002,30.788
plw,2003,30.375
plw,2004,30.999
plw,2005,31.748
plw,2006,32.338
plw,2007,33.271
plw,2008,33.118
plw,2009,32.632
plw,2010,33.075
plw,2011,34.301
plw,2012,34.915
plw,2013,34.554
plw,2014,34.854
plw,2015,35.325
plw,2016,40.06
plw,2017,38.964
plw,2018,38.801
plw,2019,38.785
plw,2020,37.445
plw,2021,31.895
plw,2022,31.817
plw,2023,34.327
plw,2024,34.362
plw,2025,36.335
plw,2026,40.111
plw,2027,40.915
plw,2028,43.347
plw,2029,44.5
plw,2030,46.03
plw,2031,45.975
plw,2032,47.257
plw,2033,48.508
plw,2034,49.772
plw,2035,49.701
plw,2036,51.044
plw,2037,52.414
plw,2038,53.853
plw,2039,53.838
plw,2040,55.394
plw,2041,56.817
plw,2042,58.31
plw,2043,58.259
plw,2044,59.767
plw,2045,61.25
plw,2046,62.905
plw,2047,62.785
plw,2048,64.312
plw,2049,66.075
plw,2050,65.969
plw,2051,67.737
plw,2052,69.58
plw,2053,69.474
plw,2054,71.333
plw,2055,73.224
plw,2056,73.104
plw,2057,75.06
plw,2058,77.1
plw,2059,77.103
plw,2060,79.245
plw,2061,81.317
plw,2062,81.147
plw,2063,83.317
plw,2064,83.232
plw,2065,85.488
plw,2066,85.362
plw,2067,87.56
plw,2068,89.963
plw,2069,87.984
plw,2070,89.932
plw,2071,89.293
plw,2072,91.685
plw,2073,91.413
plw,2074,93.578
plw,2075,93.222
plw,2076,95.466
plw,2077,95.225
plw,2078,97.749
plw,2079,97.824
plw,2080,100.544
plw,2081,100.59
plw,2082,103.142
plw,2083,102.956
plw,2084,105.384
plw,2085,105.197
plw,2086,107.838
plw,2087,107.202
plw,2088,107.603
plw,2089,110.311
plw,2090,109.967
plw,2091,112.822
plw,2092,113.136
plw,2093,112.859
plw,2094,115.386
plw,2095,114.231
plw,2096,113.951
plw,2097,116.742
plw,2098,116.418
plw,2099,119.131
plw,2100,119.159
pse,1800,2.43
pse,1801,2.43
pse,1802,2.43
pse,1803,2.43
pse,1804,2.43
pse,1805,2.498
pse,1806,2.498
pse,1807,2.498
pse,1808,2.498
pse,1809,2.498
pse,1810,2.498
pse,1811,2.568
pse,1812,2.568
pse,1813,2.568
pse,1814,2.568
pse,1815,2.568
pse,1816,2.64
pse,1817,2.64
pse,1818,2.64
pse,1819,2.64
pse,1820,2.64
pse,1821,2.64
pse,1822,2.715
pse,1823,2.715
pse,1824,2.715
pse,1825,2.715
pse,1826,2.715
pse,1827,2.791
pse,1828,2.791
pse,1829,2.791
pse,1830,2.791
pse,1831,2.791
pse,1832,2.791
pse,1833,2.869
pse,1834,2.869
pse,1835,2.869
pse,1836,2.869
pse,1837,2.869
pse,1838,2.95
pse,1839,2.95
pse,1840,2.95
pse,1841,2.95
pse,1842,2.95
pse,1843,2.95
pse,1844,3.033
pse,1845,3.033
pse,1846,3.033
pse,1847,3.033
pse,1848,3.033
pse,1849,3.11
pse,1850,3.11
pse,1851,3.11
pse,1852,3.11
pse,1853,3.11
pse,1854,3.11
pse,1855,3.197
pse,1856,3.197
pse,1857,3.197
pse,1858,3.197
pse,1859,3.197
pse,1860,3.287
pse,1861,3.287
pse,1862,3.287
pse,1863,3.287
pse,1864,3.287
pse,1865,3.287
pse,1866,3.38
pse,1867,3.38
pse,1868,3.38
pse,1869,3.39
pse,1870,3.389
pse,1871,3.488
pse,1872,3.509
pse,1873,3.613
pse,1874,3.618
pse,1875,3.725
pse,1876,3.73
pse,1877,3.744
pse,1878,3.854
pse,1879,3.894
pse,1880,4.037
pse,1881,4.058
pse,1882,4.226
pse,1883,4.246
pse,1884,4.254
pse,1885,4.377
pse,1886,4.372
pse,1887,4.507
pse,1888,4.51
pse,1889,4.639
pse,1890,4.668
pse,1891,4.691
pse,1892,4.84
pse,1893,4.843
pse,1894,4.982
pse,1895,4.985
pse,1896,5.128
pse,1897,5.146
pse,1898,5.163
pse,1899,5.311
pse,1900,5.337
pse,1901,5.498
pse,1902,5.526
pse,1903,5.694
pse,1904,5.71
pse,1905,5.76
pse,1906,5.919
pse,1907,5.93
pse,1908,6.111
pse,1909,6.111
pse,1910,6.132
pse,1911,6.312
pse,1912,6.323
pse,1913,6.497
pse,1914,6.5
pse,1915,6.322
pse,1916,6.311
pse,1917,6.311
pse,1918,6.498
pse,1919,6.686
pse,1920,6.855
pse,1921,6.868
pse,1922,7.06
pse,1923,6.682
pse,1924,7.279
pse,1925,7.059
pse,1926,7.277
pse,1927,7.707
pse,1928,6.309
pse,1929,6.865
pse,1930,6.864
pse,1931,6.85
pse,1932,6.5
pse,1933,6.491
pse,1934,8.365
pse,1935,9.905
pse,1936,8.846
pse,1937,9.9
pse,1938,8.36
pse,1939,7.905
pse,1940,7.903
pse,1941,8.338
pse,1942,9.297
pse,1943,9.276
pse,1944,9.254
pse,1945,9.233
pse,1946,10.027
pse,1947,10.291
pse,1948,7.763
pse,1949,5.834
pse,1950,5.993
pse,1951,6.155
pse,1952,6.148
pse,1953,5.962
pse,1954,5.943
pse,1955,5.763
pse,1956,5.586
pse,1957,5.419
pse,1958,5.254
pse,1959,5.398
pse,1960,5.705
pse,1961,5.694
pse,1962,5.844
pse,1963,6.001
pse,1964,6.158
pse,1965,6.492
pse,1966,6.852
pse,1967,6.647
pse,1968,6.103
pse,1969,6.436
pse,1970,6.791
pse,1971,7.367
pse,1972,8.444
pse,1973,7.752
pse,1974,8.885
pse,1975,8.623
pse,1976,9.615
pse,1977,9.075
pse,1978,9.84
pse,1979,9.288
pse,1980,10.354
pse,1981,9.121
pse,1982,9.523
pse,1983,8.71
pse,1984,8.898
pse,1985,8.407
pse,1986,9.639
pse,1987,8.862
pse,1988,8.423
pse,1989,8.048
pse,1990,9.241
pse,1991,8.292
pse,1992,9.648
pse,1993,10.138
pse,1994,10.825
pse,1995,10.889
pse,1996,10.392
pse,1997,11.116
pse,1998,12.287
pse,1999,12.865
pse,2000,11.312
pse,2001,10.009
pse,2002,8.403
pse,2003,9.122
pse,2004,10.612
pse,2005,11.454
pse,2006,11.178
pse,2007,10.964
pse,2008,11.447
pse,2009,11.953
pse,2010,12.122
pse,2011,13.292
pse,2012,13.742
pse,2013,14.339
pse,2014,14.076
pse,2015,14.474
pse,2016,15.445
pse,2017,15.291
pse,2018,15.451
pse,2019,15.339
pse,2020,13.222
pse,2021,13.862
pse,2022,14.021
pse,2023,12.429
pse,2024,7.161
pse,2025,6.982
pse,2026,7.193
pse,2027,7.41
pse,2028,7.633
pse,2029,7.648
pse,2030,7.751
pse,2031,7.988
pse,2032,8.228
pse,2033,8.484
pse,2034,8.743
pse,2035,9.008
pse,2036,9.027
pse,2037,9.307
pse,2038,9.589
pse,2039,9.88
pse,2040,10.153
pse,2041,10.461
pse,2042,10.745
pse,2043,11.057
pse,2044,11.086
pse,2045,11.429
pse,2046,11.787
pse,2047,12.14
pse,2048,12.46
pse,2049,12.825
pse,2050,13.206
pse,2051,13.59
pse,2052,13.604
pse,2053,14.012
pse,2054,14.427
pse,2055,14.854
pse,2056,15.302
pse,2057,15.727
pse,2058,16.213
pse,2059,16.211
pse,2060,16.683
pse,2061,17.171
pse,2062,17.67
pse,2063,18.164
pse,2064,18.689
pse,2065,19.179
pse,2066,19.749
pse,2067,19.763
pse,2068,20.317
pse,2069,20.836
pse,2070,21.428
pse,2071,22.051
pse,2072,22.688
pse,2073,22.726
pse,2074,23.382
pse,2075,24.06
pse,2076,24.677
pse,2077,25.386
pse,2078,26.114
pse,2079,26.081
pse,2080,26.832
pse,2081,27.529
pse,2082,28.285
pse,2083,29.042
pse,2084,29.052
pse,2085,29.776
pse,2086,30.621
pse,2087,31.448
pse,2088,31.374
pse,2089,32.453
pse,2090,33.409
pse,2091,34.454
pse,2092,34.432
pse,2093,35.762
pse,2094,36.717
pse,2095,37.758
pse,2096,37.709
pse,2097,38.742
pse,2098,40.014
pse,2099,41.211
pse,2100,41.323
pan,1800,2.378
pan,1801,2.379
pan,1802,2.378
pan,1803,2.379
pan,1804,2.378
pan,1805,2.378
pan,1806,2.379
pan,1807,2.379
pan,1808,2.379
pan,1809,2.378
pan,1810,2.378
pan,1811,2.378
pan,1812,2.379
pan,1813,2.379
pan,1814,2.379
pan,1815,2.379
pan,1816,2.379
pan,1817,2.379
pan,1818,2.379
pan,1819,2.379
pan,1820,2.379
pan,1821,2.379
pan,1822,2.446
pan,1823,2.446
pan,1824,2.445
pan,1825,2.514
pan,1826,2.515
pan,1827,2.585
pan,1828,2.585
pan,1829,2.585
pan,1830,2.658
pan,1831,2.658
pan,1832,2.733
pan,1833,2.732
pan,1834,2.732
pan,1835,2.809
pan,1836,2.809
pan,1837,2.888
pan,1838,2.888
pan,1839,2.889
pan,1840,2.969
pan,1841,2.97
pan,1842,3.053
pan,1843,3.053
pan,1844,3.053
pan,1845,3.139
pan,1846,3.139
pan,1847,3.227
pan,1848,3.227
pan,1849,3.227
pan,1850,3.318
pan,1851,3.318
pan,1852,3.411
pan,1853,3.411
pan,1854,3.507
pan,1855,3.507
pan,1856,3.507
pan,1857,3.606
pan,1858,3.606
pan,1859,3.714
pan,1860,3.713
pan,1861,3.714
pan,1862,3.818
pan,1863,3.818
pan,1864,3.926
pan,1865,3.926
pan,1866,3.925
pan,1867,4.036
pan,1868,4.068
pan,1869,4.182
pan,1870,4.182
pan,1871,4.182
pan,1872,4.29
pan,1873,4.28
pan,1874,4.39
pan,1875,4.379
pan,1876,4.369
pan,1877,4.481
pan,1878,4.464
pan,1879,4.579
pan,1880,4.567
pan,1881,4.556
pan,1882,4.672
pan,1883,4.661
pan,1884,4.78
pan,1885,4.767
pan,1886,4.878
pan,1887,4.865
pan,1888,4.853
pan,1889,4.977
pan,1890,4.964
pan,1891,5.09
pan,1892,5.077
pan,1893,5.099
pan,1894,5.228
pan,1895,5.267
pan,1896,5.431
pan,1897,5.446
pan,1898,5.668
pan,1899,5.875
pan,1900,5.89
pan,1901,6.166
pan,1902,6.393
pan,1903,6.381
pan,1904,6.588
pan,1905,6.765
pan,1906,6.813
pan,1907,7.25
pan,1908,7.813
pan,1909,8.241
pan,1910,8.762
pan,1911,8.933
pan,1912,8.976
pan,1913,8.932
pan,1914,9.446
pan,1915,9.395
pan,1916,8.738
pan,1917,8.228
pan,1918,7.924
pan,1919,7.415
pan,1920,7.091
pan,1921,6.814
pan,1922,6.833
pan,1923,6.99
pan,1924,7.177
pan,1925,7.193
pan,1926,7.156
pan,1927,7.119
pan,1928,7.278
pan,1929,7.251
pan,1930,6.749
pan,1931,6.493
pan,1932,6.46
pan,1933,6.427
pan,1934,6.43
pan,1935,7.007
pan,1936,6.781
pan,1937,7.369
pan,1938,6.907
pan,1939,7.047
pan,1940,7.011
pan,1941,7.58
pan,1942,7.475
pan,1943,7.814
pan,1944,8.203
pan,1945,8.555
pan,1946,7.284
pan,1947,7.382
pan,1948,6.666
pan,1949,6.57
pan,1950,6.103
pan,1951,5.862
pan,1952,6.103
pan,1953,6.211
pan,1954,6.294
pan,1955,6.396
pan,1956,6.484
pan,1957,6.974
pan,1958,6.683
pan,1959,6.97
pan,1960,7.063
pan,1961,7.558
pan,1962,7.911
pan,1963,8.259
pan,1964,8.394
pan,1965,8.771
pan,1966,9.17
pan,1967,9.594
pan,1968,9.746
pan,1969,10.187
pan,1970,11.238
pan,1971,11.72
pan,1972,11.907
pan,1973,12.102
pan,1974,11.965
pan,1975,11.829
pan,1976,11.695
pan,1977,11.563
pan,1978,12.422
pan,1979,12.627
pan,1980,13.945
pan,1981,15.584
pan,1982,16.57
pan,1983,16.078
pan,1984,16.51
pan,1985,17.354
pan,1986,17.926
pan,1987,17.853
pan,1988,15.707
pan,1989,16.077
pan,1990,17.089
pan,1991,17.871
pan,1992,19.047
pan,1993,19.737
pan,1994,20.003
pan,1995,20.066
pan,1996,17.182
pan,1997,18.565
pan,1998,20.486
pan,1999,21.144
pan,2000,21.087
pan,2001,20.784
pan,2002,20.1
pan,2003,21.002
pan,2004,22.771
pan,2005,24.771
pan,2006,26.52
pan,2007,30.403
pan,2008,33.23
pan,2009,33.407
pan,2010,35.115
pan,2011,38.757
pan,2012,42.214
pan,2013,44.621
pan,2014,46.446
pan,2015,47.88
pan,2016,48.53
pan,2017,52.641
pan,2018,54.849
pan,2019,53.69
pan,2020,54.551
pan,2021,48.375
pan,2022,53.898
pan,2023,58.39
pan,2024,60.697
pan,2025,64.229
pan,2026,69.76
pan,2027,72.896
pan,2028,76.202
pan,2029,81.235
pan,2030,83.399
pan,2031,83.232
pan,2032,85.39
pan,2033,87.638
pan,2034,87.456
pan,2035,89.75
pan,2036,89.678
pan,2037,91.922
pan,2038,91.813
pan,2039,94.367
pan,2040,94.152
pan,2041,96.787
pan,2042,96.644
pan,2043,99.215
pan,2044,99.324
pan,2045,99.192
pan,2046,101.922
pan,2047,101.795
pan,2048,104.529
pan,2049,104.6
pan,2050,107.063
pan,2051,106.938
pan,2052,106.794
pan,2053,109.675
pan,2054,109.559
pan,2055,112.523
pan,2056,112.393
pan,2057,112.282
pan,2058,115.328
pan,2059,115.223
pan,2060,115.121
pan,2061,117.91
pan,2062,117.806
pan,2063,117.717
pan,2064,120.962
pan,2065,120.951
pan,2066,120.892
pan,2067,124.205
pan,2068,124.134
pan,2069,124.055
pan,2070,127.823
pan,2071,127.579
pan,2072,127.515
pan,2073,127.456
pan,2074,131.223
pan,2075,131.175
pan,2076,131.411
pan,2077,135.068
pan,2078,135.006
pan,2079,134.975
pan,2080,134.948
pan,2081,138.438
pan,2082,138.417
pan,2083,138.4
pan,2084,138.388
pan,2085,138.149
pan,2086,142.025
pan,2087,141.763
pan,2088,141.763
pan,2089,141.766
pan,2090,141.773
pan,2091,145.771
pan,2092,145.786
pan,2093,145.775
pan,2094,145.797
pan,2095,145.086
pan,2096,149.156
pan,2097,149.18
pan,2098,149.208
pan,2099,149.24
pan,2100,149.277
png,1800,1.665
png,1801,1.665
png,1802,1.665
png,1803,1.665
png,1804,1.666
png,1805,1.666
png,1806,1.666
png,1807,1.666
png,1808,1.666
png,1809,1.666
png,1810,1.666
png,1811,1.666
png,1812,1.666
png,1813,1.666
png,1814,1.666
png,1815,1.666
png,1816,1.666
png,1817,1.666
png,1818,1.666
png,1819,1.666
png,1820,1.666
png,1821,1.666
png,1822,1.665
png,1823,1.666
png,1824,1.665
png,1825,1.712
png,1826,1.712
png,1827,1.712
png,1828,1.712
png,1829,1.712
png,1830,1.712
png,1831,1.712
png,1832,1.712
png,1833,1.761
png,1834,1.76
png,1835,1.761
png,1836,1.76
png,1837,1.76
png,1838,1.761
png,1839,1.76
png,1840,1.761
png,1841,1.761
png,1842,1.81
png,1843,1.81
png,1844,1.81
png,1845,1.81
png,1846,1.81
png,1847,1.81
png,1848,1.81
png,1849,1.81
png,1850,1.861
png,1851,1.861
png,1852,1.861
png,1853,1.861
png,1854,1.872
png,1855,1.801
png,1856,1.774
png,1857,1.757
png,1858,1.839
png,1859,1.79
png,1860,1.761
png,1861,1.745
png,1862,1.906
png,1863,2.131
png,1864,2.08
png,1865,2.278
png,1866,2.551
png,1867,2.81
png,1868,2.327
png,1869,2.058
png,1870,1.798
png,1871,1.798
png,1872,1.799
png,1873,1.8
png,1874,1.851
png,1875,1.906
png,1876,2.26
png,1877,2.47
png,1878,2.82
png,1879,2.694
png,1880,2.535
png,1881,2.498
png,1882,2.413
png,1883,2.297
png,1884,2.249
png,1885,2.235
png,1886,2.242
png,1887,2.25
png,1888,2.264
png,1889,2.216
png,1890,2.246
png,1891,2.232
png,1892,2.242
png,1893,2.244
png,1894,2.283
png,1895,2.297
png,1896,2.285
png,1897,2.272
png,1898,2.26
png,1899,2.302
png,1900,2.322
png,1901,2.342
png,1902,2.37
png,1903,2.415
png,1904,2.505
png,1905,2.527
png,1906,2.502
png,1907,2.692
png,1908,2.725
png,1909,2.762
png,1910,2.821
png,1911,2.649
png,1912,2.445
png,1913,2.36
png,1914,2.263
png,1915,2.16
png,1916,2.161
png,1917,2.161
png,1918,2.163
png,1919,2.24
png,1920,2.24
png,1921,2.212
png,1922,2.176
png,1923,2.212
png,1924,2.237
png,1925,2.241
png,1926,2.244
png,1927,2.244
png,1928,2.327
png,1929,2.33
png,1930,2.333
png,1931,2.374
png,1932,2.428
png,1933,2.428
png,1934,2.429
png,1935,2.43
png,1936,2.431
png,1937,2.5
png,1938,2.501
png,1939,2.502
png,1940,2.503
png,1941,2.556
png,1942,2.539
png,1943,2.522
png,1944,2.576
png,1945,2.559
png,1946,2.542
png,1947,2.596
png,1948,2.579
png,1949,2.562
png,1950,2.617
png,1951,2.6
png,1952,2.655
png,1953,2.711
png,1954,2.693
png,1955,2.751
png,1956,2.809
png,1957,2.791
png,1958,2.85
png,1959,2.831
png,1960,2.892
png,1961,3.036
png,1962,3.192
png,1963,3.351
png,1964,3.617
png,1965,3.904
png,1966,4.098
png,1967,4.184
png,1968,4.272
png,1969,4.611
png,1970,5.116
png,1971,5.22
png,1972,5.48
png,1973,5.75
png,1974,5.872
png,1975,5.673
png,1976,5.483
png,1977,5.446
png,1978,5.716
png,1979,5.837
png,1980,5.639
png,1981,5.665
png,1982,5.759
png,1983,5.985
png,1984,5.912
png,1985,6.146
png,1986,6.128
png,1987,6.655
png,1988,6.833
png,1989,6.79
png,1990,6.477
png,1991,6.987
png,1992,7.343
png,1993,8.762
png,1994,8.92
png,1995,8.713
png,1996,8.695
png,1997,8.463
png,1998,7.573
png,1999,7.594
png,2000,7.154
png,2001,6.662
png,2002,6.662
png,2003,6.745
png,2004,6.726
png,2005,7.033
png,2006,7.121
png,2007,7.481
png,2008,7.403
png,2009,7.572
png,2010,8.385
png,2011,8.179
png,2012,8.374
png,2013,8.182
png,2014,9.332
png,2015,9.635
png,2016,9.971
png,2017,10.138
png,2018,9.62
png,2019,10.024
png,2020,9.275
png,2021,9.365
png,2022,9.663
png,2023,9.686
png,2024,10.103
png,2025,10.538
png,2026,10.94
png,2027,11.423
png,2028,11.571
png,2029,11.968
png,2030,12.449
png,2031,12.46
png,2032,12.831
png,2033,13.21
png,2034,13.602
png,2035,14.002
png,2036,14.039
png,2037,14.441
png,2038,14.852
png,2039,15.27
png,2040,15.694
png,2041,16.037
png,2042,15.989
png,2043,16.419
png,2044,16.886
png,2045,17.366
png,2046,17.858
png,2047,18.363
png,2048,18.375
png,2049,18.891
png,2050,19.426
png,2051,19.969
png,2052,20.46
png,2053,21.035
png,2054,21.614
png,2055,22.217
png,2056,22.207
png,2057,22.881
png,2058,23.508
png,2059,24.178
png,2060,24.858
png,2061,25.51
png,2062,26.226
png,2063,26.976
png,2064,27.053
png,2065,27.804
png,2066,28.602
png,2067,29.391
png,2068,30.208
png,2069,31.064
png,2070,31.934
png,2071,31.902
png,2072,32.761
png,2073,33.685
png,2074,34.605
png,2075,35.523
png,2076,36.491
png,2077,37.433
png,2078,38.404
png,2079,38.384
png,2080,39.4
png,2081,40.387
png,2082,41.457
png,2083,42.585
png,2084,44.01
png,2085,43.973
png,2086,45.095
png,2087,46.327
png,2088,47.865
png,2089,49.112
png,2090,50.722
png,2091,50.547
png,2092,51.904
png,2093,53.256
png,2094,54.664
png,2095,55.987
png,2096,55.878
png,2097,57.683
png,2098,59.138
png,2099,60.747
png,2100,62.363
pry,1800,2.216
pry,1801,2.216
pry,1802,2.216
pry,1803,2.216
pry,1804,2.216
pry,1805,2.216
pry,1806,2.216
pry,1807,2.216
pry,1808,2.216
pry,1809,2.216
pry,1810,2.216
pry,1811,2.216
pry,1812,2.216
pry,1813,2.215
pry,1814,2.216
pry,1815,2.216
pry,1816,2.215
pry,1817,2.215
pry,1818,2.215
pry,1819,2.215
pry,1820,2.215
pry,1821,2.274
pry,1822,2.274
pry,1823,2.274
pry,1824,2.338
pry,1825,2.338
pry,1826,2.404
pry,1827,2.404
pry,1828,2.472
pry,1829,2.472
pry,1830,2.541
pry,1831,2.541
pry,1832,2.541
pry,1833,2.613
pry,1834,2.613
pry,1835,2.686
pry,1836,2.686
pry,1837,2.762
pry,1838,2.762
pry,1839,2.839
pry,1840,2.839
pry,1841,2.919
pry,1842,2.919
pry,1843,2.919
pry,1844,3.001
pry,1845,3.001
pry,1846,3.086
pry,1847,3.086
pry,1848,3.172
pry,1849,3.172
pry,1850,3.262
pry,1851,3.262
pry,1852,3.261
pry,1853,3.353
pry,1854,3.353
pry,1855,3.448
pry,1856,3.448
pry,1857,3.544
pry,1858,3.544
pry,1859,3.644
pry,1860,3.644
pry,1861,3.746
pry,1862,3.746
pry,1863,3.747
pry,1864,3.852
pry,1865,3.852
pry,1866,3.96
pry,1867,3.96
pry,1868,4.071
pry,1869,4.072
pry,1870,4.186
pry,1871,4.186
pry,1872,4.303
pry,1873,4.302
pry,1874,4.302
pry,1875,4.41
pry,1876,4.409
pry,1877,4.533
pry,1878,4.532
pry,1879,4.659
pry,1880,4.658
pry,1881,4.788
pry,1882,4.787
pry,1883,4.799
pry,1884,4.936
pry,1885,4.957
pry,1886,5.095
pry,1887,5.094
pry,1888,5.235
pry,1889,5.246
pry,1890,5.392
pry,1891,5.41
pry,1892,5.611
pry,1893,5.644
pry,1894,5.684
pry,1895,5.882
pry,1896,5.878
pry,1897,6.046
pry,1898,6.032
pry,1899,6.209
pry,1900,6.205
pry,1901,6.388
pry,1902,6.403
pry,1903,6.424
pry,1904,6.617
pry,1905,6.611
pry,1906,6.792
pry,1907,6.786
pry,1908,6.971
pry,1909,6.985
pry,1910,6.997
pry,1911,7.188
pry,1912,7.182
pry,1913,7.203
pry,1914,7.207
pry,1915,7.402
pry,1916,7.426
pry,1917,7.43
pry,1918,7.422
pry,1919,7.638
pry,1920,7.625
pry,1921,7.632
pry,1922,7.671
pry,1923,7.876
pry,1924,7.858
pry,1925,7.848
pry,1926,7.847
pry,1927,7.851
pry,1928,8.061
pry,1929,8.049
pry,1930,8.038
pry,1931,8.027
pry,1932,8.036
pry,1933,8.249
pry,1934,8.247
pry,1935,8.234
pry,1936,8.232
pry,1937,8.22
pry,1938,8.437
pry,1939,8.422
pry,1940,7.691
pry,1941,7.633
pry,1942,7.814
pry,1943,7.761
pry,1944,7.918
pry,1945,7.406
pry,1946,7.812
pry,1947,6.647
pry,1948,6.6
pry,1949,7.616
pry,1950,6.719
pry,1951,6.67
pry,1952,6.422
pry,1953,6.369
pry,1954,6.331
pry,1955,6.477
pry,1956,6.614
pry,1957,6.764
pry,1958,6.908
pry,1959,6.667
pry,1960,6.613
pry,1961,6.756
pry,1962,6.903
pry,1963,7.047
pry,1964,6.998
pry,1965,7.343
pry,1966,7.092
pry,1967,7.445
pry,1968,7.393
pry,1969,7.551
pry,1970,7.711
pry,1971,7.873
pry,1972,8.264
pry,1973,8.675
pry,1974,9.107
pry,1975,9.558
pry,1976,10.034
pry,1977,10.828
pry,1978,11.69
pry,1979,12.612
pry,1980,13.987
pry,1981,15.267
pry,1982,15.96
pry,1983,15.206
pry,1984,15.572
pry,1985,15.777
pry,1986,16.044
pry,1987,16.461
pry,1988,17.484
pry,1989,18.639
pry,1990,19.029
pry,1991,18.55
pry,1992,17.506
pry,1993,16.869
pry,1994,16.545
pry,1995,16.027
pry,1996,16.717
pry,1997,17.358
pry,1998,16.924
pry,1999,16.507
pry,2000,15.967
pry,2001,15.526
pry,2002,14.718
pry,2003,15.686
pry,2004,16.9
pry,2005,17.536
pry,2006,18.209
pry,2007,19.113
pry,2008,20.63
pry,2009,21.131
pry,2010,23.335
pry,2011,23.517
pry,2012,25.141
pry,2013,25.8
pry,2014,25.72
pry,2015,27.705
pry,2016,27.968
pry,2017,28.555
pry,2018,30.606
pry,2019,29.984
pry,2020,31.056
pry,2021,31.842
pry,2022,30.514
pry,2023,32.358
pry,2024,33.984
pry,2025,35.733
pry,2026,37.355
pry,2027,39.042
pry,2028,40.647
pry,2029,42.037
pry,2030,43.955
pry,2031,45.117
pry,2032,46.312
pry,2033,46.224
pry,2034,47.432
pry,2035,48.699
pry,2036,49.977
pry,2037,51.288
pry,2038,52.646
pry,2039,52.489
pry,2040,53.883
pry,2041,55.255
pry,2042,56.688
pry,2043,56.561
pry,2044,58.023
pry,2045,59.517
pry,2046,61.008
pry,2047,62.567
pry,2048,62.406
pry,2049,63.909
pry,2050,65.541
pry,2051,65.365
pry,2052,66.995
pry,2053,68.693
pry,2054,70.245
pry,2055,70.068
pry,2056,71.844
pry,2057,73.66
pry,2058,73.497
pry,2059,75.352
pry,2060,77.264
pry,2061,77.032
pry,2062,78.774
pry,2063,80.754
pry,2064,80.52
pry,2065,82.514
pry,2066,84.465
pry,2067,84.264
pry,2068,86.221
pry,2069,88.381
pry,2070,88.053
pry,2071,90.138
pry,2072,89.867
pry,2073,91.893
pry,2074,91.615
pry,2075,93.906
pry,2076,96.178
pry,2077,95.888
pry,2078,98.535
pry,2079,98.216
pry,2080,100.769
pry,2081,100.704
pry,2082,103.177
pry,2083,102.841
pry,2084,105.449
pry,2085,105.878
pry,2086,108.481
pry,2087,108.293
pry,2088,110.959
pry,2089,110.618
pry,2090,113.431
pry,2091,113.05
pry,2092,116.168
pry,2093,116.162
pry,2094,116.01
pry,2095,118.983
pry,2096,119.822
pry,2097,122.542
pry,2098,122.265
pry,2099,125.234
pry,2100,124.819
per,1800,3.109
per,1801,2.918
per,1802,3.0
per,1803,2.918
per,1804,2.918
per,1805,3.0
per,1806,3.084
per,1807,3.084
per,1808,3.0
per,1809,3.0
per,1810,3.0
per,1811,2.838
per,1812,2.838
per,1813,2.756
per,1814,2.68
per,1815,2.607
per,1816,2.681
per,1817,2.607
per,1818,2.607
per,1819,2.536
per,1820,2.467
per,1821,2.031
per,1822,1.922
per,1823,1.976
per,1824,1.922
per,1825,1.976
per,1826,1.869
per,1827,2.031
per,1828,1.976
per,1829,1.922
per,1830,1.976
per,1831,1.976
per,1832,1.922
per,1833,2.031
per,1834,2.089
per,1835,2.147
per,1836,2.27
per,1837,2.399
per,1838,2.399
per,1839,2.334
per,1840,2.467
per,1841,2.607
per,1842,2.607
per,1843,2.467
per,1844,2.399
per,1845,2.607
per,1846,2.536
per,1847,2.756
per,1848,2.838
per,1849,2.918
per,1850,2.761
per,1851,3.196
per,1852,3.0
per,1853,3.473
per,1854,3.666
per,1855,3.865
per,1856,3.666
per,1857,4.444
per,1858,3.974
per,1859,3.865
per,1860,3.865
per,1861,3.666
per,1862,3.667
per,1863,3.974
per,1864,3.76
per,1865,3.77
per,1866,3.865
per,1867,3.865
per,1868,3.865
per,1869,4.474
per,1870,5.641
per,1871,5.898
per,1872,6.052
per,1873,6.04
per,1874,6.037
per,1875,5.386
per,1876,6.014
per,1877,5.371
per,1878,4.216
per,1879,3.546
per,1880,2.522
per,1881,2.319
per,1882,2.45
per,1883,2.191
per,1884,2.659
per,1885,2.514
per,1886,2.583
per,1887,2.375
per,1888,2.652
per,1889,2.65
per,1890,2.437
per,1891,2.647
per,1892,2.719
per,1893,2.501
per,1894,2.3
per,1895,2.429
per,1896,2.638
per,1897,2.869
per,1898,3.03
per,1899,3.131
per,1900,3.128
per,1901,3.304
per,1902,3.487
per,1903,3.683
per,1904,3.777
per,1905,3.989
per,1906,4.314
per,1907,4.681
per,1908,4.674
per,1909,4.667
per,1910,4.792
per,1911,4.815
per,1912,5.044
per,1913,5.041
per,1914,5.025
per,1915,5.37
per,1916,5.954
per,1917,6.178
per,1918,6.162
per,1919,6.316
per,1920,6.299
per,1921,6.311
per,1922,6.878
per,1923,7.304
per,1924,7.772
per,1925,7.98
per,1926,8.645
per,1927,8.617
per,1928,8.847
per,1929,9.692
per,1930,8.531
per,1931,7.542
per,1932,7.103
per,1933,7.769
per,1934,8.668
per,1935,9.435
per,1936,9.709
per,1937,9.673
per,1938,9.637
per,1939,9.338
per,1940,9.564
per,1941,9.182
per,1942,8.595
per,1943,8.497
per,1944,9.218
per,1945,9.134
per,1946,9.304
per,1947,9.221
per,1948,9.36
per,1949,9.804
per,1950,10.276
per,1951,10.766
per,1952,10.994
per,1953,11.178
per,1954,11.075
per,1955,11.61
per,1956,11.503
per,1957,11.717
per,1958,11.292
per,1959,11.187
per,1960,12.025
per,1961,12.589
per,1962,13.163
per,1963,13.07
per,1964,13.341
per,1965,13.617
per,1966,14.276
per,1967,14.573
per,1968,13.704
per,1969,13.608
per,1970,14.271
per,1971,14.167
per,1972,14.465
per,1973,14.76
per,1974,15.058
per,1975,15.374
per,1976,15.279
per,1977,14.754
per,1978,13.869
per,1979,14.161
per,1980,14.457
per,1981,15.349
per,1982,15.394
per,1983,13.781
per,1984,14.135
per,1985,14.546
per,1986,15.924
per,1987,16.623
per,1988,15.73
per,1989,13.408
per,1990,12.762
per,1991,12.876
per,1992,12.693
per,1993,13.59
per,1994,15.281
per,1995,15.916
per,1996,13.53
per,1997,14.428
per,1998,13.214
per,1999,12.872
per,2000,15.478
per,2001,14.3
per,2002,14.176
per,2003,14.476
per,2004,16.405
per,2005,17.358
per,2006,18.685
per,2007,20.186
per,2008,23.222
per,2009,23.137
per,2010,25.657
per,2011,27.962
per,2012,28.999
per,2013,31.075
per,2014,31.55
per,2015,31.967
per,2016,32.823
per,2017,33.227
per,2018,33.919
per,2019,34.697
per,2020,29.407
per,2021,34.294
per,2022,35.088
per,2023,34.476
per,2024,35.908
per,2025,37.971
per,2026,39.704
per,2027,41.474
per,2028,41.986
per,2029,43.459
per,2030,45.056
per,2031,44.936
per,2032,46.105
per,2033,47.317
per,2034,48.53
per,2035,49.788
per,2036,51.041
per,2037,52.291
per,2038,52.1
per,2039,53.296
per,2040,54.609
per,2041,56.017
per,2042,57.373
per,2043,57.226
per,2044,58.615
per,2045,59.694
per,2046,61.066
per,2047,62.624
per,2048,62.315
per,2049,63.652
per,2050,65.2
per,2051,66.672
per,2052,68.277
per,2053,67.921
per,2054,70.087
per,2055,72.112
per,2056,73.866
per,2057,73.481
per,2058,75.26
per,2059,77.317
per,2060,77.025
per,2061,79.191
per,2062,81.234
per,2063,83.266
per,2064,83.043
per,2065,85.06
per,2066,87.04
per,2067,86.642
per,2068,88.783
per,2069,90.864
per,2070,90.673
per,2071,92.94
per,2072,95.191
per,2073,94.765
per,2074,97.621
per,2075,97.259
per,2076,99.502
per,2077,101.831
per,2078,101.452
per,2079,103.917
per,2080,103.422
per,2081,106.03
per,2082,108.913
per,2083,108.375
per,2084,111.33
per,2085,110.932
per,2086,114.115
per,2087,113.716
per,2088,116.726
per,2089,116.327
per,2090,119.526
per,2091,118.937
per,2092,121.513
per,2093,121.081
per,2094,124.071
per,2095,123.697
per,2096,126.759
per,2097,126.341
per,2098,129.477
per,2099,129.112
per,2100,131.772
phl,1800,2.691
phl,1801,2.691
phl,1802,2.691
phl,1803,2.691
phl,1804,2.691
phl,1805,2.691
phl,1806,2.691
phl,1807,2.691
phl,1808,2.691
phl,1809,2.691
phl,1810,2.691
phl,1811,2.691
phl,1812,2.691
phl,1813,2.691
phl,1814,2.691
phl,1815,2.691
phl,1816,2.691
phl,1817,2.691
phl,1818,2.691
phl,1819,2.691
phl,1820,2.691
phl,1821,2.691
phl,1822,2.691
phl,1823,2.691
phl,1824,2.767
phl,1825,2.767
phl,1826,2.767
phl,1827,2.767
phl,1828,2.767
phl,1829,2.767
phl,1830,2.767
phl,1831,2.767
phl,1832,2.767
phl,1833,2.767
phl,1834,2.767
phl,1835,2.767
phl,1836,2.767
phl,1837,2.767
phl,1838,2.767
phl,1839,2.767
phl,1840,2.767
phl,1841,2.767
phl,1842,2.767
phl,1843,2.767
phl,1844,2.845
phl,1845,2.845
phl,1846,2.845
phl,1847,2.845
phl,1848,2.845
phl,1849,2.845
phl,1850,2.845
phl,1851,2.845
phl,1852,2.845
phl,1853,2.845
phl,1854,2.845
phl,1855,2.845
phl,1856,2.845
phl,1857,2.845
phl,1858,2.845
phl,1859,2.845
phl,1860,2.845
phl,1861,2.845
phl,1862,2.845
phl,1863,2.845
phl,1864,2.845
phl,1865,2.925
phl,1866,2.925
phl,1867,2.925
phl,1868,2.925
phl,1869,2.925
phl,1870,2.949
phl,1871,2.949
phl,1872,2.949
phl,1873,2.949
phl,1874,2.949
phl,1875,2.949
phl,1876,2.949
phl,1877,2.949
phl,1878,2.949
phl,1879,3.032
phl,1880,3.032
phl,1881,3.033
phl,1882,3.033
phl,1883,3.033
phl,1884,3.033
phl,1885,3.033
phl,1886,3.033
phl,1887,3.033
phl,1888,3.033
phl,1889,3.033
phl,1890,3.033
phl,1891,3.118
phl,1892,3.119
phl,1893,3.118
phl,1894,3.119
phl,1895,3.119
phl,1896,3.119
phl,1897,3.119
phl,1898,3.119
phl,1899,3.119
phl,1900,3.119
phl,1901,3.119
phl,1902,3.119
phl,1903,3.787
phl,1904,3.207
phl,1905,3.297
phl,1906,3.39
phl,1907,3.485
phl,1908,3.684
phl,1909,3.684
phl,1910,4.116
phl,1911,4.232
phl,1912,4.232
phl,1913,4.599
phl,1914,4.474
phl,1915,4.117
phl,1916,4.729
phl,1917,5.459
phl,1918,6.095
phl,1919,5.769
phl,1920,6.094
phl,1921,5.769
phl,1922,6.441
phl,1923,5.93
phl,1924,6.264
phl,1925,6.264
phl,1926,6.439
phl,1927,6.439
phl,1928,6.612
phl,1929,6.612
phl,1930,6.431
phl,1931,6.437
phl,1932,6.611
phl,1933,6.436
phl,1934,6.436
phl,1935,5.762
phl,1936,6.435
phl,1937,6.796
phl,1938,6.796
phl,1939,7.203
phl,1940,7.202
phl,1941,6.043
phl,1942,5.224
phl,1943,4.504
phl,1944,3.893
phl,1945,3.365
phl,1946,2.908
phl,1947,3.917
phl,1948,4.468
phl,1949,4.562
phl,1950,4.657
phl,1951,5.032
phl,1952,5.137
phl,1953,5.389
phl,1954,5.655
phl,1955,5.77
phl,1956,6.056
phl,1957,6.012
phl,1958,6.137
phl,1959,6.27
phl,1960,6.055
phl,1961,6.187
phl,1962,6.322
phl,1963,6.463
phl,1964,6.415
phl,1965,6.558
phl,1966,6.691
phl,1967,6.66
phl,1968,6.795
phl,1969,6.933
phl,1970,6.883
phl,1971,7.023
phl,1972,7.169
phl,1973,7.526
phl,1974,7.466
phl,1975,7.618
phl,1976,7.988
phl,1977,8.148
phl,1978,8.309
phl,1979,8.472
phl,1980,8.64
phl,1981,8.91
phl,1982,9.269
phl,1983,9.364
phl,1984,8.604
phl,1985,7.912
phl,1986,8.03
phl,1987,8.246
phl,1988,8.707
phl,1989,9.189
phl,1990,9.347
phl,1991,8.995
phl,1992,8.894
phl,1993,8.947
phl,1994,9.225
phl,1995,9.26
phl,1996,9.356
phl,1997,9.379
phl,1998,9.261
phl,1999,9.456
phl,2000,9.681
phl,2001,9.905
phl,2002,10.186
phl,2003,10.602
phl,2004,10.973
phl,2005,11.173
phl,2006,11.341
phl,2007,12.04
phl,2008,12.377
phl,2009,12.367
phl,2010,12.928
phl,2011,13.168
phl,2012,13.662
phl,2013,14.523
phl,2014,15.399
phl,2015,16.264
phl,2016,17.502
phl,2017,18.796
phl,2018,20.076
phl,2019,21.019
phl,2020,18.848
phl,2021,19.898
phl,2022,21.026
phl,2023,21.987
phl,2024,23.129
phl,2025,24.234
phl,2026,25.95
phl,2027,27.802
phl,2028,29.682
phl,2029,30.699
phl,2030,31.884
phl,2031,32.799
phl,2032,33.729
phl,2033,34.638
phl,2034,35.611
phl,2035,36.623
phl,2036,37.637
phl,2037,37.629
phl,2038,38.59
phl,2039,39.633
phl,2040,40.727
phl,2041,41.854
phl,2042,42.986
phl,2043,42.958
phl,2044,44.063
phl,2045,45.265
phl,2046,46.468
phl,2047,47.659
phl,2048,48.813
phl,2049,48.757
phl,2050,50.075
phl,2051,51.367
phl,2052,52.732
phl,2053,54.076
phl,2054,53.907
phl,2055,55.203
phl,2056,56.632
phl,2057,57.886
phl,2058,57.725
phl,2059,59.205
phl,2060,60.757
phl,2061,62.383
phl,2062,62.02
phl,2063,63.345
phl,2064,64.676
phl,2065,66.427
phl,2066,66.273
phl,2067,67.562
phl,2068,69.289
phl,2069,68.951
phl,2070,70.707
phl,2071,72.496
phl,2072,72.467
phl,2073,74.788
phl,2074,77.177
phl,2075,76.996
phl,2076,78.943
phl,2077,80.841
phl,2078,80.759
phl,2079,83.045
phl,2080,85.178
phl,2081,84.991
phl,2082,87.807
phl,2083,87.72
phl,2084,89.857
phl,2085,92.432
phl,2086,92.229
phl,2087,94.494
phl,2088,94.157
phl,2089,96.673
phl,2090,96.365
phl,2091,99.077
phl,2092,101.656
phl,2093,101.524
phl,2094,104.067
phl,2095,103.847
phl,2096,107.335
phl,2097,107.12
phl,2098,109.795
phl,2099,109.51
phl,2100,112.366
pol,1800,2.786
pol,1801,2.71
pol,1802,2.636
pol,1803,2.636
pol,1804,2.564
pol,1805,2.485
pol,1806,2.417
pol,1807,2.338
pol,1808,2.245
pol,1809,2.183
pol,1810,2.123
pol,1811,2.123
pol,1812,2.009
pol,1813,2.065
pol,1814,2.183
pol,1815,2.244
pol,1816,2.245
pol,1817,2.244
pol,1818,2.338
pol,1819,2.485
pol,1820,2.564
pol,1821,2.564
pol,1822,2.612
pol,1823,2.685
pol,1824,2.759
pol,1825,2.725
pol,1826,2.725
pol,1827,2.776
pol,1828,2.854
pol,1829,2.854
pol,1830,2.828
pol,1831,2.716
pol,1832,2.716
pol,1833,2.705
pol,1834,2.705
pol,1835,2.705
pol,1836,2.751
pol,1837,2.751
pol,1838,2.716
pol,1839,2.704
pol,1840,2.588
pol,1841,2.661
pol,1842,2.661
pol,1843,2.661
pol,1844,2.661
pol,1845,2.661
pol,1846,2.74
pol,1847,2.739
pol,1848,2.726
pol,1849,2.731
pol,1850,2.803
pol,1851,2.953
pol,1852,3.022
pol,1853,3.194
pol,1854,3.192
pol,1855,3.303
pol,1856,3.285
pol,1857,3.389
pol,1858,3.582
pol,1859,3.668
pol,1860,3.958
pol,1861,4.069
pol,1862,3.953
pol,1863,4.117
pol,1864,4.234
pol,1865,4.233
pol,1866,4.353
pol,1867,4.475
pol,1868,4.601
pol,1869,4.584
pol,1870,4.6
pol,1871,4.546
pol,1872,4.598
pol,1873,4.745
pol,1874,4.847
pol,1875,4.919
pol,1876,5.116
pol,1877,5.371
pol,1878,6.143
pol,1879,6.789
pol,1880,6.982
pol,1881,6.368
pol,1882,6.281
pol,1883,6.299
pol,1884,6.495
pol,1885,6.513
pol,1886,6.715
pol,1887,6.55
pol,1888,6.753
pol,1889,6.962
pol,1890,6.981
pol,1891,7.197
pol,1892,7.439
pol,1893,7.457
pol,1894,7.705
pol,1895,7.724
pol,1896,8.086
pol,1897,8.419
pol,1898,8.739
pol,1899,8.957
pol,1900,9.223
pol,1901,9.262
pol,1902,9.304
pol,1903,9.344
pol,1904,9.407
pol,1905,9.422
pol,1906,9.423
pol,1907,9.439
pol,1908,9.524
pol,1909,9.536
pol,1910,9.547
pol,1911,9.555
pol,1912,9.554
pol,1913,9.866
pol,1914,9.9
pol,1915,10.191
pol,1916,10.251
pol,1917,10.265
pol,1918,10.567
pol,1919,10.585
pol,1920,10.902
pol,1921,10.931
pol,1922,11.251
pol,1923,11.317
pol,1924,11.323
pol,1925,11.662
pol,1926,11.665
pol,1927,12.014
pol,1928,12.002
pol,1929,12.339
pol,1930,11.721
pol,1931,10.475
pol,1932,9.641
pol,1933,9.137
pol,1934,9.402
pol,1935,9.415
pol,1936,9.422
pol,1937,11.199
pol,1938,12.874
pol,1939,10.896
pol,1940,10.02
pol,1941,8.648
pol,1942,8.151
pol,1943,5.148
pol,1944,5.418
pol,1945,9.237
pol,1946,10.551
pol,1947,11.734
pol,1948,12.679
pol,1949,12.96
pol,1950,13.621
pol,1951,13.923
pol,1952,13.843
pol,1953,14.548
pol,1954,14.87
pol,1955,15.2
pol,1956,15.537
pol,1957,15.882
pol,1958,16.234
pol,1959,16.594
pol,1960,16.962
pol,1961,18.326
pol,1962,17.708
pol,1963,18.098
pol,1964,19.019
pol,1965,19.432
pol,1966,20.424
pol,1967,20.869
pol,1968,21.921
pol,1969,21.796
pol,1970,22.27
pol,1971,23.403
pol,1972,24.587
pol,1973,25.835
pol,1974,27.149
pol,1975,28.527
pol,1976,29.155
pol,1977,29.794
pol,1978,31.304
pol,1979,31.117
pol,1980,29.265
pol,1981,27.843
pol,1982,27.557
pol,1983,29.263
pol,1984,29.93
pol,1985,31.08
pol,1986,31.915
pol,1987,32.739
pol,1988,34.338
pol,1989,35.86
pol,1990,33.259
pol,1991,30.771
pol,1992,31.076
pol,1993,33.435
pol,1994,33.962
pol,1995,35.552
pol,1996,37.229
pol,1997,39.581
pol,1998,41.827
pol,1999,43.919
pol,2000,46.374
pol,2001,47.381
pol,2002,47.196
pol,2003,48.663
pol,2004,51.294
pol,2005,53.188
pol,2006,57.322
pol,2007,61.158
pol,2008,63.982
pol,2009,65.293
pol,2010,67.985
pol,2011,72.703
pol,2012,73.724
pol,2013,74.104
pol,2014,78.399
pol,2015,81.198
pol,2016,84.466
pol,2017,89.433
pol,2018,93.855
pol,2019,98.739
pol,2020,101.805
pol,2021,111.9
pol,2022,109.445
pol,2023,112.215
pol,2024,113.848
pol,2025,121.876
pol,2026,129.116
pol,2027,138.591
pol,2028,144.044
pol,2029,149.05
pol,2030,152.166
pol,2031,156.198
pol,2032,155.31
pol,2033,158.689
pol,2034,157.735
pol,2035,161.233
pol,2036,160.318
pol,2037,159.414
pol,2038,162.982
pol,2039,161.959
pol,2040,165.517
pol,2041,164.614
pol,2042,168.335
pol,2043,167.399
pol,2044,166.524
pol,2045,170.265
pol,2046,169.456
pol,2047,173.346
pol,2048,172.489
pol,2049,171.649
pol,2050,175.589
pol,2051,174.757
pol,2052,174.097
pol,2053,178.009
pol,2054,177.391
pol,2055,176.606
pol,2056,180.493
pol,2057,179.229
pol,2058,178.453
pol,2059,182.485
pol,2060,181.732
pol,2061,180.656
pol,2062,184.97
pol,2063,184.001
pol,2064,183.263
pol,2065,182.541
pol,2066,186.945
pol,2067,186.233
pol,2068,185.536
pol,2069,184.864
pol,2070,189.375
pol,2071,188.704
pol,2072,188.047
pol,2073,187.405
pol,2074,192.026
pol,2075,191.119
pol,2076,190.495
pol,2077,189.885
pol,2078,194.61
pol,2079,194.01
pol,2080,193.424
pol,2081,192.85
pol,2082,192.618
pol,2083,197.195
pol,2084,196.644
pol,2085,196.107
pol,2086,195.58
pol,2087,195.066
pol,2088,194.565
pol,2089,199.53
pol,2090,198.877
pol,2091,198.393
pol,2092,197.919
pol,2093,197.457
pol,2094,196.569
pol,2095,201.637
pol,2096,201.187
pol,2097,200.748
pol,2098,200.32
pol,2099,199.902
pol,2100,199.493
prt,1800,4.899
prt,1801,4.774
prt,1802,4.775
prt,1803,4.899
prt,1804,5.037
prt,1805,4.899
prt,1806,4.775
prt,1807,4.775
prt,1808,4.899
prt,1809,4.775
prt,1810,4.03
prt,1811,3.607
prt,1812,3.812
prt,1813,4.143
prt,1814,4.259
prt,1815,4.502
prt,1816,4.623
prt,1817,4.618
prt,1818,4.791
prt,1819,5.168
prt,1820,5.313
prt,1821,5.313
prt,1822,5.113
prt,1823,4.924
prt,1824,4.048
prt,1825,3.908
prt,1826,4.487
prt,1827,4.53
prt,1828,4.53
prt,1829,5.061
prt,1830,5.185
prt,1831,5.049
prt,1832,4.734
prt,1833,4.437
prt,1834,3.919
prt,1835,3.82
prt,1836,3.659
prt,1837,4.304
prt,1838,4.315
prt,1839,4.564
prt,1840,5.652
prt,1841,6.677
prt,1842,6.202
prt,1843,5.43
prt,1844,5.272
prt,1845,5.406
prt,1846,5.127
prt,1847,4.69
prt,1848,4.977
prt,1849,5.147
prt,1850,4.983
prt,1851,4.958
prt,1852,4.976
prt,1853,4.97
prt,1854,4.853
prt,1855,4.872
prt,1856,5.744
prt,1857,6.538
prt,1858,4.316
prt,1859,3.862
prt,1860,3.852
prt,1861,3.648
prt,1862,3.717
prt,1863,4.437
prt,1864,4.35
prt,1865,4.334
prt,1866,4.406
prt,1867,4.53
prt,1868,4.53
prt,1869,4.657
prt,1870,4.788
prt,1871,4.53
prt,1872,4.659
prt,1873,4.792
prt,1874,4.662
prt,1875,4.664
prt,1876,4.538
prt,1877,4.667
prt,1878,4.781
prt,1879,4.816
prt,1880,4.693
prt,1881,4.791
prt,1882,4.456
prt,1883,4.386
prt,1884,4.472
prt,1885,4.378
prt,1886,4.567
prt,1887,4.879
prt,1888,5.142
prt,1889,4.996
prt,1890,5.139
prt,1891,5.067
prt,1892,5.075
prt,1893,5.025
prt,1894,4.902
prt,1895,5.061
prt,1896,5.108
prt,1897,5.102
prt,1898,5.158
prt,1899,5.518
prt,1900,5.726
prt,1901,5.702
prt,1902,5.745
prt,1903,5.835
prt,1904,6.454
prt,1905,6.291
prt,1906,6.064
prt,1907,6.162
prt,1908,6.0
prt,1909,5.863
prt,1910,6.123
prt,1911,6.118
prt,1912,6.225
prt,1913,6.215
prt,1914,6.242
prt,1915,6.065
prt,1916,6.067
prt,1917,5.903
prt,1918,5.743
prt,1919,5.745
prt,1920,6.074
prt,1921,6.423
prt,1922,7.03
prt,1923,7.243
prt,1924,7.029
prt,1925,7.226
prt,1926,7.03
prt,1927,8.314
prt,1928,7.225
prt,1929,8.093
prt,1930,7.869
prt,1931,8.086
prt,1932,8.087
prt,1933,8.516
prt,1934,8.792
prt,1935,8.309
prt,1936,7.627
prt,1937,8.733
prt,1938,8.715
prt,1939,8.746
prt,1940,8.23
prt,1941,9.021
prt,1942,8.495
prt,1943,8.607
prt,1944,8.977
prt,1945,8.37
prt,1946,8.812
prt,1947,9.597
prt,1948,9.529
prt,1949,9.517
prt,1950,9.772
prt,1951,10.072
prt,1952,10.086
prt,1953,11.158
prt,1954,11.49
prt,1955,11.693
prt,1956,12.087
prt,1957,12.313
prt,1958,12.235
prt,1959,12.838
prt,1960,13.506
prt,1961,14.2
prt,1962,15.33
prt,1963,16.143
prt,1964,16.973
prt,1965,17.863
prt,1966,18.93
prt,1967,20.451
prt,1968,22.029
prt,1969,22.5
prt,1970,24.295
prt,1971,26.241
prt,1972,28.309
prt,1973,30.568
prt,1974,30.387
prt,1975,28.795
prt,1976,30.035
prt,1977,30.764
prt,1978,31.453
prt,1979,33.032
prt,1980,33.736
prt,1981,35.844
prt,1982,37.841
prt,1983,38.485
prt,1984,39.075
prt,1985,40.495
prt,1986,42.482
prt,1987,46.158
prt,1988,49.865
prt,1989,54.462
prt,1990,60.456
prt,1991,62.491
prt,1992,64.725
prt,1993,62.943
prt,1994,63.706
prt,1995,66.511
prt,1996,68.773
prt,1997,71.499
prt,1998,74.84
prt,1999,78.133
prt,2000,80.412
prt,2001,81.21
prt,2002,81.636
prt,2003,81.104
prt,2004,80.521
prt,2005,81.058
prt,2006,82.768
prt,2007,86.288
prt,2008,89.539
prt,2009,88.875
prt,2010,88.983
prt,2011,87.0
prt,2012,84.995
prt,2013,85.452
prt,2014,86.726
prt,2015,88.174
prt,2016,90.109
prt,2017,93.949
prt,2018,97.914
prt,2019,100.377
prt,2020,90.959
prt,2021,94.854
prt,2022,96.082
prt,2023,97.481
prt,2024,97.927
prt,2025,101.402
prt,2026,107.778
prt,2027,111.982
prt,2028,116.194
prt,2029,116.607
prt,2030,120.259
prt,2031,122.93
prt,2032,122.069
prt,2033,124.708
prt,2034,123.982
prt,2035,126.752
prt,2036,125.995
prt,2037,128.822
prt,2038,128.116
prt,2039,130.978
prt,2040,130.236
prt,2041,133.178
prt,2042,132.469
prt,2043,135.38
prt,2044,134.668
prt,2045,137.734
prt,2046,137.025
prt,2047,140.131
prt,2048,139.423
prt,2049,138.624
prt,2050,142.044
prt,2051,141.364
prt,2052,144.64
prt,2053,143.954
prt,2054,143.399
prt,2055,146.696
prt,2056,146.013
prt,2057,149.442
prt,2058,149.168
prt,2059,148.457
prt,2060,152.078
prt,2061,151.459
prt,2062,150.829
prt,2063,154.433
prt,2064,153.763
prt,2065,153.117
prt,2066,156.801
prt,2067,156.133
prt,2068,155.534
prt,2069,159.542
prt,2070,159.115
prt,2071,158.541
prt,2072,157.976
prt,2073,161.931
prt,2074,161.374
prt,2075,161.011
prt,2076,160.887
prt,2077,164.845
prt,2078,164.324
prt,2079,163.67
prt,2080,163.167
prt,2081,167.125
prt,2082,166.628
prt,2083,166.163
prt,2084,165.551
prt,2085,169.722
prt,2086,169.249
prt,2087,168.784
prt,2088,168.33
prt,2089,168.149
prt,2090,172.431
prt,2091,171.868
prt,2092,171.204
prt,2093,170.782
prt,2094,170.368
prt,2095,175.196
prt,2096,175.422
prt,2097,175.036
prt,2098,174.335
prt,2099,173.961
prt,2100,173.594
qat,1800,3.051
qat,1801,3.137
qat,1802,3.137
qat,1803,3.137
qat,1804,3.137
qat,1805,3.137
qat,1806,3.137
qat,1807,3.137
qat,1808,3.225
qat,1809,3.225
qat,1810,3.225
qat,1811,3.225
qat,1812,3.225
qat,1813,3.225
qat,1814,3.164
qat,1815,3.253
qat,1816,3.253
qat,1817,3.253
qat,1818,3.253
qat,1819,3.299
qat,1820,3.299
qat,1821,3.299
qat,1822,3.299
qat,1823,3.392
qat,1824,3.392
qat,1825,3.448
qat,1826,3.448
qat,1827,3.448
qat,1828,3.448
qat,1829,3.448
qat,1830,3.596
qat,1831,3.596
qat,1832,3.596
qat,1833,3.649
qat,1834,3.701
qat,1835,3.701
qat,1836,3.757
qat,1837,3.757
qat,1838,3.863
qat,1839,3.863
qat,1840,3.906
qat,1841,3.95
qat,1842,3.989
qat,1843,3.989
qat,1844,4.104
qat,1845,4.26
qat,1846,4.26
qat,1847,4.309
qat,1848,4.379
qat,1849,4.38
qat,1850,4.379
qat,1851,4.435
qat,1852,4.434
qat,1853,4.559
qat,1854,4.56
qat,1855,4.559
qat,1856,4.558
qat,1857,4.546
qat,1858,4.603
qat,1859,4.656
qat,1860,4.785
qat,1861,4.786
qat,1862,4.837
qat,1863,4.881
qat,1864,4.935
qat,1865,4.935
qat,1866,4.935
qat,1867,5.074
qat,1868,5.212
qat,1869,5.35
qat,1870,5.348
qat,1871,5.618
qat,1872,5.741
qat,1873,5.83
qat,1874,6.021
qat,1875,6.335
qat,1876,6.535
qat,1877,6.791
qat,1878,6.742
qat,1879,6.881
qat,1880,6.833
qat,1881,7.025
qat,1882,7.046
qat,1883,7.189
qat,1884,7.136
qat,1885,7.279
qat,1886,7.222
qat,1887,7.363
qat,1888,7.359
qat,1889,7.512
qat,1890,7.443
qat,1891,7.592
qat,1892,7.536
qat,1893,7.679
qat,1894,7.615
qat,1895,7.763
qat,1896,7.684
qat,1897,7.342
qat,1898,7.488
qat,1899,7.356
qat,1900,7.483
qat,1901,7.351
qat,1902,7.49
qat,1903,7.355
qat,1904,7.503
qat,1905,7.452
qat,1906,7.588
qat,1907,7.537
qat,1908,7.709
qat,1909,7.658
qat,1910,7.809
qat,1911,7.749
qat,1912,7.838
qat,1913,7.778
qat,1914,7.542
qat,1915,7.023
qat,1916,6.627
qat,1917,6.263
qat,1918,6.237
qat,1919,6.155
qat,1920,6.354
qat,1921,6.683
qat,1922,7.051
qat,1923,6.987
qat,1924,6.737
qat,1925,5.969
qat,1926,5.792
qat,1927,5.751
qat,1928,5.581
qat,1929,5.309
qat,1930,4.667
qat,1931,4.07
qat,1932,3.231
qat,1933,2.821
qat,1934,2.477
qat,1935,2.47
qat,1936,2.395
qat,1937,2.387
qat,1938,2.38
qat,1939,2.308
qat,1940,2.301
qat,1941,2.345
qat,1942,2.325
qat,1943,2.304
qat,1944,2.35
qat,1945,2.395
qat,1946,2.441
qat,1947,2.488
qat,1948,2.536
qat,1949,3.19
qat,1950,4.239
qat,1951,5.123
qat,1952,6.424
qat,1953,8.095
qat,1954,9.982
qat,1955,12.682
qat,1956,16.125
qat,1957,21.21
qat,1958,26.797
qat,1959,33.893
qat,1960,43.094
qat,1961,55.023
qat,1962,70.08
qat,1963,86.787
qat,1964,110.136
qat,1965,106.218
qat,1966,131.426
qat,1967,145.86
qat,1968,153.564
qat,1969,148.201
qat,1970,138.935
qat,1971,149.624
qat,1972,156.768
qat,1973,164.318
qat,1974,149.908
qat,1975,148.696
qat,1976,151.585
qat,1977,130.895
qat,1978,133.476
qat,1979,132.362
qat,1980,127.64
qat,1981,114.598
qat,1982,101.718
qat,1983,94.104
qat,1984,89.549
qat,1985,86.185
qat,1986,82.7
qat,1987,83.729
qat,1988,88.876
qat,1989,94.684
qat,1990,107.917
qat,1991,106.385
qat,1992,118.818
qat,1993,115.493
qat,1994,115.342
qat,1995,119.567
qat,1996,125.172
qat,1997,162.971
qat,1998,175.805
qat,1999,176.523
qat,2000,184.367
qat,2001,186.226
qat,2002,193.591
qat,2003,194.367
qat,2004,224.448
qat,2005,231.808
qat,2006,253.435
qat,2007,236.091
qat,2008,233.929
qat,2009,229.018
qat,2010,287.154
qat,2011,339.242
qat,2012,334.347
qat,2013,304.341
qat,2014,276.634
qat,2015,265.931
qat,2016,263.921
qat,2017,257.563
qat,2018,258.9
qat,2019,252.6
qat,2020,213.919
qat,2021,263.142
qat,2022,244.254
qat,2023,247.896
qat,2024,223.298
qat,2025,230.607
qat,2026,254.133
qat,2027,273.194
qat,2028,284.5
qat,2029,294.58
qat,2030,301.647
qat,2031,298.246
qat,2032,286.989
qat,2033,283.904
qat,2034,281.032
qat,2035,278.29
qat,2036,275.871
qat,2037,273.187
qat,2038,270.792
qat,2039,268.502
qat,2040,266.527
qat,2041,257.149
qat,2042,254.961
qat,2043,253.234
qat,2044,251.439
qat,2045,249.716
qat,2046,248.064
qat,2047,246.48
qat,2048,244.959
qat,2049,243.499
qat,2050,242.097
qat,2051,241.058
qat,2052,233.211
qat,2053,232.009
qat,2054,230.853
qat,2055,229.742
qat,2056,228.674
qat,2057,227.616
qat,2058,226.629
qat,2059,225.68
qat,2060,224.769
qat,2061,223.893
qat,2062,223.05
qat,2063,222.239
qat,2064,221.459
qat,2065,220.71
qat,2066,219.988
qat,2067,213.3
qat,2068,213.022
qat,2069,212.113
qat,2070,211.521
qat,2071,210.946
qat,2072,210.393
qat,2073,209.862
qat,2074,209.351
qat,2075,208.862
qat,2076,208.392
qat,2077,208.194
qat,2078,207.764
qat,2079,207.351
qat,2080,206.956
qat,2081,206.576
qat,2082,206.212
qat,2083,205.864
qat,2084,205.53
qat,2085,205.211
qat,2086,204.907
qat,2087,204.614
qat,2088,204.028
qat,2089,203.759
qat,2090,203.502
qat,2091,197.699
qat,2092,197.473
qat,2093,197.257
qat,2094,197.052
qat,2095,196.82
qat,2096,196.633
qat,2097,196.454
qat,2098,196.287
qat,2099,196.128
qat,2100,195.978
rou,1800,2.441
rou,1801,2.441
rou,1802,2.441
rou,1803,2.441
rou,1804,2.441
rou,1805,2.441
rou,1806,2.441
rou,1807,2.441
rou,1808,2.441
rou,1809,2.441
rou,1810,2.441
rou,1811,2.441
rou,1812,2.441
rou,1813,2.441
rou,1814,2.441
rou,1815,2.441
rou,1816,2.441
rou,1817,2.441
rou,1818,2.441
rou,1819,2.441
rou,1820,2.441
rou,1821,2.441
rou,1822,2.441
rou,1823,2.441
rou,1824,2.441
rou,1825,2.441
rou,1826,2.441
rou,1827,2.441
rou,1828,2.441
rou,1829,2.441
rou,1830,2.441
rou,1831,2.441
rou,1832,2.441
rou,1833,2.441
rou,1834,2.441
rou,1835,2.441
rou,1836,2.441
rou,1837,2.441
rou,1838,2.441
rou,1839,2.441
rou,1840,2.441
rou,1841,2.441
rou,1842,2.441
rou,1843,2.441
rou,1844,2.441
rou,1845,2.441
rou,1846,2.441
rou,1847,2.441
rou,1848,2.441
rou,1849,2.441
rou,1850,2.441
rou,1851,2.499
rou,1852,2.499
rou,1853,2.569
rou,1854,2.569
rou,1855,2.576
rou,1856,2.576
rou,1857,2.625
rou,1858,2.625
rou,1859,2.699
rou,1860,2.699
rou,1861,2.775
rou,1862,2.775
rou,1863,2.953
rou,1864,3.036
rou,1865,2.499
rou,1866,2.476
rou,1867,2.953
rou,1868,2.923
rou,1869,2.706
rou,1870,2.806
rou,1871,2.833
rou,1872,2.823
rou,1873,3.016
rou,1874,3.026
rou,1875,3.546
rou,1876,3.342
rou,1877,3.227
rou,1878,2.951
rou,1879,3.051
rou,1880,3.83
rou,1881,2.864
rou,1882,3.818
rou,1883,3.785
rou,1884,3.133
rou,1885,3.816
rou,1886,4.057
rou,1887,3.824
rou,1888,4.003
rou,1889,4.121
rou,1890,4.386
rou,1891,4.804
rou,1892,5.25
rou,1893,4.64
rou,1894,4.873
rou,1895,4.89
rou,1896,5.043
rou,1897,4.167
rou,1898,4.938
rou,1899,3.455
rou,1900,4.702
rou,1901,4.986
rou,1902,4.865
rou,1903,4.881
rou,1904,3.711
rou,1905,5.336
rou,1906,5.657
rou,1907,4.674
rou,1908,4.955
rou,1909,4.834
rou,1910,6.222
rou,1911,6.07
rou,1912,6.088
rou,1913,6.106
rou,1914,5.185
rou,1915,5.648
rou,1916,5.211
rou,1917,4.425
rou,1918,3.654
rou,1919,3.564
rou,1920,3.777
rou,1921,4.116
rou,1922,4.611
rou,1923,5.048
rou,1924,5.06
rou,1925,5.072
rou,1926,5.548
rou,1927,5.584
rou,1928,5.444
rou,1929,5.787
rou,1930,5.636
rou,1931,5.821
rou,1932,5.222
rou,1933,5.376
rou,1934,5.4
rou,1935,5.878
rou,1936,6.049
rou,1937,6.226
rou,1938,6.081
rou,1939,6.091
rou,1940,6.101
rou,1941,6.085
rou,1942,5.575
rou,1943,6.387
rou,1944,4.812
rou,1945,3.249
rou,1946,3.149
rou,1947,3.919
rou,1948,10.711
rou,1949,8.782
rou,1950,6.794
rou,1951,7.165
rou,1952,7.548
rou,1953,7.941
rou,1954,8.357
rou,1955,8.802
rou,1956,9.009
rou,1957,9.221
rou,1958,9.437
rou,1959,9.654
rou,1960,9.88
rou,1961,10.688
rou,1962,10.935
rou,1963,11.826
rou,1964,12.099
rou,1965,13.084
rou,1966,14.149
rou,1967,14.878
rou,1968,15.222
rou,1969,15.573
rou,1970,15.933
rou,1971,18.213
rou,1972,19.158
rou,1973,20.151
rou,1974,21.792
rou,1975,23.567
rou,1976,24.789
rou,1977,26.075
rou,1978,27.427
rou,1979,28.06
rou,1980,28.709
rou,1981,29.716
rou,1982,31.498
rou,1983,33.391
rou,1984,36.039
rou,1985,36.866
rou,1986,38.277
rou,1987,38.979
rou,1988,39.946
rou,1989,39.226
rou,1990,37.544
rou,1991,33.375
rou,1992,31.192
rou,1993,28.408
rou,1994,32.82
rou,1995,34.97
rou,1996,36.67
rou,1997,35.666
rou,1998,35.061
rou,1999,36.067
rou,2000,37.766
rou,2001,40.642
rou,2002,43.807
rou,2003,45.726
rou,2004,50.988
rou,2005,53.784
rou,2006,58.406
rou,2007,63.903
rou,2008,72.434
rou,2009,70.283
rou,2010,67.869
rou,2011,72.824
rou,2012,73.991
rou,2013,74.554
rou,2014,75.796
rou,2015,78.599
rou,2016,83.257
rou,2017,87.275
rou,2018,95.929
rou,2019,101.647
rou,2020,98.292
rou,2021,104.215
rou,2022,172.427
rou,2023,191.157
rou,2024,198.234
rou,2025,203.701
rou,2026,211.301
rou,2027,224.653
rou,2028,231.539
rou,2029,244.584
rou,2030,258.452
rou,2031,255.938
rou,2032,260.452
rou,2033,258.498
rou,2034,263.467
rou,2035,261.198
rou,2036,266.236
rou,2037,263.967
rou,2038,269.081
rou,2039,266.952
rou,2040,264.746
rou,2041,269.893
rou,2042,267.554
rou,2043,272.783
rou,2044,270.55
rou,2045,275.858
rou,2046,273.591
rou,2047,271.343
rou,2048,276.685
rou,2049,274.755
rou,2050,280.188
rou,2051,277.923
rou,2052,275.685
rou,2053,281.154
rou,2054,278.925
rou,2055,284.507
rou,2056,282.316
rou,2057,280.081
rou,2058,286.013
rou,2059,283.966
rou,2060,281.647
rou,2061,287.339
rou,2062,285.144
rou,2063,282.981
rou,2064,288.741
rou,2065,286.577
rou,2066,284.442
rou,2067,282.591
rou,2068,288.322
rou,2069,286.178
rou,2070,284.065
rou,2071,290.104
rou,2072,288.065
rou,2073,285.984
rou,2074,283.931
rou,2075,290.099
rou,2076,288.005
rou,2077,285.938
rou,2078,284.521
rou,2079,290.463
rou,2080,288.496
rou,2081,286.494
rou,2082,284.521
rou,2083,290.519
rou,2084,288.757
rou,2085,287.498
rou,2086,285.548
rou,2087,283.626
rou,2088,289.709
rou,2089,287.785
rou,2090,285.885
rou,2091,284.016
rou,2092,282.351
rou,2093,280.488
rou,2094,286.485
rou,2095,284.622
rou,2096,282.783
rou,2097,280.967
rou,2098,279.264
rou,2099,277.532
rou,2100,283.637
rus,1800,4.295
rus,1801,4.295
rus,1802,4.295
rus,1803,4.295
rus,1804,4.295
rus,1805,4.295
rus,1806,4.295
rus,1807,4.295
rus,1808,4.295
rus,1809,4.295
rus,1810,4.295
rus,1811,4.295
rus,1812,4.295
rus,1813,4.295
rus,1814,4.295
rus,1815,4.295
rus,1816,4.295
rus,1817,4.295
rus,1818,4.295
rus,1819,4.295
rus,1820,4.295
rus,1821,4.295
rus,1822,4.295
rus,1823,4.295
rus,1824,4.295
rus,1825,4.295
rus,1826,4.295
rus,1827,4.295
rus,1828,4.295
rus,1829,4.295
rus,1830,4.295
rus,1831,4.416
rus,1832,4.416
rus,1833,4.416
rus,1834,4.416
rus,1835,4.416
rus,1836,4.416
rus,1837,4.416
rus,1838,4.416
rus,1839,4.54
rus,1840,4.54
rus,1841,4.54
rus,1842,4.54
rus,1843,4.54
rus,1844,4.54
rus,1845,4.54
rus,1846,4.54
rus,1847,4.698
rus,1848,4.715
rus,1849,4.824
rus,1850,4.841
rus,1851,4.841
rus,1852,4.878
rus,1853,4.897
rus,1854,4.852
rus,1855,4.951
rus,1856,4.945
rus,1857,4.945
rus,1858,4.845
rus,1859,4.846
rus,1860,4.937
rus,1861,4.806
rus,1862,4.653
rus,1863,4.624
rus,1864,4.358
rus,1865,4.388
rus,1866,4.388
rus,1867,4.279
rus,1868,4.271
rus,1869,4.284
rus,1870,4.291
rus,1871,4.407
rus,1872,4.405
rus,1873,4.411
rus,1874,4.418
rus,1875,4.374
rus,1876,4.369
rus,1877,4.376
rus,1878,4.383
rus,1879,4.514
rus,1880,4.522
rus,1881,4.529
rus,1882,4.537
rus,1883,4.544
rus,1884,4.552
rus,1885,4.56
rus,1886,4.454
rus,1887,5.112
rus,1888,4.98
rus,1889,4.59
rus,1890,4.598
rus,1891,4.248
rus,1892,4.613
rus,1893,5.163
rus,1894,5.94
rus,1895,5.475
rus,1896,5.96
rus,1897,5.806
rus,1898,5.979
rus,1899,6.337
rus,1900,6.167
rus,1901,6.357
rus,1902,6.92
rus,1903,6.378
rus,1904,7.137
rus,1905,6.217
rus,1906,5.986
rus,1907,5.622
rus,1908,6.082
rus,1909,6.395
rus,1910,7.138
rus,1911,6.665
rus,1912,7.15
rus,1913,10.089
rus,1914,8.94
rus,1915,7.877
rus,1916,7.19
rus,1917,6.297
rus,1918,3.737
rus,1919,2.995
rus,1920,3.019
rus,1921,2.829
rus,1922,3.266
rus,1923,3.733
rus,1924,5.05
rus,1925,6.136
rus,1926,6.855
rus,1927,7.048
rus,1928,7.45
rus,1929,7.45
rus,1930,7.875
rus,1931,7.875
rus,1932,7.66
rus,1933,7.875
rus,1934,8.558
rus,1935,9.831
rus,1936,10.408
rus,1937,11.097
rus,1938,11.079
rus,1939,11.466
rus,1940,10.743
rus,1941,10.736
rus,1942,10.453
rus,1943,10.19
rus,1944,9.92
rus,1945,10.339
rus,1946,10.326
rus,1947,11.554
rus,1948,12.91
rus,1949,14.028
rus,1950,15.247
rus,1951,14.824
rus,1952,15.666
rus,1953,16.136
rus,1954,16.605
rus,1955,16.888
rus,1956,18.406
rus,1957,18.437
rus,1958,19.01
rus,1959,18.516
rus,1960,20.199
rus,1961,21.483
rus,1962,22.704
rus,1963,24.046
rus,1964,25.486
rus,1965,26.996
rus,1966,28.624
rus,1967,30.306
rus,1968,32.081
rus,1969,33.032
rus,1970,35.95
rus,1971,38.056
rus,1972,39.184
rus,1973,42.652
rus,1974,43.915
rus,1975,45.217
rus,1976,46.556
rus,1977,47.936
rus,1978,49.356
rus,1979,49.428
rus,1980,52.323
rus,1981,51.676
rus,1982,52.076
rus,1983,53.211
rus,1984,53.519
rus,1985,54.371
rus,1986,55.801
rus,1987,55.808
rus,1988,56.861
rus,1989,57.539
rus,1990,56.281
rus,1991,54.223
rus,1992,46.877
rus,1993,43.414
rus,1994,38.307
rus,1995,37.165
rus,1996,36.317
rus,1997,40.727
rus,1998,39.177
rus,1999,42.712
rus,2000,47.552
rus,2001,50.573
rus,2002,52.805
rus,2003,54.686
rus,2004,59.029
rus,2005,61.723
rus,2006,68.238
rus,2007,72.01
rus,2008,76.734
rus,2009,73.069
rus,2010,77.18
rus,2011,79.657
rus,2012,81.105
rus,2013,82.343
rus,2014,82.239
rus,2015,84.139
rus,2016,85.011
rus,2017,85.409
rus,2018,87.661
rus,2019,89.236
rus,2020,89.022
rus,2021,98.305
rus,2022,98.507
rus,2023,110.344
rus,2024,117.957
rus,2025,120.083
rus,2026,118.18
rus,2027,117.731
rus,2028,117.458
rus,2029,117.388
rus,2030,120.432
rus,2031,123.13
rus,2032,125.737
rus,2033,125.136
rus,2034,128.06
rus,2035,131.06
rus,2036,134.0
rus,2037,133.378
rus,2038,136.512
rus,2039,139.717
rus,2040,139.123
rus,2041,142.462
rus,2042,145.868
rus,2043,145.163
rus,2044,148.406
rus,2045,151.912
rus,2046,151.237
rus,2047,154.76
rus,2048,153.997
rus,2049,157.592
rus,2050,161.237
rus,2051,160.444
rus,2052,164.249
rus,2053,163.437
rus,2054,167.091
rus,2055,166.255
rus,2056,170.146
rus,2057,174.089
rus,2058,173.288
rus,2059,177.31
rus,2060,176.485
rus,2061,180.547
rus,2062,179.652
rus,2063,183.845
rus,2064,182.92
rus,2065,187.199
rus,2066,186.285
rus,2067,190.561
rus,2068,189.692
rus,2069,194.097
rus,2070,193.221
rus,2071,197.762
rus,2072,196.772
rus,2073,195.763
rus,2074,200.373
rus,2075,199.305
rus,2076,203.918
rus,2077,203.087
rus,2078,207.723
rus,2079,206.833
rus,2080,206.038
rus,2081,210.926
rus,2082,210.052
rus,2083,209.164
rus,2084,214.214
rus,2085,213.133
rus,2086,218.216
rus,2087,217.369
rus,2088,216.538
rus,2089,221.727
rus,2090,221.015
rus,2091,220.14
rus,2092,225.149
rus,2093,224.268
rus,2094,223.396
rus,2095,222.535
rus,2096,227.909
rus,2097,227.297
rus,2098,226.042
rus,2099,231.528
rus,2100,230.669
rwa,1800,1.36
rwa,1801,1.36
rwa,1802,1.36
rwa,1803,1.36
rwa,1804,1.398
rwa,1805,1.398
rwa,1806,1.398
rwa,1807,1.398
rwa,1808,1.383
rwa,1809,1.383
rwa,1810,1.422
rwa,1811,1.422
rwa,1812,1.422
rwa,1813,1.422
rwa,1814,1.407
rwa,1815,1.407
rwa,1816,1.446
rwa,1817,1.446
rwa,1818,1.446
rwa,1819,1.446
rwa,1820,1.446
rwa,1821,1.487
rwa,1822,1.487
rwa,1823,1.487
rwa,1824,1.487
rwa,1825,1.487
rwa,1826,1.487
rwa,1827,1.529
rwa,1828,1.529
rwa,1829,1.529
rwa,1830,1.529
rwa,1831,1.529
rwa,1832,1.529
rwa,1833,1.572
rwa,1834,1.572
rwa,1835,1.572
rwa,1836,1.572
rwa,1837,1.572
rwa,1838,1.572
rwa,1839,1.616
rwa,1840,1.616
rwa,1841,1.616
rwa,1842,1.616
rwa,1843,1.616
rwa,1844,1.616
rwa,1845,1.661
rwa,1846,1.661
rwa,1847,1.661
rwa,1848,1.662
rwa,1849,1.661
rwa,1850,1.662
rwa,1851,1.708
rwa,1852,1.708
rwa,1853,1.708
rwa,1854,1.708
rwa,1855,1.708
rwa,1856,1.756
rwa,1857,1.756
rwa,1858,1.756
rwa,1859,1.756
rwa,1860,1.756
rwa,1861,1.756
rwa,1862,1.806
rwa,1863,1.806
rwa,1864,1.806
rwa,1865,1.909
rwa,1866,1.909
rwa,1867,1.98
rwa,1868,2.114
rwa,1869,2.179
rwa,1870,2.349
rwa,1871,2.633
rwa,1872,2.698
rwa,1873,2.576
rwa,1874,2.573
rwa,1875,2.48
rwa,1876,2.351
rwa,1877,2.191
rwa,1878,2.17
rwa,1879,2.11
rwa,1880,2.088
rwa,1881,2.058
rwa,1882,2.081
rwa,1883,2.084
rwa,1884,2.102
rwa,1885,2.172
rwa,1886,2.051
rwa,1887,1.943
rwa,1888,1.818
rwa,1889,1.809
rwa,1890,1.811
rwa,1891,1.862
rwa,1892,1.873
rwa,1893,1.889
rwa,1894,1.898
rwa,1895,1.944
rwa,1896,1.949
rwa,1897,2.012
rwa,1898,2.002
rwa,1899,1.993
rwa,1900,1.985
rwa,1901,1.956
rwa,1902,1.945
rwa,1903,2.016
rwa,1904,2.017
rwa,1905,2.044
rwa,1906,2.059
rwa,1907,2.083
rwa,1908,2.156
rwa,1909,2.167
rwa,1910,2.164
rwa,1911,2.161
rwa,1912,2.146
rwa,1913,2.115
rwa,1914,2.14
rwa,1915,2.117
rwa,1916,2.112
rwa,1917,2.106
rwa,1918,2.103
rwa,1919,2.126
rwa,1920,2.189
rwa,1921,2.197
rwa,1922,2.207
rwa,1923,2.22
rwa,1924,2.21
rwa,1925,2.194
rwa,1926,2.244
rwa,1927,2.243
rwa,1928,2.242
rwa,1929,2.305
rwa,1930,2.305
rwa,1931,2.304
rwa,1932,2.366
rwa,1933,2.368
rwa,1934,2.433
rwa,1935,2.433
rwa,1936,2.432
rwa,1937,2.5
rwa,1938,2.5
rwa,1939,2.499
rwa,1940,2.569
rwa,1941,2.554
rwa,1942,2.549
rwa,1943,2.537
rwa,1944,2.526
rwa,1945,2.515
rwa,1946,2.5
rwa,1947,2.485
rwa,1948,2.47
rwa,1949,2.453
rwa,1950,2.502
rwa,1951,2.552
rwa,1952,2.538
rwa,1953,2.523
rwa,1954,2.579
rwa,1955,2.581
rwa,1956,2.702
rwa,1957,2.684
rwa,1958,2.656
rwa,1959,2.711
rwa,1960,2.69
rwa,1961,2.519
rwa,1962,2.716
rwa,1963,2.352
rwa,1964,2.034
rwa,1965,2.079
rwa,1966,2.065
rwa,1967,2.169
rwa,1968,2.156
rwa,1969,2.333
rwa,1970,2.383
rwa,1971,2.306
rwa,1972,2.227
rwa,1973,2.197
rwa,1974,2.123
rwa,1975,1.998
rwa,1976,2.283
rwa,1977,2.273
rwa,1978,2.387
rwa,1979,2.508
rwa,1980,2.565
rwa,1981,2.651
rwa,1982,2.552
rwa,1983,2.665
rwa,1984,2.759
rwa,1985,2.835
rwa,1986,2.871
rwa,1987,2.792
rwa,1988,2.788
rwa,1989,2.641
rwa,1990,2.553
rwa,1991,2.425
rwa,1992,2.446
rwa,1993,2.169
rwa,1994,1.312
rwa,1995,2.03
rwa,1996,1.939
rwa,1997,1.891
rwa,1998,1.914
rwa,1999,1.964
rwa,2000,2.064
rwa,2001,2.22
rwa,2002,2.42
rwa,2003,2.379
rwa,2004,2.444
rwa,2005,2.57
rwa,2006,2.704
rwa,2007,2.87
rwa,2008,3.161
rwa,2009,3.313
rwa,2010,3.509
rwa,2011,3.764
rwa,2012,4.019
rwa,2013,4.202
rwa,2014,4.362
rwa,2015,4.694
rwa,2016,4.901
rwa,2017,4.964
rwa,2018,5.52
rwa,2019,6.075
rwa,2020,5.678
rwa,2021,6.431
rwa,2022,6.972
rwa,2023,7.673
rwa,2024,8.38
rwa,2025,8.978
rwa,2026,9.791
rwa,2027,10.497
rwa,2028,11.224
rwa,2029,11.603
rwa,2030,12.253
rwa,2031,12.624
rwa,2032,12.643
rwa,2033,13.004
rwa,2034,13.388
rwa,2035,13.791
rwa,2036,13.803
rwa,2037,14.226
rwa,2038,14.664
rwa,2039,15.099
rwa,2040,15.569
rwa,2041,15.606
rwa,2042,16.091
rwa,2043,16.565
rwa,2044,17.054
rwa,2045,17.556
rwa,2046,17.55
rwa,2047,18.046
rwa,2048,18.531
rwa,2049,19.076
rwa,2050,19.592
rwa,2051,19.583
rwa,2052,20.227
rwa,2053,20.825
rwa,2054,21.437
rwa,2055,22.106
rwa,2056,22.936
rwa,2057,23.665
rwa,2058,23.617
rwa,2059,24.199
rwa,2060,24.975
rwa,2061,25.715
rwa,2062,26.232
rwa,2063,26.895
rwa,2064,27.76
rwa,2065,27.8
rwa,2066,28.533
rwa,2067,29.111
rwa,2068,29.955
rwa,2069,30.716
rwa,2070,31.453
rwa,2071,32.189
rwa,2072,33.03
rwa,2073,33.076
rwa,2074,34.299
rwa,2075,35.208
rwa,2076,36.233
rwa,2077,37.432
rwa,2078,38.64
rwa,2079,39.809
rwa,2080,40.94
rwa,2081,40.907
rwa,2082,42.378
rwa,2083,43.938
rwa,2084,45.419
rwa,2085,46.871
rwa,2086,48.043
rwa,2087,49.311
rwa,2088,48.753
rwa,2089,49.552
rwa,2090,50.16
rwa,2091,50.988
rwa,2092,51.836
rwa,2093,53.048
rwa,2094,54.579
rwa,2095,54.346
rwa,2096,55.752
rwa,2097,58.283
rwa,2098,60.085
rwa,2099,61.426
rwa,2100,63.937
wsm,1800,3.905
wsm,1801,3.904
wsm,1802,3.905
wsm,1803,3.905
wsm,1804,3.904
wsm,1805,3.905
wsm,1806,3.905
wsm,1807,3.904
wsm,1808,3.905
wsm,1809,3.905
wsm,1810,3.905
wsm,1811,3.905
wsm,1812,3.905
wsm,1813,3.905
wsm,1814,3.904
wsm,1815,3.904
wsm,1816,3.904
wsm,1817,3.904
wsm,1818,3.904
wsm,1819,3.905
wsm,1820,3.905
wsm,1821,3.904
wsm,1822,4.014
wsm,1823,4.014
wsm,1824,4.014
wsm,1825,4.014
wsm,1826,4.014
wsm,1827,4.014
wsm,1828,4.015
wsm,1829,4.014
wsm,1830,4.127
wsm,1831,4.127
wsm,1832,4.127
wsm,1833,4.127
wsm,1834,4.127
wsm,1835,4.128
wsm,1836,4.118
wsm,1837,4.118
wsm,1838,4.234
wsm,1839,4.234
wsm,1840,4.233
wsm,1841,4.233
wsm,1842,4.234
wsm,1843,4.234
wsm,1844,4.257
wsm,1845,4.257
wsm,1846,4.376
wsm,1847,4.38
wsm,1848,4.38
wsm,1849,4.38
wsm,1850,4.38
wsm,1851,4.38
wsm,1852,4.38
wsm,1853,4.38
wsm,1854,4.503
wsm,1855,4.503
wsm,1856,4.527
wsm,1857,4.527
wsm,1858,4.527
wsm,1859,4.527
wsm,1860,4.526
wsm,1861,4.527
wsm,1862,4.654
wsm,1863,4.654
wsm,1864,4.654
wsm,1865,4.654
wsm,1866,4.666
wsm,1867,4.666
wsm,1868,4.667
wsm,1869,4.666
wsm,1870,4.666
wsm,1871,4.797
wsm,1872,4.824
wsm,1873,4.825
wsm,1874,4.852
wsm,1875,4.852
wsm,1876,4.872
wsm,1877,4.873
wsm,1878,4.901
wsm,1879,5.04
wsm,1880,5.04
wsm,1881,5.065
wsm,1882,5.065
wsm,1883,5.066
wsm,1884,5.099
wsm,1885,5.098
wsm,1886,5.099
wsm,1887,5.26
wsm,1888,5.26
wsm,1889,5.26
wsm,1890,5.259
wsm,1891,5.279
wsm,1892,5.279
wsm,1893,5.278
wsm,1894,5.284
wsm,1895,5.431
wsm,1896,5.43
wsm,1897,5.43
wsm,1898,5.426
wsm,1899,5.426
wsm,1900,5.426
wsm,1901,5.425
wsm,1902,5.433
wsm,1903,5.586
wsm,1904,5.585
wsm,1905,5.585
wsm,1906,5.583
wsm,1907,5.584
wsm,1908,5.582
wsm,1909,5.582
wsm,1910,5.585
wsm,1911,5.741
wsm,1912,5.74
wsm,1913,5.755
wsm,1914,5.76
wsm,1915,5.92
wsm,1916,5.933
wsm,1917,6.11
wsm,1918,6.109
wsm,1919,6.106
wsm,1920,6.29
wsm,1921,6.289
wsm,1922,6.477
wsm,1923,6.475
wsm,1924,6.666
wsm,1925,6.682
wsm,1926,6.679
wsm,1927,6.875
wsm,1928,6.881
wsm,1929,7.078
wsm,1930,7.084
wsm,1931,7.112
wsm,1932,7.306
wsm,1933,7.309
wsm,1934,7.518
wsm,1935,7.523
wsm,1936,7.729
wsm,1937,7.745
wsm,1938,7.737
wsm,1939,7.957
wsm,1940,7.962
wsm,1941,8.168
wsm,1942,8.153
wsm,1943,8.144
wsm,1944,8.356
wsm,1945,8.34
wsm,1946,8.331
wsm,1947,8.546
wsm,1948,8.53
wsm,1949,8.514
wsm,1950,8.733
wsm,1951,8.722
wsm,1952,8.706
wsm,1953,8.932
wsm,1954,8.915
wsm,1955,9.151
wsm,1956,9.137
wsm,1957,9.116
wsm,1958,9.354
wsm,1959,9.338
wsm,1960,9.32
wsm,1961,9.56
wsm,1962,9.548
wsm,1963,9.533
wsm,1964,9.783
wsm,1965,9.768
wsm,1966,9.756
wsm,1967,10.015
wsm,1968,10.0
wsm,1969,9.984
wsm,1970,10.249
wsm,1971,10.233
wsm,1972,10.218
wsm,1973,10.49
wsm,1974,9.119
wsm,1975,8.613
wsm,1976,9.348
wsm,1977,9.333
wsm,1978,9.85
wsm,1979,10.989
wsm,1980,10.096
wsm,1981,9.15
wsm,1982,9.04
wsm,1983,9.016
wsm,1984,9.105
wsm,1985,9.204
wsm,1986,9.613
wsm,1987,9.383
wsm,1988,9.308
wsm,1989,9.392
wsm,1990,8.958
wsm,1991,8.906
wsm,1992,8.548
wsm,1993,8.869
wsm,1994,8.729
wsm,1995,9.298
wsm,1996,9.824
wsm,1997,9.898
wsm,1998,9.664
wsm,1999,10.172
wsm,2000,10.306
wsm,2001,11.099
wsm,2002,11.68
wsm,2003,11.994
wsm,2004,12.06
wsm,2005,12.748
wsm,2006,12.95
wsm,2007,13.044
wsm,2008,13.379
wsm,2009,13.164
wsm,2010,13.968
wsm,2011,14.48
wsm,2012,14.209
wsm,2013,14.389
wsm,2014,13.988
wsm,2015,14.74
wsm,2016,15.765
wsm,2017,15.523
wsm,2018,15.431
wsm,2019,15.969
wsm,2020,15.204
wsm,2021,14.013
wsm,2022,14.092
wsm,2023,15.46
wsm,2024,17.24
wsm,2025,18.576
wsm,2026,19.368
wsm,2027,20.291
wsm,2028,20.66
wsm,2029,20.849
wsm,2030,21.516
wsm,2031,22.148
wsm,2032,22.162
wsm,2033,22.799
wsm,2034,23.454
wsm,2035,24.126
wsm,2036,24.822
wsm,2037,25.525
wsm,2038,26.245
wsm,2039,26.245
wsm,2040,26.971
wsm,2041,27.777
wsm,2042,28.492
wsm,2043,29.283
wsm,2044,30.039
wsm,2045,30.864
wsm,2046,30.842
wsm,2047,31.748
wsm,2048,32.617
wsm,2049,33.488
wsm,2050,34.397
wsm,2051,35.326
wsm,2052,36.278
wsm,2053,37.322
wsm,2054,37.274
wsm,2055,38.124
wsm,2056,39.136
wsm,2057,40.168
wsm,2058,41.263
wsm,2059,42.354
wsm,2060,43.509
wsm,2061,44.582
wsm,2062,44.511
wsm,2063,45.655
wsm,2064,46.943
wsm,2065,47.768
wsm,2066,49.151
wsm,2067,50.247
wsm,2068,51.545
wsm,2069,51.409
wsm,2070,52.677
wsm,2071,53.974
wsm,2072,55.366
wsm,2073,56.755
wsm,2074,58.226
wsm,2075,57.844
wsm,2076,59.281
wsm,2077,60.733
wsm,2078,62.195
wsm,2079,63.744
wsm,2080,63.519
wsm,2081,65.075
wsm,2082,66.629
wsm,2083,68.326
wsm,2084,69.615
wsm,2085,69.348
wsm,2086,71.032
wsm,2087,72.623
wsm,2088,74.351
wsm,2089,73.711
wsm,2090,75.527
wsm,2091,77.394
wsm,2092,79.12
wsm,2093,78.79
wsm,2094,80.675
wsm,2095,82.536
wsm,2096,84.491
wsm,2097,84.111
wsm,2098,85.943
wsm,2099,87.945
wsm,2100,87.565
smr,1981,86.603
smr,1982,88.358
smr,1983,89.802
smr,1984,90.852
smr,1985,91.507
smr,1986,91.962
smr,1987,92.303
smr,1988,92.169
smr,1989,92.496
smr,1990,93.238
smr,1991,94.525
smr,1992,96.178
smr,1993,98.704
smr,1994,101.593
smr,1995,104.784
smr,1996,107.883
smr,1997,143.865
smr,1998,154.084
smr,1999,167.22
smr,2000,171.66
smr,2001,181.642
smr,2002,184.257
smr,2003,192.674
smr,2004,186.58
smr,2005,191.269
smr,2006,198.947
smr,2007,204.062
smr,2008,202.348
smr,2009,174.07
smr,2010,168.575
smr,2011,168.965
smr,2012,156.071
smr,2013,161.563
smr,2014,166.527
smr,2015,170.394
smr,2016,175.047
smr,2017,171.337
smr,2018,169.274
smr,2019,172.709
smr,2020,156.234
smr,2021,190.965
smr,2022,224.23
smr,2023,233.838
smr,2024,239.537
smr,2025,246.78
stp,1800,2.389
stp,1801,2.389
stp,1802,2.389
stp,1803,2.389
stp,1804,2.389
stp,1805,2.389
stp,1806,2.389
stp,1807,2.389
stp,1808,2.389
stp,1809,2.389
stp,1810,2.389
stp,1811,2.389
stp,1812,2.389
stp,1813,2.389
stp,1814,2.389
stp,1815,2.456
stp,1816,2.456
stp,1817,2.456
stp,1818,2.456
stp,1819,2.457
stp,1820,2.456
stp,1821,2.456
stp,1822,2.456
stp,1823,2.456
stp,1824,2.456
stp,1825,2.456
stp,1826,2.456
stp,1827,2.456
stp,1828,2.456
stp,1829,2.457
stp,1830,2.526
stp,1831,2.526
stp,1832,2.526
stp,1833,2.525
stp,1834,2.525
stp,1835,2.526
stp,1836,2.526
stp,1837,2.525
stp,1838,2.525
stp,1839,2.526
stp,1840,2.525
stp,1841,2.526
stp,1842,2.525
stp,1843,2.525
stp,1844,2.526
stp,1845,2.597
stp,1846,2.597
stp,1847,2.597
stp,1848,2.597
stp,1849,2.598
stp,1850,2.598
stp,1851,2.597
stp,1852,2.597
stp,1853,2.597
stp,1854,2.597
stp,1855,2.597
stp,1856,2.597
stp,1857,2.597
stp,1858,2.597
stp,1859,2.597
stp,1860,2.67
stp,1861,2.67
stp,1862,2.67
stp,1863,2.67
stp,1864,2.67
stp,1865,2.67
stp,1866,2.67
stp,1867,2.67
stp,1868,2.67
stp,1869,2.67
stp,1870,2.67
stp,1871,2.67
stp,1872,2.681
stp,1873,2.691
stp,1874,2.702
stp,1875,2.789
stp,1876,2.8
stp,1877,2.811
stp,1878,2.823
stp,1879,2.834
stp,1880,2.844
stp,1881,2.856
stp,1882,2.868
stp,1883,2.879
stp,1884,2.89
stp,1885,2.902
stp,1886,2.913
stp,1887,2.925
stp,1888,2.936
stp,1889,2.948
stp,1890,3.042
stp,1891,3.054
stp,1892,3.067
stp,1893,3.078
stp,1894,3.09
stp,1895,3.102
stp,1896,3.114
stp,1897,3.127
stp,1898,3.139
stp,1899,3.151
stp,1900,3.163
stp,1901,3.176
stp,1902,3.188
stp,1903,3.2
stp,1904,3.212
stp,1905,3.315
stp,1906,3.328
stp,1907,3.341
stp,1908,3.353
stp,1909,3.366
stp,1910,3.379
stp,1911,3.392
stp,1912,3.404
stp,1913,3.417
stp,1914,3.43
stp,1915,3.443
stp,1916,3.456
stp,1917,3.468
stp,1918,3.481
stp,1919,3.494
stp,1920,3.605
stp,1921,3.618
stp,1922,3.632
stp,1923,3.747
stp,1924,3.76
stp,1925,3.774
stp,1926,3.894
stp,1927,3.908
stp,1928,3.922
stp,1929,4.046
stp,1930,4.061
stp,1931,4.075
stp,1932,4.204
stp,1933,4.219
stp,1934,4.233
stp,1935,4.367
stp,1936,4.382
stp,1937,4.397
stp,1938,4.536
stp,1939,4.551
stp,1940,4.567
stp,1941,4.694
stp,1942,4.694
stp,1943,4.825
stp,1944,4.824
stp,1945,4.823
stp,1946,4.957
stp,1947,4.957
stp,1948,5.095
stp,1949,5.093
stp,1950,5.092
stp,1951,5.09
stp,1952,5.089
stp,1953,5.088
stp,1954,5.376
stp,1955,4.81
stp,1956,5.082
stp,1957,5.08
stp,1958,5.519
stp,1959,4.937
stp,1960,5.514
stp,1961,5.99
stp,1962,6.322
stp,1963,6.67
stp,1964,7.034
stp,1965,7.417
stp,1966,7.824
stp,1967,8.251
stp,1968,8.462
stp,1969,8.927
stp,1970,9.151
stp,1971,9.658
stp,1972,9.64
stp,1973,9.622
stp,1974,9.874
stp,1975,10.134
stp,1976,10.115
stp,1977,11.923
stp,1978,11.9
stp,1979,13.65
stp,1980,13.248
stp,1981,11.968
stp,1982,12.69
stp,1983,12.075
stp,1984,11.383
stp,1985,12.506
stp,1986,11.797
stp,1987,11.416
stp,1988,11.736
stp,1989,12.152
stp,1990,11.846
stp,1991,11.937
stp,1992,12.023
stp,1993,11.684
stp,1994,12.02
stp,1995,12.153
stp,1996,12.232
stp,1997,12.172
stp,1998,12.361
stp,1999,12.647
stp,2000,12.648
stp,2001,12.81
stp,2002,13.078
stp,2003,13.689
stp,2004,13.858
stp,2005,14.441
stp,2006,15.665
stp,2007,15.889
stp,2008,16.683
stp,2009,16.559
stp,2010,16.886
stp,2011,16.51
stp,2012,16.512
stp,2013,16.712
stp,2014,16.823
stp,2015,16.31
stp,2016,16.226
stp,2017,16.399
stp,2018,16.77
stp,2019,16.749
stp,2020,16.928
stp,2021,16.786
stp,2022,16.637
stp,2023,16.436
stp,2024,15.924
stp,2025,16.552
stp,2026,16.748
stp,2027,17.066
stp,2028,17.276
stp,2029,17.865
stp,2030,18.268
stp,2031,18.295
stp,2032,18.839
stp,2033,19.384
stp,2034,19.967
stp,2035,20.574
stp,2036,20.593
stp,2037,21.204
stp,2038,21.818
stp,2039,22.44
stp,2040,23.026
stp,2041,22.983
stp,2042,23.614
stp,2043,24.264
stp,2044,24.924
stp,2045,25.658
stp,2046,26.46
stp,2047,27.207
stp,2048,27.204
stp,2049,28.144
stp,2050,29.116
stp,2051,29.922
stp,2052,30.644
stp,2053,31.46
stp,2054,31.64
stp,2055,32.225
stp,2056,33.004
stp,2057,33.903
stp,2058,34.861
stp,2059,35.85
stp,2060,36.572
stp,2061,37.632
stp,2062,37.444
stp,2063,38.369
stp,2064,39.292
stp,2065,40.148
stp,2066,41.265
stp,2067,42.491
stp,2068,43.924
stp,2069,45.075
stp,2070,44.933
stp,2071,46.329
stp,2072,47.719
stp,2073,49.094
stp,2074,50.738
stp,2075,51.76
stp,2076,53.81
stp,2077,55.766
stp,2078,55.85
stp,2079,57.434
stp,2080,58.931
stp,2081,59.414
stp,2082,60.704
stp,2083,61.799
stp,2084,62.572
stp,2085,61.9
stp,2086,62.956
stp,2087,64.393
stp,2088,65.955
stp,2089,67.59
stp,2090,69.852
stp,2091,70.096
stp,2092,72.288
stp,2093,73.9
stp,2094,76.761
stp,2095,78.665
stp,2096,80.442
stp,2097,80.105
stp,2098,82.337
stp,2099,84.254
stp,2100,85.855
sau,1800,2.376
sau,1801,2.376
sau,1802,2.376
sau,1803,2.376
sau,1804,2.376
sau,1805,2.376
sau,1806,2.376
sau,1807,2.376
sau,1808,2.376
sau,1809,2.376
sau,1810,2.443
sau,1811,2.443
sau,1812,2.443
sau,1813,2.443
sau,1814,2.443
sau,1815,2.443
sau,1816,2.443
sau,1817,2.443
sau,1818,2.443
sau,1819,2.443
sau,1820,2.443
sau,1821,2.443
sau,1822,2.443
sau,1823,2.443
sau,1824,2.443
sau,1825,2.443
sau,1826,2.443
sau,1827,2.443
sau,1828,2.443
sau,1829,2.443
sau,1830,2.443
sau,1831,2.443
sau,1832,2.443
sau,1833,2.443
sau,1834,2.443
sau,1835,2.443
sau,1836,2.443
sau,1837,2.443
sau,1838,2.443
sau,1839,2.443
sau,1840,2.443
sau,1841,2.443
sau,1842,2.443
sau,1843,2.443
sau,1844,2.443
sau,1845,2.443
sau,1846,2.511
sau,1847,2.511
sau,1848,2.512
sau,1849,2.512
sau,1850,2.511
sau,1851,2.512
sau,1852,2.512
sau,1853,2.511
sau,1854,2.511
sau,1855,2.512
sau,1856,2.511
sau,1857,2.511
sau,1858,2.511
sau,1859,2.512
sau,1860,2.511
sau,1861,2.511
sau,1862,2.511
sau,1863,2.512
sau,1864,2.511
sau,1865,2.511
sau,1866,2.511
sau,1867,2.511
sau,1868,2.511
sau,1869,2.511
sau,1870,2.511
sau,1871,2.511
sau,1872,2.521
sau,1873,2.601
sau,1874,2.61
sau,1875,2.62
sau,1876,2.629
sau,1877,2.639
sau,1878,2.648
sau,1879,2.658
sau,1880,2.668
sau,1881,2.753
sau,1882,2.763
sau,1883,2.773
sau,1884,2.783
sau,1885,2.793
sau,1886,2.803
sau,1887,2.813
sau,1888,2.823
sau,1889,2.833
sau,1890,2.923
sau,1891,2.934
sau,1892,2.944
sau,1893,2.955
sau,1894,2.965
sau,1895,2.975
sau,1896,2.986
sau,1897,2.997
sau,1898,3.092
sau,1899,3.102
sau,1900,3.113
sau,1901,3.124
sau,1902,3.135
sau,1903,3.146
sau,1904,3.156
sau,1905,3.167
sau,1906,3.267
sau,1907,3.278
sau,1908,3.29
sau,1909,3.301
sau,1910,3.312
sau,1911,3.323
sau,1912,3.334
sau,1913,3.345
sau,1914,3.548
sau,1915,3.659
sau,1916,3.775
sau,1917,3.893
sau,1918,4.129
sau,1919,4.259
sau,1920,4.392
sau,1921,4.658
sau,1922,4.804
sau,1923,4.955
sau,1924,5.11
sau,1925,5.419
sau,1926,5.588
sau,1927,5.764
sau,1928,6.111
sau,1929,6.302
sau,1930,6.499
sau,1931,6.702
sau,1932,7.106
sau,1933,7.328
sau,1934,7.556
sau,1935,8.011
sau,1936,8.261
sau,1937,8.519
sau,1938,8.806
sau,1939,9.335
sau,1940,9.63
sau,1941,10.189
sau,1942,10.782
sau,1943,11.429
sau,1944,12.051
sau,1945,12.761
sau,1946,13.076
sau,1947,13.884
sau,1948,14.689
sau,1949,15.581
sau,1950,16.457
sau,1951,17.965
sau,1952,19.078
sau,1953,21.529
sau,1954,23.327
sau,1955,23.986
sau,1956,26.232
sau,1957,26.992
sau,1958,27.986
sau,1959,31.341
sau,1960,34.019
sau,1961,38.001
sau,1962,42.386
sau,1963,46.259
sau,1964,49.001
sau,1965,55.093
sau,1966,63.218
sau,1967,68.398
sau,1968,72.24
sau,1969,78.676
sau,1970,83.35
sau,1971,98.382
sau,1972,112.975
sau,1973,132.834
sau,1974,152.458
sau,1975,140.403
sau,1976,152.614
sau,1977,165.892
sau,1978,156.995
sau,1979,166.019
sau,1980,170.739
sau,1981,178.69
sau,1982,189.871
sau,1983,160.676
sau,1984,138.388
sau,1985,134.764
sau,1986,111.098
sau,1987,129.486
sau,1988,117.249
sau,1989,132.093
sau,1990,66.286
sau,1991,65.495
sau,1992,66.808
sau,1993,67.334
sau,1994,67.244
sau,1995,66.801
sau,1996,67.514
sau,1997,68.63
sau,1998,68.932
sau,1999,70.199
sau,2000,69.748
sau,2001,68.807
sau,2002,68.117
sau,2003,67.436
sau,2004,122.027
sau,2005,124.305
sau,2006,125.512
sau,2007,125.567
sau,2008,129.397
sau,2009,126.45
sau,2010,140.911
sau,2011,148.98
sau,2012,150.429
sau,2013,145.248
sau,2014,149.47
sau,2015,146.794
sau,2016,143.953
sau,2017,151.152
sau,2018,168.352
sau,2019,177.439
sau,2020,156.767
sau,2021,175.69
sau,2022,190.193
sau,2023,185.036
sau,2024,170.763
sau,2025,170.838
sau,2026,175.668
sau,2027,183.095
sau,2028,189.285
sau,2029,194.877
sau,2030,197.548
sau,2031,201.265
sau,2032,199.307
sau,2033,197.508
sau,2034,201.332
sau,2035,199.74
sau,2036,203.452
sau,2037,201.781
sau,2038,200.145
sau,2039,203.752
sau,2040,202.244
sau,2041,200.676
sau,2042,204.822
sau,2043,203.785
sau,2044,202.196
sau,2045,206.358
sau,2046,204.871
sau,2047,203.537
sau,2048,208.067
sau,2049,206.17
sau,2050,205.129
sau,2051,209.495
sau,2052,208.121
sau,2053,207.326
sau,2054,206.024
sau,2055,210.508
sau,2056,209.228
sau,2057,208.355
sau,2058,207.265
sau,2059,211.694
sau,2060,210.977
sau,2061,209.206
sau,2062,208.054
sau,2063,212.868
sau,2064,211.736
sau,2065,210.627
sau,2066,209.742
sau,2067,207.597
sau,2068,212.285
sau,2069,211.22
sau,2070,209.748
sau,2071,208.721
sau,2072,207.569
sau,2073,212.388
sau,2074,211.393
sau,2075,210.416
sau,2076,209.461
sau,2077,208.526
sau,2078,212.75
sau,2079,212.437
sau,2080,211.529
sau,2081,210.639
sau,2082,210.778
sau,2083,209.935
sau,2084,214.989
sau,2085,214.067
sau,2086,213.25
sau,2087,212.45
sau,2088,211.665
sau,2089,210.895
sau,2090,210.124
sau,2091,215.268
sau,2092,213.347
sau,2093,212.425
sau,2094,211.734
sau,2095,211.008
sau,2096,210.296
sau,2097,209.596
sau,2098,208.909
sau,2099,208.873
sau,2100,214.07
sen,1800,1.53
sen,1801,1.53
sen,1802,1.53
sen,1803,1.53
sen,1804,1.53
sen,1805,1.53
sen,1806,1.53
sen,1807,1.53
sen,1808,1.53
sen,1809,1.53
sen,1810,1.53
sen,1811,1.53
sen,1812,1.53
sen,1813,1.53
sen,1814,1.53
sen,1815,1.53
sen,1816,1.53
sen,1817,1.53
sen,1818,1.53
sen,1819,1.53
sen,1820,1.53
sen,1821,1.573
sen,1822,1.573
sen,1823,1.573
sen,1824,1.573
sen,1825,1.573
sen,1826,1.617
sen,1827,1.617
sen,1828,1.617
sen,1829,1.617
sen,1830,1.617
sen,1831,1.663
sen,1832,1.663
sen,1833,1.663
sen,1834,1.663
sen,1835,1.663
sen,1836,1.709
sen,1837,1.709
sen,1838,1.709
sen,1839,1.709
sen,1840,1.709
sen,1841,1.757
sen,1842,1.757
sen,1843,1.757
sen,1844,1.757
sen,1845,1.757
sen,1846,1.807
sen,1847,1.807
sen,1848,1.807
sen,1849,1.807
sen,1850,1.807
sen,1851,1.858
sen,1852,1.857
sen,1853,1.857
sen,1854,1.858
sen,1855,1.857
sen,1856,1.91
sen,1857,1.91
sen,1858,1.91
sen,1859,1.91
sen,1860,1.91
sen,1861,1.963
sen,1862,1.964
sen,1863,1.963
sen,1864,1.963
sen,1865,1.964
sen,1866,2.019
sen,1867,2.018
sen,1868,2.019
sen,1869,2.019
sen,1870,2.019
sen,1871,2.076
sen,1872,2.073
sen,1873,2.07
sen,1874,2.067
sen,1875,2.064
sen,1876,2.119
sen,1877,2.117
sen,1878,2.114
sen,1879,2.111
sen,1880,2.167
sen,1881,2.164
sen,1882,2.161
sen,1883,2.158
sen,1884,2.155
sen,1885,2.212
sen,1886,2.209
sen,1887,2.206
sen,1888,2.203
sen,1889,2.199
sen,1890,2.258
sen,1891,2.255
sen,1892,2.251
sen,1893,2.248
sen,1894,2.245
sen,1895,2.304
sen,1896,2.3
sen,1897,2.297
sen,1898,2.294
sen,1899,2.29
sen,1900,2.351
sen,1901,2.347
sen,1902,2.343
sen,1903,2.34
sen,1904,2.336
sen,1905,2.398
sen,1906,2.394
sen,1907,2.39
sen,1908,2.386
sen,1909,2.382
sen,1910,2.445
sen,1911,2.441
sen,1912,2.437
sen,1913,2.433
sen,1914,2.497
sen,1915,2.563
sen,1916,2.63
sen,1917,2.626
sen,1918,2.695
sen,1919,2.766
sen,1920,2.839
sen,1921,2.913
sen,1922,2.908
sen,1923,2.985
sen,1924,3.063
sen,1925,3.143
sen,1926,3.226
sen,1927,3.22
sen,1928,3.304
sen,1929,3.391
sen,1930,3.48
sen,1931,3.571
sen,1932,3.665
sen,1933,3.658
sen,1934,3.753
sen,1935,3.851
sen,1936,3.952
sen,1937,4.055
sen,1938,4.048
sen,1939,4.153
sen,1940,4.261
sen,1941,4.348
sen,1942,4.436
sen,1943,4.526
sen,1944,4.617
sen,1945,4.711
sen,1946,4.806
sen,1947,4.903
sen,1948,5.002
sen,1949,5.103
sen,1950,5.206
sen,1951,5.311
sen,1952,5.27
sen,1953,5.376
sen,1954,5.484
sen,1955,5.442
sen,1956,5.551
sen,1957,5.663
sen,1958,5.618
sen,1959,5.731
sen,1960,5.686
sen,1961,5.8
sen,1962,5.761
sen,1963,5.722
sen,1964,5.683
sen,1965,5.645
sen,1966,5.611
sen,1967,5.268
sen,1968,5.531
sen,1969,4.917
sen,1970,5.162
sen,1971,4.987
sen,1972,5.092
sen,1973,4.654
sen,1974,4.622
sen,1975,4.852
sen,1976,5.094
sen,1977,4.787
sen,1978,4.498
sen,1979,4.593
sen,1980,4.315
sen,1981,4.456
sen,1982,4.914
sen,1983,4.754
sen,1984,4.725
sen,1985,4.829
sen,1986,4.963
sen,1987,5.078
sen,1988,5.161
sen,1989,5.271
sen,1990,5.274
sen,1991,5.263
sen,1992,5.561
sen,1993,6.022
sen,1994,6.175
sen,1995,6.453
sen,1996,6.386
sen,1997,6.341
sen,1998,6.553
sen,1999,6.682
sen,2000,6.738
sen,2001,6.805
sen,2002,6.71
sen,2003,7.098
sen,2004,7.261
sen,2005,7.588
sen,2006,7.693
sen,2007,7.662
sen,2008,7.751
sen,2009,7.813
sen,2010,7.865
sen,2011,7.87
sen,2012,7.866
sen,2013,7.829
sen,2014,8.032
sen,2015,8.219
sen,2016,8.461
sen,2017,8.839
sen,2018,9.182
sen,2019,9.467
sen,2020,9.516
sen,2021,10.039
sen,2022,10.268
sen,2023,10.462
sen,2024,10.916
sen,2025,11.476
sen,2026,12.099
sen,2027,12.574
sen,2028,12.993
sen,2029,13.394
sen,2030,14.006
sen,2031,14.403
sen,2032,14.41
sen,2033,14.851
sen,2034,15.296
sen,2035,15.737
sen,2036,16.212
sen,2037,16.767
sen,2038,16.82
sen,2039,17.286
sen,2040,17.781
sen,2041,18.288
sen,2042,18.842
sen,2043,19.336
sen,2044,19.324
sen,2045,19.879
sen,2046,20.51
sen,2047,21.087
sen,2048,21.569
sen,2049,22.249
sen,2050,22.82
sen,2051,23.394
sen,2052,23.343
sen,2053,23.978
sen,2054,24.673
sen,2055,25.522
sen,2056,26.264
sen,2057,27.047
sen,2058,27.893
sen,2059,28.75
sen,2060,28.871
sen,2061,29.774
sen,2062,30.672
sen,2063,31.598
sen,2064,32.782
sen,2065,33.937
sen,2066,34.908
sen,2067,34.998
sen,2068,35.963
sen,2069,36.444
sen,2070,37.33
sen,2071,38.1
sen,2072,38.691
sen,2073,39.668
sen,2074,40.47
sen,2075,40.547
sen,2076,41.577
sen,2077,42.729
sen,2078,44.568
sen,2079,45.914
sen,2080,47.155
sen,2081,47.683
sen,2082,49.043
sen,2083,50.439
sen,2084,51.573
sen,2085,53.406
sen,2086,54.847
sen,2087,54.627
sen,2088,55.976
sen,2089,57.931
sen,2090,59.472
sen,2091,60.896
sen,2092,60.481
sen,2093,62.075
sen,2094,63.419
sen,2095,65.292
sen,2096,66.669
sen,2097,66.483
sen,2098,67.544
sen,2099,69.058
sen,2100,70.644
srb,1800,3.928
srb,1801,3.928
srb,1802,3.928
srb,1803,3.928
srb,1804,3.928
srb,1805,3.928
srb,1806,3.928
srb,1807,3.928
srb,1808,3.928
srb,1809,3.928
srb,1810,3.928
srb,1811,3.928
srb,1812,3.928
srb,1813,3.928
srb,1814,3.928
srb,1815,3.928
srb,1816,3.928
srb,1817,3.928
srb,1818,3.928
srb,1819,3.928
srb,1820,3.928
srb,1821,3.928
srb,1822,3.929
srb,1823,3.928
srb,1824,3.928
srb,1825,4.039
srb,1826,4.039
srb,1827,4.039
srb,1828,4.039
srb,1829,4.039
srb,1830,4.152
srb,1831,4.152
srb,1832,4.152
srb,1833,4.152
srb,1834,4.152
srb,1835,4.269
srb,1836,4.269
srb,1837,4.269
srb,1838,4.269
srb,1839,4.269
srb,1840,4.269
srb,1841,4.389
srb,1842,4.389
srb,1843,4.389
srb,1844,4.389
srb,1845,4.389
srb,1846,4.513
srb,1847,4.513
srb,1848,4.513
srb,1849,4.513
srb,1850,4.513
srb,1851,4.513
srb,1852,4.513
srb,1853,4.513
srb,1854,4.513
srb,1855,4.513
srb,1856,4.513
srb,1857,4.513
srb,1858,4.639
srb,1859,4.64
srb,1860,4.639
srb,1861,4.639
srb,1862,4.639
srb,1863,4.64
srb,1864,4.639
srb,1865,4.639
srb,1866,4.639
srb,1867,4.639
srb,1868,4.639
srb,1869,4.639
srb,1870,4.639
srb,1871,4.64
srb,1872,4.774
srb,1873,4.778
srb,1874,4.917
srb,1875,4.921
srb,1876,5.063
srb,1877,5.068
srb,1878,5.215
srb,1879,5.219
srb,1880,5.404
srb,1881,5.443
srb,1882,5.6
srb,1883,5.764
srb,1884,5.768
srb,1885,5.956
srb,1886,5.959
srb,1887,6.117
srb,1888,6.121
srb,1889,6.297
srb,1890,6.294
srb,1891,6.298
srb,1892,6.334
srb,1893,6.515
srb,1894,6.524
srb,1895,6.527
srb,1896,6.491
srb,1897,6.495
srb,1898,6.499
srb,1899,6.503
srb,1900,6.506
srb,1901,6.673
srb,1902,6.67
srb,1903,6.864
srb,1904,6.847
srb,1905,7.104
srb,1906,7.104
srb,1907,7.268
srb,1908,7.276
srb,1909,7.449
srb,1910,7.435
srb,1911,7.446
srb,1912,7.452
srb,1913,7.466
srb,1914,7.474
srb,1915,7.258
srb,1916,7.312
srb,1917,7.314
srb,1918,7.319
srb,1919,7.148
srb,1920,7.157
srb,1921,7.155
srb,1922,7.337
srb,1923,7.521
srb,1924,7.742
srb,1925,7.951
srb,1926,8.082
srb,1927,7.962
srb,1928,8.337
srb,1929,8.343
srb,1930,8.183
srb,1931,7.77
srb,1932,6.804
srb,1933,6.808
srb,1934,6.801
srb,1935,6.629
srb,1936,7.215
srb,1937,7.222
srb,1938,7.597
srb,1939,7.806
srb,1940,7.607
srb,1941,7.409
srb,1942,7.243
srb,1943,7.261
srb,1944,7.043
srb,1945,6.866
srb,1946,6.883
srb,1947,6.703
srb,1948,7.895
srb,1949,8.332
srb,1950,7.701
srb,1951,7.926
srb,1952,7.117
srb,1953,8.171
srb,1954,7.962
srb,1955,9.101
srb,1956,8.641
srb,1957,11.397
srb,1958,10.799
srb,1959,14.369
srb,1960,14.759
srb,1961,15.186
srb,1962,16.058
srb,1963,18.112
srb,1964,19.695
srb,1965,20.263
srb,1966,22.002
srb,1967,22.023
srb,1968,22.655
srb,1969,25.255
srb,1970,25.963
srb,1971,28.3
srb,1972,29.14
srb,1973,30.862
srb,1974,33.61
srb,1975,34.591
srb,1976,36.582
srb,1977,39.707
srb,1978,41.936
srb,1979,45.589
srb,1980,45.617
srb,1981,46.289
srb,1982,46.678
srb,1983,45.764
srb,1984,47.134
srb,1985,46.968
srb,1986,48.45
srb,1987,48.284
srb,1988,47.198
srb,1989,48.85
srb,1990,43.798
srb,1991,38.72
srb,1992,27.993
srb,1993,19.583
srb,1994,20.039
srb,1995,21.565
srb,1996,23.023
srb,1997,25.428
srb,1998,27.572
srb,1999,24.337
srb,2000,26.353
srb,2001,27.845
srb,2002,30.324
srb,2003,31.673
srb,2004,32.766
srb,2005,35.178
srb,2006,39.777
srb,2007,44.004
srb,2008,47.132
srb,2009,45.996
srb,2010,46.458
srb,2011,46.996
srb,2012,43.919
srb,2013,46.59
srb,2014,44.844
srb,2015,47.308
srb,2016,48.979
srb,2017,50.89
srb,2018,51.735
srb,2019,56.304
srb,2020,53.641
srb,2021,59.493
srb,2022,60.521
srb,2023,62.694
srb,2024,65.815
srb,2025,70.407
srb,2026,77.821
srb,2027,81.592
srb,2028,85.044
srb,2029,88.059
srb,2030,89.816
srb,2031,91.977
srb,2032,94.066
srb,2033,96.282
srb,2034,96.022
srb,2035,98.292
srb,2036,100.555
srb,2037,100.067
srb,2038,102.335
srb,2039,104.84
srb,2040,104.088
srb,2041,106.68
srb,2042,109.026
srb,2043,108.529
srb,2044,110.756
srb,2045,110.075
srb,2046,112.638
srb,2047,115.202
srb,2048,114.423
srb,2049,116.98
srb,2050,115.825
srb,2051,117.869
srb,2052,120.595
srb,2053,119.454
srb,2054,122.104
srb,2055,121.398
srb,2056,124.097
srb,2057,123.426
srb,2058,126.029
srb,2059,125.333
srb,2060,128.033
srb,2061,127.574
srb,2062,130.311
srb,2063,129.698
srb,2064,132.679
srb,2065,132.023
srb,2066,135.239
srb,2067,134.321
srb,2068,137.52
srb,2069,136.345
srb,2070,139.507
srb,2071,138.839
srb,2072,138.18
srb,2073,141.56
srb,2074,140.759
srb,2075,144.543
srb,2076,143.754
srb,2077,143.288
srb,2078,146.668
srb,2079,146.173
srb,2080,149.335
srb,2081,147.865
srb,2082,147.303
srb,2083,150.376
srb,2084,150.06
srb,2085,148.475
srb,2086,152.331
srb,2087,151.694
srb,2088,151.066
srb,2089,153.492
srb,2090,153.188
srb,2091,152.643
srb,2092,156.599
srb,2093,155.979
srb,2094,156.807
srb,2095,160.353
srb,2096,159.741
srb,2097,159.512
srb,2098,158.94
srb,2099,163.499
srb,2100,161.991
syc,1800,2.423
syc,1801,2.423
syc,1802,2.423
syc,1803,2.423
syc,1804,2.423
syc,1805,2.423
syc,1806,2.423
syc,1807,2.423
syc,1808,2.423
syc,1809,2.423
syc,1810,2.423
syc,1811,2.423
syc,1812,2.423
syc,1813,2.423
syc,1814,2.423
syc,1815,2.423
syc,1816,2.423
syc,1817,2.423
syc,1818,2.423
syc,1819,2.422
syc,1820,2.422
syc,1821,2.422
syc,1822,2.422
syc,1823,2.424
syc,1824,2.423
syc,1825,2.424
syc,1826,2.423
syc,1827,2.422
syc,1828,2.423
syc,1829,2.423
syc,1830,2.422
syc,1831,2.424
syc,1832,2.422
syc,1833,2.423
syc,1834,2.424
syc,1835,2.423
syc,1836,2.423
syc,1837,2.491
syc,1838,2.492
syc,1839,2.491
syc,1840,2.49
syc,1841,2.491
syc,1842,2.49
syc,1843,2.492
syc,1844,2.491
syc,1845,2.491
syc,1846,2.491
syc,1847,2.491
syc,1848,2.491
syc,1849,2.491
syc,1850,2.491
syc,1851,2.492
syc,1852,2.493
syc,1853,2.492
syc,1854,2.491
syc,1855,2.491
syc,1856,2.491
syc,1857,2.492
syc,1858,2.492
syc,1859,2.491
syc,1860,2.491
syc,1861,2.493
syc,1862,2.492
syc,1863,2.492
syc,1864,2.493
syc,1865,2.492
syc,1866,2.492
syc,1867,2.492
syc,1868,2.492
syc,1869,2.492
syc,1870,2.491
syc,1871,2.491
syc,1872,2.491
syc,1873,2.49
syc,1874,2.489
syc,1875,2.488
syc,1876,2.488
syc,1877,2.486
syc,1878,2.485
syc,1879,2.484
syc,1880,2.483
syc,1881,2.481
syc,1882,2.48
syc,1883,2.48
syc,1884,2.477
syc,1885,2.476
syc,1886,2.476
syc,1887,2.476
syc,1888,2.544
syc,1889,2.542
syc,1890,2.542
syc,1891,2.54
syc,1892,2.611
syc,1893,2.683
syc,1894,2.68
syc,1895,2.755
syc,1896,2.832
syc,1897,2.831
syc,1898,2.909
syc,1899,2.99
syc,1900,2.988
syc,1901,3.071
syc,1902,3.155
syc,1903,3.242
syc,1904,3.241
syc,1905,3.331
syc,1906,3.423
syc,1907,3.422
syc,1908,3.516
syc,1909,3.614
syc,1910,3.612
syc,1911,3.728
syc,1912,3.848
syc,1913,3.847
syc,1914,3.953
syc,1915,4.073
syc,1916,4.179
syc,1917,4.177
syc,1918,4.292
syc,1919,4.427
syc,1920,4.405
syc,1921,4.523
syc,1922,4.635
syc,1923,4.64
syc,1924,4.78
syc,1925,4.889
syc,1926,4.868
syc,1927,4.993
syc,1928,5.143
syc,1929,5.279
syc,1930,5.262
syc,1931,5.395
syc,1932,5.51
syc,1933,5.504
syc,1934,5.675
syc,1935,5.804
syc,1936,5.769
syc,1937,5.951
syc,1938,6.112
syc,1939,6.117
syc,1940,6.278
syc,1941,6.433
syc,1942,6.52
syc,1943,6.654
syc,1944,6.625
syc,1945,6.77
syc,1946,6.924
syc,1947,7.109
syc,1948,7.263
syc,1949,7.447
syc,1950,7.414
syc,1951,7.804
syc,1952,7.972
syc,1953,8.141
syc,1954,8.248
syc,1955,8.188
syc,1956,8.15
syc,1957,8.296
syc,1958,8.245
syc,1959,8.401
syc,1960,8.832
syc,1961,8.283
syc,1962,8.958
syc,1963,9.749
syc,1964,9.945
syc,1965,8.763
syc,1966,8.7
syc,1967,9.172
syc,1968,10.177
syc,1969,9.574
syc,1970,10.314
syc,1971,11.73
syc,1972,11.964
syc,1973,12.881
syc,1974,12.789
syc,1975,12.706
syc,1976,14.528
syc,1977,15.687
syc,1978,16.464
syc,1979,18.747
syc,1980,18.094
syc,1981,17.653
syc,1982,17.665
syc,1983,17.859
syc,1984,18.877
syc,1985,21.689
syc,1986,21.858
syc,1987,22.686
syc,1988,23.905
syc,1989,27.406
syc,1990,30.336
syc,1991,31.03
syc,1992,33.469
syc,1993,35.205
syc,1994,34.221
syc,1995,34.512
syc,1996,37.013
syc,1997,40.653
syc,1998,42.417
syc,1999,42.848
syc,2000,43.83
syc,2001,42.914
syc,2002,42.89
syc,2003,39.951
syc,2004,39.246
syc,2005,42.262
syc,2006,44.721
syc,2007,50.329
syc,2008,46.331
syc,2009,45.356
syc,2010,42.62
syc,2011,47.659
syc,2012,48.699
syc,2013,48.305
syc,2014,50.138
syc,2015,52.402
syc,2016,69.839
syc,2017,74.495
syc,2018,85.449
syc,2019,84.078
syc,2020,78.597
syc,2021,83.708
syc,2022,72.042
syc,2023,71.711
syc,2024,78.634
syc,2025,82.018
syc,2026,87.064
syc,2027,90.647
syc,2028,96.896
syc,2029,100.139
syc,2030,107.272
syc,2031,106.79
syc,2032,109.32
syc,2033,108.764
syc,2034,111.256
syc,2035,114.086
syc,2036,113.524
syc,2037,116.202
syc,2038,115.744
syc,2039,118.3
syc,2040,117.78
syc,2041,120.622
syc,2042,120.357
syc,2043,123.218
syc,2044,122.652
syc,2045,125.526
syc,2046,124.929
syc,2047,127.749
syc,2048,127.22
syc,2049,130.446
syc,2050,129.506
syc,2051,129.221
syc,2052,132.247
syc,2053,131.708
syc,2054,134.61
syc,2055,134.09
syc,2056,133.308
syc,2057,136.198
syc,2058,135.562
syc,2059,138.655
syc,2060,138.123
syc,2061,137.493
syc,2062,140.765
syc,2063,139.879
syc,2064,139.356
syc,2065,142.559
syc,2066,141.34
syc,2067,140.317
syc,2068,142.542
syc,2069,141.982
syc,2070,141.475
syc,2071,144.894
syc,2072,143.381
syc,2073,142.716
syc,2074,146.168
syc,2075,145.608
syc,2076,144.949
syc,2077,148.347
syc,2078,147.794
syc,2079,147.2
syc,2080,146.681
syc,2081,150.274
syc,2082,149.308
syc,2083,148.691
syc,2084,147.857
syc,2085,151.488
syc,2086,150.973
syc,2087,150.491
syc,2088,150.374
syc,2089,149.871
syc,2090,153.202
syc,2091,152.696
syc,2092,152.217
syc,2093,151.827
syc,2094,155.605
syc,2095,155.114
syc,2096,154.66
syc,2097,154.2
syc,2098,153.747
syc,2099,153.628
syc,2100,157.494
sle,1800,2.202
sle,1801,2.202
sle,1802,2.202
sle,1803,2.202
sle,1804,2.202
sle,1805,2.202
sle,1806,2.202
sle,1807,2.202
sle,1808,2.202
sle,1809,2.202
sle,1810,2.202
sle,1811,2.202
sle,1812,2.202
sle,1813,2.202
sle,1814,2.202
sle,1815,2.202
sle,1816,2.202
sle,1817,2.202
sle,1818,2.202
sle,1819,2.202
sle,1820,2.202
sle,1821,2.202
sle,1822,2.264
sle,1823,2.264
sle,1824,2.264
sle,1825,2.264
sle,1826,2.264
sle,1827,2.264
sle,1828,2.328
sle,1829,2.328
sle,1830,2.328
sle,1831,2.328
sle,1832,2.328
sle,1833,2.328
sle,1834,2.393
sle,1835,2.393
sle,1836,2.393
sle,1837,2.393
sle,1838,2.393
sle,1839,2.393
sle,1840,2.46
sle,1841,2.46
sle,1842,2.46
sle,1843,2.46
sle,1844,2.46
sle,1845,2.529
sle,1846,2.529
sle,1847,2.529
sle,1848,2.529
sle,1849,2.53
sle,1850,2.53
sle,1851,2.601
sle,1852,2.601
sle,1853,2.601
sle,1854,2.601
sle,1855,2.601
sle,1856,2.601
sle,1857,2.674
sle,1858,2.674
sle,1859,2.674
sle,1860,2.674
sle,1861,2.674
sle,1862,2.674
sle,1863,2.749
sle,1864,2.749
sle,1865,2.749
sle,1866,2.749
sle,1867,2.749
sle,1868,2.826
sle,1869,2.826
sle,1870,2.826
sle,1871,2.826
sle,1872,2.826
sle,1873,2.825
sle,1874,2.905
sle,1875,2.904
sle,1876,2.904
sle,1877,2.903
sle,1878,2.903
sle,1879,2.903
sle,1880,2.984
sle,1881,2.984
sle,1882,2.984
sle,1883,2.983
sle,1884,2.983
sle,1885,2.982
sle,1886,3.066
sle,1887,3.066
sle,1888,3.065
sle,1889,3.065
sle,1890,3.065
sle,1891,3.15
sle,1892,3.15
sle,1893,3.15
sle,1894,3.149
sle,1895,3.149
sle,1896,3.149
sle,1897,3.237
sle,1898,3.236
sle,1899,3.236
sle,1900,3.236
sle,1901,3.235
sle,1902,3.235
sle,1903,3.326
sle,1904,3.325
sle,1905,3.325
sle,1906,3.325
sle,1907,3.324
sle,1908,3.417
sle,1909,3.417
sle,1910,3.416
sle,1911,3.416
sle,1912,3.416
sle,1913,3.415
sle,1914,3.415
sle,1915,3.415
sle,1916,3.51
sle,1917,3.51
sle,1918,3.51
sle,1919,3.509
sle,1920,3.509
sle,1921,3.413
sle,1922,3.412
sle,1923,3.412
sle,1924,3.411
sle,1925,3.318
sle,1926,3.317
sle,1927,3.317
sle,1928,3.317
sle,1929,3.226
sle,1930,3.225
sle,1931,3.225
sle,1932,3.137
sle,1933,3.136
sle,1934,3.136
sle,1935,3.135
sle,1936,3.049
sle,1937,3.049
sle,1938,3.049
sle,1939,2.965
sle,1940,2.965
sle,1941,2.968
sle,1942,2.889
sle,1943,2.892
sle,1944,2.815
sle,1945,2.818
sle,1946,2.82
sle,1947,2.746
sle,1948,2.748
sle,1949,2.676
sle,1950,2.678
sle,1951,2.756
sle,1952,2.836
sle,1953,2.919
sle,1954,3.003
sle,1955,3.091
sle,1956,3.093
sle,1957,3.184
sle,1958,3.186
sle,1959,3.371
sle,1960,3.374
sle,1961,3.378
sle,1962,3.574
sle,1963,3.678
sle,1964,3.785
sle,1965,3.895
sle,1966,4.125
sle,1967,3.902
sle,1968,4.133
sle,1969,4.496
sle,1970,4.628
sle,1971,4.631
sle,1972,4.508
sle,1973,4.639
sle,1974,4.644
sle,1975,4.647
sle,1976,4.524
sle,1977,4.405
sle,1978,4.532
sle,1979,4.664
sle,1980,4.668
sle,1981,4.859
sle,1982,4.992
sle,1983,4.971
sle,1984,5.126
sle,1985,4.986
sle,1986,4.942
sle,1987,5.116
sle,1988,5.308
sle,1989,5.597
sle,1990,5.575
sle,1991,5.62
sle,1992,4.681
sle,1993,4.856
sle,1994,4.83
sle,1995,4.519
sle,1996,4.296
sle,1997,3.927
sle,1998,3.984
sle,1999,3.907
sle,2000,4.111
sle,2001,3.767
sle,2002,4.505
sle,2003,4.742
sle,2004,5.03
sle,2005,5.222
sle,2006,5.516
sle,2007,5.477
sle,2008,5.543
sle,2009,5.426
sle,2010,5.807
sle,2011,6.308
sle,2012,6.164
sle,2013,7.193
sle,2014,5.93
sle,2015,6.068
sle,2016,6.613
sle,2017,6.677
sle,2018,6.608
sle,2019,6.887
sle,2020,6.655
sle,2021,6.958
sle,2022,7.223
sle,2023,7.628
sle,2024,7.789
sle,2025,8.115
sle,2026,8.63
sle,2027,9.0
sle,2028,9.331
sle,2029,9.604
sle,2030,9.576
sle,2031,9.877
sle,2032,10.194
sle,2033,10.237
sle,2034,10.569
sle,2035,10.91
sle,2036,10.966
sle,2037,11.332
sle,2038,11.681
sle,2039,11.733
sle,2040,12.114
sle,2041,12.519
sle,2042,12.568
sle,2043,12.986
sle,2044,13.421
sle,2045,13.492
sle,2046,13.932
sle,2047,14.417
sle,2048,14.492
sle,2049,14.995
sle,2050,15.486
sle,2051,15.544
sle,2052,16.053
sle,2053,16.576
sle,2054,17.052
sle,2055,17.066
sle,2056,17.597
sle,2057,18.169
sle,2058,18.695
sle,2059,18.731
sle,2060,19.388
sle,2061,20.031
sle,2062,20.674
sle,2063,20.752
sle,2064,21.523
sle,2065,22.374
sle,2066,23.113
sle,2067,23.101
sle,2068,23.775
sle,2069,24.47
sle,2070,25.285
sle,2071,25.895
sle,2072,25.857
sle,2073,26.68
sle,2074,27.495
sle,2075,28.364
sle,2076,28.987
sle,2077,28.984
sle,2078,29.772
sle,2079,30.562
sle,2080,31.33
sle,2081,32.066
sle,2082,32.948
sle,2083,33.07
sle,2084,34.411
sle,2085,35.317
sle,2086,36.357
sle,2087,37.683
sle,2088,38.914
sle,2089,40.103
sle,2090,40.259
sle,2091,41.484
sle,2092,42.908
sle,2093,44.658
sle,2094,46.265
sle,2095,47.594
sle,2096,49.072
sle,2097,48.815
sle,2098,49.368
sle,2099,50.292
sle,2100,50.93
sgp,1800,2.434
sgp,1801,2.434
sgp,1802,2.434
sgp,1803,2.434
sgp,1804,2.434
sgp,1805,2.434
sgp,1806,2.434
sgp,1807,2.434
sgp,1808,2.434
sgp,1809,2.434
sgp,1810,2.434
sgp,1811,2.434
sgp,1812,2.502
sgp,1813,2.502
sgp,1814,2.502
sgp,1815,2.502
sgp,1816,2.502
sgp,1817,2.502
sgp,1818,2.502
sgp,1819,2.502
sgp,1820,2.503
sgp,1821,2.502
sgp,1822,2.502
sgp,1823,2.502
sgp,1824,2.502
sgp,1825,2.502
sgp,1826,2.502
sgp,1827,2.503
sgp,1828,2.502
sgp,1829,2.503
sgp,1830,2.503
sgp,1831,2.503
sgp,1832,2.573
sgp,1833,2.573
sgp,1834,2.573
sgp,1835,2.573
sgp,1836,2.573
sgp,1837,2.573
sgp,1838,2.574
sgp,1839,2.574
sgp,1840,2.574
sgp,1841,2.646
sgp,1842,2.72
sgp,1843,2.72
sgp,1844,2.797
sgp,1845,2.875
sgp,1846,2.956
sgp,1847,2.956
sgp,1848,3.039
sgp,1849,3.126
sgp,1850,3.125
sgp,1851,3.213
sgp,1852,3.213
sgp,1853,3.303
sgp,1854,3.396
sgp,1855,3.396
sgp,1856,3.491
sgp,1857,3.59
sgp,1858,3.59
sgp,1859,3.691
sgp,1860,3.691
sgp,1861,3.795
sgp,1862,3.795
sgp,1863,3.902
sgp,1864,4.012
sgp,1865,4.011
sgp,1866,4.124
sgp,1867,4.124
sgp,1868,4.24
sgp,1869,4.24
sgp,1870,4.36
sgp,1871,4.359
sgp,1872,4.487
sgp,1873,4.492
sgp,1874,4.624
sgp,1875,4.629
sgp,1876,4.764
sgp,1877,4.769
sgp,1878,4.909
sgp,1879,5.052
sgp,1880,5.057
sgp,1881,5.205
sgp,1882,5.211
sgp,1883,5.363
sgp,1884,5.368
sgp,1885,5.526
sgp,1886,5.531
sgp,1887,5.692
sgp,1888,5.698
sgp,1889,5.865
sgp,1890,5.87
sgp,1891,6.042
sgp,1892,6.048
sgp,1893,6.256
sgp,1894,6.291
sgp,1895,6.477
sgp,1896,6.485
sgp,1897,6.673
sgp,1898,6.886
sgp,1899,6.892
sgp,1900,7.078
sgp,1901,7.68
sgp,1902,7.318
sgp,1903,6.285
sgp,1904,5.952
sgp,1905,6.716
sgp,1906,7.507
sgp,1907,6.933
sgp,1908,7.92
sgp,1909,7.903
sgp,1910,8.554
sgp,1911,7.729
sgp,1912,6.752
sgp,1913,5.678
sgp,1914,6.968
sgp,1915,7.158
sgp,1916,5.854
sgp,1917,8.224
sgp,1918,6.373
sgp,1919,7.179
sgp,1920,6.21
sgp,1921,7.002
sgp,1922,9.133
sgp,1923,9.372
sgp,1924,9.166
sgp,1925,10.354
sgp,1926,8.7
sgp,1927,6.441
sgp,1928,7.629
sgp,1929,10.428
sgp,1930,9.655
sgp,1931,7.24
sgp,1932,6.275
sgp,1933,9.001
sgp,1934,10.488
sgp,1935,11.679
sgp,1936,11.698
sgp,1937,12.765
sgp,1938,10.842
sgp,1939,12.443
sgp,1940,12.477
sgp,1941,12.409
sgp,1942,12.361
sgp,1943,12.315
sgp,1944,12.259
sgp,1945,11.89
sgp,1946,11.84
sgp,1947,11.793
sgp,1948,11.748
sgp,1949,11.709
sgp,1950,11.651
sgp,1951,11.02
sgp,1952,7.698
sgp,1953,9.244
sgp,1954,10.575
sgp,1955,9.698
sgp,1956,10.796
sgp,1957,9.63
sgp,1958,9.583
sgp,1959,10.665
sgp,1960,11.534
sgp,1961,12.156
sgp,1962,12.464
sgp,1963,13.526
sgp,1964,12.709
sgp,1965,13.392
sgp,1966,14.473
sgp,1967,16.062
sgp,1968,17.971
sgp,1969,19.985
sgp,1970,22.185
sgp,1971,24.611
sgp,1972,27.398
sgp,1973,29.689
sgp,1974,31.243
sgp,1975,31.974
sgp,1976,34.599
sgp,1977,36.348
sgp,1978,38.162
sgp,1979,41.236
sgp,1980,45.847
sgp,1981,50.126
sgp,1982,54.877
sgp,1983,58.056
sgp,1984,63.553
sgp,1985,69.645
sgp,1986,71.175
sgp,1987,74.434
sgp,1988,83.075
sgp,1989,92.978
sgp,1990,102.992
sgp,1991,108.507
sgp,1992,113.746
sgp,1993,124.243
sgp,1994,134.198
sgp,1995,140.491
sgp,1996,146.44
sgp,1997,154.573
sgp,1998,149.511
sgp,1999,158.261
sgp,2000,170.78
sgp,2001,168.118
sgp,2002,175.193
sgp,2003,186.515
sgp,2004,203.746
sgp,2005,215.469
sgp,2006,228.186
sgp,2007,238.811
sgp,2008,233.207
sgp,2009,228.986
sgp,2010,254.772
sgp,2011,265.028
sgp,2012,270.844
sgp,2013,279.595
sgp,2014,286.931
sgp,2015,293.588
sgp,2016,300.247
sgp,2017,315.879
sgp,2018,325.67
sgp,2019,331.201
sgp,2020,314.951
sgp,2021,359.51
sgp,2022,359.498
sgp,2023,363.06
sgp,2024,371.74
sgp,2025,387.816
sgp,2026,405.908
sgp,2027,410.956
sgp,2028,426.063
sgp,2029,439.433
sgp,2030,455.885
sgp,2031,437.525
sgp,2032,431.701
sgp,2033,426.354
sgp,2034,421.059
sgp,2035,415.993
sgp,2036,411.144
sgp,2037,395.779
sgp,2038,391.448
sgp,2039,387.316
sgp,2040,383.331
sgp,2041,378.43
sgp,2042,374.742
sgp,2043,371.189
sgp,2044,357.722
sgp,2045,354.52
sgp,2046,351.477
sgp,2047,349.424
sgp,2048,346.59
sgp,2049,343.859
sgp,2050,341.254
sgp,2051,338.705
sgp,2052,336.247
sgp,2053,324.113
sgp,2054,321.866
sgp,2055,319.52
sgp,2056,317.409
sgp,2057,315.369
sgp,2058,313.39
sgp,2059,311.475
sgp,2060,309.62
sgp,2061,307.825
sgp,2062,306.121
sgp,2063,296.114
sgp,2064,294.516
sgp,2065,292.967
sgp,2066,291.592
sgp,2067,290.127
sgp,2068,288.702
sgp,2069,287.318
sgp,2070,285.975
sgp,2071,284.665
sgp,2072,283.396
sgp,2073,282.156
sgp,2074,280.949
sgp,2075,279.845
sgp,2076,278.821
sgp,2077,277.703
sgp,2078,269.07
sgp,2079,268.036
sgp,2080,267.038
sgp,2081,266.054
sgp,2082,265.104
sgp,2083,264.27
sgp,2084,263.365
sgp,2085,261.501
sgp,2086,260.617
sgp,2087,259.752
sgp,2088,258.913
sgp,2089,258.191
sgp,2090,257.388
sgp,2091,256.602
sgp,2092,255.826
sgp,2093,255.069
sgp,2094,254.332
sgp,2095,253.706
sgp,2096,253.007
sgp,2097,252.306
sgp,2098,251.622
sgp,2099,250.959
sgp,2100,243.468
svk,1800,3.839
svk,1801,3.839
svk,1802,3.839
svk,1803,3.839
svk,1804,3.839
svk,1805,3.839
svk,1806,3.839
svk,1807,3.839
svk,1808,3.839
svk,1809,3.839
svk,1810,3.839
svk,1811,3.839
svk,1812,3.839
svk,1813,3.839
svk,1814,3.839
svk,1815,3.839
svk,1816,3.839
svk,1817,3.839
svk,1818,3.839
svk,1819,3.839
svk,1820,3.839
svk,1821,3.839
svk,1822,3.839
svk,1823,3.947
svk,1824,3.947
svk,1825,3.947
svk,1826,4.058
svk,1827,4.058
svk,1828,4.058
svk,1829,4.058
svk,1830,4.172
svk,1831,4.172
svk,1832,4.172
svk,1833,4.289
svk,1834,4.289
svk,1835,4.289
svk,1836,4.41
svk,1837,4.41
svk,1838,4.41
svk,1839,4.41
svk,1840,4.534
svk,1841,4.534
svk,1842,4.534
svk,1843,4.661
svk,1844,4.661
svk,1845,4.661
svk,1846,4.661
svk,1847,4.792
svk,1848,4.792
svk,1849,4.792
svk,1850,4.927
svk,1851,4.927
svk,1852,4.927
svk,1853,4.927
svk,1854,4.927
svk,1855,4.927
svk,1856,4.927
svk,1857,5.066
svk,1858,5.066
svk,1859,5.066
svk,1860,5.065
svk,1861,5.066
svk,1862,5.066
svk,1863,5.208
svk,1864,5.208
svk,1865,5.208
svk,1866,5.208
svk,1867,5.208
svk,1868,5.208
svk,1869,5.208
svk,1870,5.208
svk,1871,5.354
svk,1872,5.33
svk,1873,5.493
svk,1874,5.502
svk,1875,5.636
svk,1876,5.614
svk,1877,5.745
svk,1878,5.704
svk,1879,5.877
svk,1880,5.85
svk,1881,5.974
svk,1882,5.947
svk,1883,6.085
svk,1884,6.093
svk,1885,6.241
svk,1886,6.168
svk,1887,6.139
svk,1888,6.259
svk,1889,6.221
svk,1890,6.371
svk,1891,6.353
svk,1892,6.532
svk,1893,6.488
svk,1894,6.601
svk,1895,6.523
svk,1896,6.661
svk,1897,6.627
svk,1898,6.813
svk,1899,6.768
svk,1900,6.913
svk,1901,6.904
svk,1902,7.005
svk,1903,6.897
svk,1904,7.018
svk,1905,7.032
svk,1906,7.236
svk,1907,7.4
svk,1908,7.302
svk,1909,7.434
svk,1910,7.419
svk,1911,7.581
svk,1912,7.569
svk,1913,7.719
svk,1914,7.704
svk,1915,7.463
svk,1916,7.447
svk,1917,7.235
svk,1918,7.221
svk,1919,6.952
svk,1920,6.991
svk,1921,7.499
svk,1922,7.111
svk,1923,7.699
svk,1924,8.278
svk,1925,9.427
svk,1926,9.136
svk,1927,9.997
svk,1928,10.831
svk,1929,10.69
svk,1930,10.486
svk,1931,10.11
svk,1932,9.524
svk,1933,8.861
svk,1934,8.527
svk,1935,8.252
svk,1936,9.057
svk,1937,10.198
svk,1938,10.178
svk,1939,10.121
svk,1940,10.068
svk,1941,10.309
svk,1942,10.276
svk,1943,10.221
svk,1944,10.158
svk,1945,10.407
svk,1946,10.376
svk,1947,10.354
svk,1948,10.319
svk,1949,10.855
svk,1950,11.824
svk,1951,11.806
svk,1952,12.134
svk,1953,11.746
svk,1954,12.45
svk,1955,13.12
svk,1956,13.86
svk,1957,14.121
svk,1958,14.921
svk,1959,15.268
svk,1960,16.022
svk,1961,16.869
svk,1962,16.839
svk,1963,16.376
svk,1964,16.785
svk,1965,17.223
svk,1966,18.203
svk,1967,18.741
svk,1968,19.816
svk,1969,19.799
svk,1970,20.36
svk,1971,20.904
svk,1972,21.459
svk,1973,22.026
svk,1974,22.628
svk,1975,23.232
svk,1976,23.178
svk,1977,23.788
svk,1978,23.741
svk,1979,23.695
svk,1980,24.314
svk,1981,23.935
svk,1982,24.451
svk,1983,24.624
svk,1984,24.969
svk,1985,47.488
svk,1986,49.258
svk,1987,50.263
svk,1988,50.873
svk,1989,51.181
svk,1990,49.77
svk,1991,42.833
svk,1992,39.738
svk,1993,40.76
svk,1994,42.976
svk,1995,45.242
svk,1996,48.041
svk,1997,50.458
svk,1998,52.212
svk,1999,51.837
svk,2000,52.259
svk,2001,53.745
svk,2002,56.067
svk,2003,58.946
svk,2004,58.322
svk,2005,61.676
svk,2006,66.503
svk,2007,74.016
svk,2008,78.963
svk,2009,75.729
svk,2010,83.361
svk,2011,86.433
svk,2012,89.115
svk,2013,87.48
svk,2014,93.487
svk,2015,95.987
svk,2016,101.096
svk,2017,104.209
svk,2018,105.266
svk,2019,109.422
svk,2020,106.69
svk,2021,110.933
svk,2022,101.394
svk,2023,100.011
svk,2024,100.55
svk,2025,104.384
svk,2026,110.539
svk,2027,115.306
svk,2028,119.438
svk,2029,123.262
svk,2030,128.054
svk,2031,127.485
svk,2032,130.245
svk,2033,129.664
svk,2034,132.618
svk,2035,131.856
svk,2036,134.888
svk,2037,137.897
svk,2038,137.057
svk,2039,140.128
svk,2040,139.435
svk,2041,142.607
svk,2042,141.878
svk,2043,141.044
svk,2044,143.995
svk,2045,143.032
svk,2046,145.846
svk,2047,145.138
svk,2048,148.482
svk,2049,147.272
svk,2050,150.664
svk,2051,149.921
svk,2052,149.113
svk,2053,152.533
svk,2054,151.777
svk,2055,155.307
svk,2056,154.393
svk,2057,153.532
svk,2058,157.116
svk,2059,156.569
svk,2060,155.865
svk,2061,159.359
svk,2062,158.654
svk,2063,162.44
svk,2064,161.739
svk,2065,161.048
svk,2066,165.036
svk,2067,164.354
svk,2068,163.428
svk,2069,162.847
svk,2070,166.756
svk,2071,165.6
svk,2072,164.948
svk,2073,168.922
svk,2074,168.269
svk,2075,167.628
svk,2076,166.997
svk,2077,171.22
svk,2078,170.596
svk,2079,169.833
svk,2080,174.6
svk,2081,173.883
svk,2082,173.142
svk,2083,172.558
svk,2084,172.173
svk,2085,176.436
svk,2086,176.043
svk,2087,175.469
svk,2088,174.609
svk,2089,178.962
svk,2090,177.464
svk,2091,176.914
svk,2092,176.46
svk,2093,175.93
svk,2094,179.876
svk,2095,179.343
svk,2096,179.19
svk,2097,178.679
svk,2098,177.139
svk,2099,177.0
svk,2100,181.464
svn,1800,4.733
svn,1801,4.733
svn,1802,4.733
svn,1803,4.733
svn,1804,4.733
svn,1805,4.733
svn,1806,4.733
svn,1807,4.733
svn,1808,4.733
svn,1809,4.733
svn,1810,4.733
svn,1811,4.733
svn,1812,4.733
svn,1813,4.733
svn,1814,4.761
svn,1815,4.761
svn,1816,4.761
svn,1817,4.761
svn,1818,4.761
svn,1819,4.741
svn,1820,4.741
svn,1821,4.878
svn,1822,4.878
svn,1823,4.882
svn,1824,4.882
svn,1825,5.019
svn,1826,5.019
svn,1827,5.005
svn,1828,5.183
svn,1829,5.184
svn,1830,5.184
svn,1831,5.17
svn,1832,5.316
svn,1833,5.316
svn,1834,5.316
svn,1835,5.465
svn,1836,5.465
svn,1837,5.459
svn,1838,5.657
svn,1839,5.601
svn,1840,5.61
svn,1841,5.61
svn,1842,5.766
svn,1843,5.759
svn,1844,5.744
svn,1845,5.893
svn,1846,5.897
svn,1847,5.866
svn,1848,5.911
svn,1849,6.129
svn,1850,6.109
svn,1851,6.109
svn,1852,6.098
svn,1853,6.087
svn,1854,6.224
svn,1855,6.224
svn,1856,6.224
svn,1857,6.176
svn,1858,6.228
svn,1859,6.144
svn,1860,6.173
svn,1861,6.347
svn,1862,6.341
svn,1863,6.326
svn,1864,6.326
svn,1865,6.318
svn,1866,6.318
svn,1867,6.318
svn,1868,6.516
svn,1869,6.534
svn,1870,6.534
svn,1871,6.514
svn,1872,6.702
svn,1873,6.851
svn,1874,6.761
svn,1875,6.923
svn,1876,7.209
svn,1877,7.284
svn,1878,7.41
svn,1879,7.325
svn,1880,7.654
svn,1881,7.89
svn,1882,7.953
svn,1883,8.163
svn,1884,8.481
svn,1885,8.504
svn,1886,8.642
svn,1887,8.691
svn,1888,9.014
svn,1889,9.299
svn,1890,9.304
svn,1891,9.632
svn,1892,9.724
svn,1893,9.775
svn,1894,9.842
svn,1895,10.178
svn,1896,10.235
svn,1897,10.332
svn,1898,10.361
svn,1899,10.708
svn,1900,10.759
svn,1901,10.836
svn,1902,11.276
svn,1903,11.738
svn,1904,11.837
svn,1905,12.206
svn,1906,12.204
svn,1907,12.619
svn,1908,12.67
svn,1909,13.022
svn,1910,13.322
svn,1911,13.353
svn,1912,13.383
svn,1913,13.414
svn,1914,13.076
svn,1915,13.117
svn,1916,13.139
svn,1917,13.236
svn,1918,13.282
svn,1919,13.32
svn,1920,13.358
svn,1921,13.34
svn,1922,13.665
svn,1923,13.978
svn,1924,14.373
svn,1925,14.765
svn,1926,15.86
svn,1927,15.253
svn,1928,16.33
svn,1929,16.877
svn,1930,15.953
svn,1931,14.967
svn,1932,13.611
svn,1933,13.579
svn,1934,13.974
svn,1935,13.31
svn,1936,14.731
svn,1937,14.799
svn,1938,15.622
svn,1939,16.221
svn,1940,15.762
svn,1941,15.26
svn,1942,15.298
svn,1943,14.911
svn,1944,14.938
svn,1945,14.563
svn,1946,14.225
svn,1947,14.251
svn,1948,16.401
svn,1949,18.036
svn,1950,16.007
svn,1951,16.464
svn,1952,14.705
svn,1953,15.556
svn,1954,17.562
svn,1955,19.146
svn,1956,18.642
svn,1957,20.782
svn,1958,23.21
svn,1959,24.553
svn,1960,27.489
svn,1961,29.953
svn,1962,30.82
svn,1963,34.601
svn,1964,37.674
svn,1965,37.666
svn,1966,38.67
svn,1967,39.705
svn,1968,41.851
svn,1969,45.466
svn,1970,49.525
svn,1971,53.881
svn,1972,55.405
svn,1973,58.563
svn,1974,65.424
svn,1975,67.238
svn,1976,69.11
svn,1977,73.043
svn,1978,79.346
svn,1979,83.833
svn,1980,83.862
svn,1981,80.485
svn,1982,79.029
svn,1983,78.774
svn,1984,79.578
svn,1985,79.667
svn,1986,81.501
svn,1987,80.509
svn,1988,76.768
svn,1989,75.059
svn,1990,67.729
svn,1991,60.277
svn,1992,56.255
svn,1993,57.93
svn,1994,62.124
svn,1995,66.083
svn,1996,69.764
svn,1997,75.144
svn,1998,73.087
svn,1999,81.926
svn,2000,79.261
svn,2001,81.252
svn,2002,83.46
svn,2003,84.182
svn,2004,95.095
svn,2005,98.452
svn,2006,103.59
svn,2007,110.921
svn,2008,115.686
svn,2009,105.582
svn,2010,106.055
svn,2011,107.195
svn,2012,102.766
svn,2013,101.096
svn,2014,104.728
svn,2015,108.086
svn,2016,111.605
svn,2017,116.251
svn,2018,119.973
svn,2019,124.799
svn,2020,117.85
svn,2021,128.068
svn,2022,124.321
svn,2023,127.9
svn,2024,127.008
svn,2025,132.792
svn,2026,140.546
svn,2027,146.214
svn,2028,147.423
svn,2029,152.058
svn,2030,155.72
svn,2031,154.629
svn,2032,157.779
svn,2033,156.67
svn,2034,160.057
svn,2035,158.843
svn,2036,162.285
svn,2037,161.229
svn,2038,164.48
svn,2039,163.488
svn,2040,162.46
svn,2041,166.034
svn,2042,165.307
svn,2043,168.875
svn,2044,167.925
svn,2045,167.075
svn,2046,170.563
svn,2047,169.719
svn,2048,173.497
svn,2049,172.545
svn,2050,171.869
svn,2051,175.741
svn,2052,175.006
svn,2053,174.155
svn,2054,178.028
svn,2055,177.383
svn,2056,176.155
svn,2057,180.265
svn,2058,179.377
svn,2059,178.504
svn,2060,182.093
svn,2061,181.215
svn,2062,180.117
svn,2063,179.191
svn,2064,183.368
svn,2065,182.523
svn,2066,181.693
svn,2067,180.525
svn,2068,185.106
svn,2069,184.298
svn,2070,184.033
svn,2071,183.262
svn,2072,187.59
svn,2073,186.826
svn,2074,186.076
svn,2075,185.332
svn,2076,189.197
svn,2077,188.368
svn,2078,187.64
svn,2079,186.924
svn,2080,186.555
svn,2081,191.095
svn,2082,190.756
svn,2083,190.081
svn,2084,188.994
svn,2085,188.336
svn,2086,192.966
svn,2087,192.313
svn,2088,191.14
svn,2089,190.502
svn,2090,190.558
svn,2091,189.949
svn,2092,194.675
svn,2093,194.072
svn,2094,193.479
svn,2095,192.894
svn,2096,192.321
svn,2097,192.316
svn,2098,191.767
svn,2099,196.605
svn,2100,196.059
slb,1800,1.104
slb,1801,1.104
slb,1802,1.104
slb,1803,1.104
slb,1804,1.104
slb,1805,1.104
slb,1806,1.104
slb,1807,1.104
slb,1808,1.104
slb,1809,1.104
slb,1810,1.104
slb,1811,1.104
slb,1812,1.104
slb,1813,1.104
slb,1814,1.104
slb,1815,1.104
slb,1816,1.104
slb,1817,1.104
slb,1818,1.104
slb,1819,1.104
slb,1820,1.104
slb,1821,1.104
slb,1822,1.104
slb,1823,1.135
slb,1824,1.135
slb,1825,1.135
slb,1826,1.135
slb,1827,1.135
slb,1828,1.135
slb,1829,1.135
slb,1830,1.135
slb,1831,1.135
slb,1832,1.167
slb,1833,1.167
slb,1834,1.167
slb,1835,1.167
slb,1836,1.167
slb,1837,1.167
slb,1838,1.167
slb,1839,1.2
slb,1840,1.2
slb,1841,1.2
slb,1842,1.2
slb,1843,1.2
slb,1844,1.2
slb,1845,1.2
slb,1846,1.2
slb,1847,1.234
slb,1848,1.234
slb,1849,1.234
slb,1850,1.234
slb,1851,1.234
slb,1852,1.234
slb,1853,1.234
slb,1854,1.234
slb,1855,1.269
slb,1856,1.269
slb,1857,1.269
slb,1858,1.269
slb,1859,1.269
slb,1860,1.269
slb,1861,1.269
slb,1862,1.269
slb,1863,1.304
slb,1864,1.304
slb,1865,1.304
slb,1866,1.304
slb,1867,1.304
slb,1868,1.304
slb,1869,1.304
slb,1870,1.304
slb,1871,1.341
slb,1872,1.34
slb,1873,1.338
slb,1874,1.337
slb,1875,1.335
slb,1876,1.333
slb,1877,1.332
slb,1878,1.367
slb,1879,1.366
slb,1880,1.364
slb,1881,1.363
slb,1882,1.361
slb,1883,1.359
slb,1884,1.358
slb,1885,1.356
slb,1886,1.354
slb,1887,1.391
slb,1888,1.389
slb,1889,1.387
slb,1890,1.386
slb,1891,1.384
slb,1892,1.382
slb,1893,1.38
slb,1894,1.379
slb,1895,1.416
slb,1896,1.414
slb,1897,1.412
slb,1898,1.41
slb,1899,1.408
slb,1900,1.407
slb,1901,1.405
slb,1902,1.442
slb,1903,1.441
slb,1904,1.439
slb,1905,1.437
slb,1906,1.435
slb,1907,1.433
slb,1908,1.431
slb,1909,1.429
slb,1910,1.468
slb,1911,1.466
slb,1912,1.464
slb,1913,1.462
slb,1914,1.501
slb,1915,1.499
slb,1916,1.539
slb,1917,1.537
slb,1918,1.578
slb,1919,1.62
slb,1920,1.618
slb,1921,1.661
slb,1922,1.659
slb,1923,1.703
slb,1924,1.749
slb,1925,1.746
slb,1926,1.793
slb,1927,1.79
slb,1928,1.838
slb,1929,1.887
slb,1930,1.885
slb,1931,1.935
slb,1932,1.932
slb,1933,1.983
slb,1934,2.036
slb,1935,2.033
slb,1936,2.088
slb,1937,2.143
slb,1938,2.14
slb,1939,2.198
slb,1940,2.194
slb,1941,2.238
slb,1942,2.283
slb,1943,2.328
slb,1944,2.375
slb,1945,2.422
slb,1946,2.471
slb,1947,2.451
slb,1948,2.5
slb,1949,2.55
slb,1950,2.601
slb,1951,2.653
slb,1952,2.706
slb,1953,2.76
slb,1954,2.738
slb,1955,2.792
slb,1956,2.848
slb,1957,2.905
slb,1958,2.963
slb,1959,3.022
slb,1960,3.082
slb,1961,3.144
slb,1962,3.121
slb,1963,3.19
slb,1964,3.257
slb,1965,3.323
slb,1966,3.394
slb,1967,3.463
slb,1968,3.534
slb,1969,3.32
slb,1970,3.388
slb,1971,3.363
slb,1972,2.325
slb,1973,2.509
slb,1974,3.026
slb,1975,2.614
slb,1976,2.82
slb,1977,3.129
slb,1978,3.376
slb,1979,4.068
slb,1980,3.615
slb,1981,3.836
slb,1982,3.873
slb,1983,4.112
slb,1984,4.09
slb,1985,3.908
slb,1986,4.127
slb,1987,4.329
slb,1988,4.4
slb,1989,4.578
slb,1990,4.711
slb,1991,4.867
slb,1992,5.311
slb,1993,5.241
slb,1994,5.564
slb,1995,5.908
slb,1996,5.97
slb,1997,5.693
slb,1998,5.537
slb,1999,5.41
slb,2000,4.457
slb,2001,4.129
slb,2002,3.95
slb,2003,4.074
slb,2004,4.298
slb,2005,4.608
slb,2006,4.745
slb,2007,5.019
slb,2008,5.419
slb,2009,5.665
slb,2010,6.223
slb,2011,6.411
slb,2012,6.391
slb,2013,6.591
slb,2014,6.256
slb,2015,6.211
slb,2016,6.158
slb,2017,6.079
slb,2018,6.012
slb,2019,6.012
slb,2020,5.68
slb,2021,5.797
slb,2022,6.058
slb,2023,6.121
slb,2024,6.061
slb,2025,6.252
slb,2026,6.696
slb,2027,6.803
slb,2028,6.87
slb,2029,6.871
slb,2030,6.85
slb,2031,7.05
slb,2032,7.262
slb,2033,7.273
slb,2034,7.488
slb,2035,7.706
slb,2036,7.707
slb,2037,7.938
slb,2038,8.178
slb,2039,8.413
slb,2040,8.409
slb,2041,8.665
slb,2042,8.92
slb,2043,9.182
slb,2044,9.197
slb,2045,9.473
slb,2046,9.725
slb,2047,10.005
slb,2048,10.027
slb,2049,10.319
slb,2050,10.632
slb,2051,10.956
slb,2052,10.987
slb,2053,11.321
slb,2054,11.691
slb,2055,12.072
slb,2056,12.447
slb,2057,12.457
slb,2058,12.834
slb,2059,13.205
slb,2060,13.555
slb,2061,13.889
slb,2062,13.923
slb,2063,14.288
slb,2064,14.678
slb,2065,15.186
slb,2066,15.645
slb,2067,16.085
slb,2068,16.157
slb,2069,16.835
slb,2070,17.447
slb,2071,17.956
slb,2072,18.374
slb,2073,18.875
slb,2074,19.602
slb,2075,19.36
slb,2076,19.86
slb,2077,20.446
slb,2078,21.087
slb,2079,21.74
slb,2080,22.138
slb,2081,22.828
slb,2082,22.699
slb,2083,23.283
slb,2084,23.858
slb,2085,24.369
slb,2086,25.127
slb,2087,25.981
slb,2088,27.041
slb,2089,27.829
slb,2090,27.827
slb,2091,28.833
slb,2092,29.854
slb,2093,30.835
slb,2094,32.01
slb,2095,32.666
slb,2096,34.175
slb,2097,35.607
slb,2098,35.746
slb,2099,36.876
slb,2100,37.916
som,1800,2.137
som,1801,2.137
som,1802,2.137
som,1803,2.137
som,1804,2.137
som,1805,2.137
som,1806,2.137
som,1807,2.137
som,1808,2.137
som,1809,2.137
som,1810,2.137
som,1811,2.137
som,1812,2.137
som,1813,2.137
som,1814,2.137
som,1815,2.137
som,1816,2.137
som,1817,2.137
som,1818,2.137
som,1819,2.137
som,1820,2.137
som,1821,2.137
som,1822,2.137
som,1823,2.137
som,1824,2.137
som,1825,2.137
som,1826,2.137
som,1827,2.197
som,1828,2.197
som,1829,2.197
som,1830,2.197
som,1831,2.197
som,1832,2.197
som,1833,2.197
som,1834,2.197
som,1835,2.197
som,1836,2.197
som,1837,2.197
som,1838,2.197
som,1839,2.197
som,1840,2.197
som,1841,2.197
som,1842,2.197
som,1843,2.197
som,1844,2.197
som,1845,2.197
som,1846,2.197
som,1847,2.197
som,1848,2.197
som,1849,2.197
som,1850,2.197
som,1851,2.197
som,1852,2.197
som,1853,2.197
som,1854,2.197
som,1855,2.197
som,1856,2.259
som,1857,2.259
som,1858,2.259
som,1859,2.259
som,1860,2.259
som,1861,2.259
som,1862,2.259
som,1863,2.259
som,1864,2.259
som,1865,2.259
som,1866,2.259
som,1867,2.259
som,1868,2.259
som,1869,2.259
som,1870,2.259
som,1871,2.259
som,1872,2.254
som,1873,2.25
som,1874,2.245
som,1875,2.241
som,1876,2.237
som,1877,2.232
som,1878,2.228
som,1879,2.223
som,1880,2.219
som,1881,2.215
som,1882,2.211
som,1883,2.206
som,1884,2.264
som,1885,2.259
som,1886,2.255
som,1887,2.251
som,1888,2.246
som,1889,2.242
som,1890,2.238
som,1891,2.233
som,1892,2.229
som,1893,2.225
som,1894,2.22
som,1895,2.216
som,1896,2.212
som,1897,2.207
som,1898,2.203
som,1899,2.199
som,1900,2.195
som,1901,2.191
som,1902,2.186
som,1903,2.182
som,1904,2.178
som,1905,2.174
som,1906,2.17
som,1907,2.165
som,1908,2.161
som,1909,2.157
som,1910,2.153
som,1911,2.149
som,1912,2.145
som,1913,2.141
som,1914,2.197
som,1915,2.193
som,1916,2.188
som,1917,2.184
som,1918,2.241
som,1919,2.237
som,1920,2.233
som,1921,2.229
som,1922,2.287
som,1923,2.283
som,1924,2.279
som,1925,2.274
som,1926,2.334
som,1927,2.33
som,1928,2.325
som,1929,2.321
som,1930,2.382
som,1931,2.377
som,1932,2.373
som,1933,2.369
som,1934,2.431
som,1935,2.426
som,1936,2.422
som,1937,2.417
som,1938,2.481
som,1939,2.476
som,1940,2.471
som,1941,2.462
som,1942,2.453
som,1943,2.513
som,1944,2.503
som,1945,2.494
som,1946,2.484
som,1947,2.475
som,1948,2.466
som,1949,2.457
som,1950,2.447
som,1951,2.577
som,1952,2.568
som,1953,2.63
som,1954,2.701
som,1955,2.691
som,1956,2.756
som,1957,2.745
som,1958,2.734
som,1959,2.802
som,1960,2.792
som,1961,2.859
som,1962,2.93
som,1963,2.922
som,1964,2.534
som,1965,2.323
som,1966,2.591
som,1967,2.656
som,1968,2.576
som,1969,2.234
som,1970,2.355
som,1971,2.348
som,1972,2.692
som,1973,2.335
som,1974,2.265
som,1975,2.387
som,1976,2.131
som,1977,2.184
som,1978,2.061
som,1979,1.789
som,1980,1.688
som,1981,1.707
som,1982,1.736
som,1983,1.619
som,1984,1.621
som,1985,1.65
som,1986,1.611
som,1987,1.667
som,1988,1.566
som,1989,1.685
som,1990,1.726
som,1991,1.158
som,1992,1.129
som,1993,1.854
som,1994,1.648
som,1995,1.665
som,1996,1.695
som,1997,1.651
som,1998,1.681
som,1999,1.709
som,2000,1.73
som,2001,1.75
som,2002,1.774
som,2003,1.802
som,2004,1.824
som,2005,1.857
som,2006,1.882
som,2007,1.891
som,2008,1.946
som,2009,2.007
som,2010,1.913
som,2011,1.42
som,2012,2.067
som,2013,2.703
som,2014,2.823
som,2015,2.96
som,2016,3.03
som,2017,3.093
som,2018,3.229
som,2019,3.387
som,2020,3.289
som,2021,3.23
som,2022,3.038
som,2023,3.479
som,2024,3.488
som,2025,3.609
som,2026,3.729
som,2027,3.908
som,2028,4.109
som,2029,4.2
som,2030,4.442
som,2031,4.565
som,2032,4.562
som,2033,4.692
som,2034,4.823
som,2035,4.824
som,2036,4.96
som,2037,4.965
som,2038,5.103
som,2039,5.251
som,2040,5.25
som,2041,5.4
som,2042,5.564
som,2043,5.571
som,2044,5.73
som,2045,5.893
som,2046,5.899
som,2047,6.079
som,2048,6.258
som,2049,6.268
som,2050,6.448
som,2051,6.444
som,2052,6.63
som,2053,6.843
som,2054,6.859
som,2055,7.06
som,2056,7.272
som,2057,7.295
som,2058,7.521
som,2059,7.757
som,2060,7.777
som,2061,8.034
som,2062,8.258
som,2063,8.276
som,2064,8.534
som,2065,8.816
som,2066,8.839
som,2067,9.129
som,2068,9.438
som,2069,9.491
som,2070,9.794
som,2071,10.155
som,2072,10.211
som,2073,10.584
som,2074,10.925
som,2075,10.954
som,2076,11.311
som,2077,11.679
som,2078,11.97
som,2079,11.938
som,2080,12.296
som,2081,12.695
som,2082,13.035
som,2083,13.032
som,2084,13.533
som,2085,14.025
som,2086,14.41
som,2087,14.523
som,2088,15.138
som,2089,15.88
som,2090,16.384
som,2091,16.324
som,2092,16.687
som,2093,17.323
som,2094,17.869
som,2095,18.229
som,2096,18.175
som,2097,18.714
som,2098,19.368
som,2099,20.009
som,2100,20.324
zaf,1800,5.133
zaf,1801,5.132
zaf,1802,4.992
zaf,1803,4.992
zaf,1804,4.992
zaf,1805,4.736
zaf,1806,4.736
zaf,1807,5.132
zaf,1808,4.48
zaf,1809,4.358
zaf,1810,4.869
zaf,1811,3.793
zaf,1812,3.9
zaf,1813,4.856
zaf,1814,4.856
zaf,1815,4.123
zaf,1816,4.238
zaf,1817,4.48
zaf,1818,4.735
zaf,1819,4.122
zaf,1820,4.01
zaf,1821,4.735
zaf,1822,4.48
zaf,1823,4.48
zaf,1824,4.48
zaf,1825,4.606
zaf,1826,4.606
zaf,1827,4.606
zaf,1828,4.606
zaf,1829,4.606
zaf,1830,4.48
zaf,1831,4.238
zaf,1832,4.238
zaf,1833,4.122
zaf,1834,4.123
zaf,1835,4.123
zaf,1836,4.122
zaf,1837,4.01
zaf,1838,4.01
zaf,1839,4.01
zaf,1840,4.01
zaf,1841,3.9
zaf,1842,3.793
zaf,1843,3.69
zaf,1844,3.589
zaf,1845,3.395
zaf,1846,3.282
zaf,1847,3.192
zaf,1848,3.282
zaf,1849,3.395
zaf,1850,3.491
zaf,1851,4.238
zaf,1852,4.358
zaf,1853,4.735
zaf,1854,4.606
zaf,1855,4.856
zaf,1856,4.01
zaf,1857,4.736
zaf,1858,4.123
zaf,1859,4.238
zaf,1860,4.358
zaf,1861,4.123
zaf,1862,3.02
zaf,1863,3.192
zaf,1864,4.48
zaf,1865,3.282
zaf,1866,3.491
zaf,1867,4.123
zaf,1868,4.122
zaf,1869,4.123
zaf,1870,4.358
zaf,1871,4.358
zaf,1872,6.386
zaf,1873,5.54
zaf,1874,5.223
zaf,1875,5.815
zaf,1876,6.474
zaf,1877,6.104
zaf,1878,5.916
zaf,1879,6.585
zaf,1880,7.58
zaf,1881,7.144
zaf,1882,6.694
zaf,1883,5.055
zaf,1884,4.634
zaf,1885,3.918
zaf,1886,4.597
zaf,1887,5.116
zaf,1888,5.853
zaf,1889,5.67
zaf,1890,5.805
zaf,1891,5.944
zaf,1892,5.757
zaf,1893,5.732
zaf,1894,5.551
zaf,1895,6.348
zaf,1896,6.717
zaf,1897,6.12
zaf,1898,7.437
zaf,1899,6.445
zaf,1900,4.449
zaf,1901,4.812
zaf,1902,5.656
zaf,1903,7.654
zaf,1904,7.618
zaf,1905,8.012
zaf,1906,8.655
zaf,1907,8.376
zaf,1908,6.7
zaf,1909,6.852
zaf,1910,5.284
zaf,1911,5.256
zaf,1912,5.227
zaf,1913,5.198
zaf,1914,5.17
zaf,1915,5.141
zaf,1916,5.111
zaf,1917,5.082
zaf,1918,5.052
zaf,1919,5.164
zaf,1920,5.133
zaf,1921,5.244
zaf,1922,5.212
zaf,1923,5.326
zaf,1924,5.441
zaf,1925,5.74
zaf,1926,5.863
zaf,1927,5.988
zaf,1928,6.288
zaf,1929,6.074
zaf,1930,5.706
zaf,1931,5.361
zaf,1932,5.156
zaf,1933,5.587
zaf,1934,6.184
zaf,1935,6.859
zaf,1936,7.4
zaf,1937,7.764
zaf,1938,7.494
zaf,1939,7.861
zaf,1940,8.021
zaf,1941,8.122
zaf,1942,8.192
zaf,1943,8.051
zaf,1944,8.139
zaf,1945,7.998
zaf,1946,8.084
zaf,1947,7.976
zaf,1948,8.281
zaf,1949,8.155
zaf,1950,8.482
zaf,1951,8.586
zaf,1952,8.686
zaf,1953,8.544
zaf,1954,8.908
zaf,1955,9.015
zaf,1956,9.122
zaf,1957,9.23
zaf,1958,9.083
zaf,1959,9.197
zaf,1960,9.04
zaf,1961,9.145
zaf,1962,9.303
zaf,1963,9.717
zaf,1964,10.152
zaf,1965,10.32
zaf,1966,10.482
zaf,1967,10.961
zaf,1968,10.83
zaf,1969,11.003
zaf,1970,11.484
zaf,1971,11.35
zaf,1972,11.213
zaf,1973,11.387
zaf,1974,11.554
zaf,1975,11.416
zaf,1976,11.278
zaf,1977,11.143
zaf,1978,11.01
zaf,1979,11.183
zaf,1980,11.359
zaf,1981,11.997
zaf,1982,11.988
zaf,1983,11.655
zaf,1984,12.119
zaf,1985,11.879
zaf,1986,11.82
zaf,1987,12.022
zaf,1988,12.613
zaf,1989,13.04
zaf,1990,13.128
zaf,1991,12.883
zaf,1992,12.52
zaf,1993,12.507
zaf,1994,12.836
zaf,1995,13.223
zaf,1996,13.763
zaf,1997,14.161
zaf,1998,14.261
zaf,1999,14.645
zaf,2000,15.317
zaf,2001,15.512
zaf,2002,15.011
zaf,2003,14.148
zaf,2004,13.85
zaf,2005,13.502
zaf,2006,14.555
zaf,2007,15.297
zaf,2008,15.92
zaf,2009,15.672
zaf,2010,15.823
zaf,2011,16.264
zaf,2012,16.617
zaf,2013,16.748
zaf,2014,16.708
zaf,2015,16.747
zaf,2016,16.596
zaf,2017,16.629
zaf,2018,16.713
zaf,2019,16.409
zaf,2020,15.009
zaf,2021,15.514
zaf,2022,15.484
zaf,2023,15.612
zaf,2024,15.291
zaf,2025,15.588
zaf,2026,16.83
zaf,2027,17.185
zaf,2028,17.96
zaf,2029,18.152
zaf,2030,18.867
zaf,2031,19.47
zaf,2032,20.108
zaf,2033,20.183
zaf,2034,20.812
zaf,2035,21.499
zaf,2036,22.138
zaf,2037,22.847
zaf,2038,23.566
zaf,2039,23.653
zaf,2040,24.441
zaf,2041,25.221
zaf,2042,26.046
zaf,2043,26.877
zaf,2044,26.946
zaf,2045,27.835
zaf,2046,28.744
zaf,2047,29.656
zaf,2048,30.581
zaf,2049,30.704
zaf,2050,31.763
zaf,2051,32.834
zaf,2052,33.779
zaf,2053,34.902
zaf,2054,34.982
zaf,2055,36.097
zaf,2056,37.152
zaf,2057,38.301
zaf,2058,38.433
zaf,2059,39.657
zaf,2060,40.896
zaf,2061,41.164
zaf,2062,42.454
zaf,2063,44.064
zaf,2064,45.642
zaf,2065,45.737
zaf,2066,47.235
zaf,2067,48.585
zaf,2068,48.64
zaf,2069,49.916
zaf,2070,51.499
zaf,2071,51.692
zaf,2072,53.048
zaf,2073,54.853
zaf,2074,55.009
zaf,2075,56.822
zaf,2076,56.914
zaf,2077,58.809
zaf,2078,60.621
zaf,2079,60.779
zaf,2080,62.603
zaf,2081,63.419
zaf,2082,65.387
zaf,2083,67.477
zaf,2084,67.69
zaf,2085,70.202
zaf,2086,70.39
zaf,2087,72.615
zaf,2088,72.889
zaf,2089,75.227
zaf,2090,75.465
zaf,2091,77.922
zaf,2092,78.125
zaf,2093,80.504
zaf,2094,80.778
zaf,2095,83.44
zaf,2096,83.652
zaf,2097,86.221
zaf,2098,86.261
zaf,2099,88.923
zaf,2100,89.207
kor,1800,2.757
kor,1801,2.757
kor,1802,2.757
kor,1803,2.757
kor,1804,2.757
kor,1805,2.757
kor,1806,2.757
kor,1807,2.757
kor,1808,2.757
kor,1809,2.757
kor,1810,2.757
kor,1811,2.757
kor,1812,2.757
kor,1813,2.757
kor,1814,2.757
kor,1815,2.757
kor,1816,2.757
kor,1817,2.757
kor,1818,2.757
kor,1819,2.757
kor,1820,2.757
kor,1821,2.757
kor,1822,2.757
kor,1823,2.757
kor,1824,2.757
kor,1825,2.757
kor,1826,2.757
kor,1827,2.757
kor,1828,2.757
kor,1829,2.757
kor,1830,2.757
kor,1831,2.757
kor,1832,2.757
kor,1833,2.757
kor,1834,2.757
kor,1835,2.757
kor,1836,2.757
kor,1837,2.757
kor,1838,2.756
kor,1839,2.757
kor,1840,2.757
kor,1841,2.756
kor,1842,2.757
kor,1843,2.757
kor,1844,2.756
kor,1845,2.756
kor,1846,2.757
kor,1847,2.757
kor,1848,2.756
kor,1849,2.757
kor,1850,2.757
kor,1851,2.756
kor,1852,2.756
kor,1853,2.834
kor,1854,2.834
kor,1855,2.834
kor,1856,2.834
kor,1857,2.834
kor,1858,2.834
kor,1859,2.834
kor,1860,2.834
kor,1861,2.834
kor,1862,2.834
kor,1863,2.834
kor,1864,2.834
kor,1865,2.834
kor,1866,2.834
kor,1867,2.834
kor,1868,2.834
kor,1869,2.834
kor,1870,2.834
kor,1871,2.834
kor,1872,2.835
kor,1873,2.835
kor,1874,2.916
kor,1875,2.916
kor,1876,2.917
kor,1877,2.918
kor,1878,3.0
kor,1879,3.001
kor,1880,3.002
kor,1881,3.002
kor,1882,3.087
kor,1883,3.088
kor,1884,3.089
kor,1885,3.176
kor,1886,3.177
kor,1887,3.178
kor,1888,3.178
kor,1889,3.268
kor,1890,3.269
kor,1891,3.27
kor,1892,3.27
kor,1893,3.363
kor,1894,3.364
kor,1895,3.364
kor,1896,3.365
kor,1897,3.46
kor,1898,3.461
kor,1899,3.462
kor,1900,3.56
kor,1901,3.561
kor,1902,3.555
kor,1903,3.555
kor,1904,3.656
kor,1905,3.657
kor,1906,3.658
kor,1907,3.658
kor,1908,3.762
kor,1909,3.763
kor,1910,3.764
kor,1911,3.765
kor,1912,3.766
kor,1913,3.981
kor,1914,4.327
kor,1915,4.328
kor,1916,4.576
kor,1917,4.706
kor,1918,4.96
kor,1919,4.708
kor,1920,4.963
kor,1921,5.104
kor,1922,5.105
kor,1923,5.107
kor,1924,4.833
kor,1925,5.11
kor,1926,5.254
kor,1927,5.547
kor,1928,5.114
kor,1929,5.115
kor,1930,5.708
kor,1931,5.553
kor,1932,5.555
kor,1933,5.713
kor,1934,5.715
kor,1935,6.042
kor,1936,5.879
kor,1937,6.945
kor,1938,6.756
kor,1939,5.567
kor,1940,6.76
kor,1941,7.246
kor,1942,5.649
kor,1943,5.77
kor,1944,4.602
kor,1945,3.765
kor,1946,2.998
kor,1947,3.061
kor,1948,3.589
kor,1949,3.874
kor,1950,3.26
kor,1951,3.149
kor,1952,3.307
kor,1953,4.213
kor,1954,4.302
kor,1955,4.39
kor,1956,4.361
kor,1957,4.579
kor,1958,4.676
kor,1959,4.645
kor,1960,4.614
kor,1961,4.712
kor,1962,4.68
kor,1963,4.912
kor,1964,5.156
kor,1965,5.265
kor,1966,5.683
kor,1967,5.961
kor,1968,6.42
kor,1969,7.127
kor,1970,7.484
kor,1971,8.082
kor,1972,8.487
kor,1973,9.422
kor,1974,9.893
kor,1975,10.394
kor,1976,11.538
kor,1977,12.803
kor,1978,13.821
kor,1979,14.508
kor,1980,14.019
kor,1981,15.318
kor,1982,16.843
kor,1983,18.823
kor,1984,21.08
kor,1985,22.874
kor,1986,25.389
kor,1987,28.438
kor,1988,32.287
kor,1989,34.807
kor,1990,38.954
kor,1991,42.041
kor,1992,43.937
kor,1993,46.375
kor,1994,49.758
kor,1995,54.051
kor,1996,57.403
kor,1997,60.058
kor,1998,56.215
kor,1999,62.136
kor,2000,66.501
kor,2001,69.429
kor,2002,74.046
kor,2003,75.048
kor,2004,78.369
kor,2005,81.895
kor,2006,84.974
kor,2007,89.524
kor,2008,89.939
kor,2009,90.419
kor,2010,95.123
kor,2011,98.795
kor,2012,101.462
kor,2013,104.644
kor,2014,107.172
kor,2015,107.62
kor,2016,106.712
kor,2017,111.659
kor,2018,114.427
kor,2019,116.344
kor,2020,115.562
kor,2021,121.107
kor,2022,124.222
kor,2023,125.465
kor,2024,132.063
kor,2025,136.123
kor,2026,143.573
kor,2027,149.612
kor,2028,155.019
kor,2029,159.9
kor,2030,164.515
kor,2031,163.55
kor,2032,167.227
kor,2033,166.348
kor,2034,165.45
kor,2035,169.203
kor,2036,168.235
kor,2037,172.066
kor,2038,171.187
kor,2039,170.294
kor,2040,174.215
kor,2041,173.358
kor,2042,172.517
kor,2043,176.519
kor,2044,175.539
kor,2045,174.717
kor,2046,173.909
kor,2047,177.984
kor,2048,177.184
kor,2049,176.362
kor,2050,180.528
kor,2051,179.752
kor,2052,178.802
kor,2053,178.049
kor,2054,182.294
kor,2055,181.548
kor,2056,180.817
kor,2057,185.163
kor,2058,184.23
kor,2059,183.516
kor,2060,182.816
kor,2061,182.129
kor,2062,186.556
kor,2063,185.876
kor,2064,185.209
kor,2065,184.555
kor,2066,188.878
kor,2067,188.227
kor,2068,187.589
kor,2069,186.963
kor,2070,186.349
kor,2071,190.968
kor,2072,190.36
kor,2073,189.488
kor,2074,188.542
kor,2075,187.958
kor,2076,187.384
kor,2077,192.074
kor,2078,191.407
kor,2079,190.848
kor,2080,190.299
kor,2081,189.76
kor,2082,189.231
kor,2083,194.018
kor,2084,193.494
kor,2085,192.681
kor,2086,191.885
kor,2087,191.381
kor,2088,190.885
kor,2089,190.399
kor,2090,195.261
kor,2091,194.459
kor,2092,193.982
kor,2093,193.512
kor,2094,193.148
kor,2095,192.696
kor,2096,192.251
kor,2097,191.815
kor,2098,196.766
kor,2099,196.332
kor,2100,195.906
ssd,1800,1.557
ssd,1801,1.557
ssd,1802,1.557
ssd,1803,1.557
ssd,1804,1.557
ssd,1805,1.557
ssd,1806,1.557
ssd,1807,1.557
ssd,1808,1.557
ssd,1809,1.557
ssd,1810,1.557
ssd,1811,1.557
ssd,1812,1.557
ssd,1813,1.557
ssd,1814,1.557
ssd,1815,1.557
ssd,1816,1.557
ssd,1817,1.557
ssd,1818,1.557
ssd,1819,1.557
ssd,1820,1.557
ssd,1821,1.557
ssd,1822,1.557
ssd,1823,1.557
ssd,1824,1.557
ssd,1825,1.557
ssd,1826,1.557
ssd,1827,1.557
ssd,1828,1.557
ssd,1829,1.601
ssd,1830,1.601
ssd,1831,1.601
ssd,1832,1.601
ssd,1833,1.601
ssd,1834,1.601
ssd,1835,1.601
ssd,1836,1.601
ssd,1837,1.601
ssd,1838,1.601
ssd,1839,1.601
ssd,1840,1.601
ssd,1841,1.646
ssd,1842,1.646
ssd,1843,1.646
ssd,1844,1.646
ssd,1845,1.646
ssd,1846,1.646
ssd,1847,1.646
ssd,1848,1.646
ssd,1849,1.646
ssd,1850,1.646
ssd,1851,1.646
ssd,1852,1.646
ssd,1853,1.692
ssd,1854,1.692
ssd,1855,1.692
ssd,1856,1.692
ssd,1857,1.692
ssd,1858,1.692
ssd,1859,1.692
ssd,1860,1.692
ssd,1861,1.692
ssd,1862,1.692
ssd,1863,1.692
ssd,1864,1.692
ssd,1865,1.692
ssd,1866,1.74
ssd,1867,1.74
ssd,1868,1.74
ssd,1869,1.752
ssd,1870,1.752
ssd,1871,1.752
ssd,1872,1.739
ssd,1873,1.725
ssd,1874,1.723
ssd,1875,1.709
ssd,1876,1.696
ssd,1877,1.683
ssd,1878,1.716
ssd,1879,1.702
ssd,1880,1.687
ssd,1881,1.672
ssd,1882,1.657
ssd,1883,1.642
ssd,1884,1.627
ssd,1885,1.613
ssd,1886,1.598
ssd,1887,1.582
ssd,1888,1.567
ssd,1889,1.551
ssd,1890,1.578
ssd,1891,1.562
ssd,1892,1.545
ssd,1893,1.529
ssd,1894,1.512
ssd,1895,1.495
ssd,1896,1.478
ssd,1897,1.461
ssd,1898,1.443
ssd,1899,1.424
ssd,1900,1.406
ssd,1901,1.389
ssd,1902,1.381
ssd,1903,1.402
ssd,1904,1.383
ssd,1905,1.365
ssd,1906,1.346
ssd,1907,1.327
ssd,1908,1.309
ssd,1909,1.29
ssd,1910,1.271
ssd,1911,1.252
ssd,1912,1.234
ssd,1913,1.216
ssd,1914,1.231
ssd,1915,1.247
ssd,1916,1.228
ssd,1917,1.242
ssd,1918,1.261
ssd,1919,1.241
ssd,1920,1.253
ssd,1921,1.234
ssd,1922,1.251
ssd,1923,1.258
ssd,1924,1.261
ssd,1925,1.241
ssd,1926,1.261
ssd,1927,1.275
ssd,1928,1.257
ssd,1929,1.271
ssd,1930,1.283
ssd,1931,1.268
ssd,1932,1.291
ssd,1933,1.301
ssd,1934,1.277
ssd,1935,1.298
ssd,1936,1.314
ssd,1937,1.333
ssd,1938,1.312
ssd,1939,1.333
ssd,1940,1.345
ssd,1941,1.354
ssd,1942,1.368
ssd,1943,1.385
ssd,1944,1.4
ssd,1945,1.416
ssd,1946,1.431
ssd,1947,1.447
ssd,1948,1.457
ssd,1949,1.471
ssd,1950,1.443
ssd,1951,1.461
ssd,1952,1.471
ssd,1953,1.482
ssd,1954,1.494
ssd,1955,1.508
ssd,1956,1.48
ssd,1957,1.495
ssd,1958,1.468
ssd,1959,1.525
ssd,1960,1.498
ssd,1961,1.515
ssd,1962,1.539
ssd,1963,1.52
ssd,1964,1.302
ssd,1965,1.183
ssd,1966,1.304
ssd,1967,1.361
ssd,1968,1.307
ssd,1969,1.124
ssd,1970,1.172
ssd,1971,1.189
ssd,1972,1.351
ssd,1973,1.16
ssd,1974,1.114
ssd,1975,1.195
ssd,1976,1.056
ssd,1977,1.043
ssd,1978,1.002
ssd,1979,0.861
ssd,1980,0.827
ssd,1981,0.828
ssd,1982,0.826
ssd,1983,0.754
ssd,1984,0.701
ssd,1985,0.708
ssd,1986,0.714
ssd,1987,0.546
ssd,1988,0.39
ssd,1989,0.644
ssd,1990,0.65
ssd,1991,0.659
ssd,1992,0.559
ssd,1993,0.563
ssd,1994,0.938
ssd,1995,0.697
ssd,1996,0.707
ssd,1997,0.721
ssd,1998,0.479
ssd,1999,0.924
ssd,2000,0.993
ssd,2001,1.015
ssd,2002,1.037
ssd,2003,1.11
ssd,2004,1.131
ssd,2005,1.158
ssd,2006,1.178
ssd,2007,1.2
ssd,2008,1.461
ssd,2009,1.436
ssd,2010,1.431
ssd,2011,1.426
ssd,2012,0.701
ssd,2013,0.883
ssd,2014,0.883
ssd,2015,0.863
ssd,2016,0.73
ssd,2017,0.683
ssd,2018,1.08
ssd,2019,1.264
ssd,2020,1.354
ssd,2021,2.211
ssd,2022,2.12
ssd,2023,2.173
ssd,2024,1.241
ssd,2025,1.093
ssd,2026,1.799
ssd,2027,1.897
ssd,2028,2.098
ssd,2029,2.303
ssd,2030,2.363
ssd,2031,2.368
ssd,2032,2.44
ssd,2033,2.514
ssd,2034,2.519
ssd,2035,2.595
ssd,2036,2.673
ssd,2037,2.679
ssd,2038,2.76
ssd,2039,2.844
ssd,2040,2.85
ssd,2041,2.936
ssd,2042,3.025
ssd,2043,3.031
ssd,2044,3.123
ssd,2045,3.129
ssd,2046,3.224
ssd,2047,3.321
ssd,2048,3.335
ssd,2049,3.437
ssd,2050,3.543
ssd,2051,3.55
ssd,2052,3.665
ssd,2053,3.779
ssd,2054,3.79
ssd,2055,3.908
ssd,2056,4.04
ssd,2057,4.047
ssd,2058,4.172
ssd,2059,4.185
ssd,2060,4.314
ssd,2061,4.464
ssd,2062,4.478
ssd,2063,4.606
ssd,2064,4.746
ssd,2065,4.765
ssd,2066,4.928
ssd,2067,5.086
ssd,2068,5.11
ssd,2069,5.266
ssd,2070,5.417
ssd,2071,5.446
ssd,2072,5.639
ssd,2073,5.821
ssd,2074,5.824
ssd,2075,6.002
ssd,2076,6.035
ssd,2077,6.223
ssd,2078,6.423
ssd,2079,6.473
ssd,2080,6.707
ssd,2081,6.872
ssd,2082,6.897
ssd,2083,7.158
ssd,2084,7.415
ssd,2085,7.48
ssd,2086,7.753
ssd,2087,8.063
ssd,2088,8.151
ssd,2089,8.459
ssd,2090,8.579
ssd,2091,8.906
ssd,2092,9.287
ssd,2093,9.33
ssd,2094,9.709
ssd,2095,10.057
ssd,2096,10.172
ssd,2097,10.584
ssd,2098,10.899
ssd,2099,10.954
ssd,2100,11.263
esp,1800,3.888
esp,1801,3.998
esp,1802,3.998
esp,1803,3.732
esp,1804,3.837
esp,1805,4.226
esp,1806,4.466
esp,1807,4.467
esp,1808,4.592
esp,1809,4.11
esp,1810,3.888
esp,1811,3.63
esp,1812,3.888
esp,1813,3.998
esp,1814,4.226
esp,1815,4.467
esp,1816,4.466
esp,1817,4.344
esp,1818,4.467
esp,1819,4.592
esp,1820,4.592
esp,1821,4.592
esp,1822,4.721
esp,1823,4.721
esp,1824,4.854
esp,1825,4.344
esp,1826,4.721
esp,1827,4.721
esp,1828,4.721
esp,1829,4.854
esp,1830,4.854
esp,1831,4.854
esp,1832,4.592
esp,1833,4.721
esp,1834,4.592
esp,1835,4.592
esp,1836,4.592
esp,1837,4.592
esp,1838,4.467
esp,1839,4.592
esp,1840,4.854
esp,1841,4.854
esp,1842,4.721
esp,1843,4.721
esp,1844,4.592
esp,1845,4.854
esp,1846,4.854
esp,1847,4.721
esp,1848,4.721
esp,1849,4.854
esp,1850,4.991
esp,1851,5.131
esp,1852,5.275
esp,1853,5.275
esp,1854,5.275
esp,1855,5.557
esp,1856,5.275
esp,1857,5.131
esp,1858,5.275
esp,1859,5.423
esp,1860,5.713
esp,1861,5.713
esp,1862,5.713
esp,1863,5.713
esp,1864,5.713
esp,1865,5.423
esp,1866,5.874
esp,1867,5.713
esp,1868,4.99
esp,1869,5.131
esp,1870,5.275
esp,1871,5.713
esp,1872,6.659
esp,1873,7.248
esp,1874,6.68
esp,1875,6.878
esp,1876,7.082
esp,1877,7.893
esp,1878,7.521
esp,1879,6.92
esp,1880,7.617
esp,1881,7.842
esp,1882,7.852
esp,1883,7.899
esp,1884,7.957
esp,1885,7.598
esp,1886,7.39
esp,1887,7.198
esp,1888,7.631
esp,1889,7.641
esp,1890,7.433
esp,1891,7.688
esp,1892,8.676
esp,1893,8.038
esp,1894,8.273
esp,1895,8.056
esp,1896,7.092
esp,1897,7.727
esp,1898,8.31
esp,1899,8.319
esp,1900,8.418
esp,1901,9.467
esp,1902,8.755
esp,1903,8.751
esp,1904,8.449
esp,1905,8.373
esp,1906,9.048
esp,1907,9.145
esp,1908,9.793
esp,1909,9.807
esp,1910,9.098
esp,1911,10.176
esp,1912,9.805
esp,1913,10.205
esp,1914,9.821
esp,1915,9.823
esp,1916,10.494
esp,1917,10.183
esp,1918,9.836
esp,1919,10.186
esp,1920,10.861
esp,1921,11.23
esp,1922,11.615
esp,1923,11.612
esp,1924,11.925
esp,1925,12.745
esp,1926,12.691
esp,1927,13.928
esp,1928,13.561
esp,1929,14.705
esp,1930,13.535
esp,1931,13.115
esp,1932,13.47
esp,1933,12.644
esp,1934,13.089
esp,1935,13.076
esp,1936,9.557
esp,1937,8.648
esp,1938,8.656
esp,1939,9.594
esp,1940,10.848
esp,1941,10.784
esp,1942,11.409
esp,1943,11.985
esp,1944,12.321
esp,1945,11.199
esp,1946,11.748
esp,1947,11.693
esp,1948,11.605
esp,1949,11.534
esp,1950,11.479
esp,1951,12.85
esp,1952,13.906
esp,1953,13.432
esp,1954,14.52
esp,1955,14.822
esp,1956,16.058
esp,1957,16.398
esp,1958,17.207
esp,1959,17.087
esp,1960,16.958
esp,1961,19.346
esp,1962,20.893
esp,1963,22.552
esp,1964,23.686
esp,1965,25.558
esp,1966,26.827
esp,1967,28.155
esp,1968,28.701
esp,1969,31.8
esp,1970,32.464
esp,1971,33.137
esp,1972,35.728
esp,1973,38.591
esp,1974,40.536
esp,1975,40.33
esp,1976,42.404
esp,1977,42.198
esp,1978,43.159
esp,1979,42.941
esp,1980,43.923
esp,1981,45.446
esp,1982,47.944
esp,1983,49.589
esp,1984,50.982
esp,1985,53.139
esp,1986,56.035
esp,1987,60.564
esp,1988,66.003
esp,1989,72.122
esp,1990,78.262
esp,1991,79.38
esp,1992,79.107
esp,1993,77.624
esp,1994,80.337
esp,1995,81.382
esp,1996,84.904
esp,1997,88.484
esp,1998,91.93
esp,1999,95.335
esp,2000,100.594
esp,2001,105.102
esp,2002,109.908
esp,2003,112.871
esp,2004,111.698
esp,2005,115.456
esp,2006,117.507
esp,2007,117.885
esp,2008,116.87
esp,2009,110.686
esp,2010,110.117
esp,2011,110.405
esp,2012,107.926
esp,2013,106.915
esp,2014,107.816
esp,2015,112.162
esp,2016,115.755
esp,2017,119.275
esp,2018,121.382
esp,2019,124.044
esp,2020,109.801
esp,2021,117.068
esp,2022,118.514
esp,2023,120.209
esp,2024,124.998
esp,2025,130.549
esp,2026,138.369
esp,2027,140.251
esp,2028,141.782
esp,2029,146.62
esp,2030,152.071
esp,2031,151.136
esp,2032,154.387
esp,2033,153.372
esp,2034,156.655
esp,2035,155.619
esp,2036,159.031
esp,2037,157.973
esp,2038,161.393
esp,2039,160.28
esp,2040,163.765
esp,2041,162.762
esp,2042,161.775
esp,2043,165.397
esp,2044,164.268
esp,2045,167.892
esp,2046,166.812
esp,2047,170.51
esp,2048,169.536
esp,2049,168.533
esp,2050,172.303
esp,2051,171.242
esp,2052,170.306
esp,2053,174.136
esp,2054,173.208
esp,2055,176.909
esp,2056,175.984
esp,2057,174.952
esp,2058,178.951
esp,2059,178.048
esp,2060,177.39
esp,2061,181.339
esp,2062,180.463
esp,2063,179.605
esp,2064,178.762
esp,2065,182.937
esp,2066,182.103
esp,2067,181.277
esp,2068,185.55
esp,2069,184.635
esp,2070,183.839
esp,2071,183.059
esp,2072,187.419
esp,2073,187.013
esp,2074,186.261
esp,2075,185.524
esp,2076,189.997
esp,2077,189.04
esp,2078,188.324
esp,2079,187.678
esp,2080,192.246
esp,2081,191.624
esp,2082,190.944
esp,2083,190.278
esp,2084,189.624
esp,2085,194.296
esp,2086,193.651
esp,2087,193.25
esp,2088,192.502
esp,2089,191.895
esp,2090,196.714
esp,2091,196.114
esp,2092,195.526
esp,2093,194.641
esp,2094,194.073
esp,2095,193.515
esp,2096,198.395
esp,2097,197.844
esp,2098,197.305
esp,2099,196.859
esp,2100,196.34
lka,1800,3.149
lka,1801,3.149
lka,1802,3.149
lka,1803,3.149
lka,1804,3.149
lka,1805,3.149
lka,1806,3.149
lka,1807,3.149
lka,1808,3.149
lka,1809,3.149
lka,1810,3.149
lka,1811,3.149
lka,1812,3.149
lka,1813,3.149
lka,1814,3.149
lka,1815,3.149
lka,1816,3.149
lka,1817,3.149
lka,1818,3.149
lka,1819,3.149
lka,1820,3.149
lka,1821,3.149
lka,1822,3.149
lka,1823,3.149
lka,1824,3.149
lka,1825,3.149
lka,1826,3.149
lka,1827,3.149
lka,1828,3.149
lka,1829,3.149
lka,1830,3.149
lka,1831,3.149
lka,1832,3.149
lka,1833,3.149
lka,1834,3.237
lka,1835,3.237
lka,1836,3.237
lka,1837,3.237
lka,1838,3.237
lka,1839,3.237
lka,1840,3.237
lka,1841,3.237
lka,1842,3.237
lka,1843,3.237
lka,1844,3.237
lka,1845,3.237
lka,1846,3.237
lka,1847,3.237
lka,1848,3.237
lka,1849,3.237
lka,1850,3.237
lka,1851,3.328
lka,1852,3.328
lka,1853,3.422
lka,1854,3.518
lka,1855,3.617
lka,1856,3.617
lka,1857,3.719
lka,1858,3.823
lka,1859,3.931
lka,1860,3.931
lka,1861,3.991
lka,1862,4.103
lka,1863,4.219
lka,1864,4.219
lka,1865,4.337
lka,1866,4.454
lka,1867,4.58
lka,1868,4.579
lka,1869,4.659
lka,1870,4.749
lka,1871,4.659
lka,1872,4.452
lka,1873,4.451
lka,1874,4.328
lka,1875,4.448
lka,1876,4.446
lka,1877,4.444
lka,1878,4.092
lka,1879,4.32
lka,1880,4.651
lka,1881,4.88
lka,1882,5.113
lka,1883,5.113
lka,1884,4.974
lka,1885,4.615
lka,1886,4.556
lka,1887,5.259
lka,1888,5.116
lka,1889,4.976
lka,1890,5.611
lka,1891,5.613
lka,1892,5.616
lka,1893,5.618
lka,1894,5.62
lka,1895,5.893
lka,1896,5.866
lka,1897,6.035
lka,1898,6.217
lka,1899,6.51
lka,1900,6.833
lka,1901,6.403
lka,1902,6.232
lka,1903,6.591
lka,1904,6.595
lka,1905,6.418
lka,1906,6.422
lka,1907,6.551
lka,1908,6.61
lka,1909,6.257
lka,1910,6.436
lka,1911,6.263
lka,1912,6.267
lka,1913,6.579
lka,1914,6.631
lka,1915,6.105
lka,1916,6.28
lka,1917,6.641
lka,1918,5.942
lka,1919,6.289
lka,1920,5.948
lka,1921,5.833
lka,1922,5.972
lka,1923,5.836
lka,1924,6.128
lka,1925,6.485
lka,1926,6.791
lka,1927,6.796
lka,1928,6.801
lka,1929,7.087
lka,1930,6.81
lka,1931,6.501
lka,1932,6.153
lka,1933,6.329
lka,1934,6.829
lka,1935,6.512
lka,1936,6.337
lka,1937,6.863
lka,1938,6.704
lka,1939,6.523
lka,1940,6.874
lka,1941,6.818
lka,1942,6.926
lka,1943,6.74
lka,1944,6.029
lka,1945,5.83
lka,1946,5.362
lka,1947,5.469
lka,1948,5.89
lka,1949,6.022
lka,1950,6.155
lka,1951,6.291
lka,1952,6.242
lka,1953,6.048
lka,1954,6.181
lka,1955,6.135
lka,1956,5.779
lka,1957,5.745
lka,1958,5.712
lka,1959,5.678
lka,1960,5.645
lka,1961,5.612
lka,1962,5.578
lka,1963,5.7
lka,1964,5.666
lka,1965,5.631
lka,1966,5.597
lka,1967,5.873
lka,1968,5.999
lka,1969,6.123
lka,1970,6.435
lka,1971,6.223
lka,1972,6.187
lka,1973,6.323
lka,1974,6.287
lka,1975,6.426
lka,1976,6.389
lka,1977,6.53
lka,1978,6.861
lka,1979,7.211
lka,1980,7.371
lka,1981,7.834
lka,1982,8.367
lka,1983,8.81
lka,1984,9.434
lka,1985,9.973
lka,1986,10.318
lka,1987,10.397
lka,1988,10.743
lka,1989,11.075
lka,1990,11.958
lka,1991,12.456
lka,1992,12.363
lka,1993,12.987
lka,1994,13.311
lka,1995,13.614
lka,1996,13.966
lka,1997,14.593
lka,1998,14.602
lka,1999,14.715
lka,2000,14.896
lka,2001,14.283
lka,2002,14.624
lka,2003,15.445
lka,2004,15.987
lka,2005,16.87
lka,2006,18.101
lka,2007,19.405
lka,2008,20.782
lka,2009,21.599
lka,2010,23.231
lka,2011,24.671
lka,2012,26.228
lka,2013,28.444
lka,2014,29.809
lka,2015,30.618
lka,2016,31.448
lka,2017,33.435
lka,2018,34.25
lka,2019,34.228
lka,2020,32.469
lka,2021,33.775
lka,2022,31.326
lka,2023,30.91
lka,2024,33.627
lka,2025,34.285
lka,2026,36.657
lka,2027,37.711
lka,2028,39.872
lka,2029,40.992
lka,2030,43.203
lka,2031,44.355
lka,2032,45.513
lka,2033,45.437
lka,2034,46.63
lka,2035,47.854
lka,2036,49.072
lka,2037,50.374
lka,2038,51.714
lka,2039,51.672
lka,2040,53.04
lka,2041,54.462
lka,2042,55.858
lka,2043,55.791
lka,2044,57.261
lka,2045,58.726
lka,2046,60.299
lka,2047,61.979
lka,2048,61.87
lka,2049,63.588
lka,2050,65.301
lka,2051,65.216
lka,2052,66.94
lka,2053,68.684
lka,2054,70.517
lka,2055,70.459
lka,2056,72.34
lka,2057,74.236
lka,2058,74.028
lka,2059,76.128
lka,2060,78.125
lka,2061,78.019
lka,2062,80.167
lka,2063,82.208
lka,2064,82.13
lka,2065,84.408
lka,2066,86.624
lka,2067,86.468
lka,2068,88.9
lka,2069,91.258
lka,2070,91.096
lka,2071,93.645
lka,2072,93.667
lka,2073,96.137
lka,2074,95.988
lka,2075,98.696
lka,2076,101.302
lka,2077,101.133
lka,2078,103.904
lka,2079,103.91
lka,2080,106.525
lka,2081,106.464
lka,2082,109.282
lka,2083,109.108
lka,2084,112.113
lka,2085,112.269
lka,2086,115.252
lka,2087,115.072
lka,2088,118.131
lka,2089,118.343
lka,2090,121.496
lka,2091,121.334
lka,2092,124.485
lka,2093,124.311
lka,2094,124.145
lka,2095,127.829
lka,2096,127.661
lka,2097,130.901
lka,2098,130.581
lka,2099,134.774
lka,2100,134.299
kna,1800,3.945
kna,1801,3.945
kna,1802,3.945
kna,1803,3.945
kna,1804,3.945
kna,1805,3.945
kna,1806,3.945
kna,1807,3.945
kna,1808,3.945
kna,1809,3.945
kna,1810,3.945
kna,1811,3.945
kna,1812,3.945
kna,1813,3.945
kna,1814,3.945
kna,1815,3.945
kna,1816,3.945
kna,1817,3.945
kna,1818,3.945
kna,1819,3.943
kna,1820,3.943
kna,1821,4.055
kna,1822,4.055
kna,1823,4.056
kna,1824,4.055
kna,1825,4.168
kna,1826,4.17
kna,1827,4.168
kna,1828,4.168
kna,1829,4.286
kna,1830,4.286
kna,1831,4.286
kna,1832,4.285
kna,1833,4.407
kna,1834,4.407
kna,1835,4.407
kna,1836,4.406
kna,1837,4.531
kna,1838,4.53
kna,1839,4.53
kna,1840,4.531
kna,1841,4.53
kna,1842,4.657
kna,1843,4.658
kna,1844,4.659
kna,1845,4.659
kna,1846,4.789
kna,1847,4.789
kna,1848,4.79
kna,1849,4.789
kna,1850,4.924
kna,1851,4.924
kna,1852,4.909
kna,1853,4.91
kna,1854,5.047
kna,1855,5.047
kna,1856,5.048
kna,1857,5.047
kna,1858,5.19
kna,1859,5.19
kna,1860,5.19
kna,1861,5.189
kna,1862,5.336
kna,1863,5.336
kna,1864,5.336
kna,1865,5.337
kna,1866,5.485
kna,1867,5.486
kna,1868,5.486
kna,1869,5.485
kna,1870,5.64
kna,1871,5.64
kna,1872,5.628
kna,1873,5.615
kna,1874,5.603
kna,1875,5.747
kna,1876,5.733
kna,1877,5.72
kna,1878,5.707
kna,1879,5.853
kna,1880,5.839
kna,1881,5.826
kna,1882,5.812
kna,1883,5.962
kna,1884,5.947
kna,1885,5.932
kna,1886,5.917
kna,1887,6.069
kna,1888,6.055
kna,1889,6.04
kna,1890,6.024
kna,1891,6.178
kna,1892,6.163
kna,1893,6.148
kna,1894,6.133
kna,1895,6.258
kna,1896,6.244
kna,1897,6.227
kna,1898,6.211
kna,1899,6.369
kna,1900,6.354
kna,1901,6.337
kna,1902,6.322
kna,1903,6.483
kna,1904,6.467
kna,1905,6.45
kna,1906,6.434
kna,1907,6.597
kna,1908,6.58
kna,1909,6.564
kna,1910,6.547
kna,1911,6.529
kna,1912,6.695
kna,1913,6.678
kna,1914,6.647
kna,1915,6.816
kna,1916,6.796
kna,1917,6.968
kna,1918,6.95
kna,1919,7.127
kna,1920,7.109
kna,1921,7.091
kna,1922,7.27
kna,1923,7.254
kna,1924,7.436
kna,1925,7.416
kna,1926,7.604
kna,1927,7.583
kna,1928,7.563
kna,1929,7.754
kna,1930,7.733
kna,1931,7.929
kna,1932,7.905
kna,1933,8.106
kna,1934,8.091
kna,1935,8.037
kna,1936,8.223
kna,1937,8.188
kna,1938,8.384
kna,1939,8.327
kna,1940,8.54
kna,1941,8.437
kna,1942,8.347
kna,1943,8.476
kna,1944,8.387
kna,1945,8.299
kna,1946,8.445
kna,1947,8.355
kna,1948,8.269
kna,1949,8.413
kna,1950,8.326
kna,1951,8.245
kna,1952,8.388
kna,1953,8.299
kna,1954,8.211
kna,1955,8.352
kna,1956,8.264
kna,1957,8.177
kna,1958,8.318
kna,1959,8.229
kna,1960,8.142
kna,1961,8.282
kna,1962,8.205
kna,1963,8.127
kna,1964,8.278
kna,1965,8.2
kna,1966,8.352
kna,1967,8.278
kna,1968,8.432
kna,1969,8.351
kna,1970,8.271
kna,1971,8.906
kna,1972,9.323
kna,1973,9.495
kna,1974,9.94
kna,1975,10.124
kna,1976,10.607
kna,1977,11.107
kna,1978,11.625
kna,1979,12.51
kna,1980,13.464
kna,1981,14.346
kna,1982,15.08
kna,1983,15.578
kna,1984,16.155
kna,1985,17.212
kna,1986,18.177
kna,1987,19.382
kna,1988,20.488
kna,1989,21.916
kna,1990,23.213
kna,1991,23.16
kna,1992,23.629
kna,1993,24.309
kna,1994,24.848
kna,1995,25.364
kna,1996,25.949
kna,1997,26.723
kna,1998,26.374
kna,1999,27.217
kna,2000,28.458
kna,2001,29.295
kna,2002,29.7
kna,2003,29.427
kna,2004,30.122
kna,2005,31.507
kna,2006,32.029
kna,2007,32.135
kna,2008,33.673
kna,2009,33.11
kna,2010,33.119
kna,2011,42.886
kna,2012,42.342
kna,2013,44.361
kna,2014,47.31
kna,2015,47.629
kna,2016,49.389
kna,2017,49.739
kna,2018,50.765
kna,2019,52.59
kna,2020,45.575
kna,2021,44.852
kna,2022,49.788
kna,2023,53.782
kna,2024,52.759
kna,2025,56.418
kna,2026,60.229
kna,2027,62.716
kna,2028,64.896
kna,2029,66.978
kna,2030,70.095
kna,2031,70.029
kna,2032,71.942
kna,2033,71.84
kna,2034,73.798
kna,2035,75.816
kna,2036,75.721
kna,2037,77.797
kna,2038,77.738
kna,2039,79.862
kna,2040,79.79
kna,2041,81.973
kna,2042,81.894
kna,2043,84.154
kna,2044,86.468
kna,2045,86.403
kna,2046,88.77
kna,2047,88.688
kna,2048,91.139
kna,2049,91.026
kna,2050,90.951
kna,2051,93.427
kna,2052,93.388
kna,2053,95.96
kna,2054,95.884
kna,2055,98.517
kna,2056,98.544
kna,2057,101.278
kna,2058,101.225
kna,2059,101.184
kna,2060,103.975
kna,2061,103.912
kna,2062,106.679
kna,2063,106.715
kna,2064,106.672
kna,2065,109.62
kna,2066,109.541
kna,2067,109.499
kna,2068,112.585
kna,2069,112.602
kna,2070,115.745
kna,2071,115.592
kna,2072,115.562
kna,2073,118.639
kna,2074,118.888
kna,2075,118.696
kna,2076,118.821
kna,2077,122.118
kna,2078,122.123
kna,2079,122.047
kna,2080,125.502
kna,2081,125.496
kna,2082,125.532
kna,2083,128.875
kna,2084,128.914
kna,2085,128.719
kna,2086,128.887
kna,2087,132.517
kna,2088,132.675
kna,2089,132.67
kna,2090,132.514
kna,2091,136.25
kna,2092,135.867
kna,2093,135.859
kna,2094,135.901
kna,2095,135.453
kna,2096,139.302
kna,2097,139.55
kna,2098,139.594
kna,2099,139.614
kna,2100,139.638
lca,1800,1.836
lca,1801,1.836
lca,1802,1.836
lca,1803,1.836
lca,1804,1.836
lca,1805,1.836
lca,1806,1.836
lca,1807,1.836
lca,1808,1.836
lca,1809,1.836
lca,1810,1.836
lca,1811,1.836
lca,1812,1.836
lca,1813,1.836
lca,1814,1.836
lca,1815,1.836
lca,1816,1.836
lca,1817,1.836
lca,1818,1.836
lca,1819,1.836
lca,1820,1.836
lca,1821,1.836
lca,1822,1.888
lca,1823,1.888
lca,1824,1.888
lca,1825,1.888
lca,1826,1.888
lca,1827,1.888
lca,1828,1.888
lca,1829,1.888
lca,1830,1.888
lca,1831,1.941
lca,1832,1.941
lca,1833,1.941
lca,1834,1.941
lca,1835,1.941
lca,1836,1.941
lca,1837,1.941
lca,1838,1.941
lca,1839,1.996
lca,1840,1.996
lca,1841,1.996
lca,1842,1.996
lca,1843,1.995
lca,1844,1.995
lca,1845,1.995
lca,1846,1.995
lca,1847,2.052
lca,1848,2.052
lca,1849,2.051
lca,1850,2.051
lca,1851,2.051
lca,1852,2.051
lca,1853,2.052
lca,1854,2.051
lca,1855,2.051
lca,1856,2.109
lca,1857,2.11
lca,1858,2.109
lca,1859,2.109
lca,1860,2.109
lca,1861,2.109
lca,1862,2.109
lca,1863,2.109
lca,1864,2.169
lca,1865,2.168
lca,1866,2.169
lca,1867,2.169
lca,1868,2.168
lca,1869,2.169
lca,1870,2.169
lca,1871,2.17
lca,1872,2.171
lca,1873,2.235
lca,1874,2.238
lca,1875,2.241
lca,1876,2.243
lca,1877,2.246
lca,1878,2.249
lca,1879,2.251
lca,1880,2.254
lca,1881,2.32
lca,1882,2.323
lca,1883,2.326
lca,1884,2.328
lca,1885,2.331
lca,1886,2.333
lca,1887,2.336
lca,1888,2.339
lca,1889,2.342
lca,1890,2.41
lca,1891,2.413
lca,1892,2.416
lca,1893,2.418
lca,1894,2.421
lca,1895,2.424
lca,1896,2.427
lca,1897,2.429
lca,1898,2.501
lca,1899,2.504
lca,1900,2.506
lca,1901,2.509
lca,1902,2.512
lca,1903,2.515
lca,1904,2.518
lca,1905,2.521
lca,1906,2.594
lca,1907,2.597
lca,1908,2.6
lca,1909,2.602
lca,1910,2.605
lca,1911,2.609
lca,1912,2.611
lca,1913,2.614
lca,1914,2.617
lca,1915,2.694
lca,1916,2.697
lca,1917,2.7
lca,1918,2.702
lca,1919,2.706
lca,1920,2.709
lca,1921,2.788
lca,1922,2.79
lca,1923,2.872
lca,1924,2.876
lca,1925,2.96
lca,1926,3.046
lca,1927,3.049
lca,1928,3.139
lca,1929,3.142
lca,1930,3.234
lca,1931,3.242
lca,1932,3.338
lca,1933,3.435
lca,1934,3.438
lca,1935,3.538
lca,1936,3.542
lca,1937,3.645
lca,1938,3.649
lca,1939,3.755
lca,1940,3.759
lca,1941,3.858
lca,1942,3.962
lca,1943,4.068
lca,1944,4.063
lca,1945,4.173
lca,1946,4.285
lca,1947,4.403
lca,1948,4.397
lca,1949,4.515
lca,1950,4.637
lca,1951,4.762
lca,1952,4.887
lca,1953,5.018
lca,1954,5.299
lca,1955,5.441
lca,1956,5.584
lca,1957,5.735
lca,1958,6.055
lca,1959,6.392
lca,1960,6.747
lca,1961,6.927
lca,1962,7.308
lca,1963,7.501
lca,1964,7.698
lca,1965,7.9
lca,1966,8.107
lca,1967,8.321
lca,1968,8.779
lca,1969,9.011
lca,1970,9.249
lca,1971,9.491
lca,1972,9.742
lca,1973,9.724
lca,1974,10.259
lca,1975,10.529
lca,1976,12.413
lca,1977,13.466
lca,1978,14.209
lca,1979,14.582
lca,1980,13.77
lca,1981,14.697
lca,1982,15.56
lca,1983,16.615
lca,1984,18.195
lca,1985,20.416
lca,1986,23.646
lca,1987,24.797
lca,1988,28.705
lca,1989,32.036
lca,1990,35.678
lca,1991,36.073
lca,1992,39.083
lca,1993,39.409
lca,1994,40.062
lca,1995,40.646
lca,1996,41.693
lca,1997,41.275
lca,1998,43.719
lca,1999,44.776
lca,2000,44.639
lca,2001,43.082
lca,2002,43.343
lca,2003,45.329
lca,2004,48.73
lca,2005,48.646
lca,2006,48.72
lca,2007,49.782
lca,2008,53.304
lca,2009,51.735
lca,2010,51.512
lca,2011,54.134
lca,2012,51.994
lca,2013,52.469
lca,2014,54.167
lca,2015,52.921
lca,2016,54.852
lca,2017,54.584
lca,2018,58.693
lca,2019,56.79
lca,2020,43.122
lca,2021,47.673
lca,2022,59.022
lca,2023,61.108
lca,2024,62.371
lca,2025,65.791
lca,2026,70.324
lca,2027,71.549
lca,2028,72.558
lca,2029,75.141
lca,2030,75.245
lca,2031,76.885
lca,2032,78.544
lca,2033,78.08
lca,2034,79.741
lca,2035,81.388
lca,2036,83.155
lca,2037,84.86
lca,2038,84.322
lca,2039,86.114
lca,2040,87.867
lca,2041,89.725
lca,2042,91.629
lca,2043,90.897
lca,2044,92.797
lca,2045,94.784
lca,2046,96.802
lca,2047,96.126
lca,2048,98.16
lca,2049,100.285
lca,2050,102.405
lca,2051,101.552
lca,2052,103.619
lca,2053,105.831
lca,2054,107.938
lca,2055,107.164
lca,2056,109.338
lca,2057,111.551
lca,2058,110.75
lca,2059,113.014
lca,2060,115.307
lca,2061,114.516
lca,2062,116.845
lca,2063,119.242
lca,2064,118.35
lca,2065,120.72
lca,2066,123.156
lca,2067,122.23
lca,2068,124.673
lca,2069,123.662
lca,2070,126.118
lca,2071,128.606
lca,2072,127.69
lca,2073,130.336
lca,2074,129.451
lca,2075,132.142
lca,2076,131.239
lca,2077,133.979
lca,2078,136.814
lca,2079,135.873
lca,2080,138.776
lca,2081,137.865
lca,2082,140.772
lca,2083,139.75
lca,2084,142.704
lca,2085,141.822
lca,2086,144.953
lca,2087,143.925
lca,2088,146.97
lca,2089,146.011
lca,2090,149.061
lca,2091,148.113
lca,2092,147.173
lca,2093,150.366
lca,2094,149.303
lca,2095,152.604
lca,2096,151.74
lca,2097,155.064
lca,2098,153.987
lca,2099,153.081
lca,2100,156.305
vct,1800,2.342
vct,1801,2.342
vct,1802,2.342
vct,1803,2.342
vct,1804,2.342
vct,1805,2.342
vct,1806,2.342
vct,1807,2.342
vct,1808,2.342
vct,1809,2.342
vct,1810,2.342
vct,1811,2.342
vct,1812,2.342
vct,1813,2.342
vct,1814,2.342
vct,1815,2.342
vct,1816,2.342
vct,1817,2.342
vct,1818,2.342
vct,1819,2.342
vct,1820,2.342
vct,1821,2.342
vct,1822,2.341
vct,1823,2.408
vct,1824,2.408
vct,1825,2.408
vct,1826,2.409
vct,1827,2.476
vct,1828,2.51
vct,1829,2.511
vct,1830,2.51
vct,1831,2.581
vct,1832,2.581
vct,1833,2.58
vct,1834,2.582
vct,1835,2.653
vct,1836,2.654
vct,1837,2.607
vct,1838,2.608
vct,1839,2.68
vct,1840,2.68
vct,1841,2.68
vct,1842,2.68
vct,1843,2.68
vct,1844,2.756
vct,1845,2.755
vct,1846,2.755
vct,1847,2.755
vct,1848,2.833
vct,1849,2.833
vct,1850,2.833
vct,1851,2.833
vct,1852,2.912
vct,1853,2.914
vct,1854,2.913
vct,1855,2.912
vct,1856,3.038
vct,1857,3.037
vct,1858,3.038
vct,1859,3.038
vct,1860,3.124
vct,1861,3.124
vct,1862,3.124
vct,1863,3.123
vct,1864,3.211
vct,1865,3.261
vct,1866,3.262
vct,1867,3.262
vct,1868,3.353
vct,1869,3.354
vct,1870,3.403
vct,1871,3.453
vct,1872,3.618
vct,1873,3.634
vct,1874,3.753
vct,1875,3.768
vct,1876,3.889
vct,1877,3.902
vct,1878,3.916
vct,1879,3.953
vct,1880,4.002
vct,1881,4.128
vct,1882,4.228
vct,1883,4.241
vct,1884,4.291
vct,1885,4.531
vct,1886,4.543
vct,1887,4.554
vct,1888,4.608
vct,1889,4.749
vct,1890,4.761
vct,1891,4.77
vct,1892,4.826
vct,1893,4.974
vct,1894,5.025
vct,1895,5.085
vct,1896,5.096
vct,1897,5.287
vct,1898,5.368
vct,1899,5.377
vct,1900,5.384
vct,1901,5.639
vct,1902,5.645
vct,1903,5.749
vct,1904,5.752
vct,1905,5.919
vct,1906,6.015
vct,1907,6.021
vct,1908,6.025
vct,1909,6.198
vct,1910,6.288
vct,1911,6.291
vct,1912,6.295
vct,1913,6.475
vct,1914,6.478
vct,1915,6.482
vct,1916,6.667
vct,1917,6.75
vct,1918,6.837
vct,1919,7.029
vct,1920,7.029
vct,1921,7.069
vct,1922,7.266
vct,1923,7.309
vct,1924,7.389
vct,1925,7.425
vct,1926,7.67
vct,1927,7.741
vct,1928,7.734
vct,1929,7.972
vct,1930,7.943
vct,1931,7.935
vct,1932,7.931
vct,1933,8.146
vct,1934,8.14
vct,1935,8.132
vct,1936,8.355
vct,1937,8.349
vct,1938,8.341
vct,1939,8.335
vct,1940,8.562
vct,1941,8.495
vct,1942,8.434
vct,1943,8.609
vct,1944,8.547
vct,1945,8.485
vct,1946,8.66
vct,1947,8.599
vct,1948,8.776
vct,1949,8.65
vct,1950,8.512
vct,1951,8.69
vct,1952,9.102
vct,1953,9.304
vct,1954,9.486
vct,1955,9.691
vct,1956,9.891
vct,1957,10.39
vct,1958,10.6
vct,1959,10.816
vct,1960,11.052
vct,1961,11.297
vct,1962,11.536
vct,1963,10.555
vct,1964,10.784
vct,1965,10.719
vct,1966,10.651
vct,1967,9.496
vct,1968,9.696
vct,1969,9.899
vct,1970,10.683
vct,1971,10.917
vct,1972,13.392
vct,1973,11.989
vct,1974,10.711
vct,1975,9.801
vct,1976,10.579
vct,1977,10.809
vct,1978,11.65
vct,1979,11.908
vct,1980,12.178
vct,1981,13.005
vct,1982,13.998
vct,1983,14.603
vct,1984,15.433
vct,1985,16.729
vct,1986,17.738
vct,1987,18.749
vct,1988,19.482
vct,1989,20.982
vct,1990,21.623
vct,1991,21.769
vct,1992,22.834
vct,1993,22.954
vct,1994,22.954
vct,1995,23.789
vct,1996,23.95
vct,1997,24.295
vct,1998,24.594
vct,1999,24.847
vct,2000,24.945
vct,2001,25.07
vct,2002,26.559
vct,2003,26.286
vct,2004,26.686
vct,2005,26.929
vct,2006,27.681
vct,2007,28.044
vct,2008,28.458
vct,2009,28.561
vct,2010,28.207
vct,2011,28.438
vct,2012,28.895
vct,2013,29.319
vct,2014,29.889
vct,2015,30.545
vct,2016,31.839
vct,2017,32.717
vct,2018,33.44
vct,2019,33.998
vct,2020,31.827
vct,2021,32.24
vct,2022,33.868
vct,2023,34.794
vct,2024,35.704
vct,2025,38.049
vct,2026,41.216
vct,2027,43.04
vct,2028,44.933
vct,2029,46.595
vct,2030,47.643
vct,2031,48.882
vct,2032,50.226
vct,2033,50.173
vct,2034,51.513
vct,2035,52.836
vct,2036,54.144
vct,2037,54.057
vct,2038,55.436
vct,2039,56.902
vct,2040,58.39
vct,2041,59.862
vct,2042,59.738
vct,2043,61.303
vct,2044,62.93
vct,2045,62.793
vct,2046,64.259
vct,2047,65.926
vct,2048,67.506
vct,2049,67.375
vct,2050,69.108
vct,2051,70.834
vct,2052,70.681
vct,2053,72.496
vct,2054,74.179
vct,2055,74.039
vct,2056,75.932
vct,2057,77.939
vct,2058,77.742
vct,2059,79.801
vct,2060,81.858
vct,2061,81.6
vct,2062,83.72
vct,2063,85.851
vct,2064,85.649
vct,2065,87.838
vct,2066,87.628
vct,2067,89.829
vct,2068,91.809
vct,2069,91.717
vct,2070,94.048
vct,2071,93.82
vct,2072,96.185
vct,2073,95.952
vct,2074,97.932
vct,2075,97.6
vct,2076,100.084
vct,2077,99.841
vct,2078,102.332
vct,2079,102.078
vct,2080,104.774
vct,2081,104.517
vct,2082,107.204
vct,2083,106.947
vct,2084,109.652
vct,2085,110.166
vct,2086,113.02
vct,2087,112.77
vct,2088,115.484
vct,2089,116.114
vct,2090,115.873
vct,2091,118.84
vct,2092,118.605
vct,2093,121.467
vct,2094,120.708
vct,2095,120.472
vct,2096,123.697
vct,2097,123.633
vct,2098,126.856
vct,2099,126.639
vct,2100,126.421
sdn,1800,1.491
sdn,1801,1.491
sdn,1802,1.491
sdn,1803,1.491
sdn,1804,1.491
sdn,1805,1.491
sdn,1806,1.491
sdn,1807,1.491
sdn,1808,1.491
sdn,1809,1.491
sdn,1810,1.491
sdn,1811,1.491
sdn,1812,1.491
sdn,1813,1.491
sdn,1814,1.491
sdn,1815,1.491
sdn,1816,1.491
sdn,1817,1.491
sdn,1818,1.491
sdn,1819,1.491
sdn,1820,1.491
sdn,1821,1.491
sdn,1822,1.491
sdn,1823,1.533
sdn,1824,1.533
sdn,1825,1.533
sdn,1826,1.533
sdn,1827,1.533
sdn,1828,1.533
sdn,1829,1.533
sdn,1830,1.533
sdn,1831,1.533
sdn,1832,1.533
sdn,1833,1.533
sdn,1834,1.533
sdn,1835,1.576
sdn,1836,1.576
sdn,1837,1.576
sdn,1838,1.576
sdn,1839,1.576
sdn,1840,1.576
sdn,1841,1.576
sdn,1842,1.576
sdn,1843,1.576
sdn,1844,1.576
sdn,1845,1.576
sdn,1846,1.576
sdn,1847,1.576
sdn,1848,1.621
sdn,1849,1.621
sdn,1850,1.621
sdn,1851,1.621
sdn,1852,1.621
sdn,1853,1.621
sdn,1854,1.621
sdn,1855,1.621
sdn,1856,1.621
sdn,1857,1.621
sdn,1858,1.621
sdn,1859,1.621
sdn,1860,1.666
sdn,1861,1.666
sdn,1862,1.666
sdn,1863,1.666
sdn,1864,1.666
sdn,1865,1.666
sdn,1866,1.666
sdn,1867,1.666
sdn,1868,1.666
sdn,1869,1.666
sdn,1870,1.666
sdn,1871,1.666
sdn,1872,1.721
sdn,1873,1.729
sdn,1874,1.738
sdn,1875,1.746
sdn,1876,1.755
sdn,1877,1.763
sdn,1878,1.772
sdn,1879,1.781
sdn,1880,1.789
sdn,1881,1.798
sdn,1882,1.807
sdn,1883,1.816
sdn,1884,1.877
sdn,1885,1.886
sdn,1886,1.896
sdn,1887,1.905
sdn,1888,1.915
sdn,1889,1.925
sdn,1890,1.935
sdn,1891,1.945
sdn,1892,1.955
sdn,1893,1.965
sdn,1894,1.975
sdn,1895,1.985
sdn,1896,1.996
sdn,1897,2.062
sdn,1898,2.073
sdn,1899,2.084
sdn,1900,2.095
sdn,1901,2.106
sdn,1902,2.117
sdn,1903,2.128
sdn,1904,2.14
sdn,1905,2.151
sdn,1906,2.162
sdn,1907,2.174
sdn,1908,2.185
sdn,1909,2.259
sdn,1910,2.271
sdn,1911,2.283
sdn,1912,2.295
sdn,1913,2.307
sdn,1914,2.385
sdn,1915,2.397
sdn,1916,2.478
sdn,1917,2.491
sdn,1918,2.574
sdn,1919,2.661
sdn,1920,2.675
sdn,1921,2.764
sdn,1922,2.857
sdn,1923,2.872
sdn,1924,2.968
sdn,1925,3.067
sdn,1926,3.083
sdn,1927,3.186
sdn,1928,3.293
sdn,1929,3.309
sdn,1930,3.42
sdn,1931,3.534
sdn,1932,3.652
sdn,1933,3.67
sdn,1934,3.792
sdn,1935,3.919
sdn,1936,3.938
sdn,1937,4.068
sdn,1938,4.203
sdn,1939,4.224
sdn,1940,4.364
sdn,1941,4.465
sdn,1942,4.569
sdn,1943,4.805
sdn,1944,4.916
sdn,1945,5.029
sdn,1946,5.145
sdn,1947,5.264
sdn,1948,5.536
sdn,1949,5.662
sdn,1950,5.792
sdn,1951,5.925
sdn,1952,6.06
sdn,1953,6.199
sdn,1954,6.34
sdn,1955,6.484
sdn,1956,7.009
sdn,1957,6.782
sdn,1958,6.746
sdn,1959,7.501
sdn,1960,7.46
sdn,1961,7.216
sdn,1962,7.57
sdn,1963,7.108
sdn,1964,6.859
sdn,1965,7.001
sdn,1966,6.758
sdn,1967,6.344
sdn,1968,6.656
sdn,1969,6.791
sdn,1970,6.375
sdn,1971,6.506
sdn,1972,6.107
sdn,1973,5.734
sdn,1974,6.184
sdn,1975,6.857
sdn,1976,7.812
sdn,1977,8.426
sdn,1978,7.913
sdn,1979,7.029
sdn,1980,6.975
sdn,1981,7.197
sdn,1982,7.691
sdn,1983,7.619
sdn,1984,7.083
sdn,1985,6.782
sdn,1986,7.327
sdn,1987,7.605
sdn,1988,7.902
sdn,1989,8.185
sdn,1990,7.868
sdn,1991,8.357
sdn,1992,8.779
sdn,1993,9.027
sdn,1994,8.809
sdn,1995,9.376
sdn,1996,9.753
sdn,1997,11.345
sdn,1998,11.512
sdn,1999,11.599
sdn,2000,12.152
sdn,2001,12.769
sdn,2002,13.351
sdn,2003,13.979
sdn,2004,14.098
sdn,2005,14.802
sdn,2006,15.379
sdn,2007,15.768
sdn,2008,16.159
sdn,2009,15.056
sdn,2010,15.073
sdn,2011,16.025
sdn,2012,14.636
sdn,2013,14.652
sdn,2014,14.96
sdn,2015,14.794
sdn,2016,14.875
sdn,2017,14.331
sdn,2018,13.516
sdn,2019,12.873
sdn,2020,11.985
sdn,2021,11.489
sdn,2022,11.074
sdn,2023,7.157
sdn,2024,5.739
sdn,2025,5.649
sdn,2026,6.21
sdn,2027,6.855
sdn,2028,6.969
sdn,2029,7.225
sdn,2030,7.125
sdn,2031,7.315
sdn,2032,7.501
sdn,2033,7.48
sdn,2034,7.674
sdn,2035,7.875
sdn,2036,8.076
sdn,2037,8.059
sdn,2038,8.258
sdn,2039,8.462
sdn,2040,8.687
sdn,2041,8.673
sdn,2042,8.882
sdn,2043,9.126
sdn,2044,9.359
sdn,2045,9.603
sdn,2046,9.585
sdn,2047,9.833
sdn,2048,10.065
sdn,2049,10.325
sdn,2050,10.601
sdn,2051,10.568
sdn,2052,10.867
sdn,2053,11.17
sdn,2054,11.464
sdn,2055,11.794
sdn,2056,12.14
sdn,2057,12.127
sdn,2058,12.459
sdn,2059,12.8
sdn,2060,13.133
sdn,2061,13.436
sdn,2062,13.742
sdn,2063,14.091
sdn,2064,14.056
sdn,2065,14.407
sdn,2066,14.871
sdn,2067,15.3
sdn,2068,15.681
sdn,2069,16.136
sdn,2070,16.811
sdn,2071,16.875
sdn,2072,17.27
sdn,2073,17.719
sdn,2074,18.222
sdn,2075,18.741
sdn,2076,19.087
sdn,2077,19.479
sdn,2078,20.106
sdn,2079,20.127
sdn,2080,20.647
sdn,2081,21.012
sdn,2082,21.624
sdn,2083,22.177
sdn,2084,22.716
sdn,2085,23.222
sdn,2086,23.167
sdn,2087,23.877
sdn,2088,24.794
sdn,2089,25.444
sdn,2090,26.15
sdn,2091,27.102
sdn,2092,27.973
sdn,2093,28.805
sdn,2094,28.92
sdn,2095,29.835
sdn,2096,30.917
sdn,2097,32.195
sdn,2098,33.452
sdn,2099,34.507
sdn,2100,35.658
sur,1800,4.939
sur,1801,4.939
sur,1802,4.939
sur,1803,4.939
sur,1804,4.939
sur,1805,4.939
sur,1806,4.939
sur,1807,4.939
sur,1808,4.939
sur,1809,4.939
sur,1810,4.939
sur,1811,4.939
sur,1812,4.939
sur,1813,4.939
sur,1814,4.939
sur,1815,4.939
sur,1816,4.939
sur,1817,4.939
sur,1818,4.939
sur,1819,4.939
sur,1820,4.939
sur,1821,5.078
sur,1822,5.078
sur,1823,5.077
sur,1824,5.078
sur,1825,5.22
sur,1826,5.221
sur,1827,5.22
sur,1828,5.221
sur,1829,5.367
sur,1830,5.367
sur,1831,5.367
sur,1832,5.367
sur,1833,5.518
sur,1834,5.518
sur,1835,5.518
sur,1836,5.518
sur,1837,5.673
sur,1838,5.673
sur,1839,5.673
sur,1840,5.673
sur,1841,5.833
sur,1842,5.833
sur,1843,5.874
sur,1844,5.913
sur,1845,5.918
sur,1846,6.084
sur,1847,6.084
sur,1848,6.089
sur,1849,6.089
sur,1850,6.26
sur,1851,6.26
sur,1852,6.26
sur,1853,6.288
sur,1854,6.465
sur,1855,6.465
sur,1856,6.465
sur,1857,6.448
sur,1858,6.63
sur,1859,6.63
sur,1860,6.63
sur,1861,6.63
sur,1862,6.816
sur,1863,6.816
sur,1864,6.808
sur,1865,6.855
sur,1866,7.056
sur,1867,6.987
sur,1868,6.997
sur,1869,6.997
sur,1870,7.194
sur,1871,7.214
sur,1872,7.187
sur,1873,7.171
sur,1874,7.361
sur,1875,7.363
sur,1876,7.337
sur,1877,7.341
sur,1878,7.621
sur,1879,7.667
sur,1880,7.654
sur,1881,7.65
sur,1882,7.628
sur,1883,7.809
sur,1884,7.813
sur,1885,7.82
sur,1886,7.766
sur,1887,7.984
sur,1888,7.972
sur,1889,7.969
sur,1890,7.974
sur,1891,8.24
sur,1892,8.245
sur,1893,8.218
sur,1894,8.236
sur,1895,8.465
sur,1896,8.47
sur,1897,8.464
sur,1898,8.477
sur,1899,8.713
sur,1900,8.661
sur,1901,8.634
sur,1902,8.572
sur,1903,8.832
sur,1904,8.796
sur,1905,8.788
sur,1906,8.844
sur,1907,9.105
sur,1908,9.16
sur,1909,9.157
sur,1910,9.126
sur,1911,9.421
sur,1912,9.368
sur,1913,9.363
sur,1914,9.592
sur,1915,9.626
sur,1916,9.877
sur,1917,9.903
sur,1918,10.172
sur,1919,10.188
sur,1920,10.527
sur,1921,10.472
sur,1922,10.743
sur,1923,11.066
sur,1924,11.109
sur,1925,11.425
sur,1926,11.446
sur,1927,11.806
sur,1928,11.871
sur,1929,12.264
sur,1930,12.634
sur,1931,12.641
sur,1932,13.102
sur,1933,13.179
sur,1934,13.625
sur,1935,13.638
sur,1936,14.037
sur,1937,14.424
sur,1938,14.452
sur,1939,14.877
sur,1940,14.813
sur,1941,15.239
sur,1942,15.183
sur,1943,15.621
sur,1944,15.655
sur,1945,16.085
sur,1946,16.122
sur,1947,16.602
sur,1948,16.623
sur,1949,16.632
sur,1950,17.176
sur,1951,17.769
sur,1952,17.779
sur,1953,18.301
sur,1954,18.885
sur,1955,19.059
sur,1956,19.691
sur,1957,20.257
sur,1958,20.233
sur,1959,20.796
sur,1960,21.383
sur,1961,21.472
sur,1962,22.031
sur,1963,22.621
sur,1964,23.289
sur,1965,23.987
sur,1966,24.702
sur,1967,25.389
sur,1968,25.392
sur,1969,26.125
sur,1970,26.88
sur,1971,28.408
sur,1972,30.135
sur,1973,31.904
sur,1974,30.194
sur,1975,33.842
sur,1976,36.852
sur,1977,41.235
sur,1978,43.55
sur,1979,41.251
sur,1980,37.96
sur,1981,40.7
sur,1982,37.342
sur,1983,36.846
sur,1984,36.682
sur,1985,41.553
sur,1986,40.74
sur,1987,37.057
sur,1988,39.142
sur,1989,40.588
sur,1990,38.481
sur,1991,38.842
sur,1992,39.012
sur,1993,36.244
sur,1994,37.886
sur,1995,35.749
sur,1996,36.422
sur,1997,38.06
sur,1998,38.441
sur,1999,37.162
sur,2000,37.359
sur,2001,38.479
sur,2002,38.995
sur,2003,40.208
sur,2004,43.294
sur,2005,44.7
sur,2006,47.238
sur,2007,49.139
sur,2008,49.666
sur,2009,51.481
sur,2010,53.638
sur,2011,55.866
sur,2012,55.919
sur,2013,57.673
sur,2014,57.517
sur,2015,53.55
sur,2016,52.109
sur,2017,51.608
sur,2018,54.53
sur,2019,54.215
sur,2020,45.123
sur,2021,43.549
sur,2022,43.861
sur,2023,44.296
sur,2024,46.107
sur,2025,47.924
sur,2026,50.408
sur,2027,52.939
sur,2028,53.692
sur,2029,54.034
sur,2030,55.046
sur,2031,54.925
sur,2032,56.123
sur,2033,57.501
sur,2034,58.844
sur,2035,60.063
sur,2036,61.575
sur,2037,61.283
sur,2038,62.78
sur,2039,64.342
sur,2040,65.922
sur,2041,67.751
sur,2042,67.715
sur,2043,69.574
sur,2044,71.251
sur,2045,73.422
sur,2046,73.236
sur,2047,75.103
sur,2048,76.814
sur,2049,79.033
sur,2050,78.711
sur,2051,80.751
sur,2052,82.547
sur,2053,84.637
sur,2054,84.642
sur,2055,86.727
sur,2056,88.65
sur,2057,90.659
sur,2058,90.336
sur,2059,92.31
sur,2060,94.802
sur,2061,94.379
sur,2062,96.413
sur,2063,98.477
sur,2064,97.803
sur,2065,99.93
sur,2066,102.243
sur,2067,101.455
sur,2068,103.212
sur,2069,102.28
sur,2070,103.774
sur,2071,106.27
sur,2072,104.886
sur,2073,107.336
sur,2074,109.631
sur,2075,109.076
sur,2076,111.632
sur,2077,110.72
sur,2078,113.086
sur,2079,112.812
sur,2080,115.212
sur,2081,114.738
sur,2082,117.431
sur,2083,117.129
sur,2084,119.556
sur,2085,122.494
sur,2086,121.273
sur,2087,124.132
sur,2088,123.581
sur,2089,123.036
sur,2090,126.139
sur,2091,126.162
sur,2092,128.881
sur,2093,128.549
sur,2094,131.613
sur,2095,131.241
sur,2096,132.952
sur,2097,132.49
sur,2098,135.155
sur,2099,134.97
sur,2100,133.287
swz,1800,1.406
swz,1801,1.406
swz,1802,1.406
swz,1803,1.406
swz,1804,1.406
swz,1805,1.406
swz,1806,1.406
swz,1807,1.406
swz,1808,1.406
swz,1809,1.406
swz,1810,1.406
swz,1811,1.406
swz,1812,1.406
swz,1813,1.405
swz,1814,1.406
swz,1815,1.406
swz,1816,1.406
swz,1817,1.405
swz,1818,1.406
swz,1819,1.406
swz,1820,1.405
swz,1821,1.405
swz,1822,1.405
swz,1823,1.405
swz,1824,1.445
swz,1825,1.445
swz,1826,1.445
swz,1827,1.445
swz,1828,1.445
swz,1829,1.445
swz,1830,1.445
swz,1831,1.445
swz,1832,1.445
swz,1833,1.445
swz,1834,1.445
swz,1835,1.445
swz,1836,1.445
swz,1837,1.445
swz,1838,1.485
swz,1839,1.486
swz,1840,1.485
swz,1841,1.486
swz,1842,1.485
swz,1843,1.485
swz,1844,1.486
swz,1845,1.485
swz,1846,1.486
swz,1847,1.486
swz,1848,1.485
swz,1849,1.485
swz,1850,1.486
swz,1851,1.486
swz,1852,1.528
swz,1853,1.528
swz,1854,1.527
swz,1855,1.527
swz,1856,1.527
swz,1857,1.527
swz,1858,1.528
swz,1859,1.528
swz,1860,1.528
swz,1861,1.527
swz,1862,1.527
swz,1863,1.527
swz,1864,1.528
swz,1865,1.527
swz,1866,1.57
swz,1867,1.571
swz,1868,1.57
swz,1869,1.571
swz,1870,1.57
swz,1871,1.571
swz,1872,1.57
swz,1873,1.569
swz,1874,1.568
swz,1875,1.568
swz,1876,1.567
swz,1877,1.566
swz,1878,1.565
swz,1879,1.565
swz,1880,1.608
swz,1881,1.607
swz,1882,1.607
swz,1883,1.606
swz,1884,1.605
swz,1885,1.605
swz,1886,1.604
swz,1887,1.603
swz,1888,1.602
swz,1889,1.602
swz,1890,1.601
swz,1891,1.6
swz,1892,1.598
swz,1893,1.599
swz,1894,1.642
swz,1895,1.642
swz,1896,1.64
swz,1897,1.64
swz,1898,1.639
swz,1899,1.638
swz,1900,1.637
swz,1901,1.636
swz,1902,1.636
swz,1903,1.635
swz,1904,1.635
swz,1905,1.634
swz,1906,1.633
swz,1907,1.677
swz,1908,1.677
swz,1909,1.676
swz,1910,1.676
swz,1911,1.674
swz,1912,1.674
swz,1913,1.672
swz,1914,1.672
swz,1915,1.718
swz,1916,1.717
swz,1917,1.765
swz,1918,1.764
swz,1919,1.812
swz,1920,1.811
swz,1921,1.811
swz,1922,1.81
swz,1923,1.809
swz,1924,1.808
swz,1925,1.807
swz,1926,1.805
swz,1927,1.856
swz,1928,1.854
swz,1929,1.854
swz,1930,1.852
swz,1931,1.851
swz,1932,1.851
swz,1933,1.85
swz,1934,1.848
swz,1935,1.848
swz,1936,1.846
swz,1937,1.845
swz,1938,1.845
swz,1939,1.843
swz,1940,1.843
swz,1941,1.83
swz,1942,1.818
swz,1943,1.806
swz,1944,1.795
swz,1945,1.734
swz,1946,1.723
swz,1947,1.712
swz,1948,1.7
swz,1949,1.689
swz,1950,1.678
swz,1951,1.714
swz,1952,1.702
swz,1953,1.739
swz,1954,1.776
swz,1955,1.765
swz,1956,1.802
swz,1957,1.841
swz,1958,1.829
swz,1959,1.867
swz,1960,2.073
swz,1961,2.238
swz,1962,2.627
swz,1963,2.683
swz,1964,2.979
swz,1965,3.401
swz,1966,3.379
swz,1967,3.649
swz,1968,3.337
swz,1969,3.409
swz,1970,4.229
swz,1971,4.202
swz,1972,4.666
swz,1973,4.637
swz,1974,5.292
swz,1975,6.939
swz,1976,7.494
swz,1977,7.243
swz,1978,7.197
swz,1979,6.955
swz,1980,6.911
swz,1981,7.343
swz,1982,7.464
swz,1983,7.355
swz,1984,7.373
swz,1985,7.384
swz,1986,8.381
swz,1987,8.83
swz,1988,9.321
swz,1989,9.911
swz,1990,10.441
swz,1991,10.309
swz,1992,10.322
swz,1993,10.393
swz,1994,10.631
swz,1995,10.764
swz,1996,10.712
swz,1997,10.586
swz,1998,10.525
swz,1999,10.635
swz,2000,11.594
swz,2001,10.741
swz,2002,11.171
swz,2003,11.751
swz,2004,12.355
swz,2005,13.093
swz,2006,13.831
swz,2007,14.732
swz,2008,14.793
swz,2009,15.135
swz,2010,15.31
swz,2011,14.745
swz,2012,15.03
swz,2013,15.102
swz,2014,14.981
swz,2015,14.907
swz,2016,16.367
swz,2017,16.418
swz,2018,15.808
swz,2019,16.974
swz,2020,16.141
swz,2021,15.432
swz,2022,15.804
swz,2023,16.357
swz,2024,16.356
swz,2025,17.523
swz,2026,18.854
swz,2027,19.802
swz,2028,20.747
swz,2029,21.597
swz,2030,22.722
swz,2031,23.413
swz,2032,24.084
swz,2033,24.088
swz,2034,24.829
swz,2035,25.582
swz,2036,26.374
swz,2037,27.208
swz,2038,28.177
swz,2039,29.078
swz,2040,29.075
swz,2041,29.821
swz,2042,30.803
swz,2043,31.664
swz,2044,32.422
swz,2045,33.314
swz,2046,34.418
swz,2047,34.511
swz,2048,35.454
swz,2049,36.168
swz,2050,37.375
swz,2051,38.19
swz,2052,38.04
swz,2053,39.04
swz,2054,39.859
swz,2055,41.094
swz,2056,42.328
swz,2057,44.071
swz,2058,44.149
swz,2059,45.501
swz,2060,47.079
swz,2061,48.733
swz,2062,49.02
swz,2063,50.665
swz,2064,52.489
swz,2065,53.613
swz,2066,54.346
swz,2067,56.397
swz,2068,58.479
swz,2069,59.946
swz,2070,60.169
swz,2071,61.757
swz,2072,62.579
swz,2073,63.879
swz,2074,63.006
swz,2075,64.136
swz,2076,64.798
swz,2077,64.327
swz,2078,65.355
swz,2079,67.297
swz,2080,67.513
swz,2081,69.069
swz,2082,70.943
swz,2083,71.14
swz,2084,74.025
swz,2085,74.962
swz,2086,78.053
swz,2087,80.15
swz,2088,81.831
swz,2089,84.214
swz,2090,86.636
swz,2091,86.838
swz,2092,89.068
swz,2093,89.042
swz,2094,92.578
swz,2095,92.346
swz,2096,95.084
swz,2097,95.441
swz,2098,97.393
swz,2099,100.112
swz,2100,101.531
swe,1800,4.199
swe,1801,4.084
swe,1802,4.317
swe,1803,4.317
swe,1804,3.973
swe,1805,4.199
swe,1806,4.317
swe,1807,4.084
swe,1808,3.864
swe,1809,3.758
swe,1810,3.973
swe,1811,4.317
swe,1812,4.084
swe,1813,4.084
swe,1814,4.199
swe,1815,4.317
swe,1816,4.439
swe,1817,4.199
swe,1818,4.317
swe,1819,4.199
swe,1820,4.317
swe,1821,4.438
swe,1822,4.438
swe,1823,4.438
swe,1824,4.563
swe,1825,4.692
swe,1826,4.692
swe,1827,4.438
swe,1828,4.563
swe,1829,4.563
swe,1830,4.439
swe,1831,4.563
swe,1832,4.439
swe,1833,4.563
swe,1834,4.692
swe,1835,4.563
swe,1836,4.824
swe,1837,4.692
swe,1838,4.692
swe,1839,4.692
swe,1840,4.824
swe,1841,4.692
swe,1842,4.439
swe,1843,4.563
swe,1844,4.824
swe,1845,4.959
swe,1846,4.692
swe,1847,4.824
swe,1848,4.959
swe,1849,5.099
swe,1850,5.242
swe,1851,5.099
swe,1852,4.959
swe,1853,5.099
swe,1854,5.099
swe,1855,5.389
swe,1856,5.389
swe,1857,5.541
swe,1858,5.541
swe,1859,5.857
swe,1860,5.857
swe,1861,5.697
swe,1862,5.541
swe,1863,5.697
swe,1864,5.857
swe,1865,6.022
swe,1866,5.857
swe,1867,5.857
swe,1868,5.39
swe,1869,5.857
swe,1870,6.544
swe,1871,6.728
swe,1872,6.991
swe,1873,7.088
swe,1874,7.498
swe,1875,7.107
swe,1876,7.577
swe,1877,7.571
swe,1878,7.175
swe,1879,7.599
swe,1880,7.434
swe,1881,7.91
swe,1882,7.479
swe,1883,8.161
swe,1884,7.978
swe,1885,8.208
swe,1886,8.231
swe,1887,8.047
swe,1888,8.277
swe,1889,8.301
swe,1890,8.558
swe,1891,9.021
swe,1892,8.829
swe,1893,9.074
swe,1894,9.086
swe,1895,9.682
swe,1896,9.931
swe,1897,10.151
swe,1898,10.768
swe,1899,11.093
swe,1900,11.121
swe,1901,11.302
swe,1902,11.0
swe,1903,11.732
swe,1904,12.056
swe,1905,11.796
swe,1906,12.759
swe,1907,13.544
swe,1908,13.172
swe,1909,13.207
swe,1910,13.672
swe,1911,13.964
swe,1912,14.436
swe,1913,15.394
swe,1914,15.972
swe,1915,16.514
swe,1916,17.85
swe,1917,16.564
swe,1918,15.091
swe,1919,15.585
swe,1920,16.684
swe,1921,15.699
swe,1922,17.352
swe,1923,18.013
swe,1924,19.185
swe,1925,19.762
swe,1926,20.649
swe,1927,21.277
swe,1928,21.863
swe,1929,23.413
swe,1930,24.14
swe,1931,23.457
swe,1932,22.776
swe,1933,23.578
swe,1934,24.982
swe,1935,26.302
swe,1936,27.72
swe,1937,27.649
swe,1938,29.531
swe,1939,30.82
swe,1940,28.684
swe,1941,27.676
swe,1942,27.493
swe,1943,28.292
swe,1944,28.847
swe,1945,29.351
swe,1946,32.599
swe,1947,34.229
swe,1948,34.98
swe,1949,35.754
swe,1950,37.825
swe,1951,38.757
swe,1952,38.625
swe,1953,39.5
swe,1954,40.571
swe,1955,41.586
swe,1956,42.598
swe,1957,43.627
swe,1958,43.378
swe,1959,45.816
swe,1960,47.022
swe,1961,49.438
swe,1962,50.393
swe,1963,52.881
swe,1964,55.352
swe,1965,56.625
swe,1966,56.352
swe,1967,57.629
swe,1968,58.944
swe,1969,62.115
swe,1970,65.411
swe,1971,65.056
swe,1972,66.52
swe,1973,67.997
swe,1974,69.56
swe,1975,71.107
swe,1976,70.71
swe,1977,68.394
swe,1978,69.924
swe,1979,71.485
swe,1980,71.089
swe,1981,75.566
swe,1982,79.07
swe,1983,82.593
swe,1984,86.249
swe,1985,90.554
swe,1986,93.078
swe,1987,96.774
swe,1988,100.221
swe,1989,104.967
swe,1990,107.526
swe,1991,105.84
swe,1992,103.642
swe,1993,101.762
swe,1994,105.768
swe,1995,110.085
swe,1996,110.829
swe,1997,113.433
swe,1998,116.952
swe,1999,120.472
swe,2000,125.24
swe,2001,126.913
swe,2002,130.338
swe,2003,137.201
swe,2004,140.494
swe,2005,145.868
swe,2006,150.287
swe,2007,153.875
swe,2008,149.972
swe,2009,141.357
swe,2010,149.351
swe,2011,152.158
swe,2012,150.029
swe,2013,151.155
swe,2014,152.66
swe,2015,154.932
swe,2016,158.392
swe,2017,158.585
swe,2018,161.27
swe,2019,162.819
swe,2020,158.07
swe,2021,166.76
swe,2022,164.261
swe,2023,168.563
swe,2024,170.191
swe,2025,175.467
swe,2026,185.725
swe,2027,187.654
swe,2028,194.739
swe,2029,200.873
swe,2030,203.877
swe,2031,202.167
swe,2032,205.921
swe,2033,204.3
swe,2034,202.657
swe,2035,206.748
swe,2036,205.344
swe,2037,203.728
swe,2038,207.872
swe,2039,206.33
swe,2040,204.89
swe,2041,209.309
swe,2042,207.603
swe,2043,206.329
swe,2044,204.919
swe,2045,209.26
swe,2046,207.9
swe,2047,206.886
swe,2048,205.572
swe,2049,210.028
swe,2050,209.006
swe,2051,207.749
swe,2052,206.609
swe,2053,210.976
swe,2054,210.114
swe,2055,208.509
swe,2056,207.353
swe,2057,212.093
swe,2058,210.952
swe,2059,209.84
swe,2060,208.754
swe,2061,207.026
swe,2062,211.713
swe,2063,210.557
swe,2064,209.272
swe,2065,208.153
swe,2066,207.05
swe,2067,211.856
swe,2068,210.86
swe,2069,209.889
swe,2070,208.939
swe,2071,208.008
swe,2072,207.091
swe,2073,211.468
swe,2074,211.049
swe,2075,210.166
swe,2076,209.297
swe,2077,209.216
swe,2078,208.396
swe,2079,207.593
swe,2080,212.6
swe,2081,211.739
swe,2082,210.959
swe,2083,210.193
swe,2084,209.447
swe,2085,208.708
swe,2086,207.979
swe,2087,207.27
swe,2088,211.446
swe,2089,210.732
swe,2090,209.893
swe,2091,209.105
swe,2092,208.426
swe,2093,207.759
swe,2094,207.104
swe,2095,206.458
swe,2096,206.388
swe,2097,205.772
swe,2098,210.831
swe,2099,210.219
swe,2100,209.62
che,1800,6.048
che,1801,6.048
che,1802,6.225
che,1803,6.225
che,1804,6.225
che,1805,6.225
che,1806,6.225
che,1807,6.225
che,1808,6.4
che,1809,6.4
che,1810,6.4
che,1811,6.405
che,1812,6.405
che,1813,6.585
che,1814,6.585
che,1815,6.585
che,1816,6.585
che,1817,6.585
che,1818,6.585
che,1819,6.775
che,1820,6.754
che,1821,6.754
che,1822,6.754
che,1823,6.754
che,1824,6.754
che,1825,6.944
che,1826,6.944
che,1827,6.918
che,1828,6.918
che,1829,6.918
che,1830,7.112
che,1831,7.112
che,1832,7.089
che,1833,7.089
che,1834,7.089
che,1835,7.089
che,1836,7.288
che,1837,7.288
che,1838,7.288
che,1839,7.265
che,1840,7.265
che,1841,7.469
che,1842,7.41
che,1843,7.41
che,1844,7.41
che,1845,7.407
che,1846,7.407
che,1847,7.615
che,1848,7.615
che,1849,7.615
che,1850,7.615
che,1851,7.615
che,1852,7.615
che,1853,7.407
che,1854,7.288
che,1855,7.407
che,1856,7.615
che,1857,8.663
che,1858,8.876
che,1859,8.89
che,1860,9.121
che,1861,9.121
che,1862,8.625
che,1863,8.876
che,1864,8.623
che,1865,8.669
che,1866,8.625
che,1867,8.417
che,1868,9.339
che,1869,9.339
che,1870,9.12
che,1871,9.291
che,1872,9.555
che,1873,10.093
che,1874,10.099
che,1875,10.835
che,1876,11.761
che,1877,11.157
che,1878,10.633
che,1879,10.642
che,1880,11.798
che,1881,12.214
che,1882,12.223
che,1883,12.945
che,1884,14.201
che,1885,14.577
che,1886,15.379
che,1887,15.805
che,1888,15.814
che,1889,15.824
che,1890,16.254
che,1891,15.425
che,1892,16.275
che,1893,16.285
che,1894,16.295
che,1895,17.234
che,1896,18.161
che,1897,19.176
che,1898,19.713
che,1899,19.742
che,1900,20.299
che,1901,19.754
che,1902,20.326
che,1903,19.78
che,1904,21.504
che,1905,22.123
che,1906,23.396
che,1907,23.409
che,1908,23.424
che,1909,24.113
che,1910,24.855
che,1911,24.87
che,1912,25.604
che,1913,25.625
che,1914,23.517
che,1915,23.53
che,1916,24.943
che,1917,24.234
che,1918,22.294
che,1919,21.119
che,1920,22.955
che,1921,18.962
che,1922,22.363
che,1923,24.308
che,1924,25.782
che,1925,26.525
che,1926,27.307
che,1927,28.923
che,1928,30.719
che,1929,31.609
che,1930,31.641
che,1931,31.667
che,1932,30.777
che,1933,31.687
che,1934,31.697
che,1935,29.919
che,1936,29.884
che,1937,31.727
che,1938,30.81
che,1939,31.718
che,1940,30.861
che,1941,28.956
che,1942,27.978
che,1943,27.823
che,1944,28.456
che,1945,28.299
che,1946,35.281
che,1947,36.064
che,1948,35.868
che,1949,35.652
che,1950,37.488
che,1951,39.442
che,1952,39.225
che,1953,41.261
che,1954,43.38
che,1955,45.624
che,1956,47.951
che,1957,49.003
che,1958,48.709
che,1959,51.163
che,1960,53.758
che,1961,56.475
che,1962,59.339
che,1963,60.641
che,1964,63.694
che,1965,65.095
che,1966,66.514
che,1967,67.964
che,1968,69.44
che,1969,72.924
che,1970,76.614
che,1971,80.492
che,1972,82.262
che,1973,84.089
che,1974,83.599
che,1975,78.624
che,1976,78.166
che,1977,79.9
che,1978,81.665
che,1979,83.47
che,1980,87.715
che,1981,90.688
che,1982,93.205
che,1983,95.699
che,1984,101.837
che,1985,107.023
che,1986,112.164
che,1987,117.432
che,1988,125.604
che,1989,133.947
che,1990,143.096
che,1991,143.48
che,1992,142.397
che,1993,142.374
che,1994,143.115
che,1995,143.08
che,1996,144.172
che,1997,147.456
che,1998,153.621
che,1999,155.406
che,2000,162.689
che,2001,166.881
che,2002,168.484
che,2003,166.695
che,2004,174.143
che,2005,172.771
che,2006,179.585
che,2007,183.65
che,2008,189.006
che,2009,182.225
che,2010,188.297
che,2011,190.839
che,2012,190.341
che,2013,191.346
che,2014,191.339
che,2015,195.182
che,2016,195.427
che,2017,199.551
che,2018,202.613
che,2019,202.365
che,2020,195.969
che,2021,204.931
che,2022,199.304
che,2023,199.765
che,2024,197.542
che,2025,201.87
che,2026,208.775
che,2027,211.691
che,2028,219.793
che,2029,227.079
che,2030,227.575
che,2031,225.685
che,2032,229.964
che,2033,228.136
che,2034,226.139
che,2035,224.351
che,2036,222.678
che,2037,221.22
che,2038,225.819
che,2039,224.246
che,2040,222.719
che,2041,221.237
che,2042,219.796
che,2043,218.396
che,2044,217.037
che,2045,221.687
che,2046,220.364
che,2047,219.083
che,2048,217.836
che,2049,216.622
che,2050,215.442
che,2051,214.124
che,2052,213.004
che,2053,211.914
che,2054,216.772
che,2055,215.712
che,2056,214.682
che,2057,213.678
che,2058,212.703
che,2059,211.65
che,2060,210.721
che,2061,209.822
che,2062,208.946
che,2063,208.092
che,2064,213.076
che,2065,212.244
che,2066,211.435
che,2067,210.647
che,2068,209.875
che,2069,209.103
che,2070,208.368
che,2071,207.662
che,2072,206.748
che,2073,205.964
che,2074,205.301
che,2075,204.657
che,2076,203.802
che,2077,203.418
che,2078,208.51
che,2079,207.913
che,2080,207.329
che,2081,206.76
che,2082,206.209
che,2083,205.671
che,2084,205.144
che,2085,204.633
che,2086,204.131
che,2087,203.643
che,2088,203.167
che,2089,202.703
che,2090,202.25
che,2091,201.808
che,2092,201.105
che,2093,200.68
che,2094,200.272
che,2095,199.866
che,2096,199.479
che,2097,204.678
che,2098,204.294
che,2099,203.918
che,2100,203.553
syr,1800,3.323
syr,1801,3.322
syr,1802,3.322
syr,1803,3.322
syr,1804,3.322
syr,1805,3.322
syr,1806,3.322
syr,1807,3.322
syr,1808,3.322
syr,1809,3.322
syr,1810,3.322
syr,1811,3.322
syr,1812,3.322
syr,1813,3.322
syr,1814,3.322
syr,1815,3.322
syr,1816,3.322
syr,1817,3.322
syr,1818,3.322
syr,1819,3.322
syr,1820,3.322
syr,1821,3.322
syr,1822,3.323
syr,1823,3.322
syr,1824,3.416
syr,1825,3.416
syr,1826,3.416
syr,1827,3.416
syr,1828,3.416
syr,1829,3.416
syr,1830,3.512
syr,1831,3.512
syr,1832,3.512
syr,1833,3.512
syr,1834,3.512
syr,1835,3.611
syr,1836,3.611
syr,1837,3.611
syr,1838,3.611
syr,1839,3.611
syr,1840,3.611
syr,1841,3.712
syr,1842,3.712
syr,1843,3.712
syr,1844,3.712
syr,1845,3.712
syr,1846,3.817
syr,1847,3.817
syr,1848,3.817
syr,1849,3.817
syr,1850,3.817
syr,1851,3.924
syr,1852,3.924
syr,1853,3.924
syr,1854,3.924
syr,1855,3.924
syr,1856,3.924
syr,1857,4.034
syr,1858,4.035
syr,1859,4.035
syr,1860,4.034
syr,1861,4.035
syr,1862,4.148
syr,1863,4.148
syr,1864,4.148
syr,1865,4.148
syr,1866,4.148
syr,1867,4.265
syr,1868,4.265
syr,1869,4.265
syr,1870,4.265
syr,1871,4.265
syr,1872,4.407
syr,1873,4.43
syr,1874,4.452
syr,1875,4.601
syr,1876,4.625
syr,1877,4.649
syr,1878,4.804
syr,1879,4.829
syr,1880,4.854
syr,1881,5.016
syr,1882,5.042
syr,1883,5.068
syr,1884,5.237
syr,1885,5.264
syr,1886,5.291
syr,1887,5.468
syr,1888,5.496
syr,1889,5.524
syr,1890,5.708
syr,1891,5.737
syr,1892,5.766
syr,1893,5.959
syr,1894,5.989
syr,1895,6.019
syr,1896,6.22
syr,1897,6.251
syr,1898,6.282
syr,1899,6.491
syr,1900,6.523
syr,1901,6.555
syr,1902,6.773
syr,1903,6.806
syr,1904,6.84
syr,1905,7.066
syr,1906,7.1
syr,1907,7.134
syr,1908,7.37
syr,1909,7.405
syr,1910,7.441
syr,1911,7.476
syr,1912,7.722
syr,1913,7.758
syr,1914,8.014
syr,1915,8.051
syr,1916,8.316
syr,1917,8.588
syr,1918,8.627
syr,1919,8.91
syr,1920,8.95
syr,1921,9.243
syr,1922,9.545
syr,1923,9.587
syr,1924,9.9
syr,1925,9.943
syr,1926,10.267
syr,1927,10.601
syr,1928,10.646
syr,1929,10.993
syr,1930,11.039
syr,1931,11.415
syr,1932,11.795
syr,1933,11.844
syr,1934,12.226
syr,1935,12.261
syr,1936,12.676
syr,1937,13.067
syr,1938,13.119
syr,1939,13.54
syr,1940,13.598
syr,1941,13.946
syr,1942,13.912
syr,1943,13.854
syr,1944,13.821
syr,1945,13.788
syr,1946,14.142
syr,1947,14.091
syr,1948,14.063
syr,1949,14.022
syr,1950,14.382
syr,1951,13.243
syr,1952,15.968
syr,1953,17.264
syr,1954,19.28
syr,1955,16.726
syr,1956,19.185
syr,1957,19.673
syr,1958,16.18
syr,1959,16.139
syr,1960,15.663
syr,1961,16.057
syr,1962,19.403
syr,1963,17.754
syr,1964,18.191
syr,1965,17.618
syr,1966,15.279
syr,1967,15.638
syr,1968,15.569
syr,1969,17.798
syr,1970,15.864
syr,1971,16.232
syr,1972,19.623
syr,1973,17.008
syr,1974,20.001
syr,1975,22.894
syr,1976,24.103
syr,1977,22.687
syr,1978,23.876
syr,1979,23.115
syr,1980,25.003
syr,1981,26.481
syr,1982,26.784
syr,1983,26.544
syr,1984,24.386
syr,1985,25.212
syr,1986,23.232
syr,1987,22.93
syr,1988,25.175
syr,1989,23.057
syr,1990,24.7
syr,1991,25.593
syr,1992,27.354
syr,1993,27.698
syr,1994,28.274
syr,1995,28.741
syr,1996,29.916
syr,1997,29.758
syr,1998,29.907
syr,1999,27.965
syr,2000,27.112
syr,2001,26.401
syr,2002,26.576
syr,2003,27.821
syr,2004,28.294
syr,2005,29.191
syr,2006,29.314
syr,2007,29.106
syr,2008,29.138
syr,2009,30.226
syr,2010,30.43
syr,2011,30.156
syr,2012,22.79
syr,2013,15.19
syr,2014,13.647
syr,2015,13.86
syr,2016,12.066
syr,2017,13.345
syr,2018,14.449
syr,2019,14.632
syr,2020,12.756
syr,2021,16.508
syr,2022,17.257
syr,2023,17.765
syr,2024,17.342
syr,2025,16.919
syr,2026,16.911
syr,2027,17.355
syr,2028,17.321
syr,2029,17.771
syr,2030,18.167
syr,2031,18.669
syr,2032,18.661
syr,2033,19.18
syr,2034,19.724
syr,2035,20.262
syr,2036,20.248
syr,2037,20.803
syr,2038,21.38
syr,2039,21.964
syr,2040,22.561
syr,2041,22.517
syr,2042,23.139
syr,2043,23.78
syr,2044,24.415
syr,2045,25.091
syr,2046,25.086
syr,2047,25.776
syr,2048,26.468
syr,2049,27.202
syr,2050,27.881
syr,2051,28.615
syr,2052,28.591
syr,2053,29.349
syr,2054,30.168
syr,2055,31.0
syr,2056,31.83
syr,2057,32.722
syr,2058,33.638
syr,2059,33.621
syr,2060,34.542
syr,2061,35.45
syr,2062,36.344
syr,2063,37.204
syr,2064,38.113
syr,2065,39.023
syr,2066,38.904
syr,2067,39.867
syr,2068,41.087
syr,2069,42.193
syr,2070,43.243
syr,2071,44.453
syr,2072,46.069
syr,2073,47.399
syr,2074,47.161
syr,2075,48.225
syr,2076,49.737
syr,2077,50.998
syr,2078,51.802
syr,2079,53.025
syr,2080,54.384
syr,2081,55.87
syr,2082,55.703
syr,2083,56.734
syr,2084,58.051
syr,2085,59.539
syr,2086,60.881
syr,2087,62.227
syr,2088,63.631
syr,2089,63.593
syr,2090,65.516
syr,2091,66.939
syr,2092,68.449
syr,2093,70.489
syr,2094,72.338
syr,2095,74.082
syr,2096,73.995
syr,2097,76.025
syr,2098,78.24
syr,2099,81.065
syr,2100,83.883
twn,1981,15.253
twn,1982,15.983
twn,1983,17.264
twn,1984,18.931
twn,1985,19.822
twn,1986,21.771
twn,1987,24.648
twn,1988,26.312
twn,1989,28.468
twn,1990,30.249
twn,1991,32.843
twn,1992,35.374
twn,1993,37.597
twn,1994,40.467
twn,1995,43.016
twn,1996,45.412
twn,1997,47.81
twn,1998,49.156
twn,1999,51.919
twn,2000,55.178
twn,2001,54.769
twn,2002,57.525
twn,2003,60.302
twn,2004,64.903
twn,2005,69.65
twn,2006,74.999
twn,2007,81.737
twn,2008,82.462
twn,2009,81.444
twn,2010,90.056
twn,2011,95.404
twn,2012,99.497
twn,2013,103.792
twn,2014,110.086
twn,2015,112.443
twn,2016,117.087
twn,2017,121.671
twn,2018,125.133
twn,2019,132.372
twn,2020,145.988
twn,2021,161.731
twn,2022,179.83
twn,2023,186.31
twn,2024,200.986
twn,2025,212.923
tjk,1800,1.716
tjk,1801,1.716
tjk,1802,1.716
tjk,1803,1.716
tjk,1804,1.716
tjk,1805,1.716
tjk,1806,1.716
tjk,1807,1.716
tjk,1808,1.716
tjk,1809,1.716
tjk,1810,1.716
tjk,1811,1.716
tjk,1812,1.716
tjk,1813,1.716
tjk,1814,1.716
tjk,1815,1.716
tjk,1816,1.716
tjk,1817,1.716
tjk,1818,1.715
tjk,1819,1.716
tjk,1820,1.764
tjk,1821,1.764
tjk,1822,1.764
tjk,1823,1.764
tjk,1824,1.764
tjk,1825,1.814
tjk,1826,1.813
tjk,1827,1.813
tjk,1828,1.814
tjk,1829,1.864
tjk,1830,1.864
tjk,1831,1.864
tjk,1832,1.864
tjk,1833,1.917
tjk,1834,1.917
tjk,1835,1.917
tjk,1836,1.917
tjk,1837,1.971
tjk,1838,1.971
tjk,1839,1.971
tjk,1840,1.971
tjk,1841,2.026
tjk,1842,2.026
tjk,1843,2.026
tjk,1844,2.026
tjk,1845,2.083
tjk,1846,2.083
tjk,1847,2.083
tjk,1848,2.083
tjk,1849,2.142
tjk,1850,2.142
tjk,1851,2.142
tjk,1852,2.142
tjk,1853,2.142
tjk,1854,2.202
tjk,1855,2.202
tjk,1856,2.202
tjk,1857,2.202
tjk,1858,2.264
tjk,1859,2.264
tjk,1860,2.264
tjk,1861,2.264
tjk,1862,2.328
tjk,1863,2.328
tjk,1864,2.327
tjk,1865,2.327
tjk,1866,2.393
tjk,1867,2.393
tjk,1868,2.393
tjk,1869,2.393
tjk,1870,2.46
tjk,1871,2.46
tjk,1872,2.465
tjk,1873,2.47
tjk,1874,2.545
tjk,1875,2.55
tjk,1876,2.555
tjk,1877,2.56
tjk,1878,2.637
tjk,1879,2.642
tjk,1880,2.647
tjk,1881,2.653
tjk,1882,2.657
tjk,1883,2.737
tjk,1884,2.743
tjk,1885,2.748
tjk,1886,2.678
tjk,1887,3.082
tjk,1888,3.003
tjk,1889,2.768
tjk,1890,2.773
tjk,1891,2.557
tjk,1892,2.783
tjk,1893,3.203
tjk,1894,3.686
tjk,1895,3.398
tjk,1896,3.699
tjk,1897,3.705
tjk,1898,3.816
tjk,1899,4.041
tjk,1900,3.937
tjk,1901,4.055
tjk,1902,4.414
tjk,1903,4.068
tjk,1904,4.552
tjk,1905,4.081
tjk,1906,3.867
tjk,1907,3.768
tjk,1908,4.101
tjk,1909,4.223
tjk,1910,4.471
tjk,1911,4.237
tjk,1912,4.485
tjk,1913,4.749
tjk,1914,4.626
tjk,1915,4.764
tjk,1916,4.153
tjk,1917,3.723
tjk,1918,2.264
tjk,1919,1.974
tjk,1920,1.977
tjk,1921,1.821
tjk,1922,2.095
tjk,1923,2.41
tjk,1924,3.097
tjk,1925,3.872
tjk,1926,4.332
tjk,1927,4.46
tjk,1928,4.721
tjk,1929,4.728
tjk,1930,5.005
tjk,1931,5.011
tjk,1932,5.018
tjk,1933,5.166
tjk,1934,5.622
tjk,1935,6.467
tjk,1936,6.845
tjk,1937,7.448
tjk,1938,7.458
tjk,1939,7.678
tjk,1940,7.478
tjk,1941,7.268
tjk,1942,7.067
tjk,1943,6.872
tjk,1944,6.87
tjk,1945,6.68
tjk,1946,6.495
tjk,1947,7.254
tjk,1948,8.33
tjk,1949,9.068
tjk,1950,9.85
tjk,1951,9.576
tjk,1952,10.11
tjk,1953,10.395
tjk,1954,10.67
tjk,1955,11.274
tjk,1956,12.23
tjk,1957,12.224
tjk,1958,12.879
tjk,1959,12.549
tjk,1960,13.252
tjk,1961,13.986
tjk,1962,13.977
tjk,1963,13.225
tjk,1964,14.749
tjk,1965,15.161
tjk,1966,15.554
tjk,1967,15.982
tjk,1968,16.879
tjk,1969,16.863
tjk,1970,17.825
tjk,1971,17.809
tjk,1972,17.791
tjk,1973,18.813
tjk,1974,18.268
tjk,1975,17.741
tjk,1976,17.239
tjk,1977,17.218
tjk,1978,16.73
tjk,1979,16.258
tjk,1980,15.799
tjk,1981,15.144
tjk,1982,14.595
tjk,1983,14.629
tjk,1984,14.421
tjk,1985,13.852
tjk,1986,13.649
tjk,1987,12.877
tjk,1988,14.096
tjk,1989,12.522
tjk,1990,12.268
tjk,1991,10.811
tjk,1992,7.415
tjk,1993,6.146
tjk,1994,4.689
tjk,1995,4.018
tjk,1996,3.376
tjk,1997,3.326
tjk,1998,3.472
tjk,1999,3.557
tjk,2000,3.687
tjk,2001,3.925
tjk,2002,4.184
tjk,2003,4.479
tjk,2004,4.699
tjk,2005,5.013
tjk,2006,5.241
tjk,2007,5.635
tjk,2008,5.794
tjk,2009,5.948
tjk,2010,5.984
tjk,2011,6.345
tjk,2012,6.676
tjk,2013,6.925
tjk,2014,7.107
tjk,2015,7.161
tjk,2016,7.546
tjk,2017,7.773
tjk,2018,8.059
tjk,2019,8.382
tjk,2020,8.642
tjk,2021,9.099
tjk,2022,9.906
tjk,2023,10.939
tjk,2024,11.354
tjk,2025,12.191
tjk,2026,13.063
tjk,2027,13.657
tjk,2028,14.237
tjk,2029,15.18
tjk,2030,16.007
tjk,2031,16.485
tjk,2032,16.497
tjk,2033,16.937
tjk,2034,17.416
tjk,2035,17.899
tjk,2036,18.388
tjk,2037,18.882
tjk,2038,19.412
tjk,2039,19.437
tjk,2040,20.08
tjk,2041,20.651
tjk,2042,21.256
tjk,2043,21.938
tjk,2044,22.614
tjk,2045,23.293
tjk,2046,23.354
tjk,2047,24.051
tjk,2048,24.816
tjk,2049,25.673
tjk,2050,26.558
tjk,2051,27.333
tjk,2052,28.143
tjk,2053,28.881
tjk,2054,28.722
tjk,2055,29.367
tjk,2056,29.956
tjk,2057,30.621
tjk,2058,31.256
tjk,2059,32.135
tjk,2060,32.988
tjk,2061,33.958
tjk,2062,34.02
tjk,2063,35.345
tjk,2064,36.452
tjk,2065,37.406
tjk,2066,38.848
tjk,2067,39.945
tjk,2068,41.034
tjk,2069,41.144
tjk,2070,42.293
tjk,2071,43.536
tjk,2072,44.55
tjk,2073,45.823
tjk,2074,47.336
tjk,2075,47.198
tjk,2076,48.407
tjk,2077,49.577
tjk,2078,50.723
tjk,2079,52.288
tjk,2080,53.41
tjk,2081,53.305
tjk,2082,54.272
tjk,2083,55.556
tjk,2084,56.898
tjk,2085,58.152
tjk,2086,57.138
tjk,2087,57.766
tjk,2088,58.803
tjk,2089,60.217
tjk,2090,59.941
tjk,2091,61.375
tjk,2092,62.641
tjk,2093,64.059
tjk,2094,65.868
tjk,2095,65.498
tjk,2096,67.19
tjk,2097,69.053
tjk,2098,68.701
tjk,2099,69.927
tjk,2100,71.682
tza,1800,1.303
tza,1801,1.303
tza,1802,1.303
tza,1803,1.303
tza,1804,1.303
tza,1805,1.303
tza,1806,1.303
tza,1807,1.303
tza,1808,1.303
tza,1809,1.303
tza,1810,1.303
tza,1811,1.303
tza,1812,1.303
tza,1813,1.303
tza,1814,1.303
tza,1815,1.303
tza,1816,1.303
tza,1817,1.303
tza,1818,1.303
tza,1819,1.303
tza,1820,1.303
tza,1821,1.303
tza,1822,1.303
tza,1823,1.303
tza,1824,1.303
tza,1825,1.303
tza,1826,1.339
tza,1827,1.339
tza,1828,1.339
tza,1829,1.339
tza,1830,1.339
tza,1831,1.339
tza,1832,1.339
tza,1833,1.339
tza,1834,1.339
tza,1835,1.34
tza,1836,1.377
tza,1837,1.377
tza,1838,1.377
tza,1839,1.377
tza,1840,1.377
tza,1841,1.377
tza,1842,1.377
tza,1843,1.377
tza,1844,1.377
tza,1845,1.377
tza,1846,1.416
tza,1847,1.416
tza,1848,1.416
tza,1849,1.416
tza,1850,1.416
tza,1851,1.416
tza,1852,1.416
tza,1853,1.416
tza,1854,1.416
tza,1855,1.416
tza,1856,1.456
tza,1857,1.456
tza,1858,1.456
tza,1859,1.456
tza,1860,1.456
tza,1861,1.456
tza,1862,1.456
tza,1863,1.456
tza,1864,1.456
tza,1865,1.456
tza,1866,1.456
tza,1867,1.497
tza,1868,1.497
tza,1869,1.497
tza,1870,1.497
tza,1871,1.497
tza,1872,1.501
tza,1873,1.505
tza,1874,1.509
tza,1875,1.514
tza,1876,1.518
tza,1877,1.565
tza,1878,1.57
tza,1879,1.574
tza,1880,1.579
tza,1881,1.583
tza,1882,1.588
tza,1883,1.592
tza,1884,1.597
tza,1885,1.601
tza,1886,1.605
tza,1887,1.655
tza,1888,1.66
tza,1889,1.664
tza,1890,1.669
tza,1891,1.674
tza,1892,1.678
tza,1893,1.683
tza,1894,1.687
tza,1895,1.692
tza,1896,1.696
tza,1897,1.701
tza,1898,1.753
tza,1899,1.758
tza,1900,1.763
tza,1901,1.767
tza,1902,1.772
tza,1903,1.777
tza,1904,1.781
tza,1905,1.786
tza,1906,1.791
tza,1907,1.795
tza,1908,1.85
tza,1909,1.855
tza,1910,1.86
tza,1911,1.864
tza,1912,1.869
tza,1913,1.874
tza,1914,1.878
tza,1915,1.883
tza,1916,1.888
tza,1917,1.893
tza,1918,1.897
tza,1919,1.955
tza,1920,1.96
tza,1921,1.965
tza,1922,1.97
tza,1923,1.974
tza,1924,2.035
tza,1925,2.04
tza,1926,2.045
tza,1927,2.049
tza,1928,2.112
tza,1929,2.117
tza,1930,2.122
tza,1931,2.127
tza,1932,2.132
tza,1933,2.197
tza,1934,2.202
tza,1935,2.207
tza,1936,2.212
tza,1937,2.279
tza,1938,2.285
tza,1939,2.29
tza,1940,2.295
tza,1941,2.355
tza,1942,2.351
tza,1943,2.348
tza,1944,2.344
tza,1945,2.406
tza,1946,2.401
tza,1947,2.397
tza,1948,2.393
tza,1949,2.457
tza,1950,2.452
tza,1951,2.66
tza,1952,2.656
tza,1953,2.508
tza,1954,2.647
tza,1955,2.642
tza,1956,2.637
tza,1957,2.632
tza,1958,2.556
tza,1959,2.623
tza,1960,2.618
tza,1961,2.542
tza,1962,2.679
tza,1963,2.747
tza,1964,2.896
tza,1965,2.887
tza,1966,3.129
tza,1967,3.208
tza,1968,3.288
tza,1969,3.189
tza,1970,3.27
tza,1971,3.352
tza,1972,3.436
tza,1973,3.426
tza,1974,3.417
tza,1975,3.502
tza,1976,3.591
tza,1977,3.482
tza,1978,3.472
tza,1979,3.462
tza,1980,3.452
tza,1981,3.482
tza,1982,3.524
tza,1983,3.394
tza,1984,3.604
tza,1985,3.534
tza,1986,3.698
tza,1987,3.844
tza,1988,4.028
tza,1989,4.155
tza,1990,4.398
tza,1991,4.403
tza,1992,4.508
tza,1993,4.362
tza,1994,4.33
tza,1995,4.375
tza,1996,4.426
tza,1997,4.576
tza,1998,4.67
tza,1999,4.689
tza,2000,4.87
tza,2001,5.005
tza,2002,5.179
tza,2003,5.407
tza,2004,5.59
tza,2005,5.872
tza,2006,6.104
tza,2007,6.278
tza,2008,6.472
tza,2009,6.652
tza,2010,6.868
tza,2011,7.223
tza,2012,7.336
tza,2013,7.574
tza,2014,7.799
tza,2015,7.894
tza,2016,8.064
tza,2017,8.257
tza,2018,8.411
tza,2019,8.592
tza,2020,8.463
tza,2021,8.594
tza,2022,8.786
tza,2023,8.925
tza,2024,9.212
tza,2025,9.61
tza,2026,10.203
tza,2027,10.63
tza,2028,11.348
tza,2029,12.052
tza,2030,12.717
tza,2031,13.09
tza,2032,13.1
tza,2033,13.504
tza,2034,13.907
tza,2035,14.317
tza,2036,14.754
tza,2037,14.761
tza,2038,15.187
tza,2039,15.638
tza,2040,16.105
tza,2041,16.57
tza,2042,16.618
tza,2043,17.133
tza,2044,17.64
tza,2045,18.2
tza,2046,18.783
tza,2047,18.802
tza,2048,19.365
tza,2049,19.953
tza,2050,20.538
tza,2051,21.076
tza,2052,21.607
tza,2053,21.644
tza,2054,22.212
tza,2055,22.816
tza,2056,23.549
tza,2057,24.289
tza,2058,24.937
tza,2059,25.711
tza,2060,25.955
tza,2061,26.888
tza,2062,27.642
tza,2063,28.287
tza,2064,29.045
tza,2065,29.938
tza,2066,30.595
tza,2067,31.349
tza,2068,31.325
tza,2069,32.363
tza,2070,33.168
tza,2071,33.767
tza,2072,34.87
tza,2073,35.568
tza,2074,36.376
tza,2075,36.209
tza,2076,37.12
tza,2077,38.172
tza,2078,39.644
tza,2079,40.68
tza,2080,41.911
tza,2081,43.178
tza,2082,44.626
tza,2083,44.713
tza,2084,46.1
tza,2085,47.447
tza,2086,48.877
tza,2087,50.981
tza,2088,52.784
tza,2089,54.231
tza,2090,54.359
tza,2091,55.737
tza,2092,55.975
tza,2093,57.136
tza,2094,57.976
tza,2095,58.182
tza,2096,59.716
tza,2097,59.083
tza,2098,60.468
tza,2099,62.028
tza,2100,63.68
tha,1800,2.731
tha,1801,2.731
tha,1802,2.731
tha,1803,2.731
tha,1804,2.731
tha,1805,2.731
tha,1806,2.731
tha,1807,2.731
tha,1808,2.731
tha,1809,2.731
tha,1810,2.731
tha,1811,2.731
tha,1812,2.731
tha,1813,2.731
tha,1814,2.731
tha,1815,2.731
tha,1816,2.731
tha,1817,2.731
tha,1818,2.731
tha,1819,2.731
tha,1820,2.731
tha,1821,2.808
tha,1822,2.808
tha,1823,2.808
tha,1824,2.808
tha,1825,2.808
tha,1826,2.808
tha,1827,2.808
tha,1828,2.808
tha,1829,2.808
tha,1830,2.808
tha,1831,2.808
tha,1832,2.808
tha,1833,2.808
tha,1834,2.808
tha,1835,2.808
tha,1836,2.808
tha,1837,2.808
tha,1838,2.808
tha,1839,2.808
tha,1840,2.808
tha,1841,2.808
tha,1842,2.887
tha,1843,2.887
tha,1844,2.887
tha,1845,2.887
tha,1846,2.887
tha,1847,2.887
tha,1848,2.887
tha,1849,2.887
tha,1850,2.887
tha,1851,2.887
tha,1852,2.887
tha,1853,2.887
tha,1854,2.887
tha,1855,2.887
tha,1856,2.887
tha,1857,2.887
tha,1858,2.887
tha,1859,2.887
tha,1860,2.887
tha,1861,2.887
tha,1862,2.887
tha,1863,2.887
tha,1864,2.968
tha,1865,2.968
tha,1866,2.968
tha,1867,2.968
tha,1868,2.968
tha,1869,2.968
tha,1870,2.968
tha,1871,2.968
tha,1872,3.05
tha,1873,3.049
tha,1874,3.134
tha,1875,3.132
tha,1876,3.219
tha,1877,3.218
tha,1878,3.217
tha,1879,3.306
tha,1880,3.305
tha,1881,3.396
tha,1882,3.395
tha,1883,3.489
tha,1884,3.488
tha,1885,3.584
tha,1886,3.583
tha,1887,3.682
tha,1888,3.681
tha,1889,3.783
tha,1890,3.781
tha,1891,3.78
tha,1892,3.778
tha,1893,3.777
tha,1894,3.775
tha,1895,3.88
tha,1896,3.878
tha,1897,3.877
tha,1898,3.875
tha,1899,3.873
tha,1900,3.872
tha,1901,3.87
tha,1902,3.869
tha,1903,3.867
tha,1904,3.974
tha,1905,3.973
tha,1906,3.971
tha,1907,3.969
tha,1908,3.968
tha,1909,3.966
tha,1910,3.964
tha,1911,3.963
tha,1912,3.961
tha,1913,4.071
tha,1914,3.958
tha,1915,3.956
tha,1916,3.954
tha,1917,3.953
tha,1918,3.951
tha,1919,3.949
tha,1920,3.948
tha,1921,3.838
tha,1922,3.836
tha,1923,3.835
tha,1924,3.833
tha,1925,3.831
tha,1926,3.83
tha,1927,3.828
tha,1928,3.826
tha,1929,3.72
tha,1930,3.823
tha,1931,3.821
tha,1932,3.82
tha,1933,3.818
tha,1934,3.816
tha,1935,3.815
tha,1936,3.92
tha,1937,3.919
tha,1938,3.917
tha,1939,3.915
tha,1940,3.913
tha,1941,3.89
tha,1942,3.867
tha,1943,3.844
tha,1944,3.821
tha,1945,3.695
tha,1946,3.673
tha,1947,3.651
tha,1948,3.63
tha,1949,3.608
tha,1950,3.587
tha,1951,3.666
tha,1952,3.644
tha,1953,3.724
tha,1954,3.601
tha,1955,3.68
tha,1956,3.558
tha,1957,3.537
tha,1958,3.516
tha,1959,3.695
tha,1960,3.991
tha,1961,4.079
tha,1962,4.17
tha,1963,4.383
tha,1964,4.48
tha,1965,4.58
tha,1966,4.955
tha,1967,5.067
tha,1968,5.324
tha,1969,5.598
tha,1970,6.382
tha,1971,6.345
tha,1972,6.488
tha,1973,6.812
tha,1974,6.961
tha,1975,6.922
tha,1976,7.478
tha,1977,7.86
tha,1978,8.494
tha,1979,8.687
tha,1980,8.883
tha,1981,9.445
tha,1982,10.051
tha,1983,10.618
tha,1984,11.235
tha,1985,11.744
tha,1986,12.354
tha,1987,13.428
tha,1988,15.312
tha,1989,17.016
tha,1990,18.493
tha,1991,19.306
tha,1992,20.055
tha,1993,22.298
tha,1994,24.594
tha,1995,26.338
tha,1996,27.466
tha,1997,26.696
tha,1998,24.727
tha,1999,24.851
tha,2000,25.45
tha,2001,26.37
tha,2002,28.111
tha,2003,29.871
tha,2004,31.503
tha,2005,32.723
tha,2006,34.304
tha,2007,36.716
tha,2008,36.86
tha,2009,36.512
tha,2010,39.052
tha,2011,40.075
tha,2012,42.015
tha,2013,43.737
tha,2014,44.574
tha,2015,46.334
tha,2016,46.946
tha,2017,49.288
tha,2018,51.464
tha,2019,53.194
tha,2020,50.169
tha,2021,50.562
tha,2022,55.51
tha,2023,54.469
tha,2024,56.235
tha,2025,58.016
tha,2026,62.63
tha,2027,64.602
tha,2028,66.753
tha,2029,70.698
tha,2030,72.786
tha,2031,74.565
tha,2032,76.397
tha,2033,76.169
tha,2034,78.299
tha,2035,80.31
tha,2036,82.233
tha,2037,82.259
tha,2038,84.309
tha,2039,86.409
tha,2040,88.521
tha,2041,88.225
tha,2042,90.521
tha,2043,92.753
tha,2044,92.5
tha,2045,94.59
tha,2046,96.97
tha,2047,96.884
tha,2048,99.267
tha,2049,101.598
tha,2050,101.021
tha,2051,103.492
tha,2052,105.814
tha,2053,105.342
tha,2054,108.156
tha,2055,110.54
tha,2056,110.1
tha,2057,112.315
tha,2058,111.641
tha,2059,114.344
tha,2060,117.02
tha,2061,116.214
tha,2062,118.878
tha,2063,117.669
tha,2064,119.374
tha,2065,118.899
tha,2066,120.986
tha,2067,123.743
tha,2068,123.204
tha,2069,125.933
tha,2070,125.349
tha,2071,128.323
tha,2072,127.402
tha,2073,130.192
tha,2074,129.91
tha,2075,132.997
tha,2076,132.171
tha,2077,131.672
tha,2078,134.809
tha,2079,134.249
tha,2080,137.677
tha,2081,136.754
tha,2082,140.144
tha,2083,138.9
tha,2084,142.228
tha,2085,141.652
tha,2086,141.084
tha,2087,144.473
tha,2088,143.926
tha,2089,144.123
tha,2090,147.263
tha,2091,146.705
tha,2092,150.508
tha,2093,150.165
tha,2094,149.228
tha,2095,151.733
tha,2096,151.168
tha,2097,150.714
tha,2098,153.853
tha,2099,153.718
tha,2100,151.95
tls,1800,1.571
tls,1801,1.571
tls,1802,1.571
tls,1803,1.615
tls,1804,1.615
tls,1805,1.615
tls,1806,1.615
tls,1807,1.615
tls,1808,1.615
tls,1809,1.615
tls,1810,1.615
tls,1811,1.615
tls,1812,1.615
tls,1813,1.615
tls,1814,1.615
tls,1815,1.615
tls,1816,1.66
tls,1817,1.66
tls,1818,1.66
tls,1819,1.66
tls,1820,1.66
tls,1821,1.66
tls,1822,1.66
tls,1823,1.66
tls,1824,1.66
tls,1825,1.66
tls,1826,1.66
tls,1827,1.66
tls,1828,1.66
tls,1829,1.66
tls,1830,1.707
tls,1831,1.707
tls,1832,1.707
tls,1833,1.707
tls,1834,1.707
tls,1835,1.707
tls,1836,1.707
tls,1837,1.707
tls,1838,1.707
tls,1839,1.707
tls,1840,1.707
tls,1841,1.707
tls,1842,1.707
tls,1843,1.707
tls,1844,1.707
tls,1845,1.755
tls,1846,1.755
tls,1847,1.755
tls,1848,1.755
tls,1849,1.755
tls,1850,1.755
tls,1851,1.755
tls,1852,1.755
tls,1853,1.755
tls,1854,1.755
tls,1855,1.755
tls,1856,1.755
tls,1857,1.755
tls,1858,1.755
tls,1859,1.804
tls,1860,1.805
tls,1861,1.804
tls,1862,1.804
tls,1863,1.805
tls,1864,1.804
tls,1865,1.804
tls,1866,1.804
tls,1867,1.804
tls,1868,1.805
tls,1869,1.805
tls,1870,1.805
tls,1871,1.805
tls,1872,1.853
tls,1873,1.85
tls,1874,1.847
tls,1875,1.845
tls,1876,1.842
tls,1877,1.839
tls,1878,1.837
tls,1879,1.834
tls,1880,1.832
tls,1881,1.829
tls,1882,1.827
tls,1883,1.824
tls,1884,1.822
tls,1885,1.819
tls,1886,1.817
tls,1887,1.865
tls,1888,1.863
tls,1889,1.861
tls,1890,1.858
tls,1891,1.855
tls,1892,1.853
tls,1893,1.851
tls,1894,1.848
tls,1895,1.846
tls,1896,1.843
tls,1897,1.841
tls,1898,1.839
tls,1899,1.836
tls,1900,1.834
tls,1901,1.883
tls,1902,1.881
tls,1903,1.878
tls,1904,1.876
tls,1905,1.874
tls,1906,1.871
tls,1907,1.869
tls,1908,1.867
tls,1909,1.864
tls,1910,1.862
tls,1911,1.86
tls,1912,1.857
tls,1913,1.855
tls,1914,1.853
tls,1915,1.903
tls,1916,1.9
tls,1917,1.898
tls,1918,1.896
tls,1919,1.894
tls,1920,1.892
tls,1921,1.889
tls,1922,1.887
tls,1923,1.885
tls,1924,1.883
tls,1925,1.881
tls,1926,1.878
tls,1927,1.876
tls,1928,1.927
tls,1929,1.925
tls,1930,1.923
tls,1931,1.92
tls,1932,1.918
tls,1933,1.916
tls,1934,1.914
tls,1935,1.912
tls,1936,1.91
tls,1937,1.907
tls,1938,1.905
tls,1939,1.903
tls,1940,1.901
tls,1941,1.904
tls,1942,1.906
tls,1943,1.909
tls,1944,1.859
tls,1945,1.862
tls,1946,1.865
tls,1947,1.867
tls,1948,1.819
tls,1949,1.821
tls,1950,1.823
tls,1951,1.826
tls,1952,1.779
tls,1953,1.781
tls,1954,1.784
tls,1955,1.786
tls,1956,1.74
tls,1957,1.742
tls,1958,1.745
tls,1959,1.747
tls,1960,1.702
tls,1961,1.801
tls,1962,1.856
tls,1963,1.911
tls,1964,1.969
tls,1965,2.028
tls,1966,2.089
tls,1967,2.152
tls,1968,2.217
tls,1969,2.284
tls,1970,2.353
tls,1971,2.423
tls,1972,2.496
tls,1973,2.501
tls,1974,2.649
tls,1975,2.806
tls,1976,2.89
tls,1977,2.977
tls,1978,3.153
tls,1979,3.248
tls,1980,3.44
tls,1981,3.495
tls,1982,3.629
tls,1983,3.703
tls,1984,3.95
tls,1985,3.953
tls,1986,4.015
tls,1987,4.206
tls,1988,4.24
tls,1989,5.083
tls,1990,5.125
tls,1991,5.406
tls,1992,5.788
tls,1993,6.125
tls,1994,6.304
tls,1995,6.284
tls,1996,6.543
tls,1997,6.36
tls,1998,6.138
tls,1999,5.737
tls,2000,9.543
tls,2001,10.077
tls,2002,8.662
tls,2003,8.239
tls,2004,8.41
tls,2005,8.939
tls,2006,8.429
tls,2007,9.073
tls,2008,9.569
tls,2009,9.866
tls,2010,10.509
tls,2011,10.87
tls,2012,11.161
tls,2013,11.164
tls,2014,11.454
tls,2015,11.595
tls,2016,11.493
tls,2017,11.053
tls,2018,10.726
tls,2019,12.878
tls,2020,16.752
tls,2021,17.409
tls,2022,13.622
tls,2023,14.606
tls,2024,13.596
tls,2025,14.051
tls,2026,14.465
tls,2027,14.979
tls,2028,15.513
tls,2029,15.982
tls,2030,16.267
tls,2031,16.752
tls,2032,17.253
tls,2033,17.277
tls,2034,17.789
tls,2035,18.32
tls,2036,18.858
tls,2037,19.404
tls,2038,19.421
tls,2039,19.982
tls,2040,20.584
tls,2041,21.167
tls,2042,21.174
tls,2043,21.777
tls,2044,22.406
tls,2045,23.047
tls,2046,23.703
tls,2047,24.328
tls,2048,24.341
tls,2049,25.046
tls,2050,25.729
tls,2051,26.461
tls,2052,27.205
tls,2053,27.217
tls,2054,27.97
tls,2055,28.742
tls,2056,29.472
tls,2057,30.274
tls,2058,31.126
tls,2059,31.943
tls,2060,31.978
tls,2061,32.898
tls,2062,33.785
tls,2063,34.795
tls,2064,35.827
tls,2065,36.842
tls,2066,37.837
tls,2067,37.793
tls,2068,38.659
tls,2069,39.627
tls,2070,40.558
tls,2071,41.559
tls,2072,42.577
tls,2073,43.633
tls,2074,43.902
tls,2075,44.955
tls,2076,46.126
tls,2077,47.655
tls,2078,49.412
tls,2079,50.67
tls,2080,51.706
tls,2081,52.931
tls,2082,53.168
tls,2083,53.964
tls,2084,55.064
tls,2085,56.42
tls,2086,57.872
tls,2087,59.394
tls,2088,60.386
tls,2089,62.028
tls,2090,61.564
tls,2091,62.926
tls,2092,64.278
tls,2093,65.497
tls,2094,66.991
tls,2095,68.783
tls,2096,71.039
tls,2097,70.758
tls,2098,72.452
tls,2099,74.547
tls,2100,76.602
tgo,1800,2.022
tgo,1801,2.022
tgo,1802,2.022
tgo,1803,2.022
tgo,1804,2.022
tgo,1805,2.022
tgo,1806,2.022
tgo,1807,2.022
tgo,1808,2.022
tgo,1809,2.022
tgo,1810,2.022
tgo,1811,2.022
tgo,1812,2.022
tgo,1813,2.022
tgo,1814,2.022
tgo,1815,2.022
tgo,1816,2.022
tgo,1817,2.022
tgo,1818,2.022
tgo,1819,2.022
tgo,1820,2.022
tgo,1821,2.022
tgo,1822,2.022
tgo,1823,2.022
tgo,1824,2.022
tgo,1825,2.022
tgo,1826,2.022
tgo,1827,2.079
tgo,1828,2.079
tgo,1829,2.079
tgo,1830,2.079
tgo,1831,2.079
tgo,1832,2.079
tgo,1833,2.079
tgo,1834,2.079
tgo,1835,2.079
tgo,1836,2.138
tgo,1837,2.138
tgo,1838,2.138
tgo,1839,2.138
tgo,1840,2.138
tgo,1841,2.137
tgo,1842,2.138
tgo,1843,2.138
tgo,1844,2.138
tgo,1845,2.198
tgo,1846,2.198
tgo,1847,2.198
tgo,1848,2.198
tgo,1849,2.198
tgo,1850,2.198
tgo,1851,2.198
tgo,1852,2.198
tgo,1853,2.198
tgo,1854,2.259
tgo,1855,2.259
tgo,1856,2.26
tgo,1857,2.259
tgo,1858,2.259
tgo,1859,2.259
tgo,1860,2.259
tgo,1861,2.259
tgo,1862,2.259
tgo,1863,2.26
tgo,1864,2.323
tgo,1865,2.323
tgo,1866,2.323
tgo,1867,2.323
tgo,1868,2.323
tgo,1869,2.323
tgo,1870,2.323
tgo,1871,2.323
tgo,1872,2.324
tgo,1873,2.39
tgo,1874,2.391
tgo,1875,2.392
tgo,1876,2.393
tgo,1877,2.394
tgo,1878,2.395
tgo,1879,2.395
tgo,1880,2.396
tgo,1881,2.397
tgo,1882,2.466
tgo,1883,2.467
tgo,1884,2.467
tgo,1885,2.468
tgo,1886,2.469
tgo,1887,2.47
tgo,1888,2.471
tgo,1889,2.472
tgo,1890,2.473
tgo,1891,2.543
tgo,1892,2.544
tgo,1893,2.545
tgo,1894,2.546
tgo,1895,2.547
tgo,1896,2.548
tgo,1897,2.549
tgo,1898,2.55
tgo,1899,2.551
tgo,1900,2.624
tgo,1901,2.625
tgo,1902,2.625
tgo,1903,2.627
tgo,1904,2.628
tgo,1905,2.628
tgo,1906,2.63
tgo,1907,2.631
tgo,1908,2.631
tgo,1909,2.632
tgo,1910,2.707
tgo,1911,2.708
tgo,1912,2.71
tgo,1913,2.71
tgo,1914,2.712
tgo,1915,2.713
tgo,1916,2.714
tgo,1917,2.714
tgo,1918,2.715
tgo,1919,2.716
tgo,1920,2.718
tgo,1921,2.719
tgo,1922,2.72
tgo,1923,2.721
tgo,1924,2.722
tgo,1925,2.723
tgo,1926,2.724
tgo,1927,2.725
tgo,1928,2.726
tgo,1929,2.652
tgo,1930,2.653
tgo,1931,2.654
tgo,1932,2.655
tgo,1933,2.656
tgo,1934,2.657
tgo,1935,2.658
tgo,1936,2.659
tgo,1937,2.66
tgo,1938,2.661
tgo,1939,2.662
tgo,1940,2.663
tgo,1941,2.65
tgo,1942,2.636
tgo,1943,2.623
tgo,1944,2.61
tgo,1945,2.67
tgo,1946,2.656
tgo,1947,2.643
tgo,1948,2.629
tgo,1949,2.616
tgo,1950,2.603
tgo,1951,2.663
tgo,1952,2.649
tgo,1953,2.71
tgo,1954,2.772
tgo,1955,2.759
tgo,1956,2.822
tgo,1957,2.808
tgo,1958,2.872
tgo,1959,2.857
tgo,1960,3.005
tgo,1961,3.16
tgo,1962,3.232
tgo,1963,3.306
tgo,1964,3.674
tgo,1965,4.088
tgo,1966,4.3
tgo,1967,4.397
tgo,1968,4.496
tgo,1969,4.858
tgo,1970,4.573
tgo,1971,4.806
tgo,1972,4.781
tgo,1973,4.379
tgo,1974,4.477
tgo,1975,4.332
tgo,1976,4.191
tgo,1977,4.285
tgo,1978,4.632
tgo,1979,4.737
tgo,1980,4.336
tgo,1981,4.126
tgo,1982,4.001
tgo,1983,3.702
tgo,1984,3.892
tgo,1985,3.96
tgo,1986,4.078
tgo,1987,3.872
tgo,1988,4.278
tgo,1989,4.385
tgo,1990,4.735
tgo,1991,4.543
tgo,1992,4.28
tgo,1993,3.675
tgo,1994,4.194
tgo,1995,4.359
tgo,1996,4.546
tgo,1997,4.959
tgo,1998,4.785
tgo,1999,4.842
tgo,2000,4.61
tgo,2001,4.592
tgo,2002,4.609
tgo,2003,4.821
tgo,2004,4.701
tgo,2005,4.425
tgo,2006,4.44
tgo,2007,4.227
tgo,2008,4.297
tgo,2009,4.399
tgo,2010,4.461
tgo,2011,4.657
tgo,2012,4.843
tgo,2013,5.185
tgo,2014,5.402
tgo,2015,5.698
tgo,2016,5.65
tgo,2017,5.709
tgo,2018,5.753
tgo,2019,5.967
tgo,2020,6.07
tgo,2021,6.408
tgo,2022,6.78
tgo,2023,7.035
tgo,2024,7.311
tgo,2025,7.599
tgo,2026,8.049
tgo,2027,8.383
tgo,2028,8.712
tgo,2029,8.989
tgo,2030,9.367
tgo,2031,9.646
tgo,2032,9.667
tgo,2033,9.961
tgo,2034,10.256
tgo,2035,10.284
tgo,2036,10.6
tgo,2037,10.92
tgo,2038,11.265
tgo,2039,11.301
tgo,2040,11.662
tgo,2041,12.009
tgo,2042,12.371
tgo,2043,12.402
tgo,2044,12.745
tgo,2045,13.113
tgo,2046,13.472
tgo,2047,13.859
tgo,2048,13.878
tgo,2049,14.271
tgo,2050,14.739
tgo,2051,15.2
tgo,2052,15.662
tgo,2053,15.696
tgo,2054,16.277
tgo,2055,16.881
tgo,2056,17.389
tgo,2057,17.845
tgo,2058,17.811
tgo,2059,18.424
tgo,2060,18.956
tgo,2061,19.336
tgo,2062,19.883
tgo,2063,20.509
tgo,2064,20.564
tgo,2065,21.124
tgo,2066,21.554
tgo,2067,22.206
tgo,2068,22.784
tgo,2069,23.364
tgo,2070,23.907
tgo,2071,23.943
tgo,2072,24.625
tgo,2073,25.596
tgo,2074,26.306
tgo,2075,27.084
tgo,2076,28.063
tgo,2077,28.992
tgo,2078,29.881
tgo,2079,30.008
tgo,2080,30.938
tgo,2081,32.014
tgo,2082,33.287
tgo,2083,34.533
tgo,2084,35.626
tgo,2085,36.695
tgo,2086,36.653
tgo,2087,37.151
tgo,2088,37.772
tgo,2089,38.404
tgo,2090,38.773
tgo,2091,39.534
tgo,2092,40.503
tgo,2093,41.739
tgo,2094,41.601
tgo,2095,42.738
tgo,2096,44.842
tgo,2097,46.288
tgo,2098,47.377
tgo,2099,49.44
tgo,2100,50.856
ton,1800,2.073
ton,1801,2.073
ton,1802,2.073
ton,1803,2.072
ton,1804,2.073
ton,1805,2.073
ton,1806,2.072
ton,1807,2.072
ton,1808,2.072
ton,1809,2.072
ton,1810,2.072
ton,1811,2.072
ton,1812,2.072
ton,1813,2.072
ton,1814,2.072
ton,1815,2.072
ton,1816,2.073
ton,1817,2.073
ton,1818,2.073
ton,1819,2.073
ton,1820,2.072
ton,1821,2.072
ton,1822,2.072
ton,1823,2.072
ton,1824,2.074
ton,1825,2.074
ton,1826,2.074
ton,1827,2.074
ton,1828,2.132
ton,1829,2.132
ton,1830,2.133
ton,1831,2.132
ton,1832,2.132
ton,1833,2.132
ton,1834,2.126
ton,1835,2.142
ton,1836,2.202
ton,1837,2.202
ton,1838,2.202
ton,1839,2.202
ton,1840,2.202
ton,1841,2.202
ton,1842,2.202
ton,1843,2.196
ton,1844,2.258
ton,1845,2.258
ton,1846,2.258
ton,1847,2.258
ton,1848,2.258
ton,1849,2.258
ton,1850,2.259
ton,1851,2.259
ton,1852,2.321
ton,1853,2.322
ton,1854,2.322
ton,1855,2.322
ton,1856,2.337
ton,1857,2.319
ton,1858,2.32
ton,1859,2.335
ton,1860,2.401
ton,1861,2.404
ton,1862,2.404
ton,1863,2.381
ton,1864,2.385
ton,1865,2.385
ton,1866,2.385
ton,1867,2.385
ton,1868,2.385
ton,1869,2.451
ton,1870,2.45
ton,1871,2.44
ton,1872,2.442
ton,1873,2.451
ton,1874,2.447
ton,1875,2.45
ton,1876,2.447
ton,1877,2.519
ton,1878,2.52
ton,1879,2.525
ton,1880,2.527
ton,1881,2.517
ton,1882,2.52
ton,1883,2.522
ton,1884,2.541
ton,1885,2.621
ton,1886,2.623
ton,1887,2.634
ton,1888,2.635
ton,1889,2.635
ton,1890,2.638
ton,1891,2.64
ton,1892,2.638
ton,1893,2.7
ton,1894,2.703
ton,1895,2.705
ton,1896,2.708
ton,1897,2.694
ton,1898,2.714
ton,1899,2.717
ton,1900,2.702
ton,1901,2.781
ton,1902,2.784
ton,1903,2.785
ton,1904,2.784
ton,1905,2.786
ton,1906,2.789
ton,1907,2.79
ton,1908,2.793
ton,1909,2.874
ton,1910,2.883
ton,1911,2.891
ton,1912,2.894
ton,1913,2.896
ton,1914,2.895
ton,1915,2.977
ton,1916,2.98
ton,1917,3.049
ton,1918,3.021
ton,1919,3.116
ton,1920,3.104
ton,1921,3.123
ton,1922,3.229
ton,1923,3.219
ton,1924,3.306
ton,1925,3.306
ton,1926,3.286
ton,1927,3.406
ton,1928,3.411
ton,1929,3.51
ton,1930,3.515
ton,1931,3.619
ton,1932,3.622
ton,1933,3.635
ton,1934,3.745
ton,1935,3.755
ton,1936,3.735
ton,1937,3.842
ton,1938,3.843
ton,1939,3.961
ton,1940,3.98
ton,1941,3.962
ton,1942,3.949
ton,1943,3.938
ton,1944,4.034
ton,1945,4.019
ton,1946,4.008
ton,1947,3.996
ton,1948,3.977
ton,1949,3.966
ton,1950,3.948
ton,1951,4.048
ton,1952,4.037
ton,1953,4.026
ton,1954,4.013
ton,1955,4.001
ton,1956,3.987
ton,1957,3.973
ton,1958,4.073
ton,1959,4.057
ton,1960,4.044
ton,1961,4.033
ton,1962,4.015
ton,1963,3.997
ton,1964,3.979
ton,1965,3.964
ton,1966,4.057
ton,1967,4.04
ton,1968,4.022
ton,1969,4.004
ton,1970,3.986
ton,1971,3.97
ton,1972,3.953
ton,1973,4.048
ton,1974,4.147
ton,1975,4.245
ton,1976,4.225
ton,1977,4.324
ton,1978,4.304
ton,1979,4.284
ton,1980,4.763
ton,1981,5.664
ton,1982,6.42
ton,1983,7.217
ton,1984,9.192
ton,1985,9.665
ton,1986,10.397
ton,1987,10.758
ton,1988,10.657
ton,1989,10.968
ton,1990,11.119
ton,1991,12.276
ton,1992,12.105
ton,1993,12.798
ton,1994,13.463
ton,1995,14.1
ton,1996,13.816
ton,1997,13.684
ton,1998,13.478
ton,1999,14.225
ton,2000,14.364
ton,2001,14.6
ton,2002,14.644
ton,2003,14.597
ton,2004,14.21
ton,2005,14.153
ton,2006,13.281
ton,2007,12.907
ton,2008,13.514
ton,2009,12.911
ton,2010,12.824
ton,2011,13.695
ton,2012,13.931
ton,2013,14.479
ton,2014,15.005
ton,2015,15.796
ton,2016,15.568
ton,2017,16.491
ton,2018,18.898
ton,2019,18.081
ton,2020,19.008
ton,2021,19.037
ton,2022,19.0
ton,2023,19.589
ton,2024,20.546
ton,2025,21.639
ton,2026,23.153
ton,2027,23.549
ton,2028,24.529
ton,2029,25.384
ton,2030,25.868
ton,2031,26.595
ton,2032,27.351
ton,2033,28.154
ton,2034,28.933
ton,2035,28.921
ton,2036,29.757
ton,2037,30.631
ton,2038,31.478
ton,2039,32.413
ton,2040,33.26
ton,2041,34.301
ton,2042,34.385
ton,2043,35.372
ton,2044,36.378
ton,2045,37.384
ton,2046,38.209
ton,2047,39.206
ton,2048,40.185
ton,2049,41.053
ton,2050,40.961
ton,2051,41.956
ton,2052,43.049
ton,2053,44.205
ton,2054,45.387
ton,2055,46.728
ton,2056,48.073
ton,2057,49.45
ton,2058,49.603
ton,2059,50.948
ton,2060,52.325
ton,2061,53.581
ton,2062,55.189
ton,2063,56.622
ton,2064,56.411
ton,2065,57.812
ton,2066,59.544
ton,2067,61.084
ton,2068,62.578
ton,2069,64.02
ton,2070,64.029
ton,2071,65.281
ton,2072,67.105
ton,2073,68.634
ton,2074,70.189
ton,2075,69.655
ton,2076,71.329
ton,2077,72.916
ton,2078,74.635
ton,2079,75.66
ton,2080,75.031
ton,2081,76.433
ton,2082,78.228
ton,2083,80.007
ton,2084,79.676
ton,2085,81.368
ton,2086,83.194
ton,2087,85.189
ton,2088,84.874
ton,2089,86.901
ton,2090,89.09
ton,2091,88.559
ton,2092,90.288
ton,2093,92.428
ton,2094,94.619
ton,2095,94.211
ton,2096,96.643
ton,2097,99.064
ton,2098,98.735
ton,2099,100.332
ton,2100,102.458
tto,1800,3.776
tto,1801,3.776
tto,1802,3.777
tto,1803,3.777
tto,1804,3.776
tto,1805,3.778
tto,1806,3.777
tto,1807,3.777
tto,1808,3.778
tto,1809,3.779
tto,1810,3.778
tto,1811,3.885
tto,1812,3.885
tto,1813,3.886
tto,1814,3.885
tto,1815,3.885
tto,1816,3.886
tto,1817,3.885
tto,1818,3.886
tto,1819,3.886
tto,1820,3.886
tto,1821,3.996
tto,1822,3.996
tto,1823,3.996
tto,1824,3.995
tto,1825,4.108
tto,1826,4.108
tto,1827,4.108
tto,1828,4.108
tto,1829,4.223
tto,1830,4.224
tto,1831,4.223
tto,1832,4.223
tto,1833,4.342
tto,1834,4.342
tto,1835,4.342
tto,1836,4.465
tto,1837,4.464
tto,1838,4.464
tto,1839,4.464
tto,1840,4.59
tto,1841,4.59
tto,1842,4.59
tto,1843,4.59
tto,1844,4.719
tto,1845,4.753
tto,1846,4.775
tto,1847,4.788
tto,1848,4.923
tto,1849,4.923
tto,1850,4.927
tto,1851,5.065
tto,1852,5.065
tto,1853,5.065
tto,1854,5.051
tto,1855,5.231
tto,1856,5.231
tto,1857,5.231
tto,1858,5.218
tto,1859,5.365
tto,1860,5.365
tto,1861,5.365
tto,1862,5.365
tto,1863,5.515
tto,1864,5.552
tto,1865,5.547
tto,1866,5.71
tto,1867,5.653
tto,1868,5.662
tto,1869,5.662
tto,1870,5.821
tto,1871,5.794
tto,1872,5.816
tto,1873,5.791
tto,1874,5.957
tto,1875,5.964
tto,1876,5.938
tto,1877,5.985
tto,1878,6.205
tto,1879,6.189
tto,1880,6.182
tto,1881,6.316
tto,1882,6.32
tto,1883,6.327
tto,1884,6.254
tto,1885,6.461
tto,1886,6.447
tto,1887,6.445
tto,1888,6.449
tto,1889,6.667
tto,1890,6.672
tto,1891,6.648
tto,1892,6.851
tto,1893,6.849
tto,1894,6.844
tto,1895,6.856
tto,1896,7.047
tto,1897,7.0
tto,1898,6.976
tto,1899,6.918
tto,1900,7.13
tto,1901,7.082
tto,1902,7.151
tto,1903,7.144
tto,1904,7.352
tto,1905,7.395
tto,1906,7.402
tto,1907,7.582
tto,1908,7.533
tto,1909,7.552
tto,1910,7.497
tto,1911,7.74
tto,1912,7.786
tto,1913,7.78
tto,1914,7.996
tto,1915,8.221
tto,1916,8.499
tto,1917,8.638
tto,1918,8.663
tto,1919,8.938
tto,1920,9.201
tto,1921,9.522
tto,1922,9.915
tto,1923,10.225
tto,1924,10.617
tto,1925,11.056
tto,1926,11.422
tto,1927,11.43
tto,1928,11.786
tto,1929,12.043
tto,1930,12.35
tto,1931,12.619
tto,1932,12.986
tto,1933,13.324
tto,1934,13.706
tto,1935,14.291
tto,1936,14.304
tto,1937,14.754
tto,1938,15.417
tto,1939,16.086
tto,1940,16.572
tto,1941,16.358
tto,1942,16.722
tto,1943,16.597
tto,1944,16.504
tto,1945,16.358
tto,1946,16.748
tto,1947,16.702
tto,1948,16.669
tto,1949,17.055
tto,1950,16.892
tto,1951,17.594
tto,1952,17.524
tto,1953,17.408
tto,1954,16.846
tto,1955,18.739
tto,1956,21.184
tto,1957,22.499
tto,1958,23.061
tto,1959,23.66
tto,1960,25.758
tto,1961,26.383
tto,1962,26.999
tto,1963,26.873
tto,1964,27.538
tto,1965,27.372
tto,1966,27.991
tto,1967,28.563
tto,1968,29.069
tto,1969,29.676
tto,1970,30.239
tto,1971,30.087
tto,1972,30.674
tto,1973,30.504
tto,1974,31.165
tto,1975,30.995
tto,1976,32.585
tto,1977,34.304
tto,1978,37.103
tto,1979,37.912
tto,1980,39.831
tto,1981,42.315
tto,1982,42.661
tto,1983,38.632
tto,1984,37.977
tto,1985,36.293
tto,1986,34.872
tto,1987,33.193
tto,1988,32.153
tto,1989,31.714
tto,1990,32.46
tto,1991,33.303
tto,1992,36.963
tto,1993,36.097
tto,1994,36.472
tto,1995,37.732
tto,1996,39.978
tto,1997,42.589
tto,1998,45.599
tto,1999,48.824
tto,2000,51.668
tto,2001,53.416
tto,2002,57.074
tto,2003,64.795
tto,2004,69.406
tto,2005,79.435
tto,2006,89.652
tto,2007,93.393
tto,2008,96.061
tto,2009,91.996
tto,2010,94.353
tto,2011,93.249
tto,2012,98.482
tto,2013,101.508
tto,2014,105.075
tto,2015,104.72
tto,2016,97.075
tto,2017,92.601
tto,2018,92.649
tto,2019,93.474
tto,2020,84.847
tto,2021,84.513
tto,2022,85.574
tto,2023,86.11
tto,2024,86.837
tto,2025,91.539
tto,2026,95.221
tto,2027,96.349
tto,2028,100.142
tto,2029,100.711
tto,2030,103.512
tto,2031,105.765
tto,2032,105.209
tto,2033,107.488
tto,2034,110.028
tto,2035,109.271
tto,2036,111.731
tto,2037,114.097
tto,2038,113.182
tto,2039,115.703
tto,2040,118.199
tto,2041,117.35
tto,2042,119.542
tto,2043,121.725
tto,2044,120.623
tto,2045,122.796
tto,2046,125.399
tto,2047,124.572
tto,2048,127.208
tto,2049,126.38
tto,2050,128.873
tto,2051,131.497
tto,2052,130.861
tto,2053,133.506
tto,2054,132.703
tto,2055,135.576
tto,2056,134.859
tto,2057,137.53
tto,2058,140.591
tto,2059,139.275
tto,2060,142.299
tto,2061,141.416
tto,2062,144.495
tto,2063,143.621
tto,2064,147.167
tto,2065,146.133
tto,2066,149.522
tto,2067,148.775
tto,2068,151.821
tto,2069,150.171
tto,2070,148.994
tto,2071,152.585
tto,2072,150.853
tto,2073,154.445
tto,2074,153.552
tto,2075,155.942
tto,2076,155.343
tto,2077,154.505
tto,2078,158.194
tto,2079,158.58
tto,2080,161.945
tto,2081,161.338
tto,2082,161.044
tto,2083,163.911
tto,2084,163.599
tto,2085,167.339
tto,2086,166.587
tto,2087,166.75
tto,2088,170.606
tto,2089,169.786
tto,2090,169.695
tto,2091,173.755
tto,2092,173.661
tto,2093,171.809
tto,2094,171.035
tto,2095,175.277
tto,2096,174.508
tto,2097,172.27
tto,2098,176.23
tto,2099,174.765
tto,2100,174.002
tun,1800,2.073
tun,1801,2.073
tun,1802,2.073
tun,1803,2.073
tun,1804,2.073
tun,1805,2.073
tun,1806,2.073
tun,1807,2.073
tun,1808,2.073
tun,1809,2.073
tun,1810,2.073
tun,1811,2.073
tun,1812,2.073
tun,1813,2.073
tun,1814,2.073
tun,1815,2.073
tun,1816,2.073
tun,1817,2.073
tun,1818,2.073
tun,1819,2.073
tun,1820,2.073
tun,1821,2.131
tun,1822,2.131
tun,1823,2.131
tun,1824,2.131
tun,1825,2.191
tun,1826,2.191
tun,1827,2.191
tun,1828,2.191
tun,1829,2.252
tun,1830,2.252
tun,1831,2.253
tun,1832,2.316
tun,1833,2.316
tun,1834,2.316
tun,1835,2.316
tun,1836,2.381
tun,1837,2.381
tun,1838,2.381
tun,1839,2.448
tun,1840,2.448
tun,1841,2.448
tun,1842,2.448
tun,1843,2.517
tun,1844,2.517
tun,1845,2.517
tun,1846,2.587
tun,1847,2.587
tun,1848,2.587
tun,1849,2.587
tun,1850,2.66
tun,1851,2.66
tun,1852,2.66
tun,1853,2.66
tun,1854,2.735
tun,1855,2.735
tun,1856,2.735
tun,1857,2.811
tun,1858,2.812
tun,1859,2.812
tun,1860,2.811
tun,1861,2.891
tun,1862,2.891
tun,1863,2.891
tun,1864,2.972
tun,1865,2.972
tun,1866,2.972
tun,1867,2.972
tun,1868,3.055
tun,1869,3.055
tun,1870,3.055
tun,1871,3.055
tun,1872,3.14
tun,1873,3.138
tun,1874,3.137
tun,1875,3.223
tun,1876,3.222
tun,1877,3.22
tun,1878,3.219
tun,1879,3.307
tun,1880,3.306
tun,1881,3.304
tun,1882,3.395
tun,1883,3.394
tun,1884,3.392
tun,1885,3.39
tun,1886,3.484
tun,1887,3.482
tun,1888,3.48
tun,1889,3.576
tun,1890,3.575
tun,1891,3.573
tun,1892,3.571
tun,1893,3.67
tun,1894,3.668
tun,1895,3.666
tun,1896,3.664
tun,1897,3.765
tun,1898,3.763
tun,1899,3.762
tun,1900,3.865
tun,1901,3.863
tun,1902,3.861
tun,1903,3.859
tun,1904,3.966
tun,1905,3.964
tun,1906,3.962
tun,1907,4.071
tun,1908,4.069
tun,1909,4.067
tun,1910,4.065
tun,1911,4.177
tun,1912,4.175
tun,1913,4.173
tun,1914,4.171
tun,1915,4.286
tun,1916,4.284
tun,1917,4.281
tun,1918,4.279
tun,1919,4.397
tun,1920,4.395
tun,1921,4.393
tun,1922,4.391
tun,1923,4.388
tun,1924,4.509
tun,1925,4.507
tun,1926,4.505
tun,1927,4.502
tun,1928,4.627
tun,1929,4.624
tun,1930,4.622
tun,1931,4.619
tun,1932,4.747
tun,1933,4.744
tun,1934,4.742
tun,1935,4.739
tun,1936,4.737
tun,1937,4.867
tun,1938,4.864
tun,1939,4.862
tun,1940,4.859
tun,1941,4.83
tun,1942,4.936
tun,1943,4.907
tun,1944,4.877
tun,1945,4.848
tun,1946,4.819
tun,1947,4.79
tun,1948,4.761
tun,1949,4.865
tun,1950,4.836
tun,1951,4.676
tun,1952,5.192
tun,1953,5.175
tun,1954,5.143
tun,1955,4.824
tun,1956,4.93
tun,1957,4.636
tun,1958,5.16
tun,1959,4.842
tun,1960,5.243
tun,1961,5.506
tun,1962,5.325
tun,1963,5.911
tun,1964,5.876
tun,1965,6.007
tun,1966,5.972
tun,1967,5.775
tun,1968,6.238
tun,1969,6.201
tun,1970,7.066
tun,1971,7.417
tun,1972,8.468
tun,1973,8.195
tun,1974,8.614
tun,1975,9.059
tun,1976,9.529
tun,1977,9.476
tun,1978,9.693
tun,1979,10.188
tun,1980,10.413
tun,1981,11.067
tun,1982,11.121
tun,1983,11.662
tun,1984,12.325
tun,1985,12.835
tun,1986,12.522
tun,1987,13.175
tun,1988,13.656
tun,1989,14.346
tun,1990,15.567
tun,1991,15.734
tun,1992,16.52
tun,1993,16.452
tun,1994,16.579
tun,1995,16.615
tun,1996,17.499
tun,1997,18.259
tun,1998,18.903
tun,1999,19.798
tun,2000,20.515
tun,2001,21.239
tun,2002,21.504
tun,2003,22.462
tun,2004,23.852
tun,2005,24.478
tun,2006,25.803
tun,2007,27.378
tun,2008,28.529
tun,2009,28.89
tun,2010,31.168
tun,2011,30.158
tun,2012,30.386
tun,2013,30.787
tun,2014,31.854
tun,2015,31.286
tun,2016,31.418
tun,2017,31.786
tun,2018,32.301
tun,2019,32.419
tun,2020,29.247
tun,2021,30.467
tun,2022,31.195
tun,2023,30.79
tun,2024,30.833
tun,2025,32.093
tun,2026,34.155
tun,2027,34.645
tun,2028,36.0
tun,2029,37.3
tun,2030,38.95
tun,2031,40.082
tun,2032,41.236
tun,2033,42.378
tun,2034,43.542
tun,2035,43.486
tun,2036,44.483
tun,2037,45.585
tun,2038,46.668
tun,2039,47.731
tun,2040,48.944
tun,2041,50.09
tun,2042,50.035
tun,2043,51.299
tun,2044,52.631
tun,2045,54.228
tun,2046,55.791
tun,2047,57.266
tun,2048,57.401
tun,2049,58.924
tun,2050,60.485
tun,2051,61.922
tun,2052,63.759
tun,2053,63.554
tun,2054,65.252
tun,2055,66.76
tun,2056,68.512
tun,2057,70.489
tun,2058,70.258
tun,2059,71.935
tun,2060,73.627
tun,2061,75.627
tun,2062,75.269
tun,2063,77.11
tun,2064,78.834
tun,2065,80.594
tun,2066,79.944
tun,2067,81.927
tun,2068,83.83
tun,2069,85.665
tun,2070,84.654
tun,2071,85.868
tun,2072,87.978
tun,2073,86.962
tun,2074,89.045
tun,2075,91.023
tun,2076,90.617
tun,2077,92.498
tun,2078,94.534
tun,2079,94.339
tun,2080,96.397
tun,2081,98.737
tun,2082,98.326
tun,2083,100.84
tun,2084,100.251
tun,2085,102.155
tun,2086,104.586
tun,2087,104.143
tun,2088,106.772
tun,2089,106.717
tun,2090,109.054
tun,2091,108.748
tun,2092,111.477
tun,2093,113.887
tun,2094,112.7
tun,2095,115.014
tun,2096,114.819
tun,2097,116.982
tun,2098,116.49
tun,2099,118.243
tun,2100,118.266
tur,1800,2.931
tur,1801,2.931
tur,1802,2.931
tur,1803,2.931
tur,1804,2.931
tur,1805,2.931
tur,1806,2.931
tur,1807,2.931
tur,1808,2.931
tur,1809,2.931
tur,1810,2.931
tur,1811,2.931
tur,1812,2.931
tur,1813,2.931
tur,1814,2.931
tur,1815,2.931
tur,1816,2.931
tur,1817,2.931
tur,1818,2.931
tur,1819,2.931
tur,1820,2.931
tur,1821,3.014
tur,1822,3.013
tur,1823,3.013
tur,1824,3.014
tur,1825,3.014
tur,1826,3.014
tur,1827,3.013
tur,1828,3.013
tur,1829,3.098
tur,1830,3.098
tur,1831,3.098
tur,1832,3.098
tur,1833,3.098
tur,1834,3.098
tur,1835,3.098
tur,1836,3.185
tur,1837,3.185
tur,1838,3.185
tur,1839,3.185
tur,1840,3.185
tur,1841,3.185
tur,1842,3.185
tur,1843,3.185
tur,1844,3.275
tur,1845,3.275
tur,1846,3.275
tur,1847,3.275
tur,1848,3.275
tur,1849,3.275
tur,1850,3.275
tur,1851,3.275
tur,1852,3.367
tur,1853,3.367
tur,1854,3.367
tur,1855,3.367
tur,1856,3.367
tur,1857,3.367
tur,1858,3.367
tur,1859,3.367
tur,1860,3.461
tur,1861,3.461
tur,1862,3.461
tur,1863,3.461
tur,1864,3.461
tur,1865,3.461
tur,1866,3.461
tur,1867,3.559
tur,1868,3.559
tur,1869,3.559
tur,1870,3.559
tur,1871,3.558
tur,1872,3.554
tur,1873,3.55
tur,1874,3.645
tur,1875,3.64
tur,1876,3.636
tur,1877,3.631
tur,1878,3.627
tur,1879,3.724
tur,1880,3.719
tur,1881,3.715
tur,1882,3.71
tur,1883,3.705
tur,1884,3.805
tur,1885,3.8
tur,1886,3.795
tur,1887,3.791
tur,1888,3.786
tur,1889,3.887
tur,1890,3.883
tur,1891,3.878
tur,1892,3.873
tur,1893,3.868
tur,1894,3.972
tur,1895,3.967
tur,1896,3.962
tur,1897,3.957
tur,1898,3.952
tur,1899,4.058
tur,1900,4.053
tur,1901,4.048
tur,1902,4.043
tur,1903,4.038
tur,1904,4.146
tur,1905,4.141
tur,1906,4.136
tur,1907,4.131
tur,1908,4.126
tur,1909,4.236
tur,1910,4.231
tur,1911,4.226
tur,1912,4.221
tur,1913,4.215
tur,1914,3.768
tur,1915,3.368
tur,1916,3.011
tur,1917,2.692
tur,1918,2.406
tur,1919,2.471
tur,1920,2.537
tur,1921,2.678
tur,1922,2.75
tur,1923,2.824
tur,1924,3.065
tur,1925,3.42
tur,1926,3.924
tur,1927,3.508
tur,1928,3.914
tur,1929,4.368
tur,1930,4.485
tur,1931,4.735
tur,1932,4.351
tur,1933,4.856
tur,1934,4.85
tur,1935,4.844
tur,1936,5.713
tur,1937,5.867
tur,1938,6.194
tur,1939,6.572
tur,1940,6.009
tur,1941,5.326
tur,1942,5.575
tur,1943,4.941
tur,1944,4.629
tur,1945,3.99
tur,1946,5.072
tur,1947,5.163
tur,1948,5.713
tur,1949,5.352
tur,1950,5.602
tur,1951,6.399
tur,1952,6.883
tur,1953,7.591
tur,1954,6.934
tur,1955,7.442
tur,1956,7.367
tur,1957,7.911
tur,1958,8.041
tur,1959,8.19
tur,1960,8.112
tur,1961,8.036
tur,1962,8.179
tur,1963,8.799
tur,1964,8.971
tur,1965,8.881
tur,1966,9.84
tur,1967,10.043
tur,1968,10.542
tur,1969,10.756
tur,1970,11.262
tur,1971,11.793
tur,1972,12.338
tur,1973,12.224
tur,1974,12.811
tur,1975,13.427
tur,1976,14.486
tur,1977,14.741
tur,1978,14.599
tur,1979,14.066
tur,1980,13.55
tur,1981,14.347
tur,1982,15.102
tur,1983,15.734
tur,1984,16.757
tur,1985,17.512
tur,1986,18.543
tur,1987,20.274
tur,1988,20.954
tur,1989,21.29
tur,1990,23.466
tur,1991,23.388
tur,1992,24.368
tur,1993,25.949
tur,1994,24.402
tur,1995,25.867
tur,1996,27.196
tur,1997,28.936
tur,1998,29.284
tur,1999,27.738
tur,2000,29.304
tur,2001,27.418
tur,2002,28.842
tur,2003,29.636
tur,2004,33.138
tur,2005,35.431
tur,2006,39.551
tur,2007,41.721
tur,2008,41.672
tur,2009,38.11
tur,2010,41.132
tur,2011,43.442
tur,2012,45.718
tur,2013,48.364
tur,2014,49.203
tur,2015,48.956
tur,2016,50.958
tur,2017,54.823
tur,2018,54.798
tur,2019,55.068
tur,2020,55.165
tur,2021,59.506
tur,2022,55.285
tur,2023,63.936
tur,2024,65.798
tur,2025,69.537
tur,2026,75.411
tur,2027,79.008
tur,2028,82.28
tur,2029,84.835
tur,2030,88.337
tur,2031,90.551
tur,2032,90.101
tur,2033,92.36
tur,2034,92.038
tur,2035,94.326
tur,2036,94.033
tur,2037,96.26
tur,2038,95.904
tur,2039,98.315
tur,2040,98.095
tur,2041,100.482
tur,2042,100.214
tur,2043,102.741
tur,2044,102.455
tur,2045,105.178
tur,2046,104.767
tur,2047,107.497
tur,2048,106.84
tur,2049,106.559
tur,2050,109.268
tur,2051,108.981
tur,2052,111.754
tur,2053,111.482
tur,2054,111.641
tur,2055,114.397
tur,2056,114.127
tur,2057,117.169
tur,2058,116.998
tur,2059,116.476
tur,2060,118.839
tur,2061,118.565
tur,2062,118.346
tur,2063,121.08
tur,2064,121.009
tur,2065,120.001
tur,2066,123.387
tur,2067,123.12
tur,2068,122.858
tur,2069,125.867
tur,2070,124.815
tur,2071,125.061
tur,2072,124.622
tur,2073,128.107
tur,2074,129.002
tur,2075,128.777
tur,2076,131.844
tur,2077,131.599
tur,2078,131.749
tur,2079,131.538
tur,2080,135.599
tur,2081,134.553
tur,2082,134.174
tur,2083,134.695
tur,2084,138.294
tur,2085,138.11
tur,2086,138.079
tur,2087,139.055
tur,2088,138.902
tur,2089,142.655
tur,2090,142.508
tur,2091,142.366
tur,2092,142.885
tur,2093,142.987
tur,2094,146.672
tur,2095,146.328
tur,2096,147.145
tur,2097,145.725
tur,2098,145.617
tur,2099,145.515
tur,2100,149.834
tkm,1800,2.851
tkm,1801,2.851
tkm,1802,2.931
tkm,1803,2.931
tkm,1804,2.931
tkm,1805,2.931
tkm,1806,2.931
tkm,1807,2.931
tkm,1808,2.931
tkm,1809,2.931
tkm,1810,2.931
tkm,1811,3.013
tkm,1812,3.013
tkm,1813,3.013
tkm,1814,3.013
tkm,1815,3.013
tkm,1816,3.013
tkm,1817,3.013
tkm,1818,3.013
tkm,1819,3.013
tkm,1820,3.098
tkm,1821,3.098
tkm,1822,3.098
tkm,1823,3.098
tkm,1824,3.098
tkm,1825,3.098
tkm,1826,3.098
tkm,1827,3.098
tkm,1828,3.185
tkm,1829,3.185
tkm,1830,3.186
tkm,1831,3.186
tkm,1832,3.186
tkm,1833,3.185
tkm,1834,3.186
tkm,1835,3.186
tkm,1836,3.185
tkm,1837,3.275
tkm,1838,3.275
tkm,1839,3.275
tkm,1840,3.275
tkm,1841,3.275
tkm,1842,3.275
tkm,1843,3.275
tkm,1844,3.275
tkm,1845,3.367
tkm,1846,3.367
tkm,1847,3.367
tkm,1848,3.368
tkm,1849,3.368
tkm,1850,3.367
tkm,1851,3.367
tkm,1852,3.367
tkm,1853,3.368
tkm,1854,3.462
tkm,1855,3.462
tkm,1856,3.462
tkm,1857,3.462
tkm,1858,3.462
tkm,1859,3.462
tkm,1860,3.462
tkm,1861,3.462
tkm,1862,3.56
tkm,1863,3.56
tkm,1864,3.56
tkm,1865,3.56
tkm,1866,3.56
tkm,1867,3.56
tkm,1868,3.56
tkm,1869,3.56
tkm,1870,3.56
tkm,1871,3.66
tkm,1872,3.671
tkm,1873,3.684
tkm,1874,3.696
tkm,1875,3.708
tkm,1876,3.72
tkm,1877,3.732
tkm,1878,3.744
tkm,1879,3.861
tkm,1880,3.874
tkm,1881,3.887
tkm,1882,3.899
tkm,1883,3.912
tkm,1884,3.925
tkm,1885,3.938
tkm,1886,3.843
tkm,1887,4.429
tkm,1888,4.322
tkm,1889,3.99
tkm,1890,4.003
tkm,1891,3.696
tkm,1892,4.029
tkm,1893,4.517
tkm,1894,5.206
tkm,1895,4.806
tkm,1896,5.24
tkm,1897,5.257
tkm,1898,5.423
tkm,1899,5.752
tkm,1900,5.613
tkm,1901,5.789
tkm,1902,6.313
tkm,1903,5.828
tkm,1904,6.533
tkm,1905,5.706
tkm,1906,5.416
tkm,1907,5.286
tkm,1908,5.763
tkm,1909,5.945
tkm,1910,6.482
tkm,1911,5.984
tkm,1912,6.346
tkm,1913,6.731
tkm,1914,6.388
tkm,1915,6.59
tkm,1916,5.918
tkm,1917,5.169
tkm,1918,3.237
tkm,1919,2.75
tkm,1920,2.759
tkm,1921,2.547
tkm,1922,2.936
tkm,1923,3.383
tkm,1924,4.356
tkm,1925,5.456
tkm,1926,6.115
tkm,1927,6.308
tkm,1928,6.689
tkm,1929,6.9
tkm,1930,7.117
tkm,1931,7.341
tkm,1932,7.164
tkm,1933,7.389
tkm,1934,8.056
tkm,1935,9.283
tkm,1936,10.121
tkm,1937,10.733
tkm,1938,10.767
tkm,1939,11.418
tkm,1940,10.837
tkm,1941,10.551
tkm,1942,10.561
tkm,1943,10.283
tkm,1944,10.012
tkm,1945,10.021
tkm,1946,9.757
tkm,1947,10.911
tkm,1948,12.202
tkm,1949,13.274
tkm,1950,14.439
tkm,1951,14.057
tkm,1952,14.872
tkm,1953,15.305
tkm,1954,15.749
tkm,1955,16.662
tkm,1956,18.135
tkm,1957,18.16
tkm,1958,19.211
tkm,1959,18.701
tkm,1960,20.333
tkm,1961,20.916
tkm,1962,21.498
tkm,1963,20.321
tkm,1964,23.314
tkm,1965,23.941
tkm,1966,25.277
tkm,1967,25.963
tkm,1968,27.384
tkm,1969,27.368
tkm,1970,29.736
tkm,1971,29.73
tkm,1972,29.715
tkm,1973,32.295
tkm,1974,31.388
tkm,1975,31.369
tkm,1976,30.495
tkm,1977,30.476
tkm,1978,29.625
tkm,1979,29.607
tkm,1980,28.783
tkm,1981,28.374
tkm,1982,28.132
tkm,1983,27.834
tkm,1984,26.986
tkm,1985,26.478
tkm,1986,26.224
tkm,1987,26.533
tkm,1988,28.281
tkm,1989,25.179
tkm,1990,24.309
tkm,1991,23.27
tkm,1992,19.314
tkm,1993,19.456
tkm,1994,15.988
tkm,1995,14.433
tkm,1996,14.829
tkm,1997,12.906
tkm,1998,13.603
tkm,1999,15.721
tkm,2000,16.487
tkm,2001,16.929
tkm,2002,16.958
tkm,2003,16.969
tkm,2004,17.703
tkm,2005,19.609
tkm,2006,20.848
tkm,2007,22.244
tkm,2008,24.703
tkm,2009,25.602
tkm,2010,27.084
tkm,2011,29.945
tkm,2012,32.722
tkm,2013,34.995
tkm,2014,37.824
tkm,2015,39.22
tkm,2016,40.895
tkm,2017,42.03
tkm,2018,43.842
tkm,2019,45.512
tkm,2020,49.273
tkm,2021,52.279
tkm,2022,56.232
tkm,2023,59.721
tkm,2024,59.016
tkm,2025,61.236
tkm,2026,64.545
tkm,2027,65.352
tkm,2028,67.928
tkm,2029,70.017
tkm,2030,73.503
tkm,2031,75.321
tkm,2032,76.953
tkm,2033,76.577
tkm,2034,78.367
tkm,2035,80.305
tkm,2036,82.273
tkm,2037,84.025
tkm,2038,83.68
tkm,2039,85.654
tkm,2040,87.626
tkm,2041,89.592
tkm,2042,91.564
tkm,2043,91.144
tkm,2044,93.306
tkm,2045,95.762
tkm,2046,98.202
tkm,2047,97.667
tkm,2048,99.835
tkm,2049,102.497
tkm,2050,105.051
tkm,2051,104.65
tkm,2052,107.292
tkm,2053,110.071
tkm,2054,109.387
tkm,2055,112.622
tkm,2056,115.764
tkm,2057,119.353
tkm,2058,119.128
tkm,2059,122.282
tkm,2060,125.395
tkm,2061,124.879
tkm,2062,127.199
tkm,2063,126.452
tkm,2064,128.723
tkm,2065,131.174
tkm,2066,129.836
tkm,2067,131.824
tkm,2068,134.943
tkm,2069,133.84
tkm,2070,136.49
tkm,2071,136.194
tkm,2072,139.295
tkm,2073,138.618
tkm,2074,141.818
tkm,2075,146.248
tkm,2076,146.579
tkm,2077,149.63
tkm,2078,149.772
tkm,2079,152.777
tkm,2080,153.123
tkm,2081,157.825
tkm,2082,157.319
tkm,2083,161.065
tkm,2084,160.219
tkm,2085,164.038
tkm,2086,163.381
tkm,2087,168.206
tkm,2088,167.126
tkm,2089,171.058
tkm,2090,170.679
tkm,2091,174.187
tkm,2092,173.045
tkm,2093,172.362
tkm,2094,176.904
tkm,2095,177.357
tkm,2096,181.659
tkm,2097,180.985
tkm,2098,179.859
tkm,2099,183.961
tkm,2100,183.286
tuv,1800,2.2
tuv,1801,2.2
tuv,1802,2.2
tuv,1803,2.2
tuv,1804,2.2
tuv,1805,2.2
tuv,1806,2.2
tuv,1807,2.2
tuv,1808,2.2
tuv,1809,2.2
tuv,1810,2.2
tuv,1811,2.2
tuv,1812,2.2
tuv,1813,2.2
tuv,1814,2.2
tuv,1815,2.2
tuv,1816,2.2
tuv,1817,2.2
tuv,1818,2.2
tuv,1819,2.201
tuv,1820,2.197
tuv,1821,2.196
tuv,1822,2.196
tuv,1823,2.199
tuv,1824,2.201
tuv,1825,2.202
tuv,1826,2.2
tuv,1827,2.261
tuv,1828,2.26
tuv,1829,2.261
tuv,1830,2.263
tuv,1831,2.265
tuv,1832,2.261
tuv,1833,2.26
tuv,1834,2.26
tuv,1835,2.258
tuv,1836,2.325
tuv,1837,2.33
tuv,1838,2.33
tuv,1839,2.326
tuv,1840,2.325
tuv,1841,2.324
tuv,1842,2.322
tuv,1843,2.322
tuv,1844,2.389
tuv,1845,2.39
tuv,1846,2.391
tuv,1847,2.39
tuv,1848,2.391
tuv,1849,2.387
tuv,1850,2.391
tuv,1851,2.392
tuv,1852,2.466
tuv,1853,2.463
tuv,1854,2.459
tuv,1855,2.456
tuv,1856,2.456
tuv,1857,2.458
tuv,1858,2.457
tuv,1859,2.458
tuv,1860,2.53
tuv,1861,2.533
tuv,1862,2.535
tuv,1863,2.535
tuv,1864,2.526
tuv,1865,2.524
tuv,1866,2.522
tuv,1867,2.528
tuv,1868,2.6
tuv,1869,2.604
tuv,1870,2.597
tuv,1871,2.598
tuv,1872,2.591
tuv,1873,2.585
tuv,1874,2.576
tuv,1875,2.567
tuv,1876,2.557
tuv,1877,2.621
tuv,1878,2.615
tuv,1879,2.609
tuv,1880,2.604
tuv,1881,2.598
tuv,1882,2.59
tuv,1883,2.582
tuv,1884,2.569
tuv,1885,2.634
tuv,1886,2.63
tuv,1887,2.638
tuv,1888,2.632
tuv,1889,2.624
tuv,1890,2.634
tuv,1891,2.628
tuv,1892,2.621
tuv,1893,2.681
tuv,1894,2.675
tuv,1895,2.668
tuv,1896,2.657
tuv,1897,2.654
tuv,1898,2.646
tuv,1899,2.636
tuv,1900,2.627
tuv,1901,2.69
tuv,1902,2.684
tuv,1903,2.673
tuv,1904,2.667
tuv,1905,2.662
tuv,1906,2.649
tuv,1907,2.638
tuv,1908,2.642
tuv,1909,2.707
tuv,1910,2.701
tuv,1911,2.692
tuv,1912,2.685
tuv,1913,2.675
tuv,1914,2.666
tuv,1915,2.73
tuv,1916,2.72
tuv,1917,2.711
tuv,1918,2.779
tuv,1919,2.782
tuv,1920,2.775
tuv,1921,2.846
tuv,1922,2.829
tuv,1923,2.817
tuv,1924,2.886
tuv,1925,2.875
tuv,1926,2.945
tuv,1927,2.934
tuv,1928,2.922
tuv,1929,3.004
tuv,1930,2.997
tuv,1931,2.986
tuv,1932,3.051
tuv,1933,3.034
tuv,1934,3.019
tuv,1935,3.097
tuv,1936,3.082
tuv,1937,3.075
tuv,1938,3.16
tuv,1939,3.145
tuv,1940,3.226
tuv,1941,3.218
tuv,1942,3.201
tuv,1943,3.285
tuv,1944,3.264
tuv,1945,3.243
tuv,1946,3.32
tuv,1947,3.303
tuv,1948,3.302
tuv,1949,3.384
tuv,1950,3.376
tuv,1951,3.365
tuv,1952,3.443
tuv,1953,3.425
tuv,1954,3.412
tuv,1955,3.504
tuv,1956,3.491
tuv,1957,3.479
tuv,1958,3.568
tuv,1959,3.558
tuv,1960,3.645
tuv,1961,3.636
tuv,1962,3.633
tuv,1963,3.728
tuv,1964,3.723
tuv,1965,3.709
tuv,1966,3.806
tuv,1967,3.796
tuv,1968,3.793
tuv,1969,3.889
tuv,1970,3.892
tuv,1971,3.882
tuv,1972,3.876
tuv,1973,5.261
tuv,1974,5.862
tuv,1975,5.857
tuv,1976,5.848
tuv,1977,6.002
tuv,1978,6.158
tuv,1979,6.319
tuv,1980,5.803
tuv,1981,5.256
tuv,1982,4.449
tuv,1983,4.817
tuv,1984,5.028
tuv,1985,4.8
tuv,1986,5.307
tuv,1987,6.135
tuv,1988,6.937
tuv,1989,6.546
tuv,1990,6.776
tuv,1991,7.499
tuv,1992,7.278
tuv,1993,7.729
tuv,1994,8.034
tuv,1995,7.963
tuv,1996,7.415
tuv,1997,7.593
tuv,1998,9.247
tuv,1999,8.484
tuv,2000,8.727
tuv,2001,8.716
tuv,2002,9.143
tuv,2003,8.957
tuv,2004,8.718
tuv,2005,7.698
tuv,2006,8.155
tuv,2007,8.312
tuv,2008,8.99
tuv,2009,8.18
tuv,2010,7.844
tuv,2011,8.5
tuv,2012,8.008
tuv,2013,8.545
tuv,2014,8.43
tuv,2015,9.058
tuv,2016,9.735
tuv,2017,10.368
tuv,2018,10.134
tuv,2019,12.371
tuv,2020,12.138
tuv,2021,12.567
tuv,2022,13.424
tuv,2023,14.471
tuv,2024,15.978
tuv,2025,16.945
tuv,2026,17.567
tuv,2027,18.346
tuv,2028,19.129
tuv,2029,20.383
tuv,2030,21.281
tuv,2031,21.877
tuv,2032,21.887
tuv,2033,22.519
tuv,2034,23.228
tuv,2035,23.887
tuv,2036,24.586
tuv,2037,25.297
tuv,2038,25.337
tuv,2039,26.114
tuv,2040,26.882
tuv,2041,27.676
tuv,2042,28.468
tuv,2043,29.389
tuv,2044,30.367
tuv,2045,31.23
tuv,2046,31.277
tuv,2047,32.175
tuv,2048,32.847
tuv,2049,33.722
tuv,2050,34.517
tuv,2051,35.2
tuv,2052,36.176
tuv,2053,37.094
tuv,2054,37.026
tuv,2055,38.03
tuv,2056,39.058
tuv,2057,40.456
tuv,2058,41.598
tuv,2059,42.696
tuv,2060,44.173
tuv,2061,44.144
tuv,2062,45.3
tuv,2063,46.493
tuv,2064,47.87
tuv,2065,49.101
tuv,2066,50.315
tuv,2067,51.702
tuv,2068,53.255
tuv,2069,53.094
tuv,2070,54.385
tuv,2071,55.687
tuv,2072,56.964
tuv,2073,58.518
tuv,2074,59.857
tuv,2075,59.513
tuv,2076,60.794
tuv,2077,62.156
tuv,2078,63.611
tuv,2079,64.864
tuv,2080,65.597
tuv,2081,64.992
tuv,2082,66.005
tuv,2083,67.577
tuv,2084,69.062
tuv,2085,70.693
tuv,2086,70.014
tuv,2087,71.883
tuv,2088,73.415
tuv,2089,75.144
tuv,2090,77.07
tuv,2091,76.489
tuv,2092,77.95
tuv,2093,79.785
tuv,2094,81.635
tuv,2095,81.718
tuv,2096,83.421
tuv,2097,85.469
tuv,2098,87.386
tuv,2099,86.34
tuv,2100,88.267
uga,1800,1.626
uga,1801,1.626
uga,1802,1.626
uga,1803,1.626
uga,1804,1.626
uga,1805,1.626
uga,1806,1.626
uga,1807,1.626
uga,1808,1.626
uga,1809,1.626
uga,1810,1.626
uga,1811,1.626
uga,1812,1.626
uga,1813,1.626
uga,1814,1.626
uga,1815,1.626
uga,1816,1.626
uga,1817,1.626
uga,1818,1.626
uga,1819,1.626
uga,1820,1.626
uga,1821,1.626
uga,1822,1.626
uga,1823,1.626
uga,1824,1.626
uga,1825,1.672
uga,1826,1.672
uga,1827,1.672
uga,1828,1.672
uga,1829,1.672
uga,1830,1.719
uga,1831,1.719
uga,1832,1.719
uga,1833,1.719
uga,1834,1.719
uga,1835,1.719
uga,1836,1.767
uga,1837,1.767
uga,1838,1.767
uga,1839,1.767
uga,1840,1.767
uga,1841,1.767
uga,1842,1.817
uga,1843,1.817
uga,1844,1.817
uga,1845,1.817
uga,1846,1.817
uga,1847,1.868
uga,1848,1.868
uga,1849,1.868
uga,1850,1.868
uga,1851,1.868
uga,1852,1.868
uga,1853,1.921
uga,1854,1.921
uga,1855,1.921
uga,1856,1.921
uga,1857,1.921
uga,1858,1.921
uga,1859,1.975
uga,1860,1.975
uga,1861,1.975
uga,1862,1.975
uga,1863,1.975
uga,1864,1.975
uga,1865,2.03
uga,1866,2.03
uga,1867,2.03
uga,1868,2.03
uga,1869,2.03
uga,1870,2.087
uga,1871,2.087
uga,1872,2.086
uga,1873,2.084
uga,1874,2.083
uga,1875,2.081
uga,1876,2.138
uga,1877,2.137
uga,1878,2.135
uga,1879,2.134
uga,1880,2.132
uga,1881,2.131
uga,1882,2.189
uga,1883,2.187
uga,1884,2.186
uga,1885,2.184
uga,1886,2.183
uga,1887,2.181
uga,1888,2.241
uga,1889,2.239
uga,1890,2.237
uga,1891,2.236
uga,1892,2.234
uga,1893,2.295
uga,1894,2.294
uga,1895,2.292
uga,1896,2.29
uga,1897,2.288
uga,1898,2.287
uga,1899,2.349
uga,1900,2.348
uga,1901,2.346
uga,1902,2.344
uga,1903,2.342
uga,1904,2.34
uga,1905,2.405
uga,1906,2.403
uga,1907,2.209
uga,1908,2.088
uga,1909,2.146
uga,1910,2.144
uga,1911,2.142
uga,1912,2.082
uga,1913,2.08
uga,1914,2.137
uga,1915,2.196
uga,1916,2.256
uga,1917,2.382
uga,1918,2.447
uga,1919,2.514
uga,1920,2.583
uga,1921,2.653
uga,1922,2.736
uga,1923,2.823
uga,1924,2.896
uga,1925,2.983
uga,1926,3.15
uga,1927,2.888
uga,1928,2.81
uga,1929,2.72
uga,1930,2.492
uga,1931,2.49
uga,1932,2.488
uga,1933,2.628
uga,1934,2.35
uga,1935,2.624
uga,1936,2.788
uga,1937,2.869
uga,1938,3.027
uga,1939,3.109
uga,1940,3.193
uga,1941,3.256
uga,1942,3.066
uga,1943,2.8
uga,1944,2.548
uga,1945,2.532
uga,1946,2.596
uga,1947,2.654
uga,1948,2.791
uga,1949,2.85
uga,1950,2.91
uga,1951,2.736
uga,1952,2.873
uga,1953,2.854
uga,1954,2.684
uga,1955,2.74
uga,1956,2.802
uga,1957,2.862
uga,1958,2.762
uga,1959,2.746
uga,1960,2.806
uga,1961,2.634
uga,1962,2.692
uga,1963,2.906
uga,1964,2.972
uga,1965,2.954
uga,1966,3.016
uga,1967,3.08
uga,1968,3.062
uga,1969,3.217
uga,1970,3.111
uga,1971,3.093
uga,1972,3.074
uga,1973,2.973
uga,1974,2.875
uga,1975,2.704
uga,1976,2.615
uga,1977,2.599
uga,1978,2.377
uga,1979,2.001
uga,1980,1.881
uga,1981,1.945
uga,1982,2.105
uga,1983,2.201
uga,1984,2.057
uga,1985,1.998
uga,1986,1.96
uga,1987,2.002
uga,1988,2.121
uga,1989,2.228
uga,1990,2.315
uga,1991,2.352
uga,1992,2.387
uga,1993,2.471
uga,1994,2.554
uga,1995,2.786
uga,1996,2.937
uga,1997,2.987
uga,1998,2.95
uga,1999,3.07
uga,2000,3.016
uga,2001,2.986
uga,2002,3.082
uga,2003,3.188
uga,2004,3.374
uga,2005,3.473
uga,2006,3.756
uga,2007,3.87
uga,2008,4.099
uga,2009,4.17
uga,2010,4.323
uga,2011,4.773
uga,2012,4.854
uga,2013,4.869
uga,2014,5.034
uga,2015,5.037
uga,2016,5.028
uga,2017,4.999
uga,2018,5.197
uga,2019,5.346
uga,2020,5.326
uga,2021,5.329
uga,2022,5.443
uga,2023,5.546
uga,2024,5.74
uga,2025,6.002
uga,2026,6.663
uga,2027,6.993
uga,2028,7.496
uga,2029,7.974
uga,2030,8.469
uga,2031,8.73
uga,2032,8.999
uga,2033,9.285
uga,2034,9.31
uga,2035,9.582
uga,2036,9.878
uga,2037,10.185
uga,2038,10.219
uga,2039,10.539
uga,2040,10.877
uga,2041,11.227
uga,2042,11.27
uga,2043,11.646
uga,2044,12.034
uga,2045,12.408
uga,2046,12.786
uga,2047,12.835
uga,2048,13.207
uga,2049,13.591
uga,2050,13.969
uga,2051,14.381
uga,2052,14.416
uga,2053,14.823
uga,2054,15.334
uga,2055,15.824
uga,2056,16.286
uga,2057,16.833
uga,2058,17.008
uga,2059,17.653
uga,2060,18.202
uga,2061,18.64
uga,2062,19.179
uga,2063,19.861
uga,2064,20.29
uga,2065,20.255
uga,2066,20.872
uga,2067,21.551
uga,2068,22.221
uga,2069,22.645
uga,2070,23.372
uga,2071,23.904
uga,2072,23.82
uga,2073,24.467
uga,2074,24.999
uga,2075,25.788
uga,2076,26.772
uga,2077,27.697
uga,2078,28.557
uga,2079,29.482
uga,2080,29.679
uga,2081,30.779
uga,2082,31.807
uga,2083,32.988
uga,2084,33.772
uga,2085,35.193
uga,2086,36.731
uga,2087,37.763
uga,2088,37.893
uga,2089,38.931
uga,2090,39.063
uga,2091,39.906
uga,2092,40.672
uga,2093,40.765
uga,2094,41.889
uga,2095,41.557
uga,2096,42.734
uga,2097,43.75
uga,2098,45.011
uga,2099,46.754
uga,2100,48.52
ukr,1800,2.324
ukr,1801,2.325
ukr,1802,2.325
ukr,1803,2.325
ukr,1804,2.325
ukr,1805,2.39
ukr,1806,2.39
ukr,1807,2.39
ukr,1808,2.39
ukr,1809,2.39
ukr,1810,2.39
ukr,1811,2.39
ukr,1812,2.39
ukr,1813,2.39
ukr,1814,2.457
ukr,1815,2.457
ukr,1816,2.457
ukr,1817,2.457
ukr,1818,2.457
ukr,1819,2.457
ukr,1820,2.457
ukr,1821,2.457
ukr,1822,2.457
ukr,1823,2.527
ukr,1824,2.527
ukr,1825,2.527
ukr,1826,2.527
ukr,1827,2.526
ukr,1828,2.526
ukr,1829,2.526
ukr,1830,2.527
ukr,1831,2.526
ukr,1832,2.598
ukr,1833,2.597
ukr,1834,2.598
ukr,1835,2.597
ukr,1836,2.597
ukr,1837,2.598
ukr,1838,2.598
ukr,1839,2.598
ukr,1840,2.598
ukr,1841,2.671
ukr,1842,2.671
ukr,1843,2.671
ukr,1844,2.671
ukr,1845,2.67
ukr,1846,2.67
ukr,1847,2.671
ukr,1848,2.67
ukr,1849,2.671
ukr,1850,2.746
ukr,1851,2.746
ukr,1852,2.746
ukr,1853,2.746
ukr,1854,2.746
ukr,1855,2.746
ukr,1856,2.746
ukr,1857,2.746
ukr,1858,2.746
ukr,1859,2.823
ukr,1860,2.823
ukr,1861,2.823
ukr,1862,2.823
ukr,1863,2.823
ukr,1864,2.823
ukr,1865,2.823
ukr,1866,2.823
ukr,1867,2.823
ukr,1868,2.903
ukr,1869,2.902
ukr,1870,2.902
ukr,1871,2.902
ukr,1872,2.908
ukr,1873,2.914
ukr,1874,2.92
ukr,1875,2.926
ukr,1876,3.014
ukr,1877,3.02
ukr,1878,3.025
ukr,1879,3.032
ukr,1880,3.038
ukr,1881,3.043
ukr,1882,3.049
ukr,1883,3.055
ukr,1884,3.061
ukr,1885,3.153
ukr,1886,3.339
ukr,1887,3.165
ukr,1888,3.745
ukr,1889,3.549
ukr,1890,3.364
ukr,1891,3.37
ukr,1892,3.022
ukr,1893,3.382
ukr,1894,3.786
ukr,1895,4.357
ukr,1896,4.016
ukr,1897,4.372
ukr,1898,4.26
ukr,1899,4.388
ukr,1900,4.777
ukr,1901,4.654
ukr,1902,4.794
ukr,1903,5.075
ukr,1904,4.809
ukr,1905,5.236
ukr,1906,4.694
ukr,1907,4.448
ukr,1908,4.333
ukr,1909,4.717
ukr,1910,4.858
ukr,1911,5.288
ukr,1912,4.874
ukr,1913,5.16
ukr,1914,5.463
ukr,1915,5.177
ukr,1916,5.331
ukr,1917,4.779
ukr,1918,4.167
ukr,1919,2.605
ukr,1920,2.209
ukr,1921,2.212
ukr,1922,2.039
ukr,1923,2.346
ukr,1924,2.774
ukr,1925,3.469
ukr,1926,4.337
ukr,1927,4.853
ukr,1928,5.137
ukr,1929,5.29
ukr,1930,5.446
ukr,1931,5.608
ukr,1932,5.774
ukr,1933,5.624
ukr,1934,5.79
ukr,1935,6.302
ukr,1936,7.249
ukr,1937,7.889
ukr,1938,8.35
ukr,1939,8.361
ukr,1940,8.85
ukr,1941,8.405
ukr,1942,8.438
ukr,1943,8.239
ukr,1944,8.27
ukr,1945,8.302
ukr,1946,8.107
ukr,1947,8.138
ukr,1948,9.384
ukr,1949,10.82
ukr,1950,11.803
ukr,1951,13.238
ukr,1952,13.288
ukr,1953,14.111
ukr,1954,14.574
ukr,1955,15.468
ukr,1956,16.873
ukr,1957,18.392
ukr,1958,18.454
ukr,1959,20.102
ukr,1960,19.614
ukr,1961,21.355
ukr,1962,22.661
ukr,1963,23.364
ukr,1964,22.173
ukr,1965,24.853
ukr,1966,26.355
ukr,1967,27.92
ukr,1968,28.818
ukr,1969,30.576
ukr,1970,30.684
ukr,1971,33.508
ukr,1972,33.609
ukr,1973,33.71
ukr,1974,36.739
ukr,1975,37.882
ukr,1976,39.054
ukr,1977,39.175
ukr,1978,40.401
ukr,1979,40.523
ukr,1980,41.791
ukr,1981,42.506
ukr,1982,44.44
ukr,1983,46.366
ukr,1984,47.613
ukr,1985,47.337
ukr,1986,48.016
ukr,1987,49.881
ukr,1988,50.343
ukr,1989,52.769
ukr,1990,50.819
ukr,1991,46.71
ukr,1992,42.395
ukr,1993,36.142
ukr,1994,26.096
ukr,1995,22.733
ukr,1996,21.918
ukr,1997,22.044
ukr,1998,22.1
ukr,1999,23.605
ukr,2000,24.515
ukr,2001,27.584
ukr,2002,29.855
ukr,2003,32.988
ukr,2004,37.022
ukr,2005,39.353
ukr,2006,42.298
ukr,2007,47.602
ukr,2008,49.218
ukr,2009,42.665
ukr,2010,45.017
ukr,2011,47.842
ukr,2012,47.791
ukr,2013,48.205
ukr,2014,45.469
ukr,2015,40.719
ukr,2016,42.326
ukr,2017,43.549
ukr,2018,44.62
ukr,2019,45.99
ukr,2020,44.84
ukr,2021,46.772
ukr,2022,34.61
ukr,2023,42.119
ukr,2024,43.887
ukr,2025,43.732
ukr,2026,40.616
ukr,2027,42.87
ukr,2028,46.616
ukr,2029,49.293
ukr,2030,53.862
ukr,2031,55.383
ukr,2032,56.938
ukr,2033,58.518
ukr,2034,58.491
ukr,2035,60.202
ukr,2036,61.975
ukr,2037,63.777
ukr,2038,65.606
ukr,2039,67.392
ukr,2040,69.242
ukr,2041,69.051
ukr,2042,70.772
ukr,2043,72.452
ukr,2044,74.237
ukr,2045,76.004
ukr,2046,78.018
ukr,2047,80.071
ukr,2048,82.242
ukr,2049,82.299
ukr,2050,84.635
ukr,2051,87.037
ukr,2052,89.282
ukr,2053,92.019
ukr,2054,94.464
ukr,2055,96.906
ukr,2056,96.861
ukr,2057,99.375
ukr,2058,102.022
ukr,2059,104.443
ukr,2060,107.221
ukr,2061,110.264
ukr,2062,112.994
ukr,2063,112.656
ukr,2064,115.375
ukr,2065,118.107
ukr,2066,121.252
ukr,2067,124.072
ukr,2068,123.701
ukr,2069,126.241
ukr,2070,129.26
ukr,2071,132.366
ukr,2072,135.381
ukr,2073,133.94
ukr,2074,136.213
ukr,2075,139.047
ukr,2076,142.359
ukr,2077,141.716
ukr,2078,145.08
ukr,2079,148.263
ukr,2080,151.615
ukr,2081,151.295
ukr,2082,154.674
ukr,2083,158.456
ukr,2084,162.404
ukr,2085,161.48
ukr,2086,164.782
ukr,2087,168.691
ukr,2088,172.688
ukr,2089,171.95
ukr,2090,176.279
ukr,2091,180.661
ukr,2092,180.04
ukr,2093,183.124
ukr,2094,187.082
ukr,2095,186.593
ukr,2096,190.259
ukr,2097,194.715
ukr,2098,193.336
ukr,2099,197.921
ukr,2100,198.14
are,1800,2.999
are,1801,3.083
are,1802,3.08
are,1803,3.079
are,1804,3.074
are,1805,3.074
are,1806,3.074
are,1807,3.078
are,1808,3.086
are,1809,3.16
are,1810,3.13
are,1811,3.13
are,1812,3.13
are,1813,3.113
are,1814,3.07
are,1815,3.069
are,1816,3.167
are,1817,3.167
are,1818,3.144
are,1819,3.134
are,1820,3.134
are,1821,3.172
are,1822,3.161
are,1823,3.252
are,1824,3.252
are,1825,3.274
are,1826,3.28
are,1827,3.275
are,1828,3.275
are,1829,3.251
are,1830,3.268
are,1831,3.343
are,1832,3.321
are,1833,3.311
are,1834,3.312
are,1835,3.312
are,1836,3.285
are,1837,3.253
are,1838,3.375
are,1839,3.384
are,1840,3.384
are,1841,3.418
are,1842,3.389
are,1843,3.389
are,1844,3.389
are,1845,3.393
are,1846,3.461
are,1847,3.475
are,1848,3.479
are,1849,3.47
are,1850,3.47
are,1851,3.489
are,1852,3.482
are,1853,3.57
are,1854,3.552
are,1855,3.552
are,1856,3.561
are,1857,3.562
are,1858,3.556
are,1859,3.58
are,1860,3.598
are,1861,3.688
are,1862,3.688
are,1863,3.688
are,1864,3.705
are,1865,3.681
are,1866,3.637
are,1867,3.628
are,1868,3.705
are,1869,3.709
are,1870,3.709
are,1871,3.697
are,1872,3.807
are,1873,3.842
are,1874,3.964
are,1875,3.934
are,1876,4.102
are,1877,4.125
are,1878,4.306
are,1879,4.439
are,1880,4.437
are,1881,4.651
are,1882,4.689
are,1883,4.891
are,1884,4.928
are,1885,5.071
are,1886,5.056
are,1887,5.199
are,1888,5.24
are,1889,5.392
are,1890,5.319
are,1891,5.442
are,1892,5.388
are,1893,5.503
are,1894,5.548
are,1895,5.688
are,1896,5.658
are,1897,5.802
are,1898,5.776
are,1899,6.037
are,1900,6.281
are,1901,6.258
are,1902,6.413
are,1903,6.482
are,1904,6.673
are,1905,6.812
are,1906,7.178
are,1907,7.247
are,1908,7.432
are,1909,7.358
are,1910,7.529
are,1911,7.457
are,1912,7.697
are,1913,7.813
are,1914,7.536
are,1915,7.116
are,1916,6.414
are,1917,6.053
are,1918,5.669
are,1919,6.037
are,1920,6.454
are,1921,7.092
are,1922,7.466
are,1923,7.47
are,1924,7.258
are,1925,7.285
are,1926,7.09
are,1927,7.014
are,1928,6.634
are,1929,6.031
are,1930,5.527
are,1931,5.302
are,1932,4.865
are,1933,4.391
are,1934,3.992
are,1935,3.985
are,1936,3.874
are,1937,3.883
are,1938,3.804
are,1939,3.808
are,1940,3.698
are,1941,3.675
are,1942,3.752
are,1943,3.723
are,1944,3.699
are,1945,3.748
are,1946,3.826
are,1947,3.915
are,1948,3.995
are,1949,4.094
are,1950,4.179
are,1951,4.284
are,1952,4.391
are,1953,4.478
are,1954,4.564
are,1955,4.662
are,1956,4.737
are,1957,4.816
are,1958,5.502
are,1959,6.323
are,1960,7.004
are,1961,7.919
are,1962,9.06
are,1963,11.985
are,1964,20.727
are,1965,35.09
are,1966,60.525
are,1967,105.337
are,1968,126.781
are,1969,157.104
are,1970,178.826
are,1971,177.289
are,1972,175.765
are,1973,174.2
are,1974,187.698
are,1975,171.269
are,1976,169.763
are,1977,177.901
are,1978,153.582
are,1979,170.088
are,1980,199.234
are,1981,199.74
are,1982,181.435
are,1983,171.158
are,1984,172.334
are,1985,164.357
are,1986,128.701
are,1987,132.622
are,1988,118.03
are,1989,134.259
are,1990,166.375
are,1991,165.861
are,1992,168.21
are,1993,168.153
are,1994,177.358
are,1995,186.294
are,1996,188.58
are,1997,191.441
are,1998,180.753
are,1999,175.381
are,2000,183.184
are,2001,175.887
are,2002,170.203
are,2003,174.861
are,2004,180.675
are,2005,183.4
are,2006,199.868
are,2007,196.53
are,2008,192.474
are,2009,184.151
are,2010,189.016
are,2011,189.579
are,2012,177.821
are,2013,179.613
are,2014,174.193
are,2015,216.41
are,2016,215.425
are,2017,194.411
are,2018,182.887
are,2019,176.665
are,2020,193.182
are,2021,192.447
are,2022,208.658
are,2023,224.722
are,2024,218.037
are,2025,227.229
are,2026,248.61
are,2027,259.441
are,2028,262.524
are,2029,263.931
are,2030,263.77
are,2031,262.898
are,2032,262.043
are,2033,268.545
are,2034,267.693
are,2035,266.856
are,2036,266.032
are,2037,265.221
are,2038,264.423
are,2039,263.824
are,2040,263.06
are,2041,262.309
are,2042,261.57
are,2043,260.841
are,2044,260.123
are,2045,259.415
are,2046,258.717
are,2047,258.029
are,2048,257.349
are,2049,256.681
are,2050,256.02
are,2051,255.368
are,2052,254.91
are,2053,254.265
are,2054,253.63
are,2055,253.003
are,2056,252.384
are,2057,251.769
are,2058,258.224
are,2059,257.607
are,2060,256.998
are,2061,256.396
are,2062,255.802
are,2063,255.191
are,2064,254.608
are,2065,254.029
are,2066,253.456
are,2067,252.891
are,2068,252.329
are,2069,251.774
are,2070,251.223
are,2071,250.676
are,2072,250.135
are,2073,249.686
are,2074,249.154
are,2075,248.824
are,2076,248.291
are,2077,247.762
are,2078,247.236
are,2079,246.717
are,2080,246.2
are,2081,245.687
are,2082,245.178
are,2083,244.671
are,2084,244.167
are,2085,243.667
are,2086,243.169
are,2087,242.675
are,2088,242.183
are,2089,241.695
are,2090,241.209
are,2091,240.726
are,2092,240.245
are,2093,239.768
are,2094,239.29
are,2095,238.815
are,2096,238.524
are,2097,238.043
are,2098,237.561
are,2099,237.082
are,2100,236.606
gbr,1800,10.841
gbr,1801,10.841
gbr,1802,10.841
gbr,1803,10.544
gbr,1804,10.326
gbr,1805,10.841
gbr,1806,10.544
gbr,1807,11.146
gbr,1808,10.544
gbr,1809,10.544
gbr,1810,11.146
gbr,1811,10.841
gbr,1812,10.326
gbr,1813,10.841
gbr,1814,10.326
gbr,1815,11.146
gbr,1816,10.544
gbr,1817,10.544
gbr,1818,10.327
gbr,1819,10.204
gbr,1820,10.545
gbr,1821,10.545
gbr,1822,10.544
gbr,1823,10.841
gbr,1824,11.146
gbr,1825,11.459
gbr,1826,10.545
gbr,1827,11.146
gbr,1828,11.146
gbr,1829,11.146
gbr,1830,11.459
gbr,1831,11.459
gbr,1832,11.459
gbr,1833,11.459
gbr,1834,11.781
gbr,1835,12.608
gbr,1836,12.963
gbr,1837,12.609
gbr,1838,12.963
gbr,1839,12.608
gbr,1840,12.99
gbr,1841,12.608
gbr,1842,12.178
gbr,1843,12.963
gbr,1844,13.651
gbr,1845,14.035
gbr,1846,14.035
gbr,1847,13.651
gbr,1848,14.035
gbr,1849,14.415
gbr,1850,14.034
gbr,1851,14.415
gbr,1852,14.995
gbr,1853,15.416
gbr,1854,16.201
gbr,1855,15.417
gbr,1856,16.259
gbr,1857,16.259
gbr,1858,15.758
gbr,1859,16.26
gbr,1860,16.717
gbr,1861,16.259
gbr,1862,15.416
gbr,1863,16.717
gbr,1864,17.187
gbr,1865,17.855
gbr,1866,17.781
gbr,1867,17.855
gbr,1868,18.938
gbr,1869,18.938
gbr,1870,19.489
gbr,1871,19.489
gbr,1872,18.978
gbr,1873,19.533
gbr,1874,19.636
gbr,1875,19.69
gbr,1876,19.734
gbr,1877,19.698
gbr,1878,19.719
gbr,1879,19.124
gbr,1880,20.371
gbr,1881,20.945
gbr,1882,21.032
gbr,1883,21.051
gbr,1884,21.006
gbr,1885,21.027
gbr,1886,21.047
gbr,1887,21.831
gbr,1888,22.386
gbr,1889,23.786
gbr,1890,23.744
gbr,1891,23.115
gbr,1892,22.393
gbr,1893,22.415
gbr,1894,23.825
gbr,1895,23.962
gbr,1896,24.712
gbr,1897,24.497
gbr,1898,26.027
gbr,1899,26.921
gbr,1900,26.113
gbr,1901,26.09
gbr,1902,26.186
gbr,1903,26.131
gbr,1904,26.12
gbr,1905,26.211
gbr,1906,27.051
gbr,1907,27.257
gbr,1908,26.201
gbr,1909,26.256
gbr,1910,27.123
gbr,1911,28.083
gbr,1912,28.098
gbr,1913,29.17
gbr,1914,29.051
gbr,1915,30.985
gbr,1916,30.964
gbr,1917,30.971
gbr,1918,31.006
gbr,1919,26.474
gbr,1920,24.388
gbr,1921,23.659
gbr,1922,25.751
gbr,1923,26.52
gbr,1924,27.493
gbr,1925,29.278
gbr,1926,28.293
gbr,1927,30.218
gbr,1928,31.043
gbr,1929,31.002
gbr,1930,31.064
gbr,1931,29.244
gbr,1932,29.337
gbr,1933,30.254
gbr,1934,31.875
gbr,1935,32.638
gbr,1936,34.618
gbr,1937,35.568
gbr,1938,35.568
gbr,1939,35.582
gbr,1940,38.704
gbr,1941,42.897
gbr,1942,42.706
gbr,1943,43.65
gbr,1944,41.01
gbr,1945,38.634
gbr,1946,37.314
gbr,1947,36.081
gbr,1948,36.878
gbr,1949,37.731
gbr,1950,37.508
gbr,1951,38.319
gbr,1952,38.093
gbr,1953,38.905
gbr,1954,39.756
gbr,1955,40.637
gbr,1956,41.536
gbr,1957,41.264
gbr,1958,41.024
gbr,1959,41.925
gbr,1960,42.918
gbr,1961,43.848
gbr,1962,43.582
gbr,1963,44.507
gbr,1964,46.735
gbr,1965,47.773
gbr,1966,47.486
gbr,1967,48.527
gbr,1968,49.536
gbr,1969,50.617
gbr,1970,50.319
gbr,1971,51.48
gbr,1972,52.541
gbr,1973,55.176
gbr,1974,54.865
gbr,1975,53.079
gbr,1976,54.247
gbr,1977,55.451
gbr,1978,58.269
gbr,1979,59.562
gbr,1980,57.597
gbr,1981,59.53
gbr,1982,62.743
gbr,1983,66.286
gbr,1984,69.923
gbr,1985,72.154
gbr,1986,74.561
gbr,1987,76.592
gbr,1988,82.105
gbr,1989,87.8
gbr,1990,86.991
gbr,1991,86.981
gbr,1992,88.179
gbr,1993,90.208
gbr,1994,91.45
gbr,1995,93.942
gbr,1996,96.798
gbr,1997,101.133
gbr,1998,101.771
gbr,1999,104.433
gbr,2000,104.816
gbr,2001,109.193
gbr,2002,115.065
gbr,2003,118.914
gbr,2004,120.387
gbr,2005,123.13
gbr,2006,124.221
gbr,2007,130.044
gbr,2008,126.31
gbr,2009,119.441
gbr,2010,123.472
gbr,2011,124.952
gbr,2012,125.708
gbr,2013,127.864
gbr,2014,131.019
gbr,2015,133.914
gbr,2016,135.315
gbr,2017,139.573
gbr,2018,138.882
gbr,2019,144.212
gbr,2020,126.353
gbr,2021,138.792
gbr,2022,142.328
gbr,2023,140.262
gbr,2024,139.725
gbr,2025,142.116
gbr,2026,149.273
gbr,2027,150.656
gbr,2028,155.913
gbr,2029,160.748
gbr,2030,164.821
gbr,2031,168.294
gbr,2032,167.147
gbr,2033,166.084
gbr,2034,169.583
gbr,2035,168.513
gbr,2036,172.157
gbr,2037,171.084
gbr,2038,169.967
gbr,2039,173.551
gbr,2040,172.497
gbr,2041,171.407
gbr,2042,175.175
gbr,2043,174.151
gbr,2044,178.003
gbr,2045,176.968
gbr,2046,175.959
gbr,2047,179.963
gbr,2048,178.983
gbr,2049,178.0
gbr,2050,177.049
gbr,2051,181.051
gbr,2052,180.076
gbr,2053,179.136
gbr,2054,183.222
gbr,2055,182.289
gbr,2056,181.292
gbr,2057,185.459
gbr,2058,184.536
gbr,2059,183.642
gbr,2060,182.762
gbr,2061,187.011
gbr,2062,186.138
gbr,2063,185.281
gbr,2064,184.44
gbr,2065,188.706
gbr,2066,187.869
gbr,2067,187.048
gbr,2068,186.238
gbr,2069,185.351
gbr,2070,189.589
gbr,2071,188.796
gbr,2072,188.016
gbr,2073,187.317
gbr,2074,186.546
gbr,2075,191.044
gbr,2076,190.296
gbr,2077,189.56
gbr,2078,188.837
gbr,2079,188.113
gbr,2080,192.39
gbr,2081,191.556
gbr,2082,190.854
gbr,2083,190.163
gbr,2084,189.417
gbr,2085,188.748
gbr,2086,193.378
gbr,2087,192.792
gbr,2088,192.136
gbr,2089,191.491
gbr,2090,190.875
gbr,2091,190.251
gbr,2092,189.637
gbr,2093,194.455
gbr,2094,193.843
gbr,2095,193.235
gbr,2096,192.642
gbr,2097,192.059
gbr,2098,191.355
gbr,2099,190.784
gbr,2100,190.221
usa,1800,7.467
usa,1801,7.349
usa,1802,7.656
usa,1803,7.349
usa,1804,7.349
usa,1805,7.656
usa,1806,7.859
usa,1807,7.841
usa,1808,7.552
usa,1809,7.656
usa,1810,7.884
usa,1811,8.046
usa,1812,7.884
usa,1813,8.026
usa,1814,8.088
usa,1815,8.088
usa,1816,7.859
usa,1817,7.851
usa,1818,7.859
usa,1819,7.859
usa,1820,7.877
usa,1821,7.841
usa,1822,8.046
usa,1823,8.026
usa,1824,8.332
usa,1825,8.183
usa,1826,8.381
usa,1827,8.38
usa,1828,8.38
usa,1829,8.332
usa,1830,8.663
usa,1831,9.297
usa,1832,10.023
usa,1833,10.538
usa,1834,9.722
usa,1835,10.243
usa,1836,10.589
usa,1837,10.05
usa,1838,10.015
usa,1839,10.66
usa,1840,9.713
usa,1841,9.592
usa,1842,9.297
usa,1843,9.732
usa,1844,10.537
usa,1845,10.684
usa,1846,11.085
usa,1847,11.492
usa,1848,11.495
usa,1849,11.177
usa,1850,11.523
usa,1851,11.894
usa,1852,12.305
usa,1853,12.741
usa,1854,12.741
usa,1855,12.785
usa,1856,12.741
usa,1857,12.435
usa,1858,12.826
usa,1859,13.094
usa,1860,13.366
usa,1861,13.094
usa,1862,13.653
usa,1863,14.784
usa,1864,16.046
usa,1865,14.296
usa,1866,14.205
usa,1867,14.817
usa,1868,15.234
usa,1869,16.736
usa,1870,15.234
usa,1871,16.761
usa,1872,17.055
usa,1873,17.663
usa,1874,17.057
usa,1875,17.54
usa,1876,17.55
usa,1877,17.585
usa,1878,17.794
usa,1879,18.71
usa,1880,20.603
usa,1881,20.782
usa,1882,21.241
usa,1883,21.257
usa,1884,21.606
usa,1885,20.572
usa,1886,20.772
usa,1887,21.242
usa,1888,20.857
usa,1889,21.758
usa,1890,21.843
usa,1891,21.73
usa,1892,23.263
usa,1893,21.626
usa,1894,21.639
usa,1895,22.511
usa,1896,22.251
usa,1897,23.417
usa,1898,23.507
usa,1899,26.462
usa,1900,26.693
usa,1901,30.222
usa,1902,30.188
usa,1903,31.3
usa,1904,30.137
usa,1905,32.251
usa,1906,37.249
usa,1907,37.202
usa,1908,31.236
usa,1909,35.939
usa,1910,35.757
usa,1911,35.758
usa,1912,36.969
usa,1913,38.08
usa,1914,32.017
usa,1915,32.287
usa,1916,37.699
usa,1917,35.6
usa,1918,38.279
usa,1919,38.239
usa,1920,37.731
usa,1921,35.439
usa,1922,36.552
usa,1923,39.132
usa,1924,38.855
usa,1925,38.896
usa,1926,40.231
usa,1927,39.109
usa,1928,39.263
usa,1929,40.941
usa,1930,38.69
usa,1931,36.079
usa,1932,29.025
usa,1933,27.067
usa,1934,30.022
usa,1935,34.708
usa,1936,37.228
usa,1937,39.508
usa,1938,37.158
usa,1939,38.568
usa,1940,41.158
usa,1941,46.826
usa,1942,51.102
usa,1943,55.432
usa,1944,58.293
usa,1945,55.925
usa,1946,49.719
usa,1947,47.883
usa,1948,48.936
usa,1949,45.909
usa,1950,49.5
usa,1951,52.158
usa,1952,53.198
usa,1953,52.75
usa,1954,52.418
usa,1955,53.651
usa,1956,53.247
usa,1957,52.846
usa,1958,50.854
usa,1959,53.491
usa,1960,54.562
usa,1961,54.155
usa,1962,55.29
usa,1963,56.284
usa,1964,59.09
usa,1965,60.161
usa,1966,63.081
usa,1967,64.405
usa,1968,65.477
usa,1969,66.867
usa,1970,64.679
usa,1971,66.002
usa,1972,69.315
usa,1973,70.804
usa,1974,70.413
usa,1975,68.079
usa,1976,71.501
usa,1977,73.08
usa,1978,76.8
usa,1979,76.34
usa,1980,75.895
usa,1981,78.459
usa,1982,77.685
usa,1983,81.765
usa,1984,88.726
usa,1985,92.264
usa,1986,95.506
usa,1987,99.972
usa,1988,103.911
usa,1989,108.088
usa,1990,111.962
usa,1991,110.976
usa,1992,112.101
usa,1993,109.72
usa,1994,112.541
usa,1995,114.096
usa,1996,115.941
usa,1997,119.531
usa,1998,125.017
usa,1999,128.905
usa,2000,131.407
usa,2001,130.22
usa,2002,132.617
usa,2003,133.564
usa,2004,137.253
usa,2005,138.758
usa,2006,140.238
usa,2007,143.105
usa,2008,141.899
usa,2009,136.402
usa,2010,141.014
usa,2011,139.044
usa,2012,141.744
usa,2013,143.132
usa,2014,141.888
usa,2015,146.17
usa,2016,148.928
usa,2017,152.767
usa,2018,153.882
usa,2019,156.512
usa,2020,154.859
usa,2021,165.038
usa,2022,166.011
usa,2023,170.804
usa,2024,173.241
usa,2025,179.797
usa,2026,190.181
usa,2027,192.543
usa,2028,200.087
usa,2029,206.597
usa,2030,211.769
usa,2031,209.96
usa,2032,208.586
usa,2033,207.025
usa,2034,211.294
usa,2035,209.801
usa,2036,208.336
usa,2037,206.667
usa,2038,205.526
usa,2039,204.189
usa,2040,208.591
usa,2041,207.291
usa,2042,206.439
usa,2043,205.222
usa,2044,204.037
usa,2045,202.883
usa,2046,201.76
usa,2047,206.309
usa,2048,205.192
usa,2049,204.127
usa,2050,203.223
usa,2051,202.216
usa,2052,201.235
usa,2053,200.28
usa,2054,199.18
usa,2055,203.842
usa,2056,202.93
usa,2057,202.474
usa,2058,201.617
usa,2059,200.657
usa,2060,199.689
usa,2061,198.892
usa,2062,198.115
usa,2063,197.357
usa,2064,202.185
usa,2065,201.443
usa,2066,200.721
usa,2067,200.103
usa,2068,199.415
usa,2069,198.746
usa,2070,198.094
usa,2071,198.563
usa,2072,197.961
usa,2073,197.366
usa,2074,196.8
usa,2075,196.241
usa,2076,201.198
usa,2077,200.651
usa,2078,200.328
usa,2079,199.807
usa,2080,199.298
usa,2081,198.52
usa,2082,198.032
usa,2083,197.557
usa,2084,197.093
usa,2085,196.641
usa,2086,196.199
usa,2087,195.77
usa,2088,195.35
usa,2089,194.65
usa,2090,194.246
usa,2091,193.852
usa,2092,198.906
usa,2093,198.521
usa,2094,198.144
usa,2095,197.777
usa,2096,197.418
usa,2097,197.068
usa,2098,196.726
usa,2099,196.393
usa,2100,196.068
ury,1800,5.579
ury,1801,5.579
ury,1802,5.579
ury,1803,5.736
ury,1804,5.736
ury,1805,5.736
ury,1806,5.736
ury,1807,5.736
ury,1808,5.736
ury,1809,5.736
ury,1810,5.736
ury,1811,5.897
ury,1812,5.897
ury,1813,5.897
ury,1814,5.898
ury,1815,5.897
ury,1816,5.898
ury,1817,5.898
ury,1818,6.063
ury,1819,6.063
ury,1820,6.107
ury,1821,6.107
ury,1822,6.146
ury,1823,6.326
ury,1824,6.325
ury,1825,6.33
ury,1826,6.33
ury,1827,6.508
ury,1828,6.509
ury,1829,6.508
ury,1830,6.538
ury,1831,6.721
ury,1832,6.722
ury,1833,6.722
ury,1834,6.893
ury,1835,6.893
ury,1836,6.894
ury,1837,6.893
ury,1838,7.087
ury,1839,7.087
ury,1840,7.079
ury,1841,7.128
ury,1842,7.337
ury,1843,7.264
ury,1844,7.275
ury,1845,7.276
ury,1846,7.477
ury,1847,7.445
ury,1848,7.469
ury,1849,7.433
ury,1850,7.642
ury,1851,7.666
ury,1852,7.923
ury,1853,8.073
ury,1854,8.232
ury,1855,8.195
ury,1856,8.475
ury,1857,8.676
ury,1858,8.672
ury,1859,8.819
ury,1860,8.819
ury,1861,9.162
ury,1862,9.227
ury,1863,9.331
ury,1864,9.534
ury,1865,9.56
ury,1866,9.779
ury,1867,10.035
ury,1868,10.391
ury,1869,10.246
ury,1870,10.441
ury,1871,10.441
ury,1872,13.143
ury,1873,13.82
ury,1874,11.089
ury,1875,9.526
ury,1876,10.412
ury,1877,10.04
ury,1878,10.486
ury,1879,9.227
ury,1880,10.054
ury,1881,9.262
ury,1882,9.827
ury,1883,11.585
ury,1884,11.274
ury,1885,13.284
ury,1886,13.774
ury,1887,10.544
ury,1888,14.311
ury,1889,12.183
ury,1890,10.565
ury,1891,10.571
ury,1892,10.577
ury,1893,11.323
ury,1894,12.57
ury,1895,12.075
ury,1896,12.206
ury,1897,11.663
ury,1898,10.145
ury,1899,10.511
ury,1900,9.909
ury,1901,10.52
ury,1902,11.748
ury,1903,11.753
ury,1904,11.758
ury,1905,9.933
ury,1906,11.349
ury,1907,12.133
ury,1908,13.264
ury,1909,13.264
ury,1910,13.722
ury,1911,13.72
ury,1912,15.64
ury,1913,15.048
ury,1914,11.089
ury,1915,10.584
ury,1916,10.241
ury,1917,11.382
ury,1918,11.389
ury,1919,14.187
ury,1920,10.599
ury,1921,10.612
ury,1922,11.491
ury,1923,12.3
ury,1924,12.735
ury,1925,12.677
ury,1926,14.156
ury,1927,15.555
ury,1928,15.627
ury,1929,15.592
ury,1930,18.17
ury,1931,14.962
ury,1932,13.723
ury,1933,12.337
ury,1934,14.527
ury,1935,14.954
ury,1936,14.949
ury,1937,15.274
ury,1938,15.978
ury,1939,15.984
ury,1940,15.23
ury,1941,15.972
ury,1942,14.765
ury,1943,14.278
ury,1944,15.687
ury,1945,16.014
ury,1946,17.53
ury,1947,16.922
ury,1948,17.31
ury,1949,19.626
ury,1950,20.519
ury,1951,22.255
ury,1952,21.421
ury,1953,23.039
ury,1954,23.552
ury,1955,23.438
ury,1956,23.317
ury,1957,23.193
ury,1958,21.949
ury,1959,21.23
ury,1960,21.725
ury,1961,21.59
ury,1962,20.872
ury,1963,20.756
ury,1964,20.653
ury,1965,20.539
ury,1966,21.03
ury,1967,19.757
ury,1968,19.663
ury,1969,20.692
ury,1970,21.119
ury,1971,20.994
ury,1972,20.365
ury,1973,20.792
ury,1974,21.269
ury,1975,22.341
ury,1976,22.835
ury,1977,22.734
ury,1978,23.938
ury,1979,25.176
ury,1980,26.483
ury,1981,27.384
ury,1982,25.405
ury,1983,24.266
ury,1984,24.287
ury,1985,24.868
ury,1986,26.961
ury,1987,28.975
ury,1988,29.556
ury,1989,30.568
ury,1990,31.39
ury,1991,32.238
ury,1992,34.619
ury,1993,35.329
ury,1994,37.877
ury,1995,37.095
ury,1996,38.867
ury,1997,41.71
ury,1998,43.45
ury,1999,42.807
ury,2000,41.736
ury,2001,40.042
ury,2002,36.829
ury,2003,37.354
ury,2004,39.05
ury,2005,42.038
ury,2006,43.63
ury,2007,46.084
ury,2008,51.318
ury,2009,53.151
ury,2010,57.712
ury,2011,63.876
ury,2012,69.296
ury,2013,71.69
ury,2014,73.952
ury,2015,74.492
ury,2016,75.211
ury,2017,76.135
ury,2018,76.065
ury,2019,76.954
ury,2020,70.91
ury,2021,74.242
ury,2022,77.596
ury,2023,78.01
ury,2024,81.523
ury,2025,86.487
ury,2026,92.621
ury,2027,93.979
ury,2028,97.737
ury,2029,101.172
ury,2030,101.208
ury,2031,103.444
ury,2032,105.87
ury,2033,105.087
ury,2034,107.585
ury,2035,109.888
ury,2036,109.273
ury,2037,111.44
ury,2038,113.839
ury,2039,113.152
ury,2040,115.487
ury,2041,118.05
ury,2042,116.846
ury,2043,118.771
ury,2044,121.386
ury,2045,120.126
ury,2046,122.731
ury,2047,121.886
ury,2048,124.5
ury,2049,127.18
ury,2050,126.152
ury,2051,128.743
ury,2052,128.126
ury,2053,130.744
ury,2054,129.979
ury,2055,132.817
ury,2056,132.011
ury,2057,135.053
ury,2058,134.077
ury,2059,136.564
ury,2060,135.747
ury,2061,138.73
ury,2062,137.908
ury,2063,141.103
ury,2064,140.667
ury,2065,143.555
ury,2066,142.903
ury,2067,146.095
ury,2068,145.159
ury,2069,147.653
ury,2070,146.897
ury,2071,149.816
ury,2072,149.285
ury,2073,147.473
ury,2074,151.219
ury,2075,150.399
ury,2076,153.589
ury,2077,152.222
ury,2078,151.472
ury,2079,155.167
ury,2080,155.634
ury,2081,154.64
ury,2082,158.181
ury,2083,157.699
ury,2084,161.934
ury,2085,160.343
ury,2086,160.128
ury,2087,163.866
ury,2088,163.221
ury,2089,163.523
ury,2090,167.383
ury,2091,166.661
ury,2092,166.661
ury,2093,166.21
ury,2094,169.84
ury,2095,170.047
ury,2096,168.25
ury,2097,172.536
ury,2098,171.863
ury,2099,171.203
ury,2100,168.968
uzb,1800,1.611
uzb,1801,1.611
uzb,1802,1.611
uzb,1803,1.611
uzb,1804,1.611
uzb,1805,1.611
uzb,1806,1.611
uzb,1807,1.611
uzb,1808,1.611
uzb,1809,1.611
uzb,1810,1.611
uzb,1811,1.611
uzb,1812,1.611
uzb,1813,1.611
uzb,1814,1.611
uzb,1815,1.611
uzb,1816,1.611
uzb,1817,1.611
uzb,1818,1.611
uzb,1819,1.611
uzb,1820,1.611
uzb,1821,1.611
uzb,1822,1.611
uzb,1823,1.611
uzb,1824,1.611
uzb,1825,1.611
uzb,1826,1.611
uzb,1827,1.611
uzb,1828,1.611
uzb,1829,1.611
uzb,1830,1.611
uzb,1831,1.611
uzb,1832,1.611
uzb,1833,1.611
uzb,1834,1.611
uzb,1835,1.611
uzb,1836,1.611
uzb,1837,1.656
uzb,1838,1.656
uzb,1839,1.656
uzb,1840,1.656
uzb,1841,1.656
uzb,1842,1.656
uzb,1843,1.656
uzb,1844,1.703
uzb,1845,1.703
uzb,1846,1.703
uzb,1847,1.703
uzb,1848,1.703
uzb,1849,1.703
uzb,1850,1.703
uzb,1851,1.751
uzb,1852,1.751
uzb,1853,1.75
uzb,1854,1.751
uzb,1855,1.75
uzb,1856,1.8
uzb,1857,1.8
uzb,1858,1.8
uzb,1859,1.8
uzb,1860,1.8
uzb,1861,1.8
uzb,1862,1.85
uzb,1863,1.851
uzb,1864,1.85
uzb,1865,1.85
uzb,1866,1.85
uzb,1867,1.902
uzb,1868,1.903
uzb,1869,1.902
uzb,1870,1.903
uzb,1871,1.902
uzb,1872,1.953
uzb,1873,1.949
uzb,1874,1.946
uzb,1875,1.943
uzb,1876,1.995
uzb,1877,1.991
uzb,1878,1.988
uzb,1879,1.985
uzb,1880,2.037
uzb,1881,2.034
uzb,1882,2.031
uzb,1883,2.027
uzb,1884,2.081
uzb,1885,2.077
uzb,1886,2.017
uzb,1887,2.313
uzb,1888,2.246
uzb,1889,2.063
uzb,1890,2.06
uzb,1891,1.893
uzb,1892,2.053
uzb,1893,2.354
uzb,1894,2.626
uzb,1895,2.48
uzb,1896,2.691
uzb,1897,2.686
uzb,1898,2.757
uzb,1899,2.909
uzb,1900,2.824
uzb,1901,2.899
uzb,1902,3.145
uzb,1903,2.889
uzb,1904,3.222
uzb,1905,2.878
uzb,1906,2.718
uzb,1907,2.639
uzb,1908,2.863
uzb,1909,2.939
uzb,1910,3.188
uzb,1911,2.928
uzb,1912,3.176
uzb,1913,3.26
uzb,1914,3.165
uzb,1915,3.248
uzb,1916,3.242
uzb,1917,2.817
uzb,1918,2.448
uzb,1919,2.069
uzb,1920,1.954
uzb,1921,1.897
uzb,1922,2.001
uzb,1923,2.171
uzb,1924,2.355
uzb,1925,2.555
uzb,1926,2.771
uzb,1927,2.924
uzb,1928,3.171
uzb,1929,3.254
uzb,1930,3.434
uzb,1931,3.427
uzb,1932,3.42
uzb,1933,3.51
uzb,1934,3.807
uzb,1935,4.365
uzb,1936,4.734
uzb,1937,5.135
uzb,1938,5.126
uzb,1939,5.26
uzb,1940,5.106
uzb,1941,4.956
uzb,1942,4.811
uzb,1943,4.67
uzb,1944,4.661
uzb,1945,4.524
uzb,1946,4.514
uzb,1947,5.034
uzb,1948,5.77
uzb,1949,6.257
uzb,1950,6.977
uzb,1951,6.963
uzb,1952,7.344
uzb,1953,7.535
uzb,1954,7.731
uzb,1955,8.384
uzb,1956,9.093
uzb,1957,9.074
uzb,1958,9.841
uzb,1959,9.551
uzb,1960,10.358
uzb,1961,10.627
uzb,1962,10.613
uzb,1963,10.312
uzb,1964,11.527
uzb,1965,11.838
uzb,1966,12.162
uzb,1967,12.487
uzb,1968,13.193
uzb,1969,13.176
uzb,1970,13.897
uzb,1971,13.876
uzb,1972,13.863
uzb,1973,14.634
uzb,1974,14.223
uzb,1975,13.814
uzb,1976,13.422
uzb,1977,13.039
uzb,1978,12.668
uzb,1979,12.651
uzb,1980,12.29
uzb,1981,12.104
uzb,1982,12.08
uzb,1983,12.047
uzb,1984,11.159
uzb,1985,11.025
uzb,1986,10.513
uzb,1987,10.064
uzb,1988,10.547
uzb,1989,10.424
uzb,1990,9.839
uzb,1991,9.391
uzb,1992,8.019
uzb,1993,7.532
uzb,1994,6.921
uzb,1995,6.623
uzb,1996,6.524
uzb,1997,6.668
uzb,1998,6.755
uzb,1999,6.558
uzb,2000,7.294
uzb,2001,7.398
uzb,2002,7.558
uzb,2003,7.629
uzb,2004,6.092
uzb,2005,5.353
uzb,2006,4.715
uzb,2007,4.301
uzb,2008,3.998
uzb,2009,3.876
uzb,2010,3.901
uzb,2011,3.954
uzb,2012,3.88
uzb,2013,16.273
uzb,2014,16.488
uzb,2015,16.849
uzb,2016,17.205
uzb,2017,17.531
uzb,2018,17.797
uzb,2019,18.54
uzb,2020,18.376
uzb,2021,19.117
uzb,2022,20.467
uzb,2023,24.588
uzb,2024,27.524
uzb,2025,29.585
uzb,2026,31.588
uzb,2027,32.957
uzb,2028,35.369
uzb,2029,36.621
uzb,2030,38.275
uzb,2031,39.331
uzb,2032,40.326
uzb,2033,41.339
uzb,2034,42.36
uzb,2035,42.216
uzb,2036,43.208
uzb,2037,44.3
uzb,2038,45.416
uzb,2039,46.6
uzb,2040,47.822
uzb,2041,49.212
uzb,2042,49.216
uzb,2043,50.614
uzb,2044,51.912
uzb,2045,53.518
uzb,2046,54.929
uzb,2047,56.338
uzb,2048,57.948
uzb,2049,57.772
uzb,2050,59.314
uzb,2051,60.697
uzb,2052,62.301
uzb,2053,64.092
uzb,2054,63.859
uzb,2055,65.434
uzb,2056,66.984
uzb,2057,68.529
uzb,2058,70.414
uzb,2059,69.989
uzb,2060,71.721
uzb,2061,73.124
uzb,2062,74.825
uzb,2063,76.616
uzb,2064,76.129
uzb,2065,77.526
uzb,2066,78.536
uzb,2067,80.449
uzb,2068,79.577
uzb,2069,81.477
uzb,2070,83.3
uzb,2071,82.926
uzb,2072,84.657
uzb,2073,86.529
uzb,2074,88.579
uzb,2075,88.232
uzb,2076,90.318
uzb,2077,92.587
uzb,2078,91.952
uzb,2079,93.778
uzb,2080,95.983
uzb,2081,95.55
uzb,2082,97.928
uzb,2083,100.472
uzb,2084,99.901
uzb,2085,102.398
uzb,2086,104.705
uzb,2087,103.625
uzb,2088,105.738
uzb,2089,104.798
uzb,2090,107.47
uzb,2091,109.977
uzb,2092,108.874
uzb,2093,111.662
uzb,2094,112.142
uzb,2095,114.592
uzb,2096,114.296
uzb,2097,116.806
uzb,2098,116.703
uzb,2099,119.53
uzb,2100,119.785
vut,1800,2.337
vut,1801,2.337
vut,1802,2.337
vut,1803,2.337
vut,1804,2.337
vut,1805,2.337
vut,1806,2.337
vut,1807,2.337
vut,1808,2.337
vut,1809,2.337
vut,1810,2.337
vut,1811,2.337
vut,1812,2.337
vut,1813,2.337
vut,1814,2.337
vut,1815,2.337
vut,1816,2.337
vut,1817,2.337
vut,1818,2.337
vut,1819,2.337
vut,1820,2.337
vut,1821,2.337
vut,1822,2.337
vut,1823,2.316
vut,1824,2.317
vut,1825,2.317
vut,1826,2.382
vut,1827,2.382
vut,1828,2.381
vut,1829,2.382
vut,1830,2.382
vut,1831,2.381
vut,1832,2.36
vut,1833,2.36
vut,1834,2.427
vut,1835,2.428
vut,1836,2.427
vut,1837,2.427
vut,1838,2.427
vut,1839,2.427
vut,1840,2.427
vut,1841,2.379
vut,1842,2.446
vut,1843,2.446
vut,1844,2.428
vut,1845,2.428
vut,1846,2.428
vut,1847,2.427
vut,1848,2.427
vut,1849,2.427
vut,1850,2.497
vut,1851,2.496
vut,1852,2.496
vut,1853,2.495
vut,1854,2.496
vut,1855,2.496
vut,1856,2.475
vut,1857,2.475
vut,1858,2.544
vut,1859,2.545
vut,1860,2.545
vut,1861,2.545
vut,1862,2.538
vut,1863,2.538
vut,1864,2.514
vut,1865,2.514
vut,1866,2.514
vut,1867,2.584
vut,1868,2.585
vut,1869,2.585
vut,1870,2.585
vut,1871,2.585
vut,1872,2.58
vut,1873,2.574
vut,1874,2.568
vut,1875,2.606
vut,1876,2.6
vut,1877,2.595
vut,1878,2.561
vut,1879,2.556
vut,1880,2.551
vut,1881,2.547
vut,1882,2.542
vut,1883,2.609
vut,1884,2.604
vut,1885,2.58
vut,1886,2.575
vut,1887,2.571
vut,1888,2.566
vut,1889,2.563
vut,1890,2.559
vut,1891,2.627
vut,1892,2.622
vut,1893,2.618
vut,1894,2.614
vut,1895,2.61
vut,1896,2.606
vut,1897,2.602
vut,1898,2.598
vut,1899,2.667
vut,1900,2.663
vut,1901,2.638
vut,1902,2.635
vut,1903,2.631
vut,1904,2.628
vut,1905,2.625
vut,1906,2.621
vut,1907,2.693
vut,1908,2.69
vut,1909,2.687
vut,1910,2.684
vut,1911,2.664
vut,1912,2.647
vut,1913,2.645
vut,1914,2.705
vut,1915,2.685
vut,1916,2.759
vut,1917,2.756
vut,1918,2.74
vut,1919,2.816
vut,1920,2.814
vut,1921,2.862
vut,1922,2.86
vut,1923,2.923
vut,1924,2.908
vut,1925,2.989
vut,1926,2.971
vut,1927,3.042
vut,1928,3.043
vut,1929,3.111
vut,1930,3.098
vut,1931,3.103
vut,1932,3.192
vut,1933,3.195
vut,1934,3.293
vut,1935,3.294
vut,1936,3.388
vut,1937,3.388
vut,1938,3.491
vut,1939,3.492
vut,1940,3.59
vut,1941,3.567
vut,1942,3.644
vut,1943,3.62
vut,1944,3.7
vut,1945,3.782
vut,1946,3.746
vut,1947,3.827
vut,1948,3.808
vut,1949,3.888
vut,1950,3.868
vut,1951,3.956
vut,1952,4.049
vut,1953,4.028
vut,1954,4.108
vut,1955,4.076
vut,1956,4.168
vut,1957,4.136
vut,1958,4.217
vut,1959,4.32
vut,1960,4.3
vut,1961,4.398
vut,1962,4.37
vut,1963,4.461
vut,1964,4.43
vut,1965,4.52
vut,1966,4.609
vut,1967,4.574
vut,1968,4.67
vut,1969,4.636
vut,1970,4.732
vut,1971,4.7
vut,1972,4.799
vut,1973,4.9
vut,1974,6.247
vut,1975,5.869
vut,1976,5.67
vut,1977,5.477
vut,1978,6.248
vut,1979,6.205
vut,1980,5.364
vut,1981,5.696
vut,1982,6.031
vut,1983,6.603
vut,1984,7.022
vut,1985,6.992
vut,1986,6.753
vut,1987,6.698
vut,1988,6.51
vut,1989,6.811
vut,1990,7.437
vut,1991,7.513
vut,1992,7.526
vut,1993,7.378
vut,1994,7.781
vut,1995,7.562
vut,1996,7.566
vut,1997,7.912
vut,1998,7.847
vut,1999,7.624
vut,2000,8.058
vut,2001,7.551
vut,2002,6.955
vut,2003,7.033
vut,2004,7.213
vut,2005,7.39
vut,2006,7.771
vut,2007,7.807
vut,2008,8.031
vut,2009,7.996
vut,2010,7.936
vut,2011,8.033
vut,2012,8.088
vut,2013,8.031
vut,2014,8.153
vut,2015,8.624
vut,2016,8.663
vut,2017,8.806
vut,2018,8.997
vut,2019,9.134
vut,2020,8.48
vut,2021,8.08
vut,2022,8.597
vut,2023,8.157
vut,2024,8.31
vut,2025,8.152
vut,2026,8.34
vut,2027,8.427
vut,2028,8.472
vut,2029,8.499
vut,2030,8.503
vut,2031,8.756
vut,2032,9.014
vut,2033,9.281
vut,2034,9.297
vut,2035,9.574
vut,2036,9.858
vut,2037,10.151
vut,2038,10.167
vut,2039,10.468
vut,2040,10.784
vut,2041,10.799
vut,2042,11.118
vut,2043,11.454
vut,2044,11.786
vut,2045,12.132
vut,2046,12.153
vut,2047,12.523
vut,2048,12.9
vut,2049,13.284
vut,2050,13.282
vut,2051,13.679
vut,2052,14.06
vut,2053,14.434
vut,2054,14.843
vut,2055,15.28
vut,2056,15.289
vut,2057,15.723
vut,2058,16.176
vut,2059,16.645
vut,2060,17.137
vut,2061,17.147
vut,2062,17.639
vut,2063,18.207
vut,2064,18.729
vut,2065,19.321
vut,2066,19.874
vut,2067,20.455
vut,2068,20.484
vut,2069,21.078
vut,2070,21.703
vut,2071,22.318
vut,2072,22.95
vut,2073,23.599
vut,2074,24.259
vut,2075,24.257
vut,2076,24.908
vut,2077,25.494
vut,2078,26.2
vut,2079,26.931
vut,2080,27.672
vut,2081,28.567
vut,2082,28.922
vut,2083,29.312
vut,2084,30.116
vut,2085,30.943
vut,2086,31.79
vut,2087,32.784
vut,2088,33.622
vut,2089,34.334
vut,2090,34.125
vut,2091,35.225
vut,2092,36.235
vut,2093,37.271
vut,2094,38.219
vut,2095,39.216
vut,2096,40.27
vut,2097,41.321
vut,2098,41.305
vut,2099,41.921
vut,2100,43.034
ven,1800,2.936
ven,1801,2.936
ven,1802,2.937
ven,1803,2.936
ven,1804,2.937
ven,1805,2.936
ven,1806,2.856
ven,1807,2.856
ven,1808,2.856
ven,1809,2.856
ven,1810,2.85
ven,1811,2.772
ven,1812,2.772
ven,1813,2.772
ven,1814,2.772
ven,1815,2.772
ven,1816,2.696
ven,1817,2.696
ven,1818,2.696
ven,1819,2.696
ven,1820,2.696
ven,1821,2.856
ven,1822,3.104
ven,1823,3.281
ven,1824,3.565
ven,1825,3.769
ven,1826,4.096
ven,1827,4.329
ven,1828,4.705
ven,1829,4.973
ven,1830,5.259
ven,1831,5.259
ven,1832,5.876
ven,1833,6.042
ven,1834,6.042
ven,1835,6.042
ven,1836,5.559
ven,1837,5.26
ven,1838,4.705
ven,1839,4.329
ven,1840,4.211
ven,1841,4.705
ven,1842,5.26
ven,1843,4.837
ven,1844,4.837
ven,1845,4.837
ven,1846,4.973
ven,1847,4.705
ven,1848,4.705
ven,1849,4.329
ven,1850,5.26
ven,1851,4.973
ven,1852,5.26
ven,1853,5.559
ven,1854,5.716
ven,1855,5.876
ven,1856,4.576
ven,1857,5.26
ven,1858,5.116
ven,1859,5.116
ven,1860,5.56
ven,1861,5.876
ven,1862,5.26
ven,1863,4.837
ven,1864,4.705
ven,1865,4.973
ven,1866,4.837
ven,1867,4.451
ven,1868,4.451
ven,1869,4.973
ven,1870,4.837
ven,1871,4.837
ven,1872,4.831
ven,1873,5.246
ven,1874,5.694
ven,1875,5.09
ven,1876,5.373
ven,1877,5.366
ven,1878,5.665
ven,1879,5.657
ven,1880,5.971
ven,1881,5.963
ven,1882,5.791
ven,1883,6.113
ven,1884,6.453
ven,1885,5.93
ven,1886,6.259
ven,1887,6.426
ven,1888,6.417
ven,1889,6.773
ven,1890,7.149
ven,1891,6.753
ven,1892,6.036
ven,1893,6.027
ven,1894,6.018
ven,1895,6.53
ven,1896,5.676
ven,1897,5.827
ven,1898,5.659
ven,1899,4.782
ven,1900,4.911
ven,1901,4.636
ven,1902,4.379
ven,1903,4.621
ven,1904,4.743
ven,1905,4.736
ven,1906,4.728
ven,1907,4.591
ven,1908,4.458
ven,1909,4.451
ven,1910,4.322
ven,1911,4.197
ven,1912,4.428
ven,1913,4.545
ven,1914,5.214
ven,1915,5.205
ven,1916,4.916
ven,1917,5.044
ven,1918,5.322
ven,1919,5.026
ven,1920,4.879
ven,1921,4.737
ven,1922,5.138
ven,1923,5.421
ven,1924,5.563
ven,1925,5.869
ven,1926,6.191
ven,1927,6.179
ven,1928,7.283
ven,1929,7.473
ven,1930,7.458
ven,1931,7.239
ven,1932,6.648
ven,1933,7.412
ven,1934,7.604
ven,1935,9.038
ven,1936,9.879
ven,1937,9.848
ven,1938,10.758
ven,1939,11.357
ven,1940,12.035
ven,1941,11.449
ven,1942,9.723
ven,1943,10.719
ven,1944,11.174
ven,1945,13.835
ven,1946,15.751
ven,1947,14.996
ven,1948,17.558
ven,1949,17.723
ven,1950,18.457
ven,1951,19.711
ven,1952,19.917
ven,1953,20.09
ven,1954,20.868
ven,1955,21.002
ven,1956,22.354
ven,1957,23.217
ven,1958,22.093
ven,1959,22.239
ven,1960,21.164
ven,1961,21.293
ven,1962,21.474
ven,1963,21.671
ven,1964,23.12
ven,1965,23.352
ven,1966,22.272
ven,1967,21.864
ven,1968,22.078
ven,1969,22.279
ven,1970,23.097
ven,1971,22.668
ven,1972,22.246
ven,1973,22.445
ven,1974,22.657
ven,1975,22.862
ven,1976,23.714
ven,1977,23.918
ven,1978,22.832
ven,1979,22.403
ven,1980,20.797
ven,1981,20.64
ven,1982,21.03
ven,1983,19.109
ven,1984,19.426
ven,1985,19.33
ven,1986,20.411
ven,1987,21.017
ven,1988,25.684
ven,1989,25.135
ven,1990,26.118
ven,1991,28.861
ven,1992,30.787
ven,1993,29.034
ven,1994,27.357
ven,1995,27.316
ven,1996,26.943
ven,1997,28.271
ven,1998,28.263
ven,1999,25.796
ven,2000,26.197
ven,2001,26.784
ven,2002,24.362
ven,2003,23.241
ven,2004,27.956
ven,2005,30.616
ven,2006,34.955
ven,2007,38.445
ven,2008,40.08
ven,2009,38.301
ven,2010,37.57
ven,2011,39.493
ven,2012,41.605
ven,2013,42.289
ven,2014,40.976
ven,2015,58.425
ven,2016,57.651
ven,2017,58.266
ven,2018,60.462
ven,2019,61.774
ven,2020,62.025
ven,2021,63.788
ven,2022,69.833
ven,2023,71.675
ven,2024,73.874
ven,2025,74.664
ven,2026,76.975
ven,2027,78.75
ven,2028,80.566
ven,2029,82.417
ven,2030,83.669
ven,2031,85.574
ven,2032,87.518
ven,2033,89.496
ven,2034,91.519
ven,2035,93.572
ven,2036,95.667
ven,2037,95.137
ven,2038,97.251
ven,2039,99.431
ven,2040,101.607
ven,2041,103.843
ven,2042,106.12
ven,2043,108.441
ven,2044,108.191
ven,2045,110.573
ven,2046,113.429
ven,2047,115.904
ven,2048,118.423
ven,2049,121.009
ven,2050,123.677
ven,2051,122.902
ven,2052,125.578
ven,2053,128.276
ven,2054,131.012
ven,2055,133.92
ven,2056,136.772
ven,2057,136.611
ven,2058,139.491
ven,2059,142.437
ven,2060,145.501
ven,2061,148.567
ven,2062,147.544
ven,2063,151.706
ven,2064,154.833
ven,2065,158.093
ven,2066,161.413
ven,2067,160.258
ven,2068,163.569
ven,2069,166.942
ven,2070,170.435
ven,2071,169.315
ven,2072,172.832
ven,2073,177.826
ven,2074,181.517
ven,2075,180.043
ven,2076,183.761
ven,2077,187.535
ven,2078,186.124
ven,2079,191.666
ven,2080,195.711
ven,2081,199.758
ven,2082,198.227
ven,2083,202.231
ven,2084,206.332
ven,2085,204.749
ven,2086,208.766
ven,2087,212.934
ven,2088,208.55
ven,2089,212.602
ven,2090,213.108
ven,2091,217.355
ven,2092,221.654
ven,2093,220.02
ven,2094,220.789
ven,2095,225.092
ven,2096,222.852
ven,2097,226.58
ven,2098,224.574
ven,2099,228.846
ven,2100,226.606
vnm,1800,2.354
vnm,1801,2.354
vnm,1802,2.354
vnm,1803,2.354
vnm,1804,2.354
vnm,1805,2.354
vnm,1806,2.354
vnm,1807,2.354
vnm,1808,2.354
vnm,1809,2.354
vnm,1810,2.354
vnm,1811,2.354
vnm,1812,2.354
vnm,1813,2.354
vnm,1814,2.354
vnm,1815,2.354
vnm,1816,2.354
vnm,1817,2.354
vnm,1818,2.354
vnm,1819,2.354
vnm,1820,2.354
vnm,1821,2.354
vnm,1822,2.353
vnm,1823,2.353
vnm,1824,2.289
vnm,1825,2.289
vnm,1826,2.289
vnm,1827,2.289
vnm,1828,2.289
vnm,1829,2.289
vnm,1830,2.289
vnm,1831,2.289
vnm,1832,2.289
vnm,1833,2.289
vnm,1834,2.289
vnm,1835,2.289
vnm,1836,2.289
vnm,1837,2.289
vnm,1838,2.289
vnm,1839,2.289
vnm,1840,2.289
vnm,1841,2.289
vnm,1842,2.289
vnm,1843,2.289
vnm,1844,2.289
vnm,1845,2.289
vnm,1846,2.289
vnm,1847,2.289
vnm,1848,2.289
vnm,1849,2.289
vnm,1850,2.289
vnm,1851,2.289
vnm,1852,2.289
vnm,1853,2.289
vnm,1854,2.289
vnm,1855,2.289
vnm,1856,2.289
vnm,1857,2.226
vnm,1858,2.226
vnm,1859,2.227
vnm,1860,2.226
vnm,1861,2.226
vnm,1862,2.226
vnm,1863,2.226
vnm,1864,2.226
vnm,1865,2.226
vnm,1866,2.226
vnm,1867,2.226
vnm,1868,2.226
vnm,1869,2.226
vnm,1870,2.226
vnm,1871,2.226
vnm,1872,2.294
vnm,1873,2.299
vnm,1874,2.304
vnm,1875,2.373
vnm,1876,2.378
vnm,1877,2.383
vnm,1878,2.456
vnm,1879,2.461
vnm,1880,2.466
vnm,1881,2.472
vnm,1882,2.546
vnm,1883,2.552
vnm,1884,2.557
vnm,1885,2.634
vnm,1886,2.64
vnm,1887,2.645
vnm,1888,2.725
vnm,1889,2.731
vnm,1890,2.736
vnm,1891,2.742
vnm,1892,2.825
vnm,1893,2.831
vnm,1894,2.837
vnm,1895,2.922
vnm,1896,2.928
vnm,1897,2.934
vnm,1898,3.023
vnm,1899,3.029
vnm,1900,3.035
vnm,1901,3.126
vnm,1902,3.132
vnm,1903,3.138
vnm,1904,3.145
vnm,1905,3.24
vnm,1906,3.247
vnm,1907,3.253
vnm,1908,3.351
vnm,1909,3.357
vnm,1910,3.364
vnm,1911,3.465
vnm,1912,3.472
vnm,1913,3.478
vnm,1914,3.485
vnm,1915,3.491
vnm,1916,3.498
vnm,1917,3.504
vnm,1918,3.511
vnm,1919,3.517
vnm,1920,3.524
vnm,1921,3.434
vnm,1922,3.441
vnm,1923,3.447
vnm,1924,3.453
vnm,1925,3.46
vnm,1926,3.466
vnm,1927,3.472
vnm,1928,3.478
vnm,1929,3.485
vnm,1930,3.491
vnm,1931,3.401
vnm,1932,3.407
vnm,1933,3.413
vnm,1934,3.419
vnm,1935,3.426
vnm,1936,3.432
vnm,1937,3.438
vnm,1938,3.444
vnm,1939,3.45
vnm,1940,3.455
vnm,1941,3.347
vnm,1942,3.334
vnm,1943,3.32
vnm,1944,3.307
vnm,1945,3.294
vnm,1946,3.28
vnm,1947,3.267
vnm,1948,3.254
vnm,1949,3.152
vnm,1950,3.139
vnm,1951,3.214
vnm,1952,3.292
vnm,1953,3.37
vnm,1954,3.451
vnm,1955,3.533
vnm,1956,3.617
vnm,1957,3.603
vnm,1958,3.588
vnm,1959,3.674
vnm,1960,3.658
vnm,1961,3.746
vnm,1962,4.05
vnm,1963,4.03
vnm,1964,4.01
vnm,1965,3.882
vnm,1966,3.862
vnm,1967,3.254
vnm,1968,3.064
vnm,1969,3.222
vnm,1970,3.206
vnm,1971,3.19
vnm,1972,3.356
vnm,1973,3.339
vnm,1974,3.143
vnm,1975,3.043
vnm,1976,3.29
vnm,1977,3.558
vnm,1978,3.444
vnm,1979,3.523
vnm,1980,3.316
vnm,1981,3.527
vnm,1982,3.862
vnm,1983,4.105
vnm,1984,4.461
vnm,1985,4.682
vnm,1986,4.863
vnm,1987,4.98
vnm,1988,5.273
vnm,1989,5.688
vnm,1990,5.919
vnm,1991,6.131
vnm,1992,6.42
vnm,1993,6.923
vnm,1994,7.283
vnm,1995,7.892
vnm,1996,8.458
vnm,1997,9.046
vnm,1998,9.364
vnm,1999,9.701
vnm,2000,10.263
vnm,2001,10.72
vnm,2002,11.279
vnm,2003,12.036
vnm,2004,13.206
vnm,2005,14.288
vnm,2006,15.081
vnm,2007,16.149
vnm,2008,16.758
vnm,2009,16.842
vnm,2010,17.229
vnm,2011,18.744
vnm,2012,20.309
vnm,2013,21.502
vnm,2014,22.879
vnm,2015,24.108
vnm,2016,25.157
vnm,2017,26.689
vnm,2018,28.375
vnm,2019,29.794
vnm,2020,29.607
vnm,2021,30.673
vnm,2022,33.257
vnm,2023,34.781
vnm,2024,37.274
vnm,2025,39.294
vnm,2026,42.079
vnm,2027,44.664
vnm,2028,47.333
vnm,2029,50.058
vnm,2030,54.04
vnm,2031,53.939
vnm,2032,55.357
vnm,2033,56.716
vnm,2034,58.137
vnm,2035,59.605
vnm,2036,61.117
vnm,2037,60.968
vnm,2038,62.499
vnm,2039,64.062
vnm,2040,65.684
vnm,2041,65.515
vnm,2042,67.194
vnm,2043,68.932
vnm,2044,70.554
vnm,2045,72.189
vnm,2046,72.003
vnm,2047,73.816
vnm,2048,75.627
vnm,2049,75.423
vnm,2050,77.308
vnm,2051,79.05
vnm,2052,81.027
vnm,2053,80.81
vnm,2054,82.832
vnm,2055,84.919
vnm,2056,84.677
vnm,2057,86.744
vnm,2058,88.92
vnm,2059,91.128
vnm,2060,90.832
vnm,2061,93.087
vnm,2062,92.783
vnm,2063,95.024
vnm,2064,97.077
vnm,2065,96.787
vnm,2066,99.174
vnm,2067,101.642
vnm,2068,101.301
vnm,2069,103.312
vnm,2070,102.878
vnm,2071,105.422
vnm,2072,107.968
vnm,2073,107.596
vnm,2074,110.275
vnm,2075,109.901
vnm,2076,112.604
vnm,2077,112.219
vnm,2078,114.993
vnm,2079,115.123
vnm,2080,117.969
vnm,2081,120.751
vnm,2082,120.87
vnm,2083,123.87
vnm,2084,123.445
vnm,2085,126.374
vnm,2086,125.499
vnm,2087,125.097
vnm,2088,128.285
vnm,2089,127.967
vnm,2090,131.154
vnm,2091,130.748
vnm,2092,134.01
vnm,2093,133.601
vnm,2094,136.942
vnm,2095,137.128
vnm,2096,136.66
vnm,2097,140.019
vnm,2098,139.489
vnm,2099,142.903
vnm,2100,142.332
yem,1800,2.691
yem,1801,2.691
yem,1802,2.691
yem,1803,2.691
yem,1804,2.691
yem,1805,2.691
yem,1806,2.766
yem,1807,2.766
yem,1808,2.766
yem,1809,2.766
yem,1810,2.766
yem,1811,2.766
yem,1812,2.766
yem,1813,2.766
yem,1814,2.766
yem,1815,2.766
yem,1816,2.844
yem,1817,2.844
yem,1818,2.844
yem,1819,2.844
yem,1820,2.844
yem,1821,2.844
yem,1822,2.844
yem,1823,2.844
yem,1824,2.844
yem,1825,2.844
yem,1826,2.924
yem,1827,2.924
yem,1828,2.924
yem,1829,2.924
yem,1830,2.924
yem,1831,2.924
yem,1832,2.924
yem,1833,2.924
yem,1834,2.924
yem,1835,2.924
yem,1836,3.006
yem,1837,3.006
yem,1838,3.006
yem,1839,3.006
yem,1840,2.999
yem,1841,2.817
yem,1842,2.817
yem,1843,2.795
yem,1844,2.697
yem,1845,2.772
yem,1846,2.762
yem,1847,2.766
yem,1848,2.824
yem,1849,2.871
yem,1850,2.896
yem,1851,3.091
yem,1852,3.091
yem,1853,3.091
yem,1854,3.091
yem,1855,3.178
yem,1856,3.178
yem,1857,3.249
yem,1858,3.237
yem,1859,3.148
yem,1860,3.094
yem,1861,2.762
yem,1862,2.697
yem,1863,2.601
yem,1864,2.864
yem,1865,2.987
yem,1866,3.405
yem,1867,4.855
yem,1868,4.454
yem,1869,4.137
yem,1870,3.522
yem,1871,3.444
yem,1872,3.56
yem,1873,3.606
yem,1874,3.598
yem,1875,3.679
yem,1876,3.744
yem,1877,3.753
yem,1878,3.726
yem,1879,3.695
yem,1880,3.66
yem,1881,3.343
yem,1882,3.169
yem,1883,3.125
yem,1884,3.22
yem,1885,3.218
yem,1886,3.237
yem,1887,3.243
yem,1888,3.251
yem,1889,3.257
yem,1890,3.263
yem,1891,3.27
yem,1892,3.276
yem,1893,3.283
yem,1894,3.382
yem,1895,3.389
yem,1896,3.394
yem,1897,3.401
yem,1898,3.396
yem,1899,3.42
yem,1900,3.416
yem,1901,3.471
yem,1902,3.541
yem,1903,3.831
yem,1904,4.027
yem,1905,4.028
yem,1906,4.032
yem,1907,4.033
yem,1908,4.05
yem,1909,4.045
yem,1910,4.041
yem,1911,4.018
yem,1912,4.018
yem,1913,3.998
yem,1914,4.111
yem,1915,4.111
yem,1916,4.111
yem,1917,4.111
yem,1918,4.111
yem,1919,4.111
yem,1920,4.111
yem,1921,4.111
yem,1922,4.111
yem,1923,4.111
yem,1924,4.226
yem,1925,4.226
yem,1926,4.226
yem,1927,4.226
yem,1928,4.226
yem,1929,4.226
yem,1930,4.226
yem,1931,4.226
yem,1932,4.226
yem,1933,4.226
yem,1934,4.362
yem,1935,4.361
yem,1936,4.361
yem,1937,4.36
yem,1938,4.36
yem,1939,4.359
yem,1940,4.359
yem,1941,4.315
yem,1942,4.271
yem,1943,4.347
yem,1944,4.303
yem,1945,4.259
yem,1946,4.22
yem,1947,4.177
yem,1948,4.135
yem,1949,4.093
yem,1950,4.051
yem,1951,4.01
yem,1952,3.969
yem,1953,3.929
yem,1954,3.889
yem,1955,3.85
yem,1956,3.811
yem,1957,3.772
yem,1958,3.736
yem,1959,3.698
yem,1960,3.66
yem,1961,3.623
yem,1962,3.586
yem,1963,3.55
yem,1964,3.514
yem,1965,3.478
yem,1966,3.443
yem,1967,3.408
yem,1968,3.374
yem,1969,3.433
yem,1970,3.903
yem,1971,4.428
yem,1972,4.633
yem,1973,4.985
yem,1974,5.075
yem,1975,5.166
yem,1976,5.717
yem,1977,6.153
yem,1978,6.439
yem,1979,6.375
yem,1980,6.14
yem,1981,6.164
yem,1982,5.991
yem,1983,6.077
yem,1984,6.06
yem,1985,5.679
yem,1986,5.517
yem,1987,5.489
yem,1988,5.458
yem,1989,5.36
yem,1990,5.715
yem,1991,5.919
yem,1992,6.198
yem,1993,6.191
yem,1994,6.312
yem,1995,6.433
yem,1996,6.589
yem,1997,6.694
yem,1998,6.819
yem,1999,6.783
yem,2000,7.01
yem,2001,7.068
yem,2002,7.166
yem,2003,7.247
yem,2004,7.43
yem,2005,7.8
yem,2006,7.989
yem,2007,8.148
yem,2008,8.197
yem,2009,8.116
yem,2010,8.501
yem,2011,7.398
yem,2012,7.103
yem,2013,7.429
yem,2014,7.188
yem,2015,5.068
yem,2016,4.531
yem,2017,4.231
yem,2018,4.256
yem,2019,4.241
yem,2020,3.805
yem,2021,3.849
yem,2022,4.033
yem,2023,3.902
yem,2024,3.849
yem,2025,3.677
yem,2026,3.733
yem,2027,3.737
yem,2028,3.853
yem,2029,3.862
yem,2030,3.945
yem,2031,4.059
yem,2032,4.175
yem,2033,4.182
yem,2034,4.303
yem,2035,4.427
yem,2036,4.431
yem,2037,4.56
yem,2038,4.563
yem,2039,4.695
yem,2040,4.83
yem,2041,4.833
yem,2042,4.972
yem,2043,5.108
yem,2044,5.107
yem,2045,5.244
yem,2046,5.392
yem,2047,5.39
yem,2048,5.544
yem,2049,5.701
yem,2050,5.864
yem,2051,5.867
yem,2052,6.032
yem,2053,6.204
yem,2054,6.203
yem,2055,6.376
yem,2056,6.56
yem,2057,6.75
yem,2058,6.76
yem,2059,6.953
yem,2060,7.152
yem,2061,7.356
yem,2062,7.36
yem,2063,7.58
yem,2064,7.789
yem,2065,8.029
yem,2066,8.029
yem,2067,8.259
yem,2068,8.496
yem,2069,8.737
yem,2070,8.741
yem,2071,9.015
yem,2072,9.28
yem,2073,9.547
yem,2074,9.832
yem,2075,9.865
yem,2076,10.157
yem,2077,10.463
yem,2078,10.767
yem,2079,11.052
yem,2080,11.398
yem,2081,11.353
yem,2082,11.68
yem,2083,11.995
yem,2084,12.356
yem,2085,12.735
yem,2086,13.106
yem,2087,13.115
yem,2088,13.497
yem,2089,13.799
yem,2090,14.213
yem,2091,14.623
yem,2092,14.986
yem,2093,15.507
yem,2094,15.531
yem,2095,16.006
yem,2096,16.43
yem,2097,16.935
yem,2098,17.387
yem,2099,17.829
yem,2100,18.381
zmb,1800,1.428
zmb,1801,1.428
zmb,1802,1.428
zmb,1803,1.428
zmb,1804,1.428
zmb,1805,1.428
zmb,1806,1.428
zmb,1807,1.428
zmb,1808,1.428
zmb,1809,1.468
zmb,1810,1.468
zmb,1811,1.468
zmb,1812,1.468
zmb,1813,1.468
zmb,1814,1.468
zmb,1815,1.468
zmb,1816,1.468
zmb,1817,1.468
zmb,1818,1.468
zmb,1819,1.468
zmb,1820,1.468
zmb,1821,1.51
zmb,1822,1.51
zmb,1823,1.51
zmb,1824,1.51
zmb,1825,1.51
zmb,1826,1.51
zmb,1827,1.51
zmb,1828,1.51
zmb,1829,1.51
zmb,1830,1.51
zmb,1831,1.51
zmb,1832,1.552
zmb,1833,1.552
zmb,1834,1.552
zmb,1835,1.552
zmb,1836,1.552
zmb,1837,1.552
zmb,1838,1.552
zmb,1839,1.552
zmb,1840,1.552
zmb,1841,1.552
zmb,1842,1.552
zmb,1843,1.596
zmb,1844,1.596
zmb,1845,1.596
zmb,1846,1.596
zmb,1847,1.596
zmb,1848,1.596
zmb,1849,1.596
zmb,1850,1.596
zmb,1851,1.596
zmb,1852,1.596
zmb,1853,1.596
zmb,1854,1.596
zmb,1855,1.641
zmb,1856,1.641
zmb,1857,1.641
zmb,1858,1.641
zmb,1859,1.641
zmb,1860,1.641
zmb,1861,1.641
zmb,1862,1.641
zmb,1863,1.641
zmb,1864,1.641
zmb,1865,1.641
zmb,1866,1.687
zmb,1867,1.687
zmb,1868,1.687
zmb,1869,1.687
zmb,1870,1.687
zmb,1871,1.687
zmb,1872,1.686
zmb,1873,1.686
zmb,1874,1.685
zmb,1875,1.685
zmb,1876,1.684
zmb,1877,1.683
zmb,1878,1.73
zmb,1879,1.729
zmb,1880,1.729
zmb,1881,1.728
zmb,1882,1.728
zmb,1883,1.727
zmb,1884,1.726
zmb,1885,1.726
zmb,1886,1.725
zmb,1887,1.724
zmb,1888,1.723
zmb,1889,1.723
zmb,1890,1.771
zmb,1891,1.77
zmb,1892,1.769
zmb,1893,1.768
zmb,1894,1.768
zmb,1895,1.767
zmb,1896,1.766
zmb,1897,1.765
zmb,1898,1.765
zmb,1899,1.764
zmb,1900,1.763
zmb,1901,1.812
zmb,1902,1.811
zmb,1903,1.81
zmb,1904,1.809
zmb,1905,1.809
zmb,1906,1.808
zmb,1907,1.807
zmb,1908,1.806
zmb,1909,1.805
zmb,1910,1.804
zmb,1911,1.803
zmb,1912,1.802
zmb,1913,1.852
zmb,1914,1.903
zmb,1915,1.902
zmb,1916,1.955
zmb,1917,1.954
zmb,1918,2.008
zmb,1919,2.006
zmb,1920,2.062
zmb,1921,2.061
zmb,1922,2.117
zmb,1923,2.116
zmb,1924,2.174
zmb,1925,2.173
zmb,1926,2.233
zmb,1927,2.232
zmb,1928,2.293
zmb,1929,2.292
zmb,1930,2.355
zmb,1931,2.354
zmb,1932,2.418
zmb,1933,2.417
zmb,1934,2.483
zmb,1935,2.551
zmb,1936,2.549
zmb,1937,2.619
zmb,1938,2.618
zmb,1939,2.689
zmb,1940,2.688
zmb,1941,2.742
zmb,1942,2.797
zmb,1943,2.854
zmb,1944,2.832
zmb,1945,2.889
zmb,1946,2.947
zmb,1947,3.007
zmb,1948,3.067
zmb,1949,3.002
zmb,1950,3.042
zmb,1951,3.094
zmb,1952,3.358
zmb,1953,3.534
zmb,1954,3.704
zmb,1955,3.66
zmb,1956,3.91
zmb,1957,3.969
zmb,1958,3.712
zmb,1959,4.34
zmb,1960,4.333
zmb,1961,4.23
zmb,1962,4.072
zmb,1963,3.992
zmb,1964,4.308
zmb,1965,4.926
zmb,1966,4.9
zmb,1967,5.292
zmb,1968,5.263
zmb,1969,4.953
zmb,1970,5.065
zmb,1971,4.899
zmb,1972,5.289
zmb,1973,4.977
zmb,1974,5.09
zmb,1975,4.924
zmb,1976,4.898
zmb,1977,4.609
zmb,1978,4.459
zmb,1979,4.197
zmb,1980,4.174
zmb,1981,4.563
zmb,1982,4.444
zmb,1983,4.34
zmb,1984,4.262
zmb,1985,4.302
zmb,1986,4.319
zmb,1987,4.351
zmb,1988,4.69
zmb,1989,4.614
zmb,1990,4.689
zmb,1991,4.647
zmb,1992,4.284
zmb,1993,4.304
zmb,1994,3.883
zmb,1995,3.968
zmb,1996,4.165
zmb,1997,4.303
zmb,1998,4.201
zmb,1999,4.311
zmb,2000,4.511
zmb,2001,4.677
zmb,2002,4.878
zmb,2003,5.21
zmb,2004,4.892
zmb,2005,4.527
zmb,2006,4.749
zmb,2007,4.958
zmb,2008,5.215
zmb,2009,5.572
zmb,2010,6.05
zmb,2011,6.096
zmb,2012,6.225
zmb,2013,6.225
zmb,2014,6.229
zmb,2015,6.187
zmb,2016,6.269
zmb,2017,6.345
zmb,2018,6.467
zmb,2019,6.441
zmb,2020,6.204
zmb,2021,6.472
zmb,2022,6.729
zmb,2023,7.028
zmb,2024,7.174
zmb,2025,7.593
zmb,2026,8.385
zmb,2027,8.855
zmb,2028,9.303
zmb,2029,9.682
zmb,2030,10.09
zmb,2031,10.108
zmb,2032,10.34
zmb,2033,10.662
zmb,2034,10.997
zmb,2035,11.338
zmb,2036,11.369
zmb,2037,11.725
zmb,2038,12.086
zmb,2039,12.459
zmb,2040,12.842
zmb,2041,13.228
zmb,2042,13.253
zmb,2043,13.658
zmb,2044,14.074
zmb,2045,14.505
zmb,2046,14.945
zmb,2047,15.401
zmb,2048,15.433
zmb,2049,15.9
zmb,2050,16.347
zmb,2051,16.837
zmb,2052,17.323
zmb,2053,17.821
zmb,2054,18.304
zmb,2055,18.33
zmb,2056,18.868
zmb,2057,19.398
zmb,2058,19.969
zmb,2059,20.569
zmb,2060,21.131
zmb,2061,21.715
zmb,2062,22.356
zmb,2063,22.351
zmb,2064,22.928
zmb,2065,23.542
zmb,2066,24.204
zmb,2067,24.877
zmb,2068,25.571
zmb,2069,26.26
zmb,2070,26.941
zmb,2071,26.887
zmb,2072,27.619
zmb,2073,28.426
zmb,2074,29.254
zmb,2075,30.11
zmb,2076,30.915
zmb,2077,31.823
zmb,2078,31.853
zmb,2079,32.732
zmb,2080,33.677
zmb,2081,34.567
zmb,2082,35.513
zmb,2083,36.482
zmb,2084,37.434
zmb,2085,37.382
zmb,2086,38.364
zmb,2087,39.367
zmb,2088,40.427
zmb,2089,41.515
zmb,2090,42.626
zmb,2091,42.564
zmb,2092,43.62
zmb,2093,44.777
zmb,2094,45.907
zmb,2095,47.12
zmb,2096,48.364
zmb,2097,48.3
zmb,2098,49.551
zmb,2099,50.82
zmb,2100,52.15
zwe,1800,2.452
zwe,1801,2.452
zwe,1802,2.452
zwe,1803,2.452
zwe,1804,2.452
zwe,1805,2.452
zwe,1806,2.452
zwe,1807,2.452
zwe,1808,2.452
zwe,1809,2.452
zwe,1810,2.452
zwe,1811,2.452
zwe,1812,2.452
zwe,1813,2.452
zwe,1814,2.452
zwe,1815,2.452
zwe,1816,2.452
zwe,1817,2.521
zwe,1818,2.521
zwe,1819,2.521
zwe,1820,2.521
zwe,1821,2.521
zwe,1822,2.521
zwe,1823,2.521
zwe,1824,2.521
zwe,1825,2.521
zwe,1826,2.521
zwe,1827,2.521
zwe,1828,2.521
zwe,1829,2.521
zwe,1830,2.521
zwe,1831,2.521
zwe,1832,2.521
zwe,1833,2.521
zwe,1834,2.521
zwe,1835,2.521
zwe,1836,2.521
zwe,1837,2.521
zwe,1838,2.521
zwe,1839,2.521
zwe,1840,2.591
zwe,1841,2.591
zwe,1842,2.591
zwe,1843,2.592
zwe,1844,2.592
zwe,1845,2.592
zwe,1846,2.591
zwe,1847,2.591
zwe,1848,2.591
zwe,1849,2.591
zwe,1850,2.591
zwe,1851,2.592
zwe,1852,2.592
zwe,1853,2.592
zwe,1854,2.591
zwe,1855,2.591
zwe,1856,2.591
zwe,1857,2.591
zwe,1858,2.591
zwe,1859,2.592
zwe,1860,2.592
zwe,1861,2.592
zwe,1862,2.592
zwe,1863,2.591
zwe,1864,2.664
zwe,1865,2.664
zwe,1866,2.664
zwe,1867,2.664
zwe,1868,2.664
zwe,1869,2.664
zwe,1870,2.664
zwe,1871,2.664
zwe,1872,2.662
zwe,1873,2.661
zwe,1874,2.659
zwe,1875,2.657
zwe,1876,2.655
zwe,1877,2.653
zwe,1878,2.651
zwe,1879,2.649
zwe,1880,2.647
zwe,1881,2.645
zwe,1882,2.643
zwe,1883,2.641
zwe,1884,2.639
zwe,1885,2.637
zwe,1886,2.709
zwe,1887,2.707
zwe,1888,2.704
zwe,1889,2.702
zwe,1890,2.7
zwe,1891,2.698
zwe,1892,2.696
zwe,1893,2.694
zwe,1894,2.692
zwe,1895,2.69
zwe,1896,2.688
zwe,1897,2.686
zwe,1898,2.736
zwe,1899,2.86
zwe,1900,3.11
zwe,1901,3.121
zwe,1902,3.085
zwe,1903,2.982
zwe,1904,2.804
zwe,1905,2.703
zwe,1906,2.637
zwe,1907,2.622
zwe,1908,2.568
zwe,1909,2.576
zwe,1910,2.641
zwe,1911,2.629
zwe,1912,2.614
zwe,1913,2.613
zwe,1914,2.606
zwe,1915,2.467
zwe,1916,2.336
zwe,1917,2.275
zwe,1918,2.152
zwe,1919,2.042
zwe,1920,1.828
zwe,1921,1.827
zwe,1922,1.985
zwe,1923,2.098
zwe,1924,1.983
zwe,1925,1.985
zwe,1926,2.16
zwe,1927,2.347
zwe,1928,2.48
zwe,1929,2.412
zwe,1930,2.344
zwe,1931,2.412
zwe,1932,2.294
zwe,1933,2.358
zwe,1934,2.423
zwe,1935,2.49
zwe,1936,2.559
zwe,1937,2.63
zwe,1938,2.708
zwe,1939,2.708
zwe,1940,2.707
zwe,1941,2.641
zwe,1942,2.576
zwe,1943,2.516
zwe,1944,2.454
zwe,1945,2.528
zwe,1946,2.614
zwe,1947,2.773
zwe,1948,3.168
zwe,1949,3.299
zwe,1950,3.481
zwe,1951,3.464
zwe,1952,3.471
zwe,1953,3.681
zwe,1954,3.795
zwe,1955,3.979
zwe,1956,4.5
zwe,1957,4.619
zwe,1958,4.633
zwe,1959,4.775
zwe,1960,4.763
zwe,1961,4.876
zwe,1962,4.889
zwe,1963,4.647
zwe,1964,4.924
zwe,1965,5.082
zwe,1966,4.958
zwe,1967,5.113
zwe,1968,4.851
zwe,1969,5.599
zwe,1970,6.619
zwe,1971,7.022
zwe,1972,7.446
zwe,1973,7.47
zwe,1974,7.492
zwe,1975,7.31
zwe,1976,7.133
zwe,1977,6.409
zwe,1978,6.429
zwe,1979,6.275
zwe,1980,6.837
zwe,1981,7.347
zwe,1982,7.3
zwe,1983,7.193
zwe,1984,6.822
zwe,1985,7.051
zwe,1986,6.979
zwe,1987,6.795
zwe,1988,7.119
zwe,1989,7.328
zwe,1990,7.57
zwe,1991,7.788
zwe,1992,6.903
zwe,1993,6.902
zwe,1994,7.603
zwe,1995,7.594
zwe,1996,8.259
zwe,1997,8.363
zwe,1998,8.474
zwe,1999,8.296
zwe,2000,8.01
zwe,2001,8.096
zwe,2002,7.342
zwe,2003,6.058
zwe,2004,5.658
zwe,2005,5.299
zwe,2006,5.058
zwe,2007,4.829
zwe,2008,3.95
zwe,2009,4.42
zwe,2010,5.164
zwe,2011,5.762
zwe,2012,6.652
zwe,2013,6.648
zwe,2014,6.81
zwe,2015,6.861
zwe,2016,6.872
zwe,2017,7.175
zwe,2018,7.04
zwe,2019,5.976
zwe,2020,5.499
zwe,2021,5.907
zwe,2022,6.022
zwe,2023,6.429
zwe,2024,6.467
zwe,2025,6.935
zwe,2026,7.488
zwe,2027,7.64
zwe,2028,8.0
zwe,2029,8.289
zwe,2030,8.72
zwe,2031,8.756
zwe,2032,9.051
zwe,2033,9.346
zwe,2034,9.382
zwe,2035,9.704
zwe,2036,10.042
zwe,2037,10.371
zwe,2038,10.43
zwe,2039,10.792
zwe,2040,11.176
zwe,2041,11.534
zwe,2042,11.584
zwe,2043,11.976
zwe,2044,12.375
zwe,2045,12.743
zwe,2046,12.758
zwe,2047,13.155
zwe,2048,13.59
zwe,2049,13.998
zwe,2050,14.023
zwe,2051,14.52
zwe,2052,15.006
zwe,2053,15.493
zwe,2054,16.035
zwe,2055,16.23
zwe,2056,16.889
zwe,2057,17.404
zwe,2058,17.909
zwe,2059,18.414
zwe,2060,18.628
zwe,2061,19.043
zwe,2062,19.522
zwe,2063,20.162
zwe,2064,20.837
zwe,2065,21.529
zwe,2066,21.541
zwe,2067,22.019
zwe,2068,22.624
zwe,2069,23.181
zwe,2070,23.745
zwe,2071,24.29
zwe,2072,24.984
zwe,2073,25.118
zwe,2074,26.279
zwe,2075,27.027
zwe,2076,27.951
zwe,2077,28.903
zwe,2078,30.068
zwe,2079,31.061
zwe,2080,31.195
zwe,2081,32.163
zwe,2082,33.472
zwe,2083,34.946
zwe,2084,36.386
zwe,2085,37.327
zwe,2086,38.426
zwe,2087,39.376
zwe,2088,38.733
zwe,2089,39.143
zwe,2090,39.548
zwe,2091,40.032
zwe,2092,40.891
zwe,2093,41.578
zwe,2094,42.599
zwe,2095,44.17
zwe,2096,44.499
zwe,2097,46.425
zwe,2098,48.259
zwe,2099,49.775
zwe,2100,51.714
