un_sdg_region,time,income_mountain_50bracket_shape_for_log
un_australia_and_new_zealand,1800,"0,0,0,0,0,0,0,10,52,551,2607,7578,16968,31085,46123,57039,59718,54851,43347,30471,19908,12389,7630,4497,2356,1199,657,367,192,92,37,6,0,0,0,0,0,0,0,0,0,0,0,0,0,0,0,0,0,0"
un_australia_and_new_zealand,1801,"0,0,0,0,0,0,0,8,46,497,2425,7183,16387,30373,45273,56152,59104,54734,43755,31081,20452,12837,7935,4710,2482,1260,688,387,203,98,40,7,0,0,0,0,0,0,0,0,0,0,0,0,0,0,0,0,0,0"
un_australia_and_new_zealand,1802,"0,0,0,0,0,0,0,8,48,495,2421,7185,16373,30220,44924,55685,58713,54519,43720,31138,20545,12923,7994,4743,2499,1271,697,391,210,101,40,6,0,0,0,0,0,0,0,0,0,0,0,0,0,0,0,0,0,0"
un_australia_and_new_zealand,1803,"0,0,0,0,0,0,0,8,49,495,2421,7195,16370,30096,44613,55270,58382,54352,43724,31227,20650,13022,8061,4781,2521,1283,704,398,210,100,42,7,0,0,0,0,0,0,0,0,0,0,0,0,0,0,0,0,0,0"
un_australia_and_new_zealand,1804,"0,0,0,0,0,0,0,10,50,495,2422,7208,16383,29998,44349,54910,58105,54235,43765,31335,20779,13128,8133,4825,2540,1296,714,402,213,103,41,8,0,0,0,0,0,0,0,0,0,0,0,0,0,0,0,0,0,0"
un_australia_and_new_zealand,1805,"0,0,0,0,0,0,0,8,45,443,2240,6810,15788,29323,43595,54171,57654,54296,44366,32135,21473,13682,8511,5086,2695,1373,752,428,230,111,46,10,0,0,0,0,0,0,0,0,0,0,0,0,0,0,0,0,0,0"
un_australia_and_new_zealand,1806,"0,0,0,0,0,0,0,8,45,443,2242,6829,15816,29264,43400,53904,57476,54280,44501,32316,21648,13825,8601,5139,2726,1389,762,434,233,110,45,10,0,0,0,0,0,0,0,0,0,0,0,0,0,0,0,0,0,0"
un_australia_and_new_zealand,1807,"0,0,0,0,0,0,0,8,46,442,2244,6850,15854,29234,43243,53683,57352,54311,44672,32526,21840,13974,8704,5201,2756,1409,774,442,240,113,47,10,0,0,0,0,0,0,0,0,0,0,0,0,0,0,0,0,0,0"
un_australia_and_new_zealand,1808,"0,0,0,0,0,0,0,8,49,443,2251,6878,15912,29227,43123,53513,57280,54392,44879,32762,22050,14137,8808,5260,2793,1428,785,449,241,116,47,11,0,0,0,0,0,0,0,0,0,0,0,0,0,0,0,0,0,0"
un_australia_and_new_zealand,1809,"0,0,0,0,0,0,0,10,48,446,2261,6917,15977,29246,43048,53396,57260,54521,45127,33024,22276,14312,8925,5329,2825,1445,797,460,245,117,48,11,0,0,0,0,0,0,0,0,0,0,0,0,0,0,0,0,0,0"
un_australia_and_new_zealand,1810,"0,0,0,0,0,0,0,8,43,395,2078,6512,15375,28624,42430,52872,57053,54842,46003,34096,23179,15019,9403,5657,3024,1546,848,488,264,131,53,14,0,0,0,0,0,0,0,0,0,0,0,0,0,0,0,0,0,0"
un_australia_and_new_zealand,1811,"0,0,0,0,0,0,0,8,43,397,2083,6545,15451,28679,42414,52833,57126,55065,46337,34430,23460,15227,9536,5740,3068,1569,861,499,270,132,54,15,0,0,0,0,0,0,0,0,0,0,0,0,0,0,0,0,0,0"
un_australia_and_new_zealand,1812,"0,0,0,0,0,0,0,9,43,398,2091,6587,15542,28756,42434,52846,57248,55334,46715,34797,23756,15448,9682,5824,3114,1593,877,506,276,133,55,16,0,0,0,0,0,0,0,0,0,0,0,0,0,0,0,0,0,0"
un_australia_and_new_zealand,1813,"0,0,0,0,0,0,0,9,43,398,2099,6633,15646,28859,42493,52899,57421,55650,47127,35188,24073,15681,9833,5917,3165,1620,893,516,280,138,56,16,0,0,0,0,0,0,0,0,0,0,0,0,0,0,0,0,0,0"
un_australia_and_new_zealand,1814,"0,0,0,0,0,0,0,9,47,400,2114,6683,15762,28986,42591,53001,57641,56014,47576,35606,24407,15924,9991,6012,3215,1648,910,524,287,138,56,16,1,0,0,0,0,0,0,0,0,0,0,0,0,0,0,0,0,0"
un_australia_and_new_zealand,1815,"0,0,0,0,0,0,0,8,42,352,1930,6263,15112,28342,42005,52573,57553,56484,48649,36906,25506,16776,10572,6410,3462,1769,972,563,309,151,65,19,2,0,0,0,0,0,0,0,0,0,0,0,0,0,0,0,0,0"
un_australia_and_new_zealand,1816,"0,0,0,0,0,0,0,8,43,357,1941,6315,15233,28495,42156,52752,57863,56941,49193,37405,25897,17059,10756,6523,3524,1804,990,575,316,157,65,19,2,0,0,0,0,0,0,0,0,0,0,0,0,0,0,0,0,0"
un_australia_and_new_zealand,1817,"0,0,0,0,0,0,0,9,43,358,1952,6365,15367,28677,42344,52977,58222,57443,49772,37932,26308,17357,10949,6638,3589,1838,1010,588,325,159,64,20,2,0,0,0,0,0,0,0,0,0,0,0,0,0,0,0,0,0"
un_australia_and_new_zealand,1818,"0,0,0,0,0,0,0,9,43,359,1966,6426,15511,28880,42563,53245,58630,57993,50392,38483,26740,17665,11148,6761,3654,1874,1030,599,330,160,66,21,2,0,0,0,0,0,0,0,0,0,0,0,0,0,0,0,0,0"
un_australia_and_new_zealand,1819,"0,0,0,0,0,0,0,9,46,358,1977,6477,15634,29046,42749,53471,58960,58438,50892,38932,27086,17914,11307,6859,3710,1900,1050,610,337,165,68,22,2,0,0,0,0,0,0,0,0,0,0,0,0,0,0,0,0,0"
un_australia_and_new_zealand,1820,"0,0,0,0,0,0,0,5,36,277,1613,5557,14064,27371,41246,52311,58308,58736,52421,41149,29072,19479,12417,7631,4218,2156,1168,681,384,194,83,29,5,0,0,0,0,0,0,0,0,0,0,0,0,0,0,0,0,0"
un_australia_and_new_zealand,1821,"0,0,0,0,0,0,0,6,34,256,1548,5437,13788,26923,40840,52221,58577,59305,53080,41702,29480,19737,12568,7724,4275,2184,1185,689,389,195,84,29,5,0,0,0,0,0,0,0,0,0,0,0,0,0,0,0,0,0"
un_australia_and_new_zealand,1822,"0,0,0,0,0,0,0,5,30,205,1332,4879,12721,25531,39535,51332,58216,59619,54095,43055,30696,20648,13207,8160,4579,2343,1260,730,413,211,93,33,6,0,0,0,0,0,0,0,0,0,0,0,0,0,0,0,0,0"
un_australia_and_new_zealand,1823,"0,0,0,0,0,0,0,4,25,164,1138,4359,11683,24097,38150,50317,57701,59720,54896,44255,31829,21503,13819,8577,4874,2501,1335,771,438,227,102,37,8,0,0,0,0,0,0,0,0,0,0,0,0,0,0,0,0,0"
un_australia_and_new_zealand,1824,"0,0,0,0,0,0,0,2,19,119,858,3551,10012,21752,35880,48512,56548,59515,55951,46276,33932,23151,15055,9413,5475,2839,1491,852,491,260,121,46,12,0,0,0,0,0,0,0,0,0,0,0,0,0,0,0,0,0"
un_australia_and_new_zealand,1825,"0,0,0,0,0,0,0,0,3,73,640,2862,8476,19527,33699,46711,55286,59109,56736,48187,36136,24877,16359,10252,6062,3172,1633,914,529,287,135,53,16,0,0,0,0,0,0,0,0,0,0,0,0,0,0,0,0,0"
un_australia_and_new_zealand,1826,"0,0,0,0,0,0,0,0,3,62,593,2757,8244,19061,33162,46332,55263,59317,57095,48501,36359,25010,16421,10290,6093,3190,1641,915,530,288,136,53,16,0,0,0,0,0,0,0,0,0,0,0,0,0,0,0,0,0"
un_australia_and_new_zealand,1827,"0,0,0,0,0,0,0,0,1,42,441,2208,6956,16862,30828,44280,53878,58689,57628,50197,38543,26842,17841,11255,6782,3629,1850,1016,590,327,159,65,21,2,0,0,0,0,0,0,0,0,0,0,0,0,0,0,0,0"
un_australia_and_new_zealand,1828,"0,0,0,0,0,0,0,0,1,35,404,2117,6760,16440,30287,43845,53799,58847,57980,50530,38783,26992,17914,11295,6811,3649,1860,1020,593,328,160,65,21,2,0,0,0,0,0,0,0,0,0,0,0,0,0,0,0,0"
un_australia_and_new_zealand,1829,"0,0,0,0,0,0,0,0,0,22,295,1676,5660,14411,27959,41736,52370,58124,58395,52181,41084,29027,19480,12391,7581,4160,2112,1143,661,371,187,78,27,4,0,0,0,0,0,0,0,0,0,0,0,0,0,0,0,0"
un_australia_and_new_zealand,1830,"0,0,0,0,0,0,0,0,0,6,162,826,2965,8492,19640,33757,46149,54212,58336,56905,49318,37311,25552,16648,10263,5987,3061,1509,805,454,244,115,46,13,0,0,0,0,0,0,0,0,0,0,0,0,0,0,0,0"
un_australia_and_new_zealand,1831,"0,0,0,0,0,0,0,0,0,2,125,671,2464,7211,17319,31170,44048,52897,58090,58041,51816,40295,27943,18367,11351,6711,3497,1696,880,491,268,125,52,17,1,0,0,0,0,0,0,0,0,0,0,0,0,0,0,0"
un_australia_and_new_zealand,1832,"0,0,0,0,0,0,0,0,0,1,101,596,2313,6889,16812,30741,43983,53285,58909,59088,52828,41115,28502,18724,11577,6852,3571,1731,899,503,271,128,55,18,1,0,0,0,0,0,0,0,0,0,0,0,0,0,0,0"
un_australia_and_new_zealand,1833,"0,0,0,0,0,0,0,0,0,0,82,529,2174,6602,16357,30352,43942,53747,59842,60321,54039,42107,29191,19170,11856,7024,3661,1774,920,513,277,132,55,18,1,0,0,0,0,0,0,0,0,0,0,0,0,0,0,0"
un_australia_and_new_zealand,1834,"0,0,0,0,0,0,0,0,0,0,60,421,1767,5479,14011,27327,41301,52185,59621,61844,57228,45963,32394,21390,13234,7862,4150,1965,973,526,284,136,57,20,2,0,0,0,0,0,0,0,0,0,0,0,0,0,0,0"
un_australia_and_new_zealand,1835,"0,0,0,0,0,0,0,0,0,0,35,302,1108,3340,8859,18931,31967,44370,54140,60966,62301,55515,42798,29372,18848,11243,6336,3036,1333,633,323,160,72,29,9,0,0,0,0,0,0,0,0,0,0,0,0,0,0,0"
un_australia_and_new_zealand,1836,"0,0,0,0,0,0,0,0,0,0,25,256,996,3099,8385,18401,31683,44624,54891,62206,63734,56858,43852,30088,19310,11528,6501,3116,1368,650,334,164,74,30,9,0,0,0,0,0,0,0,0,0,0,0,0,0,0,0"
un_australia_and_new_zealand,1837,"0,0,0,0,0,0,0,0,0,0,16,209,853,2722,7487,16898,29978,43419,54461,62726,65408,59398,46532,32234,20790,12413,7028,3386,1454,661,329,161,72,29,9,0,0,0,0,0,0,0,0,0,0,0,0,0,0,0"
un_australia_and_new_zealand,1838,"0,0,0,0,0,0,0,0,0,0,11,173,765,2542,7114,16449,29718,43668,55209,63979,66895,60815,47666,33012,21289,12716,7202,3473,1489,676,338,163,73,30,9,0,0,0,0,0,0,0,0,0,0,0,0,0,0,0"
un_australia_and_new_zealand,1839,"0,0,0,0,0,0,0,0,0,0,10,166,838,3007,8498,19432,34018,48562,59959,67728,67894,58824,44083,29704,18797,11224,6234,2935,1325,659,347,174,76,31,8,0,0,0,0,0,0,0,0,0,0,0,0,0,0,0"
un_australia_and_new_zealand,1840,"0,0,0,0,0,0,0,0,0,0,4,110,537,1681,4691,11194,21867,35504,49136,60683,69121,69607,59643,44473,29638,18237,10468,5454,2307,898,374,162,65,24,9,0,0,0,0,0,0,0,0,0,0,0,0,0,0,0"
un_australia_and_new_zealand,1841,"0,0,0,0,0,0,0,0,0,0,2,106,591,2232,6514,15917,30103,45840,59100,69452,73050,66513,52178,36100,23264,13910,7891,3806,1633,742,373,181,80,33,11,0,0,0,0,0,0,0,0,0,0,0,0,0,0,0"
un_australia_and_new_zealand,1842,"0,0,0,0,0,0,0,0,0,0,6,115,714,2845,8279,19587,35394,51888,65094,74355,74900,64962,48724,32789,20729,12390,6894,3245,1466,730,384,193,84,34,10,0,0,0,0,0,0,0,0,0,0,0,0,0,0,0"
un_australia_and_new_zealand,1843,"0,0,0,0,0,0,0,0,0,0,0,76,471,1849,5490,13925,27897,44807,60092,72608,78942,74416,60031,42393,27532,16512,9415,4626,1928,818,379,179,75,30,12,0,0,0,0,0,0,0,0,0,0,0,0,0,0,0"
un_australia_and_new_zealand,1844,"0,0,0,0,0,0,0,0,0,0,0,53,372,1346,3993,10265,21782,37661,54224,68412,79145,80861,70390,53122,35654,22158,12785,6776,2924,1139,472,209,82,32,12,2,0,0,0,0,0,0,0,0,0,0,0,0,0,0"
un_australia_and_new_zealand,1845,"0,0,0,0,0,0,0,0,0,0,0,39,328,1234,3746,9776,21225,37464,54686,69266,80699,83725,74372,57055,38706,24304,14115,7615,3365,1306,531,230,91,35,13,4,0,0,0,0,0,0,0,0,0,0,0,0,0,0"
un_australia_and_new_zealand,1846,"0,0,0,0,0,0,0,0,0,0,0,37,347,1343,4076,10387,21003,35116,51243,67952,82201,88004,80236,62266,42590,26488,15068,8188,4211,2088,992,479,223,97,40,16,6,0,0,0,0,0,0,0,0,0,0,0,0,0"
un_australia_and_new_zealand,1847,"0,0,0,0,0,0,0,0,0,0,0,24,257,968,2737,7353,15899,28060,42392,59016,75474,88154,89528,76447,56514,37057,21985,12119,6324,3186,1506,699,324,139,51,19,7,0,0,0,0,0,0,0,0,0,0,0,0,0"
un_australia_and_new_zealand,1848,"0,0,0,0,0,0,0,0,0,0,0,17,211,841,2421,6554,14498,25565,38655,53932,70133,85034,92084,84830,66458,45623,28290,16063,8743,4495,2212,1036,489,224,90,36,14,3,0,0,0,0,0,0,0,0,0,0,0,0"
un_australia_and_new_zealand,1849,"0,0,0,0,0,0,0,0,0,0,0,12,185,896,2945,8310,18329,31010,44671,59510,75430,88529,91486,81932,63654,44360,28283,16677,9567,5339,2908,1553,823,413,204,107,62,36,20,10,3,0,0,0,0,0,0,0,0,0"
un_australia_and_new_zealand,1850,"0,0,0,0,0,0,0,0,0,0,0,7,192,1078,3745,10544,22700,37390,53044,69653,85697,95241,91856,77926,58846,41259,26462,15877,9305,5419,3092,1752,963,492,248,135,80,48,26,14,9,0,0,0,0,0,0,0,0,0"
un_australia_and_new_zealand,1851,"0,0,0,0,0,0,0,0,0,0,0,1,89,646,2606,7703,17927,31577,46895,63873,82417,97286,100000,89238,71900,52934,36288,22708,13595,8085,4726,2723,1553,840,442,245,148,91,55,32,17,10,2,0,0,0,0,0,0,0"
un_australia_and_new_zealand,1852,"0,0,0,0,0,0,0,0,0,0,0,0,89,715,2677,7497,17163,30705,45303,59919,76077,90752,99845,96935,84092,66535,48352,32280,20163,12253,7333,4321,2540,1455,803,442,256,155,94,53,29,13,8,0,0,0,0,0,0,0"
un_australia_and_new_zealand,1853,"0,0,0,0,0,0,0,0,0,0,0,0,50,587,2335,6786,16059,29931,45289,60375,76885,92731,104025,104631,93541,76734,57232,39458,25300,15636,9493,5669,3366,1962,1094,600,344,205,123,71,38,18,10,2,0,0,0,0,0,0"
un_australia_and_new_zealand,1854,"0,0,0,0,0,0,0,0,0,0,0,0,44,483,2307,7190,17329,32912,51314,71900,93338,112354,121549,114225,96736,74726,53227,34844,21468,12956,7759,4549,2634,1482,795,432,255,158,96,56,32,17,10,2,0,0,0,0,0,0"
un_australia_and_new_zealand,1855,"0,0,0,0,0,0,0,0,0,0,0,0,55,516,2609,8275,19596,36659,57461,81452,105535,126232,132678,121384,100922,76254,53319,34332,21048,12719,7618,4468,2588,1448,779,428,258,160,98,58,33,18,10,3,0,0,0,0,0,0"
un_australia_and_new_zealand,1856,"0,0,0,0,0,0,0,0,0,0,0,0,14,384,1916,6264,15315,30267,49200,70464,93793,116882,133140,134933,121455,100219,75179,52109,33508,20729,12628,7578,4517,2642,1481,812,461,276,167,96,54,27,13,8,0,0,0,0,0,0"
un_australia_and_new_zealand,1857,"0,0,0,0,0,0,0,0,0,0,0,0,16,226,1602,6007,15598,31429,52354,78656,108192,137676,159123,157376,133308,103057,72175,46603,28027,16377,9575,5547,3189,1793,972,524,309,196,121,73,42,24,12,7,0,0,0,0,0,0"
un_australia_and_new_zealand,1858,"0,0,0,0,0,0,0,0,0,0,0,0,16,413,2690,9200,21747,39911,65468,99013,136427,170682,181258,161567,127559,92136,61691,38020,22336,13022,7526,4303,2429,1323,703,392,238,151,93,56,32,18,10,3,0,0,0,0,0,0"
un_australia_and_new_zealand,1859,"0,0,0,0,0,0,0,0,0,0,0,0,13,248,1391,4961,12682,25477,44770,72021,108371,149789,184955,193895,170808,132986,93874,61686,37354,21558,12192,6974,4032,2295,1255,681,394,240,148,88,50,27,14,9,0,0,0,0,0,0"
un_australia_and_new_zealand,1860,"0,0,0,0,0,0,0,0,0,0,0,0,4,244,1247,3630,8630,18158,36786,68467,108378,154031,194890,209431,193306,153847,103383,70519,47777,26407,12809,6372,2957,1290,600,303,156,76,32,13,3,0,0,0,0,0,0,0,0,0"
un_australia_and_new_zealand,1861,"0,0,0,0,0,0,0,0,0,0,0,0,7,310,1485,4288,10222,21309,42168,76946,118873,165423,204738,216326,198575,157086,105269,72727,48702,26255,12815,6387,2882,1212,549,275,145,69,29,9,0,0,0,0,0,0,0,0,0,0"
un_australia_and_new_zealand,1862,"0,0,0,0,0,0,0,0,0,0,0,0,11,371,1680,4773,11287,23277,45470,82603,127662,177271,216771,225974,204621,159267,105991,73501,48464,25568,12540,6226,2759,1148,520,262,136,65,27,9,0,0,0,0,0,0,0,0,0,0"
un_australia_and_new_zealand,1863,"0,0,0,0,0,0,0,0,0,0,0,0,22,485,2101,6017,14162,28580,54392,95202,143048,192135,221701,220903,201290,156009,104836,73246,47999,25447,12973,6539,2887,1190,538,274,145,71,29,12,0,0,0,0,0,0,0,0,0,0"
un_australia_and_new_zealand,1864,"0,0,0,0,0,0,0,0,0,0,0,7,52,427,1920,5693,13589,27762,51091,90330,137714,186652,222327,227361,211265,173502,118544,81966,56147,31533,15870,8135,3735,1538,666,331,168,86,39,15,4,0,0,0,0,0,0,0,0,0"
un_australia_and_new_zealand,1865,"0,0,0,0,0,0,0,0,0,0,0,12,83,594,2348,6804,15845,31198,57126,99528,152072,206303,238216,239377,214261,167552,111911,77766,51517,27477,13990,7272,3337,1372,588,288,145,71,29,10,0,0,0,0,0,0,0,0,0,0"
un_australia_and_new_zealand,1866,"0,0,0,0,0,0,0,0,0,0,0,9,69,512,2126,6331,14888,29590,54391,96917,151416,210145,247336,253300,225982,178840,119521,82158,55145,29848,15129,7952,3763,1589,673,323,157,74,29,11,0,0,0,0,0,0,0,0,0,0"
un_australia_and_new_zealand,1867,"0,0,0,0,0,0,0,0,0,0,0,3,44,275,1334,4441,11391,24400,46040,85918,140072,202069,250776,268600,245155,201038,140228,94380,62765,35542,18398,9981,5001,2246,972,452,238,130,66,31,13,2,0,0,0,0,0,0,0,0"
un_australia_and_new_zealand,1868,"0,0,0,0,0,0,0,0,0,0,0,2,37,226,1122,3851,10219,22699,43882,83271,138576,203915,258007,280353,259404,214610,152286,101663,66129,37575,19655,10754,5499,2552,1139,542,294,166,92,43,17,5,0,0,0,0,0,0,0,0"
un_australia_and_new_zealand,1869,"0,0,0,0,0,0,0,0,0,0,0,4,45,276,1265,4246,11023,24100,46728,88478,147114,217492,272503,293482,267923,216881,151751,100893,64450,35976,18972,10388,5281,2460,1105,529,291,166,92,45,17,5,0,0,0,0,0,0,0,0"
un_australia_and_new_zealand,1870,"0,0,0,0,0,0,0,0,0,0,0,2,54,277,1198,3875,9986,21984,42627,81397,139407,210904,273540,303946,284710,235586,168403,111619,71759,41080,21648,11944,6262,2999,1370,658,366,211,118,59,26,9,0,0,0,0,0,0,0,0"
un_australia_and_new_zealand,1871,"0,0,0,0,0,0,0,0,0,0,0,2,35,193,1009,3576,9681,21849,42979,82691,142556,217037,282032,314173,294946,244132,174404,115560,74515,42645,22301,12209,6346,2990,1337,629,345,195,107,53,21,7,0,0,0,0,0,0,0,0"
un_australia_and_new_zealand,1872,"0,0,0,0,0,0,0,0,0,9,10,14,59,220,1022,3412,8702,19101,37497,70480,124469,193953,266320,312945,310463,272186,204452,138407,91369,55450,29535,15705,8126,3815,1733,841,464,272,156,82,37,14,3,0,0,0,0,0,0,0"
un_australia_and_new_zealand,1873,"0,0,0,0,0,6,10,10,10,19,20,27,70,224,897,3071,7848,16944,33535,61533,109941,174016,246798,307977,322425,296197,233855,161737,108215,68173,37573,19651,10278,4849,2136,986,522,308,180,99,49,20,6,0,0,0,0,0,0,0"
un_australia_and_new_zealand,1874,"0,0,0,0,1,10,16,20,20,30,30,43,92,164,637,2560,7205,16676,34228,63147,113217,177351,249475,312651,330705,306818,244368,168742,113377,71871,39100,19942,10259,4649,1923,839,430,252,147,78,36,13,0,0,0,0,0,0,0,0"
un_australia_and_new_zealand,1875,"0,0,0,0,2,14,20,28,30,39,40,52,100,130,414,1882,5516,13169,28204,54964,105227,171608,242939,311944,340705,320622,265940,187886,127349,82786,46829,23644,12183,5649,2302,941,441,245,139,75,36,14,1,0,0,0,0,0,0,0"
un_australia_and_new_zealand,1876,"0,0,0,0,5,21,30,37,41,50,53,74,137,170,574,2448,6854,15862,32954,62589,116184,184614,257050,321540,344865,322369,266120,184634,125467,83817,47037,23137,11643,5244,2057,843,411,213,106,47,17,4,0,0,0,0,0,0,0,0"
un_australia_and_new_zealand,1877,"0,0,0,0,6,26,40,43,53,60,70,86,161,206,469,1886,5392,12677,26795,51308,97908,165150,244665,327280,375695,360061,293710,206633,137946,87321,47865,23160,11433,5127,2012,798,365,195,100,49,21,6,0,0,0,0,0,0,0,0"
un_australia_and_new_zealand,1878,"0,0,0,0,5,25,43,50,63,71,80,91,175,268,482,1593,4440,10402,22172,43074,82662,146367,229271,321847,388515,388654,323773,235024,156661,97230,53896,26409,12995,6013,2441,957,420,221,121,66,31,13,1,0,0,0,0,0,0,0"
un_australia_and_new_zealand,1879,"0,0,0,0,10,35,52,62,75,87,96,115,219,405,1462,4625,11705,24295,43208,71436,120071,192322,273195,342735,380841,352208,280624,205252,137571,82758,46376,26019,14791,8351,4657,2533,1379,769,443,258,147,77,36,15,9,0,0,0,0,0"
un_australia_and_new_zealand,1880,"0,0,0,0,9,35,60,73,85,98,110,125,239,421,1412,4611,12063,25420,45361,73290,119506,189871,272022,340744,385585,365819,296048,220080,149000,90987,51414,28848,16433,9416,5331,2931,1594,885,504,291,165,86,41,16,8,0,0,0,0,0"
un_australia_and_new_zealand,1881,"0,0,0,0,9,39,69,82,96,114,126,140,264,483,1468,4665,12018,25099,44662,71974,117965,188657,274726,345015,393546,380156,314294,234961,159614,97962,55367,31261,17976,10325,5806,3160,1705,937,531,300,167,88,41,14,6,0,0,0,0,0"
un_australia_and_new_zealand,1882,"0,0,0,0,19,59,83,98,116,133,147,186,358,672,2136,6479,16126,32737,56588,89755,144718,226461,311719,373815,402164,364251,294689,214411,143866,86711,49433,28785,17069,9935,5580,3027,1634,916,523,300,166,87,39,16,9,0,0,0,0,0"
un_australia_and_new_zealand,1883,"0,0,0,0,12,50,90,105,125,146,164,181,339,729,2174,6411,15780,32360,57153,91604,145421,220443,301370,359226,394660,376124,318010,241977,167819,104547,60550,35280,20945,12261,6973,3852,2106,1164,657,374,207,106,48,16,7,0,0,0,0,0"
un_australia_and_new_zealand,1884,"0,0,0,0,18,63,104,121,142,167,185,211,402,768,2236,6589,16171,32434,55853,87762,140160,220514,312845,381718,427719,404349,333122,247473,168396,102824,58437,33639,19846,11570,6559,3593,1945,1075,613,352,192,98,43,15,7,0,0,0,0,0"
un_australia_and_new_zealand,1885,"0,0,0,0,16,65,115,133,158,183,205,227,417,626,1465,4343,10721,21927,42558,77661,136074,216056,303259,379219,444219,442704,376675,281413,190772,114387,62105,33500,18832,10483,5836,3115,1545,734,355,190,97,44,13,0,0,0,0,0,0,0"
un_australia_and_new_zealand,1886,"0,0,0,0,23,78,130,151,178,206,228,264,489,659,898,1739,3620,8146,23449,56959,118549,208298,313333,414683,502180,496480,411816,299927,197577,113090,57306,28253,14633,7467,3909,1956,825,285,94,45,22,9,0,0,0,0,0,0,0,0"
un_australia_and_new_zealand,1887,"0,0,0,0,11,66,134,159,187,220,249,264,453,699,940,1711,3459,7097,19265,48988,106376,192221,293959,394431,490642,518478,453280,346754,234533,139922,72076,34895,17744,9056,4655,2394,1075,394,123,55,27,13,3,0,0,0,0,0,0,0"
un_australia_and_new_zealand,1888,"0,0,0,0,18,83,154,179,211,246,274,300,531,781,985,1679,3358,7591,21909,55588,118877,209777,314169,416293,513306,531649,457937,345889,232800,136869,69827,33874,17345,8821,4532,2306,1015,370,116,55,27,13,2,0,0,0,0,0,0,0"
un_australia_and_new_zealand,1889,"0,0,0,0,16,81,161,193,226,266,299,321,543,836,1068,1826,3598,7256,19371,49028,107061,196978,307232,417119,525704,559803,488574,373865,252946,150593,76848,36755,18468,9347,4790,2468,1111,412,130,57,29,14,3,0,0,0,0,0,0,0"
un_australia_and_new_zealand,1890,"0,0,0,0,28,106,188,216,254,296,330,367,669,935,1165,2018,4027,8468,22646,54871,117736,215749,335451,452328,564042,573877,483322,359877,239928,138611,69442,33235,16781,8422,4340,2213,973,355,119,54,27,13,2,0,0,0,0,0,0,0"
un_australia_and_new_zealand,1891,"0,0,0,0,18,96,190,225,265,312,349,374,635,980,1225,2027,3909,7773,20238,50592,110424,204349,320265,435630,553152,592083,516374,396157,268653,159802,81008,38422,19170,9638,4896,2508,1134,426,139,62,31,15,4,0,0,0,0,0,0,0"
un_australia_and_new_zealand,1892,"0,0,0,2,66,173,227,268,315,362,392,520,938,1107,1372,2483,5308,11522,26348,58009,127264,244052,389753,533126,645634,600022,470506,333550,210749,114725,55891,26229,12475,5970,3071,1544,694,287,121,54,26,10,0,0,0,0,0,0,0,0"
un_australia_and_new_zealand,1893,"0,0,0,11,89,203,252,295,347,393,422,637,1067,1195,1529,2887,6329,13711,30424,66470,144517,273276,424181,577391,668377,592088,452765,313650,191917,101537,48662,22624,10625,5043,2581,1282,580,244,104,47,22,7,0,0,0,0,0,0,0,0"
un_australia_and_new_zealand,1894,"0,0,0,12,96,218,267,315,369,421,451,677,1135,1276,1642,3096,6626,14450,32499,71763,155481,287080,437394,589998,676347,595882,456639,315227,192329,100504,47566,21984,10284,4909,2548,1274,572,240,103,46,22,7,0,0,0,0,0,0,0,0"
un_australia_and_new_zealand,1895,"0,0,0,32,138,255,298,352,410,459,500,882,1283,1382,1875,3665,8099,17629,38639,84191,177518,322552,477927,642624,692050,579101,431250,290078,169906,86827,40871,19063,8894,4288,2182,1053,467,201,88,39,16,4,0,0,0,0,0,0,0,0"
un_australia_and_new_zealand,1896,"0,0,0,19,120,256,307,360,424,479,512,819,1314,1438,1761,3153,6771,14533,31694,68976,149694,287205,451729,627413,718945,628468,475579,325582,195355,101182,47734,22072,10318,4926,2518,1234,547,234,100,45,20,6,0,0,0,0,0,0,0,0"
un_australia_and_new_zealand,1897,"0,0,0,36,155,288,336,394,461,517,562,990,1443,1540,1947,3585,7898,17188,37190,80510,170578,318130,485436,668690,729660,616889,458039,307998,179276,91362,42995,20000,9296,4471,2262,1085,482,208,91,39,16,4,0,0,0,0,0,0,0,0"
un_australia_and_new_zealand,1898,"0,0,0,9,111,259,333,391,463,527,569,800,1394,1596,1883,3103,6244,13095,28822,62693,138570,271086,436920,611599,740367,676042,524102,367467,227459,119791,56504,25980,12175,5771,2958,1474,659,276,118,53,24,8,0,0,0,0,0,0,0,0"
un_australia_and_new_zealand,1899,"0,0,0,9,116,277,353,416,486,556,600,844,1473,1681,1948,3130,6227,13035,28523,61861,136675,269926,439723,622160,758117,694500,538323,377177,233202,122503,57601,26416,12363,5859,2997,1490,664,278,119,53,24,8,0,0,0,0,0,0,0,0"
un_australia_and_new_zealand,1900,"0,0,0,4,111,274,367,429,506,580,628,832,1499,1763,1969,2946,5523,11893,28375,62660,133154,258527,422326,602815,757187,718996,568836,404228,255936,136560,64552,30232,14698,7078,3590,1757,755,291,120,53,26,10,0,0,0,0,0,0,0,0"
un_australia_and_new_zealand,1901,"0,0,0,10,130,306,392,460,543,618,665,937,1632,1863,2114,3222,6134,13186,30523,66600,142361,275776,444282,633023,779431,722406,564844,398295,247806,129991,60809,28373,13643,6487,3259,1576,681,271,117,53,25,8,0,0,0,0,0,0,0,0"
un_australia_and_new_zealand,1902,"0,0,0,10,136,323,412,484,569,648,698,985,1716,1954,2173,3197,5894,13188,32258,70360,145607,275605,442698,637538,790300,737082,580618,408664,255882,134101,62783,29832,14685,7108,3598,1715,710,264,113,53,25,8,0,0,0,0,0,0,0,0"
un_australia_and_new_zealand,1903,"0,0,0,0,112,300,421,489,577,666,724,910,1667,2033,2187,3015,5314,11295,27782,61677,128450,249093,416680,609345,791145,774329,625194,447610,288685,155438,73295,34294,16894,8220,4188,2049,866,320,127,60,28,12,0,0,0,0,0,0,0,0"
un_australia_and_new_zealand,1904,"0,0,0,0,82,268,431,498,586,677,751,860,1586,2105,2254,2981,4986,9865,24434,56550,119765,236502,401959,584175,779747,800517,660356,483328,318578,176521,83369,38187,18761,9160,4670,2350,1016,373,135,61,30,14,2,0,0,0,0,0,0,0"
un_australia_and_new_zealand,1905,"0,0,0,0,86,280,451,522,614,708,785,900,1660,2203,2337,2996,4926,9847,24573,56639,118396,232497,399587,589458,793433,819924,679465,496928,328482,181925,86129,39551,19430,9485,4806,2380,1021,374,135,64,31,14,2,0,0,0,0,0,0,0"
un_australia_and_new_zealand,1906,"0,0,0,0,57,246,453,528,620,722,809,877,1549,2252,2396,2851,4386,8288,20319,48239,101052,200885,359725,551336,775085,855512,734964,550503,370833,212386,102300,46334,22464,11003,5497,2745,1207,450,154,71,31,15,4,0,0,0,0,0,0,0"
un_australia_and_new_zealand,1907,"0,0,0,0,61,256,473,552,647,754,844,917,1617,2352,2499,2913,4334,8087,20113,47998,100295,198752,357637,553701,789644,876634,757150,566546,380429,216966,103803,46852,22665,11100,5553,2768,1206,445,150,70,32,14,3,0,0,0,0,0,0,0"
un_australia_and_new_zealand,1908,"0,0,0,0,49,243,480,567,663,780,874,938,1582,2418,2610,3160,4825,8617,19934,48116,103070,209347,375389,563598,780598,879452,762251,580209,393606,229292,109899,48625,23203,11311,5612,2838,1265,473,156,69,33,15,4,0,0,0,0,0,0,0"
un_australia_and_new_zealand,1909,"0,0,0,0,25,210,465,574,672,790,896,959,1441,2413,2704,3223,4834,8237,17556,42788,93249,193506,354807,540526,746398,891199,802100,627051,433540,262894,129214,56454,26253,12768,6184,3121,1422,548,184,79,38,18,6,0,0,0,0,0,0,0"
un_australia_and_new_zealand,1910,"0,0,0,0,7,175,438,581,680,802,915,995,1317,2366,2782,3095,4292,7059,14053,34014,74801,158242,306529,500919,713615,910060,865409,690799,487019,304752,154817,67655,30436,14632,7009,3534,1656,660,225,92,42,21,8,0,0,0,0,0,0,0"
un_australia_and_new_zealand,1911,"0,0,0,0,17,207,483,614,722,849,966,1043,1468,2558,2916,3222,4420,7258,15032,36318,78826,165084,317923,518421,751434,941505,877482,691409,482330,296734,147927,64443,29274,14069,6763,3409,1574,620,211,89,41,19,7,0,0,0,0,0,0,0"
un_australia_and_new_zealand,1912,"0,0,0,0,17,217,503,642,755,887,1012,1091,1536,2673,3049,3430,4879,8144,16246,38327,83098,176754,338872,546869,774633,959935,883105,690529,480094,294707,145566,62306,28008,13313,6317,3177,1472,582,199,83,39,17,6,0,0,0,0,0,0,0"
un_australia_and_new_zealand,1913,"0,0,0,0,19,225,527,670,788,927,1058,1140,1603,2795,3187,3571,5036,8375,16282,37209,80498,174825,341707,556242,792865,987291,907102,707442,490646,300066,147019,62113,27387,12776,5998,3012,1399,561,203,87,39,18,6,0,0,0,0,0,0,0"
un_australia_and_new_zealand,1914,"0,0,0,0,19,236,551,702,825,970,1106,1191,1677,2918,3328,3722,5252,8868,16414,34285,73380,166456,339678,566853,817298,1020773,932901,722765,502297,305785,150084,63768,27410,12263,5601,2809,1343,578,238,104,44,20,7,0,0,0,0,0,0,0"
un_australia_and_new_zealand,1915,"0,0,0,0,34,275,605,746,873,1028,1166,1248,1874,3136,3489,3920,5603,9624,17480,34853,74679,173625,358867,596421,870783,1058359,942563,718823,492402,292406,139897,58642,24807,10862,4904,2452,1175,523,225,100,43,18,6,0,0,0,0,0,0,0"
un_australia_and_new_zealand,1916,"0,0,0,0,51,316,658,789,925,1091,1229,1312,2096,3355,3650,4121,5798,9924,18045,36101,79063,185993,384228,628130,925800,1095654,956180,709550,476047,273888,127961,53088,22182,9496,4222,2075,999,456,198,83,31,13,2,0,0,0,0,0,0,0"
un_australia_and_new_zealand,1917,"0,0,0,0,54,329,685,827,966,1136,1280,1367,2185,3499,3801,4250,5885,9961,18040,36117,79208,187747,390853,638661,946757,1121172,978506,722669,484432,278621,130176,53906,22428,9613,4287,2094,1013,472,216,94,37,15,4,0,0,0,0,0,0,0"
un_australia_and_new_zealand,1918,"0,0,0,0,99,415,762,890,1043,1215,1358,1476,2601,3783,3978,4430,6022,10021,18260,38002,87522,208817,427321,690598,1037664,1158068,968085,698444,456095,249083,111434,45285,18322,7662,3452,1675,823,397,190,88,36,17,8,0,0,0,0,0,0,0"
un_australia_and_new_zealand,1919,"0,0,0,0,80,395,771,910,1068,1252,1405,1506,2539,3880,4129,4469,5815,9206,15963,32293,74296,184066,397979,671720,1034819,1194058,1020450,742259,492158,276648,125966,51847,21176,8699,3780,1753,801,363,160,69,27,10,1,0,0,0,0,0,0,0"
un_australia_and_new_zealand,1920,"0,0,0,0,61,373,776,933,1093,1286,1449,1546,2472,3959,4287,4498,5510,8153,13660,27265,62282,157616,357068,634120,1019494,1232293,1081367,798298,536510,309644,143382,60018,25103,10472,4525,2063,929,421,202,100,50,23,12,4,0,0,0,0,0,0"
un_australia_and_new_zealand,1921,"0,0,0,0,44,350,776,959,1121,1318,1494,1600,2401,4018,4455,4831,6191,9104,14339,28432,65111,167268,374817,649716,1004574,1237420,1095411,819604,555874,328483,152921,62350,25530,10472,4392,1988,898,422,208,109,60,38,24,13,4,0,0,0,0,0"
un_australia_and_new_zealand,1922,"0,0,0,0,27,329,768,976,1150,1350,1536,1659,2333,4058,4632,5134,6687,9749,14962,29123,66058,169330,376539,646212,981205,1246834,1124568,853387,583934,353262,166792,67371,27128,10890,4451,2000,890,411,196,102,54,35,22,12,3,0,0,0,0,0"
un_australia_and_new_zealand,1923,"0,0,0,0,12,307,756,1002,1172,1381,1580,1714,2270,4075,4780,5119,6297,8778,12949,24123,53742,140978,335861,611787,957503,1274622,1188117,914523,632321,389704,188664,77076,31187,12752,5183,2197,929,429,220,117,67,44,29,18,9,0,0,0,0,0"
un_australia_and_new_zealand,1924,"0,0,0,0,0,280,738,1030,1199,1413,1623,1770,2219,4065,4951,5342,6599,9088,12959,23204,51203,135458,326163,602875,933692,1281249,1221469,955899,669443,420180,208256,85415,34153,13756,5434,2209,883,404,201,99,53,36,26,17,9,0,0,0,0,0"
un_australia_and_new_zealand,1925,"0,0,0,0,0,244,710,1057,1227,1445,1663,1829,2181,4034,5112,5404,6455,8714,12223,20265,42081,112785,285761,561650,907207,1305121,1284563,1017225,720988,456094,231593,96636,38418,15288,5962,2360,942,475,246,108,54,34,26,17,10,0,0,0,0,0"
un_australia_and_new_zealand,1926,"0,0,0,0,0,254,737,1099,1270,1498,1725,1898,2266,4187,5320,5783,7169,9839,13939,24012,50550,131603,311766,575972,903494,1313059,1308069,1043170,735583,460435,228984,92180,34863,13586,5380,2195,951,516,274,119,56,37,28,19,10,2,0,0,0,0"
un_australia_and_new_zealand,1927,"0,0,0,0,0,263,764,1139,1321,1556,1790,1969,2350,4344,5538,6157,7791,10698,15276,26898,57494,145637,329668,586072,909593,1333068,1333144,1063967,744941,464604,229089,90757,33747,13051,5204,2170,977,543,287,122,57,40,29,20,10,2,0,0,0,0"
un_australia_and_new_zealand,1928,"0,0,0,0,0,323,856,1194,1391,1638,1883,2056,2575,4718,5740,6151,7481,10170,14255,24216,49833,135627,329935,604420,966086,1390880,1363875,1076146,747976,459208,221232,86857,32890,13310,5556,2429,1109,571,272,100,35,13,3,0,0,0,0,0,0,0"
un_australia_and_new_zealand,1929,"0,0,0,0,15,383,944,1250,1464,1723,1970,2138,2832,5081,5950,6306,7556,10200,14273,24198,50551,143275,347761,631635,1029256,1438243,1377316,1071309,735865,444212,209150,81167,31300,12997,5523,2448,1118,551,246,88,34,12,2,0,0,0,0,0,0,0"
un_australia_and_new_zealand,1930,"0,0,0,0,122,598,1164,1374,1609,1887,2115,2270,3827,5839,6206,6710,8245,11363,16606,29612,68606,195692,438946,759326,1266515,1507020,1300862,959927,629038,345198,148665,56027,22056,9191,3948,1727,827,402,163,54,20,9,0,0,0,0,0,0,0,0"
un_australia_and_new_zealand,1931,"0,0,0,0,251,801,1284,1485,1746,2016,2235,2559,4715,6242,6483,7289,9233,12700,20122,38920,103962,278347,546809,889754,1398603,1498108,1215397,859536,545989,275304,109321,41782,17713,7774,3479,1577,741,340,140,61,24,10,0,0,0,0,0,0,0,0"
un_australia_and_new_zealand,1932,"0,0,0,0,167,692,1269,1479,1733,2020,2260,2454,4320,6278,6727,8423,12699,20044,32473,58132,126665,297690,555135,833935,1284101,1460307,1228444,907092,598085,322563,132852,50147,21548,9468,4080,1867,939,513,270,140,73,43,25,17,10,5,0,0,0,0"
un_australia_and_new_zealand,1933,"0,0,0,0,98,587,1220,1467,1716,2018,2277,2430,3880,6208,6801,8151,12034,19076,30389,53695,112304,267057,517913,786477,1198686,1471493,1284755,974308,657073,375727,162086,60375,25264,11251,4812,2239,1130,626,334,174,90,53,33,20,12,9,0,0,0,0"
un_australia_and_new_zealand,1934,"0,0,0,0,41,493,1144,1456,1708,2007,2288,2465,3467,6031,6887,8061,11926,19319,30947,53844,109526,258130,507422,767948,1111080,1450665,1316604,1017399,700957,424326,193232,72169,29391,13285,5779,2818,1490,837,452,232,121,70,44,29,20,10,6,0,0,0"
un_australia_and_new_zealand,1935,"0,0,0,0,0,396,1041,1454,1691,1995,2289,2499,3131,5738,6993,8068,12021,19953,32724,56850,114245,265617,514016,767738,1032425,1401997,1332275,1045240,736988,467847,224757,84379,33204,14923,6499,3244,1811,1068,612,328,174,98,64,44,31,20,10,5,0,0"
un_australia_and_new_zealand,1936,"0,0,0,0,0,344,988,1473,1707,2014,2314,2545,3038,5615,7117,7775,10799,17478,28776,48053,91124,211930,437471,706074,1003208,1422456,1413051,1116672,796109,513580,255273,98597,38551,17313,7631,3741,2039,1168,656,350,185,100,63,44,31,20,10,5,0,0"
un_australia_and_new_zealand,1937,"0,0,0,0,0,292,929,1490,1722,2028,2339,2591,2967,5468,7242,7747,10139,15637,25293,41404,75887,176484,386846,659333,961603,1413832,1466192,1183873,856212,560813,287103,113197,43581,19367,8590,4109,2165,1195,652,338,173,95,59,39,27,18,10,3,0,0"
un_australia_and_new_zealand,1938,"0,0,0,0,0,242,875,1501,1738,2039,2363,2635,2918,5300,7349,7733,8997,12042,17774,28018,51479,127592,316152,591121,912340,1409779,1543141,1276297,933654,617146,323520,129582,48686,20889,9241,4416,2293,1200,610,296,148,78,47,28,20,10,7,0,0,0"
un_australia_and_new_zealand,1939,"0,0,0,0,0,248,897,1541,1781,2090,2423,2702,2992,5434,7533,7874,8787,11019,15366,23555,43376,110729,292658,571245,908583,1435648,1585956,1318213,963467,633825,330501,131491,48922,20605,8971,4215,2122,1064,513,233,113,58,34,20,11,10,0,0,0,0"
un_australia_and_new_zealand,1940,"0,0,0,0,0,158,772,1498,1769,2072,2429,2726,2925,4926,7516,8104,9779,14099,22049,35067,62601,143904,338689,619703,896493,1323861,1537189,1297429,979230,666896,371876,153471,55359,22991,10008,4616,2526,1442,817,437,224,118,70,45,31,20,11,7,0,0"
un_australia_and_new_zealand,1941,"0,0,0,0,0,48,586,1362,1734,2034,2388,2721,2933,4127,7178,8208,9624,13878,21863,34671,60924,130313,307213,585373,851631,1177127,1518387,1365443,1067548,749371,459007,206018,74700,29404,12406,5047,2540,1402,814,455,239,126,73,47,33,22,14,9,0,0"
un_australia_and_new_zealand,1942,"0,0,0,0,0,0,333,1061,1700,1963,2311,2663,2955,3382,6231,8262,9032,11435,16231,23947,40296,83416,211936,457782,756109,1022668,1475133,1529894,1231718,894198,584463,292835,108567,38224,15087,5898,2848,1644,967,549,292,147,81,50,34,23,15,10,1,0"
un_australia_and_new_zealand,1943,"0,0,0,0,0,0,279,1004,1724,1993,2338,2711,3022,3349,6081,8434,9179,11561,16544,24625,40556,80826,201260,442586,748598,1005282,1448601,1555848,1270782,943033,628624,327541,125371,44488,17730,6953,3223,1810,1056,602,323,166,91,56,37,25,17,10,3,0"
un_australia_and_new_zealand,1944,"0,0,0,0,0,0,426,1226,1827,2117,2494,2869,3153,3765,6958,8822,9632,12630,18841,28861,48365,95970,233549,491657,795726,1092087,1550257,1543199,1234299,897090,585091,286977,106266,39154,16138,6375,3014,1642,942,530,283,146,81,51,34,23,15,10,1,0"
un_australia_and_new_zealand,1945,"0,0,0,0,0,23,592,1454,1923,2251,2650,3031,3288,4351,7809,9156,10169,13687,20780,32120,54433,110260,265010,537004,839834,1199854,1634421,1526514,1204549,857783,538154,248231,89666,34183,14223,5648,2747,1481,836,465,243,123,70,45,32,21,12,8,0,0"
un_australia_and_new_zealand,1946,"0,0,0,0,0,95,754,1657,2043,2393,2812,3188,3416,5123,8567,9479,10006,11641,15049,20870,34817,75543,213385,480916,813974,1344551,1788958,1617478,1250568,861150,504989,217272,76315,29123,12117,5048,2490,1230,580,256,109,48,23,11,8,0,0,0,0,0"
un_australia_and_new_zealand,1947,"0,0,0,0,0,58,701,1626,2069,2429,2854,3248,3504,4928,8573,9750,10057,11023,13152,16881,26206,51027,153394,393676,730595,1288270,1846264,1737122,1359779,940561,564790,250467,89157,33350,13746,5569,2562,1163,502,197,73,29,9,0,0,0,0,0,0,0"
un_australia_and_new_zealand,1948,"0,0,0,0,0,25,644,1587,2101,2460,2895,3310,3590,4753,8526,9984,10463,11868,14686,18780,30023,60698,178496,442762,789708,1254359,1801254,1725902,1367634,966848,596682,271201,95630,34052,13171,5004,2251,1023,455,182,61,18,6,0,0,0,0,0,0,0"
un_australia_and_new_zealand,1949,"0,0,0,0,0,0,493,1420,2119,2455,2893,3328,3660,4368,8071,10243,10648,11833,14304,18135,27079,49695,133719,358446,704775,1147797,1790046,1837459,1483149,1070790,686832,332357,120629,41151,15235,5464,2245,987,457,201,70,23,8,0,0,0,0,0,0,0"
un_australia_and_new_zealand,1950,"0,0,0,0,0,0,425,1350,2161,2496,2937,3386,3754,4297,7916,10484,10784,11449,13060,16267,23559,42306,106569,303042,642131,1100442,1791216,1910212,1568191,1148106,755484,381829,143890,50195,18976,6816,2661,1111,478,212,101,55,30,21,13,7,0,0,0,0"
un_australia_and_new_zealand,1951,"0,0,0,0,0,0,443,1406,2252,2603,3063,3530,3914,4481,8256,10934,11331,12393,14711,18511,27125,50263,130259,355117,722395,1155407,1819312,1926254,1569657,1153737,761760,383786,142165,48416,17811,6151,2435,1035,411,157,66,31,12,5,0,0,0,0,0,0"
un_australia_and_new_zealand,1952,"0,0,0,0,0,0,551,1589,2367,2742,3231,3717,4088,4878,9011,11421,11752,12790,15126,19214,28982,53360,139987,377408,753176,1234896,1924635,1967106,1586096,1149684,747272,363629,131532,44928,16440,5648,2395,1066,424,156,59,24,5,0,0,0,0,0,0,0"
un_australia_and_new_zealand,1953,"0,0,0,0,0,0,475,1511,2419,2795,3288,3791,4204,4812,8864,11737,12159,13261,15686,19975,29513,53945,135583,366095,738821,1189425,1904143,2030002,1660800,1222378,803352,402574,147943,49587,18073,6167,2512,1146,469,170,65,24,5,0,0,0,0,0,0,0"
un_australia_and_new_zealand,1954,"0,0,0,0,0,0,319,1314,2401,2800,3281,3822,4274,4639,8166,11872,12457,13172,14817,18082,24863,44095,102459,291951,638418,1069529,1819313,2133649,1807471,1366147,918318,490567,190709,63513,23229,8182,3136,1448,612,218,74,29,8,0,0,0,0,0,0,0"
un_australia_and_new_zealand,1955,"0,0,0,0,0,0,255,1241,2412,2852,3339,3912,4386,4705,7927,12095,12842,13428,14889,17825,23281,40195,91373,269098,617931,1055433,1788784,2185728,1880170,1438372,984024,545792,216778,71476,25544,8919,3111,1326,555,232,104,53,29,18,10,5,0,0,0,0"
un_australia_and_new_zealand,1956,"0,0,0,0,0,0,263,1287,2502,2956,3458,4049,4544,4876,8213,12531,13296,13730,14789,17118,22407,38963,88875,265243,615027,1062510,1831007,2249808,1938601,1484324,1016055,562810,222798,73089,26077,9101,3153,1334,557,229,101,51,29,16,10,4,0,0,0,0"
un_australia_and_new_zealand,1957,"0,0,0,0,0,0,273,1333,2588,3057,3580,4193,4703,5045,8500,12968,13756,14204,15284,17657,23044,39897,90661,270728,627177,1082180,1869782,2301984,1984178,1520854,1042000,576947,227616,74149,26283,9096,3121,1321,552,226,101,49,27,15,10,3,0,0,0,0"
un_australia_and_new_zealand,1958,"0,0,0,0,0,0,208,1248,2590,3110,3637,4277,4819,5145,8211,13140,14195,14595,15635,17873,22704,38471,83443,249203,597242,1046967,1817024,2354409,2074267,1608726,1113606,636686,258616,84024,29209,10205,3359,1438,605,246,106,51,30,15,10,3,0,0,0,0"
un_australia_and_new_zealand,1959,"0,0,0,0,0,0,147,1169,2565,3163,3704,4353,4931,5284,7921,13251,14647,15002,15777,17393,21331,36175,76335,227839,565827,1013833,1757921,2399097,2166085,1699444,1189203,700285,292853,95040,32304,11267,3520,1497,642,272,118,59,35,19,10,6,0,0,0,0"
un_australia_and_new_zealand,1960,"0,0,0,0,0,0,91,1093,2527,3215,3773,4430,5045,5441,7649,13304,15111,15473,16221,17716,21152,34765,69987,205683,530049,978219,1696574,2436954,2261943,1791838,1267218,767102,331381,108308,36043,12516,3799,1561,682,307,142,70,43,23,15,10,1,0,0,0"
un_australia_and_new_zealand,1961,"0,0,0,0,0,0,157,1249,2738,3375,3952,4646,5265,5639,8455,14145,15631,15917,16411,17405,20417,34172,71148,215488,549682,1006217,1823267,2532848,2296356,1806165,1263066,742158,309770,99947,33581,11599,3559,1494,670,306,135,63,37,21,11,9,0,0,0,0"
un_australia_and_new_zealand,1962,"0,0,0,0,0,0,40,1033,2536,3358,3928,4624,5283,5732,7588,13615,15939,16257,16779,17750,20260,32644,64429,189015,505089,958384,1658203,2510117,2412461,1929332,1380884,856782,380815,124660,40032,13585,3940,1536,666,305,137,65,35,19,10,7,0,0,0,0"
un_australia_and_new_zealand,1963,"0,0,0,0,0,0,0,932,2438,3401,3958,4667,5354,5843,7321,13450,16520,17201,18200,19505,22046,33690,62719,174205,473849,919420,1576685,2505325,2506118,2023948,1465878,933684,429507,142763,45084,15529,4655,1812,784,328,130,52,22,12,0,0,0,0,0,0"
un_australia_and_new_zealand,1964,"0,0,0,0,0,0,0,671,2131,3411,3938,4631,5341,5923,6779,12511,16711,17449,18369,19540,21720,30649,55315,145641,419402,854804,1427383,2404187,2608886,2157447,1607608,1067712,528726,185410,58233,20438,6554,2501,1117,473,177,64,26,15,0,0,0,0,0,0"
un_australia_and_new_zealand,1965,"0,0,0,0,0,0,0,560,2006,3443,3981,4669,5411,6035,6684,12143,16919,17695,18465,19497,21482,28992,51458,129915,385636,818603,1372485,2370862,2695607,2257778,1702230,1145852,587349,211274,65531,22762,7350,2692,1208,508,193,74,30,15,0,0,0,0,0,0"
un_australia_and_new_zealand,1966,"0,0,0,0,0,0,0,457,1889,3447,4020,4710,5487,6135,6660,11721,17035,17817,18362,19321,21521,28548,50636,122864,361875,786033,1317688,2316013,2767754,2355278,1797982,1224770,650701,242212,75338,26131,8588,3080,1451,662,280,116,48,22,4,0,0,0,0,0"
un_australia_and_new_zealand,1967,"0,0,0,0,0,0,0,364,1767,3428,4050,4741,5552,6230,6680,11256,17170,18233,18860,20101,22826,30450,55178,132005,380888,821471,1329977,2246482,2781103,2392134,1851959,1277007,703036,267715,81592,27429,8762,2870,1408,678,302,135,57,26,10,1,0,0,0,0"
un_australia_and_new_zealand,1968,"0,0,0,0,0,0,0,187,1487,3258,4016,4701,5528,6263,6709,10056,16821,18594,19187,20492,23177,30042,54320,123564,351231,784154,1277016,2058192,2791860,2505318,1979119,1390540,818395,331840,100510,31719,9956,2626,1265,622,290,139,62,29,10,5,0,0,0,0"
un_australia_and_new_zealand,1969,"0,0,0,0,0,0,0,115,1378,3183,4048,4752,5582,6356,6854,9638,16753,19005,19469,20402,22252,26900,45914,96535,282394,683707,1198102,1984431,2862711,2659935,2113787,1498173,907047,382697,118121,36892,11784,3035,1323,608,264,114,49,22,4,0,0,0,0,0"
un_australia_and_new_zealand,1970,"0,0,0,0,0,0,0,50,1269,3115,4124,4825,5678,6490,7041,9317,16714,19558,19971,20708,22120,25786,42941,87413,256343,647959,1173347,1913506,2893927,2782755,2230641,1598937,994302,434600,135817,41321,13001,3149,1208,505,191,73,28,10,0,0,0,0,0,0"
un_australia_and_new_zealand,1971,"0,0,0,0,0,0,0,0,1160,3032,4228,4921,5797,6653,7261,9098,16654,20232,20654,21364,22638,25855,41339,81437,234340,613449,1148258,1852264,2922357,2917477,2357388,1712687,1091330,495046,157648,47145,14885,3590,1294,547,208,79,31,11,1,0,0,0,0,0"
un_australia_and_new_zealand,1972,"0,0,0,0,0,0,0,0,1194,3119,4350,5062,5968,6846,7471,9361,17136,20818,21243,21928,23120,26111,41016,78999,227071,605772,1148530,1886324,3001959,3003657,2427157,1762990,1123020,509414,161869,48173,15230,3694,1335,563,210,76,30,10,2,0,0,0,0,0"
un_australia_and_new_zealand,1973,"0,0,0,0,0,0,0,0,1028,2954,4395,5092,6000,6900,7589,9055,16721,21184,21645,22315,23420,26188,39522,74474,207146,569740,1113645,1806245,2974363,3098830,2526623,1860750,1211445,571094,186312,54881,17376,4261,1425,607,232,83,32,10,4,0,0,0,0,0"
un_australia_and_new_zealand,1974,"0,0,0,0,0,0,0,0,872,2768,4431,5119,6019,6939,7695,8809,16223,21478,22033,22648,23618,26055,37111,67680,179122,514838,1050508,1720711,2939009,3203395,2644110,1971954,1306375,639841,215498,63058,20064,5134,1609,692,271,96,35,12,6,0,0,0,0,0"
un_australia_and_new_zealand,1975,"0,0,0,0,0,0,0,0,888,2819,4510,5211,6127,7065,7832,8965,16513,21862,22434,23085,24152,26815,38691,71655,191292,541385,1090821,1753469,2968376,3226398,2660667,1988789,1319233,645871,216706,63020,19823,4908,1498,647,250,89,33,11,5,0,0,0,0,0"
un_australia_and_new_zealand,1976,"0,0,0,0,0,0,0,0,732,2629,4510,5214,6117,7089,7904,8752,15885,22015,22761,23402,24469,27166,37992,70448,181942,519760,1069665,1687757,2882645,3274032,2731877,2074125,1398363,711359,246093,70829,21996,5469,1498,641,247,88,33,12,5,0,0,0,0,0"
un_australia_and_new_zealand,1977,"0,0,0,0,0,0,0,0,744,2673,4583,5299,6217,7203,8032,8895,16143,22372,23149,23864,25097,28239,40585,77703,204534,562809,1129017,1720316,2885915,3267751,2724387,2076083,1403761,714264,245890,70043,21353,5070,1314,554,206,72,26,10,4,0,0,0,0,0"
un_australia_and_new_zealand,1978,"0,0,0,0,0,0,0,0,603,2491,4548,5305,6213,7237,8094,8782,15456,22465,23495,24177,25364,28318,39002,73433,185670,521953,1080839,1653848,2793025,3319902,2808196,2171376,1488531,787481,280850,79672,24180,5913,1385,594,227,80,31,11,5,0,0,0,0,0"
un_australia_and_new_zealand,1979,"0,0,0,0,0,0,0,0,476,2313,4489,5302,6206,7271,8156,8749,14732,22477,23855,24504,25699,28590,38361,72141,177364,498787,1051688,1598157,2678366,3349270,2882681,2259470,1568174,861568,318240,89940,26813,6656,1316,565,214,76,27,11,5,0,0,0,0,0"
un_australia_and_new_zealand,1980,"0,0,0,0,0,0,0,0,485,2354,4571,5399,6318,7397,8292,8893,14982,22852,24246,24873,26000,28704,37853,69779,168726,484023,1034596,1599587,2711120,3398480,2926600,2293845,1592930,875442,323406,91332,28019,13617,7877,4554,2633,1526,881,511,297,172,99,56,27,13"
un_australia_and_new_zealand,1981,"0,0,0,0,0,0,0,0,447,2288,4595,5463,6390,7506,8423,8994,14788,23107,24716,25294,26353,28813,36852,66604,155574,455323,998703,1571029,2682679,3460427,3012593,2372812,1656139,926223,348181,98281,29555,13702,7923,4581,2648,1533,888,512,297,171,98,57,28,13"
un_australia_and_new_zealand,1982,"0,0,0,0,0,0,0,0,549,2599,4683,5516,6660,7953,9077,9767,14132,22334,23561,24645,26045,28284,36276,64710,148521,421336,945752,1594590,2718077,3562457,3057425,2391560,1690708,963623,388223,113266,34232,15840,9163,5298,3064,1774,1025,595,344,199,116,66,33,16"
un_australia_and_new_zealand,1983,"0,0,0,0,0,0,0,0,1036,3160,5772,6664,7589,8688,9631,10205,14468,20578,22140,24294,26441,29415,40108,69963,156941,409667,917378,1705764,2831190,3576408,3054795,2365934,1645382,978005,443719,133863,40952,18106,10382,6001,3471,2006,1161,672,389,225,131,76,39,19"
un_australia_and_new_zealand,1984,"0,0,0,0,0,0,0,0,1184,3489,6210,7042,8084,9283,10328,10979,14656,19120,21396,24089,26511,29748,40663,71832,157836,399268,905644,1731533,2899986,3590084,3072215,2390073,1702248,1007477,451347,130850,40621,19535,11158,6454,3729,2156,1247,722,416,241,140,81,42,21"
un_australia_and_new_zealand,1985,"0,0,0,0,0,0,0,0,612,3203,5453,6495,8123,9758,11322,12275,12790,15357,19943,24572,28402,31682,41683,68134,156096,390413,907888,1665561,2858640,3762097,3246538,2317802,1706680,1081297,443021,128378,41610,20388,11717,6775,3918,2267,1311,758,438,255,146,85,45,22"
un_australia_and_new_zealand,1986,"0,0,0,0,0,0,0,0,640,3137,5615,6559,7988,9533,10903,11907,13527,16386,20135,23866,26854,30220,39754,73768,168723,406110,906028,1687574,2851761,3766304,3240289,2440304,1738736,1103041,458479,131103,42995,21829,12593,7283,4212,2435,1409,813,471,271,159,93,48,24"
un_australia_and_new_zealand,1987,"0,0,0,0,0,0,0,0,671,3070,5750,6657,7875,9276,10507,11315,14190,18117,20342,22655,24582,29693,41749,65373,139763,387840,908896,1716717,2915175,3748673,3315780,2553969,1823110,1096287,436245,121449,45177,24377,14078,8142,4709,2721,1574,911,528,304,176,101,55,27"
un_australia_and_new_zealand,1988,"0,0,0,0,0,0,0,0,702,2990,5763,6674,7688,8946,10013,10711,13989,18551,19848,21287,22756,28459,42980,85285,195202,419606,886933,1727935,2987634,3818871,3245811,2576787,1821100,1124354,472479,149800,51243,24384,13950,8065,4665,2698,1559,903,521,303,175,101,55,26"
un_australia_and_new_zealand,1989,"0,0,0,0,0,0,0,0,867,2811,5513,7475,7978,8674,9320,9804,13358,17329,19408,21201,23468,29398,44611,91597,203489,441138,927601,1817844,2917774,3691467,3286178,2695975,1856390,1137857,529757,178067,62000,28715,17057,10329,6256,3792,2296,1391,844,513,311,189,110,63"
un_australia_and_new_zealand,1990,"0,0,0,0,0,0,0,0,1236,3554,6495,7466,8367,9425,10374,11064,12860,16795,18376,20255,23106,30738,45398,88953,196856,450117,978573,1906848,3046876,3683877,3318370,2683905,1916461,1127174,518026,171667,60028,28731,17114,10365,6276,3803,2303,1394,845,514,312,190,111,63"
un_australia_and_new_zealand,1991,"0,0,0,0,0,0,0,0,1647,4374,7117,7920,9143,10453,11712,12665,13608,16741,17748,19802,23305,31197,48067,94211,209886,497363,1104130,2027001,3189854,3730026,3351327,2681756,1841378,1037971,473399,159301,57453,27042,14783,8548,4940,2858,1654,958,552,319,184,108,56,30"
un_australia_and_new_zealand,1992,"0,0,0,0,0,0,0,0,1972,5089,7417,8434,9868,11458,12960,14158,14888,16656,17211,19245,24156,32809,48493,88756,205946,504563,1130576,2161877,3324242,3796373,3393548,2629950,1789562,1017458,439551,148793,57502,26869,14613,8450,4887,2827,1635,944,547,315,182,105,56,29"
un_australia_and_new_zealand,1993,"0,0,0,0,0,0,0,0,1950,5462,7597,8884,10604,12410,14187,15618,16303,16654,16971,18474,23368,32391,48954,83858,186221,477518,1164816,2232667,3363192,3789353,3450477,2644377,1822713,1024435,449920,147860,55624,27065,14888,8608,4979,2880,1665,963,558,322,187,108,59,28"
un_australia_and_new_zealand,1994,"0,0,0,0,0,0,0,0,69,389,854,1231,1374,1482,1840,5163,11950,15308,16331,17804,23263,32568,49189,77296,169382,451866,1161033,2261144,3480707,3975523,3508936,2673600,1784738,1004814,437934,144370,54708,26558,14721,8513,4922,2847,1646,950,551,318,184,109,60,28"
un_australia_and_new_zealand,1995,"0,0,0,0,0,0,0,0,0,0,0,0,0,0,102,3757,11369,14678,16174,17551,22965,32095,49580,71903,147901,411381,1061530,2183202,3540271,4089492,3692020,2769510,1812986,1021992,444375,144543,54582,27029,15128,8749,5062,2924,1693,979,566,328,189,111,63,29"
un_australia_and_new_zealand,1996,"0,0,0,0,0,0,0,148,740,1521,1892,2276,2687,3063,3316,5086,11626,14120,15832,17300,23367,31435,47009,74224,149027,412894,1032302,2165868,3611694,4101490,3643673,2819721,1892312,1091176,481226,156904,59438,29038,15949,9225,5336,3087,1785,1031,595,345,200,115,67,31"
un_australia_and_new_zealand,1997,"0,0,0,0,0,0,0,0,2189,6300,8334,9950,11808,12719,13971,15123,16096,17425,19477,20996,23131,29584,42995,70539,139128,386626,1029316,2153469,3562502,4097074,3566178,2909207,2038120,1151275,523016,173868,64385,31101,16939,9796,5665,3278,1895,1095,632,365,213,121,71,35"
un_australia_and_new_zealand,1998,"0,0,0,0,0,0,0,0,2171,6294,8357,9819,10824,12040,13467,14787,16024,17105,19207,20959,23136,30375,40451,66480,137769,370449,964201,2015318,3379831,4063953,3790642,3025569,2149694,1248454,591294,205103,73415,34163,19872,12020,7271,4399,2663,1612,978,593,360,216,131,75"
un_australia_and_new_zealand,1999,"0,0,0,0,0,0,0,0,2162,6278,8186,9552,10501,11821,13186,14687,15890,16981,19095,20959,22773,29679,37620,61270,126752,330796,881640,1883099,3323402,4084334,3858936,3183430,2272685,1318540,657749,237907,83129,37324,21341,12902,7800,4716,2857,1728,1048,634,384,235,141,80"
un_australia_and_new_zealand,2000,"0,0,0,0,0,0,0,0,59,657,1592,2692,3269,3438,3629,6175,9215,11357,14047,16294,20460,28738,35797,59544,127007,325518,876453,1791845,3215284,4064037,3896177,3293598,2443553,1439495,720226,270919,93565,40686,22843,13820,8361,5061,3063,1855,1127,681,415,249,152,88"
un_australia_and_new_zealand,2001,"0,0,0,0,0,0,0,0,0,0,0,0,0,0,368,4783,8516,11018,14097,16693,20398,28956,34178,56729,128754,315589,858568,1688582,3123905,4144999,4045174,3290727,2538159,1535663,772413,293701,99596,43813,24601,14882,9005,5451,3302,1999,1213,735,447,270,164,94"
un_australia_and_new_zealand,2002,"0,0,0,0,0,0,0,0,2052,6623,9522,10656,12371,13743,14282,14904,16221,18798,21292,23518,25089,27551,33954,57960,117494,262328,773499,1671471,3173577,4214397,4019999,3398637,2605994,1566270,788878,306204,107113,46020,25290,15286,9246,5590,3385,2047,1241,750,455,275,168,98"
un_australia_and_new_zealand,2003,"0,0,0,0,0,0,0,0,0,0,0,1291,4923,7346,8734,10492,12209,13355,15556,17758,20228,24830,34486,62813,116867,233266,726971,1631215,3153154,4267816,4207039,3419948,2643583,1674085,847391,334353,115075,47874,26206,15829,9568,5784,3498,2117,1280,775,470,286,175,102"
un_australia_and_new_zealand,2004,"0,0,0,0,0,0,0,0,112,937,2092,3644,5595,7957,10511,12959,14354,15843,17151,18290,19921,21762,30218,43925,82518,170818,508112,1328569,2748615,4226477,4399930,3843841,2951254,1816811,948109,425122,167276,72888,36217,21500,13036,7903,4793,2908,1763,1071,648,394,239,144"
un_australia_and_new_zealand,2005,"0,0,0,0,0,0,0,0,47,747,1859,3282,5138,7249,9664,11929,13295,14761,16305,17691,18929,19970,23826,41309,73721,157953,444751,1182016,2527816,4010120,4433141,3964819,3165846,2058720,1123980,526519,219699,98770,46829,25085,15212,9231,5600,3400,2063,1253,760,463,281,169"
un_australia_and_new_zealand,2006,"0,0,0,0,0,0,0,0,0,357,1516,2791,4504,6506,8822,10907,12220,13760,15430,16816,18027,19229,23759,33913,67809,145773,393115,1037729,2256481,3757122,4375369,4087712,3366626,2401992,1358462,656866,283455,130877,61726,30936,18207,11054,6712,4077,2478,1505,915,556,338,204"
un_australia_and_new_zealand,2007,"0,0,0,0,0,0,0,0,0,0,499,1970,3483,5396,7250,8728,10461,12352,14326,16106,17667,18903,23336,31138,61556,130629,349052,911854,1983925,3520120,4262545,4266628,3612168,2718126,1594124,771068,341396,171618,84998,41706,23193,14095,8569,5209,3164,1926,1170,712,432,264"
un_australia_and_new_zealand,2008,"0,0,0,0,0,0,0,0,0,0,0,584,2422,3961,5430,7379,9379,11574,13760,15740,17477,18910,24520,34043,63356,135650,391020,973200,1974560,3530881,4351201,4304055,3612633,2747339,1650325,838428,378140,188128,93679,46333,25058,15237,9270,5636,3428,2087,1270,774,469,287"
un_australia_and_new_zealand,2009,"0,0,0,0,0,0,0,0,0,0,0,446,2205,4351,6719,9249,10932,12903,14881,16790,18197,20185,27968,37465,75405,142922,326094,952367,2059639,3636533,4500117,4337010,3728814,2811858,1663543,846335,355703,160383,80965,42774,23903,14533,8837,5375,3269,1987,1209,737,447,272"
un_australia_and_new_zealand,2010,"0,0,0,0,0,0,0,0,0,0,0,113,1665,3760,6111,8758,11520,14254,15877,17434,18578,21996,30504,41641,84763,162642,403796,987173,1976689,3533992,4602850,4435358,3802959,2936178,1725890,820741,351363,166128,81719,41418,23370,14207,8636,5250,3194,1943,1184,718,437,267"
un_australia_and_new_zealand,2011,"0,0,0,0,0,0,0,0,5,1968,2959,3802,4387,5203,6615,8626,10736,12995,14885,16198,16897,21046,28799,38865,78405,153479,378706,930063,1865384,3383722,4684813,4584852,3910087,3010205,1814147,938728,426558,193770,88625,42491,23611,14354,8728,5307,3224,1962,1193,727,440,268"
un_australia_and_new_zealand,2012,"0,0,0,0,0,0,0,0,464,2743,4708,5975,7655,8492,8865,9338,10333,11982,13497,14561,16430,20911,26891,35693,72814,140538,319193,842530,1778674,3301968,4704847,4836006,4118456,3132368,1929666,1011490,408397,161141,77980,42190,24587,14943,9083,5524,3358,2044,1243,756,458,281"
un_australia_and_new_zealand,2013,"0,0,0,0,0,0,0,0,1194,3619,5396,6983,8573,9140,9930,10856,11646,12496,13049,13578,15425,19787,25224,32822,67311,139086,325029,821279,1759902,3303471,4717746,5003426,4239899,3177373,1959684,1047253,445970,181867,80764,39844,21581,12081,6975,4150,2542,1599,1035,687,467,325"
un_australia_and_new_zealand,2014,"0,0,0,0,0,0,0,0,1054,2484,4279,6063,6860,7924,9345,10559,11814,12674,13863,17354,19550,21687,25860,34365,61808,130546,321025,786572,1666308,3147022,4614294,5350422,4558199,3162716,2048789,1061659,463084,211114,90721,44121,23969,13523,7902,4773,2978,1915,1268,860,600,428"
un_australia_and_new_zealand,2015,"0,0,0,0,0,0,0,57,1833,4215,5317,6341,7747,9047,9885,10833,11706,12423,13204,15787,18218,21826,27777,34205,62571,110288,241053,779322,1773973,3301984,4712253,5209795,4501686,3490447,2109328,1080208,443860,178566,85235,46073,27776,16989,10481,6526,4108,2613,1685,1100,729,491"
un_australia_and_new_zealand,2016,"0,0,0,0,0,0,0,0,1359,2105,3182,4696,6383,8237,9693,10675,11833,12790,13392,16249,20662,23626,33274,40905,63312,139768,326272,859260,1849748,3237978,4664207,5195115,4532847,3610580,2200329,1080277,441023,186666,94662,55839,36534,23910,15667,10280,6762,4462,2956,1969,1321,891"
un_australia_and_new_zealand,2017,"0,0,0,0,0,0,0,74,1890,4539,7782,9034,9533,9997,10655,11317,11978,12607,13060,13390,13905,20789,30210,42392,74555,139777,335098,858739,1791538,3239124,4925272,5293861,4673054,3606690,2160777,1111035,470738,196624,92702,49937,32829,21566,14018,9042,5797,3705,2369,1517,978,634"
un_australia_and_new_zealand,2018,"0,0,0,0,0,0,0,27,845,1916,3389,5355,7575,9798,12012,13599,14257,14588,15832,17681,19208,24055,28339,43121,89771,155612,366432,898502,1838919,3208491,4826436,5315087,4869688,3730976,2195407,1150518,499554,205666,94805,53506,31658,19227,11972,7637,4979,3319,2255,1561,1099,787"
un_australia_and_new_zealand,2019,"0,0,0,0,0,0,0,99,978,2110,3653,5616,7896,10145,12320,13836,14439,14855,16197,18088,19511,24179,27937,45002,95417,160575,368779,912291,1908635,3371619,5093060,5453442,4958627,3591130,2115568,1114648,480397,201469,95194,57213,35525,22403,14344,9320,6146,4106,2783,1909,1323,932"
un_australia_and_new_zealand,2020,"0,0,0,0,0,0,0,236,1273,2418,4086,6146,8389,10734,12747,14047,14252,14677,16295,18343,19782,25141,28664,49451,96994,166153,414834,991731,2038353,3615943,5274574,5459216,4935908,3517135,2064113,1070334,457866,193002,85261,43072,23732,13546,7989,4863,3047,1965,1301,883,616,436"
un_australia_and_new_zealand,2021,"0,0,0,0,0,0,0,103,1009,2176,3770,5792,8144,10464,12705,14274,14900,15321,16704,18655,20125,24938,28819,46424,98438,165720,380694,941907,1967141,3439968,5242264,5605657,5026463,3650749,2181887,1149765,492497,206253,97764,58513,36109,22578,14300,9178,5976,3935,2629,1776,1218,844"
un_australia_and_new_zealand,2022,"0,0,0,0,0,0,0,29,1104,2180,3772,5869,8253,10626,12860,14393,14678,14950,16341,18516,20222,24565,28891,42669,90649,149637,348426,880102,1861106,3362713,5171333,5455675,5194507,3914193,2361860,1271063,556814,229240,105784,62641,38717,24171,15250,9727,6274,4101,2706,1809,1226,841"
un_australia_and_new_zealand,2023,"0,0,0,0,0,0,0,28,897,2033,3589,5675,8029,10391,12735,14406,15108,15454,16786,18748,20352,24617,28968,43008,94719,158243,350943,882432,1873817,3360458,5195466,5732112,5230298,3871281,2345929,1253436,549916,227867,106627,65097,41805,27259,18044,12122,8251,5702,3984,2820,2017,1459"
un_australia_and_new_zealand,2024,"0,0,0,0,0,0,0,0,0,466,2534,4845,7689,10559,13224,14574,14927,15273,16698,19615,21603,23202,29649,43318,98990,151898,360376,838179,1834272,3204718,5423967,5952241,5346446,3837220,2446116,1246234,513561,219954,100018,57064,34478,21417,13672,8949,6012,4130,2897,2072,1511,1120"
un_australia_and_new_zealand,2025,"0,0,0,0,0,0,0,30,1126,2218,3837,5978,8398,10819,13091,14646,14934,15220,16635,18846,20588,25013,29412,43453,92332,152514,355522,891563,1875411,3418554,5350872,5725698,5297862,4019467,2429742,1300044,572540,236474,109051,66298,42526,27729,18372,12364,8445,5852,4111,2923,2103,1529"
un_australia_and_new_zealand,2026,"0,0,0,0,0,0,0,0,881,1960,3455,5481,7793,10131,12409,14061,14469,14698,15860,17985,19900,23641,28392,38652,85370,144654,325931,835590,1764735,3230950,5167308,5799578,5413688,4256533,2641650,1438163,656717,271181,119847,66284,40178,25019,15984,10463,7015,4808,3363,2398,1743,1283"
un_australia_and_new_zealand,2027,"0,0,0,0,0,0,0,0,883,1968,3467,5502,7826,10171,12458,14119,14529,14758,15921,18062,19997,23766,28504,38622,84775,142207,317017,816669,1743427,3235063,5215348,5876660,5493551,4314861,2678575,1457804,666275,275392,121731,67289,40846,25470,16291,10676,7165,4920,3446,2459,1788,1321"
un_australia_and_new_zealand,2028,"0,0,0,0,0,0,0,0,756,1848,3300,5315,7608,9979,12306,14046,14568,14779,15794,17915,19934,23321,28315,36644,81245,138949,301279,782573,1669051,3110801,5078148,5925329,5577989,4489963,2841328,1561977,729012,301236,131347,71125,43099,26829,17141,11221,7519,5160,3610,2576,1873,1381"
un_australia_and_new_zealand,2029,"0,0,0,0,0,0,0,0,757,1855,3311,5335,7633,10015,12350,14096,14623,14831,15848,17982,20015,23416,28399,36589,80645,136552,292932,763523,1646623,3109186,5119744,6000729,5657640,4549608,2879158,1582326,739005,305684,133390,72226,43848,27341,17490,11471,7697,5289,3706,2648,1925,1422"
un_australia_and_new_zealand,2030,"0,0,0,0,0,0,0,0,759,1862,3325,5349,7661,10045,12389,14142,14667,14879,15899,18044,20091,23523,28541,36780,81060,137446,295216,769323,1660055,3135290,5161921,6051408,5705423,4585873,2901669,1594571,745114,308467,134600,72974,44389,27732,17775,11678,7850,5404,3795,2714,1978,1464"
un_australia_and_new_zealand,2031,"0,0,0,0,0,0,0,0,761,1867,3335,5367,7682,10074,12427,14182,14715,14914,15946,18102,20161,23624,28672,36969,81451,138315,297440,774975,1673175,3160840,5203167,6101015,5752188,4621285,2923639,1606512,751089,311202,135780,73704,44914,28109,18047,11878,7997,5514,3880,2779,2029,1504"
un_australia_and_new_zealand,2032,"0,0,0,0,0,0,0,0,763,1872,3343,5387,7703,10108,12466,14222,14755,14963,16000,18163,20240,23719,28752,36923,80868,135841,289344,755971,1651420,3156230,5240049,6173998,5831368,4684009,2963490,1627377,761045,315638,137152,71329,42715,26354,16738,10924,7327,5034,3542,2547,1866,1392"
un_australia_and_new_zealand,2033,"0,0,0,0,0,0,0,0,639,1760,3180,5178,7469,9899,12280,14119,14773,14969,15849,17985,20129,23226,28522,35284,76741,132188,273785,720674,1579622,3036826,5079562,6200932,5900891,4853531,3134499,1738685,830356,345185,148902,75488,45106,27780,17614,11476,7685,5276,3706,2661,1949,1452"
un_australia_and_new_zealand,2034,"0,0,0,0,0,0,0,0,641,1763,3186,5191,7483,9920,12309,14150,14809,15002,15883,18026,20185,23306,28632,35441,77098,133058,276036,726169,1592071,3060357,5116266,6245455,5943455,4886909,3156097,1750698,836528,348226,150246,76244,45648,28167,17889,11677,7831,5384,3786,2725,1998,1491"
un_australia_and_new_zealand,2035,"0,0,0,0,0,0,0,0,523,1662,3029,4971,7245,9705,12108,14029,14824,15004,15742,17837,20053,22795,28369,34017,72049,127392,254840,670296,1488451,2908222,4931489,6277603,6037387,5076926,3349955,1877095,915586,382810,164485,81106,48443,29827,18905,12318,8246,5658,3975,2852,2090,1558"
un_australia_and_new_zealand,2036,"0,0,0,0,0,0,0,0,523,1663,3033,4978,7260,9721,12129,14054,14850,15031,15767,17867,20092,22838,28415,34057,72182,127849,256428,674698,1499160,2929933,4965711,6321218,6079624,5109861,3370684,1888868,921835,385884,165918,81926,49043,30257,19214,12542,8405,5781,4066,2922,2143,1601"
un_australia_and_new_zealand,2037,"0,0,0,0,0,0,0,0,523,1667,3039,4986,7270,9737,12146,14075,14871,15052,15794,17894,20134,22894,28465,33966,71545,125250,248070,652332,1469050,2911332,4991837,6392447,6154234,5171281,3410211,1910838,932582,390785,168064,83135,49869,30822,19603,12813,8599,5917,4170,3002,2202,1645"
un_australia_and_new_zealand,2038,"0,0,0,0,0,0,0,0,410,1563,2883,4760,7061,9482,11933,13939,14875,15046,15671,17677,19986,22359,28234,33059,66954,121820,235243,616289,1400036,2795102,4809001,6387438,6215770,5326359,3591520,2033736,1012266,427104,182365,88094,52517,32404,20576,13433,8999,6189,4352,3129,2296,1715"
un_australia_and_new_zealand,2039,"0,0,0,0,0,0,0,0,410,1566,2886,4760,7067,9483,11944,13946,14883,15055,15680,17689,20014,22393,28260,32989,66546,120135,229788,599573,1375997,2776665,4821472,6441335,6278395,5386468,3631240,2056848,1023671,432469,184778,89510,55782,35906,23619,15866,10870,7587,5401,3906,2865,2134"
un_australia_and_new_zealand,2040,"0,0,0,0,0,0,0,0,411,1566,2889,4764,7076,9492,11957,13958,14897,15069,15697,17708,20050,22453,28369,33161,66832,120813,231489,603413,1384743,2794465,4850598,6479373,6317741,5418988,3653446,2069458,1030284,435747,186128,90134,56254,36261,23889,16070,11028,7713,5499,3984,2929,2184"
un_australia_and_new_zealand,2041,"0,0,0,0,0,0,0,0,307,1461,2733,4546,6875,9225,11729,13804,14889,15060,15577,17484,19881,21951,28084,32587,62254,117684,221139,571143,1320751,2677723,4658594,6445367,6375471,5567299,3840126,2199849,1115168,476147,202138,95644,58971,37965,24981,16789,11514,8044,5727,4147,3048,2274"
un_australia_and_new_zealand,2042,"0,0,0,0,0,0,0,0,307,1463,2734,4549,6881,9230,11733,13813,14899,15068,15587,17497,19902,21985,28119,32544,61888,116113,216286,555742,1296465,2655004,4667414,6496952,6443591,5631767,3881560,2224162,1127493,481938,204692,96827,59718,38481,25343,17050,11702,8183,5838,4227,3115,2325"
un_australia_and_new_zealand,2043,"0,0,0,0,0,0,0,0,307,1463,2735,4550,6882,9234,11739,13818,14904,15072,15594,17507,19922,22024,28180,32634,62048,116523,217477,558773,1303904,2671135,4695050,6534428,6482481,5663514,3902602,2236212,1133820,485166,206129,97516,60229,38868,25635,17272,11876,8317,5943,4316,3179,2378"
un_australia_and_new_zealand,2044,"0,0,0,0,0,0,0,0,218,1357,2578,4358,6645,8991,11505,13634,14879,15057,15490,17286,19711,21646,27736,32157,56987,111252,202293,511321,1216442,2524547,4484766,6476843,6555423,5829887,4114316,2388956,1231517,533457,226045,104541,63545,40931,26952,18127,12445,8709,6211,4504,3316,2479"
un_australia_and_new_zealand,2045,"0,0,0,0,0,0,0,0,218,1357,2578,4358,6647,8992,11508,13635,14880,15057,15491,17292,19726,21682,27792,32257,57172,111767,203958,515596,1226487,2544256,4512706,6506668,6585788,5857528,4135203,2402363,1239026,537723,228226,105557,64231,41424,27309,18393,12641,8857,6328,4592,3389,2533"
un_australia_and_new_zealand,2046,"0,0,0,0,0,0,0,0,218,1357,2578,4358,6647,8992,11508,13636,14880,15058,15489,17292,19707,21642,27747,32248,57261,112142,205204,518398,1231398,2552965,4534941,6547531,6629813,5890304,4155002,2413767,1244517,540055,229130,106022,64627,41758,27582,18609,12816,8992,6434,4678,3455,2591"
un_australia_and_new_zealand,2047,"0,0,0,0,0,0,0,0,135,1260,2437,4164,6377,8761,11275,13436,14827,15035,15403,17073,19461,21425,27141,31848,52553,106842,191224,472301,1144689,2404316,4324844,6463526,6703526,6046667,4368450,2574412,1347373,592853,250914,113847,68049,43886,28935,19491,13401,9390,6709,4878,3598,2695"
un_australia_and_new_zealand,2048,"0,0,0,0,0,0,0,0,135,1259,2437,4161,6373,8754,11271,13433,14825,15033,15392,17069,19460,21440,27178,31906,52653,107110,192109,474659,1150481,2417440,4347961,6496019,6739190,6077060,4389189,2586694,1353918,596331,252531,114580,68564,44286,29242,19724,13580,9533,6821,4963,3668,2750"
un_australia_and_new_zealand,2049,"0,0,0,0,0,0,0,0,135,1259,2436,4158,6371,8752,11265,13426,14815,15015,15387,17064,19458,21454,27200,31934,52686,107179,192408,475654,1153872,2427155,4368161,6531769,6781383,6111049,4408804,2596861,1359158,598845,253445,115007,68932,44602,29502,19930,13747,9667,6927,5048,3739,2806"
un_australia_and_new_zealand,2050,"0,0,0,0,0,0,0,0,135,1257,2434,4155,6368,8745,11257,13416,14799,15005,15377,17054,19452,21455,27209,31895,52429,106006,188863,463825,1129534,2395820,4356934,6563511,6847442,6181766,4454526,2624283,1372137,604809,255986,116212,69653,45114,29873,20203,13950,9820,7044,5141,3809,2865"
un_australia_and_new_zealand,2051,"0,0,0,0,0,0,0,0,54,1168,2296,3951,6110,8528,10994,13223,14727,14987,15298,16829,19198,21279,26473,31420,48391,101795,180344,435081,1076057,2290646,4178494,6447538,6888902,6292950,4646976,2779399,1473443,659989,278835,123951,69926,44340,28832,19215,13107,9136,6513,4734,3504,2636"
un_australia_and_new_zealand,2052,"0,0,0,0,0,0,0,0,54,1167,2295,3946,6103,8518,10983,13208,14712,14968,15283,16813,19185,21279,26489,31450,48451,101957,181025,437003,1080833,2301928,4198831,6476710,6922010,6321653,4666544,2791087,1479715,663402,280466,124676,70420,44734,29139,19447,13286,9275,6621,4821,3572,2692"
un_australia_and_new_zealand,2053,"0,0,0,0,0,0,0,0,54,1165,2292,3942,6099,8507,10971,13190,14696,14954,15266,16795,19170,21273,26487,31429,48275,101098,178582,428345,1060947,2274496,4185815,6498058,6980179,6385283,4711477,2819268,1494056,670757,283850,126182,71272,45335,29564,19754,13510,9442,6747,4915,3644,2750"
un_australia_and_new_zealand,2054,"0,0,0,0,0,0,0,0,0,1058,2154,3744,5861,8277,10683,12988,14594,14923,15191,16558,18903,21104,25824,31042,44911,96912,171011,401485,1008537,2167754,4009627,6353733,7013485,6483039,4902804,2982041,1599923,730616,308904,136053,74774,47491,30928,20636,14095,9840,7021,5112,3786,2854"
un_australia_and_new_zealand,2055,"0,0,0,0,0,0,0,0,0,1057,2151,3739,5853,8266,10668,12968,14573,14902,15169,16535,18885,21094,25836,31084,45005,97196,172229,404945,1016691,2184887,4034358,6376989,7034952,6503141,4919217,2994088,1607264,735223,311601,137350,75549,48050,31330,20932,14317,10009,7146,5208,3864,2915"
un_australia_and_new_zealand,2056,"0,0,0,0,0,0,0,0,0,1057,2147,3733,5843,8253,10654,12947,14551,14876,15145,16511,18860,21079,25819,31024,44756,96171,169125,395040,994287,2157178,4020682,6396067,7091470,6564832,4964585,3022961,1622498,742764,314966,138883,76383,48641,31753,21234,14540,10173,7273,5304,3936,2975"
un_australia_and_new_zealand,2057,"0,0,0,0,0,0,0,0,0,1056,2144,3727,5835,8240,10635,12924,14527,14854,15122,16481,18804,20963,25661,30864,44604,95982,169041,396584,1000299,2169878,4041204,6422736,7119757,6590084,4981104,3033533,1628417,746308,316874,139866,77052,49153,32141,21529,14759,10339,7402,5406,4016,3038"
un_australia_and_new_zealand,2058,"0,0,0,0,0,0,0,0,0,902,2008,3534,5610,7979,10370,12704,14396,14812,15047,16256,18529,20758,25016,30449,41798,91784,162525,372350,948943,2063733,3870365,6254266,7142883,6676199,5171222,3205042,1740110,811683,345019,151029,80789,51472,33617,22492,15399,10780,7708,5622,4174,3154"
un_australia_and_new_zealand,2059,"0,0,0,0,0,0,0,0,0,901,2005,3529,5599,7965,10352,12680,14370,14787,15020,16227,18498,20732,24989,30395,41642,91252,160939,366426,931581,2038286,3849293,6262332,7191367,6734983,5219106,3235868,1757318,820540,348977,152810,81717,52120,34074,22818,15640,10957,7840,5724,4254,3214"
un_australia_and_new_zealand,2060,"0,0,0,0,0,0,0,0,0,898,2001,3523,5587,7949,10332,12653,14341,14759,14990,16193,18466,20706,24974,30394,41662,91298,161374,367902,935242,2047331,3866086,6286529,7220009,6761200,5237348,3247130,1763493,824046,350802,153615,82205,52507,34375,23051,15817,11094,7950,5812,4324,3271"
un_australia_and_new_zealand,2061,"0,0,0,0,0,0,0,0,0,896,1996,3513,5575,7930,10308,12627,14311,14727,14959,16159,18430,20679,24952,30424,41906,91588,161642,369351,941672,2057975,3876907,6299004,7245144,6791253,5261488,3261329,1771164,828189,352943,154181,82575,52849,34665,23282,16002,11241,8066,5905,4399,3330"
un_australia_and_new_zealand,2062,"0,0,0,0,0,0,0,0,0,895,1992,3505,5564,7912,10287,12599,14279,14692,14925,16122,18394,20649,24920,30357,41674,90679,158897,361295,921377,2031516,3857423,6308916,7294921,6848903,5309273,3291669,1787784,836587,356757,155896,83429,53444,35084,23585,16222,11404,8187,6000,4472,3391"
un_australia_and_new_zealand,2063,"0,0,0,0,0,0,0,0,0,758,1859,3316,5343,7645,10031,12370,14119,14645,14854,15892,18115,20417,24274,29895,39220,85657,151202,335222,865447,1921376,3688580,6121798,7313853,6933384,5501388,3472985,1903924,905331,387044,167957,87157,55774,36578,24567,16884,11863,8507,6227,4638,3515"
un_australia_and_new_zealand,2064,"0,0,0,0,0,0,0,0,0,757,1855,3309,5330,7626,10007,12337,14084,14608,14814,15852,18074,20381,24240,29862,39191,85578,151279,336578,871532,1934461,3706735,6137698,7331824,6955626,5523862,3487161,1910116,908968,389299,168682,87433,56068,36845,24792,17072,12018,8633,6332,4726,3587"
un_australia_and_new_zealand,2065,"0,0,0,0,0,0,0,0,0,756,1850,3303,5317,7614,9982,12317,14050,14575,14782,15823,18041,20356,24225,29859,39214,85624,151657,337966,875110,1943292,3723237,6161792,7361217,6983843,5544249,3499883,1917116,912899,391396,169590,84654,53263,34565,23019,15718,10988,7861,5749,4286,3254"
un_australia_and_new_zealand,2066,"0,0,0,0,0,0,0,0,0,754,1846,3296,5302,7594,9955,12286,14012,14535,14743,15783,17995,20315,24185,29787,38987,84703,148575,328976,851484,1910158,3697377,6173557,7415805,7043506,5593174,3530415,1933778,920933,395123,171218,85403,53818,34972,23314,15938,11152,7986,5845,4360,3316"
un_australia_and_new_zealand,2067,"0,0,0,0,0,0,0,0,0,626,1726,3119,5071,7322,9699,12040,13838,14482,14674,15550,17715,20070,23531,29335,37019,79599,141691,305338,797273,1804211,3535457,5970090,7416674,7116062,5780827,3719441,2056452,995000,428791,185041,90036,56218,36488,24300,16592,11598,8295,6064,4522,3434"
un_australia_and_new_zealand,2068,"0,0,0,0,0,0,0,0,0,625,1722,3109,5057,7303,9672,12003,13800,14442,14633,15507,17667,20026,23493,29306,37016,79583,141915,306418,800089,1811434,3549276,5990172,7441442,7140604,5798489,3730517,2062613,998522,430793,185916,90484,56601,36800,24543,16782,11745,8411,6156,4595,3490"
un_australia_and_new_zealand,2069,"0,0,0,0,0,0,0,0,0,624,1715,3100,5042,7281,9643,11971,13758,14398,14589,15462,17617,19982,23456,29274,37013,79560,142135,307478,802885,1818618,3563021,6010115,7466025,7164982,5816001,3741505,2068721,1002025,432791,186790,90942,56979,37099,24778,16964,11887,8524,6244,4664,3549"
un_australia_and_new_zealand,2070,"0,0,0,0,0,0,0,0,0,621,1712,3091,5025,7259,9615,11932,13717,14353,14544,15415,17567,19931,23407,29212,36882,79186,141083,304027,790088,1796247,3534668,6002373,7499972,7216909,5867955,3774414,2088460,1012124,437466,188772,91874,57648,37582,25127,17216,12078,8665,6353,4748,3614"
un_australia_and_new_zealand,2071,"0,0,0,0,0,0,0,0,0,620,1706,3080,5011,7235,9582,11893,13673,14309,14498,15366,17514,19879,23365,29176,36842,79227,141816,305859,791359,1797449,3541164,6019638,7523461,7245717,5890717,3790148,2095562,1014126,438196,188798,91930,57792,37744,25282,17354,12195,8762,6431,4816,3670"
un_australia_and_new_zealand,2072,"0,0,0,0,0,0,0,0,0,617,1702,3071,4993,7209,9551,11852,13625,14262,14449,15314,17456,19811,23266,29003,36582,78777,140963,304481,789830,1798536,3549635,6045096,7563745,7281804,5905865,3793022,2096068,1014009,438080,188917,92210,58098,38023,25514,17541,12346,8882,6529,4893,3732"
un_australia_and_new_zealand,2073,"0,0,0,0,0,0,0,0,0,500,1592,2901,4756,6945,9291,11597,13439,14200,14374,15094,17164,19542,22609,28559,35047,73749,135233,284999,742123,1701883,3395145,5826022,7535638,7338559,6082658,3985627,2226051,1095185,476370,205146,97609,60784,39727,26622,18284,12850,9231,6777,5072,3867"
un_australia_and_new_zealand,2074,"0,0,0,0,0,0,0,0,0,498,1586,2891,4738,6920,9258,11557,13391,14150,14321,15038,17106,19483,22552,28475,34854,73055,133131,279390,726029,1676298,3366124,5819592,7568669,7389654,6134679,4018026,2245830,1104807,480817,207046,98447,61387,40166,26946,18519,13028,9367,6883,5153,3929"
un_australia_and_new_zealand,2075,"0,0,0,0,0,0,0,0,0,496,1581,2881,4721,6893,9226,11511,13340,14097,14267,14984,17046,19423,22501,28421,34823,72976,133210,280169,728151,1682061,3377620,5836541,7589868,7411547,6150160,4027579,2251197,1107911,482724,207898,98879,61763,40480,27197,18721,13184,9491,6984,5234,3995"
un_australia_and_new_zealand,2076,"0,0,0,0,0,0,0,0,0,495,1574,2870,4702,6866,9189,11465,13289,14042,14215,14925,16985,19359,22444,28405,34970,73351,134365,282776,730959,1685574,3383502,5848225,7611194,7437833,6167261,4037342,2256160,1110877,484630,208657,99218,62075,40752,27421,18898,13330,9605,7072,5306,4054"
un_australia_and_new_zealand,2077,"0,0,0,0,0,0,0,0,0,494,1568,2858,4685,6840,9153,11421,13236,13986,14157,14865,16920,19296,22372,28228,34572,72486,133089,281683,730585,1687428,3390317,5865453,7637707,7462933,6183784,4047914,2261375,1112988,485786,209113,99416,62306,40973,27617,19063,13464,9717,7164,5380,4116"
un_australia_and_new_zealand,2078,"0,0,0,0,0,0,0,0,0,382,1463,2697,4448,6607,8864,11162,13036,13912,14072,14667,16610,19016,21698,27793,33404,67462,127678,263822,683167,1591642,3235221,5637209,7586587,7513189,6353889,4247335,2398869,1199401,527665,226493,105540,65073,42738,28773,19837,13992,10086,7429,5573,4256"
un_australia_and_new_zealand,2079,"0,0,0,0,0,0,0,0,0,382,1454,2684,4427,6573,8823,11108,12973,13842,14002,14596,16534,18938,21621,27694,33208,66792,125618,258648,668310,1566109,3203020,5621837,7607876,7558154,6402774,4277497,2418237,1208784,532068,228337,105801,66637,45301,31434,22250,16045,11784,8808,6683,5145"
un_australia_and_new_zealand,2080,"0,0,0,0,0,0,0,0,0,382,1452,2672,4407,6545,8784,11058,12912,13782,13940,14532,16463,18867,21557,27625,33155,66685,125599,259224,669960,1570760,3212642,5636053,7625487,7577283,6416234,4285708,2422920,1211509,533891,229183,106191,66930,45540,31628,22407,16170,11889,8894,6753,5204"
un_australia_and_new_zealand,2081,"0,0,0,0,0,0,0,0,0,378,1443,2660,4387,6514,8744,11008,12853,13719,13876,14467,16389,18792,21487,27553,33100,66569,125566,259779,671563,1575293,3222021,5649823,7642481,7595804,6429164,4293553,2427393,1214131,535674,230013,106575,67252,45818,31860,22600,16332,12019,8997,6839,5274"
un_australia_and_new_zealand,2082,"0,0,0,0,0,0,0,0,0,378,1437,2648,4366,6482,8703,10957,12791,13654,13810,14398,16315,18717,21420,27478,33041,66444,125524,260313,673104,1579705,3231154,5663138,7658840,7613699,6441539,4301024,2431655,1216647,537414,230827,106943,67542,46070,32067,22770,16468,12133,9090,6917,5339"
un_australia_and_new_zealand,2083,"0,0,0,0,0,0,0,0,0,375,1430,2633,4345,6450,8660,10904,12730,13588,13745,14328,16240,18638,21344,27389,32954,66256,125268,260033,672449,1578904,3232551,5676395,7686310,7643968,6457371,4305038,2432314,1216438,537135,230626,106912,67601,46166,32175,22873,16563,12214,9162,6980,5393"
un_australia_and_new_zealand,2084,"0,0,0,0,0,0,0,0,0,373,1424,2622,4323,6419,8618,10849,12667,13520,13676,14257,16162,18556,21268,27289,32787,65680,123442,255466,659092,1553879,3198030,5655144,7702474,7690915,6513091,4338262,2452978,1225533,541234,232253,107538,68030,46493,32427,23065,16716,12334,9258,7057,5459"
un_australia_and_new_zealand,2085,"0,0,0,0,0,0,0,0,0,278,1317,2467,4101,6203,8327,10581,12454,13433,13584,14065,15852,18262,20637,26791,31912,60748,118092,239215,614771,1464432,3048047,5421771,7621339,7731055,6672413,4539206,2596497,1316578,587355,252009,114639,70749,48296,33648,23907,17306,12759,9566,7285,5629"
un_australia_and_new_zealand,2086,"0,0,0,0,0,0,0,0,0,275,1313,2454,4081,6170,8282,10526,12389,13363,13515,13995,15773,18180,20561,26706,31848,60587,117684,238488,613247,1463323,3052119,5433066,7638233,7753828,6691307,4548342,2600685,1317250,587888,252306,114874,70969,48505,33834,24064,17438,12867,9659,7362,5694"
un_australia_and_new_zealand,2087,"0,0,0,0,0,0,0,0,0,274,1305,2440,4061,6137,8239,10472,12324,13293,13444,13919,15693,18097,20481,26621,31774,60451,117573,238871,614479,1466927,3059970,5444858,7652648,7770458,6702843,4555066,2604550,1319500,589566,253124,115248,71270,48770,34058,24249,17592,12993,9764,7447,5767"
un_australia_and_new_zealand,2088,"0,0,0,0,0,0,0,0,0,273,1298,2426,4039,6106,8194,10413,12256,13223,13373,13845,15613,18011,20403,26535,31701,60318,117458,239247,615701,1470513,3067782,5456567,7666938,7786955,6714247,4561703,2608362,1321722,591239,253939,115607,71547,49013,34258,24416,17729,13106,9855,7523,5831"
un_australia_and_new_zealand,2089,"0,0,0,0,0,0,0,0,0,271,1290,2414,4017,6072,8150,10359,12193,13151,13302,13773,15530,17926,20322,26443,31629,60179,117339,239624,616911,1474068,3075528,5468152,7681039,7803279,6725493,4568226,2612113,1323911,592902,254749,115962,71845,49274,34484,24603,17883,13232,9960,7612,5903"
un_australia_and_new_zealand,2090,"0,0,0,0,0,0,0,0,0,271,1284,2402,3995,6039,8105,10304,12126,13080,13227,13695,15449,17839,20241,26342,31453,59644,115701,235541,604977,1450393,3043809,5447518,7691222,7846371,6775594,4600327,2633871,1334610,597818,256780,116785,72363,49644,34751,24802,18034,13349,10051,7687,5965"
un_australia_and_new_zealand,2091,"0,0,0,0,0,0,0,0,0,267,1277,2386,3971,6005,8060,10244,12059,13008,13156,13620,15367,17753,20162,26252,31407,59639,115897,236019,607726,1459692,3057844,5458506,7694574,7852061,6782207,4608859,2641691,1339057,601664,258861,117827,73120,50229,35201,25153,18308,13564,10223,7824,6071"
un_australia_and_new_zealand,2092,"0,0,0,0,0,0,0,0,0,267,1269,2374,3950,5971,8016,10188,11992,12938,13083,13544,15285,17668,20085,26166,31332,59506,115790,236407,608999,1463444,3065911,5470434,7708967,7868721,6793779,4615683,2645663,1341367,603409,259712,118212,73416,50484,35416,25329,18451,13681,10320,7904,6140"
un_australia_and_new_zealand,2093,"0,0,0,0,0,0,0,0,0,189,1171,2225,3759,5731,7759,9926,11761,12838,12990,13374,15058,17567,20098,26516,32179,57221,114384,227760,576819,1386646,2918860,5232812,7588314,7882616,6933993,4819107,2801903,1442068,656955,284493,127627,77025,52895,37057,26466,19254,14256,10738,8213,6371"
un_australia_and_new_zealand,2094,"0,0,0,0,0,0,0,0,0,186,1165,2211,3737,5700,7715,9871,11696,12764,12918,13300,14978,17483,20028,26442,32128,57136,114316,228189,578183,1390267,2926716,5244815,7602688,7899630,6946429,4826570,2806397,1444651,658897,285486,128072,77354,53175,37289,26657,19413,14384,10844,8300,6444"
un_australia_and_new_zealand,2095,"0,0,0,0,0,0,0,0,0,186,1157,2200,3717,5672,7676,9818,11638,12693,12846,13228,14903,17411,19966,26385,32105,57196,114806,230021,582715,1398773,2940477,5259750,7614853,7912326,6956383,4835772,2813445,1449550,662097,287057,128169,74742,50760,35215,24943,18022,13275,9957,7593,5885"
un_australia_and_new_zealand,2096,"0,0,0,0,0,0,0,0,0,185,1151,2190,3694,5640,7632,9763,11570,12623,12774,13155,14823,17327,19898,26313,32055,57115,114740,230461,584102,1402467,2948485,5272021,7629598,7929759,6969169,4843461,2818075,1452201,664082,288073,128612,75078,51061,35475,25162,18200,13418,10074,7692,5965"
un_australia_and_new_zealand,2097,"0,0,0,0,0,0,0,0,0,184,1144,2176,3675,5607,7588,9706,11506,12550,12700,13080,14741,17244,19827,26230,31916,56667,113293,226813,573533,1380250,2918730,5251097,7636022,7972999,7019303,4877917,2841722,1464193,669686,290440,129567,75649,51472,35774,25380,18366,13548,10173,7771,6029"
un_australia_and_new_zealand,2098,"0,0,0,0,0,0,0,0,0,183,1138,2165,3652,5574,7544,9650,11438,12479,12628,13005,14659,17163,19754,26155,31867,56587,113227,227258,574937,1383981,2926815,5263455,7650844,7990500,7032117,4885616,2846353,1466851,671681,291458,130018,75976,51760,36018,25584,18533,13682,10286,7861,6104"
un_australia_and_new_zealand,2099,"0,0,0,0,0,0,0,0,0,181,1133,2150,3632,5543,7500,9595,11374,12403,12552,12930,14578,17078,19683,26081,31817,56503,113160,227712,576352,1387753,2934964,5275927,7665800,8008164,7045057,4893398,2851030,1469535,673689,292486,130469,76299,52049,36263,25788,18697,13817,10396,7953,6177"
un_australia_and_new_zealand,2100,"0,0,0,0,0,0,0,0,0,181,1124,2139,3611,5510,7455,9541,11305,12331,12478,12855,14499,17034,19737,26264,32220,57296,114888,230428,577851,1388944,2936512,5283174,7681146,8025710,7059052,4905335,2860228,1473410,676017,293303,130409,76245,52071,36319,25853,18765,13882,10452,8003,6225"
un_central_and_southern_asia,1800,"0,0,87,903,3381,11567,36147,93512,185192,332318,635698,1448097,3767795,8320278,14435408,22689720,32341728,38443367,39189719,33322300,23197367,14277148,8551673,5139577,3054124,1772717,1053629,656269,399957,222828,116290,61445,33908,18508,9604,4747,2285,1090,503,208,71,5,0,0,0,0,0,0,0,0"
un_central_and_southern_asia,1801,"0,0,87,903,3381,11565,36134,93441,184874,331505,634418,1447511,3770570,8330534,14457515,22728510,32400287,38514800,39263437,33385440,23241356,14304137,8567799,5149294,3059894,1776074,1055623,657509,400718,223258,116508,61561,33973,18545,9621,4758,2290,1094,506,209,71,5,0,0,0,0,0,0,0,0"
un_central_and_southern_asia,1802,"0,0,87,903,3380,11555,36087,93247,184328,330585,633534,1447210,3773601,8341380,14480800,22768346,32458942,38586078,39337065,33448268,23285009,14330865,8583734,5158852,3065568,1779368,1057579,658736,401469,223676,116726,61681,34035,18579,9640,4765,2296,1094,508,209,72,5,0,0,0,0,0,0,0,0"
un_central_and_southern_asia,1803,"0,0,87,903,3380,11555,36087,93247,184311,330550,633536,1447982,3777857,8353353,14503891,22807053,32516627,38656531,39410048,33510790,23328484,14357514,8599646,5168403,3071250,1782664,1059544,659963,402223,224098,116947,61795,34103,18613,9656,4774,2298,1097,508,209,72,5,0,0,0,0,0,0,0,0"
un_central_and_southern_asia,1804,"0,0,87,903,3380,11555,36086,93243,184293,330520,633545,1448779,3782158,8365396,14527096,22845927,32574524,38727199,39483246,33573493,23372091,14384236,8615611,5177986,3076935,1785965,1061503,661190,402977,224520,117169,61911,34168,18648,9674,4784,2303,1097,508,209,72,5,0,0,0,0,0,0,0,0"
un_central_and_southern_asia,1805,"0,0,87,903,3380,11554,36075,93181,184011,329768,632336,1448250,3785137,8375941,14549542,22885259,32633870,38799565,39557869,33637379,23416610,14411571,8631944,5187835,3082790,1789364,1063531,662458,403752,224949,117392,62030,34228,18685,9693,4791,2306,1099,509,210,72,5,0,0,0,0,0,0,0,0"
un_central_and_southern_asia,1806,"0,0,87,903,3380,11554,36075,93180,183995,329807,638876,1528093,4026753,8791336,15085098,23810223,33440954,39334948,39511550,32937725,22574963,13818088,8265193,4976755,2943837,1710225,1021573,636802,385047,212447,110604,58742,32477,17652,9107,4486,2153,1029,472,193,62,3,0,0,0,0,0,0,0,0"
un_central_and_southern_asia,1807,"0,0,87,903,3380,11554,36074,93179,183984,329782,638922,1529106,4031650,8804403,15109653,23851325,33500943,39407223,39585166,32999467,22617194,13843832,8280546,4985986,2949292,1713399,1023466,637984,385770,212852,110811,58855,32540,17687,9124,4494,2159,1028,472,194,62,3,0,0,0,0,0,0,0,0"
un_central_and_southern_asia,1808,"0,0,87,903,3380,11554,36074,93177,183971,329754,638975,1530126,4036587,8817534,15134319,23892591,33561144,39479721,39658999,33061374,22659559,13869647,8295951,4995251,2954772,1716582,1025373,639180,386492,213252,111016,58967,32601,17720,9144,4503,2162,1030,474,194,63,3,0,0,0,0,0,0,0,0"
un_central_and_southern_asia,1809,"0,0,87,903,3380,11553,36064,93125,183722,329060,637849,1529817,4040225,8829175,15158105,23934218,33622731,39553909,39734284,33124486,22702843,13896103,8311736,5004786,2960419,1719865,1027337,640407,387239,213661,111238,59078,32669,17756,9161,4511,2166,1033,476,194,63,3,0,0,0,0,0,0,0,0"
un_central_and_southern_asia,1810,"0,0,87,903,3380,11553,36064,93123,183706,329040,637931,1530951,4045480,8843015,15183983,23977394,33685626,39629582,39811306,33189067,22747041,13923047,8327812,5014460,2966140,1723187,1029326,641650,387993,214082,111454,59198,32735,17791,9177,4517,2171,1035,476,195,63,3,0,0,0,0,0,0,0,0"
un_central_and_southern_asia,1811,"0,0,87,903,3379,11545,36025,92951,183201,328399,645685,1624153,4308967,9272512,15752128,24943785,34478848,40122979,39703902,32442365,21910140,13355478,7978467,4810538,2833199,1648154,989543,616715,369738,202145,105062,56119,31056,16808,8623,4227,2028,966,439,181,53,2,0,0,0,0,0,0,0,0"
un_central_and_southern_asia,1812,"0,0,87,903,3379,11545,36025,92948,183194,328386,645806,1625569,4315102,9288070,15780673,24991468,34546996,40203996,39785084,32509041,21955087,13382773,7994733,4820342,2838970,1651511,991567,617978,370495,202560,105279,56235,31122,16839,8641,4236,2034,966,439,181,53,2,0,0,0,0,0,0,0,0"
un_central_and_southern_asia,1813,"0,0,87,903,3379,11544,36018,92907,182969,327755,644806,1625710,4320245,9302797,15809405,25041391,34619329,40290138,39871204,32579781,22002925,13411911,8012108,4830841,2845167,1655119,993739,619333,371313,203009,105513,56358,31188,16875,8659,4245,2036,967,439,181,53,2,0,0,0,0,0,0,0,0"
un_central_and_southern_asia,1814,"0,0,87,903,3379,11544,36018,92905,182961,327741,644952,1627293,4327001,9319826,15840560,25093403,34693651,40378478,39959740,32652525,22051992,13441717,8029876,4841552,2851478,1658795,995939,620713,372142,203461,105746,56482,31259,16914,8679,4256,2041,971,442,183,53,2,0,0,0,0,0,0,0,0"
un_central_and_southern_asia,1815,"0,0,87,903,3379,11544,36018,92904,182950,327738,645118,1628978,4334067,9337595,15873028,25147586,34771074,40470523,40051983,32728326,22103135,13472806,8048408,4852722,2858048,1662619,998246,622152,373007,203934,105990,56621,31333,16953,8702,4264,2046,975,444,183,53,2,0,0,0,0,0,0,0,0"
un_central_and_southern_asia,1816,"0,0,87,903,3379,11544,36018,92902,182941,327734,645301,1630740,4341444,9356099,15906810,25203961,34851627,40566272,40147955,32807204,22156367,13505158,8067703,4864352,2864902,1666612,1000639,623648,373906,204429,106246,56752,31408,16994,8719,4276,2052,975,445,183,53,2,0,0,0,0,0,0,0,0"
un_central_and_southern_asia,1817,"0,0,87,903,3379,11543,36009,92865,182751,327744,657005,1738873,4630992,9804645,16519840,26213340,35651052,41031279,39991511,32031587,21334678,12965746,7738025,4668347,2738769,1596074,963188,599560,356206,193081,100280,53862,29822,16056,8194,4004,1922,907,413,168,44,1,0,0,0,0,0,0,0,0"
un_central_and_southern_asia,1818,"0,0,87,903,3379,11543,36009,92863,182745,327748,657256,1741100,4639754,9825807,16557837,26276684,35739818,41135494,40094300,32114352,21389755,12999134,7757919,4680342,2745807,1600185,965662,601107,357129,193580,100543,54001,29902,16099,8217,4014,1929,910,413,168,45,1,0,0,0,0,0,0,0,0"
un_central_and_southern_asia,1819,"0,0,87,906,3381,11562,36075,93035,183065,328319,658424,1744781,4650768,9850215,16600137,26345491,35834940,41246222,40202969,32201646,21447875,13034395,7778941,4693028,2753248,1604522,968284,602740,358096,194113,100815,54149,29981,16145,8238,4025,1933,913,414,168,45,1,0,0,0,0,0,0,0,0"
un_central_and_southern_asia,1820,"0,0,61,814,3183,11085,34888,90571,179112,323311,653831,1744303,4657455,9872950,16648226,26426945,35944929,41370644,40322827,32297579,21511552,13072930,7801976,4706969,2761382,1609240,971124,604500,359134,194671,101107,54302,30066,16192,8260,4037,1940,914,414,169,46,1,0,0,0,0,0,0,0,0"
un_central_and_southern_asia,1821,"0,0,61,818,3203,11144,35078,91042,179932,324428,655615,1748638,4668388,9894456,16684100,26484218,36022534,41459244,40408367,32365689,21556978,13100568,7818419,4716904,2767269,1612701,973214,605789,359909,195085,101322,54422,30131,16225,8279,4046,1945,916,415,169,46,1,0,0,0,0,0,0,0,0"
un_central_and_southern_asia,1822,"0,0,61,828,3223,11225,35339,91708,181234,326619,659360,1755714,4682535,9920130,16724417,26544908,36102460,41549319,40494923,32434482,21602741,13128425,7835072,4726941,2773162,1616139,975288,607085,360660,195502,101541,54530,30196,16258,8297,4054,1945,919,415,169,47,1,0,0,0,0,0,0,0,0"
un_central_and_southern_asia,1823,"0,0,61,833,3255,11330,35659,92544,182879,329425,664298,1766004,4705386,9964399,16796112,26656132,36251990,41720357,40661143,32567486,21691428,13182415,7867323,4746410,2784598,1622805,979304,609584,362142,196303,101959,54760,30316,16324,8328,4073,1954,924,418,171,47,1,0,0,0,0,0,0,0,0"
un_central_and_southern_asia,1824,"0,0,64,844,3283,11434,35990,93399,184543,332252,669295,1776367,4728382,10008899,16868155,26767897,36402212,41892164,40828090,32701069,21780513,13236651,7899722,4765963,2796075,1629503,983351,612092,363638,197104,102381,54988,30441,16393,8365,4089,1961,926,419,172,47,1,0,0,0,0,0,0,0,0"
un_central_and_southern_asia,1825,"0,0,47,757,3112,11050,35092,91623,181886,329259,667138,1780560,4744722,10047592,16940183,26885741,36561437,42072912,41001748,32840193,21873337,13293142,7933547,4786470,2808111,1636496,987563,614698,365170,197939,102806,55221,30566,16467,8401,4104,1970,934,421,174,48,1,0,0,0,0,0,0,0,0"
un_central_and_southern_asia,1826,"0,0,47,766,3141,11151,35415,92454,183506,331362,667807,1780487,4753318,10071062,16982108,26977894,36705639,42259833,41198392,33001295,21980164,13358067,7972521,4810234,2821902,1644421,992420,617787,367011,198919,103313,55487,30719,16552,8445,4128,1980,938,424,174,48,1,0,0,0,0,0,0,0,0"
un_central_and_southern_asia,1827,"0,0,47,771,3167,11251,35738,93304,185171,334216,672842,1790987,4776628,10116160,17055108,27091218,36857971,42434077,41367723,33136806,22070532,13413082,8005402,4830084,2833558,1651222,996514,620340,368524,199742,103734,55714,30853,16620,8480,4144,1991,940,426,175,48,1,0,0,0,0,0,0,0,0"
un_central_and_southern_asia,1828,"0,0,47,781,3197,11349,36034,94005,186351,335984,676441,1799793,4798156,10159401,17127615,27206106,37012734,42611031,41539592,33274133,22162162,13468933,8038745,4850212,2845398,1658125,1000679,622924,370059,200571,104167,55948,30973,16690,8512,4162,1994,945,427,175,48,1,0,0,0,0,0,0,0,0"
un_central_and_southern_asia,1829,"0,0,36,696,3036,10992,35200,92319,183793,333235,674602,1804679,4815535,10199007,17201198,27325882,37174445,42794903,41715947,33415517,22256471,13526304,8073060,4871027,2857594,1665208,1004946,625563,371620,201414,104611,56190,31109,16760,8550,4176,2004,951,428,175,48,1,0,0,0,0,0,0,0,0"
un_central_and_southern_asia,1830,"0,0,36,701,3065,11091,35521,93164,185466,336106,679696,1815362,4839221,10244782,17275319,27440892,37328968,42971585,41887601,33552860,22348069,13582081,8106389,4891144,2869421,1672108,1009103,628149,373150,202248,105037,56423,31240,16828,8585,4199,2013,954,430,176,48,1,0,0,0,0,0,0,0,0"
un_central_and_southern_asia,1831,"0,0,36,709,3090,11190,35848,94014,187107,338860,684426,1825397,4862128,10289978,17348958,27555707,37484083,43149519,42060816,33691695,22440841,13638753,8140338,4911650,2881480,1679157,1013361,630788,374721,203096,105476,56657,31367,16897,8620,4212,2022,959,432,177,48,1,0,0,0,0,0,0,0,0"
un_central_and_southern_asia,1832,"0,0,37,715,3120,11295,36171,94855,188706,341363,688635,1834770,4884689,10334645,17422168,27671274,37640714,43329309,42235555,33831516,22534306,13695819,8174473,4932280,2893639,1686252,1017637,633454,376296,203949,105926,56893,31499,16972,8656,4230,2030,962,433,178,48,1,0,0,0,0,0,0,0,0"
un_central_and_southern_asia,1833,"0,0,27,642,2965,10961,35400,93249,186236,338819,687124,1840397,4903232,10375371,17497597,27793260,37805177,43516305,42414490,33975030,22630000,13753987,8209221,4953360,2905991,1693421,1021949,636116,377865,204803,106361,57129,31630,17043,8695,4248,2037,967,436,178,49,1,0,0,0,0,0,0,0,0"
un_central_and_southern_asia,1834,"0,0,28,645,2989,11061,35723,94074,187661,340002,686821,1840947,4914189,10404169,17556577,27899839,37964425,43710206,42606353,34129132,22733622,13817610,8247945,4976861,2919781,1701490,1026858,639195,379700,205791,106874,57404,31778,17122,8731,4270,2049,972,436,178,49,1,0,0,0,0,0,0,0,0"
un_central_and_southern_asia,1835,"0,0,28,651,3019,11166,36049,94940,189365,342942,692029,1851892,4938471,10451036,17632481,28017593,38122622,43891070,42782023,34269701,22827405,13874747,8282111,4997486,2931899,1708563,1031127,641854,381271,206640,107315,57638,31911,17192,8766,4288,2059,979,439,178,49,1,0,0,0,0,0,0,0,0"
un_central_and_southern_asia,1836,"0,0,28,658,3048,11267,36379,95793,190996,345499,696331,1861423,4961407,10496519,17706992,28135204,38282151,44074298,42960132,34412217,22922708,13932983,8316965,5018541,2944320,1715812,1035496,644568,382887,207510,107775,57880,32044,17263,8806,4308,2068,981,441,180,49,1,0,0,0,0,0,0,0,0"
un_central_and_southern_asia,1837,"0,0,23,623,2880,10439,33935,91316,186517,340515,690934,1855821,4965227,10510633,17706523,28151305,38359642,44248840,43181877,34642349,23102492,14053519,8393202,5060980,2968558,1731425,1045222,649769,385632,208932,108503,58284,32279,17386,8867,4336,2082,988,443,182,50,1,0,0,0,0,0,0,0,0"
un_central_and_southern_asia,1838,"0,0,15,552,2726,10122,33211,89834,184361,338763,690497,1862573,4985783,10553541,17784172,28274509,38525810,44439023,43363878,34788668,23200425,14113106,8428842,5082647,2981263,1738804,1049668,652518,387246,209803,108954,58532,32410,17461,8906,4357,2091,993,445,183,50,1,0,0,0,0,0,0,0,0"
un_central_and_southern_asia,1839,"0,0,15,555,2750,10214,33518,90660,186046,341664,695599,1873017,5008241,10596927,17855668,28391586,38691849,44630419,43548203,34933241,23295894,14171059,8463034,5103131,2993404,1745931,1053967,655208,388847,210672,109404,58768,32543,17528,8942,4376,2099,998,447,184,50,1,0,0,0,0,0,0,0,0"
un_central_and_southern_asia,1840,"0,0,15,562,2775,10308,33819,91477,187658,344244,699967,1882708,5031579,10643262,17931357,28510956,38854034,44817076,43729840,35078814,23393363,14230700,8498772,5124698,3006118,1753369,1058457,657989,390499,211562,109861,59017,32675,17606,8978,4392,2107,1002,448,185,50,1,0,0,0,0,0,0,0,0"
un_central_and_southern_asia,1841,"0,0,15,566,2799,10402,34114,92223,189034,346338,703926,1892659,5054981,10689684,18007839,28632492,39018514,45004805,43912186,35224899,23490814,14290144,8534303,5146097,3018699,1760698,1062879,660737,392123,212445,110316,59260,32809,17679,9019,4407,2118,1006,451,187,51,1,0,0,0,0,0,0,0,0"
un_central_and_southern_asia,1842,"0,0,10,500,2657,10099,33446,90825,186888,343930,699322,1888842,5060742,10711691,18053196,28734057,39177319,45211029,44127866,35403362,23609794,14362611,8577651,5172733,3034171,1769551,1068270,664149,394153,213523,110877,59567,32976,17770,9069,4432,2130,1010,454,188,52,1,0,0,0,0,0,0,0,0"
un_central_and_southern_asia,1843,"0,0,11,505,2679,10193,33750,91660,188570,346733,704036,1898947,5084420,10758539,18130425,28856295,39343548,45400430,44311937,35550994,23708228,14422403,8613348,5194038,3046541,1776733,1072590,666834,395743,214383,111319,59803,33109,17840,9104,4449,2141,1014,455,188,52,1,0,0,0,0,0,0,0,0"
un_central_and_southern_asia,1844,"0,0,8,471,2519,9419,31418,87204,184383,343079,700987,1901028,5107469,10813016,18215428,28984874,39515027,45594454,44499355,35700752,23808238,14483582,8650012,5216138,3059578,1784349,1077192,669697,397433,215301,111793,60059,33250,17916,9143,4470,2149,1019,457,188,52,1,0,0,0,0,0,0,0,0"
un_central_and_southern_asia,1845,"0,0,8,475,2543,9497,31667,87803,185418,344558,704610,1911729,5133954,10864326,18295595,29108680,39678533,45780752,44683436,35849990,23908068,14544697,8686738,5238442,3072791,1792092,1081856,672593,399154,216233,112283,60324,33393,17997,9194,4487,2158,1025,459,189,53,1,0,0,0,0,0,0,0,0"
un_central_and_southern_asia,1846,"0,0,6,416,2403,9210,31029,86440,183184,341828,701128,1912391,5149143,10899313,18363829,29226643,39847319,45984122,44882866,36012625,24018350,14612376,8727803,5263671,3087622,1800736,1087132,675887,401096,217282,112830,60617,33557,18081,9235,4513,2169,1028,464,190,53,1,0,0,0,0,0,0,0,0"
un_central_and_southern_asia,1847,"0,0,6,419,2428,9294,31312,87231,184979,345717,709682,1932155,5191952,10969648,18459593,29355972,39997918,46147170,45047035,36152832,24115447,14673237,8765295,5287129,3102176,1809552,1092575,679289,403094,218355,113379,60906,33718,18170,9276,4534,2181,1033,466,190,53,1,0,0,0,0,0,0,0,0"
un_central_and_southern_asia,1848,"0,0,6,425,2449,9378,31598,88015,186567,348205,713552,1940295,5212345,11011846,18532231,29479588,40172839,46349140,45240232,36305527,24217020,14734948,8802384,5309417,3115243,1817089,1097023,682031,404713,219233,113840,61154,33859,18244,9318,4552,2188,1038,466,190,53,1,0,0,0,0,0,0,0,0"
un_central_and_southern_asia,1849,"0,0,6,429,2474,9465,31876,88753,187844,349474,714490,1943386,5223541,11042007,18593782,29602211,40356487,46561667,45439453,36458262,24316095,14793640,8837149,5330060,3127037,1823730,1100850,684379,406116,219991,114226,61357,33971,18309,9349,4567,2194,1039,466,191,55,1,0,0,0,0,0,0,0,0"
un_central_and_southern_asia,1850,"0,0,6,370,2338,9195,31289,87494,185616,346033,712004,1952380,5263380,11117372,18694018,29721642,40483518,46715802,45608145,36601325,24415871,14859287,8876781,5355038,3142259,1832218,1105540,687253,407802,220857,114678,61627,34144,18417,9409,4597,2208,1047,471,191,55,1,0,0,0,0,0,0,0,0"
un_central_and_southern_asia,1851,"0,0,3,342,2189,8473,29013,82836,180903,341387,698545,1919493,5218199,11095960,18719274,29850186,40695659,46957573,45829810,36753798,24502030,14902706,8897684,5365700,3146837,1833800,1105903,687776,408567,221450,115037,61885,34353,18580,9511,4652,2220,1048,475,192,55,1,0,0,0,0,0,0,0,0"
un_central_and_southern_asia,1852,"0,0,3,346,2208,8544,29269,83586,182630,344896,705287,1933090,5244172,11141907,18789314,29948216,40818915,47096217,45969857,36872846,24583241,14951752,8926790,5382984,3156886,1839836,1109667,690173,410064,222327,115530,62159,34511,18659,9558,4675,2232,1053,478,194,55,1,0,0,0,0,0,0,0,0"
un_central_and_southern_asia,1853,"0,0,3,348,2228,8621,29524,84312,184045,347122,708824,1941459,5263382,11180787,18852159,30039781,40939548,47236055,46111298,36991769,24664242,15001860,8957364,5401523,3167702,1846259,1113627,692681,411623,223221,116028,62431,34659,18742,9601,4696,2245,1057,481,195,55,1,0,0,0,0,0,0,0,0"
un_central_and_southern_asia,1854,"0,0,3,350,2249,8696,29757,85082,185500,348875,711006,1947246,5280216,11217627,18912441,30134456,41071692,47385741,46257775,37107174,24741698,15050239,8986304,5418700,3177791,1852176,1117245,694981,413015,223978,116405,62632,34767,18796,9625,4709,2250,1061,482,196,55,1,0,0,0,0,0,0,0,0"
un_central_and_southern_asia,1855,"0,0,3,299,2116,8435,29197,83899,183779,348948,730836,2092019,5657518,11773622,19662278,31268304,41948633,47871884,46032919,36236566,23869226,14499452,8656023,5214986,3044485,1777038,1076878,667986,392984,211384,109849,59311,32837,17603,8945,4361,2097,995,447,181,46,0,0,0,0,0,0,0,0,0"
un_central_and_southern_asia,1856,"0,0,1,274,1981,7773,27053,79136,178151,342976,719808,2067734,5624968,11746950,19655964,31354371,42143193,48119356,46257690,36393839,23961088,14546868,8678543,5224926,3048673,1778872,1077869,668593,393245,211397,109767,59242,32792,17578,8928,4356,2092,994,448,181,46,0,0,0,0,0,0,0,0,0"
un_central_and_southern_asia,1857,"0,0,1,278,1999,7843,27290,79751,180131,360674,796269,2254193,5876102,11975591,19733809,31265892,42038089,48059861,46251955,36442702,24035767,14619563,8733815,5267428,3081871,1804425,1095170,678794,398668,214173,111149,59882,33082,17712,8984,4372,2094,994,449,182,47,0,0,0,0,0,0,0,0,0"
un_central_and_southern_asia,1858,"0,0,1,281,2015,7912,27558,80597,184019,376259,841861,2325625,5889621,11968102,19801712,31558020,42358238,48107210,46092541,36260775,24084036,14744066,8825860,5334884,3131763,1832905,1111780,688673,403581,216539,112449,60634,33496,17938,9116,4456,2145,1030,463,185,47,0,0,0,0,0,0,0,0,0"
un_central_and_southern_asia,1859,"0,0,1,235,1889,7657,27021,79575,184263,382837,864885,2384450,5993928,12080898,19899446,31653487,42415337,48154161,46184846,36362093,24154912,14790614,8854189,5353787,3147641,1843737,1118480,692804,405979,217842,113172,61080,33770,18089,9203,4508,2171,1041,475,189,47,0,0,0,0,0,0,0,0,0"
un_central_and_southern_asia,1860,"0,0,1,236,2067,8852,30568,88621,206328,431772,974996,2675808,6560139,12773725,20787034,32805094,43169616,48433169,45743354,35379597,23240156,14211656,8507888,5141088,3015406,1771275,1079822,666623,386828,206085,107148,58046,32047,17070,8635,4208,2016,964,429,172,38,0,0,0,0,0,0,0,0,0"
un_central_and_southern_asia,1861,"0,0,1,239,2208,9566,32597,93845,218358,454016,1003365,2701175,6576677,12797986,20864318,32952885,43342818,48601802,45888997,35477269,23298180,14239894,8521846,5148796,3018138,1770678,1078386,665529,386207,205822,107117,58138,32146,17124,8657,4219,2017,966,429,173,38,0,0,0,0,0,0,0,0,0"
un_central_and_southern_asia,1862,"0,0,0,217,2088,8971,30551,88817,207836,435874,992897,2743505,6702726,12942936,20959617,32969128,43355822,48716665,46037427,35607104,23404075,14313359,8569981,5180973,3036255,1779057,1082781,668218,387609,206514,107541,58466,32386,17277,8737,4259,2036,982,440,176,38,0,0,0,0,0,0,0,0,0"
un_central_and_southern_asia,1863,"0,0,0,180,1968,8729,30132,88169,207739,415167,896293,2517712,6428025,12742766,21030133,33337844,43838112,49195592,46369594,35769709,23469849,14323829,8566805,5169584,3023624,1767907,1076217,666435,387792,206920,107997,59034,32955,17690,8963,4339,2031,978,440,178,38,0,0,0,0,0,0,0,0,0"
un_central_and_southern_asia,1864,"0,0,0,181,1984,8801,30457,89162,211908,430822,964684,2755093,6919335,13400765,21974347,34515299,44641598,49485187,45928745,34835604,22617562,13785172,8249357,4966747,2898167,1700869,1040679,642226,370548,196838,103110,56646,31594,16888,8534,4119,1929,919,409,165,29,0,0,0,0,0,0,0,0,0"
un_central_and_southern_asia,1865,"0,0,0,181,2001,8867,30993,91291,217184,440781,981259,2782824,6966661,13470093,22066499,34635021,44786313,49638603,46062959,34941688,22688916,13831245,8278011,4984878,2908986,1707830,1045232,645020,372230,197785,103607,56896,31715,16936,8563,4132,1939,923,414,167,29,0,0,0,0,0,0,0,0,0"
un_central_and_southern_asia,1866,"0,0,0,184,2015,8941,31365,92420,218703,436899,968714,2794894,7042150,13534108,22042068,34601755,44845234,49791944,46274162,35161251,22864803,13954839,8347788,5007911,2914781,1711348,1047616,646199,372896,198170,103705,56801,31550,16797,8479,4110,1951,930,415,169,29,0,0,0,0,0,0,0,0,0"
un_central_and_southern_asia,1867,"0,0,0,161,1890,8324,29421,88724,218295,444420,980258,2816118,7074207,13543028,22015092,34639084,45026542,50008921,46492378,35337032,22973323,14020213,8386724,5032365,2927860,1718074,1050801,647176,373079,198105,103425,56395,31151,16498,8323,4062,1959,937,415,170,30,0,0,0,0,0,0,0,0,0"
un_central_and_southern_asia,1868,"0,0,0,136,1765,8094,29034,88655,220445,447103,960104,2728289,6904743,13370171,21979458,34834230,45408195,50406897,46807506,35527341,23071040,14059585,8400227,5034298,2925835,1716407,1050056,646747,372696,197725,103122,56204,31055,16455,8302,4045,1949,933,414,170,31,0,0,0,0,0,0,0,0,0"
un_central_and_southern_asia,1869,"0,0,0,154,1813,8140,29202,89086,221124,452319,1010707,2944158,7366513,13966047,22926969,36001730,46261658,50698068,46310556,34586314,22252340,13547335,8103126,4841300,2808716,1653638,1015679,622294,355063,187395,98020,53658,29574,15588,7832,3807,1837,885,383,157,25,0,0,0,0,0,0,0,0,0"
un_central_and_southern_asia,1870,"0,0,0,142,1518,6519,24492,76338,189728,397106,953145,2928219,7383775,13969955,22881155,35949387,46315459,50886239,46539899,34814901,22439986,13672909,8183974,4892807,2838906,1672065,1026886,628558,358389,189119,98865,54061,29799,15731,7927,3881,1893,920,413,175,38,1,0,0,0,0,0,0,0,0"
un_central_and_southern_asia,1871,"0,0,0,143,1533,6575,24674,76685,190351,398265,958631,2950334,7427549,14042530,22990687,36083865,46435100,50988082,46620613,34871558,22471185,13697428,8203810,4907600,2849372,1679315,1031749,631694,360244,190082,99346,54328,29968,15829,7984,3912,1905,925,415,178,36,10,7,0,0,0,0,0,0,0"
un_central_and_southern_asia,1872,"0,0,0,115,1355,5969,22617,71181,182029,389901,945731,2925575,7385862,13981601,22884324,35989131,46402080,51082570,46953553,35275128,22708609,13786517,8233066,4913554,2848861,1674615,1026740,628386,358248,188918,98699,53978,29781,15737,7948,3895,1896,919,415,177,35,10,9,0,0,0,0,0,0,0"
un_central_and_southern_asia,1873,"0,0,3,133,1443,6468,24065,74669,189973,406405,970610,2942061,7370488,13918761,22763992,35860636,46329644,51139366,47241023,35643963,22930137,13865331,8256329,4914105,2844522,1667547,1020162,623853,355475,187373,97854,53468,29472,15553,7844,3842,1864,900,403,168,34,10,8,0,0,0,0,0,0,0"
un_central_and_southern_asia,1874,"0,0,0,104,1588,7700,27648,83998,212374,442211,961547,2728772,6870511,13251945,21748795,34692641,45612673,51090973,48182391,37097305,24088773,14507561,8591620,5106037,2951579,1717241,1042729,640425,368459,195281,101778,55417,30579,16187,8161,3986,1921,916,406,168,31,0,0,0,0,0,0,0,0,0"
un_central_and_southern_asia,1875,"0,0,0,104,1636,7964,28372,85569,215471,444557,958757,2710633,6828479,13181611,21649988,34591862,45572086,51151738,48460491,37463775,24328126,14599307,8622995,5111267,2950164,1711664,1036628,636109,365877,193926,101089,55045,30359,16053,8093,3950,1900,906,405,167,32,0,0,0,0,0,0,0,0,0"
un_central_and_southern_asia,1876,"0,0,0,73,1428,7316,26248,79183,202321,426472,945026,2724652,6876030,13207463,21553721,34398258,45391642,51133733,48725229,37863133,24602851,14722218,8677009,5133840,2960318,1712668,1034280,634077,364562,193222,100742,54848,30232,15979,8061,3933,1893,901,403,165,32,0,0,0,0,0,0,0,0,0"
un_central_and_southern_asia,1877,"0,0,0,73,1454,7459,26632,79441,201046,425870,959241,2757887,6927358,13258239,21556703,34280462,45181992,51036370,48911853,38215708,24853562,14830779,8722361,5148738,2966257,1712681,1032287,632957,364268,193389,101074,55177,30494,16147,8150,3960,1888,901,407,164,31,0,0,0,0,0,0,0,0,0"
un_central_and_southern_asia,1878,"0,0,0,73,1478,7570,26725,78631,195768,411311,929801,2708625,6848968,13163682,21464957,34223894,45198847,51174201,49232692,38590398,25083683,14906316,8736730,5139186,2954270,1700371,1022465,626733,360319,191022,99869,54676,30324,16111,8132,3933,1854,887,399,163,27,0,0,0,0,0,0,0,0,0"
un_central_and_southern_asia,1879,"0,0,0,73,1504,7714,26961,78849,197810,421931,950222,2697225,6753302,13044023,21356099,34111541,45145189,51256661,49561284,39065533,25404779,15040848,8806714,5182164,2980704,1713642,1028422,629224,361631,191993,100543,55123,30611,16274,8225,3972,1866,885,400,162,29,0,0,0,0,0,0,0,0,0"
un_central_and_southern_asia,1880,"0,0,0,49,1297,7088,25002,73490,187849,409189,928874,2653434,6678988,12943261,21217639,34004753,45162341,51450203,50022246,39619257,25776820,15211823,8887104,5217613,2996751,1718488,1029129,629157,361591,192130,100662,55170,30610,16252,8207,3969,1865,887,404,161,32,0,0,0,0,0,0,0,0,0"
un_central_and_southern_asia,1881,"0,0,0,49,1317,7221,25096,72776,185321,403752,917259,2627915,6623355,12850560,21104992,33936079,45229445,51698679,50528624,40205348,26162539,15390272,8972274,5254420,3013320,1723941,1030413,629580,361780,192375,100858,55259,30641,16263,8205,3969,1866,891,402,164,35,0,0,0,0,0,0,0,0,0"
un_central_and_southern_asia,1882,"0,0,0,48,1103,5709,20574,60905,154655,335288,799592,2476011,6457631,12690216,20985773,33952835,45454020,52109213,51164617,40895836,26629457,15625654,9095477,5317810,3047330,1739975,1038116,633704,363762,193312,101282,55379,30643,16253,8193,3966,1878,900,402,164,37,0,0,0,0,0,0,0,0,0"
un_central_and_southern_asia,1883,"0,0,0,47,1123,5760,20639,60854,154591,335640,800159,2472395,6441035,12653703,20940558,33987191,45649808,52471066,51756652,41533493,27042283,15812888,9180624,5353632,3062583,1744309,1038513,633492,363413,193065,101197,55367,30644,16249,8190,3978,1889,908,412,167,37,0,0,0,0,0,0,0,0,0"
un_central_and_southern_asia,1884,"0,0,0,35,1014,5365,19211,56837,145890,324913,790898,2467133,6420660,12600002,20814038,33904996,45765385,52832359,52419998,42260462,27525989,16048574,9296553,5408937,3089923,1755657,1042374,634999,363969,193224,101177,55285,30543,16185,8162,3979,1896,911,416,169,36,0,0,0,0,0,0,0,0,0"
un_central_and_southern_asia,1885,"0,0,0,29,939,5261,19033,55860,140375,315336,774560,2376280,6149047,12144448,19871321,32413233,44739074,52503817,53308829,44202975,29366559,17139878,9910705,5752479,3283538,1859864,1093838,664860,382979,203940,106184,57428,31495,16618,8388,4115,1995,953,432,173,41,0,0,0,0,0,0,0,0,0"
un_central_and_southern_asia,1886,"0,0,0,55,1289,6393,22248,63690,158703,357021,865839,2593585,6534777,12680616,20782959,33890505,45997820,53361632,53522722,43553725,28352755,16430363,9465883,5475937,3113772,1759904,1038619,629932,360115,190786,99488,53936,29477,15449,7769,3796,1836,873,383,156,30,0,0,0,0,0,0,0,0,0"
un_central_and_southern_asia,1887,"0,0,0,9,337,3096,12256,38467,104841,263080,658319,2036190,5463066,11267575,18805979,31094485,44213143,52936359,55147976,47070789,31735824,18397119,10552194,6073008,3455167,1949741,1134933,690085,401687,215788,112378,60494,33177,17567,8876,4346,2094,993,445,188,53,1,0,0,0,0,0,0,0,0"
un_central_and_southern_asia,1888,"0,0,0,11,459,3679,14108,43125,115836,282632,683160,2053748,5458049,11223615,18679189,30906815,44170811,53142990,55731063,47895365,32392144,18731134,10716050,6143340,3484935,1961385,1138062,690216,401123,215407,112213,60483,33225,17587,8880,4342,2091,988,446,188,54,0,0,0,0,0,0,0,0,0"
un_central_and_southern_asia,1889,"0,0,0,28,1002,5742,20408,58438,148237,336945,785717,2306150,5933516,11850714,19582658,32418524,45417151,53895162,55779133,47030078,31266594,17994076,10282117,5891800,3331642,1863857,1082906,655291,377112,201078,104893,56788,31138,16377,8231,4030,1946,924,415,173,43,0,0,0,0,0,0,0,0,0"
un_central_and_southern_asia,1890,"0,0,0,28,1020,5863,20772,58943,147570,327209,733383,2095813,5454720,11114741,18485267,30740214,44260827,53550681,56682451,49153744,33320821,19170059,10914878,6225322,3517216,1968558,1135160,686986,398897,214350,111900,60387,33160,17524,8826,4318,2086,985,449,189,53,4,0,0,0,0,0,0,0,0"
un_central_and_southern_asia,1891,"0,0,0,97,1953,8943,29249,78901,188758,409096,964367,2786175,6819267,12925295,21257433,34994353,47445644,55361228,56041425,45468972,29032023,16549947,9416727,5381108,3026502,1684931,987024,594492,336634,178053,93577,51015,27792,14435,7185,3499,1692,807,358,149,27,4,0,0,0,0,0,0,0,0"
un_central_and_southern_asia,1892,"0,0,0,27,1052,6120,21508,60234,150338,337044,752925,2115504,5462326,11134850,18502249,30821155,44418841,53700465,57150662,49864415,33924036,19470556,11045440,6281234,3540805,1964717,1123481,678480,393432,211210,110290,59471,32590,17177,8645,4241,2051,978,447,189,52,4,0,0,0,0,0,0,0,0"
un_central_and_southern_asia,1893,"0,0,0,7,259,2891,11871,36841,98191,248079,620114,1915821,5173884,10744449,18027530,30334009,44240639,53998947,57932691,50864175,34582811,19746116,11166289,6316378,3548987,1969683,1124593,677891,392987,211066,110135,59302,32469,17116,8611,4218,2040,963,436,185,53,4,0,0,0,0,0,0,0,0"
un_central_and_southern_asia,1894,"0,0,0,7,64,979,5556,20262,57704,160433,461473,1588973,4601972,9982532,17059553,28763254,43038380,53369459,58306528,52632879,36720668,21090002,11894271,6704266,3763834,2085563,1178746,708112,413032,223151,116413,62449,34181,18094,9147,4501,2187,1041,478,197,63,5,0,0,0,0,0,0,0,0"
un_central_and_southern_asia,1895,"0,0,0,7,95,1522,7516,25600,69863,190462,544321,1841893,5104148,10615024,17760781,29916618,43917193,54027867,58571120,51889996,35392939,20140851,11347056,6393219,3581061,1975815,1120268,673550,389828,209273,109415,59061,32360,17065,8589,4213,2046,977,448,186,54,6,0,0,0,0,0,0,0,0"
un_central_and_southern_asia,1896,"0,0,0,7,54,827,5154,19445,57898,173945,585641,2194652,6038613,12036706,20371440,34336622,47432873,56385781,58442623,48245532,30812977,17355661,9771180,5519368,3075868,1682327,971970,584798,331525,175655,92666,50725,27711,14445,7201,3488,1674,810,360,151,28,6,0,0,0,0,0,0,0,0"
un_central_and_southern_asia,1897,"0,0,0,7,54,845,5261,19530,54424,136383,351110,1156521,3668653,8579711,15202328,25611102,40254520,51713007,58611352,56039961,41396320,24226405,13528149,7555313,4220351,2324072,1283725,763656,451586,247492,129459,69060,37991,20414,10440,5141,2447,1162,543,227,83,10,0,0,0,0,0,0,0,0"
un_central_and_southern_asia,1898,"0,0,0,7,47,686,4722,18054,51481,132394,351830,1164780,3668136,8545311,15117497,25432833,40074638,51631393,58796918,56493979,41828314,24449878,13625149,7591722,4232527,2326107,1280837,760913,450080,246882,129268,68972,37901,20333,10395,5131,2438,1157,540,226,83,11,0,0,0,0,0,0,0,0"
un_central_and_southern_asia,1899,"0,0,0,7,40,427,3671,14941,46524,132398,412518,1549989,4614478,9984096,17109830,29353191,43710826,54368837,60011852,54020727,37018114,20911520,11697785,6526035,3628159,1975896,1104315,662903,384964,207275,108760,58917,32343,17078,8603,4199,1996,956,437,181,55,10,0,0,0,0,0,0,0,0"
un_central_and_southern_asia,1900,"0,0,0,7,41,558,4444,17782,52543,140305,398417,1409853,4245956,9399400,16240832,27799605,42453340,53561325,60125973,55667924,39221072,22313928,12450639,6919723,3843326,2092187,1156365,690633,403560,218567,114653,61956,34037,18044,9132,4468,2129,1020,471,198,65,11,2,0,0,0,0,0,0,0"
un_central_and_southern_asia,1901,"0,0,0,5,34,428,3991,16704,50260,134940,378149,1284199,3918888,8875923,15490478,26336063,41165642,52725027,60163241,57284425,41508154,23808992,13202753,7301677,4046044,2202115,1205054,715364,419909,228707,119942,64457,35424,18878,9579,4712,2251,1085,502,215,72,11,0,0,0,0,0,0,0,0"
un_central_and_southern_asia,1902,"0,0,0,5,31,182,2433,11737,37703,102227,283281,918086,3000899,7281811,13274031,22166648,36801298,49724022,59008435,60495801,47811417,28758828,15746475,8645151,4757262,2591176,1385358,799376,474934,263843,138254,72847,39751,21404,10995,5499,2676,1295,622,269,109,13,0,0,0,0,0,0,0,0"
un_central_and_southern_asia,1903,"0,0,0,4,29,431,4085,17080,51146,131806,330906,975038,3065329,7320750,13213181,21944656,36633821,49711932,59201371,61050280,48522144,29235694,15980503,8761414,4810709,2617521,1396828,803012,475698,263847,138142,72665,39499,21177,10839,5430,2673,1302,620,270,111,15,1,0,0,0,0,0,0,0"
un_central_and_southern_asia,1904,"0,0,0,4,26,135,2195,11467,39405,108920,283971,882239,2864814,7001655,12877487,21774413,36754815,50110910,59840295,61897624,49273533,29639889,16146394,8820066,4829619,2622422,1394135,799256,472936,262203,137252,72179,39250,21083,10835,5459,2686,1312,618,272,111,15,1,0,0,0,0,0,0,0"
un_central_and_southern_asia,1905,"0,0,0,2,26,441,4318,18099,54034,138740,339202,1016836,3198866,7594621,13645445,23163811,38523500,51505105,60911720,61631781,47607209,28037648,15309259,8355359,4580652,2486058,1328980,770139,454255,250294,131328,69671,38027,20310,10346,5164,2528,1218,567,243,96,13,0,0,0,0,0,0,0,0"
un_central_and_southern_asia,1906,"0,0,0,2,32,783,5897,22384,61096,152154,360114,992642,3024474,7154948,12919663,21665940,36775562,50359055,60564475,63073884,50282075,30123185,16334471,8886134,4849505,2626206,1386885,791156,467448,258673,135147,70841,38388,20541,10489,5256,2574,1239,587,256,99,15,0,0,0,0,0,0,0,0"
un_central_and_southern_asia,1907,"0,0,0,1,35,1051,7352,26312,72503,193941,492893,1447251,4026892,8691763,14824413,25464382,41124818,53698161,62907784,61410234,44927648,25523713,13982873,7613520,4171790,2248909,1208098,707394,412188,223478,116660,62102,33750,17778,8967,4427,2159,1025,470,199,69,11,1,0,0,0,0,0,0,0"
un_central_and_southern_asia,1908,"0,0,0,1,22,600,6132,23792,70669,196187,506858,1394847,3786091,8224588,14170510,24111067,39779169,52821692,62754440,62882737,47328646,27243804,14846764,8061654,4406519,2373293,1261581,731993,428387,233645,122038,64673,35128,18575,9387,4662,2277,1086,501,209,77,12,1,0,0,0,0,0,0,0"
un_central_and_southern_asia,1909,"0,0,0,1,20,437,5480,21708,63063,167332,422591,1030381,2762880,6367284,11673699,19126524,33268755,47972193,59388845,65292328,55889299,35213166,18917173,10248168,5534151,2990007,1562202,861869,506840,283275,148535,77264,41682,22527,11583,5849,2877,1390,649,287,120,21,0,0,0,0,0,0,0,0"
un_central_and_southern_asia,1910,"0,0,0,0,16,217,3925,16938,52667,146269,385067,979825,2687231,6248862,11526878,18983445,33163076,48022512,59662298,65897491,56584695,35664041,19125373,10341552,5574563,3006060,1564548,860185,505029,282083,147981,77030,41538,22429,11528,5834,2876,1393,652,287,118,22,0,0,0,0,0,0,0,0"
un_central_and_southern_asia,1911,"0,0,0,0,17,413,5496,22038,63841,167258,418538,1020341,2743045,6316009,11583384,19010762,33252588,48164283,59931517,66320230,56883987,35732724,19110026,10305438,5542188,2982941,1546102,847221,497224,277654,145612,75762,40836,22018,11296,5707,2811,1358,635,283,116,21,0,0,0,0,0,0,0,0"
un_central_and_southern_asia,1912,"0,0,0,0,13,193,3963,17696,55826,155820,408720,1058075,2893775,6599868,11926190,19747574,34546513,49234401,61103098,66790298,55897745,34264829,18294687,9836851,5287444,2835881,1463963,808471,472813,261607,136631,71257,38487,20636,10512,5296,2609,1262,593,255,102,17,0,0,0,0,0,0,0,0"
un_central_and_southern_asia,1913,"0,0,0,0,13,162,3445,16560,54375,156219,411799,1062929,2886114,6567132,11861483,19681217,34464628,49167217,61267875,67224096,56268446,34442402,18383180,9866277,5302181,2839688,1459934,804761,470824,260411,135960,70979,38314,20489,10405,5214,2566,1248,591,253,101,18,1,0,0,0,0,0,0,0"
un_central_and_southern_asia,1914,"0,0,0,0,10,160,3981,18127,56002,151986,394269,990019,2662239,6122599,11233022,18455084,32638709,47859095,60187730,67551405,58629168,36943725,19659167,10549655,5635346,3016881,1548985,839745,489957,272357,142591,74222,39908,21393,10890,5471,2691,1307,617,270,112,22,1,0,0,0,0,0,0,0"
un_central_and_southern_asia,1915,"0,0,0,0,9,121,3481,17116,54970,154578,405869,1015729,2685919,6130895,11225693,18461409,32686478,47925084,60435213,68006775,58950200,36994181,19628795,10500129,5595505,2987121,1525489,823729,480012,266879,139778,72676,39063,20923,10632,5344,2629,1275,595,260,106,19,0,0,0,0,0,0,0,0"
un_central_and_southern_asia,1916,"0,0,0,0,7,110,3467,17263,54918,151291,394004,963891,2513844,5789369,10760978,17538810,31033524,46625663,59256870,68030431,60980668,39416349,20924226,11204503,5942125,3171683,1621748,862611,501653,280835,147756,76632,40901,21834,11096,5556,2735,1324,627,277,115,25,0,0,0,0,0,0,0,0"
un_central_and_southern_asia,1917,"0,0,0,0,10,514,5813,22870,61780,151241,368839,906643,2527439,5966700,11022582,18069253,32328970,47855731,60587923,68687524,60076384,37865913,20064477,10728422,5701915,3046728,1555644,837558,487841,271245,142252,73920,39385,20829,10500,5241,2587,1263,607,268,116,22,0,0,0,0,0,0,0,0"
un_central_and_southern_asia,1918,"0,0,0,0,50,2342,12855,41834,106531,263894,616603,1583254,4030833,8385558,14028722,24150696,40437428,54038219,66032464,67180463,49943573,27912577,14984748,7956823,4282398,2257326,1164075,663621,382110,206733,108164,57230,30632,15770,7812,3836,1891,918,436,187,67,9,0,0,0,0,0,0,0,0"
un_central_and_southern_asia,1919,"0,0,0,6,792,7192,26779,70584,158298,334638,645340,1301979,3034632,6483910,11397734,18271774,32241415,47532600,60459151,69132242,60655985,38103504,20090589,10691363,5664701,3017316,1526945,815502,474146,263972,138789,72215,38458,20265,10170,5070,2510,1232,604,272,116,25,0,0,0,0,0,0,0,0"
un_central_and_southern_asia,1920,"0,0,0,16,1395,9664,33101,81987,180543,372614,717846,1551362,3698884,7669474,12971331,21564253,37324087,51583792,64525278,69366868,55135038,31962464,16960333,8972796,4794010,2533562,1282455,714141,414964,227746,119813,63246,33973,17705,8816,4363,2164,1071,529,235,98,22,8,0,0,0,0,0,0,0"
un_central_and_southern_asia,1921,"0,0,0,27,1924,11622,38235,92672,202161,405501,743446,1447493,3254825,6800845,11756313,18974084,33700222,48895414,62303308,70585100,60412388,36889620,19356381,10229755,5401502,2857817,1430489,767719,445684,247045,129998,68036,36430,19152,9595,4785,2385,1184,591,271,119,26,10,1,0,0,0,0,0,0"
un_central_and_southern_asia,1922,"0,0,0,8,1071,8649,30402,75922,164742,334159,615125,1210103,2847456,6201749,11068176,17912282,32165787,48040312,61595846,71315702,63205293,39760031,20816064,11006344,5780142,3058111,1528823,805811,466517,259959,137224,71698,38324,20201,10129,5043,2517,1252,623,287,126,29,10,1,0,0,0,0,0,0"
un_central_and_southern_asia,1923,"0,0,0,1,349,5391,21959,59568,131349,277325,531651,1127456,2871890,6462727,11507896,19018867,34226615,49880708,63777745,72555736,62099254,37803553,19765060,10396594,5468055,2880553,1429020,762029,441393,244651,128970,67594,36181,18976,9481,4683,2333,1161,578,265,112,24,9,0,0,0,0,0,0,0"
un_central_and_southern_asia,1924,"0,0,0,0,52,3023,15135,45147,101142,215503,426144,904347,2419141,5796014,10738613,17755566,32414317,48831756,62976802,73371872,65323549,41096356,21449653,11294253,5899496,3109537,1543445,807251,465807,259209,136998,71721,38336,20184,10092,4977,2473,1230,609,283,122,29,9,0,0,0,0,0,0,0"
un_central_and_southern_asia,1925,"0,0,0,0,14,1464,10250,34564,81678,174122,359729,797071,2242321,5554686,10522559,17515557,32299877,49073478,63659277,74518503,66528272,41897099,21851632,11500252,5993664,3151566,1559679,813169,468732,260520,137719,72263,38656,20357,10186,4995,2484,1224,606,281,122,30,8,0,0,0,0,0,0,0"
un_central_and_southern_asia,1926,"0,0,0,0,4,569,6663,25848,66438,142690,307223,701153,2015231,5130737,9990413,16534839,30452774,47728886,62567922,74967629,69421865,45212644,23640311,12461824,6468731,3396311,1677455,855977,490738,274013,145067,76006,40552,21374,10684,5214,2586,1271,619,285,121,31,1,0,0,0,0,0,0,0"
un_central_and_southern_asia,1927,"0,0,0,0,1,236,4860,21221,58415,127585,281866,687058,2046298,5240302,10190090,17166106,32130131,49425076,64791462,76654795,68881997,43481031,22656512,11914444,6195161,3239850,1580512,813332,467111,259270,137009,72031,38521,20232,10049,4862,2371,1157,555,247,101,18,0,0,0,0,0,0,0,0"
un_central_and_southern_asia,1928,"0,0,0,0,0,45,2660,14920,45609,103999,236350,619841,1933278,5057023,9991474,16972322,31985715,49537129,65236074,77666101,70246445,44495309,23140596,12146002,6295187,3284634,1596585,815828,466714,258764,136922,72118,38619,20306,10071,4842,2337,1126,532,237,92,17,0,0,0,0,0,0,0,0"
un_central_and_southern_asia,1929,"0,0,0,0,0,35,2113,13305,42156,97009,216673,554335,1725339,4636090,9465433,16079151,30265648,48351739,64142620,78026824,73170505,47943015,24986279,13117246,6759692,3523690,1716076,858566,487812,271270,143597,75608,40512,21424,10665,5137,2454,1176,555,249,102,22,1,0,0,0,0,0,0,0"
un_central_and_southern_asia,1930,"0,0,0,0,0,20,1242,10420,36086,88842,205520,538603,1670427,4492974,9289931,15999885,30396586,48813906,64936472,79290287,74498881,48756331,25316584,13255422,6814465,3542979,1712640,849021,479517,265829,140828,74300,40030,21369,10754,5212,2493,1180,552,243,96,20,0,0,0,0,0,0,0,0"
un_central_and_southern_asia,1931,"0,0,0,0,0,20,1277,10723,37006,91507,214264,560361,1706985,4542967,9364141,16147012,30704816,49288898,65793124,80595638,75663673,49328751,25537151,13335089,6835264,3540877,1698875,836116,470306,260252,138065,72941,39403,21091,10645,5162,2446,1163,540,239,91,18,0,0,0,0,0,0,0,0"
un_central_and_southern_asia,1932,"0,0,0,0,0,18,1290,10759,37127,91980,217106,586901,1808244,4741074,9617616,16756272,32499920,51235344,68383561,82702142,75460879,47737126,24600145,12809673,6571692,3392625,1611968,800241,449976,247547,131343,69574,37642,20075,10103,4899,2289,1087,505,220,83,12,0,0,0,0,0,0,0,0"
un_central_and_southern_asia,1933,"0,0,0,0,0,15,971,9591,34750,89826,216507,594069,1828704,4772479,9661148,16837717,32631670,51529860,69107234,84060107,77008019,48794732,25129283,13068541,6695451,3450176,1633738,806921,452095,248176,131749,69908,37796,20117,10104,4899,2268,1084,501,220,83,11,0,0,0,0,0,0,0,0"
un_central_and_southern_asia,1934,"0,0,0,0,0,10,284,5782,24835,72969,186356,542183,1757809,4665380,9520010,16785252,32848863,52102607,70215519,85717823,78529974,49687714,25605565,13296279,6810348,3504638,1649551,811573,454916,249458,132304,70432,38122,20267,10183,4942,2292,1100,513,219,82,14,0,0,0,0,0,0,0,0"
un_central_and_southern_asia,1935,"0,0,0,0,0,7,59,2045,14306,54603,165013,533085,1834781,4855934,9736236,17441362,34725527,53958725,72950845,87895799,78325166,48248534,24870426,12882883,6609784,3391917,1582744,783076,437527,238303,126585,67674,36674,19418,9732,4744,2166,1052,499,204,73,8,0,0,0,0,0,0,0,0"
un_central_and_southern_asia,1936,"0,0,0,0,0,6,43,903,9548,42414,139754,452422,1614777,4429448,9152130,16328248,32875459,52835272,71912725,88783221,82195463,52340014,26947152,13986190,7133318,3666963,1716813,829167,459564,251154,133657,71366,38643,20523,10311,5053,2287,1110,528,223,79,10,0,0,0,0,0,0,0,0"
un_central_and_southern_asia,1937,"0,0,0,0,0,5,33,334,6473,35570,133967,474693,1723206,4673544,9467980,17215397,35049767,54989753,75047578,91155145,81470910,50278245,26002673,13480533,6915608,3542341,1643752,801136,442710,240550,127582,68391,37111,19618,9801,4750,2079,997,477,204,70,9,0,0,0,0,0,0,0,0"
un_central_and_southern_asia,1938,"0,0,0,0,0,5,33,333,6465,34884,132966,498064,1820419,4859950,9696338,18040305,37184179,57278653,78222249,93331828,80859847,48525224,25116962,12960770,6653962,3388011,1557967,765624,421517,227281,120491,64814,35232,18534,9233,4455,1917,927,442,184,63,6,0,0,0,0,0,0,0,0"
un_central_and_southern_asia,1939,"0,0,0,0,0,5,27,214,5424,31744,124208,451506,1667727,4564690,9303440,17068957,35358385,55956439,76894152,94092499,84426289,52102612,26903120,13924933,7120494,3635262,1677041,807581,441014,238487,126760,68292,37303,19799,9905,4806,2088,1004,484,207,68,7,0,0,0,0,0,0,0,0"
un_central_and_southern_asia,1940,"0,0,0,0,0,3,20,255,6159,32503,120013,428111,1593187,4386698,9035212,16758343,35238465,56199807,77342859,94983822,85683072,53031219,27342829,14139579,7225408,3690038,1702962,822284,451034,243737,129364,69841,38215,20341,10228,4982,2159,1028,492,214,75,8,0,0,0,0,0,0,0,0"
un_central_and_southern_asia,1941,"0,0,0,0,0,3,20,369,7267,35761,125515,432416,1582115,4323645,8901499,16527523,34938390,56012558,77332464,95449841,86656056,53879549,27753281,14327805,7301227,3721054,1716916,828511,453893,245136,130623,70870,38842,20699,10474,5194,2323,1114,533,219,76,8,0,0,0,0,0,0,0,0"
un_central_and_southern_asia,1942,"0,0,0,0,0,2,18,564,8596,39011,130659,437915,1576940,4271195,8802337,16394524,34766263,55846979,77285470,95674256,87035290,54165376,27912762,14402549,7336679,3733512,1719578,830367,455519,246006,131074,71282,39147,20926,10682,5388,2473,1185,577,234,79,8,0,0,0,0,0,0,0,0"
un_central_and_southern_asia,1943,"0,0,0,0,0,2,17,803,9802,41138,134386,442055,1546839,4109075,8454246,15818103,34031217,55278906,76608608,95298225,87520003,55019417,28417340,14680496,7474489,3807223,1757363,845186,460585,247780,132220,72048,39691,21331,10989,5611,2631,1223,608,249,84,6,0,0,0,0,0,0,0,0"
un_central_and_southern_asia,1944,"0,0,0,0,0,0,15,803,10072,44202,157021,513053,1679981,4263714,8570004,15813854,33836269,54804474,76162886,95113802,87514209,54978142,28365380,14646228,7454078,3794747,1745458,835763,452290,242687,129940,70630,38793,20767,10664,5475,2594,1181,583,238,79,3,0,0,0,0,0,0,0,0"
un_central_and_southern_asia,1945,"0,0,0,0,0,0,13,1176,12080,51337,181073,618117,1958051,4746046,9176958,17733513,37829156,58098072,80437868,96022436,82395492,48966488,25519452,13141777,6765677,3422954,1565667,775528,420478,224609,120940,66213,36383,19333,10025,5174,2479,1091,541,216,62,0,0,0,0,0,0,0,0,0"
un_central_and_southern_asia,1946,"0,0,0,0,0,0,16,1414,14069,62894,218668,757398,2277954,5290531,9901917,20384732,41971479,61607060,84692136,96002420,76372869,43106691,22812551,11765518,6140162,3078102,1408045,720016,389832,207838,112468,61975,34130,18192,9634,5047,2463,1009,491,206,48,1,0,0,0,0,0,0,0,0"
un_central_and_southern_asia,1947,"0,0,0,0,0,0,7,229,8567,51230,202254,745045,2253586,5238499,9821091,21219861,43235798,63029467,86115686,95337768,73992999,41569003,22206810,11535939,6044575,3028203,1401352,718541,386061,205398,111338,61424,33776,18038,9646,5089,2516,1026,493,209,48,2,0,0,0,0,0,0,0,0"
un_central_and_southern_asia,1948,"0,0,0,0,0,0,7,44,3825,36818,172467,689530,2123369,5016396,9503751,20743587,42642408,62558714,85731328,95319862,74273966,42027190,22652523,11858105,6245206,3141944,1463480,747589,398226,210936,114308,63222,34815,18629,10006,5327,2668,1113,528,234,55,5,0,0,0,0,0,0,0,0"
un_central_and_southern_asia,1949,"0,0,0,0,0,0,5,23,2037,27314,145236,623996,1968169,4700882,9041762,20127454,42029131,62325922,85525410,95410724,75196671,43249307,23454164,12343899,6514675,3288346,1543128,781485,412243,216996,117630,65093,35827,19205,10357,5547,2787,1169,535,240,60,7,0,0,0,0,0,0,0,0"
un_central_and_southern_asia,1950,"0,0,0,0,0,0,5,66,2728,30785,158091,664388,2062470,4892366,9319297,20427825,42220424,62292027,86144286,96432505,75492930,42995395,23548560,12561344,6712507,3416183,1612407,824168,435906,228007,123699,68625,37806,20315,11030,5966,3050,1309,564,257,62,9,0,0,0,0,0,0,0,0"
un_central_and_southern_asia,1951,"0,0,0,0,0,0,2,78,3474,35409,171295,694627,2123058,5010098,9462990,20624926,42545006,63004735,87638383,98694006,77779825,44580443,24322182,12897865,6854135,3471143,1630059,827182,435371,228434,123466,68313,37687,20285,10993,5931,3029,1304,602,286,80,12,0,0,0,0,0,0,0,0"
un_central_and_southern_asia,1952,"0,0,0,0,0,0,1,111,4366,38491,179803,717347,2181067,5122447,9633778,20862045,43002862,63862447,89410612,101108325,79808722,45757967,25021329,13316675,7091571,3592775,1686244,856189,447490,233074,126063,69728,38498,20718,11240,6068,3105,1349,634,303,92,14,0,0,0,0,0,0,0,0"
un_central_and_southern_asia,1953,"0,0,0,0,0,0,0,14,1789,22030,121379,512651,1687147,4227130,8329298,17536938,39463381,61231079,87247543,104601230,88734733,52669496,28339319,14979698,7887182,4021436,1857863,917186,474362,245950,132866,73073,40346,21666,11604,6244,3176,1374,679,333,108,18,0,0,0,0,0,0,0,0"
un_central_and_southern_asia,1954,"0,0,0,0,0,0,0,13,2338,25072,129954,535746,1741644,4343780,8488303,17733407,39875836,61975617,88932122,107180207,91123498,54136550,29161189,15445030,8143829,4152217,1913943,943837,485790,250383,135107,74399,41226,22284,12010,6490,3311,1449,729,364,125,21,0,0,0,0,0,0,0,0"
un_central_and_southern_asia,1955,"0,0,0,0,0,0,0,11,2416,24011,123051,515803,1705896,4283757,8405442,17837155,40734629,63381582,91569721,110545760,93253742,54731555,29568034,15791829,8394936,4297363,1972872,983132,505058,256158,137460,75785,41996,22725,12280,6654,3401,1490,758,377,135,21,0,0,0,0,0,0,0,0"
un_central_and_southern_asia,1956,"0,0,0,0,0,0,0,10,2391,23196,114330,471661,1589465,4078416,8062827,16376149,38295701,61533909,89684339,112081418,99363810,60748585,32729038,17701594,9427540,4904851,2277150,1114589,572320,286848,153323,84654,46998,25653,13911,7644,3977,1810,825,425,165,24,2,0,0,0,0,0,0,0"
un_central_and_southern_asia,1957,"0,0,0,0,0,0,0,4,1681,18416,100695,450332,1551992,3978832,7875583,17197906,41199169,65356256,95174299,115767436,98748664,58633613,31897717,17486641,9485609,4991817,2366662,1180066,616051,312319,167674,93489,52045,28513,15743,8775,4695,2263,814,410,152,22,3,0,0,0,0,0,0,0"
un_central_and_southern_asia,1958,"0,0,0,0,0,0,0,2,1761,18624,92946,389766,1374830,3665147,7418815,14898599,36841142,61853189,91377894,117875181,107600333,66509754,35724369,19863942,10877028,5848037,2820706,1391852,731138,374226,197943,110504,61854,34149,18815,10616,5814,2904,1129,470,193,31,4,0,0,0,0,0,0,0"
un_central_and_southern_asia,1959,"0,0,0,0,0,0,0,3,2228,21388,102308,420354,1451028,3827136,7660354,15062271,36977824,62395522,92796705,120439627,110624239,68749721,36889413,20545004,11356203,6158377,3026209,1510453,791306,413358,221015,123426,69535,38616,21419,12193,6793,3501,1472,503,217,40,5,0,0,0,0,0,0,0"
un_central_and_southern_asia,1960,"0,0,0,0,0,0,0,19,1775,17929,86359,356606,1274764,3479283,7157605,13852051,34493535,60895917,90993212,121599804,116735904,75438947,40349354,22609232,12642635,6973945,3510242,1763303,924708,486011,257316,142738,80487,44540,24472,13935,7800,4129,1874,507,213,43,8,0,0,0,0,0,0,0"
un_central_and_southern_asia,1961,"0,0,0,0,0,0,0,11,1456,15719,76354,311677,1135997,3177499,6704682,12806208,32343039,59862712,89864481,123311177,122823914,81627410,43451615,24388871,13671364,7620987,3892246,1958606,1029434,542938,288336,159147,89814,49594,27093,15350,8669,4655,2162,600,211,39,7,0,0,0,0,0,0,0"
un_central_and_southern_asia,1962,"0,0,0,0,0,0,0,5,731,10761,58955,255412,983410,2834783,6182695,12243766,32708785,61631358,92432615,126750121,126283065,83889532,44665647,25140847,14173987,7965436,4098347,2077102,1098196,580728,308704,169727,95981,53228,29145,16534,9364,5078,2388,709,231,48,7,0,0,0,0,0,0,0"
un_central_and_southern_asia,1963,"0,0,0,0,0,0,0,2,436,8512,50397,223341,880022,2602738,5848694,11465810,30129217,59876204,90256760,126459598,131897488,92292754,49605622,27538337,15342727,8675690,4534048,2316922,1221251,648518,355843,196125,110794,61850,33981,19317,11007,6072,2950,1010,230,51,9,0,0,0,0,0,0,0"
un_central_and_southern_asia,1964,"0,0,0,0,0,0,0,0,99,5110,34671,162046,691786,2185787,5194192,10269325,27696392,58734164,88937445,127268832,137481272,99380084,53659480,29879431,16838013,9681043,5156106,2647282,1420450,751611,408859,223775,125077,69711,38298,21613,12090,6498,3105,1091,147,49,10,0,0,0,0,0,0,0"
un_central_and_southern_asia,1965,"0,0,0,0,0,0,0,0,14,3716,29154,152786,686212,2164312,5117315,10858551,32861374,65172581,98445047,135580269,136447677,92387803,49563948,27857781,16295234,9773898,5388902,2943178,1663065,891027,492316,273307,152058,85603,47716,27155,15335,8406,4271,1781,289,65,10,1,0,0,0,0,0,0"
un_central_and_southern_asia,1966,"0,0,0,0,0,0,0,0,0,1960,20658,127878,611372,1953937,4678039,10719050,35407549,69155669,104997677,141418662,137196464,90136747,48363685,27279883,16340797,10082485,5765818,3257392,1901725,1039732,574149,322962,179290,101239,56944,32435,18444,10244,5375,2384,600,79,19,2,2,10,10,9,0,0"
un_central_and_southern_asia,1967,"0,0,0,0,0,0,0,0,1,2082,20117,110585,535826,1799856,4501479,9700108,30932918,65760374,99834454,140935793,146311636,100680442,53257275,30020675,17773364,11079565,6499742,3677463,2202209,1232099,675100,385697,214685,120854,68267,38846,22166,12425,6681,3152,1051,89,27,13,17,20,20,19,0,0"
un_central_and_southern_asia,1968,"0,0,0,0,0,0,0,0,0,1516,16254,89319,449866,1586560,4129173,8915067,27917439,63358610,97142307,139477177,151413835,109900643,59033253,32761415,19243254,12134769,7464233,4363596,2683214,1578925,867718,498115,283142,157787,89801,51313,29361,16671,9215,4725,1971,334,35,14,18,20,20,19,0,0"
un_central_and_southern_asia,1969,"0,0,0,0,0,0,0,0,0,766,10636,61788,330073,1264070,3500564,7683208,22816131,58530985,92363675,136397343,158260355,123129545,67349342,36732218,21103277,13158790,8271872,4962106,3095300,1897503,1071613,611680,357472,198813,112752,64760,37113,21194,11897,6337,2915,852,36,15,19,20,20,19,0,0"
un_central_and_southern_asia,1970,"0,0,0,0,0,0,0,0,0,132,5766,37728,231672,967270,2837593,6633119,21509754,58633494,94892675,140137540,162900623,127612194,70521281,38666845,22422936,13866834,8380576,4697975,2785713,1603509,869415,492416,275819,154448,87510,49696,28407,16074,8784,4383,1748,174,33,15,20,20,20,23,1,0"
un_central_and_southern_asia,1971,"0,0,0,0,0,0,0,0,0,280,7313,45069,264860,1071217,3086821,7244771,24958399,63913394,101188604,147838123,165806973,123804268,66572079,36815734,21580757,13700220,8521925,5002903,3075756,1834564,1011003,573051,326252,181510,103344,59139,33861,19300,10713,5550,2377,475,30,16,12,10,17,18,0,0"
un_central_and_southern_asia,1972,"0,0,0,0,0,0,0,0,0,500,9050,53458,304204,1198609,3406306,8193187,30061831,70638867,110276641,158118675,167402916,116248124,60783625,33913706,20165010,13143061,8491523,5419947,3505288,2215108,1278938,720773,424007,236702,133941,77493,44528,25530,14428,7814,3745,1297,17,6,2,0,0,0,0,0"
un_central_and_southern_asia,1973,"0,0,0,0,0,0,0,0,0,129,6147,38788,229926,959679,2869481,7111266,26524679,68044211,108386631,158063693,173923060,125833462,66343543,36677041,21617852,14149184,9275307,5997491,3894976,2502048,1474498,823583,483269,272463,153286,88726,51039,29304,16662,9122,4536,1769,97,7,5,0,0,0,0,0"
un_central_and_southern_asia,1974,"0,0,0,0,0,0,0,0,0,134,6380,40726,237356,967680,2850033,7120450,28597959,71538517,113522835,163798124,176816849,125893053,66116974,36419177,21477432,14081539,9330954,6207625,4137516,2712603,1641153,924645,544074,311316,174500,101340,58499,33641,19204,10645,5454,2244,311,7,9,1,0,0,0,0"
un_central_and_southern_asia,1975,"0,0,0,0,0,0,0,0,0,40,5163,34890,201483,839930,2545502,6360668,23732929,66493274,108444847,161229625,184678350,139600198,74816916,40766760,23578418,15122375,9933436,6467275,4269709,2796716,1690601,952459,561158,321388,180072,104425,60304,34675,19798,10973,5623,2313,321,7,10,1,0,0,0,0"
un_central_and_southern_asia,1976,"0,0,0,0,0,0,0,0,0,7,4165,31446,183868,762400,2329819,5861817,22855560,66667466,109857301,163933428,189385243,144820947,77986600,42175363,24046380,15235779,10083284,6825368,4828689,3280400,2111467,1243181,725846,431492,242001,139320,81237,46847,26969,15239,8205,3841,1197,10,10,1,0,0,0,0"
un_central_and_southern_asia,1977,"0,0,0,0,0,0,0,0,0,4,4190,31058,170640,719993,2268599,5845450,19381570,61132970,104760359,158951966,194485669,159245226,88939105,47277828,26706846,16561716,10847170,7073548,4788389,3207080,2014685,1164875,685901,402775,225189,130036,75607,43578,25004,14064,7449,3314,815,7,10,1,0,0,0,0"
un_central_and_southern_asia,1978,"0,0,0,0,0,0,0,0,0,0,2481,25283,139937,582390,1865340,4971111,16185201,56542421,102121466,156773177,199458552,171611025,99155849,52217880,29462457,17957205,11498099,7060234,4429140,2853110,1685898,947887,562394,318653,179595,103704,59895,34480,19654,10779,5362,2092,112,7,10,2,0,0,0,0"
un_central_and_southern_asia,1979,"0,0,0,0,0,0,0,0,0,0,2572,26045,145112,589688,1879230,5066216,22270465,69091593,116804707,175950711,205407542,159192595,86762005,47109967,27085813,16984492,10719453,6393021,3973547,2449288,1381781,780253,451182,251454,143512,82785,47687,27338,15376,8155,3653,928,25,8,10,2,0,0,0,0"
un_central_and_southern_asia,1980,"0,0,0,0,0,0,0,0,0,0,1387,22128,122250,474400,1530322,4474929,19367576,65819414,115439806,176891912,212409507,170581467,95056416,51403224,29242946,17696101,10458492,5702850,3264317,1858511,1042791,584991,330116,191358,111777,64822,37510,21616,12549,7288,4243,2471,1436,827,472,272,141,69,40,23"
un_central_and_southern_asia,1981,"0,0,0,0,0,0,0,0,0,0,765,19730,107401,390587,1262249,3791583,17549027,64273836,115954678,179971263,219056992,178784535,100837917,54482496,30732475,18212849,10414021,5519491,3040815,1689689,949662,527092,298914,174359,101458,58822,33997,19654,11413,6634,3860,2254,1310,755,431,243,127,60,35,21"
un_central_and_southern_asia,1982,"0,0,0,0,0,0,0,0,0,0,461,17402,102699,374067,1209447,3721281,15118875,60553187,115741736,180569070,224842117,188626449,108435637,58226879,32765248,19277874,10922328,5580052,3015900,1706429,962197,539021,305644,178374,103804,60200,34794,20089,11671,6781,3944,2301,1337,777,440,249,124,63,37,22"
un_central_and_southern_asia,1983,"0,0,0,0,0,0,0,0,0,0,474,17777,101779,362189,1162175,3542683,12296826,54119773,111375270,174965218,227882845,203600328,121190532,64456253,36204111,21214172,12116321,6109559,3314119,1899765,1066455,598410,339547,198014,115536,67126,38991,22757,13245,7705,4488,2620,1529,883,510,290,145,75,43,25"
un_central_and_southern_asia,1984,"0,0,0,0,0,0,0,0,0,0,304,21675,113753,373482,1138353,3410437,11542387,52529615,113966736,181592097,234991936,208237621,123995497,65983622,37099377,21811688,12661912,6637619,3577714,2041224,1143199,650638,369116,214934,125845,73267,42522,24447,14220,8271,4816,2811,1643,955,547,316,157,81,47,26"
un_central_and_southern_asia,1985,"0,0,0,0,0,0,0,0,0,0,36,21213,113682,366478,1104179,3261552,10737445,50316359,116490143,187820249,242119316,213840579,127433801,67700970,38163569,22437192,13131880,7122957,3807887,2107418,1178444,670508,380566,221747,129776,75513,43790,25171,14630,8508,4950,2885,1684,982,563,321,161,81,48,26"
un_central_and_southern_asia,1986,"0,0,0,0,0,0,0,0,0,0,0,24315,124231,378708,1095435,3237162,10712213,50353883,119890550,194725630,248779944,218527332,129904313,69113460,39009056,22844055,13267387,7307608,3799045,1983872,1110744,611962,346814,202646,117907,68338,39525,22980,13334,7745,4502,2621,1527,891,504,286,143,73,42,24"
un_central_and_southern_asia,1987,"0,0,0,0,0,0,0,0,0,0,192,27832,134522,389375,1074783,3067990,10088065,50719646,124521591,202986218,256614484,223220176,131394573,69945909,39374114,22849253,13113262,7291815,3684481,1829308,1016537,554338,315312,183400,105238,59438,33413,19432,11315,6600,3848,2246,1317,772,448,249,126,55,32,18"
un_central_and_southern_asia,1988,"0,0,0,0,0,0,0,0,0,0,0,24444,129096,381005,1080975,3224144,10435634,50118570,125572041,207674821,264539101,228226614,134772563,72424632,40700369,23559364,13595339,7614100,3824174,1867474,1027945,543648,305779,175717,98889,54148,30737,17920,10444,6094,3555,2079,1217,716,415,227,118,50,26,15"
un_central_and_southern_asia,1989,"0,0,0,0,0,0,0,0,0,0,3982,44891,166082,424851,1190706,3589768,11421376,48652881,122697287,211128809,272985870,236216273,140321157,76117213,42221615,23991613,13498222,7430836,3731443,1819093,989339,517507,290834,165528,90718,47912,27283,15926,9283,5423,3163,1854,1087,637,368,202,104,41,23,12"
un_central_and_southern_asia,1990,"0,0,0,0,0,0,0,0,0,0,6968,62254,202733,494306,1370146,4367088,12865438,46932114,118558398,213196252,279838585,244391274,146868123,79494194,44192165,25127815,14049411,7749364,3973938,1978539,1077035,571421,318564,180535,98113,50571,28696,16742,9764,5695,3322,1943,1137,668,386,209,111,47,24,13"
un_central_and_southern_asia,1991,"0,0,0,0,0,0,0,0,0,0,9995,73304,222129,486459,1060679,3198952,11085934,42258943,113437663,219669462,291678678,254582115,152256611,83471689,45979677,25706002,14261785,7936336,4253481,2128269,1164242,645874,358865,204235,111853,56934,30551,17756,10309,5986,3479,2024,1182,692,384,211,116,52,28,16"
un_central_and_southern_asia,1992,"0,0,0,0,0,0,0,0,0,0,15664,109409,292532,573893,1071021,2771075,9550602,36876597,104280760,222865405,302466310,268355296,160669369,87821634,48277344,26441186,14433139,8027034,4462536,2288013,1242805,703933,392293,224067,123324,62937,33120,19230,11174,6479,3773,2188,1273,743,416,228,122,58,32,18"
un_central_and_southern_asia,1993,"0,0,0,0,0,0,0,0,0,174,23247,145775,378862,723431,1340233,3264542,10295204,35078002,101277806,226960532,313179557,274860733,166374086,91335155,49302695,26296635,14087366,7752221,4390441,2304312,1263029,721267,403026,230116,126417,64284,32926,19115,11090,6429,3731,2165,1259,725,415,227,117,59,32,18"
un_central_and_southern_asia,1994,"0,0,0,0,0,0,0,1,256,2277,34901,199918,515666,986078,1783571,3762702,10238742,33114213,96578898,226936391,321596152,284617919,173072202,96204154,51560862,26939936,14199034,7784691,4443141,2361530,1303458,747500,418919,239329,131432,66818,34250,19898,11556,6705,3897,2261,1312,760,440,242,124,60,31,18"
un_central_and_southern_asia,1995,"0,0,0,0,0,0,0,0,0,637,30984,186230,465100,843885,1549342,3674146,10624697,33365795,95723173,226463520,328467411,290520507,178690881,99689498,54045840,28764534,15615792,8481442,4827486,2605406,1415801,808146,453852,258156,140855,70666,36778,21386,12441,7225,4208,2445,1425,832,475,269,140,63,32,18"
un_central_and_southern_asia,1996,"0,0,0,0,0,0,0,0,0,441,31929,188996,471400,840541,1503775,3377836,9433146,31066381,94274936,229224095,335400719,297905864,185557439,102319729,56174521,30140259,16582219,9196878,5347092,2941001,1592485,911337,512964,291402,158863,79210,39000,22604,13141,7630,4445,2585,1506,876,505,285,152,69,34,19"
un_central_and_southern_asia,1997,"0,0,0,0,0,0,0,0,0,154,26730,175937,453081,820212,1451549,3218619,9024301,30764663,95849983,235336755,341748462,302933056,188440604,104906929,57681455,31066215,17226699,9605421,5647780,3130146,1705311,977588,551754,313431,169287,82889,40101,23226,13515,7856,4568,2657,1545,903,521,296,160,74,33,19"
un_central_and_southern_asia,1998,"0,0,0,0,0,0,0,0,2,340,25421,171461,451373,835603,1491581,3334853,9419339,32056432,99819044,240509403,347577291,306386683,191702736,105386683,59023058,32000873,17830908,9979348,5901706,3314907,1829400,1060414,602138,343495,185563,90691,45102,26436,15508,9101,5333,3135,1841,1083,632,368,205,109,55,26"
un_central_and_southern_asia,1999,"0,0,0,0,0,0,0,0,7,506,36109,194895,485113,855098,1588616,3696275,10123126,33477331,102728736,246670420,352874643,310039309,194710740,107183016,60137142,32662079,18284882,10187137,6063059,3453696,1907287,1094513,609024,340677,182155,88841,43239,25029,14540,8458,4911,2848,1651,960,556,323,180,93,38,19"
un_central_and_southern_asia,2000,"0,0,0,0,0,0,0,0,14,657,16177,104555,334356,793718,1657527,3914078,10755975,34497385,104885168,253631949,358502779,313415022,197707193,108559017,61128170,33431127,19059230,10795599,6563525,3840590,2124444,1230521,683666,378197,203059,100588,48353,27490,15971,9285,5397,3129,1812,1055,608,353,195,103,47,23"
un_central_and_southern_asia,2001,"0,0,0,0,0,0,0,0,47,1166,17948,105999,319097,720511,1575609,3703492,10310489,34685055,107522370,259609585,364217549,321111955,201383526,109698342,61931518,33978751,19463122,11151378,6869484,4058187,2248369,1310910,723805,394316,209833,103975,50034,28189,16375,9524,5536,3211,1857,1077,622,364,197,106,50,24"
un_central_and_southern_asia,2002,"0,0,0,0,0,0,0,0,0,141,13117,85738,245784,515838,1156003,2983386,9316436,34349213,108643711,262356435,372840959,326237315,204999406,112349971,63396951,35208919,20869671,12327999,7710492,4766096,2710450,1595648,896179,479876,255888,129242,62136,32991,19164,11145,6478,3766,2180,1266,733,424,234,127,64,30"
un_central_and_southern_asia,2003,"0,0,0,0,0,0,0,0,0,88,11653,89134,337705,759531,1455063,3268696,9549005,32894145,106006881,262450476,374840636,332157146,211944381,116643558,66175643,37274050,22863659,14018704,8828302,5712227,3402567,2003873,1162322,619756,328179,168015,82058,40890,23561,13680,7951,4617,2670,1548,899,518,291,157,82,39"
un_central_and_southern_asia,2004,"0,0,0,0,0,0,0,0,0,86,11323,79439,307813,723128,1374242,3032336,8835739,31186105,103193204,259692487,375887644,338798425,221240532,123456094,70507607,39990911,24861888,15378993,9631715,6251661,3813036,2251754,1319913,702141,366846,186569,91090,45305,25540,14806,8597,4983,2885,1664,957,547,313,174,92,44"
un_central_and_southern_asia,2005,"0,0,0,0,0,0,0,0,0,183,10139,67100,263667,650119,1255921,2752780,7945771,28662816,98451542,248983765,380097777,351899645,233179781,130298126,74366520,42230523,26247750,16540877,10465495,6779864,4131318,2428333,1425225,756555,389084,195944,95346,47604,26741,15543,9034,5249,3048,1769,1029,591,341,186,92,43"
un_central_and_southern_asia,2006,"0,0,0,0,0,0,0,0,0,40,5951,46862,202097,554524,1141651,2486870,6906620,24997462,89753249,235036198,376500208,367167522,250878356,142054446,81035606,45632136,27402298,16959184,10848622,7097953,4420844,2699216,1604864,854532,435696,216951,107023,54666,31024,17990,10439,6054,3506,2038,1184,673,379,215,111,54"
un_central_and_southern_asia,2007,"0,0,0,0,0,0,0,0,0,22,3590,33049,143271,441749,974445,2128121,5902208,21522197,81505113,219194689,374580832,382617062,266025229,152516784,87895878,49312295,29576830,18246307,11532311,7484968,4677290,2798542,1664413,889060,448046,224080,112138,58135,33742,20473,12514,7696,4767,2987,1891,1205,776,501,332,224"
un_central_and_southern_asia,2008,"0,0,0,0,0,0,0,0,0,1,3600,27600,101855,352283,856846,1956045,5416901,20025079,76857807,211296565,370713112,391693961,278397780,162738214,94104950,52557200,31291736,19119227,11869915,7640537,4698003,2728401,1588166,833963,417655,205279,98276,50080,29799,18065,11059,6828,4272,2712,1753,1147,755,511,349,250"
un_central_and_southern_asia,2009,"0,0,0,0,0,0,0,0,0,0,1964,12902,53005,248544,704429,1653272,4614595,17659820,72340259,200304486,369520829,402935443,294372226,172594895,98839130,55082042,32590324,19866930,12123198,7633799,4594628,2607885,1478783,758915,377197,183923,86848,46680,28835,17991,11354,7243,4684,3072,2043,1375,939,644,448,323"
un_central_and_southern_asia,2010,"0,0,0,0,0,0,0,0,0,4,732,8153,36085,202249,617151,1451752,3896962,14194130,60881063,175452409,352415064,415424604,315563630,195869804,112000717,62871406,36794945,22080910,13204328,7621151,4185686,2275759,1173803,609901,312201,156307,81317,50041,32106,20977,14011,9553,6662,4740,3441,2542,1906,1442,1098,856"
un_central_and_southern_asia,2011,"0,0,0,0,0,0,0,0,0,73,797,4944,29160,183847,577456,1298733,3457863,12382365,53108769,157699888,334146227,417048808,338647726,215628453,122200037,71540222,42992215,25297237,14581491,7745799,3752875,1770630,824240,414012,213441,115179,70118,44048,28031,18072,11813,7841,5287,3611,2499,1763,1258,897,651,481"
un_central_and_southern_asia,2012,"0,0,0,0,0,0,0,0,0,41,830,4173,21402,147141,497287,1129859,3008899,10818519,47607641,146479204,321172184,417642421,355905146,231067793,132649743,78394792,47165188,27252282,15509171,8103811,3708546,1705587,806985,395800,197246,107840,66275,41374,26117,16686,10783,7070,4697,3160,2150,1490,1049,737,520,384"
un_central_and_southern_asia,2013,"0,0,0,0,0,0,0,0,0,37,710,3194,15332,51627,153299,405958,1471975,7172006,37204332,126373393,300379691,420925937,375252843,250530743,148402800,89915375,54371473,31006261,16975419,8644881,4105489,1800144,809317,395798,202482,112202,68132,41882,26064,16434,10495,6815,4492,2994,2036,1407,991,699,495,366"
un_central_and_southern_asia,2014,"0,0,0,0,0,0,0,0,0,70,512,2365,13027,47864,152952,417367,1342147,6139659,31647075,112489078,278466926,420581186,395242001,272575223,160738768,97883075,57473594,32576165,17272592,8897641,4293088,1852841,806169,405519,214115,117803,70526,42821,26252,16251,10175,6431,4128,2676,1756,1179,806,550,378,273"
un_central_and_southern_asia,2015,"0,0,0,0,0,0,0,0,0,36,394,1554,9834,41874,146428,405061,1221948,5212974,25924429,95748066,251440906,415548137,415427615,300609104,176726747,105543121,61473975,34529872,18303155,9420960,4621046,2028826,909103,462664,236121,126876,76371,46733,28966,18197,11593,7492,4921,3271,2212,1527,1070,757,535,391"
un_central_and_southern_asia,2016,"0,0,0,0,0,0,0,0,0,7,146,795,8034,35083,134403,397025,1129967,4413157,21149606,82827982,224989495,405769171,433593700,325465133,194960022,115011841,65758076,36124927,19308764,10003157,4959436,2314330,1043843,517605,254223,133793,80255,49149,30569,19330,12449,8165,5463,3725,2588,1831,1322,969,710,535"
un_central_and_southern_asia,2017,"0,0,0,0,0,0,0,0,0,7,118,674,6212,30967,125244,389334,1053321,3748393,17426309,71634309,201835874,393159870,447466245,350071467,211504136,123456718,70299211,39552858,21092955,11241492,5625450,2622083,1151795,560338,278416,143551,84587,51913,32425,20636,13409,8899,6053,4204,2986,2169,1605,1211,913,706"
un_central_and_southern_asia,2018,"0,0,0,0,0,0,0,0,0,3,129,895,6768,32273,127966,406883,1061337,3325045,14766639,62214970,180432733,378303950,460326962,372943085,229535217,133497359,74864064,41789128,22175861,11606214,5801589,2669791,1206016,610604,308664,162888,98298,62332,40294,26554,17835,12197,8496,6017,4318,3141,2321,1726,1287,974"
un_central_and_southern_asia,2019,"0,0,0,0,0,0,0,0,0,9,355,1685,8067,33749,125290,403362,1055713,3104043,13386796,57332199,170408487,369912914,468375221,390720820,244110343,140192555,77545275,42176343,21751360,11052373,5393086,2340309,1016235,501155,258664,135930,79224,47729,29335,18439,11882,7860,5366,3783,2745,2060,1587,1244,986,805"
un_central_and_southern_asia,2020,"0,0,0,0,0,0,0,0,0,44,347,1731,8622,34006,138546,453627,1207406,3500816,14756715,61666269,180771678,385964345,475926905,387359918,237834747,136821025,75157047,41288228,21526004,10628538,5077072,2173934,940686,468576,247227,137742,84346,52878,33954,22349,15090,10450,7417,5397,4006,3038,2340,1818,1414,1117"
un_central_and_southern_asia,2021,"0,0,0,0,0,0,0,0,0,128,1496,6494,34889,185446,641215,1526804,2790323,4891095,14073748,54113275,160811662,365710732,477077944,408046906,255631387,146689733,81395797,45190391,23914387,12044061,5800934,2568076,1083299,499671,252872,137837,82403,50177,31166,19783,12852,8568,5877,4136,3010,2247,1723,1348,1067,854"
un_central_and_southern_asia,2022,"0,0,0,0,0,0,0,0,0,291,1942,20981,110873,404765,1035934,2018168,3253626,5130033,12622286,45873329,138776409,334768831,479845109,431508189,281188383,158864059,88893027,49163241,26332138,13455935,6295356,2694724,1118148,538555,276199,148453,88616,54187,33822,21602,14150,9534,6614,4733,3483,2644,2063,1636,1317,1067"
un_central_and_southern_asia,2023,"0,0,0,0,0,0,0,0,0,380,2830,29083,141311,483313,1180492,2207071,3406974,5091071,11390019,39756159,124039722,307914396,471957224,453471373,304695406,171738810,95892440,52904517,29352580,15686569,7795865,3560375,1585744,659825,330356,182147,105389,63258,38769,24309,15645,10358,7062,4983,3627,2721,2119,1682,1360,1112"
un_central_and_southern_asia,2024,"0,0,0,0,0,0,0,0,5,485,3794,35552,166213,551009,1303507,2376615,3573290,5165506,10503064,34796812,111559010,280900755,464397486,471558176,329909688,186242484,104699392,57019374,31300349,16831804,8504762,3877900,1717942,718238,357320,200411,115871,69164,42195,26330,16850,11085,7516,5269,3817,2850,2204,1749,1407,1148"
un_central_and_southern_asia,2025,"0,0,0,0,0,0,0,0,5,500,3890,36454,171313,568366,1339148,2433984,3645433,5157428,9792589,31120519,101857416,258461493,449629243,485673600,355172725,202958063,113949175,61509190,33277357,17761693,9020822,4085992,1798292,764674,379147,216324,127536,77724,48549,31098,20455,13842,9624,6895,5074,3819,2954,2326,1849,1484"
un_central_and_southern_asia,2026,"0,0,0,0,0,0,0,0,0,410,3033,31260,152503,522946,1271774,2379509,3681322,5260201,9005880,25232394,82236391,215858326,414535890,496638758,396739186,237353100,132981768,71626134,38338756,20283334,10414804,4800169,2096507,892456,419335,235241,136048,81354,49783,31168,20012,13213,8973,6287,4551,3385,2596,2045,1638,1325"
un_central_and_southern_asia,2027,"0,0,0,0,0,0,0,0,0,422,2769,28607,145161,514207,1274429,2406561,3722181,5281014,8475196,21580348,69242948,187979396,384270899,500160899,428800348,268015127,148756538,79911431,42017853,21913221,11266306,5208550,2253213,952564,434549,241390,138510,82108,49768,30841,19597,12784,8584,5966,4277,3163,2414,1907,1531,1248"
un_central_and_southern_asia,2028,"0,0,0,0,0,0,0,0,0,343,2107,21692,118951,456346,1196944,2324054,3638476,5111431,7800449,18216901,57341809,162582531,348690566,495365779,458477058,302280483,167243559,90593026,47255283,24510722,12679282,5961117,2593813,1112803,492030,269817,155072,92190,56134,34965,22336,14664,9901,6901,4957,3672,2791,2194,1751,1415"
un_central_and_southern_asia,2029,"0,0,0,0,0,0,0,0,0,293,2260,16861,93220,392320,1113333,2255953,3594426,5004142,7304984,15640732,49159484,146122989,328876575,493119358,477091224,324372338,180925393,98706655,51569543,26708126,13842839,6601282,2880232,1234615,537179,290192,166169,98406,59741,37092,23610,15433,10379,7203,5160,3805,2886,2264,1802,1454"
un_central_and_southern_asia,2030,"0,0,0,0,0,0,0,0,0,80,859,3602,28661,194125,701412,1767359,3260183,4917535,7247202,15344145,47200423,139912285,314651809,489394129,490688690,342905545,191034794,103565928,53093182,27033606,13877776,6584142,2855883,1202189,520366,279810,159516,94005,56712,34980,22110,14362,9597,6623,4722,3483,2639,2073,1655,1353"
un_central_and_southern_asia,2031,"0,0,0,0,0,0,0,0,0,17,682,4808,26873,129075,417481,1123196,2442183,4404890,7164408,14899326,43817564,129639013,296816120,482416221,503420088,362684848,204396139,111271174,57143820,29078435,14939451,7181640,3110601,1298413,548723,287214,162010,94608,56689,34780,21915,14215,9507,6577,4708,3489,2655,2087,1685,1379"
un_central_and_southern_asia,2032,"0,0,0,0,0,0,0,0,0,5,722,5572,26696,118651,382719,1054752,2377805,4364974,7075385,14119102,40508587,120138540,280259245,474522292,514065766,381399727,217590891,118827893,61167930,31139065,15998484,7779538,3390309,1424092,599698,307625,173150,100824,60322,36945,23225,15033,10029,6919,4940,3648,2774,2176,1750,1431"
un_central_and_southern_asia,2033,"0,0,0,0,0,0,0,0,0,6,897,6573,29662,124800,394657,1081625,2436807,4458658,7134632,13459518,36987446,109955770,262446907,463658817,523458517,401422995,232950891,127306109,65701103,33431710,17135209,8419864,3699630,1556380,652128,326863,183164,106161,63282,38621,24176,15579,10350,7104,5060,3722,2821,2207,1771,1455"
un_central_and_southern_asia,2034,"0,0,0,0,0,0,0,0,0,0,697,5716,25996,112018,363042,1011179,2330512,4348461,6999736,12731369,33799462,100525333,245545957,451161743,530805911,421049811,249350473,136215961,70662883,35952708,18409382,9150532,4056771,1711769,714151,349777,195606,113072,67303,41008,25626,16473,10921,7489,5303,3897,2945,2296,1839,1506"
un_central_and_southern_asia,2035,"0,0,0,0,0,0,0,0,0,0,525,4937,22824,100334,334368,946715,2229711,4242371,6926671,12654645,33660626,100563313,246455049,453494912,534555677,425124628,252860068,138336108,71910459,36619798,18764540,9335160,4153869,1752140,730038,357954,200372,115900,68994,42034,26273,16894,11203,7667,5440,3995,3017,2353,1883,1543"
un_central_and_southern_asia,2036,"0,0,0,0,0,0,0,0,0,0,537,5036,23241,102174,339989,959467,2257594,4285426,6933317,12138328,30824098,91523388,229931275,438861493,539246343,444089913,270271518,147852274,77362487,39419768,20176287,10128371,4553573,1929418,804059,384649,214954,123961,73670,44797,27938,17927,11849,8095,5715,4186,3154,2455,1961,1601"
un_central_and_southern_asia,2037,"0,0,0,0,0,0,0,0,0,0,388,4334,20449,92105,316721,903023,2163427,4178900,6820872,11601251,28227675,83142914,214132835,422471427,541731213,462754165,288802916,158005835,83290914,42469526,21704729,10973347,4984230,2120701,885338,412874,230243,132449,78531,47649,29657,18969,12516,8523,6003,4377,3293,2549,2036,1658"
un_central_and_southern_asia,2038,"0,0,0,0,0,0,0,0,0,0,270,3700,18071,81906,292045,841887,2054451,4041685,6667449,11078373,25833883,75375053,199053144,404844810,542271125,480995545,308068558,168639503,89513896,45654953,23271361,11825515,5429531,2319199,965372,442008,246156,141992,84537,51580,32293,20791,13807,9460,6699,4909,3698,2861,2276,1845"
un_central_and_southern_asia,2039,"0,0,0,0,0,0,0,0,0,0,274,3773,18403,84012,300932,864819,2102648,4119471,6744644,10871374,23904826,68404891,184691654,385964582,540283502,497818601,327637395,179774542,96119796,49054594,24987308,12744235,5916602,2539598,1055964,473759,261630,150490,89412,54445,34018,21861,14483,9896,6992,5112,3843,2969,2360,1911"
un_central_and_southern_asia,2040,"0,0,0,0,0,0,0,0,0,0,184,3185,16254,74622,278694,810884,2003713,3993375,6620361,10530751,22319500,62966981,172385540,368152462,537445789,513515482,346758314,190642259,102177718,51898104,26282186,13414350,6258204,2697224,1129571,499493,273266,157127,93265,56756,35450,22779,15088,10320,7284,5319,4005,3087,2447,1981"
un_central_and_southern_asia,2041,"0,0,0,0,0,0,0,0,0,0,119,2657,14291,65487,253889,749953,1890442,3847279,6474710,10195409,20684020,57246432,159284966,348157777,531518680,527968162,367168378,203431053,109760669,55817380,28240763,14436141,6823069,2954269,1239269,540043,291174,166813,98793,60013,37403,23980,15843,10798,7608,5536,4159,3199,2531,2046"
un_central_and_southern_asia,2042,"0,0,0,0,0,0,0,0,0,0,122,2707,14526,66858,260959,771009,1938988,3936375,6602688,10345142,20740968,57004655,159185067,348650726,533008592,530328813,369705512,206109380,111901357,57372747,29202857,14964767,7125535,3098132,1294105,563091,303418,173596,102743,62394,38875,24902,16440,11201,7879,5725,4294,3301,2610,2110"
un_central_and_southern_asia,2043,"0,0,0,0,0,0,0,0,0,0,76,2231,12729,59282,240820,721651,1839785,3799647,6462901,10060261,19341973,51911740,146676426,328446506,524727937,543141855,390047960,219840991,119843307,61531749,31291930,16023806,7710756,3371648,1410478,603664,320182,182745,107887,65410,40670,26007,17138,11650,8181,5933,4442,3412,2691,2173"
un_central_and_southern_asia,2044,"0,0,0,0,0,0,0,0,0,0,77,2273,12951,59620,242447,728069,1859398,3843331,6520419,10003095,18299286,47474500,134746381,308511334,514433814,553858036,410363872,234640783,128000052,65642176,33249501,16997586,8242301,3621464,1519856,641470,334400,190881,112623,68232,42419,27114,17868,12146,8527,6184,4625,3551,2797,2253"
un_central_and_southern_asia,2045,"0,0,0,0,0,0,0,0,0,0,45,1857,11801,54989,229718,696028,1772828,3688643,6349853,9793766,17293942,43359523,123245245,288773995,502039517,562631721,430430903,250455081,136897765,70492581,35700712,18215838,8928099,3952034,1665512,698880,356264,202820,119373,72233,44841,28624,18831,12781,8958,6484,4843,3710,2919,2348"
un_central_and_southern_asia,2046,"0,0,0,0,0,0,0,0,0,0,24,1493,10256,48315,214654,668948,1703026,3563185,6201761,9633403,16551631,39821453,112463177,269575706,487654445,568945839,449958644,267296829,146220313,75704708,38367627,19549785,9673485,4316202,1829181,765515,381517,216812,127351,76919,47665,30358,19922,13485,9426,6801,5065,3877,3040,2442"
un_central_and_southern_asia,2047,"0,0,0,0,0,0,0,0,0,0,25,1570,11351,52109,224725,691389,1733040,3593156,6236101,9635353,16063519,37070307,103333749,252487318,472226251,573025082,468207082,283559632,155080031,80740849,40943418,20806020,10374463,4655929,1983649,831063,404117,228932,134100,80874,50039,31826,20849,14094,9827,7081,5272,4023,3150,2523"
un_central_and_southern_asia,2048,"0,0,0,0,0,0,0,0,0,0,8,1424,10832,49300,212843,664672,1655249,3429492,6035226,9517389,15619243,34349929,94201072,235109436,454574724,575394927,487445571,302357835,164734824,86082982,43445265,21985707,11020645,4971867,2127731,890729,421806,238565,139526,84047,51935,32992,21598,14581,10158,7312,5439,4141,3245,2595"
un_central_and_southern_asia,2049,"0,0,0,0,0,0,0,0,0,0,0,1107,9515,43869,193332,622369,1570609,3289857,5858536,9402179,15430421,33271232,91206196,231403956,454452844,578668444,492145559,306398913,167922264,88318866,44886723,22754201,11449498,5208300,2228383,931291,441615,249306,145484,87560,54039,34283,22396,15086,10491,7540,5587,4260,3333,2660"
un_central_and_southern_asia,2050,"0,0,0,0,0,0,0,0,0,0,2,1433,11631,50780,212532,666832,1640303,3372104,5939698,9521876,15408578,31985387,85406687,217853852,434632897,575193225,507055465,324121893,177748522,94327074,47984863,24334103,12307471,5649905,2432782,1017210,471150,264509,153912,92426,56935,36051,23494,15798,10964,7857,5812,4427,3452,2756"
un_central_and_southern_asia,2051,"0,0,0,0,0,0,0,0,0,0,0,1077,10007,44683,194270,635360,1576904,3250904,5734107,9245709,14818138,29648524,77768738,202136797,414187490,572474911,524198231,344299390,189016760,100768963,51038311,25764209,13054040,6025419,2606911,1089696,494155,275236,159835,95882,59019,37339,24328,16356,11353,8131,6012,4573,3567,2846"
un_central_and_southern_asia,2052,"0,0,0,0,0,0,0,0,0,0,0,788,8561,39348,172798,585817,1482507,3108116,5541495,9021897,14379900,27699345,70862490,186898292,392466875,567013888,539752157,364427147,201196192,108064496,54815791,27631646,14036456,6550119,2847887,1185360,526344,289414,167429,100307,61693,39001,25398,17067,11841,8471,6260,4756,3709,2956"
un_central_and_southern_asia,2053,"0,0,0,0,0,0,0,0,0,0,0,798,8690,39738,173056,588233,1492269,3133210,5588027,9067626,14248609,26342734,65554240,173675432,371900047,559741633,552000894,382945913,213094583,115257422,58597230,29521090,15016279,7073228,3088826,1295193,566543,307309,177269,106098,65249,41244,26861,18041,12515,8949,6603,5014,3903,3104"
un_central_and_southern_asia,2054,"0,0,0,0,0,0,0,0,0,0,0,567,7377,35095,153052,540418,1400659,2988588,5390201,8832737,13936133,25498121,63277449,169228724,370066626,561608963,556490878,386945853,216572820,117638633,60198687,30416888,15481785,7344273,3216264,1346492,591258,320555,184491,110250,67720,42742,27790,18630,12895,9211,6783,5148,4003,3181"
un_central_and_southern_asia,2055,"0,0,0,0,0,0,0,0,0,5,10,403,6216,30973,134616,492833,1306827,2833872,5173818,8541105,13443280,23925149,57999730,156087633,348770470,552535964,568440248,406970386,230026731,125281808,63947513,32230908,16400583,7842511,3453181,1451665,623498,332962,191570,114511,70315,44396,28882,19380,13420,9599,7069,5365,4173,3316"
un_central_and_southern_asia,2056,"0,0,0,0,0,0,0,0,0,4,10,409,6303,31343,135160,496014,1316793,2855256,5209613,8579484,13401003,22961323,53342599,143266264,326792112,540542177,578273545,426554788,244264297,133428097,68310371,34426687,17510214,8478114,3756567,1587461,674645,354196,203233,121224,74296,46821,30395,20345,14060,10032,7377,5581,4332,3439"
un_central_and_southern_asia,2057,"0,0,0,0,0,0,0,0,0,4,10,277,5238,27544,118252,449657,1225870,2706330,5010926,8322868,13016934,21829502,49016607,131225668,305528651,526754851,586092379,446098930,259791623,142200715,73132344,36898716,18749604,9178235,4097259,1741745,735876,378539,216382,128647,78665,49461,32029,21394,14746,10496,7698,5810,4504,3566"
un_central_and_southern_asia,2058,"0,0,0,0,0,0,0,0,0,4,10,183,4303,24143,104941,414082,1156847,2590443,4859922,8152319,12892138,21472802,46724509,123588791,287959558,510705981,589309177,463244910,275091717,150258177,77336628,38902740,19739364,9716809,4356994,1865052,782183,392731,223750,132678,80952,50800,32845,21899,15083,10720,7856,5931,4591,3636"
un_central_and_southern_asia,2059,"0,0,0,0,0,0,0,0,0,3,10,185,4360,24421,104877,413463,1160175,2604586,4891816,8187563,12869251,21151074,45455142,120411126,285400905,511489661,592165559,466047582,277296168,152251882,78814830,39846500,20219290,9994722,4498085,1925270,811566,407906,231786,137142,83582,52385,33817,22515,15491,10991,8043,6065,4695,3716"
un_central_and_southern_asia,2060,"0,0,0,0,0,0,0,0,0,3,10,114,3555,22032,91965,365796,1059290,2429869,4643612,7851157,12444485,20310738,42113198,110050810,265738013,493989739,595469383,485272103,294892774,161589285,83854196,42294875,21403402,10651272,4821060,2078443,874268,422164,240294,142333,86807,54422,35139,23399,16085,11409,8343,6286,4863,3842"
un_central_and_southern_asia,2061,"0,0,0,0,0,0,0,0,0,2,10,69,2848,19114,80694,329072,983637,2297735,4463088,7610809,12164393,19704724,39272818,100548558,246728917,474421265,596119244,503265513,312975684,171536648,89639601,45219141,22810639,11430914,5220072,2264739,953279,451139,255050,150463,91518,57227,36851,24481,16787,11885,8669,6520,5028,3969"
un_central_and_southern_asia,2062,"0,0,0,0,0,0,0,0,0,2,10,70,2883,19333,80917,326630,979570,2293754,4460748,7592018,12013174,19045772,36391094,91619334,228680010,453353859,593980885,520252491,331777299,182127525,95941073,48459180,24410099,12305036,5672021,2475173,1038882,483508,272462,161228,98635,62103,40297,26977,18638,13279,9745,7348,5682,4485"
un_central_and_southern_asia,2063,"0,0,0,0,0,0,0,0,0,1,10,37,2266,16697,70919,292199,905256,2161269,4273927,7336735,11701438,18626949,35203655,88621491,223793535,451626446,596151200,524515160,335440337,184816693,97625671,49556930,25040382,12721554,5902646,2601761,1105133,505800,281990,166316,101409,63657,41195,27517,18977,13497,9888,7456,5761,4551"
un_central_and_southern_asia,2064,"0,0,0,0,0,0,0,0,0,6,22,39,1771,14383,62181,260791,834916,2036672,4103256,7132737,11466840,18255106,33639584,82438999,208580679,430322399,591365447,538758651,353377514,195262828,103893820,52630268,26409504,13381251,6250889,2748028,1160821,534337,298361,176064,107655,67765,43976,29442,20347,14488,10635,8018,6193,4889"
un_central_and_southern_asia,2065,"0,0,0,0,0,0,0,0,0,7,23,37,1338,12279,54611,234027,776324,1931428,3959068,6961322,11377693,18478140,33552964,78857823,197836394,409074244,582122901,548931625,369682851,205204063,110038475,55813016,28044177,14255017,6722528,2979200,1264541,568729,311973,182146,110298,68725,44124,29241,20000,14119,10280,7702,5926,4667"
un_central_and_southern_asia,2066,"0,0,0,0,0,0,0,0,0,6,21,37,1355,12409,54909,233142,780187,1952194,4017491,7099440,11648388,19291312,34137484,75154260,184458690,385908861,571448130,559397861,387254992,216518113,116599479,59027364,29573770,15054252,7169600,3206368,1379035,612216,330989,192321,115868,71825,45882,30234,20573,14448,10468,7811,5991,4705"
un_central_and_southern_asia,2067,"0,0,0,0,0,0,0,0,0,5,21,37,997,10533,48311,205914,715769,1830236,3836425,6870860,11393442,19241536,34243351,74198872,180550642,382660591,570069296,560688420,389494451,219309289,118891487,60803073,30719475,15754802,7591016,3422996,1493814,658615,349754,204875,124757,78249,50601,33757,23250,16511,12066,9070,6981,5495"
un_central_and_southern_asia,2068,"0,0,0,0,0,0,0,0,0,4,19,37,719,8876,42675,180525,654933,1723396,3695186,6747743,11353288,19559318,34835480,71717501,168930399,359970330,557495705,569204973,406952656,231507423,125809080,64110517,32180568,16410957,7947150,3601263,1574554,692500,371212,218853,134142,84706,55154,37050,25663,18311,13435,10109,7791,6125"
un_central_and_southern_asia,2069,"0,0,0,0,0,0,0,0,0,3,17,36,439,7689,38766,164007,604697,1619492,3573875,6667189,11292650,19461569,34575604,68797902,158137982,338901590,544337496,575838380,423478400,243683915,133061321,67954632,34151899,17405375,8512424,3878128,1715863,751871,396142,233409,143132,90449,58955,39634,27484,19621,14395,10831,8341,6545"
un_central_and_southern_asia,2070,"0,0,0,0,0,0,0,0,0,2,17,36,480,7223,36468,147824,553075,1508015,3384790,6392571,10826286,18514659,32869052,64135714,145795664,316891685,530514023,583718526,442699596,258500847,141066692,71978152,36102017,18344818,9038429,4141993,1845790,806972,416155,244321,149295,94053,61138,41011,28383,20235,14826,11143,8575,6728"
un_central_and_southern_asia,2071,"0,0,0,0,0,0,0,0,0,2,17,36,344,5933,32071,130797,508948,1420179,3239098,6229555,10722907,18795987,34092125,65878184,146838624,316111438,527779688,581094966,441611692,259239221,142026286,72955279,36735431,18713681,9272009,4275564,1912539,840616,436121,257392,158536,100777,66131,44782,31261,22460,16575,12518,9659,7588"
un_central_and_southern_asia,2072,"0,0,0,0,0,0,0,0,0,1,16,36,248,4813,28043,112458,461858,1339419,3105802,6068017,10510664,18573638,34304622,64486224,138137325,295853435,509535850,582390062,456915327,273681087,150486708,77767229,39231817,19954473,9975230,4633976,2091932,925065,469193,275718,169230,107225,70115,47305,32900,23546,17315,13029,10026,7855"
un_central_and_southern_asia,2073,"0,0,0,0,0,0,0,0,0,0,15,36,260,4969,28702,111186,438632,1274758,2995717,5891996,10231086,17777794,32442238,60332547,128579769,277696871,493098618,585002888,473726161,288865190,158689616,82137180,41367105,20946064,10521016,4904243,2225723,984672,487541,284577,173753,109522,71260,47850,33141,23633,17322,13010,9991,7823"
un_central_and_southern_asia,2074,"0,0,0,0,0,0,0,0,0,0,13,34,291,5051,29258,108714,412001,1191885,2811740,5606716,9800057,16971271,30810239,57265852,123745527,272114666,491348906,587191437,477763741,292408183,161550873,84200230,42784742,21755772,11030431,5168003,2361613,1048141,512228,297284,181464,114552,74694,50296,34951,24995,18380,13840,10644,8349"
un_central_and_southern_asia,2075,"0,0,0,0,0,0,0,0,0,0,12,32,216,4064,25490,95966,367919,1096138,2626306,5323714,9371919,16126157,29300492,53920416,114465900,253226133,472087801,587203771,494838945,309652023,170965643,89249601,45099381,22756073,11494459,5411102,2463502,1085963,525881,303708,184171,115379,74617,49823,34327,24375,17802,13339,10221,7992"
un_central_and_southern_asia,2076,"0,0,0,0,0,0,0,0,0,0,10,31,216,4191,25554,93249,347058,1054947,2539948,5204962,9277957,15968851,29414632,53545567,108965765,236777501,449821917,581246796,507302880,325340198,180245883,94959742,48063104,24236383,12322416,5853640,2688083,1200244,568158,324065,195914,122361,78846,52420,35948,25403,18463,13768,10512,8197"
un_central_and_southern_asia,2077,"0,0,0,0,0,0,0,0,0,0,11,32,218,4221,25740,93762,351645,1072016,2581020,5287255,9417151,16278361,30098712,54378597,109570216,236932468,448685529,579082292,505402872,324354632,180057091,95138067,48403817,24534623,12567876,5986130,2777911,1257675,589267,332142,200208,124775,80284,53334,36564,25835,18787,14009,10707,8353"
un_central_and_southern_asia,2078,"0,0,0,0,0,0,0,0,0,0,9,30,202,3771,23485,85721,319656,999744,2432161,5021835,8979766,15397791,28276335,50706961,100724261,219264640,426989616,575107916,520992214,342975996,190910867,101447963,51437409,25884409,13189753,6315161,2913127,1307205,610168,342806,205849,127817,81884,54149,36953,25990,18828,14003,10669,8308"
un_central_and_southern_asia,2079,"0,0,0,0,0,0,0,0,0,0,7,29,134,2999,20340,75904,289087,957370,2358571,4873075,8726726,14809325,27288546,49083765,95144276,204793710,404844373,567108662,532681440,359815855,201207723,107523798,54444879,27340054,13946323,6725527,3119225,1410162,650947,362538,218752,136633,88128,58703,40351,28576,20818,15551,11884,9263"
un_central_and_southern_asia,2080,"0,0,0,0,0,0,0,0,0,0,5,27,95,2353,17526,67616,263266,928022,2322593,4795925,8589382,14597285,27202382,49164924,94629371,201353119,400830357,564622373,532320405,360835435,202975279,109282956,55805159,28224743,14488846,7026099,3276476,1499681,689864,378208,226981,141168,90682,60166,41215,29106,21157,15773,12036,9381"
un_central_and_southern_asia,2081,"0,0,0,0,0,0,0,0,0,0,5,28,106,2073,15706,61517,241561,898709,2286330,4690391,8350423,14100921,26161075,47292873,89929831,191320355,381169858,554265853,540481762,376233677,213109652,115233816,58612190,29507915,15052512,7304654,3401171,1544327,708183,387686,231683,143297,91481,60283,41000,28762,20776,15404,11710,9093"
un_central_and_southern_asia,2082,"0,0,0,0,0,0,0,0,0,0,4,26,111,2615,18010,67282,248097,901508,2278861,4664397,8293373,13765244,24972299,44898136,83887049,177468002,358610938,542990853,549378032,393300099,225257162,122674127,62547232,31519513,16070426,7855345,3665120,1671026,758502,407576,243448,150800,96468,63739,43481,30582,22143,16456,12533,9745"
un_central_and_southern_asia,2083,"0,0,0,0,0,0,0,0,0,0,3,24,82,2065,15455,60614,221450,840988,2183295,4508178,8100238,13523275,24575181,44458647,83029777,174598797,354928429,540911271,549475534,394555456,226578659,124000296,63541992,32230163,16502429,8122610,3800826,1751489,794151,419285,249611,154074,98260,64757,44079,30959,22383,16629,12656,9841"
un_central_and_southern_asia,2084,"0,0,0,0,0,0,0,0,0,0,2,21,83,2137,15236,59793,206071,780312,2061008,4271745,7685160,12767823,22642569,40750279,75782394,160942435,333019872,529064591,558605679,413186984,240335946,131985085,67638115,34154615,17357645,8570263,4011521,1828028,823775,433935,256582,157375,99607,65106,43935,30592,21948,16198,12261,9493"
un_central_and_southern_asia,2085,"0,0,0,0,0,0,0,0,0,0,1,20,62,1691,12979,52822,179622,709347,1937129,4045400,7261912,11954791,20708792,36973801,68885366,148028304,311477171,515391801,565518413,431703431,255034752,140406615,72051172,36432408,18456979,9133837,4277977,1947519,868426,448337,263873,161070,101526,66120,44507,30918,22151,16333,12360,9567"
un_central_and_southern_asia,2086,"0,0,0,0,0,0,0,0,0,0,1,20,54,1331,11070,46662,156126,624268,1755408,3727223,6760834,11242197,19397911,34466560,65863315,146439305,311103604,514954713,565386384,432162633,256024047,141701194,73186238,37281786,18975477,9441962,4416797,2022667,899314,455881,266773,162468,102256,66555,44795,31148,22341,16493,12501,9688"
un_central_and_southern_asia,2087,"0,0,0,0,0,0,0,0,0,0,0,19,53,1338,11125,46885,155399,611015,1715158,3639277,6586430,10870854,18268374,31851052,59998737,134214752,289940044,498716551,569446558,449776263,271438334,150389579,77732902,39476316,19942615,9890328,4628200,2097938,922624,465533,270635,163538,102026,65785,43855,30214,21490,15746,11866,9158"
un_central_and_southern_asia,2088,"0,0,0,0,0,0,0,0,0,0,0,16,46,1027,9382,41236,135154,549048,1602648,3450929,6278112,10359872,17226463,29903019,56884881,130067037,284022424,495800215,570444188,452877765,274406880,152944134,79609565,40720175,20655900,10355593,4874794,2230721,979128,483301,279426,168771,105322,67970,45377,31322,22321,16394,12371,9565"
un_central_and_southern_asia,2089,"0,0,0,0,0,0,0,0,0,0,0,13,41,784,7977,36642,117512,466973,1406286,3111431,5775113,9671685,16034041,27591149,52133405,119959764,265360687,479444763,572707776,469111028,289358565,161005011,83829789,42689804,21482877,10708982,5037455,2284673,993138,488117,280933,168708,104589,66995,44381,30388,21496,15683,11776,9066"
un_central_and_southern_asia,2090,"0,0,0,0,0,0,0,0,0,0,0,21,65,606,6676,32452,104365,415855,1305418,2960827,5586697,9442506,15798461,27565092,51070965,113784841,251059455,460810906,568706766,480282620,302268817,167881687,87741236,44583744,22447301,11240831,5310324,2431244,1060893,511247,294284,177703,110909,71595,47807,33005,23521,17271,13035,10072"
un_central_and_southern_asia,2091,"0,0,0,0,0,0,0,0,0,0,0,17,60,438,5602,28530,91759,360799,1180815,2751699,5287015,9036325,15304207,27055820,50360684,111705843,245346301,454770855,565636270,481347385,305024386,170876413,90050351,46297480,23516090,11852395,5604726,2584986,1134565,538494,306904,184894,115182,74244,49527,34162,24341,17860,13485,10412"
un_central_and_southern_asia,2092,"0,0,0,0,0,0,0,0,0,0,0,13,56,435,5609,28065,89770,348185,1139480,2658469,5109662,8725671,14539999,25125644,46123183,102494279,228386486,435372328,563154516,495428677,321083180,179908665,95204177,48735124,24637967,12353068,5836301,2671593,1161993,548421,310567,185556,114516,73073,48234,32928,23229,16902,12665,9726"
un_central_and_southern_asia,2093,"0,0,0,0,0,0,0,0,0,0,0,11,52,313,4590,24637,80689,302703,1026531,2456683,4796901,8269542,13819625,23868384,44252586,99929578,223563538,430012819,560323865,496527950,323969444,182840217,97593340,50449032,25719594,13006536,6181875,2848949,1248570,580268,326158,195342,121036,77617,51531,35394,25119,18380,13832,10657"
un_central_and_southern_asia,2094,"0,0,0,0,0,0,0,0,0,0,4,33,87,344,4365,22918,75324,269668,940413,2305323,4572532,7946051,13322637,23134346,42535051,94242285,211878846,411516299,553553471,505767671,337595053,190695296,102150329,52514514,26663340,13438178,6398918,2942486,1282995,591721,333345,199932,124045,79637,52913,36365,25809,18892,14209,10948"
un_central_and_southern_asia,2095,"0,0,0,0,0,0,0,0,0,0,4,29,85,270,3597,19567,65739,232050,853298,2162212,4334347,7572786,12831167,22502370,41603831,92383755,207604332,406996310,551828748,506749700,339359814,192261439,103428430,53404531,27263595,13799864,6592317,3049967,1344224,614544,342223,204805,126802,81254,53896,36988,26226,19175,14413,11105"
un_central_and_southern_asia,2096,"0,0,0,0,0,0,0,0,0,0,3,25,80,212,2928,16624,57455,199083,772415,2030632,4126525,7221933,12185899,21303328,38979552,85122757,192813601,385067650,543638683,517121743,355732449,202672468,109885325,56578009,28828997,14535321,6973554,3225135,1416378,642109,357482,213635,132103,84524,55983,38350,27147,19813,14872,11440"
un_central_and_southern_asia,2097,"0,0,0,0,0,0,0,0,0,0,3,26,81,177,2363,14251,50592,169749,679331,1850784,3835646,6786304,11534466,20319128,37377180,80711230,183568020,368008405,534530433,523165742,368137885,210563302,114766830,58985591,30079942,15209105,7326362,3395205,1502550,672229,369394,220296,135977,86899,57511,39387,27866,20332,15263,11741"
un_central_and_southern_asia,2098,"0,0,0,0,0,0,0,0,0,0,2,22,76,152,1882,12308,45336,147772,599011,1687284,3563439,6367305,10851490,18971554,34894319,76805355,177770125,361809861,532330821,525715954,372533449,214250074,117153849,60295023,30749258,15498353,7474479,3462049,1522795,675395,369178,219079,134498,85441,56182,38246,26908,19548,14616,11220"
un_central_and_southern_asia,2099,"0,0,0,0,0,0,0,0,0,0,1,19,72,146,1885,11807,43272,141742,583396,1652784,3499820,6258448,10627032,18387066,33256101,71199522,165358851,340465104,520979182,532696592,387716408,224558648,123424120,63401976,32392200,16329253,7917824,3679120,1632869,717690,385912,228273,139754,88556,58121,39487,27744,20129,15035,11532"
un_central_and_southern_asia,2100,"0,0,0,0,0,0,0,0,0,0,1,20,73,138,1492,10177,38672,124160,518168,1524038,3298372,5979906,10263903,17984213,32873013,70970927,164893232,338555419,517577939,529924684,386888449,225252228,124199859,64066115,32849323,16583631,8046793,3742620,1662133,730964,393848,233465,143276,91024,59895,40796,28731,20874,15621,11993"
un_eastern_and_south_eastern_asia,1800,"0,0,0,0,0,40,3256,42755,213523,653138,1683263,4380157,11412990,25518400,41220104,55661328,64905212,62693446,51381603,36332188,22737986,13106974,7248166,3830565,1957494,947771,484115,255149,136199,76599,43003,23917,13831,8400,5348,3147,1557,606,141,44,24,10,1,0,0,0,0,0,0,0"
un_eastern_and_south_eastern_asia,1801,"0,0,0,0,0,40,3265,42863,214101,655006,1688634,4395748,11457943,25624541,41393479,55896231,65178436,62954169,51592377,36478255,22827603,13157774,7275628,3844708,1964446,951003,485704,255967,136635,76835,43132,23991,13872,8421,5354,3157,1558,603,142,44,25,10,1,0,0,0,0,0,0,0"
un_eastern_and_south_eastern_asia,1802,"0,0,0,0,0,40,3274,42972,214677,656892,1694040,4411475,11503273,25731562,41568374,56133320,65454395,63217719,51805588,36626166,22918438,13209295,7303509,3859075,1971524,954300,487334,256806,137082,77084,43267,24064,13914,8449,5372,3161,1569,607,144,44,27,10,2,0,0,0,0,0,0,0"
un_eastern_and_south_eastern_asia,1803,"0,0,0,0,0,40,3276,43057,215166,658550,1699143,4427007,11548578,25839022,41744455,56372810,65733576,63484519,52021615,36776188,23010649,13261647,7331855,3873700,1978743,957673,489009,257669,137534,77334,43402,24144,13963,8471,5385,3171,1570,610,144,45,27,10,2,0,0,0,0,0,0,0"
un_eastern_and_south_eastern_asia,1804,"0,0,0,0,0,40,3285,43495,220120,692366,1858035,4917046,12731180,27652283,43593606,57998717,66089411,62543073,50491014,35360544,22123601,12748025,7063385,3741395,1914031,930815,480784,254109,136507,77374,43716,24501,14260,8705,5503,3191,1542,600,143,44,27,11,2,0,0,0,0,0,0,0"
un_eastern_and_south_eastern_asia,1805,"0,0,0,0,0,82,4355,52303,244074,731394,1913323,5010254,12832426,27792780,43751368,58183807,66313185,62767665,50676086,35490649,22202340,12792819,7087881,3753692,1919665,933226,481985,254750,136851,77562,43819,24559,14302,8728,5519,3203,1544,603,144,45,27,11,2,0,0,0,0,0,0,0"
un_eastern_and_south_eastern_asia,1806,"0,0,0,0,0,82,4367,52439,244743,733553,1919728,5028927,12884778,27911388,43940032,58435951,66600254,63036719,50890731,35638458,22293379,12844562,7116015,3768296,1926908,936651,483709,255646,137329,77833,43971,24645,14349,8758,5537,3216,1552,608,145,46,27,12,2,0,0,0,0,0,0,0"
un_eastern_and_south_eastern_asia,1807,"0,0,0,0,0,82,4376,52574,245411,735724,1926165,5047746,12937550,28030917,44130257,58690323,66890069,63308564,51107761,35788050,22385609,12897004,7144562,3783126,1934286,940130,485474,256561,137822,78110,44126,24731,14400,8789,5558,3225,1551,609,145,47,27,12,2,0,0,0,0,0,0,0"
un_eastern_and_south_eastern_asia,1808,"0,0,0,0,0,82,4387,52710,246086,737906,1932646,5066716,12990731,28151374,44322020,58946907,67182611,63583205,51327186,35939426,22479015,12950161,7173511,3798181,1941779,943681,487274,257497,138326,78395,44287,24819,14452,8823,5582,3237,1566,613,147,48,27,12,2,0,0,0,0,0,0,0"
un_eastern_and_south_eastern_asia,1809,"0,0,0,0,0,82,4401,52846,246757,740093,1939172,5085821,13044333,28272761,44515343,59205715,67477914,63860635,51548999,36092586,22573603,13004025,7202858,3813465,1949397,947294,489109,258447,138837,78689,44449,24919,14507,8857,5597,3247,1570,614,148,49,27,13,2,0,0,0,0,0,0,0"
un_eastern_and_south_eastern_asia,1810,"0,0,0,0,0,83,4411,52988,247536,742892,1948672,5115582,13130784,28471459,44833674,59632063,67962772,64314092,51909873,36340566,22726229,13090824,7250213,3838051,1961661,953141,492092,260010,139672,79148,44703,25055,14588,8903,5628,3265,1570,615,151,50,27,13,2,0,0,0,0,0,0,0"
un_eastern_and_south_eastern_asia,1811,"0,0,0,0,0,168,5932,63085,273856,784077,2010843,5221612,13265793,28689645,45118420,59993331,68389239,64728439,52245926,36573724,22868598,13171964,7294610,3860676,1972511,958103,494614,261347,140377,79536,44914,25172,14656,8946,5651,3278,1583,617,149,51,28,13,3,0,0,0,0,0,0,0"
un_eastern_and_south_eastern_asia,1812,"0,0,0,0,0,168,5950,63284,274830,787414,2021927,5255988,13364964,28917044,45482339,60480196,68942418,65245389,52657031,36856000,23042260,13270724,7348498,3888654,1986465,964755,498019,263129,141325,80058,45199,25337,14752,8997,5685,3295,1586,620,152,51,28,14,3,0,0,0,0,0,0,0"
un_eastern_and_south_eastern_asia,1813,"0,0,0,0,0,169,5968,63505,275900,791124,2034345,5294609,13476375,29172492,45891185,61026957,69563144,65824927,53117564,37172007,23236552,13381188,7408789,3919935,2002085,972200,501832,265130,142384,80639,45522,25510,14842,9058,5713,3313,1593,627,153,52,28,15,3,0,0,0,0,0,0,0"
un_eastern_and_south_eastern_asia,1814,"0,0,0,0,0,190,6514,65778,282440,807018,2067876,5352569,13599165,29427312,46293749,61582918,70197430,66413639,53574283,37475711,23419234,13483582,7463851,3948112,2015507,978490,505067,266744,143140,81016,45728,25633,14914,9093,5740,3328,1606,625,152,52,28,15,3,0,0,0,0,0,0,0"
un_eastern_and_south_eastern_asia,1815,"0,0,0,0,0,517,11309,91125,347353,926873,2329804,5952067,14938153,31336613,48046921,63145964,70782782,65986323,52607873,36421987,22637811,12985141,7171990,3785473,1927257,938032,487441,257358,138373,78600,44464,24973,14561,8947,5655,3275,1573,619,154,52,28,16,3,0,0,0,0,0,0,0"
un_eastern_and_south_eastern_asia,1816,"0,0,0,0,0,83,4502,54691,259145,798714,2154410,5756600,14926116,31595867,48631743,63942109,71609061,66699039,53147181,36783097,22860765,13110201,7239652,3821706,1946442,947680,492369,259881,139725,79366,44893,25214,14692,9022,5698,3297,1582,622,155,52,28,16,3,0,0,0,0,0,0,0"
un_eastern_and_south_eastern_asia,1817,"0,0,0,0,0,171,6062,65117,286560,842533,2223203,5880078,15104812,31899976,49039430,64458478,72198887,67255971,53590210,37085915,23044751,13214549,7296607,3850778,1960478,954203,495736,261660,140669,79888,45174,25371,14783,9075,5731,3316,1586,627,157,54,29,17,3,0,0,0,0,0,0,0"
un_eastern_and_south_eastern_asia,1818,"0,0,0,0,0,334,8754,79246,322087,900647,2316888,6018827,15284893,32185863,49421199,64965388,72793115,67819863,54040303,37393452,23232599,13321730,7355281,3880917,1975217,961183,499389,263615,141709,80448,45480,25542,14880,9128,5766,3334,1601,635,158,55,30,17,3,0,0,0,0,0,0,0"
un_eastern_and_south_eastern_asia,1819,"0,0,0,0,0,335,8799,79650,323827,906006,2332847,6065020,15411737,32462074,49848635,65527306,73418082,68393574,54490199,37698675,23419195,13427394,7412831,3910718,1990062,968302,503061,265542,142729,81013,45785,25711,14981,9186,5800,3360,1610,635,158,56,31,18,3,0,0,0,0,0,0,0"
un_eastern_and_south_eastern_asia,1820,"0,0,0,0,0,337,8847,80082,325646,911489,2348691,6109899,15533309,32725186,50254576,66059573,74008715,68934828,54914120,37985905,23594646,13526678,7466892,3938687,2003997,974972,506501,267354,143687,81534,46080,25872,15072,9234,5832,3369,1617,640,158,56,31,18,3,0,0,0,0,0,0,0"
un_eastern_and_south_eastern_asia,1821,"0,0,0,0,0,339,8896,80520,327434,916571,2362176,6147015,15637978,32962654,50624148,66544728,74548174,69444053,55327631,38271471,23774148,13632513,7525002,3969406,2019599,982423,510385,269420,144781,82133,46420,26051,15172,9298,5868,3392,1625,643,161,58,32,19,3,0,0,0,0,0,0,0"
un_eastern_and_south_eastern_asia,1822,"0,0,0,0,0,342,8945,80989,329383,922219,2377613,6189018,15748457,33198775,50985871,67015802,75067916,69918165,55697633,38521262,23926361,13718656,7571922,3993641,2031673,988223,513381,271003,145614,82584,46653,26186,15251,9339,5887,3400,1632,645,162,59,33,19,3,0,0,0,0,0,0,0"
un_eastern_and_south_eastern_asia,1823,"0,0,0,0,0,343,9001,81484,330393,908721,2307936,6012268,15560650,33226422,51129776,67366922,75750361,70753505,56334099,38868262,24120539,13812228,7620521,4014233,2044308,998249,519895,274653,146883,83239,47296,26691,15609,9610,6083,3545,1734,707,183,64,34,19,4,0,0,0,0,0,0,0"
un_eastern_and_south_eastern_asia,1824,"0,0,0,0,0,543,11861,95587,363914,957587,2385005,6128731,15714699,33466521,51440502,67762466,76195833,71159290,56648511,39068095,24233787,13874723,7653713,4030607,2051290,1001341,521491,275593,147423,83476,47401,26748,15635,9623,6083,3544,1725,701,183,64,34,20,5,0,0,0,0,0,0,0"
un_eastern_and_south_eastern_asia,1825,"0,0,0,0,0,349,9120,83407,341317,960217,2490367,6580678,17112425,35455145,53374675,69456930,76705227,70542595,55464487,37876172,23378221,13344565,7343576,3862374,1961943,962090,503873,266096,142632,81052,46132,26094,15266,9456,5983,3481,1692,696,181,62,34,20,5,0,0,0,0,0,0,0"
un_eastern_and_south_eastern_asia,1826,"0,0,0,0,0,88,4763,58754,280417,869701,2368882,6447334,17126597,35679138,53840995,70076642,77334615,71075448,55860439,38135376,23536292,13432338,7390670,3887306,1975078,968717,507266,267830,143548,81557,46410,26245,15350,9497,6007,3490,1696,699,182,62,34,20,5,0,0,0,0,0,0,0"
un_eastern_and_south_eastern_asia,1827,"0,0,0,0,0,83,4773,59033,281675,873521,2380973,6486222,17238730,35915810,54198223,70540427,77840103,71530413,56209924,38367842,23677219,13511872,7433884,3909738,1986345,974213,510179,269380,144366,81993,46640,26370,15420,9534,6027,3501,1701,698,182,63,34,20,5,0,0,0,0,0,0,0"
un_eastern_and_south_eastern_asia,1828,"0,0,0,0,0,178,6458,70364,311679,921754,2455302,6614576,17410029,36181348,54525199,70934995,78279500,71938417,56528226,38580640,23803971,13583044,7472529,3929070,1995422,978365,512349,270547,144968,82313,46804,26456,15464,9557,6042,3508,1706,698,183,64,34,20,5,0,0,0,0,0,0,0"
un_eastern_and_south_eastern_asia,1829,"0,0,0,0,0,354,9365,85725,350513,985266,2555096,6754044,17564755,36386081,54760335,71235312,78631601,72271169,56790613,38756490,23909664,13643189,7505470,3945702,2003376,982127,514379,271656,145544,82607,46962,26540,15509,9585,6052,3515,1709,700,184,64,34,20,5,0,0,0,0,0,0,0"
un_eastern_and_south_eastern_asia,1830,"0,0,0,0,0,356,9435,86380,353074,991874,2570376,6790684,17651281,36556019,55008044,71548886,78969023,72573388,57022675,38911036,24003171,13695861,7534131,3960520,2010778,985743,516274,272664,146073,82896,47113,26626,15552,9611,6069,3526,1713,700,185,64,35,20,5,0,0,0,0,0,0,0"
un_eastern_and_south_eastern_asia,1831,"0,0,0,0,0,566,12465,101387,388823,1043986,2649073,6893035,17737486,36630837,55044728,71572249,79025225,72718031,57225991,39114571,24185154,13825981,7612933,4004197,2036602,1000458,523908,276951,147903,83862,47854,27084,15791,9751,6179,3623,1793,751,206,67,35,21,6,0,0,0,0,0,0,0"
un_eastern_and_south_eastern_asia,1832,"0,0,0,0,0,570,12564,102208,391753,1050831,2662660,6920208,17789998,36722227,55170709,71725322,79187684,72864838,57341474,39194870,24235944,13855753,7629757,4013204,2041398,1002953,525249,277688,148326,84106,47990,27158,15833,9772,6194,3629,1796,752,208,67,35,21,6,0,0,0,0,0,0,0"
un_eastern_and_south_eastern_asia,1833,"0,0,0,0,0,208,7304,75459,329325,965706,2544218,6776738,17727005,36755929,55335175,71953004,79396961,73023383,57451240,39267382,24282918,13882319,7644514,4022158,2046974,1006122,526919,278561,148803,84388,48144,27244,15876,9802,6209,3636,1796,753,208,67,35,21,6,0,0,0,0,0,0,0"
un_eastern_and_south_eastern_asia,1834,"0,0,0,0,0,88,5035,62299,296236,913918,2472013,6692490,17704541,36805903,55473797,72127484,79552581,73143947,57537452,39323907,24318945,13902379,7655400,4028351,2050596,1008087,527929,279063,149080,84559,48241,27294,15907,9818,6222,3643,1800,755,208,67,35,21,7,0,0,0,0,0,0,0"
un_eastern_and_south_eastern_asia,1835,"0,0,0,0,0,211,7422,76666,334105,977497,2566739,6818760,17798362,36864678,55473860,72111073,79558447,73167685,57563804,39345364,24332250,13911244,7661007,4031249,2051882,1008699,528334,279356,149233,84633,48283,27315,15919,9823,6229,3650,1800,756,208,67,35,21,7,0,0,0,0,0,0,0"
un_eastern_and_south_eastern_asia,1836,"0,0,0,0,0,374,9906,90625,369002,1030047,2643364,6926155,17886325,36933079,55496989,72113567,79571996,73194561,57591714,39366822,24345137,13919255,7665810,4033479,2052680,1008992,528546,279490,149309,84668,48301,27330,15927,9828,6230,3652,1799,757,208,67,35,21,7,0,0,0,0,0,0,0"
un_eastern_and_south_eastern_asia,1837,"0,0,0,0,0,90,5155,63784,302613,930375,2504111,6753603,17811214,36970320,55685177,72368653,79798259,73362987,57708080,39442032,24393707,13946196,7680382,4042130,2058032,1012010,530088,280272,149732,84917,48446,27407,15974,9853,6244,3659,1799,757,208,67,35,21,7,0,0,0,0,0,0,0"
un_eastern_and_south_eastern_asia,1838,"0,0,0,0,0,192,6990,76116,335106,981505,2577412,6864583,17904254,37047629,55714650,72370295,79809199,73388130,57734358,39463062,24406020,13953840,7685082,4044333,2058798,1012262,530260,280397,149804,84962,48469,27425,15986,9863,6247,3662,1805,757,209,67,35,21,7,0,0,0,0,0,0,0"
un_eastern_and_south_eastern_asia,1839,"0,0,0,0,0,217,7665,79143,343924,1001659,2612719,6904125,17941940,37081278,55748369,72422276,79875309,73450674,57784611,39498542,24429379,13968282,7693595,4049263,2061630,1013853,531192,280931,150098,85116,48554,27474,16007,9871,6254,3663,1809,757,211,67,35,21,7,0,0,0,0,0,0,0"
un_eastern_and_south_eastern_asia,1840,"0,0,0,0,0,92,5282,65309,309095,947038,2534941,6805367,17884193,37061637,55779253,72446214,79879003,73506161,57911053,39646853,24584154,14087511,7766685,4091909,2087653,1029521,539195,285421,152064,86130,49335,27967,16271,10024,6376,3764,1886,806,236,72,35,22,8,0,0,0,0,0,0,0"
un_eastern_and_south_eastern_asia,1841,"0,0,0,0,0,92,5326,65833,311344,952742,2545684,6824757,17914958,37104284,55830151,72500292,79931812,73553209,57948271,39673439,24601587,14098024,7772847,4095428,2089635,1030602,539798,285763,152252,86230,49395,27999,16288,10036,6381,3774,1888,807,235,72,36,22,8,0,0,0,0,0,0,0"
un_eastern_and_south_eastern_asia,1842,"0,0,0,0,0,93,5375,66363,313555,958124,2554438,6837822,17932730,37130801,55860936,72529558,79958751,73592004,57995218,39712203,24631289,14120107,7785835,4103145,2094038,1032755,540974,286422,152601,86422,49505,28068,16327,10065,6400,3785,1897,811,238,73,38,22,9,0,0,0,0,0,0,0"
un_eastern_and_south_eastern_asia,1843,"0,0,0,0,0,199,7290,79258,347562,1011589,2630547,6951139,18020244,37188675,55855735,72483452,79917472,73570870,57986495,39710414,24630002,14120273,7786552,4103336,2093818,1032534,540914,286431,152613,86433,49517,28070,16331,10065,6402,3783,1902,811,238,73,38,22,9,0,0,0,0,0,0,0"
un_eastern_and_south_eastern_asia,1844,"0,0,0,0,0,399,10598,96751,391655,1082402,2735066,7077537,18099074,37209121,55797449,72406535,79867848,73555806,57991806,39722125,24640627,14129285,7792829,4107300,2095897,1033769,541760,287028,152977,86633,49613,28126,16366,10081,6413,3785,1904,812,238,73,38,22,9,0,0,0,0,0,0,0"
un_eastern_and_south_eastern_asia,1845,"0,0,0,0,0,943,18146,131591,471352,1192910,2899997,7276139,18234048,37254356,55717629,72276921,79762127,73492585,57959967,39704141,24629572,14124523,7790696,4105367,2094204,1032716,541287,286834,152871,86552,49585,28112,16354,10084,6415,3789,1907,813,239,73,38,22,10,0,0,0,0,0,0,0"
un_eastern_and_south_eastern_asia,1846,"0,0,0,0,0,1350,23421,152633,516346,1253056,2993377,7377912,18310092,37280021,55683434,72228992,79731829,73483192,57963441,39709075,24634612,14129175,7793798,4106992,2095008,1033162,541638,287076,152996,86632,49621,28136,16368,10093,6426,3797,1910,814,239,73,38,23,10,0,0,0,0,0,0,0"
un_eastern_and_south_eastern_asia,1847,"0,0,0,0,0,1885,29898,176246,564679,1318082,3096866,7482905,18389579,37304954,55648437,72179747,79698292,73468579,57963227,39711499,24638020,14132701,7796239,4108071,2095498,1033450,541855,287242,153098,86691,49667,28159,16383,10100,6426,3797,1911,817,239,73,38,23,10,0,0,0,0,0,0,0"
un_eastern_and_south_eastern_asia,1848,"0,0,0,0,0,967,18642,135143,482895,1216780,2941046,7344342,18326825,37362526,55828711,72383589,79863756,73587051,58039179,39765103,24672451,14152172,7807686,4115615,2100348,1036206,543298,288014,153542,86951,49799,28234,16422,10125,6441,3801,1914,818,240,73,38,23,10,0,0,0,0,0,0,0"
un_eastern_and_south_eastern_asia,1849,"0,0,0,0,0,1923,30477,179615,574727,1337819,3129528,7529876,18435745,37330824,55645249,72145806,79650054,73427641,57937051,39700139,24635148,14133341,7797933,4109938,2097036,1034527,542540,287655,153356,86850,49758,28215,16416,10123,6440,3806,1919,819,241,73,38,23,10,0,0,0,0,0,0,0"
un_eastern_and_south_eastern_asia,1850,"0,0,0,0,0,2625,38442,206400,626701,1406812,3237115,7620544,18468850,37245658,55445091,71888409,79394315,73216413,57788422,39605914,24581675,14105450,7783579,4102733,2093573,1032998,541840,287341,153198,86789,49734,28206,16428,10133,6450,3811,1923,821,241,73,38,23,10,0,0,0,0,0,0,0"
un_eastern_and_south_eastern_asia,1851,"0,0,0,0,0,1958,31055,182970,584489,1355761,3153601,7546133,18384290,37137806,55308736,71681288,79139187,72979282,57605293,39492415,24517421,14071200,7766596,4095677,2091107,1032244,541520,287223,153186,86812,49766,28237,16444,10149,6458,3821,1926,826,243,74,38,23,10,0,0,0,0,0,0,0"
un_eastern_and_south_eastern_asia,1852,"0,0,0,0,0,2673,39145,210103,636861,1424228,3256282,7613421,18339288,36879607,54839784,71063091,78504794,72496328,57347301,39393043,24530199,14119414,7803042,4120478,2107836,1043996,547630,290809,154743,87555,50419,28691,16689,10298,6579,3930,2017,880,273,78,39,24,11,0,0,0,0,0,0,0"
un_eastern_and_south_eastern_asia,1853,"0,0,0,0,0,1995,31632,185358,586929,1330172,3009953,7021618,16834509,34845402,52948926,69424966,78051769,73189455,58631702,40690989,25470304,14704631,8147366,4311507,2211426,1090222,568520,301981,160453,90521,51991,29529,17160,10536,6729,4022,2065,894,275,81,40,24,11,0,0,0,0,0,0,0"
un_eastern_and_south_eastern_asia,1854,"0,0,0,0,0,2722,39884,213069,641486,1419843,3200667,7306836,17073108,34744730,52606334,68809652,77122412,72239155,58007405,40433935,25394340,14704753,8158970,4325698,2221199,1093235,568918,302207,160858,90860,52119,29492,17057,10419,6669,3987,2044,882,268,78,40,24,11,0,0,0,0,0,0,0"
un_eastern_and_south_eastern_asia,1855,"0,0,0,0,0,2033,32241,188870,597959,1366974,3112183,7221085,16956440,34558336,52340721,68427833,76669169,71819252,57680369,40223455,25271737,14637915,8124587,4310038,2214672,1090732,567759,301658,160644,90799,52117,29504,17069,10437,6683,4001,2054,886,268,78,40,24,11,0,0,0,0,0,0,0"
un_eastern_and_south_eastern_asia,1856,"0,0,0,0,0,702,15516,124684,465860,1197991,2848046,6941548,16724985,34372092,52217997,68236002,76373462,71506447,57419104,40058739,25179868,14588419,8100140,4301086,2212651,1090890,567956,301821,160837,90987,52253,29588,17133,10473,6706,4018,2062,889,268,78,41,24,12,0,0,0,0,0,0,0"
un_eastern_and_south_eastern_asia,1857,"0,0,0,0,0,1500,26003,168146,560254,1323979,3035344,7124448,16756369,34131321,51676680,67489180,75589743,70869270,57037490,39860912,25127644,14604016,8119114,4316722,2223284,1100006,572682,304783,162154,91473,52754,29984,17348,10608,6812,4112,2141,943,303,82,42,25,14,0,0,0,0,0,0,0"
un_eastern_and_south_eastern_asia,1858,"0,0,0,0,0,451,12068,108301,425855,1119337,2639370,6392342,15318011,32211984,50056038,66120935,75255163,71575214,58260635,41126378,26054088,15190692,8462374,4509316,2328528,1149238,594738,316560,168268,94674,54480,30898,17866,10856,6960,4206,2194,957,306,84,42,25,14,0,0,0,0,0,0,0"
un_eastern_and_south_eastern_asia,1859,"0,0,0,0,0,456,12186,109371,429609,1126956,2648033,6393041,15271139,32053159,49775742,65732315,74813634,71172152,57950419,40923293,25935106,15126068,8428837,4493397,2321460,1146401,593440,315951,168008,94589,54458,30899,17879,10876,6980,4216,2201,961,309,83,42,25,14,0,0,0,0,0,0,0"
un_eastern_and_south_eastern_asia,1860,"0,0,0,0,0,460,12316,110491,433559,1135204,2658370,6397714,15234561,31917145,49531299,65390360,74423988,70817068,57677843,40745550,25831538,15070099,8399953,4479886,2315569,1144108,592426,315478,167827,94536,54464,30921,17907,10897,6998,4231,2212,969,310,84,42,25,14,0,0,0,0,0,0,0"
un_eastern_and_south_eastern_asia,1861,"0,0,0,0,0,466,12449,111675,437799,1144168,2670431,6406676,15208645,31804067,49322562,65095128,74086522,70510138,57443477,40594039,25744071,15023337,8376116,4468979,2310986,1142442,591732,315170,167733,94532,54494,30947,17938,10928,7022,4249,2218,971,311,84,42,25,14,0,0,0,0,0,0,0"
un_eastern_and_south_eastern_asia,1862,"0,0,0,0,0,1582,27404,176475,581581,1339019,2961145,6726520,15374329,31716320,48929191,64550060,73555832,70087668,57150384,40406437,25633385,14965203,8346214,4452882,2302305,1138241,589779,314252,167293,94344,54421,30925,17938,10943,7034,4261,2233,976,312,85,44,25,14,0,0,0,0,0,0,0"
un_eastern_and_south_eastern_asia,1863,"0,0,0,0,0,1124,21647,154861,538480,1287445,2880370,6642437,15289037,31599575,48774913,64302098,73246998,69835154,57051190,40412146,25718242,15063860,8412984,4496961,2329088,1156355,599282,319628,169937,95542,55321,31559,18291,11144,7182,4380,2330,1040,352,90,45,27,14,1,0,0,0,0,0,0"
un_eastern_and_south_eastern_asia,1864,"0,0,0,0,0,1615,28028,180097,588774,1326306,2822988,6231036,14082345,29638897,46704426,62463898,72836565,70901268,58800335,42032026,26744274,15667037,8731702,4656206,2408089,1189904,610580,324835,171806,95946,55261,31333,18071,10966,7113,4391,2386,1059,356,94,46,27,15,1,0,0,0,0,0,0"
un_eastern_and_south_eastern_asia,1865,"0,0,0,0,0,1145,22135,157947,544609,1273262,2739258,6146704,14015424,29575434,46638617,62357576,72681862,70749526,58682870,41961716,26708768,15650497,8724844,4655735,2409439,1191436,611670,325581,172339,96294,55472,31463,18170,11022,7147,4415,2401,1061,359,95,46,27,15,1,0,0,0,0,0,0"
un_eastern_and_south_eastern_asia,1866,"0,0,0,0,0,776,17265,137562,501637,1220372,2660583,6061492,13955140,29517874,46588303,62268857,72538590,70594352,58554065,41879847,26664902,15628239,8714614,4652724,2409402,1192212,612241,325942,172616,96500,55612,31561,18226,11074,7177,4440,2410,1067,361,95,47,27,16,1,0,0,0,0,0,0"
un_eastern_and_south_eastern_asia,1867,"0,0,0,0,0,494,13304,118948,460246,1167382,2584900,5969809,13890965,29452263,46533495,62183726,72400744,70443875,58430304,41802575,26625990,15609662,8706633,4651108,2410207,1193568,613147,326485,173002,96788,55800,31676,18303,11128,7214,4459,2420,1072,362,96,47,27,16,1,0,0,0,0,0,0"
un_eastern_and_south_eastern_asia,1868,"0,0,0,0,0,794,17648,140602,512048,1242507,2694836,6104277,13961956,29408570,46341440,61895090,72091464,70179538,58236893,41679350,26555239,15573100,8688629,4642648,2406260,1192008,612547,326257,172943,96802,55847,31717,18341,11158,7242,4480,2432,1076,365,96,47,27,16,1,0,0,0,0,0,0"
un_eastern_and_south_eastern_asia,1869,"0,0,0,0,0,1195,23123,164981,567532,1320358,2812183,6235810,14023425,29338656,46108291,61544709,71720189,69897191,58134844,41686658,26645274,15681127,8762582,4690119,2433487,1210503,622443,331821,175753,97997,56737,32373,18717,11370,7390,4610,2545,1146,409,104,48,29,16,2,0,0,0,0,0,0"
un_eastern_and_south_eastern_asia,1870,"0,0,0,0,0,811,18037,143556,518757,1243323,2635454,5840272,13039167,27771751,44772610,60340481,71417116,70683243,59474614,43122639,27700554,16360822,9153861,4911762,2550319,1267587,647155,344848,182502,101484,58594,33354,19243,11641,7539,4700,2595,1165,415,106,48,29,16,2,0,0,0,0,0,0"
un_eastern_and_south_eastern_asia,1871,"0,0,0,0,0,820,18227,145087,524101,1255125,2655644,5871490,13076977,27810975,44808287,60368530,71453852,70730711,59535059,43183961,27750008,16394793,9175354,4924941,2558619,1272350,649786,346416,183490,102079,58947,33546,19362,11720,7587,4726,2607,1172,418,106,49,30,16,2,0,0,0,0,0,0"
un_eastern_and_south_eastern_asia,1872,"155,212,268,299,324,864,14290,124779,480328,1211257,2656492,6058371,13906186,29305821,46199720,61711512,72083663,70378805,58550238,42073031,26914696,15812768,8812454,4713179,2449378,1219546,627536,334711,177423,99033,57323,32707,18914,11519,7493,4674,2573,1172,418,106,50,30,17,2,0,0,0,0,0,0"
un_eastern_and_south_eastern_asia,1873,"318,436,549,614,662,1534,19048,146492,530421,1281026,2762586,6186368,13969236,29313718,46139275,61678161,72291739,70730167,58838345,42326885,27071417,15867531,8814179,4703927,2443504,1216237,625780,333874,176883,98612,56998,32504,18801,11454,7452,4658,2566,1171,419,106,49,30,17,2,0,0,0,0,0,0"
un_eastern_and_south_eastern_asia,1874,"485,660,828,930,1002,1898,19464,146993,530957,1281167,2764564,6179378,13926947,29261495,46098873,61692176,72544876,71132664,59210726,42675518,27304676,15974493,8848422,4715471,2451089,1219156,626847,334488,177290,98789,57038,32504,18791,11450,7452,4657,2570,1171,422,107,50,31,18,2,0,0,0,0,0,0"
un_eastern_and_south_eastern_asia,1875,"631,872,1102,1241,1340,1955,15515,126453,483019,1214445,2667213,6052629,13804461,29164517,46057289,61699114,72758560,71504228,59612495,43103088,27673213,16214211,8970785,4780111,2488423,1242611,639240,341209,180621,100196,57967,33158,19152,11639,7599,4789,2681,1255,467,115,52,32,18,3,0,0,0,0,0,0"
un_eastern_and_south_eastern_asia,1876,"797,1100,1388,1563,1689,2329,15934,127032,483908,1215674,2672107,6056434,13786924,29153930,46071918,61777187,73061444,71921973,59950559,43396119,27855688,16286537,8983297,4777200,2486567,1241064,638301,340780,180382,99970,57776,33042,19083,11597,7576,4777,2676,1256,466,116,53,32,19,3,0,0,0,0,0,0"
un_eastern_and_south_eastern_asia,1877,"964,1331,1677,1888,2044,2477,12902,108525,438225,1148667,2575852,5927418,13684269,29111703,46147611,61965168,73472700,72412316,60330409,43717466,28059086,16367431,8999577,4777139,2487276,1241414,638439,340979,180625,100110,57775,33002,19058,11586,7561,4765,2669,1252,466,114,53,32,19,3,0,0,0,0,0,0"
un_eastern_and_south_eastern_asia,1878,"1132,1554,1958,2216,2390,2676,9950,89012,386937,1062966,2445134,5753029,13539948,29029007,46181688,62105218,73831666,72904119,60762047,44114791,28336494,16498921,9046438,4794948,2498951,1246890,640762,342013,180990,100269,57871,33049,19079,11595,7583,4784,2690,1267,471,114,53,32,19,3,0,0,0,0,0,0"
un_eastern_and_south_eastern_asia,1879,"1259,1753,2228,2530,2737,3188,12820,105728,428737,1124768,2535929,5874404,13572038,28985408,46025402,61915529,73866027,73135100,61067782,44483609,28664585,16728264,9171907,4860077,2535241,1269028,652409,348454,184492,101659,58669,33626,19411,11774,7700,4890,2782,1341,515,126,56,34,20,4,0,0,0,0,0,0"
un_eastern_and_south_eastern_asia,1880,"1429,1987,2524,2866,3103,3349,4725,25818,186709,695532,1921062,4891768,12747719,28475313,46240161,62857363,75133078,74252732,61855791,45043073,29029666,16905424,9236554,4887254,2554760,1281119,658773,351670,186300,102709,59198,33873,19531,11835,7734,4902,2791,1341,515,125,55,34,20,4,0,0,0,0,0,0"
un_eastern_and_south_eastern_asia,1881,"1601,2221,2826,3208,3472,3743,4624,17486,144817,598947,1782158,4656347,12443962,28257464,46198049,63112215,75734674,74949422,62404851,45492571,29326540,17055403,9293405,4908272,2567817,1288776,662656,353766,187350,103210,59465,34024,19604,11880,7768,4926,2811,1349,524,125,56,35,20,5,0,0,0,0,0,0"
un_eastern_and_south_eastern_asia,1882,"1774,2446,3111,3552,3838,4139,5285,21820,165078,644879,1842321,4747222,12533991,28300023,46202555,63102316,75933657,75336423,62784525,45872560,29594494,17180480,9338283,4923536,2576970,1291963,663578,354092,187360,103194,59432,33990,19586,11882,7783,4950,2828,1362,524,126,55,34,20,4,0,0,0,0,0,0"
un_eastern_and_south_eastern_asia,1883,"1889,2635,3378,3876,4201,4524,5982,27144,187555,693445,1906778,4851323,12620834,28328191,46170209,63008745,76014307,75579921,63110319,46280667,29969953,17452613,9498487,5008057,2624627,1319952,677801,361687,191522,104925,60430,34705,20005,12111,7939,5092,2946,1454,582,139,58,36,20,6,0,0,0,0,0,0"
un_eastern_and_south_eastern_asia,1884,"2064,2876,3690,4231,4584,4931,5662,14513,122224,538499,1671665,4456831,12135770,28004870,46129173,63419162,76859878,76495532,63791295,46811403,30314578,17627379,9566179,5033672,2641138,1329779,682974,364450,193070,105823,60906,34925,20114,12179,7984,5123,2967,1461,584,138,58,36,20,6,0,0,0,0,0,0"
un_eastern_and_south_eastern_asia,1885,"2244,3101,3977,4587,4968,5338,6108,15296,126712,568389,1811541,4887416,13236205,29738067,47889057,65170998,77619041,75683378,62353130,45542763,29471614,17116894,9316621,4921676,2594169,1311621,678132,362514,192681,106160,61364,35351,20446,12437,8126,5180,2970,1474,587,141,59,37,20,7,0,0,0,0,0,0"
un_eastern_and_south_eastern_asia,1886,"2256,3198,4176,4874,5309,5707,6688,19829,149623,623205,1896130,5018036,13362148,29761663,47795691,64975558,77555219,75751180,62581668,45957518,29948873,17545313,9618612,5094590,2692829,1370021,708665,378163,201495,109936,63434,36785,21329,12898,8423,5431,3187,1641,693,179,65,38,22,9,0,0,0,0,0,0"
un_eastern_and_south_eastern_asia,1887,"2428,3442,4490,5238,5707,6132,7147,20321,149996,622573,1890398,5001392,13323467,29730328,47820268,65118255,77977246,76278797,63034654,46375617,30234656,17691908,9683551,5121778,2709100,1378481,712400,380238,202773,110705,63834,36972,21419,12967,8473,5470,3215,1658,698,181,67,38,22,10,0,0,0,0,0,0"
un_eastern_and_south_eastern_asia,1888,"2796,3862,4950,5701,6172,6628,7721,20735,146938,594227,1744843,4550465,12168694,27979394,46178604,63732575,78183168,78466354,65597222,48517612,31524022,18250966,9820604,5135327,2699997,1360294,696715,371931,196895,107809,62062,35575,20467,12428,8197,5305,3101,1542,617,148,61,37,20,8,0,0,0,0,0,0"
un_eastern_and_south_eastern_asia,1889,"2883,4007,5172,6028,6543,7018,8351,24900,163418,619930,1723118,4383968,11376424,26439852,44702410,62123410,77467868,79547867,67438822,50506974,33183850,19356342,10422921,5439635,2857107,1440729,732959,390499,206780,112461,64522,36992,21264,12845,8446,5500,3256,1641,673,167,65,38,21,9,0,0,0,0,0,0"
un_eastern_and_south_eastern_asia,1890,"2851,4058,5344,6302,6890,7395,9012,30113,185530,667369,1790482,4505836,11487725,26489715,44663609,61970317,77432785,79687674,67697998,50945584,33694488,19823087,10763218,5633050,2967152,1504924,766345,407260,216488,116923,66834,38456,22187,13328,8748,5744,3469,1809,778,215,71,39,23,11,0,0,0,0,0,0"
un_eastern_and_south_eastern_asia,1891,"3382,4638,5931,6863,7423,7961,9397,26108,164840,620970,1717974,4374090,11350069,26475571,44898037,62574579,78505920,80929619,68565855,51406559,33716680,19531218,10413578,5405582,2835086,1426086,725111,386867,204845,111835,64167,36676,21037,12740,8412,5467,3221,1610,639,154,61,38,20,8,0,0,0,0,0,0"
un_eastern_and_south_eastern_asia,1892,"3335,4691,6104,7151,7783,8345,9531,22491,144480,571696,1642377,4236946,11154307,26292169,44771703,62594129,78786152,81385149,69065683,52007974,34341356,20069692,10782880,5607928,2951330,1494101,759427,404295,214458,116119,66505,38159,21941,13213,8714,5726,3440,1780,749,191,67,38,22,10,0,0,0,0,0,0"
un_eastern_and_south_eastern_asia,1893,"3528,4934,6409,7542,8206,8799,10025,23033,144778,571197,1638328,4229578,11135300,26298677,44848421,62787953,79259759,82039423,69633946,52528461,34723494,20270117,10868153,5642097,2970348,1503476,763367,406148,215518,116749,66809,38277,21992,13252,8746,5744,3455,1789,751,193,67,38,22,10,0,0,0,0,0,0"
un_eastern_and_south_eastern_asia,1894,"3179,4671,6319,7651,8462,9115,10044,18907,121123,510561,1536286,4054534,10898808,26083490,44674300,62707437,79326602,82162034,69831483,53029964,35482628,21148315,11615248,6106974,3232493,1657886,845161,445659,237860,127394,71912,41496,24035,14322,9353,6227,3891,2142,980,322,80,42,26,14,0,0,0,0,0,0"
un_eastern_and_south_eastern_asia,1895,"3352,4922,6657,8053,8905,9591,10774,23668,144500,567056,1627197,4214720,11081602,26219720,44782075,62778054,79601135,82657803,70324239,53501947,35838361,21346887,11710381,6149502,3254400,1669771,849877,448034,239061,127980,72217,41576,24057,14349,9388,6263,3916,2165,987,324,83,43,26,14,0,0,0,0,0,0"
un_eastern_and_south_eastern_asia,1896,"3976,5622,7367,8720,9523,10209,11512,24596,145896,570065,1629763,4218437,11098249,26329564,45071526,63313549,80575988,83850893,71255656,54061018,35934245,21048244,11284087,5843413,3080554,1565434,793534,421177,223818,120392,68678,39393,22648,13594,8983,5964,3655,1948,839,226,73,40,23,11,0,0,0,0,0,0"
un_eastern_and_south_eastern_asia,1897,"4015,5717,7553,9044,9914,10632,11949,25024,143133,553180,1554711,3983995,10284733,24733101,43568392,61729802,79703102,85045011,73329543,56198347,37826174,22357002,12001572,6202097,3260134,1660377,837000,442619,235500,126219,71648,40966,23552,14060,9239,6155,3807,2043,903,255,76,41,24,12,0,0,0,0,0,0"
un_eastern_and_south_eastern_asia,1898,"3397,5157,7203,8964,10056,10892,12130,24947,142144,547872,1542485,3972467,10248254,24636709,43380132,61426515,79402841,84829827,73218494,56497754,38552918,23395009,13020789,6910594,3651811,1890801,960933,501176,266894,142285,78687,45007,25870,15229,9821,6623,4266,2449,1194,437,99,46,28,14,3,0,0,0,0,0"
un_eastern_and_south_eastern_asia,1899,"3897,5757,7849,9606,10669,11503,12579,21597,120400,493597,1450712,3805242,10051725,24571366,43563449,61976523,80421923,86079654,74248111,57209536,38880389,23336390,12756480,6666053,3513945,1809253,913711,478815,255448,136132,76239,43758,25243,14968,9758,6568,4175,2346,1106,368,90,42,26,14,1,0,0,0,0,0"
un_eastern_and_south_eastern_asia,1900,"4076,5996,8155,10021,11131,11997,13027,20126,105625,453455,1383682,3675331,9858440,24442845,43568378,62258420,81108082,86989672,75003486,57863774,39379094,23625550,12895587,6729085,3547602,1827587,921682,482450,257361,137257,76843,44012,25352,15038,9801,6608,4199,2358,1110,368,90,42,26,14,1,0,0,0,0,0"
un_eastern_and_south_eastern_asia,1901,"4080,6078,8359,10350,11552,12472,13608,22631,123484,506236,1506388,4001479,10784570,26161028,45242199,64054000,82632933,86699794,73781679,56711264,38423093,23094518,12759212,6732744,3568984,1848424,936412,488962,261121,139404,77715,44528,25700,15267,9956,6730,4309,2456,1182,411,96,43,27,14,2,0,0,0,0,0"
un_eastern_and_south_eastern_asia,1902,"4652,6755,9074,11055,12220,13137,14575,27714,147300,564228,1602435,4179739,11002923,26403922,45558726,64448632,83393734,87756677,74716284,57372477,38681446,22943443,12444553,6470142,3423138,1758980,886864,466149,248940,133276,74987,42714,24581,14689,9668,6516,4095,2271,1044,325,82,41,25,14,0,0,0,0,0,0"
un_eastern_and_south_eastern_asia,1903,"4253,6420,8923,11134,12495,13516,14697,23628,123567,501522,1484709,3958682,10707124,26109872,45366930,64540845,83849839,88396190,75222279,57942117,39353831,23701383,13161664,6985912,3703954,1923703,974030,507933,272001,146319,80855,45705,26306,15711,10219,6861,4376,2496,1198,441,100,45,28,14,3,0,0,0,0,0"
un_eastern_and_south_eastern_asia,1904,"4645,6891,9445,11713,13090,14122,15275,22374,109069,462585,1424818,3852567,10588342,26148950,45636580,65182066,84958385,89648146,76126457,58574302,39683777,23710246,13037130,6848195,3621958,1873348,943434,491774,262630,141090,78281,44193,25441,15242,9984,6706,4240,2384,1109,399,93,44,27,15,2,0,0,0,0,0"
un_eastern_and_south_eastern_asia,1905,"5062,7409,10039,12347,13725,14778,15983,23291,112701,479235,1491996,4072302,11430800,27817557,47379102,67440406,87091804,89867020,75371065,57627052,38630833,22840759,12517147,6556947,3479567,1794185,903858,472652,252776,136180,75743,42532,24528,14818,9784,6554,4096,2272,1026,354,87,43,26,15,0,0,0,0,0,0"
un_eastern_and_south_eastern_asia,1906,"4372,6756,9595,12205,13863,15084,16277,23310,111829,473770,1476287,4056468,11409202,27787781,47355695,67457030,87270802,90049601,75384767,57836914,39141239,23693449,13480244,7315869,3898035,2039574,1036115,533165,283692,153365,83323,46347,26473,15858,10253,6869,4404,2563,1249,518,124,51,30,15,4,0,0,0,0,0"
un_eastern_and_south_eastern_asia,1907,"4550,7031,9977,12686,14410,15680,16874,22593,98975,435887,1406305,3904455,11173744,27628936,47348877,67818815,88181440,91176762,76311426,58593340,39660458,23997437,13640293,7398056,3941003,2063066,1046389,538147,286525,155013,84176,46699,26640,15966,10338,6920,4440,2574,1255,514,123,51,30,15,4,0,0,0,0,0"
un_eastern_and_south_eastern_asia,1908,"4731,7284,10309,13135,14946,16256,17523,24614,112203,469856,1454764,3994127,11288086,27712972,47453167,67889816,88493154,91741719,77011068,59363865,40328264,24452110,13908040,7554060,4026271,2112098,1068720,549578,292523,158135,85975,47570,27022,16200,10505,7053,4533,2624,1294,517,125,51,30,15,4,0,0,0,0,0"
un_eastern_and_south_eastern_asia,1909,"4917,7568,10711,13640,15520,16880,18146,23032,88134,403329,1365350,3835160,11012603,27595680,47655533,68584005,89618978,92847106,77721798,59969368,40828055,24777913,14099208,7663265,4086110,2145926,1085269,557913,297119,160847,87574,48437,27525,16505,10672,7122,4548,2633,1290,514,126,51,30,15,4,0,0,0,0,0"
un_eastern_and_south_eastern_asia,1910,"5106,7859,11123,14160,16111,17525,18824,23334,82283,391928,1385589,3945463,11699553,29053464,49158638,70830279,91738717,92836562,76990127,59155023,40063273,24339305,13972510,7654503,4102526,2164918,1096730,564632,301779,163948,89478,49349,27859,16714,10805,7224,4607,2679,1316,520,126,49,29,15,4,0,0,0,0,0"
un_eastern_and_south_eastern_asia,1911,"5029,7868,11276,14483,16576,18092,19433,23017,67671,336815,1273205,3719073,11275109,28715592,48949519,71096694,92772521,94098619,78017715,60049074,40756068,24909480,14448792,7997825,4292894,2276538,1155539,591528,315278,171404,93216,51269,28755,17253,11116,7425,4768,2799,1404,570,146,52,30,15,5,0,0,0,0,0"
un_eastern_and_south_eastern_asia,1912,"5216,8160,11695,15025,17201,18769,20158,23448,62217,296409,1084005,3123704,9301652,25240654,45581132,67214315,90821718,97550600,82992226,64756588,44639110,27361916,15556030,8463031,4499642,2381731,1199608,612448,325433,176046,96049,52901,29447,17493,11295,7641,4995,2939,1483,575,149,52,30,15,5,0,0,0,0,0"
un_eastern_and_south_eastern_asia,1913,"5411,8412,11994,15448,17793,19391,20821,23881,54880,259533,969254,2813027,8281740,23329871,43767739,65373519,89840627,99443211,86010551,67719083,47345667,29214296,16515378,8921938,4723389,2505980,1259502,642202,341754,185040,101353,55887,30871,18159,11665,7901,5176,3054,1555,605,155,53,30,16,5,0,0,0,0,0"
un_eastern_and_south_eastern_asia,1914,"5910,9041,12503,15990,18530,20092,21563,24780,55763,259295,966527,2800393,8264193,23397763,44018357,65857368,90787607,100649765,87101762,68745751,48194133,29684974,16627467,8890815,4695720,2484643,1244186,634695,337763,181925,99940,55350,30689,17963,11568,7877,5178,3048,1533,586,141,48,29,15,4,0,0,0,0,0"
un_eastern_and_south_eastern_asia,1915,"5503,8693,12320,16066,18862,20598,22119,25221,55745,256680,955982,2783263,8255249,23476580,44259542,66261117,91496851,101449912,87598097,69214013,48697562,30365077,17356726,9488170,5048151,2684590,1358345,686082,362902,196073,107219,59609,32839,19160,12141,8252,5507,3329,1736,713,194,54,30,16,6,0,0,0,0,0"
un_eastern_and_south_eastern_asia,1916,"4202,7310,10930,15010,18457,20602,22310,25203,54990,252077,937273,2737894,8190251,23425743,44186928,66206449,91656637,101597940,87436208,69254087,49035644,31392311,18861246,10971345,6089169,3243266,1687189,843698,434206,234858,127305,69303,37210,20810,12611,8393,5756,3692,2084,963,323,60,34,20,10,0,0,0,0,0"
un_eastern_and_south_eastern_asia,1917,"4067,7225,10897,15112,18823,21125,22934,26129,60508,271866,973615,2801472,8344849,23629294,44454090,66496306,92220308,102350192,88031617,69844478,49626257,31944080,19364954,11451340,6439590,3435163,1794472,897934,459578,248500,134867,72595,38425,21091,12661,8354,5730,3684,2105,977,361,63,34,20,10,1,0,0,0,0"
un_eastern_and_south_eastern_asia,1918,"3930,7123,10805,15113,19087,21606,23524,26455,55637,248341,919112,2687447,8112805,23462692,44411937,66731674,93129356,103612464,89004740,70582979,50292874,32570146,19929865,11973357,6818096,3645128,1917539,960916,489306,264996,145058,77858,41010,22251,13268,8648,5877,3784,2173,1021,404,74,35,21,10,2,0,0,0,0"
un_eastern_and_south_eastern_asia,1919,"3508,6651,10496,15115,19324,22063,24179,26645,46153,195416,789660,2442233,7553187,22931403,44149658,67027811,94560570,105593346,90466266,71331754,50578731,32659817,20253355,12467580,7273054,3885421,2043211,1021717,507251,269032,146409,77532,40776,21926,13099,8430,5760,3803,2258,1124,473,103,30,17,10,0,0,0,0,0"
un_eastern_and_south_eastern_asia,1920,"4198,7616,11553,16164,20423,23116,25161,27961,52973,227806,864480,2569696,7875014,23367393,44645662,67566294,95179104,106356454,91265812,72258223,51427872,33223788,20292230,12220585,6961248,3720138,1956281,978284,497636,270573,148836,79574,41499,22442,13396,8690,5839,3712,2117,988,403,76,34,21,10,2,0,0,0,0"
un_eastern_and_south_eastern_asia,1921,"3476,6737,10673,15476,20134,23269,25556,28284,52376,223602,848864,2530315,7832099,23409980,44798520,67893710,95845833,107047679,91402521,72033820,51285312,33368141,20939163,13157920,7828499,4207468,2224207,1119708,553193,294018,162165,86003,45008,23881,14220,8976,5987,3913,2329,1181,519,142,30,17,10,1,0,0,0,0"
un_eastern_and_south_eastern_asia,1922,"3595,6966,11036,16005,20825,24064,26425,29208,53123,222734,841453,2505060,7780646,23375163,44814293,67968358,96252672,107743087,91983586,72624382,51859750,33892291,21363643,13468347,8030817,4327026,2290203,1151939,569865,302930,167209,88858,46379,24448,14511,9183,6137,4016,2392,1206,531,151,38,16,10,0,0,0,0,0"
un_eastern_and_south_eastern_asia,1923,"3716,7204,11412,16554,21540,24889,27324,29966,49026,200702,774435,2321746,7006226,21492386,42877484,65905919,94470908,109142111,94997989,75323154,54402844,35606589,22160517,13782485,8157330,4376588,2308650,1155200,568736,301495,166191,88233,45790,23935,14190,9003,6055,3970,2366,1198,527,136,30,17,10,0,0,0,0,0"
un_eastern_and_south_eastern_asia,1924,"3556,7038,11441,16881,22096,25568,28196,30831,48011,188354,738799,2242239,6785812,21235374,42679669,65830448,94904437,110000590,95711873,75851843,54790321,35865712,22552521,14218422,8546449,4619264,2438584,1222154,596798,313320,172649,91514,47330,24270,14339,9050,6103,4050,2449,1264,566,157,30,15,10,0,0,0,0,0"
un_eastern_and_south_eastern_asia,1925,"3396,6853,11264,16775,22270,26076,28852,31565,48495,186652,728924,2208211,6714239,21169563,42684746,65951042,95279168,110558701,96022328,76085473,55083946,36241455,23035017,14738977,8998881,4895999,2572850,1285389,617257,316826,173494,91919,47223,23800,13969,8782,5952,4007,2480,1320,589,155,23,14,4,0,0,0,0,0"
un_eastern_and_south_eastern_asia,1926,"3796,7513,12075,17688,23285,27173,29913,32531,46001,159018,648250,2049423,6289530,20572077,42152721,65624319,95781646,111838961,97293755,77220889,56070038,37012215,23425117,14803615,8921610,4819031,2546910,1271993,619232,324222,178790,95384,49332,25023,14677,9286,6299,4208,2548,1314,562,166,30,15,9,0,0,0,0,0"
un_eastern_and_south_eastern_asia,1927,"3920,7758,12467,18009,23774,27992,30763,33413,45582,141439,589285,1929044,5932804,19992429,41647840,65251199,96137573,112944258,98331177,78087397,56849714,37695384,23957086,15147464,9132679,4928013,2608995,1300527,632037,330448,182467,97881,50710,25567,14909,9437,6415,4297,2605,1346,567,160,30,15,9,0,0,0,0,0"
un_eastern_and_south_eastern_asia,1928,"3433,7108,11897,17969,24106,28426,31571,34345,45607,133141,556645,1850581,5731485,19683815,41410359,65059551,96405908,113599539,98777711,78227924,56962759,37844159,24578217,16053529,9999817,5509600,2894550,1447563,685147,343558,187762,101049,52102,25942,14982,9387,6367,4351,2744,1481,652,225,32,4,0,0,0,0,0,0"
un_eastern_and_south_eastern_asia,1929,"3257,6889,11760,18004,24427,29008,32364,35262,46410,132773,550236,1823836,5669053,19658571,41448584,65185391,96828150,114254983,99152157,78396208,57085426,38021304,25030155,16651069,10592444,5938092,3130007,1576732,745501,369658,200309,108075,55820,27761,15839,9858,6663,4575,2930,1619,712,252,62,16,0,0,0,0,0,0"
un_eastern_and_south_eastern_asia,1930,"4306,8519,13687,19659,25952,30703,33713,36515,47852,133263,544711,1803157,5599396,19557529,41394903,65316002,97435689,115446266,100447003,79918138,58483665,39148118,25245859,16133895,9817702,5339697,2844857,1420946,694513,364103,200674,108726,56926,28809,16747,10552,7154,4783,2919,1515,599,189,78,23,8,0,0,0,0,0"
un_eastern_and_south_eastern_asia,1931,"4438,8778,14106,20381,26911,31689,34805,37694,50607,156493,611922,1911727,5976476,20331100,42232349,66349516,98266519,115792534,100371165,79974931,58653264,39325476,25409556,16268977,9920434,5391002,2870096,1432448,698762,366792,201951,109707,57713,29255,16999,10693,7259,4873,2982,1555,613,190,82,23,8,2,10,6,0,0"
un_eastern_and_south_eastern_asia,1932,"3877,8027,13392,19863,26763,31971,35417,38574,53117,172586,634287,1885716,5782060,19245082,40998517,64743460,95791587,116114192,102625603,81804895,60745146,40941102,26598438,17286374,10784810,5947044,3123070,1563147,740550,372910,203754,110368,57154,28227,16173,10111,6842,4640,2905,1558,643,230,63,6,0,3,10,6,0,0"
un_eastern_and_south_eastern_asia,1933,"3365,7262,12632,19123,26357,32117,35912,39308,59381,201178,765569,2336002,8281292,26077071,48497736,74848062,107573379,114582825,93584323,73468129,52113299,35166157,24666160,17323062,11466569,6515400,3407473,1724556,804622,389983,209563,113440,58353,28606,16136,10017,6733,4643,3002,1683,749,301,67,13,10,10,10,9,0,0"
un_eastern_and_south_eastern_asia,1934,"3465,7475,13003,19681,27123,33051,36955,40414,60255,200066,755923,2301199,8224313,26097216,48671760,75316741,108636600,115907514,94699037,74325442,52588154,35337383,24737130,17418747,11553894,6570686,3441236,1743121,813499,395870,214378,116284,59422,28807,16164,10031,6707,4600,2950,1629,733,295,60,3,0,0,0,0,0,0"
un_eastern_and_south_eastern_asia,1935,"3243,7202,12778,19380,26962,33471,37587,41068,56122,175853,641756,1908644,6125266,20853147,43209382,68082659,101164155,119226304,102453490,81066784,59207764,39839552,26951025,18544458,12329074,7103429,3687885,1881137,876225,417837,222811,120445,61504,29961,16690,10336,6852,4654,2995,1686,782,333,70,13,10,18,20,19,0,0"
un_eastern_and_south_eastern_asia,1936,"3041,6915,12533,19390,27334,34046,38442,42012,52126,139206,509425,1551785,4735916,17035570,38987770,63214512,95300749,120263627,108699115,86084985,64488458,43657500,28991332,19784843,13171885,7732581,4024437,2071234,972956,462865,246200,133705,68335,33328,18255,11285,7340,4901,3130,1777,858,377,103,17,10,17,20,20,5,0"
un_eastern_and_south_eastern_asia,1937,"2765,6607,12268,18770,26467,33848,38812,42476,51650,121215,457600,1484752,4585523,17626611,40009182,64700931,98930404,122333379,107820882,84627276,62406681,42368768,29131790,20598037,14105775,8478791,4444401,2299080,1090393,517184,271936,147911,75787,36984,19843,12237,7792,5088,3229,1833,938,427,136,39,10,15,20,20,15,0"
un_eastern_and_south_eastern_asia,1938,"2017,5856,11343,17969,26071,33941,39264,43299,54048,134227,505861,1604125,5154190,19546387,42303374,67759537,103245251,123476325,106050930,82876647,59976934,40268448,28018057,20653049,14727065,9164892,4836881,2522181,1201813,554214,285839,154819,78747,37917,19047,11745,7290,4629,2901,1674,936,467,135,25,10,15,20,20,17,0"
un_eastern_and_south_eastern_asia,1939,"773,4349,9195,16458,25386,33272,39295,44117,56084,136088,513437,1632281,5575639,21210418,44370130,70714546,107481217,124665448,104769716,81237720,57207711,37324047,25794401,20594821,15814278,10654168,5986426,3122768,1552500,702568,343911,183212,93630,44229,19850,11433,6855,4073,2436,1382,831,465,188,28,10,17,20,20,15,0"
un_eastern_and_south_eastern_asia,1940,"796,4472,9456,16140,24714,33533,39869,44726,57565,133507,504141,1652114,5930730,22404716,45834210,73179628,111243314,125482100,103683346,79878630,55486324,36455370,26070033,21054392,16234583,10922943,6126097,3187118,1581336,714091,348397,185087,94467,44410,19664,11242,6668,3899,2275,1305,816,432,160,30,11,16,20,20,19,0"
un_eastern_and_south_eastern_asia,1941,"552,4215,9096,15824,24120,33268,40385,45491,59850,138855,521826,1723223,6569965,23995740,47747245,76516026,115558585,126185698,102712400,78287357,53249304,34635054,25278772,21049783,16613988,11427019,6530044,3383680,1697679,763650,365260,192177,98582,46583,20440,11222,6610,3767,2115,1224,780,423,171,35,12,17,20,20,19,0"
un_eastern_and_south_eastern_asia,1942,"568,4334,9352,17004,26676,35556,42261,48479,79027,254983,855028,2548917,9818152,29450629,53714176,83675548,119621703,123276645,98008484,74758667,50157957,32123069,23437200,20137205,16237419,11236164,6443880,3359627,1688658,756857,362626,190715,97950,46800,20581,11151,6457,3687,2106,1263,777,445,203,27,10,20,20,20,13,0"
un_eastern_and_south_eastern_asia,1943,"865,4861,10278,18101,28011,37239,43945,52338,109057,353967,1067172,3435853,13275582,34567887,59589762,91760276,124328719,119423930,93495024,69891378,45937968,29865819,22921513,20062501,16069215,10918657,6126626,3196595,1581149,704044,339923,179412,91864,43851,19151,10569,6038,3463,2011,1274,798,451,171,28,11,20,20,20,15,0"
un_eastern_and_south_eastern_asia,1944,"890,4997,10925,20235,30516,38941,48160,86446,245069,651036,2047055,6156407,17424518,39722596,64216071,95332445,124862419,116658581,91961280,67947997,43521271,27337650,21118760,18996926,15402284,10555312,5948715,3094192,1517565,669472,321233,167846,84458,38882,15674,8310,4629,2633,1524,1020,655,363,110,5,0,0,0,0,0,0"
un_eastern_and_south_eastern_asia,1945,"18480,26871,36346,44999,50283,54379,66387,141035,373091,941424,3160007,7983965,20552110,43677811,68063834,100679433,129417580,120180785,97789653,74601263,49409895,29328205,16956085,9220409,4964146,2580016,1257512,659848,369472,206461,108868,53616,29363,17845,11344,7074,4092,2104,907,380,158,79,20,3,0,0,0,0,0,0"
un_eastern_and_south_eastern_asia,1946,"16545,26259,37143,45575,51477,56028,65662,128634,343124,866791,2946690,8046716,22036637,46093118,71628800,106302113,132356624,119067960,96087989,71037483,46267908,28468282,17369755,9935685,5305046,2812068,1342661,676744,376900,210087,109400,53691,28537,17352,10917,6769,3940,2052,963,437,172,58,20,6,0,0,0,0,0,0"
un_eastern_and_south_eastern_asia,1947,"15348,24981,36334,45557,52025,56844,62052,93874,248417,702722,2221100,7685841,24097616,48388102,76527874,115231575,134142921,114950023,92936085,67072943,43618432,28280510,18283049,10994858,5887072,3153508,1514496,744146,411319,230482,120832,59223,30370,18593,11362,6913,3985,2086,1053,507,195,39,20,7,0,0,0,0,0,0"
un_eastern_and_south_eastern_asia,1948,"12544,21097,32152,43242,50849,56449,60700,71395,139860,465136,1441538,5716085,22887656,47178814,77169667,120018246,136854465,114953624,91966523,65656668,42812150,29404319,20517913,13235795,7358487,3930050,1956992,920394,484905,271718,144883,72747,34958,20668,12294,7300,4266,2303,1240,613,268,72,20,9,0,0,0,0,0,0"
un_eastern_and_south_eastern_asia,1949,"11314,19686,30403,42116,50883,56900,61551,74538,159425,526805,1593026,6880243,25543017,50216130,81666450,124646759,136407686,112116040,89115136,62716088,41088095,29345146,21491982,14510435,8365233,4444845,2271532,1065034,545358,302236,162615,83296,40767,23436,13813,7997,4685,2629,1443,706,305,138,46,10,1,0,0,0,0,0"
un_eastern_and_south_eastern_asia,1950,"9426,18130,29974,41984,50935,57994,63438,76981,159833,539475,1692125,8221656,28618886,54027515,88740548,132235310,135823430,109968254,85606761,58033436,37139945,27930758,22028852,15831005,9694452,5146005,2698665,1264613,619025,336682,183056,95093,47127,25682,15287,8763,5128,3018,1701,861,403,162,60,10,1,0,0,0,0,0"
un_eastern_and_south_eastern_asia,1951,"7739,16135,28165,40398,50192,58167,63909,70432,107841,306030,970450,3339632,16689361,41148529,69869884,113039453,145330525,129687910,102537397,74304392,47101431,31627119,23963974,17599744,11324421,6090606,3198403,1525514,707307,370810,202537,106049,52851,26034,15772,9070,5262,3028,1744,938,464,191,41,8,0,0,0,0,0,0"
un_eastern_and_south_eastern_asia,1952,"6200,13589,25302,38256,48775,57660,64255,69710,94962,239835,748745,2316899,11761495,34974982,62842666,101832297,144332972,140824150,111435124,83958626,54386874,34899280,25974672,19478463,13186270,7404965,3828710,1883198,836343,411539,222512,118046,59141,27878,16120,9220,5259,3062,1834,1036,543,247,40,3,0,0,0,0,0,0"
un_eastern_and_south_eastern_asia,1953,"5307,11781,21574,34554,47343,56588,63762,69342,86375,193399,592514,1784747,8030264,28592580,56115421,91024261,138333808,149901325,121408379,94301234,63973105,40466287,28641512,21311554,14743613,8570038,4396685,2221443,978710,464678,248776,132958,66868,30769,16662,9509,5354,3092,1868,1089,593,285,40,4,0,0,0,0,0,0"
un_eastern_and_south_eastern_asia,1954,"4380,10464,19939,32944,46497,56450,64285,70966,90213,211383,696525,2145622,12292797,36925883,66053906,108847863,152098388,143896186,113400671,84427737,54759284,35121934,27202124,21995638,15973927,9716116,4999994,2580893,1149497,526236,277777,150720,76987,35404,17516,9893,5432,3213,1944,1140,631,321,55,6,0,0,0,0,0,0"
un_eastern_and_south_eastern_asia,1955,"3182,9227,18243,31265,45446,56149,64726,71445,87345,183073,578452,1727967,9443277,32753063,61672962,101448289,150646537,152863802,121388464,92765937,61055855,38239260,28322406,23125844,17349402,10993870,5734760,2986262,1360713,606056,313349,170527,87892,40757,18399,10513,5716,3154,1842,1071,622,338,76,7,0,0,0,0,0,0"
un_eastern_and_south_eastern_asia,1956,"2133,8069,16659,29833,44454,55806,65132,72264,86644,173405,534977,1581724,8282975,30963167,60165279,98815938,150404095,158526134,126846329,97845797,64843651,40077554,28840740,24052373,18658491,12316063,6605498,3436262,1616981,704958,354237,193541,101513,48050,20248,11441,6178,3328,1881,1078,625,349,105,9,0,0,0,0,0,0"
un_eastern_and_south_eastern_asia,1957,"836,6379,13860,26575,41598,54028,64303,72257,84996,154701,472741,1400699,7629237,30436592,60194742,99869269,153876506,163237284,130625549,100377995,66075830,40296222,28225459,24464523,20023800,14028709,7983236,4100259,2024951,865176,411685,222662,118936,57127,23177,11653,6249,3246,1737,967,580,349,111,12,0,0,0,0,0,0"
un_eastern_and_south_eastern_asia,1958,"493,5926,13154,25769,41090,54199,64919,73529,89042,174329,530921,1567062,9456730,34054665,64825448,107448951,160860710,163664874,129490342,98719003,64106395,39132819,27731452,24629770,20622783,14744314,8583628,4397025,2204242,941056,439587,236966,127839,62062,24955,11917,6365,3285,1734,939,575,335,101,18,2,0,0,0,0,0"
un_eastern_and_south_eastern_asia,1959,"0,4139,10830,23061,38538,52306,64016,73998,91075,175294,522613,1612829,11868373,38120385,69771723,117582802,167881815,160466882,126604974,94472896,59842861,36344832,26442765,24465740,21793155,16571506,10336012,5327604,2758806,1212280,534791,279860,153175,77122,32286,13266,7135,3647,1818,946,561,344,120,25,4,0,0,0,0,0"
un_eastern_and_south_eastern_asia,1960,"0,1796,8054,19316,34725,48915,61759,74173,96110,197814,593316,2438634,16905273,44491223,78230910,133300131,172003188,151551040,120226455,85703213,52679963,32366862,24377643,23092521,22488287,18579781,12635146,6896101,3569841,1682379,701457,341908,187542,97850,43610,15099,7421,3728,1790,896,516,335,141,34,4,0,0,0,0,0"
un_eastern_and_south_eastern_asia,1961,"0,172,5750,15380,30441,45030,59242,78157,127669,319997,1049800,9467574,31934972,61381973,107880693,160195260,158623241,130438721,100065377,65536929,40311199,27815055,22719721,21599602,22375982,20143525,14953961,8950051,4561929,2308835,963700,430730,231161,124846,58942,21155,8008,4031,1964,961,540,361,175,47,12,0,0,0,0,0"
un_eastern_and_south_eastern_asia,1962,"0,0,3664,13010,27545,42095,56624,75343,121930,301571,913836,7968664,30103913,59702592,104300269,160293730,163796293,134213755,104371837,69590922,42860116,28582585,22612483,20974298,21927770,21120586,16763868,10750288,5576664,2893349,1263614,532259,274573,150439,74223,29003,8801,4478,2109,1011,552,368,194,49,18,0,0,0,0,0"
un_eastern_and_south_eastern_asia,1963,"0,0,2441,10872,24783,40116,54517,71363,104888,243187,708838,4479342,24586900,54446610,93616062,154878434,176164030,145735861,115309560,79592450,48701063,30892559,23200378,20932218,21695013,21790697,18023639,12083505,6467641,3354842,1532435,630385,313192,172431,87641,36483,10446,5082,2390,1130,599,389,221,57,20,0,0,0,0,0"
un_eastern_and_south_eastern_asia,1964,"0,0,550,7640,19937,35599,49948,65987,90998,183459,521100,2284416,17886709,47467696,83303885,143228806,184915376,162000829,128395750,92138816,56659128,33917564,23545630,19949552,20126231,21831920,19696411,14438614,8463458,4303012,2139799,870764,395362,214578,113868,51146,15680,5554,2682,1268,686,456,286,87,39,5,0,0,0,0"
un_eastern_and_south_eastern_asia,1965,"0,0,184,6909,18806,34845,49380,64867,85787,153765,410954,1266720,12188261,40717503,74935420,128974274,186460667,178611465,140989871,105715350,66544415,38518431,25109278,20262739,20199768,22096858,20364962,15271066,9179816,4664027,2359791,971769,432366,233030,125184,57693,18676,6242,3029,1445,763,486,333,105,46,10,0,0,0,0"
un_eastern_and_south_eastern_asia,1966,"0,0,0,3340,14098,29527,44373,60552,84152,161703,441845,1546465,14706640,44804791,80493848,138664406,193231089,178081492,140101983,103111212,63955544,37666198,25192908,19739507,19012206,21050215,21399821,17566750,11609196,6083139,3154527,1393284,572129,290362,159029,78263,29412,6844,3402,1593,819,510,361,128,56,20,0,0,0,0"
un_eastern_and_south_eastern_asia,1967,"0,0,0,1482,11065,25611,40971,57451,83458,172960,474119,1928341,17503102,49037832,86670748,149486397,200365245,179106557,140119566,99869858,60506927,36150216,24475521,18954724,17948702,19713409,21581332,19015687,13477901,7515158,3847996,1826408,730290,346554,188903,96653,39178,9419,3543,1653,839,519,363,134,60,23,3,0,0,0"
un_eastern_and_south_eastern_asia,1968,"0,0,0,0,7201,20081,36131,52949,82332,184712,514943,2824274,21681365,54646641,95438818,164568437,205405689,175941751,138002820,94192681,55979386,34471721,24536410,19022918,17157967,18190725,21158907,20512513,15971692,9858901,4993847,2549217,1048766,451054,238319,127386,57213,16959,4035,1912,918,546,389,170,70,32,7,0,0,0"
un_eastern_and_south_eastern_asia,1969,"0,0,0,0,3730,15458,31821,48376,74348,154754,424979,2094173,18830413,51752609,92020902,160590576,210409608,185404153,145879395,101281917,60359335,36469135,25979938,20231722,17220814,17588368,20466600,21391509,17851943,11852983,6194226,3204785,1403209,568907,285606,155161,74111,25979,4530,2117,1005,573,407,200,79,39,11,0,0,0"
un_eastern_and_south_eastern_asia,1970,"0,0,0,0,1054,11595,26632,42574,63540,114261,289963,844603,9719282,39448578,77217763,134671286,207389137,209559538,165371500,122343031,75936974,43773633,28588066,21065042,17006292,16593870,18821859,21675835,19834642,14470976,8267109,4198495,2030825,802852,367729,198809,101320,40851,8991,2446,1151,637,451,245,97,55,19,3,0,0"
un_eastern_and_south_eastern_asia,1971,"0,0,0,0,620,9504,24232,41463,61446,106346,258730,734233,7930590,36758596,74949769,130627050,208171204,218973370,173770760,129966486,81198733,46453658,29843657,22240256,17899587,16963123,18897901,22004485,20551128,15354032,9007910,4552928,2251604,897781,401888,216149,111818,46693,11337,2854,1337,701,464,333,105,56,21,4,0,0"
un_eastern_and_south_eastern_asia,1972,"0,0,0,0,0,7405,21154,39341,60063,108007,275218,897873,11503346,42431820,82560225,145698562,219039923,215056339,170923777,125092495,75780156,43811372,29700370,23093790,18562986,16975555,18456207,21943992,21492397,16835723,10402210,5256915,2680070,1096087,467523,246717,130935,57989,16521,3401,1623,810,509,377,140,68,29,6,0,0"
un_eastern_and_south_eastern_asia,1973,"0,0,0,0,0,4595,17189,35556,55412,93397,219224,630846,7588104,35156971,74203210,131655427,213077268,227777703,184447438,139411055,86431173,49316371,31926880,24686442,20299084,17671840,18498283,21906229,22418850,18346993,11906906,6115435,3157841,1347156,552754,282459,151931,70922,23261,4025,2032,991,570,435,237,87,46,13,0,0"
un_eastern_and_south_eastern_asia,1974,"0,0,0,0,0,5390,17401,36539,58106,99277,227262,657070,9464195,38519455,78675059,140940008,221532613,228629497,184807801,137778526,83966771,47872367,31715470,25367173,21579768,18907637,19660370,22993114,22758768,18136757,11487884,5838717,2997158,1253110,528669,276206,147941,68352,21809,4867,2537,1235,682,493,310,109,72,35,3,0"
un_eastern_and_south_eastern_asia,1975,"0,0,0,0,0,4586,15554,34345,56659,95874,209308,571198,7657713,35809138,76082591,136127111,221197834,237277457,192273996,144760528,89443030,50667385,32830103,26011478,22387237,19417778,19704562,22995581,23299783,18970491,12306978,6319592,3256876,1389251,572027,292783,157888,74157,24607,4510,2328,1123,627,476,317,122,86,56,1,0"
un_eastern_and_south_eastern_asia,1976,"0,0,0,0,0,3819,13219,30761,54860,92795,200094,643686,11528489,41949562,83138084,151107757,229729016,229391279,187453308,139387075,83983782,47736065,32618593,26929051,23904133,21155810,20538406,23480664,24188075,20003723,13264593,6921754,3564901,1555391,634328,322590,176618,86658,32401,7482,4112,2101,1095,708,493,197,123,78,15,1"
un_eastern_and_south_eastern_asia,1977,"0,0,0,0,0,3104,11733,27288,50974,84119,171675,469244,9411191,38655333,78697035,143625493,226974596,235372440,194477953,148591538,91268965,51359980,33983388,27609306,24906352,22707113,21415746,23862402,24998463,20992987,14204627,7557552,3886748,1736027,699024,349452,192685,97135,38701,9787,5260,2786,1432,877,612,278,153,98,27,5"
un_eastern_and_south_eastern_asia,1978,"0,0,0,0,0,1790,10049,23155,45162,75033,137718,333244,4470412,28976138,67418860,123275957,212496641,249864643,211304234,166047399,106588081,59910248,36640318,28230350,25362206,23445105,21837550,23483463,25600424,22374716,15803894,8796671,4481879,2104024,834476,398406,218851,113634,47831,12882,5747,3078,1557,921,641,325,158,101,37,6"
un_eastern_and_south_eastern_asia,1979,"0,0,0,0,0,1223,9339,21245,42382,71207,123886,282896,3305128,25897194,63793992,117622673,207133452,254848280,219623920,174285084,114247152,64379227,38512468,28914697,25778218,24045201,22478718,23574647,26088124,23245411,16755365,9567100,4849970,2330416,922285,432876,240873,127706,56829,17740,7958,4587,2360,1291,851,486,210,136,62,15"
un_eastern_and_south_eastern_asia,1980,"0,0,0,0,0,715,8604,20611,41862,70699,116117,236164,2337751,22825377,59670176,111738207,200701622,259167810,228835566,182991843,122762340,69862927,41043107,30335710,26805082,24356910,22210430,23187708,26167306,23935701,17689161,10384616,5253885,2598396,1051903,488390,269827,145901,84394,51498,31354,18850,11231,6794,4113,2499,1514,915,551,325"
un_eastern_and_south_eastern_asia,1981,"0,0,0,0,0,476,8284,19718,40291,68486,107822,203172,2645441,24500248,61403969,114812868,206581683,261401619,229667735,185264670,124124274,70310443,41758203,31495915,28751701,27715543,26793369,27143703,29066314,26005062,19069572,11234142,5640758,2802234,1137714,509226,271681,144801,81826,49072,29629,17955,10883,6596,3983,2419,1462,883,530,314"
un_eastern_and_south_eastern_asia,1982,"0,0,0,0,0,0,5876,16467,36559,66982,106547,199827,851171,16400587,53340457,102089860,184622038,262064872,251677441,206605946,138577718,80172860,47002035,32651631,28749556,27615626,27096249,27173100,28554014,27536613,20482599,12118248,6187714,3139296,1319786,580467,303941,160675,87375,52399,31606,19159,11612,7040,4253,2587,1566,944,568,339"
un_eastern_and_south_eastern_asia,1983,"0,0,0,0,0,0,4602,14873,33597,62659,104306,196656,430081,8049569,41934029,89105684,158439381,250148053,273548799,234034838,160748400,91544608,53447027,34374330,28707390,27802864,27783421,28035964,29518945,28089962,21908342,13260535,6657728,3385097,1445477,619711,324688,174134,92309,55394,33444,20272,12289,7459,4497,2734,1658,1000,603,361"
un_eastern_and_south_eastern_asia,1984,"0,0,0,0,0,0,5119,15115,32056,59746,97976,185350,420781,1665041,23226242,70576588,126159852,219056363,289165766,272573074,199616778,110945605,64097367,39347988,28817364,27744993,27930601,28271621,30060719,28899422,22699782,14190216,7216432,3725842,1582425,654253,346153,190029,99580,59290,35866,21742,13182,7993,4826,2936,1779,1065,648,391"
un_eastern_and_south_eastern_asia,1985,"0,0,0,0,0,0,2681,12412,27080,52893,94370,181884,414779,2516654,19962827,60842314,114355721,197481151,282162528,285301945,226054877,131819286,74461877,43983502,30065541,26950093,27493326,28401363,29819762,29559426,23898584,15394392,7848889,3994336,1749189,729978,372406,201631,104086,61167,36992,22439,13604,8254,4982,3033,1838,1105,671,405"
un_eastern_and_south_eastern_asia,1986,"0,0,0,0,0,0,1817,11217,24684,49103,92310,184790,436560,2853442,20621746,57008659,107945414,185953674,273007941,290173640,241765589,149146423,83421193,48193998,31510659,26551460,27818002,28422837,30136120,30931101,25464645,16145060,8542084,4398893,1932098,796190,405670,222391,113770,65216,39457,23944,14526,8817,5324,3241,1966,1182,717,429"
un_eastern_and_south_eastern_asia,1987,"0,0,0,0,0,0,0,8511,21284,43321,87826,192165,465152,1767241,18140243,52751487,100827671,171265206,260304471,292936266,257639630,173634663,95902551,54889965,34779831,26616969,26166923,28321947,30434736,32471821,27383673,18078211,9951216,4890736,2131007,871920,410142,234348,128696,73472,43077,26123,15845,9610,5821,3531,2147,1290,784,472"
un_eastern_and_south_eastern_asia,1988,"0,0,0,0,0,0,0,5700,18411,38565,92391,217690,516296,1133031,11326426,43316110,88995516,149359618,240707308,295644202,277577017,207810627,116731706,64926460,38965793,27699238,26229311,28128049,29662886,33032415,29775077,19808630,11344302,5653565,2491018,1019767,474696,265881,143602,80299,46538,27888,16911,10260,6220,3767,2287,1375,838,505"
un_eastern_and_south_eastern_asia,1989,"0,0,0,0,0,0,0,7106,18796,35898,76992,199180,502154,1028931,11508627,56691165,120128887,212865332,292186949,289922483,229494801,152697334,94965187,57422162,37345704,28370167,26675673,28593643,31056263,33267935,30430490,21962898,12774057,6374804,3098302,1232155,531186,278428,149314,83395,50380,30498,18483,11201,6787,4115,2494,1505,909,551"
un_eastern_and_south_eastern_asia,1990,"0,0,0,0,0,0,0,2276,13781,30920,76481,209361,520181,1099064,9372007,52514883,115417025,206971962,291819391,297379454,240985223,163694259,101479540,60295803,38406111,28354327,25849929,27816452,30636120,34764695,32460142,24040095,14085040,7274301,3335013,1401533,604293,315968,176404,96952,56707,32684,19794,11986,7264,4399,2666,1609,970,589"
un_eastern_and_south_eastern_asia,1991,"0,0,0,0,0,0,0,4609,15997,32681,66613,195943,517931,1063496,9414213,50843977,110059659,201544485,293542304,302796182,245802473,170872040,108573885,64927126,40301321,28802334,25871351,27948755,32092077,34441194,33575608,25345552,15077462,7827222,3905401,1640190,698475,353126,194319,108597,64031,36951,21930,13277,8049,4871,2958,1781,1077,651"
un_eastern_and_south_eastern_asia,1992,"0,0,0,0,0,0,0,1629,12769,29399,63411,174914,473338,1010844,8220990,47575480,104475663,191248449,291712396,305207177,249075521,181664286,119127605,72330355,44061948,31044480,26748669,27352555,31527181,36404281,34291785,26191122,16045949,8448432,3969670,1718809,720624,356884,200108,111971,65991,38117,22504,13610,8242,4984,3021,1818,1099,665"
un_eastern_and_south_eastern_asia,1993,"0,0,0,0,0,0,0,3499,14631,31098,63041,170608,456326,1030016,7439715,44491430,97982372,180295498,288956257,309111685,252431856,188342209,129097349,81202009,49137454,33447291,27755208,28071936,32429805,35854800,34901455,27471818,16905844,8678527,4401342,1893002,807034,400449,217764,118063,68881,39720,23658,14296,8646,5224,3167,1906,1152,697"
un_eastern_and_south_eastern_asia,1994,"0,0,0,0,0,0,14,1109,12483,33307,81767,234874,612500,1232581,5802788,31688041,82424820,156875284,253412200,305155495,278383342,217356595,152866725,95724632,56704210,38477844,30226228,28670687,32024904,37251150,35885813,28468074,17681878,9493560,4514418,1985349,831621,402635,224275,122457,71022,40794,24390,14704,8879,5373,3249,1958,1178,715"
un_eastern_and_south_eastern_asia,1995,"0,0,0,0,0,0,4,1640,12134,30639,73853,204051,532631,1170853,3369465,23593095,72217445,140786415,229565634,293265604,289392942,238881693,173649076,111982453,65968203,43201585,32480472,29675031,32133577,37019904,36651426,30623481,19715355,10060597,5053210,2213824,936410,458735,248145,132293,75279,43576,26187,15775,9521,5760,3485,2110,1260,761"
un_eastern_and_south_eastern_asia,1996,"0,0,0,0,0,0,1,867,10830,28378,67274,184181,485898,1098759,2291378,16453177,62200067,130783845,212667883,279940910,290843916,253700341,192458341,127836155,76576719,48393132,35375766,31237498,33532918,37456181,38686630,31494992,20560667,10860930,5445873,2403683,1020310,499445,268641,142485,80665,46635,27959,16818,10130,6123,3697,2236,1342,805"
un_eastern_and_south_eastern_asia,1997,"0,0,0,0,0,0,1,119,8875,27029,66803,179338,472281,1076410,2496842,18510289,65753345,133215468,212773375,276058407,284593784,250019036,194835395,133732587,81483943,51669042,37765935,32728819,33053932,37904284,40308053,33410865,20535217,11522311,5514690,2427254,1045958,504777,276715,146819,82995,47861,28647,17208,10354,6243,3770,2276,1369,826"
un_eastern_and_south_eastern_asia,1998,"0,0,0,0,0,0,0,1777,12237,29883,64767,157202,430346,1022690,2786427,21533572,73025895,144560346,224199912,272911853,273024568,240224420,192586947,137138866,86081226,54635364,40331553,35222356,35315813,37868718,37669826,31362416,20106458,10548732,5406709,2418939,1014884,490530,265142,141515,80278,45984,27568,16586,9991,6019,3638,2205,1331,800"
un_eastern_and_south_eastern_asia,1999,"0,0,0,0,0,0,0,799,10589,27068,58834,139152,364707,871685,3279810,20422325,69079489,127515448,196369646,267129177,285302530,256178306,203541801,147301565,97108803,60857228,41185034,35308296,35435350,38580628,39563980,32572290,20747950,11086815,5668071,2522127,1077140,525199,279349,147363,83430,47493,28454,17104,10309,6218,3749,2273,1371,821"
un_eastern_and_south_eastern_asia,2000,"0,0,0,0,0,0,0,16,8830,25007,54626,116975,292023,728250,2990841,17910521,62923249,119772935,186530227,258531243,281403232,258181194,213384922,159927257,108944105,68477767,44995544,36503715,36523394,40294183,41260617,33302943,21701350,12168329,5903617,2665319,1135015,528230,283877,153061,86610,49142,29251,17548,10565,6356,3826,2314,1398,838"
un_eastern_and_south_eastern_asia,2001,"0,0,0,0,0,0,0,4,6959,22381,50320,105264,249795,622533,2448084,15444500,57487124,111666692,174108759,248397571,277068344,259262374,221751342,172542279,122720782,78750668,50962743,38984018,37610965,40681569,42376535,35270787,22769330,12478989,6075809,2696749,1151065,540981,292646,155217,87247,49796,29783,17885,10778,6488,3912,2367,1428,853"
un_eastern_and_south_eastern_asia,2002,"0,0,0,0,0,0,0,1,7306,22721,49669,101057,227619,532180,1968083,12729235,49953498,99339175,151699411,221816226,270954282,268919769,236751242,190462391,139913142,92972419,59452894,42467903,39872342,42591266,43624026,36180947,23595900,13430767,6465975,2908178,1236419,563359,301938,160973,89584,50902,30245,18150,10927,6585,3965,2391,1438,863"
un_eastern_and_south_eastern_asia,2003,"0,0,0,0,0,0,0,306,9523,23694,47280,90101,193020,453416,1330478,8168978,36113306,84492577,137058154,207250982,267658042,276408177,248413990,207079638,155242283,105381638,67648013,47004533,42393458,43598729,44456002,36653456,24541794,13423994,6737822,3104876,1307506,608135,321718,171685,94918,53865,31772,19039,11449,6913,4144,2507,1509,905"
un_eastern_and_south_eastern_asia,2004,"0,0,0,0,0,0,0,0,7729,21327,42818,78481,158891,368922,897634,4808915,23940278,68231086,123888074,193794758,261538580,283458132,259600913,219875714,169095729,119396503,77752832,51992356,44335749,44529750,44600732,38026432,26042945,13998880,7023962,3224435,1376502,649541,341345,180516,100028,56879,33185,19926,12026,7292,4418,2693,1648,1008"
un_eastern_and_south_eastern_asia,2005,"0,0,0,0,0,0,0,0,5579,20018,41265,70650,125127,280653,688682,2950712,15563492,52227086,103180128,171259201,250569744,288227041,274205838,236593088,186061072,133811876,88997776,58972601,47690896,46743298,47252527,39590294,25835562,14811912,7337446,3402476,1460247,651434,349153,191160,107048,61076,35135,21097,12743,7750,4729,2896,1795,1111"
un_eastern_and_south_eastern_asia,2006,"0,0,0,0,0,0,0,0,6143,19409,38972,65760,113114,250036,673885,3206355,15690537,50791504,101319267,166870651,238729608,277528253,267592082,238737140,197297936,146246550,99146385,65762773,50847624,48340276,48029127,40920213,27308015,15386933,7851526,3612156,1559795,733562,384608,203786,111910,63710,37712,22659,13709,8350,5113,3143,1959,1226"
un_eastern_and_south_eastern_asia,2007,"0,0,0,0,0,0,0,0,4079,17966,38083,63711,103622,215387,538466,2534914,13478856,45010610,92639912,150635066,222401103,268584844,267821382,245726297,211865731,162773299,114139575,75451421,55366708,50636403,50372544,42451570,28046415,16316259,7985330,3584553,1594571,735767,387747,206330,113268,66129,39406,23701,14374,8785,5420,3369,2121,1347"
un_eastern_and_south_eastern_asia,2008,"0,0,0,0,0,0,0,0,8050,21472,40774,63523,98751,192936,468970,2191141,12658972,42200604,87005876,140835376,210688064,262796857,268580463,249966105,220250833,173782076,124919820,83398763,61144405,54857903,50810907,41838025,28649454,15984688,8159191,3774910,1637750,748192,377641,204138,116511,68742,40988,24676,14980,9172,5668,3541,2240,1431"
un_eastern_and_south_eastern_asia,2009,"0,0,0,0,0,0,0,0,6655,22945,44162,56964,84665,179543,472945,1604428,9522951,35464592,80738445,131507798,197661567,253473817,265158929,253086022,229436303,187744154,139141869,95148645,69446395,59644669,53370387,44544727,28381656,15874282,7428882,3297612,1521691,673877,331931,184040,105671,62013,37478,22967,14262,8977,5725,3712,2435,1619"
un_eastern_and_south_eastern_asia,2010,"0,0,0,0,0,0,0,0,0,21,285,2199,26676,115594,391202,1283941,7519988,29973060,69355165,119165535,182097287,234666355,254780908,255072187,239850682,206811967,157836014,108417549,80483044,66854108,58375585,45967842,30903957,17482708,8143180,3732189,1620181,710891,366391,200468,113196,64185,38144,23426,14726,9459,6220,4185,2875,2012"
un_eastern_and_south_eastern_asia,2011,"0,0,0,0,0,0,0,0,0,10,210,1544,17543,99399,349803,1010114,4623124,18881770,53069035,102498537,162258968,223366743,261408721,267086907,255393309,224639370,173268386,124904767,87889750,67806382,59587139,46445624,31335501,17701864,8392494,3747727,1721734,835008,437907,240290,135837,77845,47310,30058,19808,13499,9481,6846,5061,3806"
un_eastern_and_south_eastern_asia,2012,"0,0,0,0,0,0,0,0,2580,15673,35536,58103,81453,136700,347569,960436,3432629,14407909,43492415,90439978,145916912,207955487,254685125,267398641,261123628,237787839,190937293,141040491,101330539,76642000,63428785,49074845,32174055,17968779,8550615,3876854,1821594,886728,447908,230607,123781,69997,41383,25734,16576,11059,7624,5426,3972,2968"
un_eastern_and_south_eastern_asia,2013,"0,0,0,0,0,0,0,0,0,0,80,1580,22468,91645,307717,889636,2249750,5545081,17315433,57249836,123111697,191432391,242643121,281443094,285203576,260173377,212718181,159200883,115567913,88330679,71329226,52089736,34007442,18468191,8400115,3486594,1635785,781623,393979,209228,119718,68307,39603,24674,15914,10611,7304,5183,3781,2824"
un_eastern_and_south_eastern_asia,2014,"0,0,0,0,0,0,0,0,6417,23042,32547,40309,52930,97609,268171,752645,1922707,4881635,13859113,46348119,109980774,175828433,224957430,272317073,291253003,274167060,231561096,174516598,128288849,97259136,76245779,56186924,35506103,18854315,8929411,3867345,1790678,831474,401586,207992,117303,65750,37575,23097,14734,9764,6698,4766,3503,2631"
un_eastern_and_south_eastern_asia,2015,"0,0,0,0,0,0,0,0,0,0,20,342,4359,40709,207312,690591,1835147,4614286,10844423,33865924,85373261,158094698,222766844,270680457,294883853,285368514,248229381,194348059,138699133,103023822,78636942,59809254,37325370,20751683,9743465,4057583,1875707,906349,461936,238460,133258,78273,47777,30667,20232,13701,9499,6754,4917,3634"
un_eastern_and_south_eastern_asia,2016,"0,0,0,0,0,0,0,0,0,0,6,254,3460,37322,196620,665135,1669252,3962043,9125840,27194621,72055537,139360879,209227402,264578261,298558112,297152321,261781464,208279531,151588292,109399013,84831961,62380060,39178918,22472337,10399773,4656536,2204235,1051433,526116,300685,188044,119116,77334,51772,35216,24349,17116,12246,8918,6591"
un_eastern_and_south_eastern_asia,2017,"0,0,0,0,0,0,0,0,0,0,0,3669,26177,67459,223842,647298,1535768,3363587,7613270,21019137,59802319,125873532,203094520,259387812,296324295,301588550,272432255,219361930,163741093,116813473,88606208,64236459,44197956,25097610,12141474,5659093,2698894,1297157,692930,431184,280233,185258,124246,85010,60177,43414,31877,23786,17991,13739"
un_eastern_and_south_eastern_asia,2018,"0,0,0,0,0,0,0,0,0,0,5298,23292,51822,101925,270642,738527,1677780,3525542,7760928,18541211,50039393,109470519,189546239,248948373,293442782,309008143,285404283,234781009,176111541,124640706,94518405,69208175,45176479,25470401,12376854,5725653,2696337,1327686,676109,386695,241121,154604,101111,67292,46238,32953,24012,17841,13497,10324"
un_eastern_and_south_eastern_asia,2019,"0,0,0,0,0,0,0,0,0,0,11788,33515,62578,109172,270687,725686,1667241,3352963,6949186,15407724,38583523,90183526,178094708,245090602,292787105,314631010,295416196,245695202,186898773,133070948,100399548,72443576,48201275,27378886,13706123,6237357,2836495,1360264,733797,435162,270369,172607,112549,76666,53594,38403,28163,21088,16077,12421"
un_eastern_and_south_eastern_asia,2020,"0,0,0,0,0,0,0,0,0,0,4329,22819,54046,126115,360431,922512,1932640,3707887,7494086,16393415,36911900,80329436,180776998,258178781,306610551,327385914,303483626,244684566,178097282,122270640,92817460,69205059,46007202,27127092,14137539,6633395,3049392,1544834,860149,509603,322128,210001,140167,95588,67242,48650,35805,26715,20146,15275"
un_eastern_and_south_eastern_asia,2021,"0,0,0,0,0,0,0,0,0,0,2787,19918,50549,122122,354094,914632,1953230,3787377,7667889,16449713,36564039,68782557,138495659,221326509,278351024,321378386,323587721,277110038,209149592,144687621,103772401,76397843,49081401,28642508,14792836,7325428,3573498,1804893,981099,573360,355075,227413,149015,101176,70894,50805,37112,27572,20747,15762"
un_eastern_and_south_eastern_asia,2022,"0,0,0,0,0,0,0,0,0,0,1796,17961,47767,116310,338589,876723,1864342,3485410,6827041,14678238,33198038,64396811,138691972,225001853,280412089,319042936,322447279,279645455,211733003,146557435,103406611,77465678,50723306,30640788,15940463,7885635,3766128,1834927,965548,549146,343911,221601,145447,98340,68580,48842,35466,26196,19654,14919"
un_eastern_and_south_eastern_asia,2023,"0,0,0,0,0,0,0,0,0,0,2191,17936,46381,111631,330327,865518,1812252,3280111,6245219,13373876,30620468,60913948,128772056,216306631,272851219,313950053,323049250,288082762,222687360,156159389,108304958,81401179,53378405,32420009,17473308,8484366,3672066,1732171,894056,485092,276589,177227,117664,81492,57954,41608,30064,21902,16133,12038"
un_eastern_and_south_eastern_asia,2024,"0,0,0,0,0,0,0,0,0,0,985,15434,43644,109511,327068,848079,1771693,3166770,5836271,12028843,28345370,57465426,120543763,209033480,266087461,308809948,324288363,295160851,232185807,164491245,114040451,84955393,55818226,33593722,17822927,8733273,3882662,1788460,903436,480691,268047,167750,110640,75697,53839,38710,28026,20460,15114,11319"
un_eastern_and_south_eastern_asia,2025,"0,0,0,0,0,0,0,0,0,0,1201,15477,42782,105578,315444,829325,1727449,3079357,5615618,11303913,26643937,54726557,111834290,201315801,260144488,304288691,324197245,300838394,240721313,172547606,118076361,87161470,59418477,35526606,19329995,9538261,4146016,1894946,959596,508762,284188,178396,117805,80244,57018,40980,29662,21641,15972,11946"
un_eastern_and_south_eastern_asia,2026,"0,0,0,0,0,0,0,0,0,0,573,13918,39834,102337,314653,837902,1749843,3102356,5489554,10349827,23378007,49114999,95661983,181888263,248271297,294202357,321015936,308479998,255502551,187328886,126213829,89208634,60229558,36160117,19941733,10091610,4485375,1992213,1014262,538191,297903,177268,109439,70238,46996,32703,23568,17522,13390,10430"
un_eastern_and_south_eastern_asia,2027,"0,0,0,0,0,0,0,0,0,0,0,12101,36960,99162,306242,814640,1697237,2996826,5219481,9514422,21088434,45510092,88882053,173499076,243985443,290755811,320299367,312270274,262310501,194738262,131486065,92481049,63009450,38240267,21223031,10848126,4881425,2131277,1077045,570422,314091,186272,114975,73750,49283,34231,24633,18280,13941,10854"
un_eastern_and_south_eastern_asia,2028,"0,0,0,0,0,0,0,0,0,0,0,10021,34063,97129,306030,814359,1684825,2932999,4967839,8611693,18243937,40259716,78027800,156140882,233961633,282798625,317224865,317610824,274747945,209022568,142792511,98761760,67716555,41370484,23057986,11930951,5466674,2346877,1171755,620089,340085,200881,123657,78974,52554,36363,26058,19276,14655,11390"
un_eastern_and_south_eastern_asia,2029,"0,0,0,0,0,0,0,0,0,0,0,9910,33702,97725,308764,817480,1676494,2882239,4795037,8021299,16310208,36140433,69786881,138910581,222072676,273367266,312105041,320709413,286310973,224056656,156001879,105984806,72353604,44150565,24675541,12885642,6012793,2579177,1270592,671044,367631,215579,132283,84189,55825,38493,27512,20282,15380,11930"
un_eastern_and_south_eastern_asia,2030,"0,0,0,0,0,0,0,0,0,0,0,9805,33321,96595,306500,814063,1673755,2883828,4796510,7990206,16152700,35884435,68979349,133693884,216557988,268491316,307738358,320107969,290264062,230305092,161863847,109331291,74324099,45272755,25222425,13202303,6190526,2653992,1296843,685886,376413,220990,135776,86522,57433,39634,28340,20906,15859,12310"
un_eastern_and_south_eastern_asia,2031,"0,0,0,0,0,0,0,0,0,0,3,8191,30608,89336,281633,756801,1594901,2776082,4645399,7755429,15443530,34271590,66793630,131948169,217377031,270425985,309835631,321151831,290542337,230094089,161652367,109541729,74961686,46100778,25681747,13446117,6301074,2686317,1302832,691238,379422,223128,137481,87944,58569,40514,29027,21457,16292,12656"
un_eastern_and_south_eastern_asia,2032,"0,0,0,0,0,0,0,0,0,0,0,8057,29685,83371,255913,692455,1495950,2643275,4445606,7398213,14404766,32025541,63290389,124085146,211078502,266389641,307044339,321635012,295217975,237129448,168381765,113635246,77433935,47793870,26747776,14080480,6673991,2859702,1369350,724992,397237,233025,143487,91787,61098,42230,30227,22313,16918,13136"
un_eastern_and_south_eastern_asia,2033,"0,0,0,0,0,0,0,0,0,0,0,6463,27307,81638,255117,686854,1481183,2612505,4355219,7109370,13445891,29775721,59842816,116545777,204504075,262769806,304309178,321718638,299266127,243333881,174524712,117818859,80246290,49966513,27891609,14716164,7013326,3000156,1411611,748290,409960,240420,148225,94826,63111,43623,31211,23032,17465,13556"
un_eastern_and_south_eastern_asia,2034,"0,0,0,0,0,0,0,0,0,0,0,6341,26342,75691,229731,623145,1376457,2473215,4162643,6865875,12924445,28863206,58960402,116160695,204785063,263271433,304502100,321814056,299493257,243733378,175130457,118262832,80511464,50146859,28006598,14777663,7057395,3021287,1405327,746347,409784,240672,148731,95355,63589,44031,31552,23331,17716,13772"
un_eastern_and_south_eastern_asia,2035,"0,0,0,0,0,0,0,0,0,0,0,6267,26180,75699,228487,613858,1352138,2429204,4066443,6607486,12096709,26759639,55625460,108818202,197320133,259063546,301239492,321445680,303270877,250357613,181971001,122905687,83102413,51963451,29141356,15443326,7451028,3218074,1472438,780098,427654,250418,154457,99054,66048,45700,32722,24172,18339,14245"
un_eastern_and_south_eastern_asia,2036,"0,0,0,0,0,0,0,0,0,0,0,4875,23296,68394,204987,555163,1249587,2288319,3867195,6342735,11504791,25186227,52948737,102210860,189249787,254307041,297555895,320603456,306540164,256255198,188505551,127793925,86142888,54354579,30425377,16129830,7828451,3393137,1522417,807196,443020,259328,160053,102678,68466,47355,33887,25013,18971,14726"
un_eastern_and_south_eastern_asia,2037,"0,0,0,0,0,0,0,0,0,0,0,4792,22536,63812,187267,512607,1176225,2188756,3726052,6168598,11080183,24097495,51150337,99919780,189008721,256109394,299472091,321762155,306611919,255983115,188160664,127516893,86097499,54529634,30767960,16372022,7979043,3466536,1550499,820091,449632,262764,162337,104489,69839,48388,34676,25614,19439,15104"
un_eastern_and_south_eastern_asia,2038,"0,0,0,0,0,0,0,0,0,0,0,3662,20657,62673,181851,481192,1097099,2083322,3606841,5968059,10520782,22417133,48096544,93524236,180401939,251512356,295787416,320744771,309445631,261606099,194692902,132599410,89198895,56993084,32139802,17086439,8375398,3653114,1604632,846828,465184,271602,167902,108117,72279,50083,35877,26504,20105,15609"
un_eastern_and_south_eastern_asia,2039,"0,0,0,0,0,0,0,0,0,0,0,3593,20111,60082,170905,448774,1030131,1985147,3458467,5774992,10186367,21651051,46880031,90303952,173144135,245844844,290240730,317593127,310898370,266917915,201338611,138053765,92049641,58839626,33118591,17586539,8666810,3810780,1659353,872364,480077,280392,173469,111766,74723,51781,37077,27380,20755,16108"
un_eastern_and_south_eastern_asia,2040,"0,0,0,0,0,0,0,0,0,0,0,2617,17679,53889,153342,404130,940824,1854501,3283183,5533327,9677391,20231398,44303812,86962173,171237527,246715320,291721621,318954715,311525557,266864483,201396596,138063979,92562782,59826408,34026875,18149031,8995291,3965822,1719128,901368,495397,288519,178369,115021,76958,53338,38205,28197,21383,16601"
un_eastern_and_south_eastern_asia,2041,"0,0,0,0,0,0,0,0,0,0,0,2583,17477,54192,153383,395480,911737,1808824,3229009,5408992,9260471,18834333,41488447,81623452,162558137,242124638,288571832,317818010,313393856,271966355,207576752,143251653,95286071,61570408,34991803,18648710,9287357,4125154,1777897,925684,509291,296761,183486,118361,79207,54885,39315,29006,21992,17061"
un_eastern_and_south_eastern_asia,2042,"0,0,0,0,0,0,0,0,0,0,0,2540,16995,50494,140215,362521,844762,1701140,3062042,5156464,8760885,17467680,38704738,76640331,153491632,236556670,284534931,315989882,315154044,277455361,214531849,149299344,98474368,63506727,36009985,19138229,9560391,4272207,1835489,947319,522217,304772,188584,121705,81460,56453,40427,29829,22619,17544"
un_eastern_and_south_eastern_asia,2043,"0,0,0,0,0,0,0,0,0,0,0,1718,15145,46311,130453,340388,799651,1630910,2953455,5026914,8629384,17369639,38719817,76835068,153465146,236006123,283426802,314456194,313773509,276098974,213817141,148912495,98910396,64453332,36987278,19758137,9924352,4450074,1903960,978941,538692,312967,193278,124805,83555,57909,41473,30603,23197,17995"
un_eastern_and_south_eastern_asia,2044,"0,0,0,0,0,0,0,0,0,0,0,1695,15312,47709,133206,339569,788131,1605608,2902011,4892114,8251684,16170758,36051639,72222086,144597841,230246172,279495138,312226152,314906651,281075361,220360426,154766479,102116465,66360524,38000480,20231991,10177759,4580128,1951058,992442,547518,318825,197291,127660,85595,59385,42548,31404,23814,18470"
un_eastern_and_south_eastern_asia,2045,"0,0,0,0,0,0,0,0,0,0,0,1021,13365,42622,119913,306586,718117,1493006,2745452,4666078,7822986,15012572,33460876,67910870,135717735,223645984,275088755,309221729,315197029,285043614,226541725,160664714,106168403,69264666,39918510,21210184,10717338,4849833,2056962,1028494,567442,329525,203818,131771,88253,61153,43761,32260,24434,18935"
un_eastern_and_south_eastern_asia,2046,"0,0,0,0,0,0,0,0,0,0,0,1003,13123,40948,113260,285407,663161,1394142,2593778,4448639,7471508,14098678,31300239,64808165,132330894,223303840,276712205,311268094,316404155,285556750,226744655,160820478,106153187,69165718,39839656,21141775,10674874,4834950,2054266,1029462,569257,331412,205387,132943,89148,61851,44307,32700,24797,19246"
un_eastern_and_south_eastern_asia,2047,"0,0,0,0,0,0,0,0,0,0,0,992,12966,40684,113412,286219,664995,1395148,2582831,4390734,7265940,13473543,29985167,62664699,126329973,216629820,271456033,306630750,315030662,288310785,232013081,166153273,109596682,71297798,41355316,22022871,11180679,5120653,2181059,1073022,592541,344211,212717,137622,92219,63921,45752,33730,25549,19816"
un_eastern_and_south_eastern_asia,2048,"0,0,0,0,0,0,0,0,0,0,0,443,11278,37004,105092,263086,602313,1274446,2393145,4123796,6874278,12625280,27830650,58881310,118012081,208790074,266842963,303294070,314723962,291565416,237724999,171948883,113883182,74073562,43270969,22976661,11709951,5392486,2292701,1104468,610786,353797,218533,141378,94719,65637,46962,34612,26216,20323"
un_eastern_and_south_eastern_asia,2049,"0,0,0,0,0,0,0,0,0,0,0,440,10955,34800,96628,242506,556930,1190939,2263476,3951746,6662823,12186707,26673335,56872079,115153493,207665771,267505060,304164450,314999944,291218327,237311362,171794378,113850785,74044043,43305713,23019712,11732561,5416011,2309635,1115471,617780,358301,221642,143661,96395,66884,47897,35330,26778,20770"
un_eastern_and_south_eastern_asia,2050,"0,0,0,0,0,0,0,0,0,0,0,434,10714,33912,93259,233882,533777,1139940,2163899,3770795,6339435,11453761,24833947,53592926,107550702,199242864,262606256,300711884,314449018,294215973,242763211,177412778,117760579,76208890,44839885,23896444,12218190,5693258,2439615,1153615,637591,369420,227845,147590,98948,68611,49089,36184,27398,21244"
un_eastern_and_south_eastern_asia,2051,"0,0,0,0,0,0,0,0,0,0,0,6,9356,32168,93273,235532,529276,1122633,2129140,3689144,6161865,11088814,23974329,52373843,106313433,198169692,261916099,299419378,313027317,292846218,241770293,176940832,118115905,76881034,45574029,24316166,12449686,5809568,2485458,1197836,662703,383025,236118,152919,102498,71020,50797,37412,28320,21955"
un_eastern_and_south_eastern_asia,2052,"0,0,0,0,0,0,0,0,0,0,0,6,9105,30354,85706,216386,486910,1037498,1988991,3478589,5834797,10399810,22202114,49024172,99023892,189055240,256688808,295584107,312077129,295543189,247280658,182982434,122550820,79143363,46993223,24997398,12794129,6007497,2586158,1225710,679702,393626,242876,157351,105482,73079,52254,38478,29106,22558"
un_eastern_and_south_eastern_asia,2053,"0,0,0,0,0,0,0,0,0,0,0,5,8899,29052,80103,201316,452066,964450,1878449,3323879,5586000,9824325,20590761,45864744,92536930,180311354,252016178,292110460,310857235,297256209,251791722,188217863,126675513,81308264,48403994,25728047,13171338,6217976,2694210,1251141,694137,402212,248147,160921,107919,74783,53461,39358,29769,23060"
un_eastern_and_south_eastern_asia,2054,"0,0,0,0,0,0,0,0,0,0,0,6,7368,26827,77637,197981,445963,950214,1850625,3284921,5545943,9861980,20703338,45956544,92458041,179424140,250413431,289653352,308296505,294937602,249927475,187084386,126566458,81713620,49157536,26273238,13492353,6399783,2764035,1278848,709294,409826,252443,163862,109990,76260,54551,40168,30390,23551"
un_eastern_and_south_eastern_asia,2055,"0,0,0,0,0,0,0,0,0,0,0,6,7217,25619,72366,184643,417843,891100,1750286,3133397,5321461,9421594,19430664,43177403,86586027,170086682,244591740,285082761,306058665,296178996,254411530,192725030,131345235,84151134,50705693,27056643,13884837,6624411,2882032,1313157,727855,421702,260283,169181,113677,78891,56460,41584,31455,24375"
un_eastern_and_south_eastern_asia,2056,"0,0,0,0,0,0,0,0,0,0,0,6,7093,24489,66856,169727,386332,827827,1648441,2988547,5118593,9050612,18424593,40970935,83285695,166988232,244330648,286021884,306853882,295728933,253616251,191982216,130899548,83921522,50607817,27064553,13896447,6644794,2899328,1325733,735912,426858,263780,171713,115534,80266,57495,42388,32075,24867"
un_eastern_and_south_eastern_asia,2057,"0,0,0,0,0,0,0,0,0,0,0,5,5775,21775,59963,153274,351039,753553,1521324,2801013,4868376,8694210,17625625,38926233,78523109,157458683,237660039,280499218,303566669,295765685,257030142,196743047,135639266,86951460,53038015,28523414,14687663,7083585,3098906,1391242,765873,442693,272687,177318,119216,82754,59221,43618,32988,25551"
un_eastern_and_south_eastern_asia,2058,"0,0,0,0,0,0,0,0,0,0,0,6,5697,21417,58578,149686,343843,739963,1500158,2769361,4828258,8675212,17578220,38812377,78246212,156761500,236453438,278748234,301134802,293401055,255250886,195664154,135134990,86722648,52944579,28526213,14693127,7101121,3113039,1401266,772391,446885,275346,179156,120526,83714,59943,44168,33426,25908"
un_eastern_and_south_eastern_asia,2059,"0,0,0,0,0,0,0,0,0,0,0,5,5611,20607,54172,136422,313370,674457,1384250,2586017,4539897,8070117,16116362,35753811,72925045,147102579,230034252,274608032,298864678,294012628,259126629,200986378,140007550,89341149,54544731,29384026,15108213,7335699,3240827,1447638,792361,459725,283787,184851,124461,86486,61943,45643,34528,26752"
un_eastern_and_south_eastern_asia,2060,"0,0,0,0,0,0,0,0,0,0,0,5,4465,18396,48711,124134,289816,629439,1307447,2470702,4368156,7749014,15329871,33783736,69749389,142854959,228201324,274738621,299415314,293681522,258035191,199905111,139667576,89604884,55086848,29786821,15332011,7460173,3293534,1467832,802881,464760,286507,186664,125673,87319,62546,46095,34875,27036"
un_eastern_and_south_eastern_asia,2061,"0,0,0,0,0,0,0,0,0,0,0,4,4408,17874,45748,114858,270681,591721,1239953,2364688,4217478,7575362,15077148,33038144,67609468,136309658,221354881,268718065,294369734,292088402,260276550,204122325,143887974,92007150,56546545,30616360,15743542,7700465,3427429,1517558,821666,476540,294129,191736,129139,89751,64288,47384,35852,27792"
un_eastern_and_south_eastern_asia,2062,"0,0,0,0,0,0,0,0,0,0,0,5,4350,17630,45138,112664,262956,571639,1198668,2296430,4111626,7331236,14424049,31520900,65275747,132992028,219667817,268624200,294444018,291436606,259190359,203103584,143247290,91648357,56421935,30694240,15804978,7751548,3457282,1532924,829789,481543,297044,193799,130692,90929,65192,48081,36405,28237"
un_eastern_and_south_eastern_asia,2063,"0,0,0,0,0,0,0,0,0,0,0,4,4288,17236,42891,104916,244941,531252,1116073,2157713,3886152,6953167,13678954,30059076,62769643,126736824,213062538,263236246,289815868,289644173,261041960,207140354,147548011,94370597,58050252,31682121,16285564,8021453,3606125,1591391,850282,494039,304998,199133,134382,93525,67064,49455,37444,29036"
un_eastern_and_south_eastern_asia,2064,"0,0,0,0,0,0,0,0,0,0,0,4,3339,15356,38867,94806,221627,480937,1006583,1957191,3563316,6487778,12946681,28435712,60015769,122562976,210472677,262768320,289794073,289246909,260148809,206497228,147492578,94785710,58604425,32077709,16490483,8124590,3648545,1607274,860469,500659,309434,202459,136886,95438,68547,50631,38376,29800"
un_eastern_and_south_eastern_asia,2065,"0,0,0,0,0,0,0,0,0,0,0,2,3290,14981,36860,86628,199550,435643,921085,1821750,3374239,6196537,12459531,27199692,57265010,115058553,202693741,257725239,286506175,288649404,262288211,210394431,151456185,97280095,59997567,32928575,16912672,8368337,3788989,1668063,879253,512489,317126,207601,140431,97939,70350,51969,39389,30577"
un_eastern_and_south_eastern_asia,2066,"0,0,0,0,0,0,0,0,0,0,0,3,3234,14754,36237,83251,186982,404096,856568,1708589,3219587,6032507,12303908,26850413,56623192,114010811,201057635,255923467,284278448,286388208,260420998,209125367,150867115,97142887,60058339,33181204,17080140,8475926,3850692,1696828,895325,521638,322328,210897,142717,99553,71524,52832,40050,31088"
un_eastern_and_south_eastern_asia,2067,"0,0,0,0,0,0,0,0,0,0,0,2,3195,15649,39286,87804,189006,393036,813005,1615057,3040379,5638938,11387742,24659352,52662067,105949134,192642134,251154894,281227978,285952132,262815161,213616346,155587729,100367605,61792051,34263677,17602548,8757018,4009475,1767501,916411,534797,330809,216528,146551,102236,73440,54238,41103,31896"
un_eastern_and_south_eastern_asia,2068,"0,0,0,0,0,0,0,0,0,0,0,1,2408,14199,37647,84850,179266,367150,753667,1508219,2881833,5375560,10852703,23366334,50221569,102228345,189530909,250695001,281808116,286243987,261810851,212472234,154705448,100194831,62011266,34485983,17736919,8836247,4043788,1789356,946398,551849,340638,222711,150565,104934,75305,55569,42073,32632"
un_eastern_and_south_eastern_asia,2069,"0,0,0,0,0,0,0,0,0,0,0,2,2373,13998,37569,82681,167536,330501,661847,1328013,2580400,4984045,10476572,22974089,49334746,98354034,182859101,244517645,275919968,282690477,262050651,215665862,158866075,103449015,63815678,35687134,18344971,9164482,4231216,1874425,974536,568336,350779,229185,154884,107892,77380,57067,43186,33472"
un_eastern_and_south_eastern_asia,2070,"0,0,0,0,0,0,0,0,0,0,0,1,2340,13829,37328,81149,161548,312906,615548,1232903,2407174,4671732,9813526,21549657,46763763,94723123,179542558,244010739,276829969,283561795,261798338,215048454,158199742,102976966,63469043,35513425,18265548,9127416,4219442,1872236,975193,569311,351733,230017,155549,108395,77766,57359,43410,33656"
un_eastern_and_south_eastern_asia,2071,"0,0,0,0,0,0,0,0,0,0,0,0,2305,14183,40104,87818,170089,314028,592455,1165328,2261755,4400841,9262368,20338709,44658867,90165134,172327564,238066517,271899227,280809818,262441617,218383185,162347578,106343712,65340477,36843464,18967594,9508025,4430634,1969943,1005587,587102,362851,237346,160445,111751,80117,59040,44648,34581"
un_eastern_and_south_eastern_asia,2072,"0,0,0,0,0,0,0,0,0,0,0,0,1676,12298,36159,80035,154973,284264,528546,1034220,2026561,4037178,8689812,19395017,42833952,87235145,169083318,236963174,271560221,280260359,261005770,217313285,161803249,106630755,65875541,37319841,19252455,9660518,4505140,1997925,1019834,595125,367207,240316,162567,113296,81255,59899,45319,35113"
un_eastern_and_south_eastern_asia,2073,"0,0,0,0,0,0,0,0,0,0,0,0,1652,11730,34150,74510,141829,256463,468927,919649,1833624,3739802,8223434,18629383,41501752,83938473,162511133,231141430,266584780,277440411,261224014,220060729,165380555,109647876,67422269,38335303,19775674,9938534,4667998,2083546,1043012,609938,376335,246078,166464,116002,83196,61324,46389,35934"
un_eastern_and_south_eastern_asia,2074,"0,0,0,0,0,0,0,0,0,0,0,0,1627,11588,34455,75952,144315,256533,456859,878954,1733909,3498575,7570507,17194092,38708220,80105015,158497228,229967056,267180929,278245450,261224879,219937222,165209377,109579646,67283308,38251617,19738562,9914463,4660765,2082308,1044630,612227,378462,247812,167829,117066,84028,61984,46910,36357"
un_eastern_and_south_eastern_asia,2075,"0,0,0,0,0,0,0,0,0,0,0,3,1611,11250,33533,74059,140784,248275,435050,829622,1634664,3296809,7060777,16051440,36543878,77071366,154865800,228499837,267258504,278662869,260856208,219278340,164711023,109411382,67196753,38245913,19763406,9923920,4669495,2088781,1049525,615328,380522,249414,169125,118086,84844,62635,47439,36788"
un_eastern_and_south_eastern_asia,2076,"0,0,0,0,0,0,0,0,0,0,0,2,1092,10179,32336,73397,140489,245016,420715,794053,1546109,3095646,6567549,14860563,34301156,73101170,147966489,222764296,262636395,275725546,260497207,221731051,168214290,113004512,69489433,39833637,20613087,10368482,4906444,2203034,1080929,634300,391819,256898,174225,121642,87380,64490,48821,37843"
un_eastern_and_south_eastern_asia,2077,"0,0,0,0,0,0,0,0,0,0,0,1,1076,9703,30436,68578,130443,224479,377607,703297,1374914,2789550,5969281,13682911,31861570,69553951,143701408,221062300,263280298,277017615,260821450,221337162,167563240,112585129,69272968,39811505,20648409,10400240,4926198,2212121,1086412,638021,394237,258564,175575,122743,88259,65197,49399,38329"
un_eastern_and_south_eastern_asia,2078,"0,0,0,0,0,0,0,0,0,0,0,1,1062,9407,29310,66261,126916,221212,373221,697029,1359885,2704132,5673255,12946201,30551402,66913838,137703496,215204225,257848836,272900866,259685533,223292840,171086394,116101992,71291852,41130563,21388363,10770454,5138496,2326541,1123019,657248,406084,266049,180617,126220,90702,66960,50694,39294"
un_eastern_and_south_eastern_asia,2079,"0,0,0,0,0,0,0,0,0,0,0,1,1047,9140,28139,63752,121675,210387,352687,664104,1308807,2587363,5340380,12126210,28578932,63702248,133361543,212897156,257972471,273964603,260013548,222929929,170488954,115633250,70956838,40919894,21286303,10721534,5118337,2319322,1121589,657494,406956,267007,181528,127000,91360,67516,51160,39691"
un_eastern_and_south_eastern_asia,2080,"0,0,0,0,0,0,0,0,0,0,0,4,1041,8946,27050,61410,117825,204890,343108,648082,1278251,2491407,5046816,11396668,27271374,62166496,131549973,210828940,256106735,272538176,258805032,221943288,170030449,115681877,70949058,40845050,21263666,10715431,5113835,2315346,1119326,656839,406927,267202,181763,127241,91594,67726,51348,39865"
un_eastern_and_south_eastern_asia,2081,"0,0,0,0,0,0,0,0,0,0,0,4,635,7814,24328,56804,110250,193363,324178,605592,1197766,2343657,4790626,10916492,25975418,58823912,123785071,203999074,251175234,269517633,258189196,223883052,173309074,119353821,73399957,42493856,22187826,11194421,5370572,2439165,1158122,675625,418104,274690,186914,130857,94193,69628,52780,40945"
un_eastern_and_south_eastern_asia,2082,"0,0,0,0,0,0,0,0,0,0,0,3,627,7774,24268,56540,109044,190031,317711,594011,1175468,2296529,4675829,10615413,25144335,57367493,121645750,201639549,249457185,268350508,256967936,222685843,172399580,118933602,73269518,42441623,22199435,11205059,5387071,2453421,1169582,683519,423800,278861,190147,133395,96196,71230,54071,42005"
un_eastern_and_south_eastern_asia,2083,"0,0,0,0,0,0,0,0,0,0,0,3,618,7627,23442,54420,104534,181809,302553,565224,1126851,2194076,4395260,9830892,23305287,53629374,113901387,194733800,244798397,265720901,257053925,224955206,175977224,122459940,75389139,43802809,23019268,11633853,5627457,2575030,1233340,726969,453409,299311,204829,144124,104176,77260,58704,45620"
un_eastern_and_south_eastern_asia,2084,"0,0,0,0,0,0,0,0,0,0,0,3,609,7466,22492,52247,100925,176816,295375,551087,1108439,2145339,4237295,9453978,22562533,52420558,112063179,192419419,242980168,264610859,256018647,223882553,175061337,121892541,75065063,43584522,22907112,11576095,5597034,2563322,1230183,726284,453750,300004,205583,144839,104816,77823,59185,46037"
un_eastern_and_south_eastern_asia,2085,"0,0,0,0,0,0,0,0,0,0,0,2,600,7314,21620,50183,97756,172873,290379,539256,1088925,2081617,3989445,8740647,20823627,49289995,107544103,188511611,241785755,265042888,256728929,224058364,175204708,122004642,75142437,43548331,22904632,11559095,5579027,2555590,1226702,726582,456125,302156,207365,146261,105934,78693,59873,46567"
un_eastern_and_south_eastern_asia,2086,"0,0,0,0,0,0,0,0,0,0,0,2,277,6360,19575,46850,92529,166148,285215,534999,1096000,2097680,3972797,8573338,20422099,48183211,103500488,183305727,236506896,260201597,253889480,223879100,176831036,124699819,77334664,45103338,23877166,12081676,5877870,2712991,1287640,755623,472870,312803,214470,151115,109337,81134,61666,47913"
un_eastern_and_south_eastern_asia,2087,"0,0,0,0,0,0,0,0,0,0,0,1,274,6250,18780,44768,88985,161213,278588,519032,1073264,2059474,3812563,7997211,18866108,45075225,98879543,179037020,235144876,260907808,255073739,224350139,176885855,124605168,77261407,44980160,23798508,12025165,5842583,2694416,1279341,751786,471035,311956,214119,151027,109363,81231,61791,48052"
un_eastern_and_south_eastern_asia,2088,"0,0,0,0,0,0,0,0,0,0,0,1,270,6166,18577,44619,88973,161605,279533,521224,1080732,2068363,3801799,7936964,18678368,44602686,97873207,177329355,233183691,258790500,252857510,222592797,175776151,124041690,77012624,44803338,23727968,11986943,5822080,2687385,1276041,750919,471220,312516,214755,151643,109916,81716,62213,48422"
un_eastern_and_south_eastern_asia,2089,"0,0,0,0,0,0,0,0,0,0,0,0,265,6073,17831,42626,85308,155606,269247,494684,1034160,1991881,3588113,7231111,16840088,40744977,90431512,169366836,228655048,257113630,253987075,225137981,179151546,127172062,79084785,45959157,24414886,12329233,6016221,2794580,1314844,764606,478364,316997,217646,153552,111229,82638,62875,48920"
un_eastern_and_south_eastern_asia,2090,"0,0,0,0,0,0,0,0,0,0,0,0,261,5988,17080,40174,79853,144931,250369,453169,945632,1851057,3376764,6909703,16409092,40085732,89286708,167411227,226449112,254982117,251904563,223384090,178192794,126983502,79286397,46161822,24649692,12462360,6084949,2827356,1328851,771871,482422,319506,219322,154678,111999,83186,63274,49226"
un_eastern_and_south_eastern_asia,2091,"0,0,0,0,0,0,0,0,0,0,0,0,256,5900,16519,38359,76301,139121,241534,434517,908987,1804502,3276036,6566358,15419904,37767264,85644678,163445539,224849759,255110418,252801706,223449436,177960636,126587156,78987670,45937925,24543113,12414663,6058336,2817995,1327604,773246,485570,322185,221520,156456,113428,84332,64208,49975"
un_eastern_and_south_eastern_asia,2092,"0,0,0,0,0,0,0,0,0,0,0,0,13,5113,14946,35487,72139,133032,231460,409143,851697,1707318,3095112,6100933,14323143,35575227,80700159,156714239,218913409,250836484,251164854,224655292,180893208,130154520,81914186,47707152,25587563,12948532,6339594,2953917,1375599,788328,493517,327148,224693,158538,114834,85303,64901,50482"
un_eastern_and_south_eastern_asia,2093,"0,0,0,0,0,0,0,0,0,0,0,0,13,5041,14576,34207,70569,132705,236187,419973,874352,1770362,3177607,6143551,14262302,35325016,80040457,155294402,217172029,249104076,249431778,222907678,179429603,129097659,81258789,47310988,25380527,12849738,6295068,2935864,1368356,785735,492910,327378,225252,159205,115479,85896,65431,50947"
un_eastern_and_south_eastern_asia,2094,"0,0,0,0,0,0,0,0,0,0,0,0,12,4969,14204,32595,66992,125958,225269,400405,833907,1722761,3089974,5834901,13321667,33024427,76350880,150827183,214869560,248407278,249731482,222765796,179604120,129431320,81722841,47611016,25604917,12985545,6368122,2976391,1388448,797287,500331,332296,228762,161736,117362,87316,66521,51812"
un_eastern_and_south_eastern_asia,2095,"0,0,0,0,0,0,0,0,0,0,0,0,12,4903,14052,32799,68362,130491,238614,430729,906765,1855564,3241734,5870069,13053014,32306049,75050901,148801757,212848810,246927762,248496953,221540411,178416259,128554272,81263634,47304151,25444526,12897757,6317547,2954906,1397015,819816,518665,346891,240248,170787,124515,93008,71083,55494"
un_eastern_and_south_eastern_asia,2096,"0,0,0,0,0,0,0,0,0,0,0,0,10,4834,13688,30933,64020,122070,224032,402668,836372,1745809,3089631,5532253,12091330,29856666,69712310,141259842,207736862,244004326,248429856,223163963,181234620,131470657,83454441,48530737,26218866,13312012,6552880,3089766,1439873,814804,512422,340818,234866,166202,120694,89848,68483,53349"
un_eastern_and_south_eastern_asia,2097,"0,0,0,0,0,0,0,0,0,0,0,0,10,4769,13378,29302,60106,115054,213001,384229,785236,1664207,3004738,5436742,11928109,29558010,69044700,139639991,205518897,241864166,246474840,221666487,180276785,130927041,83294510,48406878,26139626,13277657,6531171,3077682,1445241,837053,530855,355946,246738,175520,128029,95669,73136,57103"
un_eastern_and_south_eastern_asia,2098,"0,0,0,0,0,0,0,0,0,0,0,0,9,4699,13119,27829,56421,108336,202565,367751,739116,1584241,2907262,5269223,11510740,28618523,67466298,137300149,203193469,240294432,245660399,220896706,179522477,130393430,83084369,48353408,26153110,13297908,6545789,3084668,1449884,840378,532969,357205,247782,176358,128710,96219,73578,57476"
un_eastern_and_south_eastern_asia,2099,"0,0,0,0,0,0,0,0,0,0,0,0,9,3885,11913,25640,52897,102760,193818,351847,694847,1504362,2787999,4988926,10708480,26510701,62665332,129606843,197187459,236298164,244419608,222039943,182259986,133685880,86154859,50307083,27358532,13921972,6864932,3242632,1509914,858022,541781,362617,251212,178580,130168,97203,74275,57967"
un_eastern_and_south_eastern_asia,2100,"0,0,0,0,0,0,0,0,0,0,0,0,7,3830,11735,24542,50182,98018,187596,345122,674610,1475470,2778086,4956626,10496005,25946810,61762488,128179744,195394609,234553172,242979500,220634649,181070614,132904733,85654422,50023582,27203074,13857833,6845146,3240140,1513384,862269,545672,365901,253880,180710,131888,98578,75387,58872"
un_europe_and_northern_america,1800,"0,0,0,0,238,2097,11571,55183,201971,531381,1051875,1956170,3610063,6033974,8772670,12151205,16649824,21900950,25227779,25795884,23414326,18878398,13506560,8911413,5443016,3149634,1785882,987968,512796,253119,127464,67006,36141,19629,10738,5962,3300,1795,954,477,264,149,71,40,30,30,11,0,0,0"
un_europe_and_northern_america,1801,"0,0,0,0,238,2097,11562,55024,201545,530468,1050094,1950718,3601462,6033740,8815177,12324755,17126126,22522896,25849404,26131820,23359833,18588442,13204723,8689653,5287636,3062155,1738050,960899,497870,246921,125263,66152,35766,19461,10666,5929,3270,1778,945,474,268,151,73,40,30,30,11,0,0,0"
un_europe_and_northern_america,1802,"0,0,0,0,237,2093,11551,54960,201227,529617,1050971,1957201,3613057,6046799,8849303,12366152,17149156,22513613,25847532,26196281,23482180,18742232,13356263,8829170,5401095,3136964,1782885,990706,517498,258459,131278,69230,37351,20235,11066,6148,3384,1839,980,494,276,157,77,40,30,30,11,0,0,0"
un_europe_and_northern_america,1803,"0,0,0,0,237,2093,11552,54971,201269,529939,1053833,1974539,3656802,6110413,8900568,12326043,16798853,22031406,25358884,26048230,23886519,19422600,13946732,9176095,5597717,3232129,1835951,1017570,524752,257677,130330,68718,37218,20297,11129,6189,3431,1881,1004,505,277,158,74,40,30,30,11,0,0,0"
un_europe_and_northern_america,1804,"0,0,0,0,237,2093,11551,54835,200929,529510,1055504,1978338,3661405,6102603,8864223,12190884,16408249,21352740,24669099,25539348,24154843,20262507,14880265,9793754,6000623,3447092,1951790,1080547,556370,273064,138300,72701,39335,21549,11833,6538,3645,2018,1089,553,294,162,76,40,30,30,11,0,0,0"
un_europe_and_northern_america,1805,"0,0,0,0,174,1750,9840,48255,183025,501810,1028215,1934817,3589364,6022368,8867110,12247742,16644865,21834365,25243819,26065942,24339375,20108116,14625130,9634752,5916078,3413746,1940403,1074672,558324,277469,141013,74289,40257,21942,11977,6615,3680,2029,1090,553,296,166,79,40,30,30,11,0,0,0"
un_europe_and_northern_america,1806,"0,0,0,0,174,1750,9841,48261,183072,502459,1032606,1940885,3584089,5996799,8857969,12231259,16658845,21945522,25444025,26363808,24553756,20229981,14677561,9684781,5945634,3438876,1957752,1086159,563324,278610,141740,74789,40527,22142,12129,6714,3729,2053,1098,555,300,169,82,42,30,30,11,0,0,0"
un_europe_and_northern_america,1807,"0,0,0,0,174,1750,9841,48148,182788,502579,1037184,1954773,3609902,6043754,8943840,12348087,16825918,22148735,25617019,26531069,24631051,20234410,14664471,9700243,5958481,3445027,1955998,1083841,568286,285159,145327,76609,41486,22594,12305,6792,3755,2061,1101,553,302,168,84,43,30,30,11,0,0,0"
un_europe_and_northern_america,1808,"0,0,0,0,174,1750,9843,48167,182982,504270,1045801,1975399,3639529,6068336,8939138,12246110,16494349,21583114,25144871,26323238,25090191,21110215,15453138,10085631,6147043,3510481,1966031,1083001,557669,273106,138048,72550,39302,21631,11875,6528,3614,1998,1069,544,285,158,71,40,30,30,11,0,0,0"
un_europe_and_northern_america,1809,"0,0,0,0,174,1750,9845,48171,183117,505844,1054392,2005629,3714276,6217242,9142412,12518634,16772407,21740743,25170010,26300544,25069627,21088440,15431431,10092512,6146167,3505099,1967888,1089259,565843,280194,142630,75432,41049,22612,12405,6816,3769,2085,1131,576,306,172,79,41,30,30,11,0,0,0"
un_europe_and_northern_america,1810,"0,0,0,0,174,1744,9821,48057,182740,506546,1061919,2032908,3773276,6343412,9353709,12784826,17043271,22010307,25322392,26451197,25074918,21002661,15365641,10128610,6201170,3554184,1997731,1108747,583796,293074,149228,78795,42760,23361,12696,6961,3834,2100,1134,575,313,174,83,44,30,30,11,0,0,0"
un_europe_and_northern_america,1811,"0,0,0,0,174,1745,9821,47966,182402,506058,1063471,2047724,3816876,6447981,9539948,13069452,17489490,22619272,25927187,26922352,25111461,20722668,15001207,9907225,6052946,3487739,1967037,1093761,576595,288891,147275,78143,42418,23091,12533,6881,3777,2068,1115,563,314,179,85,46,30,30,11,0,0,0"
un_europe_and_northern_america,1812,"0,0,0,0,174,1745,9822,47972,182747,510762,1079304,2068801,3826504,6475476,9599134,13219024,17956014,23327828,26750199,27557283,25263346,20509717,14688780,9673978,5868190,3383974,1907000,1058222,548472,270754,138185,73591,40046,21958,12066,6672,3652,1982,1065,538,305,173,85,45,30,30,11,0,0,0"
un_europe_and_northern_america,1813,"0,0,0,0,174,1745,9822,47896,182317,507574,1067583,2039944,3776700,6380588,9457522,12989040,17518817,22844932,26359983,27437138,25781770,21422321,15594456,10311937,6326854,3661547,2073742,1151091,599018,296655,150895,79751,43322,23646,12833,7043,3889,2125,1153,586,315,180,82,47,30,30,11,0,0,0"
un_europe_and_northern_america,1814,"0,0,0,0,123,1454,8357,42051,165569,476456,1023052,1964225,3666899,6206596,9268434,12781324,17217682,22456912,26163302,27485186,26330675,22348140,16523782,10928523,6713608,3867457,2185030,1214644,631955,312514,159451,84406,45838,25159,13763,7537,4152,2285,1249,638,340,191,90,49,30,30,11,0,0,0"
un_europe_and_northern_america,1815,"0,0,0,0,123,1449,8339,41896,164725,473194,1012093,1935829,3612449,6115951,9172678,12739311,17380950,22934601,26821586,28272217,26700121,22341197,16418427,10947165,6761358,3919700,2214701,1233480,655731,332502,169517,89223,48048,25965,13990,7643,4183,2277,1223,613,335,188,88,48,31,30,11,0,0,0"
un_europe_and_northern_america,1816,"0,0,0,0,123,1449,8340,41850,164513,472770,1011603,1934748,3613334,6144210,9273642,13059599,18236740,24206064,28231053,29186245,26706657,21743072,15718147,10466836,6418634,3740995,2118773,1176181,608147,298939,151477,79966,43131,23430,12791,7049,3852,2081,1113,557,313,177,84,46,31,30,11,0,0,0"
un_europe_and_northern_america,1817,"0,0,0,0,123,1449,8342,41860,164577,473080,1012770,1940120,3637551,6217481,9430485,13476112,19018516,25058785,28935057,29375874,26532647,21440523,15536001,10378567,6392627,3741921,2120341,1174690,604765,296729,150181,79068,42501,23069,12608,6939,3781,2029,1078,551,309,172,85,46,31,30,11,0,0,0"
un_europe_and_northern_america,1818,"0,0,0,0,123,1449,8344,41827,164328,471494,1004759,1917711,3590282,6109978,9208393,12984356,18154782,24255903,28476580,29782525,27659572,22787024,16602981,11087754,6810990,3959056,2237354,1241031,640233,313819,158593,83484,44895,24391,13321,7338,3996,2156,1151,586,322,183,87,48,31,30,11,0,0,0"
un_europe_and_northern_america,1819,"0,0,0,0,123,1447,8343,41828,164290,470630,995541,1892246,3546269,6026461,9040755,12774650,17920793,24089339,28487507,30073147,28259190,23526895,17268692,11548507,7108159,4127228,2329688,1289850,663247,323832,162845,85326,45711,24882,13683,7539,4110,2217,1191,603,328,190,90,48,32,30,11,0,0,0"
un_europe_and_northern_america,1820,"0,0,0,0,123,1452,8371,41982,164897,471953,993203,1873661,3499649,5940979,8876524,12487140,17405510,23457415,28044587,30102501,28920608,24557351,18279006,12283617,7613379,4411858,2485537,1378863,718959,353343,175982,91333,48573,26201,14256,7828,4274,2314,1250,644,349,198,95,49,32,30,11,0,0,0"
un_europe_and_northern_america,1821,"0,0,0,0,122,1458,8406,42128,165251,472718,993777,1871206,3495996,5941855,8874254,12427452,17165171,22992595,27617669,29894749,29348555,25422929,19204572,12921122,8024914,4637575,2603605,1445320,756672,372837,185790,96506,51441,27851,15164,8307,4544,2474,1343,695,369,209,100,51,33,30,11,0,0,0"
un_europe_and_northern_america,1822,"0,0,0,0,125,1478,8496,42466,166320,475280,995829,1870666,3496751,5960351,8933508,12585575,17532572,23649524,28327364,30435267,29476472,25314857,19018129,12830936,7979629,4644403,2622360,1459973,764850,376934,188809,98297,52353,28322,15421,8435,4584,2486,1342,695,375,213,103,51,35,30,11,0,0,0"
un_europe_and_northern_america,1823,"0,0,0,0,86,1241,7331,37251,150598,448099,968254,1838078,3461284,5926979,8905042,12549975,17459305,23529961,28245807,30408914,29704731,25824457,19657832,13341879,8329252,4853717,2741441,1526577,806648,401474,201805,105107,55968,30231,16423,8989,4886,2632,1414,730,382,221,106,52,36,30,11,0,0,0"
un_europe_and_northern_america,1824,"0,0,0,0,87,1247,7375,37445,151258,452117,980324,1861936,3497401,5971214,8951374,12597117,17439881,23370607,27963449,30196250,29730349,26135031,20236612,13938822,8782954,5143236,2907498,1623926,875959,447133,225939,117614,62673,33811,18287,9924,5313,2816,1496,775,396,227,106,54,35,30,11,0,0,0"
un_europe_and_northern_america,1825,"0,0,0,0,87,1258,7436,37757,152324,455275,987611,1882543,3568736,6152776,9248200,12982811,18019090,23970226,28337411,30320576,29533843,25826129,20092505,13961909,8859907,5215409,2956370,1652391,889745,453577,228613,119174,63647,34180,18295,9815,5184,2723,1446,751,397,228,107,55,41,31,12,0,0,0"
un_europe_and_northern_america,1826,"0,0,0,0,87,1264,7484,38051,153405,456284,984222,1862092,3507496,6034017,9084940,12765020,17860638,24082151,28755293,30878113,30032655,26262117,20466735,14240025,9052488,5350237,3043165,1694222,894147,441141,219892,114330,60672,32534,17453,9304,4857,2515,1345,719,397,238,115,56,42,32,13,0,0,0"
un_europe_and_northern_america,1827,"0,0,0,0,90,1275,7557,38426,154725,459193,986155,1859173,3509426,6071711,9160720,12904621,18143170,24503148,29214258,31274002,30203970,26320914,20492799,14296820,9130718,5405606,3078493,1718520,920637,466207,235194,122369,64702,34304,18117,9608,5023,2636,1413,755,414,244,122,55,43,33,13,0,0,0"
un_europe_and_northern_america,1828,"0,0,0,0,90,1287,7618,38552,154244,458037,984331,1856434,3510257,6099368,9236326,13051229,18393368,24895828,29705744,31708862,30423494,26400250,20520352,14346004,9188317,5468681,3137397,1761555,942419,474305,239022,124319,65767,34895,18443,9778,5126,2680,1437,768,426,249,124,56,43,33,13,0,0,0"
un_europe_and_northern_america,1829,"0,0,0,6,101,1315,7715,38920,155484,461451,991602,1867000,3519626,6104596,9253660,13065184,18352364,24823627,29716997,31935690,30875470,26909227,21000217,14684473,9390305,5587407,3200315,1801828,968120,487695,244873,126884,66997,35695,19058,10182,5382,2826,1503,800,446,262,138,60,44,34,13,0,0,0"
un_europe_and_northern_america,1830,"0,0,0,5,100,1327,7763,39140,156423,464156,997372,1878117,3539249,6141416,9329324,13200338,18598018,25168646,30101123,32279331,31043851,26992045,21058350,14789986,9523999,5695324,3276094,1841604,992830,507360,256737,132934,70116,37107,19508,10316,5402,2818,1487,789,432,247,121,59,44,34,13,0,0,0"
un_europe_and_northern_america,1831,"0,0,0,5,102,1345,7862,39538,157523,466672,1000192,1879538,3549888,6217602,9502336,13384711,18731902,25232387,30157283,32296251,31112593,27214279,21368800,15070562,9767433,5890104,3431005,1938967,1046674,536644,272058,139740,72559,37479,19152,9934,5164,2704,1434,756,415,242,116,65,43,36,16,0,0,0"
un_europe_and_northern_america,1832,"0,0,0,5,81,1165,6913,34719,142515,439003,974942,1865233,3559598,6265907,9606328,13483313,18636282,24937174,29789126,31977106,31230099,27665511,22042856,15730876,10292445,6235534,3654202,2073581,1129053,578618,291371,148623,76542,39272,19930,10243,5291,2739,1456,762,414,242,120,67,46,36,16,0,0,0"
un_europe_and_northern_america,1833,"0,0,0,5,95,1204,7045,35259,144474,445302,990713,1897057,3611144,6335041,9704412,13605513,18746639,24989727,29841824,32083944,31421959,27911466,22343387,16006980,10506312,6390452,3762566,2146044,1172829,600160,301708,153756,78642,39931,20080,10205,5221,2663,1392,720,385,224,106,51,40,36,16,0,0,0"
un_europe_and_northern_america,1834,"0,0,0,5,72,1144,7382,37088,149448,457810,1020157,1957083,3706216,6455852,9832814,13710544,18774232,24896743,29711848,32074999,31695431,28355930,22819971,16384221,10747530,6526502,3810216,2159249,1181446,612246,307965,156056,79917,40768,20600,10555,5414,2763,1464,752,408,235,116,60,41,36,16,0,0,0"
un_europe_and_northern_america,1835,"0,0,0,5,72,1154,7485,37549,151067,462443,1031324,1985674,3770684,6578770,10028675,13977856,18989377,24896985,29521106,31786224,31459029,28321876,23075443,16829870,11217751,6911862,4093541,2344468,1294920,674547,339776,171466,87613,44703,22538,11472,5878,2993,1546,787,420,244,124,61,40,36,16,0,0,0"
un_europe_and_northern_america,1836,"0,0,0,5,74,1167,7554,37883,152199,465380,1036585,2005006,3832327,6719029,10267622,14292767,19387245,25290173,29817316,31896859,31313437,28122962,22980741,16889599,11394690,7108587,4258997,2460760,1375023,723826,369752,188950,97421,50063,25407,12974,6677,3398,1714,815,425,245,127,58,40,37,17,0,0,0"
un_europe_and_northern_america,1837,"0,0,0,5,75,1165,7336,37425,150419,460404,1025683,1994566,3841257,6771292,10380339,14480341,19631498,25553914,30088746,32161866,31597507,28355837,23152811,17013774,11473403,7175628,4306584,2493280,1399676,743367,380804,195132,101212,52392,26816,13841,7181,3676,1847,865,447,259,134,64,43,37,17,0,0,0"
un_europe_and_northern_america,1838,"0,0,0,5,75,1173,7389,37670,151416,464020,1036941,2026780,3914389,6896225,10541685,14653888,19790492,25732431,30317850,32317227,31679467,28414021,23254434,17224135,11710078,7366674,4447634,2579610,1448013,769993,396396,203345,105605,54840,28102,14432,7448,3780,1872,865,452,264,134,66,44,37,17,0,0,0"
un_europe_and_northern_america,1839,"0,0,0,5,73,1178,7376,37737,151680,464243,1033767,2012755,3876753,6860503,10538427,14615966,19715327,25808240,30752430,33040995,32315547,28811219,23441697,17311703,11758563,7389799,4465326,2596497,1456909,771403,396684,204316,106024,54929,28224,14528,7490,3781,1862,841,439,259,129,63,40,38,19,1,0,0"
un_europe_and_northern_america,1840,"0,0,0,5,74,1197,7690,38728,154614,473264,1058490,2066076,3966693,6994721,10743055,14868959,19927194,25887702,30716007,32942825,32324657,28956558,23648812,17592222,12026911,7579472,4575567,2675441,1516976,817828,426376,220793,115118,59889,30816,15882,8212,4188,2094,961,507,298,152,71,44,38,19,1,0,0"
un_europe_and_northern_america,1841,"0,0,0,5,53,991,6271,32033,135008,432002,995571,1965340,3829978,6865315,10681706,14940003,20072532,25975447,30729510,32937607,32572961,29428807,24208862,18061532,12350212,7780285,4683968,2740858,1564179,853273,447949,233656,122392,63815,32986,17150,8920,4584,2305,1083,560,328,168,79,43,39,20,1,0,0"
un_europe_and_northern_america,1842,"0,0,0,5,53,1001,6322,32247,134898,432184,1001717,2001508,3959720,7178626,11236452,15755832,21117045,27026633,31460091,33209207,32317752,28921139,23545010,17465283,11944048,7571282,4583026,2701560,1565336,875337,470534,251569,135152,72137,38180,20234,10612,5492,2740,1218,559,322,162,79,45,39,20,1,0,0"
un_europe_and_northern_america,1843,"0,0,0,4,52,1003,6352,32384,135460,433558,1002729,1997912,3956301,7201032,11330680,15912343,21309417,27349161,31773950,33268187,32111575,28781554,23560976,17649925,12236306,7855433,4818336,2855424,1656209,931810,508141,273527,147561,79108,41987,22312,11805,6156,3065,1359,567,314,157,74,45,39,21,1,0,0"
un_europe_and_northern_america,1844,"0,0,0,5,53,1025,6459,32823,136859,437029,1007050,1994816,3946006,7201239,11361633,15945302,21274069,27187307,31552491,32988954,31848348,28757499,23919119,18219513,12865894,8404970,5232028,3124817,1825538,1027332,562983,304023,163663,87366,46219,24473,12967,6790,3387,1481,566,310,151,72,42,40,21,1,0,0"
un_europe_and_northern_america,1845,"0,0,0,5,55,1033,6521,33108,137978,440506,1014458,2012283,3986544,7277717,11469913,16094542,21421202,27317215,31644980,33050303,31919705,28955311,24192037,18521218,13146642,8600296,5334466,3167289,1838222,1024260,556415,297813,159122,84529,44599,23567,12485,6506,3201,1373,520,294,143,68,44,40,21,2,0,0"
un_europe_and_northern_america,1846,"0,0,0,5,55,1041,6587,33425,139289,444910,1024866,2036958,4033928,7348802,11562496,16298097,21712945,27687977,32011786,33326036,32030015,28991460,24213605,18576047,13227308,8676794,5403486,3216413,1868040,1038920,565167,303091,162159,86211,45432,23945,12654,6603,3244,1393,536,298,150,67,46,40,21,2,0,0"
un_europe_and_northern_america,1847,"0,0,0,4,55,1044,6615,33568,138761,441768,1012018,1994594,3929705,7210181,11445521,16211272,21658700,27628054,32116200,33511723,32338835,29389029,24659988,18965341,13554249,8933338,5618720,3359359,1949211,1089103,597138,322386,173296,92527,48978,25976,13829,7253,3631,1612,633,319,177,92,47,40,25,3,0,0"
un_europe_and_northern_america,1848,"0,0,0,4,56,1052,6676,33874,139891,445493,1023582,2031412,4017792,7350487,11640747,16441732,21797034,27522013,31841139,33331965,32466367,29764737,25140775,19395658,13883114,9139804,5716450,3399813,1974450,1099785,597940,320350,171135,90994,48043,25401,13495,7111,3565,1591,647,355,201,102,51,40,25,3,0,0"
un_europe_and_northern_america,1849,"0,0,0,5,56,1063,6736,34178,140434,445703,1025324,2040569,4036592,7355555,11636222,16417561,21690698,27268445,31574366,33255174,32748008,30303419,25788263,19971398,14308929,9438238,5893220,3496678,2023543,1126795,612961,327469,174656,92777,48915,25834,13745,7233,3637,1630,656,352,205,106,52,40,25,3,0,0"
un_europe_and_northern_america,1850,"0,0,0,5,38,886,5836,29910,127140,418120,990336,1978282,3918779,7199753,11458055,16283767,21652850,27348189,31843587,33748280,33312934,30811180,26207847,20280572,14518304,9573971,5993700,3569145,2072268,1153666,626607,335127,178605,94692,49888,26371,14056,7403,3728,1683,683,366,220,114,56,44,25,3,0,0"
un_europe_and_northern_america,1851,"0,0,0,4,38,884,5849,29968,127231,415663,976061,1924585,3799412,7023094,11246090,16039984,21530003,27350909,31995213,34079069,33712435,31188015,26636398,20745471,14947534,9900287,6222463,3707822,2156419,1202406,653590,349058,185638,98558,52217,27747,14757,7787,3922,1780,717,385,224,114,56,45,26,3,0,0"
un_europe_and_northern_america,1852,"0,0,0,6,93,1052,6224,30794,128545,417683,977438,1912270,3733152,6881365,11043056,15776726,21144374,26853669,31624465,34013508,34074451,31809112,27331354,21486581,15618234,10424421,6591539,3952223,2297511,1286436,704379,379840,203095,107882,57091,30414,16293,8642,4408,2018,829,403,237,123,60,46,26,3,0,0"
un_europe_and_northern_america,1853,"0,0,0,13,162,1239,6632,31910,132024,425346,987480,1918435,3752661,6938296,11157449,15934382,21397886,27106070,31784648,34092198,34012163,31666116,27381292,21780288,16009538,10839415,6814884,4100047,2372005,1335085,733199,394105,211149,112883,59607,31499,16773,8885,4525,2070,851,452,268,145,65,47,27,3,0,0"
un_europe_and_northern_america,1854,"0,0,0,13,163,1254,6693,32214,133283,429287,998015,1943206,3799328,7005151,11219544,15956205,21307583,26743434,31230522,33604344,33901833,31943736,27993503,22548649,16724718,11434354,7242444,4374408,2530913,1426278,785281,422287,225670,120528,63657,33611,17888,9494,4868,2264,943,471,277,154,65,47,27,3,0,0"
un_europe_and_northern_america,1855,"0,0,0,14,215,1409,7049,33432,137971,442811,1026512,1977152,3811330,7004729,11249322,15984274,21351630,26937322,31624677,34291758,34636190,32533998,28272371,22580848,16633818,11307969,7152437,4319871,2512267,1416895,779080,419766,224982,120134,63492,33674,18050,9619,4938,2292,968,499,290,164,71,40,30,4,0,0"
un_europe_and_northern_america,1856,"0,0,0,17,278,1581,7435,34279,139678,446101,1035092,2001688,3865333,7096682,11367914,16054704,21247957,26326228,30623628,33335946,34352820,33044677,29294570,23767984,17628968,12028880,7589579,4572306,2629489,1472989,804636,428270,226689,119962,62764,32919,17501,9314,4818,2281,1016,513,305,178,79,40,30,4,0,0"
un_europe_and_northern_america,1857,"0,0,0,18,280,1598,7565,34995,141768,450143,1039241,1997528,3829129,6993797,11157752,15708041,20794430,25785022,30260522,33463803,35067394,34046673,30252878,24544027,18169192,12348995,7789359,4682057,2689306,1497438,814193,431368,227020,119218,61990,32436,17243,9193,4782,2303,1074,534,319,186,82,40,30,4,0,0"
un_europe_and_northern_america,1858,"0,0,0,26,411,1968,8860,38761,151620,475454,1097223,2098781,3931980,6997960,11000303,15344103,20213519,25004490,29509623,33131697,35260423,34989313,31540914,25777386,19086625,12903659,8038219,4799336,2742885,1510054,803405,416476,214916,110683,56415,28896,15074,7894,4049,1986,1037,564,329,194,77,40,29,4,0,0"
un_europe_and_northern_america,1859,"0,0,0,31,461,2003,8475,35600,140382,451183,1075742,2082930,3884579,6913415,11000461,15534579,20557340,25497382,30004057,33469577,35527480,35103336,31645992,25946022,19263299,13070201,8132340,4869544,2774016,1523846,811255,419724,215583,111124,56488,28646,14821,7724,3949,1928,986,535,309,189,70,30,24,4,0,0"
un_europe_and_northern_america,1860,"0,0,0,30,464,2015,8530,36005,142575,458095,1090984,2097603,3847515,6761774,10754058,15255544,20253147,25165401,29566361,33151339,35366637,35283661,32270115,26855439,20264613,13982391,8749181,5254701,2998317,1650264,881312,456072,234216,120622,61186,30851,15841,8164,4100,1952,955,493,286,175,62,20,17,4,0,0"
un_europe_and_northern_america,1861,"0,0,0,32,467,2038,10388,43358,162212,507196,1211326,2316706,4095456,6914902,10845583,15352032,20395244,25490922,30209543,33930059,36229733,36022571,32619786,26801186,19886870,13502237,8385014,5004308,2834582,1548059,819358,421451,214692,109433,54819,27337,13884,7081,3490,1607,762,390,221,139,38,0,0,0,0,0"
un_europe_and_northern_america,1862,"0,0,0,13,213,1416,11911,51295,185033,567565,1357866,2580802,4436813,7276299,11107896,15443845,20293116,25172574,29669839,33437852,35904539,36108502,33076288,27407611,20559255,14054659,8724492,5189892,2939216,1609408,855865,442008,227730,117499,59615,30098,15462,7922,3914,1799,837,411,231,141,42,0,0,0,0,0"
un_europe_and_northern_america,1863,"0,0,0,4,95,1264,12237,53453,190151,578534,1380237,2626907,4473184,7245328,10958700,15155508,19847734,24676886,28930910,32599509,35176130,35872073,33688318,28646847,22048726,15364986,9629851,5747110,3268215,1781611,940983,485205,248036,127496,65136,32899,16665,8376,4092,1847,816,368,207,151,53,0,0,0,0,0"
un_europe_and_northern_america,1864,"0,0,0,3,36,1344,15079,63582,215583,641561,1525632,2898131,4863375,7695562,11349365,15383923,19878103,24545693,28708392,32358303,34941346,35649410,33625602,28885682,22512283,15850216,10005009,6012226,3423876,1851170,968295,497080,252746,129058,65740,33121,16687,8373,4117,1890,859,393,218,161,59,6,0,0,0,0"
un_europe_and_northern_america,1865,"0,0,0,3,24,1314,15256,64294,218977,656559,1571550,2990614,5023446,7902634,11569524,15487244,19853743,24480724,28779276,32659763,35504165,36399390,34256804,29198619,22491066,15756500,9918017,5930749,3359333,1825325,967152,501774,256269,132560,68152,34462,17443,8831,4361,2001,887,414,239,155,51,10,0,0,0,0"
un_europe_and_northern_america,1866,"0,0,0,4,25,1328,15386,64783,219890,657767,1576942,3018720,5076113,7961951,11614407,15553073,19940692,24599507,29010149,33007227,35961826,36810690,34586669,29492353,22700257,15902888,10003722,5985322,3386890,1834733,970607,502221,255161,131540,67627,34205,17301,8734,4300,1959,903,418,233,144,53,3,0,0,0,0"
un_europe_and_northern_america,1867,"0,0,1,14,46,1417,16232,67582,225796,664570,1576782,3004081,5038167,7941445,11634464,15573543,19969708,24724407,29294766,33374022,36365355,37229196,35030980,29881479,23014876,16081085,10094511,6038382,3415323,1846152,966866,498587,253905,130071,66338,33496,16953,8543,4192,1915,861,393,214,138,54,3,0,0,0,0"
un_europe_and_northern_america,1868,"0,0,0,9,110,1678,16641,66848,220341,648282,1556731,2987734,5040908,8011555,11807039,15780743,20180242,24658281,28721281,32374484,35198356,36674882,35350811,30910727,24277096,17213496,10964993,6588922,3756344,2037316,1068048,552133,280630,143026,72753,36587,18387,9203,4509,2054,911,400,212,127,55,5,0,0,0,0"
un_europe_and_northern_america,1869,"0,0,0,1,178,2056,17804,70062,228405,667076,1595489,3048394,5116039,8062873,11815689,15752696,20087559,24546528,28594614,32343616,35203443,36773004,35631539,31389789,24927443,17856955,11454374,6907063,3953646,2139154,1113953,570275,289369,147720,75154,37836,19027,9539,4700,2168,970,435,228,143,60,10,5,0,0,0"
un_europe_and_northern_america,1870,"0,0,0,1,181,2075,17940,70611,229951,670085,1597346,3037112,5080868,8002589,11752036,15686604,20027630,24702696,29107210,33202954,36327449,37733264,36220022,31527487,24759839,17634585,11271737,6803685,3883484,2114276,1112101,578406,295350,151139,76979,38712,19465,9775,4841,2254,970,443,231,136,55,8,0,0,0,0"
un_europe_and_northern_america,1871,"0,0,0,1,196,1935,16477,67605,222493,646310,1534583,2933774,4964434,7875737,11627864,15537857,19885730,24743783,29295435,33542788,36693044,38031627,36433704,31850866,25320665,18238488,11757183,7139197,4101001,2228528,1166494,600860,304827,155559,79230,39881,20029,10076,4996,2350,1036,470,238,144,65,10,6,0,0,0"
un_europe_and_northern_america,1872,"0,14,71,141,397,2194,16782,67887,222776,645687,1528702,2920106,4925071,7773121,11437552,15277295,19534392,24165958,28637935,33076967,36571477,38542912,37638811,33410319,26560309,19051324,12259879,7369377,4210185,2273071,1183609,605364,307239,156896,79919,40449,20419,10209,4964,2267,1012,439,213,127,63,10,7,0,0,0"
un_europe_and_northern_america,1873,"6,45,161,302,567,2381,16940,67884,222401,644643,1525342,2906126,4870203,7626433,11222710,15102956,19468197,24212808,28953023,33526472,37149445,38982652,37875989,33774981,26963484,19419576,12625374,7636032,4373656,2362921,1235775,637362,325485,166979,85294,43102,21674,10797,5246,2448,1116,510,251,147,80,10,8,0,0,0"
un_europe_and_northern_america,1874,"12,55,245,476,803,2703,17412,68602,223259,645600,1526652,2898426,4843700,7582901,11169468,15026650,19318125,23981277,28477546,32805103,36535423,38949209,38565895,35225400,28468062,20486573,13262767,7939300,4545057,2461769,1280751,659094,338042,172791,87300,43835,22015,10982,5330,2499,1103,488,231,138,75,10,7,0,0,0"
un_europe_and_northern_america,1875,"17,65,310,636,1043,3018,17806,69135,223118,640928,1512319,2874250,4798912,7511443,11124332,15124924,19654518,24578929,29402296,33980344,37531721,39058542,38049030,34583595,27991500,20413874,13488714,8233661,4760656,2616056,1415088,762750,407649,216827,113953,59582,31233,16278,8271,4054,1779,619,236,128,64,10,8,0,0,0"
un_europe_and_northern_america,1876,"25,113,433,824,1298,3177,17336,65713,210692,610095,1474472,2845587,4765299,7470423,11109355,15218589,19787899,24717908,29700194,34457024,38247332,39840859,38754279,35075343,28216674,20511733,13504618,8179128,4695255,2567567,1376480,731610,386367,203440,105571,54433,28205,14617,7406,3614,1591,560,267,150,80,24,19,10,6,0"
un_europe_and_northern_america,1877,"29,113,503,1002,1512,3396,17460,66286,212568,614146,1484067,2857586,4759848,7379619,10865039,14762468,19054444,23708034,28847961,34408398,39301198,41493609,40313384,36274668,29067344,20997867,13766974,8301347,4711509,2546932,1359385,720848,379479,199547,103597,53602,28002,14649,7506,3781,1718,631,284,158,87,25,19,10,7,0"
un_europe_and_northern_america,1878,"35,145,571,1148,1744,3710,17857,66547,212516,612746,1478770,2846178,4744787,7332608,10712539,14500083,18732356,23351824,28645441,34535808,39884331,42390707,41158037,37057481,29694288,21454154,14094686,8498831,4845946,2631307,1402655,742798,392315,206718,107213,55139,28565,14800,7516,3765,1728,659,315,183,93,32,20,12,8,0"
un_europe_and_northern_america,1879,"40,203,582,1191,1969,3829,16765,63507,204597,591607,1429512,2766016,4656768,7241057,10616258,14328177,18481345,23248264,28777793,35253248,41122067,43536765,41643947,36888043,29479464,21546508,14426048,8835471,5117539,2815480,1513358,805993,420183,219457,114735,58752,30061,15354,7706,3874,1879,843,450,258,141,53,24,10,8,0"
un_europe_and_northern_america,1880,"47,177,517,1193,2103,3872,16430,62439,201792,584270,1417866,2751441,4615132,7097073,10319225,13830778,17819127,22356542,27844941,34655868,41230689,43920297,41915914,37312205,30586323,23066800,15824813,9967874,5839918,3254037,1748065,920202,473206,241499,125125,64143,32944,16971,8621,4374,2296,1128,610,346,194,65,28,12,5,0"
un_europe_and_northern_america,1881,"52,182,530,1289,2251,3659,15234,59089,193627,567405,1393899,2738908,4650908,7180496,10413888,13926768,17917886,22434297,27536462,33674484,39907167,43427708,42568848,38640452,32003600,24250320,16692776,10508875,6153697,3431341,1827946,947920,479735,238622,119271,58571,28933,14481,7201,3692,2073,1193,687,384,210,79,20,3,0,0"
un_europe_and_northern_america,1882,"54,179,524,1352,2398,3837,15609,60508,197564,577010,1416117,2777938,4679825,7143781,10271333,13625916,17511464,22077841,27396317,33628341,40055376,43749251,43200357,39424894,32802990,24910335,17286881,10939595,6495512,3669171,1960802,1020532,525376,263099,130882,63885,31405,15964,8317,4503,2570,1441,778,397,213,80,12,0,0,0"
un_europe_and_northern_america,1883,"54,188,568,1479,2626,4149,15976,60919,196491,571196,1400807,2752242,4658978,7153050,10329593,13708864,17591677,22077492,27259771,33285409,39672794,43713570,43599761,40368362,33880321,25765042,17902582,11305509,6708478,3787232,2017632,1048058,539891,270092,133829,65062,31931,16233,8456,4569,2589,1438,770,390,208,82,12,0,0,0"
un_europe_and_northern_america,1884,"53,199,608,1592,2820,4417,16302,61242,196358,568748,1395367,2759762,4720697,7296810,10526896,13960279,17841420,22217550,27268179,33189524,39590075,43903567,44031297,40909632,34421186,26229428,18277178,11582018,6871303,3870055,2060825,1069455,548162,273628,135302,65542,32067,16222,8429,4461,2486,1368,723,368,200,78,17,1,0,0"
un_europe_and_northern_america,1885,"58,236,723,1804,3123,4630,16067,58560,185081,535890,1340119,2683234,4595898,7117697,10370575,13875545,17866808,22321251,27428479,33490665,40143741,44727836,44984965,41922453,35234716,26637333,18340753,11511930,6746255,3768521,1998258,1037393,529281,265178,132211,64179,31382,15758,8065,4159,2303,1263,689,357,196,77,17,3,0,0"
un_europe_and_northern_america,1886,"52,208,709,1901,3350,4952,16980,57118,173746,504333,1304653,2679093,4580062,7094697,10301695,13880376,17872688,22172176,27249455,33483772,40490179,45489357,45780676,42561475,35755777,27064684,18701707,11786869,6952397,3900001,2074588,1082325,556611,279614,138798,66963,32708,16643,8802,4718,2683,1489,815,439,242,109,33,13,6,0"
un_europe_and_northern_america,1887,"57,225,729,1981,3531,5068,12179,47464,158174,461390,1140297,2294806,4071075,6516193,9790326,13279514,17111456,22066898,27691057,34248495,41355000,46235600,46444166,43185982,36537909,27785700,19391618,12338114,7350969,4165979,2224567,1169244,612708,311029,154903,74880,36345,18432,9832,5351,3053,1717,938,505,291,137,53,30,12,0"
un_europe_and_northern_america,1888,"53,228,781,2160,3810,5086,11197,38505,115327,338298,929667,2106543,3865700,6248929,9453330,13195885,17404463,22254284,27714678,34219399,41431370,46642815,47190891,44084537,37658501,28774941,19997973,12672790,7446424,4168181,2214463,1158394,599611,305000,153053,73811,35745,18087,9577,5123,2923,1643,930,518,300,138,61,34,17,0"
un_europe_and_northern_america,1889,"65,231,741,2124,3962,5684,15850,51169,150689,435035,1159970,2492849,4386074,6890001,10105176,13730252,17796867,22188316,27308389,33557898,40567954,45752567,46528066,43824853,38031446,29448823,20906522,13520810,8121968,4642655,2485948,1309637,692624,355665,178671,86329,41343,20813,11191,6144,3514,1954,1072,574,317,155,70,40,25,0"
un_europe_and_northern_america,1890,"62,214,738,2260,4242,6170,17098,55499,167377,481021,1244954,2590375,4516280,7054215,10274226,13774433,17667320,22057027,27234944,33557351,40703551,46055352,47071705,44442025,38640503,30005612,21345702,13815824,8301247,4737027,2532556,1332322,704577,362337,182270,88084,42234,21284,11477,6323,3613,2031,1127,600,341,168,74,41,32,0"
un_europe_and_northern_america,1891,"73,217,758,2457,4666,7350,22794,67878,197071,561994,1444523,2944014,4967762,7580719,10721892,14172971,17923460,21779688,26739437,33002794,40268401,46066165,47490397,45258197,39443708,30579720,21700894,13997220,8387811,4780059,2546402,1342172,712153,365983,183564,88346,42221,21195,11358,6229,3575,2002,1116,588,322,161,72,41,34,1"
un_europe_and_northern_america,1892,"78,221,789,2161,4430,7305,20166,68982,214563,602211,1433209,2799962,4791946,7350420,10453803,13545262,17026519,21184685,26411077,32928923,40504768,46530357,48274573,45955446,40175541,31332884,22583437,14906603,9110918,5356556,2948541,1564723,836707,433784,218278,106838,51461,25857,13637,7371,4174,2337,1275,667,361,172,75,41,34,3"
un_europe_and_northern_america,1893,"84,220,796,2673,5084,7112,13731,45270,142151,409708,1051949,2215814,4003219,6430169,9636377,13182749,17048624,21810506,27234864,33660782,41149872,47387304,49777094,47710365,41860206,32521203,22935312,14716424,8743323,4974887,2645181,1382418,727373,371698,185582,89152,42723,21452,11518,6330,3645,2075,1157,623,358,176,64,32,27,2"
un_europe_and_northern_america,1894,"97,228,831,2912,5454,7341,10697,28926,90534,267802,725698,1651964,3162849,5410765,8448972,12209784,16269239,21303344,27380406,34187704,41952492,48467847,51167549,49100077,43457746,34122419,24076783,15442997,9077746,5079920,2668750,1380230,716525,365066,182099,87256,41987,21121,11321,6076,3400,1875,1019,549,332,178,68,35,26,3"
un_europe_and_northern_america,1895,"93,223,789,2486,5200,7546,11108,30615,82671,230391,642300,1618933,3258450,5518476,8570118,12411392,16921231,22134156,27813163,34075363,41411719,47778014,50726692,48906395,43630936,34416251,24692506,16245075,9799585,5678902,3079960,1623130,866402,450102,226698,109663,52112,25749,13488,7192,3952,2158,1155,619,350,163,50,21,17,2"
un_europe_and_northern_america,1896,"87,219,752,2717,5548,7802,11320,27984,81024,235014,646189,1543058,3041258,5282109,8322955,12171746,16346889,21369710,27308797,33879310,41367509,48108205,51605018,50211228,45197821,36046399,25853950,16922507,10072517,5725141,3029962,1565703,818391,416395,206859,98202,45733,22207,11769,6462,3599,2022,1101,586,339,169,42,12,10,0"
un_europe_and_northern_america,1897,"71,195,729,2468,5473,8214,11263,27245,73986,206528,571592,1450119,2989191,5224148,8245422,12197223,16754785,21798311,27474928,33709416,41004418,47740314,51721092,50514374,45730541,36664500,26619608,17698564,10685020,6188546,3347084,1735748,910271,464400,229939,110225,51819,25375,13228,7133,3808,2058,1063,536,291,140,23,0,0,0"
un_europe_and_northern_america,1898,"76,205,706,2490,5636,8469,11435,26394,73566,208374,574833,1429347,2912529,5111090,8056428,11839265,16093126,20931304,26598842,32996646,40686395,47977351,52477912,51707635,47259053,38360030,27970282,18652530,11247011,6484635,3490403,1800932,942125,479697,237666,114172,53508,25944,13390,7139,3694,1909,936,447,228,107,19,0,0,0"
un_europe_and_northern_america,1899,"55,181,582,1929,5055,8460,11117,22902,63542,180829,500973,1269315,2671208,4834551,7809513,11859454,16347198,21152345,26839340,32859668,39505501,46094517,50868128,51098974,47910565,40352513,30364643,20842917,12702072,7373978,4018148,2051904,1044328,515486,245994,115795,53588,26249,13492,6950,3445,1798,877,429,199,101,23,0,0,0"
un_europe_and_northern_america,1900,"50,173,576,2028,5374,8973,11622,23590,60890,162803,447305,1180793,2590360,4711472,7571620,11354373,15888802,20968920,26646787,32762082,39903894,46764901,51848075,52404191,49025155,41210488,31079879,21323090,12929683,7485616,4070721,2072986,1050500,516088,244873,114239,52707,25889,13383,6962,3443,1788,870,421,195,95,23,0,0,0"
un_europe_and_northern_america,1901,"61,198,677,1890,5049,9005,11665,22446,59696,164088,450475,1170995,2537969,4630858,7461584,11219089,15666065,20703494,26625886,33055826,40568389,47607795,52143560,51933270,48394870,41054024,31920441,22700312,14199709,8311956,4555625,2290320,1121680,533419,243072,107961,47104,22652,12066,6363,3059,1562,722,315,120,64,10,0,0,0"
un_europe_and_northern_america,1902,"64,205,765,1881,4919,9015,11995,19923,50315,136827,378011,987551,2193609,4137356,6891702,10629143,15173976,20310816,26687961,33553717,41199003,48337716,52944535,52941659,49579625,42134047,32805043,23320089,14578638,8525896,4676851,2350862,1152609,548576,249707,111043,48679,23529,12501,6549,3085,1574,722,308,119,69,16,0,0,0"
un_europe_and_northern_america,1903,"67,215,730,1789,4856,9144,12447,22956,55856,142637,388074,1041407,2380279,4442813,7230025,10957174,15600909,21005952,27020309,33359829,40565013,47481216,52487778,52874614,49758031,42782543,33764269,24361173,15423057,9072136,4997608,2507837,1218957,576008,260533,114010,48823,22739,12025,6357,3058,1561,729,322,129,68,11,0,0,0"
un_europe_and_northern_america,1904,"70,223,758,1944,5283,9718,13004,20318,48212,129370,356396,929782,2084647,4002512,6839371,10865216,15754311,21029537,27467312,34223154,41045670,47765537,53019113,53887734,50922701,43772924,34326338,24559890,15390181,9007790,4971545,2523189,1253615,609543,285502,130820,59648,29528,15837,8407,4050,1942,775,303,118,70,28,0,0,0"
un_europe_and_northern_america,1905,"87,254,755,1860,4830,9512,13450,25157,57778,141435,380775,1031125,2386359,4466300,7296580,11112719,15961088,21708450,27679191,33827271,40525219,47106278,52252960,53229250,50648297,44034368,35264710,25901000,16745310,9937521,5550933,2829674,1399286,678879,317524,145248,65506,31231,16499,8762,4294,2038,838,343,148,75,20,6,0,0"
un_europe_and_northern_america,1906,"91,264,727,1881,4259,8924,13903,27468,67433,177232,482173,1258324,2720215,4912752,7859679,11751502,16330204,21512829,26898949,32668407,39298837,46074334,51607040,52842939,50361705,44322623,36224732,27493127,18767171,11607747,6595301,3393932,1636169,752124,335455,151685,70823,33370,17645,9115,4225,1787,689,260,107,51,22,14,0,0"
un_europe_and_northern_america,1907,"78,251,675,1851,4348,9182,14926,32395,80807,215206,584954,1488885,3096712,5421392,8491208,12444309,17098184,22069464,26928507,32330407,38523168,44776159,50699520,52923367,51056636,45354302,37288882,28329686,19330627,11927765,6771955,3483665,1678679,772721,345719,156204,72831,34300,18172,9471,4438,1911,760,278,107,46,32,19,0,0"
un_europe_and_northern_america,1908,"98,283,740,1978,5921,11151,15355,29232,74281,201114,540138,1339559,2787265,5045241,8059801,11993728,16482609,21440639,26859631,32908218,39778369,46772144,52913939,55609112,53651761,47246935,38170766,27905023,17797175,10434259,5770456,2922115,1441452,699167,328546,149980,67593,32599,17350,9434,4832,2304,984,384,154,77,39,22,0,0"
un_europe_and_northern_america,1909,"120,318,738,1954,4975,10318,15064,25246,60221,157615,424032,1098285,2428006,4577985,7538082,11500155,16205241,21370584,27071408,33193582,39974571,46910979,53024898,55578374,53387709,47237263,38731412,29204416,19645542,11980090,6737774,3430536,1645625,758527,340320,153841,71197,33825,18019,9600,4715,2087,865,303,110,42,36,28,2,0"
un_europe_and_northern_america,1910,"106,303,831,2130,5145,10654,15625,24038,54393,138789,371178,957309,2147136,4150166,7070167,11010231,15642251,20779326,26892320,33250814,40234131,47679308,53697528,56145836,54222232,48255814,39871359,30167030,20289337,12296038,6932359,3531612,1698141,791446,358328,161322,73182,34273,18316,9762,4884,2134,870,323,111,52,43,34,4,0"
un_europe_and_northern_america,1911,"109,313,702,1884,4945,10394,15371,26022,57722,137803,361992,971828,2290138,4409584,7292584,11094084,15722729,21248500,27013237,32750229,39237638,46355848,52681143,56048411,54881634,49632473,41332452,31282141,21111595,12771111,7162161,3635365,1741315,808695,368176,167226,76090,35599,18780,10046,5110,2270,953,316,111,46,44,34,4,0"
un_europe_and_northern_america,1912,"94,296,612,1666,4572,10177,15614,24924,57075,144594,382897,990779,2227965,4275025,7148958,10977640,15528810,20694183,26670440,32645642,39164158,46129872,52072369,55665860,55031846,50233859,42342257,32391253,22251193,13617802,7721078,3973760,1911669,888965,403820,184872,86237,40586,20970,10950,5454,2365,1040,325,108,43,44,33,4,0"
un_europe_and_northern_america,1913,"96,303,630,1947,5216,11186,16635,21582,35609,79161,213125,568448,1363925,2892499,5521299,9306512,14136987,19729731,26161234,32867139,39629107,46695048,52922085,56850668,56315226,51667270,43723240,33725681,23444530,14438192,8243080,4254555,2022105,921575,403927,174919,77391,33967,16960,8697,4207,1631,728,307,105,45,42,37,7,0"
un_europe_and_northern_america,1914,"98,312,722,1964,6446,12981,17675,23316,35151,69024,181350,530185,1444637,3242374,6084616,9972271,15011756,20918499,27421436,34195769,41262919,48971882,56431123,59323670,57211405,51323614,41604202,30826061,20107846,11890867,6629488,3340014,1609231,764743,350531,156716,67522,30989,16084,8787,4508,2137,1032,443,179,86,52,32,3,0"
un_europe_and_northern_america,1915,"122,349,784,2418,7403,14204,18514,24427,39355,83022,215144,598692,1526157,3333909,6234227,10189988,15165457,20832869,27305900,34212763,41724037,49819647,57164551,59234599,56826403,51167327,41466265,30906703,20384208,12105110,6718085,3366991,1610433,757083,346892,156986,67842,30863,15811,8577,4347,2027,980,424,176,87,56,25,1,0"
un_europe_and_northern_america,1916,"125,357,875,2669,6313,12589,18358,23815,38997,80198,204953,600797,1619852,3536377,6473305,10597157,15783200,21528701,27393116,33710731,40717406,48298639,55761100,57843432,55360358,50380446,41548869,32087045,22579644,14182119,8113792,4193078,1975499,886255,386096,170158,75976,33132,16680,8622,4050,1494,647,251,89,42,36,32,4,0"
un_europe_and_northern_america,1917,"148,403,1395,3638,7950,14601,20002,27568,49084,113932,317212,939327,2242853,4318030,7331657,11843615,17522321,23309346,29007303,34891514,40995690,48078560,55548778,57311840,54852027,49665679,40719335,31075430,21381090,13141331,7358222,3687490,1707165,758288,331494,146539,63373,27593,14292,7539,3570,1477,680,258,77,30,34,31,4,0"
un_europe_and_northern_america,1918,"174,570,1866,3592,6472,13583,21670,33772,87695,355792,1154336,2725191,4938934,8241277,12620618,17885130,22317537,24737199,26976305,30678892,36375409,44480359,53002231,55009213,52068975,46512264,38558224,30399142,22024107,14196248,8209927,4287255,2016497,889427,377898,161242,69776,29660,15431,7952,3341,1321,579,233,82,40,35,28,2,0"
un_europe_and_northern_america,1919,"192,610,1718,3867,7331,16782,39100,112295,358306,1070464,2458258,4507277,7336181,11296935,15983977,19900678,21612813,22197232,24064316,28198221,35017539,45258840,54146265,55702578,52588243,45454772,37258226,29269420,21235666,13780993,8040287,4225993,1986837,872007,366651,155773,68762,29408,15587,8018,3157,1208,508,201,76,40,33,23,0,0"
un_europe_and_northern_america,1920,"226,713,1514,3306,8058,22943,67828,195670,554937,1361741,2817033,4969874,7935707,11718590,15633066,18905740,20367960,21234232,23110762,27253395,33841857,43784903,53686862,57370545,55034684,48209165,39490823,30541740,21543243,13644827,7824646,4023852,1855882,803909,334026,140809,61614,25651,13439,7093,3060,1151,499,209,85,50,50,36,2,0"
un_europe_and_northern_america,1921,"184,668,1601,3507,8682,23923,68728,200442,608613,1558918,3308145,5840347,9264784,13173281,16764712,18736708,19084554,19445004,21179514,25974864,33245156,43075568,53748089,59245114,57300761,50507420,41384813,31292598,21073968,12811900,7183596,3591912,1639670,715640,302054,127632,54084,23321,12690,6487,2824,1271,554,232,79,49,53,41,1,0"
un_europe_and_northern_america,1922,"201,698,1366,2786,8490,28841,92018,258178,659690,1451762,2965961,5354522,8511750,11986518,15079409,17437683,18694533,19510299,21182845,25490129,32275534,41298689,51440593,58135910,58629903,53590308,45222507,34615006,23660735,14385851,8046243,4056116,1852759,806219,342223,145329,62526,26337,13464,7187,3144,1314,536,224,88,54,55,50,6,0"
un_europe_and_northern_america,1923,"94,535,1210,2452,5521,17670,54705,157672,421469,998126,2084571,4065887,6805612,10168063,13632778,16810120,19089004,20768136,22761346,26810980,33906464,43871556,54444894,59265156,57665811,51721666,42994288,33856663,24809704,16267023,9580507,5164301,2454471,1071830,448346,189435,85038,37106,18301,9439,4048,1222,450,176,81,51,52,50,11,0"
un_europe_and_northern_america,1924,"56,422,1086,2095,4511,13467,33033,87804,240634,596004,1257943,2493544,4617636,7456257,10716748,13942159,17744385,21368865,25150215,29875247,35248342,42889804,52768087,59280227,59542372,54745715,46677766,36860897,26733063,17332364,10119314,5428600,2579568,1128671,475027,200428,89867,39107,19132,9592,4336,1294,478,176,77,50,51,50,16,0"
un_europe_and_northern_america,1925,"37,280,827,1822,4289,12019,23426,43993,115174,300289,710198,1466452,2896015,5188247,8213062,12081269,16398657,21056757,25268051,30131738,35731286,42564398,52029608,60666682,62693992,58198627,50102069,39437791,28505957,18246054,10591049,5662902,2691215,1185413,504181,213857,94934,40980,19851,9969,4631,1416,552,200,80,50,49,50,25,0"
un_europe_and_northern_america,1926,"53,302,740,1610,3641,10802,20607,30232,59647,149261,374829,911090,1961415,3883864,6568040,10341557,15344467,20773734,25992404,31223279,37219532,44173686,52972846,61099958,62644375,58201428,50597586,40475880,29980795,19774703,11732762,6416110,3132734,1391513,588766,247790,108435,45823,20820,10495,5140,1678,636,238,97,51,46,50,24,0"
un_europe_and_northern_america,1927,"0,146,463,1247,3427,11177,21036,28762,47471,108284,267170,695288,1645510,3414098,5940188,9545238,14709075,20623409,26274765,31513611,37445060,43995753,51964998,60568081,63899439,60656062,53116250,42540578,31294103,20136353,11728809,6330338,3041764,1349268,577734,245634,106849,45184,20844,10384,5030,1675,592,215,78,41,46,50,27,0"
un_europe_and_northern_america,1928,"40,292,697,1425,3607,11738,21849,28895,44714,94213,226548,582379,1423977,3043820,5512638,8967805,14066162,20136259,26115808,31638663,37376123,43436428,51189318,60208408,64869538,62494062,55174851,44458638,32751923,21074261,12231156,6595902,3167872,1410300,610280,262185,114654,49089,22871,11133,5419,1996,672,242,81,41,44,50,31,0"
un_europe_and_northern_america,1929,"0,186,529,1139,2768,9726,20301,28379,42110,86815,208633,539288,1364146,2962750,5390888,8742868,13748130,19847008,25674180,30973553,36583146,42819237,50742338,60171887,65359485,63027736,55905575,45848319,34502383,22809801,13473398,7383254,3625704,1621800,698764,300302,131582,55991,25078,12217,6167,2505,808,274,93,41,42,50,40,0"
un_europe_and_northern_america,1930,"3,223,588,1218,4075,13254,23660,30363,44585,85764,196463,488713,1228902,2709178,5125092,8429895,13414361,19719771,26124291,32396352,38670864,45452440,53577928,62828683,67082270,64504111,56943550,45340810,32582786,20319540,11492025,6021762,2807939,1245652,542431,234630,102218,42645,20348,9640,4838,1965,635,225,72,41,44,50,27,0"
un_europe_and_northern_america,1931,"0,198,559,1277,5787,16235,25746,32655,46599,84678,187849,461348,1185377,2661571,5084916,8378434,13450530,20054911,26933257,33826064,40707395,48693885,57743909,66186469,68905448,64605920,56071207,43185266,29676208,17819228,9835778,4943539,2238802,982236,424230,183045,78083,32319,15800,7848,4316,1983,681,262,87,47,46,50,25,0"
un_europe_and_northern_america,1932,"0,205,576,2087,10751,21565,27960,36040,49817,85215,180670,445579,1196374,2754509,5234644,8638385,14077686,21076923,28451761,35754965,42970334,51542047,61915140,70209141,71834185,66277978,54730748,39583601,24735152,13846396,7325368,3486646,1611974,751304,342030,149731,61913,29778,14644,7836,4660,2211,839,347,132,79,51,49,25,0"
un_europe_and_northern_america,1933,"0,148,501,2655,12070,22625,28717,37547,53309,93047,196711,467550,1199172,2719009,5219990,8612922,13927034,20778973,28279412,35849054,43500643,52275868,62011423,70797507,72906175,67638980,55986280,39999988,24633169,13511351,6988113,3301351,1542373,730938,343526,155115,65978,32248,15465,7799,4655,2317,853,377,158,88,51,40,20,0"
un_europe_and_northern_america,1934,"0,124,470,1455,9983,21345,28163,36579,51246,87634,181794,415435,1025935,2334351,4717814,7973115,12939464,19552991,27187933,35565792,43536012,52037075,60425547,68833519,71874516,68586457,58639458,43554197,27965563,15557678,8181545,3887441,1763255,816048,376999,165719,66696,30306,14449,7396,4356,2154,759,294,94,55,40,40,19,0"
un_europe_and_northern_america,1935,"0,189,576,1455,7111,18424,27701,35092,48180,76618,149830,330353,768617,1753074,3747144,6825573,11308529,17714657,25429888,34626692,43433000,52432598,60688214,67909002,71222010,68756682,60141849,46598078,31779659,18490049,9934111,4873487,2167089,957569,426626,184903,74083,29611,13980,7178,4078,1699,630,234,72,41,35,40,23,0"
un_europe_and_northern_america,1936,"16,301,756,1556,5253,15904,27324,36560,50870,69162,115601,239720,554629,1383076,3163017,6175879,10460250,16990344,25687389,35601931,44722202,52209653,58559300,64330291,69189006,68427506,61003567,49259248,35209347,21472945,11739855,6011986,2727602,1196955,529532,231221,96324,37331,17337,8383,4341,1576,561,204,60,30,15,20,8,0"
un_europe_and_northern_america,1937,"0,138,510,1109,3224,12727,25202,36410,50181,65259,100049,196071,441739,1133881,2713541,5547453,9496515,15626705,23889032,33782076,43119636,50451576,57373144,63919648,69897004,69536171,62698681,51994675,38407237,24545641,13783153,7286709,3416010,1487889,647857,280508,118613,46895,20846,9894,5006,1923,584,209,68,27,15,14,9,0"
un_europe_and_northern_america,1938,"0,142,528,1137,4651,15542,27673,38521,53074,67330,95252,176354,388519,1030446,2574456,5349013,9216789,15294988,23530267,33487397,42950838,49769435,57121545,64913344,72584154,72563678,65573367,53653653,38500784,23593005,12682252,6407920,2883510,1256149,559914,248203,103091,38741,17950,8374,4439,1752,598,222,66,18,15,10,10,0"
un_europe_and_northern_america,1939,"0,144,543,1167,3442,13774,26716,37164,51724,66897,96226,176637,382116,980851,2426196,5108462,8874791,14704327,22895403,33061295,42887042,50116785,56919400,62652759,69404555,71779295,66648171,56110678,41700911,26520194,14467618,7432246,3403863,1470735,650337,289541,123086,46887,21361,9663,4853,1842,524,168,41,10,5,10,10,0"
un_europe_and_northern_america,1940,"0,261,722,1725,4046,12588,26086,37122,50671,66967,93954,167937,355679,980611,2536750,5271657,9080173,15151151,23945613,34729221,44694709,51727991,57693406,62319934,67734965,68702109,64165537,54650882,42123060,28145330,16000178,8502501,4044766,1751822,763706,336157,142342,52220,20873,10604,5509,2029,590,189,48,13,15,13,6,0"
un_europe_and_northern_america,1941,"2,152,632,2457,4983,10280,23489,38090,50746,68689,103794,190792,400280,1074207,2696623,5566410,9530000,15937037,25173613,35940843,46194882,53279578,57269757,59579968,63107710,63875238,60931305,54029769,44270499,32011702,19340063,10517373,5256693,2306771,986546,424631,180211,67403,22168,11525,6004,2024,626,212,54,19,9,7,0,0"
un_europe_and_northern_america,1942,"2,191,1042,3208,5952,10092,22436,37866,50814,71683,111119,200957,421066,1161424,2914728,5884357,10046014,16782439,26384526,37553614,47803849,54339467,57186225,58860346,61588962,60927602,57740052,51990438,44099559,33649744,21569490,12139247,6320481,2842036,1200949,502200,208830,79896,26379,11900,6210,2104,706,242,76,35,21,18,1,0"
un_europe_and_northern_america,1943,"3,127,1207,3661,6700,10521,20582,36612,52933,79471,125877,226660,490131,1370449,3370968,6661828,11618571,19304377,29614587,41126995,50208383,53962002,54082542,55496598,57060255,56506161,54905817,50504270,44581556,35556556,24176980,14124861,7612078,3577640,1514499,626367,256958,100245,34239,12732,6813,2481,886,316,101,44,15,19,3,0"
un_europe_and_northern_america,1944,"4,289,2088,4934,8017,12080,20597,37007,57257,88584,139273,253563,582357,1644427,3945312,7519672,12913451,21148091,32244179,44726925,54124667,55411613,54650231,52774361,51434403,51891762,51628036,48269892,44302205,36484772,25870559,15597105,8562993,4159490,1765005,722532,289572,113480,40435,12706,6904,2614,907,313,98,39,13,15,4,0"
un_europe_and_northern_america,1945,"5,134,2101,5680,9176,12707,22158,40007,62000,91543,142495,278219,669404,1824549,4386096,8269070,13187459,21100000,32320780,43569329,52202409,57205805,60051566,59170270,58152765,55299965,50709019,45285481,39630640,32250989,23144381,14150269,7832464,3775540,1581870,631599,248567,99174,34245,11384,6368,2413,857,303,93,41,11,10,1,0"
un_europe_and_northern_america,1946,"5,77,489,1777,5338,10582,24124,40600,54337,79035,127636,245782,580585,1655569,4119764,7750207,12424347,19683615,30073549,41303972,51953886,63397236,68291176,67084810,62707784,56402492,49464557,43195895,37396303,29691725,20196459,11829472,6269949,2798588,1151412,465111,192339,76265,23383,10222,5629,3074,648,212,69,29,10,10,3,0"
un_europe_and_northern_america,1947,"6,17,366,1157,3677,9181,23608,40835,54818,76496,119790,225907,474145,1260829,3096518,6454737,10748179,17025708,26146692,37667898,48708772,60090392,69350018,70756517,67436782,62087505,54332491,46575615,39185392,30204366,20060519,11653014,6120522,2707919,1118847,457623,190659,75569,23529,10738,5848,3242,725,208,70,29,10,10,3,0"
un_europe_and_northern_america,1948,"7,19,374,1011,3315,8211,22131,39397,52236,69359,97548,166089,316451,782133,2068561,4630847,8099168,13062495,20454647,31158420,43602347,56294379,70666426,76930417,73965841,68030979,59141441,49969548,41559777,32163864,21551401,12590886,6697780,3000150,1235127,502740,207342,83001,26192,10907,5969,3340,764,222,73,32,11,10,3,0"
un_europe_and_northern_america,1949,"7,21,381,965,2624,8643,24144,40993,53596,71125,93255,139591,247763,543709,1511862,3667620,6957897,11371482,18435755,28977128,41713731,54395964,67453740,76213381,76393525,72586767,65833361,56068846,44920981,33127477,21062707,11915296,6156840,2692901,1113526,459365,191876,75152,23806,10655,5770,3249,724,198,66,24,10,10,3,0"
un_europe_and_northern_america,1950,"8,15,337,914,2284,6237,20556,38755,52921,70645,91504,130636,219518,440629,1188689,3049843,6242501,10712222,17554136,27535272,40602573,52485118,62141356,72273877,76321293,74867728,68735119,59173878,48439782,36528018,24279671,14110688,7563251,3444187,1423803,578457,236879,94286,30472,11025,5809,3494,1067,222,69,26,10,10,3,0"
un_europe_and_northern_america,1951,"7,15,291,865,1997,5159,17382,35756,50418,67844,88090,119712,186153,367572,1054126,2861248,5844182,9969859,16402333,25970419,39314336,51405885,60560119,70297493,76526389,76207980,70451116,61604159,51073869,39146829,26835175,15982301,8744957,4122077,1714819,694414,280446,114386,39381,12918,6559,3905,1537,279,80,32,10,10,6,0"
un_europe_and_northern_america,1952,"6,14,294,884,2041,5265,16491,35215,49778,66205,88292,120573,188223,350374,946344,2597774,5575009,9693644,16042311,25253256,38162375,50248765,59714811,69304246,76855581,77777051,72332829,63819437,53133866,40986592,28380543,17090495,9428067,4524152,1891779,768320,309411,125193,44028,13264,6803,4056,1622,316,84,34,11,10,9,0"
un_europe_and_northern_america,1953,"5,14,167,696,1675,4472,15537,34586,50406,67490,87795,115648,171302,306407,803895,2299009,5137149,9025683,15043036,23854261,36646239,49380437,59565047,69287633,77702321,79120499,74723443,66796101,55877879,43149872,29630865,17738208,9747078,4661986,1945448,792865,320312,128552,44969,13548,6698,4014,1978,320,81,29,10,10,8,0"
un_europe_and_northern_america,1954,"3,12,131,650,1449,4031,15289,34852,50128,66314,88001,114817,166747,288576,728037,2110293,4880403,8662989,14419653,22956322,35257150,48024592,58513099,68010903,76909680,80272461,77956418,70450325,59433029,45906920,31092440,18402772,10049443,4806251,2013321,829122,339748,136478,48645,15337,7188,4241,2493,412,121,27,10,10,10,1"
un_europe_and_northern_america,1955,"3,12,100,593,1371,3694,13723,33281,50078,65489,86870,111391,155513,256482,577874,1701739,4233912,7891962,13321833,21672813,33812858,46754074,57096324,66364348,75882872,81345802,80485335,73312549,63113629,49302248,33864276,20222350,11090957,5383152,2260534,931431,383130,151969,55426,16503,7433,4314,2808,557,134,18,10,10,10,2"
un_europe_and_northern_america,1956,"0,10,44,496,1212,3117,12894,32821,49622,64688,87003,111387,147684,232362,454122,1287509,3466287,7006574,12071664,19988224,31487541,45381282,56938105,66643849,75904103,81995003,82790372,76503216,66982208,52513539,36156951,21388923,11667479,5644978,2365149,981938,410138,164061,59128,18353,8072,4522,3049,918,177,30,7,10,10,5"
un_europe_and_northern_america,1957,"0,10,26,450,1137,2879,12614,32907,49933,64928,87367,111599,142193,211088,400773,1147700,3187846,6525525,11267467,18687394,29816249,44259453,56468347,66683185,76510807,83524976,85082511,79132448,69748802,54871877,37844103,22225807,12059063,5818239,2431074,1010413,423510,169857,60689,18914,8309,4509,3094,1075,178,36,1,10,10,6"
un_europe_and_northern_america,1958,"0,8,24,454,1161,2771,13942,35193,51181,66235,88687,114066,143004,212128,384046,1066402,3003424,6329123,10927327,18149660,28887402,43265340,55903375,66409423,77189933,86041028,88668386,82338876,72302629,56451252,38308737,22030361,11798463,5573845,2312895,968260,410017,164211,56508,18887,8247,4414,3063,1062,160,35,0,1,10,6"
un_europe_and_northern_america,1959,"0,8,17,339,998,2572,11153,31680,50758,65311,87919,112897,139803,196867,365844,1075768,3020180,6201366,10533992,17386046,27776968,42172562,55191275,65643129,76198061,85125258,89121317,83712045,74415165,59522074,41795220,24721183,13412225,6566148,2740511,1128467,471038,188923,66123,18134,7660,3904,2766,1257,76,13,0,0,6,2"
un_europe_and_northern_america,1960,"0,6,16,235,854,1998,9179,29775,50382,65031,87810,112398,139639,197100,335269,870826,2524476,5669997,9899313,16502815,26251192,40331628,53484922,63687631,74415980,83752309,90407078,86834792,78236368,63966740,45751620,27433654,14822097,7351534,3091163,1269282,533141,218050,77885,21007,8982,4038,2791,1701,68,11,0,0,0,0"
un_europe_and_northern_america,1961,"0,6,16,150,720,1708,8845,29453,50223,63706,84978,111745,137427,184259,292769,696530,2050510,4945231,8894351,14892320,23768490,37057293,51048834,62773900,74472254,86118880,94064815,90947445,82126461,67387251,48163810,28788283,15481671,7664194,3220617,1324528,561104,231685,82056,22512,9844,4171,2813,2144,119,12,0,0,0,0"
un_europe_and_northern_america,1962,"0,8,18,58,546,1328,6997,27111,49098,62305,82498,109618,138050,181186,280147,591757,1725236,4396910,8275677,13998799,22527490,35180837,49528126,62156276,74188572,85948096,94321105,92756051,84839789,70826731,51525242,31487180,16980721,8526707,3631446,1489653,632129,264145,95515,26943,11733,4576,2984,2450,420,35,5,0,0,0"
un_europe_and_northern_america,1963,"0,8,18,29,423,1142,5574,24819,47568,60915,80070,106212,136114,174469,267241,510396,1442067,3829087,7681494,13110888,21232948,33151642,47049890,60337386,73621074,87027509,96231536,95486835,87545231,73876631,54286873,33694673,18327588,9360551,4051395,1667190,708516,296970,108726,31571,13016,4951,3132,2616,676,89,37,21,13,6"
un_europe_and_northern_america,1964,"0,6,16,27,300,968,3265,20913,44649,59151,77028,101685,133435,174024,273721,485366,1293634,3473688,7274180,12525052,20337374,31542036,44939609,57757214,70645878,84824664,95686434,97215405,90191443,77930006,58953275,37971686,20965087,10935471,4890220,2010561,852238,361633,137887,41836,15473,6079,3488,2860,1194,143,61,32,19,10"
un_europe_and_northern_america,1965,"0,4,14,25,200,817,2400,18918,42434,57538,74418,98254,129684,163157,242892,413108,1025245,2845323,6312213,11136966,18246597,28768118,42906099,56896106,71159835,85614432,96293911,99069832,92483876,80659422,62282355,41046838,22899836,12017478,5467741,2252638,956665,412143,161880,49829,17670,7151,3823,3034,1500,176,77,34,21,10"
un_europe_and_northern_america,1966,"0,0,10,21,122,679,1891,14398,38298,55892,71659,94831,125713,157812,224703,369547,836229,2356522,5563176,10156750,16743753,26614443,40328582,54573187,69564845,85165908,97635574,101118109,94270306,83133410,65492493,44596392,25642880,13682498,6472422,2683565,1131907,485915,196775,64884,20877,8796,4205,3133,1766,169,70,27,15,8"
un_europe_and_northern_america,1967,"0,0,7,17,37,503,1464,12228,35787,54996,70028,92498,122508,154109,210806,337790,688889,1950362,4875551,9309817,15501292,24913846,38152449,52708317,68214462,84664681,98838114,103466866,97030917,86005087,68249527,47036934,27350385,14666782,7071688,2950211,1235802,528729,214726,71647,21480,9200,4163,3082,1979,118,33,2,0,0"
un_europe_and_northern_america,1968,"0,0,4,14,27,315,1084,10165,33153,53839,68095,90492,120152,151236,199411,312170,584928,1631352,4274073,8558709,14490855,23360269,36025202,50640480,65893696,82629199,98390686,105069517,99944318,89283277,72125681,50484175,29771669,15960420,7812239,3279484,1369888,589964,242574,83353,23280,10231,4393,3155,2269,130,44,13,7,0"
un_europe_and_northern_america,1969,"0,0,2,12,23,261,907,7983,30587,52506,66166,86871,114807,147261,186410,280769,505099,1406741,3812977,7899601,13558849,21969542,34105065,48560623,63806549,80476549,96045193,104620558,102258578,92893686,76834381,54787373,32925186,17627598,8722921,3688739,1531908,660133,274561,98215,26992,12459,4706,3254,2713,383,122,73,53,31"
un_europe_and_northern_america,1970,"0,0,0,8,18,131,693,8954,32548,53240,66698,87457,115408,147345,184532,274384,452975,1136783,3155462,7033904,12543212,20524989,32162175,46809022,62546819,79996525,96788191,106897689,106020004,96947431,80192418,56632484,33490419,17667744,8566647,3595047,1501234,656324,276041,97224,27028,12923,4770,3165,2849,764,124,75,53,34"
un_europe_and_northern_america,1971,"0,0,0,7,17,46,516,6899,29811,52290,65210,85401,113543,145623,177429,248480,389471,892168,2567548,6125246,11344086,18611033,29698514,44083331,59966448,79027864,97503177,108960815,108504044,99764088,83493219,60008005,36237398,19233757,9467539,4005570,1663033,721154,305935,112251,29777,14263,5358,3079,2802,1142,44,3,0,0"
un_europe_and_northern_america,1972,"0,0,0,4,14,34,331,4045,25288,50202,62786,82086,108642,141486,174678,242109,378154,819577,2372667,5799059,10944258,17924200,28502254,42000289,56928133,75386534,95051430,108507060,109681389,102173113,87069589,64598374,40542170,21846986,11049645,4777026,1964444,843655,361737,136952,36779,15764,6136,3228,2860,1424,57,7,0,0"
un_europe_and_northern_america,1973,"0,0,0,3,13,34,190,2508,22727,48747,61770,80088,105460,137434,171155,235137,366082,686930,1933043,4923520,9925794,16553129,26398619,39222812,53458715,71284770,92412860,109164487,112584209,106462934,91846988,69300116,44263939,24002687,12231591,5358166,2204867,946457,410417,157915,43454,17391,7148,3290,2883,1691,58,14,0,0"
un_europe_and_northern_america,1974,"0,0,0,0,9,26,190,2419,22804,49183,62501,80959,105922,136203,167642,219842,332265,584473,1634599,4350144,9180319,15362391,24800934,37582330,52028100,70067714,92093589,110871501,114992120,109391763,94483261,71749559,45979413,24914104,12625700,5510941,2261592,969409,422938,163839,45052,17879,7574,3301,2916,1712,53,24,5,0"
un_europe_and_northern_america,1975,"0,0,0,0,4,20,285,3843,25757,51884,64553,83426,108496,138663,169754,218090,323859,550433,1498341,4058310,8863418,14916984,24069107,36753432,51437647,69704021,93342650,114891415,119248506,112152379,95477550,71387686,45001660,24073157,12009252,5153004,2111681,909223,397210,151736,39561,15984,6434,3113,2885,1152,25,7,0,0"
un_europe_and_northern_america,1976,"0,0,0,0,0,16,185,1417,21314,48513,62706,80391,104926,135808,166797,211609,309701,508452,1347534,3716153,8329551,14242261,22926877,35111072,49317577,66604392,89841159,112995340,119442823,113969504,98918541,76120385,49549424,27102190,13761943,6071730,2477304,1051532,458332,178480,49579,17080,7342,3068,2874,1122,15,3,0,0"
un_europe_and_northern_america,1977,"0,0,0,0,0,10,140,778,19105,46742,62365,79616,103841,135272,167270,210242,305744,488966,1244905,3466669,8015399,13923044,22385963,34217145,47776931,64169242,87014930,111266787,120588759,115624952,101469786,79571411,52888993,29469181,15038476,6725815,2735219,1148448,501701,199078,57885,17779,7981,3040,2858,1382,14,3,0,0"
un_europe_and_northern_america,1978,"0,0,0,0,0,5,100,716,14176,42328,61398,77312,101030,132341,165787,205839,294122,458420,1116256,3159846,7506858,13342226,21396456,32736059,45973233,61414534,83543881,109095894,121696160,117025637,104079229,83392426,57053840,32725068,16965629,7868337,3211527,1333555,575674,232287,72517,18724,8748,3166,2872,1682,14,2,0,0"
un_europe_and_northern_america,1979,"0,0,0,0,0,3,33,587,13906,42392,61876,77657,101222,133135,167155,206148,292727,453654,1105401,3128230,7437229,13237523,21205102,32517366,45272712,60227825,81649089,106977855,121661083,118796259,106843942,86457518,59404093,34172830,17636271,8139010,3309850,1369338,592325,240239,74613,19209,9178,3250,2824,1958,6,0,0,0"
un_europe_and_northern_america,1980,"0,0,0,0,0,2,21,517,14023,42920,62597,78527,102091,133684,167515,205302,286430,433014,946003,2684561,6729904,12546982,20298487,31790823,44878622,60400093,82139363,107254677,121888355,120053939,108739334,88178585,60938452,35268383,18210802,8413375,3438104,1439979,656219,326323,171094,91339,49596,27367,15283,8637,4911,2820,1633,942"
un_europe_and_northern_america,1981,"0,0,0,0,0,2,24,482,15338,44727,63775,80302,104579,136929,170823,206588,284631,426989,957775,2748724,6815381,12597507,20527220,32518208,46177766,62524296,84263419,108027433,121805334,120284235,108769040,88045026,60428740,34735673,17900138,8189854,3330326,1394010,635283,316911,166318,88881,48310,26681,14910,8440,4805,2759,1602,922"
un_europe_and_northern_america,1982,"0,0,0,0,0,2,24,404,8258,31691,48319,75498,113516,160397,213712,267482,351381,499938,1008562,2775945,6716533,12292687,20062509,32695391,46333564,62976145,84529056,106514027,120594214,119955971,111782087,88562973,61370227,36419105,18712152,8672269,3559068,1514279,707777,356846,183356,95900,51019,27600,15134,8407,4704,2654,1527,866"
un_europe_and_northern_america,1983,"0,0,0,0,0,2,24,958,19099,41478,60219,87400,121525,163614,210472,258351,333720,471749,946629,2624213,6521891,12104749,19691984,32136343,46533536,63411831,84958403,106774685,121574382,119758410,110652911,90123571,61675637,37261731,19800198,9823369,4219383,1762662,781135,365182,187434,97919,52026,28115,15403,8542,4785,2697,1543,879"
un_europe_and_northern_america,1984,"0,0,0,0,0,2,24,635,16145,43655,74954,94630,122054,154496,184608,216188,276175,401619,891486,2636775,6475795,12013831,19775208,31814953,46416839,62269091,82976381,105010397,121253082,120505794,110722102,90637607,65067610,40151718,21826467,10792821,4547022,1917944,873169,416157,211527,110157,58405,31510,17258,9588,5372,3043,1747,1005"
un_europe_and_northern_america,1985,"0,0,0,0,0,2,24,1120,21362,54761,95334,121051,139488,163103,189223,224816,289428,412174,887477,2570166,6459364,12042610,19621898,31817347,46230259,61647349,82023455,103773501,118621038,119872892,112930707,93634458,67017452,42346228,22829376,11408532,4955915,2089065,931860,438185,219155,113129,59423,31752,17205,9461,5252,2948,1674,952"
un_europe_and_northern_america,1986,"0,0,0,0,0,1,21,466,16484,40406,56643,82220,114461,150070,182736,217883,283775,434995,920259,2568358,6382142,12127391,19702904,31207878,45704108,60345717,79288846,101642027,117843054,121983281,115308210,94308433,69499571,44888556,24776680,12293510,5209887,2207049,1009781,481978,240786,124015,64970,34636,18744,10295,5698,3192,1804,1024"
un_europe_and_northern_america,1987,"0,0,0,0,0,2,21,728,22722,46922,64475,94982,132779,176086,213371,247215,304350,431574,887912,2547706,6229179,11684529,18832314,30666750,44228302,59152562,78880615,99280701,115473242,119807960,114118208,99422117,74787756,48886529,26988226,13597592,5775458,2381464,1066997,511841,256543,132287,69468,37144,20175,11131,6214,3488,1996,1136"
un_europe_and_northern_america,1988,"0,0,0,0,0,4,19,1545,11614,28127,44706,67152,98112,135455,173101,208395,263840,384816,810209,2464121,6084068,11515094,18702540,29781627,43831404,57267081,74707877,96819302,115128213,123633335,117802149,100813348,77359031,50576704,28748344,14024069,6465745,2807155,1253310,601323,299325,152646,79254,41921,22551,12320,6822,3817,2157,1231"
un_europe_and_northern_america,1989,"0,0,0,0,0,4,18,888,8301,17145,30201,50131,76486,108044,139992,173358,228174,340416,762366,2424710,5977923,11200195,18275603,29095222,43560846,56946450,72845540,93906910,113989732,124608635,120437815,104896760,79563912,52095973,29960259,14565237,6754991,3013020,1422511,723115,373994,185622,94012,48409,25296,13434,7238,3935,2167,1194"
un_europe_and_northern_america,1990,"0,0,0,0,0,9,27,50,7615,16982,30687,51028,80213,116736,153703,193716,260855,387597,912581,2733742,6587988,12077383,19631214,30849420,44376763,57835300,74600868,94583132,110449430,122262919,121568979,105966902,80680648,53476320,29092590,14203113,6348950,2769813,1267005,621489,312292,160083,83566,44424,24004,13174,7335,4118,2325,1328"
un_europe_and_northern_america,1991,"0,0,0,0,0,13,32,96,16989,38938,60319,83268,113029,153132,191713,234440,314890,477297,1130381,3258796,7598180,13618616,21989659,33505645,46551516,60102702,76494692,93580891,103646802,117150392,120266649,106931087,83485597,54094529,29340926,14521963,6382861,2784857,1300598,643189,329905,167863,86978,45888,24609,13415,7420,4144,2335,1319"
un_europe_and_northern_america,1992,"0,0,0,0,2,14,58,1644,23103,65775,99799,128532,158421,194329,232242,281446,376198,635364,1700093,4562045,9541671,16235848,25668564,37588921,49803562,62801301,75675802,88132628,96872723,111972382,120054228,109165774,82779930,53671151,30401243,14856747,6885799,2999848,1371931,676474,337184,170991,88350,46521,24924,13594,7533,4236,2388,1357"
un_europe_and_northern_america,1993,"0,0,0,0,0,11,99,1959,24736,71500,124842,171391,213269,253345,293664,338654,392252,660042,2053208,5578604,11111810,19816754,32609623,45258519,55727371,65422938,74359231,80590083,90326434,108437883,117566872,106947266,81470133,53274323,30343886,15049088,6990095,3063636,1398133,695335,365075,182712,93210,48488,25702,13861,7587,4215,2364,1350"
un_europe_and_northern_america,1994,"0,0,0,0,0,3,108,1051,21888,65479,107959,138551,180556,233459,298421,372470,458291,939542,3361566,8387370,15024853,24555108,36052928,45728037,51830206,58880943,68098031,77356128,89545034,107206202,118072008,109525864,84194571,54542760,31432899,15585403,7289459,3244054,1497167,745842,391967,196482,99846,51715,27314,14681,8009,4445,2495,1416"
un_europe_and_northern_america,1995,"0,0,0,0,0,0,113,379,11671,36382,72807,120024,173548,235935,311437,418466,543049,1163484,3624728,7669851,12582558,19041532,27657728,39120500,51452589,62358205,71836214,80883421,94085160,109404843,119563414,112162371,87005628,57300175,31131734,16025583,7375377,3238993,1495888,748895,397802,200608,102461,53345,28324,15293,8374,4657,2619,1493"
un_europe_and_northern_america,1996,"0,0,0,0,0,0,31,183,6287,36013,82391,141772,207596,266711,325123,428497,608627,1349931,3426363,7243273,14376968,22037619,33141405,45124389,53150025,59619268,66705272,75726459,89257462,108054071,120434088,113001547,86062465,57695101,33786593,16711152,7850929,3459300,1548659,751943,389249,195584,99823,51958,27612,14941,8147,4534,2551,1455"
un_europe_and_northern_america,1997,"0,0,0,0,0,0,0,83,1289,11239,31301,56733,86128,114451,156143,271805,540434,1237858,2587175,5291995,10413906,18677462,31037781,44326868,55537166,63129292,68100817,75985677,89145087,108450352,121169138,114239962,89174388,60078890,34368706,17739351,8193623,3672821,1677216,811625,431848,215799,108913,56021,29400,15706,8491,4695,2617,1477"
un_europe_and_northern_america,1998,"0,0,0,0,0,0,0,0,2620,15664,40522,74189,106165,141410,192353,357264,695641,1369269,2829728,5721770,11163342,19269120,30912817,43070927,52926500,60728978,66174428,72517970,84748517,106539004,122823012,117056551,93829534,64043939,37736686,19188149,8950071,4046129,1834087,867799,447939,223358,113223,58486,30820,16513,8959,4967,2783,1575"
un_europe_and_northern_america,1999,"0,0,0,0,0,0,0,0,12852,43241,60485,74328,94828,132746,198940,344344,654222,1512022,4470882,9597437,16821715,27782791,39560403,46823539,50366310,53003686,57869571,66467512,78989681,101849385,119025132,117623971,95992976,67776189,39328349,19745212,9482486,4405977,2082633,1027070,548564,280067,139794,71010,36755,19364,10339,5644,3122,1746"
un_europe_and_northern_america,2000,"0,0,0,0,0,0,0,0,248,5588,17063,36601,58795,79494,118029,233818,507014,1254670,2939293,6174994,11926501,22095397,35347909,47336617,54065474,56437744,58967862,65823708,79194500,101914025,121936179,121884091,99050371,69483905,41085668,21006656,9997384,4519547,2095596,1027987,553367,290223,145613,74411,38784,20586,11018,6039,3357,1877"
un_europe_and_northern_america,2001,"0,0,0,0,0,0,0,0,1613,9672,24575,40474,68745,121064,181126,293019,493976,914455,1959894,4381847,9115775,17820171,31296290,44972223,54259867,58458530,61069874,68652679,81277657,104143409,124481780,123712104,100412047,70077358,41817175,21563450,10371132,4650671,2125187,1053453,584279,315142,157952,80611,41959,22241,11890,6511,3618,2028"
un_europe_and_northern_america,2002,"0,0,0,0,0,0,0,0,1221,5266,12463,22348,35209,59848,131230,256754,381597,649486,1377306,3313668,7322261,15395243,28514608,42980312,53915291,59151107,62099503,69354286,83145689,105018573,125263994,124414548,103407919,70959397,43198995,22397254,10860207,4987519,2337380,1194156,653062,379365,283731,235744,185259,137094,95841,63528,40241,24566"
un_europe_and_northern_america,2003,"0,0,0,0,0,0,0,0,783,16443,54716,91207,115370,148963,189068,243289,342615,561826,1145666,2624896,6338066,13517437,26007370,40495123,52541232,57704824,61308518,68253343,82668332,107376449,128014390,128872613,105048178,72602348,45066963,23770337,11657816,5507677,2569108,1272874,681128,395300,238911,146036,90403,56632,35924,23072,14983,9862"
un_europe_and_northern_america,2004,"0,0,0,0,0,0,0,0,456,2138,5837,12432,22654,36784,57780,94095,230280,451077,861430,2045344,5169025,11086163,21573145,37306724,51303981,58392915,61921907,69440296,84041702,108572049,130856444,131902276,108587187,76738328,45484464,23204444,11218245,5152094,2383197,1176227,651778,427368,355698,286836,218239,156669,106693,69211,43104,26005"
un_europe_and_northern_america,2005,"0,0,0,0,0,0,0,0,15275,47085,75136,92138,119220,151413,193229,244902,315162,456177,812279,1738593,4059531,9030716,18317722,32070695,48173839,60290999,65252751,72170240,86066914,110181242,131816851,132453557,110144198,75807780,46274753,24140208,11970428,5781853,2785589,1460702,834574,616567,496537,383250,282717,199723,135826,89076,56719,35288"
un_europe_and_northern_america,2006,"0,0,0,0,0,0,0,0,1071,4619,9431,17948,29662,42987,60829,104113,221948,379301,638850,1347192,3032391,7072127,15319629,28048674,43986563,58104458,66992098,75573392,88181922,110065912,134399716,135091246,112199022,78763364,48731231,25787201,12677744,6077935,2920854,1525179,875781,546504,353880,230270,149658,96791,62181,39707,25278,16089"
un_europe_and_northern_america,2007,"0,0,0,0,0,0,0,0,3148,8838,12477,17277,22870,30446,44012,68645,149269,294569,451115,817579,2125156,5257976,11857172,24076029,40543863,56411831,67138341,75677424,87665017,108245967,132858866,138353271,119087779,84464755,52345811,27946388,13943715,6684024,3176087,1605568,879626,612969,510590,403582,301844,214219,145185,94255,59110,36057"
un_europe_and_northern_america,2008,"0,0,0,0,0,0,0,0,475,3620,8073,14210,22340,35323,70890,161284,249798,312140,409901,603807,1279027,3558832,8343286,18214556,35148739,53341383,68491557,80999813,93711215,112772414,136634218,140540817,121686680,86057188,52936497,27630603,13495704,6284328,2950871,1533066,879231,544029,342710,217600,138621,88410,56427,36028,23078,14869"
un_europe_and_northern_america,2009,"0,0,0,0,0,0,0,0,309,1304,13291,57137,97572,137717,189613,249158,312030,387065,493672,763362,1395481,3366397,8131439,18551717,36100471,54536779,68978417,79538359,92739666,113177277,136042175,140751074,120725926,86770369,54260448,28469977,13937943,6585054,3044500,1517973,862182,666845,536948,414082,304773,214537,145215,94690,59919,37057"
un_europe_and_northern_america,2010,"0,0,0,0,0,0,0,0,829,3350,6213,10687,22291,45983,98585,206224,340754,432604,550218,735177,1374443,3238577,7433288,16988216,32688987,52746979,68770715,81243522,96673351,116658206,139415694,141646593,121694852,86475325,53890705,28527921,14014668,6556747,3033327,1503033,813170,473342,290805,184259,118576,76817,49930,32580,21401,14243"
un_europe_and_northern_america,2011,"0,0,0,0,0,0,0,0,1291,6616,12795,22658,37587,57812,84090,137301,261842,434386,563911,731970,1287571,3120589,7131621,15853774,31436679,51523134,68678536,83416457,99189196,119847407,140317845,141908701,120499830,85641425,53717771,28464203,14203787,6841116,3231138,1614671,889548,580107,483836,386863,291858,207982,140779,90997,56685,34347"
un_europe_and_northern_america,2012,"0,0,0,0,0,0,0,0,796,5399,13790,27881,48990,75029,113920,208188,355412,475909,640566,904723,1480407,3228567,6939353,15153639,30335308,50527676,69457866,86055100,101557521,119788118,140428932,142153793,119523933,86030216,54126056,28599623,14460677,6890796,3176022,1607341,920461,659280,553743,439877,329087,232498,156116,100202,62061,37434"
un_europe_and_northern_america,2013,"0,0,0,0,0,0,0,0,238,3415,9899,18519,31930,53441,83410,148381,283495,450187,574777,779185,1412383,3013539,6430442,14154587,28210048,49159470,69735684,85651386,103502923,122615040,140381207,143870136,121937713,86516307,54376552,28953168,14512768,6988122,3321319,1686769,943820,647581,509460,382111,273344,187236,123615,79060,49368,30353"
un_europe_and_northern_america,2014,"0,0,0,0,0,0,0,0,1203,10468,25942,69997,147017,248397,336537,408775,511739,672064,978152,1366521,1976621,3440518,6535188,13086322,26957785,47756380,68192755,86821594,103628689,124258060,142418299,145349528,121200531,85216359,53976939,29635325,15377068,7620244,3683960,1841820,959470,551097,334670,207469,130029,82017,52065,33280,21484,14069"
un_europe_and_northern_america,2015,"0,0,0,0,0,0,0,1,853,5656,17159,35079,59624,113629,218422,363701,503188,644854,864941,1239486,1863837,3287317,6679217,13983487,28706612,48460100,67437229,84266981,100795403,119369277,139711719,145508214,124598632,88797990,57225431,31740062,16155740,8043394,3939304,2007164,1094268,644851,512877,403188,298920,209428,139609,89161,55134,33381"
un_europe_and_northern_america,2016,"0,0,0,0,0,0,0,0,1169,7124,17811,34240,59561,112909,207598,307448,387121,503069,639403,852937,1396878,2754526,6184343,13485324,28406454,48958550,67737227,82857166,98558487,116634380,137294010,145650403,129993977,93278575,59237484,33284586,17418562,8741587,4251614,2184136,1182332,668581,401009,245623,153358,97359,62772,41024,27158,18243"
un_europe_and_northern_america,2017,"0,0,0,0,0,0,0,1,1214,7314,28136,85789,166265,227722,265148,313586,389824,502759,709973,1048901,1511556,2593327,5270163,11445750,25334354,44628445,66469038,84212738,100943609,118359316,137838880,145032654,130816561,96198815,61925180,34940487,18108337,9037734,4393480,2227850,1176104,683697,530164,393141,271992,176826,109550,65602,38699,22915"
un_europe_and_northern_america,2018,"0,0,0,0,0,0,0,0,1029,6253,13693,22961,34083,46469,75068,160080,284511,375189,502148,710763,1095442,2061031,4660172,10589507,24307179,45067549,66523169,83789244,97393012,115660397,138485325,146960217,133054796,99012107,64465645,37144468,19172572,9834334,4964881,2582875,1391677,758203,426001,249914,150282,92536,58342,37586,24740,16610"
un_europe_and_northern_america,2019,"0,0,0,0,0,0,0,0,1519,27955,75257,113006,144048,182254,220325,263232,311862,366713,481399,608584,900608,1572022,3786507,9656244,21080586,40481211,64081488,82892196,98322035,115972639,136633927,148589313,134782664,102406448,68022634,39622704,20941589,11096949,5642056,2936368,1591446,856124,465775,267244,156884,94240,58006,36509,23522,15474"
un_europe_and_northern_america,2020,"0,0,0,0,0,0,0,134,5416,18320,43975,73566,109837,151650,200439,249836,292897,346983,426327,591347,1006368,1882989,4162967,9202496,19754823,37867527,58308696,74567652,91149999,112925175,138617978,152804940,143325360,109870172,71279919,42312648,22375880,11484862,5706305,2928653,1587791,879591,513841,306722,186768,115902,73315,47163,30830,20464"
un_europe_and_northern_america,2021,"0,0,0,0,0,0,0,0,1313,8135,23738,58115,95681,135960,176164,219671,268865,338606,434984,556120,906669,1599330,3037438,6296136,13119105,25996257,43573801,63815711,88143684,119382755,150836391,165940150,153020282,116177569,75998121,42782220,21699984,11078610,5733803,2951133,1570013,860945,499549,295894,178877,110328,69496,44617,29207,19458"
un_europe_and_northern_america,2022,"0,0,0,0,0,0,0,0,1108,28593,80067,149380,188052,217661,248977,287424,337023,448270,629115,785196,1115883,1939284,3695409,7368862,14679613,26682606,40409819,62336581,92675957,123156776,151911766,163666097,151596452,114455026,72765265,42096134,21518904,10801108,5390989,2817602,1531450,845187,485007,285678,171900,105629,66305,42452,27720,18439"
un_europe_and_northern_america,2023,"0,0,0,0,0,0,0,0,649,7107,21624,41847,75051,145176,238373,307550,356719,446548,577165,785209,1070877,1700303,3176859,6241672,12465611,23554886,38669251,60993844,91938631,123185887,152277314,165395056,152360945,116603399,75246380,43921966,22780349,11711471,5808000,2924351,1574466,871034,500332,308391,194237,124330,80665,52862,34994,23390"
un_europe_and_northern_america,2024,"0,0,0,0,0,0,0,0,656,6391,20462,40810,74316,145101,238473,296865,347134,436433,560100,758958,1034676,1588656,2933547,5868535,11640150,22423316,37688086,59072384,89872646,122752327,152553986,166871201,152817402,118148899,77397591,45366599,23829431,12352399,6150672,3084662,1652250,915078,515025,319595,201981,129773,84506,55581,36931,24770"
un_europe_and_northern_america,2025,"0,0,0,0,0,0,0,0,514,5380,18059,37805,68021,135914,229450,303506,349505,432074,553402,748514,1005967,1557562,2884986,5757048,11366101,21944665,36716458,57593909,87687821,120795841,153056338,168554202,156142222,119698800,78229996,45899507,24097500,12512124,6227975,3124676,1687193,942700,535232,334926,213410,138104,90492,59834,39915,26850"
un_europe_and_northern_america,2026,"0,0,0,0,0,0,0,0,316,4207,15247,34002,59007,119701,206723,286330,330654,410686,532755,723873,1005290,1611525,3104908,6148145,12146038,22864218,35546686,54317060,83633993,116182618,148092331,166944181,157825414,124122184,82622234,49608357,26394361,13779593,6907910,3455770,1817669,982748,528683,313640,192155,120422,77170,50442,33628,22799"
un_europe_and_northern_america,2027,"0,0,0,0,0,0,0,0,287,3589,14029,32475,57803,118675,205279,283745,326013,402716,521146,707106,969618,1524370,2908433,5772192,11326477,21751151,35387370,54191335,82735558,115166418,148004466,167984675,159093497,125673922,83730442,50254389,26704514,13917759,6971538,3485512,1832748,991579,534202,317694,195166,122661,78835,51681,34545,23502"
un_europe_and_northern_america,2028,"0,0,0,0,0,0,0,0,202,3199,12955,31021,54107,111620,195877,278745,320806,393625,507460,679831,929338,1413548,2626104,5200457,10208659,19948832,34758640,53768182,81239312,113131115,145572710,167369688,160336286,128404291,86636704,52677354,28288644,14801989,7454900,3724620,1951014,1056525,566071,334800,205508,129078,82928,54342,36319,24706"
un_europe_and_northern_america,2029,"0,0,0,0,0,0,0,0,143,2777,11615,29090,50190,104477,186211,272150,314511,383707,493922,655381,894057,1328003,2431851,4807065,9463144,18570514,33529007,52491592,79238026,110400554,142936783,166705544,161893458,131739517,89997802,55227645,29946151,15748024,7977771,3985325,2074937,1124874,600586,352629,216256,135733,87155,57100,38156,25957"
un_europe_and_northern_america,2030,"0,0,0,0,0,0,0,0,200,3000,12167,29645,50467,104468,186153,272200,314411,384588,496142,659212,904150,1347790,2466427,4877999,9591641,18724435,33822057,52992858,79909267,111279967,143892367,166747860,161487976,130575401,89228241,54858416,29833493,15710602,7968369,3983109,2074816,1124669,600578,353259,217181,136678,88004,57835,38770,26456"
un_europe_and_northern_america,2031,"0,0,0,0,0,0,0,0,163,2658,11172,28147,49025,103216,184933,270722,312335,381041,490859,654732,897207,1322572,2387693,4670951,9162668,17815619,32616811,51835078,78679781,110179424,143427824,167359841,163160785,132749062,90811240,55664952,30228111,15911166,8064977,4026581,2095050,1136163,607760,358382,220949,139442,90032,59331,39872,27281"
un_europe_and_northern_america,2032,"0,0,0,0,0,0,0,0,149,2381,10382,26856,47434,101758,183504,268787,309056,374280,480767,643036,881620,1284472,2292050,4463501,8746160,16901573,31356550,50579725,77517446,109345179,143194736,168048900,164699399,134568493,92280379,56543470,30669757,16109497,8156109,4064581,2106499,1138058,606845,357285,220160,138971,89803,59267,39916,27390"
un_europe_and_northern_america,2033,"0,0,0,0,0,0,0,0,101,2221,9780,26080,46654,100954,182479,267512,307434,370990,475017,635587,870442,1262493,2239401,4325507,8484323,16384139,30636036,50076474,76967700,108609768,142137009,168022701,165328425,136161485,93508808,57435112,31156222,16308349,8245256,4107188,2127087,1149635,614152,362477,223972,141740,91851,60777,41027,28235"
un_europe_and_northern_america,2034,"0,0,0,0,0,0,0,0,81,1922,9048,24595,43531,94425,173122,261003,302712,363870,465618,619205,854451,1227171,2153871,4173061,8194447,15815736,29595755,48248356,74490268,106262055,140303627,167233278,166577319,138481894,96215230,59589173,32717687,17241204,8788281,4381804,2258103,1217776,647875,378369,233300,147397,95392,63073,42565,29284"
un_europe_and_northern_america,2035,"0,0,0,0,0,0,0,0,81,1790,8488,23541,42365,93326,172017,259567,300996,360212,459312,611273,843105,1201741,2085992,3994536,7839604,15058334,28412703,47307552,73701151,105420046,140113071,167890953,167824067,139792381,97360382,60275087,33056609,17399998,8865268,4415272,2277163,1233388,659912,387718,240437,152710,99281,65899,44629,30778"
un_europe_and_northern_america,2036,"0,0,0,0,0,0,0,0,60,1488,7677,21960,40636,91483,170323,257520,297671,353611,448410,597266,824252,1161563,1998033,3794254,7431677,14253236,27082750,45850260,72012557,103916194,138802314,167720240,169168721,142539978,99682829,61746994,33845496,17731879,9015127,4480261,2306263,1253303,674861,399040,248915,158927,103805,69190,47006,32502"
un_europe_and_northern_america,2037,"0,0,0,0,0,0,0,0,60,1442,7529,21663,40245,90875,169475,256357,296145,351581,445793,593723,820402,1153004,1969675,3702696,7231479,13862663,26432525,45589250,71994498,103843073,138689509,167637888,169351658,142989947,100244520,62158067,34092875,17844641,9070761,4507525,2319405,1260900,679796,402794,251892,161236,105570,70535,48031,33305"
un_europe_and_northern_america,2038,"0,0,0,0,0,0,0,0,60,1209,6787,20407,38808,89411,168002,254374,293352,346267,436815,582188,804227,1120295,1901590,3547631,6896776,13155670,25156147,44281879,70607206,102504606,137864787,167927766,170804561,145217397,101906176,63179983,34557675,18059303,9169001,4548505,2338541,1271880,686723,407666,255470,163872,107520,71996,49133,34141"
un_europe_and_northern_america,2039,"0,0,0,0,0,0,0,0,53,1111,6357,19176,37414,87792,166532,252719,291395,342502,430460,574093,796006,1102599,1851383,3413773,6602770,12567536,24093899,43177212,69486966,101457734,137093827,167713682,171561487,146844906,103577028,64278216,35218958,18341976,9300842,4610309,2367470,1286840,695924,413929,259926,167096,109857,73708,50395,35091"
un_europe_and_northern_america,2040,"0,0,0,0,0,0,0,0,37,1035,6103,18666,35974,82230,157647,246063,288331,338624,426234,563407,784470,1085035,1804023,3314569,6391264,12160983,23196437,42099201,68114186,99814685,134999113,166425631,171878234,148088416,105555422,66189389,36767213,19266661,9844116,4888830,2503879,1355634,730240,428590,268325,172057,112907,75680,51713,36012"
un_europe_and_northern_america,2041,"0,0,0,0,0,0,0,0,37,926,5488,17628,34657,80760,156302,244388,286135,334174,418452,553210,772056,1059915,1749684,3212915,6198063,11766547,22456047,40933676,66728241,98615636,134390383,166495364,172804183,149814976,106895478,67007372,37135316,19447596,9938681,4934417,2523994,1363417,733013,429712,268937,172459,113237,75956,51977,36260"
un_europe_and_northern_america,2042,"0,0,0,0,0,0,0,0,37,891,5048,16450,33324,79279,154824,242570,283953,330514,411842,543029,758235,1034492,1695890,3087395,5911971,11211043,21415267,39701568,65494887,97285521,133191894,166076410,173450248,151535498,108857646,68363030,37953401,19789542,10085440,5000720,2552182,1376760,741448,435604,273277,175629,115575,77704,53282,37243"
un_europe_and_northern_america,2043,"0,0,0,0,0,0,0,0,37,863,4871,16020,32601,78281,153612,241033,281842,327216,407121,537239,751039,1021958,1665661,3014673,5747627,10899672,20860411,39118910,64974140,96913427,132609266,165918136,173928355,152280911,109580551,68786961,38202834,19904367,10140914,5028701,2565241,1384196,746273,439206,276125,177852,117289,79024,54304,38041"
un_europe_and_northern_america,2044,"0,0,0,0,0,0,0,0,30,776,4407,14951,31405,76749,152131,239216,279722,324333,402389,529932,742528,1006402,1625365,2917464,5513414,10445412,19943233,37826476,63825098,95902704,131948183,165729675,174527414,153883449,111004115,69729570,38656581,20116622,10243105,5076623,2587051,1394789,752633,443619,279417,180305,119135,80417,55366,38853"
un_europe_and_northern_america,2045,"0,0,0,0,0,0,0,0,22,736,4062,14214,30340,75480,150717,237277,277296,319769,394481,518307,725084,976624,1567626,2795637,5256650,9933486,18988003,36448100,62300584,94446939,130368071,165137884,175440820,155708684,113015836,71191144,39563530,20475835,10381332,5133980,2608530,1404596,758865,448212,282920,182952,121125,81919,56510,39739"
un_europe_and_northern_america,2046,"0,0,0,0,0,0,0,0,22,701,3841,13641,29620,74518,149571,235816,275590,317664,391164,513201,718884,968105,1546624,2739835,5130778,9712553,18536559,35742644,61876723,94235279,130110358,164931496,175529521,156140968,113594292,71515128,39741780,20562050,10424724,5156666,2619884,1410843,762980,451368,285519,185005,122746,83201,57499,40520"
un_europe_and_northern_america,2047,"0,0,0,0,0,0,0,0,22,639,3553,12683,28327,67886,140680,227949,271865,312502,383926,498581,700715,942553,1484199,2617363,4872229,9239031,17548966,33910908,59542593,91708320,127360627,163240180,175973283,158366316,116357536,73981159,41566705,21640044,11057310,5483987,2774652,1487453,806959,470206,297043,192263,127439,86334,59649,42022"
un_europe_and_northern_america,2048,"0,0,0,0,0,0,0,0,22,620,3341,12276,27834,67215,139716,226552,269961,309731,379925,492810,692156,928042,1453623,2551791,4737027,8993286,17113514,33234184,59152975,91452375,127055769,163144050,175989012,158633363,116793138,74348033,41809703,21745449,11098842,5499862,2778348,1484864,804533,468775,296452,192148,127550,86570,59941,42315"
un_europe_and_northern_america,2049,"0,0,0,0,0,0,0,0,22,616,3215,11702,26887,65926,138335,224881,268203,307077,374750,485577,683980,917627,1430536,2500212,4620371,8761024,16658304,32421811,57951309,90260433,125996484,162420887,176194205,159562652,118165511,75290920,42448242,22013979,11209677,5554419,2800980,1496421,811748,473924,300356,195074,129755,88245,61206,43296"
un_europe_and_northern_america,2050,"0,0,0,0,0,0,0,0,21,515,2795,10915,25819,64800,136875,223009,265768,303172,368511,475793,669538,892453,1381520,2403924,4413381,8373737,15887244,31052540,56399784,88782093,124577892,161919775,177139640,161371871,119831662,76358663,42974754,22237052,11315668,5603656,2820009,1504944,817044,477704,303289,197326,131483,89581,62249,44105"
un_europe_and_northern_america,2051,"0,0,0,0,0,0,0,0,15,486,2738,10428,25071,63694,135591,221210,263712,300947,365977,472343,664972,886703,1369377,2373174,4328102,8198014,15573632,30474370,55956374,88413634,124051570,161413710,176911142,161680658,120369356,76752853,43191827,22347836,11367179,5629435,2834971,1514671,824295,483481,307935,200954,134284,91731,63909,45393"
un_europe_and_northern_america,2052,"0,0,0,0,0,0,0,0,15,483,2604,9929,24234,62553,134185,219585,261825,298322,361397,464021,652100,869406,1339425,2311571,4187963,7920683,14994540,29349673,54597955,87305686,123132273,161223763,177370558,162631364,121453076,77513627,43655933,22559432,11465983,5679957,2855375,1524185,830349,487857,311300,203537,136253,93237,65067,46285"
un_europe_and_northern_america,2053,"0,0,0,0,0,0,0,0,15,439,2370,9408,23447,61610,132858,217620,259330,294642,355984,458468,646615,860388,1321641,2279506,4094883,7708234,14608801,28584185,53636901,86290907,121869605,159741489,177226433,163366596,122947547,78568675,44385031,22886666,11598583,5740094,2882699,1536145,837217,492668,314907,206226,138278,94769,66245,47192"
un_europe_and_northern_america,2054,"0,0,0,0,0,0,0,0,15,425,2250,8800,22489,60251,131321,215756,257252,292298,352795,453517,640859,853903,1304120,2236973,3979788,7462850,14118750,27678376,52521639,85318497,121024942,159422178,177351668,164102441,123849003,79235005,44778069,23076823,11690814,5786683,2903441,1546078,843237,497020,318272,208808,140254,96288,67426,48120"
un_europe_and_northern_america,2055,"0,0,0,0,0,0,0,0,15,382,2132,8430,21875,55032,123223,207796,254101,287525,346922,443994,628794,841175,1264911,2168289,3854527,7210502,13589443,26574219,50714957,83340982,118799400,157241773,176640822,164841829,125851242,81352111,46588326,24189578,12333943,6122188,3064846,1627667,890879,519593,333324,219006,147251,101179,70872,50582"
un_europe_and_northern_america,2056,"0,0,0,0,0,0,0,0,15,341,1941,7887,21033,54054,121901,206152,252165,285052,343079,437775,620446,829118,1243698,2127790,3767784,7044173,13242099,25905374,49688450,82069010,117543656,156447458,176793026,165745540,126985658,82086984,46987113,24360831,12425171,6169873,3086653,1636229,896440,523656,336547,221521,149207,102703,72064,51513"
un_europe_and_northern_america,2057,"0,0,0,0,0,0,0,0,15,335,1924,7438,20200,52813,120395,204234,249933,282320,338188,430675,611247,818844,1224952,2088827,3669411,6834771,12851336,25095207,48388572,80816206,116381521,155306030,176588400,166309648,128433787,83177920,47786449,24739786,12581193,6245780,3121203,1651573,904972,529524,340878,224734,151609,104514,73445,52576"
un_europe_and_northern_america,2058,"0,0,0,0,0,0,0,0,10,321,1825,7081,19516,51823,118994,202498,247785,279191,333511,424198,601697,804458,1199030,2042119,3578175,6654252,12541825,24537294,47467261,80017012,115688871,154757399,176680524,166746240,129075204,83608617,48040211,24869305,12638004,6274412,3135027,1657939,909249,532751,343557,226873,153307,105849,74507,53422"
un_europe_and_northern_america,2059,"0,0,0,0,0,0,0,0,10,321,1787,6694,18873,51037,117827,200891,245895,276752,329685,417800,591874,790529,1178394,2003475,3486926,6457264,12143331,23760279,46303569,78958959,114806054,154260319,176832060,167348580,129895833,84247269,48485415,25080372,12730856,6321973,3155858,1663677,909163,531868,342804,226366,152988,105696,74463,53462"
un_europe_and_northern_america,2060,"0,0,0,0,0,0,0,0,10,279,1692,6457,18508,50380,116774,199467,244174,274658,326749,412833,583018,777141,1159542,1974984,3431289,6334872,11930164,23331980,45550058,78309656,114329083,153376696,176417916,167511588,130643680,84741974,48755740,25202777,12795034,6354110,3171981,1671172,913847,535362,345656,228617,154759,107091,75577,54334"
un_europe_and_northern_america,2061,"0,0,0,0,0,0,0,0,10,248,1607,5953,17507,49139,115168,197492,241764,271274,321506,405064,572426,763280,1130597,1916160,3311816,6083372,11462497,22459824,44131235,76821545,113097253,152762929,176704628,168480521,131893433,85655152,49333402,25469372,12902362,6403432,3192681,1677688,916900,537968,347954,230532,156332,108362,76594,55163"
un_europe_and_northern_america,2062,"0,0,0,0,0,0,0,0,10,247,1590,5671,16862,48211,113848,195786,239744,268968,317643,400175,566634,755701,1121392,1901342,3267011,5978222,11262305,22038723,43184597,75728935,111842635,151157452,176125674,168734060,133145585,86744844,50142113,25893511,13065237,6477760,3227924,1694220,930009,549644,357760,238372,162414,113048,80160,57870"
un_europe_and_northern_america,2063,"0,0,0,0,0,0,0,0,10,245,1562,5470,16450,47544,112774,194336,238123,267138,315108,396247,560978,749639,1111086,1878057,3220425,5880529,11064917,21645381,42557128,74887213,111059684,150761521,176187329,168975055,133534599,86988058,50347575,25990534,13113980,6507623,3243436,1699857,933685,552479,360168,240335,164024,114328,81199,58710"
un_europe_and_northern_america,2064,"0,0,0,0,0,0,0,0,9,222,1456,5166,15953,43189,105501,186130,235625,263185,310235,387688,548084,737275,1077577,1819629,3127146,5698492,10677848,20847504,41088343,73063729,109329285,148900888,175213120,169267997,134988162,88729753,51934119,27018644,13742005,6842049,3414085,1782507,980030,572684,372729,248768,169805,118419,84158,60893"
un_europe_and_northern_america,2065,"0,0,0,0,0,0,0,0,9,220,1442,4927,15142,42073,103919,184179,233333,260308,306123,381470,539641,727061,1060933,1785641,3051298,5521851,10344249,20148308,39801660,71504234,107886798,147856094,175137681,170096351,136439202,89884217,52610489,27368708,13898439,6918080,3450655,1795767,986970,577226,376056,251209,171636,119813,85233,61728"
un_europe_and_northern_america,2066,"0,0,0,0,0,0,0,0,4,208,1398,4703,14654,41419,102920,182781,231630,258460,304355,379744,537666,724529,1057551,1780318,3035495,5475753,10237561,19927638,39290760,70864458,107325943,147305370,174852409,170193640,136767867,90125592,52761617,27445606,13938156,6938839,3461406,1800188,989631,579815,378113,252466,172210,119886,84995,61314"
un_europe_and_northern_america,2067,"0,0,0,0,0,0,0,0,4,180,1343,4464,14152,40654,101742,181264,229847,256258,300366,373447,528379,712465,1042114,1754221,2980383,5337255,9938968,19345738,38222623,69377341,106207746,146076394,174493533,170530205,138005695,91247245,53657443,27935410,14128439,7030162,3506061,1818770,999205,586478,383053,256170,174972,121976,86589,62539"
un_europe_and_northern_america,2068,"0,0,0,0,0,0,0,0,4,180,1257,4267,13786,39984,100665,179729,227841,253741,296647,368534,522467,705010,1028738,1732565,2954099,5289772,9848562,19159652,37885647,68779643,105396992,145058387,173876045,170500838,138718049,91775811,53997971,28108165,14213487,7073071,3527891,1827832,1001814,586950,382924,255816,174630,121688,86392,62424"
un_europe_and_northern_america,2069,"0,0,0,0,0,0,0,0,4,180,1249,4067,13355,39244,99520,178154,226097,251728,293736,363890,515447,696541,1016633,1707370,2901854,5176788,9621845,18682215,36977757,67515270,104329104,144449320,173990552,171005696,139519150,92409091,54392829,28333157,14323313,7135835,3561917,1840477,1006997,589624,384546,256879,175357,122231,86825,62778"
un_europe_and_northern_america,2070,"0,0,0,0,0,0,0,0,4,180,1232,3889,12608,38376,98243,176533,224096,249435,291130,360455,510386,688870,1006050,1697606,2889975,5138396,9541483,18475346,36446843,66552375,103537852,143827815,173729337,171226589,139931664,92873751,54647219,28489177,14402709,7177136,3584453,1853944,1012686,593420,387504,259171,177136,123613,87916,63657"
un_europe_and_northern_america,2071,"0,0,0,0,0,0,0,0,4,179,1209,3725,12241,37706,97182,175103,222449,247332,287757,355021,501877,676708,985225,1660851,2832772,5023329,9297396,17994535,35635963,65393156,102548201,143110778,173470027,171506158,140655418,93651692,55225128,28844771,14569097,7273017,3636228,1878205,1024918,601662,393437,263487,180307,125978,89693,65001"
un_europe_and_northern_america,2072,"0,0,0,0,0,0,0,0,4,180,1146,3590,12008,37272,96329,173700,220617,245071,284266,350143,495275,668360,973268,1643145,2804547,4964072,9180762,17777402,35106493,64447159,101627671,141829200,172648373,171373042,141639217,94538884,55917403,29251603,14741198,7353288,3675314,1896313,1033917,607937,398097,266967,182918,127967,91203,66177"
un_europe_and_northern_america,2073,"0,0,0,0,0,0,0,0,4,180,1121,3449,11577,36562,95191,172251,218992,243255,281883,347267,491945,664987,968889,1634220,2794145,4952115,9150320,17681932,34875266,64004235,100984259,141067749,172124857,171271729,141943687,94884586,56124906,29363149,14797770,7384100,3693123,1903676,1037614,610340,400002,268496,184133,128943,91994,66827"
un_europe_and_northern_america,2074,"0,0,0,0,0,0,0,0,4,180,1116,3305,11223,35941,94217,170711,217060,241226,279093,342982,485338,655745,956550,1617040,2762616,4884371,8978372,17291656,34153604,62800678,100002515,140443210,172174936,171799697,142613429,95417334,56456574,29550780,14877281,7427633,3716230,1913022,1040168,612367,401858,270075,185454,130022,92905,67575"
un_europe_and_northern_america,2075,"0,0,0,0,0,0,0,0,4,157,1074,3209,10652,35154,92927,169101,215149,238939,276001,338799,480184,649749,946365,1597253,2733423,4828172,8879014,17105258,33802703,62144255,99340665,139944539,171869083,171738748,142871364,95798694,56681289,29694484,14952821,7467803,3738254,1925306,1046577,616698,405224,272694,187486,131616,94151,68555"
un_europe_and_northern_america,2076,"0,0,0,0,0,0,0,0,4,155,1064,3114,10366,31699,86318,160847,212419,235396,272078,332571,468226,640788,922594,1548793,2655778,4696244,8577200,16393879,32434957,60005123,96940896,137637538,170689559,172082531,144411772,98008865,58638419,31036551,15710498,7874402,3942461,2024753,1097044,636275,417049,280352,192559,135095,96575,70287"
un_europe_and_northern_america,2077,"0,0,0,0,0,0,0,0,0,145,986,2942,10122,31317,85540,159545,210758,233457,269664,329439,463290,633099,909460,1526499,2618884,4628386,8482402,16244789,32170382,59580088,96273237,136758672,170010703,171997510,144954371,98480399,58943405,31179671,15782373,7911556,3961336,2033699,1101089,639361,420022,283310,195461,137837,99122,72606"
un_europe_and_northern_america,2078,"0,0,0,0,0,0,0,0,0,143,982,2841,9686,30541,84365,157918,208897,231425,266918,325254,456363,622959,896030,1508200,2589236,4577591,8363126,15931315,31502631,58329336,94955056,135757050,169819317,172563276,145744269,99297765,59419946,31474794,15916530,7980884,4000758,2053097,1109432,644828,424179,286476,197895,139725,100582,73763"
un_europe_and_northern_america,2079,"0,0,0,0,0,0,0,0,0,143,973,2754,9469,30104,83586,156659,207263,229442,263737,320963,450864,616023,885022,1488511,2558201,4527418,8271182,15798112,31272638,57828124,94386424,135095183,169340955,172307304,145944565,99644486,59752450,31715322,16002748,8016136,4018068,2062201,1114177,648609,427351,289073,199980,141373,101910,74824"
un_europe_and_northern_america,2080,"0,0,0,0,0,0,0,0,0,142,956,2703,8941,29319,82302,154961,205197,227030,260635,316942,445688,608820,873475,1467696,2526002,4472160,8193575,15647629,30924791,57147527,93467881,134360791,168954103,172265905,146308622,100179121,60097362,31935335,16119092,8074804,4049705,2079502,1122644,653745,431227,292016,202197,143070,103216,75848"
un_europe_and_northern_america,2081,"0,0,0,0,0,0,0,0,0,140,931,2645,8690,28836,81400,153485,203293,225188,258294,313409,440019,601450,864234,1450392,2490209,4404204,8060697,15394029,30474577,56482669,92564934,133453518,168582735,172385037,146877589,100781578,60453917,32160990,16210891,8121024,4077186,2093608,1127786,656506,433379,293720,203555,144173,104110,76575"
un_europe_and_northern_america,2082,"0,0,0,0,0,0,0,0,0,139,926,2620,8595,28570,80703,152269,201685,223374,256188,310809,435898,594908,855063,1438704,2475240,4379763,8013882,15303346,30311217,56013196,91987772,132982568,168237728,172147717,146857719,100990375,60660278,32321218,16286436,8157276,4096370,2103373,1130782,658972,435743,295802,205312,145618,105289,77542"
un_europe_and_northern_america,2083,"0,0,0,0,0,0,0,0,0,139,871,2410,8194,27873,79680,150743,199883,221213,253084,306605,430475,588555,844396,1418968,2438151,4311931,7912952,15093066,29918147,55338453,90990821,131988796,167570197,172249252,147618725,101713726,61082019,32526143,16392773,8211393,4124669,2117300,1137494,663899,439615,298807,207647,147452,106729,78678"
un_europe_and_northern_america,2084,"0,0,0,0,0,0,0,0,0,139,867,2389,8001,27459,78811,149351,198178,219381,250751,303110,424727,580039,832324,1398082,2396458,4234058,7766214,14828317,29482098,54698675,90191872,131426948,167347031,172451360,147901447,102070057,61329821,32724800,16480973,8261258,4158903,2137026,1145860,669701,443990,302131,210202,149418,108269,79897"
un_europe_and_northern_america,2085,"0,0,0,0,0,0,0,0,0,120,827,2306,7853,27096,78048,147990,196389,217319,248305,300101,420793,575212,826622,1391118,2395191,4246693,7786064,14832143,29409877,54444856,89721924,130835712,166853954,172252280,147889676,102137676,61418872,32806944,16529218,8288649,4175161,2146057,1151310,673840,447348,304812,212321,151095,109606,80958"
un_europe_and_northern_america,2086,"0,0,0,0,0,0,0,0,0,120,820,2271,7394,26363,76784,146285,194343,215108,245219,295344,412964,563519,809740,1361817,2338489,4132197,7582047,14495603,28777651,53377252,88297393,129444317,166239769,172412179,148775503,103375755,62273382,33386474,16783256,8403677,4234373,2176659,1164241,681431,452859,308872,215357,153391,111352,82310"
un_europe_and_northern_america,2087,"0,0,0,0,0,0,0,0,0,120,815,2253,7308,26103,76116,145072,192749,213325,243212,293017,409578,558278,802380,1352466,2324742,4108547,7543990,14424832,28635883,53041319,87873098,129175977,166027932,172252077,148635485,103329168,62296258,33440380,16836906,8441800,4257523,2189501,1169824,684913,455708,311192,217195,154864,112542,83282"
un_europe_and_northern_america,2088,"0,0,0,0,0,0,0,0,0,119,808,2200,7109,25669,75259,143778,191082,211387,240369,289259,404748,551226,790606,1330239,2289352,4047112,7437713,14242250,28391448,52677728,87281563,128610204,165696149,172116484,148712472,103620990,62569363,33629763,16926908,8483811,4279962,2200951,1175198,687417,457948,313092,218777,156157,113602,84155"
un_europe_and_northern_america,2089,"0,0,0,0,0,0,0,0,0,118,762,2074,6751,24995,74206,142109,189068,209354,237701,285241,398473,542705,778842,1311145,2249879,3968661,7307917,13986947,27860306,51818146,86103877,127287856,164772837,172235909,149657252,104769631,63280929,34041979,17125690,8581006,4332630,2227075,1185386,693730,462611,316580,221426,158181,115163,85380"
un_europe_and_northern_america,2090,"0,0,0,0,0,0,0,0,0,118,741,2030,6639,24689,73485,140817,187326,207351,235320,282331,394561,537636,772061,1300368,2232381,3938979,7261102,13892659,27660941,51449046,85472862,126671218,164352897,172195022,149903969,105016504,63458476,34150644,17180798,8608096,4346999,2234061,1187409,695185,464140,318035,222700,159279,116108,86170"
un_europe_and_northern_america,2091,"0,0,0,0,0,0,0,0,0,107,719,1975,6518,24381,72799,139560,185694,205532,233267,279933,391562,534636,770084,1299426,2232150,3935071,7246773,13850945,27563959,51232145,85081140,126312115,164136411,172082024,149819419,104970737,63450477,34152113,17186295,8612716,4350574,2236447,1189278,697032,466036,319765,224210,160564,117177,87074"
un_europe_and_northern_america,2092,"0,0,0,0,0,0,0,0,0,105,714,1956,6379,21748,67013,132176,182815,202452,230068,275480,380822,525082,747635,1257799,2174016,3852740,7056192,13375773,26584502,49723266,83191334,124158497,162739054,172206606,150820702,106740023,65085630,35363345,17918476,9009458,4560576,2345061,1244013,717750,477594,327393,229402,164215,119815,89010"
un_europe_and_northern_america,2093,"0,0,0,0,0,0,0,0,0,104,707,1936,6101,21319,66120,130860,180953,200411,227726,272754,377177,520448,741315,1247457,2157985,3816302,7000271,13285603,26383720,49342783,82565702,123489408,162323202,172088259,150984465,107082563,65347893,35520178,18004534,9055212,4585967,2358691,1251843,722094,481027,330130,231560,165938,121170,90102"
un_europe_and_northern_america,2094,"0,0,0,0,0,0,0,0,0,104,703,1886,5949,20992,65451,129692,179379,198584,225351,269680,373396,515862,734442,1233658,2137478,3785054,6954404,13215365,26297339,49193881,82257165,123154431,162194121,172015036,150861318,107002831,65315666,35513808,18006119,9059996,4590681,2362066,1254280,724312,483162,332017,233174,167283,122301,91036"
un_europe_and_northern_america,2095,"0,0,0,0,0,0,0,0,0,102,699,1829,5734,20502,64645,128328,177642,196644,222761,266445,369247,510469,727288,1223378,2119578,3751502,6898111,13114265,26054835,48641239,81428608,121863660,161061747,171700614,151294574,107917586,66070874,36058199,18257428,9170814,4645259,2389430,1265994,730394,487820,335590,235932,169405,123952,92333"
un_europe_and_northern_america,2096,"0,0,0,0,0,0,0,0,0,106,695,1813,5623,20183,63862,126974,175896,194742,220497,263234,364346,504037,720360,1213305,2098955,3712988,6826419,12981982,25757088,48130917,80622540,120995303,160576870,171798171,151602725,108406385,66443865,36319634,18393763,9233155,4681540,2409608,1274977,735321,491621,338563,238247,171230,125397,93492"
un_europe_and_northern_america,2097,"0,0,0,0,0,0,0,0,0,90,629,1723,5505,19954,63251,125820,174314,192978,218302,260799,361807,502136,719252,1210668,2087655,3674201,6754132,12867131,25567753,47840492,80133738,120341817,159939551,171610304,151851039,108811924,66725501,36470694,18470964,9274001,4703952,2420751,1280450,737602,493719,340394,239789,172513,126458,94364"
un_europe_and_northern_america,2098,"0,0,0,0,0,0,0,0,0,90,625,1710,5386,19662,62574,124658,172763,191230,216038,257816,357686,496121,711864,1205448,2093272,3698782,6791459,12896048,25550663,47671408,79773760,119829080,159498064,171449463,151746300,108819225,66776018,36519864,18513199,9306157,4726601,2435758,1290373,744449,498983,344456,242937,174961,128372,95884"
un_europe_and_northern_america,2099,"0,0,0,0,0,0,0,0,0,89,615,1687,5285,19328,61782,123296,170922,189407,214002,254973,353242,489547,703234,1192693,2068667,3650502,6697362,12728941,25252613,47193357,79064899,119041102,159031039,171519288,152033499,109276083,67138458,36757329,18641595,9362802,4759097,2454073,1298689,748328,501971,346802,244784,176431,129554,96834"
un_europe_and_northern_america,2100,"0,0,0,0,0,0,0,0,0,87,609,1643,5133,18979,61110,122125,169323,187567,211570,251756,349203,484945,697440,1181176,2051411,3623865,6651470,12653842,25163000,47054651,78839453,118772613,158859661,171401642,151915085,109191282,67096422,36749104,18643071,9367243,4763637,2457578,1300128,749375,503225,348018,245884,177398,130381,97547"
un_latin_america_and_the_caribbean,1800,"0,6,117,483,1437,3853,9706,21794,43600,93131,210883,440245,777426,1229699,1734954,2093079,2227847,2094633,1783226,1413387,1042378,714970,457145,277462,164787,95382,54191,30086,16414,8962,4943,2714,1477,807,430,228,106,43,14,0,0,0,0,0,0,0,0,0,0,0"
un_latin_america_and_the_caribbean,1801,"0,6,117,485,1452,3893,9806,22071,44226,94635,214452,447636,790450,1249977,1761807,2121798,2256642,2114795,1792575,1411054,1034307,708670,453110,274912,163817,94675,53780,29886,16210,8784,4818,2649,1439,786,419,221,101,41,12,0,0,0,0,0,0,0,0,0,0,0"
un_latin_america_and_the_caribbean,1802,"0,6,117,491,1467,3934,9921,22364,45013,97601,222655,463228,810806,1280750,1793509,2150071,2271504,2116544,1788883,1407119,1032090,707714,451847,273953,163201,94478,53551,29688,16124,8771,4826,2648,1436,785,417,221,102,44,13,0,0,0,0,0,0,0,0,0,0,0"
un_latin_america_and_the_caribbean,1803,"0,6,118,484,1464,3939,9933,22435,45372,98845,225618,468790,819359,1295188,1815370,2176910,2302529,2142638,1804727,1412342,1031249,705266,449522,272040,161850,93433,52941,29323,15896,8606,4720,2590,1401,762,405,213,98,39,12,0,0,0,0,0,0,0,0,0,0,0"
un_latin_america_and_the_caribbean,1804,"0,6,118,489,1482,3983,10049,22744,46357,102964,236779,490068,850343,1340853,1860390,2213868,2319022,2138500,1792454,1399418,1020889,699202,445229,269146,160200,92421,52250,28871,15632,8461,4652,2545,1375,746,398,208,91,39,12,0,0,0,0,0,0,0,0,0,0,0"
un_latin_america_and_the_caribbean,1805,"0,6,118,493,1500,4028,10176,23077,47138,104821,241093,498537,863240,1358353,1881351,2235359,2336498,2152249,1802761,1408831,1029041,704910,448906,271414,161488,93382,52839,29219,15844,8610,4739,2597,1401,759,402,213,92,40,14,0,0,0,0,0,0,0,0,0,0,0"
un_latin_america_and_the_caribbean,1806,"0,6,118,485,1493,4019,10156,23086,47689,108950,253026,521409,895538,1403108,1923101,2267505,2345385,2145351,1791532,1401780,1026430,704551,448362,271319,161515,93584,52891,29221,15870,8669,4788,2627,1412,762,403,214,90,41,15,0,0,0,0,0,0,0,0,0,0,0"
un_latin_america_and_the_caribbean,1807,"0,6,118,490,1512,4072,10289,23459,48937,114001,265530,542640,924144,1443672,1961746,2301895,2364429,2148399,1787195,1396190,1021481,701147,445557,269626,160431,92753,52329,28884,15694,8558,4732,2595,1392,749,399,211,87,42,15,0,0,0,0,0,0,0,0,0,0,0"
un_latin_america_and_the_caribbean,1808,"0,6,118,495,1529,4124,10433,23875,50438,119807,279708,566776,958916,1491882,2007302,2339193,2382777,2150340,1782104,1388043,1012236,693702,439639,265835,158302,91314,51431,28346,15386,8382,4619,2529,1352,731,386,203,84,42,14,1,0,0,0,0,0,0,0,0,0,0"
un_latin_america_and_the_caribbean,1809,"0,6,118,498,1549,4183,10585,24336,52169,126184,294790,591596,994542,1539011,2049942,2371391,2394236,2148270,1775346,1381341,1007332,691565,438875,265912,158812,91693,51508,28369,15379,8357,4597,2522,1345,722,378,199,86,42,14,1,0,0,0,0,0,0,0,0,0,0"
un_latin_america_and_the_caribbean,1810,"0,6,118,488,1528,4137,10494,24235,53036,131669,309261,616305,1032682,1590107,2098068,2408846,2410294,2148568,1769526,1375294,1003622,689392,437371,265304,158634,91530,51367,28270,15318,8330,4587,2513,1337,723,379,196,85,42,14,1,0,0,0,0,0,0,0,0,0,0"
un_latin_america_and_the_caribbean,1811,"0,6,118,489,1537,4164,10567,24546,54905,138920,326515,644994,1079138,1650552,2156159,2452735,2430156,2149053,1759428,1359701,988823,678146,429541,260623,156024,89671,50266,27616,14909,8053,4410,2415,1291,697,363,188,82,40,13,1,0,0,0,0,0,0,0,0,0,0"
un_latin_america_and_the_caribbean,1812,"0,6,118,491,1542,4183,10619,24689,55343,140494,330976,654514,1094981,1673930,2185241,2483716,2458288,2171521,1776135,1371957,997791,684552,433721,263226,157603,90596,50778,27889,15045,8120,4446,2441,1303,703,368,190,82,41,14,1,0,0,0,0,0,0,0,0,0,0"
un_latin_america_and_the_caribbean,1813,"0,6,118,480,1512,4121,10467,24355,54858,140749,333875,662677,1110556,1698403,2217560,2520014,2493879,2199665,1795244,1382824,1003893,688479,436044,264701,158521,90963,50981,27974,15045,8080,4413,2422,1297,697,365,187,84,40,14,1,0,0,0,0,0,0,0,0,0,0"
un_latin_america_and_the_caribbean,1814,"0,6,118,480,1516,4124,10484,24443,55158,142091,338114,672292,1127577,1724754,2251020,2556668,2528636,2226595,1813334,1392945,1009612,692268,438350,266196,159388,91356,51191,28058,15042,8057,4396,2414,1300,695,361,189,83,40,14,1,0,0,0,0,0,0,0,0,0,0"
un_latin_america_and_the_caribbean,1815,"0,6,118,481,1517,4133,10513,24523,55456,143421,342360,681835,1144577,1752781,2285728,2594108,2562597,2249906,1826871,1401117,1016341,699344,444154,269877,161579,92516,51928,28428,15225,8124,4415,2439,1308,700,367,192,84,42,15,2,0,0,0,0,0,0,0,0,0,0"
un_latin_america_and_the_caribbean,1816,"0,6,118,474,1489,4070,10372,24358,56691,150243,359673,710709,1191013,1807319,2335812,2626328,2568192,2244245,1820294,1399955,1020030,703369,447321,272143,163194,93358,52335,28647,15372,8220,4473,2458,1327,705,370,194,86,43,15,2,0,0,0,0,0,0,0,0,0,0"
un_latin_america_and_the_caribbean,1817,"0,6,119,474,1492,4081,10394,24385,56481,149953,360336,713360,1199363,1830163,2372397,2673160,2614271,2278548,1840622,1410627,1026186,709154,451877,275166,165225,94514,52823,28854,15380,8169,4430,2445,1320,703,366,193,88,44,16,3,0,0,0,0,0,0,0,0,0,0"
un_latin_america_and_the_caribbean,1818,"0,6,119,475,1496,4085,10416,24462,56773,151250,364312,721382,1211174,1849661,2399327,2704558,2647767,2309741,1867212,1431874,1041936,720063,458685,279229,167642,95807,53544,29217,15565,8262,4483,2479,1341,711,372,196,89,44,17,3,0,0,0,0,0,0,0,0,0,0"
un_latin_america_and_the_caribbean,1819,"0,6,119,476,1502,4108,10480,24638,57291,153093,369657,733851,1234913,1884352,2441033,2748485,2684499,2334186,1879889,1436623,1044638,722593,460413,280628,168476,96245,53809,29358,15614,8263,4472,2477,1334,708,371,198,89,43,17,3,0,0,0,0,0,0,0,0,0,0"
un_latin_america_and_the_caribbean,1820,"0,6,121,472,1488,4088,10436,24523,57140,153575,372220,740168,1247011,1907243,2472754,2787662,2725200,2368028,1903261,1450042,1053030,727978,463737,282804,169670,96809,54120,29504,15642,8255,4472,2473,1341,712,371,200,89,44,17,3,0,0,0,0,0,0,0,0,0,0"
un_latin_america_and_the_caribbean,1821,"0,4,103,433,1409,3899,9991,23779,56237,152846,373649,748733,1269604,1945061,2522125,2852496,2780076,2402517,1907822,1439229,1042394,721609,460694,281314,167704,95648,53482,28905,15121,7866,4250,2378,1297,686,358,191,86,42,19,4,0,0,0,0,0,0,0,0,0,0"
un_latin_america_and_the_caribbean,1822,"0,4,106,440,1421,3929,10102,24050,56803,153787,375337,752630,1277175,1957401,2543848,2884899,2820065,2437777,1933079,1455520,1051698,729031,466941,285377,170387,97521,54424,29410,15354,7987,4321,2420,1325,700,368,201,90,42,19,4,0,0,0,0,0,0,0,0,0,0"
un_latin_america_and_the_caribbean,1823,"0,4,108,436,1411,3921,10092,24062,56914,154459,376999,755850,1283855,1967492,2557357,2903745,2844848,2464071,1959340,1480477,1073128,746633,479776,293672,175470,100346,56103,30330,15892,8284,4460,2495,1373,732,384,210,100,45,21,5,0,0,0,0,0,0,0,0,0,0"
un_latin_america_and_the_caribbean,1824,"0,4,109,704,3355,9731,25003,61507,142183,300231,555967,922998,1390572,1990745,2523907,2809699,2728877,2355204,1883894,1445330,1049840,728851,469706,288132,170935,97179,53993,29026,15241,7946,4255,2368,1302,700,373,212,99,46,21,5,0,0,0,0,0,0,0,0,0,0"
un_latin_america_and_the_caribbean,1825,"0,2,91,670,3307,9648,24841,61437,142940,303041,561913,929635,1391290,1987142,2519308,2808584,2745628,2388873,1921653,1486063,1084721,755228,488443,299892,177692,100659,55896,30013,15764,8239,4394,2445,1344,723,386,220,107,49,23,6,0,0,0,0,0,0,0,0,0,0"
un_latin_america_and_the_caribbean,1826,"0,2,91,675,3334,9750,25109,61992,143883,305122,566298,937462,1400315,1995021,2534630,2831277,2775916,2423664,1949369,1511479,1104214,768660,498833,306521,182050,103354,57292,30733,16044,8354,4455,2472,1353,734,394,227,113,51,23,7,0,0,0,0,0,0,0,0,0,0"
un_latin_america_and_the_caribbean,1827,"0,2,93,689,3394,9929,25569,63123,146316,309639,572535,942772,1400943,1992102,2529541,2827738,2786211,2453819,1990565,1555958,1143361,798543,519577,319774,189959,107522,59648,32083,16807,8786,4659,2586,1421,779,416,242,123,58,27,9,0,0,0,0,0,0,0,0,0,0"
un_latin_america_and_the_caribbean,1828,"0,2,94,699,3451,10090,25948,63938,147809,312634,578445,952003,1410855,2001616,2542446,2846312,2810279,2483696,2020870,1587680,1172399,818669,532192,326974,193683,109255,60373,32373,16851,8767,4649,2582,1414,776,415,248,132,61,28,9,0,0,0,0,0,0,0,0,0,0"
un_latin_america_and_the_caribbean,1829,"0,2,95,711,3512,10264,26396,65063,150685,318699,588973,969452,1433881,2023076,2563367,2861951,2825315,2502519,2042622,1611578,1196202,838792,547769,337247,199962,112838,62384,33498,17455,9096,4824,2678,1475,814,434,259,140,68,30,11,0,0,0,0,0,0,0,0,0,0"
un_latin_america_and_the_caribbean,1830,"0,1,78,679,3465,10182,26252,65155,151874,322016,595967,979545,1445444,2037849,2580319,2880061,2848746,2532769,2077240,1644585,1225382,862769,564783,348920,207434,117547,64839,34916,18196,9474,5014,2768,1523,833,449,268,149,70,31,10,0,0,0,0,0,0,0,0,0,0"
un_latin_america_and_the_caribbean,1831,"0,1,81,684,3503,10296,26584,66025,153952,326216,603277,991796,1466094,2068466,2617507,2921924,2886849,2561633,2097056,1660220,1241167,877577,577327,357460,212753,120600,66617,35936,18728,9744,5139,2824,1559,849,457,271,152,72,33,12,0,0,0,0,0,0,0,0,0,0"
un_latin_america_and_the_caribbean,1832,"0,1,82,696,3522,10375,26762,66189,152936,321539,593621,980997,1452376,2059122,2624752,2951759,2936656,2616942,2154035,1712727,1287918,915745,601962,371682,220505,125177,69114,37239,19374,10038,5314,2943,1624,887,484,284,168,83,38,13,0,0,0,0,0,0,0,0,0,0"
un_latin_america_and_the_caribbean,1833,"0,1,83,701,3565,10492,27071,66982,154845,325063,598497,986305,1459391,2073615,2645546,2979638,2969246,2651827,2193127,1750732,1323663,947220,626202,388389,230971,131525,72684,39339,20550,10679,5630,3117,1720,941,513,306,180,89,43,14,1,0,0,0,0,0,0,0,0,0"
un_latin_america_and_the_caribbean,1834,"0,0,67,671,3523,10414,26935,67016,155632,327135,603059,993350,1469376,2091243,2673513,3016443,3011681,2695266,2236741,1790347,1355763,971491,642783,398781,237405,135257,74535,40302,21034,10930,5774,3199,1763,965,524,313,190,92,46,14,1,0,0,0,0,0,0,0,0,0"
un_latin_america_and_the_caribbean,1835,"0,0,67,679,3565,10567,27339,68046,157926,331552,611314,1005463,1482506,2107009,2691531,3043862,3047199,2730464,2277351,1829198,1393560,1003118,665198,413208,246394,140806,77834,42267,22168,11555,6049,3322,1832,999,546,322,199,99,49,15,2,0,0,0,0,0,0,0,0,0"
un_latin_america_and_the_caribbean,1836,"0,0,68,665,3466,10314,26661,66369,155209,333640,631379,1045666,1520680,2124926,2678340,3034530,3065136,2766453,2332668,1878595,1435209,1034772,687371,428450,257983,148652,82934,45372,23861,12371,6351,3385,1857,1013,560,326,197,95,45,15,2,0,0,0,0,0,0,0,0,0"
un_latin_america_and_the_caribbean,1837,"0,0,71,452,2143,6457,16848,42877,107309,259306,542947,959591,1464839,2120525,2736697,3131319,3180965,2883795,2434816,1963707,1500925,1084910,726154,454683,274716,158586,88224,48365,25514,13342,6863,3644,2009,1101,603,351,214,101,44,17,3,0,0,0,0,0,0,0,0,0"
un_latin_america_and_the_caribbean,1838,"0,0,56,344,1242,3698,9978,26435,72538,202991,476642,895084,1427793,2135942,2813144,3252826,3314781,3002598,2520802,2021796,1534387,1105426,739534,462541,279211,160809,89471,49003,25896,13591,6968,3699,2051,1130,615,350,210,103,42,17,3,0,0,0,0,0,0,0,0,0"
un_latin_america_and_the_caribbean,1839,"0,0,57,348,1253,3723,10194,28475,80224,220466,501302,924110,1463198,2170226,2847344,3293394,3358575,3043115,2548493,2036874,1547591,1119572,752487,472322,284319,163994,91485,50150,26567,14019,7237,3871,2161,1190,647,369,222,109,53,19,4,0,0,0,0,0,0,0,0,0"
un_latin_america_and_the_caribbean,1840,"0,0,57,350,1255,3739,10300,29403,83922,229202,515004,939535,1478652,2179589,2854233,3304135,3385502,3087885,2607078,2097794,1597423,1154988,776242,487456,293631,169463,94709,52150,27863,14804,7659,4088,2284,1263,686,388,233,114,54,19,4,0,0,0,0,0,0,0,0,0"
un_latin_america_and_the_caribbean,1841,"0,0,43,319,1185,3578,9706,26304,73870,205987,482030,914410,1478531,2185338,2845071,3301350,3408412,3149514,2693740,2192345,1687326,1226942,824896,511633,306938,177882,99300,54884,29329,15635,8106,4279,2371,1306,717,406,243,126,52,21,5,0,0,0,0,0,0,0,0,0"
un_latin_america_and_the_caribbean,1842,"0,0,43,322,1200,3616,9832,26449,74035,206901,485676,923186,1492832,2207835,2872608,3328908,3440857,3192574,2747655,2244863,1735873,1264927,850104,527851,316641,183551,102505,56841,30477,16269,8496,4511,2501,1383,762,436,264,139,60,22,5,0,0,0,0,0,0,0,0,0"
un_latin_america_and_the_caribbean,1843,"0,0,45,324,1210,3676,9951,26231,73487,208413,493626,937809,1517600,2244525,2920350,3399004,3524806,3265807,2788938,2259806,1741248,1269213,857409,535512,320148,184982,103337,57276,30547,16219,8394,4437,2477,1366,744,421,251,135,58,26,6,0,0,0,0,0,0,0,0,0"
un_latin_america_and_the_caribbean,1844,"0,0,32,293,1140,3509,9541,25361,72258,208095,497141,948057,1535630,2272660,2958154,3457792,3596199,3331249,2836419,2292759,1768514,1291645,873337,545532,325575,187889,104875,58029,30827,16313,8411,4447,2481,1369,746,417,250,134,59,26,7,0,0,0,0,0,0,0,0,0"
un_latin_america_and_the_caribbean,1845,"0,0,33,293,1117,3469,9523,24625,68012,195651,476911,927986,1521557,2267824,2971740,3495863,3661696,3405795,2906618,2355813,1825420,1342126,914429,574035,343980,198965,110722,61442,32815,17460,9052,4744,2635,1449,783,432,257,140,66,28,8,0,0,0,0,0,0,0,0,0"
un_latin_america_and_the_caribbean,1846,"0,0,23,262,1046,3232,8956,23493,65658,190317,467771,922101,1527247,2289778,3011717,3558654,3738889,3483190,2969710,2398963,1864037,1378580,943201,586268,346664,196968,109372,60560,32071,16878,8698,4610,2657,1547,896,511,310,170,84,38,8,0,0,0,0,0,0,0,0,0"
un_latin_america_and_the_caribbean,1847,"0,0,23,258,1017,3165,8915,23525,64379,181103,441132,878210,1490028,2284121,3050033,3639025,3837465,3581110,3053202,2471812,1922322,1419231,965675,594824,352181,200391,110653,61359,32961,17587,9212,4935,2817,1630,949,534,321,178,87,38,9,0,0,0,0,0,0,0,0,0"
un_latin_america_and_the_caribbean,1848,"0,0,16,230,955,3041,8633,23091,63853,180412,440330,877921,1492879,2293808,3071333,3680299,3887531,3639854,3117139,2534801,1978435,1464684,1000385,617950,367212,209773,115850,64204,34742,18581,9747,5206,2955,1707,1000,567,342,189,93,40,11,0,0,0,0,0,0,0,0,0"
un_latin_america_and_the_caribbean,1849,"0,0,16,233,936,2997,8556,23131,63785,177674,429834,857426,1479009,2299020,3105662,3752987,3972875,3712118,3176546,2577713,2017336,1499908,1030220,638420,378168,215585,118546,65614,35558,19120,10098,5397,3061,1770,1027,581,342,191,97,44,13,0,0,0,0,0,0,0,0,0"
un_latin_america_and_the_caribbean,1850,"0,0,10,201,845,2764,7992,21930,60229,166002,403198,818018,1434266,2267134,3109236,3801564,4066282,3817814,3281990,2655456,2077393,1545230,1058428,653603,386963,219860,120658,66672,35830,19127,10155,5480,3117,1812,1055,604,366,208,101,43,14,0,0,0,0,0,0,0,0,0"
un_latin_america_and_the_caribbean,1851,"0,0,10,202,855,2773,7896,21530,59795,167567,404843,812271,1421410,2249337,3074348,3777106,4050514,3844739,3344147,2743973,2171132,1621032,1122554,702170,415678,236441,130033,71596,38473,20817,10951,5717,3170,1808,1013,566,331,187,89,37,11,0,0,0,0,0,0,0,0,0"
un_latin_america_and_the_caribbean,1852,"0,0,6,171,768,2575,7500,20847,59408,168717,411922,831791,1455342,2299426,3143020,3842336,4106671,3880454,3365585,2749638,2167267,1619998,1124402,707331,422985,241421,133424,73390,39238,21001,10913,5659,3127,1751,955,524,303,172,81,35,11,0,0,0,0,0,0,0,0,0"
un_latin_america_and_the_caribbean,1853,"0,0,6,176,776,2621,7769,21966,64176,182871,445424,886141,1531950,2381383,3213034,3872622,4060269,3799880,3300401,2739001,2201731,1659571,1152688,732328,441180,257296,143432,78879,42573,23328,12451,6535,3553,1940,1036,574,338,190,95,41,11,0,0,0,0,0,0,0,0,0"
un_latin_america_and_the_caribbean,1854,"0,0,3,149,698,2462,7463,21426,64098,185317,455777,909391,1565937,2420079,3251349,3899041,4067570,3795109,3302636,2759819,2237227,1696536,1178873,752985,455946,268820,150577,82793,44904,24797,13394,7131,3859,2082,1104,615,359,208,101,42,11,0,0,0,0,0,0,0,0,0"
un_latin_america_and_the_caribbean,1855,"0,0,3,147,685,2408,7386,21468,66309,195000,477653,942940,1615236,2467564,3282289,3909387,4053601,3774327,3299320,2775580,2271030,1737065,1214824,781092,475748,281561,158596,87004,47115,25972,14081,7525,4070,2186,1162,647,377,219,106,45,13,0,0,0,0,0,0,0,0,0"
un_latin_america_and_the_caribbean,1856,"0,0,3,148,686,2420,7367,21124,65616,197211,487054,962773,1642768,2505812,3331375,3988050,4169400,3905124,3386711,2816413,2255917,1684627,1154852,729950,442317,265690,153858,87982,50410,29422,16786,9467,5377,2974,1604,866,485,275,141,72,29,10,3,0,0,0,0,0,0,0"
un_latin_america_and_the_caribbean,1857,"0,0,1,120,617,2192,6637,19167,61884,194687,485485,959750,1640011,2481948,3266861,3889093,4097701,3887336,3439030,2902917,2382162,1816222,1260216,801893,487061,291513,170706,97772,55907,32866,19084,10913,6165,3377,1819,994,560,319,164,80,34,10,4,0,0,0,0,0,0,0"
un_latin_america_and_the_caribbean,1858,"0,0,1,123,624,2206,6571,18845,60173,188620,469789,931481,1609047,2462138,3270651,3921343,4169558,3995767,3545242,2978644,2429625,1844735,1286189,817155,492205,291871,167765,94481,53125,30639,17429,9775,5509,3053,1663,914,524,309,159,81,32,10,4,0,0,0,0,0,0,0"
un_latin_america_and_the_caribbean,1859,"0,0,1,100,568,2033,6178,18302,62205,198361,491956,968198,1665696,2513454,3312730,3935290,4164895,3998419,3556230,3000658,2455247,1865640,1309977,842643,505579,299208,177780,101165,53887,29500,15719,8029,4233,2308,1261,684,385,226,106,45,14,0,0,0,0,0,0,0,0,0"
un_latin_america_and_the_caribbean,1860,"0,0,1,101,568,2038,6116,17888,60795,196447,492616,975488,1679007,2520530,3306182,3919607,4161434,4027015,3619063,3073093,2526420,1918636,1341433,866040,519551,309197,182115,102849,55760,31237,16931,8706,4597,2454,1294,691,394,237,116,50,14,0,0,0,0,0,0,0,0,0"
un_latin_america_and_the_caribbean,1861,"0,0,0,81,516,1890,5811,17256,60576,201928,515189,1024434,1740788,2579875,3363275,3965783,4188680,4048643,3638866,3098908,2543805,1927627,1339389,853478,509427,302096,171428,94585,52261,29669,16201,8497,4550,2430,1289,709,409,253,132,53,16,0,0,0,0,0,0,0,0,0"
un_latin_america_and_the_caribbean,1862,"0,0,0,81,517,1896,5862,17074,59183,202564,527147,1054225,1769514,2615201,3399366,4009427,4224619,4056237,3622568,3091727,2546533,1943768,1365726,881438,534004,319769,183662,102229,56518,32093,17413,9091,4913,2637,1398,762,432,258,133,59,21,0,0,0,0,0,0,0,0,0"
un_latin_america_and_the_caribbean,1863,"0,0,0,63,467,1820,5733,16644,58331,202321,530839,1064345,1782279,2622701,3396137,4003751,4227156,4056006,3630454,3120293,2593378,2003283,1422349,924072,564927,336942,192281,107331,58955,32545,17401,9345,5223,2924,1632,923,529,303,153,71,24,1,0,0,0,0,0,0,0,0"
un_latin_america_and_the_caribbean,1864,"0,0,0,64,465,1788,5587,16158,56785,197841,521192,1051595,1774203,2619345,3392894,4014377,4266421,4128332,3708031,3187924,2641302,2034329,1442546,934198,569132,338675,191894,107540,59315,32736,17630,9572,5415,3077,1727,978,563,325,166,78,28,6,0,0,0,0,0,0,0,0"
un_latin_america_and_the_caribbean,1865,"0,0,0,64,467,1768,5515,15743,52487,182103,487972,1000409,1706369,2557709,3348339,4002031,4292439,4196957,3817490,3310093,2755355,2120925,1494371,959342,578808,343223,196251,111594,62497,35519,20008,11139,6286,3539,1952,1073,608,356,183,89,39,14,7,0,0,0,0,0,0,0"
un_latin_america_and_the_caribbean,1866,"0,0,0,48,420,1615,5095,14662,49494,173413,469933,970645,1673145,2527872,3318856,3978503,4288582,4221076,3878788,3392501,2839984,2200774,1559357,1009996,611745,363956,209539,119827,67519,38443,21727,12083,6787,3816,2097,1138,636,369,199,95,44,17,10,1,0,0,0,0,0,0"
un_latin_america_and_the_caribbean,1867,"0,0,0,49,420,1604,5019,14130,44996,153444,422693,896997,1581149,2459032,3294219,4015257,4379706,4331656,3985340,3474181,2895864,2250743,1606061,1053059,641623,381151,219818,125685,71024,40395,22642,12369,6810,3790,2048,1096,610,353,192,96,42,16,9,0,0,0,0,0,0,0"
un_latin_america_and_the_caribbean,1868,"0,0,0,36,376,1512,4797,13580,44011,152329,422592,899831,1588389,2467481,3302747,4028308,4400700,4360181,4020691,3515816,2939366,2292104,1642409,1085380,664186,394942,227579,129418,72938,41133,22844,12387,6765,3731,2000,1070,595,342,188,89,39,15,7,0,0,0,0,0,0,0"
un_latin_america_and_the_caribbean,1869,"0,0,0,37,382,1494,4757,13344,42131,145785,409648,886344,1566917,2435206,3258126,3969189,4360965,4339020,4040130,3578127,3041654,2417652,1753055,1171744,726167,434407,252132,142328,79330,44328,24463,13115,7018,3766,2009,1088,610,350,185,81,31,10,0,0,0,0,0,0,0,0"
un_latin_america_and_the_caribbean,1870,"0,0,0,25,339,1418,4632,13179,43238,157058,445016,954482,1657732,2520104,3324416,4012005,4363175,4299464,3969344,3527795,3037996,2455325,1804577,1214306,757352,453184,263343,148259,81942,45502,25038,13472,7267,3884,2059,1112,621,349,187,76,31,1,0,0,0,0,0,0,0,0"
un_latin_america_and_the_caribbean,1871,"0,0,0,25,343,1430,4689,13167,41701,150099,430110,937694,1640321,2510438,3336466,4047877,4427814,4372993,4031011,3579119,3088655,2509037,1852654,1247385,779819,468554,274474,155708,85970,47539,25937,13759,7369,3930,2066,1103,613,341,182,72,28,1,0,0,0,0,0,0,0,0"
un_latin_america_and_the_caribbean,1872,"0,0,0,44,436,1683,5277,14143,41367,141230,404565,898002,1595717,2471427,3319034,4054143,4486271,4466628,4125603,3657929,3152603,2572669,1918409,1304188,821686,497721,293553,167161,91766,50441,27511,14540,7663,4010,2059,1087,601,329,173,69,26,0,0,0,0,0,0,0,0,0"
un_latin_america_and_the_caribbean,1873,"0,0,2,77,560,2019,6112,15669,43419,144342,408865,907861,1613590,2492300,3342430,4073644,4516490,4524858,4191886,3715535,3202075,2616297,1958276,1336693,850095,518803,308046,175912,96600,52624,28525,14973,7832,4061,2075,1087,594,323,164,67,23,0,0,0,0,0,0,0,0,0"
un_latin_america_and_the_caribbean,1874,"0,0,4,103,659,2304,6789,16943,43900,137124,385562,868706,1566766,2450290,3333749,4099081,4587636,4630833,4318968,3827311,3292912,2686026,2006941,1371887,872630,532423,315766,180545,99594,54215,29368,15442,8075,4195,2157,1142,627,341,175,68,28,0,0,0,0,0,0,0,0,0"
un_latin_america_and_the_caribbean,1875,"0,0,6,138,763,2557,7298,17836,44667,134614,376569,855325,1558309,2454830,3378909,4184916,4720565,4777978,4435256,3900166,3313660,2674049,1996610,1370019,874368,535694,321671,184703,101928,55340,30083,15817,8163,4146,2091,1084,584,312,163,64,24,1,0,0,0,0,0,0,0,0"
un_latin_america_and_the_caribbean,1876,"0,0,13,186,919,2968,8275,20089,48573,136127,365753,826141,1519114,2426457,3404356,4266381,4849295,4900408,4513747,3938405,3349618,2720963,2046266,1407183,899663,550960,328560,188970,104422,56594,30761,16273,8517,4384,2226,1161,624,336,173,67,26,1,0,0,0,0,0,0,0,0"
un_latin_america_and_the_caribbean,1877,"0,0,24,245,1094,3444,9381,22521,53628,145945,381392,847235,1548252,2477730,3490402,4391310,4993232,5023788,4606839,3975363,3329412,2659489,1981323,1371477,896292,562204,345757,201228,112547,61173,33326,17698,9175,4661,2360,1229,660,360,186,75,30,3,0,0,0,0,0,0,0,0"
un_latin_america_and_the_caribbean,1878,"0,0,22,262,1172,3629,9856,23455,54484,141132,361897,802592,1480446,2407387,3461092,4423532,5121957,5235592,4851232,4183757,3458458,2707528,1986708,1352873,861068,531951,319390,183991,103362,57182,31833,17279,9176,4790,2475,1284,677,363,198,79,38,13,7,0,0,0,0,0,0,0"
un_latin_america_and_the_caribbean,1879,"0,0,19,272,1239,3820,10286,24321,55964,138511,343544,753209,1399955,2326260,3429183,4461841,5242205,5452340,5054273,4350252,3551249,2751886,2013282,1362349,862973,532543,317954,184371,104238,57597,32127,17646,9570,5134,2691,1400,720,385,212,97,51,25,13,8,0,0,0,0,0,0"
un_latin_america_and_the_caribbean,1880,"0,0,42,383,1540,4491,11733,27344,61877,146933,355344,779868,1466269,2441012,3596419,4669318,5456500,5587251,5087901,4295475,3476303,2700022,1984496,1337510,842578,514838,304864,176689,99412,54639,30475,16887,9327,5043,2651,1376,712,389,215,96,55,27,15,9,0,0,0,0,0,0"
un_latin_america_and_the_caribbean,1881,"0,0,52,448,1701,4868,12580,29097,65463,153814,368182,805181,1512034,2513315,3691111,4774429,5542596,5649607,5122601,4313520,3506516,2741537,2021609,1358708,852492,520466,307377,178180,100436,55216,30787,17117,9529,5210,2782,1453,753,410,229,110,62,33,17,10,1,0,0,0,0,0"
un_latin_america_and_the_caribbean,1882,"0,0,40,432,1671,4855,12594,29115,64832,148985,353165,773336,1464926,2451962,3645009,4754504,5571652,5735087,5219453,4396362,3570070,2806642,2114573,1472821,959964,603305,367187,215616,124717,70783,40096,22973,13262,7512,4135,2243,1184,624,342,174,98,54,31,16,10,1,0,0,0,0"
un_latin_america_and_the_caribbean,1883,"0,0,66,531,1930,5471,13853,31707,69769,155734,361856,790597,1503087,2512515,3726258,4863982,5674494,5811353,5252482,4395077,3566143,2805508,2134428,1509521,1007320,648545,405027,240721,139712,80125,45478,25992,15020,8565,4771,2610,1402,752,402,213,119,64,37,22,10,4,0,0,0,0"
un_latin_america_and_the_caribbean,1884,"0,0,23,408,1655,4952,12917,29769,64805,144607,336693,736478,1415300,2392677,3602027,4720982,5591880,5868783,5440676,4650683,3797941,3002871,2297803,1636054,1096047,707022,441754,263776,153699,88600,50256,28660,16529,9405,5216,2852,1532,813,442,228,122,65,37,21,10,3,0,0,0,0"
un_latin_america_and_the_caribbean,1885,"0,0,68,581,2096,5997,15107,34126,72808,155948,365257,820505,1603284,2670606,3884890,4932127,5657709,5786921,5292378,4505734,3690789,2924469,2260266,1642126,1139958,763266,491549,302941,177275,103185,59037,33554,19290,11008,6153,3356,1828,982,522,273,149,81,45,25,12,6,0,0,0,0"
un_latin_america_and_the_caribbean,1886,"0,0,56,569,2102,6060,15299,34614,73527,154194,352194,786957,1545112,2609660,3858819,4966099,5718578,5878825,5416787,4641808,3814919,3032383,2354885,1720357,1199950,811370,527106,325358,188695,107881,60490,33010,17905,9910,5472,2983,1661,920,501,249,122,57,26,11,1,0,0,0,0,0"
un_latin_america_and_the_caribbean,1887,"0,0,107,741,2534,7079,17327,38580,80730,165361,376053,836419,1632627,2726958,3981908,5088793,5790979,5904224,5423809,4635653,3831715,3061068,2381040,1749163,1226653,836718,545886,340286,198782,113776,63853,34916,18786,10313,5709,3102,1726,956,520,258,125,57,26,11,1,0,0,0,0,0"
un_latin_america_and_the_caribbean,1888,"0,0,172,966,3157,8520,20149,43643,88007,175970,399782,883656,1706157,2812261,4077257,5159023,5811306,5919362,5444506,4671393,3862104,3073521,2383890,1767682,1272536,896864,606619,389201,233347,134515,76285,42055,22453,12020,6586,3531,1929,1078,581,287,136,62,27,12,1,0,0,0,0,0"
un_latin_america_and_the_caribbean,1889,"0,0,149,927,3087,8434,20090,43671,88164,173703,386006,852224,1661871,2774339,4059451,5191980,5888461,6030517,5575839,4802926,3983772,3181593,2470630,1834808,1319433,933161,635077,410148,248195,143716,81983,45452,24392,13061,7185,3882,2120,1179,643,321,150,69,30,13,3,0,0,0,0,0"
un_latin_america_and_the_caribbean,1890,"0,0,79,744,2625,7425,18221,40224,82336,161522,346986,768104,1532877,2640665,3966303,5199988,6010639,6218775,5800368,5015006,4178194,3369694,2639790,1957446,1378984,944373,618724,387773,228110,130607,73095,39902,21362,11660,6404,3466,1912,1048,575,285,130,58,25,10,1,0,0,0,0,0"
un_latin_america_and_the_caribbean,1891,"0,0,38,613,2327,6830,17167,38212,78640,154038,321423,707989,1428637,2510118,3851930,5152631,6058967,6368936,6025689,5251827,4386443,3547450,2786901,2069212,1447097,976685,630260,389862,227878,129861,72001,38838,20710,11305,6149,3324,1830,986,535,259,119,52,22,9,0,0,0,0,0,0"
un_latin_america_and_the_caribbean,1892,"0,0,182,1113,3625,9807,23049,49342,98084,187020,398082,861558,1674560,2813233,4132791,5347726,6099873,6302733,5880680,5086827,4250753,3434330,2695779,2030140,1467522,1035108,698230,450030,271799,157258,89078,48926,25956,13806,7527,4018,2182,1191,633,310,146,63,26,12,1,0,0,0,0,0"
un_latin_america_and_the_caribbean,1893,"0,45,613,2226,6298,15300,33471,68553,129547,251558,533967,1096959,2003732,3155389,4402119,5463890,6058284,6168607,5703795,4929810,4133063,3354057,2632527,2007566,1480729,1066134,737270,482539,296165,172224,98213,54241,28785,15166,8197,4363,2355,1298,691,346,168,77,31,14,3,0,0,0,0,0"
un_latin_america_and_the_caribbean,1894,"0,51,669,2406,6751,16308,35441,72225,135938,261575,546764,1115898,2037778,3210088,4474749,5570074,6174049,6274874,5781163,4966942,4141640,3346211,2615652,2003462,1503369,1112430,803790,543903,345822,204356,118563,66775,36137,19087,10312,5583,2964,1648,888,454,225,104,44,20,8,0,0,0,0,0"
un_latin_america_and_the_caribbean,1895,"0,2,238,1362,4292,11478,26738,57049,114178,214797,436362,912951,1749242,2923981,4243881,5501436,6297714,6522532,6108381,5278462,4399841,3559352,2794196,2140009,1611445,1202925,882671,610901,397034,238690,139165,79647,43977,23406,12629,6910,3679,2031,1099,571,288,139,62,29,13,3,0,0,0,0"
un_latin_america_and_the_caribbean,1896,"0,0,467,1967,5827,14819,33248,69535,136019,254765,513976,1039894,1919151,3081459,4355537,5562956,6323419,6530547,6123117,5295295,4413967,3555306,2771708,2122231,1616746,1224800,914289,646412,427423,261581,153129,88626,49553,26805,14585,8041,4315,2375,1292,676,356,171,79,38,16,6,0,0,0,0"
un_latin_america_and_the_caribbean,1897,"0,14,578,2298,6685,16644,36810,76391,147318,275481,551276,1103715,2003659,3145366,4372189,5551931,6329276,6570561,6221130,5452398,4601186,3755546,2978414,2300368,1706085,1226371,841477,550026,336044,195237,111777,61728,33033,17846,9782,5238,2846,1583,849,430,226,114,52,24,9,0,0,0,0,0"
un_latin_america_and_the_caribbean,1898,"0,0,518,2196,6485,16359,36427,75680,146958,272740,535563,1059279,1928705,3063825,4308013,5540348,6409925,6694085,6363521,5603478,4746496,3897543,3106157,2418151,1804722,1296890,887511,580922,359679,212430,123855,69935,39291,22198,12437,6767,3594,1930,977,500,283,165,89,53,31,16,9,0,0,0"
un_latin_america_and_the_caribbean,1899,"0,16,649,2572,7463,18521,40847,84661,163138,301732,584466,1132227,2019719,3177987,4479353,5781953,6642868,6850839,6386792,5539684,4640859,3779995,2998822,2338839,1783966,1331860,961708,655224,422469,255599,151505,87465,49750,28394,15978,8764,4630,2452,1257,646,359,209,118,72,43,25,13,5,0,0"
un_latin_america_and_the_caribbean,1900,"0,41,808,3035,8605,20933,45618,94265,179990,331912,635722,1201155,2104719,3288411,4637151,5957886,6785127,6937327,6441870,5594334,4705931,3868279,3102219,2429613,1816771,1309547,895701,584661,360707,213738,124572,70375,39633,22369,12451,6683,3525,1862,940,488,279,167,91,56,34,18,10,0,0,0"
un_latin_america_and_the_caribbean,1901,"0,0,502,2308,6918,17652,39566,82872,163283,302171,567508,1062729,1884311,3047328,4417515,5864397,6906197,7199657,6786899,5929354,4992193,4089891,3278574,2564308,1914231,1379142,942200,615021,381542,227068,132526,74976,42156,23635,13090,6991,3660,1903,955,493,275,168,92,58,34,19,10,1,0,0"
un_latin_america_and_the_caribbean,1902,"0,0,649,2710,7998,20066,44470,92456,179878,330116,620901,1160364,2035509,3240972,4643619,6073049,7013063,7210679,6729498,5864002,4956163,4103096,3331321,2624544,1963478,1406989,953061,615440,378582,224531,129487,72587,40413,22299,12120,6349,3301,1669,812,424,242,149,84,52,31,17,9,0,0,0"
un_latin_america_and_the_caribbean,1903,"0,0,685,2845,8355,20905,46111,95107,183577,334269,617935,1132827,1976631,3148901,4525277,5967317,6993995,7276063,6906739,6097234,5182352,4260635,3412862,2684547,2047156,1522533,1076519,710351,446012,266695,155438,87293,48419,26823,14634,7728,3896,1976,955,483,265,165,94,59,37,22,11,2,0,0"
un_latin_america_and_the_caribbean,1904,"0,0,719,2990,8754,21882,48123,99039,190461,344788,634380,1157457,2010983,3192988,4575783,6022953,7051456,7325541,6956919,6151072,5237991,4333329,3498224,2773617,2134062,1596769,1150132,775578,497169,301884,177240,100238,55793,30880,16737,8785,4401,2227,1083,554,308,192,110,70,43,24,11,3,0,0"
un_latin_america_and_the_caribbean,1905,"0,0,755,3138,9189,22865,50064,102372,195628,354846,647424,1149524,1967657,3099370,4443272,5881398,7019898,7387427,7140872,6410215,5498810,4539131,3612851,2831000,2193366,1670521,1238465,862134,564552,351660,208933,119822,66834,36688,19766,10363,5165,2533,1195,570,295,180,102,66,42,25,14,6,0,0"
un_latin_america_and_the_caribbean,1906,"0,0,408,2343,7286,19062,43399,90223,176457,327035,613194,1129861,1958263,3092394,4427119,5849544,7034874,7496727,7280415,6556011,5639183,4682452,3769582,2981469,2321800,1769010,1316739,915914,599390,374332,222302,127338,70947,38699,20631,10685,5254,2556,1168,551,268,160,91,58,36,23,12,4,0,0"
un_latin_america_and_the_caribbean,1907,"0,0,540,2746,8320,21383,47880,98381,190303,353178,665996,1208731,2042421,3145063,4429983,5791809,6960471,7433237,7276378,6646785,5788585,4857806,3925679,3121610,2446146,1872759,1397244,971155,634755,395723,233726,132731,73599,39871,21090,10858,5309,2560,1178,550,278,163,91,59,38,24,12,4,0,0"
un_latin_america_and_the_caribbean,1908,"0,0,703,3200,9494,24133,53293,108506,210170,402940,785437,1413062,2282849,3355350,4570067,5838843,6913767,7344570,7193400,6586900,5741872,4837420,3936810,3152913,2512377,1962703,1503335,1074936,707097,447997,266805,151903,83655,44854,23371,11859,5763,2701,1222,533,246,138,73,45,28,18,10,2,0,0"
un_latin_america_and_the_caribbean,1909,"0,0,452,2632,8199,21490,48735,100793,200771,392442,770823,1389906,2248958,3307447,4508010,5777969,6879757,7387220,7337987,6810496,5981158,5045618,4102854,3293142,2629827,2065516,1591170,1136596,744008,468442,276538,156844,85852,45614,23648,11914,5740,2687,1219,529,241,134,72,45,29,19,10,3,0,0"
un_latin_america_and_the_caribbean,1910,"0,0,474,2741,8536,22365,50532,104555,208807,404556,783882,1406419,2276699,3355434,4587067,5858683,6928492,7404171,7351426,6840683,6024388,5105368,4191486,3401801,2747516,2177081,1692415,1225741,804841,510235,303279,171986,93935,49835,25632,12807,6202,2905,1350,579,254,141,82,47,31,20,10,4,0,0"
un_latin_america_and_the_caribbean,1911,"0,0,200,1950,6612,18234,43346,92922,195997,395479,773152,1403740,2282819,3369579,4677758,6052931,7140096,7599911,7465849,6896304,6060967,5134435,4239888,3464556,2811545,2232705,1736487,1261802,832192,528148,313571,178031,97430,51888,26680,13412,6515,3049,1423,605,265,143,76,43,28,19,10,4,0,0"
un_latin_america_and_the_caribbean,1912,"0,0,398,2628,8395,22378,51354,107960,219896,429704,833486,1492911,2383055,3482154,4822175,6175345,7197304,7574924,7412152,6845240,6032197,5136999,4260102,3520472,2898165,2333162,1847171,1361522,897729,571327,339234,191812,104431,55017,27956,13858,6666,3066,1453,605,280,146,89,49,33,22,12,5,0,0"
un_latin_america_and_the_caribbean,1913,"0,0,310,2420,9209,27733,67565,149082,315474,610528,1096621,1821230,2731377,3749117,4947611,6162307,7078798,7414816,7220886,6699832,5966750,5134446,4318303,3600255,2972884,2379052,1862609,1357495,893785,567323,337369,191667,104553,55376,28297,14111,6805,3192,1512,626,281,151,91,49,32,21,11,5,0,0"
un_latin_america_and_the_caribbean,1914,"0,0,570,3328,12600,36277,85955,189113,395827,737924,1251568,1957163,2818406,3839231,5087063,6272983,7128874,7450446,7330331,6883602,6188923,5353735,4486835,3719742,2977780,2285480,1693918,1159353,754179,465072,272369,153085,84087,44908,23167,11544,5433,2667,1247,589,306,184,110,60,38,23,11,1,0,0"
un_latin_america_and_the_caribbean,1915,"0,0,454,3015,11581,34193,82176,181686,382652,720552,1237805,1963735,2859634,3892855,5152756,6360565,7205945,7558782,7442231,7009146,6345882,5520591,4636859,3835686,3051192,2327356,1702489,1154060,745298,454036,265093,149047,82072,44004,22783,11362,5356,2650,1234,596,316,187,111,63,40,23,11,2,0,0"
un_latin_america_and_the_caribbean,1916,"0,0,475,3136,11949,35145,84188,185217,389204,733802,1256639,1968610,2839757,3838306,5067146,6259501,7153092,7533818,7476591,7114163,6504307,5724606,4864920,4060690,3269094,2511155,1821013,1223155,781092,470923,273377,152269,82442,43614,22704,11498,5537,2792,1311,578,308,185,114,63,40,23,11,3,0,0"
un_latin_america_and_the_caribbean,1917,"0,0,256,2467,9704,30129,74412,164936,350501,677271,1178667,1873401,2758327,3778045,5025876,6300884,7248951,7694880,7696911,7345050,6754792,5988393,5150853,4309925,3444439,2591639,1802578,1175396,731325,432620,248095,136470,73073,38225,19826,9951,4998,2526,1181,518,277,174,116,55,35,21,10,1,0,0"
un_latin_america_and_the_caribbean,1918,"0,0,516,3393,12625,36647,87137,190287,398174,739893,1244080,1916736,2757573,3803450,5080929,6320209,7265662,7669955,7689795,7401473,6795557,6033085,5152582,4296373,3472617,2678949,1972501,1346131,876225,538756,317842,180296,99423,53554,28272,14485,7078,3621,1787,846,467,288,176,87,55,32,17,9,0,0"
un_latin_america_and_the_caribbean,1919,"0,0,133,2054,7476,21097,51644,111734,225461,418752,751205,1367546,2285875,3449626,4893403,6410610,7628318,8266373,8307747,7995503,7300701,6424032,5452971,4510400,3621311,2793249,2053403,1395161,904658,552352,324886,184240,101637,54772,28966,14917,7323,3771,1862,951,526,325,205,101,65,35,18,10,0,0"
un_latin_america_and_the_caribbean,1920,"0,0,2,1203,5380,16274,41891,92952,188677,361085,646426,1178190,2035064,3128680,4527624,6163476,7692387,8655973,8785931,8453543,7725153,6747011,5659305,4644566,3735060,2903826,2161633,1497311,980885,605203,358420,205884,114058,61850,32990,17254,8622,4433,2226,1107,598,361,228,122,76,46,24,12,5,0"
un_latin_america_and_the_caribbean,1921,"0,0,1,1252,5578,16810,43254,95994,195804,375940,673167,1214537,2075857,3166513,4512293,6108842,7751721,8877358,9070750,8751028,8009572,6953225,5763549,4685507,3734735,2901934,2161112,1499403,981754,604024,357820,205427,113615,61665,32877,17153,8541,4402,2210,1150,621,365,218,120,78,47,24,13,6,0"
un_latin_america_and_the_caribbean,1922,"0,0,1,1038,5120,15815,41370,93201,191058,368805,658548,1182010,2030817,3117910,4445165,6033031,7682788,8884526,9165572,8872428,8181171,7152452,5980470,4889099,3937029,3093634,2340307,1655181,1095101,682276,404779,234246,129978,70656,37677,19701,9851,4984,2552,1321,710,416,247,133,85,52,26,14,8,0"
un_latin_america_and_the_caribbean,1923,"0,0,0,648,4137,13468,36567,84587,175277,343619,617672,1108341,1942329,3046154,4383797,5985804,7650645,8945361,9338292,9021582,8344362,7346970,6186306,5084570,4128418,3282143,2523284,1825843,1224078,775120,461878,268769,149700,81515,43459,22787,11496,5680,2962,1474,788,461,275,145,93,59,28,16,9,0"
un_latin_america_and_the_caribbean,1924,"0,0,0,873,4876,15358,40713,93022,202008,414341,761392,1353808,2267044,3411935,4745938,6217584,7616287,8608270,8977669,8747660,8159463,7315324,6282365,5213072,4273024,3443033,2687854,1990825,1354634,870673,522509,305786,171557,93567,50040,26256,13278,6408,3382,1667,878,508,303,152,94,58,28,16,6,0"
un_latin_america_and_the_caribbean,1925,"0,0,0,1162,5733,17542,45696,103865,228900,470459,847837,1423340,2218545,3347892,4772731,6256420,7623590,8599510,9014997,8926249,8383936,7549222,6513416,5435762,4486239,3602325,2789685,2031554,1369946,870385,515301,298985,165651,87852,45627,23600,11720,5828,3191,1592,810,420,220,95,42,18,6,0,0,0"
un_latin_america_and_the_caribbean,1926,"0,0,0,1209,5940,18081,47000,105210,216931,416459,721324,1224209,1973742,3097420,4609085,6243051,7842569,8969181,9413666,9299624,8668891,7761171,6691129,5599679,4617045,3714194,2907968,2153834,1463080,937927,557070,322846,178553,93864,47956,24548,12212,5895,3239,1610,824,428,230,92,42,17,6,0,0,0"
un_latin_america_and_the_caribbean,1927,"0,0,0,752,4802,15334,41503,95324,196159,377442,651516,1104502,1831736,2944887,4557269,6345345,8072358,9275085,9756452,9605632,8934100,7942562,6801141,5683922,4679904,3785444,2996305,2265262,1557885,1009083,602544,348840,193258,101359,51118,25749,12689,5961,3226,1643,838,431,220,94,35,14,4,0,0,0"
un_latin_america_and_the_caribbean,1928,"0,0,0,266,3310,11564,33033,79845,168780,333493,591376,1000258,1697733,2749164,4313159,6158899,7930018,9246864,9873171,9811269,9209384,8258325,7135946,5998764,4959680,4050598,3237325,2497953,1751778,1153155,700769,406895,227440,120339,60597,30218,14998,7035,3752,1934,919,471,234,102,36,14,4,0,0,0"
un_latin_america_and_the_caribbean,1929,"0,0,0,276,3434,12014,34323,82843,175032,344695,608257,1033465,1774729,2865365,4460150,6332566,8094285,9359936,9943759,9842466,9228132,8288237,7222736,6143908,5121947,4195781,3364994,2604669,1822257,1198449,728835,423638,236876,125479,63250,31468,15530,7249,3848,1994,932,464,237,104,30,12,3,0,0,0"
un_latin_america_and_the_caribbean,1930,"0,0,0,838,5365,17126,46162,105975,218478,417579,709537,1216884,2062624,3283045,5015633,6888946,8554763,9644065,10038254,9809055,9158349,8184514,7120884,6032441,5028474,4109795,3278920,2501886,1722820,1118882,669970,386483,213453,111858,55737,27685,13403,6127,3298,1650,805,407,205,81,26,10,1,0,0,0"
un_latin_america_and_the_caribbean,1931,"0,0,0,1457,7160,21725,56635,126610,257475,481009,803640,1368300,2276676,3614753,5444716,7326000,8977225,10053910,10366135,10085506,9358471,8273615,7112832,5943424,4880519,3931816,3090296,2255002,1510738,947601,554283,314922,169775,86712,42639,21014,9689,4632,2422,1237,600,298,148,49,17,7,0,0,0,0"
un_latin_america_and_the_caribbean,1932,"0,0,0,1174,6602,20799,56242,130211,268413,503159,856331,1503037,2513449,3955257,5918026,7857732,9442856,10487186,10685755,10266412,9405663,8185968,6966673,5778937,4730031,3806988,2973726,2127884,1407543,862945,500196,281077,149494,75497,36656,17782,7923,3853,2094,1056,520,260,127,41,17,6,0,0,0,0"
un_latin_america_and_the_caribbean,1933,"0,0,0,696,5258,17383,48178,115151,241914,465758,801650,1391649,2372684,3739022,5625524,7600562,9288253,10451027,10797700,10493342,9779252,8642440,7433996,6212946,5071276,4078281,3187936,2297878,1527333,945475,549935,310719,166242,84414,41237,20150,9134,4412,2306,1195,575,295,148,46,19,7,0,0,0,0"
un_latin_america_and_the_caribbean,1934,"0,0,0,326,4119,14609,42114,102941,219418,429594,753711,1295304,2225032,3523803,5378700,7448320,9242110,10490116,11002530,10754965,10018364,8880202,7669820,6455236,5323487,4324342,3439146,2569843,1739282,1107906,652504,373617,203258,104859,51536,25189,11765,5374,2860,1443,708,361,194,67,26,10,0,0,0,0"
un_latin_america_and_the_caribbean,1935,"0,0,0,337,4267,14944,42709,103677,220083,432048,756745,1281960,2185749,3459975,5278501,7321611,9130582,10399797,10919145,10796367,10209790,9188633,8036338,6838291,5672519,4598554,3661432,2766710,1881841,1209126,717197,411941,225307,116674,57511,28043,13231,5837,3082,1556,758,372,199,71,23,9,0,0,0,0"
un_latin_america_and_the_caribbean,1936,"0,0,0,10,2731,11064,33604,85676,186865,372444,674266,1135965,1971448,3181934,4886847,7017601,8971593,10435163,11232292,11294059,10803351,9772364,8516141,7251247,6024073,4850095,3834435,2857504,1922977,1224158,722260,413801,225252,115936,57202,27740,13034,5921,3114,1552,780,368,204,79,25,10,0,0,0,0"
un_latin_america_and_the_caribbean,1937,"0,0,0,8,2827,11447,34514,87734,192455,388510,711193,1206338,2087819,3330855,5024163,7118498,9033814,10448545,11234564,11309257,10859582,9879322,8626972,7366970,6152962,4996584,3984474,3034842,2074477,1341229,800564,462501,255198,133380,66850,32707,15637,6934,3671,1848,921,443,244,106,35,14,3,0,0,0"
un_latin_america_and_the_caribbean,1938,"0,0,0,8,2383,10542,32403,84092,187421,383927,717378,1226891,2127551,3394458,5079538,7177192,9075346,10458922,11263131,11392636,11031524,10144960,8908360,7654830,6425737,5213785,4125901,3112731,2114742,1363311,815521,473790,263415,140308,72639,36311,17643,7966,4148,2057,1046,528,306,157,66,37,19,10,1,0"
un_latin_america_and_the_caribbean,1939,"0,0,0,6,3031,12213,36544,92644,204877,429594,817724,1399071,2356489,3660715,5346178,7336050,9107943,10354143,11052821,11221143,11026239,10343634,9193087,7936524,6666482,5411329,4270530,3211244,2178369,1404958,845126,491866,273268,146146,75795,37931,18326,8144,4138,1976,992,518,315,182,87,55,34,19,10,1"
un_latin_america_and_the_caribbean,1940,"0,0,0,6,3144,12671,37911,95999,212974,450109,864138,1497735,2557548,3989855,5677614,7558081,9219612,10344459,11002974,11187207,11048348,10444691,9313059,8076169,6836774,5595734,4476236,3393601,2290012,1474865,885459,509705,280894,148190,75019,36341,17000,7265,3622,1651,812,411,243,154,64,38,24,13,5,0"
un_latin_america_and_the_caribbean,1941,"0,0,0,7,2118,10375,32366,84721,189802,398529,774041,1343386,2328267,3759893,5452985,7413540,9276147,10643178,11467726,11729459,11544810,10887030,9617823,8253414,6956146,5746854,4664559,3621163,2497770,1624364,986013,565814,312356,164198,83154,39776,18377,7595,3607,1656,806,381,200,129,61,37,25,10,3,0"
un_latin_america_and_the_caribbean,1942,"0,0,0,5,3395,13630,40630,102253,222861,457992,858390,1460227,2493952,3953705,5651407,7605878,9525428,10997607,11871803,12083145,11848013,11060901,9671201,8231662,6934076,5768244,4711884,3671465,2538305,1650591,998746,568776,311597,161744,79962,37566,16880,6707,3222,1537,740,345,174,104,49,20,13,0,0,0"
un_latin_america_and_the_caribbean,1943,"0,0,0,5,1785,9896,31534,83852,190975,400699,779391,1344706,2298547,3742456,5471634,7525037,9636073,11326412,12406193,12717974,12391313,11560649,10110176,8563227,7234960,6022087,4909183,3788911,2587307,1672099,999995,565734,306660,156952,76138,34956,15447,6098,2977,1424,728,333,154,86,38,10,7,0,0,0"
un_latin_america_and_the_caribbean,1944,"0,0,0,5,1431,9103,29854,80929,186591,385906,740843,1263354,2133945,3522217,5224811,7258332,9517206,11475841,12781369,13174299,12840616,12083866,10589616,8910053,7482920,6229221,5117826,4059803,2895225,1907123,1162288,656876,358078,182762,88551,40706,18110,7021,3029,1390,679,318,152,87,33,10,8,0,0,0"
un_latin_america_and_the_caribbean,1945,"0,0,0,3,1483,9440,30827,83836,193563,399785,764724,1296541,2180741,3588463,5309115,7374779,9690756,11687345,12990077,13382996,13085208,12375542,10909739,9256103,7835511,6538331,5349703,4207496,2944955,1922164,1169537,664174,363620,187567,91787,42614,19163,7706,3565,1627,744,406,180,92,48,10,8,0,0,0"
un_latin_america_and_the_caribbean,1946,"0,0,0,4,534,6521,23068,66328,159825,337813,664454,1163466,1943875,3257870,4955091,6984735,9377481,11579388,13125911,13813416,13621707,13053382,11693339,9934583,8365428,6960032,5689250,4509230,3249859,2149974,1327656,756965,416857,215194,105370,49350,22330,9112,3914,1756,688,344,193,89,40,10,10,1,0,0"
un_latin_america_and_the_caribbean,1947,"0,0,0,2,557,6806,23651,67304,162833,345690,682324,1196121,1993041,3326031,5028370,7052230,9477281,11769596,13439802,14205377,14094811,13572058,12092733,10175598,8405054,6880539,5631324,4528575,3438050,2337068,1496842,880860,498813,266338,135162,65417,30256,12960,4748,2090,891,433,236,127,61,30,22,11,2,0"
un_latin_america_and_the_caribbean,1948,"0,0,0,2,39,4393,17658,53100,134754,296463,599075,1092428,1821321,3081159,4791940,6818135,9328559,11782313,13587908,14647030,14603789,14051229,12673218,10744716,8946922,7350204,5991622,4805884,3660325,2503738,1621049,972360,560709,306927,160360,80736,38648,17665,7165,3368,1426,641,393,204,127,59,44,25,12,5"
un_latin_america_and_the_caribbean,1949,"0,0,0,2,34,2965,14466,45670,119947,271055,554798,1035973,1736625,2947608,4676194,6731353,9317410,11913286,13855972,15086401,15184451,14585037,13252154,11270601,9422457,7773236,6298921,5011967,3754516,2538426,1629967,970054,559349,306898,161508,82193,39617,18414,7849,3894,1809,893,548,291,173,77,51,30,13,5"
un_latin_america_and_the_caribbean,1950,"0,0,0,1,35,3102,15013,47013,123147,276995,565890,1060234,1765470,2947147,4658292,6673758,9204105,11889901,14019486,15354579,15624144,15139975,13840551,11827839,9893014,8171358,6615999,5269121,3920263,2635554,1686564,998757,571472,309639,158667,77504,36364,16416,7116,3560,1597,733,423,222,96,25,15,6,0,0"
un_latin_america_and_the_caribbean,1951,"0,0,0,0,32,2539,13863,44415,118267,269586,553568,1048806,1750119,2893663,4595763,6618145,9150932,11937898,14219920,15694741,16058837,15570816,14298810,12298878,10311651,8569542,6961406,5578567,4197252,2834871,1830010,1093729,627296,341849,176414,86306,40422,18334,7683,3890,1739,776,413,260,130,49,32,19,4,0"
un_latin_america_and_the_caribbean,1952,"0,0,0,0,32,1561,11177,37397,103238,243797,508866,984730,1670476,2750614,4434509,6463549,8979637,11847454,14284832,15976019,16674796,16284217,15088668,13124995,11030246,9193524,7418584,5887008,4319181,2866448,1822533,1079102,615095,331639,169519,82413,38730,17318,7884,3996,1733,754,416,305,164,73,49,32,9,0"
un_latin_america_and_the_caribbean,1953,"0,0,0,0,24,1617,11607,38577,106880,253298,530412,1027500,1743141,2877740,4637595,6741053,9351303,12298104,14719478,16329371,16946693,16480580,15266996,13291510,11226738,9430035,7650894,6095568,4527370,3023135,1927728,1141357,650947,352275,181411,89145,41678,18492,7986,4072,1759,763,454,375,164,76,47,29,8,0"
un_latin_america_and_the_caribbean,1954,"0,0,0,0,21,815,9199,32399,93672,230678,492117,969738,1678834,2741262,4460655,6589364,9175753,12243015,14920527,16732211,17581480,17166100,15987689,13977988,11717287,9814238,7983965,6393042,4812478,3240649,2085248,1242110,711115,386249,199610,97623,45232,19788,8074,4041,1792,724,367,309,107,23,12,9,0,0"
un_latin_america_and_the_caribbean,1955,"0,0,0,0,12,281,7048,27069,81336,207357,453390,915015,1636543,2655679,4311508,6467213,9014995,12119517,14968637,16934235,17997524,17693665,16593306,14689586,12329658,10314032,8429683,6803853,5224832,3568987,2318303,1399654,806697,441514,229322,112282,51981,22391,8794,4152,1800,686,309,285,118,16,10,10,1,0"
un_latin_america_and_the_caribbean,1956,"0,0,0,0,6,273,7329,28251,84483,214225,466859,946069,1705403,2775188,4478507,6662330,9227480,12358938,15246551,17200298,18275154,18074250,17028018,15144262,12779123,10712260,8767626,7075480,5433639,3707357,2406417,1455208,840320,460915,239848,117492,54341,23530,9289,4368,1955,727,295,275,121,16,10,7,0,0"
un_latin_america_and_the_caribbean,1957,"0,0,0,0,1,78,5282,23387,72839,191550,428468,887292,1654945,2709573,4340820,6501823,9048550,12202214,15236057,17367919,18688975,18687991,17752157,15986729,13561034,11335734,9278207,7488320,5799358,3989682,2601477,1587110,921364,510740,268223,132808,61983,27012,10878,5148,2281,854,321,279,145,10,1,0,0,0"
un_latin_america_and_the_caribbean,1958,"0,0,0,0,0,67,3471,19246,63192,172778,397240,830841,1582658,2622399,4215433,6408644,9010850,12289697,15529586,17852741,19331536,19444092,18487234,16675231,14099639,11661850,9535700,7705818,6034584,4248057,2793191,1725471,1004178,562006,296806,148291,69558,29930,11771,5066,2184,804,324,292,128,11,7,5,0,0"
un_latin_america_and_the_caribbean,1959,"0,0,0,0,1,71,2148,15605,54181,153999,366251,779597,1515397,2557680,4124876,6388414,9065254,12450073,15898834,18358718,19971318,20277786,19258352,17428880,14812217,12303331,10041012,8046733,6162091,4193796,2713258,1642841,951369,523687,273457,134620,62641,26698,10480,4988,2167,778,283,266,129,2,0,0,0,0"
un_latin_america_and_the_caribbean,1960,"0,0,0,0,1,70,1116,12358,45947,136605,334558,717046,1404921,2405070,3864804,6093532,8809915,12217033,15916012,18701290,20487369,20992728,20012949,18207319,15588698,12889413,10542535,8506016,6653427,4678972,3058335,1888361,1102280,617253,326050,163408,76533,33409,12969,5702,2434,851,318,309,159,12,12,9,0,0"
un_latin_america_and_the_caribbean,1961,"0,0,0,0,0,54,204,8173,35535,112456,288897,637506,1260040,2202193,3520675,5667940,8445792,11911587,15929530,19134942,21219074,21969372,21011397,19107988,16422226,13498959,11037583,8942375,7063327,5094753,3355914,2101683,1233011,697298,371003,187626,88548,39224,14982,6147,2688,926,323,305,186,10,7,9,0,0"
un_latin_america_and_the_caribbean,1962,"0,0,0,0,0,44,188,6919,32405,105575,276174,615258,1222325,2158734,3471575,5619123,8453172,11994716,16171852,19537319,21724429,22628515,21720433,19780446,17140143,14208777,11651547,9405315,7401352,5276353,3454800,2148562,1258941,710252,377410,190665,89978,40308,15300,6709,3026,1106,360,294,237,11,2,8,0,0"
un_latin_america_and_the_caribbean,1963,"0,0,0,0,0,39,186,8648,36314,114409,295300,655339,1306795,2299119,3648205,5835289,8708136,12236709,16425634,19907843,22264998,23204919,22320818,20472329,17848022,14838476,12146343,9731358,7579743,5277152,3421931,2103947,1233870,694444,368827,186064,87454,39317,15509,7463,3431,1292,416,291,265,7,0,7,0,0"
un_latin_america_and_the_caribbean,1964,"0,0,0,0,0,35,176,7286,33074,106892,281361,631957,1267761,2257694,3559450,5627339,8449715,11850848,16004307,19796344,22540097,23772874,23132276,21380410,18862523,15682265,12829382,10356045,8179401,5904876,3859740,2415600,1426854,816174,439053,224661,107122,48322,19453,8672,4130,1704,552,268,300,28,0,5,1,0"
un_latin_america_and_the_caribbean,1965,"0,0,0,0,0,23,149,7491,33315,107080,282326,635818,1280582,2296494,3629883,5724363,8590826,12053651,16271181,20188708,23072797,24328654,23678605,21916477,19343598,16042358,13108353,10654643,8505829,6355638,4226817,2694298,1607759,928469,506040,261439,126341,57285,23890,9615,4625,1997,655,278,327,56,0,0,0,0"
un_latin_america_and_the_caribbean,1966,"0,0,0,0,0,30,153,6180,30485,99545,267639,611877,1243023,2255598,3577783,5641587,8529007,12010676,16297660,20382910,23452699,24945579,24460738,22720725,20229220,16889879,13818990,11209960,8953172,6691546,4447312,2824815,1685192,971916,528605,272739,131728,59760,24670,9966,4844,2023,655,282,359,67,5,0,0,0"
un_latin_america_and_the_caribbean,1967,"0,0,0,0,0,18,117,5041,27833,92255,254407,593477,1216431,2230224,3549888,5571509,8445264,11937564,16195366,20447025,23825532,25601978,25316931,23631740,21185211,17797592,14519803,11762244,9382699,7014878,4659496,2946978,1757912,1016855,554189,286371,138984,62525,25814,10558,5210,2229,733,286,373,92,0,0,0,0"
un_latin_america_and_the_caribbean,1968,"0,0,0,0,0,19,114,3081,22466,78285,222839,535358,1114712,2091576,3401704,5331261,8209436,11777869,16118056,20633409,24347063,26436851,26334814,24612133,22126529,18610888,15049061,12198369,9750560,7415689,5015910,3204958,1927868,1120543,617471,321296,157497,70965,29403,11386,5357,2281,743,277,365,79,0,0,0,0"
un_latin_america_and_the_caribbean,1969,"0,0,0,0,0,14,103,1522,17535,65515,194504,484483,1030676,1968888,3269141,5114934,7981065,11577027,15944615,20687929,24630813,27010300,27179185,25525898,23066228,19534110,15758163,12791497,10263360,7911510,5468514,3523174,2146061,1255473,701420,368981,182968,83366,35273,13368,5911,2499,819,283,370,109,0,0,0,0"
un_latin_america_and_the_caribbean,1970,"0,0,0,0,0,10,95,260,11496,49880,157908,414355,913679,1785461,3080231,4865563,7721791,11393737,15721699,20638724,24803803,27363853,27882323,26366686,24012452,20629947,16763342,13614300,10960726,8500151,5942349,3848624,2362544,1383900,778502,411308,205720,95015,41202,15300,6713,3002,996,322,362,166,0,0,0,0"
un_latin_america_and_the_caribbean,1971,"0,0,0,0,0,6,86,244,6453,37237,126523,348007,797119,1589867,2819699,4490123,7174691,10890783,15267027,20413921,25009061,27997817,28919437,27704449,25244029,21875129,17808755,14375205,11572516,8993897,6369885,4150411,2566992,1508491,853930,453718,228598,106705,47256,17034,7274,3195,1077,361,387,194,0,0,0,0"
un_latin_america_and_the_caribbean,1972,"0,0,0,0,0,0,68,228,3126,26806,99418,289206,692890,1416854,2573444,4175846,6651059,10328246,14745231,19970701,24944478,28403922,29710064,28986950,26495846,23246017,19095713,15336729,12349032,9610970,6889655,4505949,2801991,1653004,941640,503671,255430,120331,53174,19613,7612,3431,1172,392,410,228,9,0,0,0"
un_latin_america_and_the_caribbean,1973,"0,0,0,0,0,0,46,205,916,16366,72380,226872,575893,1224717,2271211,3792573,6042062,9609948,14136293,19461441,24828904,28826493,30504661,30314253,27874720,24592232,20430015,16412475,13202563,10307508,7469786,4920139,3083639,1827700,1047601,564398,288609,137596,61828,24086,8225,3903,1375,442,406,298,7,0,0,0"
un_latin_america_and_the_caribbean,1974,"0,0,0,0,0,0,30,177,689,11516,59819,195351,512242,1118063,2110872,3579647,5695827,9108775,13645642,18976498,24626220,29047496,31154901,31344655,29143030,25847637,21638391,17349137,13953567,10964397,8108660,5409156,3430119,2049885,1184958,645707,333394,161362,72501,29885,9068,4341,1613,504,393,355,3,0,0,0"
un_latin_america_and_the_caribbean,1975,"0,0,0,0,0,0,17,149,782,10686,57336,189684,501126,1102552,2087044,3561445,5685538,9091062,13762672,19157318,24886241,29552353,31829463,32103942,30015574,26717857,22565253,18172698,14556921,11414865,8357502,5536825,3491173,2080637,1203546,655150,338024,163403,73297,30326,9634,4745,1824,551,377,400,9,0,0,0"
un_latin_america_and_the_caribbean,1976,"0,0,0,0,0,0,6,119,731,6809,43372,150541,415323,955054,1867950,3261361,5287274,8493240,13199714,18739616,24696525,29877786,32672416,33219666,31494182,28066217,23932360,19392954,15470466,12117167,8804165,5823153,3666627,2188881,1269600,693456,359639,175144,79771,33902,12041,5494,2269,698,352,444,44,0,0,0"
un_latin_america_and_the_caribbean,1977,"0,0,0,0,0,0,0,79,543,5263,37721,136794,388320,911148,1809106,3178817,5192217,8357353,13066860,18752170,24950660,30352304,33375614,34089856,32534131,28956809,24643154,19990129,15981705,12579960,9317223,6245773,3987093,2398091,1397292,768869,401245,197601,90698,39617,13536,6025,2573,817,355,447,77,0,0,0"
un_latin_america_and_the_caribbean,1978,"0,0,0,0,0,0,0,39,373,4041,32879,124098,358730,855972,1728264,3076183,5034473,8060866,12706577,18402565,24779219,30563424,34232080,35315623,34005423,30409212,26046424,21179133,16809603,13103862,9535724,6352933,4012158,2401590,1397393,766995,400143,196421,89863,38665,14206,5902,2445,772,391,450,66,2,0,0"
un_latin_america_and_the_caribbean,1979,"0,0,0,0,0,0,0,16,240,3065,29691,114975,335276,808226,1652017,2977116,4885848,7740868,12323500,18092434,24452722,30550351,34842773,36181562,35124265,31598245,27243398,22240497,17601776,13784678,10228702,6904020,4400966,2642595,1547482,859102,451923,223616,102542,43727,15254,5878,2371,761,404,472,56,3,0,0"
un_latin_america_and_the_caribbean,1980,"0,0,0,0,0,0,0,0,161,2295,22136,96909,291572,722353,1508230,2743210,4573299,7247594,11645228,17504771,23879661,30317613,35360488,37166473,36539970,33256520,28729098,23676323,18719134,14617493,10862249,7359052,4708484,2832204,1663196,927874,488741,240518,118299,64692,36752,21124,12280,7195,4239,2503,1475,861,503,292"
un_latin_america_and_the_caribbean,1981,"0,0,0,0,0,0,0,1,182,3582,34098,129246,369163,872845,1751488,3129966,5100533,7934654,12509854,18387447,24633081,30970319,36103227,37898326,36894311,33534883,29316938,24168944,18964755,14743603,10694428,7162712,4500616,2660072,1547987,859971,448155,218102,110126,62022,35475,20499,11957,7026,4150,2453,1446,853,491,287"
un_latin_america_and_the_caribbean,1982,"0,0,0,0,0,0,0,9,414,4939,42599,153413,423802,976460,1923749,3390506,5511741,8563581,13308066,18820995,25125482,32266618,36605143,38008255,37615499,34399436,29794002,24288320,18952295,14810264,10748164,7196777,4565841,2722608,1580726,869631,453870,222865,111379,61803,35297,20374,11877,6982,4117,2439,1440,843,488,284"
un_latin_america_and_the_caribbean,1983,"0,0,0,0,0,0,2,26,578,7764,55173,189544,510320,1148790,2280037,4101536,6649647,10581012,15853251,21710892,28446712,34224765,37266635,38321820,36816031,33313095,28382224,22836785,17953555,13943203,10143235,6732065,4298147,2591164,1499516,813737,417472,208703,105482,57876,33570,19628,11555,6847,4073,2429,1438,843,493,286"
un_latin_america_and_the_caribbean,1984,"0,0,0,0,0,0,2,29,359,6880,54909,195995,526363,1164545,2242586,3921981,6327016,10241331,15884364,22196339,29002904,35498485,39365625,39612388,37548044,33848275,28884089,23089648,17922623,14079911,10428701,6892723,4489843,2748614,1584063,853088,439207,223783,115332,61726,35899,21035,12408,7367,4382,2618,1560,915,536,311"
un_latin_america_and_the_caribbean,1985,"0,0,0,0,0,0,1,14,410,9240,68769,220291,550599,1154523,2113211,3598679,5862094,9429261,14901505,21266037,28074130,35258770,39906184,41200193,39912082,36288664,31066605,24392778,19115167,14862144,10744983,7075627,4570841,2711860,1503453,786242,409828,212199,110920,60015,35140,20696,12266,7293,4359,2606,1558,910,534,309"
un_latin_america_and_the_caribbean,1986,"0,0,0,0,0,0,0,8,696,11434,58294,172377,413072,840777,1504371,2439322,3913965,6567836,10790816,16785154,24203967,31830908,38545132,42622959,43407061,40387268,35106434,28700741,22252743,17406348,13143184,8993212,6167009,3964674,2352151,1319329,732135,406121,212733,106426,56603,31022,17290,9789,5628,3261,1898,1104,639,371"
un_latin_america_and_the_caribbean,1987,"0,0,0,0,0,0,0,6,3363,21091,89846,244470,562197,1136821,2050709,3386229,5484479,8582490,13349334,19687109,26541408,33605193,40376211,43146877,43571108,39994867,33913003,27837020,21363864,15894048,11778175,7978368,5209954,3273221,1947105,1109817,620322,331746,167214,84931,46321,26035,14836,8551,4985,2923,1718,1003,578,339"
un_latin_america_and_the_caribbean,1988,"0,0,0,0,0,0,0,1456,7370,29791,118813,309566,680004,1321484,2323713,3778927,5943079,8970458,13594636,19795634,26860045,34249819,41353309,44794530,44558217,40725687,34613248,28184902,21688266,15781890,11470402,7828904,5082765,3146254,1865346,1083532,608957,332225,168702,86424,46838,25894,14554,8283,4779,2776,1616,935,539,306"
un_latin_america_and_the_caribbean,1989,"0,0,0,0,0,0,0,511,6341,24834,113868,306886,676750,1303351,2275519,3674741,5753587,8991207,13443070,19294760,26845724,34931415,42408022,46122600,46182702,42297748,36051915,28645503,21936709,16219783,11444220,7856793,5090305,3167103,1900312,1119982,646910,364839,195260,98304,50817,26788,14391,7861,4379,2480,1393,788,445,250"
un_latin_america_and_the_caribbean,1990,"0,0,0,0,0,0,0,325,8622,32426,127101,336114,743593,1449506,2564288,4206203,6796602,10613392,15272264,21508384,28934653,36225265,43074064,47149383,46626718,42522022,35899375,28482504,21563152,15257642,10657524,7100698,4425354,2652275,1537714,877963,487008,253259,128577,68481,37107,20456,11434,6484,3715,2158,1233,704,395,221"
un_latin_america_and_the_caribbean,1991,"0,0,0,0,0,0,0,2,4254,72373,238373,549418,1031967,1675577,2556932,4005599,6419324,9958872,15049383,21351658,28878949,37090560,44455022,48543662,48186407,43983705,38206493,29557043,21621600,15240931,10539632,6899820,4222018,2477001,1397118,782043,420679,212239,111829,61677,34436,19480,11142,6429,3744,2191,1268,728,411,235"
un_latin_america_and_the_caribbean,1992,"0,0,0,0,0,0,0,2,5898,31091,121151,341010,787108,1537527,2614706,4183950,6539778,9964448,15340011,22220945,29911826,38262494,46125749,50449145,49514221,44664686,38215150,29326802,21770416,15447666,10511325,6766359,4136967,2396133,1314847,708110,374121,192096,102328,57424,32781,18874,10954,6392,3746,2205,1287,737,420,245"
un_latin_america_and_the_caribbean,1993,"0,0,0,0,0,0,0,0,5033,31620,139502,400992,897897,1681579,2754668,4350276,6871587,10552277,16155496,22967354,30595232,38555221,45426522,50035381,49547611,44999680,37982721,29532903,22164765,15965115,11189765,7559718,4859080,2977845,1754644,999473,552187,289269,147491,77769,41982,23033,12821,7224,4112,2370,1361,779,440,248"
un_latin_america_and_the_caribbean,1994,"0,0,0,0,0,0,0,0,36,11865,102088,329322,775490,1493210,2513807,4098461,6627409,10282070,15860852,22466476,29711509,39147767,46328922,50488327,51160889,46094462,38577695,30817896,23027489,16981875,12059084,8136194,5311147,3271807,1973233,1157727,656290,358436,181177,94252,50850,27900,15543,8763,5009,2879,1660,959,544,311"
un_latin_america_and_the_caribbean,1995,"0,0,0,0,0,0,0,0,169,17643,111876,330958,729163,1333065,2193787,3560608,5913681,9708031,15293142,22559047,30416262,38593097,46821910,50927261,51431524,48200585,40665194,32198342,24386720,17361268,12195348,8548812,5774501,3709243,2261976,1333716,767428,432720,234496,118916,61546,32480,17479,9563,5315,3001,1713,977,548,307"
un_latin_america_and_the_caribbean,1996,"0,0,0,0,0,0,0,0,25,24228,135865,396244,880832,1631664,2685329,4256500,6714434,10556866,16078518,22824015,31233442,40165913,47720546,51523950,51471109,47676648,40295137,31870022,24186840,17839273,12636478,8751208,5773736,3644042,2226649,1322803,764704,431120,237166,120354,61681,32226,17183,9317,5146,2893,1642,926,520,294"
un_latin_america_and_the_caribbean,1997,"0,0,0,0,0,0,0,0,175,20605,132668,387854,858299,1586475,2640279,4279702,6852693,10828383,16263549,22747780,31027850,39465808,46835329,51606867,52061809,48659884,41916871,33574610,25723353,18904596,13131057,9082550,6093852,3885726,2386186,1403873,796807,441611,235643,119125,61530,32398,17390,9500,5266,2975,1697,965,545,308"
un_latin_america_and_the_caribbean,1998,"0,0,0,0,0,0,0,0,507,13826,101554,327349,760601,1451065,2469058,4108614,6880018,11061956,16201867,22724630,30468399,38447253,47573861,52908836,52856061,50608164,43888433,34377579,26291723,19395277,13655687,9369052,6222429,3951604,2426353,1465860,860138,490089,267664,132330,65533,33007,16909,8812,4673,2527,1379,756,404,215"
un_latin_america_and_the_caribbean,1999,"0,0,0,0,0,0,0,0,1505,18665,113407,355038,816920,1553172,2599537,4182537,6878775,11111744,16673973,23632557,31925023,40860323,48802560,53951735,55209719,51062449,43025608,33988535,25775186,18951488,13526957,9289972,6050584,3812116,2337610,1388937,791137,434984,224272,114311,59755,31802,17230,9486,5291,2983,1700,976,545,306"
un_latin_america_and_the_caribbean,2000,"0,0,0,0,0,0,0,0,561,24493,134107,382550,828724,1504883,2445922,3866469,6202827,9792748,15015313,22211583,30585685,39838560,49023983,54851357,56849112,53627677,45636414,36180089,27285928,20021090,14193179,9856476,6597558,4208708,2573020,1530279,876404,485842,256279,125357,62527,31702,16345,8564,4551,2459,1335,734,390,195"
un_latin_america_and_the_caribbean,2001,"0,0,0,0,0,0,0,0,1417,25547,137137,397983,878790,1623330,2663397,4175461,6523736,10077002,15091651,22008514,30572374,39869125,49103242,55828857,57271497,54733397,46973517,36800080,27908035,20482809,14468760,9945663,6646832,4262215,2620644,1556475,887006,488472,255010,125239,62513,31743,16409,8628,4592,2501,1371,761,413,215"
un_latin_america_and_the_caribbean,2002,"0,0,0,0,0,0,0,0,136,16570,111448,332459,740716,1370971,2283167,3719024,6075162,9752380,14719513,21710483,31093682,41090281,50346216,57532836,60372323,57098742,48053448,37135878,28372874,20100611,13731996,9490994,6324768,4129893,2611208,1577681,897472,479650,250603,123748,61608,31188,16081,8432,4480,2429,1327,728,400,203"
un_latin_america_and_the_caribbean,2003,"0,0,0,0,0,0,0,0,184,16229,108144,323907,725553,1353266,2252950,3635079,5942079,9591388,14518893,21511812,31048364,41136264,50813290,58404473,60889973,57685693,49308972,38399583,29256753,21044993,14588366,9921303,6492519,4130264,2536102,1480568,816403,436095,223347,110068,55074,28023,14511,7637,4070,2208,1201,661,364,183"
un_latin_america_and_the_caribbean,2004,"0,0,0,0,0,0,0,0,1716,17670,95460,284567,636488,1188877,2004472,3302077,5478078,8910206,13620825,20441197,29752162,40177503,50882206,59186632,62660709,59347704,51551081,40580674,31059201,22471653,15326711,10372712,6649929,4138105,2489091,1435757,795355,428339,220610,111928,57909,30514,16382,8943,4938,2771,1574,894,510,265"
un_latin_america_and_the_caribbean,2005,"0,0,0,0,0,0,0,0,293,20643,110027,321051,700853,1277987,2104483,3402382,5477194,8592033,13053391,19305179,27665371,37862649,48717773,57811199,61954916,61360436,55001282,43736019,33309614,24356033,16794056,11296365,7375552,4633687,2794520,1614780,900344,493715,265577,135651,70310,37119,19969,10931,6051,3402,1927,1105,630,352"
un_latin_america_and_the_caribbean,2006,"0,0,0,0,0,0,0,0,1473,12527,68608,214187,501885,983945,1709595,2823498,4520917,7140174,11005274,16438420,24569245,35245546,46383081,56757525,63586258,64639150,58947607,47268610,36769760,27314413,18813904,12718056,8348502,5248587,3188659,1853623,1036823,564963,303728,154853,79541,41607,22167,12019,6615,3676,2069,1181,675,372"
un_latin_america_and_the_caribbean,2007,"0,0,0,0,0,0,0,0,3084,18562,78295,196811,397947,734076,1278761,2174735,3631227,5926244,9818419,15722607,23412321,34381645,46402364,56227664,63580478,65264426,60980373,51303178,39467672,29070637,20416126,13498254,8842906,5512364,3310581,1925602,1078672,584540,311120,157538,81716,43174,23227,12708,7056,3956,2247,1283,730,408"
un_latin_america_and_the_caribbean,2008,"0,0,0,0,0,0,0,0,385,9914,53847,145574,309775,591598,1068105,1886319,3268134,5470868,9128077,14721779,22239730,32878109,44725811,55122816,63314318,66711952,63669107,54542884,42298361,30937970,21795051,14421964,9368882,5798068,3458164,1999377,1116934,605691,322628,165784,86248,45721,24657,13526,7533,4227,2414,1384,792,447"
un_latin_america_and_the_caribbean,2009,"0,0,0,0,0,0,0,10,2630,16690,61819,145691,286825,529442,955229,1718474,3093973,5352899,8800736,14137067,21981637,32721027,45025241,56932762,65605634,67558015,64058218,55339171,43330235,31364790,21902493,14608455,9423898,5872038,3524169,2017564,1111900,594237,313815,158841,81507,42635,22713,12325,6794,3785,2146,1231,694,394"
un_latin_america_and_the_caribbean,2010,"0,0,0,0,0,0,0,17,1913,12718,51017,123902,249973,467988,854116,1542568,2772462,4799829,7880866,12769360,20240740,30535595,43244511,56413085,65894043,69902425,67121765,58289599,45824404,33249615,23034964,15370462,9930891,6182223,3722254,2159129,1204925,650990,344388,173790,88506,45945,24309,13104,7186,3987,2248,1284,721,414"
un_latin_america_and_the_caribbean,2011,"0,0,0,0,0,0,0,0,1377,8434,38285,97102,204064,404020,778162,1450820,2622659,4503254,7265018,11649575,18639029,28630935,41334350,54511777,66057674,71061390,69075573,61186017,48511457,35555131,24590746,16690692,10801289,6763604,4057003,2316349,1299136,709688,384341,210773,122250,93816,72050,53230,37526,25207,16227,10069,6050,3564"
un_latin_america_and_the_caribbean,2012,"0,0,0,0,0,0,0,0,1228,9062,35901,86144,171388,323653,624965,1215905,2317630,4168802,6913771,11280565,18312844,27981885,40222920,53315360,65690809,71816962,69969790,62859667,50673119,37386098,26106262,17863783,11528684,7251562,4399578,2547398,1453143,810175,448923,250822,142096,104109,76763,54560,37244,24428,15478,9522,5709,3370"
un_latin_america_and_the_caribbean,2013,"0,0,0,0,0,0,0,0,1796,10321,33884,76844,148855,274934,517340,992132,1930492,3677750,6383443,10698362,17503977,27102402,40019893,54124427,66087840,72432472,71393690,64018179,52226682,39073656,27020959,18516355,12161766,7689655,4655628,2693268,1537306,865358,483600,266938,146911,97806,66275,44099,28787,18415,11593,7208,4415,2692"
un_latin_america_and_the_caribbean,2014,"0,0,0,0,0,0,0,0,1611,11840,37774,79013,139565,239405,436177,848487,1707797,3361531,5984102,10239852,17019505,26889558,39704773,54849709,67140864,74121846,73270063,65262124,53358840,39863912,27571725,18762570,12018399,7524330,4591173,2712716,1573820,887549,489011,264787,170502,121252,84979,58277,39003,25474,16291,10243,6332,3867"
un_latin_america_and_the_caribbean,2015,"0,0,0,0,0,0,0,0,1331,11419,38542,84389,152834,266069,473408,876521,1710207,3355353,5961907,9979131,16427889,25801241,38840418,54474243,67865907,75488934,75124124,67457640,55007344,40776512,27924335,19104806,12370277,7673474,4571884,2620838,1487591,828412,457405,251184,139584,96767,68305,46993,31383,20348,12851,7950,4818,2884"
un_latin_america_and_the_caribbean,2016,"0,0,0,0,0,0,0,0,1736,10434,37004,87438,172324,325883,608515,1125221,2108682,3845418,6506928,10587926,16833591,26125674,39468274,54092213,67316992,75482846,75714627,68609972,55514988,40978229,28171459,19095206,12380937,7835684,4775345,2783020,1584130,874594,473633,255691,138469,96744,68942,47752,31999,20768,13110,8089,4873,2913"
un_latin_america_and_the_caribbean,2017,"0,0,0,0,0,0,0,0,1668,12426,42720,96077,188937,349192,637574,1183257,2243061,4117460,6893238,10771454,16933985,26159816,39200483,53692529,67511948,76108063,76370471,69115577,56912233,41986367,28798965,19415892,12535445,7828410,4784452,2808269,1596002,871603,467693,251421,139855,105540,81239,59998,42138,28148,17973,11047,6568,3822"
un_latin_america_and_the_caribbean,2018,"0,0,0,0,0,0,0,2,1818,12821,42595,101079,198612,369343,682602,1268581,2367732,4269401,7070720,11066245,17178831,26264636,39227816,53410223,67344742,76224432,77311656,70170463,57367385,43085770,29627378,19736662,12590595,7833894,4723508,2775682,1612383,914101,511824,286010,167141,128825,102716,77003,54178,35938,22655,13701,8004,4572"
un_latin_america_and_the_caribbean,2019,"0,0,0,0,0,0,0,355,4725,19548,59659,129962,241767,431155,785867,1436127,2634064,4714074,7770395,11985102,18183339,26997021,39465057,52883353,66175418,75566740,76813023,71128933,58603802,43618435,30097591,19945078,12713340,7876373,4756968,2798591,1624189,929625,528669,304084,185449,133771,94864,65427,43864,28658,18314,11510,7113,4358"
un_latin_america_and_the_caribbean,2020,"0,0,0,0,0,0,842,4136,15430,50695,115967,211304,352617,572715,932217,1609171,2835374,4896888,8030353,12513707,18612368,27590051,39809227,54363456,68621232,79312965,81316132,73184395,57216227,40687189,27746807,17906150,11557466,7129293,4214044,2416612,1352885,746705,409641,221684,116483,63811,36159,21114,12673,7806,4950,3198,2104,1417"
un_latin_america_and_the_caribbean,2021,"0,0,0,0,0,0,639,3633,18128,63445,144507,259704,412338,632374,1003350,1774582,3311745,5818304,9243804,13711079,19391146,27253599,39872825,54488956,69093697,78050781,78741696,70252163,57344099,42590416,28722411,19053572,12062814,7483000,4465141,2581992,1468692,821663,447162,239423,122420,64834,35655,20274,11863,7132,4421,2800,1791,1168"
un_latin_america_and_the_caribbean,2022,"0,0,0,0,0,0,134,2154,8311,26897,70618,142888,255868,447921,774105,1349865,2485127,4468629,7421889,11515570,17298055,25337566,36650188,51572011,66975968,78720970,81180867,75786129,62203497,45665030,31381334,20674877,13090070,8164832,4879011,2820293,1603782,903856,499178,278159,170937,132302,99961,72181,49692,32704,20697,12693,7570,4428"
un_latin_america_and_the_caribbean,2023,"0,0,0,0,0,0,56,1889,8546,28577,71616,142466,253629,437847,745072,1260676,2257216,4023929,6757621,10728328,16799627,25147063,36176950,50500764,65737833,77611300,81326476,77672247,64938812,47942387,32778056,21618488,13860084,8711250,5234891,3047395,1746912,985109,542188,291990,154313,108647,87198,68780,52525,38603,27303,18623,12280,7862"
un_latin_america_and_the_caribbean,2024,"0,0,0,0,0,0,0,1074,7049,24623,65218,133794,240639,413542,708601,1205145,2167468,3854632,6489512,10470710,16416653,24646904,35909035,50272916,65936717,78449539,81938203,78635747,66599233,48926281,33334423,22110938,14122223,8938134,5405475,3152397,1817852,1031864,570311,308528,163225,115350,92978,73612,56404,41581,29497,20184,13353,8567"
un_latin_america_and_the_caribbean,2025,"0,0,0,0,0,0,0,862,5745,23333,63734,131637,237325,409383,704713,1197022,2137641,3799595,6421250,10305346,16275942,24729760,36057986,50363303,66027364,78131661,82148483,79146986,67053209,49833287,34382749,22771107,14666875,9287545,5628752,3297456,1902044,1080380,598538,323567,171544,121236,97746,77475,59498,43991,31315,21505,14286,9207"
un_latin_america_and_the_caribbean,2026,"0,0,0,0,0,0,0,500,4312,19460,56363,119361,219342,381499,661577,1128393,2004765,3581603,6076015,9811647,15563079,23815060,34990345,49294019,65114454,77960692,83219137,80661702,69193141,51864396,36003812,23883429,15358520,9725205,5911612,3458388,1991993,1130258,627205,340313,178911,96213,55602,32905,19890,12290,7763,5017,3290,2174"
un_latin_america_and_the_caribbean,2027,"0,0,0,0,0,0,0,363,3632,17648,52576,113395,210509,368077,640765,1096401,1941592,3470196,5892187,9529958,15135954,23287303,34407021,48644164,64672569,77853909,83657126,81390910,70668627,53447376,37258563,24801903,15980366,10134530,6194634,3633542,2097712,1192412,663902,360885,190537,101379,58480,34552,20876,12891,8137,5251,3443,2277"
un_latin_america_and_the_caribbean,2028,"0,0,0,0,0,0,0,246,3010,15802,48618,107439,201902,355163,620129,1064077,1878020,3353259,5689412,9220514,14642772,22573485,33459528,47533348,63612992,77354479,84065391,82319055,72546099,55414859,38907244,25966056,16771780,10649094,6538414,3844088,2221852,1265532,706427,384724,204104,107510,61901,36526,22043,13594,8572,5523,3620,2397"
un_latin_america_and_the_caribbean,2029,"0,0,0,0,0,0,0,145,2462,14125,45455,102615,194976,344663,602687,1037153,1828125,3261021,5524479,8962518,14211088,21930436,32599126,46462460,62598939,76771958,84398214,83157952,74297593,57302820,40493509,27108992,17553636,11151772,6874649,4051039,2343030,1336934,746884,407930,217532,113855,65371,38564,23243,14319,9024,5808,3810,2528"
un_latin_america_and_the_caribbean,2030,"0,0,0,0,0,0,0,145,2691,14939,46029,103231,195847,346585,607601,1048275,1848846,3297938,5584441,9054175,14368987,22204969,33036477,47049566,63297851,77571669,85088458,83676081,74609602,57321329,40399329,26975708,17447032,11089884,6838169,4037961,2340560,1337603,748594,408680,217705,113900,65485,38665,23348,14407,9103,5872,3866,2575"
un_latin_america_and_the_caribbean,2031,"0,0,0,0,0,0,0,61,2175,13487,43400,99198,190214,337871,592792,1024963,1804722,3211118,5425111,8814622,14021636,21752932,32467373,46312313,62495315,76958037,85120792,84143908,76053879,59023891,41839723,28055480,18203633,11573821,7156973,4245057,2468939,1416526,796476,436772,233732,122180,69987,41333,24960,15403,9725,6270,4124,2747"
un_latin_america_and_the_caribbean,2032,"0,0,0,0,0,0,0,0,1740,11839,39640,92800,180046,321236,564656,978945,1717851,3066606,5213206,8505584,13548559,21170312,31806445,45563914,61827610,76631257,85364551,84736112,77232112,60727489,43270143,29111880,18965211,12067355,7491343,4457180,2597633,1493814,841784,462684,248508,129515,73719,43463,26238,16177,10203,6579,4328,2885"
un_latin_america_and_the_caribbean,2033,"0,0,0,0,0,0,0,0,1423,10128,36234,87256,171499,307437,540395,938247,1640974,2942824,5040385,8267220,13215441,20702252,31096639,44777057,61061331,76302841,85740844,85810276,78655422,62174463,44494749,30021665,19561066,12443378,7722327,4587862,2669238,1532892,864065,474869,255248,132034,74148,43481,26112,16044,10086,6488,4266,2844"
un_latin_america_and_the_caribbean,2034,"0,0,0,0,0,0,0,0,1150,9285,33523,82268,163868,295903,521460,907869,1587743,2838279,4854718,7968472,12743866,20022170,30189328,43685147,59975374,75660681,85944663,86667387,80212073,64090120,46071834,31131803,20309037,12927783,8040632,4795224,2797033,1610336,910769,502047,270739,140186,78019,45680,27404,16821,10566,6792,4465,2979"
un_latin_america_and_the_caribbean,2035,"0,0,0,0,0,0,0,0,912,7825,30382,76832,155053,281600,496772,866626,1511838,2704880,4648727,7650006,12252715,19316721,29248451,42465057,58657866,74670042,85751964,87357999,81657269,66202083,47950186,32544124,21289958,13567321,8463275,5062430,2956442,1705403,966246,533734,288809,149968,82667,48323,28953,17754,11141,7151,4696,3128"
un_latin_america_and_the_caribbean,2036,"0,0,0,0,0,0,0,0,703,6649,27555,72061,147285,268878,474238,828304,1441296,2579230,4462384,7379756,11850731,18781135,28639942,41808648,57929990,74232791,85742438,87818389,82485093,67752374,49380751,33622439,22070852,14078060,8799190,5277612,3085279,1782603,1011815,559649,303952,158503,86502,50550,30275,18566,11637,7476,4909,3273"
un_latin_america_and_the_caribbean,2037,"0,0,0,0,0,0,0,0,705,6418,25866,68373,141014,258438,456511,798190,1383001,2476869,4301913,7132156,11459413,18179620,27798507,40741878,56724520,73394592,85648425,88505025,83759291,69615570,51008527,34823234,22864016,14607500,9142108,5504841,3227845,1869739,1064975,591233,321338,168534,90952,53078,31747,19445,12174,7815,5135,3420"
un_latin_america_and_the_caribbean,2038,"0,0,0,0,0,0,0,0,525,5430,23604,64503,135191,250332,443920,777405,1348747,2411959,4193006,6944706,11196577,17795459,27226410,40031759,56039286,72824827,85535010,89163679,84802835,70902852,52208465,35779442,23517963,15013783,9401980,5654807,3309619,1913248,1088706,604375,328241,172260,93098,54362,32540,19935,12493,8016,5268,3527"
un_latin_america_and_the_caribbean,2039,"0,0,0,0,0,0,0,0,377,4581,21378,59960,127374,237906,422663,742184,1286137,2293366,4008630,6660073,10755611,17126155,26310745,38853756,54669794,71662400,85047748,89705892,85907950,72892301,54083033,37241956,24538991,15701402,9847967,5940352,3481427,2015204,1149085,639593,348371,183862,98289,57338,34272,20977,13139,8425,5530,3702"
un_latin_america_and_the_caribbean,2040,"0,0,0,0,0,0,0,0,254,3826,19157,55299,119432,225046,400931,706270,1224861,2179080,3831923,6397437,10364350,16555515,25635154,38079099,53753133,70996627,84783676,90047740,86551689,74309081,55625620,38431120,25413094,16296708,10240413,6205138,3644607,2113438,1207701,674719,368132,195305,103141,60061,35853,21920,13713,8794,5766,3860"
un_latin_america_and_the_caribbean,2041,"0,0,0,0,0,0,0,0,148,3301,17285,51199,112704,214245,382290,673376,1166812,2068956,3654520,6129504,9971746,15947635,24825934,37080510,52558327,69882264,84235238,90413264,87472231,76071914,57391227,39844560,26359004,16929029,10644550,6467531,3809464,2212520,1267472,709609,388313,207181,108596,63050,37610,22983,14370,9203,6036,4040"
un_latin_america_and_the_caribbean,2042,"0,0,0,0,0,0,0,0,61,2770,15688,48120,107875,207455,372233,656409,1139173,2017689,3560229,5961365,9718638,15558222,24239376,36265059,51649768,69040683,83807173,90868046,88515035,77417007,58658937,40870233,27079357,17384781,10928386,6631127,3897224,2257968,1291421,723301,395686,211262,110969,64517,38537,23566,14749,9450,6204,4148"
un_latin_america_and_the_caribbean,2043,"0,0,0,0,0,0,0,0,0,2198,13939,44192,100975,195959,352984,624497,1086989,1921410,3406243,5734579,9376275,15050462,23626065,35549806,50818060,68319148,83406464,90995391,88890884,78508838,60124474,42058042,27969224,18018407,11341617,6912084,4072796,2363953,1356221,761627,417792,224002,116987,67647,40367,24668,15422,9872,6479,4338"
un_latin_america_and_the_caribbean,2044,"0,0,0,0,0,0,0,0,0,2189,13276,41456,95890,187464,338682,600803,1045943,1845072,3287767,5557731,9087308,14564727,22900209,34495129,49467567,66936146,82545324,91118591,89661709,80153640,61907346,43526024,28964180,18688095,11769216,7192977,4252557,2474074,1422920,802010,440992,236994,123536,70945,42278,25816,16123,10319,6762,4525"
un_latin_america_and_the_caribbean,2045,"0,0,0,0,0,0,0,0,0,1649,11569,37890,89686,177619,322146,571598,995817,1750671,3129512,5318068,8726694,14011243,22111684,33481731,48211720,65606411,81625803,91074309,90256487,81630089,63760311,45109974,30096185,19460817,12269233,7514566,4449260,2590361,1492341,842435,464492,250791,130665,74501,44380,27072,16907,10806,7077,4738"
un_latin_america_and_the_caribbean,2046,"0,0,0,0,0,0,0,0,0,1218,10246,35211,85090,170773,312019,555544,970590,1706767,3046986,5178848,8505370,13679761,21678974,32920362,47654882,65095824,81396629,91207725,90866483,82383362,64702896,45897267,30710195,19874522,12523229,7672781,4536063,2636010,1515835,855340,471413,254385,132639,75678,45107,27529,17214,11012,7220,4840"
un_latin_america_and_the_caribbean,2047,"0,0,0,0,0,0,0,0,0,976,9361,32397,79559,161448,296437,528323,924782,1619445,2891691,4946626,8152854,13138048,20913733,31919820,46439093,63715461,80426840,91103772,91512146,83816811,66508607,47422660,31770056,20586901,12984697,7971875,4728928,2754901,1587653,899117,496799,269021,140331,79330,47228,28810,17988,11500,7531,5051"
un_latin_america_and_the_caribbean,2048,"0,0,0,0,0,0,0,0,0,711,7955,29393,74164,152285,281242,502235,881473,1539358,2748854,4725874,7810433,12624754,20168131,30912714,45112385,62246170,79206582,90700834,91921922,85047416,68381802,49123181,33048621,21473901,13568857,8353456,4967513,2897178,1672540,949272,525514,285481,149209,83470,49618,30226,18856,12038,7876,5276"
un_latin_america_and_the_caribbean,2049,"0,0,0,0,0,0,0,0,0,532,7307,26997,69453,144162,267503,477739,840043,1464497,2616668,4530855,7524318,12198555,19581813,30262453,44425432,61479128,78736459,90655429,92246690,85710564,69600949,50202370,33819826,22019085,13929508,8586379,5122482,2994882,1732609,986469,547618,298571,156597,86683,51516,31386,19581,12505,8181,5480"
un_latin_america_and_the_caribbean,2050,"0,0,0,0,0,0,0,0,0,380,6184,24601,65275,137696,258347,463397,815469,1423007,2538141,4392076,7280759,11830452,18995462,29388559,43372099,60379628,77870048,90337395,92872716,86859466,70928208,51411416,34754482,22628582,14306821,8819516,5253117,3065331,1769551,1005552,557521,303883,159562,88457,52601,32068,20013,12782,8371,5609"
un_latin_america_and_the_caribbean,2051,"0,0,0,0,0,0,0,0,0,376,5664,22864,61462,130755,246622,443781,783647,1363734,2435816,4238186,7040021,11432527,18330810,28380122,41975802,58754018,76525806,89711540,93226134,87902194,72738118,53084208,36017763,23498236,14887578,9194940,5491652,3208125,1854237,1055835,587139,320115,168849,92460,54908,33425,20845,13304,8705,5822"
un_latin_america_and_the_caribbean,2052,"0,0,0,0,0,0,0,0,0,256,5022,20717,57275,123228,234002,421655,745851,1296460,2310779,4044475,6752625,11016075,17734185,27670519,41180041,57795414,75772058,89425232,93440421,88489204,73977008,54316235,36941931,24128581,15310366,9464841,5669691,3319898,1923144,1098332,612152,334903,177554,96081,57045,34732,21643,13815,9035,6049"
un_latin_america_and_the_caribbean,2053,"0,0,0,0,0,0,0,0,0,148,4144,18534,53154,116014,222359,402133,713445,1240387,2208104,3890656,6517643,10674189,17207984,26915215,40201627,56755888,74804793,88929343,93822050,89429663,75204602,55517591,37892719,24773813,15708981,9714032,5810540,3392464,1959244,1116742,622016,339774,180095,97531,57912,35264,21984,14029,9181,6154"
un_latin_america_and_the_caribbean,2054,"0,0,0,0,0,0,0,0,0,63,3794,17067,49262,108921,210327,381456,678814,1181672,2097126,3712198,6251041,10272831,16623241,26226045,39409069,55818604,74023860,88540979,93939651,89898864,76304490,56723865,38807732,25412982,16149123,9996469,6002128,3515903,2036129,1163493,650686,356122,189717,101384,60128,36580,22802,14541,9507,6374"
un_latin_america_and_the_caribbean,2055,"0,0,0,0,0,0,0,0,0,0,3052,15565,45758,103138,201626,367749,655484,1143364,2024958,3573533,6000339,9851331,15915958,25168597,37962350,54111132,72357581,87470103,93997539,90678970,78075486,58599404,40308577,26450801,16852551,10444090,6289502,3690586,2139805,1225490,687622,376975,201756,106814,63120,38346,23876,15213,9935,6650"
un_latin_america_and_the_caribbean,2056,"0,0,0,0,0,0,0,0,0,0,2480,13979,42501,97393,192189,351502,626534,1091886,1929045,3422278,5779172,9531992,15439858,24479252,37061684,53164036,71440173,86921898,94234903,91497183,79217705,59676800,41154074,27027819,17208138,10654165,6401952,3744947,2164977,1236395,693174,380316,203833,108167,64020,38951,24265,15478,10122,6773"
un_latin_america_and_the_caribbean,2057,"0,0,0,0,0,0,0,0,0,0,2366,13290,39885,92465,183310,336037,601449,1050107,1849525,3299327,5606029,9258122,15008524,23892065,36238620,52110825,70350099,86228234,94073825,91721816,80154278,60924252,42167664,27745315,17711027,10977525,6621374,3886321,2252832,1290460,725851,399053,214575,113009,66516,40428,25178,16052,10491,7024"
un_latin_america_and_the_caribbean,2058,"0,0,0,0,0,0,0,0,0,0,1887,11901,36289,85635,171788,316381,567756,993816,1743846,3116381,5320599,8808303,14303918,22867182,34846278,50436299,68677556,85132227,94037280,92432404,81789854,62768438,43652933,28769223,18415031,11427260,6910554,4063968,2358150,1353952,763972,420959,226904,119174,69654,42280,26296,16754,10940,7313"
un_latin_america_and_the_caribbean,2059,"0,0,0,0,0,0,0,0,0,0,1558,10876,33991,81467,164557,303957,545823,957284,1676734,3008196,5174323,8599231,14030346,22553123,34549055,50140586,68362765,84944227,94027990,92721290,82160889,63197847,44016018,29017034,18554324,11501247,6947738,4081795,2366472,1356612,763981,420854,226979,119352,69886,42492,26471,16891,11045,7399"
un_latin_america_and_the_caribbean,2060,"0,0,0,0,0,0,0,0,0,0,1192,9695,30776,75236,154008,286323,515508,907095,1584645,2844292,4918848,8192916,13404931,21622296,33289551,48578246,66679625,83673022,93745711,93135710,83523761,64959800,45542530,30114000,19316550,11990604,7259590,4271103,2478513,1423141,803952,443878,240317,126125,73235,44480,27694,17652,11527,7717"
un_latin_america_and_the_caribbean,2061,"0,0,0,0,0,0,0,0,0,0,924,8843,28355,70891,147278,276198,498197,876812,1531105,2735441,4718458,7850218,12854609,20760631,32107354,47072617,64999888,82440640,93416556,93631119,84834704,66603765,46931100,31066930,19958363,12405663,7522225,4437257,2579060,1483560,840169,464384,252337,132398,76146,46235,28767,18337,11968,8014"
un_latin_america_and_the_caribbean,2062,"0,0,0,0,0,0,0,0,0,0,790,8303,26996,67927,141662,266171,481253,849727,1478789,2650727,4610700,7696743,12597069,20351989,31449904,46208278,64023494,81749606,93240247,94022839,85467843,67365246,47618120,31572673,20299468,12613021,7646174,4499898,2607294,1494877,845041,466505,253159,132765,76369,46381,28887,18420,12035,8077"
un_latin_america_and_the_caribbean,2063,"0,0,0,0,0,0,0,0,0,0,645,7644,24633,63157,132999,251206,454462,804502,1398376,2505359,4383608,7339760,12042774,19514641,30380019,44869493,62490507,80534751,92758405,94329367,86596240,68933346,48996416,32524347,20932427,13027605,7913176,4673078,2713652,1558892,884052,488499,265808,139452,79292,48100,29914,19060,12444,8338"
un_latin_america_and_the_caribbean,2064,"0,0,0,0,0,0,0,0,0,0,377,6653,22507,58894,125163,237834,431213,766773,1334073,2388428,4208086,7068827,11619285,18885016,29616592,43913477,61448573,79604961,92263848,94248369,86969991,70027052,50076605,33349480,21533763,13424429,8170086,4836482,2811370,1617441,918628,508799,277709,146824,84275,51527,32287,20709,13606,9163"
un_latin_america_and_the_caribbean,2065,"0,0,0,0,0,0,0,0,0,0,276,6165,20481,54634,117547,225120,409156,728989,1266879,2262658,4010387,6771361,11191061,18242846,28773776,42900574,60315105,78698917,91930856,94733246,88012672,71050275,50984857,33969724,21903654,13645737,8294127,4904170,2847767,1635260,928770,514379,280593,148424,85268,52155,32706,20987,13795,9302"
un_latin_america_and_the_caribbean,2066,"0,0,0,0,0,0,0,0,0,0,138,5296,18373,50127,109190,210843,384756,688738,1199115,2135955,3807733,6459399,10699166,17490630,27778911,41684194,58927338,77458653,91216616,94672298,88516346,72391009,52377509,35037177,22664263,14149980,8618737,5108527,2969837,1706992,971395,539437,294125,155826,88354,53941,33768,21644,14208,9566"
un_latin_america_and_the_caribbean,2067,"0,0,0,0,0,0,0,0,0,0,128,5161,17902,49130,107588,208590,381329,682219,1185979,2111294,3759920,6370980,10561796,17240966,27302883,40903945,57972473,76579786,90720586,94786148,89117942,73021646,52921846,35422745,22883478,14280802,8685926,5141772,2985576,1713238,973310,540356,294680,156261,88739,54265,34011,21827,14346,9674"
un_latin_america_and_the_caribbean,2068,"0,0,0,0,0,0,0,0,0,0,31,4370,16156,45352,100381,196109,359807,646197,1126189,1996904,3572756,6085307,10104148,16530166,26350444,39685298,56568878,75289509,89939089,94683710,89555806,74268073,54266472,36460028,23615010,14774594,9003233,5343505,3108320,1787156,1017593,566951,310003,164790,92359,56410,35324,22660,14887,10027"
un_latin_america_and_the_caribbean,2069,"0,0,0,0,0,0,0,0,0,0,30,3974,14803,41784,93860,184928,340343,612144,1068697,1886267,3383804,5794488,9655574,15825453,25361275,38388446,54959377,73735384,89015702,94677796,90298394,75703317,55704727,37531120,24308246,15244973,9291160,5526325,3220758,1854193,1057196,590149,323751,172889,95665,58410,36575,23457,15402,10368"
un_latin_america_and_the_caribbean,2070,"0,0,0,0,0,0,0,0,0,0,23,3394,13707,38730,88085,174764,322826,582518,1020408,1795974,3237468,5582719,9344005,15398481,24819124,37771275,54384538,73191219,88654720,94650877,90473119,76074179,56194898,37935537,24611255,15439003,9410057,5591582,3253036,1870448,1064605,594415,325890,174072,96420,58919,36921,23707,15576,10505"
un_latin_america_and_the_caribbean,2071,"0,0,0,0,0,0,0,0,0,0,22,3165,13003,36243,83515,166398,307943,557238,978916,1717253,3107734,5385015,9018873,14848819,23950941,36469304,52592381,71326009,87372735,94367729,91012306,77457941,57693582,39139076,25411055,15984211,9752831,5813445,3391393,1953484,1114584,624165,342679,183765,100327,61227,38329,24586,16146,10877"
un_latin_america_and_the_caribbean,2072,"0,0,0,0,0,0,0,0,0,0,22,2677,12028,33723,78747,157977,293204,531130,936548,1639699,2977174,5198925,8741738,14441441,23363604,35762775,51910908,70710586,87025126,94410878,91309228,77892004,58153001,39495365,25648293,16125241,9830638,5848303,3403300,1956313,1114096,623899,342820,184086,100703,61572,38615,24812,16317,11004"
un_latin_america_and_the_caribbean,2073,"0,0,0,0,0,0,0,0,0,0,22,2297,10993,30566,73032,148127,276654,501737,887040,1546982,2806051,4933889,8329483,13813476,22455214,34576115,50370235,68948123,85713034,93991953,91628478,79136470,59653341,40747143,26484910,16703477,10192155,6076837,3545731,2042023,1166174,654899,360343,194009,104857,63870,39985,25659,16864,11356"
un_latin_america_and_the_caribbean,2074,"0,0,0,0,0,0,0,0,0,0,16,1893,10260,28739,69516,142358,267517,486156,860741,1501334,2713175,4765917,8028511,13322309,21750967,33693737,49289955,67859431,84787061,93553467,91502859,79696829,60605865,41583391,27090312,17151606,10477271,6260058,3658003,2109787,1206554,679441,375001,202444,108692,65931,41297,26502,17418,11722"
un_latin_america_and_the_caribbean,2075,"0,0,0,0,0,0,0,0,0,0,15,1845,9867,27224,66514,136694,257319,468290,831695,1447348,2621887,4635805,7845374,13037795,21282245,32975449,48298088,66609036,83763391,93167338,91766624,80387439,61303567,42221864,27501330,17405438,10626590,6344325,3704119,2133256,1217231,685582,378016,204024,109589,66467,41636,26725,17568,11826"
un_latin_america_and_the_caribbean,2076,"0,0,0,0,0,0,0,0,0,0,15,1406,8919,24951,61854,128200,242627,442476,789246,1372742,2481429,4416754,7502537,12516572,20508860,31998895,47129172,65365039,82779728,92726665,91714929,80989218,62358397,43151710,28183975,17890385,10940603,6543386,3825796,2207210,1261954,712475,393799,213276,113854,68604,42965,27568,18128,12200"
un_latin_america_and_the_caribbean,2077,"0,0,0,0,0,0,0,0,0,0,10,1268,8310,22795,57637,120660,229787,419660,750869,1308274,2364785,4243099,7241158,12113225,19874103,31134882,46066420,64106673,81743004,92300737,92077412,81832418,63178124,43878317,28638771,18166666,11099043,6632330,3874810,2232290,1273628,718743,396737,214852,114803,69185,43335,27819,18298,12326"
un_latin_america_and_the_caribbean,2078,"0,0,0,0,0,0,0,0,0,0,10,1161,8048,21752,55336,115914,220640,403170,724176,1261315,2275297,4107765,7046711,11806547,19429304,30559642,45214354,63090296,80797483,91647170,91658666,81957133,63829153,44563351,29150185,18559115,11362540,6805119,3987174,2303034,1317189,744208,411852,223805,119098,71201,44602,28634,18835,12690"
un_latin_america_and_the_caribbean,2079,"0,0,0,0,0,0,0,0,0,0,10,904,7313,19928,51568,109132,208922,382475,688822,1201063,2156957,3911777,6741114,11327884,18659114,29456347,43852010,61580427,79536082,91199059,92087987,83035852,64900735,45502652,29772722,18932872,11582146,6924089,4044262,2327593,1326383,748322,413506,224494,120667,72873,45734,29407,19375,13070"
un_latin_america_and_the_caribbean,2080,"0,0,0,0,0,0,0,0,0,0,10,818,6927,18460,48163,102615,197080,360905,651432,1139331,2039973,3723987,6456831,10891583,18034840,28713704,42963558,60654568,78770509,90764648,91885758,83229308,65585534,46156649,30218981,19269197,11803483,7065437,4139970,2389198,1365430,772701,427948,233180,124824,74815,46972,30223,19921,13443"
un_latin_america_and_the_caribbean,2081,"0,0,0,0,0,0,0,0,0,0,5,538,6191,17152,45424,97920,190083,350811,635159,1112521,1989799,3632472,6298279,10648582,17688212,28236319,42428597,59963552,77997170,90187169,91565646,83177420,65761457,46449744,30510239,19502638,11968713,7181079,4212141,2431256,1388148,787518,441857,245806,134739,81917,51797,33397,21987,14767"
un_latin_america_and_the_caribbean,2082,"0,0,0,0,0,0,0,0,0,0,5,528,5998,16164,42895,93096,181132,334483,607190,1065329,1899041,3484582,6079150,10278113,17077179,27372661,41119224,58239707,76344718,89172842,91372238,83827225,66947565,47619564,31328793,20064334,12336730,7404416,4353879,2517416,1439478,818796,460311,256593,140275,84480,53391,34414,22642,15210"
un_latin_america_and_the_caribbean,2083,"0,0,0,0,0,0,0,0,0,0,5,518,5647,15178,40247,88041,171861,318193,579566,1021004,1813781,3341589,5873580,9980460,16662035,26857770,40614031,57802563,75944774,88949487,91301959,83843226,67017890,47737579,31388960,20105308,12362624,7417804,4361711,2522940,1442706,820888,461684,257243,140786,84876,53683,34624,22800,15325"
un_latin_america_and_the_caribbean,2084,"0,0,0,0,0,0,0,0,0,0,5,338,4894,13900,37175,82582,162035,300574,548058,969046,1714519,3158928,5584320,9509687,15912089,25779082,39178436,55984159,74127888,87787264,91037615,84516961,68383232,49120071,32444377,20820749,12844338,7712867,4539179,2627943,1503853,856446,482897,269213,147288,87831,55490,35769,23526,15804"
un_latin_america_and_the_caribbean,2085,"0,0,0,0,0,0,0,0,0,0,5,335,4818,13490,35307,78918,154726,287261,525746,934262,1652948,3061380,5449739,9314179,15621004,25383074,38680777,55452110,73565815,87362610,90823069,84397474,68403377,49258423,32548219,20906769,12893605,7738986,4555451,2636942,1508550,858168,483625,269428,147533,88088,55709,35950,23674,15916"
un_latin_america_and_the_caribbean,2086,"0,0,0,0,0,0,0,0,0,0,2,256,4205,12402,32661,74054,145888,271379,496491,885460,1561694,2887595,5172347,8870271,14913705,24346339,37330297,53749207,71840888,86246407,90548889,84959767,69647856,50520488,33525016,21555736,13335447,8010603,4719235,2734103,1565706,891950,503836,281692,154291,91048,57550,37121,24436,16426"
un_latin_america_and_the_caribbean,2087,"0,0,0,0,0,0,0,0,0,0,2,196,3873,11624,30488,69879,138023,257253,471439,844668,1489768,2757003,4979825,8584708,14503328,23783449,36714666,53202288,71285191,85761530,90296976,84918375,69793654,50779336,33736970,21703192,13436610,8070623,4753879,2753128,1575765,895488,505188,282196,154633,91338,57764,37288,24558,16519"
un_latin_america_and_the_caribbean,2088,"0,0,0,0,0,0,0,0,0,0,2,193,3813,11402,29232,67319,132898,247703,454579,817536,1441839,2673525,4862636,8415631,14228084,23376094,36178033,52541343,70571026,85200115,89994867,84901558,69907226,50988952,33899238,21798887,13490625,8091968,4762022,2755644,1575351,894359,504566,281895,154564,91384,57851,37383,24641,16602"
un_latin_america_and_the_caribbean,2089,"0,0,0,0,0,0,0,0,0,0,2,192,3273,10587,26911,63107,126144,237188,436877,787711,1387620,2560879,4649550,8034563,13611775,22426548,34873216,50902191,68885041,84010159,89638170,85203237,70991554,52147109,34825106,22423756,13926224,8370443,4936349,2861058,1639071,932119,527166,294887,162407,96488,61312,39737,26283,17750"
un_latin_america_and_the_caribbean,2090,"0,0,0,0,0,0,0,0,0,0,2,189,3232,10396,25837,60744,121368,228088,420729,761169,1341298,2478498,4536136,7880271,13369451,22063232,34382713,50309877,68194273,83405604,89218442,85092739,71073045,52339330,34985037,22516797,13978852,8391608,4944153,2863676,1639141,930868,526359,294416,162191,96454,61334,39794,26349,17820"
un_latin_america_and_the_caribbean,2091,"0,0,0,0,0,0,0,0,0,0,0,131,2956,9775,23866,56967,114326,215319,397971,723962,1276703,2349500,4324781,7540312,12849475,21333910,33510450,49254176,67115697,82508875,88688686,84895173,71528235,53104788,35645108,22977422,14326769,8620875,5098180,2961526,1699668,967458,547974,306567,168903,99164,63003,40853,27032,18266"
un_latin_america_and_the_caribbean,2092,"0,0,0,0,0,0,0,0,0,0,0,130,2519,9090,22096,53437,108121,204469,378301,690046,1220454,2238951,4142434,7254140,12398081,20631253,32570019,48151480,65907025,81561084,88386939,85216275,72214077,53761550,36180372,23303254,14526505,8734923,5155367,2988785,1711455,971153,549637,307623,169601,99685,63385,41127,27226,18414"
un_latin_america_and_the_caribbean,2093,"0,0,0,0,0,0,0,0,0,0,0,129,2488,8963,21106,51036,103338,194962,360596,660400,1169028,2137839,3977326,7006379,12008883,20065656,31814537,47141675,64849311,80725242,87911263,84932756,72460574,54311792,36719126,23684902,14825841,8931940,5285706,3073411,1764180,1003530,568891,319092,176132,102120,64910,42106,27869,18849"
un_latin_america_and_the_caribbean,2094,"0,0,0,0,0,0,0,0,0,0,0,87,2287,8432,19607,47857,97547,184402,341507,627396,1116259,2040824,3820040,6764929,11648953,19543315,31162344,46422425,64092123,80094782,87505102,84916868,72647772,54604854,37003431,23868732,14946327,8999098,5322871,3094972,1776603,1010050,571823,320297,176896,102643,65275,42365,28060,18995"
un_latin_america_and_the_caribbean,2095,"0,0,0,0,0,0,0,0,0,0,0,86,1935,7832,18355,45276,93010,176061,326009,600510,1073567,1955818,3668230,6526882,11255000,18893722,30278232,45395525,62952451,79113679,87215721,85129239,73259000,55190364,37493514,24136818,15095615,9083037,5362346,3110243,1781093,1009932,571029,319828,176681,102605,65290,42402,28099,19033"
un_latin_america_and_the_caribbean,2096,"0,0,0,0,0,0,0,0,0,0,0,74,1897,7717,17334,42857,88375,167046,309770,572987,1027272,1868588,3519470,6295388,10886468,18344493,29489613,44293632,61704564,78038516,86518235,84856969,73594781,55912689,38170222,24603657,15444315,9310831,5513152,3209575,1843577,1048217,593854,332779,184051,105492,67107,43576,28874,19559"
un_latin_america_and_the_caribbean,2097,"0,0,0,0,0,0,0,0,0,0,0,74,1827,7343,16473,40781,84933,161673,300932,557316,1000366,1817042,3423797,6127444,10612197,17923910,28962383,43762019,61185260,77570499,86209098,84668138,73537364,55938040,38242538,24649735,15469843,9321602,5514901,3207913,1841797,1046329,592430,331901,183603,105301,67039,43571,28894,19589"
un_latin_america_and_the_caribbean,2098,"0,0,0,0,0,0,0,0,0,0,0,45,1686,7042,15708,39072,81820,155201,287869,533367,960605,1740086,3283399,5911203,10247570,17330749,28064500,42399242,59536418,76103681,85409092,84588277,74195249,56905791,39134915,25230617,15886364,9591638,5684934,3317037,1907726,1085999,615834,345700,191653,108574,68955,44805,29708,20129"
un_latin_america_and_the_caribbean,2099,"0,0,0,0,0,0,0,0,0,0,0,45,1477,6573,14655,36318,76962,146520,272738,506844,916950,1658572,3130801,5668170,9884639,16789584,27333803,41668026,58819774,75377572,85011813,84421600,74360421,57212300,39478898,25483052,16046622,9691143,5740905,3344290,1920648,1090876,616794,345354,191171,109930,70039,45563,30241,20508"
un_latin_america_and_the_caribbean,2100,"0,0,0,0,0,0,0,0,0,0,0,45,1461,6491,14396,35230,74782,141839,263449,489788,889186,1610609,3048152,5551087,9720328,16545868,26975776,41203906,58248450,74816696,84503482,84096301,74205490,57160159,39542921,25540196,16086580,9714008,5748273,3346386,1920579,1089800,615276,344405,190654,109706,69950,45538,30249,20547"
un_northern_africa_and_western_asia,1800,"5,84,292,1067,3979,11649,28821,62334,127826,258914,532126,1022681,1715532,2582815,3579372,4453665,4841579,4467552,3597250,2611898,1721654,1052538,617238,343911,184964,100093,54281,30397,17893,10761,6595,4143,2631,1665,1013,597,349,190,116,68,36,21,10,10,9,0,0,0,0,0"
un_northern_africa_and_western_asia,1801,"5,85,295,1071,3989,11677,28882,62471,128113,259509,533386,1025192,1719924,2589701,3589263,4466227,4855043,4479543,3606525,2618313,1725688,1055030,618826,344864,185538,100453,54465,30509,17961,10801,6618,4159,2639,1669,1022,601,350,190,116,68,36,21,10,10,9,0,0,0,0,0"
un_northern_africa_and_western_asia,1802,"5,85,297,1072,4002,11707,28943,62580,128324,259774,533142,1024038,1717842,2586863,3588168,4471120,4869472,4497673,3625453,2634256,1735955,1061296,622436,347077,186747,101120,54822,30678,18070,10865,6660,4182,2653,1679,1031,607,353,190,116,68,36,21,10,10,9,0,0,0,0,0"
un_northern_africa_and_western_asia,1803,"5,85,297,1073,4010,11732,29003,62717,128622,260384,534419,1026581,1722274,2593827,3598168,4483838,4883144,4509867,3634957,2640905,1740172,1063812,623901,347913,187189,101368,54958,30752,18109,10895,6679,4194,2660,1684,1033,608,355,191,116,68,36,21,10,10,9,0,0,0,0,0"
un_northern_africa_and_western_asia,1804,"5,86,297,1078,4023,11757,29065,62851,128906,260979,535672,1029073,1726590,2600585,3607942,4496336,4896699,4522143,3644777,2647897,1744666,1066497,625483,348821,187693,101636,55092,30832,18155,10922,6693,4206,2669,1695,1034,610,355,191,117,68,36,21,10,10,9,0,0,0,0,0"
un_northern_africa_and_western_asia,1805,"5,86,298,1080,4030,11784,29129,62991,129161,261345,536300,1030553,1729718,2605789,3616781,4508514,4910825,4535247,3655099,2655556,1749921,1070038,627905,350246,188486,102082,55365,30985,18249,10979,6726,4222,2682,1701,1035,615,355,192,117,69,37,22,10,10,9,0,0,0,0,0"
un_northern_africa_and_western_asia,1806,"5,86,298,1084,4042,11812,29191,63122,129446,261885,537296,1031929,1730752,2606552,3620329,4514236,4916638,4540115,3665406,2670720,1762840,1080192,635966,354944,191266,103664,56107,31382,18474,11104,6794,4263,2707,1716,1051,623,360,194,119,70,37,23,10,10,9,0,0,0,0,0"
un_northern_africa_and_western_asia,1807,"5,88,299,1028,3903,11500,28412,61274,126124,257730,532916,1029421,1730859,2608198,3629559,4530360,4937145,4560206,3679925,2681316,1770187,1084554,638420,356543,192190,104143,56360,31515,18556,11139,6813,4280,2718,1724,1056,624,363,195,119,70,37,23,10,10,9,0,0,0,0,0"
un_northern_africa_and_western_asia,1808,"5,89,300,1030,3913,11526,28471,61457,126894,259946,537954,1039964,1745048,2619725,3637581,4531627,4934012,4560859,3687819,2691117,1778359,1090463,642394,359272,193865,105037,56839,31780,18699,11223,6858,4306,2739,1737,1062,626,366,195,119,70,37,23,10,10,9,0,0,0,0,0"
un_northern_africa_and_western_asia,1809,"5,89,302,1033,3925,11551,28534,61592,127184,260552,539255,1042583,1749636,2626888,3647880,4544701,4948053,4573385,3697515,2697824,1782549,1093042,644030,360277,194458,105404,57034,31891,18770,11262,6880,4322,2747,1742,1063,627,366,195,119,70,37,23,10,10,9,0,0,0,0,0"
un_northern_africa_and_western_asia,1810,"5,90,303,1036,3933,11577,28585,61663,127159,259990,537348,1040289,1749395,2628155,3651702,4552782,4964936,4593515,3713982,2710626,1791548,1098182,647150,361966,195299,105864,57287,32026,18850,11312,6912,4341,2759,1750,1066,630,369,197,120,70,37,23,10,10,9,0,0,0,0,0"
un_northern_africa_and_western_asia,1811,"5,90,304,1041,3944,11603,28643,61791,127447,260613,538683,1042977,1754089,2635442,3662085,4565857,4978829,4605726,3723378,2717553,1796335,1101456,649391,363307,196044,106294,57530,32163,18935,11367,6939,4355,2768,1757,1070,630,371,198,120,70,37,23,10,10,9,0,0,0,0,0"
un_northern_africa_and_western_asia,1812,"5,90,304,1044,3952,11630,28704,61948,127819,261594,541579,1049499,1765530,2652905,3684108,4587374,4992536,4612725,3724087,2715332,1794776,1100347,648800,362806,195771,106131,57457,32155,18911,11344,6936,4353,2766,1755,1067,628,368,198,121,70,37,23,10,10,9,0,0,0,0,0"
un_northern_africa_and_western_asia,1813,"5,90,304,1047,3963,11655,28766,62083,128088,261998,542337,1051234,1769022,2658659,3694088,4602579,5011239,4629868,3735497,2721926,1798696,1102016,649477,363488,196230,106466,57713,32358,19064,11446,7001,4395,2789,1773,1080,635,371,200,122,70,38,23,10,10,9,0,0,0,0,0"
un_northern_africa_and_western_asia,1814,"5,92,306,1051,3975,11683,28827,62219,128395,262662,543765,1054128,1774077,2666538,3705375,4616874,5026579,4643578,3746164,2729342,1803384,1104778,651082,364405,196716,106735,57856,32443,19122,11482,7021,4407,2799,1777,1083,636,371,200,123,70,38,23,10,10,10,0,0,0,0,0"
un_northern_africa_and_western_asia,1815,"5,92,306,1051,3985,11709,28888,62357,128694,263325,545209,1057060,1779202,2674547,3716859,4631426,5042184,4657553,3757058,2736940,1808200,1107630,652751,365346,197226,107016,58011,32527,19179,11515,7033,4422,2808,1782,1086,638,372,200,124,70,38,23,10,10,10,0,0,0,0,0"
un_northern_africa_and_western_asia,1816,"5,92,308,1055,3994,11734,28950,62492,128994,263964,546496,1059117,1781560,2676910,3721993,4638766,5049222,4663053,3766826,2752030,1821833,1118806,661908,370982,200555,109004,58980,33048,19479,11674,7121,4477,2842,1802,1104,644,376,204,125,71,39,24,10,10,10,0,0,0,0,0"
un_northern_africa_and_western_asia,1817,"5,92,310,1060,4003,11763,29012,62640,129340,264712,548074,1062314,1787132,2685719,3735292,4654976,5064432,4675279,3776572,2759893,1827427,1122215,663800,372091,201112,109261,59136,33138,19526,11707,7142,4483,2855,1810,1107,646,377,204,125,71,39,24,10,10,10,0,0,0,0,0"
un_northern_africa_and_western_asia,1818,"5,92,310,1064,4017,11793,29073,62786,129655,265412,549630,1065468,1792623,2694260,3747495,4670392,5080943,4690016,3788036,2767868,1832468,1125194,665528,373073,201636,109552,59290,33224,19587,11740,7168,4498,2864,1819,1108,646,379,206,125,72,39,24,10,10,10,0,0,0,0,0"
un_northern_africa_and_western_asia,1819,"5,92,310,1066,4026,11820,29151,62954,130019,266159,551165,1068385,1797365,2701291,3757657,4681968,5091966,4701553,3803242,2780842,1841431,1131829,669873,374866,202306,109592,59128,33055,19437,11648,7113,4464,2839,1803,1100,642,377,206,124,72,38,24,10,10,10,0,0,0,0,0"
un_northern_africa_and_western_asia,1820,"5,92,310,1067,4038,11861,29244,63154,130393,266782,552312,1070720,1801816,2708277,3768684,4696835,5109199,4717953,3816458,2790362,1847620,1135467,672069,376115,202958,109958,59344,33175,19524,11699,7133,4480,2852,1807,1105,646,378,206,124,72,39,24,10,10,10,0,0,0,0,0"
un_northern_africa_and_western_asia,1821,"5,92,312,1019,3909,11573,28545,61352,126678,260042,539115,1046821,1773224,2680542,3741331,4677548,5115595,4766224,3875516,2838388,1886989,1162365,686741,385046,207172,111904,60433,33765,19847,11887,7247,4553,2911,1847,1130,661,387,210,128,74,41,25,10,10,10,1,0,0,0,0"
un_northern_africa_and_western_asia,1822,"5,92,312,1023,3920,11619,28670,61564,126847,259522,536475,1041474,1764399,2668232,3730663,4675532,5132261,4791557,3904348,2864815,1905819,1175164,694788,390293,210208,113659,61454,34261,20123,12067,7354,4616,2948,1872,1149,675,393,212,129,74,41,25,10,10,10,1,0,0,0,0"
un_northern_africa_and_western_asia,1823,"5,92,311,1005,3812,11246,27862,60239,124227,253941,527657,1034492,1759536,2665968,3733915,4694093,5161245,4818502,3927617,2884356,1919517,1183987,700531,393865,212504,115069,62283,34722,20366,12221,7446,4672,2970,1880,1155,678,396,213,130,76,41,25,10,10,10,1,0,0,0,0"
un_northern_africa_and_western_asia,1824,"5,93,314,964,3693,10992,27256,58682,121097,249091,520527,1024894,1750275,2654689,3727312,4699102,5185117,4853338,3962286,2913273,1940561,1197131,708182,398683,215191,116522,63073,35126,20600,12357,7518,4715,3002,1900,1167,684,401,214,131,76,41,25,10,10,10,1,0,0,0,0"
un_northern_africa_and_western_asia,1825,"5,93,316,966,3706,11040,27386,58941,121534,249674,521325,1026445,1754167,2661366,3737199,4712354,5203117,4873132,3979024,2926070,1949631,1202630,711442,400541,216152,117037,63365,35294,20691,12412,7558,4742,3012,1910,1170,688,403,215,131,76,42,26,10,10,10,1,0,0,0,0"
un_northern_africa_and_western_asia,1826,"5,93,317,972,3722,11087,27512,59208,122024,250485,522678,1028324,1755517,2661197,3738762,4716894,5208726,4879874,3993300,2947924,1970148,1218705,723917,408471,220846,119721,64679,35947,21054,12613,7672,4807,3053,1935,1187,697,408,217,132,78,43,27,10,10,10,1,0,0,0,0"
un_northern_africa_and_western_asia,1827,"5,95,317,942,3611,10854,26972,57856,119349,246954,519700,1027187,1759080,2668127,3751120,4736649,5232625,4902063,4010579,2959356,1978829,1224845,727829,410847,222301,120513,65132,36228,21210,12692,7712,4824,3066,1944,1190,701,410,218,132,78,44,27,10,10,10,1,0,0,0,0"
un_northern_africa_and_western_asia,1828,"5,95,317,929,3505,10511,26265,57015,118872,247407,521242,1030666,1766485,2680295,3766847,4755114,5251436,4919450,4023427,2967635,1984644,1228856,730570,412376,223262,121064,65482,36440,21335,12762,7749,4844,3074,1943,1190,696,409,222,133,78,44,27,10,10,10,1,0,0,0,0"
un_northern_africa_and_western_asia,1829,"5,96,317,930,3518,10558,26382,57136,118773,245414,511792,1005341,1727835,2636132,3714437,4709281,5243763,4971219,4103777,3041025,2042869,1269227,753328,426694,230766,124805,67566,37486,21895,13121,7975,4970,3156,1994,1234,722,425,231,138,80,46,28,10,10,10,2,0,0,0,0"
un_northern_africa_and_western_asia,1830,"5,96,317,912,3410,10342,25884,55859,116062,241270,507024,1000071,1726012,2636592,3718763,4722242,5265942,4999073,4129196,3059993,2058164,1279669,759717,430761,233210,126166,68378,37912,22117,13237,8041,5007,3185,2013,1241,725,428,232,139,80,46,28,10,10,10,3,0,0,0,0"
un_northern_africa_and_western_asia,1831,"5,96,319,916,3426,10389,26012,56134,116563,242107,508407,1002535,1730585,2643726,3729685,4737862,5285260,5018693,4145964,3072616,2066686,1285050,763093,432829,234406,126866,68769,38137,22242,13317,8092,5037,3204,2022,1249,729,429,232,141,80,46,28,10,10,10,3,0,0,0,0"
un_northern_africa_and_western_asia,1832,"5,96,320,902,3327,10197,25567,55016,114184,238360,504007,997145,1727760,2642758,3731881,4749762,5307488,5047390,4174376,3094173,2083689,1296099,769480,436446,236410,127716,69112,38304,22325,13355,8099,5047,3209,2027,1252,731,427,233,142,81,46,28,10,10,10,3,0,0,0,0"
un_northern_africa_and_western_asia,1833,"5,96,320,900,3232,9874,24866,54080,113378,238226,504734,999515,1733092,2651926,3745329,4766983,5326782,5065924,4189748,3106199,2092512,1302060,773561,439052,237920,128609,69640,38626,22527,13479,8168,5093,3237,2046,1265,736,430,236,143,81,46,29,10,10,10,3,0,0,0,0"
un_northern_africa_and_western_asia,1834,"5,96,321,901,3243,9915,24985,54328,113820,238899,505240,999117,1731209,2648577,3742421,4772280,5347235,5094700,4217253,3128399,2106677,1311206,779422,442854,240192,129973,70492,39070,22782,13638,8272,5152,3280,2067,1280,748,437,238,144,82,46,29,10,10,10,3,0,0,0,0"
un_northern_africa_and_western_asia,1835,"5,96,322,889,3155,9723,24495,52844,109445,228860,487239,974570,1706780,2627943,3718196,4753377,5351646,5124699,4266541,3185514,2157838,1351693,806982,458920,246164,131447,71055,39277,22829,13679,8297,5156,3264,2055,1269,742,434,240,146,83,46,29,10,10,10,3,0,0,0,0"
un_northern_africa_and_western_asia,1836,"5,96,322,896,3167,9771,24611,53039,109569,227836,481207,956573,1681489,2609231,3695295,4718031,5314795,5134273,4313993,3245072,2219745,1402517,840897,479922,255802,135431,72947,40194,23227,13840,8378,5195,3275,2053,1266,744,440,247,150,87,48,31,11,10,10,4,0,0,0,0"
un_northern_africa_and_western_asia,1837,"5,96,323,898,3177,9810,24738,53307,110082,228927,483650,961605,1691036,2624345,3713496,4735470,5329482,5147935,4323065,3251904,2227845,1407952,844592,482500,257618,136563,73664,40570,23375,13939,8466,5246,3286,2040,1251,738,439,253,150,88,49,31,11,10,10,4,0,0,0,0"
un_northern_africa_and_western_asia,1838,"5,96,326,892,3101,9647,24379,52353,107713,224615,477855,954624,1685739,2620590,3712701,4744496,5349524,5175890,4350431,3275384,2248127,1423296,855223,489151,261906,138975,74938,41220,23658,14061,8516,5273,3292,2033,1242,731,435,255,150,88,49,31,11,10,10,4,0,0,0,0"
un_northern_africa_and_western_asia,1839,"5,96,325,889,3010,9343,23674,51342,106750,224199,477097,951901,1681670,2614966,3705851,4740536,5364083,5211184,4389845,3310565,2273910,1438877,864583,494631,264649,140312,75592,41467,23759,14142,8561,5285,3291,2027,1238,733,436,257,150,88,49,31,11,10,10,4,0,0,0,0"
un_northern_africa_and_western_asia,1840,"5,97,325,885,2937,9191,23352,50554,105004,221994,476749,955751,1693082,2631563,3724537,4765112,5390700,5236936,4406749,3319981,2282595,1445030,868675,498321,267400,142190,76855,42268,24213,14363,8668,5320,3302,2029,1242,730,436,258,152,88,49,31,11,10,10,4,0,0,0,0"
un_northern_africa_and_western_asia,1841,"5,97,327,887,2951,9232,23459,50765,105354,222870,479420,960746,1703339,2648218,3745859,4789508,5416118,5267792,4417422,3321253,2285942,1444620,871850,509239,276837,148707,82023,46083,26759,16062,9773,5984,3667,2217,1339,783,461,271,154,89,49,31,12,10,10,4,0,0,0,0"
un_northern_africa_and_western_asia,1842,"5,98,328,892,2962,9271,23578,51024,105877,224009,482302,964978,1705573,2645243,3741374,4795886,5443061,5315847,4469906,3361629,2309112,1457119,877358,511085,277183,148528,81752,45836,26515,15810,9565,5852,3594,2180,1319,770,456,265,154,90,49,31,12,10,10,4,0,0,0,0"
un_northern_africa_and_western_asia,1843,"5,98,328,890,2903,9134,23285,50270,104018,220983,479270,959744,1697268,2630606,3724039,4799424,5482987,5388638,4541793,3411988,2339848,1472025,882725,514187,278849,149278,82239,46185,26718,15916,9601,5864,3590,2181,1322,773,456,267,155,91,50,31,12,10,10,4,0,0,0,0"
un_northern_africa_and_western_asia,1844,"5,98,327,889,2825,8853,22581,49137,102640,219337,475569,948255,1676928,2608643,3698528,4782469,5489534,5445312,4619078,3474962,2390585,1509207,903810,529086,287778,154327,85668,48399,27999,16681,10052,6118,3747,2278,1379,807,473,277,161,95,52,33,13,10,10,5,0,0,0,0"
un_northern_africa_and_western_asia,1845,"5,98,329,891,2841,8891,22683,49393,103165,219938,476006,948845,1678985,2613618,3707813,4801241,5517039,5477964,4653223,3509203,2419025,1529920,917195,537632,292969,157137,87030,49178,28483,16946,10194,6198,3798,2309,1397,818,483,285,163,96,53,33,14,10,10,5,0,0,0,0"
un_northern_africa_and_western_asia,1846,"5,98,331,893,2784,8767,22415,48638,101100,215375,468006,937351,1670116,2609584,3706086,4812008,5549523,5532494,4710137,3553846,2453406,1554108,932269,546929,298329,160079,88736,50114,28935,17163,10299,6250,3827,2321,1405,823,484,282,162,95,51,33,13,10,10,5,0,0,0,0"
un_northern_africa_and_western_asia,1847,"5,98,332,895,2793,8802,22523,48855,101453,215718,468135,936458,1667180,2606028,3707356,4821636,5573496,5571962,4760894,3601213,2489365,1576999,946196,555622,303097,161982,89389,50366,29075,17256,10373,6301,3863,2345,1420,833,488,287,167,97,53,33,14,10,10,5,0,0,0,0"
un_northern_africa_and_western_asia,1848,"5,98,332,900,2794,8813,22520,48646,100027,211113,458902,927163,1659468,2600588,3708604,4845980,5621378,5626759,4816543,3647898,2520058,1595441,956996,560568,304897,162569,89396,50221,28960,17183,10332,6278,3849,2340,1416,835,490,286,169,97,54,33,14,10,10,5,0,0,0,0"
un_northern_africa_and_western_asia,1849,"5,99,333,897,2673,8398,21499,46769,96907,206376,451043,914263,1644282,2592215,3707178,4856666,5649393,5673982,4878305,3706190,2562448,1624946,975895,570587,310060,164351,89513,49854,28696,17089,10303,6295,3878,2375,1437,856,492,288,169,96,54,33,14,10,10,5,0,0,0,0"
un_northern_africa_and_western_asia,1850,"5,101,335,900,2687,8437,21611,47028,97431,207113,451367,919084,1666648,2647852,3790828,4935444,5685173,5656422,4840236,3679233,2560258,1634450,989287,581656,317787,169319,92489,51503,29705,17808,10814,6631,4080,2485,1499,884,513,298,173,96,53,33,14,10,10,6,0,0,0,0"
un_northern_africa_and_western_asia,1851,"5,101,336,902,2645,8336,21415,46483,95784,202349,440155,898201,1635725,2615605,3766365,4935870,5713503,5701901,4917768,3760528,2619339,1679762,1014760,587523,317312,166928,89302,48619,27644,16418,9921,6121,3831,2385,1469,871,508,290,176,97,54,33,14,10,10,6,0,0,0,0"
un_northern_africa_and_western_asia,1852,"5,101,336,904,2650,8360,21494,46631,95937,201687,436602,888758,1615658,2585341,3735164,4944346,5762151,5783457,5008970,3816723,2639896,1686483,1010579,583858,318758,170199,91755,50185,28814,17198,10383,6428,4085,2603,1634,972,553,303,180,100,56,34,15,10,10,7,0,0,0,0"
un_northern_africa_and_western_asia,1853,"5,101,337,904,2657,8394,21622,46931,96507,202920,439421,894489,1624108,2592903,3745807,4966849,5798051,5822941,5042849,3840007,2654105,1692099,1011829,584427,320271,171898,92786,50695,29063,17340,10465,6470,4115,2614,1645,980,559,306,180,100,57,34,15,10,10,7,0,0,0,0"
un_northern_africa_and_western_asia,1854,"5,101,337,900,2559,8017,20680,45128,93143,196549,428075,875269,1595120,2555151,3701095,4935765,5811298,5882742,5123714,3922320,2721415,1736129,1037371,599637,329251,176684,95369,51894,29652,17696,10671,6579,4191,2687,1704,1021,581,316,182,100,59,34,15,10,10,7,0,0,0,0"
un_northern_africa_and_western_asia,1855,"5,102,338,902,2565,8060,20794,45369,93486,197115,429275,877995,1598090,2554525,3695619,4931728,5813783,5887502,5142452,3961676,2767147,1775480,1067061,619404,341323,183635,98559,53330,30409,18084,10836,6672,4249,2724,1728,1033,595,321,186,102,60,34,16,10,10,7,0,0,0,0"
un_northern_africa_and_western_asia,1856,"5,102,338,907,2568,8073,20859,45504,93708,197378,429012,875848,1593474,2551586,3696182,4942915,5849159,5944027,5199252,3998245,2783598,1783606,1072199,622430,343713,185462,99463,53651,30433,17909,10607,6475,4121,2652,1683,1009,580,315,183,102,60,34,16,10,10,7,0,0,0,0"
un_northern_africa_and_western_asia,1857,"6,102,338,907,2548,7977,20690,45106,92634,195130,425777,872282,1590299,2554674,3700735,4957636,5887507,6009118,5254161,4028561,2793186,1787439,1071998,623728,347256,189231,102246,55523,31712,18752,11153,6799,4316,2768,1755,1058,599,326,190,108,62,34,21,10,10,7,0,0,0,0"
un_northern_africa_and_western_asia,1858,"6,102,338,912,2553,8118,21231,46503,95883,202124,440646,912043,1680651,2699462,3852692,5070908,5886736,5938226,5126980,3898008,2733057,1769349,1071577,634363,361912,203785,114605,64218,36543,21038,12266,7323,4458,2713,1642,982,579,345,210,113,65,35,24,17,10,7,0,0,0,0"
un_northern_africa_and_western_asia,1859,"6,102,339,907,2510,7922,20692,45654,95223,203140,446546,920649,1680855,2669711,3804071,5059683,5948669,6055472,5219368,3947233,2747728,1767521,1063465,628939,357355,200513,114020,64583,36801,21199,12315,7263,4353,2619,1575,931,539,314,184,100,54,28,14,10,10,7,0,0,0,0"
un_northern_africa_and_western_asia,1860,"6,102,340,908,2496,7776,20368,45139,93472,197888,435323,908101,1669030,2668890,3796850,5049121,5936278,6075152,5278139,4017794,2811735,1818346,1092991,643538,364085,202916,114707,64627,36685,21072,12236,7257,4370,2637,1582,919,523,294,169,87,46,25,15,10,10,8,0,0,0,0"
un_northern_africa_and_western_asia,1861,"6,102,340,910,2497,7754,20361,45443,94394,200202,441010,921540,1694545,2705450,3847619,5099942,5972570,6103881,5296427,4023355,2810772,1808804,1088159,640946,361405,201087,114140,64227,36222,20707,11955,7047,4243,2561,1540,900,513,288,166,82,46,25,15,10,10,8,0,0,0,0"
un_northern_africa_and_western_asia,1862,"6,102,340,913,2489,7628,19974,44403,91560,192916,425761,897122,1663421,2670885,3816489,5095381,6007636,6195407,5398164,4096105,2854286,1833790,1107171,653447,366821,203746,115827,64635,35976,20468,11743,6860,4114,2488,1510,885,507,289,162,83,46,25,15,10,10,8,0,0,0,0"
un_northern_africa_and_western_asia,1863,"7,102,340,913,2497,7660,20083,44690,92222,194263,428120,900805,1665649,2662852,3797877,5084698,6026685,6243804,5479272,4164723,2893077,1854222,1117633,657631,368180,204081,115938,64594,35704,20140,11487,6703,4012,2417,1457,852,491,280,158,83,46,25,15,10,10,8,0,0,0,0"
un_northern_africa_and_western_asia,1864,"7,102,342,910,2454,7448,19465,43613,91061,193690,427924,898481,1657381,2650418,3780517,5070753,6041889,6300221,5572441,4243276,2930617,1871148,1129055,665121,373272,207126,117433,64877,35522,19908,11316,6584,3937,2380,1436,841,491,276,155,85,47,26,15,10,10,8,0,0,0,0"
un_northern_africa_and_western_asia,1865,"7,102,343,913,2445,7359,19261,43121,90218,192894,426485,884101,1608100,2583985,3761402,5095724,6106327,6363419,5643574,4316075,2989856,1909175,1143716,673828,382123,210825,116365,62524,33729,19154,11131,6539,3883,2329,1400,823,478,271,155,85,47,26,15,10,10,8,0,0,0,0"
un_northern_africa_and_western_asia,1866,"7,103,345,916,2449,7389,19365,43376,90317,191575,421550,874593,1593803,2568121,3764799,5121743,6160131,6405506,5659817,4355009,3043348,1950049,1166241,686365,389323,214289,116592,61804,33221,18761,10834,6332,3766,2257,1374,809,476,273,159,86,47,26,15,10,10,8,0,0,0,0"
un_northern_africa_and_western_asia,1867,"7,103,345,917,2454,7414,19389,42924,88533,186501,406556,836954,1526724,2497035,3701231,5077311,6142603,6426999,5732542,4446462,3142392,2046496,1234009,738842,428347,237409,130148,70460,38868,22352,13014,7516,4334,2476,1438,841,488,287,164,90,49,28,16,10,10,9,0,0,0,0"
un_northern_africa_and_western_asia,1868,"7,103,345,918,2452,7343,19253,42465,87062,182555,399237,827128,1517109,2494620,3704531,5089449,6169127,6471348,5789989,4494233,3177065,2077175,1257884,748705,432822,242609,134448,73606,41177,23840,13840,7994,4653,2712,1584,934,545,319,187,104,57,28,16,10,10,9,0,0,0,0"
un_northern_africa_and_western_asia,1869,"7,103,346,916,2413,7132,18587,41225,85471,181173,399088,829483,1524553,2509554,3726481,5121370,6208452,6510538,5825161,4522375,3198980,2093970,1269630,755966,437363,245168,135571,74135,41485,24037,13957,8061,4684,2727,1600,942,548,322,190,106,60,28,16,10,10,9,0,0,0,0"
un_northern_africa_and_western_asia,1870,"7,103,347,916,2415,7074,18467,40956,84560,178233,393034,820961,1514119,2499292,3719859,5125177,6238635,6564481,5888547,4583363,3244367,2124499,1288994,766771,443616,248827,137494,75066,41936,24304,14120,8148,4734,2760,1624,956,558,329,192,107,60,28,16,10,10,9,0,0,0,0"
un_northern_africa_and_western_asia,1871,"7,103,347,920,2417,7083,18516,41081,84807,178652,392779,818064,1506975,2485963,3699777,5115988,6251300,6601213,5935991,4641190,3301200,2171896,1323542,789824,457656,256857,140051,75205,41618,23992,13904,8011,4651,2707,1584,932,543,318,186,104,54,28,16,10,10,9,0,0,0,0"
un_northern_africa_and_western_asia,1872,"7,103,348,920,2420,7077,18460,40735,83222,173488,380145,798042,1478818,2454201,3675026,5115018,6282735,6652708,6011173,4731164,3379508,2224904,1351007,802923,463788,258137,138057,72867,39901,22917,13291,7657,4425,2560,1489,872,505,294,169,95,51,28,16,10,10,9,0,0,0,0"
un_northern_africa_and_western_asia,1873,"7,103,348,922,2422,7020,18275,40246,81772,169315,370931,782811,1457592,2426017,3640015,5087585,6295243,6709414,6102737,4835311,3465325,2282968,1382260,815107,466109,256567,134769,69502,37149,20929,12077,7016,4145,2464,1463,856,496,290,169,95,51,28,16,10,10,9,0,0,0,0"
un_northern_africa_and_western_asia,1874,"7,103,348,920,2395,6828,17631,38860,79463,165085,361869,762816,1421890,2385563,3602980,5058415,6292838,6765159,6213290,4946301,3548970,2344184,1417720,833246,474486,258581,134254,68412,36017,20053,11560,6771,4056,2448,1474,872,508,294,173,98,52,30,17,10,10,10,0,0,0,0"
un_northern_africa_and_western_asia,1875,"7,103,350,924,2402,6772,17453,38406,78246,161934,354574,747935,1397076,2353425,3555954,5006236,6269169,6803431,6300999,5057563,3645115,2414947,1461774,858556,489595,268218,139819,71015,37119,20547,11813,6892,4118,2478,1492,888,519,300,176,100,52,30,17,10,10,10,0,0,0,0"
un_northern_africa_and_western_asia,1876,"7,103,350,926,2404,6774,17438,38327,78082,162337,356810,754077,1410701,2379278,3588142,5039572,6304490,6837216,6334685,5085722,3662323,2426731,1470251,864808,494257,271679,142480,72899,38292,21279,12300,7203,4294,2596,1560,928,536,307,173,99,51,30,17,10,10,10,0,0,0,0"
un_northern_africa_and_western_asia,1877,"7,103,350,926,2406,6778,17433,38256,77654,160176,350580,741811,1394537,2367288,3584795,5053866,6347871,6914052,6424133,5156130,3706487,2447867,1476519,864945,493210,270070,141021,71950,37644,20831,12002,7019,4185,2533,1528,911,523,304,172,99,51,28,17,10,10,10,0,0,0,0"
un_northern_africa_and_western_asia,1878,"7,103,351,926,2412,6681,17019,37107,75066,154967,341373,727739,1376460,2351918,3577833,5058722,6374581,6967083,6498545,5229503,3762284,2486674,1501327,879256,501398,274511,143100,72828,38003,20961,12051,7025,4178,2529,1524,910,525,304,172,100,51,28,17,10,10,10,0,0,0,0"
un_northern_africa_and_western_asia,1879,"7,105,353,923,2393,6519,16449,35816,72858,150739,331546,703985,1330588,2293684,3516561,4999030,6347265,7014992,6622288,5371714,3873840,2566091,1550585,904815,516047,282739,147455,75134,39266,21633,12511,7404,4464,2714,1627,966,561,322,180,103,53,30,18,10,10,10,1,0,0,0"
un_northern_africa_and_western_asia,1880,"7,106,353,925,2400,6496,16349,35561,72165,148764,326915,695157,1319209,2288822,3529904,5038679,6413242,7090649,6678406,5398902,3882893,2570215,1562808,919517,529504,292943,154733,79914,42104,23200,13365,7869,4721,2877,1734,1029,594,336,193,103,53,30,18,10,10,10,1,0,0,0"
un_northern_africa_and_western_asia,1881,"7,106,353,930,2398,6505,16488,36047,73308,150931,330755,700543,1326338,2300123,3545326,5053166,6437882,7145398,6753757,5467668,3928185,2589231,1564010,914145,523897,289199,154270,80655,42534,23358,13473,7919,4739,2892,1752,1054,608,345,190,105,51,30,17,10,10,10,1,0,0,0"
un_northern_africa_and_western_asia,1882,"4,90,319,846,2195,6002,15453,34107,69928,146182,323946,690337,1314044,2294345,3542549,5042559,6427577,7170682,6831901,5574163,4016738,2647648,1595052,927703,529884,292690,156817,82508,43514,23763,13694,8035,4787,2925,1804,1106,647,362,199,106,51,30,17,10,10,10,1,0,0,0"
un_northern_africa_and_western_asia,1883,"4,91,319,848,2195,5805,14443,31156,63684,135376,307742,669067,1292815,2282025,3554218,5075070,6476079,7237340,6910269,5648513,4070886,2683070,1617259,940061,536135,296053,158662,83325,43830,23805,13628,7951,4706,2879,1778,1094,654,366,201,107,50,30,17,10,10,10,1,0,0,0"
un_northern_africa_and_western_asia,1884,"4,92,321,846,2181,5618,13674,28917,58530,124846,287229,634961,1236784,2210707,3490398,5025815,6465474,7286809,7036795,5798791,4196642,2779818,1679228,975036,555863,305976,163441,85650,44890,24207,13796,8014,4731,2888,1790,1105,666,381,209,113,53,31,18,10,10,10,2,0,0,0"
un_northern_africa_and_western_asia,1885,"2,77,289,771,1995,4991,11687,23805,47797,106741,259646,596822,1192336,2171969,3476208,5037764,6502530,7364380,7135723,5895924,4274819,2838104,1719517,1001568,571567,315110,169115,89099,46719,25060,14165,8153,4752,2877,1791,1116,672,390,212,115,52,31,18,10,10,10,1,0,0,0"
un_northern_africa_and_western_asia,1886,"2,77,289,774,1987,4993,11872,24373,48987,108485,261962,599020,1193913,2179968,3486848,5044003,6530189,7413740,7195556,5962304,4325268,2873316,1742572,1011576,575796,317230,170779,90287,47314,25274,14193,8128,4721,2862,1783,1107,674,387,209,112,52,31,18,10,10,10,1,0,0,0"
un_northern_africa_and_western_asia,1887,"2,77,289,775,1992,4964,11772,24186,48112,105885,255410,582914,1163194,2129011,3420346,4979236,6485577,7422200,7270075,6089694,4458809,2984249,1821590,1064344,607734,335562,180048,94638,49315,26180,14606,8301,4787,2888,1788,1102,665,383,209,113,52,31,18,10,10,10,1,0,0,0"
un_northern_africa_and_western_asia,1888,"2,77,290,776,1996,4965,11724,24079,47789,104725,252082,576794,1156156,2127106,3433598,5009599,6534716,7495025,7354698,6163591,4505713,3003524,1828693,1066184,607169,334017,178892,93920,48764,25787,14355,8150,4687,2829,1759,1090,669,385,208,113,51,30,18,10,10,10,1,0,0,0"
un_northern_africa_and_western_asia,1889,"1,64,262,708,1826,4622,11250,23697,47767,105256,251288,569548,1133409,2099717,3417428,4986256,6534633,7534829,7448936,6277718,4596411,3066145,1871014,1086727,617993,338574,181270,95374,49600,26177,14518,8252,4757,2878,1783,1109,676,391,214,118,52,32,18,10,10,10,2,0,0,0"
un_northern_africa_and_western_asia,1890,"1,64,262,708,1831,4632,11181,23474,47064,102898,244868,556359,1114456,2077620,3400518,4979933,6552236,7595935,7542076,6379267,4681021,3119947,1904655,1105596,628443,344090,184451,97123,50525,26673,14791,8383,4806,2904,1799,1121,681,395,214,116,51,32,18,10,10,10,2,0,0,0"
un_northern_africa_and_western_asia,1891,"1,64,263,710,1845,4700,11398,23770,47526,102867,244278,556782,1123339,2107719,3458867,5061301,6658168,7697550,7612830,6401986,4671243,3101064,1888966,1095542,621414,340164,183016,96836,50592,26727,14797,8374,4783,2881,1788,1111,672,391,212,113,51,31,18,10,10,10,2,0,0,0"
un_northern_africa_and_western_asia,1892,"0,52,236,647,1683,4305,10553,22390,44875,98340,235413,540473,1096853,2066908,3413338,5031467,6651029,7742419,7709725,6531791,4791442,3186775,1945175,1129967,642537,352185,188956,99518,51918,27446,15159,8545,4869,2923,1805,1117,669,390,210,113,51,31,18,10,10,10,2,0,0,0"
un_northern_africa_and_western_asia,1893,"0,52,236,648,1685,4256,10319,21855,43532,95647,230217,528414,1071215,2020280,3344886,4954029,6595302,7743677,7793913,6682871,4955760,3313495,2033124,1183055,673808,370916,198875,104369,54336,28614,15715,8829,5016,3001,1843,1137,670,388,211,113,50,31,18,10,10,10,2,0,0,0"
un_northern_africa_and_western_asia,1894,"0,52,236,649,1691,4239,10229,21611,42858,93702,225333,514757,1036022,1956136,3259206,4850913,6502535,7698530,7867139,6847589,5145654,3480402,2154226,1260179,720565,398572,213632,111203,57487,30028,16393,9210,5222,3115,1912,1173,698,400,218,118,51,33,19,10,10,10,2,0,0,0"
un_northern_africa_and_western_asia,1895,"0,52,236,650,1698,4262,10213,21469,42210,91644,219600,504043,1022262,1944014,3266590,4892873,6574707,7811918,7990416,6945691,5197878,3494386,2152209,1253446,715010,393880,210669,110044,56999,29850,16309,9134,5152,3063,1882,1162,690,404,216,117,51,33,19,10,10,10,2,0,0,0"
un_northern_africa_and_western_asia,1896,"0,41,210,593,1553,3916,9442,20155,39967,87916,213116,491146,999936,1907521,3206577,4812677,6520486,7803772,8067364,7090179,5366580,3625390,2244915,1310508,749261,415027,222662,115615,59522,30967,16741,9308,5228,3097,1899,1160,687,398,214,118,50,33,19,10,10,10,2,0,0,0"
un_northern_africa_and_western_asia,1897,"0,42,211,594,1548,3915,9300,19510,37715,81542,198394,468551,972075,1875972,3190199,4834692,6590965,7909190,8188812,7202048,5442608,3663463,2266030,1320852,754168,417505,223945,116319,59943,31232,16867,9365,5229,3099,1891,1163,687,398,214,116,51,32,18,10,10,10,2,0,0,0"
un_northern_africa_and_western_asia,1898,"0,42,211,595,1552,3919,9137,18957,36519,79128,193550,459008,958544,1860919,3176390,4837191,6627628,7974663,8281848,7304226,5533654,3724762,2302648,1341536,765433,423686,226990,117321,60247,31345,16912,9397,5257,3107,1904,1161,682,395,213,114,51,31,18,10,10,10,2,0,0,0"
un_northern_africa_and_western_asia,1899,"0,32,188,541,1426,3619,8538,18023,35034,76405,187038,442478,920914,1796551,3103235,4765053,6587492,7987757,8390970,7471784,5696512,3858189,2395688,1400140,801335,444351,237999,122464,62468,32284,17308,9568,5322,3126,1916,1170,689,397,215,117,52,33,19,10,10,10,3,0,0,0"
un_northern_africa_and_western_asia,1900,"0,32,188,544,1434,3641,8539,17937,34700,75377,184231,435707,908555,1781222,3094582,4755585,6597191,8027543,8464547,7584254,5819248,3945353,2455208,1434805,820031,454751,244181,125964,64277,33181,17675,9727,5403,3166,1931,1178,689,399,214,115,53,33,19,10,10,10,2,0,0,0"
un_northern_africa_and_western_asia,1901,"0,32,189,547,1443,3668,8574,17948,34627,74953,183029,432912,903012,1774106,3090658,4761318,6626709,8090602,8561221,7693459,5915046,4014296,2497173,1461206,836313,464154,249601,128837,65598,33811,17989,9868,5461,3200,1956,1179,697,396,212,114,53,33,19,10,10,10,2,0,0,0"
un_northern_africa_and_western_asia,1902,"0,32,192,553,1457,3705,8547,17753,34230,73789,179856,426163,891575,1758625,3068476,4738013,6623618,8106776,8611297,7785578,6034302,4135401,2595561,1530748,880519,490226,265159,137359,69614,35651,18739,10214,5617,3272,1968,1169,678,388,206,113,52,32,18,10,10,10,2,0,0,0"
un_northern_africa_and_western_asia,1903,"0,24,170,504,1345,3442,8117,17208,33369,72512,177203,420340,883749,1752825,3072929,4743721,6663700,8204564,8737768,7910721,6138790,4190892,2630555,1553502,892771,497080,266977,136598,68853,35236,18391,9946,5464,3161,1875,1095,626,364,195,109,52,31,18,10,10,10,1,0,0,0"
un_northern_africa_and_western_asia,1904,"0,25,172,512,1358,3475,8138,17169,33294,71884,174687,411958,856650,1691928,2987509,4639187,6579063,8179706,8821724,8088262,6341822,4386425,2777971,1648001,948777,527879,283335,144028,71514,36164,18676,10055,5471,3132,1855,1084,630,361,192,112,54,33,19,10,10,10,2,0,0,0"
un_northern_africa_and_western_asia,1905,"0,25,176,515,1370,3513,8272,17405,33297,71469,173195,409231,855902,1704058,3036147,4735903,6704644,8326650,8965571,8197481,6389383,4369815,2747383,1624675,932899,519229,278484,142380,71593,36647,19127,10278,5539,3123,1829,1068,621,353,187,113,55,33,19,10,10,10,2,0,0,0"
un_northern_africa_and_western_asia,1906,"0,18,155,471,1266,3266,7852,16869,32587,70399,170837,404060,850568,1705664,3056209,4775976,6773455,8431395,9093165,8317436,6473367,4411470,2765463,1634349,938887,522282,280185,143845,72560,37200,19344,10271,5446,3048,1781,1053,610,351,189,113,54,33,18,10,10,10,1,0,0,0"
un_northern_africa_and_western_asia,1907,"0,18,156,477,1278,3308,7977,16978,32536,69905,168927,399428,842087,1698534,3059241,4767887,6777895,8473490,9184854,8454355,6616671,4513782,2831361,1672582,958797,533196,286520,147740,74549,38175,19760,10439,5518,3073,1797,1063,615,351,190,112,55,31,18,10,10,10,1,0,0,0"
un_northern_africa_and_western_asia,1908,"0,18,156,480,1294,3338,7933,16959,32715,69833,167671,394386,831400,1679402,3022924,4729738,6763816,8499339,9276895,8589238,6764406,4643390,2922131,1734077,997499,556498,300956,155944,78703,40198,20699,10889,5744,3192,1857,1091,634,360,190,112,55,31,18,10,10,10,1,0,0,0"
un_northern_africa_and_western_asia,1909,"0,12,137,439,1181,3072,7400,16150,31380,66643,159947,380260,804241,1626493,2966145,4686044,6755223,8526347,9377055,8748193,6921471,4773877,3015329,1791114,1032054,575707,311307,161639,81647,41650,21436,11297,5965,3285,1913,1119,652,365,197,114,57,33,19,10,10,10,2,0,0,0"
un_northern_africa_and_western_asia,1910,"0,12,138,443,1191,3095,7396,16015,31199,66238,159120,377782,797358,1613789,2939792,4624692,6689222,8486256,9399055,8850124,7079700,4929520,3128629,1866121,1076738,601647,326748,170734,86322,43949,22491,11801,6217,3412,1980,1149,660,364,200,113,56,32,18,10,10,10,1,0,0,0"
un_northern_africa_and_western_asia,1911,"0,12,139,444,1195,3111,7509,16275,31457,67274,162339,384531,806648,1623044,2964850,4668742,6743873,8555481,9479426,8925884,7131512,4939139,3129349,1865980,1076744,602624,327762,171503,86953,44380,22730,11901,6249,3432,2000,1154,664,367,196,112,56,31,18,10,10,10,1,0,0,0"
un_northern_africa_and_western_asia,1912,"0,12,139,445,1198,3131,7457,16061,31144,66019,158836,376757,792563,1601252,2923563,4615278,6705996,8537410,9506138,9005206,7239052,5056405,3218300,1928110,1116447,626275,341574,179779,91436,46669,23874,12518,6566,3585,2075,1196,681,369,199,109,55,30,17,10,10,10,0,0,0,0"
un_northern_africa_and_western_asia,1913,"0,7,120,402,1100,2884,6953,15268,30354,65015,157597,374433,788780,1596759,2916302,4600218,6695457,8536091,9521397,9047411,7293765,5118930,3275658,1971435,1147969,646469,354265,187262,95477,48678,24780,12964,6798,3693,2126,1222,692,372,195,107,53,29,17,10,10,9,0,0,0,0"
un_northern_africa_and_western_asia,1914,"0,7,121,403,1091,2878,6952,15199,29641,62223,150830,369638,828141,1715280,3049497,4736330,6886638,8730386,9572211,8970753,7198002,5001220,3177927,1910848,1106370,624222,342339,179838,91324,46489,23676,12328,6463,3591,2083,1198,689,373,196,106,46,23,12,10,7,0,0,0,0,0"
un_northern_africa_and_western_asia,1915,"0,4,103,363,1000,2661,6477,14458,29020,62073,154248,388294,911730,1863363,3165165,4871974,7047136,8826031,9524278,8860115,7092091,4912571,3134322,1887084,1093698,619181,339404,177344,89785,45420,22907,11842,6225,3473,2004,1138,660,354,184,97,42,18,10,9,0,0,0,0,0,0"
un_northern_africa_and_western_asia,1916,"0,4,103,363,996,2654,6536,14585,28955,62748,159846,425415,1029983,2005030,3277939,5012027,7203390,8862119,9438864,8760584,7014609,4843119,3100170,1861693,1075517,609989,333279,173345,87352,43887,21972,11259,5952,3293,1900,1080,629,333,173,89,33,13,10,3,0,0,0,0,0,0"
un_northern_africa_and_western_asia,1917,"0,2,86,327,919,2477,6346,14451,29591,68111,180431,508776,1200809,2182740,3481779,5252847,7398597,8918988,9396832,8677614,6865502,4671517,2958069,1758256,1014580,573906,311738,161065,81208,40917,20457,10399,5493,3025,1738,993,577,310,156,75,29,10,7,0,0,0,0,0,0,0"
un_northern_africa_and_western_asia,1918,"0,2,86,332,1203,3386,7285,15430,32365,80441,228757,652695,1427258,2420913,3787738,5587317,7604328,8895694,9252068,8452907,6612711,4484011,2822848,1671153,965838,546401,296019,152938,77208,38827,19192,9732,5092,2786,1598,922,537,286,143,66,27,10,2,0,0,0,0,0,0,0"
un_northern_africa_and_western_asia,1919,"0,1,71,391,1438,3440,7018,14968,32277,82333,228703,644745,1435565,2462567,3841569,5644758,7689521,9011974,9319444,8475088,6607855,4467659,2813516,1667748,967722,548441,299122,155073,78547,39344,19333,9701,5070,2765,1592,908,538,284,146,67,29,10,2,0,0,0,0,0,0,0"
un_northern_africa_and_western_asia,1920,"0,1,73,396,1457,3488,7072,14943,31774,79477,217068,610386,1386664,2423316,3796182,5641156,7767281,9150290,9481911,8603223,6675695,4506220,2837698,1681545,977308,555224,302881,157133,79731,39874,19591,9827,5106,2774,1604,914,548,290,151,66,31,10,2,0,0,0,0,0,0,0"
un_northern_africa_and_western_asia,1921,"0,0,62,486,1645,3405,6815,14434,31819,79126,207354,561597,1310741,2364261,3724077,5552910,7738154,9235209,9628199,8784472,6853012,4635747,2924735,1734904,1010327,573896,314298,163142,82942,41455,20302,10123,5228,2846,1638,939,560,307,164,71,37,10,4,0,0,0,0,0,0,0"
un_northern_africa_and_western_asia,1922,"0,0,51,296,1204,3095,6238,13134,27294,64466,171055,481020,1178417,2211675,3553976,5415844,7712989,9358867,9897990,9092848,7111032,4806166,3027827,1795390,1045150,593296,324894,168815,85909,42997,21005,10443,5385,2924,1680,970,573,311,167,75,37,10,4,0,0,0,0,0,0,0"
un_northern_africa_and_western_asia,1923,"0,0,42,222,848,2661,5800,12116,24914,55288,147347,423904,1077562,2091294,3418945,5284660,7673474,9431493,10093175,9352692,7364134,5007812,3164831,1877310,1092207,618238,338142,174879,89045,44610,21810,10872,5575,3004,1723,1000,590,326,172,79,38,11,4,0,0,0,0,0,0,0"
un_northern_africa_and_western_asia,1924,"0,0,36,198,566,1837,5041,11024,22408,45913,113691,320917,871759,1830516,3114294,4957028,7445501,9497885,10402545,9812067,7814427,5343759,3387155,2017689,1172292,664585,364192,188625,95736,48025,23580,11725,5944,3214,1837,1065,630,349,192,86,43,13,7,0,0,0,0,0,0,0"
un_northern_africa_and_western_asia,1925,"0,1,36,199,564,1551,4376,10633,21359,41612,94062,247195,678032,1556341,2838642,4652507,7179483,9485181,10717917,10273474,8287522,5699242,3602669,2152722,1251793,704741,386365,199771,101190,50783,25058,12507,6240,3376,1940,1127,667,374,208,98,48,19,10,0,0,0,0,0,0,0"
un_northern_africa_and_western_asia,1926,"0,3,28,177,514,1421,3878,9785,20283,38962,84857,211888,539222,1285027,2569967,4358867,6886370,9310676,10881014,10698734,8770213,6132157,3887893,2327666,1357735,761647,416800,216072,109501,54886,27308,13708,6803,3608,2073,1215,716,410,225,116,54,25,10,5,0,0,0,0,0,0"
un_northern_africa_and_western_asia,1927,"0,6,22,156,468,1287,3493,9026,19470,38075,85115,218961,599996,1421973,2678680,4511298,7092638,9465165,10879483,10608566,8687049,6103448,3897075,2344274,1378061,780294,429458,222700,112446,55888,27630,13760,6795,3647,2080,1213,717,407,220,113,48,22,10,0,0,0,0,0,0,0"
un_northern_africa_and_western_asia,1928,"0,8,17,136,425,1165,3142,8297,18268,35285,75387,186606,483331,1177489,2410731,4227827,6817285,9314517,10999298,10975742,9134448,6548720,4219358,2543856,1484829,830241,452307,232582,117830,58648,28970,14704,7305,3860,2224,1296,783,443,245,125,59,27,10,4,0,0,0,0,0,0"
un_northern_africa_and_western_asia,1929,"1,10,14,117,386,1073,2905,7767,17353,33541,70581,170769,422690,1012276,2196129,4047264,6647250,9199871,11082186,11271433,9494169,6874394,4463547,2698455,1588908,893339,487440,252541,128261,64178,31977,16252,8105,4122,2366,1384,836,466,265,136,65,32,13,7,0,0,0,0,0,0"
un_northern_africa_and_western_asia,1930,"5,10,12,100,348,972,2636,7108,16413,32064,66671,159243,393239,942885,2084431,3935521,6547599,9158973,11152297,11481090,9761572,7136248,4673496,2831881,1666406,937398,510408,264218,134464,67375,33476,17011,8494,4264,2447,1432,864,494,273,142,71,33,15,8,0,0,0,0,0,0"
un_northern_africa_and_western_asia,1931,"8,10,12,100,350,962,2615,7081,16339,31573,64372,150477,369007,870384,1952189,3828279,6460495,9117011,11208829,11686704,10048697,7410534,4891176,2972240,1753995,989698,538922,279396,142317,71601,35662,18162,9059,4514,2549,1505,907,524,291,150,77,35,17,10,0,0,0,0,0,0"
un_northern_africa_and_western_asia,1932,"9,10,11,84,316,876,2402,6630,15580,30524,62416,147535,372406,926897,2066104,3924223,6597216,9304481,11382872,11799193,10114441,7440137,4894108,2985529,1757184,986526,537362,276786,140431,70630,34980,17702,8752,4390,2515,1483,895,515,292,146,75,33,16,7,0,0,0,0,0,0"
un_northern_africa_and_western_asia,1933,"9,10,10,70,285,809,2225,6203,14898,29506,59976,139520,341348,802668,1837540,3734759,6418265,9159092,11387585,12059458,10520097,7845377,5232549,3204882,1899674,1072697,582824,301931,153238,77312,38486,19613,9753,4775,2662,1561,950,551,313,161,80,36,21,10,0,0,0,0,0,0"
un_northern_africa_and_western_asia,1934,"9,10,10,57,255,728,2028,5564,13810,28172,57090,133144,326256,772457,1784216,3718676,6418381,9186760,11437505,12145238,10649732,8030847,5440583,3367699,2031001,1166680,640605,337099,171211,85755,42525,21371,10547,5117,2824,1642,979,572,312,164,77,36,22,10,0,0,0,0,0,0"
un_northern_africa_and_western_asia,1935,"10,10,10,46,227,652,1837,4876,12335,26226,53045,123714,305863,735888,1718833,3635977,6339022,9145213,11460961,12248991,10852576,8261190,5689629,3573281,2173460,1273632,713415,381566,197517,98890,48834,24176,11801,5692,3111,1796,1044,602,323,170,74,38,25,10,0,0,0,0,0,0"
un_northern_africa_and_western_asia,1936,"10,10,10,47,227,658,1834,4837,12174,25919,51826,117646,282589,627671,1423749,3281129,6052107,8856536,11295039,12429383,11359545,8847721,6223804,3949269,2387526,1392862,772254,407596,210530,106655,52893,26267,13104,6398,3285,1902,1122,652,360,188,84,48,31,11,6,0,0,0,0,0"
un_northern_africa_and_western_asia,1937,"10,10,10,37,203,601,1669,4448,11240,24402,49249,111363,267732,594227,1340923,3169440,5974004,8792492,11287668,12511166,11574914,9122402,6495002,4186636,2544158,1504471,844498,449903,235109,119723,59362,29262,14402,7040,3566,2050,1207,693,382,197,91,49,32,13,7,0,0,0,0,0"
un_northern_africa_and_western_asia,1938,"10,10,10,29,184,542,1520,4105,10644,23537,47564,106670,255411,566143,1254800,3024107,5886365,8744038,11314493,12662146,11876163,9472097,6804679,4400110,2661944,1558572,863417,453665,233976,119692,59388,29336,14670,7189,3589,2036,1209,709,393,204,96,53,33,16,8,0,0,0,0,0"
un_northern_africa_and_western_asia,1939,"10,10,10,23,168,495,1410,3837,10008,22581,46559,104978,250841,550763,1193160,2909402,5818110,8701307,11301432,12726285,12087419,9777834,7098461,4658265,2829370,1665180,923740,485064,249459,128533,63991,31580,15772,7758,3843,2123,1266,745,414,216,103,59,35,20,10,0,0,0,0,0"
un_northern_africa_and_western_asia,1940,"10,10,10,19,149,446,1278,3535,9586,22119,45694,102910,248105,554948,1253914,3063782,5997738,8945795,11640903,13068312,12307681,9837211,7072869,4566810,2763850,1614515,889910,467288,239387,122056,60186,29396,14504,6959,3396,1926,1144,667,364,185,86,44,29,11,7,0,0,0,0,0"
un_northern_africa_and_western_asia,1941,"10,10,10,22,129,407,1153,3202,8953,21054,43616,98584,242679,572472,1376631,3283687,6207441,9238687,11994958,13329913,12406238,9831806,7009297,4490159,2734635,1600378,884033,468555,238436,120543,59017,28411,13668,6347,3219,1818,1064,620,330,161,70,37,18,10,2,0,0,0,0,0"
un_northern_africa_and_western_asia,1942,"10,10,10,21,111,368,1048,2938,8371,20038,41611,93672,229431,531799,1267480,3205193,6207435,9258114,12061437,13474224,12667672,10161322,7294891,4700718,2875378,1699613,946575,506980,258754,130145,64021,30979,14828,6880,3359,1875,1085,632,338,167,73,40,18,10,4,0,0,0,0,0"
un_northern_africa_and_western_asia,1943,"10,10,11,21,96,335,926,2619,7754,18847,39153,88327,221061,558854,1419390,3412753,6399904,9548353,12418893,13724364,12752802,10180873,7280896,4678862,2879826,1704803,949158,511235,258395,128467,62507,29694,13793,6153,3115,1706,969,557,278,130,53,24,14,10,0,0,0,0,0,0"
un_northern_africa_and_western_asia,1944,"10,10,12,20,82,303,838,2408,7404,18204,38042,86282,218119,587834,1523779,3527789,6546129,9765534,12676853,13945838,12898358,10292805,7360678,4730278,2917742,1731092,965340,522680,263176,130307,63331,29979,13830,6128,3151,1709,965,556,281,129,52,22,12,7,0,0,0,0,0,0"
un_northern_africa_and_western_asia,1945,"10,10,13,20,69,272,757,2207,6975,17623,37928,89483,244468,754243,1861621,3816804,6909605,10187769,13000009,14028361,12789370,10150271,7254229,4695888,2903260,1731021,968239,524715,263386,129686,62533,29212,13225,5951,3119,1688,942,533,265,121,43,16,10,2,0,0,0,0,0,0"
un_northern_africa_and_western_asia,1946,"10,10,15,20,58,244,683,2027,6570,16370,34054,75163,187451,473910,1254268,3248983,6395575,9719700,12847533,14476008,13657584,11082281,8032345,5187015,3217018,1936268,1085808,594985,304197,150007,73133,34885,16041,7042,3386,1830,1024,570,291,141,58,25,15,10,0,0,0,0,0,0"
un_northern_africa_and_western_asia,1947,"10,10,17,20,48,218,618,1807,5657,14758,31813,69841,174369,438386,1175219,3155864,6351919,9702794,12911358,14644612,13917317,11377445,8345969,5481671,3419549,2083673,1179943,649928,336827,167430,81930,39134,17963,7911,3742,2023,1140,627,326,156,60,25,15,10,1,0,0,0,0,0"
un_northern_africa_and_western_asia,1948,"10,10,19,20,40,194,556,1601,4788,12749,28599,62107,152895,376073,970508,2793755,6066425,9429539,12702607,14671477,14249897,11975702,9007739,6102187,3827934,2327366,1305687,706878,361276,182507,90813,43849,20446,9250,4134,2192,1278,741,404,200,83,36,18,10,4,0,0,0,0,0"
un_northern_africa_and_western_asia,1949,"10,10,20,20,34,173,511,1457,4376,11625,26853,59115,145812,364962,1001947,2916730,6190914,9604614,12940817,14936283,14441066,12120226,9124071,6241386,3964806,2413861,1360571,734438,379137,191535,95856,46488,21254,9401,4211,2286,1346,784,422,210,88,36,17,10,2,0,0,0,0,0"
un_northern_africa_and_western_asia,1950,"10,12,20,20,29,154,474,1321,3998,10477,24520,54821,134527,333756,898115,2731119,6066363,9527085,12905278,15019283,14676281,12516527,9582150,6682460,4334325,2676756,1539201,833514,434872,219990,111145,54526,25202,11100,4900,2564,1487,865,469,243,100,38,20,10,3,0,0,0,0,0"
un_northern_africa_and_western_asia,1951,"10,16,20,20,24,120,395,1127,3577,9576,22694,50789,122709,302111,751895,2377550,5733789,9335718,12839295,15211987,15195684,13195010,10196494,7132267,4630056,2911047,1765559,993169,538001,277284,135974,65911,30308,13026,5483,2482,1368,773,404,189,70,21,10,6,0,0,0,0,0,0"
un_northern_africa_and_western_asia,1952,"10,17,20,20,22,106,362,1015,3211,8720,20868,46593,110442,266067,636902,2115673,5354669,9020297,12543274,15116973,15570229,13989345,11048112,7834216,5135336,3246089,1988981,1139030,615534,322168,157527,76515,35291,15067,6399,2661,1429,792,409,203,61,13,8,0,0,0,0,0,0,0"
un_northern_africa_and_western_asia,1953,"10,17,20,20,20,77,298,854,2816,7799,19259,43951,102784,244380,577262,1908753,4927367,8521855,11985668,14688006,15703971,14855531,12192140,8793902,5804791,3640877,2255500,1344601,741511,400799,198473,95814,44525,19311,8229,3397,1626,884,448,213,55,6,0,0,0,0,0,0,0,0"
un_northern_africa_and_western_asia,1954,"10,18,20,20,20,62,244,711,2350,6518,16478,39165,93334,226947,550905,1953263,5135131,8735724,12128763,14830902,15893115,15161941,12594717,9106921,6027057,3823833,2400181,1440361,839667,456950,234400,111367,51796,22381,9341,3873,1998,1066,549,260,71,11,0,0,0,0,0,0,0,0"
un_northern_africa_and_western_asia,1955,"10,18,20,20,22,54,221,645,2191,6106,15460,37773,90455,223535,569931,2046998,5151601,8878354,12348818,15018562,16102018,15462458,12943815,9425958,6325032,4023585,2555003,1551558,927702,507416,267401,126896,59366,26045,10977,4470,2165,1133,582,270,83,9,0,0,0,0,0,0,0,0"
un_northern_africa_and_western_asia,1956,"8,14,20,20,20,40,178,518,1710,4752,11847,29308,70680,177771,470891,1806497,4906961,8689635,12266829,15100148,16396794,15904814,13582101,10055459,6883256,4487073,2885248,1769786,1047304,575323,299655,144647,68455,30241,12703,5303,2566,1361,721,340,115,13,0,0,0,0,0,0,0,0"
un_northern_africa_and_western_asia,1957,"7,13,20,20,23,34,136,440,1542,4214,10526,26407,64859,171458,470363,1665836,4649222,8512851,12377768,15411294,16786119,16334408,14111845,10610518,7361061,4822342,3107951,1917316,1135162,628214,328328,159453,76258,34258,14520,6077,2731,1430,754,345,125,14,0,0,0,0,0,0,0,0"
un_northern_africa_and_western_asia,1958,"9,16,20,20,27,32,118,407,1493,4082,9964,24567,60208,152803,406955,1467417,4432400,8372287,12431570,15712703,17313314,16923627,14720227,11134922,7803897,5185443,3324054,2048624,1147316,635919,321734,161678,78884,35700,15344,6533,2790,1463,754,344,126,14,0,0,0,0,0,0,0,0"
un_northern_africa_and_western_asia,1959,"8,15,20,20,30,30,91,337,1183,3428,8649,21299,51597,133512,377408,1330932,4145000,7984644,12258468,15749546,17563659,17325298,15419994,11960977,8474543,5634923,3631994,2286494,1313731,740394,386829,193962,95302,44168,19570,8254,3384,1710,862,394,161,39,8,0,0,0,0,0,0,0"
un_northern_africa_and_western_asia,1960,"10,19,20,24,30,30,66,284,1072,3199,7857,18807,45606,114059,324904,1184921,3977751,7904235,12281247,15989567,17959914,17712485,15825379,12431955,8933184,6095789,3979778,2531362,1467467,839667,450031,231862,115533,54353,24328,10512,4342,2162,1039,485,208,70,22,10,0,0,0,0,0,0"
un_northern_africa_and_western_asia,1961,"9,16,20,23,30,30,80,319,1215,3566,8596,19802,45436,109496,297197,966830,3604937,7791340,12302787,16295173,18633219,18494610,16471533,12855400,9146722,6308860,4214616,2729545,1632327,948292,527012,277498,142572,68631,30645,13645,5833,2874,1445,718,332,139,57,21,10,0,0,0,0,0"
un_northern_africa_and_western_asia,1962,"5,13,20,21,30,30,32,47,426,1788,4504,11435,32410,94274,277549,912762,3550097,7884855,12437888,16614265,19189307,19094074,16921970,13194350,9396254,6529205,4410980,2884915,1765440,1044297,601114,330285,177543,88640,41169,19115,8419,4050,2033,1020,486,206,93,35,12,2,0,0,0,0"
un_northern_africa_and_western_asia,1963,"3,11,20,20,30,30,30,47,425,1534,3585,9056,25249,77642,237782,732198,3000725,7260957,12094745,16556824,19496112,19804390,17889461,14150245,10218525,7118957,4807135,3190450,1941978,1151158,670555,381147,210824,107395,51257,23941,10744,4993,2420,1150,523,223,99,44,8,0,0,0,0,0"
un_northern_africa_and_western_asia,1964,"7,15,20,26,30,30,35,47,486,1675,3694,8724,24535,76455,234919,651543,2376910,6611784,11547099,16258620,19724163,20464479,18646659,15064240,10974440,7816256,5425835,3661569,2290128,1352172,801186,464878,269833,143716,69622,32153,14691,6820,3308,1545,711,307,126,54,19,0,0,0,0,0"
un_northern_africa_and_western_asia,1965,"0,10,18,20,30,30,30,47,452,1634,3648,8184,22994,72137,220764,617088,2181317,6398503,11465954,16303339,19999036,20899772,19170318,15627776,11462991,8226515,5834347,4029997,2613697,1548757,925644,539925,329902,191150,98190,45550,19534,8873,4142,1870,810,328,128,49,17,2,0,0,0,0"
un_northern_africa_and_western_asia,1966,"0,9,17,20,29,30,31,47,517,1780,3945,8741,24719,76784,230221,654404,2402905,6637238,11755384,16806195,20268683,20896649,19141151,15754054,11751469,8562893,6166060,4348403,2949061,1792006,1094300,642141,393343,238894,137150,74256,36547,16024,6230,2546,1016,394,152,59,21,4,0,0,0,0"
un_northern_africa_and_western_asia,1967,"0,5,13,20,26,30,30,55,659,2048,4338,9093,24796,78049,239529,674788,2595195,6867931,12040089,17171361,20496367,21123918,19470203,16134481,12120247,8900555,6468157,4602761,3163072,1946545,1197392,708058,427750,253302,146006,87012,56296,35166,18438,7486,1900,513,203,81,30,4,0,0,0,0"
un_northern_africa_and_western_asia,1968,"0,3,11,20,25,30,30,48,549,1884,4070,8021,20902,65839,201116,564154,2222633,6315252,11435145,16732912,20304858,21299531,20169420,17305884,13323616,9772420,7160800,5127926,3618061,2273031,1396228,831265,496318,295186,170890,102492,68047,47105,29685,14426,5105,927,306,125,44,16,1,0,0,0"
un_northern_africa_and_western_asia,1969,"0,0,10,18,24,30,30,40,472,1770,3927,7688,19037,58083,180951,504126,1764614,5610424,10697491,16267403,20412054,22004634,21192034,18454635,14306278,10506934,7689558,5557820,4002359,2590473,1599987,957817,559282,321372,181056,106492,73798,56812,43330,27093,12253,3758,386,169,69,29,10,0,0,0"
un_northern_africa_and_western_asia,1970,"0,0,10,19,25,30,30,38,475,1766,4064,8325,20139,58527,171901,436320,1313750,4737940,9908250,15880667,20776466,23066258,22226730,19282455,15053802,11116462,8184001,5999167,4395309,2926536,1776172,1064738,647524,415110,261227,159583,105064,76376,59622,41810,22162,8495,1646,307,139,66,29,7,0,0"
un_northern_africa_and_western_asia,1971,"0,0,5,14,22,30,30,34,360,1479,3611,7697,18946,52630,150022,377835,1128030,4363409,9608416,15636248,21028894,23789100,23155621,20089547,15704034,11540603,8432159,6165140,4615175,3296547,2106802,1289470,789360,492374,309367,190073,124414,90160,69781,48842,25925,9943,1951,359,161,71,31,9,0,0"
un_northern_africa_and_western_asia,1972,"0,0,3,12,21,30,30,42,521,1729,4071,8898,22160,61795,170051,388432,1091871,4177962,9112496,15199181,20718526,23744125,23479069,20865291,16768259,12549732,9137411,6589315,4927226,3655739,2446478,1577377,982856,612489,378877,232792,149779,106690,81261,56398,29852,11384,2239,419,192,83,33,11,0,0"
un_northern_africa_and_western_asia,1973,"0,0,3,12,23,30,30,90,708,2014,4604,10354,25988,74509,197197,420417,1183324,4358449,9390110,15495754,20954913,23962053,23802224,21408348,17404214,13016216,9432502,6774976,5006252,3758676,2589797,1753861,1133346,720940,441623,272118,178113,128925,97031,66637,35172,13518,2792,554,227,97,40,8,0,0"
un_northern_africa_and_western_asia,1974,"0,0,6,15,26,30,30,38,481,1617,3896,8556,20816,57443,157984,354735,928812,3770764,8700045,14731173,20593997,24143419,24637544,22606015,18691800,14086347,10233630,7334427,5404055,4115949,2909935,2018482,1322112,832339,498185,303797,198868,147232,113683,83201,48531,20795,5613,823,321,114,52,17,0,0"
un_northern_africa_and_western_asia,1975,"0,2,11,22,30,30,34,40,221,1141,3086,6752,15869,41303,112991,279289,702208,2938077,7772399,13678959,20033456,24278922,25610179,24187411,20674099,15845970,11631162,8211864,5873000,4233397,2958567,1981035,1270085,769378,451682,276663,190142,145440,113171,79277,42159,16271,3247,575,220,85,34,9,0,0"
un_northern_africa_and_western_asia,1976,"0,0,6,15,26,30,30,39,51,614,2096,4883,11378,28471,72261,190760,478812,1733671,6049240,11888796,18717502,24272088,26955680,26442495,23392021,18305253,13097244,8994235,6150788,4443415,3140897,2172154,1438552,897789,538095,335650,230240,174476,133973,92770,49313,19180,4041,819,309,112,52,15,0,0"
un_northern_africa_and_western_asia,1977,"0,0,1,10,22,30,30,35,40,371,1598,4034,9564,23805,57014,149935,398646,1272399,4890411,10893555,18071063,24631218,28123202,27804091,24556826,19444389,14212144,9987470,6821004,4928835,3478259,2418226,1607600,1009570,606981,378099,261521,200837,158516,114993,65452,27387,6858,1119,419,146,65,26,1,0"
un_northern_africa_and_western_asia,1978,"0,0,0,8,17,29,30,33,40,572,1949,4658,11047,27814,68092,175193,426752,1222429,4378489,10405575,17697159,24378429,28414705,28613570,25778115,20953085,15386889,10794456,7355658,5286804,3700382,2540819,1676679,1047294,628880,398486,281737,216389,163399,105774,51398,18137,2897,908,332,115,56,18,0,0"
un_northern_africa_and_western_asia,1979,"0,0,0,5,14,26,30,32,154,1047,2840,6346,15163,38826,100599,245308,508893,1346207,4167785,10315168,17706796,24344830,28738124,29120780,26390345,21899015,16337844,11401169,7772411,5586833,3944783,2754137,1855882,1184255,718277,450663,316218,246429,195805,140415,77504,31245,7058,1198,443,149,63,26,1,0"
un_northern_africa_and_western_asia,1980,"0,0,0,3,13,25,30,32,160,1096,3005,6712,15915,40358,103951,253744,509787,1288449,3596906,9661677,17290662,24288525,29805074,31064744,28038482,22892166,16841188,11767669,8161178,5939060,4222697,2906569,1920640,1219490,736686,467891,334923,270006,230167,185689,123907,60757,21454,6729,3295,1620,792,380,174,55"
un_northern_africa_and_western_asia,1981,"0,0,0,3,12,24,30,32,191,1219,3264,7231,16830,42916,112587,272020,558887,1457026,3944951,10304392,18282451,25829035,31615322,32440781,28495980,22488947,16390904,11648476,8140344,5997694,4243314,2880701,1893930,1203543,732964,473037,345804,283796,242890,192940,123323,57590,18964,6542,3187,1557,762,363,156,47"
un_northern_africa_and_western_asia,1982,"0,0,0,0,9,20,30,30,135,1126,3193,7252,16902,42852,111000,270050,552815,1422894,3814258,10079589,18287582,26301933,32530665,33923289,29939328,23715520,17376087,12239481,8611599,6197430,4228461,2742177,1723877,1052037,631808,421962,326813,278071,232715,170700,93550,38905,12233,5120,2543,1257,624,297,122,32"
un_northern_africa_and_western_asia,1983,"0,0,0,0,7,17,30,30,174,1238,3368,7602,17829,45487,118038,285612,583712,1482764,3730612,9892158,18559056,27073938,33851742,35075568,30829581,24253914,17861537,12876658,9185555,6692066,4540038,2811532,1656215,934389,542460,368126,296923,258240,213082,147053,72596,26298,8520,4249,2147,1097,560,263,107,32"
un_northern_africa_and_western_asia,1984,"0,0,0,0,6,15,24,30,275,1539,3926,8853,20874,53334,141632,329471,638841,1621640,3828211,9649568,18612187,27364134,34634630,36174138,31651745,24970077,18684717,13614701,9875117,7150168,4796207,2897452,1668136,926659,540626,368974,299346,264630,222000,152341,71551,22103,7405,3751,1930,1001,525,248,92,28"
un_northern_africa_and_western_asia,1985,"0,0,0,0,3,14,28,30,547,2031,4689,10464,25485,66161,174429,388488,735884,1752301,3876399,9665676,18736002,27530621,35099915,37017378,32568708,25982441,19660223,14598929,10675758,7605729,4904665,2805936,1555004,846325,504507,357117,303264,266806,212656,130822,56591,17716,7163,3662,1902,993,526,260,96,31"
un_northern_africa_and_western_asia,1986,"0,0,0,0,3,14,28,30,425,1861,4504,10053,23940,61748,164783,374905,712753,1610523,3673103,9501004,18850166,28064864,35713774,37974624,33939661,27155214,20535410,15121907,11040109,7822845,5154049,3032881,1719469,971391,595210,424265,337898,262381,170510,77558,25616,9717,5112,2738,1491,815,450,224,84,14"
un_northern_africa_and_western_asia,1987,"0,0,0,0,1,12,25,30,211,1386,3737,8330,18772,47054,128854,315592,633534,1474833,3539258,9444794,19133640,28717000,36672482,39216167,35000291,28095604,21293297,15825120,11546241,8177132,5271373,3047494,1703027,963455,599925,433140,350869,271904,170322,69530,19781,9102,4843,2633,1447,802,437,225,85,13"
un_northern_africa_and_western_asia,1988,"0,0,0,0,0,7,21,30,185,1403,3932,8922,20194,50003,134614,329551,643851,1436957,3483374,9302443,18993377,28852857,37327906,40377087,36281431,29222665,22147898,16329335,11888328,8449853,5550901,3269907,1887738,1081532,677788,482079,371941,269217,149994,52558,16965,8893,4749,2591,1431,793,444,217,90,12"
un_northern_africa_and_western_asia,1989,"0,0,0,0,0,5,16,27,102,1131,3391,7831,17735,43895,114984,290046,594998,1308075,3378492,9438178,19711259,30163263,38755397,41681053,37565913,29944513,22611476,16265306,11787375,8463069,5553979,3295847,1894465,1082540,681090,492305,389910,293407,174662,72605,22674,10193,5353,2880,1570,853,463,236,103,14"
un_northern_africa_and_western_asia,1990,"0,0,0,0,0,2,13,23,204,1459,4054,9275,21317,53774,140189,340167,669281,1474804,3498598,9421501,19572740,29300328,37470642,41223545,38832258,32291575,24277621,17367930,12479852,8791841,5789273,3546044,2085824,1211144,752020,540717,434519,341942,229905,109785,36778,12583,6420,3342,1779,954,502,243,102,20"
un_northern_africa_and_western_asia,1991,"0,0,0,0,0,0,8,20,160,1304,3684,8354,19831,50056,126352,311679,625142,1346949,3471073,10088879,21480966,32839651,41179189,42357513,37527586,30093975,23315739,16872526,12096126,8758777,5962424,3728432,2268647,1365717,863880,622195,492579,376816,238978,102228,29462,12407,6318,3289,1739,925,495,252,96,19"
un_northern_africa_and_western_asia,1992,"0,0,0,0,0,0,8,20,92,1126,3392,8248,20807,48519,116322,292826,611702,1404972,3587437,9889409,21307879,33254012,42568229,44193341,39024946,30882886,23328839,16692376,12310179,8975171,6281596,3983037,2459665,1507739,961350,686042,533279,397783,242849,103822,32861,13741,6947,3598,1892,995,520,269,115,19"
un_northern_africa_and_western_asia,1993,"0,0,0,0,0,3,15,28,39,979,3313,9834,23726,48859,113231,290604,639482,1468654,3699569,9886298,21541464,33600647,43156053,45522985,40073264,31679868,23726937,17080216,12573174,9282969,6704039,4336472,2671718,1633578,1029022,724201,553961,405883,241231,93805,26606,12476,6416,3373,1799,961,500,276,122,19"
un_northern_africa_and_western_asia,1994,"0,0,0,0,0,0,13,26,51,1032,3892,12265,26393,51909,120700,304898,669478,1552745,3921487,10198754,22340738,34855954,44743852,46845519,40970590,32033004,23587795,16809637,12589477,9371978,6813312,4504685,2787578,1698064,1068488,751431,576469,425362,255782,109084,34392,14396,7312,3801,2011,1057,550,296,137,32"
un_northern_africa_and_western_asia,1995,"0,0,0,0,0,0,0,10,20,1037,5360,14077,27277,51332,116734,307094,695171,1547283,3919421,10033945,22567234,35609613,45779134,47938171,41711421,32493318,24087766,17277803,13026750,9746681,7067253,4755802,2958589,1800786,1128261,788381,606406,451751,278686,121285,38128,14775,7529,3921,2086,1106,577,308,149,38"
un_northern_africa_and_western_asia,1996,"0,0,0,0,0,0,0,10,20,923,4726,12562,24991,47299,107677,287096,660893,1431410,3552888,9169123,21565034,35242608,46317362,49243391,43319182,34165112,25342450,18315644,13711580,10298672,7370409,4992288,3132786,1901277,1194017,837179,645936,482064,294788,119812,33320,14162,7287,3844,2068,1118,582,314,158,40"
un_northern_africa_and_western_asia,1997,"0,0,0,0,0,0,0,8,20,363,3521,11738,25911,48843,99472,256510,632853,1359675,3392337,8636538,20368083,34120072,45542868,50550351,45791720,36072337,26779734,19410274,14586710,10826360,7739473,5252441,3300368,2022138,1282838,899985,693426,516303,315288,129392,36508,15511,7965,4176,2236,1207,637,337,172,58"
un_northern_africa_and_western_asia,1998,"0,0,0,0,0,0,0,5,19,296,3003,11261,26073,50250,99659,248349,620422,1327443,3208920,7994894,19099444,32561279,44154275,50648085,47848787,39142717,29263796,20960543,15486023,11358753,8113438,5537831,3507327,2180910,1398667,978905,732023,518661,288621,114829,36655,17093,8771,4585,2440,1320,710,378,188,74"
un_northern_africa_and_western_asia,1999,"0,0,0,0,0,0,0,4,18,259,2647,9815,23116,46534,97729,248314,621453,1351248,3251663,8191658,18907433,32691356,44803321,51555747,49278596,40363984,30069547,21594842,15947246,11680618,8357626,5624046,3496813,2148790,1391770,983682,736883,512350,270695,89389,27773,14362,7575,4070,2223,1234,681,359,183,74"
un_northern_africa_and_western_asia,2000,"0,0,0,0,0,0,0,2,15,224,2556,10192,24853,51334,104092,242976,591511,1307118,3206389,7944716,18416424,32575671,44575823,51403381,49801439,41645813,31957083,22953645,16761980,12287660,8795800,6014968,3841174,2373618,1530727,1078259,813957,577244,318743,113142,32858,16275,8535,4548,2467,1367,755,403,208,81"
un_northern_africa_and_western_asia,2001,"0,0,0,0,0,0,0,0,13,148,2001,7928,20274,44518,95173,228635,557719,1256489,3194644,8338428,19090596,33728379,46281517,52894538,51061824,42210956,31645919,22630920,16798321,12432150,9007891,6152203,3886018,2393365,1550332,1097893,811668,557224,283607,103013,32724,16367,8597,4599,2507,1398,773,419,211,90"
un_northern_africa_and_western_asia,2002,"0,0,0,0,0,0,0,0,11,159,2318,7676,16729,33402,73459,193668,507452,1176799,2946483,8042618,18538067,33559845,46838034,55035404,53617432,43864574,32278225,23043619,17148952,12696053,9099720,6140203,3835327,2362780,1535719,1099304,820680,566298,286811,102730,31719,15871,8383,4502,2457,1363,756,415,213,94"
un_northern_africa_and_western_asia,2003,"0,0,0,0,0,0,0,0,8,103,2210,7133,15130,30360,69111,181850,497506,1309910,3399129,8844604,19558312,35663453,50563698,58320115,54217604,42262504,30244174,21656422,15964738,12244896,9180018,6497025,4223100,2722265,1778305,1245282,912179,610935,301112,94695,34891,17888,9346,4985,2699,1489,817,455,238,109"
un_northern_africa_and_western_asia,2004,"0,0,0,0,0,0,0,0,6,61,1985,7176,16175,32041,68013,174320,459193,1092404,2942581,8113086,18047617,32984711,47551078,54433872,53153342,44432144,34809359,26206939,19433023,14541120,10466588,7288697,4828104,3107914,2028327,1426922,1046336,719525,384922,131614,43301,22045,11451,6060,3268,1787,991,534,287,143"
un_northern_africa_and_western_asia,2005,"0,0,0,0,0,0,0,0,157,834,3624,9057,16509,30015,66117,174157,482325,1171891,2919513,7882046,17892365,32874841,47733680,54479603,53926955,45984893,36175030,27388398,20088928,14896054,10781344,7741595,5301554,3502339,2312183,1604095,1149726,771434,399005,135285,48476,24595,12727,6710,3604,1970,1089,587,309,160"
un_northern_africa_and_western_asia,2006,"0,0,0,0,0,0,0,0,0,4,1519,5873,12919,24664,54848,151855,428334,1044658,2737575,7680326,17298975,32076257,47295079,54274410,54059832,47823427,38612855,29356063,21798662,15937661,11605178,8297294,5487364,3594095,2407765,1728598,1281295,906206,507985,203284,63653,28347,14612,7679,4107,2243,1244,686,358,191"
un_northern_africa_and_western_asia,2007,"0,0,0,0,0,0,0,0,0,69,1697,6283,13167,24133,53493,145627,416750,1030687,2682025,7587603,17275157,31936318,47278601,53863322,53501336,48836688,40606684,30966758,23076185,17752787,12703698,8875735,5843598,3817042,2605640,1918909,1451539,1035667,580914,229335,69346,30475,15741,8280,4450,2426,1345,740,394,213"
un_northern_africa_and_western_asia,2008,"0,0,0,0,0,0,0,0,0,28,1218,5045,11228,21825,55597,162492,452510,1099812,2637957,7139760,16515361,31724426,47325859,53823888,53336738,49325783,41906907,33259672,25176618,18753116,13543743,9550035,6474188,4396365,3043749,2226239,1691138,1216306,685053,272343,83739,37865,20293,11258,6491,3899,2445,1577,1044,730"
un_northern_africa_and_western_asia,2009,"0,0,0,0,0,0,0,0,19,75,1817,6304,13491,26229,61286,173532,474831,1104204,2649723,6982463,15514777,29467199,46612073,56301690,56582175,51588691,43705712,34496084,25857991,19654465,14429856,10298005,7111325,4799425,3220472,2189700,1403600,677336,247741,91418,46414,24307,12980,7066,3917,2193,1260,706,382,200"
un_northern_africa_and_western_asia,2010,"0,0,0,0,0,0,0,0,0,58,1402,5337,12741,25505,57306,159061,434504,1040536,2567382,6612842,15023300,28904813,45796765,56673381,57757745,53403255,46205110,35818191,27463677,21254476,15395687,11004415,7586278,5057192,3287977,1952593,942908,384928,197986,103878,55542,32620,20090,12947,8731,6133,4480,3336,2535,1955"
un_northern_africa_and_western_asia,2011,"0,0,0,0,0,0,0,0,0,16,1195,5081,11620,22639,49837,143067,430394,1088746,2616448,6516061,14764462,28384485,45126394,57322828,59454374,55374674,47289966,36705262,28200855,21156475,15670647,11740817,8270798,5565739,3638838,2276418,1180496,528251,253103,134055,68779,37876,22323,13689,8728,5770,3958,2762,1959,1417"
un_northern_africa_and_western_asia,2012,"0,0,0,0,0,0,0,0,0,5,725,3198,7998,17889,48749,141002,411573,1126017,2966608,7333141,15326651,27709186,45303673,58058702,59719590,54991729,47585975,37617266,29235926,22934448,17204578,12653071,8900427,5899255,3697945,2094086,1013362,491739,266857,143207,74528,42104,25401,16054,10664,7395,5338,3954,2987,2297"
un_northern_africa_and_western_asia,2013,"0,0,0,0,0,0,0,0,0,5,458,2549,6798,15903,40415,122267,451220,1504879,3936670,8547200,16150051,28440100,46181428,57787967,59189964,55344280,48149662,39077293,30660976,23670199,17697324,12918676,8898758,5915430,3806821,2215646,1058855,480339,259945,138754,70666,38732,22267,13243,8149,5180,3389,2273,1551,1087"
un_northern_africa_and_western_asia,2014,"0,0,0,0,0,0,0,0,7,29,62,1350,5115,13201,35925,119387,568613,1801615,4334539,8853516,16899105,29248384,46054133,57336950,59675440,56973386,50197809,40201167,30654740,23646681,18225487,13272743,9326347,6453411,4174822,2446561,1199029,526155,271966,143614,72718,39564,22321,13019,7853,4902,3171,2078,1403,951"
un_northern_africa_and_western_asia,2015,"0,0,0,0,0,0,0,0,0,0,31,1542,6886,24090,68131,222901,817798,2299800,5459726,10046997,18154148,28980056,44351766,56312212,61122899,59121498,52173803,40645726,31108334,24190784,18327862,13481132,9592846,6725794,4359973,2486504,1243186,585988,315095,172550,91817,51851,30195,18069,11087,6941,4429,2856,1864,1212"
un_northern_africa_and_western_asia,2016,"0,0,0,0,0,0,0,0,0,0,17,1473,8681,31153,94009,375555,1228112,3169427,6569951,11570396,19942595,30337193,45013577,55408154,58371300,57208306,52083080,41572631,32198560,25281212,19592306,14578192,10576088,7469068,4539556,2505088,1201990,577513,308894,163637,83838,45836,26048,15397,9503,6105,4063,2803,1974,1412"
un_northern_africa_and_western_asia,2017,"0,0,0,0,0,0,0,0,0,0,37,1813,11987,40698,116797,358773,1062824,3144652,6630645,11812153,20553826,31989489,47554520,55386170,57709794,57312144,52525541,42778383,33459885,26264690,19995434,14859148,10792239,7603121,4569739,2451249,1185575,573994,299821,155887,79603,43010,24049,13949,8402,5253,3407,2282,1570,1109"
un_northern_africa_and_western_asia,2018,"0,0,0,0,0,0,0,0,0,95,487,2871,13654,44420,131981,401535,1035277,3020448,6854153,12258428,21038658,32432450,49019747,56310339,57905100,57540994,52827568,43695853,33934567,26628117,20414336,15358821,11539664,8125479,4755369,2530048,1283247,651801,341858,182065,95590,52942,30444,18202,11309,7283,4834,3303,2298,1621"
un_northern_africa_and_western_asia,2019,"0,0,0,0,0,0,0,0,0,261,2019,6106,19947,53822,146337,429139,1100725,3170891,7057873,12507047,20918696,31797932,49088096,58026083,60023692,58651374,54437556,44426860,34186353,26887732,21205069,15772828,11407653,8249120,4894186,2557116,1266092,627295,319887,166585,85627,46244,25824,14931,8960,5566,3580,2380,1607,1112"
un_northern_africa_and_western_asia,2020,"0,0,0,0,0,0,0,0,62,974,4430,12049,33895,83321,221024,618346,1633449,4348259,8639987,14753925,23397659,33185896,49099388,58734354,62053186,59443198,52366273,41659506,33130650,26885807,21539859,15968315,11427481,8241972,4859525,2507365,1247545,626115,323087,180150,102944,61282,37707,23833,15376,10060,6650,4413,2922,1920"
un_northern_africa_and_western_asia,2021,"0,0,0,0,0,0,0,0,16,565,2914,10436,32965,85915,242334,683962,1845543,4749913,9097029,15398350,23677885,32688708,47406694,58323234,63080936,59508528,52624347,42621751,33651977,27950893,22245497,16896202,12150052,8635540,5239430,2813916,1463124,772115,408921,224158,130209,83150,54381,35828,23536,15322,9882,6314,3989,2516"
un_northern_africa_and_western_asia,2022,"0,0,0,0,0,0,0,0,0,163,1598,7741,29631,83768,245476,724173,2031775,5104468,9380593,15922355,23408827,31829970,46959311,57711121,63692854,60554991,53602913,43687727,34134769,28264166,22729172,17433689,12604410,9307760,6278087,3488049,1810547,922878,471403,258816,153957,95726,61378,40151,26548,17612,11688,7733,5079,3313"
un_northern_africa_and_western_asia,2023,"0,0,0,0,0,0,0,0,0,374,3145,10995,37328,106404,321099,965289,2724760,6269854,11209496,18642806,24400593,31207028,43710646,56748303,63641634,60180110,53204462,43742545,35093099,29338782,24014546,18345813,13186383,9533969,6826639,3979434,2094565,1057492,534142,264269,127215,62480,31221,15903,8271,4395,2364,1297,713,386"
un_northern_africa_and_western_asia,2024,"0,0,0,0,0,0,0,0,57,1880,6154,15916,48100,140084,435022,1370037,3770820,7922684,14089507,20953338,25084351,30188942,42141471,55970925,63197930,60391181,53635007,43867918,35209126,29684504,24571735,18851848,13583695,9735171,6904844,4097182,2159963,1090601,552240,277360,132388,64813,32276,16368,8488,4479,2403,1314,719,389"
un_northern_africa_and_western_asia,2025,"0,0,0,0,0,0,0,0,0,1650,5949,17196,52134,150509,470743,1449455,3997378,8395445,14799437,21349364,25427876,29719733,42308019,55972328,63909827,60532204,53987081,44362552,35681041,30053452,25286184,19732284,14314841,10285399,7392675,4393939,2326452,1175248,596817,299471,144252,70351,34887,17623,9091,4774,2552,1386,764,410"
un_northern_africa_and_western_asia,2026,"0,0,0,0,0,0,0,0,0,928,4789,16387,54410,161075,480129,1383200,3732810,8005395,13934936,21185110,25486544,29836104,41309315,55412064,64893655,62099756,55163866,45879226,37091134,31212578,26330100,20531416,14842201,10478125,7637296,4803113,2583778,1307533,659732,327283,155912,75722,37521,18936,9753,5121,2735,1482,814,444"
un_northern_africa_and_western_asia,2027,"0,0,0,0,0,0,0,0,0,734,4364,15731,53624,160921,479680,1356324,3651808,7899782,13716716,21110061,25538301,29807877,40436321,54966072,65490684,63750514,56681500,47264839,37966948,31870808,27038729,21254392,15453851,10880279,7949175,5115558,2774574,1408835,709665,352714,167983,81108,40154,20237,10413,5463,2925,1588,869,472"
un_northern_africa_and_western_asia,2028,"0,0,0,0,0,0,0,0,0,749,4354,14053,47425,144543,443118,1305494,3559279,7874659,13805203,21456610,25968428,29655038,39130151,54195399,65658151,65184273,58123534,48866932,39076257,32579296,27685075,21947312,16107506,11386237,8296532,5339472,2912181,1491103,758087,381716,185007,88862,43874,22059,11308,5922,3160,1707,930,510"
un_northern_africa_and_western_asia,2029,"0,0,0,0,0,0,0,0,0,553,3883,13363,45813,137661,423665,1247752,3443182,7736847,13583210,21300591,25882363,29343095,37249720,52990781,66722214,68012831,60042539,50193323,40051010,33258264,28344666,22714436,16855396,11961067,8663555,5557996,3037754,1562254,796834,403766,198124,94708,46645,23373,11945,6225,3315,1783,970,531"
un_northern_africa_and_western_asia,2030,"0,0,0,0,0,0,0,0,0,756,4449,14495,48483,145383,446938,1332156,3666415,8128703,14290239,22058621,26566520,29913752,37793765,53920554,67879645,68980353,60714500,50612924,40346073,33580337,28556029,22660798,16650056,11748353,8497161,5468801,2991038,1539272,785692,397150,193273,92132,45270,22631,11534,5996,3182,1706,928,504"
un_northern_africa_and_western_asia,2031,"0,0,0,0,0,0,0,0,0,571,4077,13326,45112,135157,412318,1235175,3416758,7810749,13879623,21911120,26853482,30365349,37401374,53298057,67950631,70491625,61936661,51924326,41429714,34384708,29331999,23473888,17388624,12297669,8830725,5658010,3097104,1599961,819205,416068,205488,97865,47961,23903,12140,6291,3322,1784,966,520"
un_northern_africa_and_western_asia,2032,"0,0,0,0,0,0,0,0,0,413,3651,12099,41692,125948,381758,1151821,3207698,7555442,13569241,21908148,27318717,30622830,36684675,52264640,67620775,72037570,63878469,54059851,43127318,35471584,30018581,23952655,17692347,12497391,8949822,5722866,3132673,1617569,827414,420870,209568,100391,49220,24555,12473,6466,3419,1831,997,541"
un_northern_africa_and_western_asia,2033,"0,0,0,0,0,0,0,0,0,420,3693,12240,42409,127969,388008,1168331,3244489,7628711,13726104,22085124,27532422,30790581,35931938,51152833,67346133,73358774,65575456,55455081,44243045,36357474,30724905,24603750,18176751,12815455,9157671,5968615,3292409,1704444,869493,441149,220478,105542,51684,25749,13059,6763,3571,1920,1037,567"
un_northern_africa_and_western_asia,2034,"0,0,0,0,0,0,0,0,0,284,3296,11059,38814,118661,357298,1079320,3006446,7262845,13277031,21737033,27748734,31197825,35622999,50169702,66890785,74721077,67500505,57476448,45877085,37434497,31486682,25222721,18681552,13159909,9378235,6092207,3355273,1737622,887435,451040,225630,108133,53026,26453,13438,6969,3682,1982,1078,586"
un_northern_africa_and_western_asia,2035,"0,0,0,0,0,0,0,0,0,168,2904,9956,35218,109521,328617,996995,2786921,6893656,12837083,21336383,28021794,31943916,36375212,50644079,66722973,74790319,68240245,58745235,47072152,38377404,32273537,25987816,19336105,13652993,9652992,6245544,3440825,1784893,912208,463925,234733,112508,55162,27521,13981,7251,3835,2063,1120,610"
un_northern_africa_and_western_asia,2036,"0,0,0,0,0,0,0,0,0,77,2583,9610,35217,109601,328135,987431,2740014,6821652,12762533,21229263,28283916,32050462,35881829,49401050,66135035,75889984,70128008,60722321,48853819,39505193,32975977,26489396,19743500,13948790,9857699,6376747,3517250,1829681,937822,478294,243227,116777,57213,28512,14464,7499,3963,2129,1161,630"
un_northern_africa_and_western_asia,2037,"0,0,0,0,0,0,0,0,0,113,2602,9290,33145,104573,311718,943332,2636944,6640886,12621392,21191110,28465934,32356688,35560386,48212921,65506576,76662319,71897876,62429681,50494051,40606618,33769060,27205173,20328600,14420812,10133416,6529709,3603410,1877660,963411,491900,252910,121661,59637,29731,15101,7826,4130,2227,1213,660"
un_northern_africa_and_western_asia,2038,"0,0,0,0,0,0,0,0,0,35,2276,8734,32474,102913,307262,924838,2560948,6485886,12410015,20830264,28425837,32439715,35661295,47373934,65191610,77840996,74089549,64235036,52239571,41734597,34435058,27615914,20552963,14573202,10248476,6611791,3647462,1902142,974580,497386,256692,123577,60570,30204,15346,7950,4209,2262,1233,675"
un_northern_africa_and_western_asia,2039,"0,0,0,0,0,0,0,0,0,0,1916,7853,29395,94974,282693,852540,2368741,6098144,11963493,20252105,28414178,32682722,35808928,46372126,64328759,78073934,75701488,65802959,53957228,42995974,35429238,28660964,21480107,15305158,10701474,6870755,3781165,1976055,1014979,518604,270025,130659,63946,31842,16140,8338,4405,2369,1287,705"
un_northern_africa_and_western_asia,2040,"0,0,0,0,0,0,0,0,0,0,1569,7141,26434,87402,261536,790357,2200992,5722801,11537687,19692254,28435145,33152621,36668512,46987994,64363404,77864142,76372821,67150336,55712820,44298139,36310124,29285218,21923215,15588568,10873412,6961196,3828668,2000428,1027512,525257,273795,132736,65123,32501,16523,8569,4541,2452,1331,733"
un_northern_africa_and_western_asia,2041,"0,0,0,0,0,0,0,0,0,0,1584,7253,26988,90123,269655,812279,2252669,5831925,11741358,20008289,28786847,33331183,36259786,45452490,63353890,78136608,77882525,68684126,57237395,45515096,37184142,30055897,22553970,16095865,11170571,7115058,3911988,2047860,1054644,540149,283766,138258,67717,33731,17120,8853,4682,2516,1372,753"
un_northern_africa_and_western_asia,2042,"0,0,0,0,0,0,0,0,0,0,1272,6587,24054,83855,254014,761941,2106779,5465938,11294504,19376229,28607807,33516253,36607623,44657385,62511408,78192806,79650385,70549290,59259996,46878551,38073782,30776923,23198954,16588271,11520240,7335475,4030641,2111775,1089160,558017,294055,143824,70465,35110,17829,9228,4880,2623,1440,786"
un_northern_africa_and_western_asia,2043,"0,0,0,0,0,0,0,0,0,0,990,5945,21405,77927,238632,713973,1974082,5115095,10848623,18745725,28322923,33580624,36837628,43820123,61468769,78015018,81476760,72482852,61175589,48332668,39205963,31740403,23940647,17167604,11871862,7516086,4127299,2164280,1118594,572467,301354,147658,72371,36089,18336,9506,5025,2706,1484,810"
un_northern_africa_and_western_asia,2044,"0,0,0,0,0,0,0,0,0,0,765,5387,20290,75806,234484,705870,1932804,4987748,10635826,18372819,28065529,33604939,37212073,43549835,60902871,78267316,83349557,74121495,62803232,49617128,40049641,32289139,24301556,17398563,12008129,7592908,4167619,2185925,1129670,578149,304425,149295,73268,36582,18620,9652,5121,2759,1515,832"
un_northern_africa_and_western_asia,2045,"0,0,0,0,0,0,0,0,0,0,560,4798,17974,70040,220883,664461,1821506,4673248,10199921,17787820,27734166,33890258,37956496,44137184,61005322,77669430,83199710,74705343,64057528,50870507,41057223,33339348,25316290,18236298,12576202,7915141,4333047,2272679,1177140,602626,318709,157651,77270,38536,19569,10137,5364,2891,1588,873"
un_northern_africa_and_western_asia,2046,"0,0,0,0,0,0,0,0,0,0,564,4782,16969,68158,218010,647814,1782623,4559648,10118609,17782075,27973004,34300753,37994239,42991929,59431275,76884861,84415774,76695076,66265532,52740073,42251807,34073139,25784076,18521287,12739309,8013398,4389069,2303980,1194715,612207,324103,160520,78815,39365,20050,10395,5519,2978,1634,903"
un_northern_africa_and_western_asia,2047,"0,0,0,0,0,0,0,0,0,0,398,4377,16505,67280,217574,649014,1763513,4457311,9909568,17426017,27551567,34215375,38124227,42460713,58051225,76044429,85449022,78623948,68206564,54507052,43541110,35037461,26496773,19067113,13091870,8202556,4495771,2364346,1230681,632691,336214,167560,82146,40972,20830,10790,5710,3079,1689,935"
un_northern_africa_and_western_asia,2048,"0,0,0,0,0,0,0,0,0,0,209,3843,14744,61703,205520,612355,1663396,4167514,9447288,16818864,26965273,34299904,38456467,42388988,57172839,75859887,86817613,80491159,69884301,55833206,44397137,35699802,27134079,19594752,13463447,8449253,4634590,2437246,1268211,651800,346671,173429,85105,42491,21623,11209,5941,3211,1754,981"
un_northern_africa_and_western_asia,2049,"0,0,0,0,0,0,0,0,0,0,95,3364,13208,55640,189573,566353,1550235,3874733,8954678,16222742,26364785,34494583,39152866,43479618,58005629,76123397,87087502,81145891,70863440,57131736,45339160,36366176,27610181,19901374,13633839,8544017,4681257,2459363,1278531,656901,349172,174479,85720,42857,21841,11345,6017,3259,1787,998"
un_northern_africa_and_western_asia,2050,"0,0,0,0,0,0,0,0,0,0,3,2919,12072,50753,176329,529970,1456420,3619384,8486909,15658042,25697625,34517866,39394812,43541900,56977113,75372337,87627462,82790800,72497172,58960611,46683081,37414071,28411027,20492088,14019859,8744223,4793577,2523454,1316303,677636,361200,181796,89223,44562,22684,11763,6233,3368,1850,1030"
un_northern_africa_and_western_asia,2051,"0,0,0,0,0,0,0,0,0,0,3,2962,12246,49913,168616,507623,1420652,3594399,8508518,15736938,25831655,34498076,39297783,42912894,55186744,74167330,87868132,84637022,74376219,60863703,47915934,38283787,29109802,21037923,14411333,8999818,4934287,2598337,1354767,697112,371380,187613,92144,46053,23468,12181,6456,3500,1922,1072"
un_northern_africa_and_western_asia,2052,"0,0,0,0,0,0,0,0,0,0,17,2566,11163,45532,153551,464968,1325037,3376565,8106463,15280518,25221876,34654683,39524174,42780283,53690871,72967182,87863178,86341819,76141135,62918167,49442542,39446327,30013347,21705779,14852376,9217698,5051119,2660899,1391421,717884,382938,193828,95183,47547,24211,12574,6665,3604,1973,1108"
un_northern_africa_and_western_asia,2053,"0,0,0,0,0,0,0,0,0,0,12,2205,10338,41211,137479,413426,1196018,3100122,7603750,14711208,24498018,34636840,40004759,43721842,54319054,72963505,87485555,86902270,77445367,64706758,50715874,40267144,30514046,21997885,15018561,9305235,5095200,2681543,1402316,724006,386428,195840,96328,48225,24605,12803,6807,3685,2028,1133"
un_northern_africa_and_western_asia,2054,"0,0,0,0,0,0,0,0,0,0,15,1931,10024,40413,133207,398646,1160068,2996962,7378624,14379514,23911882,34334326,39964426,44058035,53716808,72583579,88478992,88707874,78679064,65868937,51697523,40988315,31087514,22418614,15289627,9441733,5153233,2702090,1407574,724099,385447,195015,96245,48363,24781,12949,6907,3756,2077,1165"
un_northern_africa_and_western_asia,2055,"0,0,0,0,0,0,0,0,0,0,11,1517,8975,36185,120296,355489,1043287,2739006,6871121,13775744,23101415,34007207,40103571,44372286,52736167,71314645,87903858,90028361,80169976,67659004,53181291,42253250,32225365,23329962,15965324,9844222,5381634,2825329,1477963,763232,407385,208151,102439,51302,26189,13640,7238,3932,2161,1211"
un_northern_africa_and_western_asia,2056,"0,0,0,0,0,0,0,0,0,0,6,1233,8321,33172,112577,329143,959088,2527314,6392679,13174887,22308194,33664602,40446561,45312669,53580179,71674869,87643695,90303019,81134983,69229535,54420819,43031340,32723162,23650154,16159176,9957342,5448983,2862601,1498637,773949,413440,211431,104134,52203,26685,13907,7396,4022,2213,1239"
un_northern_africa_and_western_asia,2057,"0,0,0,0,0,0,0,0,0,0,5,1209,8325,31519,107566,313442,908699,2420475,6145811,12878601,22014345,33503905,40485790,45272082,52217249,70123116,86779573,91342316,82608712,71183039,56165980,44348236,33795004,24435226,16734648,10262792,5604047,2940760,1540214,795613,424686,219246,108021,54188,27709,14446,7693,4184,2305,1291"
un_northern_africa_and_western_asia,2058,"0,0,0,0,0,0,0,0,0,0,2,942,7645,30457,105891,307036,887604,2344425,5954879,12575448,21484738,32956195,40216049,45321042,51677733,69210657,86704787,93087717,84420673,72823695,57583557,45257231,34301920,24674722,16881432,10473609,5747794,3013734,1571768,810123,430519,222375,109755,55162,28266,14766,7876,4292,2375,1328"
un_northern_africa_and_western_asia,2059,"0,0,0,0,0,0,0,0,0,0,1,649,6616,26851,97537,285148,815516,2156679,5510567,12015920,20840096,32715808,40801745,46101064,52300956,69361236,86232891,92803919,85042342,74100332,58831049,46132216,35026277,25241440,17254076,10693405,5862882,3067676,1598337,823258,436754,225442,111298,55957,28685,14994,7999,4357,2404,1345"
un_northern_africa_and_western_asia,2060,"0,0,0,0,0,0,0,0,0,0,0,360,5387,22329,84570,251628,727310,1959728,5046749,11340931,20005324,31933376,40778354,46385983,51983916,68380471,85883463,94010878,86496743,75616107,60234651,47272545,35989836,25969724,17810221,11010736,6032677,3160436,1648381,851136,450441,235249,116169,58432,29949,15677,8365,4556,2521,1407"
un_northern_africa_and_western_asia,2061,"0,0,0,0,0,0,0,0,0,0,0,225,4638,19557,76588,230041,660030,1790849,4627055,10705549,19240917,31134288,40693986,46511387,51715048,67387479,85488748,95248815,88570168,77573579,61970457,48353756,36644460,26344609,18018571,11118089,6087871,3186559,1661626,858317,454726,237776,117604,59247,30429,15953,8521,4648,2575,1443"
un_northern_africa_and_western_asia,2062,"0,0,0,0,0,0,0,0,0,0,0,100,4000,18370,74124,224802,648121,1750754,4483805,10407231,18832835,30535980,40650500,46866024,52585033,67996520,85434600,95132401,89104742,78515936,63277375,49212394,37175863,26641787,18183023,11207281,6131192,3202335,1665307,858723,454506,237871,117851,59500,30615,16072,8605,4700,2609,1467"
un_northern_africa_and_western_asia,2063,"0,0,0,0,0,0,0,0,0,0,0,37,3255,15586,65376,202877,584554,1594773,4085177,9729183,18009143,29543980,40383342,46794291,52246061,66651569,84411116,95521248,90608627,80168554,65235576,50697383,38442305,27615887,18915462,11648614,6379014,3335295,1739733,900219,476825,251837,124754,62818,32253,16892,9023,4909,2722,1529"
un_northern_africa_and_western_asia,2064,"0,0,0,0,0,0,0,0,0,0,0,34,3165,15185,63727,199512,563957,1533614,3920322,9431128,17672130,29277151,40262770,46709076,51584150,64862488,83292181,95965317,92602230,82147966,67203855,51948359,39256305,28105618,19198405,11811907,6456204,3373644,1759147,911877,483144,255344,126744,63957,32918,17281,9256,5046,2811,1577"
un_northern_africa_and_western_asia,2065,"0,0,0,0,0,0,0,0,0,0,0,30,2581,13481,57796,183397,515676,1406997,3598196,8802495,16907236,28361439,40236871,47293602,52709399,65761902,83498649,95933406,92888991,83070921,68340734,52845731,39826708,28450052,19407627,11919351,6504642,3394071,1765252,914616,484939,256677,127667,64593,33332,17543,9420,5154,2874,1619"
un_northern_africa_and_western_asia,2066,"0,0,0,0,0,0,0,0,0,0,0,22,2285,13285,58629,185437,516800,1399607,3524562,8596401,16604366,27706257,39954621,47088824,52524592,64532713,82710990,96299225,94337919,84176141,69895108,54011439,40768970,29104123,19869460,12184326,6648725,3474665,1811092,941760,500136,266646,132786,67074,34548,18150,9729,5311,2952,1661"
un_northern_africa_and_western_asia,2067,"0,0,0,0,0,0,0,0,0,0,0,16,1824,11560,51983,168442,470685,1285121,3242494,8000418,15822787,26609532,39331895,46990358,52662797,63562496,81975293,96626090,96306562,86166511,71975253,55404161,41607668,29555675,20094217,12299324,6700474,3495793,1818847,946632,504118,269488,134446,68058,35127,18484,9930,5438,3028,1700"
un_northern_africa_and_western_asia,2068,"0,0,0,0,0,0,0,0,0,0,0,16,1414,10089,46011,151783,422429,1161920,2965770,7405463,15054841,25610882,38763424,47012317,53242470,64081834,82050892,96173780,96591269,87130122,73436359,56601092,42525730,30277013,20616204,12640888,6890184,3593953,1867683,971412,516882,277231,138268,69968,36107,19005,10200,5581,3114,1744"
un_northern_africa_and_western_asia,2069,"0,0,0,0,0,0,0,0,0,0,0,8,1055,8476,39077,134282,378131,1050173,2703667,6808749,14237518,24531027,38002857,46943940,53525612,63545798,81661784,96960423,98278425,88276642,74549556,57642815,43430860,30916555,21100678,12936074,7041889,3674940,1910383,996047,530740,286508,143320,72445,37343,19631,10527,5753,3206,1801"
un_northern_africa_and_western_asia,2070,"0,0,0,0,0,0,0,0,0,0,0,8,806,7600,37612,128011,355247,995939,2583905,6541639,13770219,23800018,37129496,46523268,53383587,62581393,80825306,96919743,99906384,90131086,76621751,59136783,44323636,31391595,21330817,13047257,7091496,3697899,1918897,1001143,533865,288391,144479,73160,37780,19898,10695,5849,3261,1842"
un_northern_africa_and_western_asia,2071,"0,0,0,0,0,0,0,0,0,0,0,8,788,7283,33726,115940,322057,909752,2424767,6214667,13389981,23472629,37135820,46817728,53838340,62634102,80487432,95978101,99613825,90921242,78144049,60558118,45248039,31970631,21660103,13219292,7176029,3736404,1935248,1008543,537773,290690,145904,74054,38327,20229,10904,5975,3338,1886"
un_northern_africa_and_western_asia,2072,"0,0,0,0,0,0,0,0,0,0,0,7,571,6425,31222,109011,298455,831720,2236419,5752395,12689355,22501401,36189628,46524550,53685055,61925299,79659352,95929860,101171161,92643500,79905111,62244641,46385352,32652104,22011680,13381416,7236854,3749517,1931041,1002845,534016,288221,145123,73902,38387,20340,10985,6048,3385,1919"
un_northern_africa_and_western_asia,2073,"0,0,0,0,0,0,0,0,0,0,0,4,382,5480,28332,103330,283530,777668,2083447,5330275,12026347,21624844,35297393,46496416,54036466,62614476,80065121,95687370,100974353,92968714,80729036,63070164,47335094,33528930,22746815,13892677,7530648,3912698,2019660,1050433,559595,303718,153338,77861,40323,21301,11475,6300,3518,1992"
un_northern_africa_and_western_asia,2074,"0,0,0,0,0,0,0,0,0,0,0,4,251,4839,26459,98932,270370,727315,1943569,4956701,11416046,20843713,34334982,46345525,53834363,61709576,78838096,95189621,102121663,94854181,82732665,64883140,48471651,34221761,23116886,14075514,7619947,3954121,2037544,1058817,564170,304281,153077,78012,40555,21504,11625,6399,3586,2032"
un_northern_africa_and_western_asia,2075,"0,0,0,0,0,0,0,0,0,0,0,3,210,4452,26374,101375,278873,744491,1945581,4849478,11112921,20335103,33309563,45610854,53222059,61095144,77858640,94916774,103362702,96524478,84294179,66550635,49521956,34854111,23458239,14251480,7706665,3994495,2054187,1065475,567292,305963,154236,78786,41062,21831,11823,6525,3662,2078"
un_northern_africa_and_western_asia,2076,"0,0,0,0,0,0,0,0,0,0,0,3,163,3917,24082,94737,261804,690588,1803942,4476000,10437124,19472208,32273227,45393357,53485309,61691586,77966909,94068561,102492537,97040449,85633285,68276997,50886173,35843905,24113945,14646683,7904912,4097124,2106261,1092614,582463,315848,159809,81592,42486,22570,12225,6747,3789,2148"
un_northern_africa_and_western_asia,2077,"0,0,0,0,0,0,0,0,0,0,0,3,131,3109,20914,87458,245965,642358,1674155,4124451,9748435,18563174,31032289,44782929,53307073,61520593,77340821,94154946,104119725,98883805,87230269,69499192,51657521,36301840,24361614,14792244,7971600,4127412,2118957,1098309,585586,317837,161240,82548,43108,22973,12468,6900,3872,2201"
un_northern_africa_and_western_asia,2078,"0,0,0,0,0,0,0,0,0,0,0,3,128,2783,19156,81943,233415,602933,1558111,3806348,9073257,17649977,29832975,44192148,53425502,62461896,78221323,94296374,103846737,99271787,87863813,70651659,52583357,37043419,24867039,15113504,8174408,4229585,2170869,1126010,600232,326456,165508,84693,44228,23549,12782,7066,3962,2258"
un_northern_africa_and_western_asia,2079,"0,0,0,0,0,0,0,0,0,0,0,2,122,2794,18603,77967,223046,571885,1471045,3611951,8684292,17162565,29292329,43775862,53136691,61718403,76475531,93321780,104218820,101043984,89726790,72583134,53835208,37804924,25279593,15337271,8294288,4289636,2201329,1139417,605450,329802,167701,86108,45103,24094,13117,7267,4095,2330"
un_northern_africa_and_western_asia,2080,"0,0,0,0,0,0,0,0,0,0,0,3,90,2214,16041,68194,200190,517307,1340359,3319216,8057435,16301905,28108279,43007819,53093407,62589363,77643713,94129014,104691311,101258523,89949793,73139665,54507443,38422041,25767826,15669604,8470433,4386884,2252637,1168060,621067,339468,173147,88703,46365,24715,13428,7429,4178,2378"
un_northern_africa_and_western_asia,2081,"0,0,0,0,0,0,0,0,0,0,0,2,97,1985,14917,65393,195072,511163,1331496,3270274,7897907,15956763,27364837,42033771,52226527,61609458,75930190,93117223,105002841,103135280,91935646,75254753,55982312,39307951,26223770,15912611,8596753,4446178,2280681,1181089,627993,343478,175597,90219,47273,25284,13771,7631,4307,2456"
un_northern_africa_and_western_asia,2082,"0,0,0,0,0,0,0,0,0,0,0,2,96,1536,12833,58511,180543,475748,1240260,3051433,7379459,15247796,26377764,41249042,52191832,61807845,76243253,93008865,104369862,103473543,93126581,76984032,57281411,40132321,26669987,16141379,8713267,4498982,2304389,1188924,631922,345707,177025,91118,47844,25641,13978,7778,4388,2505"
un_northern_africa_and_western_asia,2083,"0,0,0,0,0,0,0,0,0,0,0,1,87,1323,11735,54645,172741,455980,1179242,2893596,6940657,14553999,25297294,39981062,51430524,61130151,75399189,93064427,105792325,105489880,94530336,78185662,58224025,40788554,27043242,16371584,8838702,4563682,2334641,1200826,637220,348467,178845,92316,48614,26114,14282,7954,4496,2573"
un_northern_africa_and_western_asia,2084,"0,0,0,0,0,0,0,0,0,0,0,1,67,943,9764,46695,153896,418639,1092273,2703880,6492167,13874344,24378429,39091006,51404373,61342726,75815599,93072303,104986880,105181918,94963056,79355194,59448885,41908777,27927435,16976117,9194256,4754541,2436757,1256416,667091,366185,188536,96971,50870,27227,14840,8240,4650,2650"
un_northern_africa_and_western_asia,2085,"0,0,0,0,0,0,0,0,0,0,0,4,73,854,9061,43732,147996,406783,1054286,2584390,6117028,13246050,23444076,37726477,50524748,60349227,74512856,92541571,105492275,107038863,96763170,81217155,60980983,42839149,28424553,17222410,9329460,4827856,2472423,1271628,674409,370302,190954,98407,51731,27744,15151,8414,4756,2713"
un_northern_africa_and_western_asia,2086,"0,0,0,0,0,0,0,0,0,0,0,4,71,734,8399,40826,140090,388776,1004871,2481450,5870120,12882959,23022490,37466010,50607393,60629783,74844310,92769161,105401766,107099536,97312792,82002714,61580829,43232985,28654471,17344902,9393256,4854857,2484561,1277544,677282,371222,190992,98611,51937,27899,15264,8493,4803,2748"
un_northern_africa_and_western_asia,2087,"0,0,0,0,0,0,0,0,0,0,0,3,69,670,7658,38684,137034,384065,994625,2437740,5699480,12489256,22357089,36174634,49486376,59400834,73281174,91871522,105376111,108570962,99232758,84123346,63301942,44304315,29252434,17656836,9556020,4934629,2521790,1293836,685318,375829,193837,100364,53014,28554,15669,8736,4954,2836"
un_northern_africa_and_western_asia,2088,"0,0,0,0,0,0,0,0,0,0,0,3,66,573,6388,33223,120932,342580,887280,2196896,5143660,11517925,21116791,34712354,49037873,59699909,74382030,92675113,105240118,108412707,99781280,85223809,64634728,45240522,29849700,17998731,9728875,5020850,2562027,1308395,690068,378038,195415,101471,53755,29047,15971,8932,5072,2901"
un_northern_africa_and_western_asia,2089,"0,0,0,0,0,0,0,0,0,0,0,2,52,477,5446,29790,110217,314396,811374,2021524,4746215,10788154,20218222,33497164,48532857,59245400,73196919,91972686,105512609,109898481,101295303,86702166,65786001,46147992,30451583,18396919,9945001,5134035,2622104,1341203,708789,388842,201901,104662,55341,29849,16395,9148,5192,2972"
un_northern_africa_and_western_asia,2090,"0,0,0,0,0,0,0,0,0,0,0,2,52,407,4488,25231,95019,276594,719428,1811706,4281852,9901775,19079962,32200665,48088134,59628872,74291924,92798847,105326890,109454489,101646627,87631155,67102007,47045183,31026919,18712276,10109797,5215702,2660066,1356170,714525,392074,203880,105894,56111,30318,16677,9327,5295,3033"
un_northern_africa_and_western_asia,2091,"0,0,0,0,0,0,0,0,0,0,0,7,65,367,3755,21776,84199,249559,650554,1644587,3889451,9081077,17921207,30589044,46768114,58771080,73331597,92462801,105889955,111346298,103412152,89113147,68259679,48003014,31689572,19111387,10364944,5348156,2725262,1388270,730080,401174,208804,108542,57557,31126,17139,9588,5445,3125"
un_northern_africa_and_western_asia,2092,"0,0,0,0,0,0,0,0,0,0,0,7,65,354,3312,19338,73920,221427,578676,1469986,3509865,8302166,16834360,29276618,45998632,59026089,74351176,93555931,106261923,111224465,103924488,89810712,69242644,48587727,32068117,19311339,10460519,5396531,2749248,1398570,734393,403258,210075,109334,58041,31411,17325,9691,5506,3170"
un_northern_africa_and_western_asia,2093,"0,0,0,0,0,0,0,0,0,0,0,6,62,313,2799,17009,63647,192742,509516,1307381,3162051,7552329,15710239,27709577,44461380,58126333,73189985,92721402,106220950,112214095,105878251,91942488,71317838,49889013,32824713,19699067,10658288,5491481,2791967,1418758,743203,408224,213073,111159,59153,32094,17726,9944,5667,3253"
un_northern_africa_and_western_asia,2094,"0,0,0,0,0,0,0,0,0,0,0,6,51,295,2835,16857,61872,186338,494489,1276700,3106483,7451100,15512450,27550348,44473510,58388582,73670243,92953376,106041831,111695169,105497448,91885142,71665225,50404224,33270322,20038043,10847761,5591181,2845483,1445500,755776,414918,216454,112821,59986,32512,17937,10058,5732,3292"
un_northern_africa_and_western_asia,2095,"0,0,0,0,0,0,0,0,0,0,0,4,50,261,2308,15078,55206,168408,447661,1155463,2837188,6833679,14524380,26098170,42891619,57392060,72400299,91818296,105692131,112292752,107243819,93877996,73822174,51908338,34232878,20578672,11132500,5735708,2914679,1476713,769087,421952,220684,115406,61560,33469,18518,10408,5935,3421"
un_northern_africa_and_western_asia,2096,"0,0,0,0,0,0,0,0,0,0,0,5,51,240,1975,13823,50670,154568,407033,1045869,2604593,6308550,13757148,25086268,41849380,57302234,72731031,92875669,106775873,113075486,107841633,94212756,74069543,52091795,34373712,20654320,11183024,5762393,2927838,1482274,770615,422633,221208,115802,61839,33652,18639,10481,5984,3452"
un_northern_africa_and_western_asia,2097,"0,0,0,0,0,0,0,0,0,0,0,5,51,224,1663,12117,44011,136974,368943,953344,2385685,5778155,12873604,23867695,40517947,57073190,72874367,93360145,106919254,112422711,108289651,95357727,75585276,53134907,35017860,20996259,11344931,5836492,2959321,1495272,775033,425138,222758,116776,62440,34028,18876,10629,6066,3502"
un_northern_africa_and_western_asia,2098,"0,0,0,0,0,0,0,0,0,0,0,4,48,213,1440,10581,38671,122491,336025,873059,2192623,5294544,12011156,22524280,38564702,55684592,71528176,92445783,107319874,113787787,110272840,96915195,77186568,54256318,35714203,21363616,11538827,5937613,3010042,1517828,783984,429855,225694,118594,63567,34708,19285,10878,6225,3595"
un_northern_africa_and_western_asia,2099,"0,0,0,0,0,0,0,0,0,0,0,4,49,205,1296,9123,33371,108853,318682,843817,2094733,4957562,11345561,21598772,37258090,55174635,71406046,93081964,108129244,114103462,110771402,97632969,77874229,54741376,36010212,21533561,11631019,5979938,3025192,1523640,786487,431014,226537,119213,63977,34973,19455,10980,6294,3635"
un_northern_africa_and_western_asia,2100,"0,0,0,0,0,0,0,0,0,0,0,3,39,181,1144,7766,28441,94219,286157,772841,1930720,4549424,10541252,20384679,35372047,53554945,69817562,91688213,108044813,114877808,112161559,98922229,79626485,56369386,37236756,22345606,12114524,6242642,3166020,1597831,822974,450945,237965,124867,66837,36442,20231,11398,6511,3753"
un_oceania_exc_australia_and_new_zealand,1800,"0,0,0,0,0,0,51,948,4529,12931,31323,66719,109013,141990,152078,143003,117040,88915,64977,46849,34122,23837,15623,9553,5529,3079,1682,908,479,240,105,41,20,10,1,0,0,0,0,0,0,0,0,0,0,0,0,0,0,0"
un_oceania_exc_australia_and_new_zealand,1801,"0,0,0,0,0,0,51,948,4529,12931,31323,66719,109018,142003,152100,143034,117077,88952,65007,46869,34133,23843,15629,9551,5529,3080,1682,908,479,240,105,41,20,10,1,0,0,0,0,0,0,0,0,0,0,0,0,0,0,0"
un_oceania_exc_australia_and_new_zealand,1802,"0,0,0,0,0,0,51,948,4529,12931,31326,66720,109022,142014,152122,143068,117116,88987,65035,46888,34146,23851,15629,9552,5532,3080,1682,908,479,240,105,41,20,10,1,0,0,0,0,0,0,0,0,0,0,0,0,0,0,0"
un_oceania_exc_australia_and_new_zealand,1803,"0,0,0,0,0,0,51,948,4529,12931,31327,66723,109028,142025,152143,143100,117155,89022,65064,46910,34155,23856,15636,9553,5533,3079,1682,908,479,240,105,41,20,10,1,0,0,0,0,0,0,0,0,0,0,0,0,0,0,0"
un_oceania_exc_australia_and_new_zealand,1804,"0,0,0,0,0,0,51,948,4529,12931,31327,66725,109031,142037,152167,143133,117195,89062,65086,46928,34163,23862,15637,9556,5534,3080,1682,908,479,240,105,41,20,10,1,0,0,0,0,0,0,0,0,0,0,0,0,0,0,0"
un_oceania_exc_australia_and_new_zealand,1805,"0,0,0,0,0,0,51,948,4529,12931,31327,66725,109038,142048,152185,143166,117232,89098,65118,46944,34174,23867,15639,9558,5536,3080,1682,908,479,240,105,41,20,10,1,0,0,0,0,0,0,0,0,0,0,0,0,0,0,0"
un_oceania_exc_australia_and_new_zealand,1806,"0,0,0,0,0,0,51,948,4529,12931,31327,66727,109042,142058,152210,143201,117270,89136,65149,46962,34187,23875,15644,9558,5536,3079,1682,908,479,240,105,41,20,10,1,0,0,0,0,0,0,0,0,0,0,0,0,0,0,0"
un_oceania_exc_australia_and_new_zealand,1807,"0,0,0,0,0,0,51,948,4529,12931,31327,66732,109046,142071,152232,143234,117309,89171,65176,46981,34195,23878,15648,9558,5537,3079,1682,908,479,240,105,41,20,10,1,0,0,0,0,0,0,0,0,0,0,0,0,0,0,0"
un_oceania_exc_australia_and_new_zealand,1808,"0,0,0,0,0,0,51,948,4529,12931,31327,66732,109051,142081,152256,143267,117347,89208,65207,47001,34209,23884,15652,9562,5538,3078,1682,908,479,240,105,41,20,10,1,0,0,0,0,0,0,0,0,0,0,0,0,0,0,0"
un_oceania_exc_australia_and_new_zealand,1809,"0,0,0,0,0,0,51,948,4529,12931,31327,66734,109055,142094,152277,143300,117384,89243,65233,47020,34221,23892,15651,9563,5537,3078,1682,908,479,240,105,41,20,10,1,0,0,0,0,0,0,0,0,0,0,0,0,0,0,0"
un_oceania_exc_australia_and_new_zealand,1810,"0,0,0,0,0,0,51,948,4529,12931,31327,66735,109061,142105,152300,143333,117423,89281,65262,47038,34230,23895,15651,9564,5539,3079,1682,908,479,240,105,41,20,10,1,0,0,0,0,0,0,0,0,0,0,0,0,0,0,0"
un_oceania_exc_australia_and_new_zealand,1811,"0,0,0,0,0,0,51,948,4529,12931,31327,66737,109065,142116,152323,143365,117461,89319,65291,47059,34240,23902,15652,9567,5540,3082,1682,908,480,240,105,41,20,10,1,0,0,0,0,0,0,0,0,0,0,0,0,0,0,0"
un_oceania_exc_australia_and_new_zealand,1812,"0,0,0,0,0,0,51,948,4529,12931,31327,66739,109069,142127,152345,143399,117500,89355,65321,47077,34247,23906,15657,9571,5540,3083,1684,908,480,240,105,41,20,10,1,0,0,0,0,0,0,0,0,0,0,0,0,0,0,0"
un_oceania_exc_australia_and_new_zealand,1813,"0,0,0,0,0,0,51,948,4529,12931,31330,66740,109075,142139,152368,143433,117539,89391,65350,47097,34261,23911,15658,9571,5541,3084,1684,908,480,240,105,41,20,10,1,0,0,0,0,0,0,0,0,0,0,0,0,0,0,0"
un_oceania_exc_australia_and_new_zealand,1814,"0,0,0,0,0,0,51,948,4529,12931,31330,66743,109081,142151,152389,143466,117579,89431,65378,47115,34274,23918,15664,9573,5543,3085,1684,909,480,240,105,41,20,10,1,0,0,0,0,0,0,0,0,0,0,0,0,0,0,0"
un_oceania_exc_australia_and_new_zealand,1815,"0,0,0,0,0,0,51,948,4529,12931,31331,66746,109084,142161,152413,143502,117619,89467,65407,47134,34286,23922,15665,9577,5543,3084,1684,910,481,240,105,41,20,10,1,0,0,0,0,0,0,0,0,0,0,0,0,0,0,0"
un_oceania_exc_australia_and_new_zealand,1816,"0,0,0,0,0,0,51,948,4529,12931,31331,66747,109089,142170,152435,143536,117652,89489,65429,47159,34314,23936,15668,9572,5544,3084,1683,908,481,239,105,41,20,10,1,0,0,0,0,0,0,0,0,0,0,0,0,0,0,0"
un_oceania_exc_australia_and_new_zealand,1817,"0,0,0,0,0,0,51,948,4529,12931,31332,66748,109096,142183,152459,143567,117692,89524,65460,47180,34327,23940,15672,9572,5546,3085,1684,908,481,239,105,41,20,10,1,0,0,0,0,0,0,0,0,0,0,0,0,0,0,0"
un_oceania_exc_australia_and_new_zealand,1818,"0,0,0,0,0,0,51,948,4529,12931,31332,66752,109099,142195,152481,143599,117732,89562,65490,47199,34335,23949,15676,9574,5547,3085,1684,908,481,239,105,41,20,10,1,0,0,0,0,0,0,0,0,0,0,0,0,0,0,0"
un_oceania_exc_australia_and_new_zealand,1819,"0,0,0,0,0,0,52,948,4531,12936,31340,66765,109131,142236,152542,143672,117805,89629,65535,47246,34353,23960,15688,9581,5551,3086,1686,909,481,239,105,41,20,10,1,0,0,0,0,0,0,0,0,0,0,0,0,0,0,0"
un_oceania_exc_australia_and_new_zealand,1820,"0,0,0,0,0,0,52,948,4534,12942,31354,66797,109175,142302,152631,143788,117911,89717,65609,47292,34384,23980,15698,9588,5553,3087,1687,909,481,240,106,41,20,10,1,0,0,0,0,0,0,0,0,0,0,0,0,0,0,0"
un_oceania_exc_australia_and_new_zealand,1821,"0,0,0,0,0,0,52,950,4536,12942,31333,66712,108980,141836,151999,143295,117920,90098,66281,47950,34877,24297,15875,9684,5619,3134,1709,918,487,242,107,42,20,10,1,0,0,0,0,0,0,0,0,0,0,0,0,0,0,0"
un_oceania_exc_australia_and_new_zealand,1822,"0,0,0,0,0,0,53,950,4540,12956,31357,66773,109066,141963,152143,143417,117972,90062,66180,47854,34929,24442,16073,9883,5749,3211,1751,947,502,250,112,43,22,10,2,0,0,0,0,0,0,0,0,0,0,0,0,0,0,0"
un_oceania_exc_australia_and_new_zealand,1823,"0,0,0,0,0,0,51,940,4511,12877,31243,66692,109007,141927,152171,143696,118400,90445,66497,48098,35078,24535,16124,9912,5764,3217,1755,949,503,252,112,44,22,10,2,0,0,0,0,0,0,0,0,0,0,0,0,0,0,0"
un_oceania_exc_australia_and_new_zealand,1824,"0,0,0,0,0,0,51,942,4516,12891,31281,66763,109118,142079,152374,143919,118614,90630,66646,48200,35145,24578,16153,9930,5777,3224,1757,952,504,253,112,44,22,10,2,0,0,0,0,0,0,0,0,0,0,0,0,0,0,0"
un_oceania_exc_australia_and_new_zealand,1825,"0,0,0,0,0,0,36,770,4020,11870,28938,63007,105652,140836,153468,146807,121917,93218,68490,49217,35706,24946,16403,10056,5833,3254,1770,958,509,255,114,44,22,10,2,0,0,0,0,0,0,0,0,0,0,0,0,0,0,0"
un_oceania_exc_australia_and_new_zealand,1826,"0,0,0,0,0,0,36,771,4022,11869,28946,63023,105685,140925,153596,146970,122121,93433,68702,49400,35829,25036,16466,10094,5861,3273,1781,965,512,257,115,44,22,10,2,0,0,0,0,0,0,0,0,0,0,0,0,0,0,0"
un_oceania_exc_australia_and_new_zealand,1827,"0,0,0,0,0,0,36,771,4025,11885,28981,63085,105794,141081,153798,147196,122332,93620,68844,49501,35902,25088,16502,10115,5871,3282,1787,969,512,258,116,44,22,10,2,0,0,0,0,0,0,0,0,0,0,0,0,0,0,0"
un_oceania_exc_australia_and_new_zealand,1828,"0,0,0,0,0,0,36,773,4026,11899,29015,63144,105880,141195,153928,147337,122470,93726,68921,49586,36038,25241,16627,10221,5948,3325,1812,984,517,266,120,46,22,10,2,0,0,0,0,0,0,0,0,0,0,0,0,0,0,0"
un_oceania_exc_australia_and_new_zealand,1829,"0,0,0,0,0,0,36,774,4032,11909,29006,63109,105776,140854,153426,146953,122544,94135,69593,50233,36524,25574,16802,10325,6014,3366,1834,991,520,266,121,46,22,10,2,0,0,0,0,0,0,0,0,0,0,0,0,0,0,0"
un_oceania_exc_australia_and_new_zealand,1830,"0,0,0,0,0,0,36,775,4036,11919,29043,63181,105884,141012,153609,147128,122657,94153,69529,50153,36574,25720,17010,10525,6146,3450,1881,1020,538,275,125,48,23,11,3,0,0,0,0,0,0,0,0,0,0,0,0,0,0,0"
un_oceania_exc_australia_and_new_zealand,1831,"0,0,0,0,0,0,36,775,4043,11934,29081,63256,106006,141175,153811,147345,122854,94315,69671,50273,36693,25800,17060,10547,6155,3455,1880,1017,539,274,124,47,23,11,3,0,0,0,0,0,0,0,0,0,0,0,0,0,0,0"
un_oceania_exc_australia_and_new_zealand,1832,"0,0,0,0,0,0,34,770,4010,11852,28957,63157,105925,141122,153811,147601,123277,94704,70013,50557,36893,25948,17143,10586,6175,3464,1881,1021,536,275,123,46,23,11,3,0,0,0,0,0,0,0,0,0,0,0,0,0,0,0"
un_oceania_exc_australia_and_new_zealand,1833,"0,0,0,0,0,0,23,623,3554,10892,26794,59468,102359,139564,154752,150352,126627,97399,71950,51658,37482,26331,17403,10725,6240,3494,1896,1029,540,277,124,47,23,11,3,0,0,0,0,0,0,0,0,0,0,0,0,0,0,0"
un_oceania_exc_australia_and_new_zealand,1834,"0,0,0,0,0,0,23,624,3554,10897,26800,59483,102394,139650,154876,150508,126833,97636,72180,51855,37640,26443,17485,10775,6273,3510,1904,1037,542,280,124,46,23,11,3,0,0,0,0,0,0,0,0,0,0,0,0,0,0,0"
un_oceania_exc_australia_and_new_zealand,1835,"0,0,0,0,0,0,23,626,3560,10909,26837,59551,102507,139814,155081,150735,127046,97808,72323,51978,37739,26511,17525,10803,6284,3515,1905,1037,541,282,124,45,23,11,3,0,0,0,0,0,0,0,0,0,0,0,0,0,0,0"
un_oceania_exc_australia_and_new_zealand,1836,"0,0,0,0,0,0,23,627,3564,10922,26868,59620,102610,139962,155271,150948,127253,97972,72433,52027,37791,26594,17620,10886,6349,3561,1929,1047,549,283,126,46,23,11,3,0,0,0,0,0,0,0,0,0,0,0,0,0,0,0"
un_oceania_exc_australia_and_new_zealand,1837,"0,0,0,0,0,0,23,627,3569,10931,26866,59589,102524,139661,154777,150542,127294,98371,73108,52703,38305,26943,17807,10988,6418,3608,1954,1059,554,285,127,47,23,11,3,0,0,0,0,0,0,0,0,0,0,0,0,0,0,0"
un_oceania_exc_australia_and_new_zealand,1838,"0,0,0,0,0,0,23,627,3575,10948,26900,59662,102636,139825,154972,150744,127425,98408,73060,52621,38354,27080,18004,11197,6567,3693,2002,1090,572,294,132,49,24,12,4,0,0,0,0,0,0,0,0,0,0,0,0,0,0,0"
un_oceania_exc_australia_and_new_zealand,1839,"0,0,0,0,0,0,22,621,3549,10875,26771,59559,102561,139761,154960,150994,127874,98829,73413,52908,38524,27188,18073,11231,6588,3702,2009,1094,574,295,132,49,24,12,4,0,0,0,0,0,0,0,0,0,0,0,0,0,0,0"
un_oceania_exc_australia_and_new_zealand,1840,"0,0,0,0,0,0,23,622,3549,10878,26799,59622,102664,139909,155153,151210,128095,99018,73561,53015,38594,27233,18097,11250,6596,3705,2013,1096,576,296,133,49,24,12,4,0,0,0,0,0,0,0,0,0,0,0,0,0,0,0"
un_oceania_exc_australia_and_new_zealand,1841,"0,0,0,0,0,0,23,623,3551,10893,26833,59688,102776,140070,155343,151407,128266,99154,73677,53112,38676,27297,18137,11270,6604,3711,2013,1092,575,296,132,47,24,12,4,0,0,0,0,0,0,0,0,0,0,0,0,0,0,0"
un_oceania_exc_australia_and_new_zealand,1842,"0,0,0,0,0,0,16,499,3129,9980,24808,56030,99037,138093,156002,153864,131562,101917,75729,54339,39354,27736,18450,11455,6687,3757,2043,1106,585,301,135,49,24,12,4,0,0,0,0,0,0,0,0,0,0,0,0,0,0,0"
un_oceania_exc_australia_and_new_zealand,1843,"0,0,0,0,0,0,16,499,3134,9993,24838,56099,99143,138242,156177,154055,131727,102044,75826,54408,39404,27773,18475,11468,6694,3763,2040,1112,586,301,135,51,24,12,4,0,0,0,0,0,0,0,0,0,0,0,0,0,0,0"
un_oceania_exc_australia_and_new_zealand,1844,"0,0,0,0,0,0,16,499,3137,10003,24873,56161,99247,138378,156323,154186,131808,102053,75789,54403,39510,27948,18607,11563,6773,3798,2052,1117,584,303,134,51,23,12,4,0,0,0,0,0,0,0,0,0,0,0,0,0,0,0"
un_oceania_exc_australia_and_new_zealand,1845,"0,0,0,0,0,0,16,500,3141,10018,24902,56226,99357,138530,156507,154378,131974,102183,75886,54477,39558,27979,18634,11576,6781,3804,2056,1118,585,303,134,51,23,12,4,0,0,0,0,0,0,0,0,0,0,0,0,0,0,0"
un_oceania_exc_australia_and_new_zealand,1846,"0,0,0,0,0,0,16,501,3144,10023,24906,56203,99271,138242,155973,153868,131786,102318,76258,54901,39997,28412,18988,11877,6981,3937,2130,1155,608,315,140,54,24,13,5,0,0,0,0,0,0,0,0,0,0,0,0,0,0,0"
un_oceania_exc_australia_and_new_zealand,1847,"0,0,0,0,0,0,15,495,3123,9955,24771,56088,99177,138153,155900,154036,132166,102652,76535,55157,40219,28586,19107,11927,6996,3938,2129,1147,604,309,139,53,24,13,5,0,0,0,0,0,0,0,0,0,0,0,0,0,0,0"
un_oceania_exc_australia_and_new_zealand,1848,"0,0,0,0,0,0,14,494,3120,9963,24795,56149,99275,138299,156079,154226,132350,102802,76651,55240,40277,28622,19129,11944,7007,3940,2130,1150,607,311,140,53,24,13,5,0,0,0,0,0,0,0,0,0,0,0,0,0,0,0"
un_oceania_exc_australia_and_new_zealand,1849,"0,0,0,0,0,0,15,494,3122,9971,24826,56212,99386,138454,156269,154431,132523,102938,76747,55306,40316,28645,19147,11959,7013,3945,2132,1151,607,311,141,53,24,13,5,0,0,0,0,0,0,0,0,0,0,0,0,0,0,0"
un_oceania_exc_australia_and_new_zealand,1850,"0,0,0,0,0,0,10,390,2740,9121,22958,52663,95570,136172,156743,156697,135823,105782,78856,56601,41017,29082,19460,12139,7102,3989,2153,1165,615,315,142,56,24,13,5,0,0,0,0,0,0,0,0,0,0,0,0,0,0,0"
un_oceania_exc_australia_and_new_zealand,1851,"0,0,0,0,0,0,10,392,2745,9147,23027,52802,95821,136525,157150,157103,136169,106036,79028,56715,41077,29128,19483,12142,7106,3993,2152,1167,616,314,142,57,24,12,5,0,0,0,0,0,0,0,0,0,0,0,0,0,0,0"
un_oceania_exc_australia_and_new_zealand,1852,"0,0,0,0,0,0,10,392,2753,9169,23087,52947,96070,136867,157531,157468,136458,106225,79133,56745,41142,29229,19565,12213,7167,4023,2175,1178,620,317,143,57,24,12,4,0,0,0,0,0,0,0,0,0,0,0,0,0,0,0"
un_oceania_exc_australia_and_new_zealand,1853,"0,0,0,0,0,0,10,393,2761,9196,23157,53091,96320,137218,157938,157866,136788,106456,79292,56850,41204,29255,19576,12214,7159,4024,2174,1176,619,317,143,57,24,12,4,0,0,0,0,0,0,0,0,0,0,0,0,0,0,0"
un_oceania_exc_australia_and_new_zealand,1854,"0,0,0,0,0,0,1,308,2622,9102,23068,53597,96011,132411,155915,160785,140207,107843,79621,57007,41450,29559,19752,12432,7374,4168,2249,1213,638,329,148,57,24,13,5,0,0,0,0,0,0,0,0,0,0,0,0,0,0,0"
un_oceania_exc_australia_and_new_zealand,1855,"0,0,0,0,0,0,26,625,4624,15408,32879,57745,95785,129480,153324,156050,133979,102810,77246,57325,42216,29724,20125,13188,8103,4641,2503,1342,705,370,172,69,29,13,5,0,0,0,0,0,0,0,0,0,0,0,0,0,0,0"
un_oceania_exc_australia_and_new_zealand,1856,"0,0,0,0,0,0,30,670,4806,16127,35236,61845,99514,130632,151995,151001,129624,101769,77660,57846,42841,30055,20242,13242,8131,4657,2509,1342,704,364,174,70,30,12,5,0,0,0,0,0,0,0,0,0,0,0,0,0,0,0"
un_oceania_exc_australia_and_new_zealand,1857,"0,0,0,0,0,0,44,795,5222,17150,37555,65357,101713,131071,149692,147449,127375,101170,77696,58050,43084,30278,20449,13391,8230,4720,2542,1361,717,373,176,73,31,12,4,0,0,0,0,0,0,0,0,0,0,0,0,0,0,0"
un_oceania_exc_australia_and_new_zealand,1858,"0,0,0,0,0,0,24,576,4468,15784,36329,63135,98553,129910,150361,149580,129596,103205,79412,59186,44050,31052,20974,13677,8366,4810,2596,1385,729,384,180,77,32,12,4,0,0,0,0,0,0,0,0,0,0,0,0,0,0,0"
un_oceania_exc_australia_and_new_zealand,1859,"0,0,0,0,0,0,15,310,3044,12173,31244,59692,96260,132609,153760,154234,136866,106924,80005,59195,43333,30371,20347,13083,7842,4520,2486,1337,708,386,199,98,47,22,4,0,0,0,0,0,0,0,0,0,0,0,0,0,0,0"
un_oceania_exc_australia_and_new_zealand,1860,"0,0,0,0,0,1,44,496,3042,11067,28232,56469,94547,134054,156997,157749,140063,108939,80613,58785,42679,29927,19947,12773,7632,4405,2462,1354,731,403,211,108,53,25,5,0,0,0,0,0,0,0,0,0,0,0,0,0,0,0"
un_oceania_exc_australia_and_new_zealand,1861,"0,0,0,0,0,28,149,782,3711,12455,30411,59273,97502,135376,155824,154624,137389,107572,80158,58627,42655,29884,19889,12733,7643,4413,2473,1376,743,410,217,108,54,25,5,0,0,0,0,0,0,0,0,0,0,0,0,0,0,0"
un_oceania_exc_australia_and_new_zealand,1862,"0,0,0,0,0,36,164,686,3098,11433,30797,61926,97382,129604,148623,150319,137306,110786,84999,63654,46415,31756,20195,12726,7662,4421,2456,1340,719,386,199,93,45,21,5,0,0,0,0,0,0,0,0,0,0,0,0,0,0,0"
un_oceania_exc_australia_and_new_zealand,1863,"0,0,0,0,2,58,302,1280,4097,11780,28696,55758,87286,120173,147732,159491,146960,118386,89148,64926,46428,31349,19775,12295,7329,4144,2231,1197,624,320,148,58,23,13,5,0,0,0,0,0,0,0,0,0,0,0,0,0,0,0"
un_oceania_exc_australia_and_new_zealand,1864,"0,0,0,0,2,50,228,1512,6472,18833,40372,65700,90511,114197,134677,144836,136996,114311,90424,67890,49356,34017,21964,13859,8435,4859,2627,1377,694,332,145,58,23,13,5,0,0,0,0,0,0,0,0,0,0,0,0,0,0,0"
un_oceania_exc_australia_and_new_zealand,1865,"0,0,0,0,9,54,333,2143,8458,22323,44129,68674,92284,114277,130373,137168,130591,112333,91384,69715,50942,35303,22900,14534,8890,5125,2771,1458,737,358,163,68,24,12,5,0,0,0,0,0,0,0,0,0,0,0,0,0,0,0"
un_oceania_exc_australia_and_new_zealand,1866,"0,0,0,0,8,72,519,2660,9454,23422,44763,68145,92013,115906,131964,136952,128960,110620,90250,69047,50613,35605,23679,15148,9273,5359,2901,1537,783,388,179,75,32,15,4,0,0,0,0,0,0,0,0,0,0,0,0,0,0,0"
un_oceania_exc_australia_and_new_zealand,1867,"0,0,7,105,349,915,2475,6686,16069,32020,53899,74170,95578,117449,130611,132198,120377,101877,83347,64524,47740,34163,23347,15058,9175,5286,2856,1508,757,371,168,67,24,12,4,0,0,0,0,0,0,0,0,0,0,0,0,0,0,0"
un_oceania_exc_australia_and_new_zealand,1868,"0,0,37,289,879,2255,5678,13141,25723,42730,63876,81446,98911,116522,125712,125097,112342,93754,77064,59869,44411,31832,21807,14030,8496,4865,2615,1378,698,347,157,57,22,12,4,0,0,0,0,0,0,0,0,0,0,0,0,0,0,0"
un_oceania_exc_australia_and_new_zealand,1869,"0,0,38,313,942,2421,6087,14016,26852,42875,62405,80076,99315,120172,128841,126988,113992,93257,76403,58457,42899,30769,21022,13372,7977,4505,2395,1264,652,334,160,65,22,11,4,0,0,0,0,0,0,0,0,0,0,0,0,0,0,0"
un_oceania_exc_australia_and_new_zealand,1870,"0,0,39,313,945,2427,6095,14050,27029,43359,63290,81027,99681,119865,127493,125686,113571,93410,77054,59202,43513,31268,21352,13531,8063,4556,2424,1273,658,334,162,67,22,11,4,0,0,0,0,0,0,0,0,0,0,0,0,0,0,0"
un_oceania_exc_australia_and_new_zealand,1871,"0,0,39,313,946,2430,6107,14071,27059,43371,63246,80982,99694,119891,127528,125882,114051,93895,77366,59402,43670,31457,21561,13739,8228,4655,2483,1308,680,344,169,71,22,12,5,0,0,0,0,0,0,0,0,0,0,0,0,0,0,0"
un_oceania_exc_australia_and_new_zealand,1872,"0,0,38,312,936,2420,6087,14018,26961,43251,63150,81033,99905,120160,127854,126326,114549,94298,77673,59704,43927,31621,21639,13775,8238,4659,2479,1300,672,341,167,68,22,11,4,0,0,0,0,0,0,0,0,0,0,0,0,0,0,0"
un_oceania_exc_australia_and_new_zealand,1873,"0,0,38,306,934,2409,6063,13970,26867,43133,63065,81084,100113,120425,128183,126765,115042,94736,78046,60078,44192,31723,21666,13772,8225,4655,2475,1299,671,342,166,67,21,11,4,0,0,0,0,0,0,0,0,0,0,0,0,0,0,0"
un_oceania_exc_australia_and_new_zealand,1874,"0,0,25,265,838,2186,5520,12905,25323,41308,61221,79777,98741,120077,129293,129045,117786,96860,79540,61419,45111,32230,21995,13977,8320,4687,2493,1304,668,336,161,69,21,10,3,0,0,0,0,0,0,0,0,0,0,0,0,0,0,0"
un_oceania_exc_australia_and_new_zealand,1875,"0,0,25,264,832,2174,5500,12867,25206,41037,60760,79335,98723,120342,130016,129835,118355,97393,79949,61846,45435,32389,22057,14018,8348,4700,2499,1309,673,337,163,67,20,10,3,0,0,0,0,0,0,0,0,0,0,0,0,0,0,0"
un_oceania_exc_australia_and_new_zealand,1876,"0,0,25,261,826,2164,5476,12801,24970,40520,59956,78524,98579,120904,131481,131456,119289,98016,80155,62042,45581,32389,22000,13991,8334,4690,2487,1304,667,336,163,66,19,10,2,0,0,0,0,0,0,0,0,0,0,0,0,0,0,0"
un_oceania_exc_australia_and_new_zealand,1877,"0,0,22,241,767,2015,5122,12145,24590,42228,64649,83150,99468,115174,124530,126347,116027,98478,81419,64339,48148,34441,23576,15230,9296,5354,2883,1511,749,359,163,60,19,10,1,0,0,0,0,0,0,0,0,0,0,0,0,0,0,0"
un_oceania_exc_australia_and_new_zealand,1878,"0,0,4,101,361,983,2658,6989,16192,31782,53707,74762,96306,117704,131179,134776,124810,106511,87635,69029,51375,36511,24843,15970,9730,5596,3018,1577,785,373,172,69,20,10,1,0,0,0,0,0,0,0,0,0,0,0,0,0,0,0"
un_oceania_exc_australia_and_new_zealand,1879,"0,0,0,0,15,107,499,2191,8019,21290,42303,65846,92802,121067,139191,144257,134377,114465,93354,72649,53593,37965,25784,16579,10109,5801,3138,1639,822,398,185,78,27,10,1,0,0,0,0,0,0,0,0,0,0,0,0,0,0,0"
un_oceania_exc_australia_and_new_zealand,1880,"0,0,0,0,16,125,633,2674,8972,22219,43243,67618,92717,117458,134419,141190,135081,116938,95862,74622,55006,38611,25649,16371,10022,5774,3126,1637,826,403,187,79,28,12,1,0,0,0,0,0,0,0,0,0,0,0,0,0,0,0"
un_oceania_exc_australia_and_new_zealand,1881,"0,0,0,0,16,124,566,2368,8044,20545,41513,67069,92297,115505,132830,141483,137263,119945,98493,76977,56768,39431,25554,16086,9825,5656,3067,1595,801,387,175,72,24,10,0,0,0,0,0,0,0,0,0,0,0,0,0,0,0,0"
un_oceania_exc_australia_and_new_zealand,1882,"0,0,0,0,12,107,428,1789,6669,18290,38612,64309,90347,114462,133410,143891,140813,123146,100700,78565,57844,40108,25931,16248,9872,5684,3071,1598,797,382,172,69,19,10,0,0,0,0,0,0,0,0,0,0,0,0,0,0,0,0"
un_oceania_exc_australia_and_new_zealand,1883,"0,0,0,0,15,123,479,1927,7039,19104,39679,65169,90553,113569,132581,144074,141528,123499,100741,78589,57823,40030,25882,16220,9849,5659,3063,1595,791,377,168,69,18,10,0,0,0,0,0,0,0,0,0,0,0,0,0,0,0,0"
un_oceania_exc_australia_and_new_zealand,1884,"0,0,0,0,15,141,496,1708,6031,16960,37049,63101,89919,114959,135891,149037,145638,125221,100438,77760,57118,39411,25389,15860,9604,5501,2971,1537,753,352,154,57,17,8,0,0,0,0,0,0,0,0,0,0,0,0,0,0,0,0"
un_oceania_exc_australia_and_new_zealand,1885,"0,0,0,0,12,130,484,1549,4876,13416,31178,57314,86742,115632,141161,157446,153833,130250,101726,77137,55949,38252,24349,15041,9008,5096,2738,1421,698,330,149,57,16,8,0,0,0,0,0,0,0,0,0,0,0,0,0,0,0,0"
un_oceania_exc_australia_and_new_zealand,1886,"0,0,0,0,12,137,534,1676,4645,11791,27268,52592,83753,115695,144905,163173,158407,133655,102932,77461,55770,37733,23719,14505,8592,4817,2579,1338,669,324,146,58,16,8,0,0,0,0,0,0,0,0,0,0,0,0,0,0,0,0"
un_oceania_exc_australia_and_new_zealand,1887,"0,0,0,0,12,139,552,1726,4525,11012,25394,50313,82689,116604,147599,166509,160836,134800,102792,77023,55391,37460,23561,14442,8573,4798,2561,1335,673,324,150,61,17,8,0,0,0,0,0,0,0,0,0,0,0,0,0,0,0,0"
un_oceania_exc_australia_and_new_zealand,1888,"0,0,0,0,13,147,555,1683,4434,11198,26640,53007,85799,118564,147108,164153,158828,133170,102015,76847,55640,37770,23851,14659,8693,4854,2596,1354,682,330,155,61,16,8,0,0,0,0,0,0,0,0,0,0,0,0,0,0,0,0"
un_oceania_exc_australia_and_new_zealand,1889,"0,0,0,0,15,152,570,1657,4354,11638,28804,57614,91173,121769,145660,159016,153942,130215,100998,77039,56335,38403,24358,15009,8897,4969,2663,1393,704,342,162,65,16,7,0,0,0,0,0,0,0,0,0,0,0,0,0,0,0,0"
un_oceania_exc_australia_and_new_zealand,1890,"0,0,0,0,10,137,529,1565,4146,11094,27657,56357,90428,121170,144883,158433,154409,131837,102859,78641,57708,39413,24950,15312,9057,5051,2709,1421,722,354,169,69,16,7,0,0,0,0,0,0,0,0,0,0,0,0,0,0,0,0"
un_oceania_exc_australia_and_new_zealand,1891,"0,0,0,0,10,143,549,1607,4192,11152,27885,56818,91102,121649,144866,158058,154061,131708,103008,79072,58244,39853,25230,15477,9157,5101,2744,1438,733,359,174,70,17,6,0,0,0,0,0,0,0,0,0,0,0,0,0,0,0,0"
un_oceania_exc_australia_and_new_zealand,1892,"0,0,0,0,11,150,571,1657,4283,11290,28071,57031,91369,121952,145119,158316,154375,132019,103293,79396,58500,39974,25279,15501,9161,5098,2742,1438,729,358,173,70,17,5,0,0,0,0,0,0,0,0,0,0,0,0,0,0,0,0"
un_oceania_exc_australia_and_new_zealand,1893,"0,0,0,0,11,155,592,1685,4294,11234,27942,56841,90869,121612,145315,159228,155709,133085,103723,79652,58661,40067,25407,15592,9211,5120,2747,1436,722,357,170,67,17,5,0,0,0,0,0,0,0,0,0,0,0,0,0,0,0,0"
un_oceania_exc_australia_and_new_zealand,1894,"0,0,0,0,14,161,614,1776,4452,10999,26495,53461,87019,119604,146649,163550,160370,136366,105206,80132,58565,39816,25115,15350,9052,5013,2685,1399,698,339,162,61,16,5,0,0,0,0,0,0,0,0,0,0,0,0,0,0,0,0"
un_oceania_exc_australia_and_new_zealand,1895,"0,0,0,0,14,168,638,1884,4738,11191,25655,50828,83648,117010,146426,165569,163103,139029,107182,81587,59405,40227,25309,15483,9162,5090,2727,1420,711,340,161,66,17,5,0,0,0,0,0,0,0,0,0,0,0,0,0,0,0,0"
un_oceania_exc_australia_and_new_zealand,1896,"0,0,0,0,14,175,668,1965,4890,11315,25461,50069,82595,116137,146493,166640,164233,140367,108316,82476,59894,40380,25320,15442,9109,5056,2710,1407,703,338,158,67,17,5,0,0,0,0,0,0,0,0,0,0,0,0,0,0,0,0"
un_oceania_exc_australia_and_new_zealand,1897,"0,0,0,0,15,184,692,2006,5174,12407,27839,53143,84760,116407,144130,163107,161680,139157,108432,83275,60759,41066,25872,15835,9378,5228,2813,1451,720,342,159,66,17,4,0,0,0,0,0,0,0,0,0,0,0,0,0,0,0,0"
un_oceania_exc_australia_and_new_zealand,1898,"0,0,0,0,16,191,699,2004,5425,13526,30477,56674,87548,117535,142291,159520,158611,136930,107795,83605,61427,41760,26521,16322,9714,5437,2932,1514,744,351,160,66,17,4,0,0,0,0,0,0,0,0,0,0,0,0,0,0,0,0"
un_oceania_exc_australia_and_new_zealand,1899,"0,0,0,0,11,165,624,1821,5287,13928,31747,58115,87591,115619,138408,155040,156121,137523,109853,86330,64169,43972,28086,17335,10344,5834,3163,1639,800,374,166,67,18,4,0,0,0,0,0,0,0,0,0,0,0,0,0,0,0,0"
un_oceania_exc_australia_and_new_zealand,1900,"0,0,0,0,15,186,687,2021,5899,15419,33939,60196,89125,116305,137794,153112,153723,135928,109532,86829,64865,44490,28474,17632,10565,5979,3248,1684,824,384,172,69,18,4,0,0,0,0,0,0,0,0,0,0,0,0,0,0,0,0"
un_oceania_exc_australia_and_new_zealand,1901,"0,0,0,0,15,185,701,2131,6307,16237,35025,61159,89427,115656,136779,151972,153192,136221,110459,87893,65757,45149,28980,17996,10815,6125,3330,1732,844,396,181,73,18,4,0,0,0,0,0,0,0,0,0,0,0,0,0,0,0,0"
un_oceania_exc_australia_and_new_zealand,1902,"0,0,0,0,15,193,717,2250,6707,17084,36063,62117,90471,116451,136419,150023,151472,135805,111163,89024,66929,46047,29628,18431,11070,6264,3404,1767,861,406,184,79,18,4,0,0,0,0,0,0,0,0,0,0,0,0,0,0,0,0"
un_oceania_exc_australia_and_new_zealand,1903,"0,0,0,0,15,192,717,2233,6588,16706,35437,61566,90391,117117,137121,150241,151501,136308,112144,90292,68116,47028,30381,18975,11449,6499,3534,1842,905,423,197,86,20,5,0,0,0,0,0,0,0,0,0,0,0,0,0,0,0,0"
un_oceania_exc_australia_and_new_zealand,1904,"0,0,0,0,15,198,773,2442,6992,17174,35950,62197,91152,118014,137586,150102,151176,136289,112496,90895,68769,47551,30754,19217,11594,6582,3590,1875,924,438,205,90,26,5,0,0,0,0,0,0,0,0,0,0,0,0,0,0,0,0"
un_oceania_exc_australia_and_new_zealand,1905,"0,0,0,0,15,204,801,2524,7173,17436,36210,62431,91298,118089,137832,150657,151831,137086,113271,91732,69548,48054,31051,19401,11699,6635,3616,1894,927,438,208,92,27,5,0,0,0,0,0,0,0,0,0,0,0,0,0,0,0,0"
un_oceania_exc_australia_and_new_zealand,1906,"0,0,0,0,15,213,855,2717,7676,18409,37378,63128,91743,119688,139801,151860,151873,136295,112465,91083,69111,47874,31324,19782,11950,6765,3688,1928,947,452,215,97,30,5,0,0,0,0,0,0,0,0,0,0,0,0,0,0,0,0"
un_oceania_exc_australia_and_new_zealand,1907,"0,0,0,0,9,185,810,2690,7697,18463,36939,61769,89809,119436,141386,153615,153143,137501,113023,91442,69862,48699,32247,20607,12482,7064,3861,2021,1008,488,234,109,34,10,0,0,0,0,0,0,0,0,0,0,0,0,0,0,0,0"
un_oceania_exc_australia_and_new_zealand,1908,"0,0,0,0,10,187,760,2358,6678,16736,35187,60257,89467,120907,144067,156749,155311,138690,113858,92356,70663,49200,32567,20761,12509,7035,3829,2003,984,470,224,100,31,5,0,0,0,0,0,0,0,0,0,0,0,0,0,0,0,0"
un_oceania_exc_australia_and_new_zealand,1909,"0,0,0,0,28,244,890,2650,7185,17299,35631,60581,89422,120630,143533,155815,154360,137985,113251,92000,70592,49264,32699,20900,12617,7103,3864,2027,996,471,225,101,30,5,0,0,0,0,0,0,0,0,0,0,0,0,0,0,0,0"
un_oceania_exc_australia_and_new_zealand,1910,"0,0,0,53,240,819,2309,5948,13352,25971,45178,68545,93158,117855,135198,145744,145045,130169,107752,88619,68734,48122,31982,20506,12408,6983,3803,1999,976,458,220,97,25,5,0,0,0,0,0,0,0,0,0,0,0,0,0,0,0,0"
un_oceania_exc_australia_and_new_zealand,1911,"0,0,2,78,335,1062,2912,7285,15605,28763,47762,70064,92667,114795,129926,139700,139341,125887,105038,87102,67988,47853,31950,20573,12497,7057,3846,2015,992,463,221,98,27,6,0,0,0,0,0,0,0,0,0,0,0,0,0,0,0,0"
un_oceania_exc_australia_and_new_zealand,1912,"0,0,2,79,337,1063,2915,7254,15332,27441,44619,65818,88909,112845,129087,138865,138324,124507,103542,85744,66680,46837,31219,20025,12079,6757,3652,1908,939,443,218,98,28,5,0,0,0,0,0,0,0,0,0,0,0,0,0,0,0,0"
un_oceania_exc_australia_and_new_zealand,1913,"0,0,1,74,315,1001,2757,6862,14462,25663,41480,61588,84561,109492,126295,136169,136099,122675,102101,84608,65627,46094,30716,19639,11773,6536,3509,1831,897,429,215,97,25,5,0,0,0,0,0,0,0,0,0,0,0,0,0,0,0,0"
un_oceania_exc_australia_and_new_zealand,1914,"0,0,0,56,259,851,2369,5978,12861,23228,37876,57064,79009,103158,120573,131191,133181,122341,102777,85692,67288,47640,31638,20201,12127,6711,3601,1873,922,441,219,98,28,5,0,0,0,0,0,0,0,0,0,0,0,0,0,0,0,0"
un_oceania_exc_australia_and_new_zealand,1915,"0,0,0,53,242,802,2243,5668,12220,22164,36318,54893,75944,98974,115407,125813,128702,119223,101283,85126,67314,48109,32234,20721,12538,7001,3772,1967,966,459,227,103,32,6,0,0,0,0,0,0,0,0,0,0,0,0,0,0,0,0"
un_oceania_exc_australia_and_new_zealand,1916,"0,0,0,50,227,758,2122,5363,11564,20974,34406,52085,72310,94576,110685,121389,125462,117106,100409,84937,67531,48532,32514,20902,12661,7074,3810,1991,976,465,231,103,32,6,0,0,0,0,0,0,0,0,0,0,0,0,0,0,0,0"
un_oceania_exc_australia_and_new_zealand,1917,"0,0,0,45,214,715,2008,5088,10971,19919,32740,49719,69254,90763,106274,116937,121669,114354,99097,84402,67590,48973,33049,21376,13040,7350,3963,2078,1019,481,242,111,36,7,0,0,0,0,0,0,0,0,0,0,0,0,0,0,0,0"
un_oceania_exc_australia_and_new_zealand,1918,"0,0,0,44,199,675,1894,4803,10364,18831,31009,47139,65842,86565,101475,112108,117934,111887,98350,84465,68326,49850,33651,21751,13276,7474,4032,2118,1029,486,245,113,38,6,0,0,0,0,0,0,0,0,0,0,0,0,0,0,0,0"
un_oceania_exc_australia_and_new_zealand,1919,"0,0,0,30,165,574,1640,4215,9265,17109,28375,43734,61689,81814,97324,108257,115397,111411,99045,85638,70204,51755,34973,22624,13854,7803,4195,2198,1071,501,252,117,41,6,0,0,0,0,0,0,0,0,0,0,0,0,0,0,0,0"
un_oceania_exc_australia_and_new_zealand,1920,"0,0,0,29,157,551,1579,4069,8937,16497,27416,42330,59900,79662,94858,105561,112779,109339,98141,85561,70755,52606,35835,23295,14334,8135,4394,2308,1136,525,266,122,45,8,0,0,0,0,0,0,0,0,0,0,0,0,0,0,0,0"
un_oceania_exc_australia_and_new_zealand,1921,"0,0,0,29,152,536,1540,3969,8724,16099,26743,41233,58372,77716,92334,102598,110434,107856,97916,86340,72218,54367,37313,24234,14949,8501,4590,2430,1197,557,275,131,47,8,0,0,0,0,0,0,0,0,0,0,0,0,0,0,0,0"
un_oceania_exc_australia_and_new_zealand,1922,"0,0,0,29,148,529,1520,3926,8637,15895,26341,40689,57797,77020,91314,101073,108744,106618,97461,86652,73118,55640,38626,25313,15741,9082,4925,2624,1304,605,299,143,55,11,0,0,0,0,0,0,0,0,0,0,0,0,0,0,0,0"
un_oceania_exc_australia_and_new_zealand,1923,"0,0,0,22,131,465,1375,3589,8057,15057,25097,39173,56113,75296,90385,100015,108240,107586,99006,88626,75693,58347,40748,26657,16602,9594,5188,2778,1381,637,317,156,60,12,0,0,0,0,0,0,0,0,0,0,0,0,0,0,0,0"
un_oceania_exc_australia_and_new_zealand,1924,"0,0,0,20,129,462,1372,3577,8025,14969,24938,38877,55743,74829,89587,98850,107215,107071,99167,89523,77114,60139,42487,28052,17588,10293,5584,3007,1505,696,349,170,68,15,0,0,0,0,0,0,0,0,0,0,0,0,0,0,0,0"
un_oceania_exc_australia_and_new_zealand,1925,"0,0,0,20,124,461,1368,3575,8001,14869,24731,38577,55512,74694,89383,98311,106315,106304,98977,90465,78726,62007,44195,29210,18357,10787,5855,3160,1591,740,371,185,72,17,0,0,0,0,0,0,0,0,0,0,0,0,0,0,0,0"
un_oceania_exc_australia_and_new_zealand,1926,"0,0,0,20,124,458,1368,3574,7969,14690,24299,37892,54947,74412,89269,98009,105785,105977,98984,91218,80178,63968,46078,30505,19207,11351,6169,3345,1692,785,397,204,78,19,0,0,0,0,0,0,0,0,0,0,0,0,0,0,0,0"
un_oceania_exc_australia_and_new_zealand,1927,"0,0,0,20,122,453,1368,3586,7977,14650,24190,37782,54941,74387,88987,97283,104715,105021,98435,91833,81501,65743,47985,32129,20362,12196,6668,3633,1861,870,433,224,88,22,1,0,0,0,0,0,0,0,0,0,0,0,0,0,0,0"
un_oceania_exc_australia_and_new_zealand,1928,"0,0,0,11,100,376,1182,3148,7147,13380,22449,35767,52874,72839,88836,97901,106051,107555,101050,93754,83446,67784,49608,33204,21051,12619,6911,3772,1939,902,454,236,95,24,1,0,0,0,0,0,0,0,0,0,0,0,0,0,0,0"
un_oceania_exc_australia_and_new_zealand,1929,"0,0,0,11,98,378,1191,3166,7182,13421,22504,35892,53110,73129,89009,97688,105539,107402,101155,94918,85201,70003,51872,35150,22395,13575,7478,4084,2127,997,494,259,108,30,2,0,0,0,0,0,0,0,0,0,0,0,0,0,0,0"
un_oceania_exc_australia_and_new_zealand,1930,"0,0,0,11,99,381,1209,3220,7294,13613,22829,36463,54086,74491,90430,98763,106191,107931,101733,96086,87055,72201,53958,36859,23425,14232,7866,4291,2245,1046,520,276,115,31,2,0,0,0,0,0,0,0,0,0,0,0,0,0,0,0"
un_oceania_exc_australia_and_new_zealand,1931,"0,0,0,15,105,410,1285,3384,7673,14582,24766,39305,56466,75271,90020,97564,105583,108955,102704,98906,90364,75326,56549,38937,24641,14976,8269,4494,2346,1087,533,281,119,34,2,0,0,0,0,0,0,0,0,0,0,0,0,0,0,0"
un_oceania_exc_australia_and_new_zealand,1932,"0,0,0,11,93,369,1196,3197,7381,14250,24404,39197,56921,76468,92647,100435,108407,112382,105802,101545,93384,78557,59417,41245,26128,15952,8865,4806,2535,1184,570,305,137,39,3,0,0,0,0,0,0,0,0,0,0,0,0,0,0,0"
un_oceania_exc_australia_and_new_zealand,1933,"0,0,0,11,95,380,1242,3327,7674,14815,25397,40849,59349,79635,96189,103735,111306,115261,108124,104161,96367,81595,61918,43174,27292,16697,9286,5021,2652,1242,597,316,145,41,3,0,0,0,0,0,0,0,0,0,0,0,0,0,0,0"
un_oceania_exc_australia_and_new_zealand,1934,"0,0,0,11,100,394,1294,3461,7984,15400,26433,42567,61896,82981,99999,107519,115048,119035,111123,106737,98823,83708,63831,44912,28516,17525,9840,5323,2841,1350,641,341,161,49,4,0,0,0,0,0,0,0,0,0,0,0,0,0,0,0"
un_oceania_exc_australia_and_new_zealand,1935,"0,0,0,11,102,407,1346,3605,8314,16036,27563,44474,64781,86820,104317,111604,118612,122082,113421,109007,101518,86606,66357,47099,29876,18331,10285,5554,2966,1413,670,356,169,53,5,0,0,0,0,0,0,0,0,0,0,0,0,0,0,0"
un_oceania_exc_australia_and_new_zealand,1936,"0,0,0,11,105,420,1399,3752,8643,16673,28693,46379,67619,90521,108421,115454,121912,125156,115759,111563,104617,89674,69294,49586,31615,19472,11019,5936,3188,1534,718,385,190,60,9,0,0,0,0,0,0,0,0,0,0,0,0,0,0,0"
un_oceania_exc_australia_and_new_zealand,1937,"0,0,0,7,92,377,1308,3564,8347,16361,28399,46420,68458,92494,112347,120019,126487,130533,120820,115255,108721,94086,72951,52363,33524,20657,11690,6293,3368,1623,759,405,195,62,10,0,0,0,0,0,0,0,0,0,0,0,0,0,0,0"
un_oceania_exc_australia_and_new_zealand,1938,"0,0,0,7,94,388,1359,3713,8693,17033,29604,48492,71656,96858,117418,125090,131477,135215,124604,118340,111790,96756,74957,53909,34609,21297,12044,6486,3471,1677,785,416,202,65,10,0,0,0,0,0,0,0,0,0,0,0,0,0,0,0"
un_oceania_exc_australia_and_new_zealand,1939,"0,0,0,8,95,401,1411,3863,9040,17709,30823,50588,74891,101221,122416,129964,135812,139173,127499,120934,114732,99576,77821,56528,36710,22648,12937,6967,3742,1835,844,447,223,76,13,0,0,0,0,0,0,0,0,0,0,0,0,0,0,0"
un_oceania_exc_australia_and_new_zealand,1940,"0,0,0,8,97,411,1468,4022,9412,18430,32131,52852,78416,106015,127899,135244,140478,143079,130264,123290,117881,102750,80868,59127,38772,23858,13654,7370,3952,1938,902,471,232,81,14,0,0,0,0,0,0,0,0,0,0,0,0,0,0,0"
un_oceania_exc_australia_and_new_zealand,1941,"0,0,0,5,85,365,1365,3811,9071,18058,31751,52783,79281,108355,132630,141017,146283,149550,136570,127329,122112,107065,84860,62272,41251,25351,14645,7904,4242,2111,969,499,254,94,19,0,0,0,0,0,0,0,0,0,0,0,0,0,0,0"
un_oceania_exc_australia_and_new_zealand,1942,"0,0,0,5,87,375,1418,3967,9436,18771,33052,55077,82893,113343,138476,146820,151569,154231,140159,130133,125683,110332,88056,64832,43196,26538,15379,8303,4456,2214,1023,528,268,101,20,0,0,0,0,0,0,0,0,0,0,0,0,0,0,0"
un_oceania_exc_australia_and_new_zealand,1943,"0,0,0,5,90,384,1472,4128,9814,19518,34412,57481,86715,118674,144801,153274,157993,160445,145250,133967,129080,113026,90079,66339,44381,27269,15806,8537,4592,2289,1062,545,277,105,21,0,0,0,0,0,0,0,0,0,0,0,0,0,0,0"
un_oceania_exc_australia_and_new_zealand,1944,"0,0,0,3,78,336,1361,3906,9441,19091,33963,57274,87520,121193,149987,159917,164690,167645,152705,138346,133608,117751,94528,69920,47336,29174,17083,9237,4972,2507,1157,588,309,120,28,0,0,0,0,0,0,0,0,0,0,0,0,0,0,0"
un_oceania_exc_australia_and_new_zealand,1945,"0,0,0,3,78,343,1413,4063,9819,19845,35346,59763,91550,126897,156805,166767,171080,173266,157132,141435,137437,121257,97871,72676,49484,30564,17958,9714,5218,2637,1222,619,322,127,28,0,0,0,0,0,0,0,0,0,0,0,0,0,0,0"
un_oceania_exc_australia_and_new_zealand,1946,"0,0,0,3,79,351,1466,4231,10211,20629,36789,62362,95794,132940,164032,174001,177880,179191,161692,144532,141179,124872,101316,75551,51802,32134,18944,10248,5491,2768,1279,639,328,127,26,0,0,0,0,0,0,0,0,0,0,0,0,0,0,0"
un_oceania_exc_australia_and_new_zealand,1947,"0,0,0,2,67,306,1345,3990,9812,20157,36286,62054,96612,135851,170117,182152,186178,187789,170607,149812,145899,130309,106099,79295,54761,34105,20258,10986,5901,2999,1389,683,359,143,31,0,0,0,0,0,0,0,0,0,0,0,0,0,0,0"
un_oceania_exc_australia_and_new_zealand,1948,"0,0,0,2,67,310,1395,4153,10204,20952,37757,64740,101074,142345,178102,190312,194030,194797,176156,153492,149904,134265,109576,82184,56995,35668,21216,11525,6190,3144,1457,723,374,150,36,0,0,0,0,0,0,0,0,0,0,0,0,0,0,0"
un_oceania_exc_australia_and_new_zealand,1949,"0,0,0,2,67,314,1434,4290,10544,21642,39041,67127,105104,148263,185393,197805,201487,202037,182371,158143,154567,138333,112677,84457,58610,36849,21895,11868,6396,3248,1513,749,386,159,39,0,0,0,0,0,0,0,0,0,0,0,0,0,0,0"
un_oceania_exc_australia_and_new_zealand,1950,"0,0,0,1,55,262,1292,3992,9984,20844,37959,65788,104427,149355,189526,204624,208719,209880,191946,164407,159768,144715,118446,89127,62184,39360,23483,12794,6885,3521,1644,807,420,174,47,0,0,0,0,0,0,0,0,0,0,0,0,0,0,0"
un_oceania_exc_australia_and_new_zealand,1951,"0,0,0,1,54,256,1296,4026,10075,21023,38324,66616,106072,152022,192875,208010,212079,212899,194522,166227,162225,148085,121684,92483,65064,41564,24873,13608,7317,3739,1757,860,444,185,50,0,0,0,0,0,0,0,0,0,0,0,0,0,0,0"
un_oceania_exc_australia_and_new_zealand,1952,"0,0,0,0,41,207,1141,3674,9367,19894,36622,64122,103536,150479,193720,211843,216480,218164,202658,172273,166766,154541,127573,97266,68531,44141,26409,14513,7795,3978,1885,927,470,202,56,0,0,0,0,0,0,0,0,0,0,0,0,0,0,0"
un_oceania_exc_australia_and_new_zealand,1953,"0,0,0,0,30,169,997,3353,8714,18847,35053,61783,101176,149123,194748,216324,221644,224155,211511,179268,171407,160674,133401,102437,72536,47148,28334,15723,8443,4343,2061,1010,522,233,67,2,0,0,0,0,0,0,0,0,0,0,0,0,0,0"
un_oceania_exc_australia_and_new_zealand,1954,"0,0,0,0,29,161,1002,3398,8841,19113,35576,62892,103318,152707,199579,221528,226861,229185,215839,182433,174679,165027,137251,106375,75688,49634,29884,16714,8974,4620,2213,1084,558,246,76,5,0,0,0,0,0,0,0,0,0,0,0,0,0,0"
un_oceania_exc_australia_and_new_zealand,1955,"0,0,0,0,22,137,858,3097,8220,18111,34073,60600,100945,151342,200683,226622,232930,236596,226764,192161,181263,171818,143265,110975,79004,52100,31535,17718,9517,4961,2386,1157,600,273,87,7,0,0,0,0,0,0,0,0,0,0,0,0,0,0"
un_oceania_exc_australia_and_new_zealand,1956,"0,0,0,0,16,116,726,2811,7640,17138,32625,58355,98527,149786,201477,231559,238770,243178,236389,201441,187136,179691,151036,117568,83648,55495,33671,19002,10209,5328,2578,1267,645,295,93,12,0,0,0,0,0,0,0,0,0,0,0,0,0,0"
un_oceania_exc_australia_and_new_zealand,1957,"0,0,0,0,15,110,726,2853,7762,17397,33127,59414,100648,153488,206653,237286,244626,249039,241848,206117,191391,185199,155908,122413,87557,58530,35706,20309,10937,5708,2776,1367,694,315,106,16,0,0,0,0,0,0,0,0,0,0,0,0,0,0"
un_oceania_exc_australia_and_new_zealand,1958,"0,0,0,0,11,92,603,2578,7201,16437,31693,57135,98067,151664,207224,242289,250715,255840,251492,215989,197206,192817,164034,129813,93517,63010,38815,22274,12024,6318,3086,1519,770,354,124,21,0,0,0,0,0,0,0,0,0,0,0,0,0,0"
un_oceania_exc_australia_and_new_zealand,1959,"0,0,0,0,8,89,602,2610,7313,16683,32162,58142,100131,155345,212493,248150,256537,261669,256873,220723,201264,198729,170052,135707,98387,66666,41379,23845,12903,6785,3314,1639,832,379,133,23,0,0,0,0,0,0,0,0,0,0,0,0,0,0"
un_oceania_exc_australia_and_new_zealand,1960,"0,0,0,0,4,70,491,2346,6763,15729,30721,55806,97322,153135,212761,253243,263344,269757,268596,234090,210159,207602,178435,142014,102500,69481,43364,24917,13508,7163,3519,1757,892,404,142,25,1,0,0,0,0,0,0,0,0,0,0,0,0,0"
un_oceania_exc_australia_and_new_zealand,1961,"0,0,0,0,1,48,312,1843,5650,13675,27506,50350,89475,144272,206606,255303,269775,277886,282629,254153,222322,218058,190306,151537,108647,73581,46259,26621,14428,7769,3846,1907,972,446,163,29,0,0,0,0,0,0,0,0,0,0,0,0,0,0"
un_oceania_exc_australia_and_new_zealand,1962,"0,0,0,0,0,32,193,1417,4697,11845,24639,45529,81912,135125,199254,255126,276049,285271,293642,273111,234725,227221,202928,162684,116049,78571,49680,28573,15579,8411,4187,2079,1063,484,174,32,1,0,0,0,0,0,0,0,0,0,0,0,0,0"
un_oceania_exc_australia_and_new_zealand,1963,"0,0,0,0,0,19,107,1057,3864,10168,21942,41096,74568,125892,190787,252236,281387,291736,302561,291711,249546,236998,215891,175114,124779,84163,53524,30785,16848,9107,4559,2276,1159,525,186,38,2,0,0,0,0,0,0,0,0,0,0,0,0,0"
un_oceania_exc_australia_and_new_zealand,1964,"0,0,0,0,0,7,68,601,2792,7899,18079,34891,63735,111150,174822,241822,285336,298923,313158,316071,275423,250196,229974,190752,135148,90053,57490,33140,17990,9785,4959,2458,1262,580,213,49,3,0,0,0,0,0,0,0,0,0,0,0,0,0"
un_oceania_exc_australia_and_new_zealand,1965,"0,0,0,0,0,1,42,307,1943,6021,14647,29498,54234,97115,157952,228546,285837,306392,324163,338297,307340,268665,243050,205876,145246,94704,60358,34721,18590,10228,5278,2627,1354,632,236,59,9,0,0,0,0,0,0,0,0,0,0,0,0,0"
un_oceania_exc_australia_and_new_zealand,1966,"0,0,0,0,0,0,26,177,1484,4997,12677,26388,48943,88737,147622,220062,285311,313555,333933,353681,332446,285854,253688,217417,154397,99228,63174,36371,19297,10690,5607,2797,1453,691,262,72,14,1,0,0,0,0,0,0,0,0,0,0,0,0"
un_oceania_exc_australia_and_new_zealand,1967,"0,0,0,0,0,0,20,125,1294,4569,11849,25110,46845,85409,143810,217306,285801,317227,335078,355530,339442,292514,264508,231321,170005,110676,70707,41619,22533,12235,6449,3221,1668,808,315,98,19,4,0,0,0,0,0,0,0,0,0,0,0,0"
un_oceania_exc_australia_and_new_zealand,1968,"0,0,0,0,0,0,13,90,1110,4166,11049,23867,44830,82108,139971,214474,286414,322541,339784,361253,350839,302315,274377,241991,181997,118916,76216,45167,24751,13298,7023,3544,1849,898,353,114,28,6,0,0,0,0,0,0,0,0,0,0,0,0"
un_oceania_exc_australia_and_new_zealand,1969,"0,0,0,0,0,0,4,52,613,3005,8646,19822,38295,70496,124082,197639,276814,329351,349871,374439,377836,330778,287907,256476,197498,127884,80866,48070,26161,13938,7477,3818,2000,974,386,126,35,9,0,0,0,0,0,0,0,0,0,0,0,0"
un_oceania_exc_australia_and_new_zealand,1970,"0,0,0,0,0,0,0,25,222,1806,5985,14938,30545,56623,102871,171137,254404,325842,354644,379943,397748,366086,310333,275232,225609,149836,93785,55992,31043,16367,8639,4425,2331,1140,458,152,42,11,0,0,0,0,0,0,0,0,0,0,0,0"
un_oceania_exc_australia_and_new_zealand,1971,"0,0,0,0,0,0,0,18,158,1580,5508,14061,29232,54415,99491,167496,252773,329114,361447,385964,406082,379185,321206,286370,238603,161100,100628,59333,33421,17741,9106,4640,2428,1180,474,149,41,9,0,0,0,0,0,0,0,0,0,0,0,0"
un_oceania_exc_australia_and_new_zealand,1972,"0,0,0,0,0,0,0,9,76,1302,4949,12951,27537,51377,94683,163199,250713,333201,372501,388379,409630,393092,334566,293248,249291,174151,109783,65845,37256,20011,10380,5333,2848,1391,570,185,61,16,4,0,0,0,0,0,0,0,0,0,0,0"
un_oceania_exc_australia_and_new_zealand,1973,"0,0,0,0,0,0,0,4,43,865,3983,11006,24353,46117,85134,150025,237024,324187,375349,391750,413232,408523,350938,309004,266717,195620,125262,77926,45023,24877,12988,6911,3798,1937,831,290,97,34,11,0,0,0,0,0,0,0,0,0,0,0"
un_oceania_exc_australia_and_new_zealand,1974,"0,0,0,0,0,0,0,2,32,632,3400,9855,22441,43149,79691,141761,228264,318881,376531,399240,421889,424940,370348,323837,277947,204564,132196,82514,51969,29739,15395,8950,5447,2909,1380,575,241,100,34,11,1,0,0,0,0,0,0,0,0,0"
un_oceania_exc_australia_and_new_zealand,1975,"0,0,0,0,0,0,0,3,32,841,4034,11240,24938,47287,87472,154567,245660,336603,389382,408314,429703,426842,368892,324237,276574,200162,129244,80914,51393,30180,15571,9115,5661,3042,1479,637,277,117,43,13,3,0,0,0,0,0,0,0,0,0"
un_oceania_exc_australia_and_new_zealand,1976,"0,0,0,0,0,0,0,3,31,1006,4454,12198,26675,50355,93278,163429,257755,349171,397208,417520,438878,430042,368722,330067,284454,206957,132992,82894,48285,26580,13834,7522,4132,2067,857,319,116,42,13,2,0,0,0,0,0,0,0,0,0,0"
un_oceania_exc_australia_and_new_zealand,1977,"0,0,0,0,0,0,0,2,25,988,4412,12162,26688,50549,93876,164600,260289,354350,403842,426362,449172,440072,376427,337934,293703,214570,138555,86184,49529,27583,14285,7530,4096,1999,819,294,102,36,11,0,0,0,0,0,0,0,0,0,0,0"
un_oceania_exc_australia_and_new_zealand,1978,"0,0,0,0,0,0,0,0,13,620,3487,10250,23449,45254,84258,150772,244358,344148,407122,432182,460634,463330,404163,355383,312441,234337,150184,92359,52847,29290,15110,7897,4329,2143,899,329,107,36,12,1,0,0,0,0,0,0,0,0,0,0"
un_oceania_exc_australia_and_new_zealand,1979,"0,0,0,0,0,0,0,0,5,473,3053,9266,21711,42475,79462,143761,235352,336884,407356,432494,462760,472144,414477,366288,332642,258415,169688,105045,60647,34617,18176,8853,4601,2298,1008,362,102,32,7,0,0,0,0,0,0,0,0,0,0,0"
un_oceania_exc_australia_and_new_zealand,1980,"0,0,0,0,0,0,0,0,1,615,3533,10420,23875,46173,86392,155154,252355,357109,424192,449929,478348,481746,422813,373825,331444,247399,157261,95741,54651,31187,16153,8075,4469,2640,1568,926,546,326,174,95,55,24,2,0,0,0,0,0,0,0"
un_oceania_exc_australia_and_new_zealand,1981,"0,0,0,0,0,0,0,0,0,883,4282,12042,26776,51120,95905,170010,272060,376295,434582,460093,488205,483991,422558,381829,336916,250045,161424,99893,57609,33095,17077,8423,4603,2711,1586,923,543,323,169,93,51,25,1,0,0,0,0,0,0,0"
un_oceania_exc_australia_and_new_zealand,1982,"0,0,0,0,0,0,0,0,0,488,4165,12346,27645,54271,95383,180099,278704,362777,433101,508060,531506,512318,413598,378068,346315,246758,155080,96368,54289,30868,15623,7745,4307,2545,1484,866,508,301,157,86,46,20,0,0,0,0,0,0,0,0"
un_oceania_exc_australia_and_new_zealand,1983,"0,0,0,0,0,0,0,0,0,992,4703,13138,29162,55807,102847,169844,264068,402175,475112,494712,505685,508244,450091,404675,351408,252042,158942,96009,54542,30511,15308,7684,4355,2564,1504,874,519,301,159,90,48,21,2,0,0,0,0,0,0,0"
un_oceania_exc_australia_and_new_zealand,1984,"0,0,0,0,0,0,0,0,0,647,4640,13362,29869,58834,100688,177185,278773,403872,504010,492762,529241,526145,431364,406901,363014,255351,162388,101155,56504,32207,16179,7971,4449,2605,1520,889,521,310,162,88,49,21,0,0,0,0,0,0,0,0"
un_oceania_exc_australia_and_new_zealand,1985,"0,0,0,0,0,0,0,0,0,1090,5049,13952,30695,58455,107960,179033,269554,399160,489037,531839,557849,543649,471702,404127,361322,262446,163572,99357,56447,31354,15634,7860,4474,2627,1541,898,530,310,169,93,49,21,3,0,0,0,0,0,0,0"
un_oceania_exc_australia_and_new_zealand,1986,"0,0,0,0,0,0,0,0,0,1002,4798,13364,29636,57121,106717,185130,295812,411375,494583,536085,556408,541828,460775,422232,378850,273211,173579,106868,60575,34289,17196,8510,4766,2784,1638,955,564,328,180,101,55,25,3,0,0,0,0,0,0,0"
un_oceania_exc_australia_and_new_zealand,1987,"0,0,0,0,0,0,0,0,0,381,3937,12396,28647,57588,100887,188682,300551,385311,509944,585172,590600,580179,463939,434494,384713,267355,167944,103995,57446,31996,15872,8002,4535,2652,1558,906,535,308,169,96,51,21,3,0,0,0,0,0,0,0"
un_oceania_exc_australia_and_new_zealand,1988,"0,0,0,0,0,0,0,0,0,395,4173,13139,30011,59509,103742,194711,311290,408561,494350,581920,610207,595340,484672,429429,394199,278195,172105,105974,59134,32997,16403,8289,4694,2751,1617,947,563,332,180,98,52,23,4,0,0,0,0,0,0,0"
un_oceania_exc_australia_and_new_zealand,1989,"0,0,0,0,0,0,0,0,0,1192,5523,15259,33578,63934,117983,196424,305562,456629,529471,560545,599437,589288,505427,436966,388608,284798,177741,109035,62203,34894,17406,8724,4896,2858,1680,987,581,343,187,104,55,26,4,0,0,0,0,0,0,0"
un_oceania_exc_australia_and_new_zealand,1990,"0,0,0,0,0,0,0,0,36,1757,6717,17532,37334,71491,132883,224889,348039,467245,532671,575186,614694,572909,476755,447969,394459,287888,180764,110685,63254,36143,18103,9028,4970,2905,1712,1000,591,345,192,105,55,28,3,0,0,0,0,0,0,0"
un_oceania_exc_australia_and_new_zealand,1991,"0,0,0,0,0,0,0,0,0,1199,5785,16248,36052,68564,126009,209314,317784,471817,567334,596924,622921,617432,532992,458975,406857,294690,186234,113097,64675,36068,18052,9070,5059,2953,1740,1022,605,353,198,109,57,28,5,0,0,0,0,0,0,0"
un_oceania_exc_australia_and_new_zealand,1992,"0,0,0,0,0,0,0,0,0,236,3658,12477,29595,60920,106163,183023,304753,445043,605266,621415,633248,664153,546506,485034,450716,327884,201485,125526,69911,38841,19800,9858,5437,3173,1874,1105,651,386,214,118,62,32,8,0,0,0,0,0,0,0"
un_oceania_exc_australia_and_new_zealand,1993,"0,0,0,0,0,0,0,0,0,188,2786,10040,24976,50587,96948,176966,294634,432858,547206,637237,697810,687080,625296,508463,450094,362558,229333,135937,77575,42394,21443,10810,5960,3480,2061,1211,719,422,236,137,70,38,15,2,0,0,0,0,0,0"
un_oceania_exc_australia_and_new_zealand,1994,"0,0,0,0,0,0,0,0,0,156,2525,9270,24079,50158,95552,173826,290081,433277,568564,659969,689924,714860,653741,538106,475595,377734,243264,143992,82004,45039,22846,11476,6267,3646,2156,1275,754,445,249,142,72,39,17,3,0,0,0,0,0,0"
un_oceania_exc_australia_and_new_zealand,1995,"0,0,0,0,0,0,0,0,0,0,2586,11017,27805,58715,106410,192765,343406,455942,586572,666807,729066,746200,625278,523997,495368,379452,233424,145396,82424,45196,23503,11647,6297,3663,2159,1279,750,443,250,141,74,38,16,1,0,0,0,0,0,0"
un_oceania_exc_australia_and_new_zealand,1996,"0,0,0,0,0,0,0,0,0,0,2113,10163,26500,56827,103860,185061,338520,459979,594740,706686,769671,767936,658147,534756,507614,393403,246053,152663,86954,47252,24891,12350,6626,3863,2283,1348,796,469,265,148,79,41,18,3,0,0,0,0,0,0"
un_oceania_exc_australia_and_new_zealand,1997,"0,0,0,0,0,0,0,0,0,45,3089,12143,30085,63056,113731,212498,384784,501561,617416,751616,785394,760278,645316,558572,519160,384239,233946,147342,83748,45970,24048,11906,6405,3737,2206,1301,768,452,255,142,76,39,16,2,0,0,0,0,0,0"
un_oceania_exc_australia_and_new_zealand,1998,"0,0,0,0,0,0,0,0,0,275,4243,14380,34096,70108,125788,237083,393091,520383,686066,791476,805416,770042,638828,565719,519852,376848,232832,147496,82910,45892,24078,11842,6375,3712,2192,1291,762,448,255,141,75,38,16,1,0,0,0,0,0,0"
un_oceania_exc_australia_and_new_zealand,1999,"0,0,0,0,0,0,0,0,0,952,5236,15367,36153,71977,133068,231337,369890,551476,702305,755977,800664,811979,702894,607540,534953,391021,252501,155403,89188,50278,26772,13132,6979,4055,2392,1407,831,495,278,155,85,44,21,3,0,0,0,0,0,0"
un_oceania_exc_australia_and_new_zealand,2000,"0,0,0,0,0,0,0,0,0,593,5178,16041,37791,78212,140941,257406,405010,578320,716587,809777,857879,852117,709587,606265,516795,370643,240338,153463,86373,48727,26011,12709,6787,3946,2326,1369,811,479,273,150,81,43,18,1,0,0,0,0,0,0"
un_oceania_exc_australia_and_new_zealand,2001,"0,0,0,0,0,0,0,0,0,1412,6438,18258,42290,83392,155770,265079,408306,604663,744676,821822,840304,851830,753005,647225,530687,383012,250550,155800,89502,50570,27146,13225,7005,4063,2398,1412,836,493,281,154,88,46,19,2,0,0,0,0,0,0"
un_oceania_exc_australia_and_new_zealand,2002,"0,0,0,0,0,0,0,0,0,1616,6774,18951,43953,87068,167315,300562,454528,616138,738880,837629,886543,875423,770412,650385,533274,383906,251042,156850,90833,52063,28206,13789,7266,4212,2487,1467,870,511,290,164,92,49,20,3,0,0,0,0,0,0"
un_oceania_exc_australia_and_new_zealand,2003,"0,0,0,0,0,0,0,0,0,833,5646,16872,40761,86368,160221,296165,450219,596051,766319,901443,942484,920011,781722,676523,565504,388527,251806,160488,90722,51274,27877,13794,7321,4244,2502,1475,875,518,293,165,92,49,20,2,0,0,0,0,0,0"
un_oceania_exc_australia_and_new_zealand,2004,"0,0,0,0,0,0,0,0,0,756,5233,15973,39195,85068,161116,312221,482390,595596,775445,927293,969058,935484,803623,701848,581847,401838,263042,167402,95907,53929,29703,15045,8095,4669,2755,1625,963,569,322,181,101,57,28,3,0,0,0,0,0,0"
un_oceania_exc_australia_and_new_zealand,2005,"0,0,0,0,0,0,0,0,0,539,4230,13665,34903,76738,142414,279161,462404,596049,772198,927720,1012884,1022351,868669,748567,612828,425491,274941,172898,99406,55297,30563,15840,8747,5042,2975,1753,1041,615,356,199,111,64,31,7,0,0,0,0,0,0"
un_oceania_exc_australia_and_new_zealand,2006,"0,0,0,0,0,0,0,0,0,265,3350,11961,32084,74758,146083,263225,419303,581246,783080,939071,1045514,1089902,949618,798373,635089,442201,284715,177486,102848,56354,31136,16607,9406,5417,3204,1893,1117,660,386,214,122,71,37,9,0,0,0,0,0,0"
un_oceania_exc_australia_and_new_zealand,2007,"0,0,0,0,0,0,0,0,0,61,2345,9710,27702,67236,136089,249202,412260,574057,751545,936242,1057886,1149380,1036228,849757,685262,478593,302678,184473,106407,57012,31327,17038,9879,5696,3362,1983,1173,693,404,220,129,80,42,12,0,0,0,0,0,0"
un_oceania_exc_australia_and_new_zealand,2008,"0,0,0,0,0,0,0,0,0,43,2158,9297,27433,68312,141009,260140,425168,564480,744746,969172,1115561,1180353,1071173,884276,704271,482966,308679,188763,108504,57583,31764,17647,10412,6031,3561,2104,1240,735,430,237,137,82,46,14,0,0,0,0,0,0"
un_oceania_exc_australia_and_new_zealand,2009,"0,0,0,0,0,0,0,0,0,0,1087,7337,23879,61899,132746,238586,384224,535359,725062,974217,1150168,1272312,1165743,949664,740656,507260,327091,194569,110309,57786,31620,17663,10356,5983,3537,2093,1235,729,423,238,137,83,45,17,0,0,0,0,0,0"
un_oceania_exc_australia_and_new_zealand,2010,"0,0,0,0,0,0,0,0,0,0,244,4487,17838,50738,113844,203805,332061,490418,715290,1016165,1174098,1284789,1247699,1050923,818338,553065,350190,206979,116408,60756,32626,18091,10383,5968,3535,2095,1239,728,427,238,138,84,45,18,2,0,0,0,0,0"
un_oceania_exc_australia_and_new_zealand,2011,"0,0,0,0,0,0,0,0,0,0,390,5168,19316,53919,121661,228417,378648,506762,717653,1009379,1203492,1350193,1274839,1062694,827683,556284,356740,208700,115340,60367,32973,18110,10129,5810,3444,2046,1212,713,419,236,138,82,43,18,3,0,0,0,0,0"
un_oceania_exc_australia_and_new_zealand,2012,"0,0,0,0,0,0,0,0,0,0,258,4661,18460,52672,118499,212166,345666,509275,742075,1059972,1249666,1378094,1322925,1111428,853811,575768,364568,210294,115462,59927,32298,17623,9654,5553,3301,1962,1162,683,397,224,132,79,39,17,3,0,0,0,0,0"
un_oceania_exc_australia_and_new_zealand,2013,"0,0,0,0,0,0,0,0,0,4,297,4788,18774,53755,122268,225945,376332,534642,751372,1028859,1247305,1426401,1374291,1138329,870492,598752,379653,216669,118405,61497,33435,18202,9797,5596,3323,1976,1171,698,402,227,135,79,39,17,5,0,0,0,0,0"
un_oceania_exc_australia_and_new_zealand,2014,"0,0,0,0,0,0,0,0,0,4,52,2972,13920,42654,103648,195512,327826,509087,731893,1031322,1287094,1419051,1424663,1224172,969947,658821,415668,238479,128580,66187,33933,18599,10145,5860,3492,2082,1230,739,430,243,143,85,43,20,7,0,0,0,0,0"
un_oceania_exc_australia_and_new_zealand,2015,"0,0,0,0,0,0,0,0,0,2,45,2544,12620,39506,98799,190767,321148,503658,728297,1030525,1310957,1474568,1467473,1273997,1012785,690776,431623,247602,131046,67156,33549,18452,10178,5951,3556,2127,1259,756,442,250,149,90,46,20,8,0,0,0,0,0"
un_oceania_exc_australia_and_new_zealand,2016,"0,0,0,0,0,0,0,0,0,2,45,2178,11464,36914,94658,191142,346941,508666,684319,1005161,1304013,1490730,1559642,1355857,1066278,726320,447434,249461,132469,67050,32327,18139,10167,5991,3584,2150,1276,762,447,256,149,92,44,21,11,0,0,0,0,0"
un_oceania_exc_australia_and_new_zealand,2017,"0,0,0,0,0,0,0,0,0,0,30,2037,11379,37212,95873,189005,323107,509475,741271,1055613,1354157,1518887,1559041,1369058,1081395,750012,462286,261139,135491,67241,32288,17614,10020,5935,3544,2128,1261,761,445,253,150,91,42,22,12,1,0,0,0,0"
un_oceania_exc_australia_and_new_zealand,2018,"0,0,0,0,0,0,0,0,0,2,36,2395,12799,40703,102949,207266,375567,558343,750238,1077481,1363299,1557316,1591594,1410250,1100573,732668,440146,251996,132173,62623,29082,16144,9366,5543,3306,1990,1183,710,419,238,138,84,37,21,12,0,0,0,0,0"
un_oceania_exc_australia_and_new_zealand,2019,"0,0,0,0,0,0,0,0,0,1,41,2271,12110,39312,101302,203290,358438,528144,730897,1069936,1406812,1624971,1677400,1440661,1133085,768151,466458,257052,130034,60858,27924,15845,9265,5481,3279,1978,1179,711,422,238,140,78,40,23,13,1,0,0,0,0"
un_oceania_exc_australia_and_new_zealand,2020,"0,0,0,0,0,0,0,0,0,1,40,3179,15204,46518,115141,229595,408692,596562,797349,1099213,1453159,1687245,1726134,1450526,1079873,717764,429155,231307,115456,53490,25008,14400,8451,4997,2989,1806,1078,652,380,215,125,72,37,22,12,0,0,0,0,0"
un_oceania_exc_australia_and_new_zealand,2021,"0,0,0,0,0,0,0,0,0,0,24,3623,16596,50603,123680,240495,412833,600907,844228,1213113,1532365,1694193,1706429,1450132,1091911,708238,419607,223677,110681,50663,23521,13690,8033,4753,2835,1709,1017,618,356,203,116,68,35,21,10,0,0,0,0,0"
un_oceania_exc_australia_and_new_zealand,2022,"0,0,0,0,0,0,0,0,0,0,24,3019,14844,46317,116160,232111,413541,596322,804618,1166006,1504169,1726423,1757388,1520249,1166479,763468,455547,248896,124991,57249,26287,15092,8851,5242,3122,1883,1121,676,394,226,134,74,38,23,13,1,0,0,0,0"
un_oceania_exc_australia_and_new_zealand,2023,"0,0,0,0,0,0,0,0,0,1,41,2647,14222,45196,113637,222281,377844,585159,844690,1239295,1574567,1760408,1749514,1533863,1163081,777276,478982,265058,134071,60805,27060,15299,8948,5291,3156,1899,1127,680,400,228,134,74,38,22,13,1,0,0,0,0"
un_oceania_exc_australia_and_new_zealand,2024,"0,0,0,0,0,0,0,0,0,0,24,2541,13498,43481,111786,226482,411527,605956,814534,1196307,1543870,1739455,1812234,1579932,1236936,831855,503189,280004,142874,66166,29254,16330,9547,5644,3368,2028,1217,730,429,242,144,82,44,23,14,2,0,0,0,0"
un_oceania_exc_australia_and_new_zealand,2025,"0,0,0,0,0,0,0,0,0,0,24,2107,12587,41935,109119,220400,395043,602732,835405,1204348,1533753,1760017,1843778,1631966,1276299,863223,531904,295499,151120,70834,31510,17575,10221,6052,3603,2170,1298,782,463,259,154,89,47,25,15,4,0,0,0,0"
un_oceania_exc_australia_and_new_zealand,2026,"0,0,0,0,0,0,0,0,0,12,85,2060,12206,40665,106674,217790,392797,607093,841238,1210620,1547729,1773958,1860938,1648338,1300890,888055,552395,309052,159596,75343,32786,18026,10586,6323,3790,2280,1365,819,495,274,163,95,50,26,16,4,0,0,0,0"
un_oceania_exc_australia_and_new_zealand,2027,"0,0,0,0,0,0,0,0,0,1,34,1530,10587,36452,98492,206637,377659,597478,831207,1197332,1552014,1787461,1896955,1701496,1356210,938382,588322,331809,172403,82308,35682,19222,11287,6746,4046,2428,1462,877,525,298,174,102,54,28,18,6,0,0,0,0"
un_oceania_exc_australia_and_new_zealand,2028,"0,0,0,0,0,0,0,0,0,1,38,1563,10761,37010,99997,209943,384006,607933,846078,1218165,1576736,1813212,1919845,1717558,1374262,956111,603731,341794,179124,86089,37194,19868,11648,6958,4166,2507,1505,900,543,306,181,105,56,29,18,6,0,0,0,0"
un_oceania_exc_australia_and_new_zealand,2029,"0,0,0,0,0,0,0,0,0,1,36,1224,9521,33736,93196,200536,370561,598783,837167,1203235,1579118,1824850,1951705,1769658,1427401,1006176,639882,365805,192818,93933,40473,21086,12347,7367,4416,2650,1594,954,576,331,191,114,58,31,19,8,0,0,0,0"
un_oceania_exc_australia_and_new_zealand,2030,"0,0,0,0,0,0,0,0,0,2,45,1261,9700,34261,94642,204183,378021,611356,856857,1232654,1615751,1864172,1993069,1811041,1445900,1005853,630951,357507,185731,89648,38968,20595,12109,7241,4347,2613,1571,945,571,326,189,110,59,33,20,8,0,0,0,0"
un_oceania_exc_australia_and_new_zealand,2031,"0,0,0,0,0,0,0,0,0,3,43,1278,9828,34745,95944,206704,382566,619076,866600,1245902,1635013,1887751,2017137,1830798,1469481,1029326,650623,370236,193869,94097,40605,20794,12182,7271,4359,2616,1571,944,568,326,189,111,59,31,19,7,0,0,0,0"
un_oceania_exc_australia_and_new_zealand,2032,"0,0,0,0,0,0,0,0,0,2,41,965,8624,31525,88919,196195,366641,605435,852470,1222018,1630984,1897724,2047576,1887998,1530405,1086490,691506,396955,209080,102624,44416,22094,12918,7699,4613,2768,1666,1001,600,348,200,118,63,33,20,9,0,0,0,0"
un_oceania_exc_australia_and_new_zealand,2033,"0,0,0,0,0,0,0,0,0,1,35,707,7602,28727,82570,186679,352166,592317,841926,1201184,1625603,1905644,2070599,1941292,1588013,1143217,733709,425786,225435,111898,48901,23587,13756,8193,4912,2948,1771,1067,641,375,211,126,70,35,21,12,0,0,0,0"
un_oceania_exc_australia_and_new_zealand,2034,"0,0,0,0,0,0,0,0,0,1,30,498,6576,25925,76091,176467,336750,576686,828531,1177859,1617305,1912630,2093237,1995677,1646631,1202225,777536,456725,243596,122192,54132,25326,14731,8765,5250,3150,1896,1138,688,402,226,137,76,38,23,13,1,0,0,0"
un_oceania_exc_australia_and_new_zealand,2035,"0,0,0,0,0,0,0,0,0,0,25,333,5655,23364,70050,166464,321491,559360,814367,1152488,1603977,1916909,2111636,2049887,1709195,1265342,824986,489427,262348,132565,59419,27114,15679,9324,5587,3354,2017,1213,731,434,240,145,82,42,24,14,3,0,0,0"
un_oceania_exc_australia_and_new_zealand,2036,"0,0,0,0,0,0,0,0,0,0,5,271,5577,23343,70144,166852,323023,563630,822891,1167136,1625653,1945673,2142089,2078297,1734132,1283311,838559,498373,267655,135146,60890,27814,16066,9528,5713,3428,2058,1241,744,441,248,148,84,44,24,15,3,0,0,0"
un_oceania_exc_australia_and_new_zealand,2037,"0,0,0,0,0,0,0,0,0,0,3,151,4729,21036,64716,157102,307170,542546,804826,1140795,1607803,1949897,2161010,2131884,1798525,1346821,887664,533432,288413,146422,66871,29871,17057,10103,6056,3635,2186,1308,790,470,267,156,92,48,26,16,4,0,0,0"
un_oceania_exc_australia_and_new_zealand,2038,"0,0,0,0,0,0,0,0,0,0,1,94,3900,18840,59377,147630,292864,523514,789981,1117993,1590135,1951101,2176224,2181270,1858384,1408291,936908,569593,310685,158676,73482,32315,18175,10748,6436,3860,2327,1392,841,502,285,169,98,52,27,17,5,0,0,0"
un_oceania_exc_australia_and_new_zealand,2039,"0,0,0,0,0,0,0,0,0,0,0,73,3142,16776,54160,137975,278435,503089,773436,1093284,1566592,1949208,2188715,2229748,1922974,1474008,989572,607548,333808,171413,80309,34864,19168,11342,6791,4069,2446,1468,886,533,303,176,103,54,29,18,7,0,0,0"
un_oceania_exc_australia_and_new_zealand,2040,"0,0,0,0,0,0,0,0,0,0,0,55,2543,15026,49710,129565,266397,485055,760072,1074517,1542970,1945119,2196901,2269695,1983211,1535504,1042392,646403,358556,184922,87946,37965,20418,12056,7214,4325,2599,1560,940,566,324,189,111,58,31,20,8,0,0,0"
un_oceania_exc_australia_and_new_zealand,2041,"0,0,0,0,0,0,0,0,0,0,0,46,2014,13347,45511,121340,253931,465327,743125,1052963,1516978,1941199,2209790,2314935,2053038,1598485,1092957,680435,381031,196205,94474,40973,21615,12741,7622,4573,2753,1658,996,599,344,200,118,65,34,21,10,0,0,0"
un_oceania_exc_australia_and_new_zealand,2042,"0,0,0,0,0,0,0,0,0,0,0,41,2016,13467,46061,122771,256212,468906,749171,1060918,1528916,1958874,2231410,2336224,2071680,1622480,1116093,698785,392084,203282,98187,42660,22424,13148,7859,4713,2834,1704,1021,619,357,204,123,67,34,21,10,0,0,0"
un_oceania_exc_australia_and_new_zealand,2043,"0,0,0,0,0,0,0,0,0,0,0,28,1554,11837,41879,114207,243451,448806,730771,1038068,1496387,1948251,2237671,2370996,2134296,1688136,1175744,742259,420915,219276,107157,46705,23912,13991,8352,5008,3009,1808,1086,655,382,220,131,72,36,22,13,1,0,0"
un_oceania_exc_australia_and_new_zealand,2044,"0,0,0,0,0,0,0,0,0,0,0,19,1161,10369,38013,105953,231354,430171,713508,1020470,1468229,1938546,2241516,2393830,2190876,1751086,1235270,786990,451290,236354,116782,51276,25545,14916,8895,5334,3205,1928,1158,701,407,234,141,77,41,23,14,2,0,0"
un_oceania_exc_australia_and_new_zealand,2045,"0,0,0,0,0,0,0,0,0,0,0,13,827,8999,34325,97840,218687,410138,692248,997901,1433495,1923284,2244748,2417280,2250297,1818024,1299122,834464,484016,255098,127264,56496,27354,15930,9484,5681,3415,2058,1232,747,438,249,151,84,44,25,15,3,0,0"
un_oceania_exc_australia_and_new_zealand,2046,"0,0,0,0,0,0,0,0,0,0,0,8,566,7749,30900,90123,206407,391123,671126,977219,1401909,1909638,2251250,2443989,2317661,1887073,1356628,874724,511233,270041,135211,60837,28714,16731,9955,5968,3582,2157,1294,784,464,261,156,90,46,26,16,5,0,0"
un_oceania_exc_australia_and_new_zealand,2047,"0,0,0,0,0,0,0,0,0,0,0,8,372,6630,27717,82761,194248,372296,648175,955591,1367276,1888830,2250325,2459259,2373410,1955451,1423515,925393,546770,291037,146531,66756,30706,17769,10565,6332,3804,2290,1376,829,493,281,167,95,51,27,18,6,0,0"
un_oceania_exc_australia_and_new_zealand,2048,"0,0,0,0,0,0,0,0,0,0,0,5,369,6707,28046,83694,196264,375899,654331,964919,1378869,1903981,2268387,2477343,2388212,1971847,1444364,943349,560638,300157,151875,69431,31790,18264,10828,6487,3893,2346,1410,848,505,288,168,99,52,28,18,6,0,0"
un_oceania_exc_australia_and_new_zealand,2049,"0,0,0,0,0,0,0,0,0,0,0,3,218,5659,24955,76295,183574,356875,630084,943290,1344931,1879543,2264599,2489144,2440744,2039378,1512235,996039,598822,323322,164532,76307,33695,18910,11180,6689,4014,2417,1453,872,523,298,174,102,55,29,18,6,0,0"
un_oceania_exc_australia_and_new_zealand,2050,"0,0,0,0,0,0,0,0,0,0,0,1,135,4674,22291,69824,172090,339218,605122,920272,1310843,1852226,2261106,2505183,2500730,2113839,1576531,1044717,631404,342475,173959,81636,35813,19838,11715,7011,4206,2529,1520,913,550,313,186,107,58,31,19,7,0,0"
un_oceania_exc_australia_and_new_zealand,2051,"0,0,0,0,0,0,0,0,0,0,0,0,102,3807,19816,63514,160645,322752,581963,900347,1278779,1819232,2248424,2507887,2543911,2180105,1646403,1102397,673758,369242,188369,89454,38956,21124,12442,7448,4468,2689,1618,971,586,337,195,115,63,33,20,8,0,0"
un_oceania_exc_australia_and_new_zealand,2052,"0,0,0,0,0,0,0,0,0,0,0,29,216,3466,18617,60039,154037,313633,566179,888007,1257432,1788433,2234417,2503653,2573145,2236861,1707387,1155659,713878,395376,202464,97318,42284,22374,13160,7874,4724,2842,1707,1026,619,357,208,122,68,35,21,11,0,0"
un_oceania_exc_australia_and_new_zealand,2053,"0,0,0,0,0,0,0,0,0,0,0,26,186,2813,16489,54442,142720,296666,540374,863415,1225055,1750232,2222914,2509337,2610429,2301574,1776333,1215574,758287,424517,218316,106046,46164,23789,13958,8342,5006,3007,1809,1089,654,381,222,131,73,37,22,13,1,0"
un_oceania_exc_australia_and_new_zealand,2054,"0,0,0,0,0,0,0,0,0,0,0,21,159,2250,14537,49371,131924,280004,514645,837756,1193696,1710816,2211817,2518604,2649601,2376152,1846393,1271125,796402,449496,231040,113118,49590,24933,14628,8747,5244,3151,1897,1141,687,401,233,137,77,41,24,14,2,0"
un_oceania_exc_australia_and_new_zealand,2055,"0,0,0,0,0,0,0,0,0,0,0,16,136,1772,12825,44865,122058,264625,490192,812305,1163672,1666855,2191243,2517855,2673913,2439497,1918611,1336367,845054,482086,249116,122897,54325,26503,15510,9259,5557,3338,2011,1209,725,424,247,149,82,44,25,15,3,0"
un_oceania_exc_australia_and_new_zealand,2056,"0,0,0,0,0,0,0,0,0,0,0,17,132,1774,12898,45199,122875,265806,492179,815966,1168177,1675170,2203833,2534478,2690856,2451025,1935542,1355961,862926,494291,257304,127337,56354,27390,15975,9516,5704,3427,2063,1237,748,437,251,151,86,45,25,15,3,0"
un_oceania_exc_australia_and_new_zealand,2057,"0,0,0,0,0,0,0,0,0,0,0,13,116,1380,11401,41012,113386,251160,469157,790260,1140673,1632242,2182145,2530972,2709200,2512679,2004864,1420022,911048,528063,276442,137637,61552,29001,16863,10032,6017,3611,2173,1305,789,464,268,158,92,48,26,16,5,0"
un_oceania_exc_australia_and_new_zealand,2058,"0,0,0,0,0,0,0,0,0,0,0,9,101,1037,9912,37051,104377,236459,446083,763426,1112889,1588745,2156682,2528764,2729163,2580043,2079448,1483299,956526,558578,292926,146216,66334,30589,17727,10541,6327,3795,2290,1369,832,491,283,166,96,52,27,17,6,0"
un_oceania_exc_australia_and_new_zealand,2059,"0,0,0,0,0,0,0,0,0,0,0,6,83,745,8520,33253,95591,221636,423037,734591,1083863,1543305,2124264,2519941,2739086,2636974,2153175,1553739,1010821,596689,315658,158185,72562,32742,18785,11143,6685,4017,2426,1451,880,521,301,177,102,56,29,19,7,0"
un_oceania_exc_australia_and_new_zealand,2060,"0,0,0,0,0,0,0,0,0,0,0,4,74,553,7341,29983,87904,208421,402997,707973,1058930,1501478,2089045,2505259,2741734,2686508,2223010,1624069,1066311,636579,340167,171218,79514,35277,19956,11826,7095,4263,2566,1543,932,554,323,188,109,60,32,20,8,0"
un_oceania_exc_australia_and_new_zealand,2061,"0,0,0,0,0,0,0,0,0,0,0,3,62,433,6184,26949,80655,195501,383572,680666,1033908,1464292,2055782,2496911,2750302,2741247,2292699,1685845,1114392,670894,361429,181883,85675,37635,20977,12400,7435,4464,2691,1623,976,582,340,197,114,67,34,21,10,0"
un_oceania_exc_australia_and_new_zealand,2062,"0,0,0,0,0,0,0,0,0,0,0,1,54,357,5135,24199,73827,182926,365371,654141,1011421,1431043,2018638,2481576,2747708,2782559,2361627,1753101,1168203,709968,386201,194827,92618,40281,21986,13000,7788,4683,2820,1699,1021,609,356,206,122,70,35,22,12,0"
un_oceania_exc_australia_and_new_zealand,2063,"0,0,0,0,0,0,0,0,0,0,0,0,46,307,4257,21669,67395,170142,345829,623916,981278,1388934,1971129,2461666,2746274,2822467,2434290,1827116,1229074,754536,415435,210079,100925,43818,23342,13763,8251,4958,2982,1797,1080,645,378,222,129,74,38,23,13,1"
un_oceania_exc_australia_and_new_zealand,2064,"0,0,0,0,0,0,0,0,0,0,0,0,0,104,3712,20411,65010,165837,338764,615997,973810,1382319,1972853,2476868,2772117,2852650,2463813,1852409,1248162,766728,422478,213586,102713,44713,23807,14015,8394,5045,3035,1831,1100,658,386,226,130,76,39,23,13,1"
un_oceania_exc_australia_and_new_zealand,2065,"0,0,0,0,0,0,0,0,0,0,0,0,0,68,2919,17960,58861,153587,319842,585891,943296,1342361,1922301,2454386,2769714,2885335,2533777,1927581,1311007,812643,453047,229939,111565,48655,25190,14807,8857,5327,3200,1934,1160,699,407,239,138,80,42,24,14,3"
un_oceania_exc_australia_and_new_zealand,2066,"0,0,0,0,0,0,0,0,0,0,0,0,0,44,2279,15802,53369,142094,301970,557166,913340,1304237,1867419,2425167,2761626,2909671,2602708,2003845,1377303,862545,486631,248178,121449,53285,26793,15727,9405,5649,3392,2049,1230,741,433,258,149,84,45,25,16,4"
un_oceania_exc_australia_and_new_zealand,2067,"0,0,0,0,0,0,0,0,0,0,0,0,0,30,1708,13666,47806,130037,282701,526671,879527,1266123,1816784,2404444,2766085,2939547,2674716,2076364,1436556,903719,515553,263400,129783,57691,28230,16548,9884,5933,3569,2152,1293,779,456,270,156,90,49,26,17,5"
un_oceania_exc_australia_and_new_zealand,2068,"0,0,0,0,0,0,0,0,0,0,0,0,0,20,1223,11695,42481,118381,264808,499923,850626,1239721,1779172,2385767,2762190,2952530,2729203,2142121,1496295,946744,545922,281206,139572,62878,29854,17474,10418,6256,3765,2270,1364,825,485,284,168,94,53,28,18,6"
un_oceania_exc_australia_and_new_zealand,2069,"0,0,0,0,0,0,0,0,0,0,0,0,0,13,840,9861,37458,106829,245316,469841,815352,1202734,1726237,2356285,2762600,2970268,2792941,2219830,1564680,994404,577001,299479,149315,67988,31431,18278,10873,6518,3909,2349,1409,851,510,299,176,100,57,31,19,7"
un_oceania_exc_australia_and_new_zealand,2070,"0,0,0,0,0,0,0,0,0,0,0,0,0,9,561,8290,32966,96290,227147,441739,779283,1166923,1677301,2322451,2755808,2985558,2860631,2299444,1631712,1040508,607635,316938,158402,73273,33387,19273,11448,6865,4125,2478,1484,897,538,318,186,107,60,33,20,8"
un_oceania_exc_australia_and_new_zealand,2071,"0,0,0,0,0,0,0,0,0,0,0,0,0,6,541,8187,32777,95969,226135,439714,776338,1162331,1674234,2327697,2768353,2999505,2871110,2318729,1653203,1058109,619032,325498,162893,75513,34390,19793,11732,7024,4215,2534,1523,917,552,324,190,109,63,33,20,8"
un_oceania_exc_australia_and_new_zealand,2072,"0,0,0,0,0,0,0,0,0,0,0,0,0,3,350,6957,29288,87496,210864,415453,743132,1129062,1624067,2284742,2753749,3004304,2931003,2395354,1721227,1109678,654155,346361,173574,81671,36713,20879,12351,7401,4435,2666,1603,964,582,342,201,114,68,34,21,11"
un_oceania_exc_australia_and_new_zealand,2073,"0,0,0,0,0,0,0,0,0,0,0,0,0,3,271,5790,25961,79010,194758,389609,705647,1091179,1572337,2238961,2740678,3008037,2979108,2470640,1795220,1167184,692918,371490,186707,88852,39539,22097,13040,7807,4688,2816,1693,1019,614,365,216,121,72,36,22,13"
un_oceania_exc_australia_and_new_zealand,2074,"0,0,0,0,0,0,0,0,0,0,0,0,0,1,224,4699,22931,71202,179462,365382,669288,1055045,1523626,2188595,2721804,3007689,3024686,2544615,1868915,1225802,732958,397801,200528,96538,42830,23485,13827,8279,4966,2991,1792,1079,650,386,229,129,76,40,23,14"
un_oceania_exc_australia_and_new_zealand,2075,"0,0,0,0,0,0,0,0,0,0,0,0,0,23,371,4376,21501,66499,169088,348989,642542,1029947,1488734,2143621,2702806,3003654,3064249,2611317,1929368,1274216,764692,417915,210739,102543,45519,24503,14451,8656,5199,3127,1882,1130,682,405,240,138,80,43,25,15"
un_oceania_exc_australia_and_new_zealand,2076,"0,0,0,0,0,0,0,0,0,0,0,0,0,43,482,3991,19803,61235,156839,327918,607165,989710,1438666,2085426,2675909,2999993,3097231,2684762,2006891,1338172,807455,447227,226288,111093,49585,26066,15343,9186,5520,3315,1999,1199,726,434,254,146,87,46,26,16"
un_oceania_exc_australia_and_new_zealand,2077,"0,0,0,0,0,0,0,0,0,0,0,0,0,32,520,3661,18346,56813,145982,308905,574523,951706,1389353,2024385,2648442,2999897,3131077,2759652,2080043,1398755,847683,474443,240424,119060,53492,26645,15639,9344,5609,3371,2032,1219,737,441,258,147,88,47,26,16"
un_oceania_exc_australia_and_new_zealand,2078,"0,0,0,0,0,0,0,0,0,0,0,0,0,18,485,3249,16696,52030,134479,289234,543648,916916,1344866,1962829,2612634,2990434,3151955,2827941,2158412,1465154,892751,505276,257318,127953,58227,28218,16540,9874,5928,3562,2146,1287,779,464,275,155,92,51,27,17"
un_oceania_exc_australia_and_new_zealand,2079,"0,0,0,0,0,0,0,0,0,0,0,0,0,41,734,3978,18204,54494,137035,289450,538987,904494,1327124,1951303,2616457,3011018,3172464,2848091,2179332,1479135,901043,511395,261517,130301,59836,29133,17046,10162,6097,3660,2205,1323,802,480,284,159,94,53,28,18"
un_oceania_exc_australia_and_new_zealand,2080,"0,0,0,0,0,0,0,0,0,0,0,0,0,24,620,3357,16186,49560,126338,271862,510212,870599,1286007,1889049,2573524,2995111,3183657,2913089,2259635,1550692,950891,542946,278914,139212,64399,30610,17849,10638,6382,3837,2309,1382,839,504,299,169,98,56,31,19"
un_oceania_exc_australia_and_new_zealand,2081,"0,0,0,0,0,0,0,0,0,0,0,0,0,20,736,3607,16103,48144,120653,259608,486337,836846,1241330,1820577,2519411,2970558,3185153,2972801,2341005,1625602,1004219,577808,299844,150257,70397,32921,19047,11341,6804,4090,2463,1480,893,537,318,183,106,61,33,20"
un_oceania_exc_australia_and_new_zealand,2082,"0,0,0,0,0,0,0,0,0,0,0,0,0,6,689,3415,15064,45178,113041,245560,462269,804697,1206802,1768998,2480993,2957044,3189455,3028573,2407996,1686880,1047554,606437,316876,159662,75980,35209,20161,11992,7193,4324,2601,1568,946,569,341,198,111,65,34,21"
un_oceania_exc_australia_and_new_zealand,2083,"0,0,0,0,0,0,0,0,0,0,0,0,0,0,563,2959,13355,41092,103956,229092,435034,765923,1162878,1706922,2430305,2939682,3190761,3083616,2485834,1760687,1104252,642731,339292,171072,82137,37570,21191,12579,7541,4533,2725,1644,991,595,358,209,117,70,35,22"
un_oceania_exc_australia_and_new_zealand,2084,"0,0,0,0,0,0,0,0,0,0,0,0,0,0,446,2618,11738,37287,95331,213310,409190,727482,1120118,1644589,2375415,2922071,3197084,3141177,2564223,1833377,1158245,675613,359261,181369,87917,40078,22231,13181,7908,4751,2857,1726,1041,625,375,220,123,75,38,23"
un_oceania_exc_australia_and_new_zealand,2085,"0,0,0,0,0,0,0,0,0,0,0,0,0,0,495,2898,12575,39114,98279,216861,412175,729880,1119093,1635548,2364228,2913489,3193144,3142912,2580588,1853528,1176386,687339,367792,186070,90216,41237,22881,13548,8120,4878,2932,1775,1063,641,383,224,128,76,40,24"
un_oceania_exc_australia_and_new_zealand,2086,"0,0,0,0,0,0,0,0,0,0,0,0,0,0,384,2582,11072,35612,90368,201995,388107,695226,1083927,1578535,2302784,2886239,3191161,3189858,2653657,1924466,1234120,724183,390849,198194,97079,44318,24141,14265,8553,5142,3087,1870,1119,675,405,236,135,80,43,25"
un_oceania_exc_australia_and_new_zealand,2087,"0,0,0,0,0,0,0,0,0,0,0,0,0,0,309,2362,9863,32470,82973,187407,364249,656761,1042888,1521914,2239694,2856628,3186001,3225950,2726579,1999545,1297969,764915,417597,212372,105013,48129,25689,15150,9081,5455,3282,1982,1191,719,431,253,142,86,46,26"
un_oceania_exc_australia_and_new_zealand,2088,"0,0,0,0,0,0,0,0,0,0,0,0,0,0,257,2238,9118,30423,77735,175838,343778,621135,1002415,1464625,2171085,2824017,3182322,3263313,2799134,2071614,1359606,804235,442453,225497,112374,51887,27117,16009,9602,5778,3473,2103,1264,760,457,273,151,91,50,27"
un_oceania_exc_australia_and_new_zealand,2089,"0,0,0,0,0,0,0,0,0,0,0,0,0,0,182,1964,8043,27625,71603,163548,323796,587621,964617,1412625,2099942,2782318,3168627,3287978,2871651,2150295,1428490,848911,471145,240628,120376,55805,27605,16279,9750,5864,3522,2131,1281,773,463,275,152,92,50,28"
un_oceania_exc_australia_and_new_zealand,2090,"0,0,0,0,0,0,0,0,0,0,0,0,0,0,110,1565,6619,23924,63816,148824,301671,555101,933694,1378479,2049123,2755167,3164092,3309674,2930483,2208932,1481996,884861,495339,253347,127727,59721,29631,17469,10465,6299,3788,2292,1376,830,499,299,167,100,55,31"
un_oceania_exc_australia_and_new_zealand,2091,"0,0,0,0,0,0,0,0,0,0,0,0,0,0,104,1547,6588,23828,63536,147779,298380,548840,924974,1368535,2040645,2753752,3170605,3315108,2941699,2228325,1499495,896936,503543,258479,130044,61045,29571,17307,10361,6227,3739,2261,1357,821,495,293,165,98,56,31"
un_oceania_exc_australia_and_new_zealand,2092,"0,0,0,0,0,0,0,0,0,0,0,0,0,0,61,1323,5725,21332,57841,135911,278735,515642,883738,1317947,1969393,2709115,3160114,3336642,3010816,2302136,1565604,942295,532655,274432,138964,65925,31408,18232,10907,6551,3942,2383,1433,866,521,310,176,105,59,33"
un_oceania_exc_australia_and_new_zealand,2093,"0,0,0,0,0,0,0,0,0,0,0,0,0,0,30,1118,5008,19160,52949,125540,261185,485452,843881,1269349,1896645,2655618,3139523,3344040,3076070,2382529,1638741,993321,564827,292376,148319,70802,33235,19104,11424,6863,4127,2494,1502,906,543,325,185,109,62,34"
un_oceania_exc_australia_and_new_zealand,2094,"0,0,0,0,0,0,0,0,0,0,0,0,0,0,9,938,4397,17221,48556,116174,245038,459325,812064,1234313,1831665,2596184,3110767,3346679,3133746,2453688,1705680,1042784,596690,310868,158570,76682,35744,20262,12110,7276,4373,2644,1594,962,580,345,197,116,67,35"
un_oceania_exc_australia_and_new_zealand,2095,"0,0,0,0,0,0,0,0,0,0,0,0,0,0,1,717,3529,14474,42493,104203,225219,428907,773874,1194854,1769813,2541304,3089385,3351844,3192394,2527422,1774496,1093532,628058,329038,168015,81826,37865,21102,12598,7574,4556,2752,1660,1003,605,361,207,120,72,37"
un_oceania_exc_australia_and_new_zealand,2096,"0,0,0,0,0,0,0,0,0,0,0,0,0,0,1,724,3550,14464,42407,103846,223854,425553,768560,1185913,1756219,2530104,3085300,3353022,3199358,2545067,1792450,1108561,638433,335913,171421,83543,38718,21537,12826,7709,4631,2798,1688,1015,615,367,211,121,74,37"
un_oceania_exc_australia_and_new_zealand,2097,"0,0,0,0,0,0,0,0,0,0,0,0,0,0,0,580,3140,12759,38511,95075,207539,397561,726176,1140409,1691113,2469479,3061318,3357098,3257289,2621591,1861629,1159413,669522,354270,181398,89150,41230,22540,13425,8063,4852,2924,1769,1066,642,386,222,126,77,39"
un_oceania_exc_australia_and_new_zealand,2098,"0,0,0,0,0,0,0,0,0,0,0,0,0,0,0,452,2712,10952,34507,86685,192838,375143,695487,1114657,1646948,2412181,3028278,3340108,3290808,2686754,1923921,1210581,702421,374891,192286,95516,44188,23665,14087,8467,5098,3075,1860,1120,677,406,238,134,80,42"
un_oceania_exc_australia_and_new_zealand,2099,"0,0,0,0,0,0,0,0,0,0,0,0,0,0,0,347,2489,9975,32030,80547,180091,352621,657686,1074348,1589036,2343460,2991001,3331393,3329737,2756109,1992920,1268473,739585,398336,204775,102627,47807,25076,14907,8957,5396,3254,1969,1186,718,431,251,142,87,48"
un_oceania_exc_australia_and_new_zealand,2100,"0,0,0,0,0,0,0,0,0,0,0,0,0,0,0,258,2196,8800,29067,73853,166612,329071,617233,1028486,1526930,2269404,2951331,3321347,3365387,2833707,2069863,1332788,779125,422811,217358,109372,51147,26221,15584,9362,5638,3397,2058,1241,749,452,262,150,90,50"
un_sub_saharan_africa,1800,"4,98,399,1432,4447,11878,29972,77927,205250,520504,1123384,2017458,3334554,5105844,6849265,8102409,8722604,8449123,7268621,5581932,3914183,2576608,1581370,933623,538893,304036,174045,102217,60053,35063,20557,12107,7203,4352,2642,1601,943,553,336,197,118,67,47,40,29,11,10,1,0,0"
un_sub_saharan_africa,1801,"3,98,397,1425,4436,11854,29934,77875,205180,520512,1123713,2018442,3336433,5108783,6853548,8107968,8728777,8454776,7273403,5585853,3917045,2578557,1582734,934540,539480,304405,174269,102356,60145,35112,20592,12119,7207,4353,2645,1602,944,553,336,197,118,67,47,40,29,11,10,1,0,0"
un_sub_saharan_africa,1802,"3,98,396,1424,4425,11833,29894,77821,205142,520624,1124373,2020238,3340304,5115335,6862786,8118657,8739860,8462610,7275806,5584845,3914373,2576622,1581435,933781,538911,304224,174299,102434,60207,35156,20614,12135,7214,4356,2649,1604,944,554,335,197,118,67,47,40,29,11,10,1,0,0"
un_sub_saharan_africa,1803,"3,98,396,1421,4416,11807,29841,77692,204777,519460,1121224,2013765,3332727,5110463,6862043,8125516,8752660,8476811,7288283,5594089,3920509,2580482,1583834,935232,539742,304713,174582,102607,60305,35215,20643,12154,7225,4364,2649,1604,944,554,335,196,118,67,47,40,29,11,10,1,0,0"
un_sub_saharan_africa,1804,"3,97,396,1399,4356,11672,29531,76969,203458,517767,1119496,2012628,3332546,5110769,6865160,8131677,8760948,8485288,7295461,5600399,3925635,2584021,1586251,936887,540842,305366,174954,102823,60437,35300,20685,12177,7236,4371,2652,1604,947,553,335,197,118,66,47,40,29,11,10,1,0,0"
un_sub_saharan_africa,1805,"3,97,394,1396,4345,11649,29477,76873,203167,517110,1118330,2011613,3334267,5116973,6875805,8145685,8777824,8498772,7299809,5598376,3920953,2580615,1584111,935457,539662,304950,174933,102898,60515,35347,20711,12193,7247,4376,2657,1607,947,554,335,197,118,66,47,40,29,11,10,1,0,0"
un_sub_saharan_africa,1806,"3,97,394,1394,4335,11627,29439,76815,203114,517142,1118702,2012692,3336332,5120215,6880551,8151854,8784693,8505116,7305188,5602750,3924122,2582767,1585598,936443,540298,305347,175174,103050,60607,35395,20741,12203,7253,4374,2659,1607,947,554,335,198,118,66,47,40,29,11,10,1,0,0"
un_sub_saharan_africa,1807,"3,96,392,1390,4324,11604,29405,76748,202957,516800,1117999,2011109,3332023,5112130,6870344,8142725,8777729,8506435,7319642,5622953,3944135,2596598,1594919,942437,544302,307268,175975,103408,60787,35494,20792,12229,7269,4386,2662,1607,947,555,335,198,118,66,47,40,29,11,10,1,0,0"
un_sub_saharan_africa,1808,"3,96,392,1386,4314,11582,29371,76727,203079,517529,1120378,2017209,3345605,5135322,6900487,8175030,8806896,8519669,7308558,5600690,3920266,2580112,1584090,935395,539680,305364,175387,103252,60765,35494,20801,12239,7276,4388,2666,1608,948,555,337,197,117,66,47,40,29,11,10,1,0,0"
un_sub_saharan_africa,1809,"3,96,392,1381,4290,11500,29176,76358,202359,516216,1118257,2014840,3344077,5136465,6906302,8187408,8823375,8533418,7315904,5603938,3921111,2580096,1584174,935358,539666,305539,175603,103407,60864,35557,20832,12257,7286,4391,2671,1609,949,555,337,197,117,66,47,40,29,11,10,1,0,0"
un_sub_saharan_africa,1810,"3,96,390,1364,4235,11376,28887,75649,200714,513050,1112905,2005009,3326165,5111767,6883719,8173063,8820514,8546858,7345362,5637885,3950761,2600198,1597228,944109,545145,308028,176643,103890,61109,35696,20906,12302,7305,4405,2674,1611,950,555,336,197,117,66,47,40,29,11,10,1,0,0"
un_sub_saharan_africa,1811,"3,96,388,1360,4226,11357,28865,75735,201257,515024,1117978,2018105,3353594,5155905,6936109,8229493,8861074,8551742,7313828,5592323,3911758,2573025,1580091,932216,538416,305478,175823,103625,61033,35673,20911,12300,7308,4410,2676,1610,951,556,336,197,118,66,47,40,29,11,10,1,0,0"
un_sub_saharan_africa,1812,"3,96,388,1357,4215,11333,28811,75617,200847,513913,1115566,2013606,3347739,5150175,6932961,8230395,8869534,8568049,7333291,5609727,3924467,2581563,1585739,935865,540351,306448,176354,103937,61216,35778,20968,12333,7325,4418,2683,1612,955,557,338,197,120,66,47,40,29,11,10,1,0,0"
un_sub_saharan_africa,1813,"3,96,387,1353,4206,11315,28759,75051,197032,501626,1090231,1972949,3292095,5089197,6903455,8233521,8900970,8622247,7399846,5670416,3965405,2604712,1600555,946423,546268,308484,177059,104184,61109,35514,20719,12144,7191,4323,2618,1572,929,536,327,189,119,66,47,40,29,11,10,1,0,0"
un_sub_saharan_africa,1814,"3,96,386,1350,4195,11290,28725,74980,196807,500991,1088556,1968356,3286205,5086486,6905008,8243214,8918074,8642217,7418760,5685415,3976002,2611702,1604961,949129,547864,309409,177606,104517,61312,35634,20791,12185,7211,4336,2626,1579,932,538,328,189,119,67,47,40,29,11,10,1,0,0"
un_sub_saharan_africa,1815,"3,96,386,1349,4188,11272,28694,74996,197061,502191,1092059,1977322,3305067,5117573,6943943,8286787,8954508,8657475,7407073,5662227,3953988,2596672,1595672,942676,544119,308272,177474,104613,61422,35721,20848,12222,7234,4351,2636,1581,937,544,329,189,119,67,48,40,29,11,10,1,0,0"
un_sub_saharan_africa,1816,"3,95,386,1332,4133,11155,28424,74368,195810,500336,1089984,1975031,3303214,5116178,6946233,8294207,8968489,8677083,7429109,5682394,3969396,2607307,1602394,947090,546775,309681,178239,105056,61696,35873,20938,12266,7260,4366,2647,1589,938,547,329,190,119,67,48,40,29,11,10,1,0,0"
un_sub_saharan_africa,1817,"3,94,386,1331,4122,11134,28391,74294,195651,499968,1089313,1973532,3300013,5111547,6942869,8291864,8971370,8689891,7452849,5710309,3994463,2626650,1615389,955779,551820,312246,179620,105894,62162,36122,21071,12337,7302,4390,2658,1594,943,549,329,191,119,67,48,40,30,11,10,1,0,0"
un_sub_saharan_africa,1818,"3,94,385,1327,4113,11113,28348,74182,195299,498955,1087002,1969063,3293306,5103863,6937732,8291901,8980519,8710914,7484588,5742035,4020675,2644726,1627235,963469,556451,314558,180795,106535,62528,36336,21187,12408,7347,4411,2671,1600,950,551,332,191,118,67,49,40,30,11,10,1,0,0"
un_sub_saharan_africa,1819,"2,90,377,1301,4050,10964,28086,73903,195363,500353,1090618,1977582,3311479,5134656,6976368,8340851,9027766,8745414,7497178,5740545,4015195,2640487,1624543,961232,555196,314653,181339,107046,62901,36558,21318,12486,7395,4445,2692,1614,953,555,334,192,118,68,50,40,30,11,10,1,0,0"
un_sub_saharan_africa,1820,"2,90,377,1306,4053,10972,28154,74123,196088,502623,1096200,1988384,3329699,5161882,7012034,8383357,9071106,8783462,7526853,5762015,4030565,2650860,1631242,965174,557759,316339,182356,107689,63304,36805,21460,12566,7436,4472,2710,1625,961,558,336,194,119,68,51,40,30,11,10,1,0,0"
un_sub_saharan_africa,1821,"2,91,377,1303,4017,10876,27797,72829,192462,495608,1086777,1974382,3308956,5139899,7008260,8405468,9121003,8861944,7620855,5848563,4095798,2694197,1658086,982426,567803,321083,184586,108855,63953,37166,21673,12691,7503,4511,2729,1633,967,560,338,196,122,68,51,40,31,11,10,2,0,0"
un_sub_saharan_africa,1822,"2,91,383,1306,4036,10930,27958,73297,193873,499868,1097041,1993582,3340921,5188031,7071322,8477811,9193793,8924966,7667025,5879397,4114445,2706678,1665813,986604,570195,322754,185726,109611,64427,37462,21830,12789,7565,4546,2753,1651,981,568,341,198,123,68,52,41,31,11,10,2,0,0"
un_sub_saharan_africa,1823,"2,92,389,1316,4058,11002,28149,73817,195243,503808,1106695,2012305,3371646,5234358,7135524,8557146,9279245,9006871,7736117,5931034,4149514,2729277,1679560,994753,574974,325426,187267,110538,64983,37786,22023,12901,7635,4590,2784,1668,987,574,342,200,124,70,52,42,31,11,10,2,0,0"
un_sub_saharan_africa,1824,"2,87,371,1257,3934,10893,28159,74110,196411,507680,1115636,2027176,3398352,5277799,7197248,8635420,9367209,9094877,7812811,5989112,4189346,2755160,1695538,1004281,580352,328401,188980,111569,65602,38159,22240,13026,7704,4638,2805,1683,1002,579,347,202,124,70,52,43,31,12,10,2,0,0"
un_sub_saharan_africa,1825,"3,92,374,1263,3944,10879,27851,72691,191327,493084,1100978,2024498,3410198,5319215,7270733,8727319,9463240,9186491,7900361,6062493,4242367,2791664,1718827,1018099,588661,332873,191329,112911,66399,38617,22507,13188,7804,4686,2838,1707,1011,587,351,207,128,70,53,43,32,12,10,2,0,0"
un_sub_saharan_africa,1826,"3,92,376,1272,3966,10910,27836,72248,189647,490235,1099624,2028300,3424263,5350807,7325271,8812979,9572170,9295829,7995006,6135031,4291373,2823013,1737817,1029003,594888,336386,193335,114121,67117,39043,22761,13342,7895,4733,2873,1729,1024,595,355,213,131,72,53,44,33,12,10,2,0,0"
un_sub_saharan_africa,1827,"3,94,379,1279,3953,10902,27812,72194,189707,491779,1106229,2042890,3451269,5395171,7390696,8899492,9665982,9387843,8077438,6201092,4339757,2856142,1759259,1041918,602601,340794,195785,115584,68001,39553,23058,13515,7999,4808,2915,1752,1043,604,358,218,131,73,54,45,33,12,10,2,0,0"
un_sub_saharan_africa,1828,"3,95,384,1284,3970,10933,27910,72553,191103,496452,1118109,2065112,3487485,5449465,7464013,8986627,9758870,9477791,8157262,6263927,4383729,2885672,1777770,1052863,609080,344452,197859,116833,68756,39990,23321,13674,8092,4876,2946,1774,1058,612,363,218,133,74,54,46,34,12,10,2,0,0"
un_sub_saharan_africa,1829,"3,97,386,1292,4001,11020,28131,73138,192710,501086,1129646,2086861,3522451,5501330,7534469,9074437,9855438,9571929,8238194,6327966,4431686,2918815,1799122,1066620,617315,349126,200593,118379,69656,40528,23630,13849,8200,4933,2987,1800,1072,621,369,221,136,76,55,47,34,12,10,2,0,0"
un_sub_saharan_africa,1830,"3,100,389,1305,4027,11105,28362,73759,194436,506081,1141333,2107293,3556959,5556050,7611501,9168758,9956423,9667552,8322761,6395519,4478459,2951285,1820201,1078675,624458,353316,202992,119856,70551,41048,23924,14032,8311,5002,3030,1822,1087,637,377,230,137,79,55,47,34,12,10,2,0,0"
un_sub_saharan_africa,1831,"3,102,394,1318,4057,11175,28499,73961,194800,508090,1148227,2118455,3562429,5557522,7644698,9231740,10057204,9804197,8460287,6506712,4553891,2999739,1848984,1095227,633641,358540,205971,121684,71646,41676,24291,14232,8428,5076,3077,1853,1104,642,381,231,140,79,56,48,34,12,10,2,0,0"
un_sub_saharan_africa,1832,"3,102,399,1328,4076,11164,28135,72196,188388,489119,1123529,2105023,3565059,5596126,7726859,9350549,10196943,9942307,8577312,6594895,4614342,3038500,1872780,1109126,641616,363002,208546,123226,72562,42215,24587,14422,8538,5135,3115,1881,1116,654,387,232,142,80,57,48,35,13,10,2,0,0"
un_sub_saharan_africa,1833,"3,102,406,1331,4070,11157,28138,72186,188549,490811,1130404,2121905,3598507,5652288,7809719,9460933,10317633,10057316,8672117,6662866,4660917,3068873,1891547,1119940,648138,366899,210850,124638,73449,42728,24900,14593,8655,5207,3156,1903,1127,665,391,241,143,82,58,49,35,13,10,2,0,0"
un_sub_saharan_africa,1834,"3,104,412,1343,4103,11247,28375,72804,190249,495763,1142939,2145892,3638111,5712305,7891821,9560401,10425228,10162169,8765328,6736498,4712611,3103629,1913393,1132852,655787,371267,213336,126142,74356,43248,25215,14778,8756,5275,3198,1929,1143,675,397,244,144,84,59,50,35,13,10,2,0,0"
un_sub_saharan_africa,1835,"3,105,414,1357,4138,11342,28619,73421,191931,500558,1154588,2166926,3673698,5768802,7972043,9663106,10540585,10276632,8864584,6812401,4765225,3138115,1934578,1145451,663210,375508,215795,127626,75233,43779,25521,14959,8868,5343,3238,1957,1158,687,405,246,148,85,61,50,36,13,10,2,0,0"
un_sub_saharan_africa,1836,"4,106,419,1373,4167,11414,28743,73473,191478,499747,1156443,2177598,3697714,5809301,8037025,9757404,10657923,10396647,8978326,6909100,4834659,3185732,1965511,1163393,673801,381525,219086,129559,76397,44458,25912,15195,9009,5429,3290,1984,1179,699,411,255,150,88,63,50,38,13,10,2,0,0"
un_sub_saharan_africa,1837,"4,109,425,1378,4188,11472,28880,73874,192758,503612,1165749,2193136,3725766,5862897,8115144,9860671,10778165,10521439,9089447,6992812,4893611,3224698,1989428,1177449,681896,386146,221830,131208,77382,45037,26256,15398,9139,5497,3334,2016,1197,709,417,258,153,89,63,52,39,14,10,2,0,0"
un_sub_saharan_africa,1838,"4,107,412,1335,4086,11387,28880,73972,193270,506050,1174177,2211947,3759545,5918586,8198413,9971444,10903151,10645984,9197853,7075299,4950596,3262101,2012608,1191109,689900,390743,224469,132809,78354,45597,26590,15597,9252,5580,3384,2043,1212,718,427,260,156,91,64,53,39,14,10,2,0,0"
un_sub_saharan_africa,1839,"4,109,418,1343,4076,11309,28452,72180,187498,489252,1153641,2208330,3778664,5978816,8304130,10109697,11052422,10784933,9314224,7161526,5010034,3300964,2036261,1205033,698163,395472,227197,134457,79337,46179,26923,15798,9372,5651,3431,2071,1226,729,431,265,160,91,64,54,40,14,10,3,0,0"
un_sub_saharan_africa,1840,"5,109,424,1357,4110,11414,28712,72811,189037,493565,1165021,2230206,3814176,6035301,8387885,10217902,11173547,10905664,9423019,7249280,5073364,3344456,2064114,1221918,708091,401043,230388,136408,80501,46837,27309,16014,9503,5724,3478,2096,1246,739,440,268,161,94,65,55,41,14,10,3,0,0"
un_sub_saharan_africa,1841,"5,111,430,1370,4144,11504,28915,73208,189983,496827,1174719,2249251,3848240,6093057,8469326,10330643,11301157,11032919,9534232,7335104,5137564,3389055,2092569,1240108,719234,407592,234369,138758,81914,47679,27770,16283,9665,5815,3540,2132,1268,753,446,272,166,96,65,56,41,15,10,3,0,0"
un_sub_saharan_africa,1842,"4,109,425,1359,4124,11486,29007,73708,191761,502509,1189432,2278618,3897099,6166162,8568416,10449101,11423804,11144483,9633653,7416524,5196416,3429879,2119601,1255706,728742,413220,237529,140669,83061,48328,28165,16517,9804,5905,3589,2168,1288,766,455,278,168,98,67,57,42,15,10,3,0,0"
un_sub_saharan_africa,1843,"4,110,433,1373,4160,11596,29256,74208,192603,503932,1193148,2288312,3919652,6212948,8648198,10564525,11562946,11292737,9765610,7517318,5267917,3476859,2148380,1272876,738801,418896,240832,142671,84246,49021,28562,16760,9948,5990,3645,2199,1307,780,463,281,173,100,68,57,42,15,10,3,0,0"
un_sub_saharan_africa,1844,"4,114,439,1392,4204,11733,29569,74800,193841,507459,1203739,2311005,3953933,6256610,8715787,10657505,11660810,11390986,9874085,7626895,5357310,3548904,2202776,1306030,762537,434856,251036,149024,88303,51508,30038,17601,10415,6251,3811,2311,1378,827,494,301,184,107,72,59,45,17,10,4,0,0"
un_sub_saharan_africa,1845,"4,115,443,1405,4199,11668,29231,73241,188854,492250,1184626,2314261,3986583,6335763,8846684,10820762,11825680,11530025,9986139,7709216,5415589,3588445,2227077,1320087,771620,440369,254269,150972,89481,52203,30438,17835,10561,6335,3866,2342,1399,839,502,305,189,110,73,59,45,19,10,4,0,0"
un_sub_saharan_africa,1846,"4,118,451,1421,4242,11770,29432,73528,189035,492559,1188998,2332175,4025591,6397775,8938381,10947226,11978245,11677287,10110388,7806103,5483507,3632867,2254438,1336075,781360,446207,257674,153014,90720,52938,30873,18093,10700,6432,3910,2375,1422,852,510,309,193,112,74,61,45,19,10,4,0,0"
un_sub_saharan_africa,1847,"4,118,454,1434,4276,11850,29641,74135,190987,498446,1204657,2362464,4075924,6473744,9043789,11074361,12111199,11799377,10220082,7898668,5550899,3679860,2285422,1354503,792690,452905,261431,155255,92050,53709,31319,18359,10862,6539,3982,2410,1446,862,519,317,199,113,76,62,47,19,10,4,0,0"
un_sub_saharan_africa,1848,"4,120,460,1448,4323,11965,29903,74715,192355,502310,1214663,2380652,4106535,6531107,9131380,11195911,12259018,11954723,10360160,8006942,5626081,3729085,2316256,1372649,803070,458717,264775,157253,93258,54413,31737,18595,11000,6618,4027,2441,1465,875,527,320,201,117,76,63,49,19,10,4,0,0"
un_sub_saharan_africa,1849,"5,121,467,1464,4361,12065,30084,74935,192645,503504,1219323,2391255,4128476,6575683,9202689,11294662,12381324,12095401,10496244,8116713,5704742,3782433,2349663,1392812,814447,464931,268319,159362,94519,55141,32148,18847,11151,6709,4083,2478,1483,886,533,325,204,118,77,64,49,20,13,5,0,0"
un_sub_saharan_africa,1850,"5,123,472,1479,4401,12165,30298,75362,193487,505320,1223802,2400084,4144576,6606871,9257485,11379629,12490395,12221222,10618038,8217972,5778930,3832697,2382142,1412359,825911,471557,272080,161613,95905,56007,32663,19135,11314,6810,4151,2516,1508,900,542,330,208,118,78,65,50,22,15,5,0,0"
un_sub_saharan_africa,1851,"5,124,474,1490,4394,12154,30198,74766,191210,499763,1214673,2381124,4112957,6569963,9233381,11378161,12535545,12325886,10751654,8344042,5867905,3892320,2419625,1436547,838130,476826,274396,162735,96503,56306,32827,19224,11366,6843,4164,2524,1516,901,544,331,209,118,78,65,50,22,15,5,0,0"
un_sub_saharan_africa,1852,"5,122,468,1452,4310,12003,29849,73157,185709,481031,1179957,2352277,4091951,6573068,9275152,11446217,12618125,12406399,10823928,8400593,5907419,3917645,2434825,1445813,843340,479447,275691,163408,96854,56496,32930,19285,11395,6858,4169,2527,1514,902,544,331,209,119,78,65,50,22,15,5,0,0"
un_sub_saharan_africa,1853,"5,123,471,1463,4337,12088,30024,73452,186007,480562,1175992,2336800,4045444,6488414,9194985,11379985,12598729,12459994,10936721,8529451,6013298,3992423,2483500,1476800,861288,488184,279693,165388,97860,57023,33205,19430,11479,6911,4199,2546,1525,907,548,334,210,120,80,65,50,22,15,5,0,0"
un_sub_saharan_africa,1854,"5,123,476,1472,4367,12167,30204,73845,186727,481459,1176405,2335871,4044018,6495014,9213863,11414666,12643988,12512242,10980826,8559516,6032132,4004725,2490151,1480264,862733,488915,280158,165680,98042,57123,33270,19479,11514,6935,4208,2555,1531,908,549,333,208,120,80,65,50,22,15,5,0,0"
un_sub_saharan_africa,1855,"5,125,479,1482,4401,12237,30320,73875,186270,479710,1172407,2330107,4037654,6488890,9212799,11421979,12667223,12553820,11036804,8614961,6078127,4035117,2509581,1492234,869816,492235,281623,166347,98364,57287,33365,19539,11546,6948,4219,2554,1536,910,551,333,208,120,80,65,50,22,15,5,0,0"
un_sub_saharan_africa,1856,"5,129,484,1490,4392,12189,30111,73237,184231,474407,1163038,2325653,4051789,6524961,9268412,11511655,12772115,12626474,11050563,8598421,6055067,4017565,2499274,1483248,863872,490824,281648,166619,98621,57454,33465,19586,11585,6974,4237,2569,1542,914,553,333,210,121,80,65,49,22,15,5,0,0"
un_sub_saharan_africa,1857,"5,131,485,1506,4424,12272,30289,73468,184275,473200,1158754,2312513,4023378,6481528,9224836,11472273,12761377,12665159,11140197,8702725,6141054,4077467,2537574,1508729,878473,497156,284214,167757,99173,57750,33609,19668,11624,6995,4258,2571,1546,915,554,333,210,121,80,65,49,22,15,5,0,0"
un_sub_saharan_africa,1858,"5,133,487,1517,4458,12354,30477,73972,185615,476576,1166224,2330070,4060772,6542967,9303568,11565237,12844354,12708969,11132706,8668872,6106230,4052098,2521185,1496739,871231,494572,283522,167592,99137,57740,33601,19663,11630,7004,4256,2572,1546,915,554,333,211,121,80,65,49,22,15,5,0,0"
un_sub_saharan_africa,1859,"5,133,490,1525,4486,12375,30334,72732,180787,458916,1128927,2288988,4014893,6515911,9312928,11606040,12910036,12781090,11207932,8738049,6158116,4087325,2544992,1511156,879120,498642,285450,168569,99672,58018,33760,19743,11686,7029,4271,2581,1551,918,554,335,212,121,81,65,49,22,14,5,0,0"
un_sub_saharan_africa,1860,"5,134,493,1542,4517,12459,30527,73124,181528,460179,1130951,2291086,4017373,6523103,9327515,11626197,12938626,12823419,11259019,8783637,6192423,4111160,2559453,1520159,884062,500895,286527,169129,99953,58157,33847,19802,11711,7046,4279,2587,1555,920,555,338,212,122,81,65,49,22,14,5,0,0"
un_sub_saharan_africa,1861,"5,128,485,1520,4489,12398,30452,73011,181164,459973,1133227,2301657,4041002,6563395,9381290,11692423,13001276,12866615,11278079,8787582,6192275,4110157,2558897,1518634,883125,500904,286777,169347,100081,58230,33888,19824,11720,7057,4279,2590,1558,921,555,338,211,122,81,64,49,22,14,5,0,0"
un_sub_saharan_africa,1862,"5,128,488,1534,4493,12411,30664,73906,184297,467982,1154664,2352596,4131935,6684071,9520699,11826694,13073124,12843455,11204948,8708364,6137407,4075643,2535417,1503460,877783,499878,286768,169520,100252,58334,33952,19867,11750,7072,4299,2599,1559,923,556,338,211,122,81,64,49,22,14,5,0,0"
un_sub_saharan_africa,1863,"5,129,497,1543,4523,12491,30795,74050,184222,467289,1150375,2341367,4113070,6665367,9504183,11834113,13113450,12915110,11289048,8780113,6190297,4110493,2557800,1516870,884741,503427,288611,170590,100894,58688,34129,19969,11811,7100,4313,2607,1562,927,557,339,211,122,81,64,49,22,14,5,0,0"
un_sub_saharan_africa,1864,"5,132,500,1561,4559,12579,30856,73668,181857,459422,1129444,2289421,4019184,6546208,9385997,11740693,13105916,13031468,11476507,8969561,6329862,4205191,2618507,1556543,904289,511236,291834,172103,101641,59073,34322,20063,11870,7140,4327,2610,1562,927,557,340,211,122,81,64,49,21,14,5,0,0"
un_sub_saharan_africa,1865,"5,133,502,1565,4583,12585,30799,73637,182988,459019,1126019,2320745,4100580,6679078,9559862,11926850,13225568,13026530,11389780,8866502,6254553,4155685,2590297,1536852,895729,509844,292450,173019,102365,59530,34601,20233,11966,7198,4359,2629,1577,931,557,341,212,123,82,64,49,21,13,5,0,0"
un_sub_saharan_africa,1866,"5,130,492,1531,4485,12472,30707,73275,181630,455613,1119811,2311454,4090005,6677470,9569095,11948624,13267445,13089694,11455643,8922085,6296422,4186262,2611794,1550640,903319,513816,295148,174780,103442,60178,35009,20503,12128,7291,4413,2655,1593,942,562,343,212,124,82,64,49,21,13,5,0,0"
un_sub_saharan_africa,1867,"5,130,496,1542,4518,12555,30772,73012,179156,445974,1093965,2259624,4014486,6591188,9498411,11910640,13309277,13214011,11610529,9066809,6398406,4250920,2650389,1573972,914136,517875,296749,175621,104011,60578,35300,20725,12297,7437,4512,2727,1642,976,588,359,223,125,82,64,49,20,13,5,0,0"
un_sub_saharan_africa,1868,"5,131,498,1554,4528,12574,30811,73058,179092,445569,1093487,2258934,4017064,6609629,9535357,11958649,13362699,13267224,11656523,9100730,6423278,4268414,2659447,1578949,917426,519727,297582,176185,104400,60895,35595,20969,12483,7571,4610,2801,1693,1015,615,381,234,135,89,64,49,20,13,5,0,0"
un_sub_saharan_africa,1869,"5,131,504,1567,4561,12663,31022,73499,179855,446454,1094203,2257628,4012094,6607512,9542696,11978482,13401469,13329314,11731130,9167922,6472037,4298853,2675805,1587413,920884,520699,297198,175529,103894,60542,35382,20840,12404,7524,4592,2793,1690,1016,616,382,234,136,90,64,49,20,12,5,0,0"
un_sub_saharan_africa,1870,"5,133,506,1578,4589,12720,31136,73632,179704,444603,1088774,2243250,3981976,6566866,9503485,11953153,13425263,13398570,11840179,9285775,6561271,4356875,2713343,1609366,931207,525104,298390,175730,103889,60464,35264,20742,12334,7492,4570,2789,1696,1020,623,386,237,138,92,64,49,20,11,5,0,0"
un_sub_saharan_africa,1871,"5,135,512,1590,4619,12800,31333,74022,180376,444473,1084476,2230949,3957311,6534807,9471505,11923574,13429282,13461167,11980819,9435276,6666998,4431831,2752619,1613278,925086,516157,288839,167990,98467,56879,33023,19405,11565,7056,4329,2658,1636,1005,620,385,236,137,92,64,49,20,11,4,0,0"
un_sub_saharan_africa,1872,"5,136,515,1605,4650,12704,30716,71262,171042,417542,1026233,2157172,3861287,6410514,9341963,11817027,13353293,13469533,12125329,9672113,6911246,4619090,2876830,1690820,975993,542999,299843,172388,100422,57817,33497,19648,11688,7122,4370,2680,1638,1006,624,384,236,138,92,65,50,19,10,4,0,0"
un_sub_saharan_africa,1873,"5,138,518,1627,4726,12682,30357,70100,167678,409499,1014010,2147855,3866474,6443183,9411229,11926706,13491603,13599029,12211812,9688122,6887422,4586934,2852405,1673819,963316,534881,297022,171839,100452,57942,33590,19702,11730,7146,4393,2687,1652,1007,624,384,237,139,92,66,50,19,10,4,0,0"
un_sub_saharan_africa,1874,"5,139,524,1650,4820,12910,30834,71040,169623,413979,1024938,2170292,3905878,6497246,9476623,11999735,13567397,13659696,12246603,9699229,6883713,4582774,2848255,1670364,959794,533041,296609,171902,100606,58062,33649,19723,11748,7160,4405,2694,1653,1010,624,385,236,135,92,66,50,19,10,4,0,0"
un_sub_saharan_africa,1875,"5,139,527,1673,4890,13092,31164,71735,171089,416735,1028047,2168955,3880195,6427084,9390294,11927861,13545655,13728669,12373789,9851248,7011361,4670738,2900744,1705105,983650,547189,303918,176058,103221,59656,34594,20257,12047,7345,4519,2770,1694,1029,630,390,237,136,94,74,52,19,10,4,0,0"
un_sub_saharan_africa,1876,"6,143,533,1694,4982,13342,31673,72633,172616,419188,1032979,2178131,3888959,6429284,9386123,11941914,13578515,13760830,12393535,9895375,7078275,4733166,2941994,1737612,1008469,565815,314896,182214,106944,61887,35845,20897,12367,7526,4631,2841,1737,1051,644,395,243,138,94,78,57,19,10,4,0,0"
un_sub_saharan_africa,1877,"6,143,539,1700,5030,13366,31432,71669,170957,418182,1035025,2189706,3916568,6463016,9422219,11995688,13666182,13864908,12471963,9932578,7084447,4725613,2934874,1731263,1003848,562422,314348,182573,107316,62094,35872,20822,12264,7441,4557,2790,1701,1027,623,381,234,134,94,78,53,17,10,4,0,0"
un_sub_saharan_africa,1878,"6,144,545,1723,5111,13503,31725,72672,172782,421725,1045259,2219776,3978330,6542078,9499589,12058646,13726766,13920406,12508958,9948012,7087508,4724368,2929973,1722753,993730,553558,308131,178217,104541,60431,34900,20261,11966,7261,4432,2692,1631,974,591,356,218,124,84,69,53,17,10,4,0,0"
un_sub_saharan_africa,1879,"7,146,550,1750,5202,13706,32115,73058,171797,412894,1019846,2202670,3987047,6570943,9548868,12112608,13775704,13948682,12536774,9996973,7143944,4775562,2969335,1749306,1010706,565897,314697,180998,105634,60831,34952,20190,11851,7181,4384,2680,1621,967,586,354,215,124,84,69,53,17,10,4,0,0"
un_sub_saharan_africa,1880,"7,146,541,1718,5139,13703,32330,73545,172581,413882,1021487,2206750,3999664,6586425,9556248,12105285,13760137,13928141,12536669,10046095,7238278,4875490,3053209,1807045,1045187,589417,328024,186455,107710,61739,35286,20246,11793,7102,4340,2654,1609,963,583,349,214,124,84,70,53,17,10,4,0,0"
un_sub_saharan_africa,1881,"6,140,530,1693,5116,13699,32444,73933,173481,415223,1022919,2207648,3999628,6593584,9578169,12155601,13844745,14032982,12643057,10123282,7273572,4883261,3049909,1801028,1039277,583664,324292,184981,107208,61484,35108,20122,11734,7076,4323,2644,1603,962,578,347,213,122,85,70,53,16,10,4,0,0"
un_sub_saharan_africa,1882,"7,141,535,1721,5201,13923,32874,74715,174621,416691,1025184,2212703,4010201,6616361,9624162,12232557,13934488,14127532,12716385,10171651,7291720,4882442,3049408,1799758,1037110,581145,322733,184065,106664,61174,34935,20020,11675,7060,4311,2636,1599,959,578,348,213,122,85,70,54,16,10,4,0,0"
un_sub_saharan_africa,1883,"7,137,526,1707,5200,13960,33050,75273,176379,423416,1045479,2252285,4072691,6712470,9762612,12401758,14120368,14290525,12793982,10128532,7185698,4774315,2971292,1745945,999430,556209,311262,179205,104328,59937,34269,19696,11595,7046,4309,2631,1600,960,579,345,213,122,85,70,55,16,10,4,0,0"
un_sub_saharan_africa,1884,"7,138,526,1700,5216,13902,32595,73763,174023,423738,1054213,2273212,4113211,6771077,9836280,12488855,14213822,14367588,12836361,10144151,7182242,4771382,2967203,1741755,994821,553992,310599,179190,104499,60050,34338,19746,11650,7074,4326,2639,1602,962,581,348,212,122,86,70,56,16,10,4,0,0"
un_sub_saharan_africa,1885,"6,133,518,1689,5211,13945,32653,74085,176234,432442,1067787,2288828,4142989,6830105,9915715,12595412,14320636,14426353,12847771,10131055,7164448,4767201,2965883,1748945,1002246,560225,315993,183866,108155,62572,35847,20607,12006,7161,4320,2629,1593,956,575,353,216,122,86,70,56,16,10,3,0,0"
un_sub_saharan_africa,1886,"6,135,521,1709,5292,14141,32706,72218,167456,401284,993635,2181727,4018333,6699968,9812706,12543015,14343003,14538718,13039685,10341926,7353681,4915051,3067052,1811092,1041047,583337,329375,191843,113007,65345,37351,21339,12437,7421,4488,2730,1644,988,596,361,221,124,85,70,57,16,10,3,0,0"
un_sub_saharan_africa,1887,"6,129,510,1686,5240,14070,32675,72259,166582,396203,981956,2171286,4015363,6693578,9796547,12534907,14356415,14583690,13120227,10446542,7461082,4993633,3120529,1843775,1062860,594914,335138,195478,115468,66897,38221,21802,12708,7612,4606,2802,1686,1009,609,372,227,125,86,71,57,15,10,3,0,0"
un_sub_saharan_africa,1888,"6,130,513,1703,5318,14282,33108,73062,167689,395876,977493,2166300,4009773,6673637,9762082,12518984,14359869,14610373,13185117,10557526,7578491,5086955,3184768,1885600,1091689,613281,344235,200060,118087,68364,39000,22192,12835,7697,4660,2837,1700,1016,611,372,231,125,88,76,57,15,10,3,0,0"
un_sub_saharan_africa,1889,"6,125,504,1684,5307,14301,33220,73532,168826,398851,985289,2182868,4037829,6710434,9803803,12566364,14412466,14663798,13234609,10591699,7599536,5100353,3192636,1888396,1092729,613244,344423,200348,118297,68491,39064,22206,12849,7708,4674,2839,1702,1020,610,372,230,126,88,77,58,15,10,3,0,0"
un_sub_saharan_africa,1890,"6,124,505,1697,5372,14450,33415,73581,168096,396044,978771,2174961,4035420,6706620,9794255,12566490,14437364,14705303,13288148,10651113,7656005,5147447,3224494,1909150,1106100,621172,348908,202751,119595,69244,39455,22391,12931,7757,4703,2858,1716,1020,614,373,233,125,88,78,60,15,10,3,0,0"
un_sub_saharan_africa,1891,"2,94,432,1531,4971,13513,31670,70576,163356,391132,974303,2171992,4039294,6712569,9796012,12570813,14449059,14726667,13321176,10696167,7700356,5184359,3249505,1924860,1115569,626917,351874,204292,120464,69713,39699,22499,12960,7768,4714,2866,1718,1018,614,371,232,125,88,78,60,15,10,3,0,0"
un_sub_saharan_africa,1892,"1,81,408,1477,4852,13274,31201,69289,159351,377548,935635,2117719,3991411,6675763,9788195,12603880,14521438,14815946,13400095,10747026,7727418,5196696,3255195,1925743,1114701,625540,351104,203900,120221,69529,39543,22388,12902,7742,4701,2853,1708,1016,608,370,229,123,87,79,60,14,10,3,0,0"
un_sub_saharan_africa,1893,"0,61,362,1386,4629,12765,30332,68226,158017,376386,932909,2109684,3975825,6651245,9756758,12578223,14519264,14840564,13437488,10786744,7759419,5219174,3270723,1936196,1119620,628231,352490,204143,120077,69272,39332,22200,12738,7650,4635,2815,1684,996,592,362,225,122,88,79,60,14,10,3,0,0"
un_sub_saharan_africa,1894,"0,40,302,1206,4169,11832,29121,67598,159144,382833,952015,2150044,4041636,6728521,9831831,12635785,14544264,14827280,13398642,10736452,7707670,5173688,3238950,1917360,1107202,618874,346847,200908,118142,68189,38718,21851,12542,7515,4545,2760,1648,972,578,350,220,118,88,80,61,14,10,3,0,0"
un_sub_saharan_africa,1895,"0,33,283,1179,4126,11746,29019,67564,158848,380528,943727,2136030,4030674,6702978,9774913,12562044,14483700,14797096,13411261,10803312,7799269,5257400,3294853,1946349,1122511,628989,350472,201047,117307,67305,38104,21494,12342,7444,4549,2768,1648,973,572,347,217,115,87,80,62,14,10,3,0,0"
un_sub_saharan_africa,1896,"0,21,244,1102,3957,11345,28261,66616,157941,379403,941612,2133171,4036425,6712702,9774818,12547649,14452383,14758457,13385767,10807732,7833421,5303543,3331829,1971972,1139115,640849,357768,204847,119267,68369,38671,21738,12398,7407,4522,2755,1644,976,573,345,215,112,87,80,62,14,10,3,0,0"
un_sub_saharan_africa,1897,"0,20,232,1085,3946,11331,28200,66537,157882,379777,942523,2129430,4008144,6655064,9714971,12505037,14454172,14830163,13487346,10893189,7876325,5315351,3330598,1964849,1131792,632932,352549,202429,118195,67806,38309,21527,12313,7444,4542,2766,1654,973,569,342,214,111,87,80,62,14,10,3,0,0"
un_sub_saharan_africa,1898,"0,15,207,1036,3829,10971,27240,64180,153150,371064,924802,2090386,3957216,6592194,9627400,12398747,14377921,14787560,13479890,10951494,8002335,5450231,3431261,2032873,1175268,662921,371144,212339,123848,71237,40307,22627,12846,7518,4588,2790,1658,980,575,348,216,112,86,80,63,14,10,3,0,0"
un_sub_saharan_africa,1899,"0,14,199,1023,3836,10983,27141,63581,150823,361327,896338,2057391,3937711,6578256,9637358,12452647,14464116,14890473,13567614,10998983,7996664,5418919,3390593,2000402,1152557,645127,358995,206378,120909,69562,39349,22071,12566,7533,4607,2798,1667,977,577,345,218,111,87,80,63,13,10,3,0,0"
un_sub_saharan_africa,1900,"0,13,185,993,3740,10795,26675,62640,150996,371975,939816,2133343,4021269,6669518,9749468,12581178,14598232,14989348,13586407,10923028,7866920,5290996,3280254,1916274,1092682,603297,335415,194122,114294,65865,37403,21187,12459,7571,4626,2809,1678,988,579,349,219,111,87,80,63,13,10,2,0,0"
un_sub_saharan_africa,1901,"0,10,169,959,3712,10741,26291,60967,145681,355826,902499,2071482,3936460,6573916,9653922,12520529,14574221,15019262,13670199,11034607,7981871,5380699,3344321,1959967,1122444,621349,346594,201281,118619,68348,38707,21771,12670,7690,4702,2859,1707,1007,591,360,224,112,86,80,66,13,10,2,0,0"
un_sub_saharan_africa,1902,"0,10,165,956,3728,10780,26279,60828,144309,347007,870907,2015443,3875645,6513404,9580880,12442744,14510205,14996974,13717978,11146281,8111146,5490432,3421105,2008837,1154793,641453,356440,206627,121967,70374,39925,22481,12882,7831,4805,2936,1757,1038,613,373,234,121,96,83,66,12,10,2,0,0"
un_sub_saharan_africa,1903,"0,8,146,921,3670,10590,25663,59487,141741,339509,843687,1944642,3771824,6395776,9442969,12287911,14369357,14891380,13709751,11252949,8305147,5710947,3605786,2135772,1236698,695327,388909,223140,130890,75704,43001,24125,13602,7849,4772,2905,1741,1018,601,367,230,120,89,81,66,12,10,2,0,0"
un_sub_saharan_africa,1904,"0,8,145,923,3679,10652,25712,59413,141271,337578,836841,1928269,3751418,6373941,9420347,12274527,14383728,14936455,13773226,11300435,8333596,5731918,3625400,2148312,1244655,699954,391647,224775,131850,76284,43307,24210,13601,7812,4743,2884,1725,1007,598,363,229,120,85,83,66,12,10,2,0,0"
un_sub_saharan_africa,1905,"0,6,134,894,3651,10523,25150,57443,136617,329872,826330,1909803,3725692,6346263,9390148,12253870,14379796,14949846,13790659,11329578,8380404,5785859,3678521,2188145,1272350,717821,403960,232015,135982,78798,44766,24987,13978,7953,4768,2898,1732,1009,597,360,226,119,86,85,67,12,10,2,0,0"
un_sub_saharan_africa,1906,"0,6,136,899,3626,10515,25037,56882,134480,320709,791571,1841161,3643480,6263554,9323838,12214002,14377767,14990967,13850107,11396179,8455715,5869219,3757967,2246050,1312952,743873,421869,243234,142307,82535,46983,26251,14638,8249,4803,2917,1738,1014,594,358,226,118,85,86,67,12,10,2,0,0"
un_sub_saharan_africa,1907,"0,4,115,819,3408,10145,24645,56352,133751,319700,792175,1846906,3668681,6310906,9379293,12269028,14437819,15057528,13892602,11401777,8428253,5825079,3719195,2220515,1297129,735064,417704,241617,141898,82450,46996,26309,14684,8267,4846,2923,1728,1000,574,351,216,115,81,85,67,11,10,2,0,0"
un_sub_saharan_africa,1908,"0,4,115,828,3449,10266,24824,56517,133753,318879,793022,1863076,3723026,6384839,9449294,12349877,14573505,15226971,14036535,11451268,8365069,5701032,3586345,2125717,1230310,691473,387940,225329,133356,77355,43897,24537,13754,8019,4878,2939,1726,987,565,339,214,111,80,85,67,11,10,2,0,0"
un_sub_saharan_africa,1909,"0,3,108,814,3456,10302,24849,56497,133834,318856,791348,1852518,3699134,6338593,9377957,12289162,14550680,15250276,14099520,11538865,8455576,5776285,3641452,2162197,1251933,704094,394543,228061,134552,77902,44022,24417,13580,7804,4730,2837,1659,939,534,321,196,104,80,87,67,11,10,1,0,0"
un_sub_saharan_africa,1910,"0,3,109,820,3488,10384,24868,56055,132319,316941,797688,1877235,3715253,6331371,9350012,12289614,14614571,15377389,14251642,11646677,8487156,5754562,3606680,2121529,1217191,673370,373395,215238,125903,72124,40480,22425,12608,7615,4629,2788,1642,949,539,322,198,123,79,85,67,11,10,1,0,0"
un_sub_saharan_africa,1911,"0,3,111,833,3537,10515,25187,56458,132579,315932,792830,1862635,3679821,6276037,9285373,12228630,14578732,15420188,14401227,11826953,8619333,5822660,3638161,2130770,1213749,665788,365105,208894,122016,69846,39174,21692,12210,7391,4503,2713,1598,923,528,318,195,107,80,87,67,11,10,1,0,0"
un_sub_saharan_africa,1912,"0,3,103,816,3497,10366,24502,54267,126836,302870,762322,1818209,3654074,6266209,9296841,12266343,14641472,15498872,14483803,11896701,8668377,5861433,3664027,2141885,1218984,667289,365223,208677,121768,69664,39071,21640,12184,7366,4484,2693,1586,913,520,310,191,105,75,85,67,11,10,0,0,0"
un_sub_saharan_africa,1913,"0,3,104,828,3488,10367,24314,53732,125532,300573,757939,1810253,3641140,6238272,9240959,12203445,14606003,15503780,14549877,12015063,8788803,5960510,3735280,2187031,1245950,682839,373699,213246,124133,71028,39879,22073,12399,7481,4542,2725,1604,924,525,312,191,112,73,84,65,11,10,0,0,0"
un_sub_saharan_africa,1914,"0,3,99,828,3454,10277,23881,52557,122945,295295,746325,1780428,3576314,6146275,9138543,12108295,14555423,15535086,14668614,12186788,8945696,6095086,3835049,2251043,1280725,698254,380045,216071,125098,71256,39881,22036,12356,7458,4520,2696,1589,912,512,306,185,115,72,80,63,11,10,0,0,0"
un_sub_saharan_africa,1915,"0,2,93,771,3218,9850,23482,51789,120560,287398,719158,1729420,3515283,6061038,9057309,12042307,14502300,15527331,14757240,12363915,9138242,6248834,3942196,2306852,1311293,713334,386479,219030,126500,72011,40187,22113,12381,7494,4559,2727,1607,921,517,309,182,123,73,80,62,11,9,0,0,0"
un_sub_saharan_africa,1916,"0,2,87,766,3166,9730,22936,50204,116515,277561,688997,1662884,3418171,5942910,8945936,11930646,14411651,15538480,14894830,12596826,9351684,6416479,4064618,2379091,1349727,733816,395491,223665,129388,73665,41092,22612,12675,7664,4670,2807,1666,952,535,317,189,125,75,80,66,13,9,0,0,0"
un_sub_saharan_africa,1917,"0,1,84,718,2962,9306,22540,49701,115605,275869,686152,1659248,3410533,5924597,8912442,11892260,14367504,15501469,14906040,12686241,9487920,6542885,4155090,2438784,1386363,754690,406920,229321,131786,74629,41371,22623,12630,7635,4628,2780,1641,943,531,314,190,128,77,79,64,12,8,0,0,0"
un_sub_saharan_africa,1918,"0,1,85,730,2982,9373,22484,49095,113512,269923,664175,1606680,3348103,5882438,8902039,11908200,14414694,15602998,15015191,12765725,9528357,6592277,4200138,2474444,1406112,763547,410794,232383,133558,75384,41638,22680,12624,7639,4649,2794,1661,949,534,311,193,131,81,78,64,12,8,0,0,0"
un_sub_saharan_africa,1919,"0,0,76,671,2764,8853,21690,47176,108172,257124,630144,1538551,3256950,5756827,8738135,11731423,14265722,15517538,15035669,12962816,9865673,6931082,4450145,2632990,1499955,821334,442971,247771,140046,78124,42937,23279,12837,7737,4712,2821,1675,956,535,314,193,134,82,79,65,12,8,0,0,0"
un_sub_saharan_africa,1920,"0,0,77,687,2785,8881,21638,46743,106649,253438,614637,1496112,3193159,5712184,8753683,11798395,14385993,15725772,15288353,13169096,9959844,6957289,4452848,2635812,1506711,821982,441184,248048,141340,79423,43716,23688,13033,7856,4789,2869,1705,975,548,317,192,137,89,79,66,12,7,0,0,0"
un_sub_saharan_africa,1921,"0,0,73,687,2791,8842,21438,46322,105589,248662,600162,1474356,3180656,5725216,8790924,11876016,14507918,15865019,15425280,13299052,10082686,7069115,4537153,2694050,1545411,845887,455375,256709,146514,82374,45351,24486,13335,7985,4862,2905,1722,977,554,317,195,141,94,80,66,12,7,0,0,0"
un_sub_saharan_africa,1922,"0,0,75,708,2862,8981,21629,46454,105680,249002,593975,1442285,3117160,5633146,8692748,11810510,14486342,15931231,15586058,13562351,10394182,7368727,4767522,2849403,1638338,900860,484953,272532,154503,86412,47446,25506,13823,8266,5040,3016,1783,1012,567,326,199,143,100,80,67,12,6,0,0,0"
un_sub_saharan_africa,1923,"0,0,72,709,2912,9073,21790,46638,105448,246453,578624,1400678,3069019,5602057,8681897,11857772,14611679,16116993,15797830,13796168,10629897,7584590,4934554,2963822,1710518,945455,511835,288352,163353,91356,50198,26918,14469,8571,5225,3118,1843,1052,591,334,204,145,110,80,67,12,5,0,0,0"
un_sub_saharan_africa,1924,"0,0,74,728,2974,9104,21750,46325,104342,243288,570536,1388176,3070780,5635016,8714829,11887040,14699210,16261564,15961870,13978050,10847681,7807281,5114815,3089418,1791387,994108,541074,305466,172606,96240,52827,28286,15078,8830,5356,3195,1878,1074,607,337,205,149,113,80,68,10,0,0,0,0"
un_sub_saharan_africa,1925,"0,0,76,748,3052,9297,22139,46956,104912,242130,557518,1348230,3036968,5659797,8790859,12035236,14931783,16527049,16191353,14148663,11001150,7938276,5198752,3156283,1836500,1022125,559649,317396,179877,100713,55413,29609,15631,8946,5419,3204,1882,1073,607,332,205,146,122,84,64,3,0,0,0,0"
un_sub_saharan_africa,1926,"0,0,76,755,3093,9366,21989,45822,100950,234242,542705,1314518,3001046,5664313,8849236,12144772,15070682,16691941,16369857,14328288,11197631,8138490,5370647,3279900,1920796,1075037,592134,336716,191057,106922,58706,31273,16359,9210,5576,3309,1936,1113,628,341,209,151,131,87,65,1,0,0,0,0"
un_sub_saharan_africa,1927,"0,0,71,715,2943,9044,21887,46048,101504,235240,542799,1304325,2970437,5618082,8826758,12169288,15142243,16854179,16639144,14655367,11473735,8342911,5522349,3389434,1986015,1119250,617412,353372,202173,113975,62940,33719,17787,9978,6027,3593,2106,1220,691,382,228,162,145,113,66,1,0,0,0,0"
un_sub_saharan_africa,1928,"0,0,71,722,2980,9110,21896,45858,100890,233187,530949,1261287,2911448,5614905,8864956,12264656,15327861,17129821,16935071,14924868,11707383,8507551,5622618,3449224,2021945,1140821,632494,362726,207887,117679,65190,34923,18389,9999,6016,3578,2095,1212,679,374,230,165,148,97,67,1,0,0,0,0"
un_sub_saharan_africa,1929,"0,0,73,744,3061,9329,22314,46781,102473,236291,537109,1268808,2936790,5694961,9000957,12465226,15592780,17436667,17227450,15159253,11840890,8558130,5628185,3439568,2008685,1129725,625195,358598,204682,115233,63564,33893,17731,9703,5847,3466,2003,1145,628,348,216,164,111,88,68,1,0,0,0,0"
un_sub_saharan_africa,1930,"0,0,75,761,3126,9459,22368,46418,101298,233951,535639,1277753,2966629,5756061,9113421,12624314,15801230,17690371,17499573,15382177,11963913,8620822,5681729,3479883,2038063,1151639,637953,368291,211634,119426,66006,35377,18739,10597,6387,3802,2216,1290,721,402,239,172,151,111,69,1,0,0,0,0"
un_sub_saharan_africa,1931,"0,0,74,769,3181,9642,22612,46783,101939,235746,543952,1287060,2950680,5721851,9069524,12610070,15864495,17889948,17795116,15725684,12275784,8845613,5830440,3574733,2090906,1176860,648758,373690,214129,120567,66799,35964,19115,11008,6603,3919,2270,1316,740,412,239,180,154,106,70,1,0,0,0,0"
un_sub_saharan_africa,1932,"0,0,75,788,3244,9810,22731,46721,101469,234793,544488,1284194,2939367,5742811,9143183,12747792,16082800,18149722,18052740,15948960,12445173,8969211,5917555,3629989,2124699,1197426,661358,381687,218280,122433,67757,36460,19413,11245,6724,3986,2301,1322,744,410,240,176,154,102,71,1,0,0,0,0"
un_sub_saharan_africa,1933,"0,0,75,792,3287,9952,22773,46052,98226,225701,519741,1214332,2830591,5661938,9088586,12712757,16114263,18275175,18248503,16193371,12761437,9296640,6187713,3836151,2259261,1285969,717396,416436,239760,135174,75167,40649,21533,12100,7228,4266,2463,1420,797,450,258,186,161,125,71,1,0,0,0,0"
un_sub_saharan_africa,1934,"0,0,25,643,3098,10069,23174,46547,99085,225833,511574,1177495,2789376,5685143,9176296,12852595,16306202,18525920,18514887,16463936,12983840,9442628,6273731,3876877,2283755,1301097,731454,425740,245994,139756,78130,42302,22382,11887,7022,4134,2377,1350,750,415,241,182,150,95,71,1,0,0,0,0"
un_sub_saharan_africa,1935,"0,0,18,549,3000,10187,23626,46936,99345,225264,503757,1131552,2675942,5574315,9107404,12849707,16354876,18617407,18644907,16673900,13279067,9779569,6575154,4109534,2445863,1406874,800635,470098,273709,156960,88511,48118,25287,13147,7397,4355,2503,1419,801,441,253,191,164,108,71,1,0,0,0,0"
un_sub_saharan_africa,1936,"0,0,18,459,2870,10123,23767,46910,99240,225013,499793,1103693,2594851,5477334,9042741,12843360,16428460,18754179,18791868,16854734,13511536,10067629,6855739,4339263,2609441,1518975,876238,520257,305995,177217,101095,55613,29521,15404,8273,4886,2826,1614,912,516,289,206,179,154,76,1,0,0,0,0"
un_sub_saharan_africa,1937,"0,0,18,397,2787,10192,24299,47648,100595,226970,501179,1093191,2541933,5398461,8993765,12834699,16477481,18944430,19061512,17172680,13846568,10345170,7046861,4473695,2702989,1573449,907345,540151,318017,184421,105546,58038,30568,15758,7989,4685,2689,1505,843,461,268,195,171,108,79,2,0,0,0,0"
un_sub_saharan_africa,1938,"0,0,18,357,2719,10257,24829,48456,102033,230258,507786,1097647,2539659,5414449,9055712,12955330,16674099,19181613,19289487,17379666,14030461,10495967,7163561,4569444,2772758,1620530,936938,557975,329875,191996,109983,60436,31773,16374,8506,5015,2890,1626,912,502,289,201,185,137,83,2,0,0,0,0"
un_sub_saharan_africa,1939,"0,0,17,304,2576,10179,25141,48818,102532,231311,509437,1090363,2503080,5371986,9078339,13060578,16857630,19397854,19521823,17602545,14234837,10691569,7338536,4711191,2878845,1694327,986531,591661,351846,205970,118804,65622,34593,17755,8898,5167,2982,1669,934,515,290,206,191,139,85,2,0,0,0,0"
un_sub_saharan_africa,1940,"0,0,16,311,2498,10130,25064,48246,99730,225716,505544,1090760,2507092,5388807,9130007,13156517,17031468,19634506,19781610,17845490,14458842,10880767,7501900,4842458,2973977,1759378,1029475,619373,369687,216953,125401,69417,36566,18633,9154,5210,2979,1650,912,498,278,197,189,135,83,1,0,0,0,0"
un_sub_saharan_africa,1941,"0,0,16,319,2466,10051,25099,48271,99178,221729,493582,1055351,2409186,5241773,9060833,13201468,17167887,19905190,20133645,18186951,14810289,11172130,7731646,5033741,3104403,1839268,1075415,646836,387017,227373,131615,73090,38578,19603,9487,5256,2988,1652,904,489,273,193,193,145,71,0,0,0,0,0"
un_sub_saharan_africa,1942,"0,0,15,325,2421,9913,25356,50427,104962,235922,528650,1123958,2503083,5359911,9257558,13441918,17439811,20166084,20376992,18395956,14949379,11261661,7798017,5098856,3152638,1874522,1102461,667327,401355,236801,137706,76934,40867,20894,10001,5409,3082,1698,923,493,282,195,193,146,71,0,0,0,0,0"
un_sub_saharan_africa,1943,"0,0,15,329,2423,9821,25072,49945,102390,230904,527901,1130017,2469061,5283250,9300854,13608108,17695172,20508658,20791158,18839739,15304792,11468004,7913211,5177814,3206612,1900023,1116009,675330,405401,238780,138382,77035,40854,20772,9780,5227,2942,1602,839,443,253,195,166,98,70,0,0,0,0,0"
un_sub_saharan_africa,1944,"0,0,14,338,2477,9885,25368,50450,103102,231621,527675,1126121,2450771,5268008,9369937,13761792,17903463,20755440,21065609,19125484,15547083,11694567,8121569,5358337,3333612,1991651,1178982,716959,433244,256604,149479,84006,45223,23315,11127,5839,3335,1862,995,539,300,209,200,160,68,0,0,0,0,0"
un_sub_saharan_africa,1945,"0,0,18,431,2898,10788,26177,50768,100776,224796,517320,1116945,2429014,5261460,9433059,13888644,18106273,21062488,21423854,19462181,15855875,11955985,8311102,5496377,3434264,2052944,1218589,742616,448932,266071,154725,86891,46739,24063,11454,5947,3380,1880,975,527,295,208,203,137,68,0,0,0,0,0"
un_sub_saharan_africa,1946,"0,0,18,440,2972,10938,26561,51462,101783,224585,514901,1106133,2375533,5167707,9442945,14043034,18377300,21410848,21795798,19763521,16125451,12159457,8496586,5678205,3581937,2148591,1276725,781448,475376,283047,164982,93067,50271,25982,12379,6220,3515,1962,1016,537,299,213,212,138,58,0,0,0,0,0"
un_sub_saharan_africa,1947,"0,0,18,450,3036,11023,26473,51079,99507,219016,508218,1109117,2395767,5241642,9589117,14277552,18695940,21748071,22072328,19955183,16286986,12333836,8668736,5829791,3701455,2230971,1330090,817163,498112,296718,172810,97499,52692,27295,13075,6566,3689,2063,1075,567,312,219,219,153,58,0,0,0,0,0"
un_sub_saharan_africa,1948,"0,0,18,462,3120,11249,26743,51519,99894,220152,510189,1107939,2343313,5068808,9403179,14161581,18678457,21844158,22310371,20346552,16795164,12820102,9098641,6162327,3953325,2398020,1430865,881102,541763,325026,190688,108472,58969,30708,14823,7009,3919,2184,1136,581,318,219,224,156,58,0,0,0,0,0"
un_sub_saharan_africa,1949,"0,0,17,470,3192,11496,27005,51677,97998,214268,500459,1101395,2322036,5014659,9362281,14182821,18802055,22125058,22696985,20763120,17222554,13197442,9403966,6387496,4131531,2524076,1510033,933046,573850,343815,201774,114969,62737,32815,15970,7615,4205,2335,1228,617,332,229,234,160,59,0,0,0,0,0"
un_sub_saharan_africa,1950,"0,0,15,483,3273,11712,27317,52137,99031,217991,509874,1117581,2314930,4902535,9246000,14198189,18891977,22253249,22903135,21139115,17807927,13753268,9878703,6744568,4383364,2688677,1608213,990624,612395,368633,217898,125374,69056,36330,17873,8057,4383,2436,1286,632,331,235,242,165,51,0,0,0,0,0"
un_sub_saharan_africa,1951,"0,0,12,377,2886,10795,25871,49458,90662,193570,457085,1034595,2133160,4437305,8603721,13681496,18490688,22345368,23518963,22039993,18837547,14708834,10653410,7325669,4810675,2972360,1778867,1086067,673571,407098,241527,139971,78106,41794,20998,9666,5275,2977,1620,827,430,274,258,261,88,0,0,0,0,0"
un_sub_saharan_africa,1952,"0,0,11,367,2920,10996,26006,49064,88465,184246,434160,1002880,2065355,4205568,8232613,13454098,18460428,22559787,24015945,22772663,19677520,15484813,11254353,7734083,5105752,3168993,1885074,1139160,707246,428243,254495,147626,82289,43893,21935,9907,5212,2894,1554,757,389,258,258,212,77,0,0,0,0,0"
un_sub_saharan_africa,1953,"0,0,8,293,2598,10218,24974,47625,85543,176270,418565,986650,2050624,4155417,8102942,13372017,18591132,22867274,24416514,23343260,20335412,16107888,11758481,8091027,5343793,3336637,1987310,1200869,745539,451107,267851,155190,86535,46173,23159,10513,5524,3049,1637,799,409,271,266,200,93,1,0,0,0,0"
un_sub_saharan_africa,1954,"0,0,6,201,2225,9284,23723,45233,80035,158896,376866,920236,1936370,3881119,7628727,12962449,18357504,22927670,24888806,24051601,21270409,17115843,12551646,8689041,5756131,3601565,2148435,1287249,796340,485676,290825,170184,95956,51669,26053,11772,5922,3304,1796,900,462,298,283,267,98,1,0,0,0,0"
un_sub_saharan_africa,1955,"0,0,6,202,2288,9515,23880,44157,76406,145531,338559,837516,1803762,3702681,7437041,12865229,18455279,23318200,25535089,24802175,21928309,17674790,13014574,9058085,6055494,3828468,2302939,1386306,864746,530260,318633,187291,106269,57740,29472,13545,6683,3717,2032,1040,525,320,293,300,125,5,0,0,0,0"
un_sub_saharan_africa,1956,"0,0,3,152,2011,8802,23267,43726,75322,139009,321765,811616,1787577,3733183,7504596,12914190,18613428,23673040,26000675,25279125,22422389,18207834,13514314,9455514,6340857,4023436,2437420,1476256,923101,566339,341082,201406,114735,62483,31970,14770,7094,3943,2182,1132,590,356,313,323,145,7,0,0,0,0"
un_sub_saharan_africa,1957,"0,0,2,101,1723,7954,22096,42228,73099,131430,301476,775824,1747715,3697415,7498062,13010818,18884842,24124214,26544690,25808924,22934415,18672652,13912836,9804698,6626801,4242558,2595615,1577410,991261,610248,367515,217648,124654,68248,35174,16346,7601,4185,2320,1200,600,368,326,333,138,2,0,0,0,0"
un_sub_saharan_africa,1958,"0,0,2,99,1767,8135,22391,42078,72515,128880,291481,758884,1739026,3713081,7625424,13324472,19325327,24657951,27107615,26392441,23422896,19021628,14212648,10022652,6796293,4369223,2682101,1635863,1033885,637414,383347,227363,130530,71808,37247,17477,8197,4491,2484,1305,622,380,330,340,149,7,0,0,0,0"
un_sub_saharan_africa,1959,"0,0,1,59,1495,7340,21274,40934,71174,122812,269705,705797,1647690,3557006,7379160,13128789,19266134,24821721,27589848,27058591,24251596,19916660,14970159,10600665,7209838,4650782,2866048,1747499,1103345,682771,411710,244275,140529,77492,40201,18935,8561,4674,2586,1353,651,396,339,354,156,7,0,0,0,0"
un_sub_saharan_africa,1960,"0,0,0,8,629,4374,15979,36061,65552,112602,243390,656999,1590712,3409516,6993763,12749079,19061678,24816917,28012398,27906196,25301705,20998815,15902232,11294625,7694701,4994871,3077582,1859024,1167845,723861,436040,258948,149123,82452,43077,20566,9469,5127,2851,1512,730,422,357,366,193,25,0,0,0,0"
un_sub_saharan_africa,1961,"0,0,0,3,304,2897,12289,31957,61610,108832,241369,668013,1670915,3615541,7340895,13297834,19668159,25404058,28473173,28332011,25689564,21221899,16130190,11515456,7895602,5188199,3250184,1998332,1267220,794818,479029,285048,165679,92788,49283,24178,10989,5874,3212,1698,810,428,368,363,168,36,0,0,0,0"
un_sub_saharan_africa,1962,"0,0,0,0,86,1104,6374,22488,52915,101421,229335,638832,1607237,3471405,6986812,12791749,19358071,25407499,29059186,29220861,26753586,22416566,17125212,12292682,8442526,5567237,3483767,2126887,1339672,840772,508237,303204,176596,99098,52759,26002,11539,6143,3397,1807,884,470,380,394,212,38,0,0,0,0"
un_sub_saharan_africa,1963,"0,0,0,0,36,825,5570,20942,50617,97973,228491,645796,1621815,3385185,6570572,12126812,18801197,24963142,29172493,29945456,27946687,23783602,18423680,13311738,9193831,6107311,3847047,2335318,1452124,919103,558995,335670,197640,111989,60566,30389,13497,6953,3757,2022,987,528,385,398,249,82,0,0,0,0"
un_sub_saharan_africa,1964,"0,0,0,0,3,326,3183,14327,40160,84698,216886,638552,1610654,3361736,6606779,12240730,18940345,25228261,29854745,30776910,28656020,24339641,18958010,13810412,9652339,6466669,4119959,2540685,1589622,1014466,621644,375609,224463,129445,71606,37043,17027,8583,4509,2452,1244,608,423,423,307,102,0,0,0,0"
un_sub_saharan_africa,1965,"0,0,0,0,0,147,1670,9471,32223,75744,193554,590245,1541487,3265272,6387171,11962415,18909184,25517756,30483813,31723327,29784684,25405687,19818008,14473809,10105517,6797573,4350386,2688284,1677501,1071129,662475,403070,242456,140681,78304,40843,19005,9387,5034,2737,1416,673,443,438,319,120,0,0,0,0"
un_sub_saharan_africa,1966,"0,0,0,0,0,147,1544,8854,30806,73180,191405,580629,1521420,3297404,6654117,12335139,19229547,26028317,31551045,32919071,30514384,25763611,20103463,14632344,10306265,6965479,4526172,2856460,1819689,1171526,729407,442398,266422,155235,86930,45866,21684,10556,5671,3122,1650,797,485,467,426,128,0,0,0,0"
un_sub_saharan_africa,1967,"0,0,0,0,0,116,894,5609,22173,61719,173789,540283,1484107,3527359,7545943,13207214,20089592,27294606,32807621,33822166,30781839,25528333,19973066,14512452,10239752,6970878,4612831,3017982,1971863,1274791,802799,490099,296847,174492,98393,52428,25143,11560,6232,3439,1827,893,507,482,466,155,2,0,0,0"
un_sub_saharan_africa,1968,"0,0,0,0,0,124,1359,7399,25578,61924,162737,501473,1439286,3574482,7722012,13399018,20420810,27787565,33614646,34876778,31713881,26260936,20599379,15008240,10584220,7222554,4777850,3131236,2041143,1320309,830075,505079,305835,179922,101640,54242,26062,12008,6435,3521,1884,924,534,497,502,192,9,0,0,0"
un_sub_saharan_africa,1969,"0,0,0,0,0,154,1267,6749,24041,61448,169717,523168,1405267,3160966,6626424,12338452,19558751,27186048,33797642,35867476,33425693,28313568,22418172,16500439,11711288,7993835,5235565,3348925,2156068,1389208,877043,537449,326610,193002,109406,58664,28570,12795,6868,3757,2020,1002,561,518,532,194,9,0,0,0"
un_sub_saharan_africa,1970,"0,0,0,0,2,227,834,3227,13497,46440,155210,501793,1359463,2861867,5594181,10804953,18534985,26306570,33327684,36305306,34804232,30539410,24663232,18414054,13210354,9155234,6003963,3802932,2388173,1528441,971249,598343,365460,218328,125017,67584,33466,14557,7652,4104,2217,1116,589,541,554,203,9,0,0,0"
un_sub_saharan_africa,1971,"0,0,0,0,0,185,740,2992,12618,42493,137221,465909,1320742,2833986,5338127,9937249,17659695,25810798,33213378,36890781,35975498,32171038,26562115,19936904,14412667,10030017,6627510,4184246,2580723,1618833,1029494,633919,386365,230740,132297,71775,35837,15838,8398,4503,2444,1251,634,563,582,253,20,0,0,0"
un_sub_saharan_africa,1972,"0,0,0,0,0,146,650,2060,8246,30673,111811,413290,1234230,2725707,5257842,10009713,17918972,26405942,34039215,37848395,36904658,33040346,27387318,20618006,14994814,10524896,6994619,4441262,2737427,1714695,1092867,669952,407431,243119,139213,75371,37563,16624,8824,4743,2584,1343,678,591,616,292,22,0,0,0"
un_sub_saharan_africa,1973,"0,0,0,0,0,64,451,1650,7127,26578,115711,455302,1352061,2927871,5558638,10118081,17841390,26736109,34680228,38547166,37548743,33837363,28374017,21507269,15727831,11082895,7407318,4723643,2912644,1800222,1149639,712836,435570,262079,151480,82842,41862,18770,9769,5214,2851,1518,738,622,646,342,22,0,0,0"
un_sub_saharan_africa,1974,"0,0,0,0,0,19,293,984,3960,17679,103060,449586,1370192,3007821,5612957,9915329,17317692,26571172,34976709,39048991,38353996,35005877,29877997,22983258,16894560,11952840,8037252,5132594,3139869,1899839,1202722,747614,459495,278422,161735,88586,44772,19916,10074,5407,2974,1593,778,653,678,392,23,0,0,0"
un_sub_saharan_africa,1975,"0,0,0,0,0,1,128,613,1665,7869,71316,406092,1351537,3118110,6048849,11068494,19239134,28477907,36915452,40805015,39442632,35382432,29787580,22684250,16650613,11725649,7764205,4888381,2969075,1829441,1154025,714955,443862,269400,155453,83506,40800,17103,8381,4470,2484,1273,780,681,703,297,3,0,0,0"
un_sub_saharan_africa,1976,"0,0,0,0,0,1,80,480,1343,4814,42867,308269,1167968,2961673,6081652,11306781,19422303,29114070,37928853,41724948,40300807,36130445,30753702,23809815,17530935,12451591,8264748,5217381,3173607,1911582,1192077,743073,459724,278879,160928,86636,42526,17967,8869,4543,2506,1358,836,709,733,349,3,0,0,0"
un_sub_saharan_africa,1977,"0,0,0,0,0,3,55,394,1155,4448,39332,311214,1189787,2997768,6184924,11633676,19956263,30082825,39173163,42801547,41177719,36993588,31519673,24495557,18089569,12895541,8553103,5406741,3280143,1960813,1214450,757710,469701,285708,165374,89306,43999,18640,9270,4788,2677,1469,912,761,774,463,0,0,0,0"
un_sub_saharan_africa,1978,"0,0,0,0,0,0,78,467,1298,4449,36284,317231,1238338,3144210,6468890,12388978,21221206,31490731,40455133,44315492,42556917,37977416,31930962,24581409,18181911,12912855,8564293,5387528,3301020,1997635,1251972,784710,486068,296242,171986,93187,46182,19854,9961,5171,2846,1615,1004,823,813,557,0,0,0,0"
un_sub_saharan_africa,1979,"0,0,0,0,0,2,218,779,1948,6588,43716,327961,1276150,3277396,6715971,12791666,21939289,32516555,41898443,46131382,44382598,39137588,32594322,24951716,18354892,13026379,8628139,5413911,3326422,2034108,1290930,816724,510968,314363,183789,100244,49979,21469,10445,5445,2994,1702,1038,828,832,626,3,0,0,0"
un_sub_saharan_africa,1980,"0,0,0,0,0,19,299,964,2346,8569,56425,389389,1459266,3621142,7126208,13218077,22334474,33050339,42686194,47271126,45675588,40260431,33549729,25790030,18921328,13436197,8869051,5598630,3430036,2142926,1371193,870895,549629,338880,188115,96126,47894,27713,16297,9653,5718,3410,2016,1183,694,420,249,146,83,49"
un_sub_saharan_africa,1981,"0,0,0,0,0,26,335,1054,2549,9107,62947,428948,1585006,3897337,7763141,14460696,24363991,35251264,44711862,48787246,46639706,40750628,33413175,25468120,18772127,13310944,8724704,5525317,3439020,2187853,1406313,896064,565626,349046,193916,99018,48647,27920,16411,9713,5747,3425,2032,1182,695,419,256,148,82,46"
un_sub_saharan_africa,1982,"0,0,0,0,0,79,465,1364,3586,11868,85840,538110,1800444,4155291,8224152,15536359,25978786,37051779,46665545,50560482,48077893,41528182,33695478,25613848,18699385,13174825,8569520,5449862,3416273,2182856,1403278,893022,562822,344949,189360,95831,47152,27197,15968,9448,5591,3327,1971,1152,671,407,249,144,80,43"
un_sub_saharan_africa,1983,"0,0,0,0,0,93,521,1507,3958,13461,118914,685096,2137308,4714687,9350707,17482498,28040051,39298337,48773519,52274648,49180857,41872577,33400631,25138542,18181786,12762973,8246300,5243034,3352406,2153600,1387862,881026,554626,337186,183052,91783,45675,26495,15561,9199,5443,3230,1915,1117,650,392,239,141,78,44"
un_sub_saharan_africa,1984,"0,0,0,0,0,71,553,1655,4246,14844,148713,791119,2341837,5011137,9988710,18412783,29542593,40751217,50617763,53584490,49938675,42787488,33951305,25425746,18520985,12931266,8321806,5207710,3385431,2195494,1400753,891467,566779,344438,187700,94341,46952,27329,16087,9547,5652,3361,1996,1167,682,414,252,144,81,47"
un_sub_saharan_africa,1985,"0,0,0,0,0,94,544,1585,4188,14326,128268,694167,2203775,4890278,10016855,18815856,30118468,42223171,52286705,55118385,51425809,44157049,35131531,26228541,19159795,13385481,8713977,5503391,3516687,2249212,1437497,909337,571482,344510,185439,92225,46629,27151,15958,9437,5593,3323,1969,1150,668,405,246,140,78,47"
un_sub_saharan_africa,1986,"0,0,0,0,0,85,610,1789,4630,15850,158462,810812,2409452,5214440,10480792,19404549,30853052,42593423,53383121,56685784,53131881,45727779,36448016,27311751,19864275,13849179,8921453,5589215,3548686,2251836,1431461,913567,568676,339202,182910,90498,46881,27414,16156,9588,5689,3383,2002,1176,683,411,252,146,81,47"
un_sub_saharan_africa,1987,"0,0,0,0,0,89,642,1879,4762,14926,123013,743410,2388463,5394166,10863784,20208684,31619393,43872069,55344946,58536823,54597595,47060444,37558034,28255727,20502405,14047780,9048658,5663726,3581043,2295416,1479698,942759,585084,349308,188527,93069,48106,28090,16537,9803,5815,3464,2040,1204,697,419,256,149,83,49"
un_sub_saharan_africa,1988,"0,0,0,0,0,185,834,2310,5909,15243,109479,703565,2342452,5467982,10922409,20310788,32486994,45549131,56845077,60762725,56484859,48478442,38790129,29166664,20987669,14526069,9266692,5777468,3621065,2328283,1507024,961399,603834,364983,199189,99060,50137,29353,17322,10294,6118,3634,2166,1286,736,439,269,157,87,50"
un_sub_saharan_africa,1989,"0,0,0,0,0,149,859,2429,6055,16245,115192,712296,2408599,5836838,11806788,21508864,34091778,47385632,58528501,62177196,57751099,49277879,39493271,29597345,21480612,14785482,9387207,5909205,3718051,2388393,1543459,986484,620361,374625,204076,101311,51201,29973,17687,10510,6245,3715,2208,1321,755,446,273,161,89,53"
un_sub_saharan_africa,1990,"0,0,0,0,0,232,1044,2825,7365,21863,139218,810677,2674936,6317780,12800734,22865931,35274011,49354556,60398442,63893068,58372126,49672444,40122836,30343363,21877716,15127101,9740359,6082378,3803568,2423769,1564302,1001793,631368,381501,207837,102715,51721,30247,17827,10578,6280,3726,2225,1328,762,447,274,163,89,53"
un_sub_saharan_africa,1991,"0,0,0,0,0,334,1243,3164,8010,23744,150764,839627,2799650,6966707,14423528,24952280,38159657,52590804,63252040,65352767,58314691,49165932,39775356,30185151,21813867,15070067,9707086,6102952,3826424,2434881,1563778,998149,627391,377988,205404,101145,52206,30524,17989,10673,6329,3766,2243,1333,768,451,275,164,87,53"
un_sub_saharan_africa,1992,"0,0,0,0,0,48,566,1758,5868,22959,194168,1035568,3262204,7981945,16114464,27079666,40775917,55244094,65900110,66823502,58992038,49392799,39413405,29964864,21555433,14730452,9426653,5926338,3717647,2345674,1511367,969633,608670,365340,196123,95422,48805,28487,16794,9942,5890,3500,2075,1239,714,414,254,149,81,47"
un_sub_saharan_africa,1993,"0,0,0,0,0,10,419,1509,4848,26730,221403,1084556,3455588,8675565,17315953,28451463,42886527,57580690,68001169,68870706,61152449,51054527,40505929,29852673,20966821,14123559,8914084,5511323,3458421,2182197,1405697,903292,562530,332685,180807,90188,47295,28393,17097,10315,6202,3727,2230,1333,777,455,278,163,89,40"
un_sub_saharan_africa,1994,"0,0,0,0,0,0,255,1622,6138,28892,228150,1183283,3952465,9880946,19099829,30737784,45148846,58963509,68915763,69263594,61807132,52032967,41416860,30362761,21132329,14174381,8921439,5534495,3476579,2201009,1411989,895180,553242,325750,176558,88454,47884,28760,17329,10465,6312,3802,2260,1354,795,460,279,163,84,41"
un_sub_saharan_africa,1995,"0,0,0,0,0,0,174,908,4280,19709,214864,1208931,4165709,10334158,19113495,30357317,45294734,60025445,70878694,71908050,64200558,53467188,42397222,31313139,21882333,14629801,9352684,5911210,3767590,2390777,1535915,967728,592857,348449,189973,96362,51411,30858,18568,11207,6763,4074,2435,1447,857,491,288,173,91,44"
un_sub_saharan_africa,1996,"0,0,0,0,0,0,0,25,1893,12374,176754,1110810,4027509,10219312,18818967,30165997,45163431,60550426,72008382,74126642,67526007,56487311,44282308,32337677,22700967,15378733,9913559,6287840,4017755,2567848,1650168,1039522,627426,364015,198290,101034,55377,33124,19904,11993,7220,4356,2607,1541,913,527,309,184,100,49"
un_sub_saharan_africa,1997,"0,0,0,0,0,0,0,422,3556,13405,144278,1042982,4109086,10487483,18874730,30653727,45924481,61409205,74359378,77518545,70268165,58392224,45217443,32951915,23147625,15612985,10016705,6373534,4062666,2595436,1666171,1043297,625463,359996,195500,99677,55641,33276,19983,12038,7238,4365,2620,1544,912,527,309,176,98,53"
un_sub_saharan_africa,1998,"0,0,0,0,0,0,0,0,286,4044,139002,1060969,4201358,10630320,18833508,30304204,46339297,63066647,76624855,80354920,73576791,61041118,46724091,33715495,23486545,15806820,10109954,6359973,4009849,2537797,1618533,999750,595914,339858,182760,93490,53871,32249,19376,11683,7022,4240,2547,1500,882,511,294,167,94,52"
un_sub_saharan_africa,1999,"0,0,0,0,0,0,0,0,242,3909,119320,1014761,4254289,10772518,18810477,30179915,46536387,63639790,79220031,83917576,78448523,63930144,47582457,34385911,23917534,15742070,9987171,6320400,3949531,2477167,1558660,956599,566605,319466,169106,86305,50225,30082,18082,10893,6555,3941,2372,1394,801,463,270,158,88,47"
un_sub_saharan_africa,2000,"0,0,0,0,0,0,0,0,177,3826,118264,1071496,4766451,11627098,20008271,31348148,47110743,64371530,79376637,85751621,81305409,66711515,49451035,35627566,24489103,15957692,10097237,6376904,3951923,2454676,1532696,937038,552243,309746,162111,83866,49580,29706,17861,10768,6478,3905,2329,1384,796,451,267,154,86,47"
un_sub_saharan_africa,2001,"0,0,0,0,0,0,0,0,419,3606,117041,1252990,5041866,11530279,19603509,30803237,46756283,64502886,80719004,87929113,85021058,70866041,52344850,37384317,25556289,16561094,10360883,6512859,4002298,2458170,1527589,932973,548712,305500,158548,81849,48375,28979,17414,10493,6315,3800,2274,1345,780,442,258,150,84,44"
un_sub_saharan_africa,2002,"0,0,0,0,0,0,0,0,621,4923,98621,1177975,4757699,10827524,18642792,29598177,45867674,65925863,85260927,92195806,88833382,72843218,54663283,38834717,26384574,17033201,10584387,6640808,4135891,2582280,1632786,1018143,613726,353007,189281,96936,54669,32802,19730,11906,7179,4328,2584,1543,896,514,306,179,101,55"
un_sub_saharan_africa,2003,"0,0,0,0,0,0,0,0,574,5003,127766,1094651,4380029,10318312,17852021,28616388,44483588,65809014,87578524,95938615,94096267,78322508,57794828,40569451,27156179,17231958,10555231,6567765,4110358,2588148,1669297,1070020,655559,380491,205525,106108,57265,34389,20686,12485,7531,4533,2718,1623,947,542,325,188,109,59"
un_sub_saharan_africa,2004,"0,0,0,0,0,0,0,0,101,3300,84458,893861,3892829,9723328,17169548,27450662,42144210,62932584,83794223,97197133,97237249,87543972,65501898,44703913,29501229,18581137,11245063,6894163,4341890,2778990,1849584,1232568,788578,477757,269683,144372,75474,42364,25547,15423,9309,5610,3377,2024,1194,696,416,240,145,79"
un_sub_saharan_africa,2005,"0,0,0,0,0,0,0,3,389,2973,82534,781326,3486747,9091854,16383144,26682871,41521776,61711761,82851260,99110980,101093879,92177333,71186301,48319208,31922323,19739006,11807440,7202034,4533344,2933983,2005272,1386027,924367,583597,343076,190782,102948,55411,32848,19872,12022,7266,4378,2633,1567,926,555,326,195,110"
un_sub_saharan_africa,2006,"0,0,0,0,0,0,0,193,11085,41672,148226,727003,2857782,7889322,15028049,25262535,40020256,61213551,83690293,101485741,105233105,96456315,75155162,52025875,34518069,21424628,13023628,7825777,4881796,3175711,2194121,1557252,1079194,711595,439386,254758,140851,75548,41371,24885,15082,9129,5521,3327,1988,1184,710,422,249,145"
un_sub_saharan_africa,2007,"0,0,0,0,0,0,0,0,2004,44332,186532,664456,2201728,6238999,13660870,24197343,39687780,61808226,85305943,104836116,108913607,100853728,79367007,55067337,36524481,22736916,13942399,8357964,5116904,3322400,2279911,1591253,1090085,710754,436934,253559,140377,75260,42412,25782,15628,9455,5720,3451,2056,1228,736,440,259,148"
un_sub_saharan_africa,2008,"0,0,0,0,0,0,0,0,1805,43107,190502,681899,1964067,5277099,12061462,22211039,38249602,61468550,86759071,108094783,114320024,104969493,83229390,58722836,39018533,24449961,14989313,8875117,5413542,3492650,2394008,1664866,1137741,743462,460798,269246,149372,80302,42619,25358,15364,9283,5621,3387,2011,1199,718,429,251,142"
un_sub_saharan_africa,2009,"0,0,0,0,0,0,0,0,2248,59101,261961,834623,2208500,5551195,12131272,22333157,38347098,61991586,87458300,109435374,117037572,109247531,87200803,61676980,41051889,25777617,15729620,9260044,5588686,3578110,2433811,1687955,1154509,754884,467067,272169,150587,80341,42576,25185,15244,9212,5570,3347,1988,1184,710,426,246,139"
un_sub_saharan_africa,2010,"0,0,0,0,0,0,0,0,0,35307,229888,778526,2044308,4766551,10657891,20797560,36388633,60005399,87599482,111901246,122534887,114512310,91619932,66094465,44389879,27907598,17089782,9980387,5993772,3841672,2615278,1837355,1278616,854181,535710,316016,178602,97833,51683,29054,17604,10664,6454,3886,2323,1392,845,500,284,161"
un_sub_saharan_africa,2011,"0,0,0,0,0,0,0,0,0,6327,118136,615898,1960793,4680618,10061311,19742459,35157024,59063712,88414222,114488307,126711999,119978875,96785178,70085903,46981103,29507444,18031551,10361802,6188199,3951634,2660284,1862664,1291801,859974,539262,318704,181007,99813,53165,30011,18194,11029,6674,4013,2399,1442,871,517,295,170"
un_sub_saharan_africa,2012,"0,0,0,0,0,0,0,0,2621,13995,102489,581091,1925665,4578683,9441801,18696765,34004304,58136229,88508801,116147030,130672552,125544508,101940781,73662525,50111346,31622789,19306709,11186222,6612212,4176912,2778926,1925839,1323463,872792,544054,320870,182677,101379,54442,30863,18691,11324,6860,4123,2463,1486,891,532,299,172"
un_sub_saharan_africa,2013,"0,0,0,0,0,0,0,0,696,9781,104234,591341,1994933,4762922,9635674,18691262,33836516,58059699,89275873,117807978,133199260,128997749,106735961,77398626,52970319,33729977,20569640,11970173,7063622,4389400,2880456,1971927,1333997,867765,536260,315299,179045,99543,53831,30953,18752,11339,6871,4128,2473,1489,893,530,301,173"
un_sub_saharan_africa,2014,"0,0,0,0,0,0,0,0,866,6971,74164,496700,1882514,4756546,9633781,18660799,33687945,57683676,89096865,119345857,135828500,133397883,112030929,81571953,56107956,35939897,21889822,12806365,7498342,4627302,3013733,2031930,1351933,865260,526900,307272,173976,96887,53010,31294,18929,11453,6936,4151,2487,1502,899,533,304,176"
un_sub_saharan_africa,2015,"0,0,0,0,0,0,0,457,3312,8825,63235,485168,1923535,4889169,9903973,19308175,35043860,59995286,92311062,122520905,138978980,135524455,115249680,83539897,57824632,37065955,22510023,13275957,7766460,4763367,3084892,2067384,1365179,865795,522927,304116,171949,95944,52655,31063,18781,11351,6867,4118,2453,1481,896,527,302,171"
un_sub_saharan_africa,2016,"0,0,0,0,0,0,19,531,1579,3811,44989,451176,1936602,5062673,10323072,19952126,36209347,62230345,94959652,124184322,140942693,138730950,119908531,86722705,59775787,38226248,23137466,13577962,7904135,4849042,3128114,2088446,1376576,870877,525478,305994,173256,96947,52868,31273,18891,11410,6894,4134,2472,1485,889,530,304,171"
un_sub_saharan_africa,2017,"0,0,0,0,0,0,0,0,0,409,52127,503812,2062360,5270338,10887381,20810516,37215253,63465582,96108996,126180880,144546803,141366810,123552508,90992820,62189319,39406466,23789260,13967434,8130859,4953354,3173336,2118741,1396137,883426,533692,310665,175676,97995,53766,31699,19151,11583,6983,4204,2516,1507,905,537,308,175"
un_sub_saharan_africa,2018,"0,0,0,0,0,0,0,0,0,446,39405,462462,2039325,5365363,11243419,21395914,37920977,64417770,97628714,128290872,147687620,145783395,127764588,94572337,64534085,40679189,24529016,14433574,8456124,5163602,3281775,2177272,1431115,907231,548562,319595,181374,101883,55376,32068,19370,11714,7060,4257,2546,1532,915,540,307,174"
un_sub_saharan_africa,2019,"0,0,0,0,0,0,0,0,0,1711,45520,482469,2107906,5594594,11790567,22206426,39005228,65702593,99409208,131092339,151202812,150392408,131525478,98062335,66466495,41592435,25076786,14748897,8612966,5234470,3298303,2168583,1421772,902164,545993,317846,179973,100748,54517,31488,18995,11484,6904,4168,2492,1488,892,530,307,174"
un_sub_saharan_africa,2020,"0,0,0,0,0,0,0,0,0,2984,67680,590194,2492072,6595626,13308181,24936734,42961498,70295268,105150663,136951911,156148323,154392044,132042115,97538962,65303457,40120914,23927700,13815512,8000438,4888036,3101313,2034748,1324313,832689,499320,287920,162464,89962,49070,29165,17606,10657,6399,3854,2306,1377,830,490,284,163"
un_sub_saharan_africa,2021,"0,0,0,0,0,0,0,0,0,1398,52191,524793,2362305,6475734,13246057,24852056,43100503,70435530,106592316,142569221,162017184,159371493,135700832,100323421,67310350,41061897,24427081,14130569,8189090,5028926,3218500,2126147,1395623,884730,534180,310090,175187,97257,52888,31268,18873,11419,6863,4139,2479,1481,892,527,305,174"
un_sub_saharan_africa,2022,"0,0,0,0,0,0,0,0,0,1913,55310,455057,2164272,6279466,13165448,24717051,43060299,70759864,107859124,144691404,166063425,164654830,140837773,104567140,70145706,42906668,25556107,14725304,8458738,5167536,3322557,2206906,1445698,910904,547193,316947,178785,99772,54203,32028,19332,11697,7024,4242,2536,1515,912,542,316,181"
un_sub_saharan_africa,2023,"0,0,0,0,0,0,0,0,0,2223,55332,434619,2065312,6056551,12956216,24458188,42851526,70908136,108626354,145662159,169272859,170043767,147016081,110011232,73614414,45047439,26858405,15449112,8810025,5348925,3429406,2265492,1478575,928105,556032,321710,181438,101264,55068,32537,19618,11870,7131,4305,2571,1534,919,549,319,181"
un_sub_saharan_africa,2024,"0,0,0,0,0,0,0,0,0,13991,98486,547371,2257434,6302041,13108361,24870209,43708045,71578836,109188983,147079429,172263441,174614395,152866240,114296989,76749259,47268377,28079275,16080023,9180383,5521178,3493513,2282673,1486564,936499,563770,327179,184702,102474,55735,32921,19843,11996,7219,4344,2606,1546,927,557,321,182"
un_sub_saharan_africa,2025,"0,0,0,0,0,0,0,0,649,21508,114357,527942,2183221,6338785,13483387,25280502,44025293,71567231,109159463,149619324,175345963,179823924,157803932,119019883,80435128,49628792,29521067,16904449,9609656,5747951,3634117,2363814,1529120,954639,570231,329548,185660,102956,56040,33079,19929,12045,7244,4359,2615,1550,930,557,323,184"
un_sub_saharan_africa,2026,"0,0,0,0,0,10,218,827,2673,25213,116504,483628,1941783,5810661,12777316,24167815,42541452,69240138,106474628,147315194,176467363,184918459,165997136,127966932,87384414,54663029,32770246,18840972,10664298,6272158,3886639,2483470,1589486,985831,587705,339288,190942,105984,57895,34111,20527,12407,7467,4479,2692,1598,948,570,334,186"
un_sub_saharan_africa,2027,"0,0,0,0,0,8,249,998,2756,23147,108258,422098,1714908,5358207,12119313,23171938,41343274,67752108,105141317,146926018,178986787,190228420,173487610,135483551,93427667,58790863,35202056,20289509,11422930,6640884,4079415,2581553,1639429,1012914,602453,347481,195472,108443,59261,34889,20978,12666,7628,4572,2744,1634,970,581,342,187"
un_sub_saharan_africa,2028,"0,0,0,0,0,4,250,1088,3040,23459,106157,390587,1602931,5161032,11812025,22610496,40476371,66133921,102717258,145038298,179741227,194300542,180993908,144037787,100504278,63761656,38225360,22138621,12408281,7148294,4362099,2747674,1742230,1078414,643236,371666,209427,116353,63525,37098,22291,13455,8110,4850,2914,1735,1031,621,368,200"
un_sub_saharan_africa,2029,"0,0,0,0,0,2,228,1095,3048,20407,97129,347310,1422239,4756824,11251555,21687972,39116430,64133446,100024981,142554780,179969188,198334576,188898738,153223886,108578609,69461075,41683213,24258862,13555765,7723181,4664307,2902646,1820512,1119400,665293,383646,216115,120023,65586,38267,22976,13855,8351,4992,2996,1788,1056,635,379,209"
un_sub_saharan_africa,2030,"0,0,0,0,0,2,256,1223,3465,24983,110265,384117,1521113,4998343,11740980,22596975,40607508,66386574,103285741,146909920,184906738,203160532,192913887,155958047,110195115,70336100,42090658,24410596,13594253,7726839,4657013,2896159,1816589,1117608,664195,382902,215516,119708,65420,38187,22953,13843,8345,4991,2999,1782,1059,635,379,209"
un_sub_saharan_africa,2031,"0,0,0,0,0,2,285,1352,3829,25904,111183,377023,1438117,4764167,11389606,22071145,39902209,65498137,102466296,146975006,186940392,207202750,199152076,162980664,116366866,74767984,44866101,26138016,14561001,8227070,4930164,3054189,1915443,1181085,704215,406790,229489,127540,69605,40332,24229,14611,8815,5267,3162,1886,1120,671,401,223"
un_sub_saharan_africa,2032,"0,0,0,0,0,0,246,1324,3769,22660,101494,346080,1312891,4457787,10962687,21470886,39058093,64628442,101852538,147349913,189553755,211585569,205592675,169694682,122106497,79133826,47556729,27801103,15535361,8747318,5211248,3222395,2017536,1247604,746856,432784,244539,136148,74417,42686,25650,15448,9336,5580,3351,2000,1189,710,424,241"
un_sub_saharan_africa,2033,"0,0,0,0,0,0,206,1283,3745,19905,95081,323299,1245973,4341529,10863161,21365604,39050029,64803071,102011301,147667437,191142149,215375403,211152518,175896811,127814981,83214422,50305719,29514905,16497227,9264361,5484705,3361151,2086600,1283465,766003,443202,250351,139282,76137,43669,26216,15781,9528,5694,3419,2046,1210,725,431,248"
un_sub_saharan_africa,2034,"0,0,0,0,0,0,224,1397,4078,20776,95201,314131,1166591,4094526,10460716,20814910,38236733,63845220,100958276,147312817,192588662,219051771,217526073,183469538,134680677,88292439,53444614,31401973,17558146,9814379,5775392,3531536,2192004,1351894,809992,470089,266086,148269,81268,46157,27701,16667,10071,6020,3612,2166,1283,765,457,262"
un_sub_saharan_africa,2035,"0,0,0,0,0,0,181,1335,4012,18397,86860,291927,1107669,3992371,10381918,20738778,38058223,63436382,99668642,145845991,192525742,221446842,223286041,191137693,142122672,93978275,57198162,33691606,18894897,10515754,6145495,3738070,2313665,1428205,857961,499234,283304,157952,86663,48746,29245,17580,10623,6365,3813,2283,1357,808,482,284"
un_sub_saharan_africa,2036,"0,0,0,0,0,0,196,1443,4334,17229,81214,275849,1032311,3751326,9959884,20124273,37093005,62320485,98220221,144741014,192887553,224384719,229014655,198966863,149865859,100023705,61247201,36169057,20342604,11287962,6552362,3959905,2443290,1508876,908802,529908,301248,167991,92560,51493,30896,18585,11216,6734,4032,2416,1440,850,511,301"
un_sub_saharan_africa,2037,"0,0,0,0,0,0,148,1358,4227,17029,79373,264685,942545,3458102,9462851,19454317,36080242,61250605,97162719,144461122,194517818,228065998,234871663,206157591,156459669,105406128,64954387,38473352,21749933,12058409,6958629,4190141,2578594,1592939,962020,562516,320411,178909,98751,54618,32650,19626,11844,7121,4250,2556,1522,898,543,320"
un_sub_saharan_africa,2038,"0,0,0,0,0,0,104,1265,4103,15115,71963,245937,893735,3365729,9381726,19401853,36004100,61113038,96394531,143364860,194670261,230157383,239585199,213165393,163802986,111325832,69078506,40957788,23242246,12853248,7360349,4412539,2711672,1676269,1015267,595648,340017,190296,105062,57909,34436,20690,12484,7521,4489,2693,1606,949,573,340"
un_sub_saharan_africa,2039,"0,0,0,0,0,0,111,1356,4391,14509,67532,231492,821860,3119237,8907436,18764923,35021427,60036652,95042602,142157486,194489049,232529094,244627743,220966042,171970724,118059726,73801284,43781776,24917427,13742491,7791621,4630086,2822501,1731680,1043802,611074,348687,195083,107707,59393,35296,21194,12782,7705,4595,2755,1638,972,582,346"
un_sub_saharan_africa,2040,"0,0,0,0,0,0,80,1237,4233,14217,66802,227889,764724,2883109,8446139,18146572,34089910,59085547,94188172,141768184,195038165,235377649,249967723,228152904,179216929,123876067,77920765,46476643,26548438,14655137,8279776,4898338,2974069,1821687,1100571,646071,369567,207013,114459,62784,37154,22303,13437,8101,4828,2904,1727,1024,613,365"
un_sub_saharan_africa,2041,"0,0,0,0,0,0,57,1113,4061,12798,60015,211058,719215,2786339,8322092,18002061,33829975,58658197,93176422,140042607,194054005,236760328,254235979,235421038,187193804,130830704,82894428,49523111,28398448,15649949,8804308,5183578,3137581,1919933,1162406,684302,392361,219933,121843,66689,39194,23524,14171,8543,5099,3062,1825,1079,646,384"
un_sub_saharan_africa,2042,"0,0,0,0,0,0,60,1182,4316,12623,56639,200488,672530,2597228,7901970,17417686,32929843,57753407,92474589,140022353,195123985,239848235,259066395,242086781,193797096,136605132,87292687,52204825,30094051,16604890,9299735,5454018,3295658,2015975,1224256,723625,416074,233773,129738,70990,41410,24850,14962,9030,5396,3232,1935,1146,686,407"
un_sub_saharan_africa,2043,"0,0,0,0,0,0,38,1046,4112,12234,55193,194224,623237,2372980,7405058,16721653,31808548,56258166,90537591,137854873,193714410,241029937,263358577,249920203,202715036,144554085,93198711,55901474,32374901,17874310,9959285,5807539,3493800,2130866,1295008,767423,441967,248856,138279,75613,43805,26291,15816,9556,5713,3426,2048,1218,724,429"
un_sub_saharan_africa,2044,"0,0,0,0,0,0,20,912,3902,11132,49933,179167,582646,2280493,7274150,16611875,31626690,55892017,89649701,135724924,191700475,241156851,266523025,256934913,211261044,152503631,99153514,59639396,34651862,19145630,10579264,6116893,3642654,2201717,1329392,784951,451446,254127,141158,77232,44718,26825,16128,9728,5826,3483,2085,1238,732,436"
un_sub_saharan_africa,2045,"0,0,0,0,0,0,23,965,4121,11735,51658,180447,559408,2126625,6870859,16006861,30690292,54615595,88143983,134145632,190583736,242084404,270113095,263613635,219607662,160411260,105146183,63580048,37112073,20552180,11309936,6504360,3859850,2326660,1405825,831870,479348,270166,150295,82332,47251,28304,17018,10271,6152,3675,2199,1309,778,463"
un_sub_saharan_africa,2046,"0,0,0,0,0,0,9,822,3880,10875,46575,165899,516589,1946963,6433289,15383936,29754040,53287183,86598788,132332031,189155412,242766509,273258863,270233277,228234935,168732806,111513709,67793022,39677887,22004851,12061801,6887286,4067496,2448326,1481340,879140,507913,286738,159740,87731,49851,29885,17946,10827,6505,3881,2322,1383,818,488"
un_sub_saharan_africa,2047,"0,0,0,0,0,0,2,684,3636,10338,41726,152529,477205,1838505,6244318,15186522,29492470,52971519,86231664,131618670,188560673,243805475,276489708,275755814,235134526,175365038,117064604,71544822,41994984,23412202,12833370,7292692,4296508,2581541,1561980,929131,538162,304662,169888,93437,52643,31537,18943,11427,6872,4100,2449,1465,864,518"
un_sub_saharan_africa,2048,"0,0,0,0,0,0,2,720,3821,10870,43019,155106,473417,1737788,5922941,14658824,28710079,51953530,85241085,130993885,188349554,244819734,279840295,281643932,242493535,182496428,122495327,75374483,44518977,24894039,13650690,7731538,4538591,2719021,1642546,979022,568404,322628,179882,99334,55379,33157,19903,11997,7233,4309,2582,1541,907,542"
un_sub_saharan_africa,2049,"0,0,0,0,0,0,0,578,3558,10388,38607,142435,442221,1662550,5794187,14545843,28551921,51610290,84556082,129271944,186169780,244040614,281704930,287178039,250633498,190935268,129268214,79996067,47311550,26517220,14486409,8147867,4746844,2820121,1690132,1003018,580917,329461,183573,101351,56505,33797,20268,12207,7358,4381,2619,1562,923,552"
un_sub_saharan_africa,2050,"0,0,0,0,0,0,0,450,3285,9882,34666,130318,405905,1487320,5299361,13749268,27394245,49946201,82792402,127443634,184501034,243733697,284420232,293053411,259409244,199701297,136310505,84952392,50307952,28341806,15436543,8640395,5020509,2971522,1778350,1057394,613953,348592,194614,107736,59784,35649,21372,12878,7761,4620,2767,1649,979,583"
un_sub_saharan_africa,2051,"0,0,0,0,0,0,0,472,3442,10349,35926,132035,400102,1394958,4958689,13111260,26454389,48468078,80856335,124980900,181801711,242606676,286182809,298398976,268164043,208954626,144140829,90577046,53799669,30474377,16598560,9238614,5342260,3150512,1881144,1119232,651310,370476,207264,114775,63497,37683,22594,13594,8199,4890,2928,1746,1035,614"
un_sub_saharan_africa,2052,"0,0,0,0,0,0,0,344,3153,9808,32390,120350,372865,1322252,4814478,12933672,26230265,48031093,80038018,123285163,178997900,240636538,286601842,302712717,276185214,217876859,151910711,96242903,57265411,32617885,17778522,9833747,5664276,3331864,1984738,1182034,689435,393035,220148,122100,67267,39761,23826,14334,8649,5164,3085,1845,1093,652"
un_sub_saharan_africa,2053,"0,0,0,0,0,0,0,239,2863,9269,29242,109797,344223,1188212,4397434,12210576,25212865,46526930,78552549,122159647,178423196,241115417,289267906,307428301,283432722,225354601,158491573,101240091,60411826,34609795,18923175,10425687,5972014,3510459,2086779,1244268,727693,415804,233056,129541,71257,41826,25070,15079,9104,5436,3249,1948,1153,685"
un_sub_saharan_africa,2054,"0,0,0,0,0,0,0,251,2988,9675,30325,111853,343945,1126986,4121019,11629484,24370392,45172650,76796359,119914452,175899650,239883990,290793411,311792097,291291907,234453281,166597421,107280413,64198087,36904312,20151082,11013695,6262370,3651690,2153926,1276901,744283,424712,237958,132192,72682,42644,25520,15330,9249,5533,3299,1970,1170,692"
un_sub_saharan_africa,2055,"0,0,0,0,0,0,0,175,2667,9110,27474,102079,317959,1049515,3942954,11353824,23963710,44465827,75676919,118006224,172531666,237062083,290250826,314988890,298895138,243863713,175444604,114020607,68484479,39562379,21643980,11764742,6652256,3858325,2268375,1344953,785529,448775,251745,140075,77028,44864,26877,16136,9729,5826,3470,2077,1237,728"
un_sub_saharan_africa,2056,"0,0,0,0,0,0,0,122,2345,8553,25005,93225,296950,972999,3670698,10825764,23300347,43410537,74580921,117071768,171847298,236410905,291053310,318602677,305360500,251622466,182727504,119336859,72187404,41916228,22980081,12484352,7038388,4071244,2388049,1415870,828704,474111,266429,148316,81482,47167,28229,16942,10213,6127,3650,2185,1303,767"
un_sub_saharan_africa,2057,"0,0,0,0,0,0,0,77,2038,8000,23816,90245,288148,909641,3376519,10169450,22361887,41877173,72559442,114572231,168840938,233869732,290878272,322164967,313206529,261287582,191868852,126208752,76675564,44724854,24589824,13318006,7472181,4310362,2520001,1491614,874543,501088,281730,156949,86318,49521,29639,17776,10707,6438,3833,2287,1368,803"
un_sub_saharan_africa,2058,"0,0,0,0,0,0,0,80,2120,8317,23713,87278,278363,872439,3286690,10001385,22105126,41479939,71793034,113106871,165991475,231096641,289979491,324665789,319729279,270045731,200572353,133087457,81166878,47396063,26112218,14073892,7854342,4500477,2610755,1535369,897101,513249,288533,160700,88448,50740,30341,18183,10948,6583,3920,2332,1400,818"
un_sub_saharan_africa,2059,"0,0,0,0,0,0,0,42,1814,7745,22489,84052,267927,818489,3029185,9396056,21263532,40182356,70134703,111263245,163932947,228962183,289183096,326568312,325606854,278852849,209772598,140375983,86208859,50530669,27941351,15022628,8339774,4764349,2756687,1619152,947467,542931,305522,170337,93974,53450,31937,19137,11511,6934,4121,2461,1472,865"
un_sub_saharan_africa,2060,"0,0,0,0,0,0,0,16,1524,7179,20532,76715,249328,760277,2776401,8766507,20308916,38655811,68133419,108949663,161795679,227423624,289972745,329986051,332061211,287282378,217645160,147048619,90796525,53382813,29677096,15936227,8788517,5008397,2893739,1697153,994971,571511,322123,179746,99315,56091,33512,20065,12082,7277,4325,2589,1550,912"
un_sub_saharan_africa,2061,"0,0,0,0,0,0,0,4,1251,6623,18941,69432,230064,708916,2642360,8503187,19937368,38050686,67128616,107361189,158981192,224268306,288498806,331262427,337188820,295916461,227061551,154732222,96198165,56642318,31575126,16908391,9254294,5238312,3003239,1750204,1021071,585105,329559,183736,101518,57317,34212,20472,12304,7417,4401,2636,1572,928"
un_sub_saharan_africa,2062,"0,0,0,0,0,0,0,4,1295,6861,19578,70960,231598,693239,2488814,8049395,19199089,36958943,65557137,105340913,156506916,221073820,286078964,331789096,341637984,304655785,236877250,163148608,102365554,60503076,33931596,18184009,9894751,5578783,3188292,1851956,1080930,620271,349912,195014,108144,60509,36098,21599,12981,7822,4654,2772,1654,981"
un_sub_saharan_africa,2063,"0,0,0,0,0,0,0,0,1027,6297,18335,63837,213001,649915,2293561,7544063,18458970,35843878,64141129,103810697,155092003,219410735,285383516,333446890,346486354,312181747,245024983,170020676,107348008,63869585,35984799,19331664,10495731,5903249,3367451,1950382,1139035,654865,369773,206222,114497,65054,38803,23220,13946,8408,5013,2988,1791,1059"
un_sub_saharan_africa,2064,"0,0,0,0,0,0,0,0,787,5738,17221,57566,195228,600388,2149466,7238102,18006454,35161619,63015796,102075991,152371722,215639798,282995181,333870257,350860352,320789547,254642863,178354466,113318538,67479383,38216152,20519410,11096557,6229416,3547720,2050387,1198771,690776,390517,218093,121078,68403,40727,24363,14623,8816,5269,3138,1878,1118"
un_sub_saharan_africa,2065,"0,0,0,0,0,0,0,0,570,5196,16133,54899,186503,566669,1941183,6625117,16971313,33610288,60727891,99253523,149412533,212376411,281367722,334886701,355580855,329573323,264444740,187210316,119787470,71430405,40584302,21769661,11701110,6531340,3692506,2116738,1230849,707070,399073,222757,123700,69904,41586,24870,14919,8991,5374,3199,1914,1137"
un_sub_saharan_africa,2066,"0,0,0,0,0,0,0,0,590,5367,16667,53276,180955,549810,1819755,6194384,16176379,32569997,59413573,97917818,147811066,209697678,278343473,333476580,357477595,336687176,273920658,196445766,126807108,75992473,43441383,23341966,12476597,6929644,3904267,2231661,1297988,747041,422422,235978,131211,73687,43784,26180,15705,9454,5667,3370,2015,1201"
un_sub_saharan_africa,2067,"0,0,0,0,0,0,0,0,407,4814,15632,48588,166496,508993,1688966,5887509,15667969,31790233,58187852,96013691,145011212,205155510,274585064,331822269,360113698,344430547,284022137,206268991,134245978,80773929,46416417,25032908,13317881,7365207,4139676,2356287,1368479,788799,446644,249512,138915,77693,46017,27504,16481,9924,5946,3539,2117,1266"
un_sub_saharan_africa,2068,"0,0,0,0,0,0,0,0,282,4253,14558,46026,159264,483511,1528117,5344101,14633713,30273851,55889937,93208339,142137918,202479299,274091802,333885869,364574794,351763676,292386244,213976756,140417270,84773091,48914323,26455098,14026063,7716944,4311363,2438230,1407723,808310,456741,254894,141797,79277,46872,27979,16746,10079,6049,3594,2145,1284"
un_sub_saharan_africa,2069,"0,0,0,0,0,0,0,0,194,3699,13534,41919,146883,452009,1395503,4884925,13706142,28914988,53776585,90672751,139255528,198737204,270794538,332696514,366919377,358699107,302146568,223947703,148239346,90013977,52164983,28337009,14998152,8207046,4573405,2578839,1486188,854373,483077,269782,150294,83860,49395,29492,17659,10618,6379,3791,2260,1351"
un_sub_saharan_africa,2070,"0,0,0,0,0,0,0,0,200,3814,13926,41471,145172,448996,1386249,4854367,13620138,28738898,53454561,90086791,138448793,197358969,269340674,331836196,368654865,363593625,309047094,231092777,153714516,93880000,54704023,29835820,15809588,8650619,4817380,2709962,1560102,898357,508543,284341,158396,88105,51720,30851,18478,11106,6680,3964,2369,1415"
un_sub_saharan_africa,2071,"0,0,0,0,0,0,0,0,125,3136,12176,37074,133511,416415,1259721,4412054,12719925,27476288,51537738,87756297,135583451,193676005,265786368,330137524,370485538,369877883,318752501,241186537,161751779,99314199,58020310,31749122,16784116,9133731,5060368,2827802,1613917,925284,522442,291831,162385,90293,52909,31529,18845,11322,6805,4035,2409,1441"
un_sub_saharan_africa,2072,"0,0,0,0,0,0,0,0,65,2534,10537,31767,118820,384041,1166795,4060621,11908155,26241111,49511111,85226146,132491302,190095205,262205435,328356392,371822191,375374535,327792675,251016308,170093195,105260588,61732681,34001019,17984976,9739377,5381491,2993413,1703286,977115,552294,308343,171640,95348,55557,33089,19772,11872,7143,4239,2529,1508"
un_sub_saharan_africa,2073,"0,0,0,0,0,0,0,0,26,2041,9074,27010,103456,343757,1046738,3646315,10975550,24826634,47317137,82555522,129737984,187407616,259037309,326231121,372420336,379841491,336644873,261005805,178654635,111496321,65598263,36330156,19215532,10356238,5710442,3162158,1793773,1029298,582621,325175,181148,100804,58754,34975,20914,12546,7552,4484,2673,1598"
un_sub_saharan_africa,2074,"0,0,0,0,0,0,0,0,6,1529,7588,23291,95163,324809,995209,3498036,10672785,24336683,46416577,80948429,127199520,183394480,254144966,322926045,372345930,383661759,345078667,271091428,187593788,117988138,69660353,38790011,20500811,10978985,6022230,3309598,1863992,1063530,600298,334755,186247,103595,60301,35850,21415,12833,7731,4595,2732,1636"
un_sub_saharan_africa,2075,"0,0,0,0,0,0,0,0,6,1571,7798,23078,92528,319530,980616,3355074,10224655,23625411,45264920,79406565,124947510,180515455,250051391,320189878,371939815,387018138,353084294,280398233,196101678,124231398,73516056,41193368,21800063,11609597,6354318,3484502,1957379,1117980,632406,353288,196567,109205,63287,37617,22461,13466,8100,4825,2868,1714"
un_sub_saharan_africa,2076,"0,0,0,0,0,0,0,0,0,1256,7104,21294,86626,301678,920402,3063233,9441400,22309085,43139127,76514615,121568812,177386006,246699568,319018246,374001984,392474352,361816942,289377274,203821461,129853161,76878843,43188600,22853356,12118809,6603257,3606135,2010877,1142794,644195,359020,199438,110693,64066,38028,22677,13585,8163,4874,2882,1730"
un_sub_saharan_africa,2077,"0,0,0,0,0,0,0,0,0,938,5965,17757,72363,262747,823315,2720468,8595195,20922026,41020742,73736957,118603743,174951781,244206427,317842080,375196001,396404950,368846608,297811077,211547836,135660110,80864206,45697947,24256121,12839868,6992563,3816932,2120950,1205620,680892,380109,211041,117228,67459,40029,23863,14285,8582,5132,3030,1821"
un_sub_saharan_africa,2078,"0,0,0,0,0,0,0,0,0,688,4964,15113,63249,242139,781186,2617302,8365966,20537876,40239853,72244940,116315575,171508059,238825775,312671078,372233491,398143261,376494142,308108036,221529765,143349354,85782692,48754206,25928400,13660350,7416372,4037116,2237872,1271492,719196,401846,223200,124059,70952,42085,25074,15003,9017,5391,3191,1909"
un_sub_saharan_africa,2079,"0,0,0,0,0,0,0,0,0,526,4172,12989,56883,225399,726498,2377180,7695591,19403097,38545716,69660467,113085094,167898558,233977250,309313982,371416769,400965350,383833019,317899843,231271090,150858404,90658484,51744314,27562033,14455456,7804621,4221288,2322413,1310803,738592,411901,228455,126819,72204,42746,25450,15226,9136,5476,3231,1932"
un_sub_saharan_africa,2080,"0,0,0,0,0,0,0,0,0,540,4274,13288,52725,212067,688651,2222953,7207482,18463140,37113126,67515809,110264372,164471550,229021434,305099628,369388743,403218775,391065235,327600175,240977590,158575921,95648989,54797253,29288756,15290738,8230013,4441422,2436329,1375647,776549,433605,240755,133676,75701,44812,26682,15955,9579,5734,3396,2027"
un_sub_saharan_africa,2081,"0,0,0,0,0,0,0,0,0,337,3314,10783,42238,182918,620261,1998543,6566714,17258738,35237491,64492482,106503872,160366860,224192334,301368223,367905099,405797611,398607488,338082363,251360577,166449421,100711678,57785751,30888417,16046427,8589817,4615270,2515596,1412584,794875,443186,245911,136405,77160,45595,27115,16185,9711,5817,3440,2053"
un_sub_saharan_africa,2082,"0,0,0,0,0,0,0,0,0,238,2920,9952,39516,172414,586760,1888251,6320573,16868670,34626504,63393947,105013440,158678195,221345359,297872349,364869432,406005874,402795641,345684379,259942241,173395408,105666539,60971641,32731542,16993342,9082691,4880274,2649804,1484118,835766,466395,258767,143644,80782,47724,28385,16941,10159,6092,3604,2151"
un_sub_saharan_africa,2083,"0,0,0,0,0,0,0,0,0,108,2065,7640,31088,148980,530213,1706921,5767607,15812901,33126537,60925315,102006411,155409505,217741727,295397274,364726344,408336785,408429973,353678683,268075402,180345587,110464606,63925686,34463726,17847866,9486412,5095493,2766881,1548146,873074,487975,270671,150352,84209,49621,29501,17596,10546,6336,3749,2232"
un_sub_saharan_africa,2084,"0,0,0,0,0,0,0,0,0,58,1771,7007,26826,132137,481454,1543544,5237266,14703457,31457648,58159669,98361235,151172597,212649870,290118414,361520923,409140260,414083307,363570790,279103789,189637482,116855100,67738143,36661926,18927782,10001078,5351035,2885393,1603284,900712,502710,278617,154701,86632,50990,30270,18060,10819,6490,3844,2284"
un_sub_saharan_africa,2085,"0,0,0,0,0,0,0,0,0,24,1492,6404,25059,126807,462478,1463399,4890378,13901013,30349976,56285416,95549759,147422718,207765997,284282891,357290249,408459016,418169607,372598348,289884274,199063086,123638885,71893399,39139742,20182733,10605061,5672144,3051270,1690511,949537,530116,293856,163276,91205,53515,31758,18949,11340,6814,4043,2402"
un_sub_saharan_africa,2086,"0,0,0,0,0,0,0,0,0,24,1531,6587,24643,126445,463880,1465536,4858689,13783259,30079979,55608725,94201463,144815321,203050008,278146885,352319764,406986019,421326507,380736322,299915374,207866541,129878888,75612767,41363395,21345546,11185804,5965033,3188087,1751430,979025,544815,301414,167096,94286,55440,32866,19589,11710,7031,4180,2474"
un_sub_saharan_africa,2087,"0,0,0,0,0,0,0,0,0,0,805,3982,15741,98609,391673,1280115,4318256,12609997,28357496,53094197,91225771,142274307,201686875,276584017,351375857,407508343,424458301,386950599,307637345,214771800,134977451,79022947,43411727,22435154,11720427,6257534,3342530,1834236,1025606,571489,316511,175396,98484,57836,34281,20421,12214,7337,4361,2579"
un_sub_saharan_africa,2088,"0,0,0,0,0,0,0,0,0,0,642,3664,14480,92943,372133,1199502,3965533,11706225,26915368,50828174,87929441,138070235,197167475,271156963,347927869,406832741,427768334,395070048,317683468,224422410,142187771,83366122,45984424,23756504,12342568,6564840,3484877,1897658,1056327,587580,325204,180167,101157,59344,35147,20924,12510,7505,4472,2637"
un_sub_saharan_africa,2089,"0,0,0,0,0,0,0,0,0,0,497,3303,12702,83330,343850,1112015,3605551,10792185,25457468,48556762,84638909,134142493,193198244,265779954,343579792,404685014,429531964,402408625,327798731,234648209,150102465,88339992,49039294,25412184,13142564,6983547,3704410,2010025,1117627,622070,344340,190684,106669,62407,36922,21971,13134,7876,4702,2777"
un_sub_saharan_africa,2090,"0,0,0,0,0,0,0,0,0,0,174,1476,7152,66752,298491,993531,3214896,9853071,23930579,46388585,81523787,130375246,189553771,261366607,340472727,403288810,431274670,409231798,337047115,244172661,157294003,92849847,51772664,26880765,13846343,7324757,3867363,2082853,1153358,640182,353738,195638,109350,63861,37723,22429,13392,8030,4793,2825"
un_sub_saharan_africa,2091,"0,0,0,0,0,0,0,0,0,0,123,1303,6119,63514,291893,979579,3166815,9745970,23903177,46367811,81044304,129427996,187731626,258019147,337586687,401541948,432805926,413119104,342793408,250060833,162293240,96399705,54130581,28223043,14536023,7711314,4077971,2192722,1211282,672271,371319,205067,114540,66828,39461,23449,13993,8381,5013,2952"
un_sub_saharan_africa,2092,"0,0,0,0,0,0,0,0,0,0,79,1287,7066,62433,290815,966973,2998104,9152543,22772648,44499017,77903637,125215611,183277996,252146255,332628465,399246826,434013373,419748562,352474863,260204994,170499123,101482285,57223262,30001866,15397646,8146642,4289565,2283995,1256304,695809,384217,212094,118424,68997,40689,24164,14408,8627,5158,3037"
un_sub_saharan_africa,2093,"0,0,0,0,0,0,0,0,0,0,83,1468,9975,71763,317400,1018818,2987588,8867007,22085982,43230440,75300716,121308653,178792975,246543770,327304659,395845756,433955551,424969273,361590378,270209235,178823191,107082932,60750127,31993288,16369768,8645628,4558320,2413232,1321772,731353,403416,222454,123751,71895,42357,25127,14978,8959,5360,3159"
un_sub_saharan_africa,2094,"0,0,0,0,0,0,0,0,0,0,47,1224,10140,67160,303143,982039,2813883,8268618,20860799,41422042,72421358,117337449,174279890,240672525,321828964,392153402,434465297,430675130,371321300,280731780,187409982,112784296,64122072,33922222,17349411,9122779,4795783,2522129,1371839,756821,417050,229672,127607,73994,43527,25798,15365,9179,5504,3238"
un_sub_saharan_africa,2095,"0,0,0,0,0,0,0,0,0,0,19,922,8723,58079,276329,916589,2602817,7633170,19638792,39759442,69974270,114318737,171185956,237287232,319029728,390798067,435672335,434740168,377810151,288274396,193809943,117503233,67197941,35656836,18218411,9579925,5036473,2643243,1435680,792007,436598,240255,133167,76910,45233,26787,15955,9542,5710,3376"
un_sub_saharan_africa,2096,"0,0,0,0,0,0,0,0,0,0,3,726,7603,52613,256317,856888,2403495,6987612,18243303,37742866,66946275,110101994,166316342,231280237,312848429,386616223,435190754,439422138,387259487,299158716,203268330,124118777,71262046,38037164,19405785,10154515,5330263,2775963,1494087,821047,451817,248262,137428,79222,46504,27500,16360,9771,5843,3462"
un_sub_saharan_africa,2097,"0,0,0,0,0,0,0,0,0,0,0,367,6754,47391,239477,815607,2311228,6795696,17887757,37156606,65862922,108241247,163352856,226756638,308058614,383717487,435467318,443463490,394322288,306471033,209570072,128480475,73949153,39670869,20224752,10551642,5547802,2889224,1553296,853614,469062,257532,142342,81702,47937,28324,16854,10063,6022,3574"
un_sub_saharan_africa,2098,"0,0,0,0,0,0,0,0,0,0,0,353,6697,44702,223816,764644,2138350,6202771,16574102,35283925,63247341,104727662,159141905,221602062,301836713,379468759,434406686,446371241,402563272,316683676,218866314,135253520,77986383,42115296,21503213,11172121,5865335,3038879,1623797,888941,487858,267585,147773,84713,49625,29298,17407,10384,6209,3685"
un_sub_saharan_africa,2099,"0,0,0,0,0,0,0,0,0,0,0,254,6281,43749,213044,717947,1969461,5620549,15215882,33234365,60391092,101058167,155684415,218766671,298194841,376244970,432858081,448903609,409122324,325356778,226724156,141205207,81844640,44429475,22747413,11790161,6196223,3211625,1709946,935477,513614,281923,155462,88826,52034,30712,18244,10888,6502,3870"
un_sub_saharan_africa,2100,"0,0,0,0,0,0,0,0,0,0,0,259,5766,39957,195239,665309,1824009,5157040,14134088,31603528,58180002,97928595,151583492,213683123,291315149,370910285,430877025,451615963,417194415,335528719,236133724,148106129,86001157,46892235,24057367,12422694,6518114,3363540,1771371,964204,527768,288851,158822,90499,52852,31144,18465,11006,6569,3912"
