income_groups,time,income_mountain_50bracket_shape_for_log
high_income,1941,"0,0,0,0,0,2354,11507,20359,24190,29832,36095,41428,44975,48311,50868,57649,71954,87181,132498,208917,398633,826451,1656341,3451291,6431824,10678704,15853940,20786797,22238774,19353847,13384020,7910440,4107949,1767759,699779,272810,112273,42833,11983,6334,2926,1073,327,102,33,9,0,0,0,0"
high_income,1942,"0,0,0,0,0,700,8760,19114,23416,28777,35048,41274,45067,48703,51627,55817,69055,84086,115063,188324,342095,710390,1417909,2898261,5550327,9411016,14235761,19686127,22534784,21010660,15514846,9454922,5137308,2295749,914323,351707,142156,56862,16499,6873,3260,1279,395,115,31,10,0,0,0,0"
high_income,1943,"0,0,0,0,0,0,5997,16838,22893,27802,33971,40684,45374,49022,52273,55035,66459,81917,102056,167593,282462,580294,1172712,2339613,4682988,8186099,12772752,18339650,22504161,22356897,17744845,11287393,6369386,3013410,1220832,471111,186870,76287,24255,7725,3884,1670,590,192,55,21,1,0,0,0"
high_income,1944,"0,0,0,0,0,0,4184,14918,22881,27360,33598,40558,45927,49571,53120,55635,65506,80104,94111,148165,237925,486580,1015390,2030304,4181482,7483885,11985105,17480254,22361795,23102245,19241142,12676644,7280640,3580289,1465009,564436,219114,89316,30513,7754,3954,1714,613,189,51,15,2,0,0,0"
high_income,1945,"0,0,0,0,0,0,5266,16608,23844,28741,35189,42345,47600,51365,54920,57588,68726,84254,101168,162652,266257,547811,1127507,2242940,4543672,8001713,12608423,18248129,22902392,23220159,18899271,12217109,6967353,3359763,1363741,526598,206879,84288,27460,7662,3914,1705,609,194,51,17,1,0,0,0"
high_income,1946,"0,0,0,0,0,781,9780,21340,26143,32123,39123,46075,50309,54367,57634,62309,76984,93055,125681,202896,365083,756554,1506600,3077646,5871565,9905319,14940291,20688113,23770954,22249883,16492365,10062074,5480543,2440059,965442,370630,148992,58599,15845,6281,2976,1164,360,104,28,8,0,0,0,0"
high_income,1947,"0,0,0,0,0,1383,11160,22714,27347,33758,40998,47825,52133,56196,59760,65948,82175,99490,138330,217177,394292,815813,1632624,3378439,6418411,10882078,16443517,22270196,24867478,22721425,16529932,9970291,5355183,2360747,945287,371470,153482,61006,17774,8308,4643,2668,500,116,31,7,0,0,0,0"
high_income,1948,"0,0,0,0,0,825,10321,22524,27589,33905,41290,48629,53097,57398,61125,66551,82691,100397,134275,210907,372396,768666,1538112,3164183,6101736,10460904,15979166,22054738,25245091,23595061,17544076,10694185,5817161,2594649,1034977,402793,164263,65654,18835,7957,4521,2677,514,127,34,9,0,0,0,0"
high_income,1949,"0,0,0,0,0,2154,13041,24674,29453,36399,44091,51014,55489,59695,63349,70973,88362,105401,149988,231147,428219,887833,1776734,3702661,6939791,11644980,17460074,23358816,25618382,22960743,16355649,9750939,5149088,2223398,881687,345369,142413,54913,14633,7302,4160,2494,434,100,27,5,0,0,0,0"
high_income,1950,"0,0,0,0,0,323,9826,22763,28634,35104,42744,50798,55679,60252,64227,68998,85424,103559,133894,213502,369965,758205,1513405,3077949,5989537,10259002,15720785,22021087,25859901,24734759,18858638,11653392,6425397,2909012,1157242,448037,181602,72305,20503,7449,4289,2763,773,128,31,9,0,0,0,0"
high_income,1951,"0,0,0,0,0,0,7472,20973,28514,34630,42310,50678,56512,61058,65268,69160,83929,102925,125714,200357,330100,670020,1348713,2692568,5402020,9409290,14722644,21076551,25870025,25779068,20652418,13197257,7456834,3522266,1417297,548108,218262,88820,27608,8433,4821,3065,1172,153,38,12,0,0,0,0"
high_income,1952,"0,0,0,0,0,0,6383,20129,28903,34838,42656,51329,57697,62263,66740,70438,84529,103541,122966,193213,310439,628307,1284330,2553196,5185775,9115042,14407984,20757162,26004280,26406362,21663073,14069942,8031775,3876070,1568274,609006,241601,98535,31788,8607,4978,3182,1233,176,44,14,1,0,0,0"
high_income,1953,"0,0,0,0,0,0,6567,20713,29740,35848,43889,52815,59370,64064,68610,72354,86827,105955,124738,194360,309791,628913,1288727,2571136,5234937,9202639,14561945,21067198,26440701,26890017,22082060,14376376,8204075,3953456,1593839,617768,244626,99470,31808,8453,4834,3128,1562,164,38,9,0,0,0,0"
high_income,1954,"0,0,0,0,0,0,6766,21338,30636,36926,45214,54408,61157,65996,70623,74433,89315,109230,129240,202161,322105,651305,1327039,2631410,5330410,9329013,14715482,21334613,26844102,27363535,22507741,14701364,8408869,4058883,1637552,636397,252853,102927,32929,8720,4876,3110,1945,170,43,13,0,0,0,0"
high_income,1955,"0,0,0,0,0,0,5696,20309,31146,37244,45734,55207,62517,67476,72327,76084,90083,110110,127849,195852,304588,608322,1249478,2474947,5080965,8990099,14349949,20979896,26969186,28081393,23674568,15813994,9131701,4506985,1830239,708717,279281,113649,37822,8774,4804,3031,2192,288,39,8,0,0,0,0"
high_income,1956,"0,0,0,0,0,0,5868,20923,32087,38371,47121,56880,64408,69523,74497,78297,92675,113236,131315,200882,311277,621327,1274738,2520443,5168194,9118480,14525530,21257619,27409602,28598487,24146465,16168591,9360883,4624369,1876039,726578,286922,116804,38817,8985,4835,2997,2309,568,39,8,0,0,0,0"
high_income,1957,"0,0,0,0,0,0,6043,21542,33036,39506,48512,58561,66312,71575,76699,80563,95341,116464,134946,206158,318624,635058,1302007,2571856,5269188,9277601,14759018,21598033,27892202,29129584,24620579,16506888,9573441,4732504,1917941,742498,293448,119373,39531,9003,4855,2982,2349,740,39,7,0,0,0,0"
high_income,1958,"0,0,0,0,0,0,7628,24057,34536,41629,50970,61333,68945,74399,79549,83652,100280,122085,142747,220549,345650,698464,1422430,2819228,5709468,9925236,15591704,22689703,28784784,29517089,24391153,16043267,9232410,4460469,1787652,692957,275677,111579,34948,8725,4751,2962,2371,747,33,6,0,0,0,0"
high_income,1959,"0,0,0,0,0,0,5089,20958,34601,41100,50623,61167,69716,75457,80979,85154,98850,121374,140142,209564,320369,625731,1285301,2519037,5177360,9155553,14650605,21522401,28381479,30296737,26292817,18047907,10609444,5381898,2208473,857187,339389,139166,48340,10182,5491,3214,2492,1162,44,7,0,0,0,0"
high_income,1960,"0,0,0,0,0,0,4032,19701,34852,41411,51071,61792,70918,76989,82703,87173,99232,122364,141480,204729,310824,591740,1219526,2386599,4921270,8809772,14232047,21018004,28269695,30863384,27454460,19281753,11474117,5956330,2478189,962208,379057,155116,56095,11208,5822,3317,2527,1606,46,7,0,0,0,0"
high_income,1961,"0,0,0,0,0,0,4144,20252,35822,42568,52493,63513,72895,79137,85008,89549,101882,125754,145735,211159,320638,608439,1249434,2436356,5011094,8936466,14390583,21230160,28642570,31359490,27966717,19668012,11752249,6115732,2546245,989145,391237,160928,58644,12063,6261,3439,2536,2040,90,7,0,0,0,0"
high_income,1962,"0,0,0,0,0,0,3114,18847,35663,42566,52606,63724,73725,80196,86249,91119,101778,125883,146785,204615,311131,574731,1184135,2312583,4753889,8611483,14000690,20741965,28426126,31833684,29069359,20940272,12671758,6751285,2863377,1114997,440287,181302,67634,14794,6948,3712,2635,2314,367,13,0,0,0,0"
high_income,1963,"0,0,0,0,0,0,2154,17384,35371,42584,52571,63846,74479,81186,87490,92617,101835,125971,148101,198618,303474,544756,1124467,2205180,4511990,8308096,13630432,20280320,28130992,32204364,30064886,22206738,13608877,7400994,3203225,1250918,494104,203236,77351,17938,7336,3848,2676,2421,571,23,5,0,0,0"
high_income,1964,"0,0,0,0,0,0,473,15048,35431,45299,55290,67158,79653,87374,94917,106133,116885,142884,170367,210216,315745,526241,1057792,2103793,4312918,8255939,13882148,21663613,30319013,35299570,33597621,25714326,15984679,8858266,3983032,1565557,615536,252371,99264,26329,8543,4408,2853,2568,1033,40,11,0,0,0"
high_income,1965,"0,0,0,0,0,0,0,13470,34201,45374,55249,67128,79988,89286,102048,120625,134361,162919,198155,256072,420936,687958,1324430,2735839,5857298,12310366,23896770,37500347,48463633,52355447,47158245,34588485,20429217,10945757,4925856,1960695,797141,335567,130203,35341,10938,5509,3274,2763,1344,72,20,0,0,0"
high_income,1966,"0,0,0,0,0,0,0,9600,30725,44846,53922,65809,79011,89166,100813,119815,134036,159387,194663,240190,395959,627396,1179665,2468847,5230197,11297554,22209936,35970608,47419174,52559609,48899697,37372434,22864365,12522462,5905819,2384655,968306,404494,160660,48400,12715,6375,3577,2847,1620,79,22,1,0,0"
high_income,1967,"0,0,0,0,0,0,0,7951,28808,44898,53641,65636,79061,89861,101608,120547,135264,158808,194109,237636,387864,606467,1125511,2365229,5012778,10962377,21764241,35440963,46980314,52727805,49745070,38732573,24133956,13344321,6434937,2626449,1074020,456817,186854,59972,14001,6708,3699,2890,1903,80,23,2,0,0"
high_income,1968,"0,0,0,0,0,0,0,6293,26638,44780,53333,65447,78926,90142,101747,119733,135962,157572,192627,230229,371415,579442,1050456,2185086,4555569,10046941,19901957,34030309,46385315,53150732,51496180,40980776,26096329,14492372,7114862,2924521,1194168,515162,220022,76438,18175,7629,4026,3004,2203,95,24,3,0,0"
high_income,1969,"0,0,0,0,0,0,0,4897,24745,44523,53185,66427,81581,95366,108895,129603,151438,174598,212518,270624,437892,653131,1110688,2181620,4430066,9657483,19336879,35535198,50025240,57405191,56077996,45126645,29121939,16095494,8004211,3316221,1345890,585164,260647,101016,27358,11312,4431,3123,2619,287,36,4,0,0"
high_income,1970,"0,0,0,0,0,0,0,6367,27284,46064,55137,68620,84166,97774,111149,131618,153529,180161,219237,276101,455053,694535,1213205,2366218,4775740,10269550,19895901,36449441,52052979,59768749,57889943,46067431,29356007,16085088,7859929,3232556,1321226,586037,271216,111587,37064,16237,5687,3185,2813,699,51,10,0,0"
high_income,1971,"0,0,0,0,0,0,0,5631,28534,51156,61543,76351,93586,109147,123188,146790,173482,202922,246123,307198,494685,775093,1335175,2619406,5332537,11622111,22975136,42032484,60715530,69703570,67030871,53046829,34033760,18445656,9090586,3804998,1564658,700496,336917,151086,54471,23596,7043,3329,2931,1197,63,12,0,0"
high_income,1972,"0,0,0,0,0,0,0,3026,24387,49620,60383,74820,92136,108886,122342,145293,173926,199152,240809,297853,450887,720329,1201359,2303715,4693005,10249357,20753875,39061511,59025555,69981158,69113028,56770820,38033325,20993529,10659206,4577675,1867870,824815,396993,181443,65295,26495,8082,3521,3017,1494,81,18,0,0"
high_income,1973,"0,0,0,0,0,0,0,1704,21983,48419,60122,73924,91358,109328,123399,145865,176865,203229,244922,295714,431357,701361,1145496,2164535,4457911,9792551,20337485,38615473,59958652,72717496,72611950,60386817,41294972,23038034,11808896,5150951,2103375,925140,445973,207980,76619,30354,9671,3743,3086,1781,95,22,0,0"
high_income,1974,"0,0,0,0,0,0,0,1606,21874,48713,60831,74675,92548,111377,126281,148397,180358,208875,251961,300447,426729,695375,1129122,2118409,4343258,9474538,19884135,38167004,61064877,75586157,75700404,63062968,43037874,23992404,12226842,5312052,2165364,956500,469477,228621,91004,38260,12976,4040,3217,1832,119,51,8,0"
high_income,1975,"0,0,0,0,0,0,0,2856,24564,51095,62772,77347,95517,113959,128924,151504,183807,214526,259096,307697,446116,723348,1193264,2259014,4617715,10072696,20776057,39338538,62547430,77092097,76349269,62801301,42094223,23128224,11568200,4917568,2000006,891922,442321,210807,78179,31837,9486,3611,3084,1246,73,24,0,0"
high_income,1976,"0,0,0,0,0,0,0,574,20180,47822,61462,75210,93126,112842,128178,149562,182160,210728,253632,300792,411344,672941,1073496,1992145,4079133,8791284,18728574,36212717,59669960,76054260,77675461,66094721,46000227,25982538,13290235,5844354,2378309,1045727,514526,249299,95556,36581,11555,3993,3238,1292,97,38,10,1"
high_income,1977,"0,0,0,0,0,0,0,0,18073,46202,61366,74849,92733,112866,128941,149383,182560,210738,252189,298422,393044,641202,1010331,1839040,3714060,7865755,17014118,33121820,57013091,74911923,78404340,68454505,48843434,28182142,14515607,6487287,2640283,1154033,574647,289561,119319,45891,15194,4353,3388,1610,124,54,15,5"
high_income,1978,"0,0,0,0,0,0,0,0,13097,41726,60620,73145,91406,112311,130006,149413,182843,211859,250433,298894,384301,626841,966161,1717527,3463208,7290844,16204655,32369998,56961209,75353925,80026238,71386787,52474264,31251661,16382072,7616101,3117975,1339571,643432,309372,118721,37728,12045,4277,3315,1867,119,46,16,6"
high_income,1979,"0,0,0,0,0,1223,9339,20142,47951,93367,128628,153990,180941,207832,230882,258350,307169,384493,562365,819401,1109706,1661993,2506551,4259231,8344756,16540621,32158255,57256672,88971828,107158651,105238828,87514977,61244681,35719143,18261542,8445596,3523364,1542453,745594,361500,149788,53358,17845,5297,3719,2327,171,74,32,15"
high_income,1980,"0,0,0,0,0,715,8604,19087,46985,92954,128913,154993,182434,209906,233126,260325,308734,381066,549924,806881,1094118,1639442,2488891,4194560,8097631,16061231,31260283,55675115,88366871,108362513,107602016,89893594,63033705,36893076,18832989,8686947,3630536,1616462,836667,488065,282090,144981,67037,31941,17456,9715,5492,3142,1816,1037"
high_income,1981,"0,0,0,0,0,476,8284,18680,47892,94454,130171,157148,185528,213490,236733,263602,311667,382998,549458,811832,1109834,1657555,2506247,4223924,8207514,16339793,31949393,57052750,90244397,110403523,109176298,90839299,63082406,36673328,18662268,8512419,3547722,1590003,829878,486714,276892,139545,63555,31235,17064,9503,5363,3066,1766,1006"
high_income,1982,"0,0,0,0,0,0,5876,16144,38579,80258,115067,154833,198544,241946,286269,333566,389988,462226,596467,857081,1195439,1664417,2501759,4421627,8876121,18904357,37745924,66049435,100860293,121414154,120074315,95904878,65969500,39096022,19764648,9089250,3829713,1745590,912894,516876,271647,132420,62279,32407,17648,9792,5515,3128,1794,1024"
high_income,1983,"0,0,0,0,0,0,4602,14866,44864,81987,118488,157975,198318,238773,278541,320631,374121,444420,581386,790004,1024056,1401098,2550058,4468800,8308364,16341957,31697000,55074093,88051852,110006349,112844470,93781090,64443601,39323984,20668877,10125374,4418380,1949723,949526,491338,248668,118148,57354,30709,16718,9267,5220,2959,1690,967"
high_income,1984,"0,0,0,0,0,0,5119,15134,45255,90609,140042,171887,205032,237099,264676,294154,330927,383671,533496,788571,1037638,1502053,2611796,4628695,9103640,18855057,36375715,63737819,99520497,121198735,120130577,99464980,70399388,43219597,23052581,11208323,4809755,2152021,1074282,561945,280528,131570,65898,35603,19571,10958,6225,3562,2059,1186"
high_income,1985,"0,0,0,0,0,0,2681,12450,43139,91433,149581,188270,214588,239982,264679,296930,335430,382897,507279,760408,1149974,1728197,2664656,4510724,8885691,18044728,35032448,61842885,95637779,120622687,122977006,103000063,72687036,45590921,24139262,11868259,5238673,2329929,1124629,562772,273420,130314,66786,35838,19557,10865,6120,3490,1999,1143"
high_income,1986,"0,0,0,0,0,0,1817,11248,40344,82819,118178,157142,196534,232736,263805,295927,335248,402350,529852,766680,1129395,1665600,2539253,4360877,8644459,17792995,33781486,58919518,92385660,121232753,125497298,103949052,75577502,48450939,26285031,12850335,5537265,2448348,1160535,552964,264055,133244,70349,37860,20718,11535,6511,3713,2125,1210"
high_income,1987,"0,0,0,0,0,0,0,8956,43500,87127,125410,171121,217095,261667,297420,328679,366349,409177,510251,800112,1185444,1754325,2855867,5007410,9634798,19997035,39219960,66234595,100358972,127071230,130114176,113132562,83370793,53362390,28839466,14303347,6180392,2687215,1256263,595384,284918,147460,78479,42594,23523,13206,7509,4302,2482,1419"
high_income,1988,"0,0,0,0,0,7,21,7152,29875,65418,103180,142117,182162,221300,257707,289241,325888,373027,461307,760189,1120292,1618713,2609787,4401869,8734726,18655345,35858685,62675461,96735360,129812932,135165419,115863809,87155905,55819246,31016434,14924243,6946868,3132749,1431708,671522,326460,168260,88600,47594,26039,14492,8188,4658,2675,1532"
high_income,1989,"0,0,0,0,0,5,16,7952,27230,53629,86412,122983,157863,191405,224099,258017,297272,340645,430261,724989,987700,1312532,2082859,4019337,7970029,17313235,34189243,60813484,95452931,128683702,137182440,121530717,90435242,57875005,32848704,15694855,7311084,3374096,1631144,817482,411593,205844,106016,55640,29721,16173,8937,4988,2802,1577"
high_income,1990,"0,0,0,0,0,2,13,2296,22001,49191,84534,122726,162275,200833,236530,270488,308827,351739,445470,660854,1014937,1477036,2277254,3787944,7229239,15819671,31487909,56256565,89391200,126893915,139286582,123771320,92373906,59843214,32011479,15415862,6961698,3188758,1541849,751693,360629,178571,93830,50228,27363,15139,8509,4812,2744,1566"
high_income,1991,"0,0,0,0,0,0,8,4628,34085,74004,115306,154536,193482,234110,271300,306239,342888,391742,481222,685965,1016583,1551241,2445767,4032705,7329652,15517860,30661151,55271020,88294384,124770629,140499872,126563177,96220314,60937122,32793276,15983459,7107658,3252496,1589420,771083,375085,188825,98408,52442,28434,15656,8763,4947,2807,1596"
high_income,1992,"0,0,0,0,0,0,8,3138,37273,98298,153103,199132,238237,275691,313314,347203,377509,453866,544820,718832,1150443,1780400,2613769,4172894,7580862,16254048,31315657,54522270,85632159,123468069,142426461,130145226,96617037,61264964,33985806,16466500,7686023,3500648,1672669,811684,389710,195921,102004,54390,29535,16306,9153,5189,2962,1685"
high_income,1993,"0,0,0,0,0,3,15,5272,40734,105953,179024,243862,297687,342202,377104,407947,446708,509157,594297,790829,1194610,1661046,2459489,4260451,7959319,17051535,32878554,54856648,86405806,123686373,142698455,130088304,96724751,61393415,34539099,16930034,7933628,3638697,1727735,833926,418457,210426,108929,57657,31115,17079,9525,5373,3057,1741"
high_income,1994,"0,0,0,0,0,0,13,1692,32886,91018,151629,200482,253548,307926,367770,433270,499090,568859,642039,809733,1299815,1914637,2795216,4570603,8221654,16301224,32110756,55395461,87476720,124382478,144355866,133750874,100403731,63648694,35855157,17627761,8300192,3848240,1851169,906275,456632,228042,117723,62065,33382,18266,10155,5726,3254,1856"
high_income,1995,"0,0,0,0,0,0,0,1513,21803,54952,100391,157513,226104,298402,377723,464412,546482,623390,726086,925688,1346786,2020163,3144821,5299693,9621846,18005026,34681423,60785067,96519970,131474719,149814965,140429248,106028903,67233326,36193216,18339251,8522140,3926744,1897963,932644,471479,236053,122848,65222,35320,19446,10865,6161,3513,2007"
high_income,1996,"0,0,0,0,0,0,0,908,16631,59547,120701,189346,260891,327633,393403,459252,530952,604231,697029,875380,1246021,1930279,3210678,5334686,9261263,18100248,35246732,61458977,96400198,133092451,154416149,143229007,106563599,68764293,39405389,19293944,9126516,4218518,1988011,945525,464524,234243,122305,65184,35455,19641,10972,6242,3576,2047"
high_income,1997,"0,0,0,0,0,0,0,8,11325,38331,74648,111818,150716,181510,208576,243134,293473,422120,535728,729843,1161579,1899775,3090349,4766590,8514279,17512773,33907947,59499779,93917636,134113949,156986473,147034688,110342042,72214213,40321164,20516273,9600955,4503258,2164205,1031285,520352,261882,135773,71846,38815,21353,11889,6738,3850,2208"
high_income,1998,"0,0,0,0,0,0,0,1680,16523,48156,90805,136211,171913,201846,225220,296858,406106,473812,561104,721302,1037288,1508518,2204335,3719282,7115418,14548683,28153251,50211589,82534474,123572089,150909302,145104843,113381847,74996628,43656213,22027351,10354430,4857655,2280175,1067387,534422,269813,140360,74506,40377,22259,12437,7058,4043,2325"
high_income,1999,"0,0,0,0,0,0,0,754,25257,73664,110038,140685,170309,202659,228609,259975,304390,426702,568736,727291,1044172,1528045,2432900,3778071,6688432,13137579,26585950,49212374,80547294,121735689,150069980,147489814,116525523,79440485,45653859,22779143,11004584,5274093,2541379,1215181,633373,327372,167701,87611,46725,25386,13989,7850,4454,2538"
high_income,2000,"0,0,0,0,0,0,0,2,8925,29378,59504,93089,119981,137251,157783,191611,243789,389491,497751,633150,975265,1535013,2302091,3616841,6388100,12249723,24515949,46049251,78572768,120547588,152616681,151624524,120149255,82074920,47616372,24199030,11606011,5426377,2589189,1236784,642046,338840,174106,91324,48921,26695,14708,8266,4704,2678"
high_income,2001,"0,0,0,0,0,0,0,0,8422,30811,62917,93019,129599,189622,245364,319814,401079,492471,578404,694499,1098654,1679144,2463116,4031716,7118022,13718160,26760133,50877889,85351716,129767756,162176498,158979276,124694610,83942670,48919397,24972114,12067765,5594913,2620026,1270108,682647,369887,190220,99801,53460,29191,16112,9066,5159,2949"
high_income,2002,"0,0,0,0,0,0,0,0,10460,33572,63032,93430,122889,162023,241615,353328,413967,483459,582781,712689,1078364,1637951,2390671,4027729,7119168,13791800,26889186,49354421,84247499,128927957,162108104,159542001,128019313,85562567,50616089,26011031,12652976,5964466,2845291,1415637,751919,433980,315697,254690,196593,143915,99976,66032,41754,25467"
high_income,2003,"0,0,0,0,0,0,0,306,10227,39311,94956,149910,191246,238850,288094,343415,404994,476869,601786,771945,1089008,1506235,2301349,3845364,7001745,12879672,25819740,48264577,82900911,128242911,162934227,162360464,129484213,86864914,52692306,27611118,13539450,6525905,3082089,1482870,781600,451482,271648,165485,102023,63645,40160,25650,16547,10802"
high_income,2004,"0,0,0,0,0,0,0,0,8264,24012,47247,75464,106013,139922,173442,211307,316673,440225,541128,716380,1061152,1655766,2560545,4090954,7074493,13024312,25332162,48639009,84413974,130905842,167420741,168862775,136423517,92931222,54292340,27728059,13514347,6431951,3053616,1456683,777121,495926,394293,309276,231433,164524,111389,72036,44812,27032"
high_income,2005,"0,0,0,0,0,0,0,0,21051,67396,115609,153487,198004,243669,294795,346832,390601,438171,520862,663558,967469,1372685,2249374,3919974,7062487,12994863,25438742,48335300,84048178,130638372,168910861,170026130,137265574,92744846,55477400,28928007,14438565,7111676,3467884,1744349,963670,685510,533578,403978,294383,206303,139521,91141,57848,35886"
high_income,2006,"0,0,0,0,0,0,0,0,7184,23654,47324,74495,101536,126946,154332,202514,314897,429911,524287,661775,954191,1523504,2521748,4215868,7247122,13118478,25121427,49580385,85121266,130561777,171183127,173363732,140688495,96572999,58745272,31031793,15443089,7675932,3780770,1909457,1038414,631240,401913,257993,165827,106284,67797,43057,27258,17249"
high_income,2007,"0,0,0,0,0,0,0,0,7218,26737,50548,78835,104766,129975,160010,194463,278140,430375,563967,695282,1067062,1680181,2581208,4201604,7443866,14566147,28060647,50321123,83958716,128045195,170684493,177459906,147713071,102885434,62493902,33340426,16916794,8414049,4099031,1997971,1029537,686667,549716,424458,313000,220183,148359,95941,59980,36493"
high_income,2008,"0,0,0,0,0,0,0,0,8517,24936,47970,74205,101027,129850,180393,285084,385351,461230,564173,718837,1095225,1772724,2662656,4362077,7745754,14648424,28111123,51844088,87752624,132512132,172031961,177399422,149883663,103653008,63137242,33333728,16682129,8170604,3956590,1965381,1049055,631204,391164,244802,153980,97087,61313,38779,24584,15670"
high_income,2009,"0,0,0,0,0,0,0,0,6984,24290,56847,109699,158996,206742,261596,325179,389479,466661,563420,782228,1180114,1870475,3106405,5816723,11366345,20154122,34836553,58996090,95462596,139190942,175381089,181295706,149787098,105119977,64067835,33637226,16674105,7826911,3556516,1740773,976058,726931,569340,431656,314353,219773,148094,96270,60780,37500"
high_income,2010,"0,0,0,0,0,0,0,0,833,3409,6357,10495,32103,69739,135761,259514,408361,505445,608519,787675,1123886,1762835,3051914,5875770,10933504,19722752,34021023,59046951,96387769,141413527,179525290,181727773,152045363,105600449,63895894,33596590,16297362,7477869,3470295,1717069,920426,528515,320129,200081,127123,81395,52352,33836,22034,14523"
high_income,2011,"0,0,0,0,0,0,0,0,1291,7207,11714,18627,33844,70826,110407,174941,305978,482631,616720,805353,1265257,2112411,3464642,6261922,11424363,19814378,33873135,60743880,98585860,142070008,179953101,181811659,150982062,104853820,64002833,33751967,16693799,7946945,3732525,1854369,1002345,633286,509839,399526,297811,210583,141746,91185,56521,34055"
high_income,2012,"0,0,0,0,0,0,0,0,3884,23382,51403,85460,120065,146657,183319,309135,533228,666178,834971,1079660,1610510,2899562,5417100,10732862,20906754,37719883,59856903,87992857,124032340,160960902,191893489,190666335,155368586,108311284,66140701,34664819,17229844,8155586,3802621,1918870,1075680,741258,598732,465446,343911,241270,161406,103452,64107,38744"
high_income,2013,"0,0,0,0,0,0,0,0,1394,6844,14706,25262,53744,102983,167100,272656,450501,650146,785070,989195,1493258,2813683,5459268,10919298,20888496,36961706,58065953,86082033,123657678,164742227,194162431,192756000,158832854,109218401,66371257,34809696,17209611,8181907,3908163,1983063,1097426,728719,553025,406960,287940,196052,129091,82568,51667,31902"
high_income,2014,"0,0,0,0,0,0,0,0,9834,36670,59682,105836,181792,286066,382449,463884,577516,749293,1057321,1532643,2493627,4511600,8141832,14748804,26898035,45192643,68264754,97538085,132443577,174862544,203127875,200520093,161444895,109538337,67431611,36345452,18478976,8992785,4333011,2167102,1128646,640664,382812,234793,145972,91594,57966,37003,23901,15677"
high_income,2015,"0,0,0,0,0,0,0,58,2748,9579,19785,32104,48389,93295,185137,312630,439847,565092,720488,939790,1264770,1901639,3412826,6518569,11819849,20925261,36101757,62244128,99544381,146061812,181314022,191803525,159480708,111668388,69690952,37692949,18879636,9279488,4544218,2303882,1244686,725287,557116,428602,313819,218307,144969,92436,57138,34629"
high_income,2016,"0,0,0,0,0,0,0,0,2627,9629,20231,33599,54154,102163,193051,315737,438902,588591,723009,901294,1283840,1940850,3139444,5599000,10728561,19814600,34674634,60497931,96614827,140500813,178657787,191692515,165960284,117847330,72414111,39849524,20442805,10114584,4919845,2543060,1387983,790064,474635,291600,182403,115871,74657,48693,32108,21451"
high_income,2017,"0,0,0,0,0,0,0,75,4493,15085,38120,92805,184261,249050,294337,349664,418271,513245,706821,1010668,1434493,2323499,3820452,6711999,12119359,22429937,39564789,65658276,104833630,146907009,183211936,192947846,172105605,123789736,77002463,42360985,21467457,10524650,5110478,2626389,1408802,823257,614476,444617,304487,197568,122922,74288,44379,26671"
high_income,2018,"0,0,0,0,0,0,0,29,2021,9242,24890,55470,95352,128281,164312,254766,382955,525837,751045,984014,1321627,2030122,3168477,5347080,10107526,18949881,34625993,59387791,94042866,136291741,179318469,192994980,171596405,125053439,78855429,44356833,22508312,11386647,5694789,2963360,1601801,878503,495986,290948,174999,108060,68261,44023,28961,19426"
high_income,2019,"0,0,0,0,0,0,0,99,2626,30819,92515,155530,217412,276728,321090,371715,455597,560172,723603,929313,1260202,1851244,3403917,6544600,11788967,20463486,36787706,60761144,94838394,135516132,178038508,194445958,174554403,129054399,82784619,46924937,24230145,12595058,6375685,3334282,1812337,982380,538772,311390,184097,111305,68882,43542,28094,18500"
high_income,2020,"0,0,0,0,0,0,0,370,6731,20718,51774,101042,167448,243670,318940,380543,426908,485836,596400,873344,1324082,1916933,3005147,4963176,8566595,13796967,24814648,45609549,83266138,130522497,179932286,200804179,183690826,137433179,86644156,49726086,25567015,12911524,6380732,3266507,1767240,977310,567580,336317,203630,125976,79480,50993,33274,22059"
high_income,2021,"0,0,0,0,0,0,0,103,2732,9900,27342,76259,139395,211387,277191,329274,380170,442976,540342,773060,1201298,1847100,2860495,4861622,9218931,15603599,27057782,47732516,82885852,130948850,181900734,204955245,188065309,141242864,90708420,50567852,25297628,12778375,6561046,3384951,1804718,992789,574405,339980,205843,127198,80284,51643,33850,22604"
high_income,2022,"0,0,0,0,0,0,0,29,2275,30012,82906,165875,229381,291319,349896,397802,446322,542075,711565,972259,1381982,2025460,2974098,4706178,8558707,13964369,25090235,49030857,87981400,134960909,181900740,203426139,188101941,141928719,89406955,50980776,25661444,12714895,6306562,3289727,1798006,999403,575253,339915,205547,126824,79854,51202,33438,22214"
high_income,2023,"0,0,0,0,0,0,0,28,2298,9993,25899,58541,114856,214489,332965,417518,466893,544297,666135,969375,1372504,1959614,2976867,4778826,8669329,14057381,25167071,49000300,87114428,133210067,179850611,203649875,187419463,143475259,92535856,53294392,27031945,13634586,6753102,3399323,1822305,1016368,588939,365232,231840,149304,97154,63644,41970,27880"
high_income,2024,"0,0,0,0,0,0,0,0,1210,7510,23055,55745,113390,216749,339434,410567,465199,553336,684054,1018143,1510251,2194706,3500098,6326743,12642731,21608687,36325304,63243285,103344726,150601299,196561878,217416107,196124513,149736616,97120940,56237285,29070844,14827634,7387210,3706887,1962773,1086138,614492,380053,240677,154851,100802,66107,43665,29062"
high_income,2025,"0,0,0,0,0,0,0,30,2061,8806,23144,54894,107604,205626,325412,417297,467666,547719,675311,989488,1456306,2138892,3392891,6035373,11932778,20437115,34810246,61650771,100909453,147694991,195679811,218386540,201650644,152833854,99272599,57631223,29673734,15123980,7542590,3792558,2025899,1131503,646171,402592,256933,166477,109037,71904,47697,31844"
high_income,2026,"0,0,0,0,0,0,0,0,1526,7442,19765,50055,96060,185481,298343,395549,443874,519053,641101,929521,1388375,2046207,3249452,5695604,11279604,19641237,33216217,58270509,95858059,140763234,187150821,213231918,200918990,156532908,103863499,61937099,32409812,16605274,8322684,4166308,2171207,1167980,628198,368466,223286,138633,88162,57276,37984,25642"
high_income,2027,"0,0,0,0,0,0,0,0,1398,6680,17975,46916,92030,181172,294238,391224,438273,510693,625749,895408,1333720,1963400,3122546,5421938,10690512,18905509,32067268,56568070,93657559,138839075,186571151,215024222,203601770,159644398,106115222,63407384,33183417,16951650,8479844,4242043,2207333,1186615,638881,375313,227850,141761,90358,58841,39098,26474"
high_income,2028,"0,0,0,0,0,0,0,0,1095,6019,16673,43386,85308,170588,281842,384132,432115,501396,610201,855421,1284374,1884348,2994524,5158457,10120524,18173557,30770771,54253086,90410833,135308261,183113673,214859910,206191054,164142756,110373407,66694732,35273689,18075026,9078620,4542355,2358213,1267493,679041,396760,240537,149494,95201,61952,41150,27856"
high_income,2029,"0,0,0,0,0,0,0,0,955,5416,16097,44153,86149,169119,277988,383561,432101,499225,608244,845927,1264314,1837045,2907067,4954460,9738975,17641248,29978783,52761484,88530051,133284784,181264483,215211355,208850740,168552034,114640399,69830879,37299379,19215532,9700446,4854186,2509940,1348556,720007,417900,253024,157093,99962,65010,43173,29226"
high_income,2030,"0,0,0,0,0,0,0,0,1090,5823,15919,41897,81201,162493,270716,375892,423867,490157,595794,826971,1244307,1810201,2868918,4931060,9682951,17549886,29905157,52742206,88547718,133538792,181820936,214822742,208035410,167099541,113668496,69354026,37135806,19154656,9679734,4845673,2505558,1346344,719136,418187,253850,158029,100847,65796,43836,29774"
high_income,2031,"0,0,0,0,0,0,0,0,984,5475,15961,41715,82421,164535,273212,379115,428167,495364,602301,828398,1244435,1813655,2878448,4903339,9561807,17550048,29895547,52750286,88518874,133352439,181746410,216129163,210556571,170337499,115837329,70531215,37720839,19427562,9803486,4908121,2537233,1363016,728793,424630,258346,161214,103127,67464,45053,30676"
high_income,2032,"0,0,0,0,0,0,0,0,916,5147,15187,40622,80766,162597,271012,376218,424271,488788,592358,812966,1218194,1766826,2805146,4789383,9352722,17232294,29438570,51917200,87528579,132452076,181028656,216388206,211731237,172266034,117578835,71664508,38346500,19712578,9931436,4963547,2557207,1368679,729429,424171,257785,160776,102866,67345,45048,30742"
high_income,2033,"0,0,0,0,0,0,0,0,742,4673,14162,37982,77152,158406,266896,372518,421844,485954,588825,805155,1215861,1780707,2850082,4849191,9354729,17423890,29716042,52042359,87457011,131978191,180209005,217157351,213534276,175194759,119703637,73209220,39219809,20087579,10095287,5041419,2596257,1389503,741730,432074,263100,164434,105441,69183,46371,31729"
high_income,2034,"0,0,0,0,0,0,0,0,723,4486,13650,36772,74137,151655,256958,365245,416573,479073,580592,789541,1199125,1747012,2775846,4728698,9139273,17058700,29054981,50726236,85523559,129971918,178337850,216289274,214570171,177473875,122401963,75401729,40829065,21044558,10651538,5327092,2733189,1460594,777107,448905,272992,170439,109199,71633,48013,32849"
high_income,2035,"0,0,0,0,0,0,0,0,604,4160,12857,35653,72614,149749,254766,362493,413757,474780,573709,778113,1176959,1710429,2717742,4583900,8810447,16566674,28439055,49911648,84634878,129128643,177744587,216851150,215831848,179235001,124103468,76505571,41465676,21350342,10792518,5392788,2770541,1484907,793515,460698,281537,176574,113590,74764,50279,34471"
high_income,2036,"0,0,0,0,0,0,0,0,583,3781,12008,32960,68805,145181,250401,358210,409520,473578,606311,883860,1419067,2249248,3898135,6942586,13549207,25010951,41815415,67115778,101471764,142123536,185601092,221700959,220092268,183834875,127378988,78489345,42537017,21812874,11006625,5498760,2824071,1518400,816221,476531,292673,184405,119094,78661,53040,36440"
high_income,2037,"0,0,0,0,0,0,0,0,583,5067,16259,38043,74988,152827,260220,370348,424291,490906,625264,923583,1540863,2555818,4628028,8465868,16137594,28602710,46746297,72748613,107464106,148199274,190659680,225870671,223456439,186522739,129416580,79689275,43194535,22124217,11150837,5572163,2864872,1540894,829616,485419,298782,188635,122045,80756,54540,37544"
high_income,2038,"0,0,0,0,0,0,0,0,470,4368,15110,35492,71188,148203,255585,365615,419992,483355,610804,889933,1482945,2450923,4439080,8132695,15556987,27854469,45762790,71791927,106464536,146974414,189546327,225954163,225064356,189387762,131652619,81069398,43900553,22436961,11279318,5628674,2893849,1556742,839276,491877,303314,191866,124382,82465,55809,38503"
high_income,2039,"0,0,0,0,0,0,0,0,463,4048,14661,38253,82061,174464,310173,467865,597696,790972,1185909,1963861,3459089,6082810,10519089,17273848,29295382,46812463,69110480,97656286,134473475,173129113,209436235,240739897,236458548,198361222,138358600,85451267,46648309,23985765,12150677,6111126,3158399,1694821,913353,537026,331837,210448,136806,90989,61757,42749"
high_income,2040,"0,0,0,0,0,0,0,0,448,3633,13973,36302,77726,164215,295090,453049,583734,767695,1143265,1881867,3326235,5909684,10358074,17151363,29106811,47166377,70739690,100831543,137246109,174845489,210071974,241272996,238579521,201454594,141812458,88294700,48746029,25191198,12823095,6456940,3331447,1783725,957444,557417,343693,217532,141185,93799,63619,44023"
high_income,2041,"0,0,0,0,0,0,0,0,344,3296,13135,34483,75126,160240,289364,444520,572089,752236,1125274,1870805,3307835,5848122,10271424,17063804,28952944,47273693,71390290,101902931,138592405,176877789,211930098,243216324,240723802,204000012,143814124,89509574,49409097,25545227,13013410,6558072,3386278,1811739,970083,563998,347497,219854,142702,94812,64377,44605"
high_income,2042,"0,0,0,0,0,0,0,0,344,3063,12547,33370,73669,158088,286806,441102,567668,744578,1109628,1841504,3256955,5752591,10086019,16745529,28375908,46467582,70230857,100851084,137927127,176400437,211398141,243215211,241584547,205743405,145884324,90916694,50299021,25931739,13183020,6639290,3425608,1831557,982088,571980,353121,223830,145568,96919,65949,45766"
high_income,2043,"0,0,0,0,0,0,0,0,344,2773,12616,33950,75121,160242,289145,441931,567787,754958,1153385,1967910,3540590,6446117,12181611,25238612,76190109,164151436,251068943,337846382,398536832,416995378,398532152,365834326,315387606,248998800,169070373,102735829,56114862,28618126,14298347,7197919,3750578,2033425,1112255,660523,415825,269624,179898,123282,86601,62242"
high_income,2044,"0,0,0,0,0,0,0,0,248,2573,11949,32124,72457,156203,283432,433548,555255,731967,1104695,1879600,3392356,6163355,11663289,23563037,69287083,156533676,243578514,331836282,397006864,420420384,404653922,371993466,319806789,253130304,172028734,104528455,57068129,29102487,14524111,7299788,3803993,2062930,1129413,671339,423303,274880,183667,126024,88637,63781"
high_income,2045,"0,0,0,0,0,0,0,0,240,2316,11074,30019,68490,150146,275709,423608,541803,707630,1052667,1775909,3198702,5806073,11020642,21914909,62309087,147674598,234477649,323575891,392923601,421638944,409509195,378227957,325978518,258987616,176773630,107490430,58819204,29907411,14870405,7449602,3878328,2102792,1151717,684647,432008,280751,187739,128912,90754,65366"
high_income,2046,"0,0,0,0,0,0,0,0,240,2127,10307,29086,67317,148343,273291,420469,537966,702066,1043252,1758894,3170531,5763027,10947960,21791645,61838713,146529528,232754813,321667993,391310697,420369043,408899435,378095640,326299947,259589154,177473791,107891870,59041662,30026325,14935624,7485550,3898288,2114581,1159489,690269,436346,284051,190287,130901,92287,66604"
high_income,2047,"0,0,0,0,0,0,0,0,157,1968,9840,27503,64646,139362,260536,406506,524867,679944,998162,1670206,3019502,5475292,10399464,20473382,55757197,138164698,224434602,313508042,385980611,419782455,411730087,382449208,331057801,264836686,182495406,111731997,61691312,31576968,15799663,7913751,4109089,2223383,1220751,718582,453669,295005,197418,135704,95616,68965"
high_income,2048,"0,0,0,0,0,0,0,0,157,1893,9056,25890,61652,134320,253738,397680,513121,660569,958074,1589501,2870445,5195150,9856398,19245720,50103108,129410641,216017297,305775169,382290559,421053155,416958535,388612091,336190654,268719371,185486873,113511433,62750860,32122312,16048851,8014760,4161350,2248027,1233473,725199,458027,298051,199632,137379,96931,70016"
high_income,2049,"0,0,0,0,0,0,0,0,157,1888,8895,24986,59776,131210,249079,390566,502991,644282,926803,1532687,2778234,5030968,9601009,18927445,49410130,127753647,213530073,302855319,379193654,418632944,415742454,388313267,337006399,270170318,187265141,114750062,63581231,32520301,16239988,8118384,4213156,2276843,1251027,735777,465477,303390,203519,140264,99099,71676"
high_income,2050,"0,0,0,0,0,0,0,0,156,1780,7902,23736,58253,129241,246320,386977,498135,634962,906403,1489506,2693802,4869637,9234354,17975572,44700423,119563420,205557591,294728062,374028870,418221902,419072943,393467746,342344200,274725727,190904205,116958652,64745977,33104635,16522364,8229545,4265252,2304504,1266495,745608,472162,308078,206879,142737,100964,73105"
high_income,2051,"0,0,0,0,0,0,0,0,69,1661,7381,22480,55935,125823,242555,382761,494349,634863,912186,1504730,2750571,5092415,10016581,20048261,49112156,127137576,217738566,311427660,392443031,433879118,430405148,400607979,347323138,278475136,193804178,118728069,65752244,33645719,16790818,8392038,4354489,2354959,1296864,763500,483996,316044,212402,146655,103801,75222"
high_income,2052,"0,0,0,0,0,0,0,0,69,1657,7071,21590,57922,134497,263556,422640,558327,725411,1035048,1671383,3002401,5515928,10652295,20855894,47812014,123012937,215242347,309941252,394337389,440556137,440634062,411422912,356101795,284539491,198271055,121424761,67354554,34537554,17276332,8634475,4477209,2418068,1331294,781857,495211,323266,217241,150021,106227,77021"
high_income,2053,"0,0,0,0,0,0,0,0,69,1607,6398,20766,57009,133163,261011,418720,553537,719041,1038159,1719739,3126555,5702170,10859530,20972902,45668296,117062652,210266060,304993380,392134975,442406927,445611796,416947780,361477885,288500255,201837792,123585004,68658699,35173907,17567737,8747455,4534609,2447190,1348303,793163,503068,328805,221208,152903,108389,78647"
high_income,2054,"0,0,0,0,0,0,0,0,15,1486,6112,19762,52983,126922,252505,407703,539471,698600,998552,1639854,2983086,5461460,10427405,20295601,44460107,114512311,206603154,300530439,388127111,439227746,443844362,416752035,362730589,290659064,204325045,125343413,69708419,35739391,17831126,8874905,4599565,2481107,1368700,804797,511125,334487,225303,155901,110628,80365"
high_income,2055,"0,0,0,0,0,0,0,0,15,1439,5606,18870,50840,118951,239667,392293,525470,677314,961350,1567409,2854463,5230323,9967590,19416203,41349930,106695335,199245307,293695703,383527898,438853461,447529477,422245835,368767712,295464881,209083342,129007485,72375426,37347937,18755643,9339794,4834772,2606316,1440963,840112,533634,349337,235314,162837,115503,83867"
high_income,2056,"0,0,0,0,0,0,0,0,15,1398,5187,18937,52504,122723,245026,398094,533358,695703,1008918,1686181,3159836,5908124,11324323,22391884,47489369,117254171,214999813,314524026,406898358,460354702,463625552,433336994,376548744,300984149,212975605,131359086,73671257,38011190,19110986,9529543,4935457,2660312,1473037,859977,546421,357714,240932,166704,118226,85836"
high_income,2057,"0,0,0,0,0,0,0,0,15,1391,5058,18155,49073,117137,237104,387580,519645,676398,971688,1610538,3018933,5665534,10855144,21480201,44408124,108698727,205534367,304273554,398709510,457387203,465914124,438123082,382400091,305734182,217763792,134454611,75596605,39031024,19587831,9741605,5040888,2716290,1504076,877683,557597,365229,246147,170414,120948,87870"
high_income,2058,"0,0,0,0,0,0,0,0,10,1223,4614,17209,47597,115148,234324,383115,511919,662832,945188,1553218,2907006,5465606,10471774,20789606,43312639,106721898,202735158,301241613,395944384,455127608,465036263,438350469,383618611,307084497,219243110,135665123,76370902,39478428,19816730,9866106,5107355,2753589,1526421,890938,566107,371140,250363,173499,123262,89627"
high_income,2059,"0,0,0,0,0,0,0,0,10,1222,4478,16515,46456,113525,231821,379597,507503,656193,934006,1531490,2869733,5432720,10491663,20925719,43010175,103350533,200705638,300275302,396343530,458735880,471340907,445646075,390465894,311722736,222571829,137684668,77500720,40051144,20102107,9992698,5163966,2780645,1539533,898477,570896,374340,252579,175121,124480,90601"
high_income,2060,"0,0,0,0,0,0,0,0,10,1177,4217,15673,43632,108411,224369,369893,494433,637679,900871,1462773,2726907,5173178,10021996,20081318,41466542,100437361,196481138,295692900,392294084,455519747,469593944,444856891,391237683,313506517,224949371,139284087,78427855,40556218,20370142,10134447,5241955,2825138,1564967,913170,579833,380378,256807,178159,126740,92302"
high_income,2061,"0,0,0,0,0,0,0,0,10,1144,4032,14761,41667,105430,219939,363549,484961,621972,870726,1396459,2591037,4926437,9511471,19038719,38907545,92861535,187290126,286269439,384433100,452050787,471400008,449949271,397081474,317885703,228366032,141481137,79701556,41238290,20715170,10294606,5318076,2864231,1587805,927182,588546,386503,261214,181422,129185,94193"
high_income,2062,"0,0,0,0,0,0,0,0,10,1142,3878,14039,40787,104711,220078,365489,491014,637172,899902,1448350,2681913,5080430,9806544,19674200,39935825,94225025,189047407,288879669,387759023,455656311,473914487,451087584,398351044,319336346,230432167,143162683,80848131,41850073,20970564,10414540,5377562,2895155,1609318,944252,601973,396804,269026,187330,133639,97586"
high_income,2063,"0,0,0,0,0,0,0,0,10,1003,3713,13467,39118,101487,214828,357619,479683,620000,868540,1381557,2545087,4839862,9354713,18797779,37915900,87802528,180926813,281019834,381146673,453204191,476594905,456957750,404994855,324130845,233921177,145383975,82141682,42582572,21375081,10618277,5477493,2950971,1641677,963233,613206,404306,274242,191045,136390,99665"
high_income,2064,"0,0,0,0,0,0,0,0,9,979,3451,12597,37274,97396,212137,361813,501114,660114,944752,1527229,2804640,5275501,10011931,19822060,39404042,89492882,181830007,281212153,380548007,452274503,475782254,456754703,405828018,326194867,236864137,148102327,84278052,43920269,22164185,11037953,5697854,3063022,1705648,994831,633645,418304,284023,198055,141518,103485"
high_income,2065,"0,0,0,0,0,0,0,0,9,976,3431,12202,35597,94221,207135,354842,491477,645175,916355,1470408,2692904,5065775,9596274,18950588,37424105,83312280,173250272,272626736,372867461,448541356,476667471,460395490,410586544,330170073,240148237,150367789,85516221,44585680,22495632,11190789,5759018,3090135,1720468,1004100,639987,422709,287192,200394,143285,104848"
high_income,2066,"0,0,0,0,0,0,0,0,4,962,3325,11405,34362,94353,210576,364338,510299,678614,972080,1549788,2788691,5208445,9821167,19244103,37886426,83791526,173555610,273064633,373283989,449141384,477717950,462029292,412699153,332294715,241999099,151755478,86367529,45086304,22777751,11343642,5844926,3139050,1746992,1019798,648578,427946,290289,202138,144197,105268"
high_income,2067,"0,0,0,0,0,0,0,0,4,806,3141,10864,33145,92191,207277,360020,506205,675866,969219,1544495,2767401,5154555,9719757,18958718,36945483,79409764,166635411,266313137,367102831,446320425,479425891,466013287,417892022,336502722,245508739,154344958,88009971,45981994,23185152,11532269,5922357,3177728,1769286,1034815,659168,435556,295791,206200,147241,107571"
high_income,2068,"0,0,0,0,0,0,0,0,4,805,3010,10155,31102,87848,200175,350270,492664,657171,942290,1500644,2688906,5019617,9513453,18889059,37498160,81309761,171159078,275617730,381636462,460226187,490136409,472060773,421696332,339417586,248268766,156171883,89091253,46573912,23498182,11709278,6038767,3242492,1803322,1053317,668451,441013,299158,208361,148722,108632"
high_income,2069,"0,0,0,0,0,0,0,0,4,804,2994,9845,30024,84901,195197,342754,481684,639644,910533,1436508,2556247,4763755,9027316,17883368,35479478,75588403,161666939,265898837,372684178,455241244,490531657,476886321,428277502,344896756,252082649,158789029,90540234,47393383,23951236,11948630,6154247,3304095,1837511,1073113,678998,447727,303583,211405,150904,110249"
high_income,2070,"0,0,0,0,0,0,0,0,4,801,2967,9337,28840,84326,201007,368744,564522,871763,1445814,2459021,4356586,7780036,14440429,27931990,53313069,102550647,196415424,302394392,404694088,478474706,505747346,486011473,434043769,348874859,254845756,160782286,91774709,48134880,24366762,12183934,6285459,3378468,1879501,1099068,695600,458450,310617,216076,154065,112473"
high_income,2071,"0,0,0,0,0,0,0,0,4,799,2937,8939,27878,81436,196185,361842,555323,858523,1423597,2417448,4266356,7555721,13863024,26553237,50716065,96746321,186980183,293532598,397807116,475907135,508269222,492199907,440908971,354635629,258773448,163721748,93550544,49171773,24922979,12480032,6427486,3455681,1922719,1126136,711415,469080,317960,221251,157806,115221"
high_income,2072,"0,0,0,0,0,0,0,0,4,797,2870,8527,26630,77995,189957,351502,536987,823388,1360567,2312490,4090676,7282414,13407509,25810198,49624647,94985239,184533300,290953847,396422605,477826982,512488135,495864018,443417671,357069553,261486515,165596839,94749258,49823734,25201123,12598114,6483071,3482256,1936871,1136347,719081,474819,322241,224504,160269,117125"
high_income,2073,"0,0,0,0,0,0,0,0,4,680,2735,8025,25428,74534,183302,340325,517041,784991,1290313,2190025,3872031,6898543,12666844,24392142,47251379,90610833,178077758,288504307,396146312,479232326,516053044,501561186,449883205,362632136,265302593,168345355,96324171,50723554,25713177,12877344,6614705,3557995,1979689,1161004,732594,483335,327903,228423,163086,119209"
high_income,2074,"0,0,0,0,0,0,0,0,4,678,2718,7629,24722,72753,179859,334433,507759,770633,1267381,2150400,3795126,6740984,12320196,23698279,46283277,89702425,177526185,289562047,399027132,483218056,519761269,505175580,453112446,365259422,267145763,169588368,97072499,51149054,25931926,13003414,6687316,3595987,1999262,1173557,739966,488290,331551,231137,165159,120805"
high_income,2075,"0,0,0,0,0,0,0,0,4,653,2670,7480,23810,70339,175076,326136,492356,740441,1212617,2061871,3655422,6533292,11986050,23182256,45488807,88287014,174843170,285718597,395366030,480826230,518769778,505359141,453591833,366075009,268003762,170374220,97561754,51440772,26092310,13090009,6733763,3622379,2013653,1182978,746787,493313,335285,233977,167333,122488"
high_income,2076,"0,0,0,0,0,0,0,0,4,650,2653,7066,22462,64450,164047,311658,482220,728274,1196377,2034906,3597522,6419625,11703386,22445837,44022242,85102861,168280574,279465932,389422070,477455630,518807747,509194799,459286974,372519118,273525266,175237446,100978100,53581863,27290721,13727847,7037489,3782151,2099279,1223436,770075,507711,344733,240380,171791,125667"
high_income,2077,"0,0,0,0,0,0,0,0,0,639,2564,6850,21931,62506,159436,303275,468304,704039,1156832,1977933,3508849,6285440,11455008,22037262,43340265,85102162,170794160,285269270,399687240,489927468,528512125,514418209,461887659,374327032,275137602,176361501,101636257,53932294,27482575,13830284,7091802,3812173,2115288,1233929,777976,514001,349926,244742,175497,128860"
high_income,2078,"0,0,0,0,0,0,0,0,0,525,2455,6483,20998,60441,155226,295678,454407,676136,1102375,1882296,3337138,5998118,10954800,21102856,41726682,81664923,163074884,276646801,391000006,483615642,526446717,517090154,467334568,380235758,279360428,179547682,103527804,54999918,28060402,14144222,7240146,3892185,2158806,1260419,794113,524204,357017,249789,179156,131583"
high_income,2079,"0,0,0,0,0,0,0,0,0,525,2437,6218,20325,58917,152130,290543,446378,662874,1078670,1839128,3256119,5838310,10611241,20364882,40208276,78990695,159107585,271901919,386483858,481310659,525915325,517671762,467915461,380893341,280151836,180224634,104066583,55353659,28204590,14205628,7267184,3908258,2169122,1268842,802360,531424,362637,254157,182608,134295"
high_income,2080,"0,0,0,0,0,0,0,0,0,524,2418,6146,19655,57157,148072,283025,433610,641959,1047818,1802609,3222593,5862798,10907150,22002407,47115725,99870824,202479630,334008239,446795187,527941498,554863170,535431442,478908738,387682998,284220530,182780460,105472091,56120209,28612845,14424963,7396973,3988588,2216716,1298593,821029,543635,371313,260481,187306,137872"
high_income,2081,"0,0,0,0,0,0,0,0,0,518,2379,5847,18510,54894,143877,276783,425392,633605,1039778,1794728,3212216,5883090,11115466,22547849,48292900,100971649,201274892,335383447,449910832,532603439,560270055,541570972,485104964,393522934,288416296,185696585,107130253,57039491,29079576,14658399,7496788,4042191,2250371,1323513,839482,556847,380593,266970,191910,141151"
high_income,2082,"0,0,0,0,0,0,0,0,0,517,2368,5799,18202,53552,140315,269884,412448,608751,994008,1720444,3089240,5674341,10757376,21896349,47005639,98967269,198104325,331557583,446553201,531309445,561150672,543949639,487515936,395527821,289911511,186854026,107939582,57546729,29372750,14822837,7593392,4099480,2281991,1343688,852329,565099,386605,271478,195313,143802"
high_income,2083,"0,0,0,0,0,0,0,0,0,514,2306,5564,17697,52323,137074,263945,401463,586737,949313,1641721,2949474,5426977,10282180,20859819,44709279,94512107,189206272,323098275,440125906,527284198,560574966,546156549,491461615,400001109,293303143,189263276,109365671,58283166,29774214,15025973,7699485,4164812,2322917,1371682,872651,580028,397735,279895,201766,148821"
high_income,2084,"0,0,0,0,0,0,0,0,0,512,2296,5352,16940,51079,134140,259210,396364,584218,952437,1657480,3002461,5616116,10949367,22790466,49403083,104590655,205323818,343242039,460035001,543351312,572290715,554717998,497863757,404774802,296511259,191385042,110660643,59064057,30189920,15265618,7843140,4249140,2369377,1398780,888885,589541,404161,284395,204997,151225"
high_income,2085,"0,0,0,0,0,0,0,0,0,398,2149,5110,16495,50107,130835,253075,385370,564191,914176,1588751,2872510,5355112,10386292,21575180,46714606,99987133,198859091,337352602,457119446,543111329,573512066,555932840,499226606,406002585,297476083,192041254,111129652,59354453,30339571,15341205,7881598,4270605,2383809,1408760,896453,595292,408518,287712,207574,153204"
high_income,2086,"0,0,0,0,0,0,0,0,0,395,2135,4983,15279,47855,126647,247073,376607,552102,898546,1568051,2833342,5249036,10117124,20921637,45205167,96910769,191957417,328933542,448938120,536381691,570562323,557088124,503165833,411214220,302145270,195801459,113551053,60794015,31086664,15725739,8066294,4367378,2436200,1441134,917063,607970,417321,293967,212107,156564"
high_income,2087,"0,0,0,0,0,0,0,0,0,394,2122,4890,15011,47154,124166,242076,368148,541283,892392,1596423,2986699,5739384,11470165,23732430,49253705,101174963,195329030,333086646,455830031,545005560,579223657,564098934,507895075,414054255,303736468,196612489,114012012,61056990,31241511,15813082,8115464,4392562,2447805,1447964,922056,611781,420197,296200,213867,157975"
high_income,2088,"0,0,0,0,0,0,0,0,0,392,2108,4823,14746,46448,122055,238634,364034,540856,910773,1688778,3307323,6672403,14594332,33767386,73963371,148789645,271353377,429171573,546640206,606913054,615402707,584804596,519157526,419927896,306815375,198358977,115013412,61616690,31527174,15961371,8194592,4436931,2473657,1463287,932422,618915,425173,299752,216454,159919"
high_income,2089,"0,0,0,0,0,0,0,0,0,389,2054,4682,13953,45204,118766,232437,352830,519147,865960,1596401,3130456,6295044,13663398,31482074,69325956,140654295,258471174,417594846,541302615,606736382,618289264,589215084,524790838,425820316,311668165,201870115,117166073,62820905,32189482,16324244,8379722,4531477,2523231,1492035,950495,630895,433459,305562,220641,163004"
high_income,2090,"0,0,0,0,0,0,0,0,0,389,2027,4623,13778,44622,117027,229020,347114,518856,905103,1719848,3413100,6865999,15046595,35683429,82671455,189973944,395624438,712572172,930682228,935029212,809099017,683232670,567823203,445150598,320905924,206333637,119315834,63765403,32626153,16562116,8523615,4624904,2586067,1537587,984822,657198,453815,321598,233421,173312"
high_income,2091,"0,0,0,0,0,0,0,0,0,374,1996,4499,13481,43938,114723,224553,346116,540859,982326,1912687,3814693,7561592,16130343,37363099,85035530,191816495,395776537,711759936,933788354,942402677,817938931,690374955,573377261,449112942,323340607,207704109,120185807,64278042,32932038,16749677,8638049,4695647,2630521,1564943,1002165,667521,461057,326799,237274,176214"
high_income,2092,"0,0,0,0,0,0,0,0,0,372,1983,4467,12736,40117,106662,213746,336795,521976,936683,1806562,3595376,7169071,15299489,35516602,82121156,189516669,396580192,722032891,968050588,990931748,861124003,717467868,591910684,461901859,332129865,213726520,124093512,66553816,34169220,17390767,8951233,4846346,2707459,1598308,1020891,679220,468559,331706,240567,178489"
high_income,2093,"0,0,0,0,0,0,0,0,0,293,1878,4296,12235,39267,104243,209060,327993,505276,906312,1751752,3489476,6943343,14747841,34246020,79741119,185531457,390010568,712897027,960362918,988228107,862117961,719692328,594856075,464376731,334111239,215237687,125117502,67158628,34513814,17586336,9062909,4912289,2747985,1623562,1037710,689470,476037,337325,244839,181794"
high_income,2094,"0,0,0,0,0,0,0,0,0,290,1868,4190,11928,38569,102517,205656,320676,489131,874206,1685191,3354793,6669106,14023337,32442702,75220171,174248332,370586990,687314728,950942993,998091322,877622991,729164430,601383760,468342476,336585514,216644357,125949681,67599296,34736425,17702536,9126014,4948347,2769025,1636673,1046997,696233,481085,341177,247837,184168"
high_income,2095,"0,0,0,0,0,0,0,0,0,288,1856,4119,11404,37631,100533,201751,312756,472329,841886,1626201,3243902,6445814,13468571,31048250,72336354,169396640,363325834,678411484,944267184,995601875,878378796,730931467,603569756,470335216,338614515,218388521,127147047,68371938,35093704,17865213,9221479,5010470,2804295,1659635,1064188,709261,491064,348880,253859,188967"
high_income,2096,"0,0,0,0,0,0,0,0,0,291,1849,4107,11311,37252,98801,198195,306671,462900,837246,1643442,3308324,6615332,13878661,32701610,77974012,183817816,397758171,748538692,1046419455,1098778518,955618366,777996030,631690484,486898522,347924820,223536096,130152293,69972211,35935804,18319864,9451364,5114552,2859454,1688896,1080376,716783,495175,351054,254965,189468"
high_income,2097,"0,0,0,0,0,0,0,0,0,274,1776,4004,11149,36784,97438,194776,300382,448751,801606,1568102,3165320,6339993,13309648,31483783,75506603,177677477,385738263,727501516,1033179779,1101426541,966573502,785785111,637312766,490128931,350155186,224896595,130904208,70346249,36103377,18394523,9500359,5159219,2889664,1709970,1096809,729672,505294,359065,261340,194593"
high_income,2098,"0,0,0,0,0,0,0,0,0,273,1765,3946,10857,36098,95865,191860,294757,436626,768527,1485730,2975148,5948857,12444303,29166512,70415855,169014776,373200649,713879987,1027376056,1104786141,974416610,792614995,642747537,494068147,352801777,226449373,131908729,70938349,36442199,18589682,9614126,5227414,2930424,1734529,1112363,738244,511033,363115,264255,196759"
high_income,2099,"0,0,0,0,0,0,0,0,0,270,1749,3905,10524,34677,93164,186863,286013,418231,730190,1409377,2822493,5646858,11751291,27401835,66043908,158184302,351814463,681089833,1008814314,1108967571,990721401,806702652,654130439,502410072,358945916,230280574,134231703,72184330,37071701,18887520,9749468,5285293,2958415,1749338,1122042,746587,517018,367401,267415,199114"
high_income,2100,"0,0,0,0,0,0,0,0,0,268,1734,3850,10324,34154,92030,184527,281949,410785,714163,1377971,2756286,5530014,11585835,27130892,66075979,159281362,354383663,683421569,1012165617,1114036433,996968765,812183229,658703815,505840678,361185917,231596950,134986210,72608032,37294467,19011667,9819112,5326429,2982264,1763668,1131661,753407,522046,371211,270375,201491"
low_income,1800,"9,188,895,3885,13482,41084,119524,354463,981943,2402868,5271153,11338860,24742163,48948646,76722828,105154232,129391542,137199157,126808390,102541974,72767343,46978225,28564101,16716477,9447785,5175434,2908616,1670334,943935,513883,275823,150915,85579,48925,27597,15114,7922,3976,1930,943,498,244,129,90,68,41,21,1,0,0"
low_income,1801,"8,189,896,3884,13496,41126,119634,354701,982614,2405063,5278439,11358900,24799884,49092535,76994942,105633512,130226061,138165409,127705041,103056721,72808893,46736524,28277875,16500663,9305085,5096989,2863921,1645021,929406,507298,272888,149401,84727,48443,27342,14988,7834,3925,1902,927,494,241,126,90,68,41,21,1,0,0"
low_income,1802,"8,189,897,3890,13511,41162,119721,354900,983288,2408519,5292457,11397051,24882092,49258343,77267023,105992789,130617765,138517172,128014193,103343940,73063648,46963704,28453372,16616205,9377745,5136357,2885330,1658311,937623,511459,274896,150427,85259,48741,27534,15087,7893,3951,1916,933,499,244,128,90,68,41,21,1,0,0"
low_income,1803,"8,189,898,3881,13507,41166,119743,355075,984095,2411154,5301513,11432309,24980721,49457213,77546656,106273894,130648650,138385198,127783501,103362153,73556263,47677879,29059679,16987282,9603217,5251209,2949423,1692862,954924,519381,278835,152502,86493,49438,27871,15261,8008,4030,1960,956,505,248,128,90,68,41,21,1,0,0"
low_income,1804,"8,189,898,3869,13478,41100,119618,355095,988642,2447532,5472769,11949428,26204235,51306682,79362122,107631468,130034671,135371349,123379459,98531206,69742000,45119420,27493930,16003003,9058344,4944969,2792526,1620007,924022,507711,274048,150256,85509,49185,27862,15284,8080,4131,2040,1002,521,251,129,90,68,41,21,1,0,0"
low_income,1805,"8,189,897,3872,13429,40847,119103,357636,995150,2459622,5503158,12007304,26256740,51426673,79663697,108187246,131283653,137692449,126523172,102217733,73232977,47869233,29435293,17251216,9794763,5363888,3019477,1730022,973970,529906,284879,155782,88436,50631,28500,15542,8122,4116,2017,988,515,250,128,90,68,41,21,1,0,0"
low_income,1806,"8,189,897,3866,13424,40844,119120,357859,996633,2467170,5533796,12137121,26578162,51965213,80355974,109175697,131750580,137136632,124638144,99016195,69477910,44530201,26873750,15583520,8776396,4795605,2716706,1576012,897163,493161,266960,146999,83848,48173,27279,15011,7919,4053,1987,975,506,251,131,90,68,41,21,1,0,0"
low_income,1807,"8,190,896,3811,13293,40562,118448,356338,994776,2469989,5552283,12188076,26686147,52178564,80692817,109624826,132301332,137727685,125151830,99406576,69649352,44522947,26796024,15533184,8738005,4776556,2706583,1570540,894579,492057,266405,146749,83708,48086,27232,14986,7893,4043,1976,968,504,248,131,90,68,41,21,1,0,0"
low_income,1808,"8,191,897,3814,13310,40618,118630,357069,998028,2482586,5589030,12269403,26835953,52419427,80989619,109893994,132348593,137432474,124757146,99124375,69943284,45279931,27625628,16088485,9100633,4970590,2809836,1628930,926073,507557,274135,150561,85701,49258,27896,15313,8091,4159,2047,1008,514,253,130,90,68,41,21,1,0,0"
low_income,1809,"8,191,899,3815,13318,40619,118656,357386,999885,2491326,5617295,12343481,27005991,52751429,81451301,110477367,132923951,137857400,124990862,99231769,70030511,45375605,27713056,16158564,9142177,4989586,2819721,1635354,929794,508476,274068,150515,85664,49222,27867,15293,8077,4143,2043,1000,512,255,128,90,68,41,21,1,0,0"
low_income,1810,"8,192,898,3791,13250,40470,118313,356671,999463,2496513,5641436,12414068,27179968,53141715,82123153,111495383,134520401,140279935,128009985,102783703,73470560,48188344,29743588,17484227,9928694,5428773,3054563,1753180,985770,532870,285361,156241,88599,50678,28523,15556,8124,4114,2020,986,510,254,129,90,68,41,21,1,0,0"
low_income,1811,"8,192,897,3793,13260,40582,119904,367030,1027640,2546419,5736580,12672565,27700612,54005661,83280639,113212597,136237117,141764451,128735119,102595999,72649834,47271420,28966438,17007943,9609624,5259953,2965277,1701616,953940,514274,275590,151566,86088,49200,27697,15134,7901,3992,1942,950,496,253,130,90,68,41,21,1,0,0"
low_income,1812,"8,192,897,3795,13262,40604,119982,367415,1029352,2555892,5768563,12740909,27836615,54308790,83772091,113929659,137320496,143006703,129920806,103413915,72860197,47064435,28659319,16790972,9454647,5176914,2917691,1675604,940000,507974,272857,150281,85398,48813,27517,15036,7835,3938,1918,932,494,251,131,90,68,41,21,1,0,0"
low_income,1813,"8,192,896,3783,13234,40549,119851,366754,1025736,2544155,5746601,12720226,27867385,54455692,84087750,114366771,137696255,143344046,130232075,103777301,73611992,47978149,29421098,17235552,9733617,5321656,3000647,1716962,957988,516510,277560,152633,86763,49602,27873,15208,7956,4012,1967,959,496,254,126,90,68,41,21,1,0,0"
low_income,1814,"8,194,897,3784,13188,40285,118976,363333,1015906,2530290,5739746,12711687,27899136,54558230,84280151,114543582,137352229,141989826,128091938,100984471,70955874,45981968,28099762,16387740,9256838,5048283,2855439,1654286,935898,509429,274498,151112,86030,49389,27942,15341,8107,4137,2051,1002,511,261,131,90,69,41,21,1,0,0"
low_income,1815,"8,194,897,3784,13192,40624,123812,388757,1080810,2650025,5999708,13301794,29218296,56443146,86060277,116331694,138820545,143530426,129960880,103426508,73318719,47817503,29369715,17228286,9739160,5326393,3004815,1724668,966104,519832,277733,152160,86190,49240,27669,15063,7843,3959,1943,951,494,252,132,90,70,41,21,1,0,0"
low_income,1816,"8,193,899,3764,13118,40035,116657,351617,992666,2527049,5840541,13135831,29262311,56805750,86836572,117543311,140563259,145502253,131804318,104543775,73367786,47195550,28655659,16753629,9420196,5162767,2915369,1673070,936492,505489,271112,148882,84416,48212,27133,14779,7666,3844,1875,913,484,247,130,90,70,41,21,1,0,0"
low_income,1817,"8,192,902,3768,13119,40141,118261,362118,1019932,2571279,5923795,13377414,29766404,57660352,88061341,119540771,142777145,147385665,132754037,104158175,72394711,46268628,28019081,16350703,9179828,5035197,2845526,1628909,906688,488365,262365,144448,81955,46839,26396,14385,7458,3723,1806,893,471,241,130,90,71,41,21,1,0,0"
low_income,1818,"8,192,901,3769,13128,40317,120995,376323,1055458,2628752,6012773,13501465,29910804,57845777,88183350,119375704,141851399,145611273,130331388,101625352,70088646,44417365,26581098,15385363,8579273,4679154,2655091,1540792,869721,472387,254329,140386,79906,45812,25949,14258,7498,3806,1865,923,482,251,133,91,71,41,21,1,0,0"
low_income,1819,"7,188,893,3749,13082,40236,120986,376965,1058431,2637806,6031192,13549888,30051846,58135576,88571955,119882653,142375972,146083736,130770323,102120980,70714709,45091204,27169168,15786624,8839986,4825121,2734452,1587029,897811,487333,261436,143954,81688,46778,26493,14555,7642,3879,1909,942,489,259,136,91,72,41,21,1,0,0"
low_income,1820,"7,188,869,3659,12885,39795,119992,375388,1057846,2642913,6049150,13596606,30175399,58411228,88971320,120348974,142738499,146317959,131025620,102553595,71481958,46004455,27939853,16267737,9147615,4987656,2822764,1636980,926611,501939,268481,147568,83686,47906,27115,14893,7841,3990,1970,980,503,265,138,91,72,41,21,1,0,0"
low_income,1821,"7,187,853,3573,12660,39289,118765,372606,1052564,2635380,6043789,13606625,30261844,58661421,89395314,120899168,143213523,146572324,131172405,102691921,72051777,46879185,28815332,16843484,9506661,5178000,2921003,1691142,957890,518213,276580,151824,86027,49270,27889,15306,8077,4130,2054,1024,523,274,142,91,74,42,21,2,0,0"
low_income,1822,"7,187,862,3597,12725,39523,119563,375029,1059030,2650428,6074178,13672533,30417243,58989250,89929430,121688292,144298620,147888629,132396893,103567069,72326260,46775387,28562108,16667830,9383273,5123712,2897554,1679707,949923,513942,275329,151411,85867,49238,27933,15349,8072,4111,2030,1010,519,272,142,92,74,42,21,2,0,0"
low_income,1823,"7,188,869,3590,12622,39083,118145,370341,1044790,2611461,5984051,13487926,30248643,59082088,90199567,122235422,145207196,148937705,133280303,104124863,72855598,47347583,29116816,17042895,9613354,5258743,2977087,1724602,974714,527067,282602,155502,88276,50783,28899,15931,8415,4288,2112,1049,528,281,145,93,75,42,21,2,0,0"
low_income,1824,"7,184,858,3769,14352,44840,135695,421674,1163941,2811941,6258746,13810341,30584271,59464328,90648950,122778429,145791307,149409083,133574758,104327988,73090351,47676765,29587974,17492042,9929529,5452098,3086020,1790120,1019092,553828,296280,162734,92347,53184,30281,16677,8751,4421,2181,1088,541,290,149,97,76,43,21,2,0,0"
low_income,1825,"8,187,828,3656,14156,44224,131762,406626,1135351,2802477,6358822,14288446,32082110,61716678,93036486,125096015,147194815,149741330,133086791,103510421,72179549,46850022,29048017,17226152,9801872,5400402,3061818,1775863,1008998,546644,291582,160333,91116,52459,29787,16335,8515,4296,2107,1060,540,295,151,97,82,44,22,2,0,0"
low_income,1826,"8,187,831,3685,14250,44250,128151,383445,1076820,2714936,6238560,14146772,32064755,61877390,93434350,125664152,147856531,150524003,133950350,104349740,72848648,47423520,29595560,17658889,10115006,5602176,3174716,1831001,1031661,552681,292588,159884,90119,51516,29109,15862,8202,4091,2001,1026,539,298,157,98,83,45,23,2,0,0"
low_income,1827,"8,191,836,3681,14215,44294,128446,384637,1080786,2726839,6266191,14207254,32220585,62219527,93973254,126428709,148892292,151749953,135175381,105336406,73410672,47643607,29576737,17567939,10032132,5544883,3142698,1814304,1020684,547005,290414,158972,89737,51353,28995,15806,8186,4094,2004,1031,537,296,156,98,83,46,23,2,0,0"
low_income,1828,"8,192,842,3693,14213,44348,130256,397114,1113866,2783744,6361100,14373224,32456450,62604611,94495228,127120783,149772016,152776436,136205615,106184553,73930276,47903280,29665003,17601438,10048868,5556758,3154330,1821301,1021996,546789,290601,159107,89814,51397,28994,15795,8197,4099,2009,1035,541,298,155,99,84,46,23,2,0,0"
low_income,1829,"8,195,834,3635,14168,44503,133217,413012,1155818,2856685,6477948,14536175,32638888,62840124,94784833,127494308,150188881,153239365,136717291,106777076,74633283,48576732,30264801,18028970,10314768,5709623,3236467,1866633,1050017,562060,298013,162868,91814,52529,29672,16172,8402,4210,2063,1062,556,307,162,101,84,48,23,2,0,0"
low_income,1830,"8,197,820,3602,14067,44403,133253,414232,1161371,2873381,6518314,14618620,32806897,63148311,95258247,128159088,151072818,154269397,137742628,107632005,75131379,48767665,30240043,17960457,10259163,5679417,3223625,1860751,1044585,559475,297535,162883,91919,52599,29700,16194,8422,4235,2080,1078,564,313,162,103,84,49,23,2,0,0"
low_income,1831,"8,199,830,3632,14178,44961,137306,431834,1202811,2937819,6619797,14755962,32949020,63364812,95593952,128567462,151538578,154780837,138247759,108006707,75426619,49029572,30428701,18075428,10328039,5716386,3245085,1875510,1053856,564794,300554,164450,92742,52991,29860,16238,8443,4261,2113,1095,582,326,169,114,87,51,26,2,0,0"
low_income,1832,"8,199,838,3646,14126,44766,136146,425953,1182449,2891678,6572399,14745187,33010122,63553282,95939581,129024538,151906533,155000451,138380751,108077031,75756594,49542272,31029550,18597941,10690766,5933517,3368917,1945301,1094633,584270,308765,168466,94792,54113,30501,16589,8612,4321,2141,1101,586,329,173,115,90,52,26,2,0,0"
low_income,1833,"8,199,836,3579,13927,43896,129847,397838,1120272,2813743,6476121,14652892,33039984,63723787,96247666,129296987,151808843,153955372,135871432,104198107,71314840,45357220,27747489,16388112,9327708,5164513,2925325,1675324,939938,508408,273244,150567,85410,48880,27576,15034,7838,3939,1941,997,521,291,151,104,85,52,26,2,0,0"
low_income,1834,"8,200,828,3565,13930,43869,128458,388233,1096540,2783520,6451590,14662686,33178076,64011861,96709796,129875240,152429279,154537946,136377690,104593915,71595920,45545995,27870211,16468555,9378396,5195890,2944922,1688183,947795,512959,275825,152052,86270,49403,27880,15218,7937,3982,1964,1003,528,294,156,106,85,52,26,2,0,0"
low_income,1835,"8,201,831,3581,13949,44163,131432,404092,1137338,2853808,6564353,14835490,33379157,64278606,97038080,130349198,152995712,155011136,136709276,104785194,71709722,45640104,28001628,16640897,9536884,5329281,3049078,1762183,996382,542405,291671,160171,90566,51771,29187,15921,8309,4176,2046,1038,543,302,168,108,86,52,26,2,0,0"
low_income,1836,"9,202,837,3597,13922,44307,133877,417809,1171956,2912159,6666028,14991094,33533733,64446364,97204142,130591921,153416763,155636340,137434984,105474209,72184481,45894131,28104387,16655612,9526004,5320645,3045766,1761703,997051,543691,292738,160658,90831,51893,29234,15942,8324,4197,2059,1060,555,310,176,109,88,54,27,2,0,0"
low_income,1837,"9,205,842,3356,12463,39433,116915,363210,1053234,2733668,6435376,14737794,33449562,64605926,97646943,131241035,154142279,156356929,138068348,105962965,72496103,46051320,28217051,16780375,9650787,5426678,3127839,1820178,1034801,566007,304827,167024,94243,53740,30249,16487,8599,4324,2100,1079,562,313,175,112,89,55,27,2,0,0"
low_income,1838,"9,203,809,3128,11230,36219,110850,357007,1047977,2728119,6451892,14817496,33582898,64834329,97939900,131570868,154445032,156610843,138250620,106021499,72526903,46069470,28238891,16830005,9699297,5464125,3155886,1842475,1050243,574889,309426,169401,95368,54286,30487,16546,8592,4293,2064,1048,541,301,166,111,89,55,27,2,0,0"
low_income,1839,"9,205,815,3140,11162,35984,110901,360158,1059671,2751630,6492438,14874386,33649221,64953819,98177642,131930820,154942820,157374946,139379432,107380754,73663578,46787083,28607605,16995277,9765271,5485413,3160662,1843652,1052192,577214,311294,170741,96346,54936,30941,16856,8804,4439,2168,1109,580,324,179,116,90,56,29,4,0,0"
low_income,1840,"10,206,821,3159,11151,35941,109178,348904,1032834,2718771,6464289,14855195,33679172,64961412,98083636,131502152,153856197,155270132,136165367,103160520,68931630,42327772,24912433,14339600,8040711,4436738,2535833,1487857,859148,479715,262759,146077,83379,48041,27466,15249,8165,4240,2118,1107,585,330,185,116,91,56,29,4,0,0"
low_income,1841,"10,208,815,3147,11132,35799,107814,340989,1008099,2666237,6395697,14784079,33642826,65006732,98265079,131931164,154502578,156063142,136903589,103706607,69339331,42657546,25168579,14521929,8167131,4521388,2589890,1520560,878751,491417,269500,149795,85320,49003,27959,15512,8303,4325,2146,1132,598,335,188,118,91,58,30,4,0,0"
low_income,1842,"9,207,806,3078,10996,35566,107576,341115,1010089,2675979,6422590,14850403,33779905,65254823,98632991,132456383,155158742,156728135,137434028,104022950,69507477,42795370,25278435,14598133,8218764,4554449,2612024,1534490,887300,496386,272292,151485,86368,49629,28319,15727,8427,4394,2198,1157,613,340,189,121,92,58,30,4,0,0"
low_income,1843,"9,208,817,3096,11004,35801,109900,354510,1044764,2733812,6515792,15002365,33953407,65480786,98916991,132862751,155708065,157374790,137979087,104318774,69594775,42831166,25306910,14613648,8230193,4562461,2618067,1540145,891047,498707,273755,152368,86854,49891,28485,15819,8482,4426,2212,1167,624,339,188,120,93,58,31,4,0,0"
low_income,1844,"9,212,806,3050,10741,34938,110182,366575,1084714,2806049,6633206,15157743,34094436,65624688,99067735,133125372,156098073,157858020,138508597,104783931,69968568,43127769,25520935,14755746,8320148,4614455,2646906,1556812,900572,504038,276810,154174,87864,50437,28790,15997,8586,4499,2258,1189,636,351,196,122,97,62,31,5,0,0"
low_income,1845,"9,213,813,3069,10755,35501,117787,400261,1157861,2894366,6769225,15361873,34295916,65834588,99278715,133461431,156565595,158406161,139049928,105210704,70237377,43305397,25646062,14833669,8368978,4644596,2664156,1567753,907138,508000,279258,155484,88549,50777,28975,16077,8642,4521,2265,1192,642,355,203,123,98,64,31,6,0,0"
low_income,1846,"9,216,811,2997,10530,35370,121856,418658,1197693,2946517,6856686,15489529,34469114,66036007,99492172,133829879,157047568,158886826,139403187,105362997,70223876,43222172,25547484,14736781,8281294,4577300,2618682,1537736,886876,494815,271292,151176,86509,49970,28676,15990,8610,4501,2256,1183,635,350,205,125,98,64,31,6,0,0"
low_income,1847,"9,216,815,3010,10569,36040,128919,444055,1248361,3010725,6955244,15627501,34742184,66623616,100557347,135459996,159414989,161859380,142789747,108758667,73345647,45872980,27569911,16217850,9343928,5287423,3059230,1816182,1069116,609856,340832,192109,110126,63465,36297,20167,10803,5594,2725,1284,670,372,231,152,104,64,35,7,0,0"
low_income,1848,"9,218,814,3007,10577,35216,117986,403978,1168640,2912661,6804758,15477240,34587307,66408326,100237478,134949235,158364360,160140296,140562633,106282962,70861664,43645813,25826694,14908131,8389532,4641751,2658147,1564359,903976,505148,277538,154930,88808,51433,29620,16562,8940,4690,2366,1244,679,383,240,158,110,64,35,7,0,0"
low_income,1849,"10,220,822,3028,10500,35911,129243,447875,1259396,3028930,6982687,15655882,34734547,66489457,100284214,135104536,158651931,160510126,140971288,106679620,71194828,43898419,26003947,15022133,8456574,4683536,2679733,1575082,909601,508343,279487,156059,89406,51799,29830,16699,9010,4727,2389,1260,688,388,245,161,111,65,38,8,0,0"
low_income,1850,"10,224,823,2955,10309,36072,135478,468514,1293270,3057126,7030431,15667844,34687162,66387302,100158716,135048943,158704128,160690546,141359042,107229912,71742069,44299180,26290499,15221081,8580116,4759447,2724930,1602945,926828,518671,285486,159478,91402,52993,30545,17101,9252,4858,2452,1287,704,394,256,169,115,72,40,8,0,0"
low_income,1851,"10,225,823,2940,10121,34578,125436,438945,1242083,2990246,6900638,15461310,34361264,65989062,99736872,134669647,158556934,160865995,141862347,107954897,72440938,44812806,26637763,15449218,8714716,4835373,2764905,1624945,940961,527676,290331,161901,92787,53895,31091,17413,9395,4926,2500,1312,716,404,266,178,116,73,41,8,0,0"
low_income,1852,"10,223,813,2879,10029,35207,133491,465510,1291843,3047373,6988959,15572211,34488198,66173289,100123980,135386274,159863556,162933731,144701951,111303083,75991464,48017456,29023075,17139669,9905929,5624455,3241006,1916823,1128224,645193,362124,204274,116992,67697,39050,21961,11881,6189,3042,1417,740,412,277,188,120,75,41,8,0,0"
low_income,1853,"10,224,817,2904,10160,34958,127213,444322,1252449,2978102,6787828,15033064,33032456,64172684,98299898,133839004,159565281,163819417,146270380,113036969,77372056,48936239,29613891,17508916,10128798,5750722,3311341,1957801,1152418,659357,370108,208708,119494,69103,39901,22520,12229,6378,3141,1466,758,428,295,200,125,76,42,8,0,0"
low_income,1854,"10,224,819,2884,10036,35318,134682,471072,1306859,3070398,6991498,15359128,33366661,64247294,98210394,133549692,159016580,163205315,145885469,112979188,77496766,49134676,29787613,17648302,10225267,5816216,3353035,1983443,1168599,669294,375859,211898,121106,69904,40354,22802,12390,6474,3180,1479,764,432,297,205,125,76,42,8,0,0"
low_income,1855,"10,227,823,2844,9982,34582,127013,447538,1270398,3045908,6979816,15483713,33670794,64618682,98677807,134226387,159299419,163131031,145314961,112161711,76944677,48944120,29746316,17670906,10247744,5850694,3381057,1996128,1172862,671380,377881,213329,121762,70175,40573,22986,12570,6590,3245,1520,783,441,303,213,130,69,45,9,0,0"
low_income,1856,"10,231,826,2836,9905,32738,108371,378634,1132050,2872191,6716363,15226875,33525730,64637664,98923744,134648483,159824367,163557066,145509846,112125048,76784332,48790145,29621521,17582559,10205062,5838307,3386851,2007324,1182677,677797,381629,215743,123397,71190,41145,23314,12743,6689,3308,1562,818,458,318,220,137,69,45,9,0,0"
low_income,1857,"11,233,825,2829,9868,33382,118518,421428,1226168,3014963,6978027,15580330,33766359,64529512,98261320,133461593,158512850,162423062,144681511,111548818,76450343,48564901,29419084,17458606,10140443,5799820,3363596,1993768,1174036,671904,378069,213741,122246,70514,40760,23096,12637,6628,3275,1528,794,450,320,223,138,69,45,9,0,0"
low_income,1858,"11,235,827,2859,10061,33009,106789,367555,1107557,2852815,6683379,14993507,32362912,62420140,96185756,131390973,156707792,160636943,142741812,109524969,74497473,46751528,27932789,16298752,9282294,5208147,2995505,1761758,1018408,571778,316776,177150,100989,58378,33955,19426,10770,5750,2931,1488,800,446,319,227,132,69,44,9,0,0"
low_income,1859,"11,235,831,2798,9914,32446,104901,361544,1095513,2833566,6687077,15093679,32575815,62742582,96816659,132546203,158585534,163272911,145852012,112813696,77661380,49567177,30159518,17963765,10473486,6008121,3491681,2070358,1216261,695243,390018,218949,124442,71501,41251,23331,12736,6667,3258,1479,748,410,293,216,123,59,38,9,0,0"
low_income,1860,"11,236,835,2817,10112,33601,108469,371764,1121299,2890652,6811431,15400493,33084387,63209852,97348746,133359323,159133295,163671888,145880204,112589858,77573048,49704210,30368065,18130530,10564721,6073603,3526662,2081024,1218933,697496,392627,220739,125224,71764,41314,23320,12712,6644,3226,1458,724,400,289,210,113,50,31,9,0,0"
low_income,1861,"11,230,826,2782,10177,34140,112207,385370,1158214,2979938,7004895,15729095,33433197,63403101,97443324,133399741,159098023,163649426,145840938,112463401,77373376,49513153,30217058,18003665,10485310,6029021,3494590,2062152,1210324,693491,390423,219075,123796,70591,40381,22613,12169,6250,2944,1245,575,302,222,170,89,30,14,5,0,0"
low_income,1862,"11,230,828,2758,9800,33940,126530,452656,1312549,3216129,7442499,16361084,33964683,63484690,96739835,131929625,156849419,160791621,142597648,109066608,74150302,46742983,28081353,16428340,9360978,5272077,3031252,1775210,1022635,574988,319058,177480,100194,57296,32941,18506,9981,5148,2471,1152,552,297,220,171,90,30,14,5,0,0"
low_income,1863,"12,231,837,2703,9552,33146,120929,433147,1275226,3155812,7288581,16102314,33650833,63156865,96556106,131941426,156994427,161207291,143260485,109844402,74872060,47322495,28478655,16673046,9501060,5348495,3065983,1793869,1032830,578936,321111,179630,102104,58687,33874,19085,10314,5370,2614,1225,592,321,231,181,98,30,14,5,0,0"
low_income,1864,"12,234,842,2719,9500,33625,129700,467792,1352401,3267237,7424407,16133928,33197842,62133952,95651959,131423464,157542161,162893079,145093244,111129086,75586662,47821513,28784973,16809982,9553672,5371503,3071734,1792699,1028516,576195,320787,179910,102306,58836,34067,19298,10519,5460,2660,1267,608,342,243,191,102,29,14,5,0,0"
low_income,1865,"12,235,845,2726,9529,33092,124292,448176,1314917,3226150,7371282,16153726,33341821,62416556,96086240,131829378,157848281,163023395,145191376,111274099,75732373,47973863,28877837,16823872,9540930,5351790,3055080,1775589,1013297,565019,314200,176614,100693,58050,33727,19246,10564,5496,2670,1257,598,335,242,175,94,29,13,5,0,0"
low_income,1866,"12,233,837,2683,9402,32593,119702,428738,1271125,3159061,7262290,16099515,33513167,62848419,96809660,132958732,159625557,165517715,148246736,114671066,79124300,50996571,31224587,18530246,10739981,6155810,3547627,2080396,1211287,690056,390018,221038,125968,72282,41696,23601,12860,6638,3155,1341,621,344,243,169,95,29,13,5,0,0"
low_income,1867,"12,233,849,2788,9677,32723,116612,412006,1233052,3093047,7111075,15800878,33008373,62055774,95693678,131520804,157794957,163235789,145677093,111984344,76457765,48630429,29386145,17166833,9746357,5470774,3120503,1810784,1034041,577417,321128,179886,101923,58519,33989,19461,10750,5623,2750,1307,631,346,240,167,95,29,13,5,0,0"
low_income,1868,"12,234,880,2942,10110,34250,123862,438349,1288682,3159805,7182834,15830840,32917220,61938537,95706119,131767436,158330965,163795121,146155548,112212940,76492034,48668876,29432539,17181803,9759229,5470928,3119728,1809622,1031968,574161,318136,178166,101138,58112,33780,19386,10730,5628,2772,1324,637,345,241,158,93,29,13,5,0,0"
low_income,1869,"12,234,888,2988,10289,35101,130582,466213,1351353,3254950,7377065,16233775,33518741,62538377,96467633,132614692,158831242,163819259,145578770,111379576,75903523,48398224,29331168,17131732,9728776,5468841,3118526,1801014,1022135,567484,314964,176685,100288,57684,33644,19400,10814,5701,2809,1327,635,349,239,163,93,29,12,5,0,0"
low_income,1870,"12,236,892,2975,9987,33044,120799,432322,1272967,3133100,7172261,15875555,32612852,61026736,95128967,131375586,158580162,164746242,146917216,112606399,76459168,48424795,29245171,17122366,9736761,5485020,3124838,1802449,1022901,567874,314821,176341,99979,57465,33542,19405,10867,5728,2839,1338,654,345,239,158,90,29,11,5,0,0"
low_income,1871,"12,238,898,2992,10054,33073,120023,431718,1270884,3115388,7114727,15786656,32508563,60906885,95009222,131210617,158365346,164646186,146911649,112658010,76520109,48496769,29326069,17162901,9763461,5510802,3140987,1807028,1024877,570028,316153,176630,99726,57122,33311,19315,10832,5743,2839,1345,633,342,238,155,94,29,11,4,0,0"
low_income,1872,"167,458,1183,3319,10371,32729,114001,403701,1207316,3021814,7004219,15836418,33240279,62449255,96734188,133394579,160639044,166892046,149692754,116126153,80339752,51954105,31974520,19049680,11089425,6387274,3674073,2122294,1225528,698290,395280,223860,126863,72542,42080,24232,13477,7101,3442,1493,682,364,246,155,97,28,10,4,0,0"
low_income,1873,"335,693,1490,3740,11006,34131,120359,428291,1261492,3097038,7113620,15949518,33221550,62208778,96158833,132556476,159764571,165802597,148327577,114630779,78771808,50477284,30749217,18123755,10437349,5922559,3374801,1936731,1108048,625178,352096,200507,114962,66438,38894,22584,12670,6732,3285,1445,681,380,256,165,106,28,10,4,0,0"
low_income,1874,"509,931,1786,4074,11637,35948,124551,438348,1283595,3124760,7083731,15659247,32495434,61133687,94613897,130879403,158717546,165628056,149188800,115777183,79267990,50190481,30178829,17555710,9938472,5565551,3156312,1809062,1027617,575053,321301,180491,101889,58356,34112,19834,11123,5910,2938,1388,654,342,231,154,105,29,10,4,0,0"
low_income,1875,"660,1154,2089,4489,12279,36756,122111,420679,1239072,3051963,6954832,15462702,32245246,60816882,94288475,130590931,158782475,166145987,150194075,117221742,80628167,51178262,30784353,17882532,10129373,5669584,3206025,1830215,1036538,578689,322842,181275,102153,58323,34104,19886,11193,5961,2960,1386,640,328,215,143,91,29,10,4,0,0"
low_income,1876,"835,1401,2415,4893,12731,37064,121095,414072,1218891,3007501,6902455,15435101,32224869,60787504,94216881,130599641,159107408,166747438,151042874,118264913,81621981,51917190,31187439,18090883,10238725,5716457,3228981,1838538,1038633,579590,323746,182030,102443,58349,34105,19878,11171,5940,2925,1349,620,318,209,143,93,29,10,4,0,0"
low_income,1877,"1006,1641,2737,5309,13323,37718,118770,396526,1175456,2951141,6845362,15391616,32280831,60942973,94385505,130499837,158636048,165739942,149470579,116523341,79889008,50427029,29986374,17202213,9661833,5343744,2998969,1705755,957725,528373,292025,164094,93035,53287,31249,18267,10314,5509,2723,1255,578,308,219,147,94,27,10,4,0,0"
low_income,1878,"1180,1876,3027,5567,13507,37311,113893,371642,1109913,2831777,6649668,15120300,32021682,60725278,94235061,130440488,158947220,166376248,150442062,117893327,81302821,51517348,30530399,17368630,9688469,5326218,2977479,1687748,941906,515815,283854,159560,90738,52169,30743,18048,10214,5450,2656,1203,546,286,204,147,93,27,10,4,0,0"
low_income,1879,"1313,2092,3322,5845,13732,37274,113846,380777,1136147,2857016,6646584,15051219,31748984,60379151,93968214,130446375,159754785,168386989,153754366,122436301,86129872,55551971,33279259,19004615,10626690,5850691,3270417,1848967,1033774,568870,313999,176076,99613,57028,33464,19600,11051,5902,2881,1295,574,299,197,148,99,28,11,4,0,0"
low_income,1880,"1490,2341,3655,6287,14181,37390,104869,297381,886942,2414223,6006432,14032513,30879800,59758738,93883495,130748220,159922218,167722806,152225160,120272319,83891482,53651778,31899606,18080474,10054059,5510621,3072197,1736419,966967,528156,289833,162117,91813,52620,30928,18089,10177,5404,2638,1152,543,288,198,149,102,28,11,4,0,0"
low_income,1881,"1666,2583,3981,6723,14721,37899,104473,287020,838612,2303377,5847441,13789181,30610185,59660007,94111900,131566175,161424279,169484505,153525179,120472293,82682840,52061812,30866336,17615156,9854685,5423263,3049822,1741934,972345,531262,291140,161390,90775,51930,30331,17401,9485,4852,2267,990,480,258,180,136,92,27,11,4,0,0"
low_income,1882,"1839,2798,4239,7013,14747,36469,100032,278849,827415,2279306,5788427,13725216,30509065,59442670,93767656,131088239,161041697,168942532,152493502,118803036,80342828,49433235,28861515,16404788,9183633,5074502,2854006,1631137,913947,501786,277063,154854,87183,49774,29163,16940,9381,4868,2296,988,477,257,188,139,96,27,11,4,0,0"
low_income,1883,"1954,2988,4538,7452,15431,37407,101229,284273,848743,2324797,5850592,13834336,30633228,59573523,93943981,131339182,161587426,169651045,153198010,119277643,80331888,49182282,28654487,16250753,9098971,5032905,2844828,1635407,920223,507117,280684,156687,87898,49883,29025,16769,9284,4816,2275,962,458,243,171,131,94,27,11,4,0,0"
low_income,1884,"2128,3236,4822,7668,15362,36525,97097,261375,760314,2131990,5559159,13368975,30076435,59188706,93830434,131796442,162816434,171323222,155022218,121015787,81547680,49971959,29138183,16517465,9222358,5079120,2861781,1638240,920302,505505,278361,155225,87215,49479,28751,16592,9178,4771,2283,976,461,252,182,134,95,27,12,4,0,0"
low_income,1885,"2310,3450,5132,8137,15966,37163,96824,257040,745214,2116536,5634561,13686188,30948120,60574592,94796217,132167516,162516480,169938027,154051864,121231071,82141507,50214584,29241998,16567570,9283114,5133255,2899182,1669348,944975,522039,287559,159774,89254,50340,29124,16749,9234,4786,2255,960,449,237,173,133,95,27,11,3,0,0"
low_income,1886,"2316,3538,5309,8453,16753,38979,101598,266684,767151,2147116,5683596,13883646,31257887,60931738,95452420,133505445,163941816,171099325,154805889,121479893,82237705,50615785,29548730,16692532,9310919,5130342,2886467,1653225,930311,510801,280787,155905,87105,49221,28624,16585,9225,4841,2302,973,445,239,177,137,93,26,11,3,0,0"
low_income,1887,"2493,3788,5696,8971,16653,36995,89214,236820,704393,2013000,5309867,12945892,29695299,59009609,93221252,130851081,162949279,172926200,160080314,129787594,90775860,56871767,33762791,19211019,10753493,5932553,3331509,1906455,1080947,599775,330269,182217,101078,56695,32793,18934,10511,5526,2662,1144,532,268,182,139,104,34,11,3,0,0"
low_income,1888,"2857,4206,6200,9653,17937,39443,93268,237159,675054,1887366,4991489,12355784,28377570,56963354,91023829,128847970,162652907,174286497,161438889,130546758,90502604,55989024,32783593,18428526,10218551,5568415,3094615,1763968,991324,543202,295192,162068,90396,51047,29703,17174,9535,4967,2373,1023,496,244,184,149,105,31,11,3,0,0"
low_income,1889,"2955,4355,6410,9941,18691,41758,103966,268701,759489,2064200,5295528,12805625,28534983,56637914,91051845,129211296,163470016,175939109,162780795,130818817,90001236,55486374,32215086,17974358,9938635,5397778,2986206,1701107,954038,520700,283231,156073,87117,49255,28701,16663,9271,4833,2297,977,454,229,178,148,97,26,12,3,0,0"
low_income,1890,"2920,4406,6527,10079,18706,41559,103974,274303,789251,2128698,5340281,12704099,28136981,55930878,89906973,127314654,162126819,175573607,163784631,133163602,92329332,56937334,33105021,18457109,10196792,5538195,3052867,1737841,978129,533781,289539,159063,88619,49973,29047,16886,9454,4946,2383,1013,462,232,180,147,99,26,12,3,0,0"
low_income,1891,"3458,4978,7041,10542,19879,45090,116337,298286,831678,2233364,5669527,13558330,29737096,58200635,93419802,132871520,167318631,179501853,165047791,131114167,89124150,54802620,31639618,17630760,9704624,5242594,2891763,1637129,909310,493086,268366,148017,82421,46838,27366,15920,8866,4582,2161,907,426,233,180,144,88,25,12,3,0,0"
low_income,1892,"3414,5028,7360,11201,20388,44834,110724,285719,803038,2166695,5399673,12689030,28181533,56237733,90564470,128455014,164081771,178278966,166983108,136592362,95188725,58685542,33970808,18964818,10501582,5697578,3142169,1793701,1009474,548616,296707,163028,90883,51306,29885,17331,9642,5023,2377,989,456,230,174,143,99,25,12,3,0,0"
low_income,1893,"3612,5295,8039,12547,22235,45879,103034,254986,705556,1942654,5005434,12107963,27365286,55179922,89426894,127580026,163866791,178992526,167886594,137216947,94854002,57412139,32922771,18353473,10180539,5549140,3078035,1756451,984877,537544,292607,160883,89303,50029,29025,16899,9468,4943,2333,969,447,230,174,143,106,33,12,3,0,0"
low_income,1894,"3276,5042,7963,12682,22307,44173,93892,220250,596132,1666108,4443220,11083708,25776943,53252419,87179349,125068337,162084627,178147025,168797578,140032936,98285881,60180105,34859322,19608898,10905008,5968792,3309541,1889610,1061961,579123,314934,172999,95744,53272,30427,17876,10233,5504,2685,1152,486,238,175,148,113,49,12,3,0,0"
low_income,1895,"3445,5232,7834,12012,20521,40924,88898,217432,602020,1665374,4410729,11237387,26249066,53824855,87893252,126552527,164353075,181001559,171170542,141086084,98264973,60021083,34782107,19486808,10814550,5904049,3263312,1852764,1036366,563200,306175,168676,93630,52216,30243,17841,10211,5512,2689,1153,478,237,177,156,117,39,12,3,0,0"
low_income,1896,"4063,5903,8715,13152,22115,42871,91341,219437,609087,1692062,4527174,11629804,27144587,55288483,90742977,131625615,169012072,185157620,173690717,140604006,96696816,59545512,34637974,19534908,10885948,5950265,3316680,1890230,1054067,578340,319802,176220,96124,52993,30392,17864,10150,5432,2593,1077,469,241,170,147,116,49,12,3,0,0"
low_income,1897,"4086,5988,8964,13812,23661,45881,95650,224709,603345,1623410,4168284,10304731,23937683,50134297,83839001,121042447,160921403,181531778,175230393,149171976,107265390,65635590,37564054,20909181,11594258,6337720,3467442,1969699,1113417,611048,332011,181152,99908,55704,31942,18666,10546,5610,2710,1115,495,238,171,151,119,44,12,3,0,0"
low_income,1898,"76,363,1871,5536,14251,35150,82760,206651,579013,1584211,4090555,10135542,23600978,49549309,82728781,118954951,157561237,176671865,169082069,142663454,101354099,61118963,34543305,19214683,10641498,5817106,3208395,1839415,1045004,575797,311168,167681,90915,49442,27348,15367,8318,4306,2098,943,457,216,155,141,119,48,12,3,0,0"
low_income,1899,"3952,6000,9267,14464,24620,46873,95513,214672,566603,1535357,4029437,10266545,24216214,50836716,85192963,124698596,164831707,184846172,177420485,148037614,103561487,63036183,36306856,20310470,11270475,6154741,3375023,1920555,1080264,590152,322240,177397,97569,53890,30497,18114,10496,5736,2853,1217,497,251,175,154,124,57,15,3,0,0"
low_income,1900,"4126,6255,9705,15395,26567,50676,102251,226069,572973,1527506,3990895,10051303,23738520,50209888,84424804,123419516,164520961,185710703,179261342,151485890,107842340,66114653,38075969,21253134,11742515,6387871,3489946,1977323,1109186,604911,329094,180514,99513,54985,31183,18431,10629,5802,2865,1232,506,248,174,153,124,50,13,2,0,0"
low_income,1901,"4141,6318,9629,15068,25446,47920,96115,213796,565841,1530314,3990040,10038533,23972976,50981534,84935384,123502516,164705828,184695609,178518903,152556906,109836659,67742217,39151538,21937774,12139172,6609017,3602882,2040666,1150166,629511,342282,187406,103289,57155,32223,19070,11037,6058,3029,1330,536,256,175,154,127,56,14,2,0,0"
low_income,1902,"4716,7002,10508,16062,26736,49901,99131,218581,580532,1544066,3933504,9695883,23000300,49242306,82556488,119135485,160416622,181968313,177845956,156392131,116609598,72857712,41610960,23264625,12878824,7019304,3807487,2153931,1226100,677796,369451,200868,110155,61005,34167,19972,11483,6235,3110,1362,583,270,181,154,126,60,21,2,0,0"
low_income,1903,"4320,6667,10368,16201,27217,50974,101618,223168,575261,1510718,3838326,9478731,22781343,49069654,82378649,119069257,161018680,183405481,179340164,158103672,118345352,74174811,42612024,23834592,13156560,7181369,3883887,2176402,1235215,683720,370988,201061,109923,60516,33938,19991,11551,6319,3172,1429,590,271,179,153,129,57,13,2,0,0"
low_income,1904,"4715,7147,10943,16988,28317,52461,102486,216807,547100,1443051,3706252,9167231,22154659,48318749,81860224,119325802,162229435,184898499,181282289,160498800,120145372,75171963,43168983,24212767,13440267,7356868,3974051,2229245,1267519,702477,382565,207739,113443,62212,34645,20176,11667,6375,3190,1442,598,276,175,147,126,61,24,2,0,0"
low_income,1905,"5149,7694,11614,17775,29369,54314,106975,230331,574660,1502275,3851116,9584429,23534692,50863301,84563460,122882128,165990405,186803085,181418478,158544640,116759174,72192967,41380566,23019830,12704074,6902853,3733680,2099456,1187568,655095,355553,192299,104743,57208,32150,18910,10849,5859,2873,1286,562,262,170,151,125,51,13,2,0,0"
low_income,1906,"91,355,1785,5854,15162,37736,88132,209214,552025,1486871,3849408,9612996,23482369,50599936,83969874,121192174,163174383,182832875,175908748,153270327,112341008,68269260,38310596,21169045,11678158,6347180,3448787,1945641,1104168,612369,330220,175271,93441,49966,27255,15370,8360,4305,2066,998,496,234,149,134,116,43,11,2,0,0"
low_income,1907,"78,342,1907,6244,16095,40110,94476,223898,575400,1551212,4062717,10219481,24719167,52581927,86599365,126129851,169328156,188065074,179575365,152572325,107387591,63270313,35480923,19549613,10812446,5900248,3235678,1836552,1035379,571374,308275,164413,87521,46280,25479,14353,7803,3982,1874,906,443,222,141,130,104,33,11,2,0,0"
low_income,1908,"98,348,2087,6800,17463,42712,98410,228557,597398,1617694,4193591,10315083,24555228,52056159,85719946,124359289,167550369,186915802,179752253,154837501,110703714,65899461,36864907,20393986,11255413,6127712,3346851,1904168,1077371,594084,319957,169977,90379,48209,26230,14871,8144,4178,1999,943,466,222,143,131,113,35,11,2,0,0"
low_income,1909,"120,376,1869,6253,16172,39861,92576,212165,540800,1464565,3877727,9497956,22804929,49454934,82691269,119372973,161784772,183171395,177640021,158724684,120603088,74887403,41579118,23061928,12688742,6917001,3745562,2094556,1189109,659528,353838,186020,98524,52695,28195,15819,8604,4426,2117,1004,488,223,140,122,96,23,12,1,0,0"
low_income,1910,"106,363,1900,6444,16796,41254,94351,211489,529523,1429683,3831363,9453904,23156041,50357383,83524340,120859808,163062204,182485742,176974034,158687335,121115496,76132497,42831959,23935360,13263692,7201880,3883615,2175531,1231013,678615,363920,191413,101115,54061,28712,15972,8711,4522,2181,1026,491,243,137,120,97,23,11,1,0,0"
low_income,1911,"109,375,1666,5734,15065,37793,89948,208450,518888,1387685,3734691,9272849,22908107,50324184,83724953,121629469,164900657,185232861,179452734,160638097,122078962,76069498,42526699,23584856,12994020,7049355,3788113,2106653,1186867,654135,350541,184231,97283,52240,27995,15843,8639,4456,2151,1012,500,234,141,122,95,23,11,1,0,0"
low_income,1912,"94,359,1859,6471,16941,41743,95839,215062,521112,1359693,3577261,8762453,21074845,47077219,80680632,118503526,164170931,189266879,185349153,165962990,125410631,77652963,43238697,23917457,13195307,7147169,3821121,2132517,1199140,656909,352283,185900,98215,52353,27761,15674,8657,4494,2182,980,483,217,130,120,91,21,10,0,0,0"
low_income,1913,"96,313,1658,6418,18520,48324,112535,251424,584679,1434498,3551374,8350804,19517948,44007028,77317074,115075346,162080389,190890937,189289896,171188682,130835750,81994014,46148215,25711766,14461123,7968580,4275714,2397390,1363946,758520,414700,222493,117556,61095,30774,16215,8885,4626,2272,1052,530,256,138,125,87,21,10,0,0,0"
low_income,1914,"98,322,1724,6835,20939,55053,128789,288547,656036,1527806,3615861,8298019,19368215,43988803,77433762,114685590,161490710,191059965,189115926,171838091,132853952,83385670,46287999,25629729,14152965,7781861,4214797,2354873,1348192,760343,418857,224935,119187,62980,32661,18020,10090,5431,2788,1403,732,386,211,162,113,31,12,0,0,0"
low_income,1915,"122,355,1656,6909,20809,54212,125689,280731,643193,1517958,3619976,8357950,19535867,44299167,77946785,115508815,162648050,192059075,189834472,172684918,133701078,84189178,46912329,25985009,14350783,7858811,4245568,2367124,1352858,761115,419553,225883,119949,63259,32609,17872,10104,5505,2852,1453,766,411,217,165,107,32,12,0,0,0"
low_income,1916,"125,363,1728,7272,21644,55323,127377,283384,645974,1513814,3583416,8257015,19416690,44143481,77768881,115337215,162668460,193053443,190545439,174365558,136915108,86873729,48038212,26332126,14404611,7857340,4159458,2240289,1260823,703952,382938,203585,106380,54857,28101,15648,8780,4702,2363,1134,518,256,133,103,76,15,9,0,0,0"
low_income,1917,"148,406,1717,6938,19661,50498,119827,270293,626403,1511090,3642979,8582602,20279859,45386961,79267334,117666350,166604308,197114869,194329228,176885226,136590489,84711883,46280348,24996396,13566651,7313555,3786293,2021736,1125993,618175,332515,176650,92906,48432,26456,14917,8342,4412,2196,1008,481,236,122,95,72,12,8,0,0,0"
low_income,1918,"174,441,1637,6925,21555,58480,139623,317838,748834,1904091,4754912,11052855,24389319,51732073,87739033,130125496,180232523,205329928,197599211,170203094,120041405,69401186,37474206,19952081,10795724,5773129,3030393,1676038,937496,512334,276796,147822,78355,41987,23453,13329,7524,3991,1971,881,429,240,129,93,67,12,8,0,0,0"
low_income,1919,"192,611,1740,6560,18871,51948,136483,345496,883854,2304568,5430650,11681754,24668456,51921701,88011818,126845289,173734351,200051406,192801262,172839708,131339749,79977268,42853771,22843649,12324617,6660145,3472653,1877840,1061109,587722,316928,167739,90116,49152,27419,15367,8427,4368,2177,997,492,270,147,97,75,15,8,0,0,0"
low_income,1920,"226,714,1648,5491,17350,53916,159265,418902,1066502,2594133,5790402,12228894,25846793,53455807,89082209,128980402,177545802,203282603,196037119,172463945,125364099,73343900,39244461,20795366,11242270,6051731,3153554,1731393,974063,534855,288676,153863,82996,45131,25211,14204,7828,4069,2030,919,463,262,155,102,76,18,7,0,0,0"
low_income,1921,"184,668,1563,5589,18300,56472,165803,434985,1145219,2828406,6294638,12926916,26651241,54118788,89270815,126879247,174126911,200929882,193907346,174206776,131631495,79132907,42175096,22392827,12073628,6516129,3390701,1836243,1028755,565887,304621,161357,85770,46056,25413,14296,7971,4228,2125,970,497,262,149,98,76,18,7,0,0,0"
low_income,1922,"201,698,1517,5083,17289,58022,179273,472737,1150450,2628058,5762120,12037859,25211010,52037477,86649203,124473691,172794590,201545983,195223892,177136959,136898511,83983411,44884996,23937490,12877055,6967374,3647267,1965764,1100831,607438,327890,172738,91225,48706,26657,15005,8390,4455,2232,1015,511,267,156,101,77,19,6,0,0,0"
low_income,1923,"94,535,1348,4389,13836,43160,129318,346406,854748,2055470,4644089,10301614,22508034,48375961,83506564,122735336,173529356,206469331,202735186,183145217,140224092,85340933,45523589,24166081,12962872,6981019,3651589,1983524,1111030,610457,329112,173867,90819,48456,26452,14866,8340,4472,2251,1019,493,262,166,95,77,21,5,0,0,0"
low_income,1924,"56,422,1314,4794,13734,37861,104241,269428,665543,1637389,3780893,8566548,19789350,44910327,79773819,118607649,170913702,207250971,206032253,189319181,147833991,91610669,49079214,26136339,14044361,7583507,3982935,2158393,1215274,671800,363014,192198,99550,51931,28279,15823,8818,4747,2421,1105,531,284,183,101,78,18,0,0,0,0"
low_income,1925,"37,280,962,4643,14254,36838,94149,226315,548003,1350801,3213933,7357123,17536871,41992815,76850055,116547667,170015477,208534898,208839712,193515058,153131427,96145331,52223745,27988825,15085163,8198055,4316751,2314886,1284551,706684,383007,204428,106273,53785,28437,15859,8809,4693,2393,1093,521,251,170,99,64,3,0,0,0,0"
low_income,1926,"53,302,834,4445,14292,36335,89283,203045,455730,1072198,2587216,6263965,15506547,39120081,73698265,113108448,167312430,207962011,209651162,196159178,158457567,101857840,55709899,30028164,16123878,8725030,4598390,2453626,1356999,744465,402929,215166,112077,56867,28850,16109,8989,4854,2492,1144,512,273,173,112,69,1,0,0,0,0"
low_income,1927,"0,1,97,2348,10645,29781,77008,180834,407324,951978,2316463,5777057,14723949,38055053,72658236,112517949,168586478,210237640,212320153,197679714,157462983,99721402,54389336,29234853,15630006,8421363,4411604,2365241,1314491,721072,390887,209812,109982,56036,28041,15764,8899,4832,2482,1132,485,253,177,127,74,1,0,0,0,0"
low_income,1928,"40,292,812,3457,11550,28792,69921,161509,364180,857721,2116737,5348149,13910833,36835049,71540786,111644814,168649876,211937853,215461589,202058178,162063028,103214072,56509424,30607019,16456787,8911085,4703444,2530608,1407417,773719,421299,227102,119488,60700,30107,16506,9277,5017,2596,1226,541,289,194,115,77,1,0,0,0,0"
low_income,1929,"0,3,125,2225,9752,26533,67183,159117,362060,851866,2086433,5232190,13607115,36293447,70896022,110679307,167044858,211107977,214456734,202224155,164542340,106336980,58058356,31270535,16663414,8963469,4713978,2514493,1395948,766935,416081,223949,117963,60084,29755,16289,9110,4887,2505,1187,500,272,149,108,78,2,0,0,0,0"
low_income,1930,"3,223,665,3415,13047,34319,81354,181531,398009,906520,2145072,5306788,13600471,36158134,70913844,110957413,167813434,212568479,216351499,205349397,168143266,109396729,60136524,32585640,17471939,9411285,4942436,2630193,1454352,792942,428621,230960,122232,63082,31389,16992,9547,5178,2681,1290,538,294,193,133,79,3,0,0,0,0"
low_income,1931,"0,4,86,3034,13226,36423,88466,198253,434568,987263,2302884,5546821,14121240,37117580,71931822,112135632,168729333,212808953,215903827,204685894,167036788,107938778,58903320,31843935,16982063,9100679,4765001,2544640,1412632,773220,416688,221113,115516,59345,28881,14932,7801,3976,2037,1048,524,299,198,130,80,3,0,0,0,0"
low_income,1932,"0,5,86,2759,12722,35603,87753,200869,444839,1018087,2365215,5654302,14263787,36738761,71786279,112287119,169846659,217967809,224682810,213052611,172464086,109839005,59602470,31913996,16950287,9089995,4740068,2526646,1395711,760516,411769,222181,117565,60980,30194,16690,9392,5144,2694,1279,532,283,195,123,81,4,0,0,0,0"
low_income,1933,"0,6,85,2177,11322,32429,79667,184141,418641,1001400,2426972,5947319,16512815,43142000,78735067,121990986,181371809,216407636,216382508,206653183,166418623,106235260,58606306,32038695,17271839,9291087,4874547,2604820,1443892,788504,427600,231104,122039,62777,31047,16839,9431,5186,2710,1326,550,295,207,148,81,3,0,0,0,0"
low_income,1934,"0,7,35,1644,9999,29758,73247,168641,386237,942049,2314243,5659366,15848717,41703112,76107172,118397130,176653466,209600066,207072839,196454186,156157342,97058234,51739521,27432938,14576353,7718799,3938318,2068121,1152006,634220,344734,186395,98460,51245,27793,15722,8874,4873,2522,1203,494,277,193,118,81,4,0,0,0,0"
low_income,1935,"0,7,28,1305,9623,30082,74039,165405,368865,888590,2139302,5112935,13502415,36201374,70240802,110965971,169947249,213836926,216928453,205043850,162418876,100154697,52912794,27575576,14558838,7652349,3872280,2042038,1136474,623550,339378,183409,96419,49534,26447,14988,8499,4698,2436,1144,495,289,212,131,81,7,0,0,0,0"
low_income,1936,"16,301,774,2428,10399,29520,69699,151556,330003,773720,1855589,4376739,11247587,30839801,63681618,103027557,160275228,212193774,221964482,212191652,173803253,110075498,58079302,30085168,15691802,8237330,4139863,2142717,1180250,645319,352589,192215,102715,54031,29124,16321,9242,5109,2654,1279,578,332,244,179,92,11,1,0,0,0"
low_income,1937,"0,10,28,451,7023,25746,65923,147928,326916,760111,1824990,4371530,11221735,31630128,64826930,104885488,164797436,214458620,222132418,210957700,169207534,105100663,55689454,28858009,15104172,7875207,3919329,2034212,1119803,608854,331022,180777,96835,51322,27627,15304,8542,4656,2385,1111,533,319,240,135,96,12,4,0,0,0"
low_income,1938,"0,10,30,452,6651,25042,64378,145012,324549,769165,1877635,4516436,11864413,33687154,67241633,108610340,171141797,217905758,223987467,212549402,167904761,102692255,54514809,28390877,14946764,7799058,3892032,2038651,1125055,613109,334971,182887,97867,51901,28110,15422,8563,4630,2348,1087,553,329,257,169,101,12,5,0,0,0"
low_income,1939,"0,10,30,1156,8537,27381,69491,154725,343464,813904,1973593,4651369,12312843,35238964,69023808,110543885,173472084,217519893,221153715,211798390,169485287,104396445,54913381,28717020,15070995,7868955,3944657,2057408,1134659,624644,344251,187808,100552,53429,28819,15807,8639,4549,2282,1043,528,322,254,169,105,12,5,0,0,0"
low_income,1940,"0,10,30,398,7228,27112,70194,157074,350047,826717,2001387,4741369,12787896,36566505,70547668,112892946,177202376,218672455,220760430,211935655,169571871,104659982,55589371,29144000,15338175,8005748,4000127,2086133,1152619,633508,348365,190721,102787,54920,29696,16292,8780,4549,2252,1046,560,337,267,172,103,11,7,0,0,0"
low_income,1941,"2,10,32,349,4774,21359,60356,140453,322018,771596,1917812,4631754,13116482,37757830,71968071,115680775,181277937,219807328,220134376,210104127,166338105,100988741,52786393,27557306,14472602,7584750,3819833,2009431,1122079,626134,346689,188815,100568,52975,28865,15811,8819,4596,2240,1066,567,341,276,183,93,20,11,0,0,0"
low_income,1942,"2,10,32,1088,8762,28768,73817,167181,386482,970880,2382225,5656506,16625036,43470555,78227774,123346902,186260516,218243970,217486648,209551632,166796453,101529624,53244362,27921614,14695990,7654657,3824987,2001300,1111256,616477,340364,185026,98698,52393,28217,15625,8669,4495,2169,1070,568,344,276,183,95,20,9,0,0,0"
low_income,1943,"3,10,33,1154,8275,27946,68616,155792,389233,1023768,2548247,6493046,19929683,48389574,84191474,131887018,192461939,217875321,218328485,211877277,170459910,105778824,56569806,29918014,15783101,8099101,4022668,2102952,1161996,642073,352423,190226,101183,53773,28924,15518,8502,4371,2040,1015,536,332,244,137,90,20,9,0,0,0"
low_income,1944,"4,10,406,3372,10733,28873,70598,186346,521837,1310379,3509557,9195931,24035491,53519492,88852472,135382677,192965341,215067660,217164031,210994650,169037162,102948774,54338156,28720290,15099597,7856012,3945170,2064597,1142240,636561,351432,190615,102217,54392,29011,15492,8541,4492,2136,1088,583,346,278,199,88,20,9,0,0,0"
low_income,1945,"18485,26882,36725,47050,58105,79613,129782,286776,699705,1652898,4688675,11180550,27534479,58264456,94046016,143603807,202098160,222095786,226917579,215925769,166185083,100512314,55410484,29493350,15661154,8116095,3979334,2083636,1155130,635641,342954,180861,97026,52272,28811,16049,9238,5038,2508,1201,574,341,287,168,88,20,8,0,0,0"
low_income,1946,"16550,26270,37181,46038,55128,74327,117670,253042,629898,1514436,4397999,11224284,29001878,60568830,97506379,151197878,208807582,224576104,230084135,213331412,158054132,94833999,54034876,29435063,15793527,8283513,4075826,2149914,1197278,663151,359515,190079,101148,54412,29437,16363,9218,5098,2579,1265,569,344,296,183,78,18,10,1,0,0"
low_income,1947,"6,1133,3751,5890,10099,26236,62655,162425,468666,1264676,3539586,10652692,30760163,62441324,101556712,159620015,209344046,217063387,220679786,199164942,141300561,80351969,43786003,23450309,12726762,6735752,3451790,1886356,1061466,595294,329829,178933,95449,50573,26472,13907,7337,3824,1921,1023,589,335,292,193,79,18,10,1,0,0"
low_income,1948,"7,188,2200,5371,9186,23379,54846,124525,323722,955156,2628396,8448593,28981615,60147310,100583394,161784745,208456253,212603810,214612784,193702784,139140796,81405364,46856022,27111197,14967792,7783162,3841648,1961905,1077980,599827,330285,177802,92811,47642,23631,11792,5577,2792,1394,686,352,196,161,141,83,20,11,4,0,0"
low_income,1949,"7,15,1516,4816,9254,21949,51901,119760,324922,976711,2701304,9475109,31321986,62547306,104350818,165735095,207425179,209604429,212137246,192255322,140699450,84910179,49027685,27170093,14462407,7494875,3682601,1961052,1102895,616730,341026,184004,96367,49471,24401,12196,5415,2772,1417,709,370,209,170,149,84,16,10,6,0,0"
low_income,1950,"8,639,3230,6312,10165,23262,53874,123406,330492,1004110,2841460,10912232,34514021,66421025,111516962,173552251,207114538,207837752,209877508,189532019,138672531,84380596,48341821,26237771,14072293,7311134,3683747,2023417,1140472,635661,352647,191752,100864,51610,25033,11970,5225,2711,1389,703,363,211,175,153,77,16,10,6,0,0"
low_income,1951,"7,842,3601,6399,9995,21987,50983,110264,264178,738717,2054273,5935180,22360606,52871194,91286915,152359514,214075071,225180939,225327233,205748249,150108601,89906483,50934396,27290243,14458436,7340693,3563757,1905026,1073132,590903,318585,169803,89298,47072,24756,12286,5265,2599,1319,654,335,205,170,156,87,17,10,7,0,0"
low_income,1952,"6,491,3025,6293,9931,21056,48296,101496,234553,640514,1774696,4847217,17356228,46438495,83856781,140694285,212414078,235860516,234579460,216162447,157394341,92470119,51499568,27233346,14376343,7305791,3512519,1871441,1062950,590150,319987,170790,90047,47842,25811,13140,5571,2581,1305,639,316,188,162,158,102,16,10,8,0,0"
low_income,1953,"5,14,702,3765,8912,19283,46460,99709,223561,582557,1583831,4189845,13287480,39424046,76338799,127630007,204999143,245641953,246577131,234746694,180969092,109939999,61543271,32893135,17439541,9087539,4448382,2355707,1319468,735953,410229,223533,117473,60044,29893,14356,6171,2873,1450,714,351,192,160,159,117,17,10,8,0,0"
low_income,1954,"3,12,540,3457,8633,17671,42898,91822,207220,557121,1594915,4396989,17332463,47260958,85263603,144035451,216979012,237600214,237329244,224887698,172231801,104768542,59895594,32735008,17277681,8890444,4238222,2177477,1224608,679806,370804,198878,104491,54715,28941,14695,6255,2803,1440,700,349,197,166,169,124,16,10,9,0,0"
low_income,1955,"3,12,395,3264,8743,17523,40966,84982,187735,492741,1400204,3839002,14304772,42838126,80608493,136781633,216666919,248584042,248730672,237435001,181751847,109966902,62990419,34769123,18470722,9545615,4561987,2329521,1322224,742112,408445,219758,115545,60473,32232,16627,7376,2946,1475,706,355,187,158,164,133,15,10,10,1,0"
low_income,1956,"0,10,405,3343,8738,17114,40831,85503,186826,479128,1334774,3618859,12991388,40827226,78714554,132356777,213369118,251406458,250976825,242448231,190067585,117032995,66659629,36992605,19639088,10148495,4833860,2425486,1372256,771786,427566,231374,122320,64469,34362,17759,7909,3150,1572,711,356,183,152,167,130,17,10,7,0,0"
low_income,1957,"0,10,121,2766,8190,16170,37677,79144,169927,425279,1202911,3329965,12225382,40108775,78363695,133796986,218968521,258502335,257735730,244436709,184451180,107841207,59305382,32938615,17736457,9402675,4615793,2378444,1374772,783696,437750,238337,126216,66116,34941,17856,7931,2586,1196,476,230,112,106,139,108,2,0,0,0,0"
low_income,1958,"0,0,2,2528,8129,16550,36233,75000,161816,420881,1211339,3365800,13801503,43334844,82507208,139184940,221990323,256078459,253694779,246052844,192622567,115565909,63359293,35642530,19272593,10272886,5060476,2582306,1501039,861999,484298,265560,141478,74083,38651,19839,9065,2727,1262,494,231,100,100,137,118,7,0,0,0,0"
low_income,1959,"0,0,1,2595,8135,16117,34202,71054,153616,398801,1157110,3330410,16119448,47336548,87333280,148948482,227828328,250994068,249506036,241679258,189114144,113462378,62500330,35645441,19424284,10320441,5102405,2585215,1507852,875952,496141,274549,148416,79803,42626,22144,10362,3279,1263,508,240,103,103,141,124,7,0,0,0,0"
low_income,1960,"0,0,0,2652,7551,13504,27294,52972,104864,280604,901775,3470555,19829691,51384569,92024875,158944944,224838292,236467953,237863007,231951790,187285564,116239239,64095874,36127531,18963699,9577622,4319221,1855506,951749,511357,273958,144639,74061,37616,19913,11064,5775,2736,1252,547,272,116,103,136,141,25,0,0,0,0"
low_income,1961,"0,0,0,2314,7057,12244,24177,54456,131869,393974,1342236,10462951,34800683,68180497,121556414,184978933,208297058,211919924,213045325,209135428,176371569,112798450,59956804,31640209,16099453,8136482,3684082,1627906,840534,442556,234349,124655,65939,35208,19281,10694,5577,2667,1249,563,284,122,105,138,150,36,0,0,0,0"
low_income,1962,"0,0,0,2384,7050,10727,18242,43347,115893,360131,1170799,8866197,32734723,66010790,117154164,184128659,213826354,218131223,221571776,219185798,185699465,119389330,64162655,34209665,17516562,8892426,4094347,1806867,923100,486564,256093,134172,69660,36246,19703,11126,5914,2840,1291,564,273,118,104,141,155,38,0,0,0,0"
low_income,1963,"0,0,0,1641,6202,10453,16989,38663,96103,292750,947842,5336484,27098722,60369959,105553583,176823788,221968418,225511203,227672368,226333222,194884385,128362486,68714979,36298856,18506712,9387804,4325495,1851023,904826,470779,247595,130818,68967,36502,20321,11737,6408,3164,1425,661,300,140,98,129,166,82,0,0,0,0"
low_income,1964,"0,0,0,1026,5261,9889,14438,29728,73017,216199,728216,3062343,20171617,52893367,94530124,163898764,227631292,240046317,239242379,239718704,208845594,139131239,73819053,38535305,19445473,9791927,4471141,1857362,893504,460887,240394,125749,65819,34446,18934,10912,5950,2925,1350,651,312,152,99,129,170,102,0,0,0,0"
low_income,1965,"0,0,0,777,4869,9732,12993,23776,58533,172844,586697,1990752,14408592,46038206,85908751,150157355,234636512,263772156,262522691,263242230,219853055,138982744,73053279,37976860,19429585,9851556,4474676,1916628,932421,483534,255608,134809,70770,37104,20705,12146,6715,3367,1563,741,346,167,104,126,174,120,0,0,0,0"
low_income,1966,"0,0,0,137,3602,8919,12595,22943,58178,173710,587797,2179141,16702735,49721396,90889988,159251734,242719147,264858470,265078077,263069967,214613955,133309983,70386714,36550044,18764405,9409269,4177416,1777744,861768,429600,215990,109591,55454,27254,13901,7805,4031,1775,792,348,145,66,25,1,0,0,0,0,0,0"
low_income,1967,"0,0,0,0,2749,8142,11968,19804,51226,174969,605531,2518375,19422645,54095782,97883018,170118496,246661900,264151959,261431452,260192268,219954665,141489032,74030274,38436340,19448851,9680243,4238040,1787850,885897,442930,220265,112343,57002,27516,13192,7042,3398,1388,596,277,132,64,19,0,0,0,0,0,0,0"
low_income,1968,"0,0,0,0,1502,6602,12246,21810,57300,188880,631770,3354105,23472798,59542868,106444391,184541348,248759684,258669172,256938796,253687730,220947334,149477231,80478738,42136673,21256501,10586614,4703578,1947825,940612,475213,234203,118369,59775,28879,13446,7310,3691,1550,624,297,137,70,20,0,0,0,0,0,0,0"
low_income,1969,"0,0,0,0,0,154,1271,7912,35683,141354,520757,2585444,20407917,55819369,101159553,178036159,247107233,261489159,258070279,255744732,229605297,161018448,85768002,44237076,22230931,11163516,5165674,2113569,979442,501241,256903,130784,66133,32027,14397,7544,3812,1605,647,295,139,65,20,1,0,0,0,0,0,0"
low_income,1970,"0,0,0,0,2,227,834,3479,18853,87909,363225,1278893,11131649,42883488,84590392,149055005,239488156,280592178,274465806,274988947,245590794,170310545,89509976,45203919,22593366,11360800,5227994,2021962,835047,398773,193535,96189,49919,26580,13704,7382,3718,1531,540,200,79,31,4,0,0,0,0,0,0,0"
low_income,1971,"0,0,0,0,0,185,740,3135,16758,76303,313819,1135048,9332626,40264944,82327644,144798878,242868602,294468672,288325614,289830559,253856116,169685142,87410075,44289125,22380762,11429897,5322399,2107059,870049,391254,190495,94680,48688,25998,13520,7397,3728,1533,550,193,70,27,0,0,0,0,0,0,0,0"
low_income,1972,"0,0,0,0,0,146,650,2398,13433,68359,309907,1262956,12884509,46025686,90338491,161267432,259845787,298990734,296673498,297911900,252792287,161794674,83104842,43086171,22063757,11447785,5327344,2178880,938000,423447,210197,106839,55581,29637,15455,8384,4224,1756,721,271,108,36,1,0,0,0,0,0,0,0"
low_income,1973,"0,0,0,0,0,64,451,1814,10669,51874,255644,1019465,9009588,38712969,81696848,145797435,248600788,306283198,304217824,306655853,263003995,169566607,84076500,41527087,20271254,10133787,4643923,1903901,899206,446107,220947,111681,58014,30852,15949,8556,4319,1802,713,265,104,35,0,0,0,0,0,0,0,0"
low_income,1974,"0,0,0,0,0,19,293,1171,7733,46041,248028,1034586,10891465,42110989,86146535,155078811,259060686,310254597,309454296,310694875,263699829,168769889,84093278,41723642,20457844,10161379,4629797,1907106,894629,441409,218095,109965,56619,30242,15832,8613,4353,1822,720,275,97,31,2,0,0,0,0,0,0,0"
low_income,1975,"0,0,0,0,0,1,128,738,4665,33085,196087,895610,9036456,39410657,83773611,150959776,256585890,317582860,316867041,320030548,280556911,187163367,95067688,46928521,22893715,11349809,5217855,2095728,978178,500784,256199,134162,71040,39339,21981,12730,7078,3455,1599,745,346,170,105,161,236,188,3,0,0,0"
low_income,1976,"0,0,0,0,0,1,80,687,4211,28507,158398,857029,12666028,45227131,90566937,166006467,265720542,311314472,314679281,318924669,281841322,191927736,100280653,50573381,24902690,12396857,5731221,2326791,1086945,558390,289171,153059,80628,44237,25035,14692,8258,4123,1912,883,375,178,111,165,242,195,3,0,0,0"
low_income,1977,"0,0,0,0,0,3,55,518,3159,20404,124403,673199,10524502,41872323,86114801,158869674,260460644,312968949,315517933,319637877,288731373,203725449,107839424,53468223,26294713,13023248,6111405,2445938,1095694,551034,284431,155128,86568,48501,27182,15476,8660,4330,2045,944,400,181,120,179,251,175,0,0,0,0"
low_income,1978,"0,0,0,0,0,0,78,482,2166,14357,89752,541936,5607375,32257431,74961584,138830470,244622510,325360784,331855362,336362103,309491024,224296471,120203375,58230745,28512884,13980577,6597954,2647843,1147238,568748,287404,151951,83201,46677,26236,14708,8251,4143,1914,898,372,179,135,200,259,155,0,0,0,0"
low_income,1979,"0,0,0,0,0,2,218,800,2630,14318,80870,487574,4442625,29251292,71536975,133616304,246024988,344170058,356123392,364578423,323390245,215561389,108408305,52422091,25363124,12585633,5838621,2350160,1070780,552515,296547,162336,90368,51348,29451,17273,9816,5076,2381,1150,468,226,131,183,257,205,3,0,0,0"
low_income,1980,"0,0,0,0,0,19,299,993,2833,15929,84933,499241,3627174,26367050,67367035,127323447,236668425,345156309,363290991,372389790,337268315,230615050,117075971,55973539,27041433,13242768,6066324,2399564,1099530,593190,341432,197991,114533,66677,39018,22908,13476,7939,4662,2744,1621,949,524,264,138,71,33,13,1,0"
low_income,1981,"0,0,0,0,0,26,335,1085,2899,15116,84362,503577,4050332,28255567,69578083,131651126,245367648,352945862,372638235,386371918,354025333,247488723,130232131,64621015,32684591,16630679,7886349,3127749,1278693,655190,374136,215169,121188,68546,39179,22583,13102,7625,4437,2580,1512,882,491,244,126,65,34,12,0,0"
low_income,1982,"0,0,0,0,0,79,465,1398,3893,18633,102176,599958,2461274,20404651,61940215,119960100,222598761,351871380,396797084,410334000,375611614,267690912,142365298,68798307,34211748,17211678,8033650,2955719,1131513,616322,353126,203403,114443,64824,37112,21430,12452,7263,4238,2476,1441,838,463,238,114,65,26,13,1,0"
low_income,1983,"0,0,0,0,0,93,521,1534,4304,18620,141842,774324,2460687,12769875,51862588,109004073,195894067,336261654,417111178,434407942,402418421,294625750,161478021,76777267,37212114,18496628,8550327,2964533,1125279,632670,361842,206547,115177,64752,36872,21203,12280,7149,4172,2432,1409,819,450,232,112,59,24,14,2,0"
low_income,1984,"0,0,0,0,0,71,553,1683,4701,19161,167019,872308,2662615,6684270,33769382,91284611,164325583,304684432,436549460,480064678,448049144,318567816,174632129,83365242,38879766,19005026,8837269,3285377,1240225,669915,381802,216831,120885,68078,38772,22301,12922,7518,4394,2553,1479,857,475,253,115,66,27,12,0,0"
low_income,1985,"0,0,0,0,0,94,544,1605,4889,17885,145240,773559,2518801,7411050,30517677,81798279,152146462,281820253,432713856,499124009,480906216,344098093,188138246,89684920,41494553,19682038,9344714,3767640,1450795,722538,409087,230756,128480,72243,41083,23583,13641,7915,4611,2677,1549,899,504,274,129,68,30,10,0,0"
low_income,1986,"0,0,0,0,0,85,610,1811,5206,21077,181199,904439,2759427,8075291,31596613,78382917,146062618,270365300,427876662,511736311,503994756,366527139,199767356,95573286,44443036,20314294,9687678,4152716,1658724,754932,427652,242398,135456,76500,43675,25146,14592,8485,4946,2879,1673,969,551,301,142,76,35,14,2,0"
low_income,1987,"0,0,0,0,0,89,639,1860,4992,17177,133113,783482,2589490,6827114,29010787,74218702,138711183,257800773,423875885,528146779,534475867,404072729,222594867,110535225,53537013,24704017,12032683,5738251,2563123,1209767,705148,417831,246348,145904,80513,44277,24758,13994,8007,4609,2648,1537,874,483,242,125,54,15,3,0"
low_income,1988,"0,0,0,0,0,185,833,2290,6066,17820,128568,770319,2594809,6268321,22278007,65053485,128027607,237199550,407513270,537196509,563073006,443617344,247042287,123237493,59351870,27053820,12625063,6153814,2765682,1288641,746548,440777,259304,154013,85385,46823,26089,14712,8398,4827,2766,1600,917,512,254,124,56,17,3,0"
low_income,1989,"0,0,0,0,0,149,859,2413,6157,17750,130195,794087,2696101,6569760,23398424,79905568,161668757,300460985,457286970,536828119,524611026,396765511,230921646,119286564,59687971,28668128,13334682,6409747,2933461,1370717,786466,460906,269817,159687,88209,48196,26770,15062,8572,4924,2816,1629,931,522,258,121,56,16,3,0"
low_income,1990,"0,0,0,0,0,232,1044,2809,7591,23914,162876,927052,3036362,7243776,22568524,78044506,159828754,295065600,454923290,550934163,550521904,425133185,256008165,137695809,70860026,34558556,16183416,7720221,3640313,1754849,1001444,574428,327499,193129,108100,59499,33246,18790,10725,6169,3543,2042,1179,669,347,169,82,20,3,0"
low_income,1991,"0,0,0,0,0,334,1241,3143,8172,25515,168480,948467,3149103,7777034,23773758,77007960,155137177,287533808,454340661,565438247,570067289,447071175,272871987,150393720,78180192,38699436,18235038,8657550,4149749,2019090,1138208,647248,365704,213193,119337,65842,36865,20894,11963,6884,3978,2291,1332,755,386,197,101,27,0,0"
low_income,1992,"0,0,0,0,0,48,566,1746,5982,24856,213101,1148249,3623099,8830382,24231905,75154321,150015912,273578025,444858925,571650508,584535141,472696649,293732911,163741554,85085355,41747748,19420274,8919757,4304383,2111048,1175639,668447,378139,219785,122517,67882,38133,21651,12442,7171,4153,2390,1381,800,420,210,110,31,0,0"
low_income,1993,"0,0,0,0,0,19,444,1536,4970,25957,245171,1238354,3911303,9735076,24806342,72629782,140071702,245319002,404751662,539259800,567729371,469267317,302310145,173577459,91104120,44919028,21061554,9398203,4449302,2226462,1201297,664802,367166,208969,120904,70567,41445,24451,14490,8590,5090,2989,1747,1019,562,302,157,64,14,1"
low_income,1994,"0,0,0,0,0,2,283,1839,7434,34424,287444,1492304,4810648,11597601,25705752,63435380,128945339,225388039,371601945,540090679,605391536,510497174,335410030,195331596,102934154,52243428,25073504,11343017,5212077,2617796,1362920,742314,411141,234270,134667,78115,45701,26866,15868,9397,5575,3275,1901,1102,626,333,169,72,12,0"
low_income,1995,"0,0,0,0,0,0,185,1071,5005,24369,266944,1478201,4901474,11846964,23030196,54903251,119976024,212832182,353044464,530973190,619146689,527350417,348489727,202977820,107412283,54860621,27455264,12977479,5916541,2929682,1545492,847472,474602,271663,157309,91916,53979,31890,18929,11260,6726,3986,2351,1374,788,433,230,115,39,7"
low_income,1996,"0,0,0,0,0,0,1,146,2493,17472,230238,1384207,4780311,11758894,21720082,47405344,109210183,202933122,338737590,524012104,630747018,551469788,374693608,220412873,118809472,60722651,30973770,15044836,7050457,3410979,1778584,976587,539547,302861,172817,99545,58082,34105,20153,11957,7114,4225,2504,1440,823,447,242,122,39,12"
low_income,1997,"0,0,0,0,0,0,1,541,4177,18543,193910,1301391,4824986,11954565,21381378,35369897,58057652,98158026,179839336,327064393,428583061,374163092,240356742,139074172,78154932,41116115,21102581,10807220,5665817,2972637,1575091,882347,499810,287423,167748,97999,57832,34272,20391,12167,7249,4305,2561,1496,856,465,256,127,53,17"
low_income,1998,"0,0,0,0,0,0,0,102,809,7991,183282,1297693,4899960,12148536,22429674,53508889,125364941,233873351,391310194,578867814,672468751,580125162,400475639,244153829,136533877,70251543,36108604,18002634,8789691,4142992,2104650,1146288,633688,355013,202537,116550,68034,40008,23667,14075,8344,4974,2964,1739,990,552,295,161,78,27"
low_income,1999,"0,0,0,0,0,0,0,49,610,7027,172907,1314944,5121028,12583022,22142391,36822456,63421512,114774434,222159752,400145537,511844723,442020697,287191282,165865586,92495462,47450423,23690616,11684003,5928447,3100347,1639970,904401,509387,291877,169279,98347,57783,34099,20181,11987,7099,4188,2478,1444,800,439,227,119,48,17"
low_income,2000,"0,0,0,0,0,0,0,16,420,6082,150582,1270788,5434127,13260228,23256264,37902010,63903248,115594590,224335944,406893923,516818697,444508423,290984216,171050872,98409297,51495993,26363457,12981997,6479928,3274553,1679482,918199,515707,295009,170333,98761,57874,34085,20167,11971,7080,4186,2446,1430,800,437,229,114,47,18"
low_income,2001,"0,0,0,0,0,0,0,4,394,6235,154894,1461533,5691265,13044327,22697759,36906580,62314797,114398657,225789891,414657172,527931553,459074407,301618749,176485325,102468078,54318736,27800368,13708658,6745462,3323568,1674173,918112,515374,294707,170079,98603,57795,34040,20139,11946,7078,4188,2449,1422,796,438,225,111,47,17"
low_income,2002,"0,0,0,0,0,0,0,1,233,5035,125132,1345963,5276432,11988900,21103842,34740528,58839129,109523635,218905934,404770224,538179638,472988580,310724162,178767844,100703906,52765379,26708873,13082875,6611656,3370584,1650618,891769,503837,290282,168064,97659,57290,33746,19943,11833,7000,4137,2406,1413,790,428,225,109,46,16"
low_income,2003,"0,0,0,0,0,0,0,0,154,3075,144503,1239399,4924540,11609489,20410795,33897730,57353594,104706438,206180561,379926928,494885620,434157725,285985288,164798968,92717218,48027292,24489395,12203646,6053267,3026874,1524038,831263,469365,270227,155994,90806,53284,31391,18559,11011,6526,3860,2260,1313,747,405,213,104,47,13"
low_income,2004,"0,0,0,0,0,0,0,0,84,2071,100447,1018787,4363105,10851752,19392072,32222056,54029041,99169241,196944803,375100705,496557297,449057247,302931409,175660349,98742161,51196501,26052586,12846261,6258652,3052326,1491119,781938,435495,247150,141693,81869,47615,27833,16339,9614,5650,3316,1939,1114,618,332,170,72,29,0"
low_income,2005,"0,0,0,0,0,0,0,3,386,2608,96205,883252,3866708,10019129,18202551,30638224,51596488,93576659,187604279,360810462,499305706,463130702,318491860,184958288,104347434,53375980,26703588,13225474,6484868,3166598,1527399,791043,443255,253051,145720,84468,49245,28829,16944,9978,5873,3452,2023,1167,645,354,189,78,31,0"
low_income,2006,"0,0,0,0,0,0,0,193,11064,41816,156966,805580,3174480,8738263,16804634,29091344,49329508,89683788,179831965,348949003,500037961,483366788,341163491,199953379,113051407,58140657,29217856,14206102,6925285,3389179,1626988,838320,466713,266664,153635,89106,51979,30416,17884,10543,6204,3643,2136,1251,701,379,201,86,32,1"
low_income,2007,"0,0,0,0,0,0,0,0,1988,44176,184846,660141,2255412,6573534,14613646,26417457,44522821,71956915,110188722,160012026,205581546,212892843,172381435,116525150,71595449,40686607,21678031,11215531,5592208,2720585,1330797,673466,375962,215094,124314,72408,42445,24971,14765,8742,5180,3058,1806,1062,588,322,175,65,24,2"
low_income,2008,"0,0,0,0,0,0,0,0,1804,42929,182964,625599,1797484,5030408,11671256,21358581,36854193,58966658,87097739,119849306,144398346,146457244,120861850,85385932,54081601,32055685,17658878,9267135,4712661,2303119,1136024,583148,326688,188598,110004,64601,38170,22632,13449,8017,4776,2830,1684,1000,559,306,161,63,25,5"
low_income,2009,"0,0,0,0,0,0,0,0,2235,58434,246577,765974,2005512,5121280,11284161,20399383,34415146,54117097,77172212,105184198,127135923,126680701,101962077,69910325,42973337,25398546,13816283,7102582,3649457,1811522,915035,495757,276932,157854,91036,52920,30972,18210,10746,6362,3758,2212,1308,762,411,217,112,37,8,0"
low_income,2010,"0,0,0,0,0,0,0,0,0,33223,203321,665823,1721504,4034713,9167597,17783983,30549646,49241833,72311834,100054012,123717412,124775725,100792797,70159267,43800223,25325995,13701580,6945701,3584962,1795089,919703,501831,280852,160777,93114,54350,31930,18853,11150,6619,3929,2323,1384,805,444,248,145,58,9,0"
low_income,2011,"0,0,0,0,0,0,0,0,0,89,73787,458713,1569072,3866676,8461198,16586837,29168566,47938150,72288455,101069760,125927853,129124326,106066152,75572691,47551551,27878204,15069977,7579129,3885770,1939924,979238,532771,297798,170533,98852,57739,33936,20034,11863,7039,4178,2489,1464,846,469,267,153,67,14,0"
low_income,2012,"0,0,0,0,0,0,0,0,2621,12110,74392,462535,1606090,3887232,8038242,15808193,28366949,47671189,72443160,101614685,128397661,134393818,112647522,80019262,51491161,30192296,16377368,8227916,4180751,2116600,1054788,562986,315092,180277,104504,61048,35884,21211,12547,7461,4426,2630,1569,910,506,291,163,79,15,0"
low_income,2013,"0,0,0,0,0,0,0,0,0,1164,48491,410729,1546303,3819026,7861864,15250594,27412989,46680336,71842419,100908027,126639299,135134913,114015131,81656390,53169261,31847343,17379345,8696328,4388769,2227771,1098372,577453,322746,184704,106984,62439,36679,21663,12822,7616,4517,2676,1591,919,523,305,175,87,18,0"
low_income,2014,"0,0,0,0,0,0,0,0,866,5529,33145,332562,1451031,3848608,7909126,15178139,26781333,44440469,64444829,82247678,91147203,88817560,71980012,49477990,32421366,19516449,11101122,5831946,3002684,1553385,789796,425623,236073,133359,76083,43871,25521,14951,8788,5185,3064,1812,1070,596,329,193,106,46,9,0"
low_income,2015,"0,0,0,0,0,0,0,457,3312,8664,33900,343757,1511309,3949779,8038283,15535476,27633986,46083473,67090354,84680827,93300145,89666922,74156557,50370936,33099295,19857683,11281056,5948234,3013148,1526818,758016,398542,218639,122466,68948,39283,22619,13131,7657,4489,2632,1539,901,501,262,155,86,33,10,0"
low_income,2016,"0,0,0,0,0,0,19,531,1579,3510,18131,315388,1521847,4091161,8371694,16015643,28454482,47652466,68693842,85347178,94179739,90835870,76965455,52577050,34870645,21242192,12064665,6378564,3224204,1626719,798822,414271,226501,125692,70471,40019,22971,13311,7760,4533,2657,1562,904,501,272,157,84,33,10,0"
low_income,2017,"0,0,0,0,0,0,0,0,0,25,25973,371015,1646382,4291786,8966372,17160189,30423427,51332961,74129830,93782943,105010267,100057874,86684437,61600479,41161198,25571849,14390408,7632436,3876651,1926402,925812,471775,253637,138444,76876,43314,24712,14249,8288,4824,2822,1651,948,540,296,168,79,31,8,0"
low_income,2018,"0,0,0,0,0,0,0,0,0,5,12627,329401,1616343,4355974,9275843,17726185,30874652,51154170,73785545,92554302,102362981,96494742,83599488,60259648,40663285,25586440,14328147,7554170,3800944,1888311,897098,448940,237193,127971,70420,39344,22281,12762,7373,4282,2478,1449,821,471,257,144,62,28,6,0"
low_income,2019,"0,0,0,0,0,0,0,0,0,1243,18670,350053,1669937,4513744,9635879,18000415,30565699,49008365,69474959,87149779,99024725,94687684,81275832,56790634,35660915,21223357,11486202,5740742,2850166,1467718,719254,364582,195695,108032,60740,34580,19916,11558,6762,3960,2305,1355,778,453,254,137,63,27,4,0"
low_income,2020,"0,0,0,0,0,0,0,0,0,521,24851,413452,1951923,5335522,10871023,20279469,33855973,52279486,72522854,91302598,102385330,95240317,76597182,50674350,30749834,17443817,9126253,4539690,2253423,1147452,579047,301336,164089,91871,52262,30046,17441,10178,5984,3515,2054,1216,696,404,226,118,53,20,0,0"
low_income,2021,"0,0,0,0,0,0,0,0,0,142,30054,437409,2111093,5954048,12367180,22895509,37798188,57170245,78709417,98619613,108347303,99607499,77768582,50467508,30657162,17241630,8917280,4421461,2214036,1164927,618401,328026,175249,97889,55622,31963,18538,10838,6373,3742,2189,1292,749,431,241,126,58,23,8,0"
low_income,2022,"0,0,0,0,0,0,0,0,0,713,26394,314910,1756628,5410587,11669693,21867231,36610006,56215357,78029380,98181346,107436140,98732048,76263628,48430754,29193773,16333399,8476978,4221524,2115277,1114921,601128,322064,173102,96928,55179,31759,18440,10779,6340,3732,2188,1296,745,429,250,131,62,26,9,0"
low_income,2023,"0,0,0,0,0,0,0,0,0,1250,28403,304804,1693899,5279324,11652609,22015164,37292989,57708003,80957254,102302057,110840582,101768051,77551288,49706167,29754843,16486764,8652854,4325990,2169597,1135090,614696,329168,177053,99067,56419,32479,18867,11023,6494,3824,2243,1328,768,441,253,135,64,28,8,0"
low_income,2024,"0,0,0,0,0,0,0,0,62,15735,87926,504046,2163591,6185564,12887729,23676450,38603585,54494007,67262498,73529775,67892859,53415416,36306709,22725566,13494375,7594296,4115291,2222105,1228926,681490,376155,201891,107334,59846,34013,19523,11297,6588,3860,2253,1315,780,453,261,154,79,35,20,8,0"
low_income,2025,"0,0,0,0,0,0,0,0,654,23095,103329,486457,2099635,6257088,13379808,24368488,39624390,55977676,68899206,75383929,69902793,55022365,37401151,23276536,13900162,7783888,4232469,2290198,1269400,702848,387065,207280,110013,61227,34745,19918,11516,6707,3934,2298,1337,792,459,267,157,81,38,20,8,0"
low_income,2026,"0,0,0,0,0,10,218,827,2661,26004,106107,446197,1868792,5751927,12759118,23507627,38772796,55600510,69242092,77203153,72827638,58706357,40570982,25283321,15212833,8543212,4653130,2507894,1389793,768848,422221,225898,119367,66223,37512,21482,12402,7220,4231,2482,1439,855,498,286,168,93,39,21,11,0"
low_income,2027,"0,0,0,0,0,8,249,998,2756,23932,98256,384802,1646988,5319738,12172994,22727904,37993768,54591882,67356943,73325296,68864712,55912463,39503519,24808224,15059314,8528746,4698513,2524782,1398666,778499,430198,231085,122515,68308,38776,22249,12875,7498,4399,2581,1506,887,524,300,173,100,40,21,12,0"
low_income,2028,"0,0,0,0,0,4,250,1088,3040,24066,95239,344961,1508387,5061862,11804802,22254227,37547669,54342332,67461685,73899200,69656895,56363786,39587068,24828737,15013160,8517512,4717656,2549017,1412656,788726,439769,237893,126084,70451,40155,23112,13399,7818,4587,2708,1580,934,550,313,185,105,44,22,12,1"
low_income,2029,"0,0,0,0,0,2,228,1095,3048,21043,87903,304233,1322827,4635648,11258786,21546100,36940809,54279276,68464187,75679898,72260639,59352291,42109340,26536924,16104427,9145574,5055873,2735139,1512426,839754,467339,252639,133373,74286,42234,24245,14024,8177,4792,2820,1649,970,573,326,195,108,47,23,13,1"
low_income,2030,"0,0,0,0,0,2,256,1223,3465,25919,102680,336160,1374816,4717532,11435007,22204670,38641512,57420042,73356367,82171835,79359387,66683416,48511313,30703238,18692744,10705432,5883406,3087107,1633182,866998,468005,248059,131982,72413,40467,22887,13080,7536,4376,2550,1476,856,505,286,169,93,36,17,5,0"
low_income,2031,"0,0,0,0,0,2,285,1352,3829,26252,100519,322012,1274753,4380769,10676017,20737284,36497634,55063389,70894424,79652936,77662187,64824768,46390826,29259915,17600881,9888342,5360975,2737578,1409474,741725,399953,215750,115288,62964,35071,19762,11238,6441,3717,2161,1244,724,419,233,135,72,24,0,0,0"
low_income,2032,"0,0,0,0,0,0,246,1324,3769,23006,93010,274243,1034303,3699826,9374015,18673964,33661025,52091511,68517170,78278490,77452654,65220377,46935960,29553653,17639969,9798448,5253604,2665921,1350087,708407,385949,211515,114468,63110,35475,20148,11528,6655,3857,2244,1301,754,447,248,141,78,28,1,0,0"
low_income,2033,"0,0,0,0,0,0,206,1283,3745,20275,86665,259035,989462,3631499,9357038,18700142,33944894,52869899,69873489,79945614,79347633,67238397,48517537,30676015,18370524,10209392,5470290,2770435,1401409,733987,399939,219379,118743,65409,36751,20864,11933,6877,3985,2323,1349,784,461,256,147,83,32,1,0,0"
low_income,2034,"0,0,0,0,0,0,224,1397,4078,20850,86178,249339,903023,3336872,8724282,17444725,31709040,49810313,66336235,76293713,76586081,65564444,47624328,30158779,17930390,9934424,5240882,2601532,1264711,633306,331154,179477,97390,53738,30163,17126,9825,5673,3303,1938,1130,664,390,218,121,67,31,3,0,0"
low_income,2035,"0,0,0,0,0,0,181,1335,4012,18366,78907,230631,845590,3187920,8407293,16602858,29785086,46491779,61594754,70088923,69877613,59272416,42747508,26708420,15629303,8559151,4440305,2207199,1109054,578206,304756,162200,86259,46699,25741,14377,8114,4620,2655,1532,885,510,296,163,84,47,19,1,0,0"
low_income,2036,"0,0,0,0,0,0,196,1443,4334,17197,74968,220593,786837,2986118,8065515,16168449,29239783,46290438,62187346,71414003,72160341,61789234,44979491,28367669,16599004,9148169,4751357,2384436,1195061,624081,327402,174126,92444,49862,27418,15272,8605,4893,2805,1614,932,538,310,173,91,48,21,2,0,0"
low_income,2037,"0,0,0,0,0,0,148,1358,4227,17095,75075,218739,723561,2753914,7677180,15670148,28561890,45906665,62676510,72980003,74413579,64430845,47202351,30109231,17629078,9779130,5116254,2574122,1291440,674650,353196,188110,99927,53808,29565,16469,9270,5266,3018,1737,1003,583,336,189,99,53,23,3,0,0"
low_income,2038,"0,0,0,0,0,0,104,1265,4103,15146,68856,205101,680319,2640188,7460568,15177428,27509349,44075382,59290555,67122523,65516179,53945946,39120237,24894030,14599434,8438541,4620706,2433021,1222295,644975,341199,183432,98203,53268,29470,16513,9344,5326,3071,1780,1037,596,346,197,103,55,24,4,0,0"
low_income,2039,"0,0,0,0,0,0,111,1356,4391,14508,65376,196444,630129,2450619,7091928,14705149,26812205,43530471,59398928,68080859,67569620,56430602,41437037,26743467,15695153,9121081,5006727,2655379,1331695,702741,370734,199205,106593,57563,31788,17776,10044,5720,3287,1903,1107,644,370,214,112,58,28,5,0,0"
low_income,2040,"0,0,0,0,0,0,80,1237,4233,14217,63141,187931,531784,1538123,3683548,7195301,13092509,21571518,29669182,33949967,33065011,26652606,18861686,12539701,7622446,4488866,2558114,1331894,680670,373357,221595,134052,78392,45402,26677,15709,9251,5446,3220,1898,1123,665,394,231,119,67,31,7,0,0"
low_income,2041,"0,0,0,0,0,0,57,1113,4061,12798,57611,176764,507364,1485392,3629448,7182716,13103180,21782640,30191745,34715513,33871926,27327528,19369005,12894234,7857698,4624963,2638757,1378360,703728,384190,227562,137546,80413,46567,27366,16115,9494,5591,3303,1949,1154,683,405,239,123,69,33,8,0,0"
low_income,2042,"0,0,0,0,0,0,60,1182,4316,12623,54975,170288,484551,1430689,3522007,6991934,12810168,21433680,30092222,35040879,34713630,28515133,20380918,13637584,8373403,4925232,2833645,1487393,759414,412490,243467,147412,86399,49987,29349,17273,10172,5994,3533,2088,1234,732,433,255,137,73,37,11,0,0"
low_income,2043,"0,0,0,0,0,0,38,1046,4112,12234,54224,168823,462767,1346738,3362364,6732540,12376986,20901029,29868489,35360754,35631915,29794793,21514199,14480198,8970417,5276791,3060938,1619193,826265,444511,260431,157851,92807,53678,31485,18525,10911,6430,3790,2241,1328,781,464,275,148,79,41,15,0,0"
low_income,2044,"0,0,0,0,0,0,20,912,3902,11132,49280,157681,440544,1296602,3294082,6703182,12354403,21027093,30315841,36082408,36458504,30523033,22070385,14877223,9239241,5433793,3151561,1672657,853141,456889,267062,161759,95124,55066,32295,19005,11198,6601,3890,2298,1360,807,479,282,154,80,43,17,0,0"
low_income,2045,"0,0,0,0,0,0,23,965,4121,11735,50989,161750,438554,1271609,3229503,6561214,12113306,20669572,30093309,36253514,37126871,31657764,23135877,15679038,9814782,5777567,3373675,1800789,919724,489543,283923,171777,101309,58601,34322,20194,11890,7002,4124,2440,1447,853,504,298,167,85,46,19,1,0"
low_income,2046,"0,0,0,0,0,0,9,822,3880,10875,46136,150490,411570,1203223,3099481,6382444,11818334,20242401,29912192,36532699,37922530,32833687,24184215,16502724,10405722,6120199,3584210,1930252,981559,516272,297384,179190,105735,61244,35886,21122,12445,7337,4321,2551,1508,894,529,316,178,93,48,20,2,0"
low_income,2047,"0,0,0,0,0,0,2,684,3636,10338,41422,139816,373033,964923,2325931,4722339,8528667,14954280,22970722,28669994,30041262,25944980,19288786,13131700,8091903,4611238,2643231,1334617,597960,281604,149906,86942,51723,30845,18438,11038,6623,3971,2383,1433,865,519,315,191,106,50,25,7,0,0"
low_income,2048,"0,0,0,0,0,0,2,720,3821,10870,42887,143628,377761,968875,2321263,4677024,8423635,14687754,22704611,28651792,30414534,26767985,20088999,13775762,8552325,4876298,2804778,1434525,645900,302542,160239,92215,54859,32717,19556,11708,7021,4213,2524,1519,917,551,334,199,117,55,27,8,0,0"
low_income,2049,"0,0,0,0,0,0,0,578,3558,10366,38465,132897,354976,911666,2210877,4553037,8227407,14415297,22609760,28843825,30931348,27566108,20840500,14360622,8988239,5148049,2960877,1534302,696155,322712,169488,97626,58092,34658,20718,12411,7446,4467,2680,1612,971,587,354,213,125,61,29,11,0,0"
low_income,2050,"0,0,0,0,0,0,0,450,3285,9864,34577,122740,333598,855885,2091176,4378579,7938329,13903296,22166802,28772316,31285408,28291034,21433349,14763592,9302095,5334369,3075848,1623665,746315,346213,181080,103306,61664,36881,22088,13252,7961,4783,2873,1728,1045,631,381,230,135,66,34,13,2,0"
low_income,2051,"0,0,0,0,0,0,0,472,3442,10330,35806,125749,334193,830259,1977282,4084915,7375027,12947946,20860458,27332889,30062868,27392992,20736139,14281879,8981946,5133881,2954514,1551738,701319,322875,170533,95924,57078,34034,20326,12155,7282,4368,2620,1569,946,569,344,204,122,61,35,14,2,0"
low_income,2052,"0,0,0,0,0,0,0,344,3153,9792,32275,115720,314049,777182,1860668,3910826,7108822,12510662,20484847,27297849,30479391,28290098,21639029,14983917,9511154,5461836,3141171,1677412,763584,347564,181569,101835,60546,36104,21564,12907,7728,4635,2777,1666,1002,604,363,220,128,69,37,16,3,0"
low_income,2053,"0,0,0,0,0,0,0,239,2863,9257,29139,106368,295170,729839,1757631,3766711,6893917,12149714,20142296,27267792,30799468,29043907,22518289,15692408,10041006,5806409,3330236,1798907,827856,374202,192179,107678,64000,38162,22802,13645,8176,4902,2937,1764,1062,636,384,234,138,72,40,19,4,0"
low_income,2054,"0,0,0,0,0,0,0,251,2988,9663,30226,109248,299658,721131,1690442,3519166,6154964,10356545,16146403,20594226,21530224,18966174,14349250,9891970,6237471,3554241,2045528,1145620,561909,266676,130277,67873,39487,23146,13598,8011,4724,2794,1652,973,579,346,203,121,71,31,15,3,0,0"
low_income,2055,"0,0,0,0,0,0,0,175,2667,9101,27381,100100,280829,677428,1589894,3361164,5947622,10035463,15919608,20689472,22001446,19644519,14945098,10342197,6558389,3758481,2153064,1219139,602566,285077,138667,71936,41698,24439,14365,8459,4992,2951,1743,1029,609,363,215,129,78,35,16,4,0,0"
low_income,2056,"0,0,0,0,0,0,0,122,2345,8547,24925,91463,261440,620540,1416679,2897669,4823275,7715077,11750361,14733694,15236998,13552008,10539692,7368168,4722276,2752499,1515922,859581,438284,200356,91514,49029,28671,16904,10004,5941,3535,2109,1260,748,449,270,161,98,58,28,16,5,0,0"
low_income,2057,"0,0,0,0,0,0,0,77,2038,7994,23740,88899,258000,600499,1334059,2714391,4442781,6816649,9838981,11550383,11243718,9161046,6625276,4529262,2974376,1773128,995624,575218,294124,128305,56499,31968,18965,11326,6801,4097,2481,1502,913,548,335,205,124,76,46,28,18,6,0,0"
low_income,2058,"0,0,0,0,0,0,0,80,2120,8312,23641,86146,252119,593864,1329122,2709709,4452317,6837227,9917238,11689871,11421362,9318537,6775909,4637911,3045783,1821168,1019558,588109,300945,131589,58071,32789,19410,11577,6939,4178,2525,1532,927,557,340,206,128,77,48,29,18,6,0,0"
low_income,2059,"0,0,0,0,0,0,0,42,1814,7742,22428,83094,246088,579672,1281631,2629237,4375930,6696726,9797920,11748755,11655543,9649518,7046253,4836412,3187175,1921031,1078071,622370,324915,143627,62777,34886,20689,12352,7413,4466,2703,1639,995,598,365,224,136,83,50,31,19,8,0,0"
low_income,2060,"0,0,0,0,0,0,0,16,1524,7176,20472,75546,228426,546561,1208174,2500574,4242901,6485837,9610228,11778586,11911431,10030367,7399362,5097528,3372469,2056129,1153978,664811,353571,158031,68450,37230,22067,13173,7902,4762,2880,1744,1060,639,389,238,144,88,53,34,20,10,0,0"
low_income,2061,"0,0,0,0,0,0,0,4,1251,6622,18887,68466,212015,516744,1141890,2376565,4112220,6284127,9411040,11787424,12140718,10398425,7755349,5366927,3564253,2196934,1234968,709398,384204,174063,74918,39736,23537,14042,8427,5074,3068,1860,1127,679,413,252,154,95,58,35,22,12,0,0"
low_income,2062,"0,0,0,0,0,0,0,4,1295,6861,19569,70293,216848,527898,1163597,2413792,4169472,6363008,9519270,11919405,12278481,10518712,7846304,5429845,3606302,2222171,1249163,717580,388753,176259,75934,40289,23869,14242,8543,5148,3112,1887,1144,690,421,256,156,96,59,35,22,12,1,0"
low_income,2063,"0,0,0,0,0,0,0,0,1027,6297,18328,63367,200361,496974,1098320,2292582,4043700,6174463,9304103,11906226,12483895,10880268,8204579,5702517,3802800,2369256,1336778,765173,421359,193871,83301,43019,25469,15188,9106,5486,3318,2010,1220,736,446,274,168,101,62,37,23,14,2,0"
low_income,2064,"0,0,0,0,0,0,0,0,0,0,0,12698,70376,200667,413207,730132,1199045,1745111,2437536,2850556,2838348,2475586,2027894,1384856,879096,517773,249056,123295,59934,27441,12455,5651,2566,1165,530,238,108,49,23,5,0,0,0,0,0,0,0,0,0,0"
low_income,2065,"0,0,0,0,0,0,0,0,0,0,0,12736,70661,201756,415993,735650,1208840,1761242,2463575,2881772,2865644,2494730,2042743,1395915,887341,522878,252541,125465,61402,28236,12814,5817,2640,1199,545,246,111,51,24,5,0,0,0,0,0,0,0,0,0,0"
low_income,2066,"0,0,0,0,0,0,0,0,0,0,0,9794,62316,185296,392937,700027,1164191,1713249,2410648,2891255,2914068,2554679,2120371,1477824,940030,564333,275750,136435,67246,31056,14095,6398,2903,1317,599,273,124,56,26,7,0,0,0,0,0,0,0,0,0,0"
low_income,2067,"0,0,0,0,0,0,0,0,0,0,8,7365,54726,169888,371171,666968,1120954,1667502,2355223,2896672,2953999,2609669,2191645,1561350,996178,607526,301870,148797,74088,34491,15653,7104,3224,1464,663,302,137,62,28,11,0,0,0,0,0,0,0,0,0,0"
lower_middle_income,1800,"0,0,0,0,0,0,0,0,0,0,6,245,2178,15439,67146,197216,474010,993680,1748132,2592935,3314581,3664637,3421304,2734124,1903378,1198477,699866,393027,200048,93781,43171,20464,9632,4446,2179,1168,618,301,134,51,15,8,0,0,0,0,0,0,0,0"
lower_middle_income,1801,"0,0,0,0,0,0,0,0,0,0,6,249,2303,17117,73220,211163,495431,1019256,1781442,2631964,3351524,3692766,3448509,2751569,1903737,1196116,700340,393400,200815,94751,44188,21278,10189,4802,2386,1280,679,334,155,65,24,13,5,0,0,0,0,0,0,0"
lower_middle_income,1802,"0,0,0,0,0,0,0,0,0,0,5,244,2186,16580,72963,213630,501393,1020571,1774889,2631021,3359088,3701094,3469475,2799998,1957332,1238448,727519,412036,213516,102893,48620,23560,11364,5352,2642,1419,755,377,180,79,30,16,8,0,0,0,0,0,0,0"
lower_middle_income,1803,"0,0,0,0,0,0,0,0,0,0,8,273,2274,17174,74595,216646,514276,1059948,1843801,2698528,3416124,3750320,3499508,2800435,1941328,1225133,719948,406328,204584,94784,44033,21141,10097,4763,2387,1298,688,342,159,67,25,13,5,0,0,0,0,0,0,0"
lower_middle_income,1804,"0,0,0,0,0,0,0,0,0,0,11,437,5401,37842,152811,443984,1189482,2540891,4105443,5668156,6654667,6662058,5746064,4279367,2830054,1722702,986243,539675,266748,122273,57313,27834,13554,6539,3233,1651,803,367,164,69,26,14,6,0,0,0,0,0,0,0"
lower_middle_income,1805,"0,0,0,0,0,0,0,0,0,0,6,255,2238,16902,74040,216457,508300,1038808,1821755,2718079,3480910,3836385,3594734,2896824,2021637,1277315,752013,426296,220274,105361,49672,24159,11701,5570,2784,1502,802,401,192,86,35,20,10,0,0,0,0,0,0,0"
lower_middle_income,1806,"0,0,0,0,0,0,0,0,0,0,7,370,4938,35507,146716,432436,1170935,2514555,4079938,5678324,6713415,6767640,5879190,4423715,2941324,1797210,1032944,567590,284200,131247,61828,30321,14897,7241,3608,1849,912,426,197,87,38,22,10,2,0,0,0,0,0,0"
lower_middle_income,1807,"0,0,0,0,0,0,0,0,0,0,4,301,4881,35815,148057,436806,1169562,2495359,4054726,5691976,6776340,6872450,5996803,4519536,3009270,1830652,1045475,573003,293055,139608,66348,32601,16117,7853,3873,1967,969,447,211,94,42,24,12,3,0,0,0,0,0,0"
lower_middle_income,1808,"0,0,0,0,0,0,0,0,0,0,10,397,5426,36054,146607,434244,1187823,2588034,4262477,5959276,7052601,7052390,5987555,4365902,2843139,1706375,954966,515483,251984,112651,51646,24901,12041,5782,2820,1392,649,274,113,46,15,9,0,0,0,0,0,0,0,0"
lower_middle_income,1809,"0,0,0,0,0,0,0,0,0,0,8,456,6130,41453,164008,481396,1289409,2696724,4361556,6048994,7083051,7015870,5924624,4328638,2815104,1689831,951237,517794,257862,119601,56711,28067,13959,6868,3409,1716,829,381,182,87,38,22,10,1,0,0,0,0,0,0"
lower_middle_income,1810,"0,0,0,0,0,0,0,0,0,0,5,223,2250,16929,76432,229796,541488,1107110,1973721,3002066,3880968,4254874,3906881,3083494,2107918,1311786,752413,422809,221711,109143,52587,26018,12905,6265,3098,1624,855,430,211,102,47,25,13,4,0,0,0,0,0,0"
lower_middle_income,1811,"0,0,0,0,0,0,0,0,0,0,5,282,2361,17171,78947,238254,565106,1157144,2050158,3093508,3994981,4370446,3992057,3141949,2148124,1340137,772079,435018,228397,111763,54080,26994,13429,6519,3220,1680,891,453,230,113,54,30,15,6,0,0,0,0,0,0"
lower_middle_income,1812,"0,0,0,0,0,0,0,0,0,0,13,394,2816,19693,87144,258759,620038,1267494,2217057,3287299,4175533,4504595,4066291,3169294,2141357,1331177,766045,429120,216220,101013,48316,24066,11936,5867,2994,1597,842,426,211,106,49,27,14,5,0,0,0,0,0,0"
lower_middle_income,1813,"0,0,0,0,0,0,0,0,0,0,5,270,2329,17442,80326,243063,586083,1212772,2159740,3269076,4235583,4672070,4305822,3417261,2350214,1477827,856996,484532,250705,119211,56664,28004,13886,6780,3396,1787,946,483,241,120,57,32,16,7,0,0,0,0,0,0"
lower_middle_income,1814,"0,0,0,0,0,0,0,0,0,0,13,602,6631,44419,178975,527286,1405043,2917038,4696599,6519374,7693706,7740061,6637795,4925762,3236481,1968692,1119844,614266,307582,143113,68796,34472,17312,8595,4311,2184,1078,522,257,131,67,37,19,9,0,0,0,0,0,0"
lower_middle_income,1815,"0,0,0,0,0,0,0,0,0,0,196,4306,19415,62417,173298,409563,848722,1571906,2625620,3880346,4960669,5425985,4987924,3950960,2719432,1706615,985642,555363,297623,150955,74704,37800,19124,9468,4768,2530,1352,698,346,158,79,44,17,8,0,0,0,0,0,0"
lower_middle_income,1816,"0,0,0,0,0,0,0,0,0,0,198,4176,18692,61498,174252,417947,895587,1699933,2852722,4151714,5227473,5633358,5107890,4005575,2729374,1709451,988639,554874,282630,133408,64206,32311,16266,8117,4197,2270,1220,628,307,142,68,39,15,6,0,0,0,0,0,0"
lower_middle_income,1817,"0,0,0,0,0,0,0,0,0,0,190,3976,17922,60039,173775,423703,917297,1751055,2948016,4301142,5426076,5851506,5309239,4166235,2839338,1777945,1028012,576383,292826,137729,66082,33179,16650,8274,4269,2307,1239,637,312,145,69,40,16,6,0,0,0,0,0,0"
lower_middle_income,1818,"0,0,0,0,0,0,0,0,1,44,372,5264,25838,94730,283677,714419,1721907,3458213,5535513,7692436,9149434,9222120,7913355,5895756,3887671,2366146,1343657,735444,367841,172197,83296,42088,21345,10757,5507,2870,1446,696,331,152,72,41,16,7,0,0,0,0,0,0"
lower_middle_income,1819,"0,0,0,0,0,0,0,0,1,48,377,5219,25450,94755,287921,733241,1778839,3574619,5707088,7896676,9374254,9434263,8073120,5998795,3946722,2400407,1363593,742081,365031,168498,81085,40722,20575,10401,5392,2823,1430,690,329,152,71,42,17,7,0,0,0,0,0,0"
lower_middle_income,1820,"0,0,0,0,0,0,0,0,0,39,274,2883,16779,74962,255355,688637,1702379,3462824,5620516,7923250,9539519,9710268,8403184,6302848,4171301,2536763,1439073,785695,394504,184802,87942,43528,21679,10722,5420,2812,1418,686,329,158,81,44,21,8,0,0,0,0,0,0"
lower_middle_income,1821,"0,0,0,0,0,0,0,0,0,31,201,2319,15070,71805,251743,688258,1715527,3503656,5704816,8055820,9717442,9899030,8566625,6430142,4257694,2588652,1467596,802519,403269,189198,90313,44848,22453,11158,5640,2924,1477,715,350,172,87,48,22,10,0,0,0,0,0,0"
lower_middle_income,1822,"0,0,0,0,0,0,0,0,0,28,166,2203,14782,71164,251877,690984,1726635,3532360,5747754,8114583,9816901,10042514,8719837,6564005,4362309,2664541,1518090,833313,422020,199055,95384,47503,23799,11809,5944,3067,1553,761,378,189,100,54,26,10,2,0,0,0,0,0"
lower_middle_income,1823,"0,0,0,0,0,0,0,0,0,33,169,2122,14404,69554,248480,686604,1715899,3505727,5705213,8108019,9870166,10177452,8918670,6760406,4518390,2762587,1572296,863522,443141,212719,102601,51205,25625,12594,6260,3232,1642,807,396,197,100,55,27,11,2,0,0,0,0,0"
lower_middle_income,1824,"0,0,0,0,0,0,0,0,0,27,147,2075,14540,69370,247802,685703,1702984,3466542,5646880,8079617,9903122,10298511,9106707,6953789,4678520,2870147,1635614,899016,470366,232860,113687,56815,28444,13891,6801,3459,1750,861,416,206,101,53,24,10,0,0,0,0,0,0"
lower_middle_income,1825,"0,0,0,0,0,0,0,0,0,16,88,1782,13556,66921,240979,671242,1680127,3445226,5643119,8098550,9954413,10413159,9273085,7123441,4822489,2970588,1699981,937412,492441,245734,120677,60628,30561,14973,7288,3680,1852,908,446,216,109,50,24,11,1,0,0,0,0,0"
lower_middle_income,1826,"0,0,0,0,0,0,4,33,87,184,490,3007,16680,73838,259114,709856,1778557,3645546,5927246,8357379,10138386,10489426,9227820,7043055,4744200,2927123,1686863,931519,478302,229491,112166,56896,28961,14479,7252,3713,1876,924,460,227,114,60,26,12,2,0,0,0,0,0"
lower_middle_income,1827,"0,0,0,0,0,0,11,70,183,390,1665,7270,28241,97497,296780,762912,1809980,3613719,5821578,8258348,10077441,10533721,9396356,7262612,4946003,3061898,1766690,979816,519963,262553,130858,66515,33767,16648,8152,4142,2105,1060,534,267,134,69,35,12,3,0,0,0,0,0"
lower_middle_income,1828,"0,0,0,0,0,0,13,86,219,458,2189,10621,39457,124517,351433,850782,1910440,3702350,5896407,8298440,10074944,10534377,9441696,7337577,5019053,3130158,1823481,1021375,543502,272513,135391,68827,35013,17352,8556,4371,2228,1119,562,277,144,73,38,13,3,0,0,0,0,0"
lower_middle_income,1829,"0,0,0,0,0,0,8,63,172,397,3064,15987,56631,165363,424018,966428,2068959,3848260,6018847,8413604,10156687,10583423,9450447,7325509,4998145,3119414,1817662,1023911,545454,273038,135170,68367,34681,17266,8645,4482,2330,1187,589,289,154,80,46,16,4,0,0,0,0,0"
lower_middle_income,1830,"0,0,0,0,0,0,0,0,0,47,2659,16459,60118,173901,438272,982974,2063108,3791981,5925833,8318377,10111609,10659076,9646090,7566722,5226546,3280224,1918997,1076879,579675,297517,148700,75070,38077,18819,9185,4662,2370,1176,569,271,134,62,29,13,4,0,0,0,0,0"
lower_middle_income,1831,"0,0,0,0,0,0,0,0,0,48,3011,18721,68060,191705,465090,1015246,2098847,3850835,6027399,8443672,10262222,10877902,9927777,7825411,5455782,3469505,2069923,1169666,629477,324310,162748,81296,40241,19111,8878,4384,2221,1099,514,228,102,45,19,9,0,0,0,0,0,0"
lower_middle_income,1832,"0,0,0,0,0,0,0,0,43,390,4053,21942,77596,215514,513739,1085783,2166494,3885498,6020049,8437901,10319425,10992218,10107403,8024983,5652999,3617433,2180395,1240943,674738,348789,174916,86794,42531,19981,9134,4409,2216,1102,523,232,99,43,20,10,1,0,0,0,0,0"
lower_middle_income,1833,"0,0,0,0,0,0,0,0,89,1076,6445,29022,96920,266549,661221,1443048,2924164,5500256,9022906,12760025,15188650,15577143,13787537,10571662,7266694,4563033,2744840,1590803,877545,448619,222068,110544,54428,26119,12346,6000,2953,1434,672,304,138,66,29,6,0,0,0,0,0,0"
lower_middle_income,1834,"0,0,0,0,0,0,0,0,60,904,5499,26097,89727,251317,630034,1389586,2814237,5314906,8829086,12703066,15421997,15988656,14238582,10927530,7492402,4688058,2784498,1597840,882118,458259,226924,112013,55211,26643,12680,6240,3096,1513,731,334,155,76,36,14,1,0,0,0,0,0"
lower_middle_income,1835,"0,0,0,0,0,0,0,0,61,953,5752,27648,94959,262786,642646,1387335,2773177,5218577,8692596,12556152,15325625,16042715,14484014,11275462,7845548,4962362,2976849,1716738,951146,493343,244017,119890,58936,28384,13411,6510,3219,1578,747,338,157,78,34,13,0,0,0,0,0,0"
lower_middle_income,1836,"0,0,0,0,0,0,0,0,61,912,6174,41203,149815,388782,841777,1628931,3021419,5362661,8686489,12348689,14987939,15787542,14414380,11398746,8078931,5193443,3160670,1842403,1035570,543915,274191,137487,68799,33797,16337,8046,4036,1980,910,359,154,76,32,9,0,0,0,0,0,0"
lower_middle_income,1837,"0,0,0,0,0,0,0,0,33,402,4580,40326,153154,396469,852697,1654164,3093004,5503771,8885252,12607134,15323697,16108133,14633857,11494363,8090644,5189701,3146755,1827731,1028518,544473,274967,138295,69751,34569,16878,8454,4313,2160,1009,398,175,88,40,14,3,0,0,0,0,0"
lower_middle_income,1838,"0,0,0,0,0,0,0,0,2,773,8543,57930,198006,480551,986951,1863783,3405068,5915289,9362821,13036537,15597368,16290215,14802502,11708120,8309715,5360551,3269758,1897645,1064789,564088,286937,144682,73325,36663,18022,9029,4609,2313,1081,432,204,107,50,18,4,0,0,0,0,0"
lower_middle_income,1839,"0,0,0,0,0,0,0,0,0,728,8468,59577,204644,491665,985605,1813061,3276637,5701010,9091746,12721625,15315195,16108902,14706208,11681741,8320842,5378874,3292340,1919087,1075224,565271,286548,144994,73152,36303,17807,8884,4478,2192,986,355,157,79,32,11,0,0,0,0,0,0"
lower_middle_income,1840,"0,0,0,0,0,0,0,0,45,1414,12686,84180,292404,726251,1496528,2773530,4903745,8305814,12751076,17288725,20431641,20988311,18788607,14732647,10385327,6660262,4051819,2368370,1335851,713003,366956,187333,95863,48530,24123,12003,5955,2867,1306,486,221,116,51,20,4,0,0,0,0,0"
lower_middle_income,1841,"0,0,0,0,0,0,0,0,45,1422,12488,82878,290568,721466,1476730,2730448,4804336,8065538,12464549,17100604,20548589,21313856,19207063,15089478,10624292,6801999,4122351,2411421,1370013,740945,384314,197894,101976,51910,26038,13140,6595,3222,1497,592,269,143,65,27,3,0,0,0,0,0"
lower_middle_income,1842,"0,0,0,0,0,0,0,0,54,1658,15111,100696,368542,926473,1864272,3310410,5569051,8908240,13141184,17453532,20407013,20853110,18544298,14481914,10203475,6580585,4010969,2365338,1366894,760334,405369,214841,114094,59857,31014,16098,8220,4089,1903,712,258,134,61,25,5,0,0,0,0,0"
lower_middle_income,1843,"0,0,0,0,0,0,0,0,70,1389,12402,87673,341692,895630,1854103,3320272,5592735,9039704,13325554,17526949,20322389,20813350,18620986,14710087,10518496,6875670,4251636,2520414,1457543,816194,442293,236323,126261,66701,34735,18118,9380,4737,2222,851,262,129,58,21,4,0,0,0,0,0"
lower_middle_income,1844,"0,0,0,0,0,0,0,0,59,1355,11219,79169,324223,876325,1839560,3273556,5459004,8786808,12994650,17145331,19963709,20701162,18909945,15232538,11119538,7411661,4660490,2788075,1626013,911172,496686,266460,142163,74868,38937,20268,10535,5360,2538,975,263,122,49,19,0,0,0,0,0,0"
lower_middle_income,1845,"0,0,0,0,0,0,0,0,59,1465,12285,85635,345440,918780,1890912,3300732,5453881,8737822,12915007,17091705,20000259,20891329,19175116,15531743,11398715,7605087,4761645,2829288,1637838,907263,489374,259823,137428,71973,37296,19362,10047,5087,2365,872,219,105,37,14,1,0,0,0,0,0"
lower_middle_income,1846,"0,0,0,0,0,0,0,0,63,1551,12366,85599,346621,928851,1933820,3405996,5663971,9098870,13372642,17566504,20382249,21192810,19416854,15753344,11604568,7767071,4886554,2914671,1691801,937401,507328,270154,143006,74825,38673,19990,10345,5248,2447,915,244,117,42,13,3,0,0,0,0,0"
lower_middle_income,1847,"0,0,0,0,0,0,0,0,0,64,2017,15397,101618,364181,956019,1983406,3610146,6467584,10489820,14703253,17824934,19114817,17957539,14736014,10919473,7345190,4679507,2789954,1597301,876340,471901,249689,131161,67998,34790,17936,9380,4836,2384,1043,315,117,46,12,0,0,0,0,0,0"
lower_middle_income,1848,"0,0,0,0,0,0,0,0,68,1615,12112,80711,328023,881176,1834028,3238644,5384044,8667611,12967065,17418446,20729158,21908910,20309001,16560500,12257817,8231970,5199065,3094390,1795039,995804,538209,285976,150925,78832,40720,21071,10968,5630,2694,1067,325,146,61,17,0,0,0,0,0,0"
lower_middle_income,1849,"0,0,0,0,0,0,0,0,68,1591,11681,77117,312669,845197,1765782,3128098,5199752,8363076,12652095,17249387,20904695,22356442,20885809,17084973,12649770,8506131,5363670,3186288,1842361,1022293,553056,293127,154574,80690,41630,21530,11227,5765,2774,1109,335,139,61,19,0,0,0,0,0,0"
lower_middle_income,1850,"0,0,0,0,0,0,0,0,74,1395,10349,73218,305099,834588,1756485,3128753,5226928,8428488,12753276,17404522,21111706,22613437,21118881,17254945,12770629,8585724,5429992,3237624,1877800,1041317,562399,298536,157273,81861,42160,21817,11402,5867,2830,1143,356,147,66,20,1,0,0,0,0,0"
lower_middle_income,1851,"0,0,0,0,0,0,0,0,74,1391,10267,73300,306639,839874,1771078,3157754,5261573,8431908,12707461,17339516,21072818,22668643,21339337,17585250,13120888,8868080,5637152,3364701,1954042,1084932,586629,311121,163592,85280,44188,23013,12011,6204,3004,1231,385,166,62,11,0,0,0,0,0,0"
lower_middle_income,1852,"0,0,0,0,0,0,0,0,0,38,1616,12343,87524,325007,861718,1799623,3245095,5719723,9562591,14059932,18028228,20206929,19727327,16696524,12653369,8645423,5559227,3336823,1919783,1058390,569906,302166,158474,81821,41743,21523,11287,5918,3016,1392,488,182,72,10,0,0,0,0,0,0"
lower_middle_income,1853,"0,0,0,0,0,0,0,0,0,87,2423,18969,115968,392306,972735,1944233,3433818,5931365,9661820,13963671,17761876,19902447,19643749,16894802,12983307,9023310,5761007,3472504,1987078,1103114,596867,315518,166011,86497,44014,22397,11620,6066,3086,1426,504,221,89,22,0,0,0,0,0,0"
lower_middle_income,1854,"0,0,0,0,0,0,0,0,0,34,1515,12288,87121,323352,852454,1768068,3165499,5493863,9148344,13536827,17666667,20143355,20198860,17604288,13650481,9576862,6157152,3724577,2130891,1184723,643188,340308,178610,93038,47413,24128,12518,6553,3366,1590,584,235,96,26,0,0,0,0,0,0"
lower_middle_income,1855,"0,0,0,0,0,0,0,0,0,58,1929,15330,101314,358980,921154,1881443,3358195,5852545,9636287,14081062,18096531,20430863,20250934,17462268,13441143,9363371,6010617,3635742,2090674,1162130,629237,333525,175608,91318,46440,23712,12397,6520,3349,1569,585,254,104,29,1,0,0,0,0,0"
lower_middle_income,1856,"0,0,0,0,0,0,0,0,0,0,923,10214,77115,291435,768011,1596479,2875858,5002626,8553962,13204865,17940660,21022554,21331439,18695240,14464718,10107187,6461210,3897099,2214570,1223454,658687,344533,178847,92077,46263,23235,11980,6288,3270,1581,638,271,111,41,1,0,0,0,0,0"
lower_middle_income,1857,"0,0,0,0,0,0,0,0,0,0,398,5741,50658,220644,650647,1473978,2798970,4985303,8831894,13989508,19248140,22554433,22736083,19774688,15188232,10539283,6725498,4040882,2291628,1257298,673624,350493,180529,91969,45834,22971,11855,6258,3288,1633,717,298,130,45,3,0,0,0,0,0"
lower_middle_income,1858,"0,0,0,0,0,0,0,0,76,1339,8063,59970,225739,592796,1252259,2348353,4171119,6836049,11070795,16697604,22350463,26040459,25977542,22446335,17125895,11764829,7379411,4408507,2508196,1372312,724560,371999,189347,95204,46804,22992,11530,5851,2903,1350,666,327,142,52,4,0,0,0,0,0"
lower_middle_income,1859,"0,0,0,0,0,0,0,0,0,0,256,4269,31548,136823,443870,1134386,2373925,4518166,8395615,13758423,19468913,23353487,23893236,21019157,16179618,11188087,7026189,4205281,2360164,1271695,663052,334861,167141,82861,39786,18916,9326,4757,2467,1289,657,326,139,57,6,0,0,0,0,0"
lower_middle_income,1860,"0,0,0,0,0,0,0,0,0,0,41,1776,17789,89613,312436,847979,1898487,3796433,7380974,12688404,18546918,22893306,24018605,21597824,16999503,11995431,7583961,4564256,2574945,1390665,726331,366545,182634,90277,43265,20470,9985,4980,2485,1238,586,265,107,40,8,0,0,0,0,0"
lower_middle_income,1861,"0,0,0,0,0,0,0,0,0,0,64,2366,21425,98260,338632,917364,2036698,4101456,8036777,13583384,19606988,23814544,24511762,21657413,16690859,11551922,7240629,4325117,2416207,1290193,665622,333324,164429,80179,37779,17666,8575,4299,2168,1101,540,260,109,43,8,0,0,0,0,0"
lower_middle_income,1862,"0,0,0,0,0,0,0,0,39,1224,7778,55612,211448,550997,1143726,2120002,3809323,6414448,10616151,16427238,22504000,26706309,27156410,23890171,18527728,12886961,8060504,4808377,2713412,1472127,774616,396056,201441,101789,50177,24620,12384,6267,3073,1397,645,286,121,44,11,0,0,0,0,0"
lower_middle_income,1863,"0,0,0,0,0,0,0,0,16,987,6349,47017,187661,501811,1051465,1919811,3397429,5693931,9245376,14283843,19531080,22861956,22726352,19284800,14465618,9781573,6000833,3503272,1981580,1066793,555047,280826,140967,71419,36192,17912,8728,4185,1942,809,337,145,69,35,6,0,0,0,0,0"
lower_middle_income,1864,"0,0,0,0,0,0,0,0,39,1238,7829,55536,208457,531132,1066951,1893594,3313968,5488261,8890107,13844110,19104086,22499513,22528000,19292744,14582938,9933940,6127250,3592557,2037803,1097583,569466,288085,144063,72680,36714,18084,8732,4179,1941,801,351,150,71,35,6,0,0,0,0,0"
lower_middle_income,1865,"0,0,0,0,0,0,0,0,4,791,5390,40357,171126,467248,990724,1819040,3244407,5575895,9333083,14950981,21372254,26334660,27871322,25439293,20348372,14540545,9239587,5552122,3141450,1696423,891924,458770,230957,116918,58439,28576,14027,6948,3388,1531,662,269,116,55,16,10,0,0,0,0"
lower_middle_income,1866,"0,0,0,0,0,0,0,0,0,0,6,437,9271,55395,221958,657106,1558965,3324574,6730529,12212818,18749014,23980032,26032891,24138191,19424101,13926898,8859653,5317173,2981225,1586965,822784,416490,205445,102097,50148,24079,11664,5751,2870,1417,661,268,113,51,17,3,0,0,0,0"
lower_middle_income,1867,"0,0,0,0,0,0,0,0,39,1264,7978,56878,212882,545314,1110608,1991056,3489489,5857017,9576264,14709935,20135811,23436262,23231742,19804243,14848934,10077555,6201637,3633531,2046424,1093863,563156,285088,142571,72188,36499,17895,8591,4107,1916,809,359,163,77,36,8,0,0,0,0,0"
lower_middle_income,1868,"0,0,0,0,0,0,0,0,40,1270,8029,56801,211846,539732,1087424,1926303,3333617,5492171,8801514,13716544,19147993,23030344,23608205,20768802,15918727,10976593,6871904,4047041,2296367,1236409,639365,325537,162571,81834,41390,20340,9728,4620,2157,905,390,165,76,34,11,0,0,0,0,0"
lower_middle_income,1869,"0,0,0,0,0,0,0,0,17,1090,6658,48122,190064,501175,1035332,1863123,3273022,5474399,8831840,13815425,19316059,23305848,23966049,21163302,16308098,11302792,7103316,4186586,2381234,1287167,667764,340084,169954,85437,43206,21328,10265,4906,2305,973,406,172,79,36,12,0,0,0,0,0"
lower_middle_income,1870,"0,0,0,0,0,0,0,0,0,667,3798,29768,144411,423158,948091,1794456,3247773,5703512,9570358,15057011,20929387,24710188,24709441,21223887,16087349,11058161,6925298,4092997,2316402,1252752,651896,335150,168856,85859,43711,21534,10278,4892,2325,1025,408,190,91,43,14,0,0,0,0,0"
lower_middle_income,1871,"0,0,0,0,0,0,0,0,4,907,4742,36631,164599,472679,1047291,1969737,3564658,6187555,10197124,15796790,21675413,25342576,25107487,21508312,16393086,11321801,7111705,4216334,2397592,1302259,679503,348585,175129,88765,45156,22289,10687,5111,2435,1067,444,205,97,44,15,0,0,0,0,0"
lower_middle_income,1872,"0,6,28,40,50,61,81,127,214,332,575,1645,12147,66423,245701,674416,1556787,3270446,6425789,11547863,17481955,22127715,23416132,20979430,16125467,11100351,6961518,4070633,2286046,1214851,620519,310968,153353,75703,37301,17861,8346,3888,1841,860,384,161,66,28,10,0,0,0,0,0"
lower_middle_income,1873,"1,29,71,89,108,136,201,380,642,894,1330,4164,25438,130620,483491,1279637,2685279,5066966,8944789,14327266,20201958,24387325,25046139,22246551,16982566,11652435,7338631,4317791,2438396,1308472,676733,345362,172393,85808,42522,20410,9547,4448,2099,1002,439,184,78,34,15,0,0,0,0,0"
lower_middle_income,1874,"0,23,83,125,154,194,275,431,686,1045,1912,28160,137939,413891,939247,1795019,3258991,5573110,9158607,14421107,20486656,25230972,26443416,24280330,19029842,13151268,8309337,4846002,2760321,1498945,779064,402378,206682,104810,52343,25519,12228,5800,2675,1174,494,214,91,40,13,0,0,0,0,0"
lower_middle_income,1875,"0,25,105,166,203,256,363,566,907,1380,2441,25340,119560,394215,991974,2052096,3795106,6347836,10112750,15330868,21083079,25001538,25688112,23393748,18184904,12672374,8196616,4924957,2843035,1585214,877797,487659,266290,143205,75873,39632,20629,10732,5471,2661,1136,334,100,44,15,0,0,0,0,0"
lower_middle_income,1876,"0,58,164,220,271,340,475,737,1199,1752,3414,27140,119041,397644,1021313,2151058,3922588,6471818,10290596,15555118,21340331,25260242,26013806,23622572,18247742,12643498,8099244,4792963,2727568,1507622,827015,454013,245776,131090,68753,35474,18232,9430,4804,2334,1014,306,146,74,35,14,10,10,6,0"
lower_middle_income,1877,"0,49,174,256,315,400,597,1125,1896,2649,3929,11574,47408,226763,798287,2051898,4132504,7165003,11835722,18064993,24609523,28524927,28698647,25518658,19429528,13290493,8457048,4982546,2803392,1537844,844984,464126,249953,132997,69910,36262,18794,9835,5081,2578,1171,382,153,77,37,15,10,10,7,0"
lower_middle_income,1878,"0,70,221,306,376,485,730,1372,2271,3166,4475,10507,41202,215798,785996,2040056,4099671,7133254,11783627,17894258,24463409,28598912,28986998,25983938,19835911,13537603,8555046,4973414,2770788,1511003,821560,448450,241482,128062,66948,34543,17831,9306,4823,2433,1105,366,163,77,37,15,10,10,8,0"
lower_middle_income,1879,"0,115,284,363,447,563,760,1133,1858,2800,4252,9968,40983,199614,654008,1595565,3157605,5607200,9589146,15360690,22054797,26724162,27692164,24876005,18882475,12801965,7988040,4590099,2532523,1366809,736451,398072,213251,112743,58616,30093,15562,8143,4242,2148,976,339,173,91,39,15,10,10,8,0"
lower_middle_income,1880,"0,75,265,387,476,602,935,1790,3019,4404,6028,11055,37192,186959,703655,1878141,3901246,6929186,11616390,18257122,25538925,30036327,30261709,26784606,20450797,13909289,8754603,5117228,2857673,1552774,837215,449447,237455,124580,64700,33222,17178,9131,4844,2512,1214,465,196,96,42,10,10,10,5,0"
lower_middle_income,1881,"0,66,273,424,519,655,1005,1882,3218,4803,6611,11637,35319,147065,545881,1514877,3370013,6426456,11300294,18302078,26247527,31576834,32141787,28626775,22040506,15006956,9409368,5425634,2990733,1592344,826888,424859,213248,104420,50139,23815,11528,5909,3064,1588,803,402,188,83,34,9,0,0,0,0"
lower_middle_income,1882,"0,58,275,463,562,707,1072,2023,3451,5301,7565,13513,38563,164301,631060,1748440,3880597,7612148,13440236,21211317,29608417,35001999,35153630,30942829,23697312,16038403,10020591,5777844,3173952,1678305,869354,446180,223980,110074,52967,25104,12077,6112,3156,1655,859,431,202,89,46,15,0,0,0,0"
lower_middle_income,1883,"0,63,302,505,620,828,1283,2379,3997,6079,8611,15197,42908,176959,664153,1828236,4018751,7790439,13650192,21351026,29761486,35287957,35509312,31613788,24379790,16465753,10252231,5852035,3198629,1684464,863876,441244,222208,109236,52409,24820,11885,5932,3079,1636,851,436,208,95,43,18,0,0,0,0"
lower_middle_income,1884,"0,69,327,554,750,1074,1642,2793,4480,6959,10310,18594,51673,196803,695313,1849201,4004286,7721654,13540288,21205996,29654259,35404361,35852050,32035579,24776651,16738469,10405891,5933049,3241183,1712180,883025,453513,229361,112999,54230,25691,12347,6177,3221,1710,878,446,206,91,43,15,2,0,0,0"
lower_middle_income,1885,"0,97,386,603,798,1193,1933,3341,5251,7895,11488,19892,53646,207678,742782,1989428,4276619,8120820,14069097,21856480,30446197,36292887,36663524,32814656,25409558,17135008,10604036,6015595,3271535,1726973,887436,455216,230874,114096,54883,26063,12543,6306,3271,1718,874,431,199,78,34,15,0,0,0,0"
lower_middle_income,1886,"0,80,379,638,856,1281,2119,3654,5793,9110,13664,22643,55047,203775,720423,1929385,4162472,7983759,13936239,21745501,30465490,36596985,37193949,33319176,25845072,17457288,10822099,6150718,3343898,1763683,910624,469501,238932,118898,57343,26990,12883,6504,3453,1890,1012,533,273,142,71,42,16,10,6,0"
lower_middle_income,1887,"0,85,404,682,893,1279,1905,2786,4531,8080,13171,22307,50656,163607,531512,1385212,3079002,6241011,11352595,18383394,26756219,33456937,35002683,32179346,25559269,17465596,10901137,6246354,3404454,1797532,929410,484505,251433,127511,62133,29241,13916,7078,3821,2140,1170,638,344,187,100,58,40,30,12,0"
lower_middle_income,1888,"0,91,432,727,936,1348,2202,3907,6528,10716,16942,29140,66650,212235,695391,1810188,3898659,7573172,13338652,20787404,29239402,35718196,36936880,33692258,26875488,18479684,11616643,6714057,3683994,1962540,1026022,540570,283006,145063,71616,33925,16067,8169,4411,2459,1342,723,388,210,116,64,43,31,17,0"
lower_middle_income,1889,"0,72,418,754,1037,1569,2562,4449,7292,11993,19076,33609,78910,240876,753613,1938895,4134000,7893391,13751782,21263564,29673639,35964492,37349484,34307121,27784389,19314445,12268665,7175859,3967089,2122039,1110902,588917,311361,161674,81017,38656,18278,9246,5058,2841,1561,834,450,244,136,83,58,40,25,0"
lower_middle_income,1890,"0,54,401,792,1112,1682,2793,4878,7830,12890,20797,37260,88035,265247,810279,2048743,4320179,8213274,14206355,21850251,30372019,36715265,38128207,34983177,28314332,19708097,12519712,7307353,4032012,2152627,1125130,597233,316782,165202,83043,39692,18824,9533,5229,2941,1608,864,473,251,146,87,59,40,32,0"
lower_middle_income,1891,"0,35,381,794,984,1309,2168,4237,7294,11906,18755,32595,74955,223714,696659,1786719,3809426,7336364,13005718,20415513,29078527,36087429,38258058,35541783,28886972,20052557,12660431,7317260,4002482,2131950,1113166,590235,314018,164756,83020,39874,19062,9677,5292,2980,1643,884,486,255,149,89,60,41,34,1"
lower_middle_income,1892,"0,17,359,807,1016,1356,2127,4087,7408,12196,19281,32881,73530,208341,630840,1625208,3517411,6838918,12403875,19932499,28938144,36407131,39145033,36575536,29827018,20792223,13112529,7538572,4086712,2173239,1133414,598856,317588,165500,82773,39698,18966,9547,5158,2878,1576,849,468,249,147,85,60,41,34,3"
lower_middle_income,1893,"0,17,377,870,1271,1926,3061,5303,8775,14326,22605,37243,80308,231387,720563,1852253,3942041,7583253,13594090,21526331,30843444,38693243,41301785,38194384,31192970,21758923,13646251,7845716,4247756,2255208,1170113,614255,323519,166836,82663,39600,19007,9559,5137,2845,1554,835,453,244,141,83,52,32,27,2"
lower_middle_income,1894,"0,0,352,862,1308,2037,3196,5437,8944,14478,22922,37462,80021,227161,699948,1799607,3851979,7446159,13480757,21610772,31183337,39234340,42105127,39004801,32285767,22901468,14580452,8537071,4666707,2480090,1288274,678023,358378,186191,92992,44305,20893,10371,5576,3068,1653,865,458,249,145,82,51,32,26,3"
lower_middle_income,1895,"0,0,369,885,1152,1573,2507,4782,8206,13071,20207,33178,71608,205063,637117,1649501,3538453,6927049,12784384,20687374,30180083,38407803,41845973,39257585,32893963,23540793,15027869,8819824,4798534,2547024,1317727,691897,366400,190515,94588,44565,20642,10037,5310,2874,1539,799,425,228,135,69,38,21,17,2"
lower_middle_income,1896,"0,0,325,879,1341,2114,3274,4762,7244,12215,19781,31212,61648,165504,490598,1257889,2736055,5527164,10652501,18096611,27474261,36323687,40897746,39138180,33361673,24255341,15602938,9235681,5006236,2641568,1355664,706101,372215,193235,95749,44887,20576,9801,5177,2776,1476,756,403,215,125,66,31,12,10,0"
lower_middle_income,1897,"0,0,339,912,1216,1654,2764,5320,8784,13390,19989,30900,63145,183118,583021,1524443,3261271,6317253,11836349,19647886,29396939,38458377,43061799,41052773,34863198,25271865,16183834,9484031,5070936,2643990,1341808,685532,353886,180191,87594,40163,18228,8593,4477,2334,1178,548,253,115,61,30,8,0,0,0"
lower_middle_income,1898,"3397,5056,6974,8936,10453,11863,13677,16991,22293,31899,53284,85993,148979,364961,1060313,2640844,5476690,10010465,17026796,25706119,34999168,42117339,44006585,39046406,30886718,21413290,12966415,7224859,3731947,1955227,1005851,516708,270905,138281,67852,34119,17761,9221,4800,2352,1069,497,245,123,60,26,13,0,0,0"
lower_middle_income,1899,"0,0,200,827,1530,2354,3692,6288,10189,15654,24342,37432,75663,208628,629899,1613446,3419628,6390368,11558321,18909867,27790352,35727245,39695304,37134628,30479176,21867808,13492261,7638368,3934893,2067278,1071994,550194,288822,148523,72347,35290,17596,8722,4487,2274,1145,540,263,140,72,37,19,5,0,0"
lower_middle_income,1900,"0,0,207,825,1293,1710,2753,5363,9275,14026,21651,33703,67810,185439,555361,1405801,2975970,5646477,10499324,17681471,26529265,34816455,39507380,37538760,30960376,22344483,13831262,7824048,3991542,2075338,1068493,543363,283747,145248,70033,33544,16585,8148,4197,2136,1084,507,237,120,59,30,17,0,0,0"
lower_middle_income,1901,"0,0,267,928,1361,1790,2695,5051,9154,14222,22164,34648,69067,183439,538245,1371999,2946455,5666690,10667082,18148617,27458071,36137893,40823527,38310058,31213716,22105487,13508822,7565140,3876681,2020655,1036933,531115,277804,141099,67911,32906,16286,7992,4101,2083,1048,487,220,113,53,29,12,1,0,0"
lower_middle_income,1902,"0,0,337,1032,1617,2501,4003,6867,11125,16771,26505,41187,77081,195692,576953,1478492,3175453,6056613,11213985,18803473,28040673,36678081,41399969,38928044,31937997,22752513,14008182,7869260,4020036,2088212,1067050,542316,282161,143114,68334,32532,15855,7696,3932,1994,1004,464,209,98,48,27,10,0,0,0"
lower_middle_income,1903,"0,0,286,996,1676,2575,4135,7092,11520,17419,27664,42820,80106,203304,588795,1487429,3168839,5997225,11042177,18488052,27601188,36243970,41360180,39413503,32610183,23626168,14752411,8374165,4281101,2222766,1143127,582822,304178,155515,74665,35455,17174,8295,4216,2129,1068,499,224,111,55,32,13,2,0,0"
lower_middle_income,1904,"0,0,296,1025,1658,2550,4228,7438,11889,17703,28135,43541,78721,195230,592305,1546565,3325366,6243158,11275193,18683689,27579312,36065600,41267731,39572304,32858240,23924807,15107777,8707400,4523431,2372900,1247484,663081,362454,194995,100275,51023,26407,13586,7181,3732,1873,819,255,111,60,34,21,3,0,0"
lower_middle_income,1905,"0,0,245,981,1705,2657,4447,7925,12752,18902,30187,51104,104883,263984,736833,1804478,3730873,6793883,11932136,19329676,27948350,35980754,40907382,39261807,32658944,23888673,15139813,8763094,4568427,2399217,1272151,683381,378387,206912,108006,55160,28456,14441,7512,3811,1879,830,258,106,53,35,24,12,0,0"
lower_middle_income,1906,"4372,6689,9236,11947,14209,16082,18436,22739,29799,41051,68230,116720,198056,417539,1085114,2625080,5442735,9895996,16721726,25557731,34881705,42540811,46194411,43185706,35304121,25772223,16460290,9592817,5043808,2646395,1407888,759683,422027,232028,122305,63185,33299,17327,9093,4597,2155,967,330,130,63,43,32,18,0,0"
lower_middle_income,1907,"4550,6962,9556,12336,14688,16601,19014,23520,30968,42711,70820,120785,201399,409442,1035372,2491152,5192613,9496438,16038972,24309266,32444868,37731623,37494508,31303410,22836099,15358480,9325181,5449521,3026448,1657193,922987,522908,298055,170109,96761,54349,29953,15992,8538,4437,2159,1024,393,150,77,48,42,23,0,0"
lower_middle_income,1908,"4731,7241,9936,12822,15293,17280,19674,23961,31545,43976,73367,125483,211666,440110,1104598,2612013,5373370,9755952,16384547,24782948,33087660,38516673,38302917,31988190,23288140,15653450,9537433,5603847,3124490,1727525,969664,551414,314005,178275,100606,56088,30731,16286,8641,4445,2150,1013,383,142,69,48,40,24,0,0"
lower_middle_income,1909,"4917,7525,10277,13227,15791,17831,20241,24645,32409,45185,75746,130164,218377,451786,1127153,2649942,5419910,9802675,16413456,24773729,33139212,38734353,38699705,32503613,23784156,16146550,9891787,5844559,3275498,1814662,1018233,579652,330308,187295,105708,58964,32312,17184,9094,4699,2295,1090,430,156,79,49,43,31,2,0"
lower_middle_income,1910,"5106,7814,10775,13903,16453,18533,21026,25455,33031,45454,77594,136316,234066,481530,1194328,2777993,5616843,10017649,16616314,24891241,33042995,38297813,37674403,30495214,21248974,13819231,8312840,4921730,2809701,1607824,929508,541894,312293,177113,99759,55381,30216,15900,8465,4320,2095,999,386,162,82,60,50,38,4,0"
lower_middle_income,1911,"5029,7821,10764,13938,16612,18535,20872,25240,33037,45508,75808,136339,235101,467984,1110109,2562849,5220817,9475917,15949902,24174126,32539012,38231796,38126010,31427471,22107098,14655705,8938527,5345353,3085369,1765709,1018423,594833,345796,197715,112100,62820,34485,18292,9602,4921,2417,1167,482,161,80,53,50,38,4,0"
lower_middle_income,1912,"5216,8112,11090,14188,17002,19101,21481,26060,34016,46724,78012,140441,239604,467829,1099946,2538177,5193510,9464032,15948289,24116479,32393803,38015089,37950724,31336986,22258191,15046548,9430245,5735647,3367302,1943715,1125302,656362,381664,218703,124276,70122,38816,20853,10783,5545,2762,1373,619,182,87,55,52,38,4,0"
lower_middle_income,1913,"5411,8412,11501,14701,17597,19431,21160,24896,32586,45445,76288,137026,231084,441180,1014361,2292706,4666242,8562482,14610077,22618007,30836997,36903011,37941381,32162055,23017235,15710089,9863597,5954256,3414078,1915405,1100729,622706,340801,184697,98733,52436,27615,14246,6943,3355,1534,699,345,172,89,55,50,42,7,0"
lower_middle_income,1914,"5910,9041,12291,15734,18906,21313,23861,28442,37087,52762,91442,162072,277088,547721,1257093,2778295,5521971,9912766,16643497,25526082,35200626,43947179,49237676,46557912,37402465,27397057,17280354,9878458,5100563,2674037,1437358,767008,414690,218602,108738,53537,27186,13705,6752,3240,1453,616,302,149,84,53,50,33,3,0"
lower_middle_income,1915,"5503,8693,12098,15777,18867,20801,22717,27138,35745,49461,82554,150690,265502,527159,1221899,2736482,5461359,9910671,16747109,25888183,36029960,45242608,50624700,47177646,37337083,26885239,16542895,9259174,4745218,2490549,1335781,714540,385338,201863,100414,50434,25999,13272,6567,3179,1397,559,278,144,83,53,51,27,1,0"
lower_middle_income,1916,"4202,7310,10742,14722,18337,20717,22719,26338,34131,46017,70257,128329,237153,455273,1012049,2260492,4578216,8495643,14897237,24060102,34546824,44852703,51087697,47747725,37493049,26968257,16741286,9419245,4857425,2537403,1357703,730406,393249,205330,102534,52031,27315,14456,7251,3580,1650,626,306,159,92,53,47,35,4,0"
lower_middle_income,1917,"4067,7225,11001,15369,18996,21501,23693,27851,36168,48443,73414,132028,247028,473387,1029197,2249718,4511664,8415983,14908008,24325686,35321718,46525167,53490396,50433880,40012866,28384862,17214237,9449786,4708548,2440805,1286662,673358,357043,183814,90161,45199,23898,12510,6582,3220,1439,536,281,149,86,52,44,32,4,0"
lower_middle_income,1918,"3930,7255,11721,16279,20166,23702,26949,31573,40284,54659,81591,141518,263979,519743,1155897,2511354,4956066,9120004,15977552,25950707,37651337,48945634,55449380,51330260,39699068,27233684,16390045,8870214,4434657,2321810,1211362,631234,337373,174691,85701,42289,21404,11433,6122,3023,1436,602,312,173,100,64,48,37,2,0"
lower_middle_income,1919,"3508,6651,10754,15574,19491,22427,24921,29166,37703,51000,76517,135639,263286,505724,1044651,2174042,4236537,7857793,14289273,24051075,36237405,49007908,55602548,50414049,38462353,25771216,15094355,7982576,4036758,2133677,1132581,599776,319095,163752,81575,41969,21960,11529,6207,3208,1495,598,299,159,97,62,48,33,0,0"
lower_middle_income,1920,"4198,7616,11571,16310,20997,24609,27693,31769,40763,57199,88667,158873,303963,606630,1294258,2694565,5170854,9338898,16185394,26117414,38315723,51676386,60392632,58895299,49024159,35600161,22473739,12745696,6503008,3270491,1663742,858775,451666,235826,117075,56683,28225,14396,7444,3783,1803,711,350,186,117,82,71,48,7,0"
lower_middle_income,1921,"3476,6737,10847,15875,20390,24031,27640,32494,41481,56548,86455,153005,292872,562742,1124135,2306715,4524734,8393932,14944024,24796336,37252259,50606353,60358431,60618050,50745387,36977963,23875317,13819421,6976070,3476601,1755321,900446,478667,252434,125068,59524,29872,15447,8282,4341,2115,874,386,213,130,91,77,54,7,0"
lower_middle_income,1922,"3595,6966,11012,15787,20614,24459,27958,32483,41123,55574,82034,144395,274917,521851,1035347,2095568,4069215,7507894,13288539,21924016,32095688,41617374,45549364,40725332,30350075,20684486,12931123,7475723,4076981,2135423,1126663,591297,303915,158726,85415,46546,25198,13602,6891,3690,1855,824,368,199,129,89,78,64,14,0"
lower_middle_income,1923,"3716,7204,11388,16219,21183,25206,28739,33606,43011,58853,87335,152217,282708,519852,1035035,2147478,4152487,7601612,13491586,22587717,34187638,47073520,56257579,54238680,43182981,30867677,19340108,10848345,5661240,2916790,1505492,787111,409087,208887,105969,55728,29653,15615,7804,4028,2021,876,405,216,139,91,78,66,20,0"
lower_middle_income,1924,"3556,7038,11323,15851,19916,23364,26506,30530,38816,53637,78914,134874,251343,474695,953297,1947301,3728315,6823105,12087039,20082387,29552920,38436814,42381399,37601090,26381396,16394596,9571302,5328725,2922338,1650284,930100,521425,283293,149059,78680,41771,22382,11997,6774,3541,1818,840,417,219,140,90,77,66,22,0"
lower_middle_income,1925,"3396,6854,11241,15929,20195,23741,26996,30502,37637,51189,74769,130317,255206,500227,985861,1913546,3521458,6282173,11009955,18491133,27605190,36580583,41643219,38612338,28038831,17139662,9805560,5329959,2877600,1613707,911000,513453,278439,143551,74069,39232,20987,11615,6758,3640,1824,814,373,177,94,58,52,50,25,0"
lower_middle_income,1926,"3796,7516,12085,16916,21249,24721,27918,31659,39806,55208,82075,144585,278562,528781,1055027,2113149,3903445,6886886,11877512,19601172,28832906,37862960,42853751,39476273,28432718,17468130,10092049,5536507,3008613,1709757,970177,547106,296910,152806,78300,41278,22072,11966,6895,3673,1850,842,388,175,98,57,52,50,24,0"
lower_middle_income,1927,"3920,7909,12926,18388,23508,28012,32546,37331,45462,61504,90096,157191,306096,589370,1191327,2439543,4543356,7907726,13396289,21570911,31040194,39923140,44437960,41168452,30398433,18661281,10790579,5952055,3233725,1836776,1042287,587498,319225,163679,83069,43125,22870,12212,6967,3747,1882,848,370,174,82,54,50,50,27,0"
lower_middle_income,1928,"3433,7116,11870,17025,21797,25818,29695,34120,42490,59045,86888,145752,271392,501255,970748,1979541,3749428,6629097,11594512,19460209,29092531,38579328,44408605,42295817,32520730,20406624,11798410,6523862,3541891,2013087,1152527,652441,357372,184071,92599,47691,25220,13372,7622,4126,2016,932,382,168,76,54,48,50,31,0"
lower_middle_income,1929,"3258,7082,12251,18066,23781,28828,33683,38805,46608,62793,90982,150284,285164,544940,1073633,2147927,4003239,6956161,11895719,19730975,29368215,38888242,45223174,43571214,33901405,20872714,11436609,5743212,2726319,1373963,737304,402586,215117,108474,54960,29548,16766,9923,5813,3144,1468,652,280,119,41,37,42,50,40,0"
lower_middle_income,1930,"4311,8529,13697,19172,24081,28065,31926,37097,47315,65766,97106,167465,318591,591156,1114323,2203773,4188120,7479104,12920582,21111449,30737011,40204082,45602762,42983205,32576166,20293151,11803070,6511686,3483763,1970043,1118338,629412,341724,174624,87939,45459,23952,12654,7216,3793,1843,827,396,163,70,49,45,50,27,0"
lower_middle_income,1931,"4446,8982,14665,20856,26665,31837,37031,43432,54048,72912,105437,180815,340621,630947,1214680,2455770,4805790,8882977,15530174,25147672,35454587,44833845,48979760,44043413,32299952,19968434,11514768,6189667,3259450,1810617,1011662,564732,302630,152397,76921,40654,21877,12336,6984,3618,1636,696,326,119,57,44,53,56,25,0"
lower_middle_income,1932,"3886,8237,13968,20350,26512,31999,37703,44489,55052,74802,108338,182874,342972,631117,1185205,2317559,4409464,7815120,13712913,22777374,33612864,43970117,49200240,44754100,32910281,20587020,11929965,6376946,3299634,1776494,971393,530580,279010,137714,67714,34505,17765,9959,5804,3122,1543,685,276,83,41,37,50,55,25,0"
lower_middle_income,1933,"3374,7414,13133,19620,26099,31835,37553,44871,56804,77555,112797,185158,342759,641956,1201957,2325303,4404257,7887607,13976461,23268655,34691770,45728351,51597411,47749949,35925173,23121704,13769095,7617311,3983724,2116121,1133707,614127,322564,160097,78563,40438,20874,11662,6775,3733,1888,883,341,124,71,55,49,49,20,0"
lower_middle_income,1934,"3474,7602,13473,20129,26773,32667,38494,45292,56508,76634,110826,191164,497497,1383987,3142216,5655142,9561074,15695574,24994143,36510961,48043531,57467876,60073351,52823171,38180118,23945949,14017305,7761811,4080055,2229632,1232414,680817,362047,180448,86469,42561,21788,11530,6611,3549,1777,823,324,100,49,36,36,40,19,0"
lower_middle_income,1935,"3253,7394,13354,20204,27157,33295,39146,45838,57172,77890,110250,183224,392047,1041282,2560262,5149571,8914500,14784623,24002480,36410421,49112756,59560845,63099500,55436406,40106783,24995382,14551086,8201275,4434563,2449319,1358390,753182,404112,204394,99113,47705,24301,12601,7234,3920,1959,919,363,125,57,52,53,59,23,0"
lower_middle_income,1936,"3051,6925,12543,18927,25306,30725,35805,44041,57969,78208,116530,214260,508209,1309704,2986902,5806905,9692960,15585632,24863170,37281453,50047116,60076908,63603987,56266730,41661982,26074108,15012498,8463967,4595083,2535154,1404341,776238,411843,205621,100196,48245,23989,12574,7197,3894,1966,902,375,126,45,37,32,40,13,0"
lower_middle_income,1937,"2775,6745,12778,19877,27311,33985,40557,50437,63762,80524,110317,186005,429105,1144446,2743148,5689209,10073705,16392571,25538578,38259138,51294802,61554273,66427791,60752986,46717923,29784983,17257100,9747397,5261608,2893991,1603781,888638,474938,239131,116054,56511,27847,14287,8185,4441,2264,1064,466,186,63,36,33,34,24,0"
lower_middle_income,1938,"2027,5998,11869,19055,26791,33912,41040,51546,65214,81665,110164,183557,423676,1141684,2741174,5680705,10043116,16226736,24974674,37138460,49851352,59795854,65267554,61333126,48356808,30873688,17713894,9928939,5325059,2891067,1607829,898098,481849,244069,119322,59159,29177,14828,8318,4489,2360,1180,528,221,93,55,49,40,28,0"
lower_middle_income,1939,"783,4493,9735,16810,24762,32566,40212,50386,64458,82469,116709,197042,429322,1122629,2720351,5650070,9949779,16005023,24646245,36862145,49795722,60562264,66712624,63236426,50613594,33607626,19651383,10942915,5883934,3153323,1728026,958967,513501,259347,123843,60313,29144,14479,7933,4183,2230,1171,588,248,111,72,54,49,35,1"
lower_middle_income,1940,"806,4733,10174,17521,25768,34162,42356,51182,63280,79970,109108,180154,393324,1135694,2914518,6048708,10466369,16757995,25902247,38290639,51192412,61753795,67096106,62574212,49331031,32320574,18931105,10543625,5689297,3064977,1682125,928196,492769,244161,112623,52454,24713,11663,6240,3205,1729,891,395,140,73,54,52,46,30,0"
lower_middle_income,1941,"562,4367,9722,18285,29127,41036,52014,62949,77051,96332,129887,204761,419178,1223764,3285477,6818833,11328422,17939599,28253333,41942080,56824315,69202235,74564382,69862512,57072137,39266469,23680333,13416398,7245415,3798220,2045944,1109261,586287,295580,141371,67299,31506,13765,6461,3257,1705,806,330,103,48,44,43,37,22,0"
lower_middle_income,1942,"578,4525,10387,19480,29880,40468,50590,59700,72280,93698,131460,206077,427978,1280867,3406370,6858333,11283962,17933163,28127592,41584755,56129631,68473300,73602355,69699737,57617414,39644966,23610988,13186611,7034770,3698886,2002695,1084078,571804,285979,133907,61614,28011,11522,5784,2921,1492,730,322,71,38,40,45,38,14,0"
lower_middle_income,1943,"875,4988,11478,20968,30830,40252,48926,57066,68693,87957,116406,174734,385940,1270768,3448669,6903582,11196049,17381087,26671147,38981058,52264389,63465758,68281108,66063200,54209910,36657375,21750905,12217067,6520748,3466460,1882686,1021557,536136,265403,123038,55490,24834,9953,5187,2647,1382,678,253,50,21,30,32,39,18,0"
lower_middle_income,1944,"900,5286,12633,22163,31868,41775,51390,60606,73611,97714,132975,204657,470307,1520473,4035747,7853525,12597754,19448719,29439286,42324260,55931638,65724772,69373618,63637584,49119491,31000440,17196114,8835351,4421695,2203299,1140896,608623,315894,154943,70001,31615,15095,7437,3928,1907,971,488,164,17,10,10,10,15,4,0"
lower_middle_income,1945,"10,133,1753,4086,5882,8316,12656,19617,34343,62045,108083,206626,519391,1624219,4228319,8185738,13029060,20104913,30712756,44367881,57869494,65854772,65460197,54338900,38831865,23525118,12943452,6662417,3355527,1785201,964894,514840,269776,138501,68108,31508,15161,6672,3103,1176,382,208,57,12,10,10,10,10,1,0"
lower_middle_income,1946,"10,76,484,1781,5330,9556,14106,19916,32179,56564,95256,167578,414247,1401292,3840335,7541534,12064717,18383586,28216755,42323029,58423029,73371349,76415890,67924011,52832360,35000908,20494490,10752083,5464753,2689778,1373797,724148,365111,176136,86704,43045,22777,10899,4159,1667,595,259,102,14,10,10,10,10,3,0"
lower_middle_income,1947,"15358,23875,32984,41070,47620,53500,59950,69016,86313,120401,203441,365266,629967,1469939,3710632,7782604,13248645,20973738,32446324,48612457,67013333,82135152,85557750,73887635,54425267,34597593,19007401,9293852,4447088,2245957,1189908,645499,338072,162802,71946,32974,16366,8286,4010,1567,482,215,104,20,10,10,10,10,3,0"
lower_middle_income,1948,"12554,20938,30363,39303,46857,53499,60134,69343,87360,121880,200656,375398,670536,1380748,3359974,7397839,13159087,20831594,31631875,46979611,64908074,80534024,88427411,80520808,61281530,40472385,23351287,12011000,5718256,2854096,1499387,810137,432362,217550,99091,45953,21786,11507,5852,2625,951,403,299,90,10,10,10,10,3,0"
lower_middle_income,1949,"11324,19702,29305,38759,46853,53877,60517,69665,87274,120658,191078,355649,649403,1266057,2944239,6540041,12163597,19545889,29732867,44080086,60745124,74404136,78554561,69729117,51366662,31752721,17730275,9240659,4740474,2492082,1374857,756354,400153,204431,99975,48951,22552,11696,5979,2693,994,473,338,104,11,10,10,10,3,0"
lower_middle_income,1950,"9436,17518,27116,37091,45985,53723,60783,69637,86432,117931,179335,326270,608771,1148541,2570401,5780020,11261292,18547058,28650267,42699868,59990496,74626998,80114111,73671049,56554599,36099856,20615483,10805988,5547770,2863293,1562766,863881,461045,235764,116465,56810,26758,13083,6731,3079,1116,487,349,130,11,10,10,10,3,0"
lower_middle_income,1951,"7749,15324,24887,35262,44945,53228,60747,69600,85514,119516,188509,343391,652897,1315511,3081192,6817679,12831294,20599465,30855812,44399540,60943089,75005332,80764401,75605769,59572373,38424887,21930235,11504029,5768617,2891515,1548962,850739,452447,226068,107368,48095,21468,10414,5401,2547,1036,461,226,169,33,10,10,10,6,0"
lower_middle_income,1952,"6210,13129,22602,33234,43650,52879,61161,70011,83822,115542,183302,328596,625521,1255809,2898930,6609630,13116746,21464868,32195351,46269497,63702645,78309633,85112113,80931036,64818369,42684364,24606642,13144929,6596358,3285161,1745210,960230,513967,257632,122829,53777,24225,11123,5862,2820,1151,535,242,108,4,10,10,10,9,0"
lower_middle_income,1953,"5317,11798,21067,31798,42620,52149,60590,69403,83012,109818,159164,261683,495224,997159,2253132,5235214,10647259,17754470,27335009,40702931,58394334,74527789,83581644,81942954,67680153,45295066,26201354,14223938,7146706,3522598,1834208,1000174,534696,269656,130136,58210,25916,11541,6148,3023,1240,592,258,99,1,10,10,10,8,0"
lower_middle_income,1954,"4390,10482,19556,30358,41608,51735,60731,69988,83661,113297,177454,308354,574918,1164916,2675645,6152972,12401344,20391276,30349500,43408745,60451787,76305816,85726704,84899502,71663603,49316719,28867902,15999439,8078083,3976155,2054640,1123011,605494,307236,146370,63895,28137,12052,6392,3126,1383,681,298,165,5,7,10,10,10,1"
lower_middle_income,1955,"3192,9245,17974,28816,40418,51099,60560,70036,83281,109817,167117,284901,527509,1056333,2395486,5563827,11368186,19289961,29139469,41972594,58259889,72889498,80543416,78186115,65483076,44413833,24988762,13562516,6995464,3522477,1883249,1062199,587635,305304,148347,68728,31117,11929,6282,3098,1341,685,317,194,18,2,10,10,10,2"
lower_middle_income,1956,"2141,8083,16321,27158,38981,50201,59933,69662,82856,108444,169310,304921,582156,1145483,2447780,5493788,11372779,19869841,29985875,42843310,58806804,74101756,82876656,82241395,70503373,49092546,28303564,15499190,8084198,4067116,2147677,1203476,667837,350392,170675,80400,36591,14041,6438,3127,1374,697,346,204,35,0,7,10,10,5"
lower_middle_income,1957,"843,6392,13787,24380,36307,48225,58720,69077,82716,107159,164170,292377,554030,1108343,2444775,5595969,11735871,21000383,32416798,46889544,64930568,82259003,90746276,89541361,77373577,55253931,32240440,17476214,9194854,4576584,2373961,1325535,738701,390330,190667,89168,40226,15894,7157,3496,1445,706,359,212,36,0,1,10,10,6"
lower_middle_income,1958,"502,5950,13198,23814,35927,48202,59048,69635,83630,107560,160712,282732,535794,1089202,2389915,5424241,11327133,20605848,32052133,46437756,64151506,81636249,90641329,90076261,79024134,58277432,34850414,18838376,9948161,4927425,2512259,1392941,778639,414994,204155,95283,42747,17006,7233,3439,1382,685,347,227,38,0,5,6,10,6"
lower_middle_income,1959,"8,4162,10867,20884,32935,45737,57400,68691,83124,107645,161711,286384,535769,1061376,2369781,5623442,12397090,22892163,35151518,49739345,67357936,84868427,93968163,93797329,83544690,63189588,38720176,20914180,11074684,5481019,2743376,1501366,835775,444785,217717,98774,43725,17400,7768,3508,1444,741,372,243,37,0,0,0,6,2"
lower_middle_income,1960,"10,1821,8090,16931,28692,41771,55288,78178,121774,216437,412089,792238,1509359,2714243,4905021,9113233,15912112,26174064,38501123,52473690,68653346,85236677,93717570,92730739,82753941,62496342,40069865,22989022,12656942,6651848,3366109,1835403,1026435,554079,279939,128522,57284,22733,8632,3809,1464,767,408,267,56,1,10,9,0,0"
lower_middle_income,1961,"9,22,36,173,750,1707,3130,13410,44811,121626,290489,627911,1258679,2360834,4284932,8307490,15851664,27392013,40608597,54831807,69619523,83776765,89852670,85250557,71013199,52256196,33230584,19297830,10926303,6062334,3231658,1784313,1003276,551949,292501,145705,65605,26997,8747,3712,1315,632,387,248,27,0,5,9,0,0"
lower_middle_income,1962,"5,21,38,79,576,1402,2711,11521,41082,113857,275909,605694,1223401,2303121,4167645,8002736,15194869,26390493,39378447,53193168,67602211,81687349,89016513,86251141,73435690,54804050,35250564,20726593,11793283,6596669,3536449,1956284,1100082,607147,324511,164221,75284,32348,9530,4130,1522,732,446,284,69,6,2,8,0,0"
lower_middle_income,1963,"3,19,38,49,453,1211,2461,12368,42147,119040,290318,637195,1302201,2455830,4428835,8373200,15659306,27306965,41265617,55509694,69866904,82561245,87955774,83240907,69721768,51082526,32755819,19596229,11257341,6444440,3589428,2022233,1149069,634663,339147,174383,82264,36127,10876,4321,1479,719,460,297,85,0,0,7,0,0"
lower_middle_income,1964,"7,21,36,53,330,1033,2217,10716,38319,110556,277841,617831,1278455,2464088,4454720,8316997,15522079,26914514,41041072,55808060,70567410,83362653,89375057,85188652,72385539,54651178,36072579,21940502,12783325,7362663,4120489,2299332,1311424,732031,395489,205913,98598,43506,14054,5127,1763,856,554,342,157,0,0,5,1,0"
lower_middle_income,1965,"0,14,32,45,230,870,1959,10629,38413,111367,277370,612280,1266807,2453672,4403095,8044979,14465779,24243823,35878706,48333404,60324711,69425057,72114791,65280409,50917921,34180194,21267285,12880467,7720654,4591240,2674861,1546921,883774,489720,260852,132966,61718,28178,12529,5871,1938,845,552,346,152,0,0,0,0,0"
lower_middle_income,1966,"0,9,27,41,151,739,1747,9022,35109,106763,278938,638606,1346974,2618980,4727754,8785357,16073384,26958094,39390407,51568986,62098932,69501019,71093411,63739086,50088652,33645472,20553055,12167459,7167434,4235961,2439874,1399617,799190,440143,231957,116089,51370,21264,8593,4440,2163,1091,698,512,437,138,10,9,0,0"
lower_middle_income,1967,"0,0,7,17,37,521,1373,7434,31869,98939,262033,604929,1283023,2524672,4594067,8520366,15713143,26608731,39167152,51562921,62292296,69633732,71265643,64538981,51727705,35625668,21913309,13032694,7678519,4556675,2642867,1512705,865950,479995,254526,128499,58120,22865,9045,4616,2224,1126,697,527,489,175,22,19,0,0"
lower_middle_income,1968,"0,0,4,14,27,64,171,3101,22308,78031,221425,534421,1162178,2354945,4399926,8220276,15359809,26277168,38921582,51415832,61968533,68833168,70525958,64421062,52233120,36355786,22371096,13339530,7809797,4615427,2709435,1559800,902353,507342,271513,137577,62859,24584,9723,4660,2288,1156,742,571,528,212,29,19,0,0"
lower_middle_income,1969,"0,0,2,12,379,4466,10125,13711,32004,82397,213684,511437,1128816,2305386,4368945,8151062,15350464,26544437,40076824,53892663,66359175,75333568,78371717,71526014,57595779,40398556,24721764,14564865,8491968,4992455,2931365,1691378,981984,555776,299150,152696,70966,28013,11212,4964,2453,1220,777,607,560,214,29,19,0,0"
lower_middle_income,1970,"0,0,0,8,18,3598,9427,12458,25886,66651,179913,449542,1026514,2145006,4223255,8297146,16934656,29868886,44277020,59367855,72900347,82669000,86371323,79520368,64267956,45552797,28169395,16659304,9789150,5777540,3419069,1977631,1146235,649151,349889,179386,84960,34269,14206,5541,2775,1390,835,657,583,223,29,23,1,0"
lower_middle_income,1971,"0,0,0,7,17,2090,7820,12261,20454,53817,149521,386733,910417,1938269,3903120,7762180,16082502,29128948,43890316,59259398,72711832,82195142,86126928,80356409,65909672,48679718,31282693,18363509,10706844,6230379,3631817,2103668,1218793,687743,368216,187164,88252,35490,14963,4900,2497,1343,887,769,612,266,37,18,0,0"
lower_middle_income,1972,"0,0,0,4,14,1311,6653,12141,16972,43143,119958,319574,780475,1701208,3506864,7061954,14737142,27229272,41657308,57084485,71420930,82524530,88418304,84065157,69410594,51744360,34052926,20056198,11736343,6868673,4013222,2334340,1355336,768895,414739,212207,101035,42051,17559,6240,2710,1436,928,818,658,297,22,0,0,0"
lower_middle_income,1973,"0,0,0,3,13,200,4448,10833,14187,31733,92131,259765,670400,1528755,3295875,7206715,15984166,30038998,46300350,63277736,78921162,90200196,95537166,91317757,76581797,57157366,38468619,22818129,13253781,7761071,4589082,2721297,1596767,915520,499380,258097,126085,55483,24842,10332,3383,1614,989,873,759,353,22,0,0,0"
lower_middle_income,1974,"0,0,0,0,9,26,3354,9701,13655,26323,78624,229735,616206,1450122,3138823,6706186,14874700,29058305,45462880,62259497,78385389,89890335,95822287,92370865,77541950,56376881,36795797,22408908,13330691,8093774,4993619,3002497,1769797,1023282,564952,294974,146017,65863,28561,12700,3793,1776,1057,922,845,418,43,14,0,0"
lower_middle_income,1975,"0,0,0,0,4,20,2303,8535,13677,25493,77063,226816,597583,1401667,3007086,6356862,13907011,26506024,41715421,58406657,75896014,89219376,96235775,94060789,80706233,59609071,39328051,24180046,14357119,8721813,5368122,3219100,1897004,1100693,611556,321121,159555,72159,30707,13532,3801,1669,982,816,667,159,43,38,1,0"
lower_middle_income,1976,"0,0,0,0,0,7,732,5859,12701,20793,63037,198133,549519,1334959,2832809,5650761,12008722,23947409,39321632,55760668,73755708,88392773,97405181,97277985,85811103,65020682,43209708,26860937,15916824,9581556,5874492,3557633,2115144,1235223,692185,365681,183531,84704,36961,16479,5226,1899,1053,836,748,215,43,40,3,0"
lower_middle_income,1977,"0,0,0,0,0,5,23,3543,10513,18740,59141,193299,546393,1325246,2785491,5453351,11348642,23053326,40262099,59130690,79217847,95525273,103864856,102008964,89467298,68335877,45448270,28303950,16856386,10099896,6174951,3758627,2241674,1308203,736253,390895,197167,92294,40830,18536,6197,2106,1161,874,808,382,47,40,7,0"
lower_middle_income,1978,"0,0,0,0,0,4,21,1930,8299,16844,51802,176406,509464,1212664,2460378,4927387,10621297,21589624,38321604,57588502,78150662,95313823,104271628,103002690,91347931,70905836,47778322,29714860,17702445,10638436,6501031,3982633,2386884,1391317,786242,419104,211070,98601,43362,19174,6434,1921,1036,735,633,462,50,42,12,0"
lower_middle_income,1979,"0,0,0,0,0,3,17,1116,6876,15327,49720,176477,515802,1214793,2431279,4889212,10483759,20958341,37565442,57425080,78250765,96550256,107014902,106203978,94293555,73598270,50178041,31262873,18577038,11162276,6791500,4173895,2508012,1457889,828952,446890,226513,105940,46305,19835,7193,2053,1087,756,657,483,50,45,16,0"
lower_middle_income,1980,"0,0,0,0,0,2,15,1528,7728,15538,42217,158253,482534,1167020,2363412,4797895,10369821,20412878,36047393,55846104,75357836,92226349,103094142,103538201,92143800,71161109,47433144,29339271,17234629,10267686,6291172,3931598,2455560,1463220,822920,444293,233037,118200,60459,31558,16787,9068,4980,2799,1559,881,479,254,131,58"
lower_middle_income,1981,"0,0,0,0,0,2,17,1041,6740,16405,52603,190690,556610,1303143,2523901,4541299,8372034,16375570,31102275,49937264,68963231,85720813,96757502,98291785,88190601,68755381,46424978,28736275,17009523,10132389,6110187,3798052,2345715,1380702,768542,410712,210111,106663,55402,29379,15860,8700,4830,2737,1540,869,480,255,129,56"
lower_middle_income,1982,"0,0,0,0,0,2,17,326,5657,15963,63618,220887,619080,1410544,2695366,4821168,8853632,16924590,31594706,50285599,69846831,87825093,99109623,101469790,91983075,72623531,49993825,31017116,18447421,11033073,6651073,4125117,2537798,1489056,829244,440451,225410,114103,58890,31036,16667,9086,5024,2839,1591,886,485,256,129,56"
lower_middle_income,1983,"0,0,0,0,0,2,17,40,4227,17212,70237,233052,629944,1418459,2803233,5247043,9708039,18399634,33236915,52302687,72395790,89900610,100775575,102348250,92695780,73767212,51239185,31728562,18767076,11062415,6454343,3869547,2311926,1327590,726983,380508,188884,97467,51365,27623,15129,8393,4715,2692,1523,869,473,251,128,63"
lower_middle_income,1984,"0,0,0,0,0,2,17,43,177,5055,55946,225847,634862,1429437,2758505,5066943,9440292,18489780,33857949,52863946,73063557,90436665,101268081,100536808,88126456,67216764,45351989,28000932,16745101,10228186,6257799,3846468,2330511,1346710,733691,380009,186871,95825,50185,26815,14598,8053,4503,2559,1445,820,444,224,116,57"
lower_middle_income,1985,"0,0,0,0,0,2,17,39,103,6075,64326,238823,646092,1410829,2644320,4821957,9223069,18363803,33986459,53500133,74536882,92712020,103823798,104012574,92065323,70604235,48075933,30155297,18136898,11100374,6784188,4102309,2410020,1337055,692928,340003,168009,87640,46651,25313,13987,7815,4414,2526,1437,822,445,220,117,59"
lower_middle_income,1986,"0,0,0,0,0,1,15,36,139,3319,30068,133912,396743,890020,1669124,3101851,6353352,13389338,26578622,44716976,63598058,79766637,90181672,90801940,80208065,60961913,40055416,24163160,13980501,8011391,4710644,2821697,1660813,950359,520855,272203,144326,80609,45592,26075,15036,8708,5045,2951,1710,995,560,300,165,83"
lower_middle_income,1987,"0,0,0,0,0,2,20,64,1042,14600,72610,260178,679146,1379531,2337273,3986485,7316305,13619245,25230523,42980394,63499377,81925537,94894701,99773944,94923647,82746109,67181873,51951092,36722984,21965003,11686373,6111539,3155721,1685503,920943,489098,259133,141879,80342,46006,26556,15384,8932,5229,3063,1791,1025,539,271,149"
lower_middle_income,1988,"0,0,0,0,0,4,19,60,657,21584,123937,403298,996587,1998636,3414299,5624656,9401466,15625663,27800240,48573998,71732469,92246104,107732120,113555617,108611024,93599236,75620166,60211737,44832019,27703076,15505029,8585118,4795454,2688374,1552421,891079,502716,278995,143807,74074,38811,20651,11143,6116,3390,1884,1044,524,254,117"
lower_middle_income,1989,"0,0,0,0,0,4,18,562,6429,23379,94708,297847,742801,1471527,2430119,3828311,6385011,11616589,21691569,39934101,63352809,84360867,100199542,106719438,102855054,88253598,71231086,56534491,44943702,29264207,16137626,8853109,4787284,2527845,1314067,721224,395039,211726,113950,65006,37835,22119,12975,7648,4531,2673,1547,858,469,243"
lower_middle_income,1990,"0,0,0,0,0,9,27,383,6804,17874,67955,242639,657544,1349724,2215821,3507123,5891823,11273164,21965543,38030819,57143361,75266937,87930470,95541525,95868324,87477610,74367312,61331041,45331801,26712454,14293848,7474786,3968173,2097463,1106404,595436,317154,166503,90548,52037,30169,17600,10298,6080,3587,2125,1222,681,348,178"
lower_middle_income,1991,"0,0,0,0,0,13,34,114,413,6899,50722,221328,636113,1333160,2213429,3549106,5989579,11603475,22061985,38021480,57075224,75272073,89632414,96392294,95244078,86357631,73003703,56607030,36386523,19780184,10163591,5131881,2719080,1463183,781845,413961,220593,119070,65428,36468,20530,11653,6644,3841,2216,1280,708,367,173,75"
lower_middle_income,1992,"0,0,0,0,2,14,58,164,628,5926,52585,238014,663140,1338060,2222926,3743751,6496481,12523764,24063518,41328708,62367897,82687161,99925150,111031077,113311258,106291528,90622200,69904916,46790871,27431598,14922850,8012171,4420432,2436064,1351769,730808,396099,212809,118981,68828,40176,23599,13929,8276,4904,2912,1701,990,554,310"
lower_middle_income,1993,"0,0,0,0,0,2,74,186,341,7970,54958,242672,668654,1353422,2466226,5315810,13204876,30905511,61261474,84697774,96746354,104055023,113825277,119977144,117519545,106187735,85913975,61717610,39365594,22523225,12334693,6871509,3841194,2133958,1180073,635923,339524,182921,103602,60211,35261,20787,12309,7321,4345,2559,1490,883,493,273"
lower_middle_income,1994,"0,0,0,0,0,1,94,278,554,9219,63453,245888,635634,1259661,2236568,4564254,11082284,27249128,56922406,84085997,99983245,111078895,121089536,125782575,119399084,104840971,83024862,58201443,36647208,21251127,11822792,6699826,3748079,2086302,1156662,627701,338433,186863,107607,62748,36882,21815,12960,7723,4610,2723,1582,934,533,300"
lower_middle_income,1995,"0,0,0,0,0,0,65,177,781,17872,99362,318536,729222,1351159,2284544,4501025,10444824,25250230,53018240,82626083,104408541,118603532,128554496,133823571,128058071,114208706,90911135,63862877,40756985,23730731,13092601,7363776,4089594,2252709,1248797,683350,373435,208998,120612,70340,41344,24464,14535,8662,5166,3072,1787,1048,594,337"
lower_middle_income,1996,"0,0,0,0,0,0,0,0,27,10392,80902,298733,725502,1386888,2392123,4620188,10215366,23804967,49776622,79531644,103023449,118122011,129628621,135479320,126799844,109831505,85218863,58656610,37594968,22504680,12697227,7318234,4137835,2299717,1273388,694554,377742,212549,122191,71196,41812,24719,14639,8712,5212,3101,1797,1049,607,336"
lower_middle_income,1997,"0,0,0,0,0,0,0,0,160,11255,83756,290545,697979,1339873,2801956,18819098,65009238,131083639,211059629,278658722,301877250,291833811,263364560,220551039,168733793,124571772,87376528,56786185,34289723,18905949,10534188,5739709,3076329,1729465,962282,511075,272526,154100,88187,50891,29586,17345,10191,6002,3537,2080,1198,684,384,214"
lower_middle_income,1998,"0,0,0,0,0,0,0,0,500,10497,74592,276302,674304,1299509,2257568,4240910,7745567,12959092,21363314,35663122,59201146,86001349,110252995,124658021,120498953,103071067,78346987,52704414,32427692,18342395,10352002,5737715,3127744,1690094,893537,475924,254933,143706,82565,47878,27967,16453,9697,5728,3383,1990,1162,671,370,211"
lower_middle_income,1999,"0,0,0,0,0,0,0,0,423,7045,61689,201035,460631,863850,2963911,19231147,64541012,113950162,166000916,218885330,245864399,255402872,249021909,223464329,181799294,134476316,92429800,59284996,34679382,18794495,10061449,5597759,3048422,1656745,911396,484930,249693,133082,72998,40678,22959,13094,7526,4335,2490,1426,814,455,236,117"
lower_middle_income,2000,"0,0,0,0,0,0,0,0,420,12653,69984,193500,411733,748885,2644808,16741813,58628098,106255357,154093351,207768316,237798237,251306397,250355559,226903285,185617872,135574185,91738716,58500791,34679314,18749125,9813134,5252173,2852330,1546313,849414,465478,244206,131287,72067,40161,22666,12959,7459,4307,2477,1424,816,462,238,114"
lower_middle_income,2001,"0,0,0,0,0,0,0,0,1043,9868,54495,161906,366446,733496,2484203,15600088,56436321,103272146,148178490,202398563,236600134,255123012,262574124,247685517,210560856,158786016,109492614,70834967,43692432,24579271,13345461,7031486,3724007,1995655,1051041,546095,283848,154923,86451,48932,28015,16213,9452,5529,3240,1888,1084,631,348,177"
lower_middle_income,2002,"0,0,0,0,0,0,0,0,643,13207,86866,247280,547358,1059785,2686955,13960197,51938249,99326505,141790871,198018814,240339403,268246105,287598799,285427315,253579339,198564476,140077097,93330252,61426455,36954892,21563269,12649813,7507853,4481156,2624388,1505520,851032,474390,257408,129427,65796,34099,18015,9678,5293,2923,1601,894,486,249"
lower_middle_income,2003,"0,0,0,0,0,0,0,0,676,15408,92242,258411,565059,1081610,2235865,9506169,38381646,87819005,139948370,212621732,288434119,327234396,336461024,324675666,281722514,217506660,151883277,99157339,64221603,40254906,24132348,14570285,8623541,4959665,2763471,1492590,814829,447107,236837,119883,61834,32517,17402,9472,5243,2913,1603,900,497,265"
lower_middle_income,2004,"0,0,0,0,0,0,0,0,110,6935,57777,181007,420009,839587,1565807,5530031,24687453,68821990,123528047,194104695,272835201,317971133,323312414,306984912,263768509,202471515,138215215,85987154,53113223,32403895,19243546,11563168,6840985,3938059,2250414,1281398,707182,382584,197447,98317,49853,25768,13593,7294,3999,2213,1255,710,402,214"
lower_middle_income,2005,"0,0,0,0,0,0,0,0,79,9567,67618,201624,458312,903518,1643170,4198416,17387299,55108913,106600120,176131819,264385412,322127636,334597753,317767229,276569903,219159734,154243884,97111864,60176011,36843960,21629174,12858621,7597044,4369441,2486297,1423980,795145,437916,232588,115875,58694,30357,16061,8670,4794,2711,1553,903,533,318"
lower_middle_income,2006,"0,0,0,0,0,0,0,0,78,5434,35399,107691,247927,498900,984020,3404433,15726828,50966142,100605266,165307403,241464420,295090958,306662221,294980670,263089125,209517463,146714193,90465774,53560956,31757565,17827882,9947003,5469733,2808624,1405715,721038,374278,193668,104948,58252,32883,18860,10965,6455,3855,2344,1449,892,551,351"
lower_middle_income,2007,"0,0,0,0,0,0,0,0,312,6675,38702,128840,293628,549106,992200,3226425,15962351,58893133,153850954,324565194,520400837,575093688,493949490,397972228,325933486,246887917,170328151,104411286,60085708,35131228,19939630,10961578,6032630,3119759,1545704,772304,410622,216426,119050,67586,39139,23082,13874,8459,5270,3349,2174,1429,949,646"
lower_middle_income,2008,"0,0,0,0,0,0,0,0,6,2434,25200,127328,378390,868256,1904284,5372540,20176128,66011246,165944061,346566107,565436840,640023916,549993059,430307502,341750758,254682853,177920316,109297547,61800313,35232806,19460646,10412614,5640832,2856432,1356877,611289,299630,159145,90690,52861,31402,18959,11649,7277,4640,3032,2034,1386,968,699"
lower_middle_income,2009,"0,0,0,0,0,0,0,0,18,3356,29897,120140,352579,923122,2185056,5510001,18706063,62208309,165606896,341567526,569403534,662170027,581353376,458292795,361972622,269130430,185793440,111993775,61156593,32816804,17603615,9124781,4833991,2498349,1216164,567422,289187,168631,100697,61443,38292,24316,15723,10365,6947,4750,3311,2344,1663,1196"
lower_middle_income,2010,"0,0,0,0,0,0,0,0,1,3073,33318,142531,422136,1119257,2629347,5787595,13010721,32301387,94688830,232302262,430917340,510795048,424123612,305750280,205654249,132861214,84372130,48751602,26017496,13606811,6846821,3478602,1867973,1013215,554817,314868,183214,110117,67374,41875,26486,17038,11159,7442,5052,3501,2492,1785,1293,956"
lower_middle_income,2011,"0,0,0,0,0,0,0,0,6,6377,46757,172991,460276,1127493,2570160,5501726,12203601,30028054,85422761,211295782,409381040,508648288,443309820,322362748,214682689,141954911,90800357,53489872,28582270,14847096,7349763,3639156,1935846,1053444,575411,325076,188134,112375,68084,41728,25879,16235,10308,6598,4281,2808,1889,1277,867,603"
lower_middle_income,2012,"0,0,0,0,0,0,0,0,18,2932,32199,133797,375054,947309,2238637,4914097,10983433,26980789,77755039,197759582,394576187,510380037,461357277,337002523,221327047,142133382,89317146,52283488,28028167,14579327,7315673,3595573,1841018,963467,520288,298042,173748,104768,63994,39410,24457,15312,9658,6138,3943,2562,1692,1126,745,509"
lower_middle_income,2013,"0,0,0,0,0,0,0,0,700,9228,56175,184427,470835,1040178,2127736,4528959,9936346,24186669,69401658,180662711,379282711,515956418,482426664,357242828,236382766,154576329,100159520,59075665,31485461,16626634,8337564,3978962,2015368,1071927,582096,335303,196575,118054,73257,45986,29248,18805,12262,8090,5424,3684,2546,1785,1257,907"
lower_middle_income,2014,"0,0,0,0,0,0,0,0,11,2720,39331,156114,421661,933481,1940354,4314696,9935158,24697068,70079177,184102956,393999346,565594859,548498533,416251841,276493165,179737342,111270402,63886629,33664856,17362189,8673460,4187032,2090283,1080789,574411,327749,191025,113268,68153,41268,25144,15414,9518,5903,3689,2323,1497,963,611,386"
lower_middle_income,2015,"0,0,0,0,0,0,0,0,54,3010,36058,148971,420859,978271,2082651,4615652,10349317,24463074,64873953,166019896,362306293,558161682,573445959,450258762,298889856,193652090,118548514,67873843,36245391,19221583,9892513,4833499,2367269,1199585,623993,348989,206994,125185,76575,47414,29731,18860,12123,7866,5177,3464,2353,1622,1119,771"
lower_middle_income,2016,"0,0,0,0,0,0,0,0,0,1463,30321,146462,448499,1085602,2352870,5233520,11470062,25542623,62140171,153924934,336553840,552050116,595188720,481018141,324585715,212450267,131721842,75512309,41244338,21874086,11056039,5274717,2516518,1256006,645866,363140,211169,127356,78123,48561,30596,19559,12676,8319,5561,3777,2611,1838,1297,908"
lower_middle_income,2017,"0,0,0,0,0,0,0,0,0,1430,28223,137939,437069,1064720,2261505,4775544,9978712,21661830,52495103,131503178,297395444,524724630,603503018,501061893,336938266,218258729,137555211,80005981,43463402,22517906,11182275,5366213,2533505,1244441,635061,356933,210218,127928,79093,49667,31685,20546,13563,9101,6225,4344,3092,2248,1635,1194"
lower_middle_income,2018,"0,0,0,0,0,0,0,0,0,1390,28654,138699,447155,1107080,2357454,4944435,10373534,22333588,51800666,125081377,279619614,514262970,621930428,525674055,354178412,227580297,142163873,83645047,44705403,23279457,11800092,5648183,2620399,1271282,640709,359272,216144,133664,83971,53581,34725,22844,15264,10346,7125,4976,3539,2541,1835,1318"
lower_middle_income,2019,"0,0,0,0,0,0,0,0,45,1866,30797,140379,461752,1168365,2518221,5438163,11654515,25027814,54290831,120947237,256951966,478226970,593041962,513456808,347328598,220278586,140048480,84699002,46765029,24840970,12694458,6153092,2806031,1353771,678855,361436,209179,125036,75872,46729,29204,18571,12006,7936,5359,3728,2660,1948,1448,1086"
lower_middle_income,2020,"0,0,0,0,0,0,842,4136,11234,28126,91460,260937,696245,1591018,3278924,6870818,14356375,30422665,64676165,139502327,295182400,540356312,663473803,576649801,400684928,267126357,171941906,103506576,57567309,30248326,15304370,7244268,3395428,1685327,855452,451303,264525,162204,101349,64423,41723,27553,18550,12755,8960,6437,4722,3515,2630,1971"
lower_middle_income,2021,"0,0,0,0,0,0,639,3633,9841,24516,68933,176108,438708,1019408,2265142,5328328,12361104,27469545,59813035,130972381,275162960,520881176,667397117,603009699,424218072,279348764,180340151,110069693,61393410,32060266,16210585,7713946,3514635,1678554,839458,448592,265007,161114,99506,62448,39882,25953,17192,11639,8063,5726,4166,3086,2302,1728"
lower_middle_income,2022,"0,0,0,0,0,0,134,2154,6961,19659,68182,230815,649102,1546541,3218570,6619913,13923980,28724578,58672237,119834330,241086162,463611316,631139506,585214499,415852810,265624882,168205971,100729657,56522135,29452758,14472036,6682259,3053483,1512202,752919,402693,236961,143955,88735,55558,35370,22975,15187,10301,7145,5099,3752,2812,2136,1629"
lower_middle_income,2023,"0,0,0,0,0,0,56,1889,6272,18381,66696,229057,646947,1547579,3228283,6592902,13754359,28301087,56756705,112635672,226264028,438111696,624916187,610439734,442057830,280341163,177514935,106794659,61396582,33017412,16613228,7872002,3670275,1703181,839887,448084,256048,152323,91932,56193,34826,21941,14033,9191,6158,4247,3045,2233,1679,1264"
lower_middle_income,2024,"0,0,0,0,0,0,0,1074,4668,12905,44526,135758,372104,928228,2285155,5761315,14249820,33372078,72182894,140263568,266044441,480019999,695718090,691319266,495833875,286643478,155307991,78988787,39806858,19908680,9675184,4534541,2131736,961241,487588,275011,162029,97463,59831,37521,24042,15782,10607,7326,5236,3823,2886,2240,1764,1387"
lower_middle_income,2025,"0,0,0,0,0,0,0,862,4233,12244,43920,134215,367680,914455,2225280,5585317,13780078,32244468,70275224,136870706,256056520,458860228,683620098,712441490,531149746,316793729,178688264,93174494,46973513,23597371,11385037,5149455,2366529,1077422,542614,306089,181339,110012,68334,43451,28305,18916,12944,9091,6568,4839,3665,2840,2227,1737"
lower_middle_income,2026,"0,0,0,0,0,0,0,500,3396,10523,38742,120891,338086,855908,2086403,5220000,12887633,29840563,64779397,123639768,224949765,398098263,621887821,699290148,552638987,334723473,183794191,94506454,47202983,23585675,11537050,5317328,2476447,1118418,533506,291983,170378,102349,62989,39730,25679,17060,11599,8097,5843,4305,3263,2543,2017,1593"
lower_middle_income,2027,"0,0,0,0,0,0,0,363,3004,9632,36410,115169,321150,818635,1995928,4962563,12348918,29172850,64410043,122982243,217402153,376696957,597503407,710929249,594097098,372473567,204568308,106248196,52714645,26217013,12865666,5941104,2731249,1226727,573203,309682,178833,106504,64968,40574,25969,17062,11485,7947,5679,4153,3130,2436,1933,1533"
lower_middle_income,2028,"0,0,0,0,0,0,0,246,2651,9059,36145,114844,317717,814240,1964948,4779928,11797330,27643382,61166266,116322351,200149019,337081259,530621780,657177709,576029228,368071886,198398817,102621464,49529320,24202146,11926901,5441657,2448713,1129251,526850,293743,170400,101249,61592,38368,24463,16040,10779,7424,5283,3873,2908,2261,1793,1412"
lower_middle_income,2029,"0,0,0,0,0,0,0,145,2325,8124,32974,104744,291832,759899,1837630,4425553,10849021,25396298,56639917,109146714,189243561,321182322,514331086,660961604,600990941,391668399,206019307,104143004,49715552,23962777,11929657,5652017,2610281,1197125,549157,303043,175764,104285,63324,39345,25023,16362,10972,7550,5370,3939,2963,2302,1830,1443"
lower_middle_income,2030,"0,0,0,0,0,0,0,145,2338,7862,30610,97624,276982,728829,1761442,4270035,10526337,24815312,55644497,107374422,185471812,312349232,497274024,655842426,614138260,410247549,216820025,109923003,52127792,24937433,12341880,5852333,2687154,1208562,553265,304421,175870,103845,62667,38662,24408,15814,10505,7150,5053,3676,2743,2129,1697,1346"
lower_middle_income,2031,"0,0,0,0,0,0,0,61,2033,7558,32575,104667,290785,759241,1846597,4448646,10867562,25419338,56773415,109496487,186413990,309056355,488412538,657782064,635259072,436556315,233346992,118937280,56518762,26965290,13328924,6375372,2913552,1298962,582921,313324,179353,105016,62940,38618,24285,15710,10449,7124,5044,3692,2781,2164,1732,1376"
lower_middle_income,2032,"0,0,0,0,0,0,0,0,1736,6629,28943,119366,400027,1107180,2628404,5689169,12456707,27050027,57889043,110019405,184818835,298903354,464361454,627463844,615302161,429752309,230399046,117094360,55430378,26539603,13333318,6472870,2937801,1307530,575720,303026,173662,101975,61366,37831,23932,15572,10432,7168,5108,3763,2844,2221,1777,1427"
lower_middle_income,2033,"0,0,0,0,0,0,0,0,1421,5908,27657,110173,376710,1058858,2546044,5564684,12185347,26503283,56765173,107991655,180996850,290791895,451046685,622642292,631015377,454475307,248516779,126740170,60241072,28788806,14406534,7054536,3213275,1433636,629434,324227,185199,108347,64933,39887,25116,16265,10844,7412,5260,3866,2897,2263,1804,1459"
lower_middle_income,2034,"0,0,0,0,0,0,0,0,1149,5515,27035,107946,375867,1081773,2697924,6065292,13184871,28031306,58549352,110155308,182230295,287468763,442582049,619559434,647263602,480843342,268635900,137248765,65644906,31318087,15615127,7721517,3535690,1584452,695505,351028,200195,116876,69900,42828,26895,17347,11538,7859,5544,4064,3033,2354,1873,1513"
lower_middle_income,2035,"0,0,0,0,0,0,0,0,912,4885,24458,101096,365919,1107042,2878097,6679225,14583103,30423859,61439894,114339341,188838929,296728209,455018083,633999141,661647105,492557884,276629717,141731315,68083834,32532256,16226772,8036088,3697727,1659161,730288,370105,211107,123261,73685,45105,28281,18199,12098,8215,5779,4215,3146,2428,1923,1563"
lower_middle_income,2036,"0,0,0,0,0,0,0,0,703,4230,21475,93430,348022,1065998,2787525,6459284,14057946,29364267,59204869,111264219,184536508,288910677,443368189,627020064,674498794,517937159,297761866,152728999,73917538,35243646,17504161,8728942,4036799,1816537,799631,396206,225503,131369,78359,47874,29968,19260,12748,8666,6069,4417,3289,2526,2000,1626"
lower_middle_income,2037,"0,0,0,0,0,0,0,0,705,4108,19357,83338,316584,985487,2613795,6109776,13341835,28066831,56909824,108139359,180374689,280112784,428872156,613270569,679798963,539096557,317066727,162302313,78994665,37461604,18449378,9235009,4268924,1910832,833888,399129,225608,130706,77646,47334,29633,19048,12649,8636,6066,4436,3330,2556,2045,1666"
lower_middle_income,2038,"0,0,0,0,0,0,0,0,525,3612,17034,76270,307594,998151,2723891,6454885,14070791,29358477,58956076,111557668,185949324,282675134,423157052,602701450,684604025,559112689,336385153,172061552,84426685,39929796,19553453,9841081,4578876,2050747,890893,418296,236849,137957,82453,50598,31891,20667,13826,9527,6738,4953,3728,2872,2286,1858"
lower_middle_income,2039,"0,0,0,0,0,0,0,0,377,3128,14643,67582,278406,924386,2573136,6171993,13500922,28264817,56689803,107756330,180031948,272383234,406738074,583826263,683925177,578013526,356855933,182791456,90363550,42627346,20785090,10486446,4915748,2209679,960425,443196,249811,145661,87110,53454,33679,21795,14564,10012,7071,5179,3890,2989,2372,1928"
lower_middle_income,2040,"0,0,0,0,0,0,0,0,254,2737,14818,69892,312009,1578314,5460410,12905236,25929294,48595766,84734223,139920729,209463879,276782150,334001626,344976067,296425253,212565799,131972566,77021699,44686868,25374638,14248879,7948089,4023033,1990199,884570,374743,199528,110458,62034,35279,20255,11698,6814,3994,2313,1366,795,438,251,148"
lower_middle_income,2041,"0,0,0,0,0,0,0,0,148,2384,12630,62624,287669,1526444,5372514,12725605,25566606,47863131,83215234,137368503,206581730,273181698,328143614,340343887,293306902,212381066,133322287,78171069,45612034,26074875,14791751,8345365,4260873,2107492,944429,390321,203067,111649,62306,35223,20121,11565,6713,3912,2267,1321,771,419,239,141"
lower_middle_income,2042,"0,0,0,0,0,0,0,0,61,2061,10890,57317,260596,1386631,5049299,12296966,24843779,46996173,82250088,136537597,206867551,275412354,332949603,347325287,300391066,219694790,139234029,81951186,47867993,27292954,15401171,8660502,4430970,2190748,978151,406086,211863,116632,65169,36885,21097,12137,7050,4120,2390,1390,816,446,257,149"
lower_middle_income,2043,"0,0,0,0,0,0,0,0,0,1751,9005,50293,226683,1228705,4666590,11740284,23867287,45426159,79732879,132743615,202180152,268419873,319106843,327502156,273098191,190928550,116501491,68733396,40607722,23646015,13445881,7668150,3960355,2039772,962540,388840,195676,106809,59307,33426,19065,10978,6366,3736,2167,1264,748,408,230,133"
lower_middle_income,2044,"0,0,0,0,0,0,0,0,0,1749,8273,45381,206357,1181978,4589393,11613123,23545246,44476295,77382332,127649262,195453872,262140787,314213713,328395659,277929089,196498263,120109643,70289024,41441116,24248078,13801973,7921400,4145621,2137030,1028557,414903,204005,111572,62038,35024,20007,11545,6694,3926,2294,1335,793,437,243,140"
lower_middle_income,2045,"0,0,0,0,0,0,0,0,0,1426,7287,40493,179659,1038566,4213193,11035204,22475054,42573529,73956531,120621191,181458687,238802866,280677050,295058349,253799813,184381216,114890767,68108719,41005313,24534317,14179251,8228469,4372417,2235090,1086630,434217,204610,110803,61037,34159,19379,11080,6399,3733,2168,1252,741,408,226,127"
lower_middle_income,2046,"0,0,0,0,0,0,0,0,0,1149,6470,36138,160429,917560,3886587,10546871,21722595,41442208,72480282,118817873,180089015,239129187,281563979,299508031,262289018,193586144,122130915,72400023,43573356,26099710,15109289,8755549,4708729,2399144,1185491,480628,219788,118919,65457,36607,20749,11878,6844,3985,2325,1339,790,438,240,136"
lower_middle_income,2047,"0,0,0,0,0,0,0,0,0,907,5511,32091,157113,1030873,4419868,11887300,24459874,45768706,77973564,124182298,184309796,242388133,282419598,300720710,265797769,197772931,125136225,73447655,43959678,26417780,15466109,9006596,4937920,2510376,1255460,512811,223791,119990,65452,36270,20373,11564,6612,3824,2217,1270,743,412,215,119"
lower_middle_income,2048,"0,0,0,0,0,0,0,0,0,697,4531,29142,145268,918072,4082328,11350180,23620343,44589879,76727830,123387222,184072756,243421527,284534686,304893388,273360442,205959114,131683839,77229506,46282704,27816055,16377727,9534600,5298148,2686321,1356693,565756,238210,127510,69419,38415,21555,12225,6984,4030,2339,1337,787,438,229,122"
lower_middle_income,2049,"0,0,0,0,0,0,0,0,0,541,3864,25102,131167,881390,4011300,11236614,23399328,43984192,75358653,120775054,180821190,241204920,282651173,304421734,276761097,211178984,136684920,80265393,48133493,28881925,16954534,9799997,5445330,2761337,1388780,579909,245278,131175,71369,39470,22137,12567,7171,4146,2411,1387,808,460,248,132"
lower_middle_income,2050,"0,0,0,0,0,0,0,0,0,390,3293,22441,116941,764346,3632889,10573761,22374412,42376322,73189005,117828131,176155088,231609429,258081757,246465265,200408322,144609326,95167046,57869678,36688912,23591884,14794120,8939458,5067617,2612077,1349351,559324,216666,112797,60274,32862,18239,10290,5844,3373,1965,1127,660,375,199,104"
lower_middle_income,2051,"0,0,0,0,0,0,0,0,0,388,3245,20685,109506,693440,3391257,10203111,21960215,41813460,72615605,117263233,175837744,233208357,262671017,253584841,208880544,151812005,100824865,61521273,38661305,24923614,15642697,9464666,5428647,2796973,1456560,622125,236394,121540,64900,35368,19621,11067,6295,3628,2111,1209,705,403,214,113"
lower_middle_income,2052,"0,0,0,0,0,0,0,0,0,265,2808,17496,98677,662928,3325960,10107777,21827164,41484510,71684131,115343945,172800230,232068844,264492580,259037970,216370634,158727342,106448454,65306688,40663609,26265158,16515328,10018503,5803295,2997752,1567197,688034,257695,130098,69387,37750,20933,11790,6701,3856,2257,1287,746,433,232,125"
lower_middle_income,2053,"0,0,0,0,0,0,0,0,0,157,2439,14993,86797,570933,2993765,9472413,20876846,39988811,69815031,113187058,169978610,229295394,262742838,258007395,216546524,158605953,106965485,66008185,40967825,26808975,17068523,10454691,6116604,3176511,1662465,748330,276408,135984,72276,39202,21661,12167,6906,3971,2314,1323,767,450,243,131"
lower_middle_income,2054,"0,0,0,0,0,0,0,0,0,12,114,6056,62796,479116,2702415,8981174,20494222,39946016,71300558,116664531,175500951,236941661,270791429,265393715,223098927,163131816,109992164,67813457,41678468,27245042,17271954,10535433,6161134,3200764,1674362,752583,276962,135139,71200,38295,20987,11714,6603,3768,2185,1250,713,415,220,113"
lower_middle_income,2055,"0,0,0,0,0,0,0,0,0,9,104,4858,54052,438696,2597600,8783672,20118256,39217386,69840229,114235495,171620100,234611837,271744871,270169480,230385525,170063568,115592314,71757796,43738310,28552462,18133287,11096705,6535941,3421599,1788202,825475,303808,144047,75663,40557,22172,12331,6951,3957,2285,1307,744,439,239,122"
lower_middle_income,2056,"0,0,0,0,0,0,0,0,0,6,86,4146,51942,417270,2493823,8702546,20531063,40352617,72621593,119167134,178088778,241611070,279536107,279347555,239387739,177138804,120634734,74880569,45443953,29619423,18866106,11637941,6915136,3659939,1909251,904212,335417,154096,80719,43152,23522,13063,7339,4164,2410,1374,780,460,250,130"
lower_middle_income,2057,"0,0,0,0,0,0,0,0,0,6,81,3394,45525,367970,2258111,8161277,19820659,39429127,71963973,119066724,177826294,241087273,279506735,280119421,241511218,180039522,123401788,77348992,46755509,30383218,19474925,12118053,7239786,3876016,2017619,976181,365149,161148,83888,44586,24186,13369,7504,4247,2447,1404,782,461,256,137"
lower_middle_income,2058,"0,0,0,0,0,0,0,0,0,5,74,2659,39558,332522,2156761,7949746,19455309,38814379,70734805,116897037,173751878,235728123,273760818,274796422,238509271,179120670,123347680,77863962,46966934,30572286,19785930,12461326,7529656,4102406,2124350,1045970,395174,166215,85697,45101,24225,13268,7388,4151,2374,1354,753,437,244,129"
lower_middle_income,2059,"0,0,0,0,0,0,0,0,0,3,62,2056,34146,289733,1938402,7397435,18607484,37455836,68677987,114268080,170525630,232316079,271882423,274746824,241155475,183218516,127218809,81018229,48828668,31500801,20330660,12740631,7647709,4151531,2150144,1059917,404315,171588,88676,46771,25189,13827,7718,4335,2490,1429,792,461,259,137"
lower_middle_income,2060,"0,0,0,0,0,0,0,0,0,3,60,1806,26318,217025,1593297,6458146,16828160,34305919,63483097,106447504,159852705,217721473,253685593,253081792,220877624,167339951,114805168,72507965,43346592,27877207,18361484,11802491,7181121,3963384,2055646,1020630,372426,129524,62745,30826,15396,7831,4041,2088,1108,589,276,147,66,20"
lower_middle_income,2061,"0,0,0,0,0,0,0,0,0,1,54,1425,23414,194373,1515919,6280319,16477677,33663253,62196225,104258963,156682941,215007331,254279183,256556921,226354998,173107722,118471982,73378168,40411551,21404406,10879486,5278216,2574704,1272836,624686,304746,150032,75081,38239,19825,10480,5636,3083,1670,925,516,244,132,68,23"
lower_middle_income,2062,"0,0,0,0,0,0,0,0,0,0,9,909,20631,171699,1346963,5787541,15631233,32287775,59941321,100808173,152207639,209452051,249513655,253762653,225564859,174109363,119722742,74649999,41231070,21644905,10963956,5241499,2509178,1217018,584015,283083,139218,69567,35384,18294,9641,5170,2825,1527,838,468,225,110,59,23"
lower_middle_income,2063,"0,0,0,0,0,0,0,0,0,0,7,556,17092,154765,1202911,5360545,14911727,31148644,58329373,98849365,150702553,208798048,251940648,258785043,232071226,180177331,124106993,77665977,43036738,22707631,11540528,5533293,2662140,1299811,624856,302681,148744,74273,37723,19501,10267,5500,3005,1627,889,498,243,118,64,27"
lower_middle_income,2064,"0,0,0,0,0,0,0,0,787,5738,17221,44882,129531,401816,1726615,6533443,17047625,34272398,62441105,101995325,148362506,193710485,222927847,220758616,195871046,150968880,103770510,65112593,35232700,17788639,8933480,4088860,1831391,876618,434427,218718,112123,58552,31138,16843,9271,5173,2921,1632,915,534,280,141,70,33"
lower_middle_income,2065,"0,0,0,0,0,0,0,0,570,5196,16133,42169,119951,366702,1512727,5893297,15926541,32524348,59799591,98704895,145474324,191442446,223859393,224054365,201058563,157247074,108799820,69129492,37883923,19092620,9651722,4431398,1970501,933166,461355,231453,118237,61510,32590,17565,9629,5357,3016,1698,948,550,297,151,76,37"
lower_middle_income,2066,"0,0,0,0,0,0,0,0,590,5367,16667,43489,122901,369860,1429078,5533901,15250220,31680208,58820719,97912559,145258791,191583767,225209114,226393700,203973299,161592038,112894608,72617687,40350582,20331410,10321821,4749724,2093745,979704,482173,241010,122658,63557,33550,18017,9851,5466,3068,1728,967,556,303,151,76,38"
lower_middle_income,2067,"0,0,0,0,0,0,0,0,407,4814,15624,41224,115343,346533,1327018,5266200,14779636,30910461,57602962,96047566,143173084,189256154,225481980,228910527,208419123,167372361,118095956,76896288,43373265,21867768,11143171,5165105,2265919,1048297,514855,256968,130610,67585,35622,19107,10422,5773,3241,1829,1019,585,322,162,82,41"
lower_middle_income,2068,"0,0,0,0,0,0,0,0,282,4253,14558,46027,161914,490375,1533721,5368650,14798345,30898933,57378954,95677300,142989942,189520859,228474973,234357633,215069819,174758028,124219702,81616652,46720332,23642770,12068108,5653066,2486749,1143094,559345,278393,141079,72785,38247,20464,11130,6155,3448,1942,1081,617,349,176,88,44"
lower_middle_income,2069,"0,0,0,0,0,0,0,0,194,3699,13534,41919,148685,458548,1398228,4862882,13623388,28790703,53486798,88667108,129492805,162973983,183723298,174486882,145084266,102397374,63663652,38437114,21361989,11319835,5836736,3004197,1536688,781723,398331,205301,107893,57722,31411,17345,9702,5510,3146,1806,1025,582,340,178,91,47"
lower_middle_income,2070,"0,0,0,0,0,0,0,0,200,3814,13926,41471,146638,454619,1389651,4827461,13514214,28561287,53085833,88008540,128669578,162127832,182980871,174000038,145165568,103256551,64384905,38994418,21752417,11550418,5959137,3053108,1558027,794201,406029,209722,110467,59243,32301,17884,10027,5696,3258,1877,1071,612,354,187,94,49"
lower_middle_income,2071,"0,0,0,0,0,0,0,0,125,3136,12176,37074,134702,422894,1264854,4380983,12585853,27201579,51033876,85657754,126331898,160713766,182834285,175178729,146783500,104787022,65431578,39630000,22175138,11790106,6090378,3127322,1594622,808330,411412,211085,110435,58833,31890,17564,9797,5545,3164,1821,1028,589,346,189,101,53"
lower_middle_income,2072,"0,0,0,0,0,0,0,0,65,2534,10537,31767,119126,387676,1162093,4002175,11721452,25871894,48898086,83147664,123856084,159640939,183763198,179125880,151928356,110124326,69342568,42085600,23765241,12656605,6548450,3358700,1715466,868565,441904,226064,117890,62620,33855,18596,10349,5850,3330,1920,1087,618,361,199,108,56"
lower_middle_income,2073,"0,0,0,0,0,0,0,0,26,2041,9074,27010,103638,348105,1047213,3606144,10828926,24516618,46839566,80830165,122168219,159975558,185531274,182933032,156189694,114515350,72756560,44159556,25106055,13397583,6940901,3542670,1812719,919023,467804,238998,124415,65977,35610,19527,10858,6128,3493,2006,1137,644,377,206,113,61"
lower_middle_income,2074,"0,0,0,0,0,0,0,0,6,1529,7588,23291,95339,330311,1001536,3475317,10554410,24043100,45963682,79445130,120513119,158759927,185418898,185640771,160058770,118817427,76245243,46460895,26638207,14243201,7413321,3794127,1943164,984093,500823,255704,132954,70436,37985,20819,11561,6518,3714,2134,1220,690,401,221,119,66"
lower_middle_income,2075,"0,0,0,0,0,0,0,0,6,1571,7798,23078,92605,325126,990743,3347694,10142321,23400735,44940000,78244059,119142410,158140883,185235910,187745216,163250160,123127931,79916698,48790060,28276410,15167975,7927612,4065621,2085649,1054770,534959,272059,140844,74304,39900,21798,12072,6780,3853,2213,1263,712,415,231,124,68"
lower_middle_income,2076,"0,0,0,0,0,0,0,0,0,1256,7104,21294,86491,305661,923282,2980696,9041898,21187337,40866911,72199019,111647196,151039221,178891737,184775418,162099777,123482289,80369498,48478510,28016575,14794789,7618183,3867046,1970231,996942,509860,262621,137608,73480,39908,22019,12313,6974,3994,2303,1325,752,442,247,132,75"
lower_middle_income,2077,"0,0,0,0,0,0,0,0,0,938,5965,17757,72243,265240,822438,2640041,8206211,19807159,38714814,69248706,108335504,148643153,177297577,185625888,164219401,125927160,82361337,49412805,28636923,15128044,7799246,3949795,2005343,1010985,517378,267567,140565,75270,40990,22669,12707,7213,4142,2388,1378,789,462,259,139,78"
lower_middle_income,2078,"0,0,0,0,0,0,0,0,0,688,4964,15113,63157,243776,776422,2530724,7967104,19405005,37876235,67715939,106358129,146783702,175667161,185399217,164729420,127642931,84284235,50512556,29359939,15527571,7968402,4004286,2003275,996568,507473,264898,140514,75981,41740,23273,13142,7492,4319,2507,1453,838,488,281,149,86"
lower_middle_income,2079,"0,0,0,0,0,0,0,0,0,526,4172,12989,56810,226742,722722,2301599,7337981,18389096,36395354,65556318,104095212,145421785,175481301,187738473,168692662,132407221,88288405,53098824,31040090,16531900,8524320,4299042,2157310,1071448,544331,284295,150744,81507,44783,24967,14087,8040,4635,2690,1564,903,524,310,162,91"
lower_middle_income,2080,"0,0,0,0,0,0,0,0,0,540,4274,13288,52671,212953,685995,2160356,6891874,17569859,35176093,63765044,102019058,143803276,174696250,189311080,171983241,136980547,92602555,55959383,32918554,17663883,9132259,4609250,2317050,1152987,580701,301737,159433,85912,47068,26175,14739,8395,4833,2800,1629,945,547,320,170,94"
lower_middle_income,2081,"0,0,0,0,0,0,0,0,0,337,3314,10783,42262,183612,614993,1935829,6259896,16427003,33449413,60949037,98649665,140238899,171119428,186157262,167776593,132610205,90009424,54571823,32363933,17786811,9417052,4862334,2463196,1234854,619917,321174,169528,91288,49980,27781,15650,8913,5133,2979,1737,1003,583,339,181,105"
lower_middle_income,2082,"0,0,0,0,0,0,0,0,0,238,2920,9952,39570,173774,579122,1806167,5955188,15891008,32453006,58864402,94470648,131489170,154328630,161879179,143982253,115266695,79930179,48679310,29101771,16312767,8706911,4477426,2266855,1148579,583743,306703,163976,89375,49480,27775,15780,9045,5240,3054,1790,1042,602,355,191,111"
lower_middle_income,2083,"0,0,0,0,0,0,0,0,0,108,2065,7640,31123,150197,525163,1637367,5438366,14924640,31139827,56741746,92261310,129973154,154263731,163127898,147012209,118444406,83621909,51396839,30858746,17468627,9366764,4848233,2460337,1252094,634275,331056,176489,95915,52967,29676,16823,9632,5569,3244,1895,1110,642,378,206,118"
lower_middle_income,2084,"0,0,0,0,0,0,0,0,0,58,1771,7007,26866,132714,470198,1452072,4855526,13689865,29114763,52978751,86099817,119893129,138434723,138324421,119022803,88714130,60504308,37283117,22282189,12843404,7014972,3656843,1877039,972796,511208,277604,154108,86855,49527,28511,16533,9644,5663,3337,1969,1171,689,408,225,126"
lower_middle_income,2085,"0,0,0,0,0,0,0,0,0,24,1492,6404,25081,127286,450700,1361039,4470419,12817906,27916643,51005158,83352183,117061013,136535009,136611506,117890751,87884078,60364209,37551436,22516746,13047254,7180411,3749311,1914635,989228,519284,278311,154024,86604,49298,28347,16438,9594,5632,3326,1966,1171,693,405,230,129"
lower_middle_income,2086,"0,0,0,0,0,0,0,0,0,24,1531,6587,24653,126864,453167,1368502,4459799,12753850,27777021,50613925,82716722,116420010,136234127,137174828,119593412,89850737,62034785,38884085,23409683,13619237,7504070,3921991,2006339,1037507,545959,292066,161916,91068,51865,29829,17303,10094,5928,3501,2068,1226,729,428,242,140"
lower_middle_income,2087,"0,0,0,0,0,0,0,0,0,0,805,3982,15744,97879,372806,1146956,3808332,11138843,24796307,45422818,75035321,106599991,125343097,124679880,107108281,78633768,53170440,32637828,19374111,11360699,6341637,3312117,1694394,876129,463389,249397,135034,74192,41334,23304,13262,7601,4391,2555,1487,869,513,295,162,87"
lower_middle_income,2088,"0,0,0,0,0,0,0,0,0,0,642,3664,14481,92458,357027,1079848,3492641,10322802,23526644,43479552,72506217,104444188,125180763,126135659,110257803,82009716,55923302,34699044,20585738,12099615,6784292,3556598,1816221,934466,492650,264981,143330,78598,43725,24612,13993,8013,4626,2684,1567,914,537,310,172,92"
lower_middle_income,2089,"0,0,0,0,0,0,0,0,0,0,497,3303,12702,83054,332567,1008905,3179158,9515158,22272000,41577300,69984835,102317682,125029742,127618916,113268299,85391358,58612389,36704622,21754798,12814669,7225320,3808848,1946533,1000454,527045,283010,152924,83707,46474,26116,14825,8480,4888,2843,1655,966,567,327,187,99"
lower_middle_income,2090,"0,0,0,0,0,0,0,0,0,0,174,1476,7152,65839,284281,885687,2788220,8593344,20806101,39580638,67349830,100011487,124642370,129058977,116376970,89045751,61508832,38890270,23033385,13592642,7695972,4077313,2084746,1070268,562481,301726,162936,89004,49366,27709,15717,8986,5175,3006,1751,1023,598,348,197,104"
lower_middle_income,2091,"0,0,0,0,0,0,0,0,0,0,123,1303,6119,62533,278981,878988,2758751,8526541,20859443,39717830,67243805,100056072,124937160,129494863,117278795,90078544,62453499,39714088,23603651,13953612,7934923,4214744,2154683,1104219,578119,309564,167031,91139,50514,28349,16079,9190,5301,3079,1794,1047,615,357,205,108"
lower_middle_income,2092,"0,0,0,0,0,0,0,0,0,0,79,1142,4587,38967,172775,525204,1405757,3539361,7696663,14612995,26019126,40956781,54134427,60740540,57743077,45470334,31507073,20536791,12313080,7211598,4052572,2140871,1103909,590196,342465,204948,121053,71067,41879,24714,14595,8626,5099,3017,1791,1063,630,375,215,115"
lower_middle_income,2093,"0,0,0,0,0,0,0,0,0,0,83,1180,4777,39089,171173,517257,1365474,3427530,7449208,14095330,25172944,39848780,53271065,60355569,58279995,46509883,32332898,21124715,12719694,7463063,4223767,2242433,1159603,618657,357378,213975,126733,74460,43902,25916,15314,9052,5350,3170,1879,1115,662,393,228,122"
lower_middle_income,2094,"0,0,0,0,0,0,0,0,0,0,47,1023,4310,33571,156203,485477,1279781,3217785,7082368,13532291,24333530,39023531,52828032,60510034,59158521,47690903,33351146,21837565,13204094,7744313,4398849,2344859,1217803,648824,372970,223454,132528,77788,45836,27040,15972,9434,5576,3300,1955,1162,690,407,240,128"
lower_middle_income,2095,"0,0,0,0,0,0,0,0,0,0,19,849,3789,27879,131224,404545,1010650,2374988,5130071,9671004,17206909,28334525,39388462,45552622,44567855,35787724,25248906,16512411,9796596,5622390,3155370,1558845,723555,354853,192618,113074,67711,40613,24388,14666,8828,5316,3198,1932,1166,707,423,256,151,78"
lower_middle_income,2096,"0,0,0,0,0,0,0,0,0,0,3,726,3505,26738,126423,389343,962070,2238783,4852169,9243495,16489037,27303859,38637717,45378738,45194263,36893720,26237678,17249607,10314481,5907849,3337890,1667220,771989,375168,201840,118125,70763,42457,25500,15336,9226,5562,3345,2021,1216,735,442,271,159,83"
lower_middle_income,2097,"0,0,0,0,0,0,0,0,0,0,0,367,2625,21403,109483,346361,862170,2028457,4483702,8696212,15649578,26263295,37861007,45201253,45827956,38115631,27341233,18075058,10901674,6234874,3542163,1792569,832006,401501,214131,124739,74728,44836,26934,16196,9750,5872,3539,2131,1287,775,471,285,170,89"
lower_middle_income,2098,"0,0,0,0,0,0,0,0,0,0,0,353,3146,21113,106505,337060,834058,1927011,4267813,8400429,15195890,25722563,37457052,45092243,46083843,38763891,27995663,18617644,11325499,6498546,3697065,1891617,881603,421978,222809,130025,77912,46764,28100,16905,10182,6137,3693,2224,1346,813,492,299,177,94"
lower_middle_income,2099,"0,0,0,0,0,0,0,0,0,0,0,254,3246,21869,106741,331422,796554,1770607,3836690,7453560,13139170,21750917,30541292,35268465,33888134,26987357,18830405,12091470,7166291,4054997,2344993,1261020,622521,299604,145018,82661,48947,29040,17267,10277,6129,3660,2180,1303,784,468,284,169,98,48"
lower_middle_income,2100,"0,0,0,0,0,0,0,0,0,0,0,259,3436,20872,101519,317265,765690,1702495,3688879,7175837,12720502,21243416,30106401,35214288,34295733,27678775,19462430,12531686,7459547,4194799,2428494,1309374,646098,311236,151270,85276,50446,29909,17771,10577,6302,3761,2239,1338,804,482,290,174,101,52"
upper_middle_income,1863,"0,0,0,0,0,0,0,0,0,0,0,0,58,571,4205,22283,69401,168296,388147,878376,1827309,3266793,4802358,5687317,5461227,4363783,2942431,1852990,1055710,575484,304281,157956,80167,39868,19160,9277,4711,2420,1225,586,251,77,17,10,8,0,0,0,0,0"
upper_middle_income,1864,"0,0,0,0,0,0,0,0,0,0,0,0,87,735,5233,22414,64948,152902,352615,811718,1701285,3111930,4728087,5802991,5748322,4670944,3179616,2021894,1153230,613758,315696,161476,81022,39544,18767,9009,4535,2326,1198,599,265,82,15,10,10,6,0,0,0,0"
upper_middle_income,1867,"0,0,0,0,0,0,0,0,0,0,0,0,65,627,4571,24340,75902,183340,421889,957244,1995566,3576771,5271032,6243407,5996088,4787157,3226118,2035382,1158364,629003,331329,172342,87331,42951,20361,9777,4969,2568,1313,641,275,82,20,10,10,3,0,0,0,0"
upper_middle_income,1868,"0,0,0,0,0,0,0,0,0,0,0,0,51,505,3863,21678,70406,172630,396767,905610,1907304,3481787,5238477,6344485,6213569,5051143,3450474,2187513,1258990,685063,361607,188512,95739,47271,22464,10733,5437,2806,1441,708,309,100,23,10,10,5,0,0,0,0"
upper_middle_income,1869,"0,0,0,0,0,0,0,0,0,0,0,0,96,744,5393,21595,61043,144358,348956,836946,1784159,3356130,5192045,6448151,6493086,5371123,3709701,2367727,1370904,735112,378916,192006,96827,48045,22836,10877,5469,2817,1461,743,344,122,32,20,14,10,5,0,0,0"
upper_middle_income,1870,"0,0,0,0,0,0,0,0,0,0,0,2,109,805,5194,26326,82900,200333,451900,1014616,2105988,3810883,5705051,6893723,6749902,5498313,3765696,2393592,1385256,755937,399075,208703,106176,52333,24819,11869,6049,3149,1625,800,348,114,25,11,10,8,0,0,0,0"
upper_middle_income,1871,"0,0,0,0,0,0,0,0,0,0,0,2,134,970,6610,26795,76806,179952,410500,941185,1961794,3645761,5611720,6990593,7037844,5847905,4066277,2609716,1523516,819801,424465,216974,109255,53916,25655,12237,6159,3178,1650,836,383,136,34,21,15,10,6,0,0,0"
upper_middle_income,1872,"0,1,29,77,97,121,147,177,195,219,234,252,479,1387,6606,24869,69854,167109,400458,942500,1984828,3702614,5727884,7132593,7223824,6033562,4216948,2691670,1558412,834847,427833,214839,107642,53425,25634,12405,6273,3212,1636,827,381,134,38,21,16,10,7,0,0,0"
upper_middle_income,1873,"0,0,58,152,200,252,310,369,407,450,479,511,778,1663,6407,23411,65956,157759,378041,899854,1886188,3542843,5612546,7170075,7441765,6339469,4534051,2919526,1702657,915266,473729,238874,120409,60271,29245,14224,7151,3616,1821,920,439,173,56,26,19,10,8,0,0,0"
upper_middle_income,1874,"0,3,105,249,315,397,488,582,638,699,740,803,1152,2103,7274,25881,71999,172972,415885,977043,2058149,3832375,5928078,7412993,7548351,6341701,4460184,2850054,1653130,886378,453040,226093,113000,55724,26420,12672,6373,3256,1664,841,388,141,36,22,17,10,7,0,0,0"
upper_middle_income,1875,"0,0,126,325,426,534,654,784,867,946,1006,1072,1449,2285,6747,23603,66843,161712,386654,920384,1942612,3655991,5794469,7458335,7812476,6702614,4795788,3076778,1797871,964941,496987,248696,125248,62619,30075,14486,7230,3632,1820,918,436,170,51,28,20,10,8,0,0,0"
upper_middle_income,1876,"0,0,163,414,549,687,840,1006,1113,1210,1287,1379,1833,2761,7476,25106,69432,166690,397588,940378,1995540,3770045,5950901,7618062,7932680,6821023,4903517,3152505,1849790,997460,510343,251033,124303,61337,28826,13564,6679,3311,1642,820,379,141,42,24,19,10,9,0,0,0"
upper_middle_income,1877,"0,0,204,510,675,843,1035,1235,1369,1484,1585,1689,2222,3239,7976,25460,69288,165678,395071,932956,1981717,3772423,6011258,7789869,8207857,7077836,5079402,3250877,1891487,1005992,510453,249566,123119,60768,28607,13526,6700,3344,1656,830,389,144,42,25,19,10,9,0,0,0"
upper_middle_income,1878,"0,0,203,576,790,981,1210,1449,1624,1757,1878,1985,2536,3576,8302,25920,68532,160636,383033,926787,1980565,3781132,6095930,7931746,8377570,7291864,5322800,3478052,2077913,1131957,587833,293556,147833,74796,36110,17108,8317,4060,1989,1007,495,217,76,41,26,17,10,2,0,0"
upper_middle_income,1879,"0,0,126,531,890,1081,1341,1622,1852,2011,2162,2283,2752,4082,10802,35668,91427,200610,413244,868423,1749459,3353570,5483326,7425448,8266920,7615710,5912290,4021477,2484896,1396670,748271,391931,198044,101124,51940,25500,12377,5978,2919,1531,880,495,251,125,75,37,14,0,0,0"
upper_middle_income,1880,"0,0,57,460,950,1167,1458,1773,2069,2260,2441,2593,2945,4088,8277,25616,68105,155884,325627,677141,1378754,2723648,4776441,6973179,8445854,8415288,6772710,4759829,2962221,1698914,911604,471610,236381,116836,59495,29693,14754,7237,3553,1835,1113,676,394,210,121,54,18,2,0,0"
upper_middle_income,1881,"0,0,37,470,1040,1304,1623,1976,2327,2551,2759,2933,3282,4458,8052,23354,62217,144468,307034,651453,1348885,2676854,4762212,6996195,8508583,8611959,7029955,5005025,3150342,1841727,1005151,527445,269959,135928,69437,34561,17266,8614,4324,2265,1374,841,499,274,154,69,20,3,0,0"
upper_middle_income,1882,"0,0,15,475,1128,1455,1796,2185,2597,2851,3092,3313,3695,4851,8211,24378,67503,157981,336748,692880,1409172,2723452,4715655,6908968,8485339,8676443,7258475,5216608,3378293,2028399,1113429,588749,311254,158828,80558,39769,19717,10107,5433,3078,1854,1080,580,285,154,65,12,0,0,0"
upper_middle_income,1883,"0,0,17,531,1251,1607,2000,2433,2893,3181,3461,3726,4196,5770,10069,28677,77864,182072,393167,813215,1617627,3032198,5165304,7436483,9036164,9213235,7717861,5560069,3601041,2162432,1188792,629187,332718,170094,86355,42730,21359,11089,5935,3316,1964,1117,598,288,153,67,12,0,0,0"
upper_middle_income,1884,"0,0,19,590,1391,1790,2222,2702,3209,3529,3830,4120,4635,6361,11192,30072,78948,181400,387089,798753,1602806,3017196,5186264,7549620,9237292,9474115,7986741,5787804,3739094,2227450,1218503,641043,335016,170459,86358,42550,21150,10877,5770,3123,1820,1022,539,265,145,65,15,1,0,0"
upper_middle_income,1885,"0,0,57,721,1596,2001,2497,3033,3576,3914,4244,4546,5152,6880,11393,29924,77253,179430,389633,836363,1716289,3261219,5580043,8001281,9586749,9626956,7965575,5713101,3629024,2135143,1162114,611053,315990,161334,82818,40878,20208,10155,5222,2726,1594,910,499,258,145,67,17,3,0,0"
upper_middle_income,1886,"0,0,63,791,1755,2201,2740,3331,3921,4293,4649,4985,5653,7413,11678,29638,75236,174988,390126,850079,1756799,3319044,5624053,8092507,9733952,9820213,8182080,5899774,3787060,2238153,1215585,638428,331092,167510,84675,41391,20427,10392,5523,2957,1738,976,516,260,146,67,17,3,0,0"
upper_middle_income,1887,"0,0,25,777,1818,2340,2923,3556,4223,4644,5038,5385,5979,7730,11149,27117,70830,166854,376946,821813,1706774,3264554,5555116,8056558,9785876,10006243,8523218,6234119,4068799,2442264,1330006,699963,368835,187234,94084,45921,22379,11221,5953,3234,1902,1076,567,281,155,70,13,0,0,0"
upper_middle_income,1888,"0,0,74,937,2070,2599,3246,3945,4649,5090,5510,5889,6639,8698,12933,30555,74953,169480,373667,823159,1726355,3329242,5742443,8392838,10242787,10429186,8711771,6287336,4002804,2351520,1267146,658146,337237,170280,86348,42123,20648,10330,5372,2804,1645,943,513,265,147,68,18,3,0,0"
upper_middle_income,1889,"0,0,0,804,2030,2707,3372,4107,4900,5431,5887,6308,6946,8872,12196,27437,70970,165460,373520,810979,1686638,3235591,5534404,8116868,10061927,10490937,9119523,6770762,4454475,2702774,1473805,771157,407030,206959,104062,50838,24605,12301,6521,3534,2068,1170,604,291,155,71,12,0,0,0"
upper_middle_income,1890,"0,0,0,868,2200,2937,3649,4434,5292,5865,6353,6813,7559,9556,12974,28429,72609,168819,380504,821724,1708173,3288149,5645913,8299943,10300373,10721365,9312742,6913821,4545371,2747381,1493573,778849,410419,208764,105000,51226,24793,12417,6614,3601,2108,1206,630,311,167,80,15,1,0,0"
upper_middle_income,1891,"0,0,0,935,2350,3137,3909,4754,5676,6291,6820,7309,8054,10271,13801,28494,71131,164952,376149,828289,1741137,3334356,5693893,8413065,10460089,10936536,9545103,7112775,4685818,2831373,1530293,799814,422183,213162,106322,51327,24560,12174,6402,3450,2027,1150,602,294,155,72,12,0,0,0"
upper_middle_income,1892,"0,0,0,570,2098,3289,3955,4847,5843,6620,7150,7802,8647,10328,13260,24196,64353,157054,360580,779500,1598668,3079759,5298233,7938731,10218631,10919854,9923185,7745541,5278038,3331346,1895059,1006627,538986,277814,140083,69308,33597,16929,8870,4731,2713,1527,786,386,186,86,15,0,0,0"
upper_middle_income,1893,"0,0,0,1076,2755,3676,4498,5469,6526,7222,7809,8542,9517,11707,15478,30689,75078,172741,390160,855687,1810151,3498224,5972942,8840783,10957777,11348788,9843133,7304433,4782412,2881954,1561497,812820,426193,216066,108507,52212,25032,12628,6833,3762,2229,1289,689,349,184,84,12,0,0,0"
upper_middle_income,1894,"0,0,42,1299,3086,3983,4881,5933,7046,7740,8373,9138,10255,12832,17605,35949,85459,193153,424731,909717,1895580,3618916,6183956,9083967,11279833,11726379,10034290,7342727,4714448,2774668,1475269,753034,384820,192650,96497,46593,22821,11689,6305,3343,1922,1081,563,276,153,71,17,3,0,0"
upper_middle_income,1895,"0,0,0,872,2795,4071,4899,5987,7192,8083,8726,9715,10635,12667,16290,29623,75354,179422,409475,887091,1831874,3510783,5900543,8702634,10908062,11426980,10249259,7907561,5335531,3328943,1872300,992598,533171,276991,141086,69626,33705,16951,8899,4749,2644,1462,747,368,183,82,12,0,0,0"
upper_middle_income,1896,"0,0,0,1094,3140,4364,5297,6457,7728,8625,9315,10230,11306,13649,17532,31488,74915,169276,380116,829901,1767210,3454735,5950066,8948487,11339798,12002754,10672844,8096434,5369827,3263717,1772273,915311,477925,240446,120426,58093,27529,13715,7377,4170,2396,1393,736,363,186,84,11,0,0,0"
upper_middle_income,1897,"0,0,0,808,2913,4518,5397,6608,7964,9015,9734,10833,11830,13894,17556,29589,73724,173557,391991,839282,1716039,3323310,5711310,8580424,11084653,11938289,10967880,8629332,5881931,3693198,2084479,1091776,577908,295843,148559,72944,34968,17539,9210,5093,2801,1584,820,396,192,90,15,0,0,0"
upper_middle_income,1898,"0,0,0,825,3028,4733,5686,6965,8400,9515,10270,11206,12369,14909,20940,41727,113007,316527,767265,1624302,3196842,5971318,9877467,14369343,18110679,18411518,16049921,12129908,7959011,4777932,2619077,1358527,713662,366134,184569,88632,40726,19604,10109,5522,2924,1569,757,340,156,73,15,0,0,0"
upper_middle_income,1899,"0,0,0,396,2466,4728,5665,6982,8442,9761,10613,11624,12942,14763,20232,34949,85436,243923,604249,1301092,2587044,4950000,8573145,13224840,17809337,19236785,17615573,13788594,9167175,5540277,3074842,1572575,795542,390035,187009,87380,39317,19197,9863,5169,2601,1420,689,311,120,55,15,0,0,0"
upper_middle_income,1900,"0,0,0,412,2591,4971,5975,7358,8901,10294,11194,12204,13593,15609,21629,37788,93089,264776,646311,1377524,2722573,5180916,8899433,13662244,18210428,19490478,17884099,14005461,9285914,5610919,3109004,1586667,798840,389125,185188,85767,38468,18857,9755,5165,2585,1407,684,308,120,56,15,0,0,0"
upper_middle_income,1901,"0,0,0,73,2046,4747,5978,7312,8886,10533,11534,12711,14226,15705,21620,36075,78810,224944,544122,1157905,2302134,4437006,7723790,12356359,17320244,19583235,19056772,15643998,10668301,6489515,3624279,1815845,875659,410326,185480,80032,33086,15720,8495,4596,2220,1194,551,210,52,21,6,0,0,0"
upper_middle_income,1902,"0,0,0,76,2151,4999,6294,7697,9354,11089,12143,13378,14966,16497,22585,37472,81185,230011,554933,1181636,2355742,4554775,7944947,12684381,17743364,19994400,19420278,15932280,10883282,6622070,3704709,1858432,898240,421064,190360,82723,34558,16523,8869,4750,2242,1204,555,215,52,21,6,0,0,0"
upper_middle_income,1903,"0,0,0,0,1984,4971,6505,7928,9640,11490,12685,13861,15545,17129,23175,38194,80917,230978,555802,1173375,2317303,4458107,7754005,12375986,17485170,20011998,19859962,16641092,11589785,7109312,3992812,1998068,955060,442923,198457,84632,34276,15601,8333,4529,2186,1179,556,222,61,23,7,0,0,0"
upper_middle_income,1904,"0,0,0,73,2312,5439,6937,8475,10301,12222,13407,14557,16212,18114,24388,39078,83119,234792,565381,1199805,2380239,4613834,8100231,12944246,18194606,20618720,20071139,16543859,11354832,6926997,3879826,1941521,936061,439650,199406,86889,36272,17231,9201,4994,2404,1265,589,223,53,21,6,0,0,0"
upper_middle_income,1905,"0,0,0,0,1818,5145,7067,8557,10430,12564,14614,16619,18659,21176,30570,55154,116209,294463,646308,1297433,2512278,4786320,8260811,13112598,18549245,21257215,21228045,18016592,12797882,7919151,4489463,2260927,1084519,507141,228667,99605,41364,18690,9821,5369,2643,1348,645,262,89,36,9,0,0,0"
upper_middle_income,1906,"0,0,0,0,1033,4275,7105,8428,10354,12508,14725,16805,19069,21558,29412,51451,101805,256286,574188,1160095,2237866,4292797,7600809,12123177,17487640,20766442,21496100,19134414,14556372,9467926,5466807,2786457,1299087,567533,239349,102655,44951,19911,10427,5387,2376,978,438,165,45,10,2,0,0,0"
upper_middle_income,1907,"0,0,0,0,1086,4479,7447,8835,10851,13111,15496,18076,21397,27013,42163,91755,217335,492718,1020350,2094747,4282481,8739491,16213374,24670935,31025082,32432266,29844989,24218233,17200152,10811491,6146048,3121585,1469993,652397,276070,116461,50532,22281,11577,5924,2609,1050,450,167,45,10,2,0,0,0"
upper_middle_income,1908,"0,0,0,0,2429,6182,8216,10027,12189,14655,16993,19686,22872,29448,47896,101676,242417,550483,1128961,2302249,4688985,9492313,17354161,26439716,33074291,34048325,30575094,23717000,15629970,9299742,5130372,2549021,1225605,574839,257320,109463,44916,20366,10638,5825,2966,1427,664,266,81,33,9,0,0,0"
upper_middle_income,1909,"0,0,0,0,1441,5261,8212,9840,12051,14556,17145,19930,23379,29805,47241,99982,233146,525878,1073943,2189207,4471671,9118852,16909597,25732145,32207901,33553264,30844518,24840457,17379637,10801381,6073247,3039678,1417680,627045,265147,111020,47179,20777,10881,5741,2710,1135,502,182,45,10,3,0,0,0"
upper_middle_income,1910,"0,0,0,0,1485,5447,8540,10520,13146,16357,19660,23353,27598,34394,51866,107982,246619,540053,1078325,2184869,4458387,9248158,17554355,27622193,35154123,36774822,33597952,26799097,18560492,11387148,6397677,3198648,1497351,674914,291440,123305,51898,22801,11952,6329,3092,1280,563,198,44,10,3,0,0,0"
upper_middle_income,1911,"0,0,0,0,1557,5700,8917,10941,13669,16980,20285,24067,28507,35030,51248,102447,232826,511349,1026405,2079871,4218345,8805929,16944523,27339647,35481567,37636571,34618135,27604507,19176344,11739896,6555648,3259497,1513017,674797,290439,122383,50896,21967,11424,6090,3012,1242,541,188,46,10,4,0,0,0"
upper_middle_income,1912,"0,0,0,0,1287,5450,9146,11130,13953,17327,20624,24450,29080,35632,50417,97087,220575,492130,990203,1984277,3985983,8366993,16246185,26868660,35385742,37851172,35195187,28386423,20074963,12437641,7024136,3544030,1650941,735324,314422,132937,56773,24370,12452,6362,3025,1142,508,182,45,10,4,0,0,0"
upper_middle_income,1913,"0,0,0,0,1036,5194,9322,11317,14209,17676,21211,25218,30208,37729,53440,98906,217004,472477,950230,1887752,3765916,7889526,15432711,26099664,35033879,38036456,35804549,29288274,21084022,13197242,7514226,3825136,1784095,793762,337453,140453,59133,24446,12326,6280,2963,1057,463,169,41,10,3,0,0,0"
upper_middle_income,1914,"0,0,0,0,2564,7386,10277,12783,15892,19377,22548,25990,29313,33074,44144,73359,134759,301755,641852,1289872,2504931,4931869,9063209,15045186,22181341,26281660,26255026,22347070,15960631,9799812,5502033,2728958,1276295,590742,266961,116754,47169,20738,10887,6105,3157,1547,750,297,94,36,11,0,0,0"
upper_middle_income,1915,"0,0,0,0,2673,7691,10691,13242,16457,20076,23160,26634,30421,34424,44904,71796,129063,279110,600141,1213605,2358969,4650849,8717521,14707007,22121697,26820219,26936343,23061440,16583997,10180730,5678059,2800600,1302565,597883,270892,119955,48673,21138,10883,6020,3067,1476,715,283,94,36,13,0,0,0"
upper_middle_income,1916,"0,0,0,0,1185,5864,10479,12717,15963,19911,23674,27544,32421,36912,45637,72393,126078,264665,572257,1162200,2288980,4599596,8867113,14889935,22126791,26927486,27466835,24465526,18872110,12319285,7112845,3644353,1677264,732785,312664,133888,57203,23523,11994,6215,2881,1033,443,155,37,10,0,0,0,0"
upper_middle_income,1917,"0,0,0,0,1979,7197,11220,13426,16435,19812,22543,25323,29362,33320,41970,60284,98233,224069,506527,1042028,2041136,4091018,7895379,13228328,20219194,25497910,26572626,23629929,17923738,11429364,6456505,3207506,1448686,626467,268517,115836,47679,19869,10310,5557,2660,1117,515,168,28,0,0,0,0,0"
upper_middle_income,1918,"0,0,0,0,996,5845,11039,13155,16203,19580,22927,26245,30651,34860,42506,62914,104372,228505,510410,1031105,2011587,3984302,7629798,12811371,19570184,24562344,25870831,23909441,19067485,12736369,7465342,3901393,1807910,782417,327795,137984,58715,24191,12601,6567,2670,1008,440,153,44,10,4,0,0,0"
upper_middle_income,1919,"0,0,0,0,1008,6021,11417,13865,17443,21520,25923,30178,34876,39537,49460,80449,148683,330481,677066,1322772,2593830,5095579,9183474,15109305,21876689,25291033,26081515,23788685,18735676,12539567,7389350,3877409,1797621,775273,319976,132336,56982,23920,12768,6610,2534,947,382,142,44,10,3,0,0,0"
upper_middle_income,1920,"0,0,0,0,1369,6765,12088,14587,18318,22612,27286,31729,36108,40821,50226,74406,118445,202504,347335,635815,1218674,2371611,4645086,8492599,13776420,18332433,21093725,20460174,16718374,11372469,6706252,3453573,1554037,646059,257860,106075,45368,18088,9738,5204,2166,807,367,147,44,10,3,0,0,0"
upper_middle_income,1921,"0,0,0,0,2260,8254,12899,15597,19507,24212,28282,31557,35622,40300,48678,63737,93382,158829,270457,539996,1141701,2473791,5147673,9410323,15021743,19646251,21804277,20265649,15836301,10367368,5992486,2986665,1314426,543159,219157,90558,36334,14851,8339,4275,1763,857,399,152,31,0,0,0,0,0"
upper_middle_income,1922,"0,0,0,0,1844,7822,13139,15779,19801,24541,29840,35094,40449,47911,65163,114656,246737,530812,1011889,2012640,4171939,8902541,17376924,28153196,36831195,39167291,36742790,30083808,21440056,13371431,7536444,3790346,1718691,736183,303639,123691,50689,20266,10838,5799,2435,1007,433,166,47,10,3,0,0,0"
upper_middle_income,1923,"0,0,0,0,431,5558,12219,15126,18953,23628,29553,35068,40279,46239,56363,85462,155019,330223,651560,1240127,2464660,5005942,9251603,15603620,23050591,27260163,28306827,26148398,21157741,14587349,8763931,4742941,2237527,963252,395186,161629,70291,29637,15135,7859,3270,905,336,125,44,10,2,0,0,0"
upper_middle_income,1924,"0,0,0,150,1554,7874,15231,18802,23410,28759,35259,42256,49441,58984,77513,139067,295934,611013,1173808,2347898,4925189,10466350,20462633,32006579,41750543,44889681,41925731,34847006,25951980,17018623,9943368,5309594,2509191,1091517,455166,189586,83912,35878,17377,8682,3854,1062,366,120,40,10,2,0,0,0"
upper_middle_income,1925,"0,0,0,154,1597,8075,15672,19391,24106,29588,35960,43465,51736,62212,81178,134533,288393,598623,1135456,2188639,4400302,9338570,18694086,31640375,43062639,47553574,45138404,37460610,27803387,17981724,10435991,5547125,2618394,1147713,484778,202834,88785,37653,18038,8967,4114,1155,418,134,42,10,3,0,0,0"
upper_middle_income,1926,"0,0,0,98,1060,7068,14954,19397,23953,29414,35921,43521,52290,63175,80759,129600,275587,580298,1102867,2093323,4188425,8905134,17782137,30674682,42296397,47098898,45362652,38366854,29226066,19479671,11555978,6285439,3050287,1348524,567962,236170,102074,42416,18966,9463,4604,1401,505,169,56,13,0,0,0,0"
upper_middle_income,1927,"0,0,0,163,1384,7993,16120,20354,25113,30789,37172,44681,54027,66079,85787,134422,266690,557525,1069752,1993474,3907473,8127927,16349518,29262515,42172775,48771533,47486561,40246075,30464341,19812643,11537747,6190240,2953463,1303409,556012,233769,100355,41725,18979,9358,4502,1407,479,156,42,3,0,0,0,0"
upper_middle_income,1928,"0,0,0,47,1181,8137,16573,20873,25736,31570,37962,44874,54476,67469,86359,130757,247177,514904,996337,1844150,3614262,7500503,15347567,28134571,41640616,49395746,48857044,41840738,31781886,20679369,11998629,6433141,3067852,1359309,587021,249738,107846,45438,20877,10032,4849,1693,523,166,31,1,0,0,0,0"
upper_middle_income,1929,"0,0,0,0,656,6585,15589,20831,25512,31609,38548,46057,56410,69836,87445,129226,241241,503668,985327,1833723,3627465,7492373,15191343,28047169,41917993,50323998,50463494,44317113,34506621,23132900,13697939,7495611,3683076,1654758,717541,308226,134310,56343,25232,12320,6260,2527,805,262,72,15,3,0,0,0"
upper_middle_income,1930,"0,0,0,0,1959,10129,18874,22765,28291,34677,41307,48833,60068,72712,91880,138850,263110,545063,1044148,1941951,3812628,7965555,16370098,29789545,43689215,51402435,50491550,42567511,31518902,19838414,11205205,5839590,2703796,1194065,519125,222589,95676,39089,18377,8563,4287,1674,495,152,26,0,0,0,0,0"
upper_middle_income,1931,"0,0,0,109,3854,13224,20762,24730,30768,37429,44679,53501,64521,75612,97836,152762,303773,626937,1156451,2198787,4410235,9458924,19245342,33322275,46527795,52080144,49862051,40491641,28588713,17278595,9514042,4751453,2133553,930882,401344,171329,71717,28855,13894,6836,3800,1719,558,201,45,10,3,0,0,0"
upper_middle_income,1932,"0,0,0,898,8702,18498,23051,28253,34746,41638,48409,57437,66382,78498,105980,172044,357048,717345,1324844,2606259,5284735,11382716,22703901,36906727,49252262,53407831,48205508,36741652,23597207,13309598,7013658,3299518,1509539,701551,320376,138664,55945,26605,12956,6965,4219,1997,753,314,108,53,11,0,0,0"
upper_middle_income,1933,"0,0,0,1550,10029,19604,24018,29634,36423,42894,48059,53924,61446,74074,96490,142376,300138,616046,1184301,2359479,4781025,10406255,21037238,35484096,48327372,53116902,48166046,36304908,23042326,12779815,6594389,3071140,1416856,669368,316098,140970,58351,28136,13233,6623,4052,2021,735,319,118,57,12,0,0,0"
upper_middle_income,1934,"0,0,0,400,7947,18274,23415,28811,35596,42992,50100,59262,67870,80263,106294,158007,304054,608622,1132499,2168630,4313552,9231577,18910757,33805108,48260126,55257342,51912271,40634363,26862202,15098247,7918111,3716745,1666031,768626,356249,156192,61644,27736,13153,6746,4047,2012,712,280,81,36,10,0,0,0"
upper_middle_income,1935,"0,0,0,269,4889,15111,22721,27510,34339,42163,50446,60122,69668,82235,107746,161019,291575,582589,1074448,2020119,3991494,8386757,17378865,31660304,46849390,55303685,53507154,43688146,30615395,18007556,9665708,4693985,2060504,903509,402011,174728,68890,26944,12622,6499,3738,1531,577,224,69,30,12,5,0,0"
upper_middle_income,1936,"0,0,0,118,2815,12320,21897,26526,33201,40917,49553,59156,69071,81664,103272,149496,253141,498349,935311,1734824,3425927,7044079,14916944,28044865,44196288,54719472,54499453,46460930,34105333,21029635,11495021,5843267,2626640,1146265,505178,221262,91741,35014,16186,7816,4072,1451,522,204,71,30,12,5,0,0"
upper_middle_income,1937,"0,0,0,0,1266,9758,20286,25739,31985,39680,48668,57884,68537,80967,99065,139487,227470,430283,816353,1497421,2960563,6061117,13018994,25126220,41491528,53406106,54824604,48528344,37046112,24008339,13501202,7096999,3301079,1429645,620825,269231,113793,44364,19530,9223,4670,1758,520,193,67,28,11,3,0,0"
upper_middle_income,1938,"0,0,0,0,2660,12505,22538,27462,34353,42405,50975,60885,72234,85153,106178,147262,237590,449302,850794,1588816,3132923,6412370,13741910,26072574,43468997,56267798,57843730,50381022,37289718,23164146,12454979,6240128,2776519,1201455,534747,237600,98593,36340,16690,7715,4104,1576,519,195,59,15,7,0,0,0"
upper_middle_income,1939,"0,0,0,0,1399,10640,21738,27087,33548,41641,50535,59715,71610,84485,103233,141878,220812,404794,778252,1425441,2746636,5608077,11991479,23152820,39974728,54821276,58495292,52653853,40422715,26058403,14225278,7257981,3293521,1414327,624950,279096,118942,44558,20065,8966,4492,1662,445,140,28,10,0,0,0,0"
upper_middle_income,1940,"0,0,0,290,1652,8666,19918,27147,34539,44736,57549,73622,92462,114377,140936,189702,292282,484546,886941,1624745,3095175,6210126,12728176,23959960,40035616,53306114,57009828,51815587,41195782,27887381,15891273,8400972,3969447,1714346,748870,331728,141325,51959,20863,10643,5511,2011,619,252,68,23,11,7,0,0"
upper_middle_income,1941,"0,0,0,0,0,48,586,1556,3342,6949,12719,21313,34071,50307,71208,100622,156044,251668,453032,831240,1483562,2905098,6045533,12511406,22734428,31882366,33981198,28139235,20010816,11966049,5695914,2445736,1038869,477385,255730,137024,61515,22359,9787,5072,3050,972,348,190,59,22,14,9,0,0"
upper_middle_income,1942,"0,0,0,0,0,0,333,1560,3589,7008,12087,19529,30391,45263,66622,101448,153722,232315,415799,769231,1359960,2592230,5335662,11434338,21060726,29578224,32483206,27690363,19997514,12240533,5991244,2647270,1125895,503484,264194,140541,62819,22570,10060,5279,3133,931,382,210,80,28,15,10,1,0"
upper_middle_income,1943,"0,0,0,0,0,0,288,1605,3630,7010,12006,19346,29961,44630,65320,102178,152381,224317,394569,731339,1278136,2425740,4993391,10847596,20042337,28948930,32682238,28426243,20962862,13027618,6499739,2877694,1223883,538706,278629,149270,68002,24387,10526,5467,3250,976,395,215,91,28,17,10,3,0"
upper_middle_income,1944,"0,0,0,0,0,0,447,1305,2434,5308,10236,17777,28639,44218,65520,90786,124658,191753,366294,734477,1421452,2852238,5807147,11589582,20467531,30974709,35025308,30671523,23177246,14648457,7549608,3418125,1511199,680994,346317,179403,79469,27130,11212,5803,3444,1127,407,218,84,27,15,10,1,0"
upper_middle_income,1945,"0,0,0,0,0,23,620,1545,2335,4920,9596,16543,27156,43780,66042,91033,126132,218459,408650,783819,1609285,3298916,7366866,15515314,25908250,33212723,33189899,26737730,17874581,10219399,5093241,2386415,1077627,514073,263190,125589,50092,17971,8263,4681,3043,991,387,208,92,25,12,8,0,0"
upper_middle_income,1946,"0,0,0,0,0,95,778,2055,3742,7387,13626,22271,34811,52279,71036,95563,141409,206658,373086,704885,1333157,2505842,5053087,9705563,15685699,21524498,22564341,18515934,13015541,7953784,4264689,2071665,945626,440993,223658,109337,47114,17604,8055,4342,2863,1996,353,165,59,3,0,0,0,0"
upper_middle_income,1947,"0,0,0,228,1691,3317,4690,6589,9354,13663,20614,31391,46377,66809,89775,115154,173407,287856,541270,1055898,2083236,4101646,8230431,14530962,22109403,28571351,28353510,22331672,15245409,8822346,4560781,2247581,1054948,505465,261906,130849,57622,22378,8021,3566,1713,771,328,176,70,24,12,10,2,0"
upper_middle_income,1948,"0,0,0,65,1387,3128,4533,6404,8991,13148,19726,29608,44421,65025,89741,117312,175944,301707,565292,1078979,2095974,4059830,8082987,14762305,22793360,29752139,29940456,23741179,16338769,9578797,4937533,2441336,1161347,560693,292252,149770,68746,28077,11039,4817,2356,1055,451,243,135,52,34,21,12,5"
upper_middle_income,1949,"0,0,0,0,727,2511,4150,5969,8393,12521,19088,28996,45308,67523,95554,134676,240090,414553,746649,1499467,3155421,6879002,15067493,26808230,36786752,43323201,41756537,31883616,20613879,11724968,5887362,2837005,1352181,648666,328596,163951,76381,32089,13711,5819,2910,1399,635,316,179,70,41,24,13,5"
upper_middle_income,1950,"0,0,0,0,461,2153,4037,5809,8245,12563,19361,29190,45511,67782,96793,129883,207049,375698,676419,1249475,2494135,5242263,11275850,23326493,35426841,44436517,44604288,35428432,23489176,13234798,6585110,3126674,1470918,701236,351843,171310,76367,31342,13463,5559,2635,1265,545,239,114,23,5,0,0,0"
upper_middle_income,1951,"0,0,0,0,245,1821,3959,5861,8360,12778,19477,29058,44531,68018,106135,175409,328238,623451,1056765,1752130,3095220,5704620,11199422,22410936,35811957,46244779,47412959,39068914,26490571,15161316,7612241,3623121,1715235,818260,412919,205531,93242,40004,17517,7571,3216,1479,703,341,140,42,22,12,4,0"
upper_middle_income,1952,"0,0,0,0,250,1860,4144,6139,8476,13036,19933,29719,45236,68842,107092,174347,318456,609808,1052105,1752192,3068839,5464229,10473494,20549774,34845976,46557237,48564321,40932109,27989963,16120053,7984560,3745106,1754594,826933,416574,208314,94144,39435,17812,7649,3235,1461,712,394,175,67,39,24,9,0"
upper_middle_income,1953,"0,0,0,0,158,1709,4033,6037,8629,13705,21381,32378,48568,72320,109484,172517,304714,580358,1010937,1672620,2867856,5078137,9618837,18816631,33165164,45770851,49592491,42974650,30107739,17813694,8885475,4140101,1928520,898844,450785,227508,103469,42705,18650,8034,3262,1469,763,477,182,70,37,21,8,0"
upper_middle_income,1954,"0,0,0,0,0,1397,3666,5738,8461,13430,21215,32287,48780,73043,108407,167183,292662,582838,1113214,1880891,3078785,5210419,9300837,17357927,30970323,44963417,51430527,45734541,33186453,20218085,10103143,4619950,2098936,967163,488293,251973,117534,48964,21588,9714,3735,1657,797,490,154,15,2,0,0,0"
upper_middle_income,1955,"0,0,0,0,0,1208,3489,5619,8242,12728,20139,30867,45979,69309,107062,183796,357537,719328,1376225,2346021,4038526,7303093,12989784,23405538,37999566,52961106,59400213,52355173,38599493,23868476,12239570,5633501,2575674,1170920,575797,293749,138413,56656,24410,11067,4202,1838,848,521,197,19,0,0,0,0"
upper_middle_income,1956,"0,0,0,0,0,839,3157,5600,8545,13426,21659,33509,48903,72517,109081,177841,331446,655603,1273550,2221146,3813216,6856895,12061204,21681419,35381390,51197170,59965038,54462104,41658307,26406627,14008590,6429015,2911903,1306474,628923,322964,156025,65372,27756,13102,5058,2165,986,602,249,32,0,0,0,0"
upper_middle_income,1957,"0,0,0,0,0,688,2990,5646,8761,13749,22387,34857,50568,74798,110327,170088,304784,602405,1195488,2112325,3564315,6374167,11261265,20377603,33904624,50152639,60704419,56265421,43848872,28314214,15333268,7013723,3142272,1402639,670751,345662,168285,71461,29860,14235,5618,2365,1068,623,288,42,1,0,0,0"
upper_middle_income,1958,"0,0,0,0,0,544,2743,5589,8993,14405,23548,36733,53100,78587,114884,177081,321027,631164,1241802,2224442,3762063,6627926,11603730,20576937,34074137,50484318,61967820,57784356,45306101,29596455,16173521,7428780,3308607,1474402,704937,365241,178611,76410,31542,14599,5689,2282,1034,616,260,43,2,0,0,0"
upper_middle_income,1959,"0,0,0,0,0,554,2740,5633,9136,14532,23867,37307,54017,79834,115739,173299,303123,589274,1157775,2075373,3460787,6065227,10664551,19046134,32361897,48859094,62348706,60031974,47759417,31817194,17723006,8083649,3522185,1516166,691065,348920,169596,70805,26612,12392,4360,1502,589,375,170,14,0,0,0,0"
upper_middle_income,1960,"0,0,0,0,0,182,2067,5258,8638,13672,22849,36141,53314,79026,115066,171737,299362,575988,1107844,2024482,3397624,6016176,11167931,20426111,35757124,53450072,67271166,64989937,52416721,36150042,20831009,9804535,4214722,1808669,810844,403549,200390,87581,33111,14852,5667,1629,642,434,196,25,3,0,0,0"
upper_middle_income,1961,"0,172,5750,13069,23689,35816,49678,63044,73594,83158,96234,116938,147270,200404,325618,524078,770480,1209761,2029082,3595716,6376469,11254215,20035836,33281120,52518733,70630064,81977682,75929927,59582075,41026441,23611989,11209474,4833186,2094855,933300,452566,224291,99245,37851,16604,6700,1934,752,475,239,24,2,0,0,0"
upper_middle_income,1962,"0,0,3664,10626,20581,32504,46381,60648,72100,82070,94555,113757,142691,189724,297831,499114,760641,1183022,1962468,3419567,5980171,10400564,18477925,31117209,50184249,70068333,83091896,79263823,63306644,44483056,26184881,12799350,5504733,2358830,1038767,494245,242686,109248,42953,19016,8306,2277,868,502,318,36,5,0,0,0"
upper_middle_income,1963,"0,0,2441,9231,18617,30507,44380,59395,72929,85725,101850,127324,161415,210523,316756,525020,813720,1266758,2175361,3842741,6756125,11932067,20973239,35346629,55777350,77783797,90508211,85952926,68437775,48140876,28395160,13918118,5997661,2579789,1136244,541913,263545,118672,46884,21754,9801,2779,1050,571,396,73,32,21,13,6"
upper_middle_income,1964,"0,0,550,6614,14679,26043,39547,54340,67622,80241,95410,119570,154231,195636,274786,435548,704163,1112231,1891235,3363205,5966448,10677390,18915051,32349902,51510044,74548630,89973132,87835450,70765536,50300255,30438566,15253075,6574742,2870342,1283658,615282,305321,141109,57393,25230,11950,3851,1405,668,499,136,50,32,19,10"
upper_middle_income,1965,"0,0,184,6132,13937,25261,38719,53786,67027,79356,93366,116014,153478,200861,284187,467529,1094717,2744468,5711155,9174047,13825326,21510363,34048264,51377371,72893021,93122825,97134973,84765141,61721273,40027785,22568192,10807471,4869319,2335736,1181529,602332,297341,137916,59159,25832,12544,4253,1492,685,539,172,57,34,21,10"
upper_middle_income,1966,"0,0,0,3203,10496,20755,33676,49100,63619,77185,93191,117963,158597,211656,294438,459010,1012105,2625335,5956073,10288659,15376648,22899231,35235061,52282004,73637820,95249825,103752890,92793647,68841824,45052157,25740216,12567917,5672401,2693188,1365003,704778,354617,164891,73529,31969,15063,5183,1625,733,577,181,53,26,15,8"
upper_middle_income,1967,"0,5,13,1502,8342,17615,30155,45684,61069,75251,91492,115188,154438,208753,290190,446959,909767,2333356,5433872,9938826,15151036,22592466,34543703,50985165,71843297,93790539,106005073,97569597,74487567,49665517,28682516,14316781,6425665,2995530,1506698,777058,390812,181628,80347,33748,16252,5680,1638,687,543,158,13,0,0,0"
upper_middle_income,1968,"0,3,11,20,5724,13903,26314,42715,60429,77893,97475,123532,162739,216750,292850,433280,808715,2049622,4893013,9519620,15336612,23172467,34972023,50973804,70817320,92474284,108378138,103188852,81689875,56007376,32775783,16807948,7595385,3469057,1731402,898638,457334,215008,92243,38550,18205,6527,1674,692,547,167,28,10,7,0"
upper_middle_income,1969,"0,0,10,18,3398,11297,22736,38317,56542,74673,94997,119437,155836,208608,277935,402518,719700,1855540,4505514,8888491,14644823,22249255,33307150,48413836,67437550,88850622,105521602,102491284,83019830,58310349,34900764,18175462,8456811,3865539,1913910,1003354,519619,248541,105276,45220,21410,8660,1736,730,607,273,107,69,53,31"
upper_middle_income,1970,"0,0,10,19,1079,8168,18023,32824,51024,70016,91443,116969,153537,205893,271317,382310,617169,1472237,3789822,8106920,13238984,19598129,29302577,43876244,63097545,84973520,102915774,103526689,86632361,62831104,38755445,20297211,9617063,4317303,2099385,1104176,578350,280520,117538,48444,21292,8762,1987,763,625,352,121,75,53,34"
upper_middle_income,1971,"0,0,5,14,642,7496,17044,30623,46260,63461,83461,107166,144200,200627,274667,394254,626331,1392726,3535781,7880978,13729332,20576577,30241790,43973088,61657494,82179779,99460085,100101339,81562697,57471976,34531624,17679934,8350488,3881482,1954165,1044159,555849,265930,102284,35402,12304,4941,1615,624,507,263,33,4,0,0"
upper_middle_income,1972,"0,0,3,12,21,6158,14930,28160,43722,61216,81405,105474,141857,198714,277003,405730,652804,1361794,3292156,7144575,12463638,18551759,27213777,40395236,58224054,79164216,98351071,102893885,86032076,61955738,38280827,19885664,9520151,4407131,2183878,1163162,624841,305907,122011,41530,14292,6138,1770,684,547,304,47,6,0,0"
upper_middle_income,1973,"0,0,3,12,23,4459,13007,25662,41122,59024,80317,105194,136439,183146,247493,341966,526731,1033296,2607641,6087391,11692725,18295418,26981242,39190264,55545317,75478793,95245165,103525969,88927241,65377414,41555246,22273836,10823094,5021650,2441253,1286276,700115,353844,148876,49029,16396,7170,2092,744,563,381,56,13,0,0"
upper_middle_income,1974,"0,0,6,15,26,5420,14297,27681,43682,61729,83266,108226,138964,184265,250294,347187,533911,1021780,2517058,5850525,11471712,18419999,27666592,40481209,57928707,79650318,100867161,109208605,92086676,66333102,41581002,22493647,11179903,5235998,2582999,1374571,749637,380961,163094,56951,18994,8116,2571,831,571,433,41,11,0,0"
upper_middle_income,1975,"0,2,11,22,30,4616,13587,26864,43098,61481,83384,108720,137733,177765,232414,310487,466967,883265,2237965,5376252,10901941,17745840,26854204,39654841,56993791,78243621,100839370,111847285,95354036,68339173,42647871,22735893,11287441,5283868,2588480,1377769,752300,381490,163378,56868,19716,8122,2693,826,530,464,38,10,0,0"
upper_middle_income,1976,"0,0,6,15,26,3858,12708,25699,41970,60065,81367,106256,136071,175480,229821,305476,444882,806755,2001374,4844809,9868383,16543350,25561252,38244466,55358698,76336936,99290355,113276148,99511649,72832197,46338327,25299934,12611570,5906050,2846390,1495803,819578,423581,188427,66398,24846,10484,4094,1030,548,523,94,18,2,0"
upper_middle_income,1977,"0,0,1,10,22,3139,11880,24515,40841,59262,80966,108074,142620,190636,256623,344700,493622,850662,2008421,4840682,10101480,17081747,26029346,38593193,55592821,76287309,99380026,115521869,104428736,77027108,49573980,27430900,13762217,6478769,3100003,1618256,885621,460688,207693,73840,26549,10654,4122,1225,585,550,138,33,6,0"
upper_middle_income,1978,"0,0,0,8,17,1820,10158,21998,38103,56607,78570,105894,140911,188950,255617,345545,491559,843856,2085373,5310914,11046797,18037281,26772371,39172745,55937433,75671029,97527228,114014214,106226985,79429847,52065732,29473348,14821529,6992840,3265158,1659203,905326,477967,219071,76709,26776,9800,3578,1396,857,647,125,35,9,0"
upper_middle_income,1979,"0,0,0,5,14,26,46,601,1654,4073,12905,32407,66600,120294,197446,297771,464842,843626,2103768,5537103,11371782,17569210,25177874,36349217,50514816,65813835,80103100,86834597,74542730,50407022,31019485,17696867,9202775,4531399,2350919,1245223,683752,369115,180365,73801,24741,7988,2994,1111,736,678,114,46,15,0"
upper_middle_income,1980,"0,0,0,3,13,25,36,516,1492,4127,13708,33161,66896,126908,237513,415849,693545,1436328,3709833,8437917,15531741,23887554,32914963,44288308,57643736,72304301,85679728,91469235,77695067,52753908,32635558,18563445,9694807,4903820,2592526,1396588,768515,417075,224188,127425,75258,44503,26355,15602,9240,5456,3177,1838,1063,604"
upper_middle_income,1981,"0,0,0,3,12,24,37,481,1467,4317,14412,34719,69116,127288,229868,396698,674251,1440360,3916185,8828115,15968045,24888180,35218594,47615555,61234144,76766977,90802762,94787512,78664257,53210556,32501378,18274452,9440017,4731285,2493955,1343418,737773,398017,216324,123293,72787,43035,25469,15078,8923,5265,3079,1790,1029,588"
upper_middle_income,1982,"0,0,0,0,9,20,37,406,1372,4839,14946,33686,63941,114737,205127,350570,586091,1283166,3684013,8468052,15530992,24548909,34804661,46872347,59526472,73087954,83614675,82913530,65477434,42919339,25601320,14218125,7789399,4172635,2296339,1263361,692803,372361,200183,112973,66699,39416,23308,13782,8149,4802,2797,1614,931,522"
upper_middle_income,1983,"0,0,0,0,7,17,39,954,5047,12933,22362,38526,66644,121724,223574,384666,645646,1418733,3795853,8520340,16033620,25031166,34535096,46383177,59564526,74814761,88938014,93911270,79840487,54442491,33108291,18923573,9960933,4971824,2598730,1391504,765059,417059,226292,127107,75288,44634,26478,15709,9316,5514,3239,1871,1086,616"
upper_middle_income,1984,"0,0,0,0,6,15,33,604,4132,15975,28625,47984,81106,139346,240584,409904,683491,1466894,3938827,9031999,17043688,26896523,37779653,50306823,64465342,79153162,89962565,88640256,71525353,46397468,27508960,15029868,8233829,4487902,2474949,1357850,752796,412643,222847,122561,72484,42906,25410,15050,8910,5270,3089,1779,1018,586"
upper_middle_income,1985,"0,0,0,0,3,14,36,1067,6068,22151,42821,68865,107145,163549,253330,405847,676423,1461981,3906143,8914319,16862677,26685936,37541891,50211974,64171805,79013078,90707831,89792015,73245914,47604673,28186771,15482792,8429852,4548711,2473029,1347038,753649,417237,226105,124240,73432,43448,25719,15213,8994,5319,3132,1809,1030,590"
upper_middle_income,1986,"0,0,0,0,3,14,34,415,1870,15578,51181,108997,206636,367792,637941,1098822,1979293,3785107,7195372,13779554,24974742,38037369,51747580,66184567,80686833,92743012,102492559,101343383,83507208,56180800,34234184,19440782,11213354,6393389,3567512,1976504,1119372,633051,337984,173977,96156,54241,30894,17748,10275,5974,3460,1987,1123,640"
upper_middle_income,1987,"0,0,0,0,1,12,29,274,3479,12193,47643,115461,252676,509295,937658,1643328,2878396,4920051,8861139,14819458,22210430,30779286,40896418,51304683,59885069,63965069,65058082,62117103,49411149,34010354,21873619,12923326,7607132,4451791,2556909,1450609,819739,448581,230716,118416,66023,37618,21641,12519,7273,4237,2486,1455,857,486"
upper_middle_income,1988,"0,0,0,0,0,0,1,1539,7593,11692,23572,35418,50295,69158,124980,405955,1339232,3048422,5752026,9716457,15245663,22275091,30821611,40790735,49216664,54389504,57515489,55646053,44526639,30140469,18978716,10921208,6198580,3464227,1900430,1051257,578346,320011,173591,94732,56019,33244,19754,11738,6970,4125,2443,1453,860,496"
upper_middle_income,1989,"0,0,0,0,0,0,0,34,646,4498,43347,129032,292597,585826,1111277,2142274,4186680,7599282,12136744,17480673,24438046,32666135,41564628,50538819,58436435,62826948,63420364,58920560,45869456,31174643,19596354,11376256,6602877,3838751,2215214,1273681,731169,423767,232295,116373,61340,32896,17912,9890,5489,3076,1736,993,572,317"
upper_middle_income,1990,"0,0,0,0,0,0,0,11,2463,17982,82356,211290,432493,817749,1523449,2901824,5614707,9527962,13676418,19102006,26248913,34087442,42952683,52867352,60945457,64140308,63538263,58791466,47652876,33838207,21871854,13099352,7478651,4172349,2317042,1278482,703708,382996,203666,113551,64476,37093,21575,12649,7458,4422,2620,1561,921,543"
upper_middle_income,1991,"0,0,0,0,0,0,0,6,4387,68195,208142,449751,771034,1130140,1652651,2905601,5526354,9136883,13584058,18988778,26241067,34923054,43860613,52725253,60223195,63975911,67247618,63603001,51960383,37350635,24640041,14897434,8581319,4774118,2605263,1421531,770293,410253,222192,126572,73046,42608,25068,14828,8809,5250,3144,1888,1110,652"
upper_middle_income,1992,"0,0,0,0,0,0,0,5,5819,26595,89871,233197,509397,975302,1720723,3136349,5759599,9279968,13676021,18511095,23899168,30697487,37896090,43976525,46916641,47104114,47802182,44398193,37327422,28257686,18781504,11593822,6802865,3712680,1947890,1012775,533646,286475,155919,86997,49390,28360,16432,9581,5622,3307,1955,1162,675,385"
upper_middle_income,1993,"0,0,0,0,0,0,0,1,5192,27871,106578,277192,583604,1045092,1718927,3026014,5655075,9351005,14100249,19282487,25063211,31966176,39248901,45983989,48808547,48651749,48365613,44934825,38563105,29422963,20268332,12970405,7767893,4418647,2448023,1332783,725244,388163,202103,107734,58718,32549,18289,10407,5987,3480,2025,1186,694,385"
upper_middle_income,1994,"0,0,0,0,0,0,0,0,47,8736,59610,170040,388693,764635,1406418,2710441,5342904,8969922,13469271,18099444,22902317,29823032,35889637,40284058,43449171,44044547,44805397,44438749,39333330,31142905,21535868,13769559,8175389,4610464,2590632,1447250,807109,444179,227612,119040,64345,35389,19742,11160,6381,3688,2149,1258,730,405"
upper_middle_income,1995,"0,0,0,0,0,0,41,176,685,8854,45633,121038,264433,531418,1068309,2238560,4676222,8361271,12818748,18059414,23476980,28917813,35481765,39465838,42042979,43364508,42285254,39130424,32656482,24528435,17691622,12007001,7726966,4745363,2753221,1559837,879588,494283,266098,134467,69313,36417,19491,10605,5870,3297,1884,1075,616,339"
upper_middle_income,1996,"0,0,0,0,0,0,31,179,644,16467,71103,174718,360709,690761,1333817,2674466,5174243,8870638,13408301,18832916,26722636,34816949,42649650,47767392,49178585,47525045,44053393,39792449,32706672,24297678,17146862,11499137,7328001,4484935,2642200,1525270,874150,491992,268158,134912,68545,35489,18720,10052,5479,3043,1718,965,550,298"
upper_middle_income,1997,"0,0,0,0,0,0,0,83,442,11011,64410,172921,372998,733701,1454807,2986144,5768624,9670453,14427997,19909674,27606885,36500842,45786080,54312827,60959002,63779960,60682967,52885962,41992602,29961683,20213677,13271072,8407386,5106403,2991235,1702851,959396,531937,282771,142450,73241,38376,20466,11105,6113,3421,1934,1095,618,337"
upper_middle_income,1998,"0,0,0,0,0,0,0,0,10,3978,38190,116424,274659,563595,1099379,2092069,3873113,6673326,10354987,15777667,23031202,31095261,41401037,50969959,58731550,65798920,66187263,60661946,51464515,39066825,26158662,16434579,9876590,5618969,3177937,1822603,1052869,597336,324118,160078,79373,40014,20517,10692,5666,3050,1651,908,495,254"
upper_middle_income,1999,"0,0,0,0,0,0,0,0,1085,13142,59590,156244,333659,666020,1386452,3006156,6012318,10024742,14706927,20157603,26350010,33372273,41095705,48762337,55696621,59348995,58849588,55723851,48417520,37497063,26053951,16365979,9660284,5417541,3002668,1691998,953010,530166,276632,142695,75442,40619,22249,12365,6968,3968,2273,1314,750,421"
upper_middle_income,2000,"0,0,0,0,0,0,0,0,139,12932,69493,183725,380421,720063,1410397,2944157,5730409,9346625,13756615,19776788,27426170,36348381,46594383,56800006,65505936,70954080,69212039,63046929,53850897,42353722,29655806,18737448,11359410,6449702,3544635,1973986,1106978,617475,330020,164654,83887,43495,22955,12305,6700,3697,2058,1154,649,339"
upper_middle_income,2001,"0,0,0,0,0,0,0,0,609,17018,83154,212438,433547,778182,1295710,2091724,3393952,5554986,8808310,13753339,20316057,27662268,36291961,45821952,53314262,58569085,57532061,51154802,41890557,30781268,20987112,13699718,8597917,5218437,3066635,1778692,1010304,554946,288505,140989,69967,35268,18072,9394,4955,2652,1427,776,414,205"
upper_middle_income,2002,"0,0,0,0,0,0,0,0,11,6205,28902,70187,133401,229866,403919,741657,1381223,2494253,4127937,6794656,10896860,16076009,22203523,29681088,36848068,40853541,40687513,37031266,31365040,22767906,14789186,9169326,5256076,2952197,1639890,902056,478268,236548,118564,63211,34253,18843,10491,5906,3317,1893,1082,608,339,177"
upper_middle_income,2003,"0,0,0,0,0,0,0,0,15,4599,25714,66576,131646,227613,382892,673623,1250293,2265954,3758405,6219981,10093652,15251470,21606104,28931696,35463808,39748836,40714932,38066491,33290036,25359841,16954943,10690020,6197257,3462641,1891018,1016500,541614,282110,148546,77717,41193,22200,12136,6717,3734,2114,1196,672,369,179"
upper_middle_income,2004,"0,0,0,0,0,0,0,0,1662,13257,43735,100315,190513,334844,611995,1224191,2551355,4983445,8078955,12307808,18167606,26322006,38379245,52972507,67301799,74021642,73313321,64516968,51901953,37063566,23187322,13725444,7476008,3868174,1928790,957920,502097,268257,150298,87581,51435,30349,17974,10680,6335,3764,2239,1322,782,442"
upper_middle_income,2005,"0,0,0,0,0,0,0,0,224,13451,49382,119906,229140,399712,703138,1315422,2407031,4308831,7331355,11619336,17751893,26483523,38894603,53716304,69112350,78470600,77815507,68692445,54073356,39306961,25177638,15201036,8875178,4792294,2468600,1240102,616824,322415,188682,113295,68550,41848,25763,15982,9952,6247,3964,2517,1609,1029"
upper_middle_income,2006,"0,0,0,0,0,0,0,0,1446,7989,37884,104619,230104,462633,880776,1611067,2848902,5081815,8981500,14896234,23970501,36673901,53249306,73580439,91799508,103681725,103749225,89708753,70080208,50036881,33231398,21238541,12778052,7318228,4111307,2270109,1218757,644401,348080,182875,97234,52733,29133,16379,9356,5415,3164,1875,1127,680"
upper_middle_income,2007,"0,0,0,0,0,0,0,0,2797,12262,49422,125451,259984,504807,927530,1668970,2925499,4898519,8564755,14473506,22734284,35133144,50899186,69659346,89685784,103804006,106969103,95151439,74678497,54193286,35647387,22757341,14075580,8213769,4565908,2441004,1293720,690258,384578,212653,121564,71266,42666,25951,15977,9891,6171,3865,2425,1520"
upper_middle_income,2008,"0,0,0,0,0,0,0,0,388,7886,44038,120600,260970,514823,972376,1819634,3314792,5713973,9951222,16542732,25957945,40567057,58180717,79451223,102363625,119400009,122277822,110948669,87431522,61994997,41630264,26670626,16676973,9869066,5525817,2936568,1548625,821381,441991,239065,132114,74794,43360,25730,15638,9716,6189,4016,2646,1782"
upper_middle_income,2009,"0,0,0,0,0,0,0,10,2624,14035,52780,125591,253055,487776,923426,1745293,3249946,5716361,9878550,16587605,26560657,41782708,61272564,86111352,112119359,128254382,130411069,116703722,90987473,64928161,43405348,27936530,17117246,9871574,5570280,3021805,1575243,804885,422827,229882,128304,73412,42884,25468,15335,9298,5687,3495,2120,1308"
upper_middle_income,2010,"0,0,0,0,0,0,0,17,1908,11753,46785,114555,235834,454659,863501,1822577,7728156,28901565,61956160,94526219,139119759,191255431,231748914,266418385,293097178,296449376,262477584,202280056,145745446,96258549,60366556,36847669,22187551,12829235,7077627,3701183,1882697,1011447,559208,307293,174696,102724,62473,39302,25560,17129,11824,8366,6015,4429"
upper_middle_income,2011,"0,0,0,0,0,0,0,0,1376,9771,42509,105866,221278,442462,887170,1756033,5264145,18425155,47442005,81439020,122454495,182016649,238897014,277393840,308770661,314708504,280328204,221197424,155487772,100649889,63015220,39038504,23727969,13884836,7699304,4044572,2168179,1173053,664257,387463,237768,170940,124640,89819,63484,43967,29979,20286,13739,9395"
upper_middle_income,2012,"0,0,0,0,0,0,0,0,1166,8494,36243,89434,181802,359061,741457,1542234,4002836,14336486,39852204,73205247,109563288,163787642,226924915,272049134,306832087,315812532,279555165,218559591,150571366,94736453,58129224,35405653,20860961,12101297,6682968,3536214,1967811,1102450,619484,356199,210496,149706,108010,76555,53185,36277,24478,16472,11139,7653"
upper_middle_income,2013,"0,0,0,0,0,0,0,0,1830,9946,35586,85380,176781,351180,713353,1434228,2811590,5439589,13425802,39938458,85604521,147453292,216762140,286792079,330561827,338107411,302038194,238108097,168343934,106492191,64567475,38876187,22227721,12561083,6880528,3617968,1996167,1117808,625662,352482,200887,132540,89104,59447,39363,25896,17008,11200,7436,5011"
upper_middle_income,2014,"0,0,0,0,0,0,0,0,447,9989,43174,104257,206464,385445,744607,1456812,2786581,5175111,11064275,31808342,73837899,131902681,197354600,272517132,327093005,343184577,312685554,245952404,173385823,107987823,63825207,37692809,21006575,11735285,6383536,3433691,1953889,1095979,606984,336567,216355,151265,105154,72190,48857,32643,21629,14298,9483,6332"
upper_middle_income,2015,"0,0,0,0,0,0,0,0,1215,8900,35000,92127,196882,402748,820287,1604792,3041852,5526995,9423194,22806308,56696988,119002055,193795448,273759335,344397006,377414152,361689884,299484954,214781928,138103649,85088047,50192297,28606655,15783359,8388792,4337093,2346414,1268338,712588,409156,240177,161978,111329,75883,51145,34113,22631,15014,10032,6764"
upper_middle_income,2016,"0,0,0,0,0,0,0,0,1637,8881,34517,86801,182009,371248,750953,1459427,2727809,4861235,8092069,18066188,45468045,99765913,179695124,261954361,338333336,379399141,368524505,309742106,225972074,146448443,92161172,53938388,30390050,16831689,8805324,4498761,2427782,1323400,733075,414693,239470,162669,113186,78284,53673,36554,24876,17066,11843,8397"
upper_middle_income,2017,"0,0,0,0,0,0,0,0,279,8155,38634,101146,215138,428029,840300,1617689,3014726,5356479,8805008,17239048,42712221,95576517,173719783,253013627,331510973,377129660,371172752,316812105,234033980,151573740,93675810,54810618,30680460,16611724,8682874,4665245,2618683,1460954,835403,487987,298025,214190,157807,115312,83012,58943,41593,29415,21005,15235"
upper_middle_income,2018,"0,0,0,0,0,0,0,0,1671,10899,38861,97740,205788,418959,849030,1666999,3106297,5492731,9012116,15557958,35550962,83109518,163467064,246946452,333310226,390789328,391148321,339222761,254860369,168596411,104968667,62350066,35423722,19243543,9810757,5055393,2798211,1565440,899433,528788,325526,235000,175766,128578,91481,63522,43472,29666,20430,14318"
upper_middle_income,2019,"0,0,0,0,0,0,0,355,4551,17667,56310,128668,255218,495366,977505,1870805,3471899,6357925,11312558,20994690,44386895,97739075,194318693,279133058,357093661,410078622,405883173,351036886,265960369,177444254,110696288,65765342,36954702,20394555,10779201,5465217,2949898,1633138,945558,564606,355587,248265,174110,121783,84988,59352,41720,29653,21389,15690"
upper_middle_income,2020,"0,0,0,0,0,0,0,0,4216,26071,72769,145557,259066,450475,819839,1503038,2646952,4519353,7516356,12309861,19429425,47543585,140496266,234590617,321353506,383468319,389520656,336767082,248187539,160036543,98384368,57216979,32276524,17981549,9752806,5160387,2882475,1655104,979782,600446,374882,243331,162890,111917,78614,56267,40936,30152,22412,16762"
upper_middle_income,2021,"0,0,0,0,0,0,0,0,7893,41289,105098,199099,324271,513775,890086,1673365,3158480,5554287,8907908,13664472,20209514,34789775,95300446,191962889,283682683,361365547,388835531,352062537,275977353,191001260,121132199,75604120,42072774,22959213,11863802,6054550,3375229,1881259,1086234,646700,398878,258941,173329,118596,82498,58200,41647,30202,22164,16444"
upper_middle_income,2022,"0,0,0,0,0,0,0,0,1287,9653,37645,91296,184449,358387,699390,1334962,2480103,4525936,8147825,15662679,31480744,60309456,138088809,240940663,324746451,391762685,411120801,372491397,290905387,200158252,127270512,79182276,44452916,24399451,12836147,6613229,3607852,1977015,1119684,671203,437024,316618,229534,164430,116084,80994,56169,39021,27299,19345"
upper_middle_income,2023,"0,0,0,0,0,0,0,0,1522,11071,39370,92866,185561,355117,684094,1275395,2288158,4066875,7287256,14299476,29321951,56872169,127143956,229932119,313781915,382132809,408495349,379871568,304147788,213720633,136744136,86482769,49822591,27455622,14584529,7417398,3824902,2081380,1127722,628533,350411,229312,164950,121134,89198,65208,47155,33830,24159,17284"
upper_middle_income,2024,"0,0,0,0,0,0,0,0,1827,11686,42150,100714,202448,384787,733724,1359674,2446300,4326669,7369223,12492526,20821423,35537614,85108528,188252696,292886150,388722137,435443305,406500303,321944180,220286754,135338874,82765985,46538462,25155824,13258870,6593484,3261089,1723961,924135,521137,299095,204871,153818,116217,87094,64318,46737,33550,23919,17046"
upper_middle_income,2025,"0,0,0,0,0,0,0,0,1091,10444,40658,99030,200862,384120,734595,1357738,2420542,4279219,7344058,12426051,20695823,34782574,77977506,178023983,281441578,373485081,423675956,404427079,326904562,228234008,141387040,86668867,49050724,26570679,14114183,7020019,3492457,1839935,982171,548903,314700,215177,161383,121961,91508,67677,49276,35408,25280,18029"
upper_middle_income,2026,"0,0,0,0,0,0,0,0,599,8221,35435,88954,183940,355699,687391,1291824,2343809,4262044,7708276,14074208,26538525,48101245,91780652,188766098,296803880,387267939,439912427,425664877,351897369,251332506,157031517,94893759,53851156,28909225,15330838,7725876,3847987,1954092,1047225,584874,332950,196790,123424,80125,53771,37300,26679,19636,14825,11406"
upper_middle_income,2027,"0,0,0,0,0,0,0,0,400,7265,32856,84552,177210,346327,673498,1268674,2293334,4139453,7420436,13380360,24933468,45575865,86188324,179106661,289297249,382090142,439555207,431125728,361267377,261259753,164517559,99011593,56479110,30276650,16089704,8161403,4084819,2051451,1104224,617652,352146,206796,129478,83915,56240,38955,27832,20449,15416,11854"
upper_middle_income,2028,"0,0,0,0,0,0,0,0,222,6257,29472,78500,166336,326132,634834,1202927,2179237,3935496,7111341,13382955,27373893,57292000,111672845,217062951,332715366,417660453,466659115,456997440,387768543,284704611,181633920,108159344,62091956,33155786,17569984,8986245,4526879,2232087,1197919,671212,383861,224364,140341,90863,60816,42058,29997,22004,16561,12730"
upper_middle_income,2029,"0,0,0,0,0,0,0,0,82,5428,26715,72578,156486,312755,617357,1177878,2136421,3840217,6867280,12683979,25257007,52676140,102475502,198867390,321200509,413243489,472562258,471007498,407104322,304565405,197782721,116923510,67432431,36090466,19065803,9822969,4973444,2423462,1282812,719630,412237,239871,149611,96676,64552,44520,31682,23185,17406,13361"
upper_middle_income,2030,"0,0,0,0,0,0,0,0,222,6018,27930,75824,162254,320951,629450,1198756,2172090,3899890,6976373,12893749,25659854,53468609,103209069,195265276,317223935,409649850,468806404,470740870,411353533,311128885,203816429,120344827,69444621,37218788,19614345,10146043,5152578,2498557,1310024,734407,420406,244724,152739,98779,66015,45594,32496,23799,17897,13751"
upper_middle_income,2031,"0,0,0,0,0,0,0,0,82,5222,24840,68944,149500,299096,591308,1137843,2077026,3737916,6684102,12296418,24308373,50770803,99382263,191548824,315901771,410317034,471116684,473184400,413830466,313183100,205890013,122068291,70919731,38129959,20206300,10452967,5327957,2609245,1375989,770901,442177,256932,159956,103328,68979,47568,33829,24751,18584,14258"
upper_middle_income,2032,"0,0,0,0,0,0,0,0,0,4390,22133,63585,139675,280781,559191,1088712,2005846,3623091,6506642,12053316,24377545,52858150,107899247,210712216,344761731,436932874,488681159,487115141,427349598,326118851,216611499,128874115,75259517,40653839,21593947,11186868,5722764,2812985,1470489,820813,471162,272937,169129,108959,72573,49918,35419,25856,19374,14847"
upper_middle_income,2033,"0,0,0,0,0,0,0,0,0,3585,20416,60606,135251,274190,548689,1071627,1975770,3564909,6372946,11701001,23279179,49980091,102395036,200165880,335593484,432619793,486822507,489474979,434036189,334819397,224614274,134041243,78147115,42394596,22468135,11665140,5979896,2934733,1515182,846020,485760,280345,172736,111100,73932,50843,36086,26363,19771,15169"
upper_middle_income,2034,"0,0,0,0,0,0,0,0,0,3180,18118,55742,126174,256769,514605,1012781,1881678,3402886,6096257,11192094,22281609,48043193,99138276,196404093,332722721,432309994,488459919,492430542,437696203,338546375,228063641,136613215,80083082,43563717,23198554,12058098,6188419,3054047,1566576,873191,502243,289606,177573,114099,75843,52108,36944,26974,20232,15518"
upper_middle_income,2035,"0,0,0,0,0,0,0,0,0,2431,15991,51384,118086,241209,484181,958456,1794196,3250651,5828630,10669732,21131220,45460822,94732877,187346922,322913314,426394169,485273383,494193741,444429838,348294380,237932623,143657089,84457309,46301880,24702049,12873971,6621286,3288020,1668175,925924,532853,307112,187102,119932,79542,54529,38576,28105,21037,16112"
upper_middle_income,2036,"0,0,0,0,0,0,0,0,0,1898,14153,47657,111159,227623,456388,907121,1709791,3099101,5534192,10051283,19705170,42106846,88339160,174825203,307018000,412111551,468794159,477959615,432779176,343210505,237987188,145459281,85997003,47777816,25648316,13437213,6945446,3467241,1732284,955809,549616,316630,191713,122825,81463,55875,39551,28846,21622,16568"
upper_middle_income,2037,"0,0,0,0,0,0,0,0,0,399,8109,38154,96800,206450,430210,888731,1730009,3180793,5687763,10263704,19870231,41869063,86970343,171526475,304966613,412182935,469414676,478326014,431907858,341298537,235887572,143475204,84550598,46955538,25271596,13349629,6959182,3501838,1764281,975387,560220,322907,194176,124353,82510,56637,40141,29325,22014,16902"
upper_middle_income,2038,"0,0,0,0,0,0,0,0,0,226,6784,34934,90796,194744,406072,845190,1666304,3103503,5656874,10333996,20113240,42206495,87012271,168973917,301768614,413779638,472118688,482922038,439448590,350660948,245274426,150601663,88708095,49638264,26702047,14104065,7344174,3708347,1844882,1014127,581412,335368,201810,129214,85694,58774,41626,30376,22789,17491"
upper_middle_income,2039,"0,0,0,0,0,0,0,0,0,83,5663,28401,74170,160793,342028,732873,1482974,2807166,5162772,9600046,19071986,40571467,83693259,160293390,284073492,391674114,446768764,457939508,416828822,333549887,235033360,144095339,83186003,45731716,23632044,11909373,5876630,2786379,1265968,678268,398157,243630,154328,101144,68527,47979,34643,25746,19645,15320"
upper_middle_income,2040,"0,0,0,0,0,0,0,0,0,57,4772,25491,68597,150164,320908,694213,1424388,2739073,5116659,9825022,22326916,61992331,169768648,399284926,681303579,782563896,696757145,577435574,469760060,354225532,243289511,147680837,84666811,46259860,23863219,12038949,5956687,2840694,1304900,706297,417560,257638,164746,109080,74705,52875,38594,28974,22312,17565"
upper_middle_income,2041,"0,0,0,0,0,0,0,0,0,8,3848,23099,64062,141642,303525,659840,1364715,2631735,4920920,9453637,21304513,58785628,162298627,382993779,675378649,798145370,717171210,590602458,479784455,363173404,251391232,154054298,88295876,48710449,25165906,12751428,6323923,3035214,1383445,737560,433723,267299,170724,112900,77242,54599,39819,29867,22986,18072"
upper_middle_income,2042,"0,0,0,0,0,0,0,0,0,0,3091,20507,59385,132458,283897,618718,1292994,2514606,4718714,9063017,20421200,56730318,158342078,376048045,665363658,792586136,715439803,592387855,485553385,371766482,260681876,161958182,92988219,51790159,26832213,13643399,6770420,3268138,1487982,781924,456561,280629,178763,117929,80466,56744,41287,30904,23750,18648"
upper_middle_income,2043,"0,0,0,0,0,0,0,0,0,0,1959,15842,49957,116126,257078,576465,1237192,2434176,4607546,8942887,20299656,57273852,160347372,372769043,642880202,722383783,583178957,385897873,242786330,141064473,79571802,43381227,23018803,12008023,6333350,3442381,1904810,1069884,611626,347344,197194,115025,68544,41763,26049,16666,10968,7447,5227,3789"
upper_middle_income,2044,"0,0,0,0,0,0,0,0,0,0,1534,14120,46942,112418,257711,595136,1324017,2707982,5324243,10507101,22330018,57111194,153380557,354220829,631969001,735653319,609448483,407073241,256215215,149172189,83972952,45877290,24328004,12676215,6664813,3605794,1991752,1116482,637698,362820,205715,119725,71231,43337,26998,17262,11359,7716,5422,3927"
upper_middle_income,2045,"0,0,0,0,0,0,0,0,0,0,1122,12336,43345,105045,241664,574260,1379260,3015396,6568434,14594250,32555569,75012887,175893993,370510293,648222393,763994702,643240346,433349271,272683331,159172460,89405579,48907079,25970545,13541310,7101223,3824988,2105524,1176259,671335,382203,216780,126439,75307,45871,28574,18267,12016,8151,5714,4136"
upper_middle_income,2046,"0,0,0,0,0,0,0,0,0,0,915,10681,39544,97290,223852,531440,1291422,2848095,6201975,13773242,30615349,69840638,163824959,347943111,628278678,768439067,665625414,455398244,287188112,168463004,94603188,51737440,27462076,14324516,7476796,4013852,2205420,1230171,701653,400423,226719,132069,78565,47795,29768,18997,12498,8475,5934,4290"
upper_middle_income,2047,"0,0,0,0,0,0,0,0,0,0,727,9310,37870,108145,269803,649468,1546332,3333482,6956911,14966147,32311445,70747151,160500401,336071042,615832391,775532287,689553228,478481212,302520190,178709533,100325486,54939822,29194553,15242127,7944759,4263553,2343813,1307752,745483,426350,241103,140309,83369,50640,31479,20057,13151,8892,6199,4476"
upper_middle_income,2048,"0,0,0,0,0,0,0,0,0,0,495,7991,34330,99489,249342,599967,1436461,3126801,6524731,14026091,30351531,66188402,149765720,316082550,592527581,775613676,711052129,502431373,317428917,188421279,105658997,57959705,30841449,16123381,8403583,4501438,2473687,1378194,784849,449517,253880,147491,87500,53087,32952,20959,13723,9257,6447,4644"
upper_middle_income,2049,"0,0,0,0,0,0,0,0,0,0,436,7221,32909,97092,244522,589195,1406604,3065512,6374445,13673831,29669724,65208319,148948793,316507634,594625231,781698909,719929871,511599240,325024589,194070042,109287304,60083065,31976596,16719221,8698431,4636505,2536291,1408321,800370,458584,259285,150755,89495,54314,33746,21468,14045,9480,6600,4754"
upper_middle_income,2050,"0,0,0,0,0,0,0,0,0,0,312,5859,29127,89208,239866,610281,1481995,3243451,6647849,14109589,31092966,71517197,167971515,363167221,654497755,850975818,785321889,561254041,354572005,212065319,118856548,65267175,34803482,18149777,9399956,4993516,2730480,1517319,861658,493611,278707,161745,95879,58088,35993,22825,14887,10014,6943,4983"
upper_middle_income,2051,"0,0,0,0,0,0,0,0,0,0,195,4409,24822,78984,216777,560716,1374361,3042165,6238905,13179544,28965156,66308067,155775006,341200132,625773270,838917029,790531531,566155553,349346633,204803370,112261271,61093783,32669907,17281713,9108705,4897203,2694908,1500629,850855,486822,274165,158528,93852,56861,35302,22456,14713,9936,6945,5003"
upper_middle_income,2052,"0,0,0,0,0,0,0,0,0,0,174,3525,18874,60644,174136,474087,1206831,2756072,5724579,12166306,26833793,61210699,143741232,319054876,595662650,827765969,804037892,586038191,360748372,210467072,113497130,60464930,31576046,16261750,8261554,4234217,2251113,1224132,687960,396101,231022,139933,86175,53873,34286,22245,14778,10097,7093,5154"
upper_middle_income,2053,"0,0,0,0,0,0,0,0,0,0,84,2588,16060,53222,158342,443092,1159109,2713795,5747017,12317105,27259673,61183927,140076035,307753101,576888141,823762873,820800928,609555709,377156540,220659663,118633841,62784819,32664858,16724389,8457064,4336081,2312124,1260733,707387,406472,236380,142764,87911,54982,35025,22740,15136,10359,7288,5300"
upper_middle_income,2054,"0,0,0,0,0,0,0,0,0,60,2086,8923,31048,81851,206421,518057,1271009,2876150,5950053,12533042,27383846,61067776,139335542,306466778,579820246,832626113,833499890,620989941,385645217,226444631,122298273,64760837,33689392,17268618,8719906,4456619,2376386,1296309,727824,418586,243600,147152,90607,56676,36106,23454,15610,10678,7513,5459"
upper_middle_income,2055,"0,0,0,0,0,0,0,0,0,5,1739,7927,28268,75425,191413,483038,1186535,2710058,5628198,11810461,25733503,57309809,130525180,288584157,553229753,821141947,847427629,645215111,403445318,237678112,128541243,67900517,35316764,18093287,9145184,4655612,2481921,1355267,757621,435832,253772,153219,94564,59289,37861,24682,16461,11293,7958,5788"
upper_middle_income,2056,"0,0,0,0,0,0,0,0,0,4,1391,5943,22290,62944,167405,438139,1090989,2515157,5230230,10920207,23776131,53073599,120780149,268217482,520984182,796437675,842611862,646530647,397440537,226345974,117783697,59548293,29773685,14825623,7191105,3529613,1855837,1020276,581839,342167,202660,124255,78278,50172,32796,21906,14960,10507,7572,5607"
upper_middle_income,2057,"0,0,0,0,0,0,0,0,0,4,1386,5756,20924,59771,158767,416782,1043705,2433798,5134853,10883811,24028401,53713667,119460421,260002794,503243655,786667112,857844404,675091499,421257169,241211530,126326187,63825557,31934586,15927807,7744492,3783686,1980151,1086324,617672,363123,215028,131300,82628,52890,34533,23022,15713,11006,7918,5842"
upper_middle_income,2058,"0,0,0,0,0,0,0,0,0,4,1116,4920,18250,53396,146957,398253,1008189,2364610,5049249,10784134,24170077,54910848,121174414,259632574,493940503,778822511,869398713,699999804,442011817,253119234,133045041,66979752,33405613,16638427,8098545,3936432,2048806,1123411,637199,373765,221010,134598,84403,53817,35000,23245,15799,11023,7913,5823"
upper_middle_income,2059,"0,0,0,0,0,0,0,0,0,3,882,4331,16370,48652,135173,375601,963355,2279782,4955899,10681234,23999843,54454662,119493999,255432292,489697644,777642321,872022992,702544286,444188895,254830427,134111409,67444813,33570606,16588380,8012241,3868329,2019546,1116565,633425,371154,219587,133478,83969,53780,35144,23476,16044,11266,8129,6015"
upper_middle_income,2060,"0,0,0,0,0,0,0,0,0,3,678,3848,19304,85155,264262,707878,1681765,3650345,7466412,14904881,30701863,64983975,133765709,268078875,493320130,780365030,895753219,741201518,476904431,274844018,145836353,73506389,36668429,18173268,8816483,4255208,2216684,1228987,697300,407544,240774,145426,91037,57940,37612,24932,16911,11785,8439,6197"
upper_middle_income,2061,"0,0,0,0,0,0,0,0,0,2,505,3390,16361,77307,246580,669991,1611785,3519953,7231863,14436719,29532506,62448956,128062695,255602075,472626835,761857496,901944074,768563270,506488751,297393224,163277615,85183971,43884199,22224743,10923543,5292979,2585333,1347319,756184,437760,256860,154244,95996,60834,39346,26027,17598,12247,8745,6423"
upper_middle_income,2062,"0,0,0,0,0,0,0,0,0,2,504,3374,14041,68671,229287,645424,1607120,3603448,7516593,15181829,30503667,62839751,126140123,247693920,456578085,743501371,903747563,788813177,526827191,307598926,168940128,87616236,44975245,22802274,11216858,5440270,2649380,1370814,769979,444597,260865,156223,97599,62200,40529,27022,18446,12939,9330,6899"
upper_middle_income,2063,"0,0,0,0,0,0,0,0,0,1,363,2955,12711,64861,216749,612890,1532710,3444492,7188457,14438594,28901180,59515403,120298790,239520668,447891605,740505617,908420169,798184816,536018124,314285804,173429211,90219013,46442488,23642047,11672428,5693147,2787928,1432459,801255,461903,270532,162617,101349,64447,41874,27853,18963,13269,9556,7047"
upper_middle_income,2064,"0,0,0,0,0,0,0,0,0,6,259,2594,10112,55246,206665,624535,1625102,3745622,8220450,17631902,36816568,77407063,149570499,272699887,470441812,750108072,928665108,832040165,568723599,334059790,185162936,96025275,49317231,25047161,12371939,6022106,2938711,1513616,846933,488510,286467,172008,107282,68284,44420,29574,20168,14120,10173,7510"
upper_middle_income,2065,"0,0,0,0,0,0,0,0,0,7,160,2256,8443,49120,188962,584956,1551405,3611050,7934345,17027857,35550194,75270715,146317198,266349682,458655651,729779174,923802186,849031665,591971334,349685996,194995469,101288234,52063815,26510639,13122386,6389020,3108724,1582070,877843,504087,294782,176411,109554,69415,44927,29765,20180,14052,10070,7402"
upper_middle_income,2066,"0,0,0,0,0,0,0,0,0,6,78,1945,6579,39933,161283,519660,1419405,3357650,7428930,16057294,33598591,71889343,141237155,257180352,441899333,705345985,914327627,861966676,611712813,361880544,202329399,104838836,53657823,27282778,13571892,6628512,3239114,1640646,910376,524319,307197,183464,113881,72072,46552,30746,20805,14435,10314,7549"
upper_middle_income,2067,"0,0,0,0,0,0,0,0,0,5,77,1934,6423,35259,143817,472041,1309454,3127793,6936092,15038255,31558877,67994776,135598895,249669222,432714790,698473463,914403471,869687399,621901823,370850596,208890301,109002522,56033424,28617509,14290933,7004092,3434302,1728699,950293,547726,322122,192849,120175,76512,49762,33137,22596,15816,11380,8397"
upper_middle_income,2068,"0,0,0,0,0,0,0,0,0,4,19,1644,5788,31111,132495,441875,1243261,3002974,6685593,14572688,30712548,66534647,133490534,243413133,416505002,669983579,895373528,869713828,627533637,372007197,206814092,107522940,54978259,28203413,14219274,7014484,3451283,1740761,959360,553186,326654,196625,123264,79016,51782,34764,23900,16848,12205,9056"
upper_middle_income,2069,"0,0,0,0,0,0,0,0,0,3,17,1342,5241,27045,121353,445173,1369090,3469906,7940981,18108546,40049264,87689852,173520857,298960577,478416715,728129814,953190656,931873107,680230996,403110020,224225638,116172031,58943415,30069298,15196033,7499692,3704367,1862586,1018942,586855,346217,208004,130149,83427,54698,36729,25271,17822,12908,9575"
upper_middle_income,2070,"0,0,0,0,0,0,0,0,0,2,17,1082,4660,23077,103503,386665,1204877,3065304,7060386,16399926,36971012,81895953,163782211,281560557,446621031,677957043,906056387,908623011,674227323,400088611,220637595,113155933,56415796,28147246,13848145,6527070,3034944,1436269,761310,439057,263679,162600,103007,67031,44845,30847,21778,15758,11716,8903"
upper_middle_income,2071,"0,0,0,0,0,0,0,0,0,2,17,1075,4623,20674,95403,365365,1156685,2974993,6843891,15817999,35763303,79319908,161281069,280306722,447910712,681826579,911838127,915108655,680347529,405203682,223993365,115232330,57461534,28684260,14139677,6679133,3094353,1459089,772477,447946,271263,168715,107805,70787,47743,33111,23556,17156,12822,9778"
upper_middle_income,2072,"0,0,0,0,0,0,0,0,0,1,16,854,4588,20113,95146,358934,1121736,2879191,6569352,15041233,34004159,75300227,155581129,272224436,433884002,659088777,896358963,924447780,704194734,423128198,231234374,118216117,58810950,29270473,14545611,6983769,3273839,1547177,809703,469305,284523,177087,113143,74224,50000,34616,24579,17854,13316,10138"
upper_middle_income,2073,"0,0,0,0,0,0,0,0,0,0,15,662,4010,17373,85192,326637,1028620,2672116,6113404,13976204,31809598,70385552,147695574,262079509,421122334,641575144,884120323,929559324,721813205,439005982,239947784,122896104,61102905,30374232,15180939,7305815,3433384,1618649,833592,480945,290544,180237,114803,75090,50470,34840,24686,17904,13324,10140"
upper_middle_income,2074,"0,0,0,0,0,0,0,0,0,0,13,498,3492,14824,77201,301209,958201,2511417,5731299,13020006,29726194,65703318,139652839,251548883,409562234,630730016,881417613,935391692,730530391,445290940,243598636,125198328,62460969,31161929,15687519,7571111,3572163,1684689,861991,496388,300657,187079,119543,78422,52862,36581,26006,18907,14093,10743"
upper_middle_income,2075,"0,0,0,0,0,0,0,0,0,0,12,493,3390,13125,69232,274326,884863,2360964,5410291,12253569,28030841,61934273,132803237,241652206,394185982,607876087,863511228,943115738,758143002,471344433,258184297,133433616,66428198,32976086,16533421,8002932,3761881,1762658,894622,511529,307966,190497,120911,78773,52699,36216,25562,18484,13711,10407"
upper_middle_income,2076,"0,0,0,0,0,0,0,0,0,0,10,360,3131,13413,72888,336765,1154771,3137174,7072822,14803861,31159089,64530476,134246094,241775674,390507712,595227942,847860153,944238941,776767163,491464469,269676070,140016753,69645156,34470716,17306518,8402686,3951776,1853301,920873,522451,314574,194579,123588,80605,53991,37169,26272,19033,14116,10733"
upper_middle_income,2077,"0,0,0,0,0,0,0,0,0,0,11,254,2731,13018,71381,322237,1120860,3073597,6962550,14586804,30719408,63501473,132116467,238715704,387551195,592218291,843231857,940821337,772750582,485827658,265250294,138235350,69054655,34381263,17370459,8499367,4061510,1917716,940327,526058,315150,194442,123326,80429,53902,37152,26309,19104,14198,10830"
upper_middle_income,2078,"0,0,0,0,0,0,0,0,0,0,9,250,2668,12801,70539,313068,1083711,2981161,6764381,14062387,29325134,60144795,125295684,229319684,375143132,575670910,828906571,947670568,798999300,512388092,280569480,146908896,73190092,36225613,18203685,8916197,4243347,1992025,973884,543681,324645,199568,126104,81920,54695,37544,26499,19189,14228,10826"
upper_middle_income,2079,"0,0,0,0,0,0,0,0,0,0,7,156,2260,11319,63439,283538,992402,2771022,6357591,13240223,27616930,56648948,118780844,220991856,363242710,556843370,806539750,946711976,822276235,539912714,297745374,157074638,78369386,38767306,19471105,9579039,4574781,2155326,1045007,578309,345432,212933,135018,88049,59060,40719,28862,20984,15596,11887"
upper_middle_income,2080,"0,0,0,0,0,0,0,0,0,0,5,81,1900,9818,55070,248783,894654,2552818,5947620,12454046,25960125,53418346,112413381,211631505,348451450,528724042,760473482,886687390,767007195,498636301,272900836,142891568,70850057,34922463,17642748,8664614,4156994,1994441,972307,541103,320052,194683,121879,78547,52124,35607,25054,18104,13403,10199"
upper_middle_income,2081,"0,0,0,0,0,0,0,0,0,0,5,30,1572,8806,52646,235665,850641,2439227,5718286,12014979,25020631,51735772,108699308,206853352,342698314,519647132,742008304,878099404,777229964,514816494,282615885,148582635,73510350,36039168,18117232,8919322,4270635,2034272,990265,551329,325643,197559,123192,79004,52119,35390,24752,17799,13115,9927"
upper_middle_income,2082,"0,0,0,0,0,0,0,0,0,0,4,28,1537,8235,55424,254270,901293,2552887,6006551,12755038,27115375,57727157,120447680,224372705,357171209,523191162,733709163,879918692,797229383,539349969,298799353,157967946,78337983,38443020,19301399,9548834,4572892,2177354,1048420,575547,339939,206424,128953,82901,54867,37366,26216,18910,13974,10605"
upper_middle_income,2083,"0,0,0,0,0,0,0,0,0,0,3,25,1241,6976,47758,227935,824332,2374387,5652838,12079875,25658903,54995429,115365749,218813897,352333889,518914233,731673809,884132345,806178210,548986530,305315379,162213216,80898704,39875191,20030997,9959806,4781665,2291053,1101302,596959,351546,212851,132572,84991,56109,38110,26671,19214,14177,10745"
upper_middle_income,2084,"0,0,0,0,0,0,0,0,0,0,2,22,997,6668,49658,236397,830886,2375903,5746920,12549873,27109321,58935863,122082103,230878437,363561086,523542085,719419007,871811066,810192627,562295722,314452824,166860800,82861465,40579832,20275586,10088437,4832899,2287417,1088125,588459,345951,208989,129776,82920,54522,36904,25722,18468,13608,10296"
upper_middle_income,2085,"0,0,0,0,0,0,0,0,0,0,1,24,990,6062,46780,236409,836107,2365046,5686865,12325842,26294699,56673785,116403100,221904766,353330968,510859335,702258514,867805673,829215576,591815111,336242685,179235678,89481826,43894947,21834187,10882045,5211518,2459980,1160688,618597,362086,217780,134663,85669,56113,37839,26282,18824,13833,10443"
upper_middle_income,2086,"0,0,0,0,0,0,0,0,0,0,1,24,793,5086,41221,217746,774720,2191961,5295499,11567215,24756891,53533631,110178530,212393657,344000818,506902174,705003896,875621452,838748060,600340827,342171335,182746993,91706033,45193098,22548092,11285861,5395992,2554139,1201173,630891,367552,220385,135977,86406,56556,38149,26511,19007,13994,10574"
upper_middle_income,2087,"0,0,0,0,0,0,0,0,0,0,0,22,624,5698,47416,249205,876153,2602505,6468236,14010016,28842213,59344655,116157213,215680313,342464630,497199498,685621822,861943159,845662880,619929895,357685001,190779085,95634788,46904812,23157337,11558527,5541319,2606439,1219190,642395,374897,224627,138159,87308,56747,37941,26120,18557,13536,10157"
upper_middle_income,2088,"0,0,0,0,0,0,0,0,0,0,0,16,596,4980,40340,223846,799271,2398536,6033468,13125371,26824383,54763701,106213493,195043285,307028039,440710553,603684842,767290267,761702830,566910683,328750260,175538232,88743887,44014417,21991098,11132011,5355239,2500346,1138434,579850,336547,201911,124872,79660,52430,35585,24893,17971,13318,10129"
upper_middle_income,2089,"0,0,0,0,0,0,0,0,0,0,0,13,446,4060,33220,197270,722048,2182173,5565898,12260973,25204525,51690618,100758811,185783164,296485112,427827208,586904618,757310182,771850660,590672965,349474889,186969374,94985834,47028197,23294826,11712898,5629626,2605966,1177825,598287,345544,206053,126511,80057,52224,35125,24350,17426,12825,9693"
upper_middle_income,2090,"0,0,0,0,0,0,0,0,0,0,0,21,466,4416,32964,190111,686238,2050694,5227682,11519820,23628017,48282172,94382125,173885121,274674901,366585582,433703095,446538087,383204944,278784008,175536130,102533132,58513255,31906398,16930882,8997672,4559236,2232083,1016981,479981,258779,142980,80107,45445,26022,15031,8726,5092,2978,1726"
upper_middle_income,2091,"0,0,0,0,0,0,0,0,0,0,0,17,345,3909,28894,173021,632874,1885736,4842241,10733391,22053271,45182965,89205574,165606932,264974741,355973468,422942191,438980523,380006468,278937682,175984795,102811732,58732066,32190884,17187407,9217411,4686424,2300698,1043393,478334,253587,138830,77112,43398,24693,14155,8171,4743,2761,1584"
upper_middle_income,2092,"0,0,0,0,0,0,0,0,0,0,0,158,2725,26060,132431,508037,1800034,6235041,16768211,33732039,59655655,99122257,154107443,226248360,315782012,388608032,432266044,427921680,356552385,254601204,157704858,92035716,52743451,29098491,15479403,8311618,4248589,2133635,984199,445742,233133,126277,69541,38882,22020,12597,7251,4209,2452,1408"
upper_middle_income,2093,"0,0,0,0,0,0,0,0,0,0,0,299,5438,35087,158964,561294,1810086,5989722,16156957,32639463,57294048,95270069,149064160,219213394,308355505,383780140,430474780,432975232,367110530,266201386,166795502,97486851,56012147,31008647,16490150,8867931,4543647,2283602,1058280,473970,244811,132154,72566,40466,22872,13064,7514,4352,2537,1456"
upper_middle_income,2094,"0,0,0,0,0,0,0,0,0,0,4,234,6025,35752,158609,551634,1710633,5556637,15192728,31213538,54995628,91798218,144740156,213498726,303430724,381851150,433768961,440032353,375740466,273898881,172606788,100980139,57981454,32111368,17017178,9117020,4669304,2342076,1086175,488587,252362,136142,74708,41635,23531,13434,7728,4469,2617,1504"
upper_middle_income,2095,"0,0,0,0,0,0,0,0,0,0,4,102,5063,32009,155206,561876,1754537,5716674,15810517,33195027,59284695,98713032,154115562,224128468,314850479,392939291,442533661,449524291,386898455,284701458,180735665,106038948,61135151,33966250,18083871,9733019,5008857,2526012,1188507,533979,273693,147898,81268,45334,25632,14641,8431,4881,2847,1639"
upper_middle_income,2096,"0,0,0,0,0,0,0,0,0,0,0,0,4142,27449,138513,511048,1586290,5150525,14542816,31288320,56346699,94274600,147860930,213842657,297374113,362831044,385967919,353696097,279922081,198790871,128197722,76737568,46428743,26880467,14849812,8157718,4227624,2165038,1013702,438508,217557,114921,61942,34039,19049,10808,6206,3589,2095,1205"
upper_middle_income,2097,"0,0,0,0,0,0,0,0,0,0,0,0,4129,27278,137272,507027,1577278,5120225,14434169,31006919,55639044,92600608,144484061,208199918,290970172,359391066,386766035,359108518,287793254,205675069,133479978,79910776,48215731,28063589,15542025,8571276,4458081,2286522,1085003,468495,228789,120581,64850,35565,19874,11259,6458,3726,2177,1259"
upper_middle_income,2098,"0,0,0,0,0,0,0,0,0,0,0,0,3551,24833,123713,460274,1418696,4587595,13226405,29216733,53097269,88930845,139720962,202365827,284326433,356296861,387972437,364292059,295658707,213042986,139252915,83700276,50266715,29290587,16132075,8839074,4598033,2353354,1116025,483364,236039,124154,66644,36487,20344,11522,6597,3801,2217,1282"
upper_middle_income,2099,"0,0,0,0,0,0,0,0,0,0,0,0,3035,22883,112170,415788,1278181,4143371,12276220,28075170,52183690,88898582,142663828,209032427,293059629,366798218,398778768,376832289,307416080,222147219,145569776,87480197,52446860,30687119,16975979,9351983,4906865,2522368,1215067,530177,255940,134781,72440,39702,22166,12557,7200,4162,2428,1409"
upper_middle_income,2100,"0,0,0,0,0,0,0,0,0,0,0,0,2330,20060,99022,373156,1151271,3710694,11239531,26519973,50026416,85601624,137857059,202450474,283015391,356919263,390197679,371495607,305941300,222747149,147115283,88907508,53073624,31090877,17195097,9439472,4940226,2531437,1215377,527189,252823,132360,70765,38625,21480,12144,6957,4009,2335,1356"
