main_religion_2008,time,income_mountain_50bracket_shape_for_log
christian,1800,"4,104,514,1845,5792,16058,43523,128798,378757,982785,2082976,3880172,6736138,10601004,14801095,19266731,24259339,29317160,31738335,30956557,27162172,21426841,15111160,9882641,6020129,3483997,1980256,1101935,578952,291216,149430,79641,43462,23963,13318,7512,4197,2303,1253,651,377,216,118,80,59,41,21,1,0,0"
christian,1801,"3,104,512,1840,5796,16074,43576,128858,378856,983190,2084311,3880923,6738060,10616960,14864484,19461871,24757235,29953227,32365664,31288553,27099005,21130503,14805402,9658530,5863950,3395912,1932067,1074705,563853,284863,147122,78724,43047,23771,13237,7472,4162,2284,1242,648,381,218,120,80,59,41,21,1,0,0"
christian,1802,"3,104,511,1845,5799,16090,43639,129029,379264,985279,2093455,3903057,6770121,10660974,14929951,19530167,24793287,29941947,32353787,31342107,27212614,21279050,14952908,9795458,5975717,3470036,1976512,1104275,583404,296404,153150,81807,44630,24543,13637,7691,4277,2349,1277,668,389,224,124,80,59,41,21,1,0,0"
christian,1803,"3,104,512,1835,5787,16069,43592,128950,379183,985312,2095209,3917447,6810739,10727463,14992622,19512176,24474672,29489154,31885332,31202988,27618644,21958622,15542071,10141094,6171334,3564344,2029071,1130846,590468,295481,152110,81248,44468,24585,13686,7723,4319,2386,1300,678,390,225,121,80,59,41,21,1,0,0"
christian,1804,"3,103,512,1818,5745,15978,43395,128399,378486,987182,2105810,3939959,6843103,10760372,14996053,19409325,24097087,28804063,31181947,30681070,27877151,22793001,16471720,10756273,6572903,3778471,2144323,1193433,621869,310757,160027,85195,46557,25827,14385,8066,4529,2522,1385,727,407,228,123,80,59,41,21,1,0,0"
christian,1805,"3,103,510,1819,5689,15658,41770,122116,361266,960850,2081252,3901863,6781175,10696309,15020331,19489455,24355952,29302775,31764160,31210354,28062140,22639090,16217008,10597491,6488126,3745449,2133365,1187906,624065,315334,162842,86844,47512,26234,14537,8149,4564,2535,1388,727,409,232,126,80,59,41,21,1,0,0"
christian,1806,"3,103,510,1809,5672,15627,41713,122070,361786,965526,2097385,3930253,6806765,10712844,15048847,19500214,24373847,29402801,31950582,31500113,28273584,22760612,16269044,10647625,6517882,3770891,2150829,1199446,629133,316552,163631,87375,47793,26432,14690,8249,4611,2560,1397,730,413,235,129,82,59,41,21,1,0,0"
christian,1807,"3,102,508,1810,5680,15657,41808,122259,362570,970226,2113209,3962184,6853443,10786505,15154492,19631471,24541423,29600029,32125935,31676681,28362517,22773369,16261175,10666615,6533198,3777856,2149148,1197053,634044,323062,167194,89179,48742,26881,14865,8324,4634,2569,1400,728,415,234,131,83,59,41,21,1,0,0"
christian,1808,"3,102,508,1811,5687,15687,41917,122660,364331,978197,2137460,4010555,6926135,10873734,15213413,19584919,24243304,29039126,31632666,31437195,28788783,23625806,17033476,11041538,6715254,3839979,2157630,1195460,623058,310813,159797,85054,46522,25899,14422,8052,4491,2506,1367,719,397,224,118,80,59,41,21,1,0,0"
christian,1809,"3,102,508,1809,5683,15664,41876,122757,365451,984708,2158480,4061698,7031685,11065407,15456924,19891742,24538296,29198534,31650924,31405883,28760810,23599826,17009813,11047697,6714421,3834875,2159608,1201800,631268,317907,164372,87935,48264,26871,14947,8337,4648,2593,1429,751,418,238,126,81,59,41,21,1,0,0"
christian,1810,"3,102,506,1782,5607,15488,41472,121835,364501,988423,2176548,4106998,7117139,11224260,15695947,20176774,24814245,29472196,31819237,31578719,28788256,23529817,16954151,11090993,6774145,3885969,2190192,1221593,649366,330876,171018,91323,49980,27633,15241,8481,4712,2608,1431,750,425,240,130,84,59,41,21,1,0,0"
christian,1811,"3,102,504,1779,5607,15495,41522,122136,366550,997062,2200105,4162847,7233190,11431097,15989408,20557897,25317037,30083233,32380003,31987069,28769922,23210758,16564346,10852812,6616458,3815042,2157536,1205670,641670,326382,168887,90568,49593,27338,15064,8392,4652,2575,1411,738,426,245,132,86,59,41,21,1,0,0"
christian,1812,"3,102,504,1778,5601,15490,41521,122159,366898,1002136,2217744,4188470,7251990,11474979,16072942,20737710,25818691,30829435,33238418,32651111,28943096,23012523,16261631,10625754,6435176,3713160,2098539,1170717,613867,308420,159886,86076,47248,26217,14608,8187,4531,2491,1364,713,419,239,132,85,59,41,21,1,0,0"
christian,1813,"3,102,503,1763,5562,15410,41317,121180,362117,986611,2182814,4125850,7160628,11341655,15933040,20547229,25450191,30431345,32936071,32604080,29509576,23952796,17184876,11276010,6900841,3993242,2266267,1263970,664327,334032,172324,92033,50386,27806,15306,8514,4744,2612,1441,753,428,246,129,87,59,41,21,1,0,0"
christian,1814,"3,102,502,1760,5504,15098,39846,115411,345675,956704,2141677,4056106,7062797,11191970,15779510,20386202,25201147,30090275,32776266,32676900,30074385,24889076,18120686,11896678,7290023,4200461,2378312,1327933,697468,349982,180931,96717,52926,29329,16241,9017,5010,2774,1538,805,453,258,137,89,59,41,21,1,0,0"
christian,1815,"3,102,502,1760,5498,15084,39826,115347,345354,955845,2138150,4045736,7043734,11160268,15757583,20425892,25435966,30607966,33437719,33449603,30428616,24874111,18011719,11912480,7336145,4252655,2408553,1347238,721540,370116,191068,101591,55168,30153,16482,9128,5047,2773,1514,781,448,255,136,88,60,41,21,1,0,0"
christian,1816,"3,101,502,1736,5415,14904,39411,114482,345025,960088,2152398,4070669,7088559,11240996,15910605,20786485,26312711,31894781,34863814,34383398,30454658,24290888,17321477,11438926,6997759,4076244,2313835,1290626,674386,336814,173176,92401,50294,27639,15297,8544,4719,2579,1404,725,426,244,132,86,60,41,21,1,0,0"
christian,1817,"3,100,503,1735,5407,14894,39402,114440,344697,959657,2153381,4076963,7117709,11332301,16100812,21248095,27144440,32795603,35612607,34611939,30311977,24013510,17156921,11362404,6978872,4080926,2317304,1290194,671488,334801,171971,91561,49697,27299,15121,8438,4655,2529,1370,721,422,239,133,86,61,41,21,1,0,0"
christian,1818,"3,100,502,1732,5402,14877,39380,114366,344358,958265,2146854,4057857,7075270,11236341,15900584,20788385,26324468,32046215,35213452,35072023,31480890,25388867,18242442,12083245,7404216,4301640,2436193,1357546,707509,352193,180555,96080,52151,28648,15851,8846,4878,2658,1446,756,434,250,136,88,61,41,21,1,0,0"
christian,1819,"2,96,494,1707,5345,14748,39178,114253,344861,960549,2146495,4053288,7072899,11217711,15812344,20670392,26173015,31936981,35248199,35364707,32076827,26126473,18906856,12542978,7700873,4470307,2529323,1407008,730939,362433,184924,97991,53009,29169,16232,9062,4993,2722,1488,774,440,258,140,88,62,41,21,1,0,0"
christian,1820,"2,96,496,1708,5333,14742,39226,114487,345931,964158,2151011,4049479,7053461,11178953,15712682,20462693,25741702,31378046,34858595,35427566,32759477,27170258,19925198,13282985,8209092,4756643,2686203,1496663,786997,392119,198165,104053,55905,30510,16819,9359,5163,2822,1548,816,462,266,146,89,62,41,21,1,0,0"
christian,1821,"2,95,478,1666,5221,14509,38681,113486,344445,962741,2151732,4053390,7068363,11210427,15758188,20476750,25586794,31003720,34511282,35282499,33233902,28067997,20871695,13934579,8627789,4985493,2805643,1563563,824771,411540,207935,109240,58785,32168,17730,9835,5437,2982,1645,870,484,277,151,91,64,41,21,2,0,0"
christian,1822,"2,95,487,1676,5255,14609,39033,114514,347354,970126,2164861,4074461,7106227,11284930,15895825,20733078,26060952,31753232,35285765,35864120,33385574,27976757,20697348,13851765,8587138,4995667,2826389,1579433,833627,416039,211179,111163,59783,32680,18016,9988,5491,3002,1647,872,491,281,155,92,66,41,21,2,0,0"
christian,1823,"2,96,495,1682,5228,14432,38030,109753,332930,947168,2147772,4062302,7105815,11303329,15937347,20784830,26085595,31729586,35289594,35907518,33665980,28524046,21362279,14378457,8946271,5210327,2948612,1647833,876498,441202,224502,118151,63510,34660,19060,10567,5807,3156,1722,910,499,291,158,94,67,41,21,2,0,0"
christian,1824,"2,91,478,1891,7049,20137,52991,147701,420146,1100835,2346849,4265695,7268688,11401208,15992829,20795995,26020720,31539906,35006113,35718888,33710580,28844776,21948734,14980892,9401765,5500173,3114522,1745071,945876,486934,248669,130663,70216,38259,20934,11520,6247,3345,1808,956,513,297,158,97,66,42,21,2,0,0"
christian,1825,"3,94,463,1863,7011,20045,52552,146291,416205,1090655,2341798,4283905,7344187,11611023,16348643,21263189,26703925,32257030,35499487,35953343,33599498,28597233,21845888,15029147,9493608,5580182,3167568,1775830,960956,494117,251738,132455,71323,38694,20986,11440,6136,3262,1763,938,518,298,160,98,73,43,22,2,0,0"
christian,1826,"3,94,465,1878,7065,20221,53028,147420,418474,1094042,2344125,4276544,7305109,11526714,16243027,21136805,26668548,32500465,36030949,36602775,34162178,29074522,22246975,15323412,9696030,5720633,3257366,1819341,966213,482124,243269,127755,68427,37090,20178,10954,5825,3061,1665,912,519,310,168,100,75,44,23,2,0,0"
christian,1827,"3,96,470,1899,7113,20401,53540,148894,422484,1103965,2361122,4297144,7339381,11608236,16375673,21348607,27042238,33028757,36598120,37095729,34411150,29189402,22310406,15403675,9788494,5783881,3297185,1846270,994239,508081,259043,136050,72614,38963,20895,11290,6016,3197,1740,953,536,317,176,100,76,45,23,2,0,0"
christian,1828,"3,97,476,1914,7188,20605,54061,150141,424701,1109869,2375569,4323153,7382314,11692507,16527433,21590732,27400679,33533962,37191480,37617202,34697831,29313979,22366154,15469445,9855408,5851909,3358689,1890752,1016767,516569,263107,138138,73752,39609,21245,11487,6137,3250,1769,966,549,323,178,102,77,45,23,2,0,0"
christian,1829,"3,99,479,1940,7291,20891,54811,152165,430270,1123674,2404214,4371457,7447287,11766337,16628941,21697711,27459749,33564170,37298062,37925846,35214935,29870918,22879085,15828839,10070113,5977993,3425788,1933425,1043833,530751,269407,140955,75136,40496,21912,11923,6414,3409,1841,1003,571,338,193,107,78,46,23,2,0,0"
christian,1830,"3,101,465,1920,7268,20902,54927,153030,433953,1134281,2428304,4413211,7509985,11862602,16781993,21924936,27808906,34016684,37789430,38366075,35461781,30014947,22979420,15961351,10220611,6096391,3507259,1976405,1070296,551369,281796,147308,78422,41999,22418,12086,6458,3418,1834,999,558,326,176,106,78,46,23,2,0,0"
christian,1831,"3,103,473,1938,7340,21118,55566,154854,438614,1145271,2449012,4447417,7577656,12026274,17069018,22246243,28083290,34204792,37939882,38449244,35579286,30273725,23315883,16258300,10473968,6297241,3665928,2076017,1125401,581346,297485,154304,80980,42438,22102,11727,6234,3308,1786,969,543,321,172,113,77,48,26,2,0,0"
christian,1832,"3,103,479,1960,7358,21012,54474,148646,416819,1095303,2391108,4410726,7578815,12102737,17253915,22476336,28156187,34082591,37731985,38263199,35800645,30800539,24037867,16946575,11014755,6651701,3894126,2213413,1209298,624130,317263,163484,85127,44325,22943,12073,6388,3365,1818,977,544,322,177,115,81,49,26,2,0,0"
christian,1833,"3,103,487,1968,7408,21162,54908,149838,420546,1106679,2418478,4464194,7671121,12242189,17451175,22725389,28405229,34268651,37904252,38466153,36068550,31104701,24379248,17249089,11245017,6816589,4008243,2289311,1255069,646786,328196,168946,87428,45098,23158,12075,6341,3304,1762,944,517,306,164,100,75,49,26,2,0,0"
christian,1834,"3,104,477,1950,7374,21112,55335,152309,428047,1126307,2464999,4554781,7813933,12435397,17679701,22953832,28569436,34311471,37898739,38560521,36420421,31605781,24893215,17649481,11500343,6960864,4060363,2304978,1265021,659606,334891,171494,88833,46019,23728,12456,6559,3417,1842,979,541,319,175,110,76,49,26,2,0,0"
christian,1835,"3,105,479,1972,7449,21364,56070,154372,433537,1139987,2496034,4617516,7927596,12626653,17962373,23330663,28909834,34436641,37827853,38374895,36272279,31642928,25200153,18128742,11991811,7359001,4351452,2494627,1380822,723137,367296,187229,96717,50063,25731,13407,7046,3665,1934,1016,556,329,185,111,76,49,26,2,0,0"
christian,1836,"4,106,485,1974,7382,21210,55642,153373,432395,1145878,2524595,4688685,8051616,12822552,18244279,23716762,29428594,34971585,38279916,38621764,36230798,31518658,25155982,18220219,12190165,7569196,4525122,2615858,1463708,773858,397939,204989,106672,55515,28661,14941,7861,4077,2104,1052,562,333,190,108,78,50,27,2,0,0"
christian,1837,"4,109,494,1766,6081,17406,45730,129774,383866,1070171,2434278,4607872,8032376,12920388,18487711,24097251,29900765,35465225,38750338,39043009,36628963,31833732,25387118,18382837,12292963,7650430,4580541,2652908,1490874,794821,409758,211574,110705,57976,30149,15854,8394,4369,2239,1106,587,348,197,116,82,51,27,2,0,0"
christian,1838,"4,107,466,1614,5079,14576,38976,113959,351445,1021960,2390857,4597732,8104767,13114431,18798200,24483001,30294655,35864944,39158493,39331326,36798835,31949252,25525564,18615380,12542792,7848611,4725625,2741525,1540560,822256,425777,220022,115245,60527,31490,16468,8672,4483,2271,1108,595,355,198,119,83,51,27,2,0,0"
christian,1839,"4,109,473,1626,5077,14525,38734,114206,353397,1022214,2390287,4606307,8116818,13164829,18923530,24612060,30401981,36112188,39732485,40154357,37504882,32394936,25744163,18722252,12601466,7877711,4746802,2760476,1550832,824579,426635,221353,115882,60740,31682,16608,8739,4500,2275,1090,585,350,193,117,80,52,29,4,0,0"
christian,1840,"5,109,479,1642,5114,14660,39399,116697,361395,1043910,2439386,4695793,8256210,13361044,19208775,24965863,30737223,36330625,39837905,40184333,37618439,32623037,26013842,19046950,12898337,8084632,4867322,2845690,1614217,872621,457120,238227,125201,65827,34355,18004,9490,4919,2516,1213,654,392,217,126,85,52,29,4,0,0"
christian,1841,"5,111,471,1624,5057,14393,37635,107546,333507,984375,2354805,4591115,8155316,13293872,19213538,25136679,31023777,36602815,40048366,40358814,38014306,33199621,26636891,19545283,13236569,8294299,4980667,2914061,1663382,909426,479519,251518,132713,69882,36611,19319,10226,5340,2730,1340,711,424,233,135,84,54,30,4,0,0"
christian,1842,"4,109,466,1616,5052,14419,37885,108228,334724,989685,2375994,4659225,8340177,13694101,19887191,26092483,32219576,37806155,40929573,40760317,37859937,32762700,26017069,18974484,12845287,8093973,4884453,2877712,1666463,932638,502817,269862,145715,78355,41888,22463,11955,6272,3180,1481,711,420,229,136,87,54,30,4,0,0"
christian,1843,"4,110,476,1631,5096,14593,38284,108739,336259,996502,2394268,4690010,8398046,13809546,20106000,26413586,32602010,38308299,41380907,40912868,37722011,32675792,26076002,19190924,13156582,8388608,5125863,3035023,1758830,989712,540639,291926,158202,85375,45720,24549,13151,6944,3510,1627,725,414,225,131,87,54,31,4,0,0"
christian,1844,"4,114,469,1619,5072,14591,38353,109184,338522,1005086,2414582,4719497,8436892,13873065,20221730,26569075,32704528,38285286,41299126,40766245,37572425,32750898,26513615,19814240,13823421,8962657,5554758,3313771,1933554,1088164,597073,323301,174774,93891,50116,26817,14382,7625,3863,1768,736,416,223,131,87,57,31,5,0,0"
christian,1845,"4,115,474,1632,5046,14490,38042,107096,330129,980103,2380770,4716950,8490948,14015092,20461132,26905872,33069940,38618326,41562761,40962450,37751460,33034579,26851059,20159682,14133075,9175856,5667178,3362225,1949729,1087034,591558,317624,170529,91209,48582,25956,13925,7358,3691,1666,694,403,216,127,89,59,31,6,0,0"
christian,1846,"4,118,472,1616,5017,14371,37776,106769,329926,980926,2387679,4754335,8583403,14167420,20675201,27279884,33567915,39190288,42097142,41366075,37962562,33151028,26931571,20246043,14228761,9257588,5738736,3412775,1980709,1102518,600793,323231,173844,93136,49600,26452,14171,7496,3759,1699,714,409,224,128,91,59,31,6,0,0"
christian,1847,"4,118,475,1624,5021,14383,37956,107486,329905,973998,2362896,4697569,8489843,14090620,20687125,27380146,33722335,39327478,42372464,41697657,38382613,33631180,27437477,20674666,14585393,9534192,5965543,3562457,2066068,1155188,634194,343312,185387,99666,53271,28544,15382,8163,4157,1925,817,431,253,154,94,59,35,7,0,0"
christian,1848,"4,120,474,1610,5005,14377,37981,107878,331681,980258,2381884,4748721,8605574,14289176,20978851,27758146,34042258,39419997,42286863,41674205,38627275,34091732,27981399,21151498,14947838,9763309,6077444,3611307,2096486,1168731,636557,342062,183636,98353,52458,28043,15089,8047,4103,1908,834,470,277,165,100,59,35,7,0,0"
christian,1849,"5,121,481,1630,5025,14449,38182,108651,333077,980139,2378964,4747406,8627452,14332912,21064534,27891493,34134080,39369256,42210735,41749522,39026266,34717606,28688425,21762953,15392106,10071708,6259693,3711806,2148241,1197750,652990,350113,187739,100483,53538,28602,15403,8213,4205,1965,851,468,282,170,101,60,38,8,0,0"
christian,1850,"5,123,480,1613,4955,14137,36921,103484,316725,942536,2322037,4654699,8481834,14177403,20944113,27883946,34287961,39668394,42698093,42419127,39727159,35322273,29165530,22100772,15615699,10214520,6363853,3786557,2198234,1225503,667347,358322,192035,102614,54645,29225,15779,8425,4315,2026,889,482,298,179,106,66,40,8,0,0"
christian,1851,"5,124,482,1624,4955,14132,36748,102640,314506,937099,2300993,4575890,8316374,13940580,20660448,27593772,34170336,39779411,43023684,42946546,40297854,35830643,29699602,22647353,16097515,10573543,6613753,3937922,2289813,1278867,696909,373550,199757,106853,57136,30678,16521,8830,4527,2135,929,511,304,179,106,67,41,8,0,0"
christian,1852,"5,122,472,1557,4837,13940,36330,101033,309622,920990,2273948,4553282,8261912,13850103,20562905,27454225,33908030,39381207,42729031,42925857,40679067,36462791,30407364,23408027,16791422,11117982,6999111,4194122,2438457,1367362,750323,405905,218172,116739,62309,33499,18135,9734,5044,2392,1053,532,323,188,110,68,41,8,0,0"
christian,1853,"5,123,475,1580,4941,14244,37138,103471,318165,942989,2316832,4609318,8345397,13966853,20721197,27611821,34094603,39562444,42872720,43060879,40711805,36404705,30519701,23753131,17220700,11563466,7242959,4355280,2521669,1421799,782868,422393,227468,122417,65184,34784,18739,10047,5206,2470,1085,586,358,212,115,69,42,8,0,0"
christian,1854,"5,123,477,1561,4892,14168,37015,103397,319708,950305,2339895,4662697,8435571,14084470,20842932,27692596,34048746,39227924,42344391,42615151,40657644,36741245,31176144,24551280,17953114,12167601,7673543,4628891,2679047,1511756,834134,450033,241556,129724,69006,36775,19788,10626,5528,2648,1169,603,367,221,115,69,42,8,0,0"
christian,1855,"5,125,480,1570,4962,14339,37450,105128,328568,979025,2398174,4732456,8495237,14123803,20892333,27717343,34070821,39409334,42769682,43369577,41481575,37417966,31525086,24634698,17897062,12061379,7594697,4579703,2663078,1503764,828710,447939,241083,129421,68889,36866,19974,10764,5606,2679,1197,632,380,232,121,62,45,9,0,0"
christian,1856,"5,129,485,1581,5015,14471,37617,105124,328266,981992,2413362,4783393,8606151,14306312,21123472,27944779,34163859,38972948,41836421,42402174,41128834,37835703,32467846,25769415,18870225,12787168,8048159,4850749,2796069,1571337,862009,461504,246036,131234,69310,36718,19738,10633,5591,2733,1283,665,401,251,128,62,45,9,0,0"
christian,1857,"5,131,484,1570,4977,14331,37159,104082,326784,983030,2414154,4767857,8542569,14135061,20797003,27450352,33620155,38445192,41604930,42712244,42055167,39038270,33587518,26660318,19479544,13141655,8264191,4965883,2856435,1595167,870960,464103,245876,130071,68262,36081,19402,10476,5531,2740,1334,683,415,258,131,62,45,9,0,0"
christian,1858,"5,133,486,1592,5147,14869,38877,108663,337520,1008829,2470839,4866378,8657862,14185563,20722647,27208745,33186436,37806930,40945685,42423128,42273255,40006243,34899710,27895904,20385676,13680918,8497379,5070076,2900859,1601830,856268,446731,232311,120722,62245,32321,17127,9121,4765,2407,1286,707,423,262,126,62,44,9,0,0"
christian,1859,"5,133,489,1579,5167,14740,37895,103284,321636,972167,2428022,4842890,8620252,14125836,20770046,27443547,33573466,38345759,41490651,42813930,42581481,40150200,35052698,28134636,20625575,13899045,8635280,5171436,2948210,1623251,867213,450988,233358,121419,62478,32136,16896,8960,4666,2346,1236,677,404,263,119,52,38,9,0,0"
christian,1860,"5,134,492,1596,5200,14829,38058,103695,322769,976633,2442283,4863639,8597403,13987155,20529768,27165555,33287053,38066861,41142584,42595330,42513788,40401528,35726355,29088305,21666230,14843392,9266698,5567581,3185081,1756409,939199,487474,251317,130078,66566,33970,17688,9246,4711,2301,1158,608,367,240,111,42,31,9,0,0"
christian,1861,"5,128,483,1556,5117,14631,39536,110502,342694,1032984,2589162,5141090,8925536,14227874,20714688,27352464,33499813,38446511,41822628,43409864,43405710,41159316,36083407,29027189,21282968,14359488,8894074,5311437,3018989,1652634,876616,452717,231705,118809,60147,30455,15736,8172,4112,1955,963,504,302,203,87,22,14,5,0,0"
christian,1862,"5,128,486,1551,4865,13974,41055,118271,364951,1097818,2764437,5483221,9385314,14740546,21140462,27602176,33486699,38102924,41191192,42836272,43037839,41238833,36553420,29654647,21979543,14929944,9246075,5505365,3127657,1715749,914092,473730,245004,127032,65047,33274,17335,9021,4535,2153,1043,525,312,205,91,22,14,5,0,0"
christian,1863,"5,129,494,1533,4727,13837,41462,120594,369901,1108030,2784385,5523110,9407481,14692666,20970101,27317227,33081871,37677876,40542137,42096077,42412935,41103822,37243199,30940444,23500602,16255796,10159584,6067792,3458821,1888360,999632,517487,265744,137350,70820,36244,18645,9525,4736,2215,1025,483,288,215,102,22,14,5,0,0"
christian,1864,"5,132,496,1549,4698,13948,44086,129907,393373,1165066,2910355,5740681,9701777,15014257,21222533,27438656,33117835,37711701,40565169,42096772,42354114,40998387,37260760,31235088,23997939,16768227,10551401,6343377,3623711,1964519,1030233,531263,271533,139442,71658,36577,18722,9560,4784,2268,1076,513,299,225,108,27,14,5,0,0"
christian,1865,"5,133,498,1553,4719,13898,44183,130633,395653,1168963,2926573,5820564,9882776,15297830,21563849,27694751,33208594,37677846,40638520,42411997,42961894,41803450,37934545,31569655,23984477,16674842,10465099,6264291,3559489,1938456,1030204,537022,275736,143350,74273,38004,19516,10038,5034,2386,1112,542,328,219,100,31,13,5,0,0"
christian,1866,"5,130,488,1503,4571,13658,43993,130361,393605,1159220,2906045,5800911,9875334,15303236,21570039,27747258,33332876,37893238,41005068,42903049,43542835,42319269,38349921,31932913,24239174,16852657,10571064,6331165,3595527,1953057,1036457,539079,275544,142810,73965,37837,19412,9959,4990,2351,1133,549,325,209,102,24,13,5,0,0"
christian,1867,"5,130,500,1629,4964,14648,46732,136251,398868,1144763,2842303,5667924,9673999,15126097,21483953,27743407,33458413,38216085,41518701,43473013,44088808,42843415,38883505,32404080,24614029,17074390,10694306,6402992,3635536,1972432,1037139,537945,275692,142095,73011,37278,19165,9840,4937,2344,1113,526,305,202,103,23,13,5,0,0"
christian,1868,"5,131,531,1806,5518,16157,50103,141329,401726,1137060,2830352,5658956,9687283,15217666,21689826,27995176,33724097,38214375,41012063,42531886,42974833,42338184,39247170,33476545,25912932,18234076,11584553,6964756,3982087,2166623,1140039,592503,303052,155440,79641,40503,20690,10563,5303,2507,1175,544,308,191,104,25,13,5,0,0"
christian,1869,"5,131,538,1832,5686,16756,51778,145395,409212,1149049,2853134,5700275,9732407,15232555,21655953,27920663,33621010,38132376,40969166,42622504,43127926,42598006,39664584,34060653,26635495,18919228,12097037,7294136,4183468,2269648,1186644,610874,311739,160023,81995,41747,21339,10907,5491,2615,1226,574,318,207,109,30,17,5,0,0"
christian,1870,"5,133,541,1831,5676,16746,51847,145753,411643,1162182,2887472,5748243,9766932,15225700,21619746,27856251,33548122,38278399,41488243,43529218,44324199,43644727,40341554,34271853,26525376,18738281,11943233,7207507,4123165,2250928,1187912,620815,318873,164058,84113,42771,21864,11191,5666,2714,1238,579,323,200,104,28,11,5,0,0"
christian,1871,"5,135,547,1843,5728,16703,50638,143158,403784,1133518,2810675,5622900,9614683,15057624,21467967,27695686,33449369,38431345,41857479,44052941,44835160,44068281,40645075,34638993,27111197,19356414,12435938,7546551,4341984,2365125,1241561,642448,327739,168062,86088,43767,22336,11450,5801,2799,1295,603,330,208,114,30,17,4,0,0"
christian,1872,"5,150,620,2016,6035,17085,50867,141558,394226,1097187,2722586,5499071,9436886,14791548,21129628,27327413,33066267,37930850,41403737,43863941,44983068,44793141,42016475,36327659,28457607,20253157,12998912,7815598,4475886,2426416,1268021,651511,332389,170403,87225,44566,22845,11653,5818,2744,1284,583,308,192,113,29,17,4,0,0"
christian,1873,"11,183,715,2220,6385,17545,51437,141714,392010,1090366,2710115,5482089,9395742,14687772,20999032,27271466,33152874,38145127,41847690,44362373,45561141,45215109,42242694,36698064,28885902,20656876,13404400,8113092,4660646,2531023,1329155,687836,352933,181568,93024,47360,24160,12269,6113,2939,1398,660,349,213,130,29,18,4,0,0"
christian,1874,"17,194,794,2395,6699,18126,52468,143419,393299,1085655,2694991,5451639,9351089,14644009,20989841,27278817,33138360,38068357,41519060,43750949,45024558,45241352,42973916,38181758,30416542,21745744,14059277,8427806,4840189,2635187,1376510,710318,365704,187301,94899,48013,24445,12422,6177,2971,1377,628,323,204,125,29,17,4,0,0"
christian,1875,"22,204,863,2605,7089,18829,53619,145306,394742,1079939,2674488,5418768,9301501,14574593,20971194,27443659,33599626,38833876,42598395,45053687,46093114,45375009,42465696,37555697,29966732,21700089,14318223,8748704,5074185,2802829,1520085,818502,437578,232447,121960,63871,33668,17702,9104,4524,2051,762,331,202,116,29,18,4,0,0"
christian,1876,"31,256,997,2854,7569,19614,54602,144982,387773,1054567,2635844,5380853,9259201,14539386,21006964,27636352,33868508,39077854,42938082,45566712,46884417,46258646,43266893,38124191,30246347,21835011,14353902,8702777,5014111,2759498,1484025,788213,416593,219178,113648,58810,30710,16062,8231,4064,1851,695,361,228,137,43,29,14,6,0"
christian,1877,"35,256,1083,3087,7980,20411,56012,148231,395320,1070081,2664626,5420414,9293676,14507013,20856842,27334633,33354611,38298105,42259012,45579098,47896682,47810446,44728578,39276756,31113042,22362162,14657394,8857662,5050131,2746419,1469906,778568,409913,215292,111657,57935,30454,16077,8316,4228,1977,766,378,236,140,42,29,14,7,0"
christian,1878,"41,289,1136,3126,7943,19987,54703,145319,389757,1057216,2639069,5383387,9260570,14459326,20746632,27159174,33209440,38195447,42324438,45917762,48589695,48727004,45551551,40021804,31704220,22806328,14981371,9061262,5190990,2834849,1516645,802745,423986,223283,115684,59587,31016,16203,8326,4208,1989,800,407,252,146,49,30,16,8,0"
christian,1879,"47,349,1145,3100,7965,19594,52227,138583,373689,1012507,2528515,5211472,9067155,14286140,20648825,27076562,33134900,38360657,42719176,46880237,50008553,50006399,46140821,39905464,31498530,22873994,15274112,9371164,5445526,3005423,1620195,865870,453959,238645,125611,64885,33507,17323,8849,4524,2266,1060,583,350,203,70,34,14,8,0"
christian,1880,"54,323,1093,3174,8318,20297,53688,141553,378621,1015442,2531209,5228311,9102167,14267464,20520536,26767417,32655124,37562740,41792326,46248869,50111674,50417547,46454942,40355247,32622489,24413533,16688786,10516498,6176849,3450339,1858725,982261,508368,261612,136609,70635,36591,19056,9830,5051,2704,1356,750,441,255,82,38,16,5,0"
christian,1881,"58,322,1104,3305,8585,20427,53471,140359,374645,1006593,2524134,5249851,9192198,14434715,20734748,27018004,32912573,37783350,41591601,45326254,48818866,49945277,47125109,41690099,34044129,25606973,17571146,11070783,6500804,3634358,1942332,1012284,516450,259707,131292,65327,32707,16625,8438,4389,2488,1427,830,478,270,95,30,7,0,0"
christian,1882,"61,320,1091,3372,8771,20778,54100,141872,377594,1010994,2532367,5261900,9184094,14357912,20587457,26757743,32600338,37577638,41597352,45402292,49055635,50356542,47880291,42613263,34956316,26331414,18203965,11517344,6850479,3876095,2078309,1088117,564824,286066,144014,71291,35534,18300,9661,5266,3021,1696,933,499,286,97,22,4,0,0"
christian,1883,"61,325,1150,3580,9232,21711,55897,145389,382994,1017997,2544413,5288831,9255147,14511992,20854047,27107035,32954101,37797869,41550268,44992622,48539093,50182663,48195848,43515734,36030314,27215361,18867590,11929992,7099434,4019740,2150752,1124702,584826,296381,148972,73646,36750,18945,9994,5442,3102,1722,940,498,280,102,22,4,0,0"
christian,1884,"60,337,1150,3580,9207,21640,55584,144027,378157,1006757,2523295,5261521,9262715,14585317,20989553,27283661,33189934,38040107,41755301,45135681,48657251,50552004,48788121,44195886,36685647,27763199,19292855,12234772,7276822,4109347,2196658,1147161,593566,300103,150497,74118,36861,18911,9965,5332,2987,1645,889,474,273,97,27,5,0,0"
christian,1885,"64,369,1300,3950,9923,22883,57445,145428,374806,987655,2498335,5266375,9331746,14722618,21184373,27503668,33363395,38090503,41746089,45250677,49067875,51276614,49685864,45216015,37565733,28271809,19455510,12242942,7201805,4036749,2148194,1120786,576813,292261,147614,72774,36060,18269,9418,4918,2741,1502,833,452,264,99,27,6,0,0"
christian,1886,"58,343,1277,4047,10224,23446,58609,142578,354676,920757,2372725,5121985,9135401,14511014,20994426,27491153,33438010,38111914,41830404,45527020,49668056,52253103,50664882,46016421,38235554,28820025,19898782,12566165,7430790,4174340,2222665,1160666,598994,302852,151764,74130,36560,18674,9894,5315,3024,1671,926,520,300,125,43,16,6,0"
christian,1887,"63,354,1337,4273,10770,24492,55826,137007,345063,881489,2213477,4760970,8680370,13997079,20533385,26942019,32697719,38017877,42323892,46391733,50677993,53126377,51417220,46702348,39068141,29608631,20658242,13183895,7879205,4474723,2391704,1256612,659351,336450,168963,82673,40546,20632,10986,5979,3409,1904,1053,587,349,152,63,33,12,0"
christian,1888,"59,358,1456,4687,11737,26156,58085,133773,310075,767972,2021775,4614015,8538976,13790144,20250880,26898205,32994698,38227537,42417614,46496333,50890362,53630182,52229371,47667396,40276168,30683085,21335357,13569197,8009001,4495474,2392228,1252102,649570,331929,167901,81971,40104,20392,10786,5781,3293,1835,1047,606,358,153,71,37,17,0"
christian,1889,"71,356,1383,4590,11791,26651,62760,146764,346139,864498,2245870,4985901,9041267,14426191,20922683,27510392,33518370,38329601,42185658,45970621,50120257,52806577,51622066,47456840,40695187,31412247,22297916,14463595,8718181,4992131,2676027,1409385,745539,384115,194364,94997,45988,23262,12474,6836,3898,2155,1193,664,378,170,80,43,25,0"
christian,1890,"68,338,1311,4549,11661,26255,62330,147822,356863,897066,2288702,4995290,9040441,14454531,20994380,27560755,33520608,38407848,42366926,46219221,50486999,53335564,52375551,48239448,41407402,31998014,22717504,14723428,8865080,5061842,2706570,1423116,752812,388483,196746,96088,46541,23544,12684,6977,3977,2218,1242,688,402,183,84,44,32,0"
christian,1891,"75,311,1217,4453,11389,26041,65846,156982,381433,968888,2458514,5281230,9379776,14841951,21321162,27915712,33848249,38322117,42134998,45917565,50254145,53509416,52921435,49148578,42266240,32622044,23117682,14943928,8980846,5125774,2731139,1437197,762157,393006,198359,96514,46610,23464,12545,6863,3931,2185,1230,675,382,176,82,44,34,1"
christian,1892,"79,302,1368,4600,12379,28818,68709,168089,414412,1027869,2482856,5229525,9383160,14849517,21293376,27477993,33019500,37708360,41720619,45741469,50421131,53936212,53707448,49917011,43118948,33445835,24024078,15851535,9690150,5684634,3125233,1657632,885278,459656,232638,114736,55758,28191,14902,8049,4550,2526,1388,758,422,186,85,44,34,3"
christian,1893,"84,326,1758,6135,15489,33609,71828,162470,371733,897336,2231603,4865716,8892518,14221386,20684623,27173953,32961921,38184387,42379447,46364199,51016475,54788271,55214692,51717700,44853825,34666967,24402125,15675537,9328414,5304651,2823624,1476877,776777,397919,200071,97101,47053,23831,12808,7029,4034,2274,1276,716,421,190,74,35,27,2"
christian,1894,"97,319,1789,6373,15838,33896,69541,149167,327374,770261,1932668,4350615,8131026,13302134,19606890,26316524,32267024,37710739,42521626,46879458,51820740,55877252,56611148,53125244,46486828,36320574,25614862,16464480,9711992,5440035,2865978,1486301,772793,394986,198604,96377,46892,23822,12794,6870,3841,2097,1151,649,401,192,78,38,26,3"
christian,1895,"93,258,1296,4889,13106,29196,61199,135999,298564,685781,1732678,4100583,7923384,13099818,19455471,26399282,33003836,38777250,43302888,47139195,51610811,55471513,56404957,53123292,46783206,36688636,26282247,17306191,10460789,6058375,3290296,1738706,928872,483616,245142,119888,57621,28797,15154,8095,4447,2411,1304,728,425,180,60,24,17,2"
christian,1896,"87,240,1448,5628,14783,32359,67159,144905,317661,728456,1810898,4145946,7872204,13014119,19300243,26177677,32381255,37929852,42733751,46925940,51595365,55833299,57297365,54439874,48411361,38410457,27532064,18060635,10792336,6143194,3261769,1693532,887912,453906,227564,109717,51952,25634,13642,7474,4164,2306,1267,704,417,189,52,15,10,0"
christian,1897,"71,229,1522,5703,15571,34584,70607,150910,321804,721192,1777074,4124618,7909826,13024191,19248626,26217257,32838711,38454007,43038861,46921175,51401093,55642466,57608193,54927993,49022603,39004046,28199285,18719067,11295755,6529655,3532349,1834352,962145,492514,245596,118799,56516,27985,14647,7894,4238,2285,1202,640,362,154,33,3,0,0"
christian,1898,"76,220,1414,5549,15401,34331,70035,148796,320215,716984,1751919,4023040,7701689,12753030,18891065,25718027,32152033,37632673,42259000,46378586,51314844,56111068,58550362,56255066,50707796,40862082,29682460,19774121,11935525,6874899,3703299,1914844,1003683,513549,256727,124692,59141,28977,14970,7990,4191,2192,1111,580,322,137,38,3,0,0"
christian,1899,"55,211,1413,5344,15781,36447,73931,153419,323542,708320,1698633,3902692,7529944,12571058,18813338,26010013,32688707,38068158,42562434,46191988,50012168,54088742,56811931,55558669,51343149,42896798,32157431,22044605,13457008,7808776,4258963,2183287,1116290,555671,268671,128348,60276,29809,15357,7947,4020,2126,1082,581,305,139,46,8,0,0"
christian,1900,"50,227,1551,5865,17131,39163,78801,163135,338932,733051,1741817,3958987,7612264,12642182,18841535,25805578,32495148,38052276,42419383,46046814,50317648,54688519,57753964,56843490,52425439,43713221,32812609,22468596,13638810,7888841,4289561,2190184,1114555,551497,264632,124986,58391,28878,14934,7804,3941,2076,1048,557,292,126,43,2,0,0"
christian,1901,"61,208,1329,4965,15090,35852,72410,149045,316467,690967,1644560,3754304,7253706,12217564,18405886,25499203,32349831,38056033,42807237,46770499,51369603,55839024,58296884,56573515,51940493,43646231,33706267,23877041,14925667,8724313,4779929,2410812,1187393,569612,263214,118886,52882,25682,13642,7223,3559,1850,900,453,220,96,30,3,0,0"
christian,1902,"64,215,1559,5348,16040,38302,77610,155996,322293,682545,1593376,3610580,6990691,11839173,17964406,25002264,31847591,37590246,42798148,47273878,52089183,56713599,59257647,57721324,53235790,44800303,34634663,24516700,15314508,8942388,4901469,2471194,1217855,584205,269325,121547,54178,26350,13951,7353,3562,1852,902,443,216,98,35,2,0,0"
christian,1903,"67,223,1541,5340,16227,39002,79094,160540,329255,683623,1562321,3527807,6919558,11758088,17842094,24898488,32017205,38263271,43441463,47591513,51985049,56275033,59059330,57821019,53584273,45656488,35794583,25709524,16270037,9558917,5262598,2649331,1295303,617392,283283,126227,55074,25915,13625,7222,3557,1858,912,462,232,102,32,4,0,0"
christian,1904,"70,231,1601,5635,17035,40601,81821,162047,328347,679181,1544577,3445056,6693796,11458066,17628235,24968131,32290931,38321978,43827275,48351833,52389178,56551739,59646324,58895381,54824311,46749518,36467679,26009685,16317492,9550062,5267906,2681255,1339042,655794,310754,144350,66524,32990,17565,9339,4593,2268,972,456,227,106,49,5,0,0"
christian,1905,"87,260,1622,5672,16997,41349,84128,170053,342633,699318,1574084,3514640,6904591,11764294,17898341,25045323,32468074,39098937,44279343,48269239,52154983,56096237,58982843,58296692,54624127,47107076,37517358,27454464,17753070,10537499,5883441,3009597,1496848,731407,345954,160385,73156,35002,18339,9710,4822,2351,1028,494,257,112,44,14,0,0"
christian,1906,"91,270,1247,4896,14452,36891,77810,159752,331064,697556,1603058,3642874,7122209,12084538,18348995,25592742,32838458,39055315,43707792,47319607,51109786,55230038,58505711,58064198,54479052,47550226,38626163,29164159,19858340,12264718,6959663,3589430,1741552,808485,365484,167539,78756,37245,19475,10049,4726,2080,869,404,210,86,44,20,0,0"
christian,1907,"78,255,1305,5181,15334,39042,82844,172209,357372,760059,1756227,3947654,7580643,12648702,18995307,26244538,33561519,39599888,43778474,47084839,50455071,54055279,57705748,58257460,55295430,48697061,39788309,30070375,20466555,12610796,7149341,3685175,1786975,830382,376309,172270,80811,38162,19989,10397,4939,2203,935,422,212,81,54,25,0,0"
christian,1908,"98,287,1533,5762,18090,43827,88762,178894,369235,791644,1826312,4006442,7533599,12488822,18688580,25838654,32961046,39002130,43762808,47681085,51642829,55960252,59844448,60910712,57894787,50647453,40757908,29751040,19012473,11178048,6184544,3143088,1559544,761843,361548,167152,76099,36627,19208,10329,5299,2568,1141,514,249,106,59,26,0,0"
christian,1909,"120,321,1273,5150,15829,40370,83987,167349,345867,736533,1690609,3723815,7098325,11898553,18005004,25193139,32592377,38958534,44141159,48245040,52146887,56368763,60163049,61041719,57742670,50769962,41456302,31163637,20939888,12778988,7181317,3664327,1768886,823255,374058,171266,79784,37869,19874,10484,5164,2343,1023,435,206,72,56,32,2,0"
christian,1910,"106,306,1388,5487,16562,42222,87821,173129,353557,738122,1667335,3623225,6834379,11428112,17440848,24637083,32008855,38415991,44110457,48490694,52542540,57218331,60895770,61673460,58653840,51904563,42749446,32272315,21693004,13174979,7425849,3790296,1832917,862199,394844,180043,82474,38668,20357,10709,5355,2418,1039,455,209,83,63,39,4,0"
christian,1911,"109,316,987,4480,14571,38196,81289,165149,346189,728446,1641687,3613206,6927077,11608855,17642705,24815767,32232178,39103213,44500403,48243438,51722438,55986424,59953085,61650244,59403034,53355490,44254965,33416014,22533427,13657514,7657704,3896097,1877959,880685,405359,186346,85567,40075,20869,11014,5589,2538,1116,446,206,76,64,39,4,0"
christian,1912,"94,299,1087,4923,15944,42039,89221,178219,366839,760164,1692671,3671613,6922648,11544947,17613064,24813223,32105836,38545241,44126370,48114127,51661017,55829434,59442500,61387931,59685823,54088608,45388000,34627752,23738178,14546223,8240351,4246401,2054203,963404,441868,204217,95769,45034,23074,11905,5942,2633,1210,459,208,76,66,38,4,0"
christian,1913,"96,306,1016,4993,17351,48307,106088,215004,438418,870251,1775949,3557166,6361749,10329894,15928630,22925482,30430422,37325095,43452576,48344005,52255850,56575636,60501153,62757176,61123322,55632588,46829264,35986778,24944640,15371755,8764045,4527951,2164645,996093,442137,194430,87028,38547,19139,9682,4697,1912,898,440,202,77,63,42,7,0"
christian,1914,"98,315,1360,5893,21859,58378,124659,254903,514671,980676,1886480,3634447,6503762,10746401,16621578,23712679,31378341,38584845,44875987,49909367,54143346,59088116,64187226,65363151,62046685,55224083,44562933,32901326,21477957,12726548,7087758,3576045,1731094,828163,383141,173395,75698,35039,18016,9744,5020,2456,1221,583,280,120,73,33,3,0"
christian,1915,"122,351,1299,5965,21556,57108,121321,247911,503683,970536,1882179,3666550,6582408,10851284,16855763,24053725,31617957,38608400,44894985,50105736,54825853,60158445,65124526,65436081,61792734,55147550,44441873,32971435,21734401,12915468,7158212,3593468,1727539,818153,378409,173134,75779,34845,17719,9539,4868,2355,1170,567,278,121,76,27,1,0"
christian,1916,"125,359,1405,6323,20769,56281,122514,249096,505720,971236,1862622,3615033,6578092,10873314,16807208,24146035,31992628,39178124,45078653,49939616,54243326,59071217,64138509,64393011,60655269,54616287,44674492,34221634,23955851,14994989,8552668,4418468,2090914,945864,417035,186184,83997,37235,18666,9561,4559,1817,838,394,195,78,56,35,4,0"
christian,1917,"148,404,1701,6559,19926,52774,113839,231734,475264,944514,1889454,3844910,7087501,11533244,17499267,25249064,33674511,41026744,46935671,51522803,55002675,59284748,64323156,64179712,60373533,54027645,43858026,33179965,22719502,13923562,7775974,3898829,1813821,812720,359658,161063,70872,31456,16168,8438,4056,1794,877,392,176,63,52,32,4,0"
christian,1918,"174,571,2433,7443,21404,58347,128094,262583,559546,1243919,2774515,5642935,9785432,15536497,22920486,31351859,38536432,42496814,44907944,47314549,50376174,55736366,61827619,61938392,57716508,51005635,41862698,32654896,23482936,15057974,8680528,4534829,2145874,957375,413749,179934,79204,34560,17900,9174,4023,1756,844,398,201,84,60,37,2,0"
christian,1919,"192,610,1891,6308,16832,45391,109281,261432,655288,1631122,3561876,6833551,11666086,18179384,26028298,33422703,38195489,40554124,42603101,45476040,49646196,57042787,63364813,62900714,58428005,50127994,40712319,31625562,22761478,14684102,8532153,4483707,2120988,942071,403478,174931,78394,34414,18095,9328,3886,1676,796,381,206,87,59,33,0,0"
christian,1920,"226,713,1556,4902,15450,46737,128205,325676,813826,1861339,3802272,7077458,11991918,18293750,25368559,32246685,37103859,40099506,42231089,45046783,48911643,55872681,63078324,64673190,60982086,53037557,43118081,33059473,23193080,14636681,8369395,4312516,2006960,883100,375767,162705,72729,31413,16373,8597,3887,1671,828,414,227,108,81,48,7,0"
christian,1921,"184,668,1640,5143,16231,48127,130162,333049,874176,2072286,4317618,7984205,13373620,19819556,26543256,32147573,36038870,38665020,40669265,44110369,48614249,55387382,63265768,66608737,63242988,55346431,45030125,33837447,22746434,13822588,7737731,3882555,1790697,794644,343577,149369,65095,29056,15622,8047,3685,1813,890,445,227,108,84,54,7,0"
christian,1922,"201,698,1407,4217,15602,52097,151637,387883,919724,1955329,3944812,7419138,12510180,18488477,24653268,30576522,35390230,38642864,40787580,43936514,48148827,54179260,61472666,65910686,64874941,58708618,49123557,37374375,25488070,15507426,8665910,4383188,2023024,895210,388892,169795,74935,32696,16751,8923,4096,1905,905,449,243,118,87,64,14,0"
christian,1923,"94,535,1248,3477,11635,38520,109419,278507,664771,1472547,3003136,6001405,10640109,16524104,23097137,29966923,35919191,40159105,42762614,45635152,50103280,57029990,64700651,67236496,64103806,57071845,47149788,36852809,26817158,17519064,10279488,5535569,2648393,1173501,501570,217201,99146,44193,22034,11345,5092,1869,864,419,250,122,85,66,20,0"
christian,1924,"56,422,1128,3350,11399,36220,91882,216868,509754,1137745,2310024,4651209,8746509,14144209,20470720,27201884,34446460,40408884,44852887,48605947,51540363,56315700,63336991,67537250,66205435,60327736,51071037,40085147,28919817,18717024,10902304,5847250,2799206,1243726,535215,231757,105747,46917,23280,11677,5456,1984,920,425,248,118,79,66,22,0"
christian,1925,"37,281,869,3374,12075,37049,87514,184395,411593,896341,1833702,3645357,6913337,11776720,17988413,25438521,33243668,40244371,45153147,49182720,52404941,56353765,62877004,69177924,69594156,63995984,54681595,42777035,30767057,19670802,11392743,6087266,2909715,1296357,560513,242681,109310,48283,23851,11983,5684,2013,920,396,196,71,55,50,25,0"
christian,1926,"53,305,780,3205,11657,36444,86053,171824,343599,689531,1361947,2857305,5683969,10182370,16162811,23687617,32421210,40362380,46338142,50773619,54394711,58439970,64220993,69929265,69767641,64178078,55356573,43984763,32361579,21277982,12577347,6861817,3361410,1507031,646971,277481,123356,53272,24913,12547,6214,2287,1025,436,214,71,52,50,24,0"
christian,1927,"0,152,498,2334,10118,33685,80808,160587,310760,608753,1180184,2511831,5215394,9545533,15471775,23014176,32071429,40588422,47069729,51523656,55061588,58623094,63485800,69598825,71156584,66770961,58018072,46200294,33791179,21722452,12623381,6803183,3285526,1472535,639395,276786,122446,52828,25000,12513,6138,2302,986,442,189,58,50,50,27,0"
christian,1928,"40,300,729,2009,8803,30539,73113,144737,279344,547230,1064463,2244582,4780195,8919551,14745773,22219227,31318381,40195410,47176981,52028770,55496860,58602780,63219855,69690076,72539406,68979258,60380526,48381757,35455865,22804770,13219369,7124710,3445839,1552902,681764,298054,132680,57829,27529,13520,6589,2636,1057,441,184,56,48,50,31,0"
christian,1929,"1,196,562,1739,8146,29189,73267,148048,284394,553340,1067080,2236489,4808531,9004576,14854103,22304570,31367201,40260255,47030852,51584215,54841929,58048538,62856922,69789146,73229375,69686403,61241065,49866880,37260306,24567621,14475699,7921961,3910768,1768849,772631,337291,150038,64851,29756,14624,7334,3134,1158,466,191,54,45,50,40,0"
christian,1930,"8,233,621,2384,11521,38109,88655,172833,329208,622741,1154154,2376803,4983792,9204560,15216884,22680356,31695279,40632022,47782352,53102700,56900414,60636603,65710004,72497677,75120292,71165854,62126953,49152882,35140312,21902265,12376756,6499260,3061138,1376103,607753,267453,118463,50369,24482,11721,5887,2543,991,417,167,52,45,50,27,0"
christian,1931,"8,208,589,3060,15178,46036,101544,196229,371038,687043,1247582,2516118,5168300,9508680,15602013,23081604,32245602,41542803,49096563,54984113,59328915,64174958,70070372,75962156,76965462,71102205,60992236,46656518,31941745,19162319,10566497,5335921,2444428,1086561,476215,209172,90589,38514,19054,9533,5163,2463,983,417,174,55,46,50,25,0"
christian,1932,"9,215,606,3588,19527,50472,103446,203077,384530,708780,1294685,2634204,5403067,9946327,16252500,23924762,33420458,43123046,51052845,57202405,61790486,67113576,74281404,79884019,79699385,72653716,59571830,42987899,26956351,15155781,8027570,3854732,1801885,846581,388862,173048,72912,35384,17709,9422,5483,2683,1145,507,230,91,51,49,25,0"
christian,1933,"9,158,529,3671,19455,48141,96317,189788,361808,676595,1236425,2475923,5151678,9590624,15850251,23580121,33146270,42895271,51145612,57704859,62927792,68532863,75028501,81028833,81140548,74373938,61145913,43671199,27051718,14967486,7775587,3712824,1754504,837611,396117,181419,78525,38615,18855,9593,5566,2844,1195,568,260,105,51,40,20,0"
christian,1934,"9,134,498,2106,16222,44194,90052,177175,338190,635512,1165970,2292318,4788221,8998783,15157155,22885592,32256691,41887504,50425291,57844196,63335492,68628688,73750581,79347968,80317904,75577506,64106324,47555651,30649301,17230738,9106013,4375270,2017338,944928,440614,197490,82137,37773,18457,9457,5413,2759,1147,485,211,76,46,40,19,0"
christian,1935,"10,199,604,2122,13503,41713,90524,176859,336090,626387,1129487,2149288,4379492,8239195,14031233,21731354,30722710,40116185,48700416,57012225,63492220,69456211,74568017,78981428,80082697,76069618,65909017,50865162,34667736,20322965,10963128,5416010,2449133,1100924,497258,220148,91424,37831,18411,9470,5248,2351,1057,457,197,71,45,45,23,0"
christian,1936,"26,311,784,1887,10140,35412,81298,160663,305855,559407,1009057,1883437,3858827,7456365,12893609,20531642,29506890,39344199,49248499,58611298,65663494,70180515,73231519,76092447,78608467,76171941,67133132,53755777,38239283,23392913,12820725,6580053,3020075,1344493,601924,267230,114044,45948,21972,10770,5578,2241,1007,481,192,61,25,25,8,0"
christian,1937,"10,148,538,1436,8243,32750,80408,163067,311533,572526,1030807,1906500,3846814,7346499,12574844,19968354,28562599,38061961,47520620,56882525,64271057,68717589,72325488,75950225,79555897,77512968,69092440,56772051,41669559,26643039,14981989,7922156,3745261,1655611,730661,321710,138961,56464,25978,12514,6353,2647,1058,462,209,61,28,17,9,0"
christian,1938,"10,152,556,1473,9290,34847,81265,162410,310825,572372,1035842,1906054,3820705,7299951,12518725,19911731,28496251,37955972,47378959,56827512,64391349,68343956,72341140,77210078,82513868,80789600,72210419,58616936,41891208,25775371,13936258,7073032,3226991,1432733,649552,293574,125735,49450,23575,11196,5902,2547,1136,544,235,67,41,20,11,0"
christian,1939,"10,154,570,1493,8766,34950,84914,170086,327476,618309,1138064,2071288,4004147,7458876,12617214,19836297,28185821,37321863,46599264,56317252,64461076,69086339,72636223,75426007,79745768,80343773,73549996,61263503,45214291,28779928,15770115,8124167,3761016,1654615,743330,336538,146366,57704,26918,12363,6232,2614,1064,509,224,77,39,29,20,1"
christian,1940,"10,271,748,2061,9526,34274,85775,173625,335297,640806,1185943,2165621,4180104,7778294,13061528,20268619,28632882,37959585,47812395,58154257,66489753,70992868,73701577,75364175,78282785,77371675,71248174,59981359,45774514,30514582,17388595,9236854,4417394,1940693,857058,381920,164657,62490,26179,13160,6801,2744,1091,523,226,72,50,33,11,0"
christian,1941,"12,162,658,2804,9477,29695,77763,163340,311943,589275,1100328,2016953,3946303,7592996,13044711,20742161,29770429,39624006,50004344,60170673,68508867,72826325,73348299,72617608,73632730,72500616,68151114,59640774,48212111,34609242,20913782,11358954,5679426,2517822,1090448,474124,203821,77907,27414,14079,7292,2714,1091,533,219,78,48,26,3,0"
christian,1942,"12,201,1067,3560,11770,32891,85488,182918,351225,665759,1225864,2211878,4229082,8000978,13740864,21805652,31104973,41282460,51946092,62216011,70231274,73752579,72977333,71583382,71906055,69365644,64936677,57807492,48242571,36416587,23280823,13070736,6776772,3060141,1304635,550376,231285,89766,31391,14426,7492,2781,1153,542,230,78,49,28,2,0"
christian,1943,"13,137,1233,4020,10961,29722,74740,163762,322649,618918,1169178,2139230,4118650,8054306,14346352,23108546,33368851,44695739,56127445,66560229,73043544,73613420,70053352,68375702,67575363,65114607,62238287,56447518,48800793,38386029,25928846,15085137,8078895,3796669,1616592,672712,278173,109548,38996,15141,8088,3165,1294,556,246,79,39,29,6,0"
christian,1944,"14,299,2114,5300,11975,30684,73663,161862,322684,612292,1140653,2081002,4040340,8186838,15079580,24165999,34981459,47064666,59333860,70591416,77272470,75474574,71080012,66066132,62253014,60814085,59292730,54488968,48806013,39512433,27747403,16612403,9065522,4401082,1879049,774581,313592,123775,45271,15097,8136,3277,1337,611,233,72,36,25,5,0"
christian,1945,"15,144,2132,6137,13614,32775,77743,169501,336021,630676,1169344,2147428,4204667,8639493,16045619,25387626,35795165,47560126,59782518,69601786,75519864,77510305,76815514,72861467,69378473,64649348,58698907,51641788,44157793,35256673,24983028,15135204,8324771,4017361,1697377,684883,273395,109997,39484,13931,7619,3140,1307,577,241,72,31,18,1,0"
christian,1946,"15,87,522,2243,8901,28086,72864,154125,296503,559728,1066572,2014238,3995314,8538506,15889993,24960004,35242683,46386929,57722726,67531191,75524372,84128648,85708428,81393684,74461857,66345882,57970519,49963825,42288294,32938178,22166447,12880651,6804788,3064440,1279080,524718,220172,88299,28739,12696,6695,3669,1072,450,175,39,20,11,3,0"
christian,1947,"16,27,401,1629,7323,27064,72976,155326,299930,564160,1066357,1987314,3761151,7587730,14171263,23318193,33468874,44070879,54639898,64973267,73401944,81874926,87544493,85574632,79412306,72059185,62934706,53543830,44413434,33740946,22272517,12867281,6752726,3030528,1278674,534219,226725,91509,29719,13519,7091,3912,1185,488,189,59,32,21,5,0"
christian,1948,"17,29,411,1497,6530,23946,66129,140860,270681,509429,961865,1818374,3382167,6658418,12419171,20819090,30458586,40079983,49308859,59396126,69373650,79040375,89832077,92686250,86840248,78656085,68194556,57291980,47074513,35929643,23942111,13930304,7404556,3367213,1421179,594478,251724,103660,34831,14972,7738,4206,1383,582,258,91,55,35,15,5"
christian,1949,"17,31,418,1459,5914,23236,65494,136070,258875,487428,913545,1731615,3199955,6196184,11599434,19643640,29302977,38684673,47846605,58014716,68434507,77940547,87367728,92599529,89863679,83694095,75288885,63775838,50685307,37054590,23566165,13321117,6890870,3068766,1303717,553504,237500,96685,33231,15306,7943,4381,1509,649,298,101,61,40,16,5"
christian,1950,"18,27,372,1419,5640,21126,62617,135370,261892,494412,926692,1753870,3198903,6028146,11148742,18934980,28553651,38072141,47197813,56987297,68063876,76949270,82979498,89486003,90461624,86530521,78646024,67293647,54508782,40663346,26929729,15607681,8339959,3835545,1616892,669756,279921,114080,39261,15383,7808,4503,1757,630,229,58,25,16,3,0"
christian,1951,"17,31,323,1263,4971,18656,57475,128708,251811,477252,891037,1686025,3037374,5607646,10418095,18047103,27695026,37472357,46813337,56552126,68074055,77129299,82506171,88490397,91487969,88550102,80880631,70138189,57479388,43523929,29658177,17590593,9584378,4548731,1927298,795280,328136,136535,48989,17731,8757,4969,2212,805,298,81,42,29,10,0"
christian,1952,"16,31,325,1267,5033,17967,54251,121324,235722,448681,843447,1619466,2951517,5379975,9989166,17463500,27271976,37344169,46908519,56555242,68035052,77196914,82937677,88671533,92810792,91010716,83440281,72769044,59720724,45416948,31197293,18673257,10249507,4939188,2096960,865070,355345,146289,53790,18126,8948,5075,2293,833,325,107,60,42,18,0"
christian,1953,"15,31,195,1004,4328,16425,52838,120977,238919,457271,860901,1653635,3004990,5422839,9867558,17158502,27147853,37293112,46620097,56004797,67432749,77165504,83496446,89189325,94098766,92739301,86166900,76088401,62790764,47834992,32624041,19430874,10625335,5104342,2165153,897361,369586,151053,54963,18539,8892,5050,2693,895,338,106,57,39,16,0"
christian,1954,"13,30,157,864,3725,14261,48970,113419,223042,429912,814581,1576882,2890505,5158238,9375695,16440720,26431982,36969707,46590848,56021074,67354715,77250457,83765293,88978385,94015563,94384956,89813487,80245277,66840812,50994287,34384703,20301548,11041089,5302069,2259163,945328,393592,160819,59023,20443,9478,5266,3141,986,326,51,22,19,10,1"
christian,1955,"13,30,126,815,3703,13610,45335,105396,207196,396840,750115,1458017,2720116,4864796,8845276,15686726,25605493,36444393,46210489,55783795,66963356,76974927,83192747,88257183,93826991,96169806,92938756,83688577,71084558,54840272,37486411,22353159,12215372,5948168,2541549,1064674,444409,179229,66723,21876,9828,5345,3429,1157,387,44,20,20,11,2"
christian,1956,"8,24,67,661,3247,12292,44201,106237,210101,401292,758647,1478961,2768950,4938267,8776556,15204404,24754283,35778066,45345144,54584903,65423325,76732320,84276767,89613044,94759998,97579322,95879862,87377126,75316132,58294924,39934623,23614031,12844087,6237425,2660102,1122008,474357,192769,71106,24055,10696,5626,3676,1528,453,57,17,17,10,5"
christian,1957,"7,23,48,568,2884,11013,40791,100443,197730,377050,718372,1418861,2711432,4849446,8577742,14957742,24543447,35613545,45119550,54034865,64600236,76559642,84703108,90701867,96354090,99929673,98871468,90572341,78559696,61014510,41868164,24612828,13331033,6466823,2757317,1167121,495736,202256,74379,25458,11269,5753,3759,1702,471,51,2,10,10,6"
christian,1958,"9,24,46,571,2951,11063,40509,98589,189335,361008,692833,1376776,2662654,4801489,8536906,14979316,24553044,35905658,45527932,54500344,64792903,76673006,85114466,91267576,97672544,102877326,102792293,94149483,81505335,62982626,42620904,24630276,13192826,6288191,2672778,1142694,490667,200000,71337,25493,11154,5622,3739,1709,447,56,7,6,10,6"
christian,1959,"8,23,38,418,2524,10075,35260,90447,179112,338816,652576,1299183,2539907,4646003,8316512,14820297,24525637,36180814,46028995,54905552,65079511,77125708,85727119,91639587,97650066,102751392,103812478,95985517,83886658,66121887,46123601,27315257,14795903,7257523,3082261,1291348,545113,221660,79773,24716,10579,5108,3417,1896,371,28,0,0,6,2"
christian,1960,"10,25,36,267,1512,6523,26824,80803,166115,316902,616776,1230782,2425134,4476557,7946405,14229707,23892405,35714298,45976921,55133808,64817919,76535111,85177458,90630905,96749427,102114032,105711111,99741631,88383941,71200017,50535954,30359234,16406138,8155453,3492108,1463697,622231,258063,94360,28522,12291,5357,3499,2399,435,58,13,9,0,0"
christian,1961,"9,22,36,176,1049,4718,21789,72319,152172,288307,566415,1157058,2333410,4414694,7847203,14076522,23479539,35165436,45323356,54253542,63337968,74394788,83904158,90786351,97818593,105301271,110187625,104554160,92832441,75128409,53289587,31931437,17193161,8550626,3669847,1545427,663273,278157,100901,30664,13481,5566,3531,2833,484,67,7,9,0,0"
christian,1962,"5,21,38,79,652,2516,13776,58617,138068,270908,540324,1107747,2235802,4247676,7532152,13466811,22732371,34667720,45470883,54476916,63375635,74127712,83940120,91507065,98680619,106103285,111096680,106921041,96068161,78916483,56896123,34809916,18800282,9457180,4096772,1717281,736614,312011,114862,35769,15785,6194,3750,3157,879,91,7,8,0,0"
christian,1963,"3,19,38,49,483,2037,11417,56018,137429,274022,552077,1140571,2313389,4337464,7555369,13281581,22282396,34149956,45464137,54711387,63582303,73536119,82953735,90959884,99222013,108065577,113609832,110094522,99124023,82119850,59750416,37077443,20188752,10303935,4519318,1895564,812591,344684,128733,41368,17567,6790,3949,3317,1190,178,37,28,13,6"
christian,1964,"7,21,36,53,330,1351,6679,43698,121975,254062,521241,1085948,2218845,4218795,7434963,13045588,21910104,33576843,45173632,54692313,63633716,73032304,82036177,89499194,97437436,106925690,113914214,112634227,102676652,87068957,65084895,41853794,23152352,12063542,5452866,2288459,980911,420343,162931,53434,21048,8438,4476,3559,1801,273,61,37,20,10"
christian,1965,"0,14,32,45,228,1003,4252,36673,111262,243303,503933,1059255,2179943,4169781,7328495,12879695,21642562,33314882,44967915,54392835,62879157,71504845,81151156,89637454,98788954,108357325,115016746,114969715,105529865,90445293,68940790,45325166,25350826,13298148,6112789,2573991,1107673,481031,192052,62722,23944,9890,4938,3756,2146,352,77,34,21,10"
christian,1966,"0,9,27,41,149,872,3607,29995,102391,230785,480054,1008280,2083204,4013427,7082018,12475779,21110497,32705668,44780540,54506831,62583424,70798756,80086480,88602609,98444005,109010365,117287341,117762276,108018930,93466376,72543627,49130430,28262682,15054414,7159090,3024260,1291963,558708,228606,78667,27686,11727,5377,3889,2554,364,75,27,15,8"
christian,1967,"0,5,20,37,60,652,2485,23296,88289,211047,449132,949029,1964623,3827436,6877196,12240059,20852477,32453415,44529714,54480592,62491201,70412020,79367204,88160045,98480822,109784475,119481051,120822561,111397742,96812078,75645248,51796360,30127283,16129258,7801949,3312368,1406715,605094,248236,86370,28861,12461,5446,3862,2825,366,35,2,0,0"
christian,1968,"0,3,15,34,49,473,2563,20864,83455,197486,415756,881687,1840327,3649828,6662521,11895498,20436835,31988139,44301191,54713500,62884360,70526274,79017184,87647524,97463085,108775916,119718723,122835129,114806518,100679519,80048434,55641039,32848660,17598992,8628696,3682368,1560990,674736,279682,98950,30870,13596,5715,3942,3142,406,53,13,7,0"
christian,1969,"0,0,12,30,46,445,2277,16367,73848,180852,381598,813284,1718496,3468028,6375640,11264111,19683064,31455076,44072245,54735625,63100769,70763329,78897288,87254758,96815420,107854294,118330788,123140264,117871189,105048613,85414071,60414843,36336258,19468253,9649842,4148979,1752664,758416,318021,116054,35266,16110,6125,4063,3616,686,131,73,53,31"
christian,1970,"0,0,10,27,45,385,1614,12452,58684,151484,332452,725672,1564417,3174466,6013206,10864828,19303599,31134803,43762298,54634949,63068923,70474259,78324417,86829764,96828095,108712170,120329858,126463337,122633341,110008944,89483338,62766034,37254073,19719578,9606602,4111608,1750373,767850,325984,117254,36242,17162,6377,4022,3760,1133,133,75,53,34"
christian,1971,"0,0,5,21,39,256,1341,10103,49949,134503,293184,649351,1435360,2951659,5654020,10212402,18294341,30073344,42993433,54304842,63113867,70304510,77940305,86260435,96023237,109354531,122364435,129434223,125891255,113537636,93391445,66590709,40322838,21482482,10611248,4573768,1938809,845820,362651,134450,39797,18840,7094,3998,3766,1589,64,3,0,0"
christian,1972,"0,0,3,16,35,201,1049,6296,37701,110325,245092,560515,1295327,2759378,5448251,10059575,17971683,29644200,42841567,54284802,63403846,70715481,78142896,85958911,94606580,107385026,121414839,130153985,128060008,116744423,97617078,71623642,44916267,24267459,12292309,5399530,2268818,982699,424802,161974,47274,20654,8006,4208,3880,1944,88,7,0,0"
christian,1973,"0,0,3,15,36,118,688,4329,31633,93249,206002,479033,1159821,2550638,5100904,9517316,17034130,28436501,42066403,53562074,63061714,70701768,77851931,85354500,93125581,105060111,120398070,132098457,132031133,122002533,103188557,76912677,49054053,26687590,13621428,6056964,2549070,1105460,483177,188003,54902,22958,9293,4347,3929,2331,87,14,0,0"
christian,1974,"0,0,6,15,35,68,518,3562,28202,78986,180026,435225,1089765,2465371,5006847,9323907,16702941,28100259,41853294,53263588,62932328,70622827,77684958,85334663,93324496,105346058,121452584,134816256,135273912,125773485,106635485,79999247,51236631,27907056,14192432,6304812,2656051,1154132,506853,200021,57511,23975,10000,4453,3983,2459,79,24,5,0"
christian,1975,"0,2,11,22,34,44,439,4592,29006,72865,163426,431952,1127933,2583738,5324558,10131158,17883630,29228512,43219235,54319221,63488335,70894700,77691169,85284653,93608056,105805729,123472300,139514431,140033627,128948411,107848790,79752597,50319634,27095011,13589984,5950914,2506195,1092702,480013,187330,52034,22139,9063,4340,3958,1847,37,7,0,0"
christian,1976,"0,0,6,15,26,40,276,2013,24085,63146,137317,365333,1003683,2384046,5118020,10104722,17882622,28894995,43120723,54422754,63581922,71156257,78018583,85393427,93456820,104428092,121539180,138924216,141161990,131575177,111844244,84882144,55137242,30306770,15442356,6917098,2895915,1247303,547619,217677,64476,24063,10466,4470,3954,1913,62,3,0,0"
christian,1977,"0,0,1,10,22,38,202,1244,21503,59391,130683,360098,1017182,2425625,5234816,10361327,18305560,29372248,43700023,54955737,64110223,71948005,78733959,85780603,93299848,103179271,119642970,137952594,142908676,133745433,114936070,88779072,58816448,32894416,16851367,7648339,3196021,1366837,602092,244163,74418,25393,11479,4610,3981,2290,91,3,0,0"
christian,1978,"0,0,0,8,17,30,187,1217,16424,53606,123903,357766,1032386,2478894,5391400,10763030,18684184,29491120,43596018,54926310,64111700,72269247,79219334,86098291,93413580,102159305,117727121,137060010,144877817,135803450,117896141,92832992,63111023,36239691,18820860,8801978,3675316,1552100,675625,276722,89904,26367,12214,4753,4071,2687,80,4,0,0"
christian,1979,"0,0,0,5,14,28,264,1380,16548,54432,130317,373237,1082216,2597712,5526478,10871547,18608069,29285209,43739932,55668976,64915947,72974433,80362211,87321398,94181462,102400431,117186574,136092218,145626314,138364365,121486791,96577881,65958697,38022400,19691145,9181653,3831273,1617100,705204,289927,93165,26899,12602,4835,4055,3051,65,3,0,0"
christian,1980,"0,0,0,3,13,44,335,1480,16996,55627,127158,360970,1063022,2577307,5490692,10746718,18302105,28740037,42979575,55319182,64523790,72882877,80796616,88413635,95882186,104743241,119537771,138107006,147239552,140675541,124172139,98862083,67872611,39352340,20405583,9539931,4010418,1726849,801885,407217,217468,118194,65266,36563,20713,11858,6813,3923,2260,1298"
christian,1981,"0,0,0,3,12,50,372,1535,18507,59492,141274,400245,1167929,2811688,5997428,11586536,19642007,30670163,45163897,57073863,66014095,74205465,82128850,90132651,97835229,107336829,122324647,139442699,147460801,141151986,124163067,98639113,67236082,38708955,20010609,9258647,3864610,1658956,773068,395312,211510,115173,63704,35721,20263,11617,6686,3858,2218,1272"
christian,1982,"0,0,0,0,9,99,502,1771,12796,49968,147383,502082,1390561,3121207,6476094,12385166,20787855,32276209,47060753,58408390,67236359,75864420,82755354,90991171,99110139,108809909,123135211,138174013,146345182,141035382,127301525,99221854,68282246,40492011,20892982,9763218,4102572,1785568,847705,435528,228658,122225,66424,36657,20480,11587,6591,3749,2143,1212"
christian,1983,"0,0,0,0,7,110,560,2487,24635,64779,202410,664789,1716611,3636912,7379163,13776848,22554476,35290967,50397649,61930607,71147541,78266764,83595685,91051801,98676078,108281489,122235979,137194403,146524821,140046535,125603296,100308095,68279666,41216265,21952582,10876882,4732798,2021953,916319,440592,231383,123703,67233,37105,20740,11731,6681,3803,2170,1233"
christian,1984,"0,0,0,0,6,86,586,2313,21911,67418,237170,755998,1889125,3823995,7551966,13871481,23106206,36219426,52385389,63791645,72623847,80472711,86061077,91822333,99160611,107444517,120666149,135688486,146283678,141001757,126020007,101031869,71936509,44304657,24078421,11885779,5083125,2194559,1019479,496196,258260,137616,74625,41117,22964,13002,7411,4227,2423,1389"
christian,1985,"0,0,0,0,3,108,580,2710,26556,80727,275487,805633,1957582,3930037,7740970,14169962,23311573,37224657,53372502,64102493,72824732,81080442,86815364,93303982,101141556,109129071,121858328,135690480,144839788,141364143,128748979,104152481,73975541,46535775,24990163,12429868,5463105,2354713,1074183,516737,265262,140331,75544,41316,22900,12871,7289,4129,2350,1337"
christian,1986,"0,0,0,0,3,99,644,2257,22429,70947,250722,799920,1919907,3687542,7183568,13037608,21644314,34193322,49409710,60937881,70690926,79221608,86668988,95107465,104812781,112484113,123506122,138070146,147259859,146022912,133497770,106859493,78080211,50350995,27799714,13849709,6041529,2668437,1254984,607564,308707,161742,86232,46763,25744,14374,8092,4578,2589,1471"
christian,1987,"0,0,0,0,1,101,671,2604,31498,85529,246381,768866,1931680,3888316,7637213,14377616,23751489,36861558,53045660,65284433,74238343,81536506,88405501,95901171,104202021,111442572,122255658,135094948,144196166,142382338,131048122,111090742,82508472,53659366,29588713,14936662,6498379,2771517,1268441,616939,314767,165364,88472,48152,26598,14912,8446,4779,2729,1557"
christian,1988,"0,0,0,0,0,192,856,5302,25558,75926,242654,751488,1902523,3937539,7732345,14770355,24993548,38388007,53539504,66627974,75836141,83112665,89954387,97387830,105579069,111006778,119241200,133320021,144469698,146312378,134449979,112408931,84987267,55273746,31317365,15372009,7185511,3198964,1456857,708292,358293,185722,98071,52730,28795,15967,8961,5046,2855,1619"
christian,1989,"0,0,0,0,0,154,875,3817,21543,61878,218107,693928,1814092,3936283,7994691,15170420,25634658,39764191,54771616,66761677,76417432,83823188,91279740,98709578,107603779,112900237,119344436,131245765,143728397,147765592,137188496,116700375,87268412,56843561,32629809,15982902,7526334,3443432,1656687,844792,438866,220881,113514,59360,31506,17014,9301,5120,2829,1564"
christian,1990,"0,0,0,0,0,234,1057,3181,24851,76237,251456,786071,1996460,4283931,8827921,16720515,27872040,43157655,58637977,70673646,79218750,86241095,93687833,101906464,109173878,114377288,121323304,132007466,139979254,144436389,137569865,117017151,87787680,57699482,31387279,15373189,6958564,3088670,1434520,713325,363425,188993,100098,53979,29541,16425,9232,5220,2932,1665"
christian,1991,"0,0,0,0,0,334,1254,3240,30876,140272,393779,1019392,2313014,4823255,9858110,17885967,29728074,45410869,61245471,72158194,79835901,88102874,97187931,105928298,113226596,118445513,125803265,132235928,133288909,139266139,136147833,117756182,90299276,58039621,31442445,15580109,6922752,3060455,1448684,726181,376889,194768,102510,54918,29865,16487,9213,5177,2894,1637"
christian,1992,"0,0,0,0,0,48,603,3383,35232,115476,317359,925727,2322891,5367106,11042088,19561852,31700314,47352923,64346080,75970502,83839787,92743048,102815716,112084488,117896865,121542490,124445915,126082106,126317435,134074400,135788486,119708213,89393800,57479400,32367946,15818982,7372260,3250958,1507840,753588,381544,196699,103333,55292,30054,16593,9289,5239,2945,1678"
christian,1993,"0,0,0,0,0,15,508,3460,36427,129596,367409,1043475,2692839,6378980,12637172,21076170,33417549,49132452,66505171,78942576,87580692,98192613,110518981,119876425,123554959,123872524,122289263,118195377,119803440,130797994,133874018,118192955,88770101,57627868,32740288,16293582,7649531,3411010,1579195,792976,418814,212731,110170,58164,31246,17058,9434,5274,2952,1666"
christian,1994,"0,0,0,0,0,1,341,2179,25135,95976,332003,1041301,2885018,6920668,13474309,22286688,34328137,49603926,67618345,81203484,90723545,104452381,116051200,121945818,121979608,118710387,116754706,116314016,119994988,130777438,135309170,121366529,91894396,59159703,34029122,16981484,8051836,3659986,1711706,859855,454525,231346,119510,62920,33753,18381,10151,5683,3183,1796"
christian,1995,"0,0,0,0,0,0,280,1245,14434,66411,271097,963910,2819809,6995875,13119954,21570514,33616124,49028650,67667770,81604473,90392081,99696719,109505574,117024623,122872506,125104350,123104214,121546694,126199679,133677589,137281285,124625407,95272484,62412048,34042764,17608635,8254063,3732846,1766047,888939,471875,240527,124356,65520,35177,19178,10590,5933,3323,1873"
christian,1996,"0,0,0,0,0,0,31,362,7662,67258,274018,969215,2936354,7359399,13578215,22160824,34017757,49426687,67448333,82480808,95216918,106166186,117509044,125202030,125951739,122817708,118273695,116617662,121559459,133017223,138664660,125783132,94452314,62839168,36714239,18304546,8738355,3957472,1824631,895283,464543,235899,121793,64117,34428,18805,10340,5782,3251,1829"
christian,1997,"0,0,0,0,0,0,0,91,3670,39215,207800,878728,3018025,7649841,13715670,22655632,34779633,49828235,67315447,81963943,92771586,103342383,115124439,125279456,129512840,127523988,121522334,118783107,123070601,134514066,139845512,127454325,98036571,65534570,37508277,19439559,9124198,4187032,1954651,955450,507978,256849,131422,68542,36441,19709,10777,5996,3354,1885"
christian,1998,"0,0,0,0,0,0,0,5,5316,37379,189994,883772,3162877,8007115,13997113,22740342,35429165,50802215,68106552,83821566,95404036,105119661,117191799,126253504,128040042,127025673,121240654,115590453,118828045,132918803,142166977,130631452,102902166,69642619,40971232,20972924,9949493,4609755,2145193,1026285,529211,265857,135851,70732,37544,20259,11057,6142,3433,1926"
christian,1999,"0,0,0,0,0,0,0,4,16537,70592,223366,981982,3541031,8513456,14516579,23065063,35483946,51010959,71034990,90280874,105504092,118321010,128230335,131683828,128162262,119753939,111935438,108870836,112386350,127725927,138254920,131245479,104992622,73287609,42528260,21478465,10418694,4915288,2350384,1167538,624061,321348,162747,83927,44079,23558,12757,7048,3917,2187"
christian,2000,"0,0,0,0,0,0,0,2,883,32416,181273,960372,3874995,9088965,15158868,23086173,34582819,49236548,66852517,86104668,101659892,114635950,126424725,134192025,134057472,126087451,115645818,110264038,113977261,128768109,141828347,136161225,108753541,75507555,44580020,22912755,11028828,5082789,2396666,1180314,632121,331708,167849,86518,45439,24296,13104,7211,4006,2215"
christian,2001,"0,0,0,0,0,0,0,0,3276,38258,202146,1211307,4385053,9449411,15486966,23435187,34891275,49576023,67310330,85054420,100348756,112360185,123961167,133900738,135339071,129526292,119454214,113827476,116622372,131613699,144831939,138087644,110266087,76244326,45401048,23510934,11414408,5216828,2425065,1205723,663079,356711,180286,92794,48673,26016,14023,7718,4294,2384"
christian,2002,"0,0,0,0,0,0,0,0,3945,33666,179348,1151908,4197365,8993397,14764527,22457770,34227638,50719146,70106224,86373231,100909176,111113174,122945592,134264396,138652189,133051831,121699800,114968572,119020114,132250672,144924815,138512428,113066550,77068414,46814928,24389565,11925373,5549495,2635071,1346306,731810,420896,306048,247933,191981,140860,97977,64732,40920,24922"
christian,2003,"0,0,0,0,0,0,0,0,1482,37379,231022,1116221,3963500,8873165,14632195,22266042,33486193,50294208,70948888,87379337,102820235,112524021,122907572,133915354,138329585,132420425,122249353,115140631,119430136,135603081,148744508,143460854,114943534,78839499,48679400,25700514,12650822,6028534,2840834,1412128,753814,433949,259837,157536,96779,60217,37962,24226,15637,10206"
christian,2004,"0,0,0,0,0,0,0,0,2346,23960,148754,890304,3537800,8439416,14091911,21222372,31367257,47031957,65867954,86194003,102575536,115884558,123449438,134212523,140532654,135764440,125682984,118620270,122401272,138257036,152613827,147485265,119055771,83213229,49212757,25218578,12259623,5697364,2666481,1325566,732296,471546,380342,300765,226182,161238,109348,70741,43996,26493"
christian,2005,"0,0,0,0,0,0,0,3,15975,71247,242077,971205,3491318,8361971,14028198,21218881,31195795,45659395,63772394,85125594,101412099,115059155,122375501,129827470,138246219,140524138,132930513,124667493,126633241,141700575,155220181,149263482,121698066,83139792,50566686,26484815,13199059,6432509,3132397,1642177,932600,670467,526647,400311,292474,205354,139092,90980,57824,35919"
christian,2006,"0,0,0,0,0,0,0,193,13622,58767,212153,788964,2705945,7042900,12582084,19669841,29464289,43614315,61557338,82841536,99931014,113058034,119072347,127123000,137810969,143255579,139674606,132150597,132335312,144508078,159933348,153621770,125106846,87199643,53756727,28568790,14145164,6852359,3329362,1736779,989122,608594,388455,249785,160810,103209,65903,41881,26542,16810"
christian,2007,"0,0,0,0,0,0,0,0,8235,71274,260324,721129,2013789,5319323,11083158,18374916,28500215,42664871,60540182,83007949,99417354,113371619,118955278,125024677,136070394,143331826,142752939,136885446,134624286,144416755,159978950,157876117,132769218,93488302,57739367,30918936,15512473,7518792,3616430,1831593,1000717,680025,548303,425051,314198,221383,149367,96705,60534,36877"
christian,2008,"0,0,0,0,0,0,0,0,2665,56348,236501,712683,1782438,4451347,9758171,17020459,27942014,42718677,60441171,82748027,100000803,112241981,116252751,120682137,132321755,143286597,147825606,146098574,143866384,151039345,165362701,161110790,135927751,95419880,58555603,30760938,15148759,7162082,3411785,1771644,1006508,614641,382470,240261,151682,95979,60859,38631,24594,15745"
christian,2009,"0,0,0,0,0,0,0,10,5206,76847,318244,911602,2104971,4821224,9889661,16966218,27799803,42986976,60487541,82871920,101631737,114781211,119052687,124939936,136990415,146013821,149029878,145690421,144191142,152106514,165124991,161577377,135173210,96294927,59965443,31628615,15565566,7424739,3484481,1746250,983665,733724,574350,435298,316939,221566,149319,97106,61317,37863"
christian,2010,"0,0,0,0,0,0,0,17,2742,50981,271253,807645,1879073,3986191,8509375,15835236,26546317,42236875,60692474,82876552,102675972,115144640,118807007,125234619,135979422,148181746,153026813,150968456,150951999,157664647,169967659,163519464,136865987,96548202,59930028,31849202,15761396,7477049,3513910,1748869,943541,544686,330507,206687,131406,84214,54250,35106,22855,15086"
christian,2011,"0,0,0,0,0,0,0,0,2673,18411,138546,582080,1672580,3763612,7836339,14801567,25481518,41598387,61013924,83259528,103324309,116430481,120256456,124845573,136659305,149365424,155729883,156358774,156216924,163142329,172564725,165287769,136674013,96372973,60182262,32064202,16121787,7849359,3759959,1899478,1054463,699800,571583,449600,335133,236667,159113,102334,63482,38350"
christian,2012,"0,0,0,0,0,0,0,0,2488,18786,107876,496993,1520867,3488789,7075627,13672869,24328164,40903259,61406169,84430944,105834027,119015805,121996017,125074100,137335324,150797735,158417641,161341087,161116110,165085518,174334921,166994332,136646482,97382544,61048007,32504229,16516739,7969288,3760833,1933272,1107065,790391,646899,504378,372344,260575,173803,111055,68557,41270"
christian,2013,"0,0,0,0,0,0,0,0,3228,19679,110638,480683,1467494,3412008,6881022,13237088,23833479,40513722,61385711,84725816,105839136,119741853,124189197,127258638,137702066,151956902,161521970,162970295,165090916,169817036,175296674,169567013,139805076,98329700,61567217,33031048,16687394,8142228,3944028,2027245,1132732,769835,590204,434897,307412,208907,137238,87552,54591,33561"
christian,2014,"0,0,0,0,0,0,0,0,3875,26213,109557,470841,1498007,3562227,7119678,13469540,24097974,40923437,61478663,85410131,107038797,122103116,127008536,129591815,139918660,154241782,162881129,165871182,166718062,172277356,177836519,171663692,139224660,96828877,61179874,33738253,17597993,8821012,4319903,2183956,1174048,698038,434927,274970,174690,111030,70604,44971,28753,18548"
christian,2015,"0,0,0,0,0,0,0,58,4017,21424,92044,429697,1447859,3582434,7339907,13944201,24981269,42683263,63396606,85848265,107109144,121599475,128802727,132006063,144409224,157809131,164803317,165963005,165840517,168578510,175627907,172048068,142949519,100898200,64469446,35766993,18269223,9151890,4538022,2337562,1281672,770738,599014,461143,337088,234003,155121,98791,61015,36935"
christian,2016,"0,0,0,0,0,0,0,0,4264,19966,90692,450236,1564578,3906175,8008973,15040037,26622015,45162795,65933860,87178928,107499743,122279208,131511940,133038839,144817577,159424020,166497528,166075450,164221484,165976094,173404284,172171195,148382372,105658145,66774175,37473155,19625940,9904332,4875406,2528484,1377120,801184,492831,307996,194737,124166,79786,51651,33674,22221"
christian,2017,"0,0,0,0,0,0,0,75,4772,24670,124149,590303,1893582,4406508,8824919,16259569,28119527,47100097,68426586,89897915,109892051,122061173,131358333,132800973,143562753,156524766,166183064,167945944,167884085,168659810,174840673,171994696,149510775,108579850,69442558,39191278,20359181,10207643,5009860,2562235,1368723,822857,632696,466579,322582,210273,130851,78736,46569,27549"
christian,2018,"0,0,0,0,0,0,0,29,3692,21404,92938,508385,1811649,4464703,9242709,17122905,29351322,48693348,70727214,92427623,111427140,122835924,132182562,133610286,143818498,157879180,167552141,168639844,164818638,167013870,176229665,174298595,152049634,111549454,71970302,41409499,21476427,11062215,5630598,2956648,1611139,918738,548218,339107,212182,133448,84241,53436,34180,22147"
christian,2019,"0,0,0,0,0,0,0,454,7222,50095,172905,634815,2019844,4908648,10120483,18399389,30980634,50567113,73249720,95891068,114495358,124993336,132867865,133831911,140546564,153308075,164943893,168871308,167088727,168025890,175062670,176239405,153965190,114842086,75480589,43874583,23236572,12334393,6324238,3331865,1833368,1025198,582947,346955,210001,128954,80353,50740,32476,21101"
christian,2020,"0,0,0,0,0,0,842,4506,22119,73882,212742,717259,2311260,5755269,11299940,20536950,34158283,54090301,77345853,101090230,119824878,130096638,134461314,134421043,140156099,152275910,161718880,161151681,157727283,161709090,174596997,178245259,161230482,121401756,78094952,46101905,24355180,12517876,6252213,3223668,1746222,967939,564591,336679,204888,127104,80437,51761,33849,22481"
christian,2021,"0,0,0,0,0,0,639,3736,20450,75127,212138,715628,2290974,5752145,11394678,20724319,34874314,55073627,79595389,106177252,124593552,132295876,135271263,132995633,135046119,139851073,144845863,147813695,155043458,170068447,187827107,192738910,171586031,128255407,83220666,46842423,23842101,12205863,6332687,3280927,1747734,959942,556479,329554,199251,122908,77470,49741,32528,21644"
christian,2022,"0,0,0,0,0,0,134,2183,10523,59165,191454,620154,2019045,5387343,11028541,20108434,34017871,54153930,78917226,105083729,124398767,133610010,135477502,134325383,137337687,143043139,145244723,152413552,164598580,176980365,191569403,192000096,171401296,127500116,80597038,46527464,23871017,12042360,6056329,3195102,1763992,1016089,609383,373520,231748,145013,91474,58173,37368,24314"
christian,2023,"0,0,0,0,0,0,56,1917,10092,39396,132755,481923,1787739,5070442,10763554,19731377,33513022,53245181,77828876,104558934,125653253,136390123,138941582,136562401,136926747,140678989,144676815,153546884,166866123,179407233,193442116,194989936,173006941,130165346,83421434,48561635,25265085,13028317,6513229,3314719,1790620,1019016,612836,393684,257656,170217,112902,74877,49622,32890"
christian,2024,"0,0,0,0,0,0,0,1074,7705,33317,125400,495706,1837235,5106614,10650164,19801647,33890564,53637973,77872014,104458841,126572351,137601760,141634257,139364359,139185277,142589960,145728420,153318722,166860757,180018237,194578549,197176694,173856003,131917762,85856175,50112500,26352923,13709719,6878312,3484049,1870293,1064104,629049,406598,267079,177086,117862,78420,52129,34640"
christian,2025,"0,0,0,0,0,0,0,892,7385,32779,120948,460785,1746490,5077957,10921364,20086830,34100006,53732676,77927977,105169312,127683840,140523979,144300281,142207616,141766990,143958852,146519951,153350104,165638035,179428224,196200715,199383950,177714371,134018703,86904761,50848489,26766240,13935592,6993522,3548696,1921806,1104041,658791,429249,284053,189565,126890,84846,56643,37773"
christian,2026,"0,0,0,0,0,0,0,500,5521,27279,103794,397328,1514852,4570613,10239173,19089731,32772111,51618975,75384386,102228739,126620658,142010518,148338939,147799030,146954681,149097828,149501032,153472305,164622807,177170644,192899856,199056584,180262339,139152855,91813694,54870503,29244525,15291550,7715186,3897794,2058043,1116791,607970,361637,221849,139189,89292,58461,39014,26447"
christian,2027,"0,0,0,0,0,0,0,363,4802,24686,94729,340589,1319648,4176624,9665560,18290280,31897531,50694113,74664006,101564502,127194257,143665284,151039696,150985723,149774878,151427518,152338183,155766404,166076229,178225433,194344387,201187160,182280799,141202604,93257945,55722418,29676163,15499296,7819107,3950094,2085973,1131568,616861,367663,226057,142183,91439,60009,40139,27294"
christian,2028,"0,0,0,0,0,0,0,246,3968,21741,85002,301546,1222809,4016544,9414633,17889047,31293167,49466679,72594670,99177395,125943212,144080679,153348619,154460728,152657025,153565570,155393091,158419332,167568298,178686612,193776053,201970050,184513029,144700741,96716518,58488579,31463386,16491449,8359400,4219379,2221552,1204889,653539,387602,238108,149656,96199,63101,42205,28696"
christian,2029,"0,0,0,0,0,0,0,145,3362,19252,77386,264619,1070919,3664940,8901635,17105783,30228757,47985323,70657932,96881623,125032744,145351895,156744099,158690110,156290916,155817516,157497822,159937957,168389594,178416159,193066858,202667266,187002089,148643067,100474534,61279989,33259729,17517318,8926921,4505609,2360364,1280515,692117,407861,250318,157217,101003,66229,44296,30130"
christian,2030,"0,0,0,0,0,0,0,145,3650,20745,81135,280222,1129491,3827630,9262768,17807393,31372595,49661841,72856165,99514305,127867208,148208381,159466560,161128619,158367079,157552233,158887638,161137621,169474824,179400029,194019017,202655097,186552562,147453604,99690199,60907576,33149352,17482885,8920284,4504823,2360934,1280737,692504,408806,251504,158362,102023,67096,45019,30718"
christian,2031,"0,0,0,0,0,0,0,61,3099,18678,75143,260964,1031559,3576815,8900910,17302756,30784092,49097249,72544247,99489427,128580657,149716226,161805323,163919998,160889819,159218065,160201448,162133776,170681136,180556126,195330670,204548783,189118640,150206289,101651079,61956028,33692251,17772952,9070157,4579275,2399008,1301666,704934,417068,257199,162334,104819,69090,46452,31771"
christian,2032,"0,0,0,0,0,0,0,0,2652,16510,67806,236857,933681,3329091,8544388,16886472,30277602,48751388,72739236,100087250,129807048,151462124,163816402,165891948,162720940,160702204,161342597,162971796,171618302,181961384,196880976,206553308,191611218,152663591,103544591,63098086,34289942,18062735,9213336,4643481,2424637,1310090,707020,417489,257225,162284,104804,69148,46563,31927"
christian,2033,"0,0,0,0,0,0,0,0,2163,14404,63415,219760,890611,3267971,8500631,16874467,30313216,48755606,72379289,99389709,129404012,152242831,165684760,168594871,165692590,163255053,163658628,165322372,173521957,183147322,197215682,207616460,192973612,154836448,105192012,64241153,34923114,18333424,9338293,4703449,2454935,1325954,715832,423372,261337,165201,106925,70694,47705,32797"
christian,2034,"0,0,0,0,0,0,0,0,1872,13170,57503,198451,790382,2987999,8056457,16312661,29586614,48103948,71989028,99200758,129620635,153497700,167782231,171207349,168332757,165440752,165483423,166152215,173695066,183311200,197314464,208154402,195114455,157750569,108285529,66644408,36635957,19356520,9934825,5008667,2603559,1403580,754275,442006,272307,171872,111101,73403,49518,34035"
christian,2035,"0,0,0,0,0,0,0,0,1516,11466,51714,181961,757649,2949406,8042046,16350611,29654461,48108888,71505082,98212993,128625308,153570381,169105595,173371705,170847634,167356563,167080326,167940497,175554127,185124102,199214650,210466275,197549657,159963865,110092778,67751576,37230386,19654711,10086988,5081320,2645060,1431565,772537,454984,281615,178512,115832,76759,51932,35768"
christian,2036,"0,0,0,0,0,0,0,0,1286,9903,46005,165825,679343,2706421,7625348,15777468,28824752,47254584,70707836,97563362,128333079,154574096,171212129,176482414,174134481,169953970,168869076,169143971,176082865,185942432,199808857,211657790,199849269,163338077,112823797,69480567,38172153,20076896,10289776,5175819,2691573,1461461,792230,469130,291793,185798,121026,80489,54605,37698"
christian,2037,"0,0,0,0,0,0,0,0,1288,9569,42437,149951,598497,2449289,7158941,15172269,27987325,46554664,70497511,98106947,129587837,156947890,173893702,179160737,176021928,171416927,170125095,170969342,178207408,188221639,201625857,213006862,200998872,164454475,113817543,70173806,38592457,20292705,10406865,5238965,2724657,1480685,802634,476060,296656,189258,123512,82300,55946,38713"
christian,2038,"0,0,0,0,0,0,0,0,995,8202,37853,137224,571326,2415625,7151554,15239369,28168462,46841381,70596262,97927145,129350743,157210104,174898602,181085785,178685514,173591242,171742988,172497294,179241458,188847630,202272937,214493268,203298725,167324540,115971336,71499754,39237897,20598583,10549472,5301345,2755144,1498055,813332,483232,301662,192795,126048,84141,57305,39746"
christian,2039,"0,0,0,0,0,0,0,0,840,7258,33915,123679,499702,2172368,6677524,14600806,27223192,45862758,69668727,97273489,128902680,157957454,176660546,183830104,181623238,175931408,173552692,174303955,180729679,190594439,203823155,216019255,205242702,169759378,118159322,72924257,40092570,20994116,10747088,5401447,2808435,1528675,831095,495100,309834,198530,130116,87066,59408,41297"
christian,2040,"0,0,0,0,0,0,0,0,702,6427,31269,115296,443733,1954167,6220893,13981263,26307588,44866364,68682112,96526899,128238239,158538796,178366983,186830879,185052178,179099822,175935674,176178295,181699920,191336241,203835152,216258575,206632644,171725012,120612980,75147793,41831011,22032060,11357021,5719084,2966931,1610373,871189,513084,320202,204707,133926,89538,61058,42446"
christian,2041,"0,0,0,0,0,0,0,0,492,5688,27541,104983,417997,1916306,6191208,13981002,26346517,44877220,68442864,95699286,127034403,157982458,179056884,188927401,187753202,181703698,178115601,177938447,182870513,192735149,205338329,218007636,208718342,174324375,122603374,76394837,42470963,22365401,11534821,5809059,3012052,1632993,881276,518372,323340,206666,135244,90446,61748,42983"
christian,2042,"0,0,0,0,0,0,0,0,405,5124,24758,96220,375004,1736153,5793315,13449216,25596883,44254501,68242665,96486083,128276279,159828695,181000024,190780379,189243533,183112374,179372566,179338169,184201752,193675290,205940754,218970707,210321402,176670274,124958066,77981117,43414655,22773412,11716414,5894756,3050708,1652339,893273,526501,329098,210737,138184,92589,63328,44150"
christian,2043,"0,0,0,0,0,0,0,0,344,4524,22244,86915,327043,1538069,5329186,12768948,24568428,43010989,66924865,95499906,127446560,160361849,183284575,194623730,193464308,186639567,181797328,181252683,185604509,195284169,207322945,220297493,211872027,178165963,126171443,78734557,43868679,23011195,11845956,5965983,3088562,1674217,905199,533937,334241,214377,140779,94485,64724,45213"
christian,2044,"0,0,0,0,0,0,0,0,248,4322,20780,79618,305579,1502217,5297904,12774342,24627469,43067307,66804490,94727649,126239294,159458710,183627037,196351345,195903390,189223635,183799743,182965629,187098220,196911999,208832891,221854701,213696477,180678102,128272410,80129808,44609667,23387452,12037903,6063111,3137914,1700456,919781,542699,340136,218436,143633,96536,66217,46324"
christian,2045,"0,0,0,0,0,0,0,0,240,3742,18729,72409,267853,1328814,4863163,12111283,23628018,41792624,65468739,93631915,125108634,159067595,184574297,198696604,199012069,192286806,186159512,184895852,188472186,198336083,209862827,223291813,215994538,183433229,130887057,81977191,45750838,23884564,12257546,6167376,3186332,1726181,934469,551706,346288,222693,146652,98692,67798,47505"
christian,2046,"0,0,0,0,0,0,0,0,240,3276,17031,66064,243598,1202126,4523284,11588821,22889460,40834727,64580651,93117836,124849440,159429699,185816232,201054494,202379203,195995021,189212952,187354642,190757537,200176336,211265476,224314987,216950743,184427004,131811359,82515243,46048108,24034875,12334643,6208777,3207594,1737916,941760,556813,350131,225537,148808,100340,69037,48471"
christian,2047,"0,0,0,0,0,0,0,0,157,2875,15586,59618,219682,1135786,4422970,11481792,22801283,40843201,64732978,93444123,125225160,159962799,186644655,201972238,203275659,196865109,190189509,187987471,190906495,200202615,210815330,224473777,218747732,187639772,135324393,85487352,48196518,25301700,13070705,6593282,3393906,1832917,995770,580774,364727,234688,154676,104240,71687,50317"
christian,2048,"0,0,0,0,0,0,0,0,157,2590,13861,55360,203322,1014176,4067842,10903073,21949019,39685604,63503287,92414879,124203104,159424130,187518500,204032026,206175909,199957110,192622812,190267423,193309140,202688369,213215328,226580613,220342102,188973342,136457661,86306195,48718548,25572463,13209583,6666393,3429827,1848967,1003578,584348,367087,236359,155910,105181,72442,50918"
christian,2049,"0,0,0,0,0,0,0,0,157,2407,13008,50468,188036,983362,4034500,10897007,21991911,39706843,63381368,91740571,123016370,158330151,188145289,206570663,209958778,203679460,195250470,191921656,194080591,203157190,213912302,227248169,221494827,190540047,138236290,87505299,49524223,25945377,13383747,6759857,3475667,1874345,1018670,593045,373136,240623,158973,107421,74095,52167"
christian,2050,"0,0,0,0,0,0,0,0,156,2152,11414,45373,166691,854127,3643909,10221801,21018445,38362206,61998819,90549787,121885167,157530486,188706324,208368433,213136688,207292147,198203271,194066290,195889273,204576969,214764190,228516639,223728304,193177032,140412605,88887586,50226729,26264026,13540489,6835937,3508708,1890604,1028455,599570,377768,243955,161398,109216,75454,53197"
christian,2051,"0,0,0,0,0,0,0,0,69,2030,10698,41596,149239,742548,3281347,9561029,20072416,36983144,60545583,89288446,120806334,156727574,189200926,209921551,215925940,210497578,201133511,196679230,198545503,206966753,216874093,230137584,225130582,194645874,141832824,89880760,50824690,26596288,13713100,6927284,3557594,1918023,1045283,609151,384362,248547,164676,111584,77204,54502"
christian,2052,"0,0,0,0,0,0,0,0,69,1906,9921,37575,136841,711684,3233714,9502913,20037952,36937728,60379030,88756280,119625226,155088968,188215665,210518811,218229647,213650913,204179949,199068167,200198656,208327904,218276703,231802231,226879310,196429805,143458017,90983864,51509769,26945121,13895303,7028394,3607317,1944831,1061605,618134,390499,252849,167713,113792,78816,55716"
christian,2053,"0,0,0,0,0,0,0,0,69,1752,8806,33731,122296,615726,2905866,8886891,19172343,35738908,59288800,88228632,119921920,155932045,189913787,212450078,220403555,215584437,205973213,200758595,201980677,209906894,219248266,232110228,228060623,198045279,145494034,92377918,52431396,27374295,14080197,7115893,3649374,1964374,1072704,625469,395662,256513,170368,115737,80274,56820"
christian,2054,"0,0,0,0,0,0,0,0,15,1546,8198,30776,110534,533271,2598279,8260249,18277550,34389897,57802911,86799081,118923165,155458149,191011099,214879577,224311125,219771247,209189078,202627801,203086873,210634023,220036022,233202920,229326850,199616008,147080830,93518903,53138446,27756609,14279206,7221728,3703739,1993641,1090184,634823,401977,260911,173487,117991,81940,58080"
christian,2055,"0,0,0,0,0,0,0,0,15,1439,7335,28607,101413,493660,2512756,8124423,18066526,34068743,57365034,86052274,117413558,153502366,189587854,214907291,226025580,222397778,211834002,204597294,204504538,211597246,220874084,233602155,230521406,201606670,149907193,96159570,55282620,29071762,15042366,7628417,3907220,2098896,1151637,663945,420737,273339,181855,123762,85961,60919"
christian,2056,"0,0,0,0,0,0,0,0,15,1398,6568,26268,94975,447003,2297349,7646224,17420866,33096929,56262776,84848929,116215876,151962018,188792779,215662800,228650282,226064414,215657412,207564348,206974730,213315667,222063875,234622695,231988814,203370576,151563699,97206970,55853043,29329986,15176803,7696834,3939932,2113739,1161086,670489,425581,276925,184506,125756,87477,62073"
christian,2057,"0,0,0,0,0,0,0,0,15,1391,6434,24933,86389,385097,2029579,7027256,16499826,31691377,54613510,83184209,114890797,150617182,188347925,216820650,231540341,229730369,219453272,210480364,208994876,214664362,223272049,235497244,233245928,204903931,153658423,98707834,56924786,29880858,15438182,7836596,4012791,2150776,1182209,682356,433146,282095,188137,128351,89375,63489"
christian,2058,"0,0,0,0,0,0,0,0,10,1223,5720,22966,79342,351766,1943302,6865606,16245175,31362972,54196974,82664907,113910693,149278816,187263802,217237382,233438926,232481737,222195923,212351687,210516848,216073346,224982230,237103706,235102752,206577813,155251663,99787690,57594092,30261993,15633717,7942818,4070165,2182351,1200857,693048,439798,286644,191332,130643,91072,64751"
christian,2059,"0,0,0,0,0,0,0,0,10,1222,5350,21418,72840,314625,1749750,6379674,15535203,30291533,52896328,81223324,112525721,147491376,185950033,217603800,236024085,236716392,227108652,216247492,213220908,217942297,226105998,237922937,236165816,207757087,156402849,100615927,58144565,30528904,15755755,8004529,4097548,2191415,1202949,693655,440107,286887,191531,130862,91285,64986"
christian,2060,"0,0,0,0,0,0,0,0,10,1177,4885,20400,69346,283485,1559640,5865653,14711466,29018045,51360686,79844716,112115969,147529009,186690738,218904734,237615369,238371316,228598151,218010760,215194778,219923923,228470573,239615948,237748451,209281807,158055998,101684897,58778123,30871137,15949905,8113227,4159401,2224935,1222837,705084,447054,291603,194834,133230,93029,66279"
christian,2061,"0,0,0,0,0,0,0,0,10,1144,4527,18958,64061,260674,1490189,5727655,14492956,28724297,50982003,79380378,111170755,146128568,185342105,218415542,238327909,240310306,231260358,220030766,216825730,221276016,230025736,241407638,239862099,211446623,160070999,103078025,59652685,31321622,16167463,8227671,4219007,2253624,1238963,714641,452696,295573,197680,135329,94591,67477"
christian,2062,"0,0,0,0,0,0,0,0,10,1142,4372,17942,59317,237019,1329078,5267407,13736514,27613729,49493905,77790409,109846640,144596009,184190649,219069858,240851196,244538692,235698189,223430368,219056135,222848754,230830515,241382316,240456587,212513738,161851446,104487313,60652571,31847408,16380569,8325272,4266058,2275791,1255045,728024,463577,304102,204238,140324,98376,70360"
christian,2063,"0,0,0,0,0,0,0,0,10,1003,4066,16788,55072,220766,1186210,4846241,13051055,26603606,48244351,76467360,108678324,142911760,182192588,218275705,241635924,247234901,239272851,226770270,221980582,225159468,232934055,243441989,242511481,214113174,163232246,105419530,61296553,32219333,16585169,8442214,4330588,2310268,1275561,740148,470538,308824,207545,142683,100127,71661"
christian,2064,"0,0,0,0,0,0,0,0,9,979,3688,15498,50863,198691,1117404,4708583,12825577,26248921,47702530,75680659,107498683,140936840,179883233,216981825,242159427,249817814,242848764,229914566,224007953,226170846,233538883,243787404,243254154,215610550,165499759,107679588,63211544,33452859,17335170,8848632,4543194,2417188,1336213,769213,489024,321293,216102,148691,104430,74805"
christian,2065,"0,0,0,0,0,0,0,0,9,976,3568,14669,46310,177598,965021,4233466,11979206,24992384,45979608,73903293,106236657,139853701,178887491,216843697,243273413,252566140,246222519,233248787,226505230,228065890,235064021,244841419,244676985,217393242,167488073,109135795,64054252,33892421,17538961,8948307,4589929,2434849,1344688,774135,492316,323522,217693,149840,105293,75466"
christian,2066,"0,0,0,0,0,0,0,0,4,962,3382,13494,42702,165637,866510,3880655,11323413,24081401,44729353,72612486,104955924,138214625,176859141,215811254,244124872,255762989,250150539,236870814,229041411,230046151,236757007,246669332,246379313,218923160,168793783,110005446,64603286,34216103,17725019,9054287,4650866,2468310,1363301,785632,498402,327165,219727,150828,105639,75436"
christian,2067,"0,0,0,0,0,0,0,0,4,806,3197,12946,41009,153229,809228,3743912,11071907,23656588,44069407,71676009,103756925,136173593,174395958,213917654,244129224,258062103,253920586,241001892,232113449,232117171,238463130,247272279,247320518,220141797,170660204,111563546,65756668,34853338,17987982,9178925,4709669,2494178,1377155,795027,505157,332105,223315,153489,107633,76952"
christian,2068,"0,0,0,0,0,0,0,0,4,805,3010,11884,38299,140185,699015,3343030,10264548,22451094,42327423,69907757,102580508,136059886,175055832,215299082,245524456,259737260,255582852,242867761,234229191,234051398,239934482,248631283,248652891,221493153,172272026,112665586,66454210,35247639,18205950,9301333,4778819,2531678,1396212,804730,509102,334198,224498,154176,108081,77265"
christian,2069,"0,0,0,0,0,0,0,0,4,804,2994,11234,36088,129007,604421,2972079,9482366,21280225,40564855,67976629,100756764,134446328,173393338,214424216,246283440,262648180,259309268,246357266,236397083,235627476,241466906,250567937,250820809,223424479,173980483,113890369,67209773,35699183,18453445,9445263,4860556,2572056,1417751,817122,515055,337905,226892,155790,109210,78084"
christian,2070,"0,0,0,0,0,0,0,0,4,801,2967,10599,36288,131577,606733,2974480,9463710,21202181,40368965,67461630,99918824,132670548,170722433,211584148,245233665,264055467,262828623,250943934,240106898,238337699,243393306,251906795,251954641,224593655,175007334,114714028,67677285,35974017,18594417,9519111,4899447,2594671,1428380,823820,519836,341389,229456,157706,110669,79229"
christian,2071,"0,0,0,0,0,0,0,0,4,799,2937,10097,34582,122618,538777,2673467,8814044,20292482,38976074,65972769,98483600,131399996,168919567,209848580,244517777,265064942,265266507,254228235,242910579,240715170,245512342,254142940,254025024,226553844,176781326,116159658,68656584,36578886,18912712,9705251,5005215,2651049,1458798,842615,530215,348365,234270,161103,113126,81028"
christian,2072,"0,0,0,0,0,0,0,0,4,797,2870,9461,34478,121096,495424,2413916,8157215,19241538,37279055,63997347,96468603,129908491,167260426,208564424,244780660,267468305,269554401,259065435,246692738,243301200,247184438,254730287,254461880,227212929,178238897,117305015,69491819,37059634,19119902,9801766,5051645,2673340,1470367,850726,536208,352806,237573,163584,114984,82453"
christian,2073,"0,0,0,0,0,0,0,0,4,680,2735,8681,31917,111230,437300,2133769,7457842,18129951,35565839,61965837,94429078,128385320,165329483,206566398,243764868,268041319,272238599,262916024,250485051,246754958,249760923,256943140,256470750,229011996,179879523,118582334,70279074,37531572,19385649,9950533,5136105,2719718,1496441,866045,544150,357811,240914,165901,116647,83682"
christian,2074,"0,0,0,0,0,0,0,0,4,678,2718,8160,32492,113862,432882,2095337,7353915,17900630,35105541,61174547,93351606,126764616,163011667,204131983,242338297,267982104,274290163,266521049,253813107,249241923,251587078,258761462,258509233,230965779,181491785,119723429,70980276,37943997,19597738,10072622,5205270,2756926,1515637,877712,550583,361929,243865,168036,118254,84896"
christian,2075,"0,0,0,0,0,0,0,0,4,653,2670,7990,32220,114036,422775,1949394,6907567,17204453,34022174,59896728,92029130,125959073,161794869,202769810,241555550,268615950,277035957,270034000,257036487,251748611,253681289,260541203,259808671,232025376,182433121,120506802,71435749,38220500,19748532,10153034,5247311,2780565,1527942,885396,555955,365791,246686,170160,119851,86115"
christian,2076,"0,0,0,0,0,0,0,0,4,650,2653,7426,30093,104221,382338,1725046,6308636,16200879,32454123,57849503,89922769,124740420,160908360,202444603,242550586,270536025,279461193,272064620,258397435,252263625,253439360,260266031,260451298,233735979,184886019,123306318,73752906,39783463,20637782,10638278,5498646,2908341,1595063,914785,572398,375826,253259,174601,122921,88294"
christian,2077,"0,0,0,0,0,0,0,0,0,639,2564,7080,28085,97833,356774,1530331,5724760,15151187,30816446,55639071,87421518,122489321,158320497,199811299,241073958,270916413,282488823,276481003,263056000,256379604,256753438,262638212,261960289,235128424,186304061,124272699,74331291,40080777,20795683,10721476,5540844,2930302,1605677,921660,577685,380222,257065,177947,125860,90898"
christian,2078,"0,0,0,0,0,0,0,0,0,525,2455,6721,28782,103642,370544,1539522,5698638,15024672,30420501,54763835,85962117,120356284,155005895,196122383,238811039,271444134,285910897,281141409,267120395,258646656,257775823,263375664,263392941,236938914,188053184,125827757,75288112,40682083,21112794,10896157,5639775,2983525,1633730,938914,587922,386533,261506,181132,128186,92634"
christian,2079,"0,0,0,0,0,0,0,0,0,525,2437,6347,26454,97225,344012,1365554,5165432,14073295,28971491,52639505,83659871,118367894,152747963,194061989,237504236,271221707,287783680,284618351,271373086,262416730,261126291,266090574,265298888,238345721,189295555,126754636,75941030,41089923,21278587,10966668,5671339,3000913,1643910,946729,595463,393086,266546,185020,131207,94991"
christian,2080,"0,0,0,0,0,0,0,0,0,524,2418,6197,24353,91265,324876,1243073,4738661,13247973,27782683,50979939,81845741,116703270,150731839,191424869,235084964,270470122,289662618,288320877,276052644,266404437,263832558,268060089,267066266,239723933,190522414,127839503,76618703,41515838,21528315,11108610,5754428,3049654,1670538,962811,604888,398829,270552,187881,133297,96538"
christian,2081,"0,0,0,0,0,0,0,0,0,518,2379,5847,22478,85701,306790,1119886,4302711,12365264,26417509,48843903,79432005,114593151,148907205,189759696,234256057,271579416,293323079,293142339,280581340,269166304,265291613,268745214,267738072,240568544,191616313,128791944,77192139,41882351,21705027,11203115,5807996,3080502,1690721,978888,617395,407932,276940,192307,136367,98671"
christian,2082,"0,0,0,0,0,0,0,0,0,517,2368,5799,21629,79473,281856,1035149,4123069,12072777,25956264,48063837,78282275,113031118,145951105,185845093,230328471,269687160,293944984,296164896,285038047,273179348,268725906,271742788,270275163,242392204,192904611,129822982,77895872,42337642,21963242,11348207,5891217,3128848,1715952,994434,626725,413459,280847,195128,138439,100245"
christian,2083,"0,0,0,0,0,0,0,0,0,514,2306,5564,20800,78565,278034,965039,3787100,11338881,24856526,46220798,76228332,111298695,145096929,185675135,231399375,271452839,296670623,299146712,287648748,275020321,269671788,272108989,270530267,243062910,193960439,130721165,78419148,42600568,22104495,11424063,5931974,3150254,1726828,1001616,632100,417495,283874,197445,140221,101616"
christian,2084,"0,0,0,0,0,0,0,0,0,512,2296,5352,19063,72779,257981,863479,3388683,10447275,23489414,44052216,73611275,108735504,142725239,182670185,228461698,269982038,297360698,301923137,291916261,279053063,273059456,275135396,273427736,245594798,195828096,132065852,79279169,43156181,22400230,11593618,6035211,3210009,1759030,1020946,643919,424375,288623,200804,142656,103432"
christian,2085,"0,0,0,0,0,0,0,0,0,398,2149,5110,18376,72226,255587,833556,3170933,9879456,22714497,42779795,71931288,106886276,140777657,179559734,225074033,267972635,298029109,305522145,297358301,284095512,276840828,277293640,274794412,246568020,196609912,132710029,79708331,43436217,22556616,11674842,6077623,3231713,1771445,1029011,649841,428784,291916,203293,144565,104893"
christian,2086,"0,0,0,0,0,0,0,0,0,395,2135,4983,17838,76009,272420,871843,3214542,9905627,22687958,42532130,71291634,105635737,138407241,175993581,221038169,265641440,298023615,307915104,300716388,286691440,278466440,278573854,276656018,248635386,198809693,134771726,81084569,44320517,22990552,11895124,6198321,3298423,1807004,1050524,663136,436446,297200,207030,147258,106879"
christian,2087,"0,0,0,0,0,0,0,0,0,394,2122,4890,16730,71620,257253,802663,2894127,9084772,21393364,40567034,68781211,103033021,136442398,173524647,218562454,264050531,298233023,310939985,305885552,291860745,282658572,281648721,278718765,249863744,199471423,135190988,81369815,44521170,23127312,11978514,6246474,3323135,1818290,1057077,667895,440020,299872,209071,148830,108121"
christian,2088,"0,0,0,0,0,0,0,0,0,392,2108,4820,15946,68144,245541,750390,2630462,8375360,20241275,38822585,66512182,100712670,134840990,171557523,216741852,263420580,299285398,314241928,310388428,296101160,285549195,283555951,279971866,250712175,200091561,135779408,81791597,44774289,23247218,12034879,6275089,3337269,1825322,1060657,670920,442518,301897,210689,150133,109191"
christian,2089,"0,0,0,0,0,0,0,0,0,389,2054,4680,14894,64516,234913,710082,2394916,7721400,19155882,37158625,64213792,98242091,132997847,169164806,213718722,260635636,297802670,315397550,313579982,300244175,289115315,286070884,282399061,253216289,202594288,137894952,83117823,45559082,23673924,12267337,6408421,3410765,1863316,1082967,685246,452234,308714,215523,153641,111767"
christian,2090,"0,0,0,0,0,0,0,0,0,389,2027,4621,14384,60073,219822,662293,2151406,7023092,17929423,35417643,61896096,95945949,131764286,168258403,212968200,260285873,298381405,318364459,317403916,304090522,291325793,287472778,283362685,254092134,203374161,138432389,83452081,45735514,23760886,12309295,6429217,3420056,1866602,1085173,687297,454126,310311,216883,154791,112722"
christian,2091,"0,0,0,0,0,0,0,0,0,374,1996,4492,14088,61352,225489,677903,2188030,7107047,18162925,35740788,61881800,95578241,130506725,165731419,209904343,257618872,297123077,318521160,319282105,306798648,294080103,289657536,285523191,255836164,204538173,139192381,83985276,46070830,23978293,12442919,6510429,3468570,1895598,1102488,697949,459844,314300,219747,156898,114305"
christian,2092,"0,0,0,0,0,0,0,0,0,372,1983,4605,15248,62055,228457,680719,2085169,6688146,17324529,34345567,59567879,92730977,128017016,162874532,206595477,254453609,295082006,319369180,322192071,310895528,297704224,291865869,287413065,258126705,206861001,141700014,86021587,47486898,24814229,12890131,6744487,3587765,1955951,1126556,711574,468829,320396,224009,159948,116542"
christian,2093,"0,0,0,0,0,0,0,0,0,293,1878,4578,17271,68864,247109,717280,2057077,6406837,16720197,33326429,57490873,89856190,125219708,159684769,203264920,251997727,294605959,321554580,326297503,315511142,301146022,293951292,289281168,259811131,208312160,142957819,86925202,48031316,25132376,13072420,6847098,3645715,1989751,1146394,724070,475627,325148,227418,162430,118405"
christian,2094,"0,0,0,0,0,0,0,0,0,290,1868,4385,17584,68865,245980,708413,1942881,5943698,15726828,31923750,55398917,87248946,122902888,157242421,200237943,248931782,293044812,322888706,330503458,321192382,305963743,297471814,291743814,261387171,209202103,143436402,87198980,48178548,25213329,13119877,6875453,3661905,1998728,1151926,728236,478825,327622,229342,163970,119632"
christian,2095,"0,0,0,0,0,0,0,0,0,288,1856,4188,16158,63249,229634,667111,1795929,5471620,14778345,30651387,53584184,85170296,121068801,155297872,197779919,246745376,291861230,323636966,333234170,324850897,309280299,299778460,293454194,262939861,210761512,144962413,88289630,48903115,25557162,13275845,6950731,3695300,2011803,1157831,732360,481785,329777,230921,165130,120523"
christian,2096,"0,0,0,0,0,0,0,0,0,291,1846,4077,15187,58714,214288,624648,1651195,4975707,13674885,29092151,51363137,82342058,118383362,152659649,194483120,243441002,289917194,323983197,336381600,329713338,313746181,303089275,296231503,265484701,212649837,146378048,89242675,49497136,25892544,13461294,7061805,3760666,2047565,1178023,744928,488497,334443,234262,167580,122367"
christian,2097,"0,0,0,0,0,0,0,0,0,274,1773,3973,15069,58337,213874,623934,1652511,4983574,13669349,29042881,51198252,81912932,117681891,151541459,193081811,242061444,289725573,325052641,338244215,331389079,314940433,303718157,296659199,266089967,213403271,147080566,89701957,49740899,26016070,13525627,7095891,3777345,2055688,1181557,747877,490937,336429,235871,168881,123422"
christian,2098,"0,0,0,0,0,0,0,0,0,273,1763,3920,14238,55681,202626,588131,1522291,4518277,12629932,27606184,49356957,79708580,115556775,149441596,189861534,238520195,286808498,323912067,340344977,335777919,319836592,307871489,299955548,268760499,215211572,148191191,90432414,50185001,26289808,13697298,7200308,3840850,2094031,1205119,762918,499326,342149,239964,171874,125657"
christian,2099,"0,0,0,0,0,0,0,0,0,270,1748,3882,13393,52955,189421,543511,1377906,4032764,11487468,25871034,46984941,76669918,112538238,146819048,186457182,235373654,285353728,324991373,344242389,340991342,324330702,311020054,302243095,270706512,216682596,149326845,91193721,50646280,26537670,13816588,7265834,3875563,2109634,1212129,767554,504336,345898,242710,173932,127211"
christian,2100,"0,0,0,0,0,0,0,0,0,268,1733,3827,12517,49736,176837,506241,1267918,3646847,10560475,24505328,45202654,74324999,110104427,144690723,183352253,232004793,283128572,325047252,347398307,346118006,329502107,314987088,304909759,272319073,217597467,149809432,91454184,50782939,26597620,13847468,7281529,3883801,2112601,1213883,769199,505868,347232,243858,174897,128060"
eastern_religions,1800,"0,0,0,0,0,21,153,1180,23910,154083,774187,3092720,10765024,27446162,47195550,68341149,86537275,90954111,82122431,63464649,41898801,24909239,14341234,8126533,4536664,2458597,1398594,838879,497565,278952,148267,79383,44577,25326,14189,7541,3683,1634,618,243,95,15,1,0,0,0,0,0,0,0"
eastern_religions,1801,"0,0,0,0,0,21,152,1179,23973,154605,777181,3105162,10808547,27556951,47383669,68606234,86859964,91277553,82399509,63668171,42028616,24984710,14383532,8149624,4548938,2464941,1402068,840893,498740,279604,148611,79568,44685,25382,14212,7560,3688,1635,621,244,96,15,1,0,0,0,0,0,0,0"
eastern_religions,1802,"0,0,0,0,0,21,152,1177,24041,155139,780205,3117725,10852417,27668552,47573203,68873396,87185297,91603783,82679032,63873572,42159682,25060928,14426263,8172945,4561346,2471353,1405585,842938,499928,280262,148961,79758,44787,25444,14250,7571,3705,1639,625,244,99,15,2,0,0,0,0,0,0,0"
eastern_religions,1803,"0,0,0,0,0,21,152,1180,24110,155671,783253,3130391,10896623,27780974,47764141,69142632,87513270,91932790,82960998,64080832,42291991,25137897,14469422,8196511,4573895,2477841,1409148,844998,501121,280930,149313,79951,44898,25502,14281,7591,3709,1645,625,245,99,15,2,0,0,0,0,0,0,0"
eastern_religions,1804,"0,0,0,0,0,21,151,1503,28548,188134,939746,3617215,12077673,29598679,49627744,70798391,87918314,91053940,81496740,62722765,41445248,24649015,14215828,8073182,4514522,2454106,1402812,842642,500840,281383,149840,80424,45263,25772,14415,7621,3686,1635,624,244,99,16,2,0,0,0,0,0,0,0"
eastern_religions,1805,"0,0,0,0,0,21,151,1503,28640,188839,943573,3632310,12127884,29720687,49829301,71078250,88251939,91382872,81775444,62926451,41575476,24724839,14258467,8096549,4526998,2460585,1406396,844727,502057,282061,150206,80620,45377,25836,14451,7643,3692,1640,626,245,99,16,2,0,0,0,0,0,0,0"
eastern_religions,1806,"0,0,0,0,0,21,151,1505,28733,189614,953948,3726548,12415702,30246757,50544435,72245995,89336996,92178827,81936598,62369251,40821425,24181027,13918712,7899428,4394921,2384673,1366081,819942,483817,269828,143566,77421,43674,24833,13885,7349,3547,1575,590,229,89,15,2,0,0,0,0,0,0,0"
eastern_religions,1807,"0,0,0,0,0,21,150,1506,28825,190328,957853,3742055,12467134,30371287,50749929,72531856,89677434,92514216,82219877,62575097,40952357,24257091,13961431,7922834,4407378,2391128,1369653,822003,485017,270502,143924,77616,43788,24897,13920,7366,3551,1575,590,231,89,15,2,0,0,0,0,0,0,0"
eastern_religions,1808,"0,0,0,0,0,21,150,1510,28923,191043,961792,3757684,12518942,30496687,50956886,72819850,90020550,92852387,82505580,62782768,41084514,24333895,14004582,7946472,4419958,2397654,1373263,824101,486227,271174,144290,77811,43897,24963,13963,7388,3569,1581,594,232,90,15,2,0,0,0,0,0,0,0"
eastern_religions,1809,"0,0,0,0,0,21,149,1510,29017,191762,965761,3773434,12571129,30622965,51165320,73109993,90366360,93193336,82793707,62992273,41217884,24411427,14048140,7970351,4432668,2404247,1376911,826207,487449,271860,144658,78020,44016,25033,13994,7406,3578,1584,596,233,90,16,2,0,0,0,0,0,0,0"
eastern_religions,1810,"0,0,0,0,0,21,149,1512,29184,192999,972368,3798869,12654185,30823449,51494234,73562258,90896413,93706154,83218438,63295371,41408622,24521478,14109412,8003365,4449925,2412999,1381664,828899,488979,272708,145114,78266,44160,25111,14041,7430,3583,1587,599,235,90,16,2,0,0,0,0,0,0,0"
eastern_religions,1811,"0,0,0,0,0,21,149,1513,29351,194481,987561,3917497,12996942,31441395,52366342,74937926,92157210,94637070,83458970,62787407,40718383,24037078,13805311,7822804,4328533,2343389,1344638,805414,471493,261198,138956,75316,42555,24172,13513,7155,3453,1520,560,222,81,15,3,0,0,0,0,0,0,0"
eastern_religions,1812,"0,0,0,0,0,21,149,1515,29543,195884,995110,3946580,13091754,31669862,52740552,75451932,92757481,95215688,83935730,63125234,40929833,24158778,13872895,7859092,4347388,2352896,1349790,808318,473125,262098,139440,75582,42712,24253,13564,7181,3462,1523,563,222,81,16,3,0,0,0,0,0,0,0"
eastern_religions,1813,"0,0,0,0,0,21,149,1523,29754,197484,1003632,3979211,13197772,31925137,53158341,76024891,93425132,95857649,84463356,63498249,41162958,24292818,13947252,7898906,4368031,2363269,1355391,811464,474894,263068,139962,75865,42860,24346,13609,7208,3471,1531,564,223,81,17,3,0,0,0,0,0,0,0"
eastern_religions,1814,"0,0,0,0,0,21,150,1530,29986,199112,1012269,4012281,13305170,32183658,53581516,76605579,94102302,96509393,84999595,63877737,41400316,24429353,14023038,7939546,4389126,2373893,1361124,814695,476702,264060,140492,76159,43031,24436,13665,7239,3491,1533,567,225,81,17,3,0,0,0,0,0,0,0"
eastern_religions,1815,"0,0,0,0,0,21,150,2107,35793,234929,1153462,4457567,14549677,34074279,55429997,78330916,94854618,96228089,84154653,62916476,40681398,23967597,13752427,7790220,4309186,2338327,1346331,806998,472946,262214,139524,75662,42764,24335,13606,7195,3463,1531,571,225,81,18,3,0,0,0,0,0,0,0"
eastern_religions,1816,"0,0,0,0,0,21,150,2117,36078,236920,1163576,4495445,14670837,34355152,55877821,78938228,95551688,96890523,84694908,63296094,40918027,24103394,13827771,7830666,4330217,2348997,1352153,810292,474803,263236,140075,75963,42931,24431,13655,7223,3478,1534,573,225,81,18,3,0,0,0,0,0,0,0"
eastern_religions,1817,"0,0,0,0,0,21,147,2126,36359,239511,1186390,4641438,15076622,35070310,56910394,80504357,96973218,97927000,84986429,62823625,40281040,23668045,13554462,7663582,4218273,2285132,1318113,787988,458051,252422,134401,73233,41437,23548,13164,6971,3351,1471,543,212,73,18,3,0,0,0,0,0,0,0"
eastern_religions,1818,"0,0,0,0,0,21,147,2138,36649,241549,1196773,4680520,15201509,35359259,57371058,81130272,97691799,98610414,85543510,63214087,40523859,23807365,13631773,7705119,4239860,2296092,1324106,791385,459962,253467,134964,73538,41614,23645,13224,7000,3372,1482,544,213,75,18,3,0,0,0,0,0,0,0"
eastern_religions,1819,"0,0,0,0,0,21,147,2149,36927,243517,1206750,4718001,15321076,35635759,57811757,81729361,98380091,99266050,86079131,63590162,40757967,23941819,13706501,7745359,4260831,2306792,1329981,794730,461839,254500,135513,73841,41785,23745,13277,7034,3385,1484,545,214,76,19,3,0,0,0,0,0,0,0"
eastern_religions,1820,"0,0,0,0,0,21,149,2162,37210,245439,1216358,4753859,15435245,35899557,58232066,82301035,99037368,99893141,86592619,63951361,40983034,24071206,13778528,7784247,4281182,2317204,1335725,798013,463692,255509,136057,74137,41948,23831,13327,7053,3397,1490,545,215,77,19,3,0,0,0,0,0,0,0"
eastern_religions,1821,"0,0,0,0,0,21,149,2157,37371,246782,1223306,4781115,15529977,36132012,58606421,82809785,99620802,100460777,87067879,64288127,41196903,24197828,13848967,7822454,4301212,2327266,1341220,801103,465410,256448,136568,74412,42103,23923,13378,7085,3409,1495,549,217,78,20,3,0,0,0,0,0,0,0"
eastern_religions,1822,"0,0,0,0,0,22,147,2167,37618,248512,1231933,4812791,15629993,36362715,58972626,83304407,100184890,100994139,87500751,64590211,41384322,24305289,13908571,7854369,4317779,2335673,1345813,803723,466858,257237,136978,74634,42233,23994,13413,7099,3416,1500,550,218,80,20,3,0,0,0,0,0,0,0"
eastern_religions,1823,"0,0,0,0,0,22,148,2177,36836,230925,1155267,4626632,15436736,36397899,59144357,83718996,100968935,101957180,88268763,65045300,41651040,24442963,13983545,7890991,4339843,2351206,1355709,809528,469429,258598,137987,75339,42697,24324,13638,7260,3527,1567,574,225,81,20,4,0,0,0,0,0,0,0"
eastern_religions,1824,"0,0,0,0,0,22,151,2190,37100,232657,1164182,4661135,15545543,36645850,59539324,84253736,101576386,102524894,88730950,65361808,41842041,24551869,14044121,7924076,4356933,2360225,1360838,812652,471274,259547,138463,75594,42836,24395,13670,7272,3524,1563,575,226,81,21,5,0,0,0,0,0,0,0"
eastern_religions,1825,"0,0,0,0,0,22,151,3056,43943,273982,1324437,5178778,16981765,38647298,61452766,85940903,102127567,101996168,87654461,64262832,41049079,24060471,13757470,7769889,4275607,2325642,1346183,805098,467664,257761,137523,75112,42566,24281,13598,7222,3498,1565,575,225,82,21,5,0,0,0,0,0,0,0"
eastern_religions,1826,"0,0,0,0,0,22,153,3076,44243,275858,1333419,5212578,17090755,38893135,61836777,86462255,102725595,102569532,88128174,64598037,41258536,24181379,13825431,7807256,4295604,2336246,1352229,808670,469705,258865,138097,75416,42737,24373,13645,7244,3510,1571,579,225,82,21,5,0,0,0,0,0,0,0"
eastern_religions,1827,"0,0,0,0,0,17,130,2954,43815,275468,1338128,5241097,17195327,39134449,62218540,86987007,103331646,103152382,88610068,64939530,41472681,24305444,13895281,7845874,4316385,2347303,1358557,812409,471839,260016,138696,75742,42918,24472,13700,7270,3524,1572,580,227,82,21,5,0,0,0,0,0,0,0"
eastern_religions,1828,"0,0,0,0,0,17,130,2969,44110,277365,1347234,5275373,17305824,39383675,62607788,87515378,103937571,103733149,89089737,65278858,41684689,24427805,13964061,7883691,4336604,2358022,1364674,816018,473902,261134,139278,76049,43086,24561,13747,7294,3532,1577,582,228,82,21,5,0,0,0,0,0,0,0"
eastern_religions,1829,"0,0,0,0,0,17,130,2986,44361,278952,1354869,5304310,17399327,39594691,62938329,87967080,104460011,104239296,89512532,65580868,41874467,24537830,14026249,7918177,4355229,2367998,1370406,819429,475863,262189,139840,76349,43252,24653,13792,7316,3543,1584,584,228,82,21,5,0,0,0,0,0,0,0"
eastern_religions,1830,"0,0,0,0,0,17,130,3002,44568,280229,1361019,5327873,17475694,39767202,63209709,88341520,104898314,104670216,89878009,65845290,42041830,24635415,14081785,7949331,4372239,2377224,1375752,822638,477722,263204,140362,76636,43410,24739,13841,7346,3555,1587,587,229,83,21,5,0,0,0,0,0,0,0"
eastern_religions,1831,"0,0,0,0,0,17,131,3007,44647,280908,1363479,5335138,17501807,39835350,63318038,88498704,105118824,104987014,90242252,66176783,42309722,24817221,14191229,8011894,4409440,2398620,1387396,829424,481052,264991,141530,77322,43769,24947,13986,7456,3644,1643,610,233,83,22,6,0,0,0,0,0,0,0"
eastern_religions,1832,"0,0,0,0,0,17,131,3015,44752,281556,1366584,5347635,17542918,39928761,63468069,88714624,105384524,105264355,90491979,66366957,42434014,24891477,14234567,8037027,4423666,2406622,1392132,832335,482772,265935,142031,77593,43921,25028,14030,7477,3655,1647,613,234,83,22,6,0,0,0,0,0,0,0"
eastern_religions,1833,"0,0,0,0,0,18,134,3020,44821,281900,1368214,5354814,17567035,39983849,63559018,88853427,105566233,105465985,90682828,66516880,42533226,24951274,14269926,8058042,4435797,2413574,1396329,834952,484328,266789,142470,77830,44054,25107,14072,7497,3662,1653,616,234,83,22,6,0,0,0,0,0,0,0"
eastern_religions,1834,"0,0,0,0,0,18,131,2999,44699,281528,1367957,5358807,17587114,40035419,63646570,88989684,105748310,105670477,90877983,66671137,42636105,25014043,14307363,8080418,4448834,2421079,1400843,837784,486024,267719,142954,78088,44193,25180,14114,7520,3675,1659,616,234,83,22,7,0,0,0,0,0,0,0"
eastern_religions,1835,"0,0,0,0,0,18,130,3003,44746,281855,1369539,5365938,17611271,40090767,63738014,89129329,105931309,105873679,91070407,66822381,42736220,25074422,14343085,8101660,4461097,2428104,1405078,840436,487590,268577,143407,78326,44326,25256,14157,7543,3683,1666,619,234,83,22,7,0,0,0,0,0,0,0"
eastern_religions,1836,"0,0,0,0,0,18,130,3009,44806,282181,1371149,5373147,17635585,40146353,63829823,89269512,106114962,106077586,91263489,66974118,42836683,25134994,14378903,8122963,4473402,2435151,1409335,843096,489181,269438,143858,78571,44461,25329,14194,7562,3691,1669,621,236,83,22,7,0,0,0,0,0,0,0"
eastern_religions,1837,"0,0,0,0,0,18,130,3013,44869,282524,1372784,5380395,17659986,40202139,63921938,89410192,106299277,106282238,91457310,67126460,42937535,25195821,14414877,8144361,4485757,2442231,1413604,845765,490764,270301,144312,78809,44601,25403,14230,7580,3698,1674,622,237,83,22,7,0,0,0,0,0,0,0"
eastern_religions,1838,"0,0,0,0,0,18,130,3020,44927,282869,1374421,5387678,17684480,40258111,64014381,89551354,106484235,106487655,91651859,67279386,43038792,25256882,14451008,8165851,4498166,2449340,1417891,848451,492358,271175,144772,79063,44736,25481,14272,7601,3711,1679,625,238,83,22,7,0,0,0,0,0,0,0"
eastern_religions,1839,"0,0,0,0,0,18,132,3025,44983,283178,1375891,5394353,17707022,40309683,64100055,89683761,106659781,106684791,91840249,67428365,43137734,25316698,14486473,8187024,4510437,2456389,1422152,851113,493944,272043,145221,79307,44873,25551,14313,7621,3723,1683,628,239,83,22,7,0,0,0,0,0,0,0"
eastern_religions,1840,"0,0,0,0,0,18,133,3031,44993,283333,1375689,5391634,17698048,40294986,64080001,89668685,106688657,106822726,92073872,67672569,43357426,25476813,14584751,8244934,4545233,2477187,1433443,857782,497236,273761,146356,79996,45238,25765,14461,7735,3807,1736,654,244,83,23,8,0,0,0,0,0,0,0"
eastern_religions,1841,"0,0,0,0,0,18,133,3034,45042,283566,1376791,5396999,17716542,40337571,64151907,89783284,106845126,107003347,92250156,67813909,43452020,25534295,14619022,8265536,4557258,2484138,1437656,860436,498823,274619,146810,80233,45370,25839,14501,7758,3820,1741,656,246,85,23,8,0,0,0,0,0,0,0"
eastern_religions,1842,"0,0,0,0,0,18,136,3027,44989,283314,1375630,5395591,17721479,40363438,64203256,89872968,106975963,107176196,92436734,67967919,43559209,25603569,14660251,8290413,4571745,2492188,1442467,863414,500563,275567,147309,80510,45527,25928,14549,7788,3836,1747,662,248,88,23,9,0,0,0,0,0,0,0"
eastern_religions,1843,"0,0,0,0,0,18,136,3032,45021,283486,1376420,5399801,17736129,40397263,64261737,89970137,107113612,107340191,92600613,68101310,43649128,25658505,14693192,8310387,4583473,2499005,1446623,866036,502132,276432,147767,80751,45661,26001,14587,7804,3850,1751,663,248,88,23,9,0,0,0,0,0,0,0"
eastern_religions,1844,"0,0,0,0,0,19,138,3042,45057,283650,1377193,5403874,17750305,40430084,64318857,90065618,107249356,107503347,92765283,68237141,43741906,25715744,14727682,8331288,4595778,2506213,1450991,868789,503778,277347,148238,81011,45812,26080,14628,7825,3858,1755,665,248,88,23,9,0,0,0,0,0,0,0"
eastern_religions,1845,"0,0,0,0,0,19,139,3045,45092,283823,1377986,5408078,17765026,40464161,64377794,90163575,107388166,107668898,92930837,68371919,43832808,25771334,14761010,8351497,4607648,2513113,1455196,871442,505370,278206,148702,81255,45945,26158,14675,7847,3870,1761,668,249,89,23,10,0,0,0,0,0,0,0"
eastern_religions,1846,"0,0,0,0,0,15,119,2920,44449,281702,1374104,5405915,17773633,40491247,64430809,90260732,107531344,107841600,93103475,68512648,43928528,25830460,14796567,8373182,4620499,2520606,1459771,874319,507084,279153,149189,81520,46085,26235,14718,7871,3881,1765,673,250,89,24,10,0,0,0,0,0,0,0"
eastern_religions,1847,"0,0,0,0,0,15,124,2928,44481,281884,1374938,5410264,17788665,40525843,64490533,90359839,107671646,108008676,93270386,68648504,44020135,25886451,14830147,8393535,4632466,2527566,1464001,877001,508690,280023,149647,81764,46225,26309,14755,7889,3891,1772,675,250,89,24,10,0,0,0,0,0,0,0"
eastern_religions,1848,"0,0,0,0,0,15,122,2923,44512,282035,1375712,5414526,17803598,40560432,64550373,90459223,107812458,108176602,93438329,68785258,44112390,25942900,14864007,8414059,4644522,2534584,1468274,879694,510298,280906,150101,82009,46361,26389,14799,7908,3900,1777,676,250,89,24,10,0,0,0,0,0,0,0"
eastern_religions,1849,"0,0,0,0,0,15,124,2927,44471,281729,1374276,5410856,17793661,40539635,64525895,90449260,107834941,108239205,93526207,68869738,44173639,25982143,14888634,8429928,4654322,2540522,1471980,882083,511756,281714,150528,82241,46492,26463,14835,7931,3912,1779,677,251,91,24,10,0,0,0,0,0,0,0"
eastern_religions,1850,"0,0,0,0,0,15,126,2925,44357,280956,1370612,5399358,17759120,40464053,64418007,90331142,107740492,108197704,93534796,68902432,44204127,26004283,14904106,8441180,4661888,2545395,1475119,884168,513047,282444,150916,82453,46621,26535,14878,7950,3925,1788,681,251,91,24,10,0,0,0,0,0,0,0"
eastern_religions,1851,"0,0,0,0,0,15,122,2895,43957,278807,1362144,5374845,17690800,40319585,64207467,90081440,107505271,108030936,93447910,68872602,44197994,26006680,14909008,8447163,4667223,2549405,1477815,886021,514241,283122,151290,82666,46736,26603,14912,7977,3935,1795,686,253,91,24,10,0,0,0,0,0,0,0"
eastern_religions,1852,"0,0,0,0,0,15,123,2887,43772,277394,1353719,5341043,17578549,40068909,63824802,89590409,107013466,107694382,93322948,68879917,44280597,26095886,14969724,8487086,4693306,2566784,1487309,891739,517081,284575,152311,83322,47094,26814,15068,8101,4035,1853,719,259,92,25,11,0,0,0,0,0,0,0"
eastern_religions,1853,"0,0,0,0,0,16,121,1985,36543,233998,1186161,4805910,16103577,38020223,61884592,87932362,106592441,108447460,94664518,70215159,45239819,26691937,15320358,8680528,4798004,2614916,1510076,904371,523763,288072,154166,84306,47649,27096,15241,8204,4087,1870,724,263,93,25,11,0,0,0,0,0,0,0"
eastern_religions,1854,"0,0,0,0,0,16,120,1965,37110,250973,1259797,4980997,16264098,37917584,61620441,87436059,105799931,107641372,94174212,70067757,45236892,26736305,15358722,8711398,4817837,2623860,1514011,906815,525524,289161,154680,84474,47658,27037,15209,8184,4074,1862,718,261,93,25,11,0,0,0,0,0,0,0"
eastern_religions,1855,"0,0,0,0,0,16,119,1951,36702,249571,1268970,5084416,16509674,38191537,61976804,88096455,106149607,107626889,93552849,68912923,44179409,26073866,14964637,8476963,4672836,2544674,1471977,879434,505663,276801,148325,81374,45951,26034,14653,7905,3945,1799,683,246,83,24,11,0,0,0,0,0,0,0"
eastern_religions,1856,"0,0,0,0,0,17,120,1946,36434,247629,1259547,5052726,16412838,37969291,61635903,87669741,105708646,107266054,93308807,68773983,44106226,26038120,14948814,8472162,4672419,2545812,1473154,880419,506377,277257,148586,81530,46054,26095,14690,7930,3958,1802,684,246,84,24,12,0,0,0,0,0,0,0"
eastern_religions,1857,"0,0,0,0,0,17,121,1940,36062,245360,1249122,5017375,16300469,37710010,61233864,87139071,105145865,106828885,93093443,68704202,44138298,26103716,14997546,8506660,4694693,2561841,1481922,885830,509162,278559,149525,82150,46396,26296,14824,8043,4043,1859,720,251,86,25,14,0,0,0,0,0,0,0"
eastern_religions,1858,"0,0,0,0,0,17,121,1324,29820,207015,1099805,4553912,15026356,35845307,59537920,85720356,104779419,107362531,94025807,69702428,45036360,26756509,15403948,8748469,4831408,2624107,1510267,901310,516783,282267,151483,83189,46956,26552,14978,8143,4111,1891,735,256,86,25,14,0,0,0,0,0,0,0"
eastern_religions,1859,"0,0,0,0,0,18,122,1320,29549,205183,1091229,4526919,14948203,35662963,59253430,85363110,104408237,107059281,93823079,69588749,44978219,26730192,15394033,8747141,4832964,2626457,1512192,902741,517773,282869,151829,83387,47079,26623,15027,8170,4125,1897,741,258,86,25,14,0,0,0,0,0,0,0"
eastern_religions,1860,"0,0,0,0,0,18,126,1323,29390,205671,1112942,4666495,15266434,36035444,59780424,86169826,104858900,107075379,93171177,68463040,43978499,26101995,15021099,8519954,4692767,2550271,1471649,875651,498224,270993,145820,80431,45430,25666,14508,7911,4001,1844,706,243,77,25,14,0,0,0,0,0,0,0"
eastern_religions,1861,"0,0,0,0,0,18,126,1319,29207,204319,1106583,4646819,15209044,35899334,59570116,85912482,104599303,106875871,93048953,68401890,43951410,26093157,15020797,8523762,4696858,2553836,1474267,877452,499408,271694,146216,80654,45569,25747,14555,7940,4013,1848,707,244,77,25,14,0,0,0,0,0,0,0"
eastern_religions,1862,"0,0,0,0,0,18,126,1309,29027,203098,1101007,4630097,15160916,35785024,59394911,85702081,104392641,106725145,92966015,68368849,43942617,26095217,15026739,8530881,4702742,2558342,1477379,879513,500726,272483,146663,80913,45719,25836,14606,7973,4036,1857,710,247,79,25,14,0,0,0,0,0,0,0"
eastern_religions,1863,"0,0,0,0,0,19,126,1314,28879,202009,1095563,4610760,15098428,35637091,59161956,85398938,104088499,106532458,92953595,68450011,44080302,26228987,15116040,8588752,4737522,2581350,1490102,886972,504633,274381,147933,81738,46178,26091,14782,8109,4141,1926,750,254,80,27,14,1,0,0,0,0,0,0"
eastern_religions,1864,"0,0,0,0,0,15,113,841,23339,166119,953780,4249330,14210675,34205208,58007025,84807409,104592438,107965232,94274790,69122522,44245704,26288571,15113152,8544014,4690961,2546624,1464370,866577,487974,263690,142314,78734,44379,24983,14209,7866,4074,1885,724,245,72,27,15,1,0,0,0,0,0,0"
eastern_religions,1865,"0,0,0,0,0,15,115,848,23242,165330,950247,4239232,14180241,34125537,57881912,84659955,104447059,107863905,94226085,69110271,44250183,26298806,15124212,8554131,4698516,2552080,1468084,868979,489480,264584,142824,79026,44561,25082,14265,7897,4093,1890,732,248,72,27,15,1,0,0,0,0,0,0"
eastern_religions,1866,"0,0,0,0,0,15,116,850,23153,164568,946799,4229282,14150081,34046551,57758277,84514989,104304602,107765630,94180594,69100987,44257062,26310705,15136490,8565046,4706581,2557837,1471987,871482,491048,265520,143356,79330,44729,25191,14325,7936,4113,1901,736,250,73,27,16,1,0,0,0,0,0,0"
eastern_religions,1867,"0,0,0,0,0,15,118,858,23072,163829,943429,4219468,14119942,33967467,57634636,84370693,104162554,107668690,94137735,69095900,44268720,26326337,15151366,8577691,4715694,2564280,1476308,874234,492770,266562,143952,79665,44925,25304,14390,7970,4133,1911,739,252,74,27,16,1,0,0,0,0,0,0"
eastern_religions,1868,"0,0,0,0,0,15,121,864,23004,163287,940890,4212199,14095079,33896545,57520390,84237065,104032509,107579406,94096408,69086770,44273576,26335736,15160999,8586551,4722352,2569077,1479544,876339,494077,267321,144387,79918,45076,25394,14447,8007,4152,1919,745,252,75,27,16,1,0,0,0,0,0,0"
eastern_religions,1869,"0,0,0,0,0,15,122,871,22945,165736,984131,4405351,14493406,34358312,58259217,85109723,104548419,107581955,93467336,68117901,43522532,25917621,14929923,8437316,4630963,2523943,1454503,857166,479155,258161,140160,78017,43959,24733,14119,7896,4147,1937,758,247,70,29,16,2,0,0,0,0,0,0"
eastern_religions,1870,"0,0,0,0,0,15,125,746,18994,143333,886554,4089027,13539258,32763058,56834562,83824641,104212293,108385171,94851911,69596302,44609539,26620357,15337541,8669535,4754181,2585098,1482090,872094,487059,262324,142410,79221,44607,25066,14302,8006,4213,1960,769,252,73,29,16,2,0,0,0,0,0,0"
eastern_religions,1871,"0,0,0,0,0,15,122,749,19006,143459,887417,4093884,13553118,32788879,56877715,83896800,104314353,108505763,94968074,69686991,44670168,26657991,15359185,8681918,4761082,2588998,1484215,873321,487725,262641,142578,79312,44672,25112,14332,8022,4217,1962,769,251,72,30,16,2,0,0,0,0,0,0"
eastern_religions,1872,"155,203,241,265,283,313,449,1258,23283,165186,975871,4366480,14379288,34160422,58000904,84936026,104741361,108115667,94178806,68864660,44007068,26131282,15006302,8462649,4642033,2526128,1453672,856105,478315,257706,139941,77912,43915,24744,14155,7931,4164,1952,765,249,71,30,17,2,0,0,0,0,0,0"
eastern_religions,1873,"317,413,489,540,573,621,783,1635,23692,165070,970095,4333911,14281743,34001198,57796884,84790618,104904014,108535074,94732247,69459918,44377824,26267261,15035038,8458477,4634867,2518008,1446793,851506,475518,256155,139093,77431,43634,24587,14071,7894,4147,1945,763,248,70,30,17,2,0,0,0,0,0,0"
eastern_religions,1874,"484,626,742,818,868,931,1128,2043,24083,161888,918296,4097937,13742030,33271685,56691360,83534537,104310997,108778516,95920647,71174624,45726077,27008091,15413367,8674517,4759541,2580516,1478216,873442,491423,265458,143611,79642,44918,25339,14484,8098,4252,1992,792,261,78,31,18,2,0,0,0,0,0,0"
eastern_religions,1875,"630,826,983,1091,1161,1238,1453,2395,24342,161049,909621,4053325,13606692,33032274,56354654,83195255,104275466,109066344,96489479,71898499,46294554,27321755,15560210,8740956,4792876,2597613,1484652,875954,492205,265533,143871,79929,45053,25403,14557,8200,4346,2070,836,269,81,32,18,3,0,0,0,0,0,0"
eastern_religions,1876,"795,1042,1240,1374,1463,1558,1798,2797,24731,160819,903437,4019426,13504754,32869275,56152395,83043737,104429853,109465874,97033007,72510139,46689470,27473274,15598486,8740369,4787615,2589915,1477620,871174,489308,263895,142961,79413,44760,25232,14473,8150,4325,2065,832,268,82,32,19,3,0,0,0,0,0,0"
eastern_religions,1877,"962,1259,1498,1661,1770,1880,2147,3193,25127,160628,897659,3987065,13403839,32699414,55942307,82891156,104596304,109885893,97586102,73124001,47081859,27617766,15630326,8736157,4779779,2580929,1469908,866007,486198,262166,141981,78849,44433,25051,14370,8099,4296,2048,826,265,81,32,19,3,0,0,0,0,0,0"
eastern_religions,1878,"1132,1480,1760,1953,2077,2206,2501,3620,25661,161358,894761,3960016,13310899,32537616,55719962,82714911,104741124,110301292,98143853,73749636,47490691,27773119,15665311,8731594,4772125,2571530,1461424,860190,482425,259978,140808,78213,44066,24861,14291,8068,4289,2049,825,264,78,32,19,3,0,0,0,0,0,0"
eastern_religions,1879,"1259,1667,1999,2229,2380,2522,2830,3960,25761,159971,885499,3917775,13185310,32325615,55441374,82456971,104783091,110634292,98749475,74509033,48083012,28113174,15837158,8811896,4813291,2592718,1470095,864019,484281,260584,141247,78577,44269,24948,14364,8154,4375,2117,868,274,82,34,20,4,0,0,0,0,0,0"
eastern_religions,1880,"1429,1891,2267,2528,2699,2859,3197,4368,26112,159136,877735,3882554,13089664,32181665,55279527,82386667,105066283,111188811,99441064,75246703,48570090,28319217,15910269,8833444,4821274,2593144,1468357,862463,483320,260163,141023,78425,44156,24873,14316,8129,4364,2115,870,272,84,34,20,4,0,0,0,0,0,0"
eastern_religions,1881,"1601,2116,2539,2832,3023,3199,3563,4783,26471,158631,870755,3847828,12986984,32020582,55104385,82312736,105364256,111797506,100233982,76093258,49143315,28587419,16021045,8876405,4841691,2600278,1469895,862850,483367,260221,141102,78474,44165,24884,14324,8143,4384,2126,877,275,88,35,20,5,0,0,0,0,0,0"
eastern_religions,1882,"1774,2347,2816,3143,3354,3549,3944,5214,26891,158363,864635,3815939,12897765,31888879,54958361,82285047,105733675,112499305,101100286,76994991,49752623,28870706,16138230,8922300,4864378,2608507,1472360,863780,483620,260455,141301,78564,44202,24903,14341,8169,4403,2142,876,276,89,34,20,4,0,0,0,0,0,0"
eastern_religions,1883,"1889,2525,3054,3429,3670,3880,4281,5570,27042,157544,858878,3787502,12807548,31742208,54784798,82202178,106020458,113113641,101991410,78001400,50521408,29326677,16383034,9042766,4928085,2641615,1487158,871018,487362,261952,142196,79219,44571,25100,14479,8301,4518,2230,933,288,92,36,20,6,0,0,0,0,0,0"
eastern_religions,1884,"2064,2758,3339,3747,4011,4235,4651,5898,26943,155621,850989,3761156,12742874,31658661,54716162,82286540,106521687,113923735,102930284,78932827,51126757,29594837,16484808,9076463,4941461,2643966,1485676,869514,486318,261312,141799,78971,44425,25029,14450,8298,4520,2228,932,286,91,36,20,6,0,0,0,0,0,0"
eastern_religions,1885,"2244,2997,3626,4072,4359,4602,5047,6660,31501,183879,958725,4017749,13433875,32822191,55582195,82783501,106497939,112930780,102311013,79331766,51834813,29966139,16709144,9225719,5041558,2701843,1516445,890636,502429,271357,147027,81753,46094,26067,15028,8571,4624,2289,961,299,96,37,20,7,0,0,0,0,0,0"
eastern_religions,1886,"2256,3085,3799,4321,4657,4918,5346,6920,31361,184239,985387,4155386,13720663,33161807,56144895,83822576,107570012,113881031,102823264,79234130,51480258,29822279,16661821,9178342,5004198,2681649,1504601,877982,491349,263382,143172,80179,45260,25532,14798,8557,4713,2392,1034,322,92,38,22,9,0,0,0,0,0,0"
eastern_religions,1887,"2428,3322,4088,4647,5012,5290,5745,7362,31699,179488,916264,3796356,12867021,31963414,54368142,81218175,106037700,113651081,104494773,82755574,54816725,31743814,17699317,9747001,5332561,2862653,1595012,935360,531794,287866,155777,86554,48839,27604,15892,9124,4990,2527,1098,354,116,39,22,10,0,0,0,0,0,0"
eastern_religions,1888,"2796,3735,4521,5074,5432,5734,6262,7720,28667,151492,771085,3334697,11674618,30137127,52606671,79730151,106289829,116062318,107534612,85495425,56538317,32501200,17924241,9794095,5335935,2846639,1577257,924877,524405,284073,153514,84881,47721,26968,15571,8933,4866,2403,1015,320,110,37,20,8,0,0,0,0,0,0"
eastern_religions,1889,"2883,3897,4754,5373,5773,6088,6619,7976,25406,132998,709070,3188565,11064559,28952778,51799789,79493246,106829680,117973444,109488378,86707618,57205873,32975527,18165835,9888679,5365501,2848402,1571126,915880,514054,276323,149619,83083,46685,26307,15245,8847,4888,2445,1042,325,105,38,21,9,0,0,0,0,0,0"
eastern_religions,1890,"2851,3942,4903,5612,6077,6415,6921,8228,25228,129359,674847,3004552,10587199,28206648,50678207,77806982,105765810,117805371,110569596,89067237,59551847,34484449,19054522,10372468,5638852,3003673,1648576,959950,543295,292818,158284,87795,49427,27828,16086,9351,5227,2664,1178,387,120,43,23,11,0,0,0,0,0,0"
eastern_religions,1891,"3382,4516,5465,6136,6568,6931,7551,9080,26877,139302,775735,3483999,11672849,29733986,53233634,82045717,109596233,120672104,110804561,86145108,55711560,31849961,17391984,9394382,5066203,2674951,1480175,857608,474092,253665,138416,77303,43306,24375,14220,8307,4614,2295,953,289,87,42,20,8,0,0,0,0,0,0"
eastern_religions,1892,"3335,4562,5614,6386,6884,7264,7851,9307,26554,130912,670972,2966539,10468521,28078110,50614110,77986457,106672621,119147254,112008293,90603395,60736035,35013467,19211357,10406786,5647265,2991815,1632861,949644,535882,288742,156242,86557,48612,27375,15878,9254,5167,2628,1149,364,116,42,22,10,0,0,0,0,0,0"
eastern_religions,1893,"3528,4827,5941,6755,7283,7684,8302,9816,27111,131258,667076,2939646,10371548,27890953,50354390,77747249,106863358,119867224,113039649,91712964,61387458,35244085,19263086,10392929,5627902,2979252,1622859,942805,532256,286981,155305,86023,48323,27234,15812,9216,5148,2613,1136,360,116,42,22,10,0,0,0,0,0,0"
eastern_religions,1894,"3179,4558,5831,6827,7494,7950,8485,9838,26369,126277,639039,2783808,9950242,27211586,49335111,76025651,105457915,118984499,113195653,93528560,63875938,37205323,20583108,11161008,6058635,3222713,1743630,1004282,570437,307516,165519,91744,51741,29112,16859,9922,5690,3020,1397,501,138,47,26,14,0,0,0,0,0,0"
eastern_religions,1895,"3352,4804,6145,7192,7897,8375,8936,10344,26825,127304,653027,2879886,10167491,27506886,49794531,77133013,106750821,120304998,114062119,93389475,63070310,36574327,20206958,10930072,5918330,3140061,1699477,977031,550868,295542,159473,88708,50023,28110,16336,9672,5586,2976,1366,492,133,49,26,14,0,0,0,0,0,0"
eastern_religions,1896,"3976,5500,6834,7823,8471,8942,9617,11231,28328,136822,749494,3329281,11174067,28916507,52196857,81336690,110632523,123448991,114694757,90528825,59001257,33766327,18387515,9845939,5294730,2781409,1517249,870628,480219,255319,139448,78140,43832,24606,14476,8648,4981,2596,1136,358,100,46,23,11,0,0,0,0,0,0"
eastern_religions,1897,"4015,5620,7051,8130,8842,9341,10013,11626,25814,113019,542511,2292097,8395651,24458741,46372452,71952338,103085590,120024298,116547012,99442546,70165856,41085846,22334459,11960599,6471071,3428968,1822970,1045910,599638,326629,176190,96536,54140,30508,17649,10317,5841,3034,1377,461,152,51,24,12,0,0,0,0,0,0"
eastern_religions,1898,"3397,5056,6681,8012,8941,9550,10138,11505,24921,108209,529968,2261350,8291598,24220941,45950275,71341122,102525597,119668694,116526845,100071155,71229504,42298082,23425222,12693047,6869156,3658538,1942305,1100330,628238,341081,182433,100183,56230,31538,18152,10750,6280,3433,1667,642,175,57,28,14,3,0,0,0,0,0"
eastern_religions,1899,"3897,5653,7309,8621,9513,10110,10750,12282,25954,112041,569508,2561086,9058054,25407341,47644429,75027077,106500541,123237116,118590505,98447812,67192394,39032888,21438361,11496213,6184609,3265112,1742051,991995,557364,298178,160775,89518,50410,28259,16455,9839,5778,3128,1477,531,142,52,26,14,1,0,0,0,0,0"
eastern_religions,1900,"4076,5916,7649,9023,9955,10580,11247,12827,26521,111398,549872,2425354,8697907,24883657,46940841,73776758,105758145,123102656,119205552,100395252,69514679,40487221,22191701,11881430,6396211,3378199,1791301,1018636,575694,309316,166541,92393,51966,29153,16940,10101,5904,3192,1508,545,151,53,28,14,1,0,0,0,0,0"
eastern_religions,1901,"4080,5995,7835,9314,10333,11006,11686,13242,29367,124657,599878,2519777,9136272,25943203,47777057,74209895,106172900,122112521,117993248,100649333,70559884,41265060,22702670,12211630,6589446,3489877,1843449,1043365,592125,319500,171573,94780,53324,29984,17426,10408,6105,3337,1596,596,162,54,27,14,2,0,0,0,0,0"
eastern_religions,1902,"4652,6669,8533,9985,10960,11621,12373,14116,30583,126927,581886,2270836,8376952,24672748,46184000,70997664,103002696,120282749,117582266,104042241,76437586,45560932,24636269,13136408,7081768,3746873,1950122,1092612,629052,345242,185450,100508,56110,31729,18430,10897,6255,3329,1556,556,177,54,25,14,0,0,0,0,0,0"
eastern_religions,1903,"4253,6332,8363,10028,11191,11949,12657,14147,29720,121799,567566,2241276,8307681,24562115,46036430,70874121,103163720,120705391,118082964,104886564,77463540,46516072,25437885,13678954,7367210,3910033,2031726,1129033,648336,355904,190129,103057,57626,32618,18900,11194,6507,3538,1711,672,196,60,29,14,3,0,0,0,0,0"
eastern_religions,1904,"4645,6828,8923,10608,11770,12531,13287,14903,30607,123094,567480,2228257,8260837,24519883,46067207,71083868,103863231,121811371,119254952,106103872,78376987,46873398,25469492,13613546,7318612,3872380,2004212,1113881,639760,351178,187803,101607,56755,32147,18660,11037,6372,3426,1625,631,188,59,28,15,2,0,0,0,0,0"
eastern_religions,1905,"5062,7345,9500,11205,12362,13133,13936,15775,34464,141161,645769,2522112,9318916,26579305,48306225,74424649,107471864,123267987,119455853,104866788,75804136,44559619,24205136,12911749,6953125,3670061,1906525,1068611,612023,334618,179486,97536,54676,30989,18028,10641,6098,3237,1500,561,170,56,26,15,0,0,0,0,0,0"
eastern_religions,1906,"4372,6689,9040,11029,12457,13390,14170,15757,33861,137103,626938,2424199,9017220,26008066,47479979,72927545,105891515,122229297,119006154,106382952,78857142,47410933,26133186,14157492,7613683,4037480,2085800,1144203,652904,358564,190223,102403,57031,32317,18687,11076,6471,3571,1751,740,216,66,30,15,4,0,0,0,0,0"
eastern_religions,1907,"4550,6962,9407,11474,12963,13935,14744,16371,34427,137426,642847,2632011,9646386,27150510,49062882,76546592,110674568,126482051,122190147,105556128,74379162,43395977,24094458,13047359,7009503,3698426,1924188,1067469,600763,325163,172810,94272,52733,29781,17316,10343,6111,3387,1647,689,188,62,31,15,4,0,0,0,0,0"
eastern_religions,1908,"4731,7241,9782,11935,13481,14489,15329,17003,34987,137108,631019,2523960,9336957,26676285,48481196,75402723,109863326,126292000,122626491,107532524,77177002,45396833,25117623,13585243,7292583,3854523,1991756,1099192,620523,336956,179220,97387,54357,30716,17848,10669,6301,3490,1705,702,198,63,31,15,4,0,0,0,0,0"
eastern_religions,1909,"4917,7525,10166,12402,14009,15057,15929,17640,35588,141157,644522,2378901,8633098,25316505,46834481,71702589,104690608,122365129,119761971,109921799,84958338,52613496,28803439,15565894,8329924,4421453,2262257,1216105,694830,385551,205571,109901,60772,34498,19943,11787,6846,3759,1838,767,237,72,30,15,4,0,0,0,0,0"
eastern_religions,1910,"5106,7814,10557,12880,14550,15639,16539,18546,39544,161567,724361,2620461,9547039,26974684,48485434,73851406,106505578,122068557,118897149,109230196,84457153,52318433,28692685,15544034,8319329,4417289,2255534,1209207,690176,382670,204135,109138,60280,34220,19800,11736,6833,3771,1848,764,235,71,29,15,4,0,0,0,0,0"
eastern_religions,1911,"5029,7821,10692,13158,14960,16138,17071,19045,39807,160496,718002,2598916,9499813,26951046,48493905,73961728,107000092,122765745,119626667,110194362,85401754,53025404,29181064,15874101,8486440,4507884,2297288,1223559,695385,385126,205141,109601,60408,34328,19869,11820,6934,3861,1922,806,254,73,30,15,5,0,0,0,0,0"
eastern_religions,1912,"5216,8112,11090,13649,15521,16743,17707,19389,34410,121033,534365,2042850,7648481,23698524,45350812,70606087,106183341,127208710,125680730,115198854,88093921,53854148,29374096,15813152,8404240,4445017,2247726,1199378,677433,371408,197592,105982,58394,33037,19200,11586,6937,3888,1944,784,242,69,30,15,5,0,0,0,0,0"
eastern_religions,1913,"5411,8412,11501,14152,16092,17361,18354,20078,32764,108219,472254,1831850,6828649,21986899,43691873,68713516,104919412,128793157,128493898,118115541,90790399,55640430,30220575,16179370,8563770,4524231,2277874,1210953,682966,373447,198719,106795,58739,33115,19228,11648,7017,3957,1992,796,245,71,31,16,5,0,0,0,0,0"
eastern_religions,1914,"5910,9041,12215,14905,16834,18094,19123,20971,33846,109806,472089,1788860,6647899,21701147,43432354,68195275,104225026,128723418,128486626,119223548,93315265,57957442,31248795,16609983,8762370,4623509,2320036,1223738,691927,379384,202385,108686,59736,33591,19490,11813,7105,3996,1998,785,233,70,30,15,4,0,0,0,0,0"
eastern_religions,1915,"5503,8693,12021,14938,17100,18523,19589,21326,33918,108335,465207,1772456,6605309,21673874,43443415,68255432,104607635,129332867,128995518,119981377,94155847,58778707,31974500,17161620,9070885,4790938,2407919,1256800,705361,386437,205483,110467,60473,34023,19649,11971,7320,4218,2171,898,271,73,30,16,6,0,0,0,0,0"
eastern_religions,1916,"4202,7310,10742,14038,16689,18526,19775,21275,33263,105451,450298,1711628,6414253,21336394,43013447,67447320,103218509,128182763,127585570,119786609,95984952,61690620,34442573,19135219,10340144,5467203,2794318,1431624,785983,431789,229145,121838,65744,36244,20439,12276,7654,4622,2536,1156,412,85,34,20,10,0,0,0,0,0"
eastern_religions,1917,"4067,7225,10753,14204,17031,19012,20351,21864,33709,105319,448462,1724945,6500442,21606315,43451310,68337599,105228375,130314354,129557404,120875809,95312432,60304214,33794906,18942463,10324242,5449605,2784285,1430758,778965,424441,224636,119003,63876,34869,19542,11721,7353,4488,2499,1146,426,83,34,20,10,1,0,0,0,0"
eastern_religions,1918,"3930,7123,10743,14349,17358,19491,20932,22459,34174,105516,467215,1981771,7339348,23213419,45644915,73540704,113339241,137595757,136061608,120545584,86887074,51724701,29580545,16823329,9313461,4879007,2518351,1317919,700132,373343,197905,105631,56669,30583,17263,10485,6721,4195,2365,1096,415,76,35,21,10,2,0,0,0,0"
eastern_religions,1919,"3508,6651,10340,14137,17395,19788,21403,22948,34441,104672,440291,1689628,6409958,21594761,43612927,68744529,106481480,132160748,131084110,122352400,96680528,61265726,34696454,19925046,11115123,5864202,3003098,1531781,811837,436901,232286,121887,65045,35072,19643,11633,7299,4562,2638,1290,535,112,30,17,10,0,0,0,0,0"
eastern_religions,1920,"4198,7616,11487,15342,18560,20840,22373,23969,35619,105719,449810,1814961,6844564,22498064,44896902,71751905,111971626,137474864,136366659,123825939,92495132,55917146,31601591,17897465,9862785,5170149,2640231,1364606,727793,390955,207451,109701,58424,31578,17795,10732,6779,4168,2335,1071,419,77,34,21,10,2,0,0,0,0"
eastern_religions,1921,"3476,6737,10644,14720,18288,20943,22731,24286,35256,102974,431360,1683749,6442946,21813506,44038020,69839340,109281635,135546546,134388607,124575937,96755035,60174382,34185374,19826037,11192020,5900668,3014793,1538390,803480,428520,227984,119031,63152,33667,18921,11184,6996,4392,2570,1279,551,125,30,17,10,1,0,0,0,0"
eastern_religions,1922,"3595,6966,11006,15221,18911,21653,23501,25097,35986,102932,424745,1628544,6237377,21442183,43608302,69071227,108175587,135089175,133988487,125514914,99503753,62965362,35666234,20643359,11621421,6127531,3126740,1581195,825460,441415,235062,122650,64843,34481,19335,11418,7143,4477,2618,1301,558,126,30,16,10,0,0,0,0,0"
eastern_religions,1923,"3716,7204,11381,15739,19554,22392,24298,25933,35172,98896,403673,1560041,5768367,19973048,42039200,67513814,107442226,137420914,138363769,129013157,101120692,63112587,35672867,20544242,11549776,6073295,3087550,1562236,810830,430678,229017,119721,63166,33342,18685,11102,7017,4427,2595,1290,542,121,30,17,10,0,0,0,0,0"
eastern_religions,1924,"3556,7038,11313,15825,19859,22898,24955,26659,35737,98477,395669,1500827,5554481,19575545,41553616,66633000,106091841,136705916,137654114,129692929,103821620,65978307,37379234,21676117,12286716,6494502,3301305,1660392,855773,452281,240857,125791,66191,34571,19315,11397,7184,4567,2711,1373,590,147,30,15,10,0,0,0,0,0"
eastern_religions,1925,"3396,6853,11231,15905,20140,23397,25613,27399,36335,98113,390034,1474791,5470673,19439885,41396209,66485859,106229868,137241384,138269371,130626455,104868548,66782561,38068027,22290480,12785163,6796826,3445877,1728431,878716,457281,242659,126970,66594,34398,19115,11224,7099,4569,2759,1429,619,166,23,14,4,0,0,0,0,0"
eastern_religions,1926,"3796,7513,12075,16891,21195,24436,26625,28421,37391,98503,384761,1430022,5284499,19070670,40945906,65763000,105024402,136792334,137950464,131625725,107882948,69996462,39640807,22916374,12943282,6831011,3467944,1721091,883422,467705,248878,130257,68347,35452,19713,11622,7364,4707,2807,1424,593,152,30,15,9,0,0,0,0,0"
eastern_religions,1927,"3920,7758,12467,17440,21883,25233,27491,29331,38251,98577,381953,1433912,5323185,19189014,41119447,66311210,106832238,138942603,140431645,133507709,107649078,68592801,38884743,22514199,12756454,6721831,3403277,1692017,864670,455093,241718,126866,66591,34307,19055,11312,7241,4686,2805,1426,581,146,30,15,9,0,0,0,0,0"
eastern_religions,1928,"3433,7108,11860,17002,21743,25456,27997,29970,38647,97781,375345,1404526,5235127,19056080,40966816,66154976,106958054,139365292,140813179,134109904,108466586,69278520,39718640,23457779,13613078,7267765,3653778,1812489,899522,456396,239997,125880,65566,33276,18307,10773,6908,4570,2844,1521,656,189,13,4,0,0,0,0,0,0"
eastern_religions,1929,"3257,6889,11722,17004,21986,25937,28673,30752,39326,97607,369123,1357276,5057304,18742101,40596438,65480944,105681297,138657133,139921867,134402069,111046017,72378796,41658718,24752456,14490094,7814045,3927274,1941737,956506,480674,251422,131796,68350,34502,18739,10940,6983,4643,2932,1603,697,216,15,3,0,0,0,0,0,0"
eastern_religions,1930,"4306,8519,13687,19149,24027,27702,30176,32168,40956,99007,367809,1346417,4996971,18617856,40490203,65511037,106287903,140140867,141940665,136959841,113323583,73718868,41731348,24093938,13590514,7146496,3606037,1762073,891274,469145,248725,130457,68127,34690,19131,11359,7339,4779,2885,1482,575,146,30,14,8,0,0,0,0,0"
eastern_religions,1931,"4438,8778,14106,19733,24761,28549,31096,33138,41972,99568,364687,1329427,4938814,18545070,40464428,65608635,106894578,141313935,143212332,138502546,114839952,74677045,42216606,24352289,13720855,7201410,3627098,1764265,887985,467149,247559,129929,67886,34446,18945,11267,7320,4801,2911,1502,577,141,30,14,8,0,0,0,0,0"
eastern_religions,1932,"3877,8027,13392,19195,24550,28739,31602,33790,41115,90851,322537,1204734,4445728,17052498,38865049,64018173,106053648,143833473,148334639,142407279,116515121,74448010,42313155,24769665,14293216,7608866,3803205,1865426,913901,463510,244142,128223,66282,32851,17873,10601,6886,4582,2850,1520,612,171,20,6,0,0,0,0,0,0"
eastern_religions,1933,"3365,7262,12632,18565,24256,28842,32058,34495,47979,123028,465408,1675736,6945875,23825039,46220502,73846321,117630396,142466134,139941153,135219737,109062847,69317109,40582578,24861985,14968209,8161174,4074691,2014421,969849,476529,247890,130112,66696,32669,17429,10266,6641,4513,2906,1623,702,228,16,3,0,0,0,0,0,0"
eastern_religions,1934,"3465,7475,13003,19108,24965,29684,32992,35491,48851,122865,459372,1647422,6868056,23752769,46209164,74004070,118381328,143762341,141452745,137051620,110721081,70343578,41122605,25198243,15173637,8271159,4124214,2037432,980071,481728,251283,132086,67431,32862,17532,10331,6643,4487,2865,1580,694,231,16,3,0,0,0,0,0,0"
eastern_religions,1935,"3243,7202,12778,19021,25121,30126,33667,36188,44240,96949,344190,1278141,4846893,18626689,40829888,67137995,112476465,148900624,151914888,145781877,116725269,72848328,42103049,25617616,15562125,8593477,4270506,2132870,1018951,492107,255221,134370,68277,32836,17204,10179,6554,4426,2859,1601,721,251,22,3,0,0,0,0,0,0"
eastern_religions,1936,"3041,6915,12533,18907,25250,30547,34336,37026,42927,83211,272476,1014010,3731274,15092819,36765203,61948959,104894762,148187039,156418114,150997489,124803777,79682385,45468151,27412865,16605145,9286577,4611036,2302088,1099191,526779,272191,143257,72413,34734,17855,10517,6656,4435,2852,1616,760,282,29,4,0,0,0,0,0,0"
eastern_religions,1937,"2765,6607,12268,18770,25359,30941,35000,37872,44665,89472,300607,1119514,4178178,16741063,38803654,64908148,110570047,151648391,157678584,151385947,121927222,75978662,43679060,26909942,16736233,9531179,4743357,2395381,1141648,537912,275648,145086,72659,34300,17158,10101,6310,4150,2675,1516,753,295,37,4,0,0,0,0,0,0"
eastern_religions,1938,"2017,5856,11343,17920,24778,30789,35298,38485,46423,96344,331673,1236850,4714444,18520402,40930972,68206289,116438120,154757489,158871997,151444895,118492633,71889587,41653686,26519182,17179462,10142549,5111963,2617304,1253263,574989,289347,152415,76052,35520,16628,9822,5970,3820,2447,1405,764,325,70,4,0,0,0,0,0,0"
eastern_religions,1939,"773,4349,9195,15646,22696,29346,34668,38530,47817,98343,336970,1234846,4997944,19852808,42473575,69947196,118467169,154036103,155536114,149721749,118587034,72347645,41469120,27548597,18837524,11943433,6389105,3256994,1622588,730618,349217,181353,91257,42098,17651,9617,5589,3294,1990,1124,666,323,117,8,0,0,0,0,0,0"
eastern_religions,1940,"796,4472,9456,16088,23337,30174,35645,39612,50355,107015,370712,1335156,5613810,21556577,44336219,72729639,122156548,154414749,154248029,148848779,117462821,71416092,41155212,27601778,18976783,12056638,6452512,3287127,1635003,734960,351307,182249,91595,42132,17465,9449,5432,3156,1862,1046,628,303,111,7,0,0,0,0,0,0"
eastern_religions,1941,"552,4215,9096,15824,23249,30382,36174,40482,52998,116911,407707,1446332,6348213,23324547,46271111,75810676,125780007,154360643,152690026,147343107,115681933,69896631,40341831,27531059,19318784,12523923,6848571,3483800,1750601,785446,371297,191674,96963,44727,18168,9419,5376,3027,1706,968,590,296,122,12,0,0,0,0,0,0"
eastern_religions,1942,"568,4334,9352,16269,23906,31238,37188,41703,55650,129651,466211,1623827,7279541,25222803,48411762,79235962,129045915,153620663,150722025,145429963,113840348,68663899,39980464,27568084,19459378,12629520,6901536,3506118,1758411,785573,369261,190264,96258,44442,17879,9070,5045,2822,1609,989,604,301,117,9,0,0,0,0,0,0"
eastern_religions,1943,"865,4861,10278,17490,25370,32803,38743,43737,61233,150965,537812,1866895,9419074,28949176,52490007,86164991,133975903,150485670,146695609,140996642,109976777,66564042,39502226,27499495,19280287,12326698,6594185,3345441,1652682,733808,347453,179532,90229,41279,16403,8512,4661,2641,1547,1007,615,297,108,6,0,0,0,0,0,0"
eastern_religions,1944,"890,4997,10567,17981,26079,33719,39821,45272,64668,165102,585527,2053967,10689798,30807447,54656264,90051679,136305087,148915083,145019195,138873886,108017834,65381093,39064275,27467953,19359511,12409800,6638577,3362339,1656117,731391,345731,178554,89724,40857,15917,8164,4424,2493,1462,978,601,288,106,5,0,0,0,0,0,0"
eastern_religions,1945,"18480,26807,34656,40878,45103,47873,50612,57217,85030,222821,757127,2572417,12576814,33523197,58270960,97464135,145040233,155336899,154704903,146347143,109781232,62788925,32952987,16792584,8585956,4243560,1879555,933784,509557,269317,136489,67008,35972,20394,11957,7183,4060,2070,906,357,107,29,20,3,0,0,0,0,0,0"
eastern_religions,1946,"16545,24953,33322,40310,45243,48433,51057,57518,86395,229203,794609,2937317,14272810,35701543,61030665,103600565,149850933,156263013,156390856,143087089,102365833,57726591,31614744,16653593,8528196,4249951,1881921,928382,502327,266245,134498,64985,33492,18951,11178,6725,3864,2020,951,407,107,32,20,6,0,0,0,0,0,0"
eastern_religions,1947,"15348,23860,32621,40139,45640,49211,51883,59688,96569,282785,976583,3980891,17821021,39811359,66574848,112525838,151767940,152620099,153638909,137184535,95757560,54568288,31061291,16952510,8722518,4376127,1957292,951024,509563,270600,136840,65883,32638,18500,10831,6456,3739,1993,1006,450,125,34,20,7,0,0,0,0,0,0"
eastern_religions,1948,"12544,20923,29990,38355,44890,49277,52225,60358,100799,300319,1020180,4511352,19511953,41705603,69441781,116243549,151132725,149484949,150478534,133693968,93154809,54570832,32559288,18796435,9966458,5025640,2330094,1090172,564274,300426,153625,74588,34256,18693,10656,6229,3665,2044,1127,538,183,37,20,9,0,0,0,0,0,0"
eastern_religions,1949,"11314,19686,28924,37792,44928,49849,53112,62168,107691,327947,1103883,5238160,21401399,43894246,73029136,120618312,151077858,147429464,148266405,131126611,91293315,54230791,33212510,19782748,10776251,5411449,2566823,1185994,597934,316900,162948,79253,35655,18384,10203,5821,3421,1993,1154,574,213,39,21,10,1,0,0,0,0,0"
eastern_religions,1950,"9426,17506,26779,36179,44137,49854,53915,65415,125236,396543,1314911,7172644,25353642,48376967,80605897,127510539,148663571,143213243,143707817,126568531,88247922,53348372,34041455,21263277,12144615,6099926,2980993,1375081,661692,345866,180259,88779,39863,18773,10265,5726,3383,2094,1284,676,284,52,20,10,1,0,0,0,0,0"
eastern_religions,1951,"7739,15308,24597,34407,43171,49766,54144,59177,81025,194404,654400,2572854,13959277,35833315,62037350,108118114,157413561,162590744,161569818,144702089,99817736,57855303,36381993,23239615,13894200,7103665,3505406,1648034,758223,384816,202150,100733,45857,19357,10802,6049,3551,2129,1354,761,339,81,20,7,0,0,0,0,0,0"
eastern_religions,1952,"6200,13112,22309,32360,41837,49345,54469,58481,72400,143792,470749,1694080,9369666,29948672,55313715,97148981,156664736,174277513,171749249,155869189,108006110,61416303,38392243,25049451,15700343,8364479,4094683,1981570,871993,416052,216532,109401,49987,19802,10210,5628,3240,1990,1358,819,404,124,10,0,0,0,0,0,0,0"
eastern_religions,1953,"5307,11781,20902,31112,41089,49265,54994,58843,68337,116283,349025,1231532,5805692,23616581,48509402,84101216,147114808,180300960,179037602,168622391,124002679,71550845,42919674,27659483,17618911,9759741,4731049,2329013,1023584,473439,244537,124878,57949,22900,10733,5891,3320,2008,1393,868,450,159,15,0,0,0,0,0,0,0"
eastern_religions,1954,"4380,10464,19426,29718,40148,48977,55327,60333,74688,152067,497464,1745108,10643927,32540818,59007877,102295303,160789920,174078480,171700869,160312232,115973913,66549544,41480784,28228439,18761779,10835547,5280268,2655311,1174928,523162,266177,138203,65286,25807,10535,5623,3037,1930,1369,877,472,182,22,0,0,0,0,0,0,0"
eastern_religions,1955,"3182,9227,17875,28233,39043,48504,55541,60515,71559,125444,385762,1340047,7767471,28244459,54389347,94621116,159488183,183690484,181208297,170691877,123732492,70118257,42666582,29287811,20065616,12059284,5971869,3032521,1369300,592480,295195,154056,73832,29823,10667,5818,3096,1752,1214,788,450,195,41,0,0,0,0,0,0,0"
eastern_religions,1956,"2133,8069,16275,26670,37773,47830,55547,60862,70458,116654,345223,1177878,6490358,26163121,52407730,90520144,157195664,187826487,185481638,177679295,132277853,75571831,44580469,30798020,21579157,13471829,6847613,3460455,1609549,680514,329453,172808,84730,35376,11427,6047,3166,1700,1131,744,434,194,55,0,0,0,0,0,0,0"
eastern_religions,1957,"836,6379,13760,23939,35176,45956,54635,60778,70422,113783,329289,1135050,6457810,26415846,53107045,92973385,162744854,194372109,192673462,182231381,131666018,72959715,42551647,30394112,22546773,14966728,8122709,4083846,1996404,830177,381133,198515,99958,43095,13654,5871,3044,1524,949,616,373,186,67,2,0,0,0,0,0,0"
eastern_religions,1958,"493,5926,13154,23340,34739,45878,55011,61666,72406,121437,354232,1167289,7502711,28750008,56155856,97031358,164894985,191565288,188041087,182360984,138276031,79365137,45345828,32180956,23826847,16058153,8870654,4409296,2187014,910449,410160,212964,108567,47547,14896,5760,2948,1433,885,556,332,166,66,7,0,0,0,0,0,0"
eastern_religions,1959,"0,4139,10830,20525,31906,43618,53671,61662,74857,129666,368140,1277468,10182557,33031583,61152831,106970389,171612041,188206249,185938722,180063039,135862478,77438096,44265609,31991484,24926091,17821340,10565413,5300050,2717355,1167427,497002,250767,130547,60253,20794,6184,3196,1505,812,497,301,151,67,12,0,0,0,0,0,0"
eastern_religions,1960,"0,1796,8054,16672,27807,39855,50970,61321,80138,159016,460127,2147420,15436208,39557054,69554205,121703772,172785974,176721804,176924425,171917342,133567485,78364173,44432914,31732513,26101881,20055880,12955661,6883360,3528943,1636569,662528,311846,164017,80175,31237,7449,3152,1405,686,411,246,133,64,20,0,0,0,0,0,0"
eastern_religions,1961,"0,172,5750,13069,23689,35731,48231,65006,111861,289457,944761,9226763,30922328,57105276,99630674,148370649,156895739,152784454,153682905,151849083,125768948,78723265,44917264,31227295,26360334,21795378,15339009,8932805,4511063,2256574,920258,397705,205497,105455,45391,12672,3253,1431,694,402,246,142,76,32,6,0,0,0,0,0"
eastern_religions,1962,"0,0,3664,10626,20581,32504,45267,61784,105436,267661,800166,7714087,28815204,54801582,95283395,147503867,161804001,157393789,159813789,158480605,130750194,80824317,45279920,30724366,25904162,22744783,17110775,10703046,5506603,2829064,1212700,494532,245876,129142,59710,19946,3719,1695,745,414,243,141,78,33,11,0,0,0,0,0"
eastern_religions,1963,"0,0,2441,9231,18617,30507,43227,57812,86778,196250,562164,4102620,22249279,47867184,82736985,139734262,171743534,168677595,170596834,169809100,141892346,88765048,48404668,31851407,26062027,23591621,18451129,12033818,6385664,3283131,1475801,588849,281847,149090,71695,26411,4769,1965,834,453,256,145,82,37,12,0,0,0,0,0"
eastern_religions,1964,"0,0,550,6614,14679,26043,38761,52572,73563,141998,392307,1964037,15843524,41133126,72548980,127635062,177797783,182347932,181043410,181979702,154180401,97451986,51459666,32146211,24976190,23840328,20233512,14405156,8375753,4227315,2080178,826923,362425,190098,97068,40504,9667,2237,1007,544,321,202,126,66,30,5,0,0,0,0"
eastern_religions,1965,"0,0,184,6132,13937,25261,38099,51333,68187,112863,287525,968083,10167500,34340064,64026819,113790071,184103644,204574035,202338249,202988247,162158651,94248115,48235081,29814122,23748718,23412773,20507596,15090952,9024546,4552150,2281572,917178,392533,204028,105811,45632,11844,2477,1105,589,350,219,138,73,36,9,0,0,0,0"
eastern_religions,1966,"0,0,0,3203,10496,20755,33348,47302,66256,117277,313542,1212647,12292975,37810749,68814523,123112798,193526357,207938905,207656008,205747878,159677488,90057019,45824770,27745504,21690526,21861148,21282692,17282330,11397819,5941090,3061988,1330232,526708,257448,137237,64832,21782,2657,1238,627,364,226,149,84,44,17,0,0,0,0"
eastern_religions,1967,"0,0,0,1482,8316,17585,29917,44292,65150,125854,341250,1518434,14543841,41191199,73874948,131845937,195184211,204857869,201879136,200847454,164496118,99413852,50098077,29375732,21596501,20974080,21690251,18784700,13280660,7376600,3756692,1763488,684602,313139,166472,82722,31256,5073,1303,652,362,225,144,86,48,19,3,0,0,0"
eastern_religions,1968,"0,0,0,0,5699,13603,25257,40194,65615,146703,406320,2549096,19485278,47603783,83384566,147046303,197262482,198356263,196128662,194462882,164692466,104175194,52928498,30303102,21017211,19445226,21244989,20242008,15742540,9696684,4890940,2479987,998880,414456,213533,111907,48356,12099,1484,758,390,235,149,94,56,27,7,0,0,0"
eastern_religions,1969,"0,0,0,0,3374,11050,21856,36224,58994,124795,339569,1892044,17289969,45563449,80620714,143224112,197385809,201328765,196677385,196816509,174747873,118235718,61240103,33835714,21960294,19103012,20666464,21127112,17606775,11671433,6079482,3130304,1349957,530094,259409,138777,64751,20825,1826,882,444,257,160,105,64,33,11,0,0,0"
eastern_religions,1970,"0,0,0,0,1054,8048,17358,30422,48806,91202,228895,692145,8954647,34832248,67166797,118825366,194506571,224109118,215025859,218636834,192557188,127456747,64500310,34384476,21452617,17880629,18844824,21324541,19555623,14267056,8138351,4118034,1973657,761039,339163,180786,90953,35156,5972,1047,525,293,188,126,81,47,19,3,0,0"
eastern_religions,1971,"0,0,0,0,620,7459,16555,29495,47198,85215,205633,603693,7363108,32622595,65218148,115248453,197707803,236917074,228028242,232224387,199970463,127158526,62624393,33133319,20645567,17283221,18276771,21336770,20145258,15077435,8836601,4452415,2182344,848138,368550,195524,99893,40133,7805,1148,589,321,198,134,83,47,21,4,0,0"
eastern_religions,1972,"0,0,0,0,0,6128,14624,27473,46101,89163,233447,798516,11220363,39339914,73830963,131664525,211907309,236223079,229340060,232378543,195379629,120785042,59477163,31813217,19756654,16437017,17270389,20991790,20970822,16499461,10194208,5138385,2600987,1039805,429330,222941,116871,50204,12275,1302,683,362,223,148,95,58,28,6,0,0"
eastern_religions,1973,"0,0,0,0,0,4429,12843,24978,42113,76891,190726,563797,7497202,33748067,67705737,119723196,205889484,246697271,237758772,243151896,209700123,133490397,65730408,34338047,20627102,16450244,16802036,20543255,21704970,17926600,11641808,5967110,3064940,1280356,506616,254781,135757,61719,18212,1432,781,425,257,171,113,70,36,13,0,0"
eastern_religions,1974,"0,0,0,0,0,5390,14101,26908,44841,83188,201891,603156,9405004,37446149,72654158,129447259,217394451,251313776,243250540,247389390,208374393,128544482,62808075,33259193,20443349,16741120,17372572,21295579,21893036,17654950,11188083,5672225,2897954,1181487,476032,243178,128680,56994,15302,1335,715,384,236,155,103,63,34,11,0,0"
eastern_religions,1975,"0,0,0,0,0,4586,13300,25881,43469,80047,184848,518131,7580119,34637258,69759755,123835523,211665797,253862299,243480926,249120359,220262531,145471862,72687296,37689504,22319837,17377466,17470034,21164487,22339504,18458226,11987589,6138320,3150418,1313335,518691,260649,139080,63248,18480,1269,686,365,225,148,98,61,32,10,0,0"
eastern_religions,1976,"0,0,0,0,0,3819,12512,24947,42580,77959,179171,602126,11469460,41302411,77939286,139623605,221410257,247241512,239166352,245100947,217623744,145063328,73754360,38866803,22866537,17571007,17403322,21003586,22852451,19345505,12876317,6698231,3442426,1474285,573518,281734,151407,70723,22506,1609,782,419,246,165,115,77,45,18,2,0"
eastern_religions,1977,"0,0,0,0,0,3104,11733,23785,40750,69969,153382,435924,9355940,38323683,74566564,132981835,215785824,247170979,238470485,245474420,227444961,162498022,86410041,44652054,25613418,18687404,17829350,20917375,23287559,20178845,13759066,7297295,3744894,1650349,634907,304344,163924,78533,26653,2393,872,464,269,185,133,92,58,29,6,0"
eastern_religions,1978,"0,0,0,0,0,1790,10049,21261,37003,61307,120736,305251,4422461,28745909,63737096,112848409,199949332,258402165,252133032,259167094,244732609,179441314,96509762,48622025,27367628,19132210,17578637,20063888,23506908,21368250,15288137,8497157,4315684,2008672,765011,348998,187228,93328,34622,4743,885,458,256,177,128,90,59,29,9,0"
eastern_religions,1979,"0,0,0,0,0,1223,9339,20163,35605,57855,107749,259850,3275666,25777062,60622610,107634532,200990099,275851209,273996878,284759724,256028697,168995438,84064154,42918860,24333782,17622968,16495884,19310596,23551295,22005588,16148334,9221647,4657192,2224739,850574,378823,202235,102533,39771,6606,1037,527,285,177,127,93,60,37,15,0"
eastern_religions,1980,"0,0,0,0,0,715,8604,19116,34223,56827,99759,215232,2310264,22779840,57430705,102984263,193655846,278350456,279953471,289204361,266506763,182276282,91953719,46423542,26036840,18214250,16549247,18989062,23606046,22664512,17070056,10029643,5048728,2469018,958647,420400,225160,117567,65899,39996,24305,14777,8990,5460,3311,2014,1220,737,450,276"
eastern_religions,1981,"0,0,0,0,0,476,8284,18711,33647,54863,91716,183736,2618746,24453318,59744071,106763169,199001524,279872918,279520996,290176194,270297544,188274338,96541738,49420989,28757723,21520750,20689575,22643127,26273601,24600071,18397858,10849479,5412267,2653006,1036512,447235,235347,123566,69674,42274,25688,15621,9502,5774,3500,2127,1286,778,473,292"
eastern_religions,1982,"0,0,0,0,0,0,5876,16178,31246,54445,91062,180936,825546,16355930,51642560,93884551,174448026,276381141,299827844,310272458,288555361,206658502,108157223,53349968,30085076,21764961,20297622,21880509,25255447,25871667,19700519,11686034,5931213,2974398,1207814,511261,263402,136957,73749,44767,27211,16556,10071,6126,3712,2262,1363,830,507,310"
eastern_religions,1983,"0,0,0,0,0,0,4602,14873,29728,51693,90050,178819,406435,8008893,40307997,81069365,145774034,257823317,316728922,330804383,311894428,230628973,126039276,60937421,32751798,22651736,20363072,21886839,25655778,26098832,20979083,12770064,6368598,3204040,1326324,547310,282025,149174,78000,47345,28777,17508,10654,6486,3930,2389,1442,880,537,328"
eastern_religions,1984,"0,0,0,0,0,0,5119,15115,29640,50075,84339,168325,398000,1625674,22053976,63267566,113549495,226146216,333297310,372148830,354164730,251957645,137567909,66846707,33848273,22735645,20419243,21830341,25861275,26646891,21650958,13667219,6910901,3536940,1459114,579739,302388,164682,85192,51218,31131,18939,11524,7010,4247,2591,1561,948,580,353"
eastern_religions,1985,"0,0,0,0,0,0,2681,12412,26369,45815,80567,164986,392680,2479304,19152977,54631156,101204481,202296653,326211672,387738041,385014271,275898260,149522757,72589525,35923686,22488238,19752893,21524429,25334112,27214130,22806869,14854028,7544057,3807791,1629117,657038,329206,176619,89816,53156,32305,19652,11960,7276,4411,2687,1623,984,601,366"
eastern_religions,1986,"0,0,0,0,0,0,1817,11217,24684,44860,80246,169421,416031,2817598,20235097,52188180,94607444,189887631,317871423,395870369,404951717,296203003,159696236,77483409,37985819,22350343,19602404,20819842,25146194,28087448,24101997,15539655,8216701,4205323,1812884,724562,364022,198432,100166,57460,34851,21204,12906,7856,4762,2905,1754,1062,648,395"
eastern_religions,1987,"0,0,0,0,0,0,0,8511,21284,40830,78129,179072,446444,1731978,18050884,49179082,87024190,173519930,306448785,402089672,425549056,324235122,173502310,84671264,41556922,22411961,17940176,19997283,25001516,29146437,25748242,17369638,9602725,4685881,2006973,796523,365528,208606,113895,64988,38046,23128,14069,8559,5198,3159,1917,1158,707,431"
eastern_religions,1988,"0,0,0,0,0,0,0,5700,18411,37835,84854,207342,506339,1111495,11249765,40954379,77045188,151455913,286902729,405906320,448819401,361951562,197043404,96091134,46422423,23814259,17506783,19008733,23120534,29170594,27815755,18945810,10952824,5432898,2362803,942008,428695,239267,128282,71453,41278,24754,15046,9156,5562,3379,2045,1236,756,460"
eastern_religions,1989,"0,0,0,0,0,0,0,7106,18796,35898,76126,209518,526320,1044993,11494889,55759585,112158416,215169156,335572707,400169378,403754095,311053548,178590378,90615183,45877093,24740439,17708994,18699524,23349930,28551367,27938688,20833150,12290462,6121628,2956946,1148208,481631,249532,132635,73721,44624,27060,16441,9985,6064,3686,2231,1350,821,504"
eastern_religions,1990,"0,0,0,0,0,0,0,2276,13781,30920,82141,236127,576542,1181726,9524620,52653495,111241154,209994792,333014360,407892249,418005926,325549843,188620832,95148315,48066019,25497595,17017382,17131789,21555644,29082556,29368452,22531985,13461150,6973819,3170368,1306833,548877,283910,157844,86114,50250,28834,17497,10620,6449,3917,2374,1431,872,534"
eastern_religions,1991,"0,0,0,0,0,0,0,4609,15997,32681,75989,238232,598988,1163564,9563450,50831278,106717122,204170623,330649836,416724239,429004169,336724702,198239547,101887069,51236725,26900096,17382146,17052408,21853365,27679346,29844731,23462723,14280229,7467634,3711517,1532455,635645,316909,173310,96341,56723,32592,19336,11733,7124,4325,2629,1582,962,588"
eastern_religions,1992,"0,0,0,0,0,0,0,1629,12769,29399,75596,230569,574965,1125807,8336422,47361974,101605434,192465274,323544526,420985729,438438406,353206254,212280559,111891045,56338903,29338321,18337138,16643937,21412210,28861225,30143526,24086736,15040681,8020849,3754317,1601752,653117,318401,177926,99012,58259,33499,19751,11968,7257,4402,2674,1607,976,595"
eastern_religions,1993,"0,0,0,0,0,0,0,3499,14631,31098,78988,243994,584223,1163726,7519251,44051989,95622392,180096883,314962795,425307384,449000076,365939253,226443868,123540803,62789374,32406665,19672442,17192180,21558164,27836689,30203025,25015044,15820274,8227736,4174358,1771928,737456,360398,194653,104517,60802,34893,20783,12578,7616,4617,2803,1687,1022,623"
eastern_religions,1994,"0,0,0,0,0,0,14,1109,12483,33307,95056,313654,760539,1392610,5914885,31428529,81026326,158154986,281122003,424448468,478754309,396608349,251018892,139310012,70981575,37944327,22561721,17941783,20931425,28113218,30471374,25495062,16323726,8949125,4255927,1851005,756128,358593,198609,107392,62033,35419,21184,12786,7733,4686,2846,1715,1032,631"
eastern_religions,1995,"0,0,0,0,0,0,4,1640,12134,30639,86957,283060,683102,1332912,3472308,23358087,71427940,144178887,261571592,416105002,492815268,420077522,272640253,155538473,80177840,42616389,25493126,19450840,20594962,27064023,30213800,26993567,17926247,9335941,4737572,2054006,848927,407158,218039,114607,64719,37260,22416,13523,8171,4950,3007,1819,1087,663"
eastern_religions,1996,"0,0,0,0,0,0,1,867,10830,28378,80234,261059,634674,1256294,2372771,16220739,61713614,135744734,248376884,407725775,498298682,436354341,293986125,170917257,90540422,47615542,28150426,20784915,21717251,26879963,31136493,27192731,18353785,9903317,5034458,2198194,911484,435450,230965,120388,67529,38814,23307,14041,8479,5135,3112,1886,1128,686"
eastern_religions,1997,"0,0,0,0,0,0,1,119,8875,27029,79396,255124,614449,1213270,2500520,17936340,63898597,135735802,245808717,405431829,497191338,437972406,299524970,180182025,97506305,51860662,30778617,22467488,21826800,27013354,31935172,28629902,18148166,10346637,5019941,2190643,920823,431797,233508,121342,67875,38881,23312,14037,8467,5118,3107,1882,1123,683"
eastern_religions,1998,"0,0,0,0,0,0,0,1777,12237,29883,76978,230789,560611,1117476,2502372,19372573,65553659,135979458,246437094,402242297,496022330,438627500,305855993,187947930,104753904,56084772,33621158,24514091,23821938,27828058,31334513,27985343,18450302,9849022,5086412,2250840,921266,435317,232837,122537,68999,39276,23572,14205,8573,5183,3146,1908,1140,692"
eastern_religions,1999,"0,0,0,0,0,0,0,799,10589,27049,70295,204395,487380,988829,3299558,20319714,69751015,136001064,240920046,401786257,497920262,440114913,308819405,193656567,113977685,61976337,35088114,25427320,24020507,27989729,31971712,28278995,18549156,10138670,5270201,2328064,977376,466965,245303,127271,71444,40344,24182,14554,8785,5306,3215,1952,1167,705"
eastern_religions,2000,"0,0,0,0,0,0,0,16,8829,24965,65914,183928,418316,837634,2975700,17757102,63532120,128437374,231813414,398625758,497249673,445325974,320180525,206890512,126126440,70027538,39827485,27330651,25429710,28891052,32480255,28305961,19017508,10954582,5400775,2433399,1021887,464440,246593,131050,73483,41299,24567,14744,8890,5352,3239,1967,1177,707"
eastern_religions,2001,"0,0,0,0,0,0,0,4,6959,22348,61238,170776,380842,748667,2484078,15441643,58589952,121679938,222995046,393565411,496130198,450122678,328417037,218729025,139196522,79921633,45685069,29959345,26692391,29207761,32970977,29613429,19778470,11198322,5545916,2453435,1036082,477644,255645,133284,74120,41930,25065,15057,9081,5469,3311,2009,1201,723"
eastern_religions,2002,"0,0,0,0,0,0,0,1,7306,22708,60259,163704,357304,679200,2068995,13037362,52662687,115378332,213721955,387015728,495617287,450809848,333668196,230682927,153205029,92313127,53569163,34033851,29347598,30890755,33409345,29659988,19947605,11685605,5778563,2625638,1108380,497642,263483,138153,75886,42667,25294,15168,9133,5510,3320,2014,1205,723"
eastern_religions,2003,"0,0,0,0,0,0,0,306,9523,23685,56722,148542,317096,596234,1409653,8404168,38571022,99361813,199270555,377222517,498938865,462510889,347008722,245816524,167702947,104931798,62194884,38677293,31673506,31950489,34040895,30019504,20936686,11713564,6072285,2831812,1183755,544802,284666,149681,81689,45906,26974,16152,9715,5864,3522,2141,1282,766"
eastern_religions,2004,"0,0,0,0,0,0,0,0,7729,21319,52246,134428,277311,508494,974378,4983088,26106157,82662001,183696535,364259071,499215729,473234036,361619163,261623928,182993510,118875301,71819275,43469562,33450370,32736531,34063958,31301178,22388390,12263738,6345939,2944673,1249375,584545,303422,157992,86498,48742,28278,16976,10249,6225,3784,2320,1419,865"
eastern_religions,2005,"0,0,0,0,0,0,0,0,5579,20018,47864,116581,228423,410303,763146,3080577,17415616,65470790,163799135,338688535,491804976,485866185,380548922,279314300,200826115,134151750,83482764,50226729,36937387,34579973,36355898,32487146,21994893,12975590,6535594,3075385,1318559,583151,309450,167523,92848,52541,29990,18004,10887,6631,4059,2502,1557,963"
eastern_religions,2006,"0,0,0,0,0,0,0,0,6143,19409,43078,99504,191820,345010,656350,2918200,15995774,59339398,150357983,315387922,477339491,490999977,392458484,291903481,217026449,148689029,95008699,57811591,40573022,36659262,36746631,32952109,22827735,13161572,6943355,3252448,1401150,659713,342484,178752,96861,54661,32257,19377,11736,7163,4402,2726,1705,1069"
eastern_religions,2007,"0,0,0,0,0,0,0,0,4079,17966,40546,87271,160393,283449,551469,2490718,14301833,53113499,137600630,290365937,461426894,495716960,403248326,303330969,232310211,164184110,108725884,66827447,44530399,38334282,38763291,34381724,23307865,13870871,7017156,3227411,1433229,655722,343333,180689,98409,57567,34505,20939,12846,7970,5004,3175,2052,1340"
eastern_religions,2008,"0,0,0,0,0,0,0,0,8050,21472,42939,80739,136955,233397,475854,2190731,13480232,50689007,131825313,278972612,450955530,495392829,406953278,310075636,242251921,175507638,119600872,74650442,50063830,42104816,39569580,33665321,23756132,13488498,7057479,3333167,1449327,661002,330428,176699,100535,59504,35706,21700,13345,8314,5247,3364,2191,1453"
eastern_religions,2009,"0,0,0,0,0,0,0,0,6655,22945,45646,66550,99404,180839,429181,1505404,9944451,41997283,120570867,257613237,433383883,493982495,416844100,321627674,255701977,191143510,134423113,86552201,57937421,46761532,41781147,36365766,23492579,13418145,6463394,2932310,1362146,594414,287851,158856,91368,54001,33086,20630,13093,8447,5542,3701,2503,1729"
eastern_religions,2010,"0,0,0,0,0,0,0,0,0,19,739,7131,33124,106362,313474,1058486,7414644,34298123,101899004,225090486,407325902,492928468,424883984,336424914,269688889,211602690,153380271,99728764,69057534,53752921,46392673,37628976,25608815,14740332,7040939,3303325,1456515,637759,327246,179256,102144,58838,35944,22894,15031,10145,7026,4987,3606,2664"
eastern_religions,2011,"0,0,0,0,0,0,0,0,0,5,193,3622,25457,98748,272257,693017,4192854,21641876,79313477,194155250,371869869,483333669,452585018,365966908,292303128,233519987,170309124,116347705,76498901,54670089,46902791,36800749,25333746,14621418,7136103,3239521,1508431,737692,385749,211029,119528,68958,42645,27748,18784,13170,9504,7025,5292,4046"
eastern_religions,2012,"0,0,0,0,0,0,0,0,2580,15673,35531,58925,90253,145927,287345,651224,2975407,16635548,67035832,175360058,347588638,467041744,457637063,376293792,303451940,249639699,189147949,132874957,90292313,63479148,50581237,38395018,25684613,14592534,7220136,3338472,1580043,774233,394384,202447,108614,61809,36975,23370,15329,10424,7319,5295,3920,2967"
eastern_religions,2013,"0,0,0,0,0,0,0,0,0,0,80,2031,29167,96791,243321,557028,1629190,6713980,35513373,129580867,310889478,456273799,463316836,405654069,335830841,274363760,210128226,149958062,103683628,74509957,57724671,40927408,27269786,14944782,6881221,2862675,1359775,653962,329591,173309,98707,55719,31880,19810,12774,8530,5898,4204,3083,2317"
eastern_religions,2014,"0,0,0,0,0,0,0,0,6417,23042,32547,40574,58194,101212,212622,474820,1279100,5245214,27822958,108859818,279236287,441034427,462912714,411850175,347986298,291811320,230888477,166537794,116861576,83362727,61736902,44721360,28502789,14917442,7192552,3181539,1497202,704470,341998,176313,99762,55941,32056,19970,12958,8750,6130,4444,3315,2532"
eastern_religions,2015,"0,0,0,0,0,0,0,0,0,0,20,250,6625,35853,124180,343107,991257,4100309,20335978,83290596,235714202,420604799,475118300,428569454,361812489,308163085,250106274,187556965,127838766,90018372,64622220,47890285,29231381,16020970,7540418,3141350,1481980,732281,378536,193093,107480,63294,38880,25264,16881,11580,8126,5844,4290,3203"
eastern_religions,2016,"0,0,0,0,0,0,0,0,0,0,6,177,4839,28716,103697,329309,891783,3161668,15392825,68513808,203113490,395371623,479290732,442698827,375480678,321343723,263229244,201669455,140893419,97090366,71827875,50343890,30252315,16978141,7595573,3363440,1643580,795904,402504,223976,135877,83857,53663,35993,24780,17497,12645,9347,7042,5393"
eastern_religions,2017,"0,0,0,0,0,0,0,0,0,0,0,3575,25949,56203,133668,314843,711154,2359706,11921625,56677628,178106617,376892083,483756881,457018077,383717575,328006122,271740075,211331342,152351223,104398999,75696509,51875124,34450771,19084758,9006194,4147709,2045099,1015926,558601,349595,229035,152801,103498,71633,51500,37749,28160,21335,16363,12663"
eastern_religions,2018,"0,0,0,0,0,0,0,0,0,0,5298,23122,50293,82863,140784,292362,628483,1989727,9783095,46176239,150229926,347286439,479033868,465686574,395431990,341997701,287712540,228000827,165470141,112380945,81397257,56745265,34857871,18931776,8976571,4128919,2048319,1057602,551314,313707,196180,126848,83989,56763,39781,29029,21648,16440,12669,9862"
eastern_religions,2019,"0,0,0,0,0,0,0,0,0,0,11788,33344,60780,88347,136284,274591,609015,1761939,8413263,39993794,130309052,320117391,472575043,473514048,404660607,350759691,298891102,239481115,176742852,121202876,87330721,59193676,37130394,20287856,9943587,4438506,2099436,1044906,580660,342157,211087,134309,87681,60443,42954,31398,23535,18017,14031,11052"
eastern_religions,2020,"0,0,0,0,0,0,0,0,0,0,4329,22781,51878,95049,173524,341154,679158,1968441,9727012,44754885,139093121,324513689,480427911,479859355,409764947,359519695,304834595,237304646,167277353,109788438,79171267,55914817,35055993,19851206,10331403,4807062,2287546,1211058,703544,430354,279006,185826,126354,87584,62553,45893,34189,25774,19598,14972"
eastern_religions,2021,"0,0,0,0,0,0,0,0,0,0,2787,19880,48176,89616,161277,318999,655301,1754143,8256793,38514885,123721837,298415081,441184072,460594936,395157769,360960455,328551373,270852733,198913393,132675261,90268325,63305854,37840310,20804785,10408361,5139995,2619536,1389174,791049,470348,294828,191107,126640,87108,61891,44943,33254,24997,19015,14596"
eastern_religions,2022,"0,0,0,0,0,0,0,0,0,0,1796,17938,45243,82633,142799,275552,583766,1457908,6477285,30739355,103176344,270352485,442800672,480698893,415889041,369692190,334498673,275399489,201926846,134618568,89871620,63982645,38968689,21838473,10937040,5360583,2657088,1354401,747877,436592,271028,173598,113938,77731,55146,40117,29833,22582,17347,13461"
eastern_religions,2023,"0,0,0,0,0,0,0,0,0,0,2191,17919,43765,77208,130751,256482,542055,1251058,5078286,24297577,86795626,239220545,424354796,492018027,432284868,376771709,341593687,285746232,213331949,144234101,94461952,67591494,41466803,23328079,12206223,5845109,2508564,1236348,672234,380869,223563,136693,85075,56274,39347,28567,21402,16441,12884,10241"
eastern_religions,2024,"0,0,0,0,0,0,0,0,0,0,985,15398,40934,75060,126538,233408,495021,1097216,4093951,19830432,75090564,211891710,408919347,499325468,445738618,381722448,347941009,295312839,223944961,153230949,100457265,71024179,43425046,24343765,12369541,5934071,2620643,1250131,663819,369854,214504,129766,79878,51637,35866,25965,19460,15012,11843,9498"
eastern_religions,2025,"0,0,0,0,0,0,0,0,0,0,1201,15438,39993,70924,113579,208892,441945,970478,3364719,16333912,66077320,190033105,387323800,502073341,460699056,389217631,353892382,303095360,233140927,161638794,105032600,73096954,46544059,25879784,13610333,6546274,2813800,1337317,714855,397849,231349,140897,87341,56364,39175,28342,21210,16320,12832,10251"
eastern_religions,2026,"0,0,0,0,0,0,0,0,0,0,573,13872,36861,67504,112008,217845,485728,1060225,2926357,12407073,51451348,153141400,344851650,491067414,480868873,402976715,362099789,315734031,249722657,176927570,113461042,75004906,46930078,25844436,13652263,6744500,2940713,1340081,726915,406716,235348,144254,91068,60098,41519,29860,22232,17035,13358,10648"
eastern_religions,2027,"0,0,0,0,0,0,0,0,0,0,0,12056,33864,64140,106264,197993,430400,932586,2358218,9470170,40420550,127142358,310832970,483784087,502683163,424002359,372415832,324752842,258408619,184907549,119055685,78331289,49511421,27529988,14554912,7264888,3195596,1417323,762362,426163,245225,150117,94622,62335,42960,30823,22901,17514,13717,10933"
eastern_religions,2028,"0,0,0,0,0,0,0,0,0,0,0,9976,30928,61948,105579,189902,388028,810292,1888988,7129574,31096142,104756092,271529632,462146995,515452657,442011443,380513368,335712368,272640186,199589288,130526546,84611357,53998830,30273107,16002102,8108609,3638638,1572874,833134,466139,267284,163558,102833,67429,46269,33062,24460,18639,14547,11568"
eastern_religions,2029,"0,0,0,0,0,0,0,0,0,0,0,9866,30541,62418,108017,189684,365928,732841,1647682,6083853,26978876,94799543,251047381,443227229,514035564,445764968,380802259,341639185,284994584,214723647,143727616,91698098,58297379,32549635,17122759,8752890,3996728,1718739,894361,499858,286509,175017,109841,71768,49059,34930,25765,19573,15235,12085"
eastern_religions,2030,"0,0,0,0,0,0,0,0,0,0,0,9755,30131,61023,104811,182984,353088,711016,1553018,5400625,23787234,86374428,233279141,431369237,519255826,457167155,385494126,345774684,290777428,221585255,149780654,95128664,60294863,33667922,17670567,9069633,4172135,1790337,917998,512687,293853,179376,112502,73455,50167,35685,26304,19971,15543,12337"
eastern_religions,2031,"0,0,0,0,0,0,0,0,0,0,0,7965,27474,58482,104550,186087,356501,708547,1500222,4880015,21152585,78778591,216615343,423015769,528440982,473722089,395703486,350831416,292371152,221664626,149547047,95320078,60903518,34475858,18130347,9316489,4283770,1821656,922855,517159,296324,181214,114023,74769,51240,36537,26975,20511,15982,12691"
eastern_religions,2032,"0,0,0,0,0,0,0,0,0,0,0,7871,27070,57137,101168,177153,334779,666430,1391874,4314309,18533041,71031564,199175061,407224708,529072477,484225185,401974199,355813901,298827675,229295799,156519203,99511377,63247672,35836306,18792000,9687116,4493392,1918835,957921,536927,307926,188440,118656,77840,53334,38006,28038,21301,16574,13156"
eastern_religions,2033,"0,0,0,0,0,0,0,0,0,0,0,6276,24516,53735,97790,171939,316862,612876,1244607,3702578,16004075,63593271,182583183,390696262,528254989,495174195,409163985,360408139,304511817,235887275,162624917,103644878,66016131,37974219,19926066,10321096,4832610,2058308,999413,559607,320142,195491,123147,80699,55224,39309,28958,21977,17086,13555"
eastern_religions,2034,"0,0,0,0,0,0,0,0,0,0,0,6201,24180,52284,94182,164440,301755,583291,1168645,3301035,14007986,56926984,167498547,377091045,532120053,511074831,421953506,366609309,307532907,237309248,163524925,104131706,66208509,38050709,19955898,10335445,4847211,2063776,985247,553748,317952,194861,123154,80945,55544,39632,29258,22249,17332,13774"
eastern_religions,2035,"0,0,0,0,0,0,0,0,0,0,0,6129,23972,51361,91802,158179,287474,554608,1112274,3186350,13747784,56573750,167313376,374200367,526757913,506737951,417317870,365102677,310600538,243583210,170227329,108719440,68619868,39543325,20676143,10721988,5067403,2176189,1017202,571797,328671,201433,127275,83717,57460,40987,30244,22984,17894,14214"
eastern_religions,2036,"0,0,0,0,0,0,0,0,0,0,0,4772,21548,47714,86491,148998,269219,520206,1047266,2885233,12170802,50606220,153083668,355436882,520815011,515665530,425322517,369255911,315992422,250064880,176803986,113600545,71666529,41933303,21969962,11418551,5450015,2352394,1066975,598382,343545,210027,132670,87218,59805,42607,31392,23824,18529,14704"
eastern_religions,2037,"0,0,0,0,0,0,0,0,0,0,0,4716,21263,46893,84962,146095,261776,501702,996617,2605100,10646938,44865381,139870617,338875111,520820011,531286155,440817137,376562515,319234818,250984240,176925417,113543945,71574300,41848521,21918252,11380491,5426399,2338135,1058305,595253,342741,210209,133403,88147,60674,43354,32018,24334,18950,15058"
eastern_religions,2038,"0,0,0,0,0,0,0,0,0,0,0,3579,18986,43372,79845,138363,249239,480152,949980,2355244,9263638,39454938,127169833,317950123,511093535,539329116,450613392,381281560,324866186,257465167,183603022,118636837,74693606,44309692,23291796,12104609,5830189,2528271,1114361,623375,359362,219926,139668,92320,63554,45400,33505,25448,19796,15708"
eastern_religions,2039,"0,0,0,0,0,0,0,0,0,0,0,3536,18756,42925,79181,137871,247458,471672,921716,2183386,8168755,34786206,115750536,296895582,499493753,546253133,460717218,386095738,330527197,264433307,190815247,124234711,77526254,46088244,24182222,12553480,6088337,2666671,1158809,643768,371531,227502,144549,95578,65777,46975,34641,26301,20442,16217"
eastern_religions,2040,"0,0,0,0,0,0,0,0,0,0,0,2576,16655,39588,74241,130133,234735,448617,878491,2009099,7201229,30678625,105436986,277981610,492827430,557583728,476406432,394245017,334737054,265653825,191317315,124501877,78146393,46974235,24818668,12898680,6282272,2750938,1190547,660564,381601,233205,148357,98168,67597,48278,35607,27019,21005,16666"
eastern_religions,2041,"0,0,0,0,0,0,0,0,0,0,0,2543,16438,39319,74581,132280,237869,446441,858893,1878493,6350785,26911811,95644667,257045385,478306161,562554139,487927015,400452148,340414800,271994257,197764181,129643300,80763261,48598169,25664316,13333210,6536337,2889460,1238740,679448,392759,240139,152807,101129,69636,49713,36657,27800,21606,17133"
eastern_religions,2042,"0,0,0,0,0,0,0,0,0,0,0,2512,16218,38400,72053,126767,227031,426954,822399,1798758,6176883,26554333,95203169,255926285,472843140,557240187,482332136,396535537,340832633,276575005,204175466,135377409,83829538,50498335,26682102,13831469,6815844,3039125,1296698,700965,405497,248042,157848,104438,71874,51273,37777,28633,22244,17633"
eastern_religions,2043,"0,0,0,0,0,0,0,0,0,0,0,1701,14390,35541,68031,120187,214881,402407,779285,1678450,5491730,23440753,86523386,237265631,462540397,565242008,498016454,405915976,345502664,277981052,204684525,135575427,84412845,51311649,27310339,14159020,6999389,3117305,1323991,714625,413914,252605,161004,106667,73472,52453,38665,29322,22780,18062"
eastern_religions,2044,"0,0,0,0,0,0,0,0,0,0,0,1679,14195,34896,66024,115505,203987,378053,730437,1546123,4850508,20556627,77980115,217667875,444491057,565690534,508473021,412689511,351102347,284578178,211674256,141499096,87679861,53264240,28343813,14648147,7261768,3251264,1371631,727683,422131,258011,164740,109358,75428,53886,39729,30124,23406,18551"
eastern_religions,2045,"0,0,0,0,0,0,0,0,0,0,0,1012,12512,32053,61651,108911,193462,358816,693295,1431702,4272845,17913358,69814883,198941673,425100189,563881649,518346388,419623224,356188986,290419270,218405789,147432404,91657390,56070773,30147399,15554647,7761613,3498545,1465973,757949,439288,267293,170515,113062,77879,55554,40905,30976,24040,19039"
eastern_religions,2046,"0,0,0,0,0,0,0,0,0,0,0,1000,12350,31460,59553,103829,182549,335391,647879,1325291,3781746,15593666,62284952,182139104,409859597,566793419,533988299,432576741,362330260,292933206,219198107,147682181,91690718,56013984,30088302,15503062,7731513,3489995,1465987,760149,441747,269596,172333,114392,78880,56329,41518,31470,24446,19383"
eastern_religions,2047,"0,0,0,0,0,0,0,0,0,0,0,987,12192,31227,59837,105516,187036,340073,642544,1276337,3419726,13629949,55305179,165726144,387751604,560940182,543528111,441707157,367825068,299177050,225982313,153707577,95339779,58062266,31285077,16081277,8053731,3669321,1547582,784534,456188,278544,178068,118176,81458,58138,42823,32428,25171,19943"
eastern_religions,2048,"0,0,0,0,0,0,0,0,0,0,0,440,10654,28601,55826,98602,174034,314361,593960,1175181,3043300,11872527,48895132,150637574,364938155,552720153,552134484,450845295,372741027,304798459,232382201,159605457,99665447,60888005,33224059,17049380,8594445,3946701,1661230,816662,474683,288265,183985,122003,84013,59890,44070,33338,25859,20474"
eastern_religions,2049,"0,0,0,0,0,0,0,0,0,0,0,435,10518,28114,54174,94714,165380,297920,566521,1129066,2953063,11659845,48556807,150435322,365139421,552884186,552283314,450456831,372039675,303878334,231633418,159209058,99441841,60707657,33138153,17011107,8573369,3944171,1664838,820552,477927,290952,186154,123717,85355,60938,44888,33995,26390,20908"
eastern_religions,2050,"0,0,0,0,0,0,0,0,0,0,0,429,10383,27929,53799,94060,163472,289223,537786,1055602,2667568,10234811,42928084,136810933,341767112,542242213,559665622,460330887,377307502,309848835,238143517,165258953,103531010,62893171,34486067,17663728,8923115,4140259,1761147,845120,491990,299407,191478,127164,87650,62532,46013,34820,27004,21386"
eastern_religions,2051,"0,0,0,0,0,0,0,0,0,0,0,0,9002,25533,50921,91012,160571,285158,524203,1010357,2442456,8999396,37874071,124636952,321492976,535990657,571244597,474727430,383973099,312856682,238939320,165428460,104060456,63588445,35176455,18019187,9119461,4233221,1794794,883121,514229,311632,199202,132215,91068,64902,47716,36068,27951,22126"
eastern_religions,2052,"0,0,0,0,0,0,0,0,0,0,0,0,8888,25072,49306,86328,149839,262663,479517,922699,2177100,7788136,33046774,112676694,297218517,521144341,576339861,485258897,389905600,319112505,245645049,171788776,108600481,65950021,36653753,18719101,9474492,4434626,1894920,909152,529543,321082,205267,136240,93811,66817,49103,37098,28725,22731"
eastern_religions,2053,"0,0,0,0,0,0,0,0,0,0,0,0,8774,24665,48374,83501,142628,246772,450074,876200,2023993,6912989,29159550,102224596,274280448,505165170,580054019,495821011,396135573,324822767,251573039,177410341,112743283,68056600,37982139,19363443,9807489,4619191,1990575,928690,541456,328628,210325,139763,96306,68624,50419,38083,29488,23313"
eastern_religions,2054,"0,0,0,0,0,0,0,0,0,0,0,0,7247,22479,45986,80009,135014,228705,414524,819059,1931238,6760326,28852122,101834116,273983834,504412272,578997259,494093048,394383972,323123510,250150077,176677218,112868814,68517673,38611279,19717139,10004010,4720973,2025539,941921,550092,333007,213408,141965,97915,69813,51323,38781,30035,23765"
eastern_religions,2055,"0,0,0,0,0,0,0,0,0,0,0,0,7154,22192,45503,79209,133004,222756,396813,775697,1783701,5956164,25400527,92339090,252154482,486751189,580160388,503268528,399995211,328471202,256099147,182771720,117790416,71071107,40232342,20530495,10411415,4953522,2147249,976906,568370,344414,220795,146907,101302,72219,53068,40075,31023,24532"
eastern_religions,2056,"0,0,0,0,0,0,0,0,0,0,0,0,7058,21826,44173,75686,124744,206623,367766,725320,1650233,5271822,22323789,83608372,233079585,473928212,585997245,518528581,409703868,332517973,256987166,182520702,117387271,70792939,40058971,20445737,10369911,4941722,2148300,981165,572064,347470,223268,148851,102816,73399,54000,40822,31614,25019"
eastern_religions,2057,"0,0,0,0,0,0,0,0,0,0,0,0,5750,19753,41073,70962,116287,191207,339181,675074,1534126,4735758,19736223,75479902,213226886,453092328,583352248,526826247,416253023,337452954,262456878,188157559,122451901,73939626,42399522,21708012,11032807,5300428,2314174,1033155,596166,360500,231214,153963,106224,75734,55644,42012,32511,25701"
eastern_religions,2058,"0,0,0,0,0,0,0,0,0,0,0,0,5672,19441,39997,68751,112267,184962,327903,648212,1443980,4215866,17246268,67804581,195768779,436664189,584888411,540794870,427429174,342147121,264136137,188509452,122490574,73881692,42351578,21673362,11004787,5292299,2313765,1035899,599222,363242,233499,155786,107661,76863,56548,42736,33092,26179"
eastern_religions,2059,"0,0,0,0,0,0,0,0,0,0,0,0,5593,19142,38953,65850,105562,170808,302722,606450,1368785,4048252,16819573,66970833,193610329,430111582,578023790,534219220,422287228,341005435,266886910,193269465,127076496,76418998,43951063,22545896,11434556,5535429,2444152,1081837,617956,374818,240868,160614,110915,79120,58155,43915,33977,26862"
eastern_religions,2060,"0,0,0,0,0,0,0,0,0,0,0,0,4450,17291,36209,62189,99935,162210,287577,577096,1290404,3652195,14760122,59802074,177179866,411818920,576964237,547734019,434494187,346021623,268200713,193012366,126901552,76661815,44442000,22856189,11598356,5624456,2479705,1094953,625903,379172,243752,162758,112521,80346,59101,44663,34574,27343"
eastern_religions,2061,"0,0,0,0,0,0,0,0,0,0,0,0,4385,17049,35541,61034,97634,157221,275115,543691,1204364,3277100,12853157,52925351,160748726,387345822,568712365,555737098,443922816,351512503,274029545,198706545,131716981,79358228,46081882,23769359,12040606,5878841,2619194,1147077,645795,391525,251701,168042,116130,82881,60923,46012,35599,28137"
eastern_religions,2062,"0,0,0,0,0,0,0,0,0,0,0,0,4324,16808,35010,59613,94018,149186,259168,515088,1142545,2978241,11266507,47131771,147153344,367067528,563498793,567478125,457483642,357356111,276406209,199153197,131670914,79226351,45948350,23689435,11980328,5853708,2617232,1152225,651126,396220,255653,171247,118690,84922,62558,47314,36649,28993"
eastern_religions,2063,"0,0,0,0,0,0,0,0,0,0,0,0,4264,16569,34179,57647,90303,142313,245938,487463,1086294,2851555,10915447,46320663,145339206,361294028,556814186,561200598,452021789,355262502,278085613,203157398,135896330,81824863,47480838,24585065,12406402,6090785,2747626,1201572,667049,406513,262586,176050,122084,87360,64350,48654,37676,29795"
eastern_religions,2064,"0,0,0,0,0,0,0,0,0,0,0,0,3311,14866,31844,56674,93543,154077,273181,549591,1218675,3024490,10329820,41919475,133509195,339933006,548400889,570054260,464618258,360759850,280377337,203651257,136192502,82407814,48162579,25041950,12635636,6209168,2799318,1223288,680796,415516,268695,180570,125466,89929,66338,50219,38915,30803"
eastern_religions,2065,"0,0,0,0,0,0,0,0,0,0,0,0,3263,14647,31047,53814,91654,157071,284383,568472,1261777,3185719,9960005,38134043,122313589,315131116,533557417,573709194,474429921,366679532,285975107,208794631,140570911,85073868,49678798,25950807,13073126,6453927,2937827,1281604,696908,425017,274499,184217,127831,91503,67416,50987,39484,31226"
eastern_religions,2066,"0,0,0,0,0,0,0,0,0,0,0,0,3215,14432,30434,53253,101513,194127,370839,738612,1578005,3981297,10919693,36203818,113187427,293685130,520241025,578463174,486355548,373394342,289383490,210031482,141080872,85294563,49751531,26005686,13079170,6449711,2942435,1285484,700828,428104,276865,185974,129136,92480,68155,51554,39934,31596"
eastern_religions,2067,"0,0,0,0,0,0,0,0,0,0,0,0,3167,14219,29803,51880,104207,207784,404525,808634,1719634,4435441,11832522,37064568,112935141,288969048,511686422,569971517,479074251,369827687,290080126,213621110,145383510,88364898,51464488,27099457,13617106,6742732,3110722,1363803,727575,445648,288792,194338,135149,96903,71466,54073,41887,33124"
eastern_religions,2068,"0,0,0,0,0,0,0,0,0,0,0,0,2398,12672,27766,49101,106488,231104,470626,958742,1999691,5044471,12830862,36007121,105263548,268723775,497478721,573528121,491072932,376837424,292710838,213804957,144958937,88380409,51830781,27404167,13793260,6840825,3157252,1394441,763401,466852,301697,202857,140963,100985,74414,56259,43530,34394"
eastern_religions,2069,"0,0,0,0,0,0,0,0,0,0,0,0,2363,12485,27303,46787,102357,230517,478687,982927,2032120,5076475,12793574,33836973,96761122,246032549,476967937,571329250,499285009,383815004,298889023,219800375,150303010,92070159,53804305,28634962,14390366,7151847,3333859,1475714,790982,484225,313058,210500,146246,104732,77128,58275,45052,35559"
eastern_religions,2070,"0,0,0,0,0,0,0,0,0,0,0,0,2330,12300,26870,44577,92713,209191,437759,900129,1850818,4539050,11614905,30557968,88127038,227550843,462544733,574841010,513228157,393701268,302960494,220802367,150165383,91750412,53556751,28516337,14330507,7122289,3325750,1476501,793171,486135,314656,211763,147210,105462,77685,58703,45393,35836"
eastern_religions,2071,"0,0,0,0,0,0,0,0,0,0,0,0,2295,12120,26458,43510,94619,222238,472204,976574,1997571,4930743,12540058,31687249,88466364,224132188,454192229,566061902,505438495,389101348,302633464,223744600,154241967,95076762,55350937,29697317,14927163,7436752,3506325,1565113,822187,505093,327496,220717,153618,110162,81199,61366,47442,37439"
eastern_religions,2072,"0,0,0,0,0,0,0,0,0,0,0,0,1666,10744,24564,40751,93927,239349,527871,1100236,2217690,5355891,13623789,31947933,83401562,207566957,435635720,563232944,514865426,397653927,306034089,224957969,154551113,95594995,55942350,30148791,15174513,7569645,3568313,1589685,836021,513750,332748,224471,156332,112143,82672,62485,48311,38119"
eastern_religions,2073,"0,0,0,0,0,0,0,0,0,0,0,0,1642,10587,24207,39355,80792,202374,447590,939809,1921005,4544754,11816144,28413076,75910786,190396107,413438575,557507982,523118301,407385021,312580615,230854372,159494018,99191216,57800686,31337965,15766792,7873256,3740024,1677912,859393,527903,341617,230208,160149,114757,84505,63817,49297,38870"
eastern_religions,2074,"0,0,0,0,0,0,0,0,0,0,0,0,1618,10435,23859,38746,77039,187704,410919,860389,1762808,4171525,10897962,26858814,74398484,189435281,412235485,556021299,521452484,405315735,310859110,229625338,158811961,98890098,57605713,31245632,15724209,7845098,3731600,1676384,860873,530397,344246,232594,162195,116462,85925,64992,50263,39673"
eastern_religions,2075,"0,0,0,0,0,0,0,0,0,0,0,0,1596,10284,23517,38008,72797,180466,399811,836117,1697777,3931588,10317706,25057221,68018048,174865412,393285096,552045990,532183582,416877742,315930666,231754356,159354120,98996821,57572302,31217097,15699186,7823463,3717065,1672143,859949,530055,344237,232682,162285,116529,85978,65031,50304,39715"
eastern_religions,2076,"0,0,0,0,0,0,0,0,0,0,0,0,1078,9108,21765,36032,68536,185279,431676,920113,1879386,4191598,11016913,25706805,64654632,161226170,367535673,538881567,535180902,424881524,321142559,237315841,164202245,103170910,60173530,32994554,16645252,8320223,3978549,1799197,897671,552316,357250,241036,167791,120254,88554,66857,51633,40708"
eastern_religions,2077,"0,0,0,0,0,0,0,0,0,0,0,0,1063,8980,21456,35422,67668,184969,432725,922679,1880420,4200017,11062821,25634065,64358586,160682491,365706003,536033195,532456618,422516916,319107444,235609868,162978258,102413874,59729352,32753987,16536479,8270748,3958371,1793719,897467,553370,358674,242460,169060,121342,89469,67624,52274,41256"
eastern_religions,2078,"0,0,0,0,0,0,0,0,0,0,0,0,1048,8856,21158,34865,61804,163991,382684,813001,1654736,3616762,9602120,22572527,57181618,146090096,341401373,525685990,538748878,433203838,325786235,241909267,168298727,106585226,61944245,34117483,17245031,8609602,4143875,1892631,924988,567519,367719,248393,173033,124066,91375,68993,53285,42010"
eastern_religions,2079,"0,0,0,0,0,0,0,0,0,0,0,0,1034,8731,20866,34418,57919,158091,382285,825770,1700468,3630071,9618622,22456141,54148894,136369469,321200201,515134565,544828864,444624233,331363769,244443996,168796947,106504341,61789465,34025063,17196958,8586515,4136484,1895490,931378,573626,373092,252886,176708,127031,93762,70925,54848,43279"
eastern_religions,2080,"0,0,0,0,0,0,0,0,0,0,0,0,1019,8614,20580,33922,57254,159631,390522,846213,1740707,3726200,9845672,22825271,54601548,136489000,319250735,510704703,539808723,440889312,329012706,242996118,168216627,106564759,61832236,34004354,17211280,8600541,4141625,1895669,931339,574604,374335,254076,177739,127896,94488,71526,55346,43705"
eastern_religions,2081,"0,0,0,0,0,0,0,0,0,0,0,0,613,7587,18987,32177,51476,136729,334959,729688,1511590,3194996,8430336,20060186,48831502,124999222,295906392,496409527,542408434,450760534,335889099,249259399,173323535,110986409,64610904,35827061,18206026,9102100,4406338,2023980,971566,592796,384184,260057,181442,130237,95997,72515,56028,44175"
eastern_religions,2082,"0,0,0,0,0,0,0,0,0,0,0,0,606,7486,18729,31715,48356,125252,312985,689430,1437750,2995909,7792977,18783921,45020005,115742344,276747283,483965526,546585309,462641788,343142951,252798603,174452919,111327818,64684814,35831606,18199603,9089748,4401630,2027696,979225,600187,390617,265434,185839,133821,98903,74884,57967,45763"
eastern_religions,2083,"0,0,0,0,0,0,0,0,0,0,0,0,597,7384,18476,31262,47541,125881,318717,706384,1471603,3066895,7954478,18974966,44973309,114487194,270914528,475602383,538155722,456615787,341074425,254260214,177734077,114728261,66697524,37042586,18896784,9446709,4603554,2134522,1037192,641320,419511,286014,200748,144804,107134,81145,62798,49558"
eastern_religions,2084,"0,0,0,0,0,0,0,0,0,0,0,0,589,7285,18227,30830,44865,109038,274266,612397,1287585,2680945,6811879,16574828,39894772,104875048,253034190,463307358,542480266,469311296,349356677,258001721,178918396,115011258,66717945,37015511,18877177,9420743,4583435,2127092,1035024,640267,418981,285710,200547,144653,107018,81067,62748,49530"
eastern_religions,2085,"0,0,0,0,0,0,0,0,0,0,0,0,582,7186,17981,30420,42762,89985,216940,486373,1032231,2190246,5473473,13625512,34371617,95024457,235224083,449003809,544869666,482092091,359166426,262989671,181221985,116082211,67182623,37146962,18930505,9404602,4554196,2113398,1027520,636975,418574,285790,200807,144951,107309,81328,62982,49727"
eastern_religions,2086,"0,0,0,0,0,0,0,0,0,0,0,0,259,6273,16535,28828,40864,78693,180005,400635,853057,1837485,4528270,11349797,31064349,92203144,230970894,443927745,540058743,478041896,357175365,263605676,183330917,119013395,69416017,38676679,19839602,9882719,4819689,2253063,1078492,660844,432957,295447,207473,149676,110741,83871,64915,51220"
eastern_religions,2087,"0,0,0,0,0,0,0,0,0,0,0,0,256,6188,16312,28425,40065,69409,150207,334856,721186,1581148,3858322,9746503,27119262,83398412,214122281,427704795,539719864,489642536,367399388,268658047,185491967,119826188,69700128,38712104,19823270,9839017,4783644,2233654,1068938,654970,429011,292688,205483,148211,109632,83032,64272,50732"
eastern_religions,2088,"0,0,0,0,0,0,0,0,0,0,0,0,252,6105,16091,28032,39376,68630,149372,330842,707521,1537978,3710595,9381531,26430565,82642905,212787534,425031598,536458497,486479199,364664639,266813851,184423733,119323730,69530293,38623407,19812088,9835775,4776994,2231493,1068427,655922,430518,294273,206950,149505,110743,83986,65077,51423"
eastern_religions,2089,"0,0,0,0,0,0,0,0,0,0,0,0,249,6023,15874,27643,38649,60104,120227,263969,573185,1280064,3079756,7797150,22547618,73597448,194301864,404528176,531557137,495066489,375162730,273802579,189916342,123329037,71936325,39924430,20560202,10189254,4968562,2337285,1106459,668138,436084,297292,208561,150326,111143,84144,65111,51397"
eastern_religions,2090,"0,0,0,0,0,0,0,0,0,0,0,0,245,5943,15661,27263,37929,59962,129415,292413,633819,1371148,3220438,8178794,21863042,67774195,180028574,385022331,525408284,502921979,384737899,278274164,192442939,124599324,72628620,40201345,20730816,10264254,4992353,2348049,1113428,674197,441236,301499,211936,153018,113286,85868,66503,52531"
eastern_religions,2091,"0,0,0,0,0,0,0,0,0,0,0,0,242,5860,15447,26889,37282,58860,129284,298887,657826,1438935,3455325,8770648,22886929,68753232,179647869,381500483,520048143,498335514,381817412,276358349,191115374,123844640,72239044,39946677,20591996,10201505,4960078,2337718,1113263,676306,445019,304731,214607,155197,115057,87301,67677,53490"
eastern_religions,2092,"0,0,0,0,0,0,0,0,0,0,0,0,0,5077,14141,25420,35887,52788,106397,242044,540453,1209945,2900434,7334602,19495676,60627184,163273528,358674119,510548021,504222955,392543835,283979102,197654050,129011074,75892780,42049133,21788550,10787807,5254036,2477147,1160897,690056,451386,308165,216402,156076,115432,87410,67646,53397"
eastern_religions,2093,"0,0,0,0,0,0,0,0,0,0,0,0,0,5007,13947,25074,35266,51821,106156,244395,547395,1227884,2977531,7589560,20098159,61584550,163475809,355564889,505141868,499492916,389585263,282063070,196424822,128290032,75545105,41861904,21692504,10744473,5235591,2470198,1162096,693085,454745,311315,219179,158459,117432,89080,69037,54557"
eastern_religions,2094,"0,0,0,0,0,0,0,0,0,0,0,0,0,4938,13757,24730,34677,49367,99390,229990,519412,1162193,2773311,7094010,18511774,56114643,152125354,337242003,497522448,505903835,399784004,286791769,199168338,129494191,76185795,42163308,21864039,10831987,5272191,2488908,1174732,701851,461238,316128,222773,161158,119504,90678,70291,55561"
eastern_religions,2095,"0,0,0,0,0,0,0,0,0,0,0,0,0,4871,13569,24390,34171,49463,105127,248565,561135,1232716,2869846,7205644,18557348,55837901,150976447,334312152,493368501,502144526,397195694,285139623,198028431,128775602,75899076,41978876,21771879,10781825,5241510,2477625,1187597,727170,481515,332101,235278,170970,127238,96819,75203,59532"
eastern_religions,2096,"0,0,0,0,0,0,0,0,0,0,0,0,0,4803,13381,24053,33658,46922,97340,230382,525194,1157204,2661116,6680500,16972487,50429694,138515316,312880889,481604904,505142317,406906963,291867732,203742638,132828839,78567853,43423348,22656318,11236805,5489715,2614425,1234222,724377,476704,327031,230621,166929,123823,93974,72847,57578"
eastern_religions,2097,"0,0,0,0,0,0,0,0,0,0,0,0,0,4738,13195,23722,33127,45006,91456,217239,498893,1098194,2489784,6230946,15678942,45763413,128340567,294196815,470585457,509304029,417526590,298267386,207471736,134406295,79415779,43780268,22816029,11308391,5510399,2616696,1247329,751242,497785,343370,243267,176761,131506,100043,77684,61471"
eastern_religions,2098,"0,0,0,0,0,0,0,0,0,0,0,0,0,4670,13014,23395,32645,43989,82658,187688,428669,954472,2212614,5501513,14220394,43920296,126461805,292023192,468124038,507357200,416267577,297010197,206333099,133605988,78993413,43525163,22679716,11238539,5467260,2593303,1235895,744445,493462,340543,241362,175438,130586,99386,77209,61132"
eastern_religions,2099,"0,0,0,0,0,0,0,0,0,0,0,0,0,3855,11838,22062,31369,41675,76590,172051,393670,872916,2008190,5003221,12799211,39042280,114742217,270163629,452643133,507300904,425632120,305274977,213197250,138634993,82708602,45699747,23933343,11861432,5773562,2738493,1291902,760948,502321,346226,245100,177947,132310,100599,78094,61786"
eastern_religions,2100,"0,0,0,0,0,0,0,0,0,0,0,0,0,3801,11672,21756,30909,41392,78034,177917,408016,903131,2085064,5199219,13157611,39616154,115151974,269012837,449138017,502543086,421594416,302401702,211352127,137625248,82201059,45456236,23812256,11815818,5764568,2742928,1300712,768651,508613,351264,249075,181087,134808,102588,79695,63085"
muslim,1800,"5,84,381,2040,7684,24901,75097,220734,563909,1214627,2270363,4010313,6380525,9055779,11708321,13505909,13962049,12689196,10157741,7326946,4766917,2904992,1700881,966613,547252,307194,164287,86268,47036,26211,15083,8856,5163,2952,1654,899,498,261,155,81,36,21,10,10,9,0,0,0,0,0"
muslim,1801,"5,85,384,2044,7694,24927,75154,220909,564398,1215826,2273104,4016690,6392063,9073266,11733240,13537000,13995593,12719979,10182094,7344265,4778058,2911803,1704994,969062,548695,308058,164743,86522,47181,26290,15124,8885,5175,2960,1664,906,500,261,156,81,36,21,10,10,9,0,0,0,0,0"
muslim,1802,"5,85,386,2045,7706,24947,75178,220936,564580,1216585,2274740,4019667,6397357,9081574,11748274,13561349,14030042,12756554,10215824,7370646,4794999,2922055,1710893,972582,550657,309158,165332,86812,47353,26390,15183,8918,5196,2973,1672,914,503,261,156,81,36,21,10,10,9,0,0,0,0,0"
muslim,1803,"5,85,386,2046,7714,24972,75246,221185,565384,1218579,2278779,4027420,6410374,9100771,11774137,13592279,14062607,12786179,10239309,7387267,4805600,2928414,1714585,974690,551842,309826,165692,87004,47451,26448,15220,8937,5209,2981,1674,915,505,262,156,81,36,21,10,10,9,0,0,0,0,0"
muslim,1804,"5,86,386,2051,7727,24997,75318,221429,566173,1220559,2282800,4035141,6423304,9119788,11799813,13623049,14095109,12815940,10263138,7404258,4816491,2934942,1718401,976876,553082,310511,166054,87203,47557,26508,15257,8956,5224,2992,1678,917,505,262,157,81,36,21,10,10,9,0,0,0,0,0"
muslim,1805,"5,86,387,2053,7734,25064,76428,230245,589790,1258202,2333695,4115350,6483479,9159523,11794961,13589327,14068546,12805720,10260999,7406769,4817774,2936666,1720177,977754,553261,310521,166109,87256,47602,26533,15263,8961,5228,2996,1679,921,505,263,157,83,37,22,10,10,9,0,0,0,0,0"
muslim,1806,"5,86,387,2057,7746,25092,76502,230509,590642,1260223,2337605,4122166,6493295,9172672,11814426,13613255,14093257,12828063,10285324,7431945,4837097,2950673,1730475,983730,556780,312527,167077,87765,47883,26683,15345,9005,5257,3014,1695,931,510,265,159,84,37,23,10,10,9,0,0,0,0,0"
muslim,1807,"5,88,388,2001,7607,24780,75734,228795,587892,1257554,2336140,4125119,6502216,9186742,11839613,13647628,14132715,12865682,10313901,7452581,4850870,2958901,1735177,986609,558439,313429,167553,88015,48031,26751,15386,9032,5274,3025,1703,932,514,267,159,84,37,23,10,10,9,0,0,0,0,0"
muslim,1808,"5,89,389,2003,7617,24806,75805,229119,589264,1261390,2344480,4142048,6527162,9213809,11867220,13670762,14151308,12884242,10333255,7468510,4861902,2966072,1739739,989508,560179,314472,168167,88361,48216,26861,15442,9069,5300,3041,1712,934,517,267,160,84,37,23,10,10,9,0,0,0,0,0"
muslim,1809,"5,89,391,2006,7629,24830,75872,229338,589891,1262824,2347528,4148793,6539253,9231839,11892476,13702270,14185507,12915846,10358376,7486430,4873447,2973160,1744006,992064,561683,315358,168657,88627,48370,26944,15492,9096,5319,3049,1716,935,517,268,161,84,37,23,10,10,9,0,0,0,0,0"
muslim,1810,"5,90,392,2009,7637,24857,75933,229537,590237,1262993,2346830,4148156,6540489,9237725,11907830,13730160,14226778,12961057,10395265,7513872,4891595,2983581,1750231,995645,563609,316391,169209,88914,48529,27037,15546,9129,5336,3061,1719,938,520,270,162,84,37,23,10,10,9,0,0,0,0,0"
muslim,1811,"5,90,393,2014,7647,24961,77473,239592,616179,1302700,2402999,4231743,6601541,9275745,11900433,13697063,14201656,12952071,10394294,7516243,4892718,2985173,1751812,996342,563697,316384,169226,88944,48556,27056,15552,9133,5339,3068,1720,936,523,271,162,84,37,23,10,10,9,0,0,0,0,0"
muslim,1812,"5,90,393,2017,7655,24988,77552,239945,617331,1305621,2409581,4245006,6623494,9307666,11940520,13738845,14236192,12978275,10410453,7525087,4898263,2988343,1753714,997268,564246,316690,169410,89062,48600,27062,15565,9145,5342,3068,1718,934,520,271,163,84,37,23,10,10,9,0,0,0,0,0"
muslim,1813,"5,90,393,2020,7666,25013,77624,240253,618267,1307732,2413798,4253698,6638235,9328997,11969668,13775841,14277008,13015463,10437873,7543260,4909734,2994672,1757056,999519,565636,317546,169946,89411,48824,27209,15653,9192,5371,3088,1733,942,523,273,164,84,38,23,10,10,9,0,0,0,0,0"
muslim,1814,"5,92,395,2024,7678,25061,78218,242590,624630,1322036,2438763,4278909,6656853,9337557,11975140,13796230,14310736,13049525,10466259,7563920,4923711,3003643,1762540,1002799,567565,318699,170607,89792,49042,27325,15713,9222,5388,3097,1738,944,523,275,165,84,38,23,10,10,10,0,0,0,0,0"
muslim,1815,"5,92,395,2024,7688,25414,83074,267497,684029,1406737,2561063,4437518,6762967,9380982,11922052,13700370,14234327,13007369,10446345,7553801,4916475,3000443,1761168,1001387,566191,317815,170183,89593,48932,27254,15669,9212,5381,3096,1738,945,524,275,166,84,38,23,10,10,10,0,0,0,0,0"
muslim,1816,"5,92,397,2028,7697,25005,76333,231210,595915,1277449,2377310,4208116,6639374,9379676,12096611,13950468,14448189,13156328,10549195,7627927,4968826,3032686,1781571,1014196,574378,322680,172585,90801,49608,27637,15886,9333,5454,3134,1766,956,528,281,167,86,39,24,10,10,10,0,0,0,0,0"
muslim,1817,"5,92,399,2033,7706,25121,77949,241740,623205,1319442,2436536,4296714,6706852,9424947,12096263,13923917,14428601,13151901,10552533,7634560,4973149,3036018,1783791,1015276,574654,322701,172641,90858,49632,27650,15892,9335,5465,3139,1768,957,530,281,167,86,39,24,10,10,10,0,0,0,0,0"
muslim,1818,"5,92,399,2037,7720,25314,80702,256000,658762,1376233,2521605,4401560,6775769,9450573,12065789,13881290,14406963,13149056,10558135,7641352,4977813,3040043,1786659,1016805,575340,323091,172911,91027,49732,27691,15916,9355,5477,3148,1769,956,533,283,168,87,39,24,10,10,10,0,0,0,0,0"
muslim,1819,"5,92,399,2042,7731,25361,80893,256732,660898,1380864,2529966,4416120,6797551,9479731,12102271,13921431,14446982,13187324,10594889,7669897,4996862,3052778,1794604,1020688,577222,323814,173131,91056,49686,27659,15883,9337,5458,3136,1763,956,533,284,167,87,38,24,10,10,10,0,0,0,0,0"
muslim,1820,"5,92,373,1951,7546,24926,79845,254885,658879,1380201,2533204,4427649,6816572,9509090,12145932,13975662,14503250,13237419,10634295,7698410,5015109,3063615,1801023,1024430,579291,324970,173759,91387,49871,27766,15939,9360,5480,3147,1771,962,536,284,167,87,39,24,10,10,10,0,0,0,0,0"
muslim,1821,"5,92,375,1907,7434,24673,79259,253471,655943,1375095,2524008,4410870,6797210,9494967,12142295,13990552,14546873,13321993,10722737,7767135,5067805,3098416,1820319,1036184,585167,327832,175336,92241,50345,28030,16100,9462,5550,3191,1799,978,545,288,171,89,41,25,10,10,10,1,0,0,0,0"
muslim,1822,"5,92,375,1921,7465,24805,79700,254815,659110,1380628,2531726,4422458,6812156,9512479,12165424,14022626,14595389,13374428,10772213,7807627,5094989,3115782,1830810,1042682,588862,329916,176513,92834,50681,28245,16219,9525,5591,3216,1821,994,551,290,172,89,41,25,10,10,10,1,0,0,0,0"
muslim,1823,"5,92,374,1908,7389,24540,79270,254827,659917,1381863,2534602,4434606,6834488,9545139,12209644,14084958,14667755,13440453,10827050,7850100,5123621,3133809,1841997,1049387,592996,332373,177907,93598,51077,28476,16355,9614,5626,3232,1831,1001,554,292,173,91,41,25,10,10,10,1,0,0,0,0"
muslim,1824,"5,93,380,1878,7298,24591,81845,268148,691401,1426401,2600058,4516682,6894010,9573101,12195722,14066104,14679917,13479173,10872287,7888524,5150639,3151420,1852487,1055436,596082,334006,178820,94059,51338,28621,16437,9661,5657,3256,1844,1007,561,294,174,92,41,25,10,10,10,1,0,0,0,0"
muslim,1825,"5,93,365,1793,7140,24065,78340,253593,659718,1385229,2543593,4456240,6874759,9604002,12295669,14200636,14810807,13587378,10951872,7945373,5188622,3173893,1865603,1063428,600867,336734,180282,94835,51754,28861,16569,9744,5697,3287,1853,1013,564,296,174,93,42,26,10,10,10,1,0,0,0,0"
muslim,1826,"5,93,366,1807,7181,23924,74311,229524,599213,1293274,2412679,4288306,6787647,9604254,12423801,14399998,14994801,13740729,11082362,8047753,5259775,3217756,1893202,1080554,611080,342592,183381,96540,52736,29397,16867,9909,5797,3342,1891,1034,571,300,175,96,43,27,10,10,10,1,0,0,0,0"
muslim,1827,"5,95,366,1782,7097,23793,74135,229431,599888,1296734,2421861,4307231,6820042,9647704,12479201,14465343,15062389,13801206,11132513,8086642,5288073,3236959,1905871,1088125,615576,345157,184725,97288,53151,29613,16980,9966,5839,3365,1898,1041,578,302,176,98,44,27,10,10,10,1,0,0,0,0"
muslim,1828,"5,95,366,1779,7020,23642,75417,240615,630317,1345392,2492568,4414187,6910175,9719598,12504038,14461685,15064306,13816870,11151034,8102394,5298105,3244397,1911003,1090767,616917,345854,185174,97558,53305,29690,17015,9996,5843,3369,1899,1036,579,306,177,98,44,27,10,10,10,1,0,0,0,0"
muslim,1829,"5,96,355,1695,6872,23510,77612,254402,666233,1402527,2573264,4503859,6949249,9707231,12427194,14380414,15043406,13874639,11243952,8188846,5365248,3291517,1938358,1107718,625767,350340,187741,98899,54018,30116,17276,10141,5938,3425,1946,1061,596,316,183,100,46,28,10,10,10,2,0,0,0,0"
muslim,1830,"5,96,355,1682,6794,23398,77513,254626,667539,1406424,2581653,4518821,6976839,9746761,12478277,14445222,15118069,13950091,11307445,8234943,5397446,3311655,1950064,1114623,629721,352514,188918,99526,54350,30297,17371,10192,5977,3450,1957,1069,600,318,184,101,46,28,10,10,10,3,0,0,0,0"
muslim,1831,"5,96,357,1694,6833,23739,80919,270351,704166,1459245,2661764,4623987,7061416,9802536,12490131,14441928,15126457,13972956,11334417,8256647,5411666,3321319,1956209,1117921,631375,353430,189463,99833,54514,30387,17431,10225,6002,3463,1961,1075,602,318,186,101,46,28,10,10,10,3,0,0,0,0"
muslim,1832,"5,96,359,1686,6764,23659,80903,270904,706075,1463524,2670558,4639506,7086098,9836979,12536364,14506629,15204896,14054602,11403948,8306525,5446038,3342658,1968574,1125020,635425,355532,190554,100440,54845,30566,17515,10273,6027,3482,1972,1081,600,319,187,102,46,28,10,10,10,3,0,0,0,0"
muslim,1833,"5,96,349,1611,6515,22639,74176,241618,640302,1375348,2549536,4496423,7021984,9863958,12696160,14730886,15411626,14212553,11513789,8382481,5496988,3372789,1986329,1136301,642542,359698,192793,101632,55520,30958,17728,10400,6096,3523,1995,1092,603,324,189,103,47,29,10,10,10,3,0,0,0,0"
muslim,1834,"5,96,351,1615,6551,22662,72352,229514,608982,1325183,2476640,4406643,6986595,9885724,12800859,14878172,15561823,14348588,11622478,8459990,5546898,3401658,2003261,1146510,648488,363109,194707,102646,56105,31296,17933,10512,6170,3562,2016,1110,613,327,190,104,47,29,10,10,10,3,0,0,0,0"
muslim,1835,"5,96,352,1609,6495,22701,74584,243257,644069,1381107,2556138,4509363,7052204,9911875,12757551,14818154,15545171,14377942,11679656,8526667,5604155,3447254,2034452,1164494,655357,365086,195600,103073,56266,31388,17978,10517,6161,3548,2004,1106,612,330,193,105,47,29,10,10,10,3,0,0,0,0"
muslim,1836,"5,96,352,1623,6535,22998,77447,257916,679589,1432681,2626908,4598098,7109554,9946745,12737571,14761780,15496290,14392028,11739175,8597836,5673354,3503518,2071973,1187258,665768,369464,197735,104131,56742,31587,18082,10571,6179,3551,2005,1110,618,338,197,110,50,31,11,10,10,4,0,0,0,0"
muslim,1837,"5,96,348,1590,6377,21927,70389,226866,609118,1328489,2481982,4414780,7018811,9952559,12844442,14900789,15621942,14541500,11894330,8760112,5812026,3598249,2131847,1220362,685208,382284,205521,107852,58483,32499,18595,10873,6339,3618,2031,1125,627,347,198,113,52,31,11,10,10,4,0,0,0,0"
muslim,1838,"5,96,343,1514,6147,21553,71147,236770,637073,1373362,2548024,4519638,7105095,10016903,12862592,14895760,15633945,14575685,11928668,8790366,5833887,3614015,2142414,1226452,688557,384113,206501,108364,58701,32571,18621,10889,6337,3609,2019,1120,624,349,199,113,52,31,11,10,10,4,0,0,0,0"
muslim,1839,"5,96,342,1514,6081,21368,71425,239620,646563,1395695,2586223,4560175,7138297,10036216,12874036,14925725,15701008,14662994,12009982,8853348,5877245,3640700,2158158,1235732,693823,387049,208094,109170,59113,32830,18761,10949,6357,3614,2022,1123,625,352,200,113,53,31,11,10,10,4,0,0,0,0"
muslim,1840,"5,97,342,1517,6033,21188,69027,225822,611593,1341272,2512543,4477315,7123532,10092934,13017066,15105185,15860339,14788732,12098167,8910424,5917239,3664903,2172340,1245398,700325,391097,210471,110521,59871,33223,18967,11036,6398,3634,2035,1124,627,354,202,114,53,31,11,10,10,4,0,0,0,0"
muslim,1841,"5,97,344,1523,6070,21313,69417,227005,614511,1347484,2525848,4501514,7163056,10150312,13091171,15191873,15948973,14874989,12152532,8942621,5940169,3676422,2182469,1260240,712111,398988,216401,114736,62635,35052,20139,11747,6787,3835,2140,1179,652,367,204,115,54,31,12,10,10,4,0,0,0,0"
muslim,1842,"5,98,340,1462,5939,21053,68921,226412,615152,1351835,2533950,4516129,7183381,10169358,13110545,15237808,16028414,14992496,12278871,9044346,6002774,3712084,2201294,1270333,717051,401284,217571,115433,62977,35115,20099,11708,6760,3824,2142,1173,652,363,205,116,54,31,12,10,10,4,0,0,0,0"
muslim,1843,"5,98,341,1465,5903,21113,70836,239244,648086,1401813,2603921,4617149,7252053,10205447,13092494,15217217,16061159,15085615,12377989,9116971,6046609,3735726,2211858,1276039,719500,402330,218328,115985,63297,35266,20159,11741,6775,3834,2151,1180,656,367,206,118,55,31,12,10,10,4,0,0,0,0"
muslim,1844,"5,98,337,1431,5665,20260,71114,251148,686617,1467544,2703093,4735509,7327808,10235783,13049558,15163240,16052589,15146664,12467716,9192287,6105529,3779532,2237653,1293616,729951,408339,222415,118642,64830,36168,20684,12030,6950,3940,2212,1214,674,378,213,122,57,33,13,10,10,5,0,0,0,0"
muslim,1845,"5,98,339,1437,5705,20921,79021,286878,767950,1580269,2872056,4942455,7478322,10305102,13001816,15076763,15994656,15130593,12482808,9218950,6129386,3799683,2251538,1301826,734530,410783,223671,119402,65289,36410,20822,12111,6995,3974,2236,1224,685,388,215,123,59,33,14,10,10,5,0,0,0,0"
muslim,1846,"5,98,339,1381,5509,20912,83363,305679,808445,1633332,2955505,5032756,7548172,10331263,12980595,15063250,16025152,15206874,12569508,9289531,6182097,3835488,2273548,1314943,741708,414698,225993,120742,65982,36755,20983,12198,7050,3999,2249,1241,690,385,214,123,57,33,13,10,10,5,0,0,0,0"
muslim,1847,"5,98,340,1386,5544,21568,90234,330301,858848,1702215,3066182,5149854,7648974,10386092,12980913,15052179,16023392,15224624,12615418,9343165,6227183,3867222,2294143,1327915,749634,418815,228142,121930,66651,37133,21201,12321,7126,4051,2275,1254,697,391,220,125,59,33,14,10,10,5,0,0,0,0"
muslim,1848,"5,98,340,1397,5567,20748,79273,289793,777204,1598726,2904641,5006718,7584835,10446133,13175194,15303341,16268527,15428452,12768027,9456068,6299322,3908879,2318610,1341395,756794,422382,229595,122522,66943,37290,21292,12378,7155,4065,2286,1259,701,390,222,125,61,33,14,10,10,5,0,0,0,0"
muslim,1849,"5,99,341,1398,5471,21380,90377,333154,867284,1716569,3087668,5186460,7701654,10460438,13078260,15205252,16235339,15460394,12832106,9510499,6338583,3937898,2337280,1350403,760530,423316,229438,122044,66558,37083,21201,12349,7155,4076,2287,1271,703,394,222,125,61,33,14,10,10,5,0,0,0,0"
muslim,1850,"5,101,343,1342,5350,21853,97882,358989,917773,1783794,3196957,5302650,7831742,10581626,13167822,15259704,16230260,15420242,12798913,9494387,6348442,3960691,2359189,1367315,772203,430335,233306,124230,67842,37906,21775,12748,7412,4230,2373,1312,729,406,227,125,60,33,14,10,10,6,0,0,0,0"
muslim,1851,"5,101,341,1316,5162,20364,88013,330271,869116,1724214,3095850,5197893,7737797,10562774,13242009,15431644,16449867,15634120,12997673,9638923,6430072,4008276,2380123,1368265,766873,423808,226824,119511,65144,36331,20826,12268,7247,4224,2412,1334,727,397,231,126,61,33,14,10,10,6,0,0,0,0"
muslim,1852,"5,101,341,1322,5188,21185,96482,358436,923809,1797424,3210813,5303686,7810794,10569215,13190529,15404236,16470948,15698853,13088021,9701540,6457776,4020073,2378837,1365658,768438,427230,229534,121292,66514,37284,21420,12653,7549,4464,2595,1443,775,411,235,129,63,34,15,10,10,7,0,0,0,0"
muslim,1853,"5,101,342,1324,5215,20631,89399,335771,883476,1751195,3140457,5265886,7820322,10652319,13341736,15573295,16623295,15816599,13170160,9758973,6491802,4035717,2385951,1370264,773030,431174,231994,122679,67361,37841,21760,12855,7675,4545,2646,1473,791,414,235,129,64,34,15,10,10,7,0,0,0,0"
muslim,1854,"5,101,342,1323,5140,21067,96989,362607,935757,1819083,3246356,5356295,7873151,10637076,13262981,15506936,16624116,15881954,13266968,9847829,6563761,4084239,2413989,1386737,782705,436351,234988,124236,68184,38349,22060,13026,7785,4629,2705,1512,812,425,237,130,66,34,15,10,10,7,0,0,0,0"
muslim,1855,"5,102,343,1274,5017,20171,88948,337631,891692,1769010,3170085,5312611,7885992,10725866,13381467,15593352,16703794,15973687,13357386,9956491,6661415,4156822,2462729,1413775,794111,441095,236339,124082,67776,38047,21829,12818,7595,4475,2614,1468,812,431,241,132,68,34,16,10,10,7,0,0,0,0"
muslim,1856,"5,102,341,1255,4887,18194,70151,268775,754127,1595249,2902808,5036945,7710828,10725622,13585412,15916668,17067557,16311925,13611518,10121171,6750804,4199553,2483429,1423701,799643,444162,237360,124197,67554,37621,21393,12486,7385,4358,2541,1435,788,425,239,132,69,34,16,10,10,7,0,0,0,0"
muslim,1857,"6,102,341,1259,4888,18978,80754,312610,850079,1739184,3173389,5436385,8099626,10972821,13524246,15616674,16765759,16104479,13486237,10068596,6749316,4225823,2508705,1448465,823833,465473,252645,133378,72536,40280,22797,13171,7711,4525,2624,1475,803,433,246,138,71,34,21,10,10,7,0,0,0,0"
muslim,1858,"6,102,341,1267,4911,18067,67306,254767,727022,1590908,2979083,5268531,8028927,11046056,13811255,16064006,17108677,16246362,13486453,10023273,6768140,4268320,2539556,1479432,858512,496712,276340,149000,81245,44698,25118,14393,8260,4701,2648,1482,818,470,268,143,74,35,24,17,10,7,0,0,0,0"
muslim,1859,"6,102,342,1219,4744,17631,66398,254132,731035,1608716,3026011,5362399,8160409,11147313,13857764,16109019,17150355,16304825,13557887,10079000,6788057,4270270,2532372,1475558,859290,497896,278512,151018,82449,45380,25484,14554,8304,4698,2634,1465,796,447,251,132,63,28,14,10,10,7,0,0,0,0"
muslim,1860,"6,102,343,1221,4909,18697,69795,263929,755815,1660740,3113814,5505288,8356780,11326016,13957964,16087194,17034054,16219473,13548847,10111930,6832788,4315891,2560514,1491476,868245,501631,279879,151324,82426,45244,25345,14465,8256,4669,2604,1428,761,410,227,119,55,25,15,10,10,8,0,0,0,0"
muslim,1861,"6,102,343,1226,5058,19438,72097,270945,773696,1696478,3168843,5578155,8437642,11417567,14091100,16247178,17158107,16294574,13583021,10107467,6814160,4287583,2539762,1477904,857408,492864,273960,147408,79877,43796,24600,14107,8095,4581,2555,1401,745,405,224,114,55,25,15,10,10,8,0,0,0,0"
muslim,1862,"6,102,342,1207,4933,19894,84912,330500,906172,1871136,3447048,5942970,8754322,11559228,13941220,15925581,16873722,16210258,13599796,10134379,6845676,4314881,2564566,1495666,864550,494303,274471,147244,79116,43153,24214,13916,8018,4561,2549,1392,740,412,229,116,55,25,15,10,10,8,0,0,0,0"
muslim,1863,"7,102,343,1170,4823,19236,78900,308655,863996,1801463,3277396,5655601,8458457,11380949,14070664,16338296,17367301,16667126,13913744,10279565,6887668,4302324,2543863,1471450,843535,477691,264323,143119,77723,42538,24063,14147,8390,4861,2702,1429,711,398,225,116,55,25,15,10,10,8,0,0,0,0"
muslim,1864,"7,102,346,1170,4800,19608,85057,334453,923238,1891904,3430287,5839009,8617857,11491561,14072995,16245956,17264325,16639951,13987132,10365075,6928556,4320218,2556842,1478507,847752,481453,267020,144639,78752,43298,24539,14409,8532,4946,2751,1452,731,394,221,118,56,26,15,10,10,8,0,0,0,0"
muslim,1865,"7,102,347,1173,4808,19125,79549,314097,883493,1847145,3361614,5772472,8570154,11497475,14195307,16425809,17465976,16815397,14129110,10484906,7016256,4372108,2574780,1488043,856189,484320,265123,141586,76500,42271,24182,14244,8393,4840,2694,1424,719,389,221,118,56,26,15,10,10,8,0,0,0,0"
muslim,1866,"7,103,349,1180,4830,18870,75183,295112,842486,1791143,3273248,5709503,8616756,11586319,14256680,16468255,17552723,16917380,14240378,10644836,7180383,4498147,2645185,1511717,863422,488488,266289,141266,76249,42095,23954,13962,8140,4661,2606,1400,732,397,225,120,56,26,15,10,10,8,0,0,0,0"
muslim,1867,"7,103,349,1159,4712,18010,69359,272510,799421,1742323,3199466,5614760,8553379,11545652,14242466,16522632,17717270,17092182,14434226,10821034,7319750,4612112,2718994,1567897,903061,510923,278464,148082,80445,44736,25375,14486,8164,4515,2483,1367,742,413,228,124,58,28,16,10,10,9,0,0,0,0"
muslim,1868,"7,103,349,1136,4591,18028,73233,293762,852230,1817237,3285459,5660088,8470780,11396944,14128720,16566880,17935024,17344455,14638709,10934073,7370046,4632937,2727139,1561559,894430,507740,277831,148179,80827,44998,25458,14527,8251,4623,2571,1425,782,437,247,138,66,28,16,10,10,9,0,0,0,0"
muslim,1869,"7,103,350,1156,4602,18280,78276,317545,907419,1897702,3412238,5819507,8605598,11477539,14124849,16535494,17927162,17373238,14688631,10986585,7407950,4659455,2743996,1570643,899299,510532,279205,148845,81187,45215,25595,14610,8293,4644,2587,1435,790,444,250,140,69,28,16,10,10,9,0,0,0,0"
muslim,1870,"7,103,351,1144,4310,16232,68418,283412,830663,1785421,3269722,5714756,8578622,11495874,14157949,16563035,18040048,17592016,14926630,11222923,7601200,4787342,2824587,1620290,927998,527757,289033,153913,83674,46451,26165,14854,8438,4754,2670,1503,841,481,277,156,79,29,16,10,10,9,0,0,0,0"
muslim,1871,"7,103,351,1149,4325,16305,68853,285395,836407,1796418,3289264,5755401,8638325,11573962,14252440,16667284,18124038,17662902,14986237,11284713,7655321,4837892,2865837,1649956,947651,540078,294689,156103,84685,46927,26386,14970,8520,4796,2690,1511,843,478,275,157,73,38,23,10,10,9,0,0,0,0"
muslim,1872,"7,103,352,1121,4149,15402,62451,258848,779015,1718290,3176088,5621538,8564569,11596821,14381420,16869340,18317514,17839478,15193927,11485103,7796063,4924018,2912375,1676544,962934,546316,295658,155774,84232,46538,26142,14835,8420,4730,2647,1477,817,459,263,149,72,38,25,10,10,9,0,0,0,0"
muslim,1873,"7,103,355,1141,4243,16165,68119,283253,835398,1801276,3306107,5789418,8699712,11685511,14379486,16824338,18291690,17871064,15288661,11598442,7874717,4969587,2933601,1681507,960639,541635,290673,151637,81034,44253,24735,14057,8055,4564,2574,1435,791,442,254,141,71,38,24,10,10,9,0,0,0,0"
muslim,1874,"7,103,352,1110,4366,17221,71107,291434,856283,1838234,3346775,5797524,8687617,11697743,14446119,16957942,18455312,18037389,15475889,11725336,7939661,4995427,2931427,1668520,946838,527778,279732,144502,76698,41797,23479,13475,7754,4424,2485,1379,754,412,234,132,61,30,17,10,10,10,0,0,0,0"
muslim,1875,"7,103,354,1114,4426,17140,67358,271773,810459,1772817,3249878,5683342,8631048,11732100,14592038,17152540,18639005,18213635,15662700,11894840,8066378,5077678,2978807,1696100,964111,537827,284878,146911,77782,42310,23763,13631,7836,4456,2517,1392,760,413,237,133,61,30,17,10,10,10,0,0,0,0"
muslim,1876,"7,103,354,1085,4225,16506,65228,265390,797278,1754381,3242950,5727313,8748141,11894683,14705293,17205037,18648176,18270668,15782676,12027384,8162349,5139869,3016272,1721101,980248,546112,289085,149433,79176,43036,24171,13864,7946,4522,2548,1410,769,413,234,132,60,30,17,10,10,10,0,0,0,0"
muslim,1877,"7,103,352,1071,4212,16180,61377,244729,746742,1683732,3163529,5661995,8800939,12087926,15022194,17475353,18735036,18298454,15838762,12110084,8233090,5184326,3042297,1737046,992266,553878,294191,153297,81956,44860,25359,14648,8466,4831,2708,1466,775,421,243,132,61,28,17,10,10,10,0,0,0,0"
muslim,1878,"7,103,353,1071,4248,16029,57703,222894,687592,1579484,3001585,5460734,8671963,12086391,15217077,17778163,19024521,18568997,16070434,12271317,8335099,5239030,3070666,1750565,999180,556792,295656,154204,82256,44847,25406,14807,8664,4981,2781,1487,769,419,241,133,59,28,17,10,10,10,0,0,0,0"
muslim,1879,"7,105,355,1068,4260,16169,59881,238291,729608,1651214,3120223,5608360,8719125,12110388,15197788,17682079,18922901,18562582,16177591,12461154,8480293,5328807,3136546,1799962,1033290,578125,308254,161042,86018,46999,26752,15752,9297,5379,2994,1592,817,437,248,137,62,30,18,10,10,10,1,0,0,0"
muslim,1880,"7,106,355,1047,4065,15297,49281,152236,476386,1208022,2487000,4609568,7907169,11642559,15455252,18644019,20003481,19400627,16784079,12845976,8721361,5461348,3210144,1847507,1067739,600251,321613,168797,90500,49553,28155,16505,9691,5598,3124,1668,859,452,256,137,62,30,18,10,10,10,1,0,0,0"
muslim,1881,"7,106,355,1052,4088,15451,48887,142856,432019,1107096,2342742,4379044,7644099,11492592,15482325,18912538,20395396,19791128,17121336,13104557,8880480,5545012,3246771,1861007,1074139,604243,326041,172581,92732,50795,28901,16905,9904,5718,3207,1729,891,473,259,139,60,30,17,10,10,10,1,0,0,0"
muslim,1882,"4,90,321,967,3675,13454,43594,133042,418071,1080320,2284692,4340581,7650428,11513903,15536760,18975586,20484678,19937924,17334049,13336550,9053046,5650541,3306729,1893552,1091456,613730,332479,177024,95064,51761,29295,17026,9919,5736,3254,1777,944,496,269,140,60,30,17,10,10,10,1,0,0,0"
muslim,1883,"4,91,321,967,3701,13324,42985,135104,434574,1120542,2341356,4450679,7790981,11639496,15643214,19030176,20519274,19989274,17431627,13443893,9124625,5689443,3329759,1906420,1097580,616610,334419,178267,95677,51942,29352,17066,9937,5752,3259,1799,967,513,283,145,59,30,17,10,10,10,1,0,0,0"
muslim,1884,"4,92,322,940,3541,12520,39309,113943,352311,943430,2083406,4045939,7303303,11291256,15503544,19258584,20994180,20515766,17948712,13889814,9443971,5905991,3459907,1981444,1142809,642425,348270,185646,99457,53768,30231,17454,10088,5815,3306,1844,1002,540,298,154,63,31,18,10,10,10,2,0,0,0"
muslim,1885,"2,77,290,857,3283,11815,37273,108292,337351,921294,2081590,4111373,7430217,11409015,15487409,19079439,20830971,20456891,18084685,14200805,9751055,6130745,3610349,2070359,1191887,672221,365768,193571,102422,54877,30449,17184,9636,5422,3081,1767,1006,543,290,150,63,31,18,10,10,10,1,0,0,0"
muslim,1886,"2,77,290,886,3631,12963,40927,121041,380329,1019869,2231843,4316960,7645334,11626837,15741711,19319098,20973299,20475333,18072104,14135585,9630511,6039331,3546606,2030751,1166366,654988,355244,188216,99997,53629,29660,16642,9283,5214,2971,1697,967,524,271,145,62,31,18,10,10,10,1,0,0,0"
muslim,1887,"2,77,290,840,2672,9623,30806,95572,325783,928935,2085960,4098258,7384754,11375548,15559678,19277141,21164689,20861005,18552605,14619731,10016075,6266189,3684200,2103455,1204789,676875,367906,194871,103208,55165,30409,17026,9492,5321,3026,1708,970,518,273,147,63,31,18,10,10,10,1,0,0,0"
muslim,1888,"2,77,291,842,2803,10221,32636,100248,336872,947922,2108447,4121847,7409820,11399774,15558009,19217007,21119707,20904850,18725120,14906851,10287087,6430226,3777906,2150974,1227821,689156,374583,197853,104415,55793,30789,17300,9679,5423,3069,1729,981,523,275,147,64,30,18,10,10,10,1,0,0,0"
muslim,1889,"1,64,263,791,3178,11955,38712,119184,389638,1048831,2254476,4353311,7691907,11660919,15797822,19350019,21123530,20856592,18720466,14889707,10213228,6377254,3744262,2131034,1215014,677833,366487,193432,102264,54657,30181,17017,9530,5344,3023,1714,974,523,278,152,63,32,18,10,10,10,2,0,0,0"
muslim,1890,"1,64,263,790,3205,12099,39282,124242,410266,1087588,2297525,4438456,7790566,11709899,15777729,19216660,21030142,20882644,18879034,15166407,10492858,6548833,3853071,2188553,1244797,695099,376807,198905,104835,55915,30824,17346,9705,5439,3067,1738,988,534,280,151,63,32,18,10,10,10,2,0,0,0"
muslim,1891,"1,64,263,851,4123,15077,47045,137800,426235,1109874,2354337,4521677,7947647,12016211,16288457,19908940,21538444,21127756,18903779,14878779,10071818,6271531,3667430,2093353,1193641,660803,355469,188081,99898,53522,29595,16617,9253,5174,2935,1667,949,519,273,144,60,31,18,10,10,10,2,0,0,0"
muslim,1892,"0,52,236,718,3047,11833,38183,113751,365128,993180,2165761,4221167,7586865,11679110,16009381,19816659,21739607,21511831,19396678,15506454,10633857,6609768,3873512,2200928,1253436,697430,376861,199184,105402,56330,31012,17369,9668,5396,3037,1721,969,527,273,146,62,31,18,10,10,10,2,0,0,0"
muslim,1893,"0,52,236,699,2257,8565,28330,89891,311948,902548,2032339,4039525,7374612,11480436,15866518,19761722,21874373,21807570,19802840,15992736,11078821,6888284,4049893,2296033,1305250,727177,394132,208786,110379,58807,32141,17875,9892,5511,3090,1750,985,529,276,146,62,31,18,10,10,10,2,0,0,0"
muslim,1894,"0,52,236,697,2074,6647,21721,68944,248236,758702,1797941,3685755,6963902,11139907,15689976,19772415,22097997,22178697,20307779,16586828,11619966,7250803,4272855,2421853,1376693,767238,416033,220483,116339,61861,33731,18761,10356,5740,3225,1830,1045,565,293,151,64,33,19,10,10,10,2,0,0,0"
muslim,1895,"0,52,236,698,2113,7222,23865,78155,282221,841543,1951262,3991298,7415233,11591037,16026138,19904232,21999494,22088007,20285796,16537249,11515745,7172700,4223266,2398021,1364116,756323,408790,216891,114549,60882,33291,18609,10324,5764,3237,1841,1043,572,300,150,63,33,19,10,10,10,2,0,0,0"
muslim,1896,"0,41,210,640,1929,6194,20746,70737,268238,816123,1895143,3890855,7346793,11691416,16484583,20601741,22580078,22508058,20542063,16442440,11232697,6982590,4094517,2331756,1325986,726981,391801,210324,112970,60551,33284,18767,10514,5919,3316,1840,1011,563,291,152,59,33,19,10,10,10,2,0,0,0"
muslim,1897,"0,42,211,641,1926,6221,20726,70237,262793,780798,1781751,3640706,6931039,11091207,15654467,19739060,22192261,22579652,21033646,17506443,12545888,7834725,4615589,2607408,1470101,814156,440829,235249,125184,66760,36179,20216,11340,6427,3615,2008,1067,568,295,150,66,32,18,10,10,10,2,0,0,0"
muslim,1898,"0,42,211,633,1878,5879,19392,66339,254805,769586,1775627,3658495,6988131,11190757,15800253,19884467,22319425,22707909,21216386,17718663,12711247,7923881,4660996,2630183,1481152,819474,443334,236641,126379,67740,36779,20533,11493,6486,3654,2031,1071,567,292,148,66,31,18,10,10,10,2,0,0,0"
muslim,1899,"0,32,188,579,1749,5332,17541,58178,225884,709534,1699636,3560867,6930463,11308178,16209067,20607918,22980164,23162338,21524154,17747860,12409246,7694456,4518489,2552635,1445070,792421,425093,227037,121813,65404,35723,20013,11169,6250,3503,1960,1047,569,293,147,63,33,19,10,10,10,3,0,0,0"
muslim,1900,"0,32,188,581,1755,5498,18208,58683,215936,676867,1636790,3424682,6729831,11126331,16071372,20615647,23210795,23469404,21848683,18159321,12835111,7965176,4681798,2637949,1489292,817645,438900,233850,125020,67061,36528,20443,11428,6398,3586,2005,1070,583,296,148,65,33,19,10,10,10,2,0,0,0"
muslim,1901,"0,32,189,582,1760,5407,17894,59676,228548,710063,1686317,3525151,6881607,11250224,16152127,20521600,23062837,23393877,21963985,18465128,13204157,8210018,4820534,2714464,1533547,844339,454430,242680,129779,69699,37926,21194,11857,6657,3724,2063,1108,597,309,155,67,33,19,10,10,10,2,0,0,0"
muslim,1902,"0,32,192,588,1775,5207,16549,58744,238580,733329,1705589,3585152,6938944,11166695,15840158,19957718,22648984,23314208,22216759,19033172,13980517,8789655,5168102,2904586,1627576,898332,484975,258472,137714,73999,40093,22256,12378,6905,3842,2128,1144,621,325,162,74,32,18,10,10,10,2,0,0,0"
muslim,1903,"0,24,170,538,1667,5218,17519,59113,227819,705103,1657564,3481580,6860403,11190250,15945664,20132484,22921497,23589125,22373559,19216163,14254108,8998391,5287391,2978208,1665452,920649,497199,262034,137820,73501,39440,21628,11874,6518,3572,1979,1090,604,304,157,75,31,18,10,10,10,1,0,0,0"
muslim,1904,"0,25,172,546,1657,4917,15483,51300,200774,641900,1545833,3269604,6507938,10779444,15630557,20191106,23334614,24166524,22966382,19778503,14679173,9267956,5431722,3046508,1700475,938598,504790,264479,138112,73434,39310,21508,11786,6492,3606,2022,1122,620,301,162,78,33,19,10,10,10,2,0,0,0"
muslim,1905,"0,25,176,539,1649,5148,17273,56413,211094,664395,1585986,3331055,6639411,11014769,15957769,20582510,23723071,24415971,23152751,19853724,14566567,9115309,5344582,2995038,1674723,925408,498000,261801,137432,73160,39134,21365,11674,6390,3514,1961,1084,592,287,158,76,33,19,10,10,10,2,0,0,0"
muslim,1906,"0,18,155,495,1546,5249,18440,60176,217417,676590,1611684,3392998,6758942,11148396,16081052,20652702,23808271,24568304,23343536,20049213,14741727,9227186,5420237,3047151,1707239,946200,510462,268682,140841,74622,39552,21272,11428,6201,3383,1889,1040,563,277,155,69,33,18,10,10,10,1,0,0,0"
muslim,1907,"0,18,156,500,1565,5572,20008,62912,215786,681373,1661392,3493454,6907722,11407254,16427211,21203581,24291078,24799985,23471228,20050864,14488023,9026032,5322944,2999637,1693809,941190,509426,270075,142142,75200,39632,21135,11310,6102,3323,1850,1022,542,270,143,68,31,18,10,10,10,1,0,0,0"
muslim,1908,"0,18,156,503,1570,5164,18806,61801,227300,719800,1740338,3649484,7117124,11555319,16526958,21134358,24146614,24762409,23659416,20358064,14769139,9209465,5433850,3068286,1732924,960249,519296,275301,144874,76709,40328,21418,11429,6175,3366,1881,1039,547,280,143,68,31,18,10,10,10,1,0,0,0"
muslim,1909,"0,12,137,462,1457,4748,17601,56685,194056,618664,1549028,3263428,6505807,10902552,15836619,20511269,23928730,24963969,23948841,21109692,16166944,10381472,6073607,3420779,1905798,1055976,572149,300044,155430,81353,42525,22606,12190,6692,3658,2032,1116,594,295,153,75,33,19,10,10,10,2,0,0,0"
muslim,1910,"0,12,138,465,1442,4502,15942,50691,172741,563791,1450368,3086491,6221155,10643067,15647739,20531222,24173960,25318522,24343579,21575309,16607278,10704486,6271556,3533864,1973176,1093998,592473,311768,161971,85088,44542,23640,12717,6983,3822,2132,1161,614,307,159,74,32,18,10,10,10,1,0,0,0"
muslim,1911,"0,12,139,466,1449,4723,17646,55207,169618,533101,1384251,2935371,5919868,10421004,15529287,20759664,24842208,26054315,24917940,21920737,16648003,10620664,6237180,3510545,1963221,1092536,592391,312366,162940,85857,45000,23891,12837,7032,3851,2132,1161,610,300,161,73,31,18,10,10,10,1,0,0,0"
muslim,1912,"0,12,139,461,1428,4434,15679,49300,157914,515115,1363570,2927968,5945420,10492432,15659382,20974275,25034586,26157361,25039785,22111068,16847229,10773948,6327863,3563071,1997041,1111100,602203,318672,166531,87653,45842,24298,13035,7085,3852,2132,1158,609,304,154,71,30,17,10,10,10,0,0,0,0"
muslim,1913,"0,7,120,418,1330,4166,14662,47125,150510,492447,1318338,2845816,5773022,10348045,15604652,21149381,25419503,26559806,25449545,22464015,16984835,10809337,6381684,3595765,2026059,1131155,613151,326249,171788,90915,47648,25244,13512,7306,3956,2172,1171,614,310,161,69,29,17,10,10,9,0,0,0,0"
muslim,1914,"0,7,121,419,1319,4163,15213,48403,150795,483837,1293384,2804321,5762534,10392255,15629187,21082091,25455873,26791001,25537805,22562389,17407905,11197743,6566333,3709566,2069630,1156884,630064,333112,174570,92204,48367,25583,13671,7473,4055,2230,1213,635,311,170,71,23,12,10,7,0,0,0,0,0"
muslim,1915,"0,4,103,379,1207,3837,14124,46262,148180,483967,1303677,2843104,5885014,10606679,15871376,21458708,25909389,27109546,25737237,22669813,17319933,11025615,6485433,3661281,2046372,1144430,621417,328252,172515,91418,48051,25415,13618,7458,4035,2205,1205,625,298,160,74,18,10,9,0,0,0,0,0,0"
muslim,1916,"0,4,103,379,1198,3821,14180,46382,147497,479578,1295067,2854197,5990218,10787330,16075442,21659923,26173139,27326942,25751278,22674816,17479875,11171579,6555515,3704215,2056216,1149919,624504,329414,173135,91543,47935,25121,13350,7158,3820,2058,1120,577,284,152,57,13,10,3,0,0,0,0,0,0"
muslim,1917,"0,2,86,343,1119,4053,16353,52158,160299,506138,1331606,2936668,6256346,11095117,16426795,21937086,26278183,27225968,25586871,22581098,17499643,11260934,6654372,3777720,2116093,1195760,656498,349639,186082,99624,52656,27684,14589,7707,4093,2207,1217,625,311,152,82,12,7,0,0,0,0,0,0,0"
muslim,1918,"0,2,86,347,1440,6801,24343,71667,201961,606926,1554126,3384715,6906036,11974992,17536220,23498573,27517664,27472382,25433477,21925448,16066185,10097496,6041151,3429132,1961859,1114620,610446,327858,175859,94713,50282,26590,14013,7342,3889,2109,1177,610,305,145,78,18,2,0,0,0,0,0,0,0"
muslim,1919,"0,1,71,401,2402,11633,37667,98053,239485,619308,1468592,3113991,6221494,11060969,16487307,22422725,27255513,28072308,26107735,22828699,17546109,11229406,6668819,3783359,2137506,1217193,668567,356483,190514,102692,54720,29038,15340,8062,4250,2293,1277,662,333,160,91,27,2,0,0,0,0,0,0,0"
muslim,1920,"0,1,73,414,3003,14091,43936,109428,266196,685225,1594326,3332669,6740378,11807337,17382875,23486296,27851697,28042538,26074348,22660817,16848187,10605519,6341181,3596455,2052060,1167183,638887,344273,186246,101222,54134,28803,15282,8072,4291,2320,1302,686,364,176,103,30,10,0,0,0,0,0,0,0"
muslim,1921,"0,0,59,514,3718,15979,48829,119495,286977,713331,1603357,3253222,6552059,11572698,17067296,22977666,27486310,28015137,26108661,23089179,17890759,11514218,6872364,3910931,2221730,1265946,692241,372274,201029,109166,58720,31556,16946,9067,4860,2629,1485,802,421,203,116,53,14,1,0,0,0,0,0,0"
muslim,1922,"0,0,46,305,2424,12715,40460,101586,245661,629289,1448652,2991087,6207759,11221569,16747424,22787111,27611449,28513329,26632022,23644636,18550613,12068264,7208569,4124404,2343482,1340070,733062,394454,213481,115826,62302,33526,18086,9740,5243,2854,1609,878,465,223,126,65,22,1,0,0,0,0,0,0"
muslim,1923,"0,0,35,224,1347,9034,31622,84120,206808,546664,1300926,2753407,5851111,10973805,16694692,23204389,28490521,29415544,27543759,24238935,18567039,11875126,7101500,4026341,2279366,1294798,706398,380048,205841,112208,60431,32474,17374,9252,4949,2659,1489,811,423,210,124,50,13,0,0,0,0,0,0,0"
muslim,1924,"0,0,26,198,749,5793,23945,68342,172028,463290,1136103,2418004,5212603,10224391,15954728,22483891,28276602,29980182,28351214,25177435,19781478,12850672,7660287,4349041,2438524,1385515,758358,405826,218889,119099,64176,34424,18356,9802,5231,2784,1562,853,447,220,131,53,16,0,0,0,0,0,0,0"
muslim,1925,"0,0,26,199,710,3959,18446,57462,151578,417750,1050409,2242390,4886323,9834486,15704275,22296501,28227296,30319127,29114271,26052610,20533751,13323269,7896623,4480128,2489519,1401525,764780,407182,219699,119538,64234,34330,18136,9681,5179,2722,1521,812,438,228,129,39,18,0,0,0,0,0,0,0"
muslim,1926,"0,0,18,174,635,2883,14102,46748,128111,349741,909482,1999135,4293711,8939647,14876050,21505451,27901744,30645414,29874469,27066044,21744578,14397622,8596915,4922563,2750646,1544766,837220,445347,239553,130107,70310,37865,20113,10720,5745,3046,1709,933,480,243,130,72,11,5,0,0,0,0,0,0"
muslim,1927,"0,0,12,153,586,2433,11953,41425,118482,318292,834749,1881185,4017886,8546188,14609913,21515190,28504876,31638702,30840231,27689714,21962709,14381667,8600376,4929485,2754490,1547415,834333,442487,238204,129533,70020,37653,19968,10686,5685,2976,1633,876,445,220,113,52,10,0,0,0,0,0,0,0"
muslim,1928,"0,0,7,133,526,2053,9300,34242,103743,284587,755162,1738132,3685101,7961779,14078599,21019746,28201957,31763335,31301669,28446564,22981881,15335453,9223976,5324140,2976426,1672618,898879,474624,257179,140008,76148,41543,22323,12084,6541,3457,1908,1037,536,257,123,79,29,4,0,0,0,0,0,0"
muslim,1929,"0,0,4,114,488,1964,8563,32182,99514,276292,732827,1683028,3541838,7675118,13764527,20766613,28014997,31816809,31525600,28915474,23714302,16094900,9755597,5705457,3227974,1837341,1003763,530831,289011,158371,86250,47397,25809,13984,7670,4124,2284,1255,674,337,158,87,61,20,0,0,0,0,0,0"
muslim,1930,"0,0,2,97,449,1859,7458,28717,92606,266938,717988,1655810,3469899,7529159,13620843,20809952,28230795,32168200,31977944,29511942,24310190,16534706,10019161,5844281,3304185,1875717,1015286,532743,288825,157632,85828,47313,25989,14236,7933,4292,2371,1292,684,339,160,89,63,17,0,0,0,0,0,0"
muslim,1931,"0,0,2,96,451,1859,7511,29074,95201,292432,796704,1799211,3926430,8365802,14442941,21813172,28699550,31786843,31521487,29462763,24310401,16515044,10067159,5877066,3340890,1893319,1017659,533570,289424,158014,86106,47627,26259,14433,8079,4385,2407,1327,707,354,167,92,65,19,0,0,0,0,0,0"
muslim,1932,"0,0,1,80,401,1698,7168,28560,97677,316497,861795,1921499,4328962,9022210,15183600,22539710,29061430,31762099,31437383,29570489,24479793,16658430,10108409,5880393,3322821,1865120,991672,517549,279844,152346,83032,45767,25084,13812,7753,4180,2253,1228,652,315,151,94,55,7,0,0,0,0,0,0"
muslim,1933,"0,0,0,64,356,1592,6458,26033,90598,303800,844246,1903578,4326536,9007737,15176777,22743116,29253825,31811617,31622745,30095869,25210187,17321833,10582991,6159479,3486717,1956063,1038243,541510,292523,159223,86876,47955,26250,14308,7976,4307,2311,1268,671,334,160,103,62,10,0,0,0,0,0,0"
muslim,1934,"0,0,0,51,325,1512,5598,21619,79662,285318,810015,1844917,4273382,8980516,15188327,22988773,29738456,32353357,32280709,30779881,25624798,17521280,10777794,6288500,3593883,2032997,1081879,568938,307439,166863,91007,49981,27235,14777,8226,4446,2373,1306,692,334,158,104,64,10,0,0,0,0,0,0"
muslim,1935,"0,0,0,39,298,1443,5209,17257,68380,267608,789335,1810532,4264729,9029016,15261360,23120119,29912097,32404091,32487751,31257206,26350245,18208885,11272448,6587911,3764452,2146298,1149638,604944,328378,177137,96316,52750,28467,15329,8501,4599,2407,1322,699,338,153,107,61,10,0,0,0,0,0,0"
muslim,1936,"0,0,0,40,285,1371,5040,15728,60420,232244,703361,1634963,3757738,8230224,14288297,22172896,29737312,32920449,33154627,32133121,27763303,19626404,12307499,7271315,4147244,2373038,1273295,661475,357252,193884,105639,58191,31796,17187,9334,5096,2677,1496,805,400,175,117,84,14,6,0,0,0,0,0"
muslim,1937,"0,0,0,30,261,1314,4888,14794,54741,200601,619503,1487553,3275590,7430563,13611354,21696724,30157219,34087165,34700795,33353646,28334821,19897515,12689934,7603506,4373815,2524039,1375921,718610,388384,211226,114724,63136,34452,18599,10037,5448,2822,1580,866,441,196,118,92,29,7,0,0,0,0,0"
muslim,1938,"0,0,0,22,236,1260,4771,14494,54806,206415,638100,1516458,3405117,7742519,13928397,22130632,30612260,34288452,34855711,33756684,28927890,20427759,13029263,7740074,4393962,2486530,1320794,679186,360050,194231,105320,57711,31493,16861,8920,4734,2386,1331,710,359,173,123,53,16,8,0,0,0,0,0"
muslim,1939,"0,0,0,15,213,1222,4688,14147,53385,202844,630856,1500718,3385697,7747973,13940630,22192225,30826215,34562051,35137182,34145309,29492345,21059536,13584104,8159738,4644795,2630380,1405223,720301,380382,205736,111735,61504,33832,18265,9693,5109,2594,1434,773,389,181,135,64,20,10,0,0,0,0,0"
muslim,1940,"0,0,0,8,181,1150,4387,13142,49699,185144,579821,1399476,3065760,7111100,13440653,21877864,31198078,35828330,36592554,35372704,30554750,21665324,13748510,8137068,4592539,2572683,1371207,705486,372403,201428,108993,59531,32444,17314,9108,4794,2343,1249,647,336,179,95,30,11,7,0,0,0,0,0"
muslim,1941,"0,0,0,6,160,1020,4092,12645,49397,180355,557840,1350887,2949836,6888753,13392535,21957873,31436103,36501658,37394139,36090463,31351252,22334276,14055255,8254929,4653402,2594620,1390195,721861,381742,206308,111878,61015,33008,17477,9406,5007,2487,1315,667,326,170,84,19,10,2,0,0,0,0,0"
muslim,1942,"0,0,0,4,141,899,3821,12988,65563,286030,835299,1999976,5240481,10306640,16811197,24963350,31421270,33408132,33805144,33927786,30288581,22082899,14164893,8473664,4894912,2775361,1500490,796196,431544,233867,127279,69740,37876,20297,10988,6012,3114,1680,888,411,187,120,65,10,4,0,0,0,0,0"
muslim,1943,"0,0,0,1,116,768,3390,13723,86928,357415,970874,2641699,6514906,11530083,18219556,25384023,30415560,32226989,32949112,33482904,30679486,22890529,14641413,8719509,5022677,2821488,1520616,805690,432678,233524,126881,69100,37299,19927,10956,5957,3068,1571,810,374,173,105,36,10,0,0,0,0,0,0"
muslim,1944,"0,0,0,0,102,740,5406,44988,218742,641879,1921898,5234324,9483540,14823526,20331055,24416285,27510664,29520622,31421266,32738645,30444761,22855536,14721977,8793347,5069919,2837646,1530001,811924,434247,234605,127708,69128,37075,19766,10908,5920,3050,1530,783,363,172,98,19,7,0,0,0,0,0,0"
muslim,1945,"0,0,0,0,81,918,11368,86119,323527,869234,2871112,6619512,10929797,16343370,20829783,23806794,26836322,29250165,31437342,32848087,30156490,22368963,14469011,8687075,5024121,2815943,1518387,807521,432569,233891,127623,69307,36962,19761,11018,5987,3089,1500,764,361,166,74,13,2,0,0,0,0,0,0"
muslim,1946,"0,0,0,0,70,692,8829,72249,288513,789445,2623761,6362299,10716875,16197651,20925863,24439739,27422031,29238539,31796273,33691180,30625665,22616956,14966877,9069362,5303376,2995003,1614112,868796,470922,254644,139223,76437,40956,21578,11768,6455,3361,1540,794,396,191,62,19,10,0,0,0,0,0,0"
muslim,1947,"0,0,0,0,52,492,3966,33311,174808,553509,1702295,4988012,9404328,15006737,21051383,25830569,29033290,30273959,32429001,34304119,31656776,23725421,15718993,9586122,5573456,3165066,1712421,915673,496154,268208,146945,81128,43998,23350,12608,6933,3602,1631,838,434,198,43,19,10,1,0,0,0,0,0"
muslim,1948,"0,0,0,0,43,420,2337,9472,59199,286136,861442,2467517,6463239,11859028,18893292,26757752,32201284,33277413,34151118,35688202,32963431,25198598,17038441,10574195,6167293,3485015,1870003,983789,522242,284540,157816,88690,49489,26781,14290,7860,4186,1956,990,508,243,88,22,10,4,0,0,0,0,0"
muslim,1949,"0,0,0,0,31,342,2086,9932,67256,304061,894728,2845856,7098883,12444653,19492748,26719848,31480270,32713209,33680215,35503408,33749636,26510850,18046336,11296394,6614999,3731878,2002914,1048616,556501,301732,168178,95999,54688,30282,16541,9209,4999,2408,1181,573,259,155,47,10,2,0,0,0,0,0"
muslim,1950,"0,0,0,0,26,323,2040,8180,47621,246932,787202,2271657,6250877,11838713,19033664,27250217,32938146,33973457,34769455,36532427,34063978,26596321,18612215,11955449,7138199,4068708,2200791,1163356,618858,333279,185544,106195,61269,34514,19119,10674,5832,2885,1367,660,299,171,65,10,3,0,0,0,0,0"
muslim,1951,"0,0,0,0,13,194,1535,6389,34622,202399,703126,1963795,5668656,11443417,18639745,27281322,33515706,34748959,35322821,37385228,35556568,28213599,19698611,12630461,7512242,4284318,2334332,1227864,648660,350702,194312,110260,63465,35682,19523,10565,5715,2806,1341,656,304,160,39,7,0,0,0,0,0,0"
muslim,1952,"0,0,0,0,7,148,1327,5664,30016,181462,656338,1832709,5423119,11349745,18624005,27428733,33774968,35074407,35606961,37875084,36528001,29523161,20974472,13634587,8186785,4688761,2579815,1362584,716326,384024,211618,119530,68678,38679,21217,11222,6039,2986,1435,703,317,167,46,3,0,0,0,0,0,0"
muslim,1953,"0,0,0,0,3,108,969,4576,22514,145344,559802,1574360,4827331,10544942,17629824,26787533,34105475,36045641,36303441,38335036,37846663,31474647,22784708,14968098,9066870,5180499,2874832,1532626,801471,427315,234495,131612,75092,42039,22898,11919,6222,3068,1493,736,332,170,35,4,0,0,0,0,0,0"
muslim,1954,"0,0,0,0,0,67,758,3779,17623,117715,491335,1402223,4278011,10070398,17298748,26926902,35141992,37417947,37547553,39354017,38864873,32451867,23690710,15642905,9487331,5447684,3011099,1608092,843556,449441,246811,138768,79514,44784,24533,12983,6925,3468,1716,852,375,194,43,8,0,0,0,0,0,0"
muslim,1955,"0,0,0,0,0,51,621,3373,16480,108833,461717,1348113,4270745,10183502,17581412,27600325,36124032,38443947,38926872,40691865,39333124,32404566,24064357,16165260,9949394,5729005,3159433,1710818,899042,475869,261291,146988,84289,47669,26167,13738,7207,3588,1773,866,395,197,45,10,0,0,0,0,0,0"
muslim,1956,"0,0,0,0,0,31,422,2699,14671,100421,433860,1294845,4243516,10229604,17650723,27517251,35758672,38018539,38136510,40241281,40676226,34896148,26176958,17882662,11137849,6523150,3628362,1972717,1051600,555221,302803,170311,96949,54770,30153,16005,8458,4287,2064,1014,467,218,62,13,0,0,0,0,0,0"
muslim,1957,"0,0,0,0,0,20,306,2275,11199,74922,357059,1103841,3553530,9335587,16809808,26842101,36399376,39846778,40376528,42142609,41964940,35496458,26968768,18829466,11933579,7078059,3976463,2173888,1174139,627878,343364,193651,110210,62278,34341,18221,9505,4889,2114,1013,477,221,56,10,0,0,0,0,0,0"
muslim,1958,"0,0,0,0,0,12,194,1860,11867,82114,366528,1146462,4128712,10281093,17909814,27978158,36870612,39523751,40179139,42628453,42366212,35840884,27715145,19825264,12862463,7725734,4372726,2416676,1321737,715575,390585,219993,125383,70904,39302,21015,10947,5671,2466,1094,535,236,47,11,2,0,0,0,0,0"
muslim,1959,"0,0,0,0,0,7,127,1534,10483,72902,338862,1082415,3900845,10189065,18060046,28231194,37104990,39776966,40490984,43041826,43476916,37299698,29125921,21169288,13996142,8499174,4892704,2745866,1511212,834624,464293,262089,149577,84718,47043,25004,13005,6803,3083,1245,616,294,72,13,4,0,0,0,0,0"
muslim,1960,"0,0,0,0,0,1,71,906,7635,55502,276912,926947,3461446,9634019,17511922,27765990,37193637,40556990,41125024,43580366,44890472,39368639,30769253,22638576,15300808,9497705,5549524,3139096,1740791,975284,548170,312226,177542,99761,55048,29312,15190,8003,3728,1350,651,331,117,24,4,0,0,0,0,0"
muslim,1961,"0,0,0,0,0,0,69,602,5891,43389,237084,833267,2887262,8719316,16653036,26799412,37330717,42271432,43171592,45468710,46868419,41015308,32040863,23622797,16010166,10060859,5976492,3423498,1921319,1093568,626187,362144,208851,117442,64048,34318,17862,9467,4555,1732,790,410,173,36,16,0,0,0,0,0"
muslim,1962,"0,0,0,0,0,0,17,309,4567,39337,219359,770985,2983818,8974772,16859046,27142711,38003111,43273230,43938671,46493230,48262772,42329133,33043583,24445735,16666323,10577950,6346973,3665214,2083512,1207356,706967,421024,249185,141246,76993,41278,21367,11226,5450,2172,975,494,225,51,19,2,0,0,0,0"
muslim,1963,"0,0,0,0,0,0,20,444,6164,50020,247341,868078,3952202,10480022,18491471,28703782,37627506,41391147,41847569,44894108,48614431,45148760,35705488,26161926,17937523,11516629,7011309,4151831,2363165,1372783,824764,499139,299641,170871,93401,49763,25872,13523,6601,2704,1050,538,253,64,16,0,0,0,0,0"
muslim,1964,"0,0,0,0,0,0,20,127,3016,37299,215865,766825,3510394,9883449,17828399,28045463,37471539,42421681,42918342,45970849,49934950,46648187,37173437,27814001,19495233,12852043,7965582,4770744,2752231,1591099,954484,585609,361467,209981,114378,60007,30806,15835,7696,3190,1158,617,309,82,28,0,0,0,0,0"
muslim,1965,"0,0,0,0,0,0,11,100,2504,33120,193944,708542,3449651,9887705,17901843,28225299,37848700,43200349,43772073,46996541,51037701,47603145,37934697,28700278,20497845,13900800,8881662,5481906,3277907,1900468,1138206,700506,446211,273591,153203,79812,39443,20136,9891,4300,1432,658,346,91,27,3,0,0,0,0"
muslim,1966,"0,0,0,0,0,0,10,124,3091,34821,194699,731610,3800474,10359521,18344459,28651492,38253389,43897194,44726389,48400234,52089535,48187725,38192952,29183411,21292229,14821645,9687098,6075025,3766029,2234141,1346803,831618,528782,333965,200888,114450,60105,29442,13282,5670,1984,750,399,120,36,17,10,9,0,0"
muslim,1967,"0,0,0,0,0,0,10,159,3662,37436,197340,790258,4272465,11068263,19328604,29825781,39579902,45026918,45769086,50174362,53200143,47766861,37758191,29382862,21794869,15458209,10329719,6596102,4214813,2558370,1548711,959850,597664,367558,221194,133878,83758,50856,26819,11375,3319,876,463,156,62,28,20,19,0,0"
muslim,1968,"0,0,0,0,0,0,7,79,2284,26334,157635,602865,3369387,10001281,18184800,28932637,39421769,45804131,46453882,49518925,53684331,50556343,40687423,31609380,23775342,17100125,11793883,7679436,4999550,3114973,1869519,1156452,719259,440643,265908,161850,103044,67317,40831,20003,7473,1536,598,231,80,41,21,19,0,0"
muslim,1969,"0,0,0,0,0,0,6,57,1464,18855,137663,540374,2669400,8940243,17044188,27755079,39131227,47268411,48785480,51236378,55360709,52362403,42303304,33019857,24937752,18071391,12656830,8505970,5665796,3654964,2229060,1371910,844879,503976,297802,178910,116381,81512,57237,34317,15573,4877,679,293,106,55,30,19,0,0"
muslim,1970,"0,0,0,0,0,0,10,66,1042,9841,104620,459571,1788575,7078643,15089919,25230029,37347025,47908485,51724528,53905524,58379352,56062712,45597109,35472130,26956837,19432904,13267810,8588810,5604263,3543356,2117848,1307772,828221,543396,348836,215937,139276,96158,70652,47201,24354,8948,1948,457,180,94,49,30,1,0"
muslim,1971,"0,0,0,0,0,0,4,48,750,7332,85678,412922,1588037,6701295,15038578,25392119,38422062,49739976,53404137,55717481,59918521,56201086,45438975,35936541,27630986,20172044,13979535,9174128,6131030,4063710,2538384,1575305,1006467,644717,413486,256809,164805,113596,83123,55682,28851,10727,2252,590,201,90,48,27,0,0"
muslim,1972,"0,0,0,0,0,0,4,53,771,5378,68941,361253,1285310,5704478,14324415,25131191,40486541,53666846,58279612,60840158,60560496,52290630,42650555,35257159,28061637,21076417,14971014,10116762,6864204,4701410,3065653,1952700,1270816,810555,512136,318505,201917,137037,98833,65870,34324,13057,2547,667,247,93,34,11,0,0"
muslim,1973,"0,0,0,0,0,0,3,92,870,4280,68324,374672,1159268,4016171,11998810,22545751,37837210,54560562,62542438,65103114,63734278,54865303,44077848,36435775,29315872,22227894,15948081,10877090,7298126,5025516,3363101,2203214,1466040,951609,595185,370148,237896,164079,117457,77819,40691,15753,3192,842,366,114,50,8,0,0"
muslim,1974,"0,0,0,0,0,0,1,23,589,4213,65175,363801,1142029,3710202,11486976,22122325,36744071,53816370,62005286,64403553,65246256,58773306,47424376,38826059,31230137,23661215,17098639,11781351,7976974,5577501,3811910,2542496,1700430,1096765,675826,418354,268440,188448,137902,96818,55521,23779,6356,1175,537,149,70,27,3,0"
muslim,1975,"0,0,0,0,0,0,0,20,291,2028,47485,312532,1054920,3647626,11520800,22262360,37366590,54479301,63590135,66328329,66304284,58529556,48091642,40462179,33359199,25459349,18473977,12715627,8582317,5989105,4074441,2668007,1724446,1068530,644156,396635,262069,187664,137703,92948,49154,19226,3950,898,431,114,48,17,0,0"
muslim,1976,"0,0,0,0,0,0,0,8,69,1092,26289,226599,869548,2927060,10163960,21009879,35371468,52914855,63443294,66392799,67298244,61550714,51334112,43262114,36013658,27831487,20308108,14289132,9891678,6979279,4857723,3226538,2089070,1319671,801611,499769,329754,233943,169463,113299,60563,24580,6065,1360,677,200,90,35,10,1"
muslim,1977,"0,0,0,0,0,0,0,9,61,717,21158,214130,840455,2534097,8970864,20172756,34904699,53477339,65449618,69727205,69790031,63015566,52963332,45191683,37742451,29229919,21309317,14883585,10175338,7179418,5018423,3364096,2205610,1398350,853509,535895,358564,259533,194119,135836,76979,32889,8810,1806,888,299,120,55,15,5"
muslim,1978,"0,0,0,0,0,0,0,3,32,791,16912,195848,797626,2309798,8110941,19123214,33262889,52536384,65987882,71235293,72816689,67007628,56364224,47713344,40161909,31530966,22889555,15646923,10379189,7194405,4907753,3270929,2151590,1352485,831544,532745,365347,267429,194675,124048,61298,22705,4279,1648,835,318,115,50,16,6"
muslim,1979,"0,0,0,0,0,0,0,1,135,1341,14690,174185,737273,2168688,7681126,18978988,33408534,53381384,67566235,73311086,75380613,69578412,58561709,49409114,41718517,33093379,24064914,15989907,10457601,7127561,4849246,3323740,2223806,1422982,884414,567770,394255,294965,226528,159043,87739,36088,9119,2304,1157,513,173,83,32,15"
muslim,1980,"0,0,0,0,0,0,0,0,135,1447,18962,211549,845777,2224613,6684135,17443619,31691458,52233982,69263312,77879758,79854923,72728501,61985261,52883949,44324193,34335674,24077321,15592943,10096714,6859298,4733719,3252423,2153390,1388739,865078,558232,391532,304564,251942,198884,131809,65250,23896,8144,4111,2100,1065,547,283,123"
muslim,1981,"0,0,0,0,0,0,0,0,154,1450,25486,248292,941305,2317341,6058602,16324854,30719875,51689917,71319812,82781951,84861458,76723102,65601750,55512260,45460978,34120222,23433772,15252577,9858368,6747005,4658249,3174082,2107165,1369365,855749,549749,389590,308711,256830,200565,127608,60047,20367,7348,3627,1806,897,445,213,83"
muslim,1982,"0,0,0,0,0,0,0,0,99,2001,35257,275438,995080,2360819,6092409,16498917,31013807,52294737,72873019,84570686,86921499,78581013,67636950,57890370,47398749,35755932,24746599,16273724,10610517,7144249,4740859,3073137,1956284,1229280,764199,506149,374984,305535,248165,179177,98294,41633,13795,6024,3043,1541,783,387,182,74"
muslim,1983,"0,0,0,0,0,0,0,0,164,1715,36435,298539,1071560,2486734,6199819,16392998,30948097,52887219,73653405,85709288,88994792,81718596,70473192,60129022,49341382,37193908,25999627,17290095,11462192,7767863,5118637,3187867,1916307,1134628,686913,458301,348896,288094,229866,156316,77821,29293,10241,5240,2700,1412,731,359,171,75"
muslim,1984,"0,0,0,0,0,0,0,0,249,2030,47161,339076,1150244,2625019,6039711,15881713,30430193,51767651,74701924,88739617,92173555,84551721,73374946,62470553,50998427,38630446,27246090,18263147,12176071,8245501,5390306,3324510,1972852,1155805,698320,466358,355531,296281,239660,162072,77095,25285,9234,4808,2517,1336,701,349,165,74"
muslim,1985,"0,0,0,0,0,0,0,0,511,2181,23663,248348,992202,2414253,5498517,14717299,30221198,51473370,76869460,92110700,95007095,87407371,76265698,64687497,52896488,40287814,28629211,19442635,12937238,8587111,5399333,3187087,1841360,1064432,656076,451461,358073,297556,229808,140243,61925,20770,8909,4668,2459,1306,689,347,167,74"
muslim,1986,"0,0,0,0,0,0,0,0,389,2070,24773,260096,1004107,2450670,5073203,13312419,30419261,52524558,79828731,95659916,97395774,89706862,78339661,66662069,55008408,41822488,29491615,19856223,13132550,8715916,5607392,3350954,1973189,1167120,731469,508594,385511,289045,185195,85640,30228,12339,6599,3590,1953,1066,578,297,142,49"
muslim,1987,"0,0,0,0,0,0,0,0,177,1858,26220,268901,1023761,2485979,4816211,11921190,30170155,54668506,83496951,100466251,100669984,91567583,79766568,68447878,56372484,42895034,30098390,20306745,13384409,8822747,5544739,3253938,1894860,1122902,717725,507829,392604,295129,183151,76572,23780,11374,6127,3370,1862,1020,548,281,129,45"
muslim,1988,"0,0,0,0,0,0,0,0,153,1613,23091,248955,977031,2425652,4770459,10861849,28703793,54495477,85223710,104211391,105087157,93192489,81431034,70877032,58548035,44589113,31425386,21076760,13870300,9183640,5894499,3511696,2076576,1237619,789155,551834,411391,291189,162111,59227,20755,11043,5974,3290,1826,997,551,278,128,40"
muslim,1989,"0,0,0,0,0,0,0,0,72,1246,16597,228127,944494,2448376,4893751,9925127,26013862,52801402,84832050,108234403,111602198,98432466,84838324,73724613,60351775,45664634,32004827,21274338,13963421,9335476,6010867,3568268,2090393,1236859,787832,556708,426060,313651,185764,78710,26142,12170,6470,3517,1924,1039,567,284,136,40"
muslim,1990,"0,0,0,0,0,0,0,0,174,1621,24797,268178,1051550,2619255,5186699,9999276,24112828,50691715,82771478,109862355,115665657,102206634,86487950,75191354,62989935,49041536,34364067,22828458,14996616,9899022,6398026,3912554,2339409,1397571,876936,612652,474472,364071,242114,116569,40647,14785,7674,4061,2185,1161,619,306,143,50"
muslim,1991,"0,0,0,0,0,0,0,0,130,1525,17937,230009,962137,2525298,4819819,8979869,21611590,46135009,80959420,113072662,123319817,112253398,93323790,78729577,62851964,47527724,33909858,22713455,15006201,10015829,6631004,4203365,2598934,1602167,1017763,708568,538802,402298,253077,110049,33926,14948,7763,4111,2190,1167,628,332,154,53"
muslim,1992,"0,0,0,0,0,0,0,0,1649,10565,56683,325851,1106212,2655301,4952795,8800043,19578561,41909530,76689198,113594503,127150369,120271524,99349954,82367007,65562055,49103816,34742768,23359950,15754713,10574394,7110224,4561099,2857665,1785370,1137034,785977,587008,427121,259033,112864,38044,16704,8641,4565,2430,1292,686,367,179,56"
muslim,1993,"0,0,0,0,0,0,0,0,18,1487,20028,209451,828842,2241374,4563274,8968907,19572579,41568465,79546252,117313076,131270966,121429605,101766302,84778602,66802943,50032366,35469442,23989032,16160358,10916240,7528826,4918996,3080026,1916679,1209860,827380,608875,436217,257965,103198,31991,15558,8173,4364,2360,1266,671,374,186,55"
muslim,1994,"0,0,0,0,0,0,0,4,586,5471,40995,287819,1073411,2716441,5226779,9530279,18814432,38176546,73230538,114235316,136626156,130781877,109274255,89671546,69555171,51194099,35783581,24025173,16348288,11050170,7643087,5083684,3195869,1987998,1256530,859630,634590,457989,274020,119342,40281,17770,9233,4892,2631,1408,734,399,203,69"
muslim,1995,"0,0,0,0,0,0,0,4,322,4058,53423,312234,1094252,2555047,4868890,9108479,18331905,36803957,68651504,110389040,141038708,135987905,115514151,94336402,72890257,53526732,37767475,25311182,17231514,11626661,7994395,5339335,3372095,2097179,1324349,902048,669079,487385,298609,132490,44574,18474,9643,5131,2767,1493,790,418,218,77"
muslim,1996,"0,0,0,0,0,0,0,0,377,3989,39622,261664,956624,2336494,4588880,8567063,16818412,33468754,64398865,108062510,143353885,141804420,120715547,98759756,76636913,56607912,40092119,27292604,18770489,12699454,8647415,5780000,3666493,2277976,1440015,979442,722978,526297,319964,134014,41497,18861,9977,5383,2939,1607,864,462,244,93"
muslim,1997,"0,0,0,0,0,0,0,4,404,3842,36501,252790,923132,2222958,4367420,8545966,17531452,35430464,69105652,112828393,143655536,140454701,119712604,99420887,78691325,58379662,41585747,28601251,19898903,13558575,9195306,6161051,3915631,2440872,1548700,1052484,776109,564064,342773,145074,45529,20696,10936,5877,3206,1758,949,497,268,114"
muslim,1998,"0,0,0,0,0,0,0,0,287,3240,31717,224130,841931,2082285,4309384,9675588,23163425,47994594,84258524,117728990,137573805,131342139,112557316,95384163,79181999,60750763,43800398,29989013,20609244,13908694,9413704,6322381,4044611,2546548,1632327,1110337,802858,559445,311799,128061,44309,21523,11328,6054,3289,1796,973,525,280,123"
muslim,1999,"0,0,0,0,0,0,0,0,249,3134,42231,249893,840435,1943310,3839404,7708271,15638396,32740983,65661792,119575853,153318656,149240958,123709912,102439725,83938983,63630903,45403952,30940468,21313961,14380797,9703125,6414622,4027143,2504593,1610209,1105957,801796,549142,291221,100997,34427,18163,9739,5294,2922,1628,893,473,246,109"
muslim,2000,"0,0,0,0,0,0,0,0,191,3375,27333,171811,732415,1983763,4151547,8365176,16758095,34193267,68039538,121409889,154973299,148568649,124282822,102659029,84858753,65406318,47976090,33051775,22842548,15498342,10405982,6963678,4426477,2758819,1768691,1213386,885566,617372,341094,125757,40087,20414,10880,5878,3231,1795,979,523,276,123"
muslim,2001,"0,0,0,0,0,0,0,0,233,2988,25550,177430,668546,1712437,3618062,7425292,15126227,32657390,67364421,123461963,159311884,154368054,130092577,106221067,87653701,67094515,48283784,33209164,23238097,15849603,10703302,7143301,4493936,2784130,1784495,1228873,880287,594927,304388,114727,39423,20187,10765,5821,3204,1781,970,526,272,127"
muslim,2002,"0,0,0,0,0,0,0,0,96,1624,18208,138193,537541,1384658,2991266,6273327,12469917,26280535,55442386,106604368,162850819,169103868,144059062,116519957,94367937,71626707,50930657,34965232,24634112,17078897,11413809,7495541,4663591,2850340,1825019,1260051,902260,608573,310193,115924,39287,20217,10855,5911,3261,1809,998,543,287,139"
muslim,2003,"0,0,0,0,0,0,0,0,67,1309,20455,147691,609498,1560599,3164406,6340739,12531700,25732934,53213158,103576656,159990071,173523297,153289096,125540093,98535471,71824166,50449255,35136423,24518844,17421496,12139792,8222144,5305719,3329739,2124844,1441172,1013145,660296,328416,110153,43796,23005,12269,6652,3659,2024,1110,609,329,164"
muslim,2004,"0,0,0,0,0,0,0,0,45,983,13791,116959,548504,1478138,3077931,6145902,11803578,23995067,52239337,99717556,153368510,174408858,157028336,125844184,100327974,76705554,57425959,41169024,28822205,20307198,13830969,9213588,6006380,3782379,2410581,1633451,1150956,771097,412739,147305,52293,27188,14383,7711,4197,2302,1274,688,376,198"
muslim,2005,"0,0,0,0,0,0,0,0,29,905,12341,94209,464897,1326526,2857927,5892510,11301916,22659543,46633699,92036729,154196749,179879253,165215583,132141650,104284503,79703309,59707146,43579390,30495069,21402458,14674984,9900535,6591552,4209260,2702216,1819245,1258481,824898,427818,151624,57852,29963,15796,8443,4588,2522,1403,751,397,214"
muslim,2006,"0,0,0,0,0,0,0,0,7,717,10910,72913,359695,1135983,2665391,5713781,11511897,23628151,49379038,96930649,152896564,179102965,164689241,133691124,106274435,82837094,62205361,45567872,32591924,22801196,15726572,10647777,6923725,4397288,2839118,1960966,1402772,967777,541520,222269,74559,34596,18189,9717,5264,2882,1597,875,463,258"
muslim,2007,"0,0,0,0,0,0,0,0,1,600,11144,69628,301509,974848,2344514,4941070,10003986,21101472,45957014,90933335,151541526,180921202,169035691,139109668,111639664,88295360,67400301,49017651,34948028,25303786,17169131,11371870,7347438,4661705,3036039,2142056,1565206,1093840,612067,246896,79388,36201,18990,10128,5481,3002,1663,906,483,266"
muslim,2008,"0,0,0,0,0,0,0,0,0,365,10469,60588,238032,789126,1990537,4239644,8832279,18898732,42477143,85721114,147258211,185150531,178402345,146382464,115785661,91332848,70088021,52073375,37514002,26519520,18042161,12037554,7941333,5198317,3448535,2434552,1795207,1269244,713426,288299,92835,43023,23219,12910,7401,4409,2717,1721,1117,774"
muslim,2009,"0,0,0,0,0,0,0,0,0,199,10480,53993,198191,684890,1858798,4100494,8593839,19023213,43382769,87017197,149727475,186196951,180348530,149913990,119209148,94598680,72744692,53990088,38550801,27514497,18868608,12627100,8399203,5485367,3585818,2381473,1498580,726330,274660,106678,55135,29274,15808,8661,4799,2692,1534,847,456,240"
muslim,2010,"0,0,0,0,0,0,0,0,0,145,5078,37870,153981,573505,1602017,3554158,7542241,16623872,38777057,82635111,143879216,181470902,183043466,161304872,130139442,102898369,79424098,57941102,41412318,29115673,19477766,13092537,8623844,5617819,3564264,2098603,1019642,429807,222893,117954,63548,37164,22662,14377,9519,6577,4725,3459,2595,1982"
muslim,2011,"0,0,0,0,0,0,0,0,0,144,8876,47124,147001,487373,1378209,3135319,6867662,15615675,36848334,79185654,141565583,181773835,184964287,164932485,135463658,109670253,85328952,62211430,43998161,29590660,19906606,13680500,9172833,6079370,3915073,2429732,1270619,580499,281979,150228,77982,43108,25281,15347,9638,6288,4244,2908,2033,1459"
muslim,2012,"0,0,0,0,0,0,0,0,0,80,6181,38046,115836,390962,1175775,2750893,6016604,13902688,33375655,75148365,137438802,183854923,191779423,171940342,141383931,113357230,88757408,64894027,45964848,31746779,21449213,14732365,9875204,6465193,4012194,2261282,1106943,543281,293471,157719,82678,46685,27946,17457,11417,7809,5565,4060,3031,2318"
muslim,2013,"0,0,0,0,0,0,0,0,0,102,6713,36647,111890,316397,889625,2092455,4734532,11880138,29838811,69588637,132308819,182507564,194644868,175902920,148032505,122469952,96792251,70655920,49477962,33715069,22874716,15247890,9964707,6531002,4175156,2432051,1185948,550757,296967,160354,83989,47120,27647,16749,10494,6794,4532,3086,2130,1524"
muslim,2014,"0,0,0,0,0,0,0,0,0,208,3618,25056,87370,266117,793072,1922688,4445926,11593720,29111785,66580210,130332122,183492197,198043009,182317670,154368052,128116512,99732673,72037404,49542521,34207291,23808368,16069071,10676729,7184080,4582311,2670601,1328372,596611,307867,162971,83684,45771,25823,14973,8933,5502,3496,2249,1484,998"
muslim,2015,"0,0,0,0,0,0,0,0,0,121,1751,15146,66278,241891,776143,2072805,4915585,12029804,29171047,65312927,124833360,181516082,202190339,190632517,161030389,132212595,102840592,73422906,50722684,35356344,24597519,16690453,11129607,7564701,4808304,2718307,1380698,665091,357821,197238,106661,60887,35775,21555,13289,8383,5398,3514,2312,1536"
muslim,2016,"0,0,0,0,0,0,0,0,0,17,1172,10603,56069,223873,749481,2114059,5126183,12234798,28579017,61969795,120116997,180390926,203894011,194656926,166778790,138425003,107541287,75812581,53272463,37352508,26198294,17965793,12162424,8285205,4989788,2746104,1339722,655241,350808,187868,98391,54684,31512,18823,11673,7515,5000,3446,2417,1730"
muslim,2017,"0,0,0,0,0,0,0,0,0,24,935,8414,46879,202147,673677,1914935,4755842,11427119,26296297,56634262,111241257,175293611,210225046,200169677,172304601,145090401,115191564,82675053,57402064,39922147,27347222,18551580,12556978,8494505,5059289,2713694,1338621,662410,348151,183098,96008,53093,30362,17979,11015,7000,4600,3126,2169,1542"
muslim,2018,"0,0,0,0,0,0,0,0,0,130,1306,8304,41859,183113,636696,1843778,4522130,10851685,25571649,55799402,109323683,175326652,216485179,204915319,176237907,149233927,117492504,84962252,58595349,40638065,28041918,19249337,13461013,9131086,5315062,2817325,1440080,733525,383691,204207,108296,60291,34682,20629,12686,8052,5267,3538,2419,1683"
muslim,2019,"0,0,0,0,0,0,0,0,0,282,2851,11040,45245,183651,629561,1806769,4476837,10722086,24947167,54512338,108545365,175073143,220039572,213041719,183108128,153831839,120801163,85737592,58124729,40385278,28627678,19578164,13408991,9334795,5556382,2925741,1470799,736548,377891,198391,104414,57807,33088,19605,12041,7673,5054,3436,2386,1707"
muslim,2020,"0,0,0,0,0,0,0,0,62,1043,6105,20627,72296,251226,808923,2159764,5201209,12260298,27289712,57166904,109678262,177295867,221976450,217010743,188094674,156181717,119582040,84372285,58400451,41095537,29237016,19958375,13432269,9255722,5436015,2830468,1434517,735227,384625,215273,124382,74853,46488,29642,19316,12803,8598,5823,3962,2710"
muslim,2021,"0,0,0,0,0,0,0,0,16,716,5912,24442,97275,396192,1311356,3274196,6984278,14448032,28984681,57040737,105989691,172244800,218697977,219561793,192970536,158204617,122265838,88239861,61234015,43788856,31031522,21475275,14400529,9762692,5880264,3165227,1658292,876609,465738,256019,149153,94732,61543,40312,26387,17180,11110,7148,4577,2935"
muslim,2022,"0,0,0,0,0,0,0,0,0,481,5645,38604,177542,631938,1746548,3832089,7531339,15000186,29131205,56420022,102305837,165509477,220294489,225523381,199608980,159868886,123437621,91355089,63872809,45838029,32612203,22670489,15291848,10705435,7068839,3925643,2053992,1054188,542772,299136,177442,110187,70379,45822,30177,19987,13266,8807,5827,3841"
muslim,2023,"0,0,0,0,0,0,0,0,0,853,8322,50469,216736,736662,1977786,4287576,8433800,16373004,31045342,59173989,103655018,166449029,217578533,226173535,198492973,159818848,123535006,93227966,67552262,49225515,35683550,24834367,16623295,11265442,7777880,4491740,2369988,1210192,618018,310274,152987,77828,40449,21523,11735,6567,3769,2226,1338,819"
muslim,2024,"0,0,0,0,0,0,0,0,62,2454,12178,61250,249110,824420,2183949,4821158,9550952,17935970,33511962,60281517,102015803,163858308,217378579,229222027,202729895,164036673,127229451,94816299,68572899,50308095,36849617,25720010,17244614,11604354,7924523,4659784,2464448,1257109,641815,325746,158925,80280,41443,21851,11810,6513,3694,2150,1270,766"
muslim,2025,"0,0,0,0,0,0,0,0,5,2250,12134,63673,259228,855253,2264690,4973742,9832282,18327054,33817268,60094406,101184941,161617873,216806287,233522978,207768501,168462948,130427454,97437579,70217795,51436826,38017732,26919532,18203708,12280995,8467211,4988742,2648026,1350602,691732,350400,172211,86538,44464,23355,12559,6897,3895,2260,1342,806"
muslim,2026,"0,0,0,0,0,0,0,0,0,1411,9995,57553,243545,823012,2213362,4859651,9534031,17751138,31995512,56883314,93820434,152147915,208803164,236584267,218552599,180258245,138846017,103824742,74911797,54694071,40424434,28673158,19333539,12862398,8902718,5506213,2962447,1512090,769679,386208,188264,94572,48689,25621,13806,7613,4296,2491,1486,896"
muslim,2027,"0,0,0,0,0,0,0,0,0,1228,9190,53542,232147,801867,2184537,4824726,9442934,17540699,31311628,55408205,90796160,148664864,206892247,239668220,225174323,187435539,144378277,107752426,77426953,56385444,41828583,29816309,20207773,13424135,9291227,5862360,3177521,1626159,826601,415200,202168,100901,51884,27260,14669,8073,4557,2644,1568,945"
muslim,2028,"0,0,0,0,0,0,0,0,0,1166,8430,44365,196872,717415,2045330,4670076,9279369,17406538,30992221,54206610,86972145,142147876,200439701,239588221,232316928,196394861,152251488,113785330,81737911,59217190,43857001,31330534,21338792,14191087,9751358,6143079,3345466,1724503,883807,448728,221569,109922,56340,29512,15818,8692,4885,2822,1668,1007"
muslim,2029,"0,0,0,0,0,0,0,0,0,921,8157,39037,170349,649337,1948877,4557977,9110230,17058254,30049074,51757441,81326976,132435225,192505129,239051580,242130213,208168473,162166240,120186959,86208563,62056779,45897445,32999390,22674135,15141971,10331209,6476976,3535329,1828534,939674,479710,239275,118121,60487,31637,16937,9281,5214,3006,1771,1069"
muslim,2030,"0,0,0,0,0,0,0,0,0,897,7380,27187,109430,462931,1575292,4196698,9100705,17581120,31206150,53532717,83893275,135710245,196280613,243071330,246110792,211275120,163809047,120659911,86131350,62043276,45904556,32854761,22461138,14964448,10193797,6402774,3495951,1808352,929291,473359,234560,115633,59181,30938,16558,9082,5097,2938,1733,1051"
muslim,2031,"0,0,0,0,0,0,0,0,0,667,6747,26715,101582,377661,1231217,3424709,8020191,16765517,30829905,53647050,83547932,133143098,193803389,243001821,250811037,217632306,169762601,125222252,89645989,64413089,47645931,34238854,23478594,15640681,10568474,6603813,3605101,1869665,962547,491786,246309,121010,61614,32037,17050,9301,5192,2985,1760,1059"
muslim,2032,"0,0,0,0,0,0,0,0,0,448,6161,26145,99891,359403,1148372,3213210,7639239,16250964,30101939,52966215,82992482,130662210,192195189,243358935,254759440,223303337,175476585,130134078,93512572,66998833,49315222,35340854,24162364,16066517,10812673,6729946,3675262,1905611,980817,501728,253116,124868,63662,33155,17661,9642,5395,3091,1828,1107"
muslim,2033,"0,0,0,0,0,0,0,0,0,457,6309,26886,102022,358542,1131291,3184147,7651395,16286822,30197817,52739794,81898702,127206385,188483975,241737290,258809771,230087803,182234622,135112496,97206175,69602934,51067643,36625240,24986840,16559341,11093668,7003147,3847627,1998996,1026605,524113,265213,130726,66539,34583,18397,10036,5603,3217,1893,1155"
muslim,2034,"0,0,0,0,0,0,0,0,0,291,5415,24006,92302,327148,1038025,2963141,7239273,15727612,29539259,52027500,81105409,124978733,186897682,242771135,262766696,235666029,187535029,139537564,100689024,71996915,52683846,37875023,25910990,17165295,11472151,7202312,3954356,2054576,1055970,539749,273432,134848,68766,35819,19075,10424,5830,3346,1977,1200"
muslim,2035,"0,0,0,0,0,0,0,0,0,173,4638,21853,85612,307218,981129,2816718,6898775,15111347,28695812,51101580,81059840,125084548,187191159,242828061,265167718,240143579,192881702,143777767,103711472,73989242,54118380,39024479,26844305,17831071,11860166,7418983,4076294,2121133,1090754,557964,285128,140539,71648,37315,19884,10859,6075,3489,2054,1248"
muslim,2036,"0,0,0,0,0,0,0,0,0,80,4280,21220,84275,301453,957433,2749664,6789897,15003762,28583010,50675419,79944394,121535471,183129379,240515343,268002707,246703839,200157398,149868759,108458806,77123195,56046940,40269527,27649608,18332220,12154295,7581666,4167609,2173576,1120536,574595,294907,145560,74133,38574,20521,11206,6267,3595,2124,1285"
muslim,2037,"0,0,0,0,0,0,0,0,0,116,3962,19928,79393,287224,918315,2650280,6586282,14624879,28101711,49956925,78844593,118444442,179261678,238081962,270404835,252994662,207319866,155880315,113119838,80315140,58159858,41825569,28748633,19094377,12600005,7812000,4297377,2244852,1158660,594856,308020,152162,77513,40352,21490,11728,6560,3759,2223,1346"
muslim,2038,"0,0,0,0,0,0,0,0,0,36,3297,18017,73892,267421,862545,2507244,6305163,14140448,27400774,48788839,77652601,115650812,175825500,235995414,272866243,260054577,214946150,162116955,117906437,83551128,60089494,43007677,29395643,19468921,12818154,7930975,4358010,2277488,1174398,603129,313376,154998,78986,41161,21936,11983,6716,3855,2278,1382"
muslim,2039,"0,0,0,0,0,0,0,0,0,0,2917,16920,69215,255945,834044,2434678,6137969,13815487,27028167,48097207,76810717,113605495,173073670,235381895,275417098,264935979,220303407,166509893,121681004,86349507,62098125,44764365,30828416,20507569,13472196,8285293,4545595,2379734,1229212,631554,330523,163942,83425,43408,23094,12585,7046,4034,2379,1442"
muslim,2040,"0,0,0,0,0,0,0,0,0,0,2322,15326,64474,241657,791862,2307077,5837429,13184609,26154911,46761676,75834406,112091398,171043344,235684638,278707350,270495993,225776668,171617656,125711591,89190176,63915821,45952750,31533332,20911095,13693476,8385865,4592961,2403913,1242960,639592,335217,166661,85054,44413,23735,12996,7328,4221,2498,1531"
muslim,2041,"0,0,0,0,0,0,0,0,0,0,2109,14288,60777,228771,750533,2192135,5643236,12945653,25878114,46444172,75315054,110130226,166355801,231578314,278897158,276130225,232832797,178163489,130634216,92843053,66341888,47723973,32834642,21824737,14249820,8666134,4742504,2485018,1286869,663082,349635,174524,88913,46384,24773,13547,7626,4385,2599,1591"
muslim,2042,"0,0,0,0,0,0,0,0,0,0,1792,13516,56987,220605,728471,2116155,5449110,12555625,25489570,45851500,75147758,109758174,165603570,229029364,277291148,278963191,238700931,184487063,135824895,96427331,68599424,49183399,33840500,22464494,14633034,8894005,4862617,2549610,1322884,682422,360778,180585,91972,47963,25606,14002,7878,4530,2695,1642"
muslim,2043,"0,0,0,0,0,0,0,0,0,0,1347,12103,52304,207707,694635,2019376,5211268,11993856,24624675,44456049,73786335,107957044,162777273,227991796,279344410,283991253,244775176,189640596,139933326,99541279,70835716,50896872,35151301,23402963,15224067,9193367,5020694,2634772,1368352,705047,372225,186566,95002,49594,26503,14506,8161,4703,2788,1697"
muslim,2044,"0,0,0,0,0,0,0,0,0,0,994,11015,49213,199645,678973,1987406,5128893,11772956,24108146,43452940,72459809,105928363,158714079,224974783,279509886,289694594,252723633,196746804,144904432,103062006,73029590,52261787,35980261,23878485,15490520,9318950,5078409,2664041,1383584,712975,376539,188923,96334,50352,26952,14762,8329,4805,2854,1737"
muslim,2045,"0,0,0,0,0,0,0,0,0,0,766,9889,44589,185342,646855,1913885,4938194,11328787,23571619,42897577,71921200,104678796,155079335,221733883,278875908,293508175,258080207,202634364,149785051,106939496,75767169,54379447,37686086,25114214,16297116,9763413,5301694,2781626,1447071,746040,395100,199589,101652,53078,28356,15524,8739,5041,2991,1822"
muslim,2046,"0,0,0,0,0,0,0,0,0,0,668,9224,42098,178782,635297,1878272,4835480,11048940,23104214,42228146,71172418,103290275,150872596,217030119,276612242,296884534,265178277,210360624,156098932,111747385,78889046,56263680,38838264,25754060,16641413,9937311,5384496,2825137,1470962,759652,402883,203857,104009,54396,29137,15965,9002,5202,3086,1885"
muslim,2047,"0,0,0,0,0,0,0,0,0,0,501,8729,41492,177107,634136,1881155,4809977,10890015,22684937,41456985,70023355,102210151,149056243,215745849,277836290,300505223,269997513,214527333,159769762,114927222,81271037,57947908,40137926,26682141,17257647,10279298,5563367,2924930,1526479,789848,419939,213460,108673,56786,30367,16626,9357,5405,3196,1954"
muslim,2048,"0,0,0,0,0,0,0,0,0,0,227,7594,38143,164961,597901,1785523,4566499,10339986,21873403,40521891,68975681,100829812,145288313,211232451,275579393,304261673,277873214,222607966,165658698,118994541,83835798,59602211,41322830,27457942,17734295,10566654,5706330,2999069,1565380,810343,431220,219773,111900,58463,31266,17123,9639,5571,3297,2018"
muslim,2049,"0,0,0,0,0,0,0,0,0,22,191,6732,36022,156865,568197,1694196,4341301,9844965,21011105,39495355,67897161,100215170,142770400,207758989,274092658,307367408,284120497,229051539,171076979,123212371,86602525,61310472,42472742,28220522,18185489,10820157,5836043,3065541,1597228,826542,439495,223768,114096,59762,32037,17598,9910,5746,3411,2082"
muslim,2050,"0,0,0,0,0,0,0,0,0,18,96,6538,36002,154084,561476,1678938,4280810,9626194,20566288,39015344,67344568,100175206,142201542,206308971,270758622,306451438,287582481,234811872,176383801,127860726,89954170,63629739,44033421,29206112,18775114,11114304,5979209,3143672,1642067,851132,453635,232280,118274,61873,33130,18164,10224,5926,3516,2147"
muslim,2051,"0,0,0,0,0,0,0,0,0,18,93,5938,34186,147211,534232,1616012,4157941,9409764,20133640,38335608,66348202,98898518,139491337,202833551,269656642,309215164,293440458,241193432,181262623,131640698,92378314,65247766,45267848,30102256,19378977,11506593,6178308,3251138,1697181,879404,468087,240254,122232,63957,34257,18784,10566,6129,3638,2220"
muslim,2052,"0,0,0,0,0,0,0,0,0,15,99,4916,30612,134382,490293,1506490,3921510,8926604,19210547,37075157,64534036,97811109,136841287,198230011,265755702,309921252,299380839,248565432,187965713,137089819,96282459,67834131,47021997,31240740,20059665,11839937,6336569,3330826,1742088,904800,482312,248041,126220,66038,35386,19423,10940,6341,3769,2311"
muslim,2053,"0,0,0,0,0,0,0,0,0,12,86,4506,29773,132407,484170,1480995,3826253,8672113,18727988,36523197,63588708,96879795,134874195,194579506,263974809,311382143,303676392,253667505,193434655,141759179,99700360,70031698,48442879,32145047,20595144,12155364,6483568,3403441,1777668,923185,491864,253206,128920,67604,36292,19948,11252,6527,3881,2376"
muslim,2054,"0,0,0,0,0,0,0,0,0,12,89,3765,27888,128971,466503,1429221,3713323,8420958,18199320,35683667,62327964,96103750,133450566,191985109,262800022,313684356,309533627,259513653,197910086,145122884,102175233,71583180,49397634,32766249,20920855,12298734,6543326,3426213,1785657,925632,492483,253362,129446,68139,36733,20273,11482,6686,3999,2452"
muslim,2055,"0,0,0,0,0,0,0,0,0,14,86,2826,22908,112881,419920,1309821,3447843,7888042,17139087,34120375,60062131,94350145,131042105,187680518,258790810,313610974,315070017,267467654,204869099,150265929,105800028,74141905,51301499,34105406,21818721,12816331,6811035,3563599,1862359,969110,517357,268528,137092,72113,38882,21514,12217,7166,4305,2665"
muslim,2056,"0,0,0,0,0,0,0,0,0,10,74,2549,22333,115301,436800,1345846,3461390,7769128,16721684,33555324,59154905,93458350,129234084,183534068,255071320,313224625,319426677,273167500,210906586,155218212,109505765,76516341,52828418,35143820,22445985,13195962,7004011,3663968,1913929,995842,532174,276450,141326,74535,40323,22370,12754,7491,4521,2800"
muslim,2057,"0,0,0,0,0,0,0,0,0,10,74,2206,21001,114753,433657,1327359,3394815,7593108,16266988,32721504,57814375,92042842,126926400,179054048,249694491,311157040,323486261,280235934,217920636,160932096,113979645,79575522,54866108,36465216,23257944,13609768,7196801,3752287,1960321,1020994,545790,285709,146129,77098,41709,23161,13218,7772,4700,2913"
muslim,2058,"0,0,0,0,0,0,0,0,0,9,64,1649,17943,105074,410100,1273359,3282987,7332359,15668981,31649029,56245119,90959741,126772448,179903713,250251988,311455529,325309191,284563220,222133247,164000892,116389481,81206492,55939549,37187616,23717158,14045199,7452759,3877994,2016662,1046284,556117,290521,148268,78048,42099,23269,13193,7699,4620,2834"
muslim,2059,"0,0,0,0,0,0,0,0,0,6,56,1347,16619,97447,389894,1228215,3189051,7144574,15236561,31162544,55785583,90727503,126099120,176671590,246659225,310548273,328734386,289398775,227332722,168599257,119902832,83441937,57380636,38140545,24287538,14351579,7605530,3949333,2052055,1065202,566291,296320,151746,80212,43508,24213,13832,8148,4940,3065"
muslim,2060,"0,0,0,0,0,0,0,0,0,6,58,815,13978,92636,375501,1171125,3024775,6790300,14451167,29704974,53689311,88585585,124325033,173172874,242240724,308407598,332379029,297028235,234584704,173852584,123703400,86090298,59257091,39504673,25208004,14910330,7898303,4090498,2126077,1104190,585088,308284,157373,82951,44778,24782,14065,8204,4931,3023"
muslim,2061,"0,0,0,0,0,0,0,0,0,3,52,503,11464,82434,352127,1114469,2881074,6452135,13661822,28249980,51682619,86561960,123193825,171014499,239349457,308043384,335693621,303128947,240454981,178630563,127526088,88579849,60697083,40389607,25680262,15154055,8018985,4139393,2150958,1117598,592872,312827,160018,84507,45717,25371,14416,8436,5072,3127"
muslim,2062,"0,0,0,0,0,0,0,0,0,2,10,283,10600,76808,339408,1093154,2858628,6416821,13523104,27892916,51010348,85242611,121050280,166784885,234027751,305582774,338258553,309332852,247181573,184302675,132098509,91582844,62474261,41420694,26231872,15439551,8152213,4185979,2167592,1124180,596026,314788,161329,85368,46263,25708,14637,8565,5160,3183"
muslim,2063,"0,0,0,0,0,0,0,0,0,1,10,109,8573,71679,329494,1066635,2768749,6159700,12875351,26542832,49014695,82744927,119322861,163961848,230112841,304249209,341066172,315713221,253323924,188835210,135745327,94114024,64412512,42958572,27345700,16142250,8544899,4385604,2273967,1181085,626131,332607,170156,89743,48510,26878,15258,8895,5348,3296"
muslim,2064,"0,0,0,0,0,0,0,0,0,6,22,75,7342,61638,292350,967548,2567565,5822803,12262870,25429955,47452527,80945732,118106867,161653954,225351992,300494857,342583535,321842489,260714292,195184124,140594110,97191462,66147598,43888719,27835846,16381006,8649245,4433024,2297391,1194574,633986,336983,172657,91208,49377,27397,15593,9109,5489,3389"
muslim,2065,"0,0,0,0,0,0,0,0,0,7,23,68,5770,51812,256722,881432,2403251,5525874,11648614,24171385,45769749,79029279,118088828,162000369,226140616,299625734,342396733,324290163,264446989,199440838,144233461,99906952,67873933,44926077,28420880,16690365,8800664,4493530,2321557,1206313,640939,341365,175423,92982,50502,28138,16066,9431,5697,3533"
muslim,2066,"0,0,0,0,0,0,0,0,0,6,21,60,5550,48892,231343,801479,2251579,5361190,11527263,24063157,45647831,78499796,117324920,159517825,221333529,296411520,343650124,329654446,270209587,203531849,147523114,102145330,69517331,46141614,29280347,17227497,9107323,4653186,2405045,1251862,665413,355965,182896,96745,52466,29175,16639,9746,5879,3642"
muslim,2067,"0,0,0,0,0,0,0,0,0,5,80,394,5102,43481,203913,713526,2047984,4979395,10848041,22689115,43548815,75437749,114957469,156195744,216125220,291523893,343736305,336071950,278861761,211248700,153386443,106090562,71855510,47443018,29987477,17584413,9278173,4718262,2425298,1262312,672556,360632,185651,98369,53426,29749,16984,9969,6011,3723"
muslim,2068,"0,0,0,0,0,0,0,0,0,4,64,360,4021,36191,170515,614200,1838521,4605888,10171834,21351701,41577261,72806055,113395563,154162226,212389178,288386252,344502288,341424299,285611437,217611064,157977278,109137362,73680697,48562646,30693272,18007964,9502086,4827351,2480874,1290637,688351,370264,190619,101013,54870,30574,17471,10248,6199,3838"
muslim,2069,"0,0,0,0,0,0,0,0,0,3,65,693,4601,35875,165641,589093,1741168,4358613,9723340,20434608,40146986,70543309,111671082,152684809,210107995,286556197,345993207,346161852,290867163,221164745,160925881,111548297,75586549,49910967,31674480,18615047,9839159,5000906,2565817,1336285,712850,384844,198452,104990,56991,31722,18107,10607,6407,3969"
muslim,2070,"0,0,0,0,0,0,0,0,0,2,49,695,4482,33717,155938,543276,1613005,4099935,9285878,19724354,39076355,69133568,110170765,150345267,205035011,280171658,344056769,350944028,298901823,228555578,166394550,115211013,77783088,51125551,32351383,18966971,10017587,5080559,2594182,1350144,720579,389190,200945,106471,57884,32268,18453,10815,6536,4064"
muslim,2071,"0,0,0,0,0,0,0,0,0,2,38,589,3912,29805,138860,481800,1445146,3748108,8716699,18742879,37593169,67367242,109533181,150586598,206168436,280967974,344544819,351623194,300834918,231878959,169740862,117981103,79472886,52101490,32902536,19253380,10149939,5139540,2620787,1362738,727303,393041,203362,108022,58799,32806,18794,11028,6669,4140"
muslim,2072,"0,0,0,0,0,0,0,0,0,1,37,595,3535,27919,132527,451153,1338699,3491622,8232748,17769218,35830927,64661557,106734809,147907454,201477311,274964649,342045595,355683791,308823365,239525120,175551842,122471929,82444739,53939439,34010199,19870382,10467011,5276627,2670838,1382467,736274,397121,206028,109772,59974,33587,19287,11345,6871,4279"
muslim,2073,"0,0,0,0,0,0,0,0,0,0,27,577,3769,28144,132913,448697,1309402,3373821,7975168,17222057,35078850,63599542,105425407,146662051,199230768,272833646,343408774,359230808,312765028,242504165,178133584,124369409,84071329,55141766,34950172,20461465,10816366,5466903,2764470,1432784,763614,413533,214680,113948,62040,34609,19818,11628,7031,4371"
muslim,2074,"0,0,0,0,0,0,0,0,0,0,17,467,3241,25149,124584,425214,1237363,3178393,7535199,16280633,33347465,61022955,102185526,143791121,194308132,265811631,340070133,362992134,321115363,250952463,184664388,129271313,87127397,56889645,35925214,20957149,11063701,5581196,2808260,1452135,773847,417186,216138,115066,62838,35143,20171,11852,7169,4462"
muslim,2075,"0,0,0,0,0,0,0,0,0,0,17,470,3035,22805,118780,413419,1202844,3090652,7321980,15767793,32139500,58844313,98770704,140353306,189206805,259332749,336817753,366675317,329957103,259403391,190570286,133448449,89618304,58366286,36773426,21464000,11337412,5708160,2869125,1478857,787066,424071,219779,117156,64067,35879,20588,12101,7316,4536"
muslim,2076,"0,0,0,0,0,0,0,0,0,0,10,198,2028,18825,108086,383606,1097754,2805729,6717364,14698547,30388043,56460744,95746184,138247001,186261274,255586974,336166161,369224746,334923238,264834343,195496380,137601759,92526956,60213381,37955915,22138027,11679566,5880554,2942312,1514747,807850,437542,227727,121560,66606,37400,21547,12742,7744,4844"
muslim,2077,"0,0,0,0,0,0,0,0,0,0,11,49,836,13616,91227,343218,1015873,2640733,6391161,14069892,29245666,55094612,94115368,138013573,186088554,254569789,333896941,369794266,338780329,269499297,199187314,140286445,94235283,61215494,38519022,22418952,11827508,5954742,2966965,1522358,811557,439734,229125,122430,67135,37734,21751,12853,7818,4889"
muslim,2078,"0,0,0,0,0,0,0,0,0,0,9,33,716,11851,83625,321562,958847,2510726,6082105,13434977,28114639,53517167,91945901,136100067,183017848,250458978,332556102,371682165,343562046,274665922,203497928,143827884,96653388,62819044,39568313,23097537,12235238,6155938,3072234,1576667,839873,455263,236929,126327,69268,38891,22406,13239,8026,5017"
muslim,2079,"0,0,0,0,0,0,0,0,0,0,7,55,771,11357,80337,312611,935680,2462619,5937955,13039229,27072821,51603741,89048990,133471030,178951580,243910651,326721898,372629980,350547744,283102989,210288055,148775741,99729338,64598815,40544338,23624358,12514966,6295939,3131687,1600157,849943,461229,240582,128565,70649,39753,22944,13570,8244,5148"
muslim,2080,"0,0,0,0,0,0,0,0,0,0,5,44,601,8691,68119,279555,857901,2306803,5586069,12301252,25569708,49318518,85973116,131649519,177272393,241932113,326590554,375438315,355051320,287060543,213404702,151473659,101839225,66079434,41540711,24231489,12829228,6470967,3216031,1641488,871715,473669,247165,131499,71878,40200,23038,13509,8133,5038"
muslim,2081,"0,0,0,0,0,0,0,0,0,0,5,48,350,7218,60957,261075,804906,2205466,5369058,11825748,24620509,47803966,84082250,130858887,176428500,240554911,322620683,373256516,357411282,292539891,218698795,155623821,104535957,67633313,42323855,24638691,13041694,6567482,3260687,1662633,883342,481045,252041,134772,74072,41715,24084,14241,8667,5421"
muslim,2082,"0,0,0,0,0,0,0,0,0,0,4,40,339,7747,62485,264350,811006,2198579,5275113,11522750,23915107,46682976,82170391,128546468,173517410,235738319,319055186,373736259,360993549,297420087,223627951,159984143,107662491,69663198,43568844,25371656,13449143,6773434,3356902,1701362,902786,491177,257579,137822,75887,42791,24713,14650,8903,5576"
muslim,2083,"0,0,0,0,0,0,0,0,0,0,3,37,301,6669,56175,245599,757260,2075862,5030658,11034038,22857302,44790437,78972935,125210724,169862568,230574945,313982917,374719393,367866914,305568510,229563306,164090948,110395989,71347218,44483036,25880890,13711532,6912365,3417950,1721817,911980,495621,259860,138953,76391,42949,24712,14573,8787,5459"
muslim,2084,"0,0,0,0,0,0,0,0,0,0,2,33,348,5997,50161,226129,707103,1961732,4776484,10487511,21685041,42744556,75753417,121888413,167124716,227113726,310895022,375202065,371703684,310916797,234650442,168434794,113595859,73527744,45875689,26759806,14198794,7153470,3541160,1788695,947883,516792,271557,144796,79348,44491,25533,15023,9050,5612"
muslim,2085,"0,0,0,0,0,0,0,0,0,0,1,29,305,5010,44497,206848,656486,1853130,4561205,10031859,20595873,40687197,72625465,118380031,163888497,221926677,303778909,373555645,376901485,319509003,242066078,173825541,117319314,75771855,47088903,27422917,14559543,7348785,3632040,1823038,964535,526441,277404,148442,81695,46042,26581,15736,9560,5973"
muslim,2086,"0,0,0,0,0,0,0,0,0,0,1,24,221,3504,34784,173607,569847,1654175,4182285,9401638,19536700,39063493,70530005,116633537,163676700,222918196,305386472,374895707,377918191,320810435,243904609,175806864,119012129,77023374,47946805,27969681,14869252,7514781,3716028,1856270,980177,533124,279785,149494,82186,46222,26598,15685,9468,5882"
muslim,2087,"0,0,0,0,0,0,0,0,0,0,0,22,231,3308,32719,165432,548386,1606577,4106570,9284088,19318469,38708318,69700280,114321089,159928123,216269004,296452656,371207541,381615852,328886541,251673463,181548654,122852322,79237948,49088747,28560548,15181844,7656859,3776740,1883361,993108,540532,284269,152223,83854,47251,27237,16086,9728,6042"
muslim,2088,"0,0,0,0,0,0,0,0,0,0,0,19,232,2782,28539,144797,482894,1434748,3738211,8573298,17907786,36187985,66065972,109735840,156551992,213056937,293473682,371935564,385703678,334722122,257129241,186138060,126501426,81552344,50396497,29296297,15545438,7838600,3856181,1908939,1002986,546026,287635,154305,85129,48046,27718,16388,9916,6147"
muslim,2089,"0,0,0,0,0,0,0,0,0,0,0,15,277,2536,25009,127508,426162,1271047,3380382,7908311,16689528,34116578,63200474,105764834,153391402,208605706,286920893,369831675,390403718,343193570,264607989,191344872,129794605,83608391,51519956,29930752,15879430,8001347,3934325,1948753,1024034,558061,294757,157837,86898,48933,28186,16618,10037,6226"
muslim,2090,"0,0,0,0,0,0,0,0,0,0,0,23,259,2021,20735,111273,380606,1143265,3078756,7287524,15476028,31848721,60126520,102176422,151780957,208015621,288134922,371169040,391852110,345649432,267703043,193948362,132246348,85297586,52690288,30669386,16307765,8236010,4052312,1994677,1043869,568139,300160,161222,88881,50098,28875,17031,10287,6374"
muslim,2091,"0,0,0,0,0,0,0,0,0,0,0,24,268,1812,18954,102581,350801,1044004,2850487,6857211,14642959,30095936,57344277,97775571,147320974,201884366,279973669,366610545,394889832,354407834,276557367,200614614,136892875,88399703,54534624,31733180,16899147,8538417,4195217,2054126,1070188,583044,308269,165650,91358,51502,29700,17517,10593,6553"
muslim,2092,"0,0,0,0,0,0,0,0,0,0,0,20,226,1571,19958,104827,347531,1018912,2747555,6559673,13968146,28556411,54830969,94068911,144146860,199535108,277593003,366908147,398355551,359274894,281067699,203881223,139300377,89794156,55287226,32097227,17076542,8618965,4230483,2069184,1077865,586895,310261,166670,91844,51705,29764,17496,10534,6493"
muslim,2093,"0,0,0,0,0,0,0,0,0,0,0,17,404,2588,22947,109905,344346,954379,2526890,6050339,13016740,26873895,52320942,90629552,140238434,195002237,271331642,363272417,400145818,365431739,288171299,209865180,144006974,92749342,56985894,33030113,17559068,8859146,4342780,2113928,1095550,596798,316148,170269,94101,53161,30703,18146,10990,6807"
muslim,2094,"0,0,0,0,0,0,0,0,0,0,4,39,375,2380,21285,104525,334506,918148,2409327,5751962,12431405,25724049,50355893,88149412,138660832,193207285,270155771,361586018,400574811,368124800,291897939,212946019,146385447,94529664,58231101,33828766,18035880,9106977,4468186,2174295,1123524,611317,323567,174051,96202,54343,31387,18562,11254,6968"
muslim,2095,"0,0,0,0,0,0,0,0,0,0,4,33,311,2427,19960,98106,313329,849390,2236317,5372481,11639725,24038139,47568461,84207654,134939547,189785427,265667008,358512025,402225717,373646708,298250597,218002596,150448071,97102922,59771705,34660841,18463776,9325617,4578511,2217996,1141325,620539,328563,176765,97633,55069,31725,18685,11259,6937"
muslim,2096,"0,0,0,0,0,0,0,0,0,0,3,30,266,2089,17291,88003,287119,778077,2066135,5018746,10980074,22691677,45212038,80711277,131037596,185485709,259859954,353877163,403838864,380236378,306082544,223886687,154336785,99397829,61039858,35284388,18807815,9495068,4652498,2249944,1154841,627791,332801,179284,99156,55991,32303,19035,11496,7090"
muslim,2097,"0,0,0,0,0,0,0,0,0,0,3,31,217,1738,14571,79249,262569,708468,1875584,4568557,10082666,21001212,42434846,77090789,127931387,184919828,261037064,356089021,405679519,381212957,307950631,226057533,156646574,101078823,62113891,35916107,19133780,9656768,4738411,2283647,1165825,633519,335946,181064,100171,56596,32670,19255,11632,7175"
muslim,2098,"0,0,0,0,0,0,0,0,0,0,2,26,179,1551,12308,70697,239901,648673,1719831,4224596,9398349,19599595,39983212,73498009,123423537,180775752,255786504,351041883,406159701,386981682,315564523,232193824,161245728,103895550,63674770,36675993,19530249,9853989,4827880,2322144,1183203,643037,341621,184483,102230,57827,33403,19710,11906,7350"
muslim,2099,"0,0,0,0,0,0,0,0,0,0,1,23,171,1494,10731,60427,210764,588934,1622302,4066462,9090339,18875898,38740143,71630752,120430663,176964570,249648701,345180748,406308166,391726166,322013548,237198188,164790646,106211117,65227322,37595255,20087912,10150459,4982234,2389985,1209645,656400,348674,188472,104557,59195,34220,20205,12216,7544"
muslim,2100,"0,0,0,0,0,0,0,0,0,0,1,23,140,1266,8703,52743,190485,538321,1494118,3803820,8601557,17859223,36681732,68468633,116286350,174129743,247616110,343953553,406719679,394091470,325702695,240761905,167946384,108728294,66911987,38618380,20671671,10457917,5137466,2467378,1247359,676991,360412,194278,107488,60709,35026,20635,12448,7674"
