world_4region,time,income_mountain_50bracket_shape_for_log
africa,1800,"0,0,4,145,828,2863,8524,27669,91915,284624,818764,1834079,3222539,5128780,7367234,9313108,10439789,10492546,9444766,7610374,5548548,3761274,2404079,1444904,836179,476354,270089,154626,90430,53170,30872,17693,10225,6092,3663,2172,1255,734,448,277,152,88,52,38,24,7,0,0,0,0"
africa,1801,"0,0,4,143,826,2849,8497,27619,91851,284620,819252,1835867,3226316,5135302,7377009,9326177,10454794,10506905,9456889,7619623,5555037,3765570,2406829,1446662,837263,477006,270456,154853,90569,53257,30915,17721,10239,6099,3664,2172,1256,733,447,277,151,88,52,38,24,7,0,0,0,0"
africa,1802,"0,0,4,143,823,2834,8468,27571,91776,284509,818980,1835425,3225477,5134825,7379613,9334440,10474497,10530672,9478298,7634982,5562727,3769677,2408794,1447936,837863,477227,270580,155021,90742,53374,30983,17763,10265,6110,3676,2178,1258,732,447,277,151,87,52,38,24,7,0,0,0,0"
africa,1803,"0,0,4,142,815,2818,8439,27515,91651,284029,817577,1832003,3220360,5132699,7382743,9344739,10493393,10552915,9499205,7650948,5573714,3776502,2413025,1450475,839337,478045,271065,155303,90908,53465,31039,17788,10280,6118,3687,2182,1257,733,447,277,152,87,52,38,24,7,0,0,0,0"
africa,1804,"0,0,4,142,812,2806,8408,27467,91546,283581,815072,1829949,3223001,5138269,7391154,9357122,10507167,10567667,9513598,7663479,5583525,3783413,2417573,1453439,841226,479204,271778,155695,91128,53596,31108,17834,10301,6135,3691,2182,1260,734,447,278,152,87,52,38,24,7,0,0,0,0"
africa,1805,"0,0,4,142,810,2794,8380,27418,91409,283194,814429,1829900,3225915,5145995,7404011,9376152,10531906,10592631,9531160,7670006,5583394,3781779,2416169,1452504,840641,478449,271366,155711,91254,53680,31162,17863,10319,6146,3690,2184,1262,734,446,278,152,87,52,38,24,7,0,0,0,0"
africa,1806,"0,0,4,142,804,2781,8354,27372,91341,283192,814941,1831776,3229874,5152842,7414315,9390003,10547884,10607997,9544198,7679979,5590406,3786408,2419133,1454384,841810,479141,271772,155957,91409,53771,31213,17891,10338,6155,3697,2188,1264,733,446,278,152,87,52,38,24,7,0,0,0,0"
africa,1807,"0,0,4,140,801,2767,8326,27323,91143,281601,806119,1822746,3227605,5150655,7410414,9387997,10544746,10613197,9563373,7709794,5620467,3809140,2434171,1464096,847940,483159,273971,156852,91747,53930,31292,17927,10354,6159,3707,2191,1265,732,446,278,152,86,52,38,24,7,0,0,0,0"
africa,1808,"0,0,4,139,795,2756,8298,27278,91094,281799,807613,1827866,3240603,5173099,7442200,9427310,10587183,10644984,9572990,7696645,5599224,3791439,2422031,1456126,842797,479434,272127,156413,91733,53958,31317,17947,10369,6168,3710,2196,1264,733,445,278,152,86,52,38,24,7,0,0,0,0"
africa,1809,"0,0,4,137,791,2723,8195,27070,90741,281016,806199,1826428,3239796,5176090,7451376,9444969,10611823,10670097,9591422,7707036,5604538,3794222,2423631,1457047,843239,479583,272322,156626,91901,54053,31374,17987,10391,6187,3719,2198,1266,733,445,278,152,86,52,38,24,7,0,0,0,0"
africa,1810,"0,0,4,136,785,2709,8167,27023,90591,280013,801633,1818440,3228502,5160860,7437076,9436487,10608059,10680496,9618021,7745737,5641312,3820926,2441155,1468598,850680,484453,274801,157590,92291,54266,31488,18042,10420,6202,3724,2199,1268,733,444,277,152,86,52,38,24,7,0,0,0,0"
africa,1811,"0,0,4,136,782,2699,8142,26978,90571,280614,804763,1829084,3252683,5199563,7489088,9499955,10670799,10716486,9612685,7708812,5600867,3790360,2421242,1455379,841821,478604,272432,157084,92225,54256,31494,18051,10428,6208,3729,2204,1270,736,444,277,152,86,52,38,24,7,0,0,0,0"
africa,1812,"0,0,4,135,778,2685,8115,26934,90439,280237,804482,1829731,3256693,5208958,7502542,9516419,10684874,10731946,9629524,7722961,5612525,3798607,2427154,1459120,844452,480019,273068,157421,92420,54364,31549,18083,10447,6218,3725,2206,1269,737,444,277,152,85,52,38,24,7,0,0,0,0"
africa,1813,"0,0,4,135,774,2671,8086,26840,88997,273984,789837,1806689,3228128,5174837,7473257,9508179,10694219,10762543,9682389,7786699,5664951,3832260,2447414,1473734,854242,486160,275800,158288,92500,54159,31302,17856,10274,6083,3621,2134,1230,717,430,267,151,85,52,38,24,7,0,0,0,0"
africa,1814,"0,0,4,134,769,2659,8060,26795,88919,273778,789478,1805564,3225829,5175814,7480312,9522709,10717206,10789114,9708645,7808425,5681362,3843412,2454745,1478261,856961,487733,276719,158816,92821,54345,31399,17920,10311,6104,3634,2137,1234,718,430,268,151,85,53,38,24,8,0,0,0,0"
africa,1815,"0,0,4,133,765,2647,8032,26746,88859,274074,791441,1812395,3242385,5203365,7519201,9572331,10770506,10827811,9720054,7795446,5662184,3828428,2445166,1471790,852666,484586,275593,158827,93020,54504,31501,17992,10355,6124,3652,2145,1240,717,432,268,151,85,53,38,24,8,0,0,0,0"
africa,1816,"0,0,4,133,762,2635,8005,26700,88763,273736,789342,1809455,3243647,5207849,7527730,9585891,10788301,10851002,9747600,7823353,5685041,3844887,2456019,1478649,856996,487203,276987,159564,93450,54744,31639,18063,10396,6145,3663,2155,1241,721,434,269,151,86,53,38,25,8,0,0,0,0"
africa,1817,"0,0,4,133,758,2625,7980,26658,88706,273665,789477,1810004,3244215,5209207,7531297,9593196,10796973,10865435,9772056,7856027,5716937,3870979,2473995,1490616,864376,491532,279306,160778,94110,55113,31836,18171,10451,6180,3684,2164,1245,724,435,269,152,86,54,39,25,8,0,0,0,0"
africa,1818,"0,0,4,133,754,2610,7954,26611,88605,273290,788541,1808319,3241689,5207561,7532217,9599249,10809716,10888524,9805723,7894730,5750990,3896101,2490918,1501511,871309,495811,281505,161811,94655,55432,32019,18268,10503,6211,3702,2175,1254,727,437,270,153,85,54,39,26,8,0,0,0,0"
africa,1819,"0,0,4,133,748,2579,7828,26199,88100,273634,790809,1815104,3256932,5234015,7570997,9652189,10870801,10941859,9838235,7904446,5750970,3894724,2490081,1500452,870256,494646,281400,162355,95159,55751,32211,18371,10570,6253,3723,2190,1262,732,440,272,153,86,54,39,26,8,0,0,0,0"
africa,1820,"0,0,4,132,745,2568,7807,26214,88324,274623,794347,1824051,3273633,5260488,7608282,9700054,10923570,10991384,9878857,7934869,5773223,3910382,2500624,1506934,874110,496908,282902,163331,95759,56098,32416,18494,10632,6287,3749,2203,1270,736,442,275,154,87,54,40,26,9,0,0,0,0"
africa,1821,"0,0,4,131,741,2555,7780,26016,87181,269609,776367,1796870,3249753,5237012,7598882,9715690,10960789,11063227,9979814,8043979,5863122,3972789,2540460,1531876,889381,506142,287472,165350,96786,56689,32727,18677,10735,6357,3787,2226,1280,746,446,279,157,89,55,41,26,9,0,0,0,0"
africa,1822,"0,0,4,128,737,2544,7764,26072,87633,271337,781241,1807653,3267970,5264163,7639217,9772412,11038933,11148184,10056078,8103463,5902855,3999217,2556894,1541772,894920,509022,289226,166552,97593,57199,33032,18838,10831,6420,3829,2254,1294,753,449,279,159,89,56,41,26,9,0,0,0,0"
africa,1823,"0,0,4,127,732,2532,7748,26151,87695,270457,779350,1809298,3280950,5293746,7686661,9846512,11135373,11251005,10149200,8178272,5957868,4035802,2580196,1555920,903413,513959,292056,168151,98510,57741,33348,19025,10934,6467,3856,2267,1304,763,456,282,160,90,56,41,26,10,0,0,0,0"
africa,1824,"0,0,2,101,636,2329,7486,25998,87917,271061,775861,1806050,3291819,5318484,7728333,9910105,11221593,11354036,10254306,8270020,6024677,4080554,2608278,1572959,913522,519578,295076,169824,99513,58322,33682,19210,11048,6532,3892,2295,1319,767,461,284,162,91,57,42,27,10,0,0,0,0"
africa,1825,"0,0,2,101,629,2318,7415,25351,85241,261665,758126,1795730,3295305,5342170,7785312,9995209,11322769,11455914,10354082,8358979,6094904,4130194,2640835,1593166,925527,526624,298966,171902,100672,59014,34093,19444,11174,6606,3940,2325,1333,780,467,292,164,93,57,43,27,10,1,0,0,0"
africa,1826,"0,0,2,100,627,2309,7392,25253,84680,259691,755291,1795446,3302296,5365591,7832010,10070381,11427152,11572542,10464173,8448788,6160060,4173520,2668305,1609542,934946,531919,301964,173646,101713,59631,34443,19644,11291,6674,3985,2350,1347,787,473,296,165,95,58,43,28,10,1,0,0,0"
africa,1827,"0,0,2,99,624,2301,7383,25337,85013,259952,750725,1790132,3319372,5402309,7889569,10150900,11518712,11671836,10564390,8539236,6229587,4222493,2701025,1629409,946920,538764,305797,175862,103021,60380,34853,19890,11439,6755,4040,2376,1366,796,480,297,169,96,59,43,28,10,1,0,0,0"
africa,1828,"0,0,2,99,619,2280,7321,25296,85417,262057,757865,1808020,3353030,5454685,7961210,10237589,11613016,11766704,10653544,8614111,6285220,4261907,2727450,1645569,956489,544318,308896,177634,104076,60984,35200,20081,11548,6818,4073,2393,1382,810,485,300,172,98,59,44,29,10,2,0,0,0"
africa,1829,"0,0,2,98,616,2270,7311,25383,85996,263882,761999,1815952,3364582,5471734,7993120,10290413,11702836,11883370,10774457,8723818,6369651,4321660,2766335,1670241,971259,552912,313728,180287,105624,61924,35740,20381,11734,6927,4145,2439,1411,825,495,307,175,99,60,45,29,10,2,0,0,0"
africa,1830,"0,0,2,97,613,2257,7301,25485,86562,265553,763076,1819950,3389072,5516758,8059612,10378083,11804403,11988730,10877224,8814070,6439251,4370835,2799097,1690275,983018,559465,317528,182579,107009,62726,36216,20651,11877,7014,4196,2471,1428,838,502,310,178,102,61,45,29,10,3,0,0,0"
africa,1831,"0,0,2,97,609,2245,7289,25504,86621,266011,766371,1829566,3402776,5523786,8074438,10434843,11886176,12109749,11018534,8947114,6540851,4439505,2841796,1715325,997525,567070,321620,185170,108590,63618,36710,20944,12046,7110,4253,2509,1449,850,509,312,182,106,61,46,30,11,3,0,0,0"
africa,1832,"0,0,2,97,607,2237,7215,24804,83480,254059,736745,1795510,3389606,5535783,8130982,10532507,12019682,12261603,11164516,9069005,6630591,4499985,2880170,1738145,1010798,574250,325509,187399,109931,64401,37152,21192,12177,7204,4304,2537,1469,859,520,318,185,106,63,47,30,11,3,0,0,0"
africa,1833,"0,0,2,97,604,2225,7206,24889,83885,255151,739364,1802965,3414067,5583378,8205818,10637966,12142602,12385452,11274734,9155721,6693542,4542961,2908343,1754911,1020644,579810,328827,189452,111189,65151,37582,21441,12329,7279,4357,2569,1488,870,523,323,189,109,64,47,31,11,4,0,0,0"
africa,1834,"0,0,2,97,600,2220,7199,24983,84489,257244,745583,1817532,3439538,5622600,8264507,10719422,12249762,12507214,11395855,9260301,6770754,4595560,2942257,1775845,1032904,586881,332888,191808,112619,66035,38102,21739,12506,7382,4420,2608,1518,882,533,327,192,111,66,48,32,11,4,0,0,0"
africa,1835,"0,0,2,97,597,2209,7191,25070,84720,256534,739072,1802197,3434632,5635744,8295230,10767142,12322499,12613752,11525786,9399539,6897052,4694038,3014197,1823470,1062336,601289,338544,194112,113883,66770,38531,21969,12618,7438,4455,2629,1538,895,540,330,197,111,66,48,32,11,4,0,0,0"
africa,1836,"0,0,2,95,593,2200,7180,25112,84766,255872,737448,1801801,3442515,5660542,8339708,10833890,12405455,12717719,11647318,9523869,7008959,4781887,3076868,1863938,1087171,614520,344497,196867,115322,67570,38985,22223,12742,7503,4490,2655,1551,911,551,338,201,114,68,49,32,11,5,0,0,0"
africa,1837,"0,0,2,95,590,2185,7124,25092,85193,257680,743093,1814530,3465936,5703586,8407182,10922814,12514347,12844808,11774089,9630561,7090594,4838592,3113764,1886407,1100779,622218,348983,199494,116840,68483,39540,22538,12906,7589,4529,2680,1570,922,560,341,206,116,68,50,32,11,5,0,0,0"
africa,1838,"0,0,1,74,508,2004,6881,24890,85155,257995,743592,1814664,3483547,5746285,8472587,11011547,12624750,12970695,11905328,9749243,7183681,4902889,3155428,1911242,1115524,630486,353569,202068,118314,69319,39990,22790,13047,7661,4565,2705,1586,935,569,347,211,118,69,51,33,11,5,0,0,0"
africa,1839,"0,0,1,74,504,1992,6831,24345,82742,248799,722180,1792566,3480837,5766092,8529440,11103043,12748377,13126379,12071280,9893618,7295125,4976422,3202049,1938906,1131482,639193,358290,204564,119659,70067,40413,22994,13146,7706,4600,2723,1607,945,578,353,212,119,71,53,33,11,6,0,0,0"
africa,1840,"0,0,1,73,503,1988,6827,24443,83309,250362,725806,1799092,3505980,5818651,8609352,11205532,12867288,13251715,12196742,10008731,7388142,5044062,3247489,1966890,1148176,648583,363535,207597,121418,71060,40975,23298,13305,7796,4651,2753,1622,958,589,358,214,121,71,53,33,12,6,0,0,0"
africa,1841,"0,0,1,73,498,1978,6818,24502,83575,251316,729773,1809129,3522156,5848497,8660818,11284526,12978180,13396255,12352528,10149035,7500530,5124111,3299721,1999766,1168184,660289,369980,211035,123275,72102,41576,23641,13489,7885,4689,2787,1641,974,596,365,218,124,73,54,35,12,6,0,0,0"
africa,1842,"0,0,1,73,496,1968,6768,24337,83779,253787,738367,1830037,3557950,5894912,8723923,11374717,13106783,13554066,12516091,10288533,7599817,5187665,3338630,2021731,1179455,665971,372975,212768,124287,72667,41859,23804,13594,7960,4740,2816,1661,990,609,371,225,125,76,55,36,12,6,0,0,0"
africa,1843,"0,0,1,73,494,1973,6807,24481,84176,254119,737425,1825068,3561230,5907242,8754593,11447914,13242936,13747492,12725355,10468025,7726586,5269204,3386469,2047545,1192918,672667,376430,214802,125539,73388,42275,24053,13775,8075,4810,2856,1689,1004,621,378,228,127,78,55,36,12,7,0,0,0"
africa,1844,"0,0,1,73,490,1962,6794,24516,84392,254736,740263,1834212,3581013,5940528,8796199,11514454,13343075,13868073,12864292,10609964,7864555,5378084,3475920,2109326,1229352,694881,389650,222225,129814,76071,43922,24996,14289,8375,5002,2979,1766,1051,648,396,242,134,82,57,40,13,8,0,0,0"
africa,1845,"0,0,1,73,489,1955,6755,24043,82278,246416,721109,1820347,3600682,5999633,8914192,11682692,13534374,14044671,13008235,10723560,7947903,5437927,3514998,2132412,1242607,702865,394440,225094,131535,77076,44491,25329,14481,8480,5068,3015,1787,1065,661,403,245,137,82,59,40,13,8,0,0,0"
africa,1846,"0,0,1,72,487,1946,6750,24117,82566,246355,720363,1818376,3614561,6049031,8999339,11805734,13693284,14214564,13171058,10862786,8055830,5514129,3564560,2162500,1260342,713266,400455,228587,133570,78252,45175,25715,14696,8612,5140,3064,1810,1082,672,409,251,138,84,59,41,13,8,0,0,0"
africa,1847,"0,0,1,71,483,1928,6699,24114,83153,248789,728409,1838270,3649252,6104776,9082570,11916657,13824241,14355895,13318814,11007181,8175184,5600312,3621782,2198364,1281601,726062,407435,232163,135548,79421,45847,26099,14917,8738,5212,3110,1843,1098,680,416,254,140,86,61,42,14,8,0,0,0"
africa,1848,"0,0,1,71,481,1923,6694,24211,83419,248340,726636,1838015,3659356,6137798,9145666,12022665,13979700,14544292,13511695,11172607,8300193,5683699,3675488,2231352,1300909,736480,413021,235273,137352,80490,46449,26434,15111,8856,5282,3151,1872,1112,697,421,260,143,88,61,42,14,9,0,0,0"
africa,1849,"0,0,1,70,479,1917,6696,24261,83598,248645,727482,1835957,3663182,6162097,9196023,12104488,14103057,14703642,13685243,11333504,8428590,5775095,3734916,2267564,1322412,748443,419378,238800,139465,81780,47260,26913,15400,9020,5376,3204,1900,1133,702,429,261,145,90,62,42,14,9,0,0,0"
africa,1850,"0,0,1,71,480,1919,6720,24387,84018,249243,728286,1838804,3678017,6223549,9317584,12264012,14244052,14794969,13745929,11393757,8500553,5844012,3792462,2309335,1351244,766972,430344,245007,143061,83991,48585,27651,15781,9193,5474,3262,1928,1149,714,435,265,146,90,64,43,15,9,0,0,0"
africa,1851,"0,0,1,71,481,1928,6751,24517,84099,247586,720066,1810064,3640627,6203820,9322403,12301779,14326227,14895697,13861839,11515366,8594204,5913734,3840731,2341382,1372953,780175,436296,247717,144799,85064,49152,27995,16005,9364,5588,3323,1954,1152,715,436,265,148,90,64,43,15,9,0,0,0"
africa,1852,"0,0,0,56,418,1789,6563,23957,81580,237354,692960,1777742,3627907,6209184,9383099,12432216,14523911,15076432,13978175,11567498,8588606,5884549,3807072,2313956,1353456,771399,435296,249069,146136,85941,49633,28295,16256,9568,5733,3406,1991,1157,716,436,265,148,90,64,43,15,9,0,0,0"
africa,1853,"0,0,0,57,420,1807,6615,24135,82034,238024,693148,1774358,3609725,6159989,9314756,12395460,14517576,15123441,14081091,11699403,8704616,5964459,3855021,2341811,1370018,782558,442015,252713,148029,86920,50157,28585,16432,9671,5794,3443,2012,1163,721,438,266,150,91,64,43,15,9,0,0,0"
africa,1854,"0,0,0,57,424,1826,6676,24308,82499,238651,692098,1762285,3583169,6130240,9290114,12392184,14552143,15205717,14175911,11790736,8782044,6018833,3888791,2361461,1381987,788768,445544,254744,149188,87618,50558,28802,16563,9764,5856,3483,2034,1175,723,442,267,151,91,64,43,15,9,0,0,0"
africa,1855,"0,0,0,57,429,1843,6727,24433,82645,238428,690612,1758570,3577375,6127431,9295560,12409594,14587824,15261920,14247834,11867255,8845805,6062891,3916613,2378612,1391785,794551,448346,255783,149603,87829,50677,28852,16601,9787,5879,3499,2042,1178,723,442,267,151,92,64,43,15,9,0,0,0"
africa,1856,"0,0,0,57,433,1851,6748,24482,82598,236839,683762,1742386,3565348,6135197,9326290,12476382,14703379,15392720,14345910,11909070,8848441,6054916,3909952,2372116,1386780,790378,447073,256141,150057,87948,50568,28726,16512,9749,5857,3492,2037,1183,726,444,267,154,92,63,43,15,9,0,0,0"
africa,1857,"0,0,0,57,438,1868,6803,24663,83040,237001,681170,1727446,3532460,6102516,9288674,12430057,14662408,15406590,14438082,12049387,8981961,6152673,3973757,2413539,1412611,806646,454712,259098,151283,88477,50802,28802,16538,9743,5845,3476,2030,1179,725,448,268,154,92,63,43,15,9,0,0,0"
africa,1858,"0,0,0,59,443,1886,6863,24840,83547,238563,686439,1745837,3587764,6203588,9391038,12514398,14687963,15394208,14416417,12013666,8979359,6173573,4000276,2434429,1426051,815104,462747,266248,155545,90330,51587,29151,16602,9653,5695,3353,1978,1171,727,449,269,154,92,63,43,15,9,0,0,0"
africa,1859,"0,0,0,59,447,1905,6908,24685,81824,230210,661158,1707439,3556924,6174313,9386678,12545741,14759701,15488195,14510471,12099203,9052593,6225565,4033783,2456165,1439144,821846,466256,268318,156728,91043,52049,29461,16779,9749,5745,3372,1990,1179,731,450,271,155,94,63,43,15,9,0,0,0"
africa,1860,"0,0,0,59,450,1926,6974,24872,82162,229371,655092,1686794,3518123,6141492,9364463,12543070,14791410,15561980,14613350,12210293,9148242,6291000,4075286,2481394,1455380,831097,470952,270923,158257,91933,52521,29689,16912,9837,5786,3398,2003,1185,732,452,273,154,94,62,43,14,9,0,0,0"
africa,1861,"0,0,0,59,456,1941,6994,24734,81666,228991,656085,1692556,3533156,6173908,9423018,12626630,14886178,15652633,14676298,12240534,9154857,6288850,4072362,2478496,1453643,830265,471201,271695,158908,92338,52770,29848,17007,9874,5815,3415,2007,1188,733,455,273,154,94,62,43,14,9,0,0,0"
africa,1862,"0,0,0,59,462,1960,7058,24940,82850,233426,669008,1717138,3568822,6242252,9532412,12786450,15037821,15749981,14691860,12204136,9106915,6251243,4045384,2459084,1437971,822255,468779,271089,158538,92141,52668,29800,16984,9869,5812,3416,2005,1189,733,454,274,154,94,62,43,14,9,0,0,0"
africa,1863,"0,0,0,61,464,1978,7123,25124,83086,233294,666129,1708069,3551578,6215808,9497053,12773451,15073053,15840488,14822873,12341342,9202317,6303776,4073361,2474589,1445802,826248,470785,272147,159146,92479,52848,29898,17031,9898,5817,3407,2002,1192,733,454,274,154,95,62,43,14,9,0,0,0"
africa,1864,"0,0,0,61,470,1997,7188,25316,83095,230701,654241,1669523,3473181,6099385,9351878,12616318,14978690,15892187,15040223,12634587,9436794,6450466,4161785,2527792,1478988,844246,477430,274099,159919,92783,52930,29896,17032,9896,5815,3408,2010,1195,732,455,275,153,96,62,42,14,9,0,0,0"
africa,1865,"0,0,0,62,474,2009,7202,25197,83068,230843,650912,1668303,3487690,6118264,9427312,12794977,15175867,16039305,15074287,12609907,9406198,6429886,4137625,2506043,1466189,835997,472394,270585,157287,91434,52550,29850,17039,9927,5858,3450,2032,1205,734,459,276,154,97,62,42,14,9,0,0,0"
africa,1866,"0,0,0,48,408,1861,7025,25091,82795,229268,645746,1657786,3477112,6114606,9435493,12821205,15232306,16102843,15132371,12662299,9475727,6496856,4189980,2540863,1489438,850108,479867,274316,159373,92591,53177,30215,17246,10062,5947,3513,2068,1221,737,462,278,154,98,62,42,14,9,0,0,0"
africa,1867,"0,0,0,48,413,1879,7084,25277,82931,226544,631928,1617952,3408776,6031047,9352602,12771126,15267191,16213700,15302400,12836215,9612555,6590487,4247581,2575648,1511112,861552,484140,275910,160235,93139,53556,30481,17438,10214,6060,3604,2135,1271,773,483,289,162,98,62,42,14,9,0,0,0"
africa,1868,"0,0,0,48,417,1896,7150,25485,83502,227584,632898,1612496,3390857,6028230,9379245,12820425,15325345,16281871,15374861,12907692,9676352,6639434,4280384,2595146,1523136,868936,488120,278179,161581,93968,54118,30867,17707,10414,6197,3697,2201,1323,807,508,306,171,109,63,42,14,9,0,0,0"
africa,1869,"0,0,0,48,420,1913,7213,25694,84062,228339,633173,1611386,3386697,6025370,9386842,12843404,15368409,16352356,15468277,13004922,9757513,6696774,4313966,2613733,1532899,873591,489574,278133,161209,93667,53904,30722,17621,10358,6163,3675,2192,1315,805,508,304,172,106,63,42,14,9,0,0,0"
africa,1870,"0,0,0,48,425,1934,7280,25907,84674,229305,632331,1593442,3326002,5942687,9310846,12786759,15365671,16440180,15624298,13194318,9921099,6808893,4382474,2651276,1552225,883165,492929,278316,160731,93291,53634,30521,17502,10292,6131,3668,2188,1319,808,511,306,173,106,64,42,14,9,0,0,0"
africa,1871,"0,0,0,48,429,1954,7351,26128,85196,229765,629767,1576438,3267116,5865142,9238636,12731262,15364994,16521922,15796709,13408019,10100064,6930097,4452163,2679769,1557885,882151,488680,272825,156298,90167,51542,29199,16706,9840,5886,3531,2121,1300,812,511,310,175,107,66,42,14,9,0,0,0"
africa,1872,"0,0,0,48,441,2020,7565,26382,83979,221105,600185,1521763,3192791,5758693,9126470,12636171,15296435,16511809,15890190,13620869,10354600,7136545,4594716,2771194,1616578,922382,513774,283990,160317,91944,52458,29621,16874,9907,5930,3544,2135,1307,817,512,314,174,106,66,43,14,9,0,0,0"
africa,1873,"0,0,0,49,464,2104,7806,27022,85412,223769,606272,1536048,3213040,5803296,9203738,12738988,15425717,16652224,15998348,13675341,10352949,7110728,4570521,2753500,1602595,912980,506664,281159,160231,92361,52723,29752,16946,9932,5954,3569,2144,1310,819,514,315,172,105,67,43,14,8,0,0,0"
africa,1874,"0,0,0,53,488,2194,8050,27686,86924,226933,613932,1553363,3243596,5850087,9263092,12808859,15510710,16744039,16079712,13735228,10387177,7126741,4577122,2755424,1601304,910404,504276,280160,159931,92227,52615,29667,16900,9896,5920,3551,2130,1300,810,510,311,168,103,68,43,14,8,0,0,0"
africa,1875,"0,0,0,56,503,2263,8232,28184,88130,229081,616862,1552585,3212381,5763921,9128422,12669545,15397111,16739090,16196451,13958793,10637563,7323685,4711044,2832798,1649040,940534,522336,289204,164563,94907,54139,30506,17324,10157,6075,3649,2185,1329,825,518,315,169,103,73,43,13,8,0,0,0"
africa,1876,"0,0,0,59,532,2336,8354,28360,88672,230466,620728,1564074,3232266,5781219,9140974,12680319,15414145,16756434,16205314,14001666,10727930,7426489,4796919,2891058,1690644,968966,542094,300758,170609,98181,55967,31444,17777,10387,6217,3720,2234,1358,839,524,320,170,103,76,47,13,8,0,0,0"
africa,1877,"0,0,0,62,548,2344,8187,27709,87618,229791,622237,1571728,3253824,5824789,9192976,12737996,15500404,16872409,16320993,14083439,10766632,7437010,4798826,2888975,1687029,966730,540219,299836,170738,98460,56014,31341,17630,10254,6110,3648,2180,1315,808,501,305,157,98,66,44,13,8,0,0,0"
africa,1878,"0,0,0,64,575,2431,8412,28261,88509,230033,620138,1566138,3237149,5822040,9278267,12845027,15591966,16956607,16388498,14143252,10824147,7484156,4831395,2907946,1695699,968062,537730,297077,168902,97315,55284,30919,17397,10114,6000,3572,2120,1277,782,482,294,148,93,67,44,13,8,0,0,0"
africa,1879,"0,0,0,67,597,2516,8656,28686,88038,224111,596300,1520867,3196805,5813231,9311830,12883109,15640043,17002450,16444284,14233059,10938202,7590893,4911255,2964838,1732668,992780,555237,307355,173490,99189,56092,31174,17409,10082,5972,3555,2116,1269,780,476,292,148,93,67,46,13,7,0,0,0"
africa,1880,"0,0,0,57,558,2427,8596,28994,88994,225256,597111,1521158,3193106,5804165,9305485,12877055,15628039,16998215,16460774,14299888,11062256,7736505,5028908,3053151,1788138,1026916,577792,321724,179755,101454,57054,31532,17458,10019,5941,3543,2110,1268,777,472,288,147,93,68,46,13,7,0,0,0"
africa,1881,"0,0,0,59,562,2467,8745,29198,89759,227353,599936,1525248,3195959,5810855,9332596,12927739,15709047,17113726,16599661,14430395,11147447,7769118,5034589,3052050,1785004,1023432,574657,319412,178866,101319,57080,31572,17494,10062,5964,3561,2122,1274,773,476,288,146,91,68,46,13,7,0,0,0"
africa,1882,"0,0,0,61,589,2548,8990,29890,91211,229510,602900,1528426,3196657,5813548,9345384,12952542,15746864,17159468,16675862,14542006,11267146,7864069,5098071,3090375,1808482,1036106,581155,322231,180766,102449,57471,31644,17527,10103,5974,3555,2119,1272,772,477,282,144,91,69,46,13,7,0,0,0"
africa,1883,"0,0,0,66,613,2636,9198,30194,92318,234758,619288,1561343,3239170,5876367,9449923,13090547,15913819,17337143,16810685,14597245,11238450,7806672,5050609,3056349,1783091,1017174,566540,315279,179279,102482,57546,31688,17639,10200,6029,3597,2146,1286,780,478,290,149,91,69,47,13,7,0,0,0"
africa,1884,"0,0,0,63,624,2638,9027,29496,91210,234180,621082,1566452,3254531,5908094,9494384,13145811,16003873,17446850,16909430,14674215,11297476,7853382,5084078,3075726,1793701,1021978,569023,317579,181081,103587,58243,32163,17963,10386,6137,3663,2182,1306,789,481,298,150,91,70,47,12,6,0,0,0"
africa,1885,"0,0,0,68,643,2724,9340,30438,94716,245117,638886,1586744,3271423,5876743,9389973,13034084,15939096,17436774,16954975,14811764,11519360,8085638,5257485,3164877,1836562,1036601,573627,319524,182451,104412,58746,32623,18331,10591,6232,3697,2197,1311,785,478,300,148,91,70,47,12,6,0,0,0"
africa,1886,"0,0,0,70,669,2808,9604,30865,93256,234655,608422,1536171,3227090,5848505,9356677,13002172,15936552,17495209,17079672,14987119,11696208,8217539,5354037,3231403,1880476,1067623,592949,331283,189762,109242,61802,34311,19149,10921,6335,3739,2225,1326,798,486,301,149,91,70,47,12,6,0,0,0"
africa,1887,"0,0,0,73,655,2812,9757,31248,93583,233580,602231,1527902,3214633,5833945,9349327,13002126,15962130,17571509,17195885,15131685,11836484,8318879,5423354,3275853,1906310,1083401,601765,335483,191707,110378,62477,34669,19328,11039,6404,3777,2239,1333,805,483,306,150,91,71,47,12,6,0,0,0"
africa,1888,"0,0,0,79,676,2893,9994,31838,94708,233978,598717,1524648,3211019,5815715,9333473,13002296,15990716,17618745,17276028,15252119,11975801,8436692,5507944,3333047,1943579,1107766,619452,345736,196790,113101,64007,35481,19672,11252,6540,3857,2286,1357,815,493,310,151,91,72,48,12,5,0,0,0"
africa,1889,"0,0,0,79,694,2971,10195,32082,95047,236068,604735,1537803,3229077,5837277,9357927,13027191,16030322,17694391,17379067,15351437,12062267,8489422,5541958,3355168,1954678,1114233,622984,348150,198520,114071,64492,35707,19812,11334,6588,3895,2303,1371,822,499,310,151,91,72,48,12,5,0,0,0"
africa,1890,"0,0,0,86,717,3057,10356,32293,95213,235183,600706,1530056,3214708,5807745,9325741,13007328,16044613,17750767,17476381,15470835,12182979,8588120,5609251,3397183,1980408,1129291,631953,353223,201101,115442,65243,36076,19961,11413,6640,3927,2319,1382,826,498,311,151,90,72,48,12,5,0,0,0"
africa,1891,"0,0,0,86,732,3054,10088,30127,89791,230652,596845,1526827,3212610,5805004,9320279,13002093,16055669,17788656,17540950,15565854,12288851,8674338,5665286,3428310,1997107,1137732,636392,355258,201955,115802,65427,36160,19996,11430,6655,3931,2323,1380,827,496,312,149,89,72,49,12,4,0,0,0"
africa,1892,"0,0,0,89,742,3091,10185,29833,87580,224640,574484,1476218,3155213,5741874,9272587,12998113,16105661,17888777,17660202,15683629,12387460,8746836,5710358,3454098,2011177,1144766,639517,356807,202928,116424,65749,36302,20033,11449,6658,3923,2320,1376,820,495,311,149,89,72,49,12,4,0,0,0"
africa,1893,"0,0,0,93,759,3132,10162,29172,85118,222902,574210,1475739,3147770,5720132,9233480,12940731,16051217,17873722,17691109,15764614,12505445,8853108,5785855,3502271,2038660,1160659,648238,361447,205634,117869,66442,36583,20135,11510,6687,3947,2335,1390,828,497,313,149,90,73,49,11,4,0,0,0"
africa,1894,"0,0,0,83,683,2916,9748,28323,82091,220463,575576,1479064,3145654,5706881,9201422,12900659,16033497,17894652,17750995,15855088,12598561,8930066,5835838,3528985,2051732,1166759,649944,361258,205186,117135,65644,35979,19828,11394,6650,3934,2326,1381,820,495,307,147,90,73,51,11,3,0,0,0"
africa,1895,"0,0,0,85,698,2979,9920,28439,81260,216898,564778,1455715,3115429,5696717,9271299,12993607,16108211,17949983,17811731,15897752,12619804,8928620,5823228,3525603,2051576,1170294,656102,365679,206281,116921,65320,35620,19485,11151,6559,3892,2308,1375,817,488,310,145,90,73,51,11,3,0,0,0"
africa,1896,"0,0,0,87,716,3043,10010,28247,79023,213192,561345,1450185,3109751,5692521,9255360,12965092,16078944,17951210,17850797,15968820,12711425,9008554,5872947,3562546,2074388,1187384,669173,374704,211152,119243,66420,36064,19623,11135,6539,3882,2310,1377,816,489,306,145,91,72,52,11,2,0,0,0"
africa,1897,"0,0,0,91,733,3104,10166,28418,78561,211282,558656,1444014,3081185,5614708,9149021,12893119,16057229,18012700,17998541,16155345,12860434,9090670,5908393,3574435,2078265,1186309,665040,370773,209359,118681,66123,35898,19537,11186,6569,3901,2322,1381,820,491,310,145,91,72,52,11,2,0,0,0"
africa,1898,"0,0,0,94,743,3105,10013,27459,74853,203766,544087,1411580,3034431,5562534,9078976,12810993,15998106,18010902,18043311,16251967,13000380,9242411,6020769,3644739,2118411,1212877,683009,383824,216143,121799,67918,37029,20153,11307,6643,3952,2348,1399,826,497,311,145,90,72,53,11,1,0,0,0"
africa,1899,"0,0,0,96,759,3172,10193,27627,73818,198944,527838,1379217,3007098,5535706,9059830,12829594,16068170,18128609,18187041,16388021,13089519,9271991,6013290,3623706,2099493,1197298,670096,373387,211015,119969,67145,36614,19962,11393,6716,3981,2363,1401,829,498,310,144,89,73,53,11,1,0,0,0"
africa,1900,"0,0,0,99,737,3140,10216,27584,74576,207325,565465,1447727,3071613,5583675,9112073,12898576,16167245,18263294,18308860,16443805,13082452,9226357,5954481,3558709,2042801,1153372,636001,352978,201661,115638,64889,35568,19821,11449,6751,4012,2385,1422,835,503,304,146,89,72,53,11,0,0,0,0"
africa,1901,"0,0,0,105,753,3203,10324,27665,72856,200412,551638,1434042,3062895,5547007,8992691,12773899,16091819,18281586,18426501,16627678,13268444,9364872,6039039,3605683,2069715,1170652,646618,358637,204622,117308,65734,35923,19874,11469,6769,4033,2395,1429,835,505,306,137,87,72,53,10,0,0,0,0"
africa,1902,"0,0,0,107,767,3270,10529,28138,72832,194223,525616,1385674,3002799,5469166,8902705,12699335,16045446,18278012,18491236,16768063,13458053,9537939,6161956,3687729,2122673,1203808,667953,370683,210478,120378,67574,36979,20273,11699,6928,4138,2474,1481,871,533,316,147,97,75,53,10,0,0,0,0"
africa,1903,"0,0,0,111,786,3322,10649,28285,72204,189103,503735,1324429,2904000,5351333,8765185,12536161,15893805,18207623,18519327,16893033,13687774,9816365,6392004,3854714,2227990,1270988,712612,400452,225783,127230,71030,38846,21158,11787,6914,4132,2463,1475,868,530,315,146,95,71,54,9,0,0,0,0"
africa,1904,"0,0,0,112,795,3351,10787,28656,72623,188404,498718,1311799,2885718,5326807,8734609,12515781,15915520,18311447,18676990,17050096,13791578,9866333,6411967,3866704,2233395,1272329,712810,400456,225397,126835,70707,38578,20934,11626,6806,4052,2411,1445,849,519,310,143,92,71,54,9,0,0,0,0"
africa,1905,"0,0,0,116,811,3397,10802,28207,70063,182997,489925,1295291,2858383,5290445,8690132,12483963,15912482,18348676,18743777,17141440,13903606,9980863,6509119,3936882,2280113,1301472,730596,412557,232962,130889,72816,39682,21462,11823,6836,4079,2423,1447,849,521,307,144,90,74,54,8,0,0,0,0"
africa,1906,"0,0,0,120,790,3365,10826,28381,69884,180036,470561,1236291,2773532,5200624,8602167,12417368,15890898,18407656,18873727,17306041,14068318,10126024,6623166,4014340,2329022,1331079,748928,424832,241214,135287,74887,40733,22004,12050,6810,4048,2405,1432,838,513,306,142,89,76,54,8,0,0,0,0"
africa,1907,"0,0,0,115,756,3231,10552,28383,69764,178787,468887,1235890,2779129,5205078,8595955,12415841,15888096,18443321,18955338,17416245,14193063,10231209,6684905,4043786,2342007,1335176,750000,425240,241078,135313,74996,40796,22027,12033,6823,4044,2387,1407,817,502,302,137,83,72,54,8,0,0,0,0"
africa,1908,"0,0,0,119,771,3291,10767,28898,70654,179727,472113,1253939,2828327,5273453,8670429,12501548,16010361,18622610,19157409,17573708,14248646,10177200,6579021,3952031,2274886,1289930,719606,403550,227799,129037,72119,39208,21191,11777,6917,4088,2414,1409,810,497,296,136,80,74,54,8,0,0,0,0"
africa,1909,"0,0,0,122,788,3355,10926,29133,70507,178319,467078,1237506,2800191,5240616,8611692,12422864,15974267,18666707,19272902,17735016,14416328,10315924,6669026,4007146,2306949,1308559,729378,408491,230048,129887,72270,39045,20959,11510,6736,3958,2323,1352,769,471,277,122,79,76,54,7,0,0,0,0"
africa,1910,"0,0,0,125,792,3379,10970,29161,70195,179534,477732,1267871,2817745,5217244,8552590,12362362,15950706,18733596,19430950,17923090,14579083,10429490,6732630,4021458,2300049,1293753,712056,393942,221344,125063,69276,37198,19977,11333,6638,3911,2318,1361,778,472,280,144,78,73,53,5,0,0,0,0"
africa,1911,"0,0,0,130,813,3438,11210,29778,71259,180568,475507,1252872,2772058,5142218,8449933,12246881,15876760,18761208,19611163,18195087,14832807,10604750,6816263,4059858,2310845,1293552,705990,387014,216490,122117,67511,36167,19406,11019,6445,3804,2265,1328,762,463,272,129,77,72,52,4,0,0,0,0"
africa,1912,"0,0,0,133,829,3466,11158,29365,68813,174129,457607,1212512,2732367,5118393,8434444,12268809,15944201,18882695,19759873,18333451,14934839,10670633,6854958,4079088,2318424,1297497,707431,387960,216940,122299,67648,36286,19441,11004,6419,3799,2249,1323,755,459,269,127,75,70,52,4,0,0,0,0"
africa,1913,"0,0,0,136,810,3428,11047,29187,68508,173605,455539,1206978,2717703,5095978,8394123,12202513,15885942,18891765,19835051,18480488,15108817,10818468,6956999,4142435,2356186,1319128,719458,394376,220153,124062,68665,36817,19718,11141,6494,3823,2267,1327,753,457,267,138,74,70,52,4,0,0,0,0"
africa,1914,"0,0,0,139,796,3379,10943,28896,67279,169843,446664,1184817,2663566,4984474,8242532,12051814,15770569,18877128,19959837,18715686,15384182,11048814,7116171,4242030,2414277,1348595,732048,400062,222971,125327,69229,37088,19831,11222,6551,3852,2292,1338,763,463,267,143,75,70,51,6,0,0,0,0"
africa,1915,"0,0,0,138,739,3106,10300,28238,66335,166596,432613,1143017,2594641,4899991,8158175,11983989,15715920,18899118,20068104,18927494,15634541,11239849,7239578,4311833,2447850,1363950,737956,401274,222611,124845,69018,37036,19843,11281,6610,3900,2313,1351,769,467,269,152,76,70,51,5,0,0,0,0"
africa,1916,"0,0,0,142,732,3071,10215,28011,65066,162122,417204,1093975,2510139,4780161,7994817,11828852,15568977,18840578,20158865,19163956,15958085,11521034,7445222,4443344,2517986,1402832,756896,410191,227586,127622,70592,38002,20391,11562,6769,3992,2388,1397,800,472,279,159,76,70,56,6,0,0,0,0"
africa,1917,"0,0,0,143,692,2864,9685,27515,65062,162450,418009,1092997,2500528,4754795,7957992,11774154,15497637,18781492,20166277,19279913,16156435,11726560,7594912,4540885,2576164,1433025,771439,416960,230117,128098,70405,37649,20062,11348,6621,3894,2327,1369,776,465,275,159,80,70,52,6,0,0,0,0"
africa,1918,"0,0,0,146,699,2831,9608,27271,63946,158863,405283,1054120,2443465,4693325,7881106,11728882,15501800,18843341,20285623,19421606,16308180,11870110,7710215,4616837,2620911,1457490,781302,422143,234231,130364,71491,38184,20302,11486,6708,3943,2365,1394,796,472,275,164,85,70,53,5,0,0,0,0"
africa,1919,"0,0,0,148,683,2650,8972,26197,61234,150703,384086,1000085,2339150,4542649,7697703,11531974,15301277,18710924,20309673,19654098,16719898,12307099,8037012,4820302,2741378,1530975,826132,446874,244667,134228,73206,38975,20609,11598,6769,3969,2378,1409,802,477,280,165,86,70,53,5,0,0,0,0"
africa,1920,"0,0,0,152,696,2587,8846,26011,60376,148456,377413,976384,2289642,4493122,7684230,11569436,15422496,18936901,20608180,19947734,16910571,12364357,8051366,4829545,2751844,1537225,824963,442508,243918,135161,73949,39422,20863,11750,6864,4027,2427,1443,823,482,284,169,92,70,53,4,0,0,0,0"
africa,1921,"0,0,0,156,713,2565,8762,25902,59941,145399,366041,950279,2261029,4474895,7681185,11590192,15488004,19063044,20786870,20163219,17145933,12578620,8209005,4930053,2813629,1575681,846533,455054,251342,139304,76273,40623,21418,11986,7009,4111,2477,1470,843,489,290,171,98,70,55,4,0,0,0,0"
africa,1922,"0,0,0,162,732,2569,8775,25975,60081,145777,364976,933953,2212034,4383089,7546384,11482692,15427862,19078183,20941373,20470203,17560739,12982888,8523480,5135726,2937861,1650360,887230,475785,261714,144305,78875,41931,22026,12308,7209,4220,2532,1502,862,494,295,176,104,70,56,3,0,0,0,0"
africa,1923,"0,0,0,167,755,2596,8863,26342,60420,143863,356483,905729,2159188,4336841,7496965,11457279,15474908,19218774,21157160,20760358,17908649,13324426,8800202,5322889,3050432,1718110,926450,498550,274461,150973,82462,43826,22846,12633,7373,4312,2577,1522,867,492,289,176,105,70,56,3,0,0,0,0"
africa,1924,"0,0,0,173,776,2533,8683,26050,59684,141369,349040,889821,2142637,4331516,7494341,11440627,15488103,19319936,21343412,21023246,18237917,13674534,9085007,5513735,3168056,1788666,967415,522880,288153,157930,86152,45827,23868,13088,7625,4453,2655,1564,896,506,297,175,114,70,57,3,0,0,0,0"
africa,1925,"0,0,0,177,797,2568,8777,26417,60218,140590,340661,856065,2086549,4309847,7529777,11519184,15647688,19583397,21651213,21339357,18507271,13904515,9242788,5610283,3234698,1829935,990403,537996,297560,163216,89115,47331,24475,13198,7682,4459,2641,1556,893,496,288,171,123,70,52,1,0,0,0,0"
africa,1926,"0,0,0,185,821,2603,8787,26161,58398,134882,330159,831013,2041228,4281322,7534123,11567752,15754075,19733807,21854744,21601555,18806708,14211201,9504326,5792826,3349110,1900566,1032372,562311,311931,171008,93212,49476,25430,13506,7869,4578,2709,1597,915,512,298,176,133,72,52,1,0,0,0,0"
africa,1927,"0,0,0,189,818,2512,8326,25680,58614,135416,329179,823798,2027538,4249821,7481470,11542619,15808556,19890540,22136428,21993233,19182589,14484016,9706132,5950111,3450485,1965381,1071179,582641,324383,179359,98362,52534,27305,14501,8475,4958,2940,1747,1004,568,320,188,157,99,52,1,0,0,0,0"
africa,1928,"0,0,0,196,842,2520,8298,25675,58563,133336,321492,792783,1959377,4198859,7470749,11552862,15891267,20084234,22435958,22351159,19560375,14827671,9946755,6089337,3527771,2007192,1094642,597379,332941,184000,100939,53950,27985,14571,8441,4925,2902,1718,987,555,313,189,152,79,52,1,0,0,0,0"
africa,1929,"0,0,0,202,867,2579,8407,26179,59657,135412,327562,803983,1970280,4232600,7544762,11675513,16099956,20391291,22795700,22715331,19863614,15018719,10038058,6115796,3528263,1999401,1086153,591203,329320,181641,99441,53018,27395,14247,8258,4807,2810,1656,943,530,307,191,111,76,53,1,0,0,0,0"
africa,1930,"0,0,0,209,893,2622,8373,25872,58896,134172,328364,813397,1988558,4257877,7611148,11771913,16223188,20617041,23102550,23053217,20134805,15202428,10185214,6235666,3601499,2045070,1112704,603810,338322,188402,103565,55509,29007,15501,9037,5286,3113,1852,1066,603,338,201,170,96,54,1,0,0,0,0"
africa,1931,"0,0,0,218,916,2678,8494,26274,59689,135436,336198,835804,1995910,4219938,7540182,11696800,16203168,20689161,23363555,23441388,20597086,15617434,10487700,6424429,3712361,2105414,1141611,614680,343408,190978,105003,56414,29585,16032,9338,5452,3185,1890,1083,611,335,203,169,90,55,1,0,0,0,0"
africa,1932,"0,0,0,223,941,2689,8444,26135,59386,135086,338154,840691,1979782,4192086,7551413,11767308,16347314,20926176,23679959,23798039,20939843,15896641,10685095,6545816,3779658,2143285,1160601,624363,348727,193424,106123,56963,29892,16296,9462,5507,3217,1891,1087,612,336,206,170,84,55,1,0,0,0,0"
africa,1933,"0,0,0,229,965,2749,8505,26200,58370,129051,317791,787901,1886568,4089267,7483948,11701051,16317528,20989162,23878031,24126136,21357135,16361391,11083774,6838479,3971562,2261438,1234430,670223,376607,209647,115406,62256,32725,17512,10186,5940,3463,2036,1167,659,361,213,183,108,56,1,0,0,0,0"
africa,1934,"0,0,0,116,756,2540,8610,26462,58918,128465,308863,750570,1832422,4080766,7533367,11799445,16515532,21298897,24239490,24515837,21697550,16604686,11247186,6925684,4019350,2286340,1251517,683072,384599,214168,117971,63689,33416,17180,9816,5691,3310,1926,1106,612,336,210,156,79,56,1,0,0,0,0"
africa,1935,"0,0,0,64,635,2395,8725,26736,59181,128120,302011,716091,1728701,3942671,7430749,11729260,16493886,21366888,24391118,24793818,22097750,17081430,11691300,7264315,4248106,2431193,1340623,740055,421057,235865,130505,70771,37071,18848,10339,5999,3492,2023,1168,647,352,216,181,85,56,1,0,0,0,0"
africa,1936,"0,0,0,26,523,2203,8677,26920,59449,127697,298076,699039,1661364,3830328,7346949,11672444,16480704,21455429,24568555,25072222,22458637,17503314,12097435,7582954,4473120,2575502,1433672,799977,460764,260646,145300,79452,42017,21559,11408,6658,3893,2269,1308,736,391,224,196,144,60,1,0,0,0,0"
africa,1937,"0,0,0,2,421,2049,8736,27259,60127,128229,298062,693720,1628896,3743677,7222270,11553375,16400860,21458331,24764831,25433966,22970591,18051160,12550139,7882641,4662348,2685936,1492989,830072,478545,271004,150986,82279,43219,21880,11151,6379,3699,2114,1215,660,359,214,175,90,61,1,0,0,0,0"
africa,1938,"0,0,0,2,321,1899,8752,27719,60870,130008,303444,707044,1644529,3750958,7270033,11634180,16492881,21630155,24978700,25711546,23286379,18356474,12825259,8093196,4804088,2773589,1544444,858461,495621,281897,157602,85998,45186,22919,11827,6852,3992,2280,1311,725,383,222,195,118,65,1,0,0,0,0"
africa,1939,"0,0,0,2,205,1672,8617,28105,61382,130234,303098,704522,1616802,3688105,7254584,11689785,16617352,21850775,25286253,26072777,23653103,18683330,13102324,8300551,4949367,2869937,1604202,896107,521547,298679,167717,91792,48295,24430,12386,7041,4108,2335,1342,739,391,226,200,118,66,1,0,0,0,0"
africa,1940,"0,0,0,2,153,1521,8345,27655,59913,126758,299451,703210,1615832,3691169,7285601,11738497,16695607,22038123,25581424,26435528,24043697,19050339,13427084,8540736,5105895,2964189,1659902,927751,541370,311268,175030,95850,50440,25378,12653,7053,4089,2293,1298,704,370,213,194,114,63,1,0,0,0,0"
africa,1941,"0,0,0,2,116,1354,8141,27711,59788,124873,291209,678693,1553055,3550728,7137613,11653895,16727582,22202614,25920649,26917572,24573920,19574472,13858598,8854330,5327701,3098082,1735200,965626,563413,324770,182716,100093,52738,26501,13051,7131,4115,2300,1293,698,359,210,196,124,52,0,0,0,0,0"
africa,1942,"0,0,0,2,103,1142,7841,27655,59751,123698,287308,667096,1512506,3524115,7296067,11930948,17101164,22609998,26340253,27321501,24887385,19771972,14030369,9001710,5426723,3154645,1767855,985833,576742,335375,190204,104840,55594,28128,13738,7364,4261,2385,1333,720,373,214,200,124,52,0,0,0,0,0"
africa,1943,"0,0,0,2,98,1002,7470,26985,58019,119183,282266,671291,1515068,3470581,7212065,11959438,17244955,22873986,26751247,27872341,25504474,20287770,14384753,9237061,5560388,3219792,1795799,994207,576656,335305,190390,104695,55289,27767,13329,7045,4043,2239,1209,639,339,208,157,77,51,0,0,0,0,0"
africa,1944,"0,0,0,1,94,900,7344,27153,58443,119619,282758,671185,1506596,3438430,7198448,12039384,17395385,23123042,27074090,28275891,25931205,20688141,14751967,9563451,5784862,3359783,1884938,1048647,609478,356619,204153,113366,60647,30998,15081,7891,4596,2609,1430,786,408,239,214,144,50,0,0,0,0,0"
africa,1945,"0,0,0,3,115,1003,8029,28371,58010,115821,275615,665359,1498523,3413079,7192295,12114605,17553098,23407345,27504839,28796036,26462339,21145462,15102827,9806045,5936260,3446135,1928788,1073028,622108,364240,209196,116350,62245,31765,15400,7977,4634,2621,1401,765,400,239,214,116,50,0,0,0,0,0"
africa,1946,"0,0,0,3,111,969,7907,28510,58116,115490,272500,654269,1477460,3375942,7120507,12104702,17725787,23705145,27879517,29206816,26866093,21586624,15511933,10170015,6210272,3618109,2025538,1127388,653398,383524,221325,123661,66416,34069,16494,8331,4828,2722,1446,772,398,244,219,122,42,0,0,0,0,0"
africa,1947,"0,0,0,2,107,949,7692,28083,56895,112308,267691,653937,1500319,3427386,7172666,12233020,17965527,24012267,28203324,29550958,27246639,21992160,15875859,10466740,6426715,3754396,2106633,1177972,683995,400726,230808,128860,69240,35545,17263,8737,5029,2848,1510,798,411,244,229,138,42,0,0,0,0,0"
africa,1948,"0,0,0,2,104,928,7628,28191,56942,112522,269244,657365,1483715,3316687,6938451,12012355,17829056,23987817,28350324,29924677,27836003,22717412,16574783,11063132,6866265,4041247,2277345,1275089,739472,433894,251649,141693,76678,39524,19327,9320,5330,3016,1600,830,422,256,233,139,42,0,0,0,0,0"
africa,1949,"0,0,0,2,102,926,7558,28208,56622,109674,264113,654064,1474745,3262449,6852833,11966705,17853098,24182788,28765920,30510787,28492466,23342839,17078410,11423539,7132402,4217421,2383106,1338982,778834,456207,264635,149432,81216,42108,20750,10093,5707,3224,1721,867,435,263,242,147,42,0,0,0,0,0"
africa,1950,"0,0,0,2,97,909,7552,28160,56405,110120,267131,663526,1486682,3198698,6667353,11855217,17864351,24287417,28999397,30953377,29151091,24128367,17785562,12002377,7554502,4490278,2547447,1431148,830409,486809,283610,161307,88344,46072,22784,10749,5949,3356,1798,879,440,274,253,151,37,0,0,0,0,0"
africa,1951,"0,0,0,1,73,711,6360,25865,53336,97970,235134,605624,1393784,2948664,6100740,11218123,17430405,24114569,29370972,31840508,30349424,25372796,18822084,12794112,8114251,4874406,2788651,1564575,901231,530784,310625,177959,98726,52388,26467,12770,7039,4046,2233,1131,577,325,272,270,70,0,0,0,0,0"
africa,1952,"0,0,0,1,72,708,6411,26159,53678,95355,222797,580847,1358039,2854750,5786532,10794232,17239259,24203370,29709606,32523556,31325558,26497075,19797127,13517939,8586264,5184749,2976324,1657097,943868,554712,324839,186417,103362,54649,27397,13006,6921,3922,2134,1040,524,305,269,196,58,0,0,0,0,0"
africa,1953,"0,0,0,0,56,553,5372,24031,51891,91588,215639,570093,1346816,2818506,5659317,10627773,17211742,24392187,30133754,33164440,32228336,27445899,20606215,14139142,8986897,5439799,3127064,1739520,989562,580478,339614,194823,108056,57205,28654,13633,7273,4105,2226,1089,536,318,279,184,69,0,0,0,0,0"
africa,1954,"0,0,0,0,42,433,4498,22116,49972,84739,188970,518631,1269245,2676377,5308494,10067544,16842716,24278134,30365519,33879730,33269802,28709018,21807662,15052307,9631064,5853915,3390185,1886676,1059869,620940,365648,211650,118695,63507,31931,15153,7764,4413,2416,1212,604,348,295,256,74,1,0,0,0,0"
africa,1955,"0,0,0,0,38,422,4445,22012,49637,84003,184166,500986,1234828,2599375,5139480,9905051,16933327,24662511,31085869,34777138,34112692,29391434,22441741,15572727,10037087,6146971,3587945,2004401,1134550,669467,395542,230392,130086,70202,35775,17212,8696,4946,2718,1394,683,379,308,303,99,4,0,0,0,0"
africa,1956,"0,0,0,0,26,311,3714,20268,48710,81071,174557,480861,1204503,2560529,5089570,9840371,16761729,24633917,31364852,35346475,34957116,30399453,23414316,16406377,10655557,6551168,3833468,2149963,1225411,724333,427366,249313,141145,76314,38916,18669,9207,5236,2909,1512,761,430,337,333,118,4,0,0,0,0"
africa,1957,"0,0,0,0,17,231,3045,18261,47171,78717,162496,449988,1151455,2496695,5051974,9866025,16834342,24923218,31933639,36155109,35831489,31258988,24099913,16962047,11089087,6862304,4044714,2285855,1309474,778918,459667,268450,152557,82992,42743,20528,9884,5571,3096,1620,773,444,349,348,110,1,0,0,0,0"
africa,1958,"0,0,0,0,16,219,3018,18055,46490,78058,159844,438645,1129794,2490738,5073590,10027492,17073414,25221399,32391955,36774796,36715847,32146803,24809641,17546327,11481040,7128254,4204656,2386372,1371959,818893,483203,282317,160872,87896,45506,21968,10621,5975,3345,1759,812,456,361,356,123,4,0,0,0,0"
africa,1959,"0,0,0,0,11,160,2428,16132,45000,76093,147274,401315,1056536,2375587,4863793,9740403,16779164,24964575,32337416,37204513,37517176,33245176,26036834,18742918,12523023,7875585,4653187,2644865,1513323,894129,525383,306856,174969,95902,49721,23813,11056,6193,3461,1822,844,474,375,368,127,4,0,0,0,0"
africa,1960,"0,0,0,0,1,61,945,9532,37608,72575,130325,364223,1015442,2326177,4680525,9275772,16299879,24607198,32277387,37725628,38712584,34789765,27519226,19933287,13414558,8500365,5051346,2872893,1630562,956974,562044,328335,187404,103056,53832,26036,12175,6789,3804,2031,950,523,391,384,167,16,0,0,0,0"
africa,1961,"0,0,0,0,0,25,415,5878,30084,68840,126853,366911,1059264,2482338,4892218,9651216,16675135,24803747,32670327,38092785,39636078,36007741,28556865,20567459,13706820,8646646,5186131,2992837,1715532,1024958,607257,355344,204436,113601,60161,29907,14140,7789,4326,2307,1059,534,403,374,139,24,0,0,0,0"
africa,1962,"0,0,0,0,0,2,81,2011,16675,56942,118313,342340,1020627,2392789,4705359,9136147,16245176,24809282,33063701,39082988,41110814,37853842,30126305,21417964,14206324,8964251,5424560,3112392,1777387,1060414,627878,367962,211838,118004,62733,31739,14880,8142,4571,2447,1154,591,433,408,188,26,0,0,0,0"
africa,1963,"0,0,0,0,0,1,67,1785,15363,55415,117310,337597,1028311,2404252,4582903,8566019,15328511,23781565,32404346,38892495,41782949,39464971,32408032,23501908,15806038,9987278,6090911,3529987,1995286,1174520,702281,413904,240236,135016,72421,36823,17369,9186,5089,2781,1330,683,463,426,227,59,0,0,0,0"
africa,1964,"0,0,0,0,0,0,17,822,8204,39583,103256,320802,1026261,2397512,4579462,8600629,15419086,23413225,32325053,39136015,42354532,40579135,33843139,24832640,16884594,10752992,6613664,3889879,2226400,1327489,806106,476323,277689,157971,86341,44846,21754,11219,6118,3360,1711,788,504,457,293,76,0,0,0,0"
africa,1965,"0,0,0,0,0,0,1,652,5513,28646,87820,288153,968893,2340135,4501140,8364269,15208872,23292101,32519923,39667290,43274835,41882135,35282834,26090264,17940191,11505867,7112166,4217181,2424619,1434832,875385,519808,303846,173534,95264,49820,24327,12359,6773,3772,1933,884,527,473,302,96,0,0,0,0"
africa,1966,"0,0,0,0,0,0,1,394,4331,25826,83688,281288,957828,2306099,4499574,8630251,15619683,23979376,33731678,41507840,45110185,43088815,35681554,26148399,17858687,11502678,7159518,4293592,2508052,1521428,937900,558959,327678,188373,104231,55323,27465,13770,7607,4257,2232,1031,575,500,423,98,0,0,0,0"
africa,1967,"0,0,0,0,0,0,0,63,1731,15070,66469,253708,889651,2199597,4700957,9571567,16610475,25108123,35441876,43238648,46344111,43535267,35559410,26159348,17848672,11496236,7174225,4363679,2642264,1639775,1019493,614231,363320,210767,117514,62777,31556,15069,8354,4693,2506,1179,609,518,470,118,1,0,0,0"
africa,1968,"0,0,0,0,0,0,1,54,1810,16927,66752,230852,829176,2147632,4784040,9724317,16750971,25211437,35700447,43878923,47260221,44658180,36824217,27377654,18884745,12278021,7704812,4704608,2852637,1759868,1087576,650358,382725,221490,123408,65845,32931,15709,8687,4846,2595,1228,652,547,511,153,5,0,0,0"
africa,1969,"0,0,0,0,0,0,0,41,1248,14184,63912,246337,872531,2148636,4362184,8486984,15602759,24157870,34680891,43672756,48006548,46692878,39667105,29964523,21021024,13847348,8731560,5318161,3155848,1917087,1183816,709114,416796,241150,134570,71759,35931,16819,9292,5176,2787,1343,690,576,549,157,5,0,0,0"
africa,1970,"0,0,0,0,0,0,0,3,226,4696,37043,219453,832180,2070260,4014420,7416505,13960199,22806633,33195213,42774093,48289698,48563877,42991030,33264360,23605898,15762809,10063198,6168557,3633079,2132948,1307979,790242,466746,272008,153363,82465,41464,19213,10260,5637,3052,1494,722,599,571,163,5,0,0,0"
africa,1971,"0,0,0,0,0,0,0,2,167,3970,30684,196308,794122,2053590,3986665,7114093,12973515,21924498,32727343,42857335,49093499,50302853,45472103,35789387,25345766,16965322,10856782,6711124,3941917,2273881,1366517,827747,488630,284673,160890,86884,44253,20782,11191,6147,3370,1683,778,628,611,212,12,0,0,0"
africa,1972,"0,0,0,0,0,0,0,0,43,1428,17580,153298,708183,1926369,3903036,7141317,13126787,22160918,33151171,43619371,50025680,51243564,46439113,37014661,26646486,18143257,11740043,7255554,4277220,2463241,1465340,885225,522614,304656,172412,93114,46918,22010,11774,6462,3545,1799,836,656,650,258,13,0,0,0"
africa,1973,"0,0,0,0,0,0,0,0,39,840,16096,173532,795846,2127686,4184091,7468330,13204611,22316561,33879240,44678114,51004530,52234111,47514847,38149539,27600347,18895797,12306068,7680007,4562906,2630591,1550909,942333,558945,327629,186913,101775,51873,24557,12976,7094,3919,2029,913,691,690,308,14,0,0,0"
africa,1974,"0,0,0,0,0,0,0,0,11,311,10528,160869,806588,2180683,4283674,7467786,12859730,21631805,33406667,44690907,51256514,53167977,49319387,40469907,29764917,20581034,13533948,8543513,5101014,2929799,1687027,1008993,598834,352046,201163,109536,55805,26220,13490,7405,4096,2132,961,726,725,367,14,0,0,0"
africa,1975,"0,0,0,0,0,0,0,0,8,372,7499,131020,732390,2186287,4519961,8141565,14121297,23346603,34647561,45746411,52296029,53975114,50297706,41655955,30573460,21231347,13806416,8541686,5013276,2865671,1651773,982761,584949,343761,195130,104373,51499,22917,11393,6135,3365,1655,934,747,742,263,1,0,0,0"
africa,1976,"0,0,0,0,0,0,0,0,1,75,3821,87682,588976,2004093,4484697,8409332,14509600,23415105,34396359,45272087,51656217,53727471,51516687,44489714,33473596,23474009,15413723,9600748,5708271,3277336,1841815,1076544,635385,368994,207783,110512,54465,24261,12080,6370,3426,1767,1011,784,778,319,1,0,0,0"
africa,1977,"0,0,0,0,0,0,0,0,2,98,3292,89606,591929,2007727,4532792,8608230,14986452,24020269,35047471,45409412,51860894,53945006,52538449,46419730,35588166,25113155,16598380,10332955,6159475,3533626,1971224,1138638,668702,387423,217167,115446,57181,25374,12703,6736,3665,1921,1099,833,830,448,0,0,0,0"
africa,1978,"0,0,0,0,0,0,0,0,0,61,2799,90266,624008,2146784,4733803,9038790,15980599,25360794,36312465,46058309,53078941,55063904,53659744,47536559,36604950,25898149,17139678,10675052,6348617,3640659,2061674,1206033,708332,410134,229328,122514,61047,27127,13626,7241,3883,2112,1208,905,872,568,0,0,0,0"
africa,1979,"0,0,0,0,0,0,0,0,0,48,3712,100478,679146,2287526,4986558,9458976,16638466,26360030,37582969,47125034,54235323,56306932,54782734,48824152,37893373,26744784,17746004,11102387,6618991,3808724,2189430,1293158,762804,443819,248680,133330,66709,29675,14432,7666,4127,2256,1255,928,898,633,1,0,0,0"
africa,1980,"0,0,0,0,0,0,0,0,0,20,6162,124051,809154,2616965,5417419,9962168,17057591,26822720,38175043,47366971,54419387,56863896,55753183,50759623,40334257,28605045,18915438,11769846,7009321,4017895,2306154,1366484,812703,477319,267948,142981,71410,31678,14942,8044,4485,2457,1351,976,926,731,16,0,0,0"
africa,1981,"0,0,0,0,0,0,0,0,0,0,5859,135263,885138,2846791,5841396,10735533,18398949,29093673,40675597,49538681,56617282,58556452,57098243,51269673,40337398,28564298,18792299,11522426,6730284,3832365,2221704,1336296,805578,477379,268765,143921,71659,31280,14314,7649,4228,2389,1373,1006,966,707,0,0,0,0"
africa,1982,"0,0,0,0,0,0,0,0,0,0,6395,145759,959132,3058689,6224395,11553153,19724495,30698657,42381234,51668947,58476761,59923019,57905609,52166113,41470542,29388743,19071169,11488298,6683056,3794528,2218946,1345316,810849,479181,268175,142027,69662,29956,14230,7613,4264,2438,1391,1015,983,723,0,0,0,0"
africa,1983,"0,0,0,0,0,0,0,0,0,154,10682,166349,1058459,3411625,6881439,12747937,21867471,33359616,45009582,53345716,59432143,60995959,58527350,52518432,41894077,29653437,19160468,11488110,6647186,3805774,2259602,1362766,819468,481443,266399,139282,67789,29007,14184,7705,4313,2452,1392,1019,982,721,0,0,0,0"
africa,1984,"0,0,0,0,0,0,0,0,0,289,11803,179477,1152643,3683693,7372787,13651690,22975793,34753774,46780983,55338793,60904948,61696278,59557935,53367760,42989029,30533852,19714119,11813183,6783814,3920112,2336403,1403197,848646,500744,277315,144608,70386,29784,14104,7735,4309,2444,1409,1032,985,712,0,0,0,0"
africa,1985,"0,0,0,0,0,0,0,0,0,294,12370,175816,1124359,3602484,7324374,13967002,23778501,36078071,48112540,57322021,62511038,63080705,60949034,54845921,44443698,31754227,20483914,12350165,7106033,4042747,2399365,1439658,864298,507187,279730,144650,69662,29320,14484,7911,4432,2520,1456,1068,1005,726,0,0,0,0"
africa,1986,"0,0,0,0,0,0,0,0,0,1,9933,181696,1193743,3802662,7668639,14418388,24446860,36572255,48443552,58390945,64280690,65030468,62557523,56589415,46413715,33418923,21547722,12863816,7325320,4158738,2430266,1463264,876034,500832,268028,135589,64362,27206,14664,8503,4783,2715,1562,1143,1100,807,0,0,0,0"
africa,1987,"0,0,0,0,0,0,0,0,0,0,10033,197226,1234122,3943931,8057085,15133668,25467497,37640344,50046615,60399802,66137161,66851700,64179169,58268034,47973900,34237822,21792566,12840491,7325816,4161447,2436121,1475719,882541,503098,268830,135289,64493,27670,15386,8980,5076,2908,1678,1219,1169,856,0,0,0,0"
africa,1988,"0,0,0,0,0,0,0,0,0,0,12236,226466,1361467,4158281,8399502,15765606,26482199,38875585,51072949,61640708,67474777,68263883,65613542,59984111,49712376,35819058,22598542,13155399,7580070,4311544,2497550,1507810,906134,519437,278806,140979,67599,29276,16104,9486,5390,3077,1777,1300,1242,920,0,0,0,0"
africa,1989,"0,0,0,0,0,0,0,0,0,74,15240,262687,1370115,4078295,8329630,16100502,27158810,40125488,53232618,63453407,69324874,69852923,67002381,61028600,50958297,37002176,23615252,13788563,7986159,4546769,2615769,1564029,932598,532336,285079,143536,68849,30018,16652,9798,5592,3234,1878,1378,1305,959,0,0,0,0"
africa,1990,"0,0,0,0,0,0,0,0,0,0,34403,336088,1557925,4489131,9175410,17579832,28692894,41606668,55224433,65878628,71005277,70005524,67601924,61978320,52038839,37730307,24231347,14327587,8249575,4716445,2715352,1598323,949374,542786,288767,144235,68931,30134,16832,9880,5677,3350,1980,1460,1367,991,0,0,0,0"
africa,1991,"0,0,0,0,0,0,0,0,0,0,34758,363057,1710945,4935869,10382214,19647907,31714938,44665014,57240801,67593116,71820310,70213767,67874682,62463041,52230121,37936427,24658404,14645381,8545300,4957327,2809883,1625111,959775,546090,288383,142722,67674,29976,17133,10115,5739,3422,2032,1502,1392,1017,0,0,0,0"
africa,1992,"0,0,0,0,0,0,0,0,0,0,36656,410202,1909868,5534776,11794059,21777423,34049214,47481624,60455408,69595411,72756339,70837929,68569598,62953023,52468353,38009170,24610171,14610564,8478996,4881113,2756310,1592504,931354,526826,278147,136912,64021,28440,16624,9859,5669,3440,2044,1502,1376,982,0,0,0,0"
africa,1993,"0,0,0,0,0,0,0,0,0,0,40366,408728,1849184,5713750,12575485,22684752,34932218,49500558,63392664,72952429,75246739,73668652,70895237,64408655,52763243,37653215,24059316,14149118,8067872,4613922,2643703,1524864,886067,497258,260645,126322,55245,21303,10832,5450,2993,1722,968,777,787,567,0,0,0,0"
africa,1994,"0,0,0,0,0,0,0,0,0,152,24963,362231,1935410,6400022,13869334,24226229,36567239,50742083,64170464,74024783,76465635,75475729,73335108,66162431,53653763,38212756,24391955,14265234,8239807,4770067,2718340,1560765,901075,504526,265621,130099,57355,21145,9557,4181,2030,1029,493,382,417,249,0,0,0,0"
africa,1995,"0,0,0,0,0,0,0,0,0,170,22829,365576,1976704,6583294,14227448,24559005,37365945,52116463,64964720,75495772,78674447,77589482,75416932,68714721,55131825,38857586,24847805,14697903,8521616,4974097,2851295,1644733,949605,537411,290730,147944,68082,25808,10509,4339,1923,873,422,348,403,259,0,0,0,0"
africa,1996,"0,0,0,0,0,0,0,0,0,715,20660,341434,1955022,6623853,14262724,24197591,36948066,52086018,66855357,76617823,80449676,80221847,77693233,71039776,57424707,40698280,26055686,15535509,9036837,5285188,3053079,1766818,1020417,583672,321112,165688,77229,29856,11517,4234,1671,818,380,313,365,241,0,0,0,0"
africa,1997,"0,0,0,0,0,0,0,0,0,459,18647,334308,2104389,6955534,14328323,24242675,37335789,52922736,68000295,78710028,82898243,82695343,79091476,72007203,59460799,42812441,27259522,16182432,9347924,5440933,3117356,1791696,1028259,583027,317767,161708,73822,27788,10084,3460,1356,631,290,261,303,208,0,0,0,0"
africa,1998,"0,0,0,0,0,0,0,0,0,15,17089,322414,2038284,6912110,14587558,24788269,38225656,54155286,68928906,81016406,85979980,84923056,80318032,73116608,61129618,44783034,28482765,16857428,9637390,5530150,3141405,1794731,1015933,567749,304938,151502,67315,24761,9260,3531,1481,697,314,202,180,112,0,0,0,0"
africa,1999,"0,0,0,0,0,0,0,0,0,18,9759,297615,2132147,7117959,14591533,24292411,37809528,54093434,69909137,83787983,88740340,88876962,83288983,74279812,62953232,47001366,29692019,17477101,9931490,5628794,3150570,1775994,993280,549763,292151,141856,58108,19678,6286,2476,783,375,153,101,120,74,0,0,0,0"
africa,2000,"0,0,0,0,0,0,0,0,0,37,9285,354353,2430630,7827900,14921432,24676188,38106863,54300658,70027810,83423146,91804664,92454262,86605724,76492411,65109320,48667821,30877096,18174896,10305697,5805466,3203663,1775723,980943,537915,283768,135987,54719,19402,6580,2450,700,307,120,83,86,62,0,0,0,0"
africa,2001,"0,0,0,0,0,0,0,0,0,190,9615,276766,2319267,7560443,14826901,24107354,36310718,52642979,70052710,85883974,95263539,97197263,91412065,80647388,67701615,50184216,31739285,18667384,10598803,5977592,3293844,1798661,970446,526106,273782,130704,53292,19332,7085,2486,824,243,98,70,72,46,0,0,0,0"
africa,2002,"0,0,0,0,0,0,0,0,0,356,12204,279496,2273280,7320361,14148737,22745332,35381839,52577260,72417402,89814888,99317882,101377135,94479485,83536356,69610769,51233264,32264056,18928853,10792587,6157820,3433308,1900042,1033797,562992,296844,146948,66773,27114,8766,2953,899,294,102,57,72,44,0,0,0,0"
africa,2003,"0,0,0,0,0,0,0,0,0,199,12184,254497,2099949,6880319,13670159,22129075,33725907,51002914,72736666,93466625,102978573,106003564,99768292,87689032,72080014,52514976,32975266,19268741,11027409,6338223,3578865,2001092,1082301,582140,305078,151858,71032,31265,13356,5062,1491,509,302,210,160,83,0,0,0,0"
africa,2004,"0,0,0,0,0,0,0,0,0,316,9645,262459,1955994,6598574,12748717,21191212,32341272,48799178,69495380,89617396,105948783,110150160,109731375,95604675,76757070,54764270,34442710,20062085,11544340,6710230,3861068,2218110,1232971,681952,368731,191199,95133,46532,22264,9692,3807,618,135,79,80,60,0,0,0,0"
africa,2005,"0,0,0,0,0,0,0,0,0,378,10568,190387,1814950,6096665,12512333,20779453,31621012,47746144,68450500,88685392,107515583,114255803,115547665,101645744,80950820,57542210,36133549,20973242,12023926,7042200,4122357,2422140,1398372,802626,448419,240182,124415,63595,31769,14720,6207,1589,116,70,81,62,0,0,0,0"
africa,2006,"0,0,0,0,0,0,0,0,0,8,8429,259543,1532412,5221764,11147209,19234060,30121788,46460399,68120763,89382491,110521232,118412818,119356850,106823577,85588402,61175224,38638412,22419548,12833045,7492481,4425201,2658268,1592224,953701,556702,311774,167758,87196,43670,19908,7582,616,113,73,91,67,0,0,0,0"
africa,2007,"0,0,0,0,0,0,0,0,0,3,5194,121087,974263,3803841,9429107,17899492,29589200,46272861,69321631,92890858,113962854,122389226,122953037,111017411,89467221,64149145,40472423,23730951,13436118,7739106,4567093,2727528,1611462,953419,552573,308547,165410,85840,42838,19474,6809,608,124,63,76,68,0,0,0,0"
africa,2008,"0,0,0,0,0,0,0,0,0,0,10761,152316,924713,3185901,7935836,16280862,27909679,45430094,69337428,93434954,116541251,127140249,127319086,115778364,94275549,68138560,43302188,25444081,14326327,8184545,4806472,2858616,1684010,995356,580566,327087,176282,91521,45451,19875,6400,614,95,51,84,78,0,0,0,0"
africa,2009,"0,0,0,0,0,0,0,0,0,1,7413,180950,1051066,3396444,8331632,16038757,27669256,45831270,70199401,95789806,118614122,128827392,128377081,118223560,98817283,72688991,46502432,27160876,15116592,8562216,4999966,2940490,1729008,1018121,590086,329633,176061,90475,44290,18717,5338,657,246,99,92,82,0,0,0,0"
africa,2010,"0,0,0,0,0,0,0,0,0,203,12316,167725,959277,3084237,7004647,14419092,25715170,43640286,69615232,96838457,121820011,133326283,133079503,122637804,103673426,76810912,49880281,29476337,16324535,9239521,5396479,3185082,1901975,1133680,655536,365514,196905,101865,50006,21446,6019,987,629,454,364,236,0,0,0,0"
africa,2011,"0,0,0,0,0,0,0,0,0,111,9954,191481,1058576,3105825,6862158,13973823,25021519,42782491,69011851,97442388,122853727,136825692,137912982,127338650,109101708,81812977,52994852,30899007,16900994,9392343,5459492,3223383,1920961,1139663,658856,367773,199307,104134,51883,22592,6708,1235,796,603,478,303,0,0,0,0"
africa,2012,"0,0,0,0,0,0,0,0,0,172,16035,220138,1057854,3001914,6553887,12959740,23362011,41394052,68001185,99166509,126857981,140104180,142175438,131707974,113281377,85887118,56335676,32904090,18222682,10195514,5831270,3432928,2010481,1173024,677938,381005,208131,111200,56797,25323,7920,1427,928,716,628,495,0,0,0,0"
africa,2013,"0,0,0,0,0,0,0,0,0,18,20149,239920,1108928,3078704,6414497,12451741,22549862,40520348,68120438,100276833,128930982,142550543,146819577,136935911,118527883,90315738,59248414,34815479,19285631,10665079,6074765,3562859,2063034,1182772,677385,380952,209686,112591,57419,25751,7860,1417,683,605,698,681,0,0,0,0"
africa,2014,"0,0,0,0,0,0,0,0,0,0,22129,286118,1228762,3247582,6634797,12781030,22551142,40401377,69001493,101583058,130947769,145532735,151228906,140792616,121761392,93974755,62189787,36818275,20448767,11263046,6386596,3725873,2133790,1203657,682483,383687,213350,115533,59174,26783,8688,1760,1067,899,923,862,0,0,0,0"
africa,2015,"0,0,0,0,0,0,0,0,0,0,14172,199543,1079562,3150844,6640025,13010740,23274003,41841543,70664318,103940647,133288050,148385908,153662074,144784283,124273534,97310445,65048543,38824485,21600809,11827903,6734340,3900250,2212331,1243286,702428,395311,221681,122765,64204,30146,10546,2471,1491,1167,1064,1027,0,0,0,0"
africa,2016,"0,0,0,0,0,0,0,0,0,0,8464,185942,1083832,3262774,7009313,13661711,24263623,43357548,71977173,106692452,136625291,152928507,158554462,150579877,127314918,98529471,64964691,39236088,21770838,11890481,6788672,3910645,2207729,1239689,698381,389745,215774,118498,61844,29280,10611,2943,1862,1525,1411,1272,0,0,0,0"
africa,2017,"0,0,0,0,0,0,0,0,0,1,8680,199638,1147306,3350191,7177183,14183259,25010474,44392105,73726593,108014418,138702323,157391534,164225201,157871873,130994087,99143044,65553364,39732896,22214639,12188050,6960179,4009448,2249144,1263475,713745,395168,214393,114793,59246,27681,9712,2752,1896,1458,1304,1215,0,0,0,0"
africa,2018,"0,0,0,0,0,0,0,0,0,0,9232,194082,1136430,3388876,7431938,14707161,25476418,44414428,73639744,109945066,142098152,162195073,169849016,164311302,135905674,100202261,66540485,40597746,22729817,12488904,7139939,4125650,2317700,1304732,740900,411186,221304,116211,59767,27945,9891,2550,1640,1238,1168,990,0,0,0,0"
africa,2019,"0,0,0,0,0,0,0,0,0,0,10037,201977,1159524,3423117,7775996,15628998,26564403,45466645,75075106,111494780,144750080,167843293,173621336,166641762,139981123,103929216,68704593,41463428,23033183,12675340,7257570,4221162,2398534,1347265,760401,424035,232802,124848,64442,29870,10267,2463,1531,1207,1112,836,0,0,0,0"
africa,2020,"0,0,0,0,0,0,0,0,0,1,11885,180137,1180246,3966056,8800031,17150016,29910707,49714720,80409028,118719678,153135105,175030533,178664280,166105844,139225058,102842394,66686222,39315409,21315458,11569203,6570128,3774299,2137875,1204085,682546,383412,211131,114131,59176,27713,9240,3019,1647,1211,1079,790,0,0,0,0"
africa,2021,"0,0,0,0,0,0,0,0,0,0,7813,161651,1123710,3881732,8941452,17386837,30557231,50500729,81124842,122398030,160606299,180622508,182711720,167642537,141038156,104741091,68028741,40445051,22269239,12019398,6801330,3920161,2224967,1261392,723043,410895,228746,124296,65580,31013,10905,3323,1854,1328,1149,822,0,0,0,0"
africa,2022,"0,0,0,0,0,0,0,0,0,0,7816,150045,1044960,3702189,8706945,17049755,29833448,50470502,83295663,124177284,164442868,186556866,187919388,173346210,144531234,107433604,69786392,41589154,22853948,12307232,6850263,3924567,2239505,1273943,731125,417864,234696,128194,67838,31893,11821,3364,1957,1363,1151,823,0,0,0,0"
africa,2023,"0,0,0,0,0,0,0,0,0,0,8010,160226,1048035,3598605,8452711,16857472,30617919,51722591,84090303,127980085,173004463,193636104,191648068,175181356,145596783,109888736,71426790,42218060,23236304,12474941,6928509,3976678,2287864,1301268,741003,419250,234928,129777,68809,31994,11457,3296,1946,1381,1179,883,0,0,0,0"
africa,2024,"0,0,0,0,0,0,0,0,0,0,8829,165964,1043688,3659093,8744932,17187519,30661340,51852764,85548283,129794224,174103186,197199329,197296902,180250332,150077492,113048246,74236782,44329036,24347916,13040035,7228171,4122757,2362830,1338783,758261,428199,240204,133612,70592,33014,11848,3444,2023,1427,1227,915,0,0,0,0"
africa,2025,"0,0,0,0,0,0,0,0,0,0,6520,144639,1065171,3764990,8866390,17397915,30296482,51549149,85744316,128739016,176562060,202523292,203316323,186024786,155106398,116969525,76748139,46434335,25660322,13693933,7556960,4298043,2453557,1383237,780280,439251,245951,136687,72269,33739,12075,3618,2137,1481,1281,957,0,0,0,0"
africa,2026,"0,0,0,0,0,0,0,0,50,245,5702,117704,913151,3399586,8295177,16657744,29478933,49710166,83021356,125670878,173482805,204759919,208842658,193318806,163511612,124895032,83352869,50747482,28483042,15262434,8403186,4739395,2685408,1506057,844130,472031,263441,146025,77770,36871,13956,4408,2581,1686,1358,1021,29,4,0,0"
africa,2027,"0,0,0,0,0,0,0,0,4,59,4851,84223,754428,3085391,7831857,15959059,28682820,48307531,81229213,124431318,172700557,208349579,214661236,199747799,170690813,131547681,88761577,54298643,30603248,16355052,8946215,5010322,2824147,1574464,878600,489632,272734,151073,80583,38403,14698,4672,2735,1760,1404,1049,49,9,3,6"
africa,2028,"0,0,0,0,0,0,0,0,0,17,3247,64332,684758,2968055,7675548,15640750,28188739,47354521,79230330,122110650,170641193,210093737,219344113,206124743,178527986,138716321,94856922,58504067,33267079,17792657,9704078,5427746,3055112,1700164,947960,528001,294420,163372,87827,42639,17156,5218,3045,1909,1465,1182,88,10,10,9"
africa,2029,"0,0,0,0,0,0,0,0,0,13,2539,49268,568248,2677875,7243580,14972327,27284911,45778505,76605490,119138160,167625148,211019446,223783797,212228168,186460869,147353559,102882976,63592206,36594821,19621022,10635000,5908687,3302552,1831248,1015969,562401,312691,173389,93480,45914,18561,5986,3472,2123,1560,1264,190,21,20,14"
africa,2030,"0,0,0,0,0,0,0,0,0,0,3274,58119,636670,2856603,7578795,15639860,28414003,47557071,79474430,123021806,172774197,216349045,228743806,216150184,189331207,149259936,103820654,63869335,36518387,19496787,10564411,5849892,3267899,1811134,1004289,556713,309808,171922,92593,45257,18209,5828,3355,2088,1567,1239,103,16,10,10"
africa,2031,"0,0,0,0,0,0,0,0,0,0,2354,50658,577904,2680010,7275689,15210858,27900425,46735750,78306596,122384827,172565519,218572795,233236763,222096725,195931351,155651209,109441336,67561519,38913565,20864692,11298331,6261979,3502185,1949415,1083833,600635,334666,186045,100646,50157,21038,6539,3724,2278,1653,1332,197,25,20,15"
africa,2032,"0,0,0,0,0,0,0,0,0,0,1335,40909,502178,2473038,6925450,14733202,27316636,45881845,77072124,121658541,172666918,221375224,238394069,227975595,201407463,161199020,115073101,71667831,41583650,22439411,12128385,6717000,3759111,2097618,1168786,648626,362098,201881,110090,55660,24270,7390,4188,2519,1776,1433,328,36,24,26"
africa,2033,"0,0,0,0,0,0,0,0,0,0,1208,35498,450446,2380113,6878520,14727557,27426889,46083722,77199214,121657158,173064337,223427154,242312917,232573258,206048253,166227055,120440556,75916805,44289908,24033392,12952394,7144849,3976065,2204146,1218815,673109,374891,208940,114079,57913,25319,7930,4498,2693,1873,1480,366,45,38,33"
africa,2034,"0,0,0,0,0,0,0,0,0,0,537,27993,395448,2197486,6536773,14269109,26846954,45301825,76005724,120727216,172655368,224675465,246528025,238747291,212214797,172620366,126587228,80511745,47205609,25762567,13851388,7631992,4248224,2361132,1307481,722979,403105,224851,123286,63336,28504,8861,4868,2906,1990,1579,500,53,40,36"
africa,2035,"0,0,0,0,0,0,0,0,0,0,254,22859,357010,2121324,6485916,14224900,26790596,45102183,75205862,118875969,170571830,224383792,250479105,245841165,220188801,180073851,132217143,84594688,49923510,27346896,14667803,8089532,4511938,2512593,1392888,771555,430359,239880,131915,68615,31468,10238,5239,3094,2086,1654,632,61,40,37"
africa,2036,"0,0,0,0,0,0,0,0,0,0,57,18993,298364,1919433,6126468,13707513,26080441,44181226,73743836,117326969,169351070,224498873,254277991,251851479,226712719,187314134,139085889,89989107,53439755,29473007,15774509,8678003,4834713,2694586,1492344,826513,460451,256614,141740,74285,34611,11900,5695,3344,2205,1727,789,73,49,44"
africa,2037,"0,0,0,0,0,0,0,0,0,0,33,14310,255802,1748135,5763307,13185501,25361722,43342419,72412518,116233862,169379301,226143599,258929604,257887402,232287670,193132971,145054272,94862995,56666142,31446536,16845076,9253771,5150685,2875207,1592129,883185,492997,275814,153040,81029,38383,14051,6334,3704,2404,1849,975,95,63,61"
africa,2038,"0,0,0,0,0,0,0,0,0,0,31,11470,225028,1672498,5704983,13159802,25382851,43337705,72126182,114953755,167887786,225376021,261644212,263173516,238530045,200358704,151815622,100106798,59912942,33496108,17919950,9830989,5465126,3055324,1698163,943951,527228,295073,163902,87469,41801,15948,6725,3919,2523,1942,1152,111,73,63"
africa,2039,"0,0,0,0,0,0,0,0,0,0,16,9683,178818,1476870,5315269,12587795,24592027,42420889,70696413,113443046,166782410,224625725,264724850,268731395,245108188,207838481,158880427,106178569,63908767,35964464,19214136,10491504,5802595,3229351,1784640,987670,549996,307517,170983,91522,44088,17133,7274,4232,2687,2036,1331,131,76,67"
africa,2040,"0,0,0,0,0,0,0,0,0,0,6,8532,153568,1342411,4988096,12090567,23915763,41699556,69357280,112224095,166181588,225036947,268465778,274598517,252524511,215042060,164509730,110705498,67221244,38066223,20378480,11125577,6171597,3439438,1901344,1052778,585318,326722,181988,97725,47722,19239,7815,4558,2867,2136,1392,158,82,74"
africa,2041,"0,0,0,0,0,0,0,0,0,0,5,6314,131139,1267087,4907650,12022553,23840001,41551332,68930974,110851536,164329226,223706400,270312275,279290023,258346433,222015616,171470656,116945349,71513760,40776562,21879663,11912356,6598787,3678351,2032855,1125811,626412,350101,195547,105741,52355,21871,8516,4944,3071,2251,1577,209,85,85"
africa,2042,"0,0,0,0,0,0,0,0,0,0,5,4634,105667,1112458,4565384,11508427,23117594,40804419,67834679,110018681,164308015,224119899,273726681,284394127,263910715,227630441,177496499,122728840,75572675,43381908,23344336,12678928,7014637,3916362,2170860,1204863,670686,375138,209483,113828,57188,24572,9203,5271,3258,2374,1786,244,100,93"
africa,2043,"0,0,0,0,0,0,0,0,0,0,3,3021,87364,987930,4232983,10962395,22285832,39743667,65940525,107455274,161842715,222094358,275334449,289572099,271301034,235627440,185253861,129886633,80581267,46576205,25150429,13624969,7527051,4197731,2328903,1292717,719263,402400,224894,122675,62416,27615,10058,5741,3501,2497,1922,369,115,100"
africa,2044,"0,0,0,0,0,0,0,0,0,0,3,2160,73574,919947,4139625,10897619,22212209,39577185,65409250,105883823,159146545,219295801,275571414,294107780,278573187,243786365,193307106,136873043,85003692,49304832,26632040,14385428,7905380,4377536,2416405,1336321,742023,414896,231922,126796,64829,28901,10646,6131,3701,2593,2020,506,129,100"
africa,2045,"0,0,0,0,0,0,0,0,0,0,3,1429,60159,815324,3836475,10371717,21438024,38606040,63859616,104096262,157617652,217789604,276469508,298657393,286454461,252414983,201031690,142763719,89256768,52122338,28263662,15232700,8393066,4657233,2575513,1426379,792222,442801,247619,136054,70292,32331,11640,6649,3977,2739,2137,674,144,115"
africa,2046,"0,0,0,0,0,0,0,0,0,0,3,972,48848,710627,3545701,9882622,20741314,37715148,62429167,102226858,155649949,216479109,277055242,302557108,292704560,259342210,208646097,150128306,94771768,55653506,30350532,16311710,8966617,4972275,2752177,1522592,844671,472225,264571,145985,76359,35929,12862,7195,4274,2883,2243,877,156,127"
africa,2047,"0,0,0,0,0,0,0,0,0,0,1,529,37203,631435,3390940,9738903,20566387,37519194,62077038,101525563,154228377,215219242,277742888,306594295,298251523,264947826,214899835,156730433,99826090,58999821,32397929,17391940,9538511,5279303,2920758,1612920,893990,499206,279169,154037,81190,38449,14040,7363,4349,2934,2300,1029,163,120"
africa,2048,"0,0,0,0,0,0,0,0,0,0,1,296,30849,562926,3155855,9293779,19908047,36708400,60963324,100170793,153562449,215020743,278740259,310263646,303701991,270568959,221224267,163221860,105352392,62618560,34596007,18562440,10172860,5625263,3114515,1717621,950839,530183,295952,163657,86551,41371,15546,7736,4552,3025,2331,1066,174,126"
africa,2049,"0,0,0,0,0,0,0,0,0,0,0,210,25537,514025,3055970,9222244,19857422,36630703,60637990,99174348,151246584,212420303,277118156,313572549,310723516,279085348,229857989,169724386,109689873,65504239,36362387,19486836,10675025,5893348,3251189,1789582,988328,549972,306638,169848,90172,43460,16718,8304,4869,3175,2438,1296,204,143"
africa,2050,"0,0,0,0,0,0,0,0,0,0,0,176,18685,415358,2710712,8589601,18928157,35396378,58996531,97008369,148952897,210545437,276098979,317170301,317198258,286506938,238225532,177551318,115868180,69462453,38734988,20718774,11326116,6230908,3428913,1882634,1039784,578878,322968,179342,95849,46693,18571,8762,5103,3282,2497,1492,212,144"
africa,2051,"0,0,0,0,0,0,0,0,0,0,0,151,14860,358155,2477400,8080389,18144023,34274139,57516414,94794044,146544391,208520058,274892756,319860126,322888258,293238791,246345205,185496246,122575001,73964217,41572243,22229809,12123495,6665534,3670814,2014553,1111756,618391,345272,192122,103604,50928,20999,9429,5492,3485,2624,1708,247,153"
africa,2052,"0,0,0,0,0,0,0,0,0,0,0,107,11667,315288,2359288,7938995,17966705,34058387,57034231,93723100,143983066,205157442,271841178,321168616,327784593,300022461,254560622,193545233,129477208,78588041,44564121,23888100,13029466,7178643,3967237,2182393,1208731,673911,376828,210588,114222,57126,24526,10724,6217,3921,2872,2025,347,218"
africa,2053,"0,0,0,0,0,0,0,0,0,0,0,89,9085,248165,2067530,7358938,17114975,32872012,55675493,91843989,142567289,204642523,271901302,325011169,334225740,307811160,261918873,199691835,134220995,81949163,46638887,25011645,13584787,7486531,4141923,2281192,1264937,704726,393823,220179,119871,60446,26437,11024,6318,3953,2918,2224,337,186"
africa,2054,"0,0,0,0,0,0,0,0,0,0,0,98,7970,212999,1880194,6898152,16375604,31775252,54308583,89542363,140069009,202553485,270049523,326548435,339064406,314938470,270560046,208060428,141281528,86437457,49541032,26620078,14445841,7955560,4397649,2421560,1341242,745852,416407,233118,127338,64831,28781,12349,7068,4351,3121,2417,523,240"
africa,2055,"0,0,0,0,0,0,0,0,0,0,0,62,5785,176866,1749332,6713385,16135575,31354918,53614467,88175083,137285635,198720620,266137968,326383953,343181489,322056929,279181882,216840474,149250111,91853116,53002288,28518602,15403772,8458451,4664549,2563594,1418740,788283,439637,245781,134808,69216,31342,12990,7410,4516,3189,2513,688,254"
africa,2056,"0,0,0,0,0,0,0,0,0,0,0,38,4556,146838,1557269,6270734,15477379,30479351,52686127,86622273,135988047,197648045,264989760,328106768,347667420,329393334,287125251,223643761,154559025,95834033,55549744,29997274,16231542,8955260,4957960,2731240,1514337,842654,470260,262889,144553,75067,35106,14277,8196,4956,3412,2627,802,330"
africa,2057,"0,0,0,0,0,0,0,0,0,0,0,66,4102,126991,1396571,5819844,14740609,29354804,51304271,84166647,133084716,194470179,262280574,327890230,352044771,336590247,295342015,232513692,162562294,101437548,59177512,32093539,17320725,9555484,5296324,2920084,1617885,900602,502968,281832,155830,81767,39122,15621,8909,5361,3619,2774,1011,371"
africa,2058,"0,0,0,0,0,0,0,0,0,0,0,81,4199,105618,1297614,5669962,14536551,29024119,50813158,83245741,131325985,191490555,259192970,326731149,355412377,343102706,302958395,241147995,170413084,106528231,62397116,33908292,18233712,10027909,5538662,3050870,1689166,938891,523535,292827,162014,85267,40817,16512,9318,5566,3728,2872,1192,398"
africa,2059,"0,0,0,0,0,0,0,0,0,0,0,44,3158,92133,1167311,5271376,13865822,28059842,49626013,81182081,129063921,188994758,256409661,325739236,358962801,350666230,311981120,250073370,177350096,111558279,65759860,35893450,19240694,10580201,5844194,3216917,1778716,987164,549529,306672,169998,90115,43887,17454,9659,5761,3809,2934,1384,406"
africa,2060,"0,0,0,0,0,0,0,0,0,0,0,51,3360,76809,1008345,4822113,13109711,26891613,48128277,78802158,126338154,186446967,254725331,325770746,363108662,357138999,318814582,257660238,185198785,117439374,69664589,38276141,20474108,11233894,6200944,3414913,1886990,1046778,582156,324245,179867,96161,47206,19102,10192,6049,3950,3028,1612,423"
africa,2061,"0,0,0,0,0,0,0,0,0,0,0,39,3120,62997,913479,4623822,12870795,26528976,47581717,77750606,124410867,183113315,251450365,323222971,365229775,362713497,326217504,266561926,193648752,123843298,73695022,40605660,21670544,11848490,6512181,3573551,1963564,1086994,604308,336546,186910,100260,49411,20427,10864,6428,4151,3134,1857,442"
africa,2062,"0,0,0,0,0,0,0,0,0,0,0,16,2790,55094,824345,4323132,12272738,25647837,46460898,75902656,122125610,180325247,248144793,320191166,367220420,369276475,335395207,276615001,201583386,129365735,77345327,42875811,22881478,12525632,6906350,3801694,2095571,1161993,645731,359180,200033,107877,53820,22937,11716,6890,4388,3269,2126,491"
africa,2063,"0,0,0,0,0,0,0,0,0,0,0,1,2195,44778,704314,3938027,11624520,24735150,45346365,74415855,120078027,178350297,246425423,318930167,369539884,373775996,341352223,284175377,209210661,135881651,81753686,45657559,24382482,13329853,7351691,4051796,2231687,1237016,687055,381856,212616,115125,57859,25156,12443,7342,4647,3399,2194,534"
africa,2064,"0,0,0,0,0,0,0,0,0,0,0,0,1914,35886,618196,3728671,11359759,24348664,44771336,73343132,118185961,174991554,243065639,316078779,370967842,378559758,347944054,292450829,217500351,142645738,86268352,48544073,25958920,14170214,7821058,4316429,2377765,1319542,733983,408486,227827,124135,62830,27988,13384,7851,4930,3551,2476,568"
africa,2065,"0,0,0,0,0,0,0,0,0,0,0,0,1465,28564,523924,3349482,10589230,23205671,43156722,71109309,115051132,171680327,240061958,313613503,373139322,384940566,357253770,302275451,225683770,148755170,90396120,51029516,27172240,14722572,8076382,4420998,2417483,1331299,735513,406974,225938,122843,62056,27337,12939,7480,4703,3439,2619,476"
africa,2066,"0,0,0,0,0,0,0,0,0,0,0,0,1351,26514,459225,3077287,10027071,22381929,42093622,69838988,113151353,169428105,236728044,309132744,372001430,388265881,364255616,311885246,235555755,156527830,95253400,54144759,28883890,15641471,8587037,4709260,2580544,1426501,790373,437886,243817,133174,68227,30993,14389,8261,5113,3633,2828,716"
africa,2067,"0,0,0,0,0,0,0,0,0,0,0,0,1152,21512,386850,2849129,9675019,21856234,41276758,68510053,110860422,165594058,231921083,304277551,370932630,391978126,371527952,321125268,245376709,164942397,100894656,57817435,30905227,16668200,9137069,5003954,2736944,1513036,838051,463759,258219,141481,73055,33722,15180,8662,5306,3717,2948,886"
africa,2068,"0,0,0,0,0,0,0,0,0,0,0,0,866,17857,324723,2536198,8943334,20721773,39583782,66364260,107578710,162571801,229880365,303467336,373311737,397792965,379706980,329264336,252470392,170545824,104810793,60351130,32335323,17389098,9530853,5214758,2844791,1567742,866009,478610,266372,146262,75847,35350,16058,9115,5536,3828,3069,1086"
africa,2069,"0,0,0,0,0,0,0,0,0,0,0,0,620,15111,263332,2217897,8230779,19639750,37999300,64462510,104490918,159261912,225927890,299493513,372310782,401527119,387140295,338655964,262718564,179157488,110181354,63752182,34210204,18296346,9988551,5451623,2971752,1636918,903078,498695,276673,152147,79184,37257,16315,9177,5530,3801,3079,1234"
africa,2070,"0,0,0,0,0,0,0,0,0,0,0,0,1467,19014,253522,2165774,8182083,19524897,37773338,64017829,103615551,157729843,223811210,296970993,370810452,403374382,391688868,345207295,270395456,186389612,115275268,66944255,35995589,19224665,10495386,5726150,3122490,1721757,950979,525252,290959,160251,84032,40208,17124,9631,5779,3916,3133,1285"
africa,2071,"0,0,0,0,0,0,0,0,0,0,0,0,1106,16829,215628,1930783,7559844,18543782,36342213,62370461,100796337,154781965,220315477,293992594,369386334,406994825,399352698,353992619,279420289,193335512,120279226,70290714,38007197,20285193,11087288,6051068,3293271,1810289,998001,551031,305483,168615,88904,42983,18711,10444,6207,4129,3255,1561"
africa,2072,"0,0,0,0,0,0,0,0,0,0,0,0,1702,19637,197440,1722712,6986557,17552332,34797432,60511107,97763929,151456122,216260526,290140289,366573334,409156953,405352379,362401648,289810346,202750105,126579931,74382610,40451981,21543687,11760789,6421573,3497468,1924318,1061213,585246,323789,178828,94743,46479,19804,10929,6448,4244,3342,1800"
africa,2073,"0,0,0,0,0,0,0,0,0,0,0,0,1268,16999,164044,1472337,6313665,16385366,33052548,58467452,94746755,148443342,212957290,286637606,363847346,411048750,411638565,371244293,299513288,210804810,132640913,78461674,42988987,22913117,12548911,6883833,3759860,2073578,1146476,632584,350050,194199,104055,52305,22487,12304,7209,4637,3577,2181"
africa,2074,"0,0,0,0,0,0,0,0,0,0,0,0,1862,20935,165458,1431505,6160199,16100887,32500385,57499335,92874556,145305191,207918775,281631780,359477251,411817631,416124190,379051518,309572244,220369391,139700917,83097808,45747326,24350906,13302075,7275175,3961915,2174732,1200575,662683,366737,203784,109637,55413,24408,13291,7753,4923,3744,2501"
africa,2075,"0,0,0,0,0,0,0,0,0,0,0,0,2070,23580,167565,1328986,5821872,15465938,31545007,56328111,90946129,142873440,204540004,277640385,355452329,411829444,420064794,386343160,319242659,229851287,146463093,87426750,48466271,25750497,14026552,7669371,4177732,2296262,1268900,700542,387672,215655,116770,59300,26420,14020,8137,5106,3837,2755"
africa,2076,"0,0,0,0,0,0,0,0,0,0,0,0,1580,21638,152255,1188740,5337819,14564960,30139987,54448680,88022020,139280239,200885041,274738775,353354373,415139840,427261934,394971542,327589782,236818077,151803329,90940758,50600056,26874895,14592475,7963577,4323850,2364683,1302342,717357,395869,219828,119048,60556,27039,14376,8300,5160,3858,2775"
africa,2077,"0,0,0,0,0,0,0,0,0,0,0,0,1099,19054,133057,1020410,4793160,13511416,28517735,52319725,85221547,135772727,197554654,271719067,350905692,416146440,430512750,401259977,336149021,245802716,159176297,95982105,53830736,28679738,15596489,8542928,4649207,2543273,1403943,775178,428488,238357,129710,66628,30647,16020,9244,5653,4127,3176"
africa,2078,"0,0,0,0,0,0,0,0,0,0,0,0,1650,22852,138902,975437,4648655,13286137,28090232,51473313,83616600,132963963,192664582,265680442,344355599,414321265,434747419,410566762,347048449,255439803,166191641,100585981,56800151,30277187,16438896,9013185,4901603,2681025,1481654,817292,451310,251121,137329,70964,33088,16916,9729,5918,4239,3336"
africa,2079,"0,0,0,0,0,0,0,0,0,0,0,0,1195,21062,139130,913391,4277284,12368624,26638453,49399335,80812858,129174859,188587447,261270665,340545003,413429372,438096796,417617349,356601693,265775682,174359566,105932362,60098837,32068541,17340276,9486553,5153127,2808985,1547696,852361,470294,261862,143356,74288,34897,17964,10348,6240,4361,3484"
africa,2080,"0,0,0,0,0,0,0,0,0,0,0,0,803,18559,128404,815567,3929053,11622956,25450396,47742881,78682876,125947559,184968746,256497761,335759644,411703270,442130228,426390776,366728841,275298609,181292076,110298389,62931282,33587452,18119738,9915134,5381976,2933916,1619595,893009,492552,273903,150482,78272,37344,18788,10768,6487,4463,3596"
africa,2081,"0,0,0,0,0,0,0,0,0,0,0,0,598,16432,118303,716577,3534128,10764050,24081085,45703324,76007443,121874478,180709600,251471807,330507541,409036563,444580868,433225155,376075822,286198223,190325050,116364708,66882568,35882050,19351113,10610161,5770781,3142735,1735343,957291,528926,294550,162509,85377,41407,21187,12107,7229,4828,3863"
africa,2082,"0,0,0,0,0,0,0,0,0,0,0,0,426,13618,104859,652062,3351984,10459377,23618856,44961705,74828726,119987874,177761073,247251835,325421788,405853178,445940320,439382869,384715274,295278190,197704236,121726499,70188738,37666508,20168828,11028554,5971811,3234790,1778700,977632,537447,297614,163672,85885,41611,20637,11783,7019,4698,3814"
africa,2083,"0,0,0,0,0,0,0,0,0,0,0,0,284,12601,96811,575751,2998949,9623094,22295754,43027179,72413791,116400584,174214895,243544047,322424873,404389294,448316203,444630044,392417943,304520716,205906797,127126715,73765403,39734959,21224084,11589679,6284106,3408038,1876188,1032307,568177,314996,174035,91976,45219,22028,12492,7393,4880,3972"
africa,2084,"0,0,0,0,0,0,0,0,0,0,0,0,117,10152,84494,494399,2648662,8830079,20945207,40915533,69676836,112069461,169629877,237933347,316820589,400232606,450560202,452501349,403025946,315818414,214840794,133181560,77495911,41836150,22272315,12140791,6569123,3549905,1949180,1071414,589060,326023,180363,95692,47414,23376,13201,7776,5039,4054"
africa,2085,"0,0,0,0,0,0,0,0,0,0,0,0,38,9254,81240,467948,2462134,8282272,19998860,39501351,67740795,108518533,165402686,232089365,310480194,394419070,450613557,457809359,413096181,328564267,225688079,140131656,81660104,44005348,23127035,12462428,6675268,3578210,1949038,1063699,581400,319357,176114,93098,45792,21625,12050,7117,4666,3790"
africa,2086,"0,0,0,0,0,0,0,0,0,0,0,0,40,11156,88856,469072,2410331,8193933,19848452,39119362,66893722,106919548,162554146,227011434,304668201,388520229,449914183,462275074,421277842,338662138,234069261,146152709,85451953,46249861,24314331,13100488,7014595,3749477,2035039,1109060,605790,332575,183536,97306,48184,23117,12799,7573,4912,3938"
africa,2087,"0,0,0,0,0,0,0,0,0,0,0,0,19,9319,80029,421941,2139613,7408105,18398526,37059137,64516704,103550965,159653728,224171659,301477665,385349986,449122398,464469652,427906630,348217307,243333704,153193479,90025501,48948190,25668658,13812878,7414631,3965624,2151182,1172297,639377,349766,192717,102751,51595,24403,13541,7984,5120,4033"
africa,2088,"0,0,0,0,0,0,0,0,0,0,0,0,6,7496,71400,380958,1930325,6820690,17291598,35320062,62238760,99751809,155078330,218739821,296098069,380642462,449614003,469811790,437196788,359109928,252667664,159603143,94063526,51401857,26902567,14437972,7742396,4129389,2233759,1213751,659890,359662,197973,105779,53428,25543,14199,8318,5326,4181"
africa,2089,"0,0,0,0,0,0,0,0,0,0,0,0,0,6067,63832,339798,1701680,6202800,16129233,33535063,59827267,96100903,150732627,213613543,290311695,374087302,446838129,471649176,444669527,370386486,264344666,168393711,99821742,54955578,28860970,15514143,8366261,4480877,2429538,1326141,723380,395192,218373,117703,60526,28973,16224,9423,5900,4462"
africa,2090,"0,0,0,0,0,0,0,0,0,0,0,0,5,4930,59028,319124,1561555,5655703,14951954,31835904,57680599,93021899,146989567,209868901,286637376,370174133,446056493,475054640,452216606,379677637,272939816,174589038,103896257,57497058,30224262,16207136,8735286,4672487,2529144,1378232,750630,409618,226260,122293,63106,30479,17112,9878,6114,4540"
africa,2091,"0,0,0,0,0,0,0,0,0,0,0,0,9,5424,60345,310832,1502032,5546481,14833124,31712659,57349991,92250149,145400281,206914526,282917090,366194892,444784234,476820955,456743902,386421717,280619363,180588200,107821118,59707151,31166748,16558434,8850185,4688464,2512308,1356553,733895,396890,217023,116412,59331,27346,15060,8731,5517,4182"
africa,2092,"0,0,0,0,0,0,0,0,0,0,0,0,70,6648,63456,309191,1387652,5154598,14025821,30363073,55212195,88952478,140876712,202368255,277784649,361224892,443272092,480380314,465019514,396140890,289942227,187134596,112009702,62422879,32612331,17292898,9239942,4875578,2601854,1401462,756740,408385,222807,119626,61169,28503,15729,9125,5690,4230"
africa,2093,"0,0,0,0,0,0,0,0,0,0,0,0,53,8883,73755,337757,1384083,4945438,13441613,29352934,53412907,85869251,136123717,197517351,272604047,355519455,439110889,480686421,470449243,405177275,301082790,196030159,118048416,66294962,34734488,18363103,9838077,5198519,2769319,1491134,805004,434173,236430,127591,65535,30731,16734,9657,5964,4345"
africa,2094,"0,0,0,0,0,0,0,0,0,0,0,0,32,8715,72079,325175,1273558,4552105,12553075,27888987,51325062,83017401,131735800,193265902,267923441,351106163,436274123,483037059,477579178,414584637,310992535,203062535,122468727,68949296,36178931,19062566,10181234,5365248,2844496,1523870,819618,440751,239321,129018,66241,31152,17003,9770,6022,4380"
africa,2095,"0,0,0,0,0,0,0,0,0,0,0,0,15,6812,63598,298496,1149141,4156483,11707349,26545688,49563724,80985966,128345284,189913157,264252365,347985011,434093787,483421860,481132995,421124567,319824754,210531436,127666684,72258331,38003507,19964243,10665012,5612746,2962377,1581870,848509,454539,245499,132020,67577,31757,16917,9735,5976,4346"
africa,2096,"0,0,0,0,0,0,0,0,0,0,0,0,21,5361,55659,270473,1051222,3800683,10805917,24966780,47283199,78027642,123552705,184773732,257884611,341361185,428748641,484340756,488084305,431549638,331410333,219524207,133619713,75981449,40085254,20945961,11182531,5879920,3092101,1645473,880645,471481,253965,136621,70250,33272,17822,10193,6176,4401"
africa,2097,"0,0,0,0,0,0,0,0,0,0,0,0,13,5997,58052,272696,1017557,3682939,10573783,24531124,46555956,76774522,121255733,180967992,252412794,336350239,425501476,486619937,494024136,438633223,338449821,225450211,137721786,78625678,41601722,21720017,11619147,6118280,3215737,1710673,915515,490471,264285,142721,73840,35370,18691,10619,6432,4479"
africa,2098,"0,0,0,0,0,0,0,0,0,0,0,0,45,5934,55623,256742,925497,3313714,9682350,22955388,44391753,74229410,117122535,176489559,246459681,329906462,419631936,485182776,497854589,448008994,350798376,235709556,144357809,82657114,43899430,22826163,12176553,6405258,3352765,1775754,947941,506975,272428,146881,75838,36404,19303,10905,6547,4492"
africa,2099,"0,0,0,0,0,0,0,0,0,0,0,0,27,5522,51720,237360,852672,3008984,8879824,21476029,42302158,71829228,113466900,172975836,242692163,325588619,414829444,483927200,501341000,455565891,360184437,243907182,150369885,86433938,46081769,23921776,12761176,6720918,3513967,1858292,991820,530074,283917,153180,79062,38286,20007,11364,6824,4612"
africa,2100,"0,0,0,0,0,0,0,0,0,0,0,0,36,4960,47146,217366,770069,2689688,8096855,20032274,40239805,69271815,109345611,167976313,236460955,318869132,407927215,481805925,504692299,464574379,372731104,254849542,157583231,90847218,48596760,25117621,13331883,7007140,3644190,1915246,1015961,540277,287884,154844,79850,38592,20174,11334,6804,4579"
americas,1800,"0,0,0,0,18,136,485,1771,7809,36609,111639,277384,573945,985122,1506647,2000868,2336520,2437520,2357164,2229433,2103446,1905204,1579962,1188234,797111,497711,285932,158214,86263,44185,22317,10977,5078,2286,1056,530,262,120,56,26,13,5,0,0,0,0,0,0,0,0"
americas,1801,"0,0,0,0,18,136,486,1780,7858,36898,113197,282011,583222,1000841,1530901,2031449,2372331,2474396,2393460,2265483,2134410,1913448,1572207,1175796,791511,496155,288224,163365,90189,46660,23900,11933,5587,2528,1164,586,287,140,66,33,17,8,0,0,0,0,0,0,0,0"
americas,1802,"0,0,0,0,18,136,486,1789,7942,37955,118628,296744,607342,1032426,1567485,2062965,2388047,2466779,2363432,2228999,2110540,1914054,1596978,1219764,838756,528100,308998,177561,99353,52449,27569,14153,6915,3253,1545,784,396,201,105,55,30,15,6,0,0,0,0,0,0,0"
americas,1803,"0,0,0,0,18,136,484,1771,7917,37864,118751,300097,615413,1045189,1585737,2088027,2422500,2512428,2423314,2295394,2168955,1951525,1608072,1205006,812326,509633,296082,167800,92646,47928,24545,12246,5722,2576,1192,601,294,148,70,36,17,9,0,0,0,0,0,0,0,0"
americas,1804,"0,0,0,0,18,136,484,1781,8025,39141,124911,316607,642512,1083136,1630359,2128550,2452063,2525752,2426098,2297147,2175572,1963781,1621865,1217279,821399,515701,299675,169794,93739,48505,24840,12383,5787,2604,1201,608,298,150,71,36,17,10,0,0,0,0,0,0,0,0"
americas,1805,"0,0,0,0,18,136,485,1789,8080,39476,126782,322240,652856,1098288,1650931,2151279,2470013,2532498,2414853,2277433,2164186,1972991,1653201,1267011,873180,550444,322288,185266,103699,54751,28784,14771,7206,3394,1609,820,412,214,109,59,32,16,7,0,0,0,0,0,0,0"
americas,1806,"0,0,0,0,18,136,485,1800,8209,40867,132714,339833,682246,1136786,1691939,2185171,2486201,2529841,2397506,2257212,2153519,1974814,1667065,1294405,911326,582806,345862,200111,113796,61094,32628,16917,8357,3993,1914,972,498,264,141,79,45,24,11,1,0,0,0,0,0,0"
americas,1807,"0,0,0,0,18,136,485,1811,8371,42645,140160,357991,710176,1175977,1734054,2227274,2519695,2550008,2408536,2265915,2162636,1982606,1673408,1301842,921045,591569,352452,204850,116931,62995,33780,17600,8737,4211,2043,1044,544,291,158,89,50,27,13,3,0,0,0,0,0,0"
americas,1808,"0,0,0,0,18,136,486,1821,8586,44779,148594,378031,740516,1215486,1771156,2255756,2537384,2567546,2442582,2313325,2218257,2059036,1741110,1324087,895000,562448,322550,176576,95509,48255,23903,11501,5146,2205,984,482,229,110,42,15,7,0,0,0,0,0,0,0,0,0"
americas,1809,"0,0,0,0,18,136,486,1832,8863,47297,157934,399302,771796,1257201,1818439,2302165,2570040,2580779,2437361,2305399,2215761,2045745,1729169,1333546,923031,583397,341581,196252,109908,58041,30520,15658,7629,3577,1713,871,446,236,118,64,36,17,8,0,0,0,0,0,0,0"
americas,1810,"0,0,0,0,18,136,487,1843,9208,49994,166276,419350,804374,1301904,1866917,2344789,2595280,2586435,2426886,2290615,2204899,2049087,1752464,1374134,972668,623836,370610,214506,122033,65512,35158,18365,9108,4384,2139,1094,573,313,167,95,55,29,14,4,0,0,0,0,0,0"
americas,1811,"0,0,0,0,18,136,487,1862,9664,53467,177748,443628,842857,1355822,1924694,2394739,2626256,2598011,2422748,2279212,2198028,2051455,1774571,1398737,1002619,650357,392126,230556,132987,71751,38745,20567,10364,5055,2490,1276,672,370,207,116,66,38,17,6,0,0,0,0,0,0"
americas,1812,"0,0,0,0,18,136,487,1870,9743,53957,179921,450053,855558,1375964,1952391,2428883,2664504,2638593,2469153,2334454,2259336,2112001,1814845,1428481,1014012,651008,386910,224058,127530,68419,36687,19164,9506,4575,2233,1144,604,330,179,101,56,31,15,5,0,0,0,0,0,0"
americas,1813,"0,0,0,0,18,136,487,1883,9800,54287,180381,454091,867927,1396030,1980129,2461386,2699864,2672592,2496821,2356580,2282815,2139326,1856160,1467525,1057272,686052,412836,241584,138899,75082,40579,21447,10790,5280,2604,1335,710,387,217,120,69,39,19,7,0,0,0,0,0,0"
americas,1814,"0,0,0,0,18,136,489,1893,9886,54782,182517,460433,881273,1418177,2012340,2501183,2742576,2713238,2531769,2383792,2308538,2175558,1901037,1514604,1089525,709092,427634,252045,145961,78830,42393,22434,11322,5523,2713,1387,738,407,228,128,73,40,20,7,0,0,0,0,0,0"
americas,1815,"0,0,0,0,18,136,490,1906,9967,55284,184628,466768,894473,1440975,2045696,2539455,2784039,2751952,2566817,2419221,2349917,2223153,1948809,1555801,1120535,729526,440210,259535,150336,81170,43632,23103,11652,5687,2799,1429,763,421,236,132,77,42,21,8,0,0,0,0,0,0"
americas,1816,"0,0,0,0,18,136,490,1936,10582,59374,196303,490659,934100,1492683,2094448,2576542,2801284,2761758,2589222,2473542,2436564,2311703,2001504,1583111,1128740,725546,431059,249798,142405,76343,40714,21130,10446,4992,2409,1227,646,352,193,105,60,33,16,5,0,0,0,0,0,0"
americas,1817,"0,0,0,0,18,136,490,1950,10674,59946,198687,497635,948677,1516648,2127797,2616682,2845566,2804237,2628937,2512167,2480233,2361999,2053033,1628064,1162794,746583,442827,256048,145084,77786,41703,21724,10805,5200,2509,1278,676,367,204,109,62,33,16,5,0,0,0,0,0,0"
americas,1818,"0,0,0,0,18,136,491,1962,10762,60478,200778,503442,959047,1532275,2152403,2647761,2881490,2844212,2672232,2562488,2539473,2423619,2109020,1674021,1195764,769409,457294,265020,151063,80932,43145,22380,11069,5296,2551,1298,689,374,207,113,65,36,16,6,0,0,0,0,0,0"
americas,1819,"0,0,0,0,18,136,491,1973,10853,61098,203396,511341,976740,1561907,2190636,2692196,2927146,2884570,2707909,2599147,2583796,2473795,2158914,1717336,1228506,791091,470393,272752,155551,83326,44428,23069,11421,5465,2637,1342,716,389,215,116,65,37,17,6,0,0,0,0,0,0"
americas,1820,"0,0,0,0,18,136,492,1988,10939,61513,203890,514136,986624,1579696,2218418,2725500,2965643,2926295,2751290,2642860,2635577,2538203,2232443,1777397,1263255,807615,477383,276004,156380,82915,44004,22929,11361,5416,2604,1323,706,379,207,110,62,33,16,5,0,0,0,0,0,0"
americas,1821,"0,0,0,0,18,136,474,1844,10018,59260,203311,517772,1000475,1610642,2264488,2791205,3043562,2997121,2805548,2682740,2665584,2555726,2236615,1787275,1286061,831909,497075,289695,165714,88940,47612,24876,12399,5983,2914,1502,821,450,252,136,77,43,22,8,0,0,0,0,0,0"
americas,1822,"0,0,0,0,13,117,431,1763,9885,59002,202873,518954,1004260,1618169,2279312,2814957,3075392,3028682,2829184,2702760,2686401,2592742,2309071,1858015,1348086,879607,532111,313582,181189,97474,52662,28093,14216,6956,3443,1776,970,537,305,171,95,55,27,12,0,0,0,0,0,0"
americas,1823,"0,0,0,0,13,117,432,1766,9904,59079,202416,518619,1008302,1625686,2291377,2833567,3107205,3071952,2881955,2762828,2752373,2658443,2367452,1906568,1388623,905906,546819,320475,184551,99523,53811,28570,14430,7084,3511,1819,992,544,307,173,95,55,28,12,0,0,0,0,0,0"
americas,1824,"0,0,0,0,13,117,432,1777,10563,64270,257562,692570,1167743,1669471,2217406,2724858,3003381,3010387,2866312,2762717,2764011,2700123,2446698,2010229,1475016,972994,593850,350343,204446,109770,58406,31015,15709,7655,3763,1913,1030,553,311,173,95,55,28,12,0,0,0,0,0,0"
americas,1825,"0,0,0,0,13,117,419,1648,9754,62267,258543,697340,1170861,1665759,2212719,2727534,3031568,3075635,2961870,2864912,2857529,2773489,2502797,2049087,1491580,979729,596693,352493,206652,113237,61677,33615,17515,8706,4322,2230,1201,650,367,205,108,57,29,12,0,0,0,0,0,0"
americas,1826,"0,0,0,0,13,117,419,1630,9721,62613,259573,701676,1182321,1673316,2215152,2732751,3046804,3107453,2997861,2897375,2888639,2820171,2574494,2135127,1571304,1039934,635148,374045,219630,120823,66058,36336,19186,9645,4806,2469,1330,715,398,221,117,63,32,14,2,0,0,0,0,0"
americas,1827,"0,0,0,0,13,117,419,1634,9793,63753,264937,713897,1198008,1687021,2225667,2745454,3058754,3125929,3031536,2950613,2965492,2905936,2656290,2203301,1622348,1073259,655198,385774,226467,124565,68060,37447,19768,9946,4955,2559,1378,743,415,231,122,66,34,14,2,0,0,0,0,0"
americas,1828,"0,0,0,0,13,117,414,1555,9515,63048,264615,714873,1196086,1677647,2205655,2728332,3065148,3173312,3112011,3040515,3062065,3000801,2740712,2272836,1673121,1106359,675228,397414,233126,128172,70051,38551,20358,10249,5109,2640,1426,771,428,235,128,67,35,14,2,0,0,0,0,0"
americas,1829,"0,0,0,0,13,117,414,1542,9476,63280,266513,721884,1207461,1691952,2225240,2754248,3091539,3202085,3145921,3099315,3162315,3115158,2835201,2334951,1715346,1130582,689188,406096,236666,126980,67558,35933,18225,8887,4385,2250,1220,659,368,206,114,65,33,14,1,0,0,0,0,0"
americas,1830,"0,0,0,0,13,117,414,1529,9115,62016,269741,733124,1223496,1710553,2241190,2765077,3106118,3232305,3189165,3114433,3149215,3126334,2897230,2445736,1826332,1221346,756352,441162,258006,143534,77342,41227,21137,10334,5007,2556,1391,758,421,235,127,66,33,14,2,0,0,0,0,0"
americas,1831,"0,0,0,0,9,100,375,1466,9019,62218,271905,740977,1239307,1734457,2262727,2766451,3078152,3179925,3134045,3059829,3111615,3170264,3007582,2593687,1990279,1361628,876975,521037,303930,169322,90858,46954,22983,10149,4075,1766,903,454,232,114,51,18,8,0,0,0,0,0,0,0"
americas,1832,"0,0,0,0,9,100,373,1357,8189,57985,260321,724139,1225554,1723189,2260823,2769532,3085662,3185653,3124970,3029789,3064824,3159328,3093181,2762136,2181463,1519439,997930,604317,354932,197862,104488,53650,26464,11870,4842,2040,1036,531,277,141,72,30,15,5,0,0,0,0,0,0"
americas,1833,"0,0,0,0,9,100,373,1360,8184,57743,260394,725150,1224767,1721966,2261419,2771481,3095867,3200578,3140506,3047296,3068948,3169862,3148651,2887487,2343807,1655927,1096161,671832,394886,218230,115241,59783,29901,13771,5851,2557,1309,663,331,158,74,22,10,0,0,0,0,0,0,0"
americas,1834,"0,0,0,0,9,100,372,1335,7185,49741,237037,685316,1162380,1650363,2197520,2747044,3180476,3399665,3410755,3333571,3348365,3419078,3295625,2894346,2252709,1557182,1018389,613305,360165,199757,105373,53941,26338,11666,4702,1992,1004,510,263,134,69,31,15,5,0,0,0,0,0,0"
americas,1835,"0,0,0,0,9,100,372,1340,7198,48749,233325,677024,1143316,1624390,2172067,2730659,3205782,3465413,3474527,3361204,3332249,3419974,3367192,3044076,2429960,1700664,1118382,676370,395539,217866,114739,59148,29303,13278,5553,2430,1253,644,330,160,71,24,10,0,0,0,0,0,0,0"
americas,1836,"0,0,0,0,9,100,373,1274,7128,50007,192180,519209,974090,1495628,2118212,2753145,3301032,3611642,3622434,3486302,3425607,3498108,3464367,3176168,2578868,1818016,1201214,733267,429369,237029,124863,64715,32381,14961,6432,2833,1439,719,362,175,81,28,10,1,0,0,0,0,0,0"
americas,1837,"0,0,0,0,9,100,373,1276,7422,54127,204278,501692,927375,1462723,2111885,2782503,3371014,3722838,3777015,3666093,3633137,3706560,3612426,3220798,2540826,1773238,1166329,706767,415696,231536,121773,62060,30453,13601,5484,2257,1118,560,289,148,69,32,12,4,0,0,0,0,0,0"
americas,1838,"0,0,0,0,9,100,372,1374,8898,60279,225539,545167,989845,1539228,2199421,2869013,3442980,3768147,3791330,3684702,3670462,3760600,3676728,3277435,2592359,1811410,1194038,725929,428074,239389,126642,64955,31963,14371,5886,2455,1221,611,324,170,89,45,18,8,0,0,0,0,0,0"
americas,1839,"0,0,0,0,6,85,334,1392,9484,63061,232629,558862,1013890,1578908,2254969,2931073,3492314,3774142,3745778,3616631,3592496,3710304,3717623,3450086,2821993,2000606,1323024,807792,472903,259876,135743,69810,34666,15868,6738,2909,1462,721,363,180,81,35,10,3,0,0,0,0,0,0"
americas,1840,"0,0,0,0,6,85,334,1465,10345,66989,243508,579260,1046508,1621965,2307401,2999731,3572700,3878175,3908618,3842146,3879839,3995480,3881573,3428922,2679149,1857404,1217895,735710,433633,241300,127200,64960,31749,14121,5736,2422,1202,603,317,172,87,47,19,8,0,0,0,0,0,0"
americas,1841,"0,0,0,0,6,85,333,1447,10103,65620,244737,591657,1075793,1666826,2350949,3031614,3587238,3890337,3954393,3942857,4023855,4148671,4010651,3527848,2753636,1898063,1235258,740040,433516,244465,131849,68510,34064,15594,6600,2934,1507,777,408,218,112,52,18,6,0,0,0,0,0,0"
americas,1842,"0,0,0,0,6,85,333,1457,10086,65534,245688,598571,1096056,1699236,2380120,3056825,3612498,3935858,4050675,4095879,4229103,4356658,4158967,3601801,2766280,1896882,1225224,731525,429483,240949,129546,67072,33060,14807,6082,2683,1342,664,338,176,85,38,13,5,0,0,0,0,0,0"
americas,1843,"0,0,0,0,6,85,333,1404,10083,67048,252717,616531,1131190,1757850,2458496,3138670,3667872,3944973,4009937,4031324,4172850,4359670,4264884,3778995,2958469,2045633,1337605,804621,472408,264879,141493,72911,35834,16067,6582,2833,1426,730,384,207,106,52,22,7,0,0,0,0,0,0"
americas,1844,"0,0,0,0,6,85,333,1397,10266,68076,259727,637578,1168553,1811790,2523943,3201242,3703808,3927169,3928393,3916373,4040338,4264282,4301763,3980748,3243965,2298500,1526408,939236,554906,308478,163169,84677,42561,19771,8498,3730,1870,937,468,235,111,45,17,5,0,0,0,0,0,0"
americas,1845,"0,0,0,0,6,85,333,1110,8126,60939,246624,625379,1165329,1816413,2545087,3249129,3767040,3986779,3971912,3962349,4112774,4364245,4434117,4142217,3399848,2417376,1604342,983239,578067,318787,166291,85569,42644,19628,8439,3716,1849,914,450,222,105,44,19,5,0,0,0,0,0,0"
americas,1846,"0,0,0,0,6,85,333,1062,7285,56734,239095,621142,1170064,1838453,2584943,3303123,3828658,4037582,3995356,3954901,4090041,4371453,4510467,4299263,3609879,2599290,1736152,1073736,631799,349775,181961,93677,46814,21661,9317,4088,2058,1039,513,253,116,51,22,6,0,0,0,0,0,0"
americas,1847,"0,0,0,0,4,71,298,963,6757,50868,216685,578101,1122771,1815972,2613845,3392484,3961433,4174379,4097890,4022258,4113571,4354915,4498547,4349972,3751496,2785227,1893846,1196004,704298,385916,199971,103626,51662,23994,10317,4406,2166,1107,545,260,114,45,17,0,0,0,0,0,0,0"
americas,1848,"0,0,0,0,4,71,298,984,6902,49103,209752,568183,1113727,1818934,2634809,3438890,4020593,4228627,4139404,4074137,4227477,4533344,4686782,4483800,3826163,2854743,1960655,1253152,752141,417778,217873,113397,56535,26315,11483,5047,2538,1317,660,325,149,62,21,0,0,0,0,0,0,0"
americas,1849,"0,0,0,0,4,71,301,1094,7346,49021,205583,555880,1103978,1828531,2664969,3499554,4117213,4354759,4305519,4263570,4400648,4682601,4819980,4627511,3933590,2879992,1949339,1217898,714448,388490,201724,104472,51919,23975,10310,4466,2222,1131,554,266,117,47,19,0,0,0,0,0,0,0"
americas,1850,"0,0,0,0,4,71,302,1086,6896,44363,191556,533499,1078528,1804174,2646520,3492644,4142314,4413293,4382776,4323556,4448370,4743377,4923300,4788053,4135268,3072117,2085058,1310677,769386,422130,219443,113860,56997,26644,11555,4994,2477,1274,618,294,131,55,20,2,0,0,0,0,0,0"
americas,1851,"0,0,0,0,4,72,306,957,6424,44623,192635,533104,1071301,1791185,2612862,3457807,4107547,4386008,4348792,4309041,4501416,4871563,5115099,4979376,4324598,3260038,2237502,1434301,855648,477433,249235,130349,65247,30432,13189,5667,2806,1451,728,364,173,74,21,2,0,0,0,0,0,0"
americas,1852,"0,0,0,0,4,72,308,989,6804,45699,196065,545172,1094622,1829499,2666011,3511936,4146258,4393189,4313926,4225376,4419013,4872362,5263357,5195288,4578377,3472097,2352587,1520920,906609,521799,276060,142638,72298,33719,14257,5967,2882,1516,785,401,197,84,27,3,0,0,0,0,0,0"
americas,1853,"0,0,0,0,4,72,313,1120,8511,54586,223682,598717,1169598,1915528,2740290,3549952,4127706,4321739,4229867,4132733,4303288,4796436,5344671,5392457,4868336,3768409,2562316,1626447,943153,540866,297971,154195,79391,39865,18342,8286,4069,2097,1054,541,255,100,28,4,0,0,0,0,0,0"
americas,1854,"0,0,0,0,4,75,323,1173,8998,56231,228864,612298,1192550,1947601,2775831,3578266,4147344,4331476,4253790,4188602,4393778,4920980,5492599,5547924,5014724,3885678,2644558,1678710,973717,558545,307831,159396,82107,41247,18983,8578,4216,2171,1090,557,263,101,28,5,0,0,0,0,0,0"
americas,1855,"0,0,0,0,4,76,328,1267,10102,62400,246215,641207,1232408,1999629,2819377,3596772,4133165,4292809,4217245,4186792,4465753,5074706,5680932,5742278,5143036,3971602,2712440,1750806,1042813,610646,338875,178440,93056,46759,21424,9563,4727,2492,1279,663,323,138,46,8,0,0,0,0,0,0"
americas,1856,"0,0,0,0,3,63,293,1137,9401,60616,241997,636503,1234768,2017819,2865468,3690199,4279527,4470974,4378745,4310595,4526126,5091240,5719554,5807793,5279394,4108923,2806587,1787368,1039950,598834,331379,172460,89360,45137,20912,9530,4704,2428,1234,640,308,126,41,6,0,0,0,0,0,0"
americas,1857,"0,0,0,0,3,64,296,1024,9011,60567,239767,629080,1219135,1990900,2795661,3584473,4182401,4431492,4428794,4440024,4788626,5468462,6096946,6100006,5399102,4116425,2797583,1797888,1068135,626856,347187,183474,96294,48336,22214,10098,5095,2678,1380,718,352,154,56,9,0,0,0,0,0,0"
americas,1858,"0,0,0,0,3,66,302,968,8244,57592,231890,613542,1197955,1966358,2770778,3577265,4209483,4504297,4511210,4486552,4768561,5418204,6132919,6269475,5670752,4413484,3025130,1953986,1158780,672807,370678,193537,100074,50170,23126,10482,5234,2757,1425,742,368,152,53,11,0,0,0,0,0,0"
americas,1859,"0,0,0,0,3,68,304,1057,9802,65046,251844,650482,1250176,2024257,2814844,3597819,4213776,4523935,4561006,4542431,4783872,5404822,6151772,6374636,5893785,4666275,3214249,2063753,1203476,689886,384349,198208,100680,50452,23079,10207,4889,2471,1226,609,280,107,29,8,0,0,0,0,0,0"
americas,1860,"0,0,0,0,3,69,312,1063,9583,64029,249790,648652,1251765,2024420,2803553,3572816,4199429,4543189,4626378,4636389,4885908,5522430,6257824,6489841,6001623,4810395,3358969,2177771,1291455,746195,424692,221591,112466,57158,26597,11826,5675,2916,1471,734,344,132,35,9,0,0,0,0,0,0"
americas,1861,"0,0,0,0,3,71,315,1079,9718,67171,264865,688586,1312880,2090825,2855788,3606835,4202043,4557867,4676945,4739578,5043395,5716640,6480926,6677430,6155931,4868804,3351508,2148434,1253914,720286,402373,207668,105455,52890,24188,10669,5093,2583,1288,642,299,111,31,9,0,0,0,0,0,0"
americas,1862,"0,0,0,0,4,72,321,993,8623,65636,268158,705816,1340876,2120703,2886378,3634990,4220203,4554342,4642618,4687171,4968472,5635146,6398395,6695559,6248547,5116226,3658072,2422594,1457715,840150,466927,240274,120884,61833,29442,13464,6560,3393,1729,865,397,143,40,10,0,0,0,0,0,0"
americas,1863,"0,0,0,0,4,73,329,1007,8936,67081,270252,709141,1344344,2120860,2876350,3608208,4178243,4483831,4529834,4508008,4707260,5330254,6214421,6818241,6646427,5669410,4186038,2758623,1680180,954533,516899,257211,123678,63510,30518,14233,7207,3793,1913,897,400,146,37,10,1,0,0,0,0,0"
americas,1864,"0,0,0,0,2,62,295,987,9027,66608,267944,704419,1340113,2123663,2885111,3619326,4195830,4506125,4533644,4459476,4578143,5094174,5914141,6613407,6682645,5979215,4679925,3228972,2043003,1164215,617841,304891,141122,69522,32784,15024,7613,4054,2057,963,408,150,36,11,2,0,0,0,0,0"
americas,1865,"0,0,0,0,2,63,303,930,7180,55061,234754,645850,1264344,2044039,2807599,3562395,4202755,4619061,4797726,4893807,5174527,5827007,6663395,7111177,6763742,5704318,4198388,2799840,1706946,970004,525928,265843,130314,67288,32891,15409,7615,3951,1992,963,437,155,45,12,3,0,0,0,0,0"
americas,1866,"0,0,0,0,2,63,309,932,7232,53656,226788,626535,1232819,2012043,2777331,3521771,4167083,4617920,4861346,5037606,5368476,6042870,6876186,7291197,6907923,5815298,4275459,2849676,1734087,985006,534045,269458,131562,67768,33080,15454,7617,3968,2012,973,444,159,47,12,3,0,0,0,0,0"
americas,1867,"0,0,0,0,2,63,314,905,5717,43426,193241,563706,1151234,1937830,2738680,3516250,4193504,4640761,4855835,4975064,5236727,5921118,6881807,7527640,7329424,6248817,4601511,3036829,1850582,1052218,573372,285570,136444,69492,33056,15267,7741,4124,2110,1006,453,167,43,13,4,0,0,0,0,0"
americas,1868,"0,0,0,0,2,67,322,922,5756,43592,192509,563604,1156137,1944027,2744571,3521902,4201284,4656074,4877997,4993544,5235888,5898548,6871894,7607731,7504996,6493034,4850738,3228015,1986780,1131899,620436,311826,147806,75051,35953,16525,8303,4435,2287,1097,495,191,48,16,7,0,0,0,0,0"
americas,1869,"0,0,0,0,2,67,327,911,4903,38499,178689,539565,1120898,1900593,2700289,3467526,4138724,4587350,4789486,4869256,5073192,5677251,6587109,7410193,7565667,6841201,5491594,3862912,2501179,1445036,772485,384965,178452,87238,41353,18906,9508,5049,2549,1192,511,201,57,26,15,0,0,0,0,0"
americas,1870,"0,0,0,0,2,67,335,934,5530,43769,198806,584405,1193313,1977576,2761204,3510910,4153505,4591859,4806892,4971472,5341755,6172955,7291438,8097528,7981188,6885354,5137270,3416864,2099856,1194398,653842,328351,155574,79043,37916,17484,8843,4742,2433,1159,521,197,56,19,9,0,0,0,0,0"
americas,1871,"0,0,0,0,2,71,341,942,5009,39688,187369,566303,1176003,1964410,2764544,3534082,4189996,4613435,4782013,4863583,5131715,5859166,6893758,7803010,7976731,7217643,5795801,4077240,2636527,1521296,813465,405267,187146,91318,43374,19852,9984,5336,2702,1264,534,210,64,31,18,1,0,0,0,0"
americas,1872,"0,0,0,4,54,272,886,2108,6557,37738,173360,536258,1140537,1932268,2752271,3542098,4227212,4679042,4850348,4920252,5181949,5905761,6950890,7903758,8168733,7448894,6034380,4278831,2781849,1608393,851561,420898,194956,94020,44198,20469,10395,5486,2704,1237,521,209,63,30,18,0,0,0,0,0"
americas,1873,"0,0,0,21,136,514,1487,3345,8473,40870,179349,549505,1166878,1965368,2787763,3582641,4261795,4706203,4849722,4881248,5117554,5799139,6856518,7910649,8323950,7710073,6375644,4595663,3031352,1772059,939102,466619,217951,104601,49648,23300,11843,6214,3021,1366,563,218,68,35,22,4,0,0,0,0"
americas,1874,"0,0,0,33,202,725,2038,4518,9979,38609,164036,514934,1125961,1928102,2767006,3588741,4316030,4806728,5002555,5068159,5345308,6123030,7252966,8281683,8588510,7845186,6354716,4498536,2914920,1679273,885368,436157,201343,96703,45343,21049,10753,5727,2836,1301,560,226,72,36,21,4,0,0,0,0"
americas,1875,"0,0,0,46,279,946,2599,5736,11946,39287,159053,500793,1111372,1925555,2804290,3675014,4445501,4961903,5129364,5153662,5369038,6047378,7130127,8238022,8707326,8080398,6636149,4738076,3092859,1793649,946958,467891,217904,105075,49897,23370,11873,6213,3024,1362,557,213,62,32,20,1,0,0,0,0"
americas,1876,"0,0,1,78,381,1242,3306,7223,14541,41230,150598,469217,1059475,1872569,2805021,3765659,4629010,5187858,5318990,5258205,5432421,6136754,7245469,8371362,8827494,8203008,6762034,4845064,3172548,1845710,974102,477840,220286,105219,49261,22529,11191,5820,2843,1282,532,209,58,30,18,0,0,0,0,0"
americas,1877,"0,0,3,114,499,1586,4141,8924,17702,47460,161103,482422,1073164,1894061,2851264,3855088,4757247,5315976,5419876,5318353,5441143,6120321,7268637,8493596,9073379,8478489,6986491,4984087,3238624,1868448,979378,478694,219820,104801,49122,22646,11414,5978,2914,1317,549,220,62,32,20,1,0,0,0,0"
americas,1878,"0,0,2,123,544,1740,4589,9943,19642,48439,152099,445768,1004610,1817689,2812684,3887336,4904471,5570448,5730956,5598700,5635884,6196855,7276456,8512529,9120456,8518754,7057037,5082239,3346514,1976782,1059513,533652,255804,124383,59495,27707,13611,6893,3306,1469,603,239,77,42,26,10,2,0,0,0"
americas,1879,"0,0,0,118,554,1826,4867,10696,21086,49063,146889,426253,972533,1779136,2783276,3881208,4928905,5670071,5884689,5735349,5672391,6071150,7014283,8233336,9153284,8850168,7412784,5478595,3681550,2246348,1239466,651965,333774,165034,80364,39119,18764,8826,3985,1704,751,321,128,72,47,25,13,1,0,0"
americas,1880,"0,0,7,180,728,2265,5844,12715,24924,55172,156127,444199,1009332,1855149,2914132,4052909,5103631,5792784,5897784,5597424,5353775,5568194,6375537,7642212,8908466,9316908,8195075,6252754,4261440,2672173,1502383,789099,405304,196579,91957,44416,22012,10842,5142,2292,1105,572,274,142,75,30,4,0,0,0"
americas,1881,"0,0,7,204,819,2513,6479,14102,27554,59908,163986,456732,1028794,1886477,2962926,4114051,5179580,5855050,5931145,5599892,5361544,5608639,6475287,7776848,9055925,9562989,8433158,6415593,4394331,2784836,1595117,850933,449382,224997,106487,51510,25832,12987,6357,2956,1460,778,384,200,105,48,7,0,0,0"
americas,1882,"0,0,3,192,824,2547,6672,14737,28884,60968,158861,435396,991499,1836479,2918727,4080359,5164524,5877621,5993737,5675677,5421072,5646987,6540294,7865667,9161376,9726415,8749209,6774513,4691238,3012445,1738802,924864,494327,253223,122111,59101,29573,15144,7842,4054,2212,1230,624,305,150,65,12,0,0,0"
americas,1883,"0,0,10,249,988,2982,7650,16725,32829,67250,166831,448265,1012044,1873915,2977136,4161532,5263187,5967547,6055974,5714388,5456320,5702382,6636787,8020157,9371097,9976139,8988724,6971369,4825587,3093272,1782474,946170,504569,258200,124527,60283,30218,15480,8018,4148,2264,1258,638,314,156,66,12,0,0,0"
americas,1884,"0,0,0,162,819,2653,7156,16107,31522,63958,154336,404666,929344,1750424,2826482,3979980,5098467,5914953,6182462,5952929,5708200,5894971,6776724,8168816,9579764,10269505,9330923,7310997,5092527,3272204,1886817,997873,527116,268177,128907,62156,31017,15770,8043,4054,2157,1166,577,276,135,56,13,0,0,0"
americas,1885,"0,0,12,281,1136,3476,8923,19580,38194,74071,171237,451154,1060158,1985909,3109504,4237714,5234879,5912260,6092669,5897084,5770731,6143330,7187484,8682490,10071405,10573643,9338580,7125322,4875269,3076208,1750166,929016,493770,250855,121429,59496,29834,15012,7503,3702,1933,1030,501,255,131,54,8,0,0,0"
americas,1886,"0,0,5,266,1128,3515,9107,20149,39485,75559,168085,435811,1024507,1948743,3107036,4281427,5283000,5944340,6150307,5983470,5877751,6246089,7301338,8836368,10273802,10814417,9608902,7387123,5091488,3231584,1843415,979117,521950,264891,127248,62053,31286,16049,8229,4169,2219,1179,555,263,131,52,10,0,0,0"
americas,1887,"0,0,25,378,1429,4244,10686,23257,45467,84233,183060,467755,1090205,2058322,3248823,4433413,5393618,5984223,6139674,5956754,5860798,6264494,7340477,8848981,10254758,10835731,9814654,7749294,5432707,3504935,2020719,1068627,570026,290496,139141,67145,33555,17043,8723,4460,2404,1318,662,332,166,70,15,0,0,0"
americas,1888,"0,0,62,517,1824,5270,12853,27497,52907,96045,211089,527990,1188210,2177487,3371506,4537983,5417207,5965337,6091558,5912670,5840221,6264303,7426409,9157131,10800950,11499926,10268124,7891401,5407470,3401269,1925909,1015064,535767,269733,129245,62990,31560,15951,8058,4017,2107,1125,544,272,138,55,14,0,0,0"
americas,1889,"0,0,47,488,1773,5151,12829,27744,53965,97575,206154,506285,1146299,2131149,3334542,4534009,5459117,6044295,6212484,6061945,5987365,6387808,7482963,9037856,10546970,11307176,10419050,8367098,5931872,3855658,2244818,1186365,631085,323533,155693,74621,37177,18848,9654,4973,2639,1451,725,360,179,78,18,0,0,0"
americas,1890,"0,0,8,347,1452,4456,11544,25577,50645,92543,185725,450170,1038392,2002318,3221999,4485280,5519556,6169605,6396709,6256818,6168867,6569764,7678955,9290026,10845427,11619317,10703977,8583634,6069392,3936975,2283425,1202051,638056,326624,156864,75202,37539,19029,9744,4996,2671,1471,737,365,182,80,20,0,0,0"
americas,1891,"0,0,0,256,1263,4071,10904,24653,49413,91252,177410,418650,965934,1901982,3119896,4417256,5523271,6245801,6550517,6463019,6410174,6851474,7977145,9629766,11169089,11855993,10865405,8718739,6159557,4005631,2315934,1214558,643420,328285,156861,74300,36670,18386,9356,4807,2565,1421,719,357,178,78,18,0,0,0"
americas,1892,"0,0,58,590,2127,6071,15076,32683,64216,115032,230898,536311,1178428,2187428,3418302,4658743,5620763,6229178,6426762,6272661,6189140,6515187,7537621,9080305,10720499,11685196,11187900,9390715,6876710,4566691,2767787,1516860,813254,426951,211165,100627,49804,25312,13133,6880,3599,1909,980,490,242,112,34,0,0,0"
americas,1893,"0,0,321,1323,3940,10166,22886,47221,88348,158720,329994,728034,1464548,2515906,3717132,4831109,5650728,6160513,6309219,6189261,6202334,6753663,8019397,9830688,11544800,12373304,11396772,9119012,6396943,4126690,2381197,1249761,660281,337618,162733,77340,38306,19449,10039,5269,2876,1623,842,426,216,96,22,0,0,0"
americas,1894,"0,0,346,1424,4227,10928,24468,50300,93920,167366,341478,743134,1485427,2546338,3769718,4914390,5764746,6288398,6425830,6269973,6243588,6762365,8016547,9868961,11742804,12810258,11866086,9413168,6573991,4174814,2369690,1230859,641788,322514,153159,73800,37341,19249,9909,5034,2664,1419,671,313,153,68,14,0,0,0"
americas,1895,"0,0,74,724,2559,7299,17948,38600,76267,136925,260071,567745,1208182,2216319,3470562,4748010,5803018,6482160,6728850,6622610,6573186,7013140,8201042,9903298,11579665,12460763,11802898,9809254,7134157,4698661,2816855,1530848,822551,433125,215197,103551,51882,26457,13711,7159,3751,1985,1014,503,249,115,31,0,0,0"
americas,1896,"0,0,196,1123,3593,9735,22768,47747,92556,163664,313409,667840,1352178,2356858,3585611,4832995,5853411,6522265,6741888,6631779,6574913,7054295,8298635,10120735,11970433,13010498,12251549,10030436,7152877,4673633,2721411,1428763,752405,385351,185578,88036,43999,22324,11513,6058,3326,1868,973,486,244,115,31,0,0,0"
americas,1897,"0,0,267,1336,4132,10935,25220,52624,101511,179275,342209,714590,1401471,2370744,3548788,4784349,5841348,6558466,6841306,6775473,6710510,7074456,8190495,9928739,11757168,12911733,12471050,10526152,7728556,5094141,3058521,1657075,878029,456273,224353,106377,52615,26707,13818,7252,3807,2026,1042,521,259,123,34,0,0,0"
americas,1898,"0,0,222,1253,3979,10688,24947,52186,101554,180028,334032,677015,1322319,2252475,3435716,4740380,5901919,6691028,7010507,6964470,6904024,7257936,8368112,10128922,12004180,13203329,12775416,10795447,7938232,5225751,3126589,1691709,895845,465004,228649,108496,53569,27036,13831,7150,3699,1936,964,464,224,108,31,0,0,0"
americas,1899,"0,0,303,1502,4604,12087,27846,58237,113504,202474,377887,744159,1388652,2340541,3587803,4985837,6165964,6848431,6959053,6676628,6359003,6360445,7062827,8756964,11177012,13298390,14045300,12520573,9357380,6199454,3743173,2048794,1067052,539393,254330,112560,52213,26433,13950,7354,3730,1855,900,448,221,103,43,2,0,0"
americas,1900,"0,0,406,1795,5352,13805,31349,65240,126332,225017,422396,814625,1461687,2436858,3735326,5172754,6339015,6961757,7020900,6717739,6401107,6415388,7130926,8869971,11307908,13463987,14265086,12817882,9593250,6341626,3827776,2087195,1078757,541132,252732,110011,50133,25309,13393,7113,3615,1800,865,431,211,99,35,2,0,0"
americas,1901,"0,0,202,1307,4192,11375,26802,56851,112647,204294,375923,726564,1328160,2243426,3523615,5010687,6304570,7078696,7217550,6874252,6366696,6047244,6328047,7651697,10104116,12931182,14907459,14472616,11420100,7785829,4765783,2600626,1293098,630831,283587,115299,45960,21448,11502,6451,3481,1745,792,344,144,54,16,0,0,0"
americas,1902,"0,0,280,1568,4882,13030,30323,64181,126482,227405,422516,818046,1475202,2468589,3786705,5244486,6459751,7106351,7138430,6751515,6251118,6013208,6386487,7783874,10339129,13221015,15230649,14779587,11652705,7942942,4847607,2650384,1325050,648434,292911,118756,47527,22503,12118,6708,3524,1728,789,336,139,51,12,0,0,0"
americas,1903,"0,0,295,1651,5117,13610,31474,66395,130620,234549,430437,814443,1449828,2398482,3688937,5155589,6412588,7125156,7254384,6948939,6479251,6168740,6421019,7643479,10066076,13048681,15323745,15283717,12415167,8630144,5361399,2953582,1447485,701311,307712,121863,46953,21421,11125,6016,3224,1650,791,345,150,55,15,0,0,0"
americas,1904,"0,0,310,1740,5373,14288,33116,69748,136956,244890,447067,841039,1485717,2442705,3742189,5212760,6473541,7182754,7307719,7019782,6588095,6370030,6762802,8227262,10863972,13828012,15907987,15420289,12191569,8329039,5079148,2775462,1385574,676846,305489,123992,49731,23652,12723,6980,3663,1815,830,354,148,53,14,0,0,0"
americas,1905,"0,0,327,1828,5641,14931,34302,71952,140795,252211,458779,843457,1464146,2369395,3612549,5086544,6393337,7169801,7388705,7175185,6758422,6435407,6627437,7751400,10174952,13281745,15774745,16039312,13379224,9500972,6000557,3360364,1652159,801786,357529,143708,55126,24841,12652,6582,3366,1674,793,326,143,57,16,0,0,0"
americas,1906,"0,0,136,1297,4356,12149,29164,62813,126257,231613,416085,778735,1395048,2312677,3579628,5085101,6452782,7314409,7541890,7291506,6783757,6320719,6303010,6966628,8714171,11437682,14535949,16199644,14997179,11747178,7959414,4772860,2402223,1143568,493244,187634,66466,29062,15180,7795,3612,1446,590,214,78,20,3,0,0,0"
americas,1907,"0,0,204,1561,5050,13769,32436,68990,136884,250248,461041,865289,1506833,2392498,3578989,4997290,6302756,7152438,7437998,7316592,6935676,6556778,6573868,7260399,9032803,11786105,14919584,16586975,15333825,11997581,8113625,4856117,2439421,1158562,499014,189579,66919,29224,15256,7832,3634,1459,602,220,78,20,3,0,0,0"
americas,1908,"0,0,290,1868,5847,15639,36522,77007,151763,282150,542116,1016241,1707963,2582652,3711298,5038163,6258519,7085002,7429608,7408748,7151014,6959695,7326546,8695656,11400152,14683387,17238927,17225792,14026055,9764875,6036451,3308750,1608481,771703,335792,131928,50435,22781,11746,6201,3243,1634,770,319,130,43,12,0,0,0"
americas,1909,"0,0,158,1501,4973,13714,32893,70681,143666,276313,533677,997619,1673620,2529830,3616918,4911112,6145754,7045798,7496850,7561439,7284419,6940990,7022291,7844000,9841488,12831869,16089916,17517341,15831929,12118608,8031140,4703484,2313168,1087309,458772,170813,59378,26105,13683,7114,3424,1488,648,242,81,14,3,0,0,0"
americas,1910,"0,0,164,1573,5211,14270,34198,73451,149475,286102,542973,999746,1666483,2515162,3610557,4910327,6145451,7074086,7547560,7634451,7343891,6948221,7003735,7897056,10083056,13351159,16719361,18168428,16284426,12340305,8084548,4704238,2316260,1089676,465969,177621,63892,27846,14396,7615,3838,1767,772,255,84,13,3,0,0,0"
americas,1911,"0,0,26,1041,3945,11385,28797,64163,133272,260212,488126,918100,1570690,2410189,3533427,4891570,6240302,7339187,7932663,8011761,7636075,7164967,7224082,8087631,10208755,13424044,16860217,18325311,16528663,12607229,8310433,4836872,2361032,1104042,465575,173580,60325,26239,13642,7068,3441,1553,682,239,79,14,5,0,0,0"
americas,1912,"0,0,116,1494,5134,14197,34531,74978,152658,287620,529658,968203,1601727,2396058,3491321,4841375,6228715,7426780,8072975,8099214,7636899,7128681,7152311,7972961,10006080,13192180,16722412,18579179,17131103,13344421,8955197,5315696,2650653,1248796,535792,203381,71420,30955,16158,8231,3783,1533,640,214,69,13,5,0,0,0"
americas,1913,"0,0,70,1337,4816,13551,33475,73662,150446,278675,493175,894233,1499902,2300959,3436597,4813089,6242914,7545178,8277463,8337840,7830379,7278238,7263625,8048764,9977225,13010466,16482863,18631120,17553711,13966746,9506816,5742281,2898438,1364031,588075,221179,76133,31898,16442,8346,3827,1523,641,220,73,13,4,0,0,0"
americas,1914,"0,0,197,1887,6240,16901,40651,87467,175004,311861,578465,1307526,2293288,3079861,4055450,5221647,6349423,7345511,7880688,8008509,7787302,7633414,8098721,9549739,12399433,15996217,18863727,19104597,15951795,11277794,7016357,3869773,1865673,885849,389129,154245,57420,25970,13353,7042,3713,1916,949,385,157,53,17,0,0,0"
americas,1915,"0,0,132,1704,5864,16106,39376,85781,173501,315715,582942,1311529,2393555,3301782,4327279,5501458,6528608,7354829,7767602,7863063,7731969,7681430,8192520,9645132,12460334,16103624,19057579,19411753,16336978,11616238,7260544,4012160,1926636,910101,396046,155767,57973,26273,13389,6956,3586,1801,886,356,146,55,20,0,0,0"
americas,1916,"0,0,138,1779,6121,16723,40313,87318,176305,322709,595058,1318234,2390643,3265981,4246326,5432442,6492623,7323735,7731786,7835931,7700083,7537927,7780558,8753752,10750303,13808909,17253880,19292125,18118060,14362825,9731038,5848228,2939983,1375468,593152,225266,77591,33083,17068,8637,4014,1608,679,245,79,19,2,0,0,0"
americas,1917,"0,0,35,1352,5130,14487,36246,80297,164098,306495,548749,1185902,2291769,3269907,4319494,5547596,6675247,7490975,7858132,7969445,7880155,7808845,8214536,9361100,11590245,14945675,18508199,19982541,18057454,13739329,8988505,5189673,2507710,1155305,482113,177810,60346,26973,14107,7307,3525,1543,709,261,74,7,0,0,0,0"
americas,1918,"0,0,150,1938,6663,18124,43489,93977,189803,343507,607301,1300794,2348460,3223742,4276751,5563351,6714820,7560680,7891473,8026713,7972407,7879703,8199805,9227109,11223087,14079081,17298418,19477501,18563655,14983103,10282124,6262903,3218508,1510682,658109,255550,88316,36809,19437,10270,5025,2093,858,295,102,29,10,0,0,0"
americas,1919,"0,0,0,1009,4436,12947,33294,76675,162455,315197,548631,958502,1649176,2644349,3918064,5433505,6878620,7956105,8451682,8567346,8506881,8353903,8597529,9593448,11614597,14413911,17615994,19775998,18803145,15151600,10379165,6314819,3240695,1517345,659762,256053,88152,36604,19303,10248,5027,2096,870,306,106,30,12,0,0,0"
americas,1920,"0,0,0,496,3194,10034,27066,64188,135466,266769,467226,808935,1434424,2387801,3645073,5227337,6853808,8176620,8835171,8935982,8853010,8652330,8806236,9746446,11885216,14951168,18517610,20630366,19308438,15270214,10276098,6143127,3065348,1418922,605897,227746,77177,32457,16823,8593,4056,1695,783,310,123,40,15,3,0,0"
americas,1921,"0,0,0,517,3325,10503,28399,67417,141812,277893,487229,854774,1526347,2529015,3827797,5401967,7040157,8395766,9019143,9088948,9044062,8936396,9191436,10373847,12821866,16222279,19899117,21301809,19037575,14383015,9299328,5336352,2570015,1176609,494180,186262,64775,28740,14933,7977,4107,1953,913,352,139,42,17,4,0,0"
americas,1922,"0,0,0,400,3037,9793,26796,64500,136901,270530,477883,833258,1489967,2483070,3756002,5310644,6955275,8355136,9077475,9169875,9136470,9052476,9293324,10329168,12658768,15997077,19755099,21613318,19808486,15321296,10110936,5914203,2888388,1325300,558841,210810,72286,31154,16233,8376,4024,1762,819,321,129,45,18,6,0,0"
americas,1923,"0,0,0,185,2389,8245,23191,57641,124789,250773,451993,780938,1405757,2386788,3673309,5248666,6898420,8371547,9248129,9417849,9433233,9413035,9595123,10529361,12496146,15162933,18193059,20643406,20054771,16560628,11563910,7115182,3800686,1807278,804676,330745,120057,48047,25709,13727,6669,2692,988,350,135,54,19,8,0,0"
americas,1924,"0,0,0,300,2869,9524,26155,63732,141539,302378,568752,990464,1692823,2715811,4021050,5526287,6963218,8162710,8910593,9118878,9216996,9319879,9666571,10744769,12828227,15609218,18745342,21216433,20509870,16799306,11670600,7159697,3810214,1807602,804844,332983,121700,48844,26029,13700,6451,2512,927,357,138,52,20,9,0,0"
americas,1925,"0,0,0,449,3413,10948,29489,70696,158841,343181,646446,1108560,1783981,2734348,4012554,5528643,6990791,8135472,8884543,9183010,9338761,9441212,9800881,10905747,13018335,15924466,19153848,21670215,20983122,17195841,11940618,7307368,3868080,1820845,807082,332099,120762,48279,25713,13512,6382,2481,905,370,123,47,19,7,0,0"
americas,1926,"0,0,0,468,3549,11370,30483,72007,154772,311365,553331,937462,1557055,2477349,3803684,5427231,7095776,8452866,9276556,9593501,9658852,9666883,9919621,10952451,12929060,15749980,18821705,21504866,21368188,18043200,12869784,7952779,4321616,2036579,907055,378570,142989,53830,27468,14325,7122,3122,1243,481,138,50,16,7,0,0"
americas,1927,"0,0,0,216,2786,9569,26557,65311,141433,283799,505795,845673,1432156,2329963,3705285,5483561,7241793,8702164,9625773,9935539,9962017,9938343,10188752,11303381,13349092,16319180,19601408,22225176,21764633,18059246,12652706,7733491,4116906,1920685,849252,348379,128433,49202,25316,13100,6288,2606,1012,410,108,32,13,4,0,0"
americas,1928,"0,0,0,0,1783,7132,20783,53847,120909,248196,458826,766386,1316139,2169305,3464888,5267526,7044773,8596568,9680859,10112333,10182925,10189812,10438664,11557256,13557506,16591394,20092770,22880925,22473858,18691322,13100356,8003096,4247154,1974820,872823,356034,130531,49864,25616,13431,6385,2678,1070,422,109,34,14,5,0,0"
americas,1929,"0,0,0,0,1851,7419,21663,55774,125718,257965,474463,793213,1375612,2267919,3604255,5427869,7189342,8708774,9779174,10167096,10163627,10110804,10330332,11386834,13407353,16420126,19767280,22771234,22923118,19584085,14058603,8645365,4735472,2233793,988016,417317,163461,61088,30385,15776,7776,3471,1362,491,80,24,12,3,0,0"
americas,1930,"0,0,0,242,3118,10756,29767,73875,160718,321434,563457,937848,1609569,2589715,4060817,5916944,7607995,9042651,9955705,10189515,10138530,10116951,10497733,11724463,13969011,17333932,21201457,24056014,23176810,18862841,12916427,7787481,4012444,1848401,800835,317927,110764,43921,23030,12131,5773,2310,872,314,80,25,10,2,0,0"
americas,1931,"0,0,0,563,4279,13806,37384,89827,191621,375492,639174,1056297,1773200,2808433,4367267,6279353,7975411,9451180,10349972,10604158,10592221,10506534,10912960,12241166,14899562,18721544,22934650,24947648,22748653,17452324,11364553,6553585,3156082,1421211,591728,219355,71269,30076,16014,8403,4061,1780,799,294,108,30,10,0,0,0"
americas,1932,"0,0,0,408,3888,13154,38061,93844,201872,392798,676299,1151788,1957947,3129612,4848899,6772298,8450762,9952049,10848270,11079149,11129278,11358171,12487064,14906793,18727808,22941554,25741618,24562584,19392465,12969977,7604827,3934508,1826314,830296,354354,134210,51590,24825,13717,7682,4106,2084,963,398,179,77,28,1,0,0"
americas,1933,"0,0,0,156,2982,11124,33445,83687,182532,362166,636777,1068282,1838095,2952267,4588832,6544822,8294957,9881721,10965349,11451385,11785449,12398428,13901054,16710940,20533831,24326156,26085145,23844104,18169615,11799110,6817239,3455452,1616217,742827,321927,126607,54315,26792,14316,7611,3853,1933,915,415,200,94,35,1,0,0"
americas,1934,"0,0,0,0,2220,9058,28244,73498,164305,331507,598515,1001098,1729730,2796607,4393660,6433151,8258959,9859019,10961783,11368024,11488928,11728609,12766371,15046914,18845023,23250845,26506643,25807286,20780826,14139348,8364466,4377359,2028535,919296,392603,149576,55833,25933,14051,7638,3978,1991,925,366,149,58,18,1,0,0"
americas,1935,"0,0,0,0,2304,9304,27936,72837,163230,331638,602710,997182,1705878,2743485,4281809,6326068,8157171,9719327,10804178,11243525,11380737,11472081,12109850,13688596,16638964,20630831,24855410,26388215,23465392,17551653,11113946,6243879,2938020,1303768,537210,198995,65368,27846,14530,7799,3993,1894,851,292,102,31,12,0,0,0"
americas,1936,"0,0,0,0,1198,6715,21298,58893,137687,286059,538479,899831,1533212,2516597,3923277,5965742,7937806,9637692,10972112,11665966,11905041,12015437,12401489,13694056,16227796,19594115,23382944,25768987,24091528,19075754,12702456,7477685,3728920,1674850,709042,273927,91632,36208,19067,10023,4834,1977,792,240,82,31,13,0,0,0"
americas,1937,"0,0,0,0,1239,6928,21751,59247,139277,293367,560897,950014,1627382,2659682,4086838,6095213,8017657,9661236,10949382,11614610,11821672,11924593,12193852,13349489,15607767,18813526,22414983,25401566,24762262,20460816,14201801,8554276,4479018,2033228,876068,350740,123512,43776,22594,11905,5728,2381,945,348,110,39,15,3,0,0"
americas,1938,"0,0,0,0,984,6326,20484,57695,136869,290907,564991,971241,1661731,2717486,4143836,6138359,8072359,9676992,10969252,11719672,12028565,12275498,12774309,14110871,16615976,20127500,24074203,26526861,24805184,19617066,13036534,7642555,3796367,1701245,723120,282076,96091,38328,19824,10362,5022,2141,954,356,118,46,17,8,0,0"
americas,1939,"0,0,0,0,1331,7420,23115,63101,147386,319570,637951,1109724,1872556,2976295,4399293,6309464,8187379,9635556,10775651,11495416,11930335,12342244,12862624,14163817,16481231,19773444,23535842,26343202,25290771,20552611,14009320,8332115,4275227,1927453,825560,329892,114777,42272,21682,11139,5198,2087,853,329,99,39,17,9,0,0"
americas,1940,"0,0,0,0,1381,7702,23886,64323,151082,331460,670257,1178801,1998270,3188111,4703041,6576017,8334845,9670640,10734938,11436274,11857014,12256249,12635195,13724778,15812085,18918727,22600239,25925886,25959102,22124609,15755223,9517716,5101687,2327958,993848,406187,152375,51264,24981,12755,6415,2963,1223,419,58,15,6,0,0,0"
americas,1941,"0,0,0,0,816,6184,20146,55337,133343,291718,596211,1059254,1800102,2969327,4476331,6378176,8299179,9813933,11031143,11798557,12084321,12262314,12212750,12606770,14126946,16822587,20580290,24819336,26931139,24797193,19104051,12242286,6888287,3267460,1396668,570675,217950,71404,28848,13797,7029,3584,1685,682,148,22,4,0,0,0"
americas,1942,"0,0,0,0,1491,8314,25587,67353,155988,335763,665655,1143880,1925508,3141479,4676097,6569721,8565369,10161320,11412511,12069515,12245209,12234216,11879143,11799375,12924655,15222481,18805342,23464035,27021908,26374734,21573747,14579902,8504671,4231778,1814510,742733,286770,96331,34450,16235,8052,4199,2104,893,250,41,9,0,0,0"
americas,1943,"0,0,0,0,615,5853,19495,53917,130250,283432,573216,1011406,1702514,2872357,4423182,6384292,8551789,10392695,11916306,12780440,12856095,12704013,12133811,11712993,12413270,14313115,17574343,22021954,26449154,27336398,23601602,16778587,10108745,5300906,2320773,954097,374906,133602,42370,19604,9496,4908,2497,1070,365,67,20,2,0,0"
americas,1944,"0,0,0,0,410,5272,18423,51751,125787,273291,549206,969597,1613180,2745001,4280748,6185183,8435946,10453370,12112688,13088132,13153266,12975581,12371493,11732129,12145226,13822674,16999974,21386312,26245684,28110288,25164933,18541012,11466380,6205960,2780866,1149396,452889,164362,50202,21638,10177,5059,2549,1136,388,81,24,4,0,0"
americas,1945,"0,0,0,0,426,5481,19006,53571,130712,283803,569304,1001003,1658332,2809424,4355879,6275294,8578668,10647424,12323501,13311494,13430046,13333445,12837622,12352388,12990386,14862473,18173345,22533469,27137508,28370646,24820994,17876223,10854618,5767713,2542238,1041823,409091,147554,44568,20050,9419,4784,2361,1031,354,66,20,3,0,0"
americas,1946,"0,0,0,0,0,3518,14104,41844,108668,243134,497050,909668,1501324,2551647,4052052,5915475,8258601,10478284,12331198,13636612,13996509,14053660,13879064,13670282,14738575,17030276,20755691,25558035,29221635,28385886,23193792,15647312,9090254,4507853,1919322,780385,298602,98556,33695,15824,7651,4001,2009,882,235,43,7,0,0,0"
americas,1947,"0,0,0,0,0,3659,14657,42699,110861,248755,510596,937467,1548721,2629408,4161907,6053548,8445688,10720263,12651692,14000208,14399613,14499399,14341343,14172163,15289187,17583229,21440018,26513952,30042271,28741194,23055178,15253439,8750093,4261517,1811371,738069,281693,92116,32327,15075,7482,3863,1877,863,213,45,6,0,0,0"
americas,1948,"0,0,0,0,0,1918,10686,33113,90334,210648,442745,846740,1426806,2422397,3927887,5817324,8251488,10651235,12688505,14283479,14895611,14934408,14832099,14646491,15674926,17869719,21576635,26508557,30326974,29454436,24061389,16217519,9414342,4678127,1999070,820615,318994,108451,37282,17296,8284,4211,2179,975,295,67,20,2,0,0"
americas,1949,"0,0,0,0,0,1144,8585,28283,80711,193763,411817,801912,1372141,2313963,3805878,5709475,8194112,10724085,12868115,14640671,15474915,15562342,15584450,15595524,16829263,19326126,23299192,28440373,31509990,29519999,23205311,15044043,8515975,4065048,1719896,702669,268658,89118,33575,16177,8042,4134,2134,985,319,92,36,13,5,0"
americas,1950,"0,0,0,0,0,1186,8963,29191,81726,195769,416020,816709,1399326,2329520,3815282,5674444,8067386,10709858,12982502,14820487,15761284,15888258,15873861,15643751,16512622,18626948,22190171,27125597,31240917,30719837,25497874,17432849,10195864,5131083,2188589,889735,341575,115453,36903,17651,8569,4439,2327,1109,338,73,25,4,0,0"
americas,1951,"0,0,0,0,0,864,8200,27396,77208,187864,402680,801126,1393044,2299592,3769571,5625413,7967932,10702112,13117748,15043050,16088413,16183653,16124210,15744989,16298244,18175230,21510071,26404541,31257171,31859621,27391864,19386607,11585760,6033420,2614800,1062130,412004,143889,41382,19458,9307,4777,2493,1207,412,87,34,10,1,0"
americas,1952,"0,0,0,0,0,341,6356,22924,66399,167193,366580,742929,1328902,2188681,3619579,5484338,7812907,10615682,13151160,15200432,16541476,16748810,16695912,16366114,16827253,18601289,21755673,26495747,31447369,32453507,28359352,20419429,12335076,6514538,2844315,1153389,447530,158676,44463,20377,9560,4711,2419,1249,492,124,59,17,5,0"
americas,1953,"0,0,0,0,0,349,6606,23785,68731,173830,382462,776332,1387650,2291009,3788406,5711450,8128802,10990137,13516684,15546374,16854902,17055078,16980511,16634459,17135141,18959795,22160709,27029167,32140614,33141248,28941950,20805289,12536929,6606196,2874868,1162213,450509,159173,43768,19849,9261,4521,2372,1276,436,126,54,15,3,0"
americas,1954,"0,0,0,0,0,6,4983,19864,59514,155862,351275,723585,1331455,2192735,3627557,5563358,7933500,10881053,13634003,15843390,17399196,17764982,17731082,17437740,17843795,19627330,22931634,27800356,32839835,33752160,29418079,21137335,12730881,6712277,2922199,1180468,456179,160081,42942,19317,8975,4391,2247,1220,392,82,25,0,0,0"
americas,1955,"0,0,0,0,0,1,3367,16356,50640,137477,318061,669439,1276350,2120898,3471275,5405678,7716935,10645789,13623361,15968425,17744319,18267593,18230844,17942102,18092338,19613967,22712758,27644357,33165939,34782900,30925943,22734526,13928498,7489906,3327783,1366239,540108,197438,59449,26680,13195,6799,3644,2065,929,390,209,99,50,32"
americas,1956,"0,0,0,0,0,0,3488,17027,52793,143349,329538,695245,1339451,2246175,3670869,5649473,7931136,10824396,13874104,16213456,17978646,18552155,18626641,18406877,18572648,20118534,23157983,28150417,33903707,35549215,31628956,23296396,14262794,7663500,3394768,1388369,546802,198067,58820,26270,12994,6638,3520,2016,928,374,201,97,48,30"
americas,1957,"0,0,0,0,0,0,2168,13813,45015,126994,299887,645004,1283103,2206637,3580047,5546732,7847981,10671586,13815169,16266117,18211101,19051898,19233322,19230608,19485306,20979451,24027403,29027744,34811030,36399008,32324522,23798198,14550058,7812199,3456871,1411776,554674,200062,58608,25741,12717,6363,3305,1902,924,341,180,84,40,30"
americas,1958,"0,0,0,0,0,0,1187,11111,38774,113730,276778,599982,1212872,2133276,3464710,5448873,7825266,10719841,14031671,16695454,18782717,19845230,20125507,20218430,20610294,22080694,25254182,30473814,36147026,37152172,32365920,23332296,14025866,7403946,3229507,1315177,516501,185603,53249,23840,11763,5870,3068,1800,846,312,172,83,37,21"
americas,1959,"0,0,0,0,0,0,480,8625,32342,99721,251119,557049,1145017,2067200,3374736,5382433,7857673,10853248,14304415,17107024,19299988,20570023,20753033,20644368,20749331,22013060,24885456,29747449,35588344,37629134,33910880,25398448,15723893,8536921,3818867,1548949,604558,217507,61407,25466,12511,6206,3208,1876,925,327,176,88,39,25"
americas,1960,"0,0,0,0,0,0,39,6528,26761,86366,225479,507978,1053421,1940646,3164267,5095762,7597586,10580491,14210835,17309930,19691321,21207065,21474621,21332845,21369337,22389953,25158261,29945372,35903029,38587569,35255655,26883797,16888964,9291572,4237734,1724227,675826,246517,70430,26496,13026,6388,3305,1941,942,342,191,97,44,23"
americas,1961,"0,0,0,0,0,0,28,3475,19813,70382,192737,450011,942459,1770962,2902086,4681612,7206783,10260881,14103944,17534668,20233789,22061745,22550731,22296288,22327880,23215876,25863825,30684874,36836082,39647247,36211206,27651636,17362058,9552029,4355886,1772334,695921,254445,72330,26371,13036,6366,3280,1929,974,344,188,103,47,23"
americas,1962,"0,0,0,0,0,0,21,2761,17732,65062,182375,431285,909574,1725926,2860328,4625753,7173868,10315774,14274985,17840191,20646463,22651741,23231266,22874934,22806111,23655993,26150466,30779762,36990542,40288482,37328603,29041698,18544783,10322871,4791772,1952525,767115,281998,81798,28154,13749,6594,3276,1876,970,337,183,98,42,21"
americas,1963,"0,0,0,0,0,0,16,3663,20244,71306,196075,460163,969835,1838890,3009830,4819021,7426585,10501141,14453997,18214064,21112385,23215199,23757856,23513797,23396911,24110279,26377835,30699429,36940495,40647531,38202349,30283428,19669256,11052915,5202527,2109118,817702,297427,83053,25066,11599,5008,2136,1136,599,125,51,25,3,0"
americas,1964,"0,0,0,0,0,0,16,2920,18332,64689,182608,436299,928959,1791902,2947470,4643165,7211847,10195642,13952507,18050440,21226493,23545555,24263468,24106891,23972576,24361328,26198086,30263120,36371980,41116949,39770102,32701368,22050769,12667150,6230477,2569935,1007896,374929,116409,30596,14268,6267,2639,1273,764,191,71,32,11,0"
americas,1965,"0,0,0,0,0,0,8,2982,18769,64630,183204,438698,935948,1814167,2999032,4717205,7327669,10358813,14121581,18376948,21709547,24056376,24785255,24604710,24338997,24497385,26101055,30025756,36204750,41609162,40891000,34255920,23580226,13686766,6875100,2871076,1132130,429194,141035,36249,16531,7259,3020,1403,820,249,91,40,15,0"
americas,1966,"0,0,0,0,0,0,12,2319,17008,58998,171063,417739,900506,1767304,2956309,4634279,7247004,10336561,14100591,18476430,21973822,24491328,25376835,25150263,24828765,24732947,26004399,29497627,35260740,41266954,41829870,36283117,26003626,15476636,8060919,3443271,1360059,517483,179231,43713,19152,8283,3433,1556,913,249,105,44,20,0"
americas,1967,"0,0,0,0,0,0,4,1668,15321,53980,160477,401448,874854,1734272,2931878,4568481,7164086,10311994,13998484,18474699,22266997,24929100,26027992,25863327,25615703,25456245,26504374,29794615,35329599,41397039,42493274,37419438,27324325,16489447,8725103,3781493,1496091,568084,197795,48853,20010,8724,3609,1591,1014,271,97,42,17,1"
americas,1968,"0,0,0,0,0,0,4,690,11751,45055,140224,360206,797583,1605068,2795291,4357321,6886784,10118583,13793813,18421660,22642162,25616097,27071306,26984614,26650406,26247229,26831352,29805097,35127085,41397774,43152829,38571050,28719751,17582938,9434523,4157520,1647670,627101,220752,55537,20751,9107,3765,1677,968,279,103,46,17,2"
americas,1969,"0,0,0,0,0,0,2,78,8748,36805,120562,321154,729337,1491091,2663677,4162907,6600544,9879664,13585149,18319395,22797753,26035448,27815869,27878641,27448203,26920696,27215630,29829494,34926231,41473364,44015703,39956491,30393734,18932714,10305004,4626864,1839095,702995,250686,64995,21975,9667,3977,1750,971,320,108,47,18,0"
americas,1970,"0,0,0,0,0,0,0,68,4607,27179,97523,272500,641351,1335730,2458155,3897043,6170902,9477414,13276185,18114471,22894562,26438438,28644712,29042191,28620034,28441858,28839247,31422388,36683160,43271822,45188968,40338174,30126820,18449435,9921299,4375316,1737937,664336,234456,57952,20479,9084,3749,1642,884,388,102,47,16,0"
americas,1971,"0,0,0,0,0,0,0,57,1999,18879,76426,224289,550834,1173868,2222501,3613820,5690590,8961907,12862778,17775668,22859156,26776608,29355567,30214335,29737505,29441577,29676291,31845021,36782620,43430286,46013191,41693046,31763963,19793984,10793888,4857164,1937968,746066,267620,69927,22589,10254,4288,1919,1128,478,139,68,27,1"
americas,1972,"0,0,0,0,0,0,0,37,464,12013,58431,182806,470328,1031166,1995164,3343842,5236210,8371885,12329588,17196430,22608443,26891916,29814077,31116573,30727527,30166984,30212421,31781867,36136207,42729972,46559678,43450649,34405270,22275956,12441531,5836506,2351908,908443,331043,92830,24991,11552,4965,2213,1297,530,157,81,37,7"
americas,1973,"0,0,0,0,0,0,0,24,151,5349,40154,139315,381863,875087,1736881,3008179,4763656,7672166,11669888,16661170,22359695,26942836,30250489,32030154,32026495,31187028,31171489,32426550,36320172,42826121,47292253,44762126,36141110,23906930,13506026,6476519,2626007,1017275,373360,109309,25670,11855,5074,2188,1288,590,134,67,31,2"
americas,1974,"0,0,0,0,0,0,0,11,126,3264,32837,119593,336594,790185,1600812,2830906,4507737,7232451,11208686,16137409,22030097,26977653,30646987,32783760,33217033,32442138,32476989,33507069,37167615,43731755,48400017,45827532,37016941,24528314,13875023,6669506,2710050,1053756,387619,113884,26605,11613,5023,2144,1256,640,125,64,27,3"
americas,1975,"0,0,0,0,0,0,0,2,98,2886,32015,116502,329091,778045,1585287,2819417,4515669,7219851,11274148,16314152,22274376,27413105,31200940,33487158,34162260,33637376,33916047,35124969,38812450,45465941,49539653,46135986,36592941,23783961,13320876,6269431,2528411,979913,356303,99953,24495,10802,4670,1906,1111,672,94,39,10,0"
americas,1976,"0,0,0,0,0,0,0,0,68,1035,22419,92095,270266,662306,1394779,2550208,4182331,6704918,10686518,15821979,21986690,27523715,31649338,34219735,35250614,34535065,34394866,35306124,38455728,44636590,49625050,47463735,38958855,26322507,15039306,7368899,3004408,1164376,425966,126862,27372,11520,5091,2038,1070,702,115,26,8,0"
americas,1977,"0,0,0,0,0,0,0,0,35,418,18776,83701,252925,631145,1345823,2483626,4115521,6616468,10577227,15767628,22130876,27864640,32137056,34832764,36077479,35227142,34733988,35414392,38349932,44363977,49993105,48575255,40596182,28012963,16187648,8103452,3338893,1296318,478749,146889,29561,11778,5317,2122,1065,749,145,25,6,0"
americas,1978,"0,0,0,0,0,0,0,0,11,249,14497,73017,227277,580320,1263225,2383420,3983656,6374862,10271740,15392132,21798836,27959621,32621869,35688690,37123415,36257681,35377271,35615287,37967822,43300971,49359803,49339775,42603125,30561762,18096593,9379527,3948209,1526875,561618,179032,31664,11278,5000,1963,1055,827,111,22,6,0"
americas,1979,"0,0,0,0,0,0,0,0,0,139,12294,68246,213009,546365,1198018,2297377,3878709,6138686,9935040,15057353,21318016,27868959,33017074,36329377,38037564,37450502,36639322,36830602,38869760,44103995,50420218,50443832,43547447,31274467,18533156,9626879,4057836,1572767,580045,183466,32125,10137,4391,1715,970,853,88,11,0,0"
americas,1980,"0,0,0,0,0,0,0,0,0,61,7912,57713,185464,484426,1080670,2093866,3584260,5716452,9270213,14409976,20699082,27559393,33323491,37116063,39223849,39193016,38279198,38413551,40234088,45280340,51502525,51419322,44339001,31822915,18859734,9802419,4136517,1605256,593207,186797,32777,9618,3471,1344,915,755,27,0,0,0"
americas,1981,"0,0,0,0,0,0,0,0,0,49,14832,76968,234279,590333,1272314,2423192,4078980,6330298,10151148,15417067,21376069,28109666,34234686,37892460,39805652,39463999,39111832,39447695,40991611,46117528,52171522,51720697,44271153,31469759,18505152,9521355,3967167,1524482,555740,166639,23654,7115,2545,983,861,730,0,0,0,0"
americas,1982,"0,0,0,0,0,0,0,0,12,441,29222,120346,324618,716361,1445596,2627850,4344527,6740232,10657199,15981603,21866337,28786259,35110271,38646553,40660837,40810953,40576452,40590800,41017999,45696831,51656368,51079542,43625430,32282486,19209795,10064286,4330413,1713669,647180,219103,43736,7274,2046,695,729,688,0,0,0,0"
americas,1983,"0,0,0,0,0,0,0,0,0,1348,25692,114247,339185,814909,1679839,3171246,5281451,8380136,13119436,18994974,25669261,31933585,37263550,39694931,40122915,39421436,39135413,38677141,38819588,42968943,49388358,50227218,44027131,33589644,20475139,11061833,4937091,1992915,745334,237522,36794,7087,1180,549,521,440,0,0,0,0"
americas,1984,"0,0,0,0,0,0,0,0,0,884,20735,105071,321110,793724,1666330,3087870,5071351,8136851,13126613,19240712,25897650,32665246,37927054,40298009,40893541,40284137,39477847,38933822,38249597,42924319,48814307,50507077,45532933,35419162,22483125,12256109,5473975,2237234,884132,311012,67517,7162,1073,548,522,448,0,0,0,0"
americas,1985,"0,0,0,0,0,0,0,0,0,377,21238,112021,338108,805695,1618332,2878430,4712247,7524904,12287978,18393614,25215401,32646066,38485633,41475944,42851124,41907049,40866179,40176164,40095691,43959864,49108360,50964841,46141661,35665246,23017124,12752887,5920240,2481293,979734,353667,86522,7287,1081,560,536,459,0,0,0,0"
americas,1986,"0,0,0,0,0,0,0,0,0,1049,24685,99589,273914,616281,1201099,2019147,3140909,5172428,8658612,13739573,20729840,28536373,35867162,41860686,45243486,45742885,45475999,44211185,42783628,45310719,51781984,53211405,48419929,38173498,26087986,14217748,6894991,3012818,1256827,520873,186860,31171,6192,2163,4366,5986,0,0,0,0"
americas,1987,"0,0,0,0,0,0,0,0,2281,6709,32763,125642,338123,767407,1522319,2650666,4294430,6778295,10686706,16642152,23748127,30944794,38191442,43664212,45842293,45159228,43814692,42291168,40969732,42772079,49063295,52383106,49012149,38973331,27075812,15067816,7242118,3090583,1253584,520411,196962,43232,5639,1207,4406,6168,0,0,0,0"
americas,1988,"0,0,0,0,0,0,0,0,271,7030,51701,180068,451509,954564,1783325,3023332,4846090,7430333,11373758,17086535,23783932,31051106,38993607,44286966,46559575,46027173,44329342,42581708,41731005,43801262,49717760,51903728,48535413,39373437,27366695,15294876,7629232,3441006,1448616,607030,235760,56922,4020,2127,4279,5565,0,0,0,0"
americas,1989,"0,0,0,0,0,0,0,0,145,8214,55202,191543,470962,972717,1783798,2964537,4614755,7193268,11121663,16521223,23342274,31147929,39549933,45847410,48470526,47792007,45639746,43519861,41629582,44495864,49706207,52825895,49686748,39991196,27537664,15745054,7778902,3507710,1571098,705388,306812,101031,13479,8267,12797,13078,0,0,0,0"
americas,1990,"0,0,0,0,0,0,0,0,0,6386,49307,184420,486848,1049504,1942721,3300220,5464404,8589430,12955596,18248306,24763690,32931533,40028058,46723176,49159843,48678432,46815483,44393608,42702319,44903535,49838454,52399566,48905099,39361249,26498673,15054722,7253730,3173036,1375118,588001,240030,63959,7932,6021,7026,7329,0,0,0,0"
americas,1991,"0,0,0,0,0,0,0,0,60,6169,48269,180520,479517,1042437,1925172,3209039,5200098,8087076,12527493,18398886,25067025,33294721,40970178,47868998,50790841,49849450,49127694,46985878,44458504,45699795,49633136,52751029,50082806,38477014,26092448,14516899,7274359,3296671,1438148,631035,256476,61783,9744,7202,7718,6076,0,0,0,0"
americas,1992,"0,0,0,0,0,0,0,0,192,11108,67779,223184,560512,1179508,2112739,3397738,5322584,8084315,12523624,18683984,25664297,33833952,42755814,49530123,52362338,51381828,50090504,47240673,44333556,45774068,50839462,53634281,49417039,38242064,26229929,14680818,7390082,3354000,1454757,627772,248965,55638,4918,2759,3382,3135,0,0,0,0"
americas,1993,"0,0,0,0,0,0,0,0,0,12252,78023,271138,669195,1333229,2236939,3409849,5248372,8036775,12467366,18706195,26034279,34934981,43694567,50504283,53324090,52129691,49707678,47147471,45561305,47402391,52038884,53680647,49751838,38344057,26523873,15159034,7682293,3537598,1599073,757031,376740,185593,76802,33525,34789,30320,0,0,0,0"
americas,1994,"0,0,0,0,0,0,0,0,0,317,39884,198555,545301,1158768,2037004,3231239,5128783,7986206,12399247,18624087,25723431,34417446,43871927,50310573,53251664,53239885,50167057,47540367,46399683,48628391,53714818,55487854,51277702,39847921,27515831,15790328,8133764,3816216,1749947,833163,410960,196738,75898,29867,31229,30150,0,0,0,0"
americas,1995,"0,0,0,0,0,0,0,0,0,4251,68693,248320,591940,1112883,1832410,2877740,4607360,7540060,12086056,18442776,26298222,34731979,43903184,51118242,53465616,53715455,50935918,48063275,47664169,49462733,54015281,56617221,52569661,41519176,28535645,16457288,8608495,4087942,1870366,898022,449570,222193,93046,39051,37380,34312,0,0,0,0"
americas,1996,"0,0,0,0,0,0,0,0,0,21287,101937,304864,671666,1307774,2231333,3477549,5359986,8466230,12982677,18894195,26840068,35827287,44428290,51297954,54206625,53423233,50948476,48478074,48222856,50474793,54799930,56315256,52168689,41209947,29215233,17187378,8930212,4197630,1895363,884541,430092,213442,95514,51400,54849,49611,0,0,0,0"
americas,1997,"0,0,0,0,0,0,0,0,0,3221,66841,254134,633015,1265914,2185713,3525989,5584827,8778208,13474801,19265282,26795822,35283339,43229250,49821559,53411505,54303764,52365833,49310207,48796665,51323791,55075456,57738239,54093144,43018480,30160541,18047427,9654165,4704060,2179803,1039700,517207,258697,119298,45997,25350,16540,4553,2532,1507,955"
americas,1998,"0,0,0,0,0,0,0,0,0,12740,107088,346559,768107,1356311,2187774,3434735,5520325,8939460,13434082,19171756,26595883,34162575,42874730,51477471,55620562,55586985,52560942,49364995,48252477,50352507,54558241,57622863,55700875,46146277,32231456,19388018,10136826,4828163,2271735,1057776,512075,249902,121723,68200,43228,31118,14765,9478,6199,4126"
americas,1999,"0,0,0,0,0,0,0,0,0,4072,55756,236702,614789,1254025,2183538,3497265,5601680,9053566,13708904,19460481,26717905,35684394,45412589,52543154,56713892,57085807,52714504,48585577,48144078,49505380,54406118,57045915,55854818,47231173,33423351,20028514,10741093,5371471,2535542,1218708,605214,293869,124488,53774,49550,46288,16110,6492,2865,1374"
americas,2000,"0,0,0,0,0,0,0,0,0,5044,67493,249945,612140,1206313,2060898,3277969,5158974,8066015,12343870,18413921,26192904,34718492,44003528,52285933,57477962,58794088,56009867,51201193,48766904,50862970,55238979,59348229,57899904,48297016,34279992,20466725,11010081,5255875,2441085,1153364,575209,287268,132236,71097,66667,59376,0,0,0,0"
americas,2001,"0,0,0,0,0,0,0,0,0,3299,67533,270212,682983,1372705,2323839,3605072,5506374,8434449,12749772,18590007,26269248,35326078,44737169,53631705,58181344,58592322,55848366,51541197,50139962,51852700,55821846,59807747,58033349,48526061,34749370,20733133,11103821,5344422,2476873,1153803,570170,296778,161917,95994,60357,41614,22950,14651,9461,6179"
americas,2002,"0,0,0,0,0,0,0,0,0,1487,45901,208895,546630,1118462,1951975,3151571,5053788,8094144,12369660,18162090,26663053,36878843,46634620,55363186,60632629,60746504,57650147,52468098,50035214,51120508,54330490,58905834,57858306,49069491,35526350,21588244,11524411,5506140,2609436,1244661,615595,309639,233174,207239,172271,134629,95315,65595,43102,27247"
americas,2003,"0,0,0,0,0,0,0,0,0,19749,104203,306504,669419,1210889,1981383,3100482,4949275,7883954,12005933,17811297,26220310,36109961,46238433,56118710,61905600,62372823,59367008,53884908,51021978,51256737,55972074,59462769,57618037,48008165,35500756,22596338,12325578,6227762,2985069,1455082,726777,372201,295479,260549,215250,167036,119819,82583,54374,34445"
americas,2004,"0,0,0,0,0,0,0,0,0,1699,38912,170617,451511,937050,1663069,2744015,4519119,7315218,11265566,16887697,25141464,35297013,46186908,56484545,63146550,63715876,60901201,55858431,53040495,53735847,57981435,60658956,58858685,50234510,36222624,22156623,11826177,5930335,2816861,1366256,688433,345328,179304,104147,64928,43456,23201,14825,9641,6369"
americas,2005,"0,0,0,0,0,0,0,0,4239,32920,116106,307925,642744,1142743,1857566,2905014,4582595,7118453,10788083,16010855,23271825,32871293,43858731,54294666,61462847,64742749,64202165,59266810,55827758,55929423,59067813,62001208,59819513,50345857,36753915,23066807,12620922,6456022,3162435,1595128,837002,514189,405549,323264,250172,186403,125030,85115,56157,36069"
americas,2006,"0,0,0,0,0,0,0,0,180,6926,51088,175035,422953,843415,1471840,2394364,3811777,5935029,9140676,13580475,20371437,30200820,41418330,53107076,62853118,67154938,67024354,62550897,59160966,59084717,61801074,63188625,60565167,52216947,38231042,24262729,13222072,6771970,3344679,1694055,887958,487861,380608,319632,256803,196972,137440,93624,61174,38591"
americas,2007,"0,0,0,0,0,0,0,0,570,8227,51266,152058,327012,614177,1077957,1831806,3014844,4882730,8014674,12704370,19443635,29175854,40932167,52096507,61859640,67549440,68880659,66457781,62322978,60897406,62470840,65191460,62972278,53430610,39356503,25042791,13810802,7171326,3551828,1761355,878919,456906,243000,141768,90349,61666,33977,22515,15184,10382"
americas,2008,"0,0,0,0,0,0,0,0,398,7261,43827,132810,288706,544002,956618,1634687,2757762,4508747,7362165,12001213,18441124,27611748,39723656,50918323,60952179,68472339,71116989,70133434,66582772,64053094,66248615,66493430,63260807,53502395,39181448,24586943,13367985,6725071,3237817,1607427,825579,460294,355778,286282,226310,170678,113322,75952,49044,30707"
americas,2009,"0,0,0,0,0,0,0,0,525,11131,62577,169355,335027,556280,899753,1502479,2587563,4414541,7197807,11609950,18235710,27435180,39480420,51675181,62579374,69931086,71493938,69785683,66733280,65999278,67673807,67124472,63598036,54186812,39799870,25124503,13772255,6967148,3346756,1643706,830285,549522,440569,358825,280424,212425,146356,99868,65821,42104"
americas,2010,"0,0,0,0,0,0,0,0,379,22714,91382,211365,376994,586304,874494,1376303,2333505,3986146,6456454,10350929,16596780,25536021,37582216,51362983,63600587,70950068,73651302,72969272,70200758,68446460,69170818,68440091,64376162,54543496,40159424,25796899,14192082,7053037,3294352,1574405,804072,547630,382852,276809,200208,146942,96022,65384,43882,29078"
americas,2011,"0,0,0,0,0,0,0,0,181,3474,24060,77719,174172,346164,657864,1211505,2164647,3734755,6019930,9537836,15313447,23904256,35580614,49324215,63020006,72098560,75274566,75671818,73599633,71817018,72225790,69733987,65234660,54840724,40563126,25995475,14537795,7466003,3639905,1791442,900727,509942,419195,339556,261197,191642,130330,86654,55608,34666"
americas,2012,"0,0,0,0,0,0,0,0,97,3066,22922,73704,161873,308421,570188,1061302,1967188,3527060,5820796,9301103,14999069,23255747,34535537,48335394,61849791,71651535,76281144,77887070,76037809,73680088,72768041,70922002,66877967,56336025,42010924,26656621,14928863,7716393,3749388,1837617,927826,531850,446996,368199,286976,211534,144322,95915,61341,38016"
americas,2013,"0,0,0,0,0,0,0,0,220,4465,25732,71738,147512,270335,483313,873560,1605986,2992680,5227328,8674104,14297210,22641053,33879597,48139861,61774661,72629558,77340565,78361875,77984570,76957999,75159769,72908114,67453445,56920112,42453641,26961452,15128296,7836131,3857718,1930093,984415,540567,413524,315685,233370,167963,111308,73602,47392,29867"
americas,2014,"0,0,0,0,0,0,0,0,148,7328,47358,122400,228302,366890,555446,860411,1475916,2728591,4873311,8348785,13998875,22336207,33547268,48565685,62635382,73675151,79392919,79990557,78776783,78026669,77408385,75561589,67273005,54274286,40658895,27209154,15984929,8689324,4407349,2168018,1063754,588008,468009,370061,277800,198177,131098,85014,53326,32590"
americas,2015,"0,0,0,0,0,0,0,0,186,4429,31810,90363,178845,308417,504950,828464,1417684,2583725,4602968,7791587,12970821,20759242,31738199,46802136,61914206,73748897,80504307,81441996,80340505,78818176,77879157,76057494,70389202,56682647,43092487,29241248,16842272,9040861,4608409,2310162,1148417,602207,458653,364582,277019,199040,129097,83034,51475,31013"
americas,2016,"0,0,0,0,0,0,0,0,213,3916,27757,84660,177321,327273,574312,979979,1673175,2945521,5008181,8129544,13057151,20623256,31759692,46040140,61081870,74349249,80866633,82156248,80560695,77659028,76335187,74829639,70624051,60223002,45701109,31224941,18126501,9829231,5031489,2540121,1287947,687852,511099,387531,285888,202997,132695,87205,55879,35098"
americas,2017,"0,0,0,0,0,0,0,0,262,9998,56841,141017,262960,426988,637675,1004434,1713421,3079051,5243559,8225306,12743123,20031385,31108049,45515436,61311078,74187156,81430417,83280616,82441144,79312875,76793746,73622012,70270191,61946847,47790489,32624946,19183023,10384465,5229488,2571020,1278102,667570,380127,228943,145082,93188,52947,32783,20190,12407"
americas,2018,"0,0,0,0,0,0,0,0,167,4462,27852,80751,167527,310782,555886,976387,1733588,3119741,5217998,8135115,12666674,19811677,30603744,44811453,60671807,74682692,82851185,84177253,82050326,79003448,76625276,74731653,70675414,63620798,49359171,34211295,20058402,11025075,5763446,3009025,1582599,835507,456447,272895,170070,109427,65344,41594,26663,17248"
americas,2019,"0,0,0,0,0,0,0,0,156,27794,81219,176862,298042,424555,640391,1040007,1783327,3124827,5224650,8271967,12837042,19795816,30610219,45118782,60657914,74076508,82318203,83649651,82120866,78380898,74322665,73468672,71512599,64520551,51501731,37009539,22572773,12706627,6743920,3540215,1880105,995450,524489,303129,183092,114136,68702,43593,27997,18178"
americas,2020,"0,0,0,0,0,0,0,0,461,10543,45278,108715,200767,328396,520206,856245,1461790,2580982,4525691,7575162,12279270,19749777,31642000,47027968,63439288,78114589,86738568,85440794,78735625,71856755,70975226,72925944,72549496,66601072,53903030,38429107,23158923,12770569,6597645,3347101,1753224,936816,651120,481012,344559,239127,158039,103455,66319,41801"
americas,2021,"0,0,0,0,0,0,0,0,351,19758,66133,148386,258978,394575,589994,976402,1801067,3326483,5602738,8801070,13220650,19859319,31031360,46561420,63879236,77796957,83901136,82006193,75537042,72740892,73762096,75536212,74989248,68937848,54479107,37801839,23026606,12583073,6480546,3309418,1710211,909745,636613,471514,336047,230517,147516,93871,58334,35629"
americas,2022,"0,0,0,0,0,0,0,0,39,25722,76992,167782,289601,421596,599216,910132,1488164,2567703,4370037,7197653,11405632,17831425,28156643,43605675,61368658,76758265,86944773,89514536,86998653,80321272,76783273,77385265,73845192,66051534,51689773,35887009,21269991,11772816,6151187,3199753,1707194,953379,666012,475828,329709,221175,139333,87705,54177,33027"
americas,2023,"0,0,0,0,0,0,0,0,11,5446,40384,108271,216173,369391,580669,883456,1372104,2289600,3887733,6486310,10756396,17351848,27510573,42457149,60167492,76797245,86757133,90114048,88987774,82364910,77496713,77460892,74465671,66626268,53617615,37618333,22705389,12876260,6805146,3467362,1780285,942162,532038,315010,192474,120039,71753,44907,28348,18062"
americas,2024,"0,0,0,0,0,0,0,0,55,4766,38745,110319,218332,366354,560830,838378,1312783,2187765,3669036,6235680,10485462,16700214,26468449,40895848,58956686,75548901,86640404,90803389,90845331,84548155,79400124,78473142,75274233,67165409,54804807,38840810,23692059,13431732,7163046,3673469,1919441,1012663,558466,325744,196646,121330,72436,45247,28543,18174"
americas,2025,"0,0,0,0,0,0,0,0,39,5034,37282,106983,213074,360854,559559,841539,1327616,2224573,3750334,6248058,10202696,16446841,26403248,40571665,57909433,75064820,87153870,91323249,90750488,85360130,80571054,79135589,76360181,68199138,55608913,39439632,24101285,13728879,7347426,3780683,1952748,1036809,718789,521039,361472,240345,150382,92923,56113,33373"
americas,2026,"0,0,0,0,0,0,0,0,17,3644,29707,93388,192541,333576,526512,801049,1268412,2131820,3590806,5988814,9804367,15748668,25245065,39080310,56371388,73971093,87077564,92135939,91853515,86344678,81036517,79213111,77052438,69477214,57726582,41668552,26065159,14960307,8094531,4170294,2131489,1067867,503318,314377,209279,142029,90700,60433,40809,27671"
americas,2027,"0,0,0,0,0,0,0,0,17,2998,27627,89748,187585,326859,517544,786919,1242512,2082866,3498825,5824603,9535316,15323758,24631390,38271648,55569881,73382491,87054046,92732534,92933059,88007793,82421362,80341925,78039916,70429448,58558846,42280019,26432747,15154058,8198124,4226432,2161793,1084365,511685,318782,212216,144239,92710,61769,41857,28490"
americas,2028,"0,0,0,0,0,0,0,0,0,2267,23680,83033,178268,314944,503595,769735,1215839,2031661,3395939,5633043,9220702,14794934,23754532,37028034,54209543,72292127,86585554,92936879,93639200,89109884,83374264,80959229,78859282,71488861,60094590,43923206,27907717,16101235,8780887,4539297,2323036,1172106,548393,333566,221093,150034,96923,64080,43339,29445"
americas,2029,"0,0,0,0,0,0,0,0,0,1744,20441,77300,170533,305496,492680,755857,1194684,1990464,3309065,5475510,8957658,14329974,22978077,35880976,52904845,71150904,86038216,93134774,94183052,89997595,84009412,81335923,79532605,72675243,61745531,45705530,29489280,17092233,9386368,4866637,2490913,1261260,591526,349712,231291,156999,102192,67312,45570,31005"
americas,2030,"0,0,0,0,0,0,0,0,0,2206,21421,78242,171052,305654,492825,757690,1201183,2005869,3338506,5520405,9031631,14465049,23219388,36283361,53508847,71909966,86913619,93821694,94701132,90282308,84089405,81381618,79609283,72841331,61912458,45840948,29587599,17154413,9422620,4886223,2501076,1267005,595135,351989,233252,158502,103516,68432,46511,31773"
americas,2031,"0,0,0,0,0,0,0,0,0,1772,20442,76335,168821,302669,488288,749689,1186611,1976796,3275811,5412749,8861853,14184993,22755902,35522736,52573840,71007480,86448645,94059894,95662164,92005416,85838500,82855832,80735611,73652936,62482032,46224953,29834263,17304380,9510393,4938573,2531018,1284418,604625,356723,236209,160819,105872,69804,47598,32635"
americas,2032,"0,0,0,0,0,0,0,0,0,1292,18631,72228,162522,293190,473920,726089,1138478,1894911,3150193,5214179,8554672,13741806,22123076,34747010,51685260,70290036,86149571,94469945,96401194,93469344,87229114,84007209,81774048,74684238,63424291,46941744,30285660,17543551,9637447,5004661,2565570,1303081,613839,360802,238828,162655,107726,71002,48557,33411"
americas,2033,"0,0,0,0,0,0,0,0,0,890,16729,68500,157049,285574,462944,707637,1098570,1826471,3048721,5055066,8328226,13409682,21536543,33912543,50762665,69557379,85961485,95219485,97754850,94996141,88672423,85237774,82740887,75398972,63956393,47296786,30502285,17667246,9705743,5041713,2584445,1310423,616803,360964,237446,160602,106131,68691,46442,31578"
americas,2034,"0,0,0,0,0,0,0,0,0,772,14384,63002,148527,274301,449768,691673,1073739,1779474,2954211,4869947,8020622,12924292,20723796,32767401,49428466,68334065,85319681,95439820,98322350,96013931,89583635,85751015,83272792,76305123,65215916,48838328,31995639,18654944,10323681,5384454,2761185,1409025,665401,379248,249209,168454,112231,72406,49018,33371"
americas,2035,"0,0,0,0,0,0,0,0,0,486,12909,59248,142715,265612,436548,670492,1031687,1703463,2833959,4671059,7695294,12426394,19935184,31634770,47986531,66919645,84452734,95663470,99297949,97848451,91484275,87329923,84564395,77449847,66199536,49573564,32466793,18907437,10459443,5457884,2801144,1431116,677727,385006,253774,172853,117397,76565,52731,36557"
americas,2036,"0,0,0,0,0,0,0,0,0,272,11709,56338,138047,258695,425865,652948,995907,1636236,2732020,4521497,7460605,12087485,19446453,31018999,47149183,66122893,83875729,95730125,99841741,99123227,93177290,88803314,85734726,78329409,66826439,50014686,32748750,19076666,10557104,5513227,2832090,1448977,687549,389345,256538,174773,119324,77785,53718,37366"
americas,2037,"0,0,0,0,0,0,0,0,0,228,10923,53371,132726,250435,413542,633542,958970,1565815,2619822,4341447,7169921,11646250,18758889,30045125,45909952,64961393,83283534,96090114,100810025,100713030,94839853,90141984,86800737,79347653,67738370,50716220,33222085,19334151,10696313,5589974,2872732,1471790,691566,319233,172933,102604,63852,36459,24056,16476"
americas,2038,"0,0,0,0,0,0,0,0,0,110,9971,50986,129211,246052,408525,627448,947943,1543559,2576211,4254335,7023769,11419756,18346188,29333654,45026241,64062253,82721841,96254713,101680737,101985372,96141813,91358506,87826478,80132037,68337238,51131484,33483912,19483042,10777992,5633850,2894005,1481943,696348,322410,174720,103695,65319,37297,24556,16847"
americas,2039,"0,0,0,0,0,0,0,0,0,73,9292,48542,124652,238833,396900,608502,913335,1477026,2470483,4085951,6741501,10979793,17652303,28298991,43607907,62593489,81649080,96152953,102477842,103638701,98223433,93209990,89268444,81199825,69081024,51646167,33814271,19680427,10892557,5698964,2930020,1499575,705070,325892,175954,104114,66117,37786,24705,16973"
americas,2040,"0,0,0,0,0,0,0,0,0,44,7212,43369,115704,225886,379511,586150,879711,1412292,2367770,3929688,6488988,10598980,17095625,27537522,42593060,61534960,80725787,95653293,102265940,103601594,98648705,93377302,89631926,82250049,70594450,53523571,35589154,20850237,11610990,6100046,3137036,1609171,765582,350065,187627,110350,69736,40223,26061,17846"
americas,2041,"0,0,0,0,0,0,0,0,0,18,6577,41288,111817,219551,369887,570543,850761,1352652,2270119,3775933,6241459,10215704,16491496,26629588,41310366,60096431,79567112,95337837,102947465,105057028,100649919,95188231,91011936,83250135,71293305,53998593,35900966,21041003,11722809,6165027,3172947,1630085,778022,356318,190967,112211,71383,41572,26714,18315"
americas,2042,"0,0,0,0,0,0,0,0,0,0,5951,39422,108569,215567,365257,565247,841670,1332826,2232176,3696637,6086615,9979357,16092978,25886049,40313780,58990323,78689591,95064278,103536987,106151848,101790546,96183047,91985077,84188887,72186956,54695252,36371703,21288393,11846777,6229133,3206569,1646931,787118,362149,194237,114106,72884,43152,27420,18821"
americas,2043,"0,0,0,0,0,0,0,0,0,0,5364,37318,104155,208286,353687,547569,813555,1277894,2143491,3568216,5881442,9655144,15639866,25273442,39492290,58063076,77876079,94642736,103664647,106814220,103277638,97725536,93238288,85179970,72881335,55183842,36698405,21489120,11965783,6298150,3245590,1669351,800220,369217,197811,116349,74341,44641,28182,19386"
americas,2044,"0,0,0,0,0,0,0,0,0,0,5205,35681,99965,201112,342708,530730,785834,1223303,2052504,3426654,5656809,9297347,15069711,24375178,38221599,56595683,76646215,94186997,104241021,108066508,105107069,99483883,94609222,86166675,73573503,55647891,37006680,21680297,12079772,6364407,3283925,1691811,815966,379808,203799,120311,77238,47344,29660,20444"
americas,2045,"0,0,0,0,0,0,0,0,0,0,4706,33752,96062,195055,333519,516328,761218,1173355,1968532,3297737,5451115,8975425,14564710,23573584,37051266,55113508,75226768,93328227,104389565,108953323,106724842,101071885,95973145,87318947,74584905,56420707,37549817,21983553,12240818,6453346,3333168,1718488,831444,388440,208277,122925,79015,49159,30505,21046"
americas,2046,"0,0,0,0,0,0,0,0,0,0,4360,32223,93092,190901,328197,510308,753052,1156143,1934479,3234354,5328132,8776968,14283276,23096152,36424703,54398951,74601826,92978568,104672545,109674724,107730636,102123631,96860083,88039095,75075246,56755258,37760466,22104336,12306979,6488849,3351403,1728211,836764,392059,210619,124425,80010,50354,31106,21493"
americas,2047,"0,0,0,0,0,0,0,0,0,0,3184,29251,86440,180613,313873,491198,726633,1106287,1844919,3092412,5101667,8411790,13708536,22188900,35138293,52773513,72991756,91778338,104281712,109778296,108508900,102899846,97538979,89075233,76350224,58437944,39405584,23273963,13045208,6912882,3572795,1843739,904152,419339,223552,131264,83899,53282,32694,22499"
americas,2048,"0,0,0,0,0,0,0,0,0,0,2836,27813,82742,174506,304082,475911,702968,1061706,1762968,2964106,4898393,8084353,13207985,21430404,34018851,51321656,71491905,90653449,104037325,110297975,109913138,104544922,99019876,90327018,77434809,59266489,39997067,23613512,13229026,7014786,3629289,1875367,922499,429985,228614,134137,85869,55241,33732,23152"
americas,2049,"0,0,0,0,0,0,0,0,0,0,2780,27039,80172,169514,295968,463152,682658,1022287,1689048,2852538,4735777,7829780,12841514,20937839,33436294,50527719,70720879,90108653,104055132,110683817,110856341,105783242,100035022,91108175,78014969,59650324,40259261,23783874,13333949,7078078,3666144,1896739,935582,438103,232632,136645,87429,56583,34691,23735"
americas,2050,"0,0,0,0,0,0,0,0,0,0,2538,25879,77351,165322,290587,456848,674207,1006190,1656648,2788020,4605875,7609410,12488889,20292977,32433250,49305715,69475274,89236130,104082560,111540361,112095893,107141813,101269329,92105992,78716075,60118892,40544047,23933083,13404874,7112867,3682306,1902492,936118,437773,232059,135724,86581,56666,34583,23560"
americas,2051,"0,0,0,0,0,0,0,0,0,0,2406,24880,74018,159281,281009,442213,652004,966263,1581320,2670347,4420164,7302879,12007034,19513810,31248818,47726251,67856535,88133537,103979986,112248873,113589945,108945242,102841312,93277829,79559721,60672482,40914802,24165089,13541418,7192854,3728149,1927851,951489,447126,236544,138117,88001,58206,35390,24116"
americas,2052,"0,0,0,0,0,0,0,0,0,0,2289,24220,71712,154770,273292,430080,632906,931589,1512669,2564247,4264228,7057270,11652042,19016345,30610590,46790153,66834994,87234887,103616639,112398747,114278045,110050093,103848344,94185251,80443998,61371559,41426913,24469580,13703847,7284029,3778670,1955776,967481,457149,241579,141080,89813,59564,36497,24751"
americas,2053,"0,0,0,0,0,0,0,0,0,0,2131,23315,69027,149992,265615,418237,615409,902120,1454029,2474083,4129582,6838184,11324791,18494444,29739125,45636915,65574881,86258160,103352917,112996493,115461878,111387929,105074064,95164091,81107260,61801886,41702544,24626497,13787518,7328192,3801173,1967612,974315,461625,244828,142762,90787,60859,37434,25258"
americas,2054,"0,0,0,0,0,0,0,0,0,0,2102,22972,66990,145447,257545,405241,595579,869376,1388164,2366010,3964363,6566068,10912244,17923364,28971925,44629299,64502740,85425148,103132568,113350274,116306450,112778739,106268462,96066850,81743979,62200481,41968439,24804531,13904996,7401631,3845277,1993364,989354,470738,250054,145270,92329,61926,38493,25821"
americas,2055,"0,0,0,0,0,0,0,0,0,0,1142,20264,61648,137544,247651,394266,583800,851685,1354344,2295974,3824123,6302880,10442918,17111949,27702695,42885357,62483860,83495242,101784936,112687575,116339571,113215295,106935301,97303144,83398229,64332766,43972557,26239136,14781758,7902564,4109983,2132210,1065947,506699,266848,153773,97028,65105,40799,27061"
americas,2056,"0,0,0,0,0,0,0,0,0,0,1134,19713,59520,133687,241620,385007,569328,826278,1299729,2205480,3688609,6090939,10136150,16634155,26919621,41817269,61226527,82451595,101389298,113201439,117475928,114429306,108049139,98189589,84022016,64731417,44220537,26381676,14857660,7942954,4130978,2143262,1072128,510816,270124,155890,98223,66233,41991,27615"
americas,2057,"0,0,0,0,0,0,0,0,0,0,1129,19349,57756,129619,234077,372729,550564,797492,1243745,2110896,3550812,5881569,9809537,16166390,26265211,40901309,60106103,81360710,100634584,112987375,117844211,115646673,109438978,99326718,84877803,65328588,44607758,26628544,15008271,8033283,4183604,2173336,1089679,521992,276152,158855,100093,67454,43122,28272"
americas,2058,"0,0,0,0,0,0,0,0,0,0,1119,18889,55863,125002,226376,360371,531251,766792,1183936,2004938,3379924,5597340,9349175,15451535,25141146,39341498,58240797,79759176,99839760,113270980,118996336,117447582,111230852,100721091,85878819,65991273,45038311,26905068,15173923,8131503,4240295,2205635,1106599,532214,282246,161287,101301,68334,44330,28749"
americas,2059,"0,0,0,0,0,0,0,0,0,0,1114,18638,54637,122558,221695,352849,519595,748609,1147251,1942342,3297416,5487794,9200134,15262569,24919064,39065749,57853717,79294877,99425804,113218601,119160948,117669550,111512918,101128920,86313139,66403470,45395682,27132759,15278435,8184878,4269540,2221129,1114109,537445,285944,163986,103101,69546,45425,29498"
americas,2060,"0,0,0,0,0,0,0,0,0,0,1110,18233,53066,118433,214662,341320,501512,720859,1095788,1846787,3142633,5238553,8794188,14626305,23933679,37646530,56092544,77635207,98376229,113130304,119990466,119321089,113383144,102668374,87390239,67096878,45811814,27385299,15430332,8276657,4326455,2254242,1133643,549771,293156,167238,104900,70740,46803,30272"
americas,2061,"0,0,0,0,0,0,0,0,0,0,1101,17897,51904,115784,210448,335586,493959,709100,1072705,1798561,3042264,5043505,8456544,14076030,23033549,36369703,54471829,76031599,97251252,112947542,120697066,120821391,115094518,104043506,88357152,67748178,46219527,27647239,15590713,8372503,4382873,2286646,1152731,562017,300308,170691,106825,72011,48159,31086"
americas,2062,"0,0,0,0,0,0,0,0,0,0,1096,17617,51035,113045,205826,327639,481075,689265,1035172,1731068,2952152,4924457,8280104,13831065,22623981,35746597,53637551,75231814,96660920,112838414,120959484,121175032,115605905,104619439,89045944,68356845,46681008,27935206,15730600,8443008,4418832,2305394,1161718,567578,304516,173275,108545,73131,49227,31783"
americas,2063,"0,0,0,0,0,0,0,0,0,0,1091,17442,50197,109968,199922,317505,464721,663455,989221,1643776,2813142,4700595,7902477,13232352,21713583,34518696,52116673,73725790,95705888,112765781,121598714,122508855,117158521,105900526,89971054,69003794,47100444,28214959,15905373,8549115,4482233,2341952,1181490,580333,312413,176748,110443,74258,50543,32602"
americas,2064,"0,0,0,0,0,0,0,0,0,0,341,15291,45995,103012,190248,305116,449601,642727,954889,1575476,2707046,4544825,7632986,12798496,21092831,33676459,50904155,72303662,94151088,111445712,120600954,122064008,117349450,106780171,91199829,70812774,48841160,29567625,16762572,9052205,4751868,2481760,1264266,613776,340429,199597,128562,88114,61122,40788"
americas,2065,"0,0,0,0,0,0,0,0,0,0,339,15144,45275,100300,185055,296495,436413,622640,919988,1504891,2592367,4364828,7349270,12372103,20390481,32607122,49544463,70889462,93204777,111414790,121512650,123314835,118615494,107784030,91908968,71265826,49112819,29728214,16851056,9100222,4776815,2494737,1271396,618569,344087,202105,129875,88927,62253,41615"
americas,2066,"0,0,0,0,0,0,0,0,0,0,338,14841,44383,97390,179541,287022,421327,599591,882431,1429366,2465126,4163456,7012304,11858011,19617583,31535547,48058279,69322989,91892783,110896513,121758855,124370611,120224883,109208710,93014460,72037876,49612499,30057795,17052393,9219007,4846042,2534482,1293574,632096,352247,206023,132030,90261,63324,42610"
americas,2067,"0,0,0,0,0,0,0,0,0,0,336,14740,43986,96067,177429,284152,418013,595653,875925,1415349,2434720,4103366,6917866,11700253,19333204,31014775,47350134,68436397,91152093,110486442,121763190,124611430,120604550,109768494,93670622,72655442,50042346,30301997,17155588,9258470,4859374,2539529,1294137,632558,353354,206821,132597,90661,64041,43056"
americas,2068,"0,0,0,0,0,0,0,0,0,0,334,14483,43268,93880,173165,276407,404877,574556,842108,1350031,2327395,3939506,6647089,11276891,18694061,30136996,46123479,67063965,89902682,109816301,121766985,125336190,121970102,111056457,94687994,73388112,50520216,30619987,17354331,9377753,4930612,2580738,1318024,647010,361962,210854,134534,91734,64777,43821"
americas,2069,"0,0,0,0,0,0,0,0,0,0,333,14416,42809,91881,169038,269126,393056,555699,811029,1287888,2217347,3763100,6367698,10830221,17980777,29077461,44639833,65293945,88403178,109149864,122068797,126465222,123590716,112525398,95742323,74123323,50979858,30907437,17532474,9484237,4993320,2617118,1339143,660181,370297,215333,136847,93139,66101,44842"
americas,2070,"0,0,0,0,0,0,0,0,0,0,331,14267,42313,89986,165224,262215,381756,538567,785499,1237814,2131415,3639736,6182952,10568087,17610519,28571164,44027574,64643562,87825827,108788185,122049835,126748516,124106790,113121903,96269057,74508403,51223574,31063970,17620836,9533167,5019564,2631028,1345115,663327,372663,217131,137917,93805,66595,45646"
americas,2071,"0,0,0,0,0,0,0,0,0,0,330,14132,41788,88118,161147,254805,369774,519590,755730,1182501,2031525,3481698,5939609,10169399,16942182,27520837,42495918,62627111,85783436,107427231,121682669,127341024,125549025,114867837,97916809,75860686,52149074,31648703,17935950,9700633,5111494,2683137,1373459,680234,383286,222734,140686,95530,68082,46706"
americas,2072,"0,0,0,0,0,0,0,0,0,0,329,14016,41329,86549,158019,249367,360880,505717,734947,1143869,1963466,3385579,5798149,9954145,16620307,27036017,41862869,61866887,85099750,106991352,121710914,127700392,126071118,115428586,98384446,76195105,52351459,31772151,18001062,9733481,5127939,2691322,1377497,682910,385628,224768,142278,96622,68837,47587"
americas,2073,"0,0,0,0,0,0,0,0,0,0,327,13895,40820,84967,154148,242333,349199,486932,705355,1089374,1857420,3209662,5520134,9502503,15919178,25973873,40378579,60020174,83401842,105955227,121592021,128558283,127649258,117091227,99661035,77090237,52931676,32136058,18227144,9869655,5207754,2738004,1404682,699213,395553,229374,143614,96693,68572,47200"
americas,2074,"0,0,0,0,0,0,0,0,0,0,326,13823,40384,84077,152116,239270,344641,480161,694446,1069659,1817957,3129595,5366923,9226926,15465480,25284523,39457365,58869495,82265193,105068903,121244680,128713010,128470781,118138348,100521043,77745548,53366812,32421331,18409288,9980173,5274024,2777049,1427861,712866,404733,235396,147501,99765,71109,49609"
americas,2075,"0,0,0,0,0,0,0,0,0,0,324,13753,40012,82832,149096,233871,335610,465940,673096,1033194,1749280,3025413,5219088,9008231,15123655,24718231,38610024,57734029,81113166,104285590,121078104,129240583,129253126,119026323,101222638,78221328,53669265,32603017,18513636,10037529,5304189,2792909,1436356,718107,408612,238197,149088,100703,71956,50546"
americas,2076,"0,0,0,0,0,0,0,0,0,0,0,11780,36502,77572,141412,224589,324486,450678,649047,989504,1665214,2891490,4998041,8639274,14594268,23968341,37616128,56297802,79364217,102416193,119501520,127880649,128685637,119599517,102550459,80393272,55763265,34269551,19543478,10637828,5625642,2963093,1530078,759367,428778,249755,155572,104823,74603,52443"
americas,2077,"0,0,0,0,0,0,0,0,0,0,0,11711,36183,76568,138506,219109,315226,435849,625878,951415,1592999,2775946,4823281,8368470,14162543,23259097,36652448,55023875,78069283,101451514,119323634,128522860,129579715,120626821,103369752,80951351,56116149,34480820,19665347,10704870,5661664,2981969,1540240,765552,433140,252957,157481,105920,75453,53385"
americas,2078,"0,0,0,0,0,0,0,0,0,0,0,11603,35812,75702,136163,214687,307332,422835,605813,919975,1530804,2674338,4675808,8138027,13819857,22803691,36024851,54174285,77151804,100697902,118852999,128290967,129933757,121284255,103952897,81398428,56437452,34689520,19805267,10795350,5717720,3016416,1560868,787107,487160,316884,218333,159896,120878,91112"
americas,2079,"0,0,0,0,0,0,0,0,0,0,0,11545,35351,74683,133514,210400,299873,410515,585520,885915,1463576,2558325,4488993,7834838,13326262,21978920,34881975,52706094,75643397,99616641,118607896,129028891,131003986,122484268,104899069,82043811,56837587,34927577,19939328,10865877,5753216,3033806,1569361,791784,489853,318873,219345,160371,121309,91761"
americas,2080,"0,0,0,0,0,0,0,0,0,0,0,11485,35130,74192,131481,206304,292166,397267,563795,851695,1398502,2448556,4330427,7593757,12969060,21493664,34294160,51889900,74758425,98758654,118051740,128818400,131397943,123225877,105574477,82546501,57194779,35151691,20085356,10960305,5812280,3070573,1591597,805468,498472,323684,221402,161654,122152,92414"
americas,2081,"0,0,0,0,0,0,0,0,0,0,0,11415,34641,73233,129122,202777,287022,390912,556903,844566,1394921,2459067,4356662,7642642,13063812,21547682,34227206,51525536,74038408,97851066,117283172,128350845,131305461,123479198,105835835,82767443,57317346,35238903,20117210,10971468,5820000,3078630,1597791,808935,500195,324806,222231,162136,122517,92791"
americas,2082,"0,0,0,0,0,0,0,0,0,0,0,11355,34374,72563,126930,198552,279643,378949,536897,812103,1335432,2357783,4206730,7424786,12701575,20931499,33273308,50112781,72391285,96392719,116513365,128334002,131887965,124530136,106942962,83725058,58061865,35741995,20403055,11132688,5911719,3132138,1628419,826210,510845,331021,224773,163617,123549,93780"
americas,2083,"0,0,0,0,0,0,0,0,0,0,0,11292,34150,72051,125398,195429,273660,368675,520211,786406,1287670,2276558,4091120,7255195,12459928,20591235,32870491,49677641,71934000,95960312,116158572,128188156,131910158,124720306,107172207,83915245,58189176,35821187,20450803,11160103,5927468,3141258,1633207,827877,512043,331824,225454,164002,123859,94109"
americas,2084,"0,0,0,0,0,0,0,0,0,0,0,11229,33681,71017,123154,191553,267025,357605,501578,757391,1235094,2176233,3928549,6993772,12010049,19847200,31758326,48116416,70070091,94320820,115264534,128271063,132896719,126212017,108499261,84850877,58840281,36231340,20704522,11313676,6017013,3193843,1664398,845719,522869,338228,228077,165464,124714,94963"
americas,2085,"0,0,0,0,0,0,0,0,0,0,0,11163,33471,70523,121475,187984,260614,346865,484493,731325,1190904,2099710,3820810,6857264,11824963,19582777,31412661,47693758,69607016,93834822,114902698,128051708,132819585,126292184,108682138,85019069,58960590,36312465,20752746,11341165,6032380,3202039,1668615,848289,524552,339371,228983,165970,125135,95345"
americas,2086,"0,0,0,0,0,0,0,0,0,0,0,11091,33113,69681,119493,184490,254723,336842,467360,703200,1138600,1995072,3643504,6573627,11354644,18830065,30311543,46228181,67863398,92326525,114074079,128108435,133720962,127682879,109914040,85872222,59552590,36686220,20984132,11483519,6116190,3251946,1698123,866026,535193,345865,231645,167416,126010,96187"
americas,2087,"0,0,0,0,0,0,0,0,0,0,0,11027,32830,69054,118211,181679,249675,327830,452154,678043,1093845,1913458,3519784,6391905,11087233,18464756,29820100,45651359,67207245,91678248,113558213,127865660,133806237,128000293,110306391,86179652,59773253,36825770,21067397,11532002,6142976,3266223,1705649,870516,538059,347673,232976,168178,126484,96487"
americas,2088,"0,0,0,0,0,0,0,0,0,0,0,10961,32618,68589,117030,179019,245065,320197,440079,658354,1058696,1842477,3408182,6244416,10884384,18161036,29391581,45092681,66497062,90868103,112875792,127515589,133658329,128119660,110678935,86666504,60186278,37129957,21224693,11606842,6180294,3285364,1715438,874804,540832,349628,234428,169290,127249,97077"
americas,2089,"0,0,0,0,0,0,0,0,0,0,0,10895,32322,67804,115150,175794,240068,312890,429496,642398,1029724,1782308,3290840,6025067,10488865,17518839,28404017,43735555,64851617,89434091,112078815,127448305,134383465,129230205,111712836,87423158,60723276,37466759,21472236,11771854,6283187,3346950,1752060,896299,554221,358115,238988,171704,128867,98452"
americas,2090,"0,0,0,0,0,0,0,0,0,0,0,10832,32118,67353,114065,173257,235679,305588,417807,623285,997581,1721710,3198129,5906337,10330345,17287761,28053904,43268663,64240803,88765583,111525163,127213364,134409134,129411276,111953923,87616455,60847048,37540713,21510038,11791837,6293515,3351784,1754276,897505,555077,358892,239765,172377,129389,98887"
americas,2091,"0,0,0,0,0,0,0,0,0,0,0,10763,31831,66740,112884,170745,231114,297252,403439,600161,960111,1649590,3076062,5706049,9997178,16787987,27366891,42418166,63286549,87822198,110763791,126717752,134405009,130054231,112748778,88199580,61289716,37840541,21706978,11921945,6373381,3400367,1784139,915200,565931,365437,242820,173811,130288,99427"
americas,2092,"0,0,0,0,0,0,0,0,0,0,0,8909,28966,62427,107308,164413,224971,290047,391875,579095,924911,1580922,2935893,5476160,9654824,16248630,26510564,41216739,61525087,85802401,108954882,125371154,133732917,130262190,113762880,89970752,63069416,39332354,22647461,12476714,6668642,3550074,1864436,950266,578262,373934,248740,178012,133185,101759"
americas,2093,"0,0,0,0,0,0,0,0,0,0,0,8853,28782,61981,106456,161973,220755,282536,379069,557745,890309,1515131,2822165,5309100,9402199,15885452,26025380,40537946,60667375,84894328,108159924,124828556,133601613,130697181,114399555,90472009,63458278,39600165,22814697,12587092,6738068,3592667,1890610,966071,587896,379919,251619,179484,134157,102440"
americas,2094,"0,0,0,0,0,0,0,0,0,0,0,8798,28532,61450,105424,159500,216463,275139,366983,538053,856834,1449944,2709502,5137661,9151388,15532381,25524639,39968142,60007832,84151439,107479868,124549586,133691434,131031150,114808557,90791246,63674502,39735207,22892820,12632085,6762890,3605950,1897376,969851,590097,381356,252831,180230,134656,102742"
americas,2095,"0,0,0,0,0,0,0,0,0,0,0,8742,28293,60756,104236,157613,213602,270158,358029,522167,831292,1401071,2616167,4993700,8911305,15120274,24846253,39060917,58821158,82955778,106580994,124128445,133857408,131544670,115553257,91497555,64212552,40126619,23104680,12736148,6814292,3632115,1911352,975965,593866,383838,254718,181444,135398,103508"
americas,2096,"0,0,0,0,0,0,0,0,0,0,0,8683,28094,60310,103277,155057,209086,263142,348652,509450,813128,1367024,2542720,4865470,8687981,14746979,24256686,38250602,57771935,81851755,105654745,123622009,133844404,132130940,116288682,92049709,64614601,40398209,23277589,12853616,6890308,3679310,1940269,993724,604253,390341,258756,183849,137080,104675"
americas,2097,"0,0,0,0,0,0,0,0,0,0,0,8623,27902,59857,102455,153355,206377,259133,343125,502026,801856,1348525,2509004,4804016,8570519,14548437,23943973,37809112,57190769,81175690,105000105,123139532,133652567,132191625,116504202,92268359,64781762,40516607,23348973,12897292,6914993,3693609,1948670,996062,604283,389707,257916,183068,136227,103897"
americas,2098,"0,0,0,0,0,0,0,0,0,0,0,8566,27664,59243,101426,151467,203255,254031,333754,484758,773018,1297754,2414315,4662048,8351426,14174553,23321051,36859544,55812240,79665727,103770646,122570826,133869974,133041807,117551254,93036221,65295984,40869623,23564730,13037470,7002589,3745575,1980205,1014850,615451,396445,261363,184579,137118,104729"
americas,2099,"0,0,0,0,0,0,0,0,0,0,0,8508,27439,58661,100310,149274,199414,247626,323198,468038,745703,1250770,2328498,4523261,8139933,13851385,22836146,36254612,55109547,78911779,103145095,122194988,133813893,133227532,117891788,93374600,65550345,41045398,23680932,13107035,7041071,3766262,1991308,1020607,618462,398103,262468,185165,137512,104952"
americas,2100,"0,0,0,0,0,0,0,0,0,0,0,8448,27242,58227,99497,147742,196702,243368,316060,456115,726384,1219732,2271935,4439284,8030364,13695465,22594289,35928687,54677924,78382051,102567492,121753504,133612836,133180988,117975642,93474026,65618883,41091097,23702331,13116719,7044894,3767349,1991386,1020656,618465,398349,262860,185614,137895,105246"
asia,1800,"0,0,0,0,2,557,7040,44416,185832,561326,1473092,3656398,9490851,23754634,46163994,69359841,91825608,103430739,99148912,81424260,57262719,35534233,20612451,11773533,6625514,3584165,1980541,1152946,672564,376133,199486,102411,53078,27810,13491,5450,1748,594,118,51,25,13,2,0,0,0,0,0,0,0"
asia,1801,"0,0,0,0,2,557,7044,44456,186029,561932,1475239,3664284,9517921,23833366,46324098,69598734,92136378,103771920,99465099,81674312,57431532,35636598,20670387,11805896,6643009,3593232,1985376,1155696,674115,376980,199930,102634,53192,27861,13517,5464,1749,595,119,52,25,14,2,0,0,0,0,0,0,0"
asia,1802,"0,0,0,0,2,557,7044,44452,186040,562182,1477053,3672156,9545333,23913138,46487208,69842772,92453115,104117745,99783378,81924821,57600356,35738688,20727938,11837853,6660192,3602076,1990078,1158350,675620,377801,200360,102849,53298,27921,13544,5473,1755,595,121,52,25,14,2,0,0,0,0,0,0,0"
asia,1803,"0,0,0,0,2,557,7050,44495,186289,563011,1479682,3680886,9573725,23994326,46651462,70088026,92771775,104466056,100104122,82177345,57770645,35841689,20786039,11870135,6677574,3611028,1994824,1161046,677134,378628,200800,103070,53411,27983,13573,5485,1764,597,122,53,25,15,2,0,0,0,0,0,0,0"
asia,1804,"0,0,0,0,2,557,7053,44540,186567,569493,1537305,3918381,10309406,25455706,48437481,71804374,93889418,104267539,99009962,80760392,56764159,35230015,20472220,11708603,6599399,3574624,1986263,1157918,676291,379566,201821,103704,53913,28312,13690,5491,1755,597,123,53,25,15,2,0,0,0,0,0,0,0"
asia,1805,"0,0,0,0,2,557,7313,48044,200925,603652,1587979,3994689,10399208,25580962,48601522,72005437,94149437,104568395,99297081,80991897,56921509,35325715,20527102,11739310,6615706,3582813,1990650,1160462,677737,380365,202238,103910,54033,28373,13728,5497,1763,599,123,54,26,16,2,0,0,0,0,0,0,0"
asia,1806,"0,0,0,0,2,557,7315,48099,201241,604732,1592888,4031829,10566958,26019999,49296057,73026065,95268918,105522595,99670252,80763978,56235724,34691344,20109797,11503738,6459600,3490816,1940794,1131561,657288,365776,193686,99644,51808,27073,12958,5105,1708,580,125,55,27,16,3,0,0,0,0,0,0,0"
asia,1807,"0,0,0,0,2,557,7319,48152,201558,605814,1596273,4042589,10600595,26111694,49474843,73288090,95603643,105881590,99995610,81016666,56404987,34793400,20167518,11535911,6476912,3499715,1945577,1134271,658808,366621,194132,99858,51922,27129,12986,5114,1710,583,125,56,28,16,3,0,0,0,0,0,0,0"
asia,1808,"0,0,0,0,2,557,7322,48207,201929,607620,1602318,4058897,10640870,26205989,49652130,73542784,95930061,106236395,100324128,81275068,56579194,34899009,20227539,11569459,6495024,3509065,1950605,1137121,660402,367498,194602,100098,52040,27203,13015,5130,1717,583,126,56,28,17,3,0,0,0,0,0,0,0"
asia,1809,"0,0,0,0,2,557,7326,48256,202192,608472,1605185,4069070,10674399,26298335,49832564,73807508,96268767,106601060,100656472,81534337,56753255,35004158,20287148,11602843,6513089,3518433,1955660,1139982,662024,368380,195065,100334,52164,27269,13050,5144,1724,586,127,57,29,17,3,0,0,0,0,0,0,0"
asia,1810,"0,0,0,0,2,557,7329,48316,202512,609325,1607862,4080539,10720027,26436391,50109761,74214819,96791889,107161804,101160157,81920756,57009538,35158103,20373608,11650689,6538475,3531299,1962437,1143762,664098,369480,195650,100636,52316,27349,13092,5166,1727,589,127,59,29,18,3,0,0,0,0,0,0,0"
asia,1811,"0,0,0,0,2,557,7689,52556,218658,645842,1664010,4198500,10984043,26995399,50928271,75382636,98034753,108250924,101618351,81744327,56366061,34576176,19992340,11433985,6391520,3445195,1915742,1116174,644224,355425,187572,96622,50196,26093,12353,4794,1683,576,128,59,30,18,3,0,0,0,0,0,0,0"
asia,1812,"0,0,0,0,2,557,7692,52635,219094,647338,1669264,4217009,11044265,27161557,51251901,75853298,98628533,108878972,102177471,82170024,56645875,34743059,20085811,11485511,6418699,3458881,1922933,1120176,646375,356576,188166,96926,50342,26172,12395,4817,1687,578,130,60,30,19,3,0,0,0,0,0,0,0"
asia,1813,"0,0,0,0,2,557,7700,52717,219512,648728,1674516,4236855,11110843,27346340,51612127,76376843,99288373,109576806,102799201,82643456,56956903,34928463,20189582,11542671,6448798,3473992,1930865,1124574,648747,357828,188816,97259,50491,26253,12429,4829,1694,581,130,61,31,19,3,0,0,0,0,0,0,0"
asia,1814,"0,0,0,0,2,557,7844,53964,223838,659366,1698550,4275947,11188426,27535731,51970509,76908563,99966387,110293241,103426279,83109638,57256119,35104573,20286941,11595937,6476350,3487522,1937986,1128522,650778,358818,189332,97502,50610,26308,12457,4843,1696,583,132,62,31,20,3,0,0,0,0,0,0,0"
asia,1815,"0,0,0,0,2,557,9079,65545,263158,748979,1873393,4655862,12089193,29276075,53846784,78637096,101242632,110470638,102817231,82093814,56370261,34477700,19935322,11385638,6360101,3430559,1916189,1116549,644615,356337,188051,96756,50373,26259,12441,4840,1699,580,133,62,32,20,3,0,0,0,0,0,0,0"
asia,1816,"0,0,0,0,2,557,7353,48699,204763,625675,1702182,4452364,11994677,29402468,54316669,79385582,102135199,111330687,103545831,82635631,56730287,34694958,20058902,11455423,6398615,3450929,1927052,1122426,647798,358062,188978,97224,50585,26367,12500,4870,1712,587,138,64,33,20,4,0,0,0,0,0,0,0"
asia,1817,"0,0,0,0,2,558,7722,53109,221666,664248,1763626,4589324,12308631,30056324,55273678,80742112,103546096,112563952,104093879,82510985,56138903,34170682,19717635,11259482,6263385,3372294,1884457,1096622,628799,344760,181462,93513,48592,25176,11804,4536,1669,576,137,64,34,20,5,0,0,0,0,0,0,0"
asia,1818,"0,0,0,0,2,558,8412,59755,244889,715142,1843920,4703322,12451166,30293426,55635869,81243562,104194175,113266339,104723030,82989285,56450772,34356086,19821949,11316887,6293357,3387275,1892486,1101156,631257,346048,182136,93852,48753,25268,11858,4558,1677,580,138,66,34,20,5,0,0,0,0,0,0,0"
asia,1819,"0,0,0,0,2,559,8435,59960,245838,718138,1852918,4730567,12532510,30504271,56027486,81801913,104888505,113989941,105360859,83470499,56765191,34542783,19926729,11374756,6323977,3402819,1900807,1105801,633772,347386,182843,94200,48927,25355,11896,4569,1688,583,140,66,35,20,6,0,0,0,0,0,0,0"
asia,1820,"0,0,0,0,2,561,8469,60085,245829,714791,1850726,4751912,12607713,30703265,56402527,82339239,105559668,114692189,105982672,83941901,57075204,34727658,20031062,11432910,6355016,3418837,1909446,1110601,636381,348765,183564,94550,49102,25443,11936,4587,1694,583,140,68,35,20,6,0,0,0,0,0,0,0"
asia,1821,"0,0,0,0,2,563,8516,60404,247121,718492,1860269,4776447,12675780,30880315,56735753,82816774,106151772,115319362,106549139,84377841,57365018,34903065,20131389,11488574,6384715,3433984,1917497,1115081,638799,350048,184248,94899,49267,25536,11977,4609,1700,590,142,70,37,20,7,0,0,0,0,0,0,0"
asia,1822,"0,0,0,0,2,565,8559,60733,248432,722009,1869466,4801729,12747142,31059833,57066655,83285599,106732007,115921491,107078474,84776545,57626350,35059430,20220382,11538321,6411304,3447726,1924922,1119274,641050,351220,184844,95201,49416,25605,12008,4620,1705,593,143,70,37,20,7,0,0,0,0,0,0,0"
asia,1823,"0,0,0,0,2,572,8630,61180,250134,716900,1822927,4671501,12508045,30851390,57109131,83401517,107293360,116919947,108200847,85620270,58109290,35322391,20358986,11610615,6448771,3471129,1940224,1128421,645612,353682,186531,96366,50188,26043,12266,4781,1801,636,153,70,38,20,7,0,0,0,0,0,0,0"
asia,1824,"0,0,0,0,2,577,9430,68148,273238,764460,1892214,4773129,12639754,31070274,57437583,83843248,107854268,117521393,108748825,86040647,58382507,35486053,20451323,11662855,6476259,3485433,1948145,1133085,648271,355065,187217,96718,50367,26126,12295,4779,1795,632,156,71,38,20,7,0,0,0,0,0,0,0"
asia,1825,"0,0,0,0,3,583,8768,61964,252529,728469,1900882,4978316,13505233,32926231,59458900,85810844,109250768,117656105,108014516,84896373,57453116,34839473,20099054,11453340,6364085,3434400,1929331,1122420,643048,353193,186207,96077,50207,26091,12282,4772,1789,627,156,71,38,20,7,0,0,0,0,0,0,0"
asia,1826,"0,0,0,0,3,589,7742,51029,213387,643777,1781684,4837145,13450079,33049063,59846154,86427330,110001583,118408880,108681074,85411802,57802016,35052263,20222095,11524386,6404120,3456185,1941465,1129398,646974,355308,187322,96661,50488,26237,12344,4790,1796,632,158,73,40,20,9,0,0,0,0,0,0,0"
asia,1827,"0,0,0,0,3,593,7810,51431,214847,647732,1792300,4866464,13532719,33251198,60205356,86931213,110624750,119062231,109269866,85866746,58105990,35235562,20327402,11583923,6436793,3473557,1951247,1135027,650095,356993,188182,97098,50702,26343,12398,4806,1803,633,158,75,40,20,9,0,0,0,0,0,0,0"
asia,1828,"0,0,0,0,3,599,8266,56453,233873,691286,1859302,4974038,13681357,33495609,60556708,87384796,111190024,119673230,109826010,86296921,58390338,35405204,20424048,11637936,6465636,3488473,1959537,1139861,652815,358436,188928,97477,50895,26439,12436,4818,1808,634,158,75,40,20,9,0,0,0,0,0,0,0"
asia,1829,"0,0,0,0,3,601,9073,63859,259268,743640,1938435,5092857,13820504,33694919,60823746,87746093,111667459,120207315,110322979,86687112,58653257,35565218,20516527,11690702,6494567,3503873,1968337,1145022,655673,359948,189719,97866,51089,26538,12474,4836,1813,639,158,75,40,20,9,0,0,0,0,0,0,0"
asia,1830,"0,0,0,0,3,609,9151,64387,261321,749263,1951273,5121111,13886533,33844382,61084755,88115009,112131995,120704745,110779232,87046708,58900278,35719726,20608132,11744288,6525066,3520896,1978274,1150954,658870,361566,190573,98320,51332,26659,12532,4852,1818,642,158,76,40,20,9,0,0,0,0,0,0,0"
asia,1831,"0,0,0,0,3,616,10000,71784,285945,800175,2025197,5221429,13985345,33948127,61174713,88220654,112306730,121006897,111184223,87429155,59219431,35942177,20747804,11826294,6572447,3548107,1993576,1159935,663465,363982,192050,99168,51779,26899,12675,4952,1888,686,173,76,40,20,9,0,0,0,0,0,0,0"
asia,1832,"0,0,0,0,3,621,10087,72384,288261,806290,2038253,5247493,14037625,34051858,61345525,88460214,112609824,121340200,111501668,87690176,59403243,36057009,20815765,11865983,6595188,3560841,2000888,1164290,666005,365400,192790,99555,51967,26992,12720,4967,1896,687,173,76,40,20,9,0,0,0,0,0,0,0"
asia,1833,"0,0,0,0,3,626,8792,59982,246138,717653,1915637,5103401,13952413,34066400,61519970,88771704,112984284,121704597,111826482,87945565,59583604,36169881,20882308,11905916,6619265,3574907,2008986,1169017,668753,366925,193592,99950,52167,27088,12761,4979,1900,690,173,77,40,20,9,0,0,0,0,0,0,0"
asia,1834,"0,0,0,0,3,631,8283,54246,225167,670979,1846284,5020416,13912676,34100716,61670158,89018922,113287012,122019296,112122827,88190182,59760864,36284392,20952260,11948207,6644516,3589727,2017659,1174291,671823,368541,194429,100392,52388,27204,12810,4996,1903,694,176,77,40,20,9,0,0,0,0,0,0,0"
asia,1835,"0,0,0,0,3,636,8927,60929,249991,727996,1936545,5141280,14024066,34203133,61745463,89098676,113418012,122211183,112333737,88380057,59903271,36381802,21017519,11989677,6669478,3603950,2026043,1179405,674799,369915,194985,100649,52532,27288,12852,5012,1905,696,176,78,40,21,9,0,0,0,0,0,0,0"
asia,1836,"0,0,0,0,3,643,9619,67526,273258,778529,2010378,5245321,14130659,34313068,61841216,89199493,113561758,122404275,112543724,88574363,60050654,36478968,21078348,12026725,6691138,3616138,2033177,1183699,677320,371286,195705,101025,52747,27395,12905,5029,1912,700,178,81,41,21,10,0,0,0,0,0,0,0"
asia,1837,"0,0,0,0,1,471,7283,51894,224045,678047,1871186,5073809,14019730,34302635,61980453,89432862,113866912,122733048,112888218,88899791,60320279,36664628,21198001,12094632,6730212,3640470,2048219,1192054,681796,373626,196842,101613,53053,27553,12972,5057,1917,704,179,83,41,21,10,0,0,0,0,0,0,0"
asia,1838,"0,0,0,0,1,474,7768,57317,244500,722139,1930718,5169387,14126377,34418906,62085062,89544163,114021592,122940754,113112115,89096550,60463924,36756811,21255022,12129652,6750777,3652262,2055279,1196459,684389,375002,197536,101981,53267,27660,13019,5075,1919,707,180,83,42,21,10,0,0,0,0,0,0,0"
asia,1839,"0,0,0,0,1,478,8002,59171,251022,738240,1963974,5212605,14174749,34484678,62181362,89698390,114244827,123201506,113366575,89307440,60612090,36847847,21306597,12158277,6767047,3661698,2060807,1199830,686363,376202,198236,102362,53467,27757,13062,5089,1922,710,181,83,42,21,10,0,0,0,0,0,0,0"
asia,1840,"0,0,0,0,1,483,7470,53167,229092,689834,1893540,5128065,14123671,34479637,62242283,89811809,114388590,123412022,113677268,89614882,60889962,37057906,21448179,12251218,6824911,3697653,2081657,1212259,693380,379893,200185,103371,53975,28027,13215,5190,1998,757,201,84,42,21,10,0,0,0,0,0,0,0"
asia,1841,"0,0,0,0,1,487,7537,53607,230883,694952,1906531,5156827,14178784,34571041,62375275,89995023,114614911,123656710,113896503,89783200,61005716,37128815,21488792,12276749,6843014,3708727,2089458,1218096,697100,382246,201780,104392,54566,28362,13399,5278,2036,769,197,81,41,21,9,0,0,0,0,0,0,0"
asia,1842,"0,0,0,0,1,490,7605,54014,232206,696732,1904533,5159059,14191196,34603623,62434211,90108171,114784371,123891705,114168749,90035657,61193864,37249528,21560042,12318476,6867165,3722409,2097398,1223005,700004,383912,202732,104943,54862,28526,13469,5305,2049,774,202,82,42,22,10,0,0,0,0,0,0,0"
asia,1843,"0,0,0,0,1,495,8112,59714,254041,746809,1979322,5268564,14303906,34715135,62520430,90182862,114889258,124043765,114336345,90190354,61312039,37330563,21616241,12357019,6891650,3737269,2106622,1228843,703677,385797,203576,105345,55083,28642,13529,5325,2060,777,204,84,42,22,10,0,0,0,0,0,0,0"
asia,1844,"0,0,0,0,0,355,7889,64550,277135,804108,2072753,5392050,14417476,34817305,62581025,90239713,114987591,124196131,114504205,90344184,61428966,37413318,21675920,12401088,6922634,3757725,2119756,1237476,709165,388944,205078,106044,55470,28828,13620,5362,2074,782,206,85,42,22,10,0,0,0,0,0,0,0"
asia,1845,"0,0,0,0,0,382,9942,81717,332331,912782,2223517,5588118,14588460,34939213,62608312,90224188,115013545,124300092,114652382,90497178,61549923,37496809,21731112,12435873,6943265,3769477,2126443,1241463,711542,390406,205914,106524,55740,28982,13691,5395,2086,791,208,88,43,22,11,0,0,0,0,0,0,0"
asia,1846,"0,0,0,0,0,448,11532,92772,365629,972067,2298456,5682325,14680827,35012983,62637431,90256738,115092526,124453737,114855936,90698942,61710143,37609943,21808135,12488531,6976994,3788763,2137367,1247867,715113,392519,207294,107344,56200,29226,13806,5445,2102,795,209,90,43,23,11,0,0,0,0,0,0,0"
asia,1847,"0,0,0,0,0,544,13631,105456,402758,1037780,2393418,5800097,14794474,35102286,62691626,90317811,115198952,124612285,115036040,90864657,61830837,37686580,21860016,12527542,7007943,3810678,2152267,1257036,720587,395492,208833,108119,56598,29444,13910,5483,2110,798,209,90,43,23,13,0,0,0,0,0,0,0"
asia,1848,"0,0,0,0,0,394,10216,83939,340930,932849,2255314,5651276,14705503,35126426,62874579,90608659,115526743,124938530,115342363,91122344,62016447,37802094,21929437,12572966,7039601,3832509,2165944,1265287,725503,398231,210237,108779,56876,29577,13973,5506,2115,803,209,91,43,23,13,0,0,0,0,0,0,0"
asia,1849,"0,0,0,0,0,555,13889,107420,410195,1055749,2425541,5850715,14862037,35187612,62805212,90486252,115449514,124948732,115420982,91224953,62102544,37858314,21963117,12591615,7050487,3840330,2171581,1269582,728464,400197,211617,109755,57531,29943,14171,5612,2183,849,238,106,53,23,13,0,0,0,0,0,0,0"
asia,1850,"0,0,0,0,0,699,16631,122136,451116,1122711,2509859,5936339,14933698,35210047,62737694,90373455,115335615,124885381,115432141,91276366,62161051,37906617,21996212,12612052,7062445,3846459,2174725,1271250,729547,400958,212105,110062,57713,30037,14221,5640,2204,862,244,111,54,26,13,0,0,0,0,0,0,0"
asia,1851,"0,0,0,0,0,449,13091,105743,410215,1061980,2430378,5843101,14821417,35088807,62637050,90298443,115256597,124811154,115406681,91293744,62190025,37929518,22012862,12622810,7069195,3854257,2180571,1275261,732366,402657,213054,110717,58212,30371,14431,5744,2255,896,275,131,68,35,18,0,0,0,0,0,0,0"
asia,1852,"0,0,0,0,0,599,15883,120697,452136,1132547,2529217,5943373,14858662,34969111,62304002,89822305,114725851,124379113,115194569,91236321,62238762,38006528,22070986,12669536,7106977,3887536,2205695,1293165,744101,409849,217485,113478,59893,31401,15070,6132,2486,1036,356,167,86,47,24,3,0,0,0,0,0,0"
asia,1853,"0,0,0,0,0,458,13324,107601,417386,1070876,2389127,5602244,13900869,33098159,60407032,88089044,113621338,124592747,116315482,92760599,63470407,38857778,22549342,12961248,7275604,3977520,2251303,1321245,760462,418728,222609,116425,61387,32217,15524,6368,2614,1099,389,184,95,50,25,5,0,0,0,0,0,0"
asia,1854,"0,0,0,0,0,608,16167,122817,459665,1150577,2543304,5855751,14243017,33335875,60298265,87896117,113047048,123744093,115494935,92260471,63310355,38834413,22577019,12992705,7298820,3987064,2250780,1318739,757974,416481,220930,115204,60422,31547,15090,6116,2478,1035,355,166,87,48,25,5,0,0,0,0,0,0"
asia,1855,"0,0,0,0,0,464,13548,109553,424992,1098719,2473128,5825685,14376667,33683932,60724504,88505323,113456499,123945600,115124298,91451583,62314506,38120459,22162482,12768521,7153575,3903040,2202949,1287530,734725,400767,212322,110907,58019,30087,14240,5742,2441,1044,364,171,92,51,28,7,0,0,0,0,0,0"
asia,1856,"0,0,0,0,0,187,7679,73043,320594,917842,2233601,5542954,14129713,33479342,60586844,88423604,113361003,123828408,115016205,91368906,62263242,38089351,22140014,12763323,7166800,3924783,2227181,1308151,750003,410988,218495,114675,60441,31618,15164,6272,2733,1206,459,223,121,66,35,10,3,0,0,0,0,0"
asia,1857,"0,0,0,0,0,282,10668,95183,389662,1049563,2432413,5849741,14461745,33621256,60321449,87725507,112451987,122987540,114468113,91106600,62235170,38182715,22245521,12856558,7239011,3984012,2264153,1327472,757990,413233,218879,114367,59801,30994,14763,6039,2629,1160,435,196,106,61,34,12,1,0,0,0,0,0"
asia,1858,"0,0,0,0,0,189,6819,65525,298588,878692,2169674,5387879,13487473,31793191,58524905,86374229,111778191,123407953,115439126,92192420,63202047,39046032,22827102,13242248,7504647,4145856,2340920,1364978,775456,419553,221098,114878,59523,30573,14439,5830,2494,1070,376,154,77,42,24,6,0,0,0,0,0,0"
asia,1859,"0,0,0,0,0,191,6880,66072,300643,884355,2177116,5410291,13533444,31770702,58336310,86039553,111375667,123027614,115214064,92100116,63156139,38995832,22784890,13213145,7503819,4186422,2404148,1422163,815640,446979,238707,125950,66424,34734,16818,7219,3270,1499,624,294,154,86,47,21,10,0,0,0,0,0"
asia,1860,"0,0,0,0,0,192,6940,66749,303787,895705,2209249,5523459,13814932,32214066,58879441,86777315,111849405,123204426,114818027,91250662,62165552,38281894,22351188,12964315,7353276,4113038,2372494,1405012,803090,438973,235186,124913,66031,34461,16680,7262,3412,1590,676,320,168,95,54,25,12,1,0,0,0,0"
asia,1861,"0,0,0,0,0,194,7005,67388,306244,901516,2219225,5578441,13969184,32367636,58968314,86765623,111729267,122979502,114556009,91024396,62026926,38222769,22334126,12960135,7333711,4075332,2324628,1371954,789482,431902,229864,121606,63963,32957,15684,6638,3043,1370,551,248,126,72,40,17,8,0,0,0,0,0"
asia,1862,"0,0,0,0,0,234,10370,96515,400437,1077783,2443374,5863856,14266973,32547345,58855331,86423322,111305527,122641045,114298153,90853895,61937113,38210946,22347643,12983577,7348040,4072306,2315621,1367484,788042,430990,229613,121620,63893,32889,15665,6628,3038,1366,550,246,128,74,41,17,8,0,0,0,0,0"
asia,1863,"0,0,0,0,0,164,8710,85515,368732,1023004,2353249,5681038,14028916,32387974,58878165,86624974,111416487,122670534,114351920,90881121,62002757,38290291,22400044,13016839,7358983,4070738,2309501,1365341,786934,429654,229369,122128,64497,33312,15875,6692,3048,1387,560,234,121,70,39,16,7,0,0,0,0,0"
asia,1864,"0,0,0,0,0,240,10587,98796,411075,1103158,2437973,5696637,13703105,31512434,57796176,85870944,111101826,123433360,115417793,91773558,62299678,38399524,22424354,13022362,7342470,4066967,2303431,1353818,772527,416140,217811,113843,58462,29186,13294,5233,2276,926,286,72,26,15,8,0,0,0,0,0,0,0"
asia,1865,"0,0,0,0,0,167,8930,87697,378969,1048222,2368706,5623692,13655299,31478078,57767494,85866527,111093872,123435639,115446065,91812503,62360696,38467755,22483513,13065447,7369621,4078058,2304424,1354056,771289,413071,216192,113239,58169,29066,13247,5208,2275,917,279,68,26,15,8,0,0,0,0,0,0,0"
asia,1866,"0,0,0,0,0,137,7604,77424,347328,984447,2267651,5494177,13542295,31345979,57563648,85606785,110924348,123410391,115550309,92016337,62611850,38702956,22671728,13193574,7433724,4105909,2318423,1360313,775729,416458,217915,114150,58746,29384,13388,5277,2312,937,282,71,27,15,9,0,0,0,0,0,0,0"
asia,1867,"0,0,0,0,0,94,5850,65282,312713,922346,2182748,5379962,13420445,31138946,57225436,85290124,110821295,123481982,115695382,92223842,62839853,38920699,22846335,13313694,7517798,4165161,2364371,1387375,791254,427501,224657,117838,60910,30551,13937,5546,2475,1024,328,93,32,15,9,0,0,0,0,0,0,0"
asia,1868,"0,0,0,0,0,96,7025,75715,348281,1004289,2313978,5518454,13447028,31040264,57064459,85210118,110850458,123558128,115742950,92210445,62792505,38854900,22794924,13286362,7508431,4167453,2372165,1395100,795869,430643,227109,119625,62103,31231,14310,5744,2592,1090,366,104,34,16,9,0,0,0,0,0,0,0"
asia,1869,"0,0,0,0,0,128,8550,88290,389210,1088933,2450237,5777498,13901728,31685424,57783794,86067022,111437650,123713761,115348936,91365663,61926188,38291568,22473159,13104850,7392199,4107177,2338620,1372751,777541,417470,220361,116598,60388,30212,13803,5620,2655,1152,405,107,34,16,9,0,0,0,0,0,0,0"
asia,1870,"0,0,0,0,0,98,7131,77126,355124,1023321,2337130,5514802,13184868,30267385,56276986,84899905,110741803,124190081,116627222,93002629,63290540,39193715,22994789,13420731,7583854,4221875,2402066,1411517,800174,431001,228036,120752,62759,31501,14521,6008,2885,1291,495,165,67,23,9,0,0,0,0,0,0,0"
asia,1871,"0,0,0,0,0,97,7164,77667,357832,1033058,2361525,5559395,13242438,30322285,56330247,84963104,110833069,124319999,116801109,93189937,63446698,39297977,23065938,13476626,7628071,4254640,2423585,1423749,806858,434289,229400,121331,62989,31556,14511,5979,2857,1270,478,152,58,26,12,0,0,0,0,0,0,0"
asia,1872,"0,42,129,244,342,542,6190,66264,321264,968472,2314520,5601181,13683501,31514081,57712536,86096302,111721024,124391416,116290895,92500992,62861092,38777839,22674155,13214786,7492287,4200121,2418629,1428494,812735,442322,235630,123893,64257,32218,14825,6169,2964,1333,509,170,72,33,17,0,0,0,0,0,0,0"
asia,1873,"0,90,269,500,708,1042,8166,78066,358473,1042416,2416333,5719027,13749473,31515957,57563285,85858242,111649481,124648499,116762508,93189795,63465386,39061713,22732825,13192938,7466725,4190184,2421765,1436956,820519,448972,241273,126632,65620,32954,15159,6323,3015,1360,531,185,83,41,18,0,0,0,0,0,0,0"
asia,1874,"0,136,409,758,1075,1539,8919,79107,359314,1037356,2389964,5620920,13474401,30925743,56647171,84625214,110768197,124548767,117584248,94827977,65144453,40140224,23277103,13478482,7631703,4281805,2469828,1465197,841039,462546,248115,129490,66962,33588,15352,6256,2853,1243,460,146,64,29,10,1,0,0,0,0,0,0"
asia,1875,"0,155,506,975,1416,2051,8613,70225,328239,972872,2301188,5505781,13327020,30737874,56414780,84374826,110688101,124803621,118123304,95664527,65953965,40669155,23525477,13591833,7693372,4324761,2500793,1491343,859110,474899,257538,134894,69551,34980,16021,6530,2978,1306,490,151,72,35,15,1,0,0,0,0,0,0"
asia,1876,"0,194,638,1231,1777,2472,8798,68861,322986,961091,2282983,5484971,13323305,30746748,56342688,84206840,110624821,125039918,118580254,96387668,66626497,41047134,23672966,13640001,7705148,4322339,2490641,1480276,856129,481332,267621,145221,78548,41905,20808,9589,4954,2494,1197,570,322,186,105,58,31,15,4,0,0,0"
asia,1877,"0,238,775,1490,2150,2982,8731,61533,293511,893851,2194818,5403101,13311642,30821496,56461755,84240484,110587361,125168481,118916770,97016884,67248744,41377899,23785556,13669809,7728948,4354415,2524297,1516395,887027,501200,283166,158767,88651,49233,25745,12684,6845,3620,1876,977,563,328,192,109,62,31,13,10,10,3"
asia,1878,"0,280,912,1753,2527,3480,8702,53999,262813,819835,2063137,5223788,13143753,30711964,56444472,84279739,110713413,125525016,119447476,97754468,67913186,41708963,23876167,13671674,7726854,4373816,2552868,1552048,916484,518527,294932,167667,94726,53495,28787,14578,8000,4311,2278,1208,704,411,240,138,79,42,18,10,10,5"
asia,1879,"0,262,965,1923,2844,3995,10127,62404,292410,890231,2186063,5390716,13235823,30715509,56320829,84012587,110519810,125602852,119796679,98449154,68667361,42208936,24119495,13788721,7791836,4413714,2566209,1556659,917404,516956,292244,166672,94886,53967,29403,15183,8392,4539,2413,1267,735,432,253,147,85,45,22,10,10,5"
asia,1880,"0,298,1093,2181,3209,4396,8392,31739,149898,527723,1584233,4498103,12320336,29960944,56115680,84517592,111565100,126847751,120953315,99611588,69627806,42776901,24391835,13920813,7867044,4460290,2589339,1566574,918146,511706,283198,156811,86576,47682,25429,12692,6821,3615,1845,924,522,299,167,89,49,25,13,2,0,0"
asia,1881,"0,335,1228,2444,3596,4926,9194,30996,132111,465055,1448450,4254702,11948966,29560150,55786511,84441781,111893715,127657903,122003713,100835979,70652519,43346397,24637909,14022055,7909648,4480005,2597975,1571366,918990,508195,275354,146949,77473,40670,20380,9477,4742,2327,1080,461,251,134,66,25,9,0,0,0,0,0"
asia,1882,"0,372,1364,2708,3982,5421,9890,32272,141344,496218,1507778,4319009,11921654,29455718,55653280,84321307,112008645,128186468,122810353,101885986,71603653,43920060,24920213,14169171,7988588,4506487,2589297,1545063,891993,489830,264506,141940,75812,40285,20311,9494,4787,2372,1112,477,264,141,68,27,10,2,0,0,0,0"
asia,1883,"0,329,1366,2835,4275,5942,10752,34833,154176,533657,1581008,4436812,12047824,29528456,55625738,84203632,112063991,128585368,123519701,102883240,72558985,44549406,25224033,14313645,8050149,4543702,2618355,1574136,918516,509590,278350,150778,81118,43538,22327,10753,5558,2817,1355,591,319,170,83,31,11,2,0,0,0,0"
asia,1884,"0,360,1496,3100,4659,6336,10850,30296,117518,417250,1343851,4053626,11526544,29050670,55298621,84326771,112788490,129773850,124764892,104191158,73629020,45166214,25505961,14443251,8131252,4605077,2656788,1592696,925391,510453,276852,148724,79244,42140,21472,10289,5327,2687,1285,546,294,158,76,29,10,1,0,0,0,0"
asia,1885,"0,391,1623,3364,5048,6839,11561,30978,117887,421457,1382820,4212284,12032483,29995373,56139953,84670083,112820828,129200463,123948184,104263115,74582251,46057256,26021288,14754039,8333637,4743321,2763760,1673065,984337,550411,298489,158356,83173,43790,22088,10513,5276,2506,1042,351,169,83,33,7,0,0,0,0,0,0"
asia,1886,"0,254,1441,3250,5175,7514,13202,35873,137387,482482,1537762,4546055,12512714,30617704,56836815,85623857,113834790,130018078,124486095,104499598,74289825,45680241,25804441,14620620,8271693,4732894,2780294,1694904,1002908,561544,303326,159248,82120,41747,20447,9673,4938,2300,884,208,69,35,17,5,0,0,0,0,0,0"
asia,1887,"0,273,1551,3499,5548,7298,10813,26616,110520,425302,1414060,4182823,11726539,29333130,55160349,83307412,111855749,129368328,125448149,107323266,78148902,48643315,27375618,15469121,8722624,4989083,2937792,1810430,1095986,628137,344215,180997,93353,47838,23549,11101,5551,2623,1023,252,88,39,21,6,0,0,0,0,0,0"
asia,1888,"0,492,2029,4201,6300,8020,12090,29500,117322,433109,1376549,3974024,11001928,27809333,53432436,81657365,111132483,130705054,128173493,110321768,80577060,50001346,27909937,15659410,8789382,5015302,2934181,1796756,1079654,614131,334075,174449,89719,45930,22641,10691,5267,2423,902,215,82,39,21,6,0,0,0,0,0,0"
asia,1889,"0,415,1962,4245,6535,9024,14898,37707,144245,495904,1471753,4122957,10974046,27150474,52685187,81236378,111162646,131758530,130021501,111945017,81505748,50453603,28150658,15755652,8826045,5036383,2936407,1802819,1085061,616167,335690,175437,89462,45438,22330,10622,5386,2523,967,236,88,41,23,7,0,0,0,0,0,0"
asia,1890,"0,244,1703,4014,6538,9478,15772,40223,156528,528635,1521958,4141869,10796795,26600622,51734246,79652261,109553662,130987688,130434875,113778403,84252664,52731557,29461706,16500482,9254550,5277681,3062342,1855026,1105778,621293,334751,174652,89704,45635,22525,10699,5374,2569,1022,263,89,42,21,7,0,0,0,0,0,0"
asia,1891,"0,598,2453,5080,7717,11173,20057,49868,171282,546942,1580190,4446964,11663426,28293068,54254402,83650549,113999747,134370373,131900886,112508099,80427832,48888584,27148939,15117279,8462966,4840447,2831293,1743243,1045234,591870,323252,168824,85461,42825,20895,10006,5262,2498,968,241,98,44,23,7,0,0,0,0,0,0"
asia,1892,"0,379,2131,4807,7606,10736,17552,40612,139814,471467,1399684,3925409,10498597,26331101,51661675,79994584,110586871,132723300,132225266,115599785,85828827,53666842,29841155,16679498,9382102,5339885,3054846,1809574,1056136,579409,307704,160876,81983,41177,20239,9536,4803,2321,921,222,86,41,20,7,0,0,0,0,0,0"
asia,1893,"0,402,2257,5088,8039,10361,14610,30852,113294,420443,1320423,3763087,10185780,25944550,51236757,79567165,110380092,133125681,133202823,117151995,87385459,54612840,30281000,16900757,9497365,5392402,3060778,1788925,1026563,556522,293803,153226,77771,39165,19316,9087,4551,2193,850,190,69,31,14,6,0,0,0,0,0,0"
asia,1894,"0,54,1500,4104,7346,10199,13547,25199,88468,346750,1168854,3468664,9648093,25112844,50188739,78136352,108912471,132262589,133127535,118369289,90076828,57382564,32157004,17977072,10106511,5715833,3229769,1875743,1079000,586605,309079,161766,82891,41991,20898,10013,5046,2561,1077,306,76,37,13,6,0,0,0,0,0,0"
asia,1895,"0,57,1580,4327,7740,10858,15102,30034,107874,401894,1274393,3705333,10155998,25878013,51046710,79149484,110062526,133401728,133990190,118816290,89496770,56448461,31566587,17661354,9933706,5607491,3147831,1814312,1028155,550862,287984,150580,76996,39004,19402,9307,4790,2436,1018,288,70,31,14,7,0,0,0,0,0,0"
asia,1896,"0,343,2377,5599,9104,11670,14635,26894,99157,390568,1291448,3912941,10880261,27453990,53533979,83187898,114678567,136943907,135918947,117902059,85557298,52277965,28981824,16118835,9077362,5154125,2920109,1707275,967815,516559,271608,142315,71881,35883,17722,8580,4607,2299,933,212,73,34,14,7,0,0,0,0,0,0"
asia,1897,"0,245,2227,5512,9230,12105,15279,27808,99396,375663,1179354,3308016,8847956,22975844,47478447,74886258,105816874,131678397,135579085,122667880,96810035,63115139,35202699,19497028,10891792,6133043,3423331,1952130,1110767,601314,315193,163999,83980,43054,21696,10343,4855,2371,944,230,67,32,14,7,0,0,0,0,0,0"
asia,1898,"0,6,1087,3928,7806,11631,15535,27624,97604,369264,1169935,3314271,8857266,22918676,47284838,74398944,105132155,131180647,135334889,123160736,97949705,64513922,36534731,20286294,11367126,6420685,3615691,2080461,1204852,660534,346804,180738,93290,47518,23877,11650,5725,2982,1325,438,99,47,19,7,0,0,0,0,0,0"
asia,1899,"0,6,1672,4858,8980,12681,15669,25188,82520,328841,1110293,3336138,9294374,24143239,49213165,77610341,109453876,135138095,138095865,124176505,95001666,60243626,33570180,18583095,10408502,5902797,3329934,1933556,1116114,604977,317473,166458,85405,43071,21518,10553,5505,2869,1251,377,97,48,21,7,0,0,0,0,0,0"
asia,1900,"0,6,1751,5085,9398,13233,16576,26771,80053,309559,1053384,3168962,8903149,23492061,48388655,76605104,108594392,135035183,138560768,125437691,97494889,62536629,34817106,19221184,10740906,6101545,3460237,2018477,1177708,645063,338466,176506,90788,45895,22982,11285,5791,2998,1305,390,102,51,24,7,0,0,0,0,0,0"
asia,1901,"0,7,1523,4914,9390,13568,17038,27223,85342,332409,1122825,3334574,9285026,24454764,49414871,77199413,108782673,134809001,137266354,124860662,98361464,63888044,35735460,19769203,11066167,6276357,3551492,2053801,1189565,649359,338861,176105,90812,46193,23197,11401,5773,3017,1336,419,96,48,19,7,0,0,0,0,0,0"
asia,1902,"0,80,2198,6009,10733,14728,17272,26841,90569,350749,1139071,3285576,8849337,23205287,47488654,74296947,105108908,132247135,136482745,125929990,103591654,69900812,39400642,21560964,11979571,6742667,3794947,2163455,1250159,690858,362766,187380,96312,49490,25141,12381,5825,2909,1209,341,96,47,19,7,0,0,0,0,0,0"
asia,1903,"0,7,1361,4918,9762,14462,18462,29133,87023,329553,1079409,3140371,8632888,22913953,47120953,74004722,105034103,132692176,137050276,126827683,104957446,71415901,40699254,22320467,12424583,7009389,3972339,2279667,1329673,741659,390372,200753,103640,53336,27063,13444,6436,3272,1391,458,111,50,22,7,0,0,0,0,0,0"
asia,1904,"0,8,1734,5597,10693,15385,18454,26271,73122,287726,991957,2987672,8407383,22689871,47012278,74304316,105920531,134131869,138465564,128179513,106243613,72167114,40872586,22288018,12339475,6964848,3962608,2290251,1346966,756087,400038,204307,104728,53810,27318,13590,6498,3259,1341,432,110,51,23,8,0,0,0,0,0,0"
asia,1905,"0,8,2178,6326,11678,16373,20024,30946,84558,316500,1071300,3195827,9119673,24614800,49475822,77471787,109646198,136947634,139048400,127921837,104201463,69464419,38886564,21275839,11806707,6695614,3836426,2240275,1324268,743604,393596,201200,103212,53043,26861,13288,6391,3128,1257,392,104,51,22,8,0,0,0,0,0,0"
asia,1906,"0,8,984,4604,9949,15510,21270,34356,90096,324936,1082127,3200040,9041284,24271180,48803834,76333463,107984597,135642789,138245578,128323298,106689203,72839721,41670588,22863822,12704219,7201741,4128489,2406336,1430171,813025,431840,218549,111471,57196,28896,14401,6945,3544,1518,562,131,53,24,8,0,0,0,0,0,0"
asia,1907,"0,8,1023,4793,10356,16136,22571,36747,90576,323455,1097174,3293580,9453672,25390646,50498432,79134916,112436073,140168785,141698902,130488458,104193273,68196881,38357672,21192540,11826863,6762244,3902644,2315298,1383043,780897,413104,209096,106302,54020,27061,13471,6838,3505,1532,563,132,52,27,8,0,0,0,0,0,0"
asia,1908,"0,9,1067,4984,10774,16735,22062,33799,87791,325905,1110740,3307642,9339931,24982275,49938349,78205813,111247857,139657687,141945666,131648722,106953592,71015027,40091561,22108760,12301764,7010308,4026167,2372387,1422506,808081,429378,216885,109654,55770,28026,13992,7046,3630,1598,573,134,54,26,9,0,0,0,0,0,0"
asia,1909,"0,8,1107,5177,11188,17377,22548,33040,75898,270615,967646,2954330,8485876,23357482,47585306,75158489,106567521,135388518,139220555,130565805,112441546,79945030,46809762,25419107,14035848,7906364,4531552,2630376,1573892,911674,491224,247920,123796,63307,32053,16041,7720,3873,1677,600,145,56,25,10,0,0,0,0,0,0"
asia,1910,"0,9,1150,5382,11625,18052,22792,30989,66547,243181,924569,2930253,8773247,24562375,48913443,77078191,108683479,136519110,138770345,130118332,112083177,79844981,46889099,25497746,14093015,7957734,4599203,2694134,1629990,959874,522416,265072,130670,66057,33195,16565,7998,4038,1767,640,154,59,26,11,0,0,0,0,0,0"
asia,1911,"0,9,910,5054,11391,18188,24130,35099,71371,231775,872684,2785053,8449824,24296416,48631661,77165808,109343307,137759625,139997620,131407203,113328528,80783071,47518155,25911878,14338391,8114612,4677856,2722656,1632716,951960,513241,258116,127527,64480,32382,16205,7855,4020,1809,675,163,58,25,10,0,0,0,0,0,0"
asia,1912,"0,10,946,5248,11819,18869,24374,33065,65217,213407,789169,2493027,7383398,21581794,45755955,73904431,107305127,139410218,145386696,137062905,117847614,82802832,47914239,26038045,14311188,8105827,4646162,2700161,1618110,937827,503153,252301,123715,61930,30949,15594,7711,4034,1847,666,163,60,25,10,0,0,0,0,0,0"
asia,1913,"0,9,978,5436,12247,19463,24883,32829,62127,197535,726409,2301133,6766221,19986143,43848954,71929269,105869736,139508503,148034478,140289388,121390699,85425006,49389637,26778724,14699513,8342606,4768384,2749398,1632590,938528,499017,248398,120593,59405,29355,14751,7294,3882,1832,693,171,62,28,11,0,0,0,0,0,0"
asia,1914,"0,9,1330,6227,13451,20697,25760,34285,64925,200554,725198,2280086,6656187,19727694,43497011,71450399,105085438,139002398,148029307,140577223,123422880,88571734,51747735,27835903,15233973,8604666,4918020,2823047,1666497,957050,508183,253678,123225,60562,29953,15066,7407,3879,1811,675,164,62,26,10,0,0,0,0,0,0"
asia,1915,"0,9,766,5251,12356,20114,26111,34275,63234,196492,719128,2274249,6660735,19768191,43654604,71737782,105529801,139728687,148667348,141451090,124434712,89558966,52641730,28530648,15673579,8869005,5044041,2864553,1673361,950491,500487,248264,121297,59713,29662,15072,7536,4022,1928,755,197,59,24,9,0,0,0,0,0,0"
asia,1916,"0,9,22,2765,8891,17004,24963,34939,64046,194488,702506,2223899,6532005,19473993,43111093,70942636,104199704,138282217,147507720,140551834,125397168,92738734,56299180,31374135,17434588,9902184,5588232,3105427,1756902,975496,507042,248272,120700,59696,29535,14769,7386,4054,2123,936,295,56,24,7,0,0,0,0,0,0"
asia,1917,"0,8,20,2340,8434,16741,26446,42080,80306,230334,774202,2343849,6817884,19952811,43710427,71636416,105367308,140061148,148987897,142000488,126076396,92150073,55525464,31312814,17457916,9990046,5657105,3153779,1785633,984551,507158,246074,118129,57348,27820,13730,6841,3832,2038,923,328,50,15,7,0,0,0,0,0,0"
asia,1918,"0,8,22,1958,7949,16622,30079,54365,107991,300168,919804,2676844,7674511,21912746,46632026,75969541,112753549,147775657,154985658,146588287,121913975,82473062,48076280,27977770,15835743,9208763,5213495,2939542,1668128,901771,461779,223115,106552,51165,24565,12109,6524,3750,2047,942,367,62,19,7,0,0,0,0,0,0"
asia,1919,"0,8,20,1223,6739,17252,38444,77184,154338,355331,909556,2433869,6665050,19882588,43814999,72217849,107059147,142734127,151318717,143780863,127958471,93446986,56563640,32423615,18268185,10502448,5938085,3282823,1846334,1017761,533277,265047,132375,69121,36445,19382,10383,6115,3488,1842,917,365,176,102,55,29,14,4,0,0"
asia,1920,"0,8,20,2087,8487,21080,45302,87971,175728,402011,1006606,2653845,7317803,21203494,45787842,74987892,111548701,147863493,155657682,147810564,126762342,88131208,51587318,29759111,16739822,9750237,5568360,3162635,1817807,1018692,540715,273819,140632,73885,39381,21386,11793,6896,3881,2034,1032,458,254,149,83,46,22,10,10,10"
asia,1921,"0,7,20,955,6567,19736,47044,96119,194783,431496,1043665,2644814,7099001,20613387,44838839,73554076,108984453,145431274,153674928,146201505,129441200,93411819,56220556,32756280,18647753,10807438,6145763,3424862,1942064,1088688,583091,296422,152256,82588,45240,25020,13890,8280,4792,2636,1412,682,351,211,119,67,33,14,10,10"
asia,1922,"0,7,18,985,6689,18673,43148,86217,167661,376440,936022,2449031,6769956,20106337,44144863,72758859,108010033,144924716,153717271,146462914,131477790,96829403,59099858,34264561,19463319,11242366,6405811,3561766,2023999,1142618,614621,312882,159711,86394,47161,26229,14554,8629,4992,2732,1459,721,380,221,126,71,36,15,10,10"
asia,1923,"0,6,16,1014,6907,17532,38203,74844,139785,317134,823832,2230148,6294540,18884428,42746031,71461068,107745445,146210901,157963016,151105611,134798714,97453868,58522081,33889926,19154018,11086802,6336914,3550154,2038186,1160009,629328,323925,166752,91129,50514,28569,16103,9663,5633,3133,1708,852,457,274,159,91,45,22,11,10"
asia,1924,"0,5,16,716,6364,16115,33973,65746,119147,262914,714762,1998754,5760797,18085180,41758985,70330267,106453528,145523633,158038691,151286259,136942568,101075629,61724591,35717462,20283521,11703237,6704493,3737663,2143955,1226291,667820,344553,175689,95423,52673,29736,16691,10017,5883,3293,1796,903,470,284,167,96,48,23,11,10"
asia,1925,"0,5,16,451,5839,15168,30616,57908,104518,230094,656403,1891317,5553993,17824410,41504933,70155923,106441105,145988675,158821979,152431031,138468869,102511476,62845798,36593044,20965246,12121623,6965720,3885234,2223093,1266907,683567,350118,173327,91717,49583,27762,15518,9367,5587,3135,1690,819,418,252,149,85,45,20,10,10"
asia,1926,"0,5,15,761,6782,16759,30259,52603,91859,190219,556750,1688330,5046047,17005478,40547121,68961636,105327544,145377046,159135736,152969652,140788735,106512568,66237727,38176044,21675216,12476711,7176277,4013009,2293014,1297829,682684,331952,149405,70009,33111,16126,8117,4655,2649,1335,586,200,45,26,10,1,0,0,0,0"
asia,1927,"0,4,15,782,6998,17283,30134,49944,85145,170666,501836,1573874,4770736,16600345,40370979,68832271,106343526,147800055,161794570,156008642,142642918,106201473,65275449,37918330,21585699,12455175,7161229,4002804,2288208,1288507,674910,326902,146059,68023,32013,15657,7968,4632,2623,1325,562,175,32,17,3,0,0,0,0,0"
asia,1928,"0,3,14,219,5664,15449,28210,46190,76559,148340,442467,1456100,4518203,16187260,40026449,68423891,106230855,148240475,162492335,156820275,143874485,107545427,66646176,39260040,22837723,13233177,7595374,4190944,2358247,1309348,681411,329457,147747,70237,34029,16899,8834,5271,3069,1586,704,267,59,13,0,0,0,0,0,0"
asia,1929,"0,2,13,30,5094,14747,27724,45658,75212,144242,427869,1409768,4357176,15862349,39587345,67870497,105351530,147268074,162030920,156312922,145151470,110889586,70011411,41333068,24339389,14093370,8096369,4436223,2468602,1365928,710732,343732,157310,76918,38219,19179,10142,6027,3547,1893,853,338,122,39,5,0,0,0,0,0"
asia,1930,"0,2,13,850,7663,18926,31859,46161,70453,134295,409678,1387690,4300264,15742278,39444461,67903959,105818474,148553704,163890206,158621888,147940939,113281010,71129123,41300634,23734305,13698156,7758574,4199455,2307372,1243459,636794,303976,143680,72171,36103,18147,9558,5523,3133,1585,633,226,103,29,0,0,0,0,0,0"
asia,1931,"0,2,13,877,7896,19501,32919,47764,73081,145292,455591,1499336,4652936,16506153,40219843,69125299,106766544,149348168,164452165,159574427,149522560,114486226,71754644,41733376,24073424,13845684,7761613,4149878,2253605,1201814,611754,294524,143818,73856,37345,18967,10111,5859,3327,1700,688,247,119,34,3,0,0,0,0,0"
asia,1932,"0,1,12,238,6373,17394,31308,47820,75264,156145,481504,1525033,4759263,15910909,39280849,68064931,105689433,149338278,168028807,164005112,153238897,115628073,71796038,42244643,24711104,14285586,8018338,4290042,2340610,1248295,637161,304523,144423,72797,36740,18651,10008,5887,3385,1761,755,302,109,25,5,0,0,0,0,0"
asia,1933,"0,0,11,26,4754,15303,29396,46407,73653,156042,522780,1735109,5919775,21323446,46140907,77398187,115968476,156524100,161265425,156845207,145095936,109645275,69156281,42103068,25618644,14990065,8513069,4579070,2493522,1333727,681486,324722,149914,74167,37611,19089,10271,6159,3630,1943,877,372,117,28,7,0,0,0,0,0"
asia,1934,"0,0,11,25,4887,15734,30210,45754,68174,143786,495887,1677256,5828497,21273028,46151639,77653850,116700532,158020484,162991877,159012168,147437075,111346075,70106152,42670901,25893792,15120820,8621140,4656240,2562483,1396887,723507,347427,158490,77828,39184,19869,10613,6315,3708,1988,926,413,141,41,15,5,0,0,0,0"
asia,1935,"0,0,9,24,4111,14834,29510,44487,61401,123218,427452,1451994,4842507,17214587,41434607,71341577,110987549,156398603,171721868,168345120,156380773,116204648,71735332,43552228,26531461,15560875,8875482,4842415,2723369,1541677,825872,407450,184822,87257,42832,21315,11254,6657,3940,2130,1010,455,144,43,17,10,1,3,0,0"
asia,1936,"0,0,9,24,3413,13901,28868,44836,59713,105267,346397,1188916,3919624,13986724,37046828,65930309,104775064,151374713,175689863,172994368,163905784,124739085,77791068,46672606,28526235,16801444,9670235,5260154,2874597,1582892,826290,402380,178583,83369,41801,21291,11432,6924,4186,2302,1129,524,194,61,26,13,3,0,2,0"
asia,1937,"0,0,8,22,2769,12949,28020,44008,57303,90739,301108,1105680,3690328,14400731,38378158,67463488,108584055,157127587,177966438,174959760,163317677,121749342,75253360,46355740,29112560,17551537,10286966,5675449,3121862,1717019,892796,436437,193140,88162,44068,22556,11999,7142,4244,2335,1180,556,222,79,26,13,3,0,2,0"
asia,1938,"0,0,7,22,1582,10837,25558,42606,58353,95265,323739,1185175,4021991,16054964,40694309,70672698,113327382,162514042,179272995,176256224,162166112,118405687,72036528,45356921,29263833,18051844,10684508,5992686,3318961,1827746,953035,466983,204418,89005,43470,21906,11298,6418,3642,1955,1042,533,157,31,8,0,0,0,1,0"
asia,1939,"0,0,6,20,44,6807,19930,38743,58641,96566,318580,1165871,4060123,17020388,42061957,72747207,115320254,164331229,177372757,173887078,161451481,118963623,72224098,46214483,31127315,20266529,12162119,6876743,3759602,2028602,1042886,506240,221904,93417,43073,21659,10783,5811,3139,1644,931,522,205,30,7,0,0,0,0,0"
asia,1940,"0,0,6,18,42,6990,20317,38693,58498,95429,310557,1147556,4091680,17817457,43177804,74523787,118091419,167309458,177077390,173309622,160586359,118961896,72935712,46972473,31775108,20651351,12392098,6991978,3819340,2072779,1079510,528622,230828,94949,43280,21730,11009,6126,3427,1913,1119,587,224,71,32,16,6,0,0,0"
asia,1941,"0,0,5,16,39,5965,19253,37615,58376,98275,319814,1179721,4367372,19095794,44723021,77167776,121596796,169998074,176409899,172231208,158911182,117790554,72458692,47014234,32225804,21206692,12744805,7267620,4043758,2271488,1254474,643182,292162,119574,52456,25037,12338,6622,3594,2017,1178,622,255,83,34,16,9,0,0,0"
asia,1942,"0,0,4,16,38,6128,19888,39922,66084,149489,517737,1763245,6821411,23868819,49797548,84249631,126197883,169843260,171693929,168565094,155903239,115443888,70772996,46109309,31862417,20911044,12510395,7275267,4140826,2396930,1403418,756269,360584,147741,63114,29104,13904,7391,4014,2257,1277,701,324,80,30,12,4,0,0,0"
asia,1943,"0,0,3,15,35,7575,22063,42948,77085,199124,659872,2376323,9133588,28115283,54951271,90826168,131977496,169183190,166652236,163711090,150957943,112993490,70622317,46441409,32010232,20669148,12305596,7151275,4071705,2367317,1395548,754608,359878,145620,61371,27651,13004,6892,3821,2254,1308,720,292,85,37,16,10,0,0,0"
asia,1944,"0,0,2,14,33,7781,23799,54875,146465,410621,1393995,4752324,12493115,33215773,59850350,94248426,133678483,166812753,163873568,161489541,148919645,111299670,69668677,45925491,31303628,19915894,11814831,6802485,3833060,2217420,1286363,676241,311038,122899,51747,23341,11024,5806,3224,1973,1193,656,248,83,38,19,10,1,0,0"
asia,1945,"0,0,7926,23006,42369,58755,68057,98729,227869,613431,2325820,6364603,15067724,37484467,64132077,99499180,142227837,174385151,172492583,172088933,155079996,110137913,62578982,33949556,18380456,10226349,6018112,3703480,2397926,1574444,963922,516917,238618,100676,44715,20581,9997,4991,2447,1215,640,345,139,71,32,16,9,0,0,0"
asia,1946,"0,0,4437,18202,37861,58070,71772,98245,210472,558016,2129261,6290601,16255550,39951234,67825622,104883836,150179030,177513238,174574476,173133616,149662772,102871410,58538821,32219941,17679346,10034649,5980726,3735407,2424027,1536278,879476,443330,193353,79667,35594,16937,8259,3891,1787,777,322,145,45,19,3,0,0,0,0,0"
asia,1947,"0,0,2719,15313,34669,56167,71425,84755,147133,401634,1440257,5402731,17754603,41623495,71869997,111802831,158265058,175839793,172805247,170095021,144588223,99613075,58369905,32817586,18207165,10356684,6176259,3902290,2553608,1629150,945022,479217,210435,85406,37465,17429,8519,3970,1918,878,331,105,46,18,1,0,0,0,0,0"
asia,1948,"0,0,329,9874,26978,48767,67813,77771,95255,221579,821939,3340392,16444978,40073246,71399180,114428806,162593452,175961531,171791845,168387110,143377959,100693954,61197595,35890621,20184764,11493773,6722814,4123096,2640475,1684304,987489,499740,220112,86813,36495,16369,8012,3753,1855,861,349,111,34,8,0,0,0,0,0,0"
asia,1949,"0,0,0,7324,23651,45385,66081,78472,101724,249017,901720,3995031,18631286,42410093,75219405,118018356,164339953,173040802,168980810,165054481,141418669,101246383,63257000,38106385,21583452,12270930,7153339,4421826,2858433,1839998,1110400,575300,261823,102355,41174,17670,8535,4063,2070,986,387,179,62,11,0,0,0,0,0,0"
asia,1950,"0,0,0,3890,18363,41015,65337,82405,102291,248831,941616,4522265,21293877,45902591,81057781,125735547,168267587,171068468,166548510,161130081,137948836,98893936,63085534,39778717,23034377,13266560,7712514,4749218,3061559,1985172,1226969,666317,323929,145864,70853,37496,21480,12135,7050,4003,2206,1235,690,391,230,137,78,42,16,10"
asia,1951,"0,0,0,1484,13762,35541,61772,83359,97914,173583,579899,2148263,11444932,34761939,63951230,107952194,160943408,189399584,184612838,182029021,153901280,106751014,66783983,42229789,25057090,14537929,8527767,5166436,3246612,2066947,1269876,680466,320518,137210,62662,31098,17002,9271,5257,2897,1557,833,399,230,131,75,40,20,10,0"
asia,1952,"0,0,0,5,9591,29103,55889,80968,97990,157412,477068,1745577,8144083,29273081,57610396,99374609,153010159,197277774,195226194,193687529,164790364,113406142,70442903,45167383,27929090,16368823,9662068,5758891,3495510,2155470,1290473,677157,307567,127496,57636,28123,15189,8295,4737,2606,1383,731,305,164,94,51,27,13,3,0"
asia,1953,"0,0,0,3,6660,24156,49364,75090,94165,138551,377733,1342680,5693836,22961018,50605640,88665512,140698161,196720698,202540294,201536451,181327773,129767267,79756150,50398031,31422475,18419574,10856358,6464927,3855553,2348312,1401593,733247,328000,125403,50968,21916,10406,5332,2955,1528,763,361,52,18,6,0,0,0,0,0"
asia,1954,"0,0,0,2,4328,20381,45349,72864,94759,141403,434443,1525980,7904604,30366748,59309330,103164293,157713605,199900517,195372356,194719841,173227264,124532704,78243708,51564085,33456300,19936834,11781837,7154842,4302635,2640260,1596221,860991,399530,153060,60230,25227,11458,5840,3305,1684,858,418,79,16,9,0,0,0,0,0"
asia,1955,"0,0,0,1,2437,16961,41059,69792,94771,136548,363096,1282064,6151518,26496701,55244692,97373468,152774415,206370525,205853426,205906493,184148203,130894836,80173118,53168411,35209654,21431529,12665767,7714348,4649196,2851096,1742052,965719,466834,189506,80509,37768,19220,10269,5974,3302,1846,1035,464,246,145,81,46,24,10,0"
asia,1956,"0,0,0,0,990,13694,36842,66672,94737,137825,350581,1194381,5481024,24719442,53573670,94695035,149299002,207467295,209835384,209395202,191972815,139848939,86144581,56998661,38360447,24041707,14313840,8668450,5160323,3103196,1869473,1034096,502094,205019,87531,41882,21385,11257,6497,3625,2030,1155,554,273,167,94,52,27,11,6"
asia,1957,"0,0,0,0,7,8922,29588,59480,90787,130838,312856,1075321,4901013,24107112,53382748,95184736,153371595,215089803,218140915,217855714,196148711,139287248,84061367,56392067,39509372,26310794,15846799,9655004,5739118,3373373,1999532,1099867,534692,216779,90039,43109,21915,11354,6290,3507,1964,1125,540,265,161,90,49,25,11,3"
asia,1958,"0,0,0,0,7,7429,27528,57507,90296,138287,348591,1159002,5932002,27037727,56752272,100882035,157249207,214955847,213599512,213900193,199418832,147078728,90118775,59884360,42042958,28257872,17029611,10222404,6091784,3567004,2125037,1187133,587084,241153,97643,46182,23217,12028,6348,3530,1962,1113,511,267,163,88,49,25,11,2"
asia,1959,"0,0,0,0,5,3645,21116,50469,85869,139799,347168,1147005,7260425,30836273,61104342,108741891,167015444,216169584,211211305,211997599,197461906,146419466,90540005,60106845,43651941,30861229,19146815,11647595,6986517,4056014,2383013,1337924,670712,281593,109354,51299,25475,13043,6668,3686,1981,1144,543,277,171,90,52,27,11,2"
asia,1960,"0,0,0,0,3,452,13792,40317,77411,142152,376825,1274745,10687836,36254601,68418414,119556079,178683540,208717417,202507585,201646155,191834681,147815848,93925126,61246299,45607945,33929613,22513715,13768080,8297677,4807370,2758839,1551039,791783,346899,134912,61529,30600,15737,8042,4366,2390,1385,715,369,215,108,62,37,19,1"
asia,1961,"0,0,0,0,4,19,6894,30097,70000,175628,554037,4705793,23432700,50127700,93004601,146960052,185448145,186439122,182824524,177818192,178398811,146985268,96833673,62536333,46265077,36082238,26136601,16316500,9838090,5703080,3160244,1712592,869147,390438,159243,70406,36131,18674,9592,5060,2877,1613,872,443,262,127,68,43,29,1"
asia,1962,"0,0,0,0,0,9,3345,23553,61919,163366,511963,3771099,21609558,48338954,89835858,144026365,188786903,191805535,188946282,184786738,184995682,151292479,98860694,63331540,46179544,37298414,28495400,18488605,11322811,6646733,3690523,2009749,1030982,475472,194412,79445,38715,19718,9767,4906,2863,1560,846,404,241,111,57,34,24,7"
asia,1963,"0,0,0,0,0,9,1386,18818,52447,132878,409144,1931855,16533675,43870523,80772098,135574190,191631798,202119756,197894950,194417672,194021417,161530056,108006355,67506778,47755866,38655984,30259948,20361459,12558352,7419109,4152514,2260567,1165776,544852,224856,89669,41317,20509,9666,4431,2464,1330,690,292,166,69,30,20,20,10"
asia,1964,"0,0,0,0,0,11,72,10740,38990,101322,305624,1024796,10863591,37664416,70769884,124984250,186440812,215206618,210376729,207710259,205987800,172619330,115749409,70436419,48567937,39321174,32478218,23820215,14949283,8955803,5089862,2757461,1434168,694992,297751,121008,51772,25774,12386,5628,2966,1662,856,375,203,91,39,21,20,18"
asia,1965,"0,0,0,0,0,11,30,8888,35730,88708,246755,770997,6750210,31629458,62822550,114434651,178217462,233652515,230813054,231667425,223695148,175931142,111914935,68529957,47713745,39363863,33227806,25110919,16094488,9765930,5620695,3080333,1632185,823370,368298,156455,66990,33331,16482,7709,3710,2171,1121,514,277,128,57,35,30,25"
asia,1966,"0,0,0,0,0,10,30,3137,24712,77325,245999,838834,8394615,35033710,67364856,121510396,188272900,238244306,234604420,236439081,225158649,174149570,109932001,67808332,46648616,37729483,33900213,27805544,19009854,11737189,6842238,3742223,1945441,990040,466864,215245,93379,44964,21326,9750,4411,2559,1424,633,340,164,75,41,30,30"
asia,1967,"0,0,0,0,0,0,1,635,17979,70148,253171,919556,10378171,38550979,72579480,129657987,196557573,236847863,231192783,229757643,224888597,182434040,118263056,71041174,47747679,37465383,34360467,29495413,21565286,13457645,7916289,4395301,2260937,1139491,543895,261056,125818,69132,37243,17071,6502,3114,1845,829,451,230,113,59,35,40"
asia,1968,"0,0,0,0,0,0,0,148,9394,59714,254013,1101534,13368698,42915142,80136618,140030364,208665777,232675037,227272898,221530230,219158751,185952891,126401666,76292441,50104895,37808424,34196406,31259280,25232462,16295518,9748926,5534035,2855913,1421308,681653,329387,161822,86118,51655,26178,11025,3883,2214,1028,542,281,144,71,36,32"
asia,1969,"0,0,0,0,0,0,0,0,3916,41900,195371,803724,10976381,40085502,76473913,135935041,206138949,236004584,231799920,224294306,223116604,198350999,140367205,84147428,54303579,39397789,34240701,32556319,27843361,19058811,11590169,6663817,3486766,1702987,812845,393167,198187,106734,70111,42077,20184,7794,2730,1332,691,375,201,105,48,40"
asia,1970,"0,0,0,0,0,0,0,0,933,21625,114225,486899,4589433,28832885,62537611,115217820,185327379,252248524,254483661,249349016,245912327,214022334,148951145,88419971,56257501,39461883,32651592,31794210,29246252,22081611,13598068,7877602,4198975,2046654,996289,491926,257542,136241,86855,57067,30476,13050,4558,1737,879,465,226,113,57,41"
asia,1971,"0,0,0,0,0,0,0,0,309,16353,95258,432069,3583111,26356372,60728189,112349011,184485224,262621536,268314926,263582780,259591689,218353457,146312084,86781656,56305282,39817842,33082831,32147972,30237677,23600828,14785280,8693288,4724560,2328293,1138603,564429,298365,160194,101026,66674,35736,14733,4772,2073,911,480,225,114,57,33"
asia,1972,"0,0,0,0,0,0,0,0,52,13305,95853,497314,5684366,31491982,67673795,124786197,201380929,270524198,270836315,268670022,262194823,212281973,136942514,82913434,55226191,39622619,33067194,32096108,31511190,25905485,16628988,9916239,5469711,2705179,1307138,646840,345192,187791,114661,75934,40801,16583,4742,1953,952,428,180,93,45,23"
asia,1973,"0,0,0,0,0,0,0,0,0,6439,63885,389233,3412905,24864649,59765125,113329314,187532036,273537148,283179456,280559418,275866440,227565919,148942955,89374774,59997399,42492922,34567126,32434652,32572407,27862117,18533270,11244760,6382566,3208558,1543663,748599,396600,217273,130385,86135,46644,19168,5161,1894,1266,474,209,110,58,30"
asia,1974,"0,0,0,0,0,0,0,0,0,7621,67470,388253,4375541,27734681,63232473,120565857,197358002,280853821,287620991,286029122,278288112,226236987,147432070,89680520,61353632,44278499,36234463,34225026,33461264,28027846,18422824,11280025,6537948,3340558,1632372,788374,408595,227147,142979,100396,59523,26558,7852,1662,1147,573,194,108,45,21"
asia,1975,"0,0,0,0,0,0,0,0,0,5821,58728,337327,3340526,25156241,60675162,116393728,192597348,281157919,292222671,288436030,284336631,240556072,161012298,96615565,66326213,47859862,38190253,35024289,34226675,29094950,19419151,11884857,6822306,3420747,1629950,774396,407137,231044,144726,98154,53802,21974,5123,1489,1121,435,174,97,35,20"
asia,1976,"0,0,0,0,0,0,0,0,0,4597,53056,300669,5465437,30591681,66299635,127743669,205004931,279227591,286962113,285532570,281026192,240742598,164458093,99714827,69465920,51049158,40209315,36141624,35567262,30641411,20914688,12916821,7545730,3879349,1881388,906068,477677,274658,171002,114610,62988,26063,6269,1463,1111,546,178,88,31,20"
asia,1977,"0,0,0,0,0,0,0,0,0,2692,39699,257125,4207975,27761726,62368852,122313130,198268455,277638868,289665511,287844330,285289570,255208881,180639005,109311239,75247662,55100339,43017928,37473066,36578600,31711079,21955539,13578279,8001742,4159423,2019250,975640,514597,301209,192175,133628,77958,33852,8960,1427,1000,701,180,71,28,11"
asia,1978,"0,0,0,0,0,0,0,0,0,491,24845,177466,1677763,19185105,52668165,104930301,178978250,274990159,303837668,302033307,301963089,274417601,196964232,118324016,79971890,58636972,45295876,37749541,36836188,32941409,23909318,14870098,8783931,4569904,2188119,1040496,551849,326114,200184,124720,62692,23146,4151,1275,1020,629,154,59,21,10"
asia,1979,"0,0,0,0,0,0,0,0,0,218,18063,142629,1180105,16580818,49729278,99946945,175180656,283042281,323449359,326791025,329081138,278190436,185644076,109782101,75951277,57681522,45626268,37578581,36871880,33541146,24966101,15645473,9358725,4977443,2399727,1144256,602640,361721,232733,156589,88624,36569,9011,1402,973,764,135,71,14,4"
asia,1980,"0,0,0,0,0,0,0,0,0,69,13435,106629,786791,14010751,46059899,93750026,169184639,277471084,330695810,335589894,340481074,294611631,200635571,117940901,80103807,59337874,45363757,36912463,36232234,33817741,25997362,16371912,9785413,5221774,2488468,1163604,601111,363464,246454,186360,128084,64580,22544,2676,781,845,128,17,5,0"
asia,1981,"0,0,0,0,0,0,0,0,0,0,10907,78042,789659,15170303,47047078,95482470,172315129,279977071,331754006,339705937,346574733,304171671,210130617,124244017,84438317,62660298,48978545,40662194,39034957,36032527,27747218,17352520,10291370,5462016,2573154,1181174,602829,367379,252575,189390,126026,60413,19332,1138,656,855,0,0,0,0"
asia,1982,"0,0,0,0,0,0,0,0,0,289,10428,79191,408745,8304279,41021878,90285704,151432907,264824216,344147174,359843564,367390599,322245197,226925012,132452397,87914390,64374583,50205380,41776455,39064938,36260914,28995989,18519650,11115034,5989845,2802173,1276544,663709,408139,269526,177754,100021,42022,11124,611,681,863,0,0,0,0"
asia,1983,"0,0,0,0,0,0,0,0,0,774,15553,83844,404557,2437562,26630324,77778330,132100734,240185374,353752847,379503777,390390981,344437779,251636416,147393585,93616458,66819117,52102586,43460178,39962631,37310028,30362732,20197263,11262951,6203413,2870665,1240082,658263,409332,267998,161013,78750,28955,5002,471,553,669,0,0,0,0"
asia,1984,"0,0,0,0,0,0,0,0,0,0,12769,69186,414681,1202535,13077860,58401207,108099065,201209829,348334773,415785704,437068556,378695847,270181410,156948276,96770075,67408392,52851292,44239567,41351047,39058459,31936692,21221943,11722218,6278703,2952344,1279087,670449,422083,279794,168436,78631,24405,2274,505,568,633,0,0,0,0"
asia,1985,"0,0,0,0,0,0,0,0,0,0,6929,63725,415052,1440251,12265492,50291158,98367081,181129039,332658497,425332271,463208187,412723671,288422529,166634778,101217402,68065264,53021063,45707843,41929757,40718510,33519237,21506783,12646544,6693006,3065976,1336086,694287,434296,275008,145708,61741,19092,1618,275,305,440,0,0,0,0"
asia,1986,"0,0,0,0,0,0,0,0,0,127,7669,76861,407358,1408266,12664407,47417048,94199026,172090415,319710276,429725603,480204340,440601240,304554349,175399395,105557304,69191716,53060214,46420821,42428361,42360454,34890541,22725621,13323019,7066823,3272910,1445659,745301,443247,244735,96331,27550,4165,642,60,87,257,0,0,0,0"
asia,1987,"0,0,0,0,0,0,0,0,0,785,8744,78805,460665,1203143,10974980,44179129,89485756,160466278,305644104,430093528,498243684,472435122,324868172,185683460,110819807,71031185,52281460,45448259,42394893,43318203,37262852,25516547,14810816,7886588,3720060,1644268,831085,484059,257204,93677,24413,3478,535,42,40,201,0,0,0,0"
asia,1988,"0,0,0,0,0,0,0,0,61,1261,8596,66929,383698,1215137,6083794,34141233,79902918,144307487,279532671,425956745,519659367,509958365,358028594,203235271,119133128,75005073,53065144,45587098,43304430,44163674,38975996,27230004,16330459,8731497,4170368,1865605,906028,505597,253110,79786,12634,3388,586,83,36,197,0,0,0,0"
asia,1989,"0,0,0,0,0,0,0,0,0,0,8453,67398,376172,1157203,5485020,41948366,100546395,194551814,342116353,443399484,493194009,460594914,332606028,197243608,118740078,75695154,53915226,44802847,43093370,43986137,40079555,30841024,18677976,9712673,4910240,2171300,1049579,585492,308928,116728,21940,3978,779,68,84,293,0,0,0,0"
asia,1990,"0,0,0,0,0,0,0,0,0,495,10488,78161,407723,1153094,4735786,39254599,97232864,188731104,336935160,446111335,506825409,478520115,346744895,205846488,124871713,79965935,57011539,47500632,44914038,44222127,41024436,31000005,19500771,10243762,5199432,2302664,1105810,638107,372623,168491,47432,5925,516,85,82,151,0,0,0,0"
asia,1991,"0,0,0,0,0,0,0,0,0,1108,11133,81980,404499,1223770,4493805,36366907,91830502,179866871,330010984,450751104,523926441,500851127,364086354,217158814,129685545,80502126,56269648,46554355,45045020,45097446,41701836,32883157,20806266,10984117,5611317,2521999,1200192,673893,373687,157832,39626,3670,615,96,120,222,0,0,0,0"
asia,1992,"0,0,0,0,0,0,0,0,0,0,5236,109555,573313,1358409,4052479,33538662,85771474,167693327,316542279,445064295,533801031,521813493,386573289,234013013,139635273,85697451,58549583,47035073,44860723,45983502,44271907,35456311,21862679,11909050,5840453,2674224,1278077,698385,383799,157305,37296,4624,661,121,110,262,0,0,0,0"
asia,1993,"0,0,0,0,0,0,0,0,0,128,9422,129458,606507,1407259,6270049,31975403,77948415,162280500,305354946,441138885,542634750,534036678,405485216,250018628,149839603,92161238,61620458,48719274,45940343,47069102,44317344,35671701,23064248,12321012,6330234,2909006,1378097,752524,400514,157974,32715,3550,886,118,145,352,0,0,0,0"
asia,1994,"0,0,0,0,0,0,0,0,0,860,7634,114155,577357,1416031,3672404,22200776,65977522,140124478,267089643,422680153,565669672,571372906,440336469,276114958,164732363,99546745,65459098,50210743,46195490,47264732,46326142,38107652,24129531,13262735,6599340,3054892,1453420,773877,416223,170034,40733,5224,1264,172,204,406,0,0,0,0"
asia,1995,"0,0,0,0,0,0,0,0,0,1773,12996,122826,575212,1427315,2898783,15409353,55095593,128345644,245872325,403916221,574309515,599145444,470356899,298176797,178704298,106178164,68836592,51948207,47683056,48585871,47357132,39016642,25831080,14019894,7277630,3418244,1625076,870607,468963,197425,53407,7959,2054,761,523,560,0,0,0,0"
asia,1996,"0,0,0,0,0,0,0,0,0,2100,10608,116359,541395,1367167,2574305,9990963,43751938,116965260,227371424,388061017,574558974,619795328,495649222,320218994,195486694,116022591,74981974,55404112,50338581,50135712,49197398,40904404,26717941,15374838,7736575,3624286,1738506,922726,502997,208144,48889,9219,3253,949,742,794,0,0,0,0"
asia,1997,"0,0,0,0,0,0,0,0,0,2271,13613,131361,624177,1454296,2653893,11010495,46622670,120046808,230352755,389442269,574775024,618927609,499437249,328223955,203981869,122430415,79394536,58390030,51759163,51346620,50138777,41548468,28108476,15735540,8197100,3922621,1890205,1020785,550698,229127,57710,11116,4067,1411,1035,1040,0,0,0,0"
asia,1998,"0,0,0,0,0,0,0,0,0,2337,14888,123226,506399,1290834,2667984,12917732,53931337,131562995,244212682,394785085,571484695,612198903,497330997,331771628,208350170,128118730,84680285,62715936,54174336,52522206,49100674,40701247,27853937,15391989,8079864,3892942,1868160,997020,510479,205986,53295,7964,2427,439,539,757,0,0,0,0"
asia,1999,"0,0,0,0,0,0,0,0,0,2632,11845,96972,450833,1243182,2824722,12899202,51696941,118924377,220796866,388814047,583956655,631505745,512907547,343581961,221587889,138245749,87972215,63303331,55283849,53153105,52128442,42801288,28164780,16380334,8445606,4067477,1966686,1013860,505137,184944,39174,11350,4747,1662,934,889,0,0,0,0"
asia,2000,"0,0,0,0,0,0,0,0,59,3107,11568,83859,413263,1211540,2959550,12370976,47743121,113136494,212287161,381485122,583925349,637678242,522299894,357552219,235686853,148733470,95098265,67287910,56789609,54509862,54003269,45183293,30398146,17489216,9061789,4399308,2157001,1121138,562348,204890,39983,9860,2986,572,646,987,0,0,0,0"
asia,2001,"0,0,0,0,0,0,0,0,35,1993,11620,78632,335408,1010717,2589544,10673646,43324734,106791306,202285408,369624372,587501051,643607442,533118456,372457328,250452788,162497912,103644090,71152503,59633531,56790231,55204301,45875875,31521007,18022063,9551359,4711714,2265201,1176884,566869,218294,55014,9728,2700,370,561,939,0,0,0,0"
asia,2002,"0,0,0,0,0,0,0,0,0,0,4542,78244,339713,816720,1936180,8631705,36530319,95423123,183829305,345155898,581248233,654344505,550084367,394448912,270286304,180055624,116061528,77447818,62178666,58373925,57694558,49044874,33332868,19264009,9965166,4868162,2376890,1216060,581224,219019,51445,9370,2634,334,539,984,0,0,0,0"
asia,2003,"0,0,0,0,0,0,0,0,0,2020,12410,79137,353150,996111,2018177,6309313,26744471,79847851,166460960,323606963,568005205,667251866,569308936,419792306,293604464,198252788,127073627,84595643,66432570,61194891,58182891,49001541,34506493,19976413,10515965,5242006,2521805,1291101,599232,209086,48611,9663,3056,508,716,1133,0,0,0,0"
asia,2004,"0,0,0,0,0,0,0,0,0,55,5083,58468,279118,881771,1861463,4923769,19416792,64145904,148744567,308447547,557774408,668961042,584830393,435236793,311488609,215955934,142221588,92952993,70759248,64580553,63144520,53731649,36792109,22257007,11650551,5803158,2886849,1479888,716982,262635,58705,14234,4350,677,808,1813,0,0,0,0"
asia,2005,"0,0,0,0,0,0,0,0,0,500,8811,71281,290146,829263,1706893,3780202,13043310,48661643,128152393,278652867,532659800,676280600,610964679,463462821,334848664,234477602,157327973,103132125,75179160,67842593,65014446,55326891,39858120,23762066,12718792,6467227,3193759,1649577,790503,296702,82558,21334,5061,765,905,1881,0,0,0,0"
asia,2006,"0,0,0,0,0,0,0,0,0,560,5301,53226,227023,710931,1565235,3798584,13864466,46946978,121439170,264644950,508732525,669947837,621153274,478541693,351575962,251850643,171411269,112646423,80917746,70530756,67506863,58074618,40805781,25123818,13612276,6858828,3454712,1806369,907075,372456,107644,21152,5728,983,1102,2195,0,0,0,0"
asia,2007,"0,0,0,0,0,0,0,0,0,445,5753,49966,179065,582158,1337843,3056201,11442204,40670720,108859057,242038233,484905544,661508237,632979503,494687108,372303479,274046396,190921310,126661938,88370082,74418803,70075124,59927294,42885413,26309188,14554300,7591883,3811896,2040621,1031470,423668,132788,31422,13355,6182,4484,4475,1506,1039,727,515"
asia,2008,"0,0,0,0,0,0,0,0,0,0,4559,40592,142008,474367,1188151,2702133,10784743,37859486,101835657,229492205,463644208,651972279,645809231,512171718,387366953,289755369,204405564,137865410,95707365,78754738,72545739,60299294,43808004,27015380,14897863,7807414,4002025,2183554,1116714,466189,153945,43794,19459,10209,7545,6734,3313,2471,1867,1423"
asia,2009,"0,0,0,0,0,0,0,0,0,330,3653,31917,101867,365922,1028452,2242088,7792445,30533769,92747579,214473472,440197914,653758404,653093293,526130667,400001130,306574082,221104833,152860017,106639825,86157992,78050557,63013362,43891524,26800623,14542559,7292728,3624135,1578416,612642,222997,91281,44369,17209,7359,5796,6130,2504,1975,1581,1273"
asia,2010,"0,0,0,0,0,0,0,0,0,0,374,12989,50254,248491,856891,1936471,5971468,23378705,76681546,191939977,398368531,618230044,662661689,553650953,427797689,334741751,246041420,173655626,120522932,92733509,82085792,66653686,48172879,29442547,15580337,7704390,3457992,1371754,580476,283959,152928,85051,50481,31495,22905,17798,10835,7881,5778,4268"
asia,2011,"0,0,0,0,0,0,0,0,0,29,1147,13323,49527,217514,774927,1779229,4601990,17666856,60173859,165479943,362802427,593289260,672367922,581133331,456443372,361162586,270761880,193102591,133139618,97642714,84180486,67937111,47760812,30531948,16366326,8026610,3775193,1662691,757940,383177,207479,117931,69362,42854,31641,25030,15484,11972,9325,7282"
asia,2012,"0,0,0,0,0,0,0,0,0,414,2633,21933,69047,218330,764851,1726596,3846335,13457157,49361240,147798209,333017418,569469757,671239558,599577006,475551172,380096161,294614716,211608946,147405849,108119246,90034403,72369709,50128036,31907279,16699845,8161643,3739187,1619900,742543,365746,194662,105037,56613,32145,23733,19283,10581,8090,6262,4890"
asia,2013,"0,0,0,0,0,0,0,0,0,847,3079,15667,46580,135182,333372,704022,1755526,5740250,23868388,100326761,283145717,542260248,666889014,631936228,520479370,416564638,323971187,233882827,165770048,122498493,98653331,77238516,52684444,32040104,16964618,8042173,3649997,1607061,763448,384295,208189,115977,65790,39115,27879,22063,13276,9906,7509,5757"
asia,2014,"0,0,0,0,0,0,0,0,0,0,1044,16279,56311,145726,333145,698297,1636733,5175339,20573083,86292619,253248085,513094071,662050028,636091687,538425075,437603929,346440393,253701858,182080269,133666890,105286041,79692470,55967922,33398297,18016232,8789956,4009351,1692280,743722,371896,201154,110761,62349,35935,25381,20120,11471,8451,6340,4837"
asia,2015,"0,0,0,0,0,0,0,0,197,1454,3498,14006,41034,108664,296236,700613,1704022,5211171,18375404,70220413,214374914,469134877,658473797,657872429,563498909,457608491,366238680,277265594,196642736,140490459,109574590,84658151,59485427,36005836,19649562,9236976,4135390,1843645,855696,418322,222667,128050,76720,47659,32968,24165,15221,10921,7971,5912"
asia,2016,"0,0,0,0,0,0,0,0,0,0,292,8456,35155,105645,304306,759286,1771283,5023662,16548717,59540873,185138111,425382787,645522469,673429425,586620711,479363995,385733899,293991794,211985169,151447672,116628392,88510321,61793700,39495473,20935121,9922107,4539248,2014314,946937,493607,280821,167079,101613,64174,46767,36543,23521,17920,13827,10775"
asia,2017,"0,0,0,0,0,0,0,0,153,1528,4347,15524,43991,117883,310189,782926,1825333,4653632,14255639,50368572,162013782,390204950,631367986,687879083,607390749,495293642,402290271,308721664,225409089,162455123,121969470,92683291,65342427,42011370,22986043,11199747,5192267,2341815,1134717,616438,364906,228377,148344,101115,74605,57308,41835,32537,25619,20305"
asia,2018,"0,0,0,0,0,0,0,0,0,0,1271,11708,45075,132577,334744,831659,1910650,4566171,12911490,43651467,140554118,348563812,614276905,691941402,624256969,515693345,422615277,328269693,240469470,173353669,129676709,99433535,69011569,44063072,23682167,11449480,5358421,2471697,1179217,637966,371760,228109,144599,96167,69777,52957,37793,29010,22610,17798"
asia,2019,"0,0,0,0,0,0,0,0,0,0,273,11506,50164,139301,348333,849167,1942312,4544357,12166784,39852257,128145976,318083176,590833039,703307857,641339657,529463638,435795046,341624215,253508209,182519620,134727577,102034879,73276007,45863672,25791813,12729208,5735037,2695539,1330023,738378,451644,288672,189897,130203,95894,72976,52780,40553,31498,24634"
asia,2020,"0,0,0,0,0,0,0,0,0,2723,8044,24105,69539,174086,420734,1038096,2340387,5441683,13823426,44193777,135720934,324146437,601049293,719967518,650796096,538972304,443215660,340067598,243769862,169334039,125611369,99698969,70783816,44980259,25355472,12629119,5854419,2801583,1463626,851553,536950,353679,238655,166770,122494,92011,66522,50352,38370,29347"
asia,2021,"0,0,0,0,0,0,0,0,438,3220,7727,25546,83278,206090,485778,1175124,2664619,6184048,14261745,40884130,123106816,298828328,555596197,689974664,640698769,538859590,463970326,376381893,280399301,197205148,140184650,106329408,74518918,48283647,27777022,14183859,6674578,3165694,1591548,903006,559745,365208,244808,168943,121459,89190,63496,47627,36126,27607"
asia,2022,"0,0,0,0,0,0,0,0,0,2285,6763,23542,76033,191771,456164,1109469,2572591,5999204,13232412,36192429,109286630,269132730,537734654,707064400,671917019,558676037,470945589,381130819,283278692,198447796,140645640,108019650,76633201,51393444,30322639,15737139,7479782,3529789,1766059,950051,573964,368403,244468,167969,121307,89778,63658,48247,36919,28413"
asia,2023,"0,0,0,0,0,0,0,0,0,0,267,12058,65083,188455,481924,1174686,2678145,5935590,12328970,33009884,96507088,238817359,496296225,701564949,687950848,571618755,480219541,397593550,304427210,217552053,151645935,114458692,82385959,53619946,32311839,17203510,8033584,3725178,1817116,959810,567402,357395,231784,155382,109735,79418,54484,40370,30308,22973"
asia,2024,"0,0,0,0,0,0,0,0,0,2135,6021,22696,81194,211922,522929,1239751,2678448,6167270,12387459,30738714,87982381,222150775,467308705,692961873,699091078,588055036,491072860,408609448,315992569,228861194,160604254,119754489,84666780,55833381,33565253,17783319,8395282,3895148,1914721,1025989,610138,387576,252890,170283,120293,86861,59654,44123,33069,25027"
asia,2025,"0,0,0,0,0,0,0,0,0,1469,5737,23371,83760,218816,550508,1332287,3090849,6716421,12589422,29310305,81054936,206486917,437422713,675945670,716453985,606039838,500934769,418637185,327837812,240135358,168263284,124544935,87961462,57762984,34770087,18655050,8726055,3964714,1895830,990568,574454,362448,236394,158663,109307,76222,52008,37652,27683,20633"
asia,2026,"0,0,0,0,0,0,0,0,0,955,4811,19587,80172,226329,589134,1435181,3265755,7001047,12698044,26845569,69162093,177079087,377180882,632700120,727412170,639034927,521962803,437529513,348614958,259745662,182081000,130036417,90897203,59311609,36310965,20110206,9618537,4176005,1960419,941275,480086,262707,154174,97030,68131,51567,32459,24005,18523,14562"
asia,2027,"0,0,0,0,0,0,0,0,0,959,4822,19419,78976,224876,592726,1454869,3301880,7040491,12487467,24970472,61446464,157301769,338296836,603291830,737410908,670532787,544581868,452764226,360654928,269922271,189845864,134842664,94919572,62135417,38327668,21442710,10372886,4506549,2099298,1007410,511446,278585,162842,101864,70941,54015,34592,25010,19270,15135"
asia,2028,"0,0,0,0,0,0,0,0,0,708,4380,16602,70248,205056,548763,1378793,3122273,6753906,11931129,22929514,53975675,137269511,299043938,558769048,732852315,697049136,568675799,469960062,378857424,288044285,204905036,144127440,101661140,66698458,41275653,23223011,11404929,4936219,2245420,1068594,536208,288527,165697,101578,69621,53010,34292,23948,18395,14447"
asia,2029,"0,0,0,0,0,0,0,0,0,710,4395,15239,66399,195115,526173,1347262,3086277,6707827,11653090,21302176,47861534,121714154,275354511,528945433,724986044,709764467,582150706,480176131,393258189,305276138,220951025,154928258,108160306,70968532,43823635,24777068,12308547,5377540,2416174,1154002,580537,312798,178229,108464,73231,55506,37287,25108,19253,15087"
asia,2030,"0,0,0,0,0,0,0,0,0,713,4411,16477,69247,198269,533419,1384911,3211959,6991967,12131964,21886101,47830564,118495414,266049774,512140761,720278944,721852127,593394618,485146265,398727370,312307451,227903935,159829918,110659612,72413428,44488239,25177905,12541048,5499512,2450129,1175050,593932,321357,183699,112774,76587,57852,38924,26249,20110,15738"
asia,2031,"0,0,0,0,0,0,0,0,0,714,4406,14901,63766,185418,493562,1292611,3019790,6732297,11881320,21199938,45123274,110222714,251229499,492272981,719534885,740375313,615613671,498549434,406435096,315596852,229494789,160934855,112241308,73816809,45482210,25671256,12779396,5600334,2486103,1192745,602628,326625,187329,114253,77040,58075,39211,26151,19954,15547"
asia,2032,"0,0,0,0,0,0,0,0,0,717,4405,13497,57820,173189,461595,1221171,2864783,6480184,11645459,20552340,42674473,102918815,237620503,469918681,710095273,751310850,631121313,508367789,415887611,325133356,238260372,167386912,115970741,76378941,47102173,26681739,13362099,5898058,2592746,1244912,627902,340779,194295,118577,79740,60081,41447,27540,21114,16563"
asia,2033,"0,0,0,0,0,0,0,0,0,489,3995,12995,56978,172401,460675,1230330,2900583,6557249,11705048,20195155,40288015,95248755,223170776,446106398,698845366,762465574,648665056,519305675,425180666,333934595,246267709,173397930,119992282,79243893,48884249,27832803,14053583,6232967,2708210,1296648,652129,355371,204113,125209,84346,63433,44040,29326,22375,17505"
asia,2034,"0,0,0,0,0,0,0,0,0,490,4000,11989,51305,160464,428654,1153159,2738801,6252476,11391690,19521559,38163001,89195018,211067120,426986401,692550231,775992713,669963020,533597606,433623008,338286061,248754395,175016090,121153853,80144145,49497278,28179367,14259070,6344549,2767562,1328406,669689,365811,210570,129159,86340,64698,45809,30258,22985,17990"
asia,2035,"0,0,0,0,0,0,0,0,0,289,3613,10610,45711,149475,401462,1086939,2606243,5981885,11156858,19143719,37487342,87570684,208716518,422868695,687477811,775257857,670475198,534840096,437342399,344931085,256351217,181342982,124971066,82876130,51344374,29375040,14983109,6717230,2910807,1393821,702251,384367,220283,135141,89919,66969,47940,31651,23867,18666"
asia,2036,"0,0,0,0,0,0,0,0,0,289,3622,10591,45707,149996,405324,1103016,2648040,6078139,11304351,19112986,36093341,81994482,195672772,399318555,670077579,780528884,687148098,547204708,447146913,353973891,264927394,188234941,129607364,86290242,53501992,30508260,15619618,7038932,3034086,1445145,728605,399542,229442,140954,93214,69157,49973,33001,24705,19306"
asia,2037,"0,0,0,0,0,0,0,0,0,291,3625,9917,40891,138880,377956,1033669,2511831,5780867,11030269,18590869,34391195,76667248,183030916,377814503,656715717,789723626,709693563,565972480,458356123,359853642,267632728,189589574,130640086,87127089,54222020,31075486,15928239,7212324,3117242,1491071,753195,414248,239614,148389,98567,72970,53286,35372,26503,20696"
asia,2038,"0,0,0,0,0,0,0,0,0,115,3243,8840,37517,132819,366835,1015875,2487434,5751766,10978783,18311583,32798375,71378881,170251150,355769078,635411198,791231944,726082141,580406987,469008980,369636337,276730935,196811663,135527444,90573275,56437408,32270727,16628258,7564813,3256832,1548931,781944,430541,249650,154718,102678,75799,55409,37040,27548,21490"
asia,2039,"0,0,0,0,0,0,0,0,0,115,3246,8810,35791,127002,350419,969023,2401768,5538495,10828821,18026148,31840060,67581264,159615554,336852919,613672445,788408308,738782990,593659068,479404714,380156917,286640973,205042865,140634767,93876672,58432147,33305179,17203235,7857386,3374250,1588447,802583,441955,255735,158011,103648,75859,56138,37465,27551,21514"
asia,2040,"0,0,0,0,0,0,0,0,0,115,3250,8414,31979,115665,323033,897837,2265487,5232024,10507495,17549810,30634773,63693838,149242902,319466890,596414664,791581572,758259445,612406363,490074271,385831230,289502081,206542606,142221317,95419194,59745938,34182011,17680164,8117630,3489895,1643134,830800,457944,265461,164047,107838,78937,58553,39494,28880,22555"
asia,2041,"0,0,0,0,0,0,0,0,0,0,2857,7697,29037,111365,315821,885257,2247253,5206986,10477113,17394064,29604043,59663440,138252580,300174559,569805604,785331986,771997098,629683204,502121748,397242574,299531903,214409910,147163343,98398836,61609385,35197983,18304117,8451356,3638186,1704008,863533,478497,277919,171413,112091,81516,60534,41036,29955,23410"
asia,2042,"0,0,0,0,0,0,0,0,0,0,2862,7680,28123,107853,306567,852274,2177442,5017709,10314967,17231767,29444517,58966464,136146769,296869849,563131058,780372498,770450403,629821886,504411900,402808369,306958983,221653859,152186695,101505668,63603245,36247280,18899063,8767334,3783932,1755522,890580,493364,286857,176784,115005,83237,62277,42296,30655,23944"
asia,2043,"0,0,0,0,0,0,0,0,0,0,2865,7663,24999,97895,284173,790927,2050912,4729997,9951940,16806342,28613745,56323348,128531616,282933419,544198892,778084020,785730109,648172524,515125751,408824881,309975914,223192962,153800075,103125774,64973367,37195143,19403505,9047167,3910437,1812915,916536,506036,293326,179947,116515,83943,62909,43220,30972,24218"
asia,2044,"0,0,0,0,0,0,0,0,0,0,2414,7083,24583,99021,288298,801042,2077661,4779871,10031261,16848002,28095906,53257369,118919106,265072963,515869045,766168912,796512106,665394702,527277915,420149397,320430469,231747570,159556422,106464355,67088620,38282173,20035099,9380465,4062523,1867514,946469,524861,306026,188486,122384,88137,66135,45825,32741,25553"
asia,2045,"0,0,0,0,0,0,0,0,0,0,2417,7065,22011,90080,269111,746335,1955011,4491521,9611215,16348170,27102849,50117161,110155818,248359207,488191003,752257541,806044677,682282706,539121446,430728464,330242063,240135244,166061353,110878911,70224600,39984852,20936627,9855736,4276280,1937196,979617,541549,315369,194025,124956,89251,67308,46865,33241,25854"
asia,2046,"0,0,0,0,0,0,0,0,0,0,2421,7055,19795,82176,253847,702925,1849903,4245680,9224089,15953184,26379768,47802573,103379595,234367032,465815240,744099102,819419573,704327819,553584831,438893857,334118857,242164194,167196750,111513797,70564113,40133693,20996616,9887882,4296350,1948907,986031,545355,317537,195306,125590,89572,67599,47141,33445,26061"
asia,2047,"0,0,0,0,0,0,0,0,0,0,2010,6493,19354,82680,256597,708886,1868483,4293289,9318607,16075290,26260300,46192251,97741259,221527870,442888042,726979439,822825319,717496508,564131799,448668284,343438162,250082997,173096318,115017992,73050634,41705427,21926362,10419295,4557967,2048187,1037226,573929,334850,205944,132665,94290,71063,50101,35537,27552"
asia,2048,"0,0,0,0,0,0,0,0,0,0,2013,6482,17595,74277,239020,663308,1763061,4065800,8921093,15656062,25535549,44149351,91717523,207940079,419042563,708465494,827365632,733245475,576460251,457569092,351660928,257679400,179428778,119243347,76092880,43371163,22798776,10894374,4780978,2120206,1069891,589674,343194,210568,134786,95119,71980,50598,35904,27664"
asia,2049,"0,0,0,0,0,0,0,0,0,0,2015,6489,16300,66649,221949,619011,1655952,3841040,8497236,15243204,24909563,42806520,88702815,202499625,415172425,709218758,832296117,739344473,581607028,460161365,352733198,258185594,179854445,119624394,76380712,43582726,22923085,10971034,4825126,2145085,1083770,597732,347998,213457,136504,95873,72472,51334,36299,27995"
asia,2050,"0,0,0,0,0,0,0,0,0,0,2015,6489,16338,63802,213416,594147,1590758,3712822,8216916,15043526,24601513,42147178,85321872,192192371,391441827,683261329,828621031,752570383,595763782,471806233,363331557,267171955,186547005,123382229,78846688,45072952,23720715,11423768,5052460,2226377,1121101,618543,360131,220250,140834,98761,74554,52929,37584,28806"
asia,2051,"0,0,0,0,0,0,0,0,0,0,1633,5972,14660,59078,204125,578319,1567934,3681475,8171184,14944289,24261417,40578864,80299768,179428139,369942856,663045071,829416116,770410290,614027256,482978305,369550230,270334347,188824227,125565347,80677815,46267144,24364312,11770309,5207874,2296440,1153975,634901,369881,226491,144609,100790,76342,54603,38809,29603"
asia,2052,"0,0,0,0,0,0,0,0,0,0,1634,5974,13796,53118,189064,540828,1472153,3493112,7761722,14520953,23595504,39022310,75462921,166685079,347023241,634832184,823521081,783400531,630604322,496015680,381480647,280387041,196335751,129698674,83168333,47559008,24994445,12110816,5385678,2362180,1181427,651193,379116,231902,147816,102722,77616,55565,39654,30014"
asia,2053,"0,0,0,0,0,0,0,0,0,0,1634,5976,13732,50626,177613,503856,1373436,3317072,7403032,14209009,23168880,38063137,71583817,155378021,326600940,607406856,815562846,794873190,646152198,507840043,392451780,289562773,203350830,133811776,85706150,48972284,25698080,12496382,5585916,2443940,1214562,670562,391661,240014,153341,106243,80050,57735,41150,31202"
asia,2054,"0,0,0,0,0,0,0,0,0,0,1294,5480,12434,46852,169931,485707,1333876,3248871,7303621,14062082,22907682,37233355,69372786,150928160,322259081,605342406,816924022,797340215,649140375,509831365,393192175,289795851,204050285,135161365,86980517,50058772,26354356,12876007,5761528,2519859,1249272,685532,400067,244192,155919,107843,81186,58643,42029,31674"
asia,2055,"0,0,0,0,0,0,0,0,0,0,1294,5481,11925,42136,156021,447832,1228954,3042683,6864790,13558620,22236473,36034766,65646479,140619543,302745694,576650535,806808718,807886882,664932873,521290547,403537766,298806284,211420100,139731585,89838511,51720762,27198006,13345833,6009314,2624275,1290071,708089,413314,252149,160530,110527,83298,60252,43354,32458"
asia,2056,"0,0,0,0,0,0,0,0,0,0,1294,5481,11845,40594,149800,430705,1179262,2951294,6643937,13386483,22075809,35647716,62931768,131237919,284261088,550487150,798742045,821300180,685116148,534576767,411924099,303043238,213581875,140972653,90598386,52195891,27448625,13473094,6085670,2668712,1315993,723876,423301,258764,164979,113333,85132,62009,44546,33403"
asia,2057,"0,0,0,0,0,0,0,0,0,0,1294,5479,11556,35884,135493,395474,1083440,2756542,6239924,12869932,21475378,34672503,60064052,122679350,266129563,519305015,781863169,827236661,700462685,547275729,423733152,313161690,221733753,146655182,94242161,54578947,28671500,14145134,6422617,2805969,1367938,750801,438537,266986,170155,116667,87384,63615,45951,34203"
asia,2058,"0,0,0,0,0,0,0,0,0,0,997,4977,10911,32879,129249,381652,1049003,2691736,6134079,12705790,21230242,34167886,58721293,118876648,256913192,499687166,770747694,834703762,716041721,556915142,428635820,315031109,222638380,147228962,94720065,55216544,29120899,14406283,6551949,2874376,1401522,767330,448749,273548,174446,119403,89153,65287,47325,35067"
asia,2059,"0,0,0,0,0,0,0,0,0,0,996,4976,10853,31947,123495,366555,1000777,2585143,5884978,12366282,20898774,33648774,57137736,114673898,249355276,490034493,763581181,831525336,715250238,559117573,433982704,321794553,229061134,151765407,97433638,56925345,29998049,14901953,6820223,2998510,1445705,791718,462782,281951,179042,121945,90960,66723,48392,35785"
asia,2060,"0,0,0,0,0,0,0,0,0,0,996,4976,10789,28293,110547,336273,918037,2402364,5513495,11792070,20276483,32680536,54693411,107708134,233931535,465092227,749802488,839991648,734584106,573558624,442033425,325675884,231102681,153587775,98819695,57902922,30493392,15145879,6943352,3054539,1473768,805841,470911,286901,182193,123797,92051,67748,49236,36365"
asia,2061,"0,0,0,0,0,0,0,0,0,0,996,4974,10744,25590,99221,308875,843490,2228348,5147556,11154946,19559236,31592980,52381278,101639380,219873823,439708074,729610297,841978890,748928563,586373591,452443358,334438960,238055103,158088121,101260900,59411988,31237477,15550811,7171013,3168011,1511275,827959,484779,295605,188057,127844,94943,69912,50967,37698"
asia,2062,"0,0,0,0,0,0,0,0,0,0,995,4969,10734,25656,99424,308305,838346,2223232,5154727,11185717,19614236,31475140,51024200,96143840,205864853,416070628,710879353,844403363,766058568,602125113,462260953,339774358,240774457,159569973,102086575,60008636,31591592,15724404,7259326,3212131,1534537,840751,492370,299094,190173,129137,95751,70491,51473,38100"
asia,2063,"0,0,0,0,0,0,0,0,0,0,733,4492,10100,23113,89134,283673,771652,2060507,4824079,10574427,18951970,30558552,49609973,93127723,199728300,408081756,703116181,841803609,764774891,602730822,465259088,344646138,246223571,164114663,104978848,62061762,32738613,16367701,7598734,3383123,1627659,896649,529069,323659,206606,140347,103857,77010,56441,41923"
asia,2064,"0,0,0,0,0,0,0,0,0,0,733,4490,10097,21612,81062,263800,715414,1917024,4543696,10032367,18374679,29725852,48036606,88465146,187512572,386794338,683942213,842373508,780648979,617760758,474341923,349866251,249014355,166257966,106359554,62975678,33168613,16562651,7691195,3422603,1645165,902630,532044,325349,207689,141168,104494,77572,57063,42549"
asia,2065,"0,0,0,0,0,0,0,0,0,0,733,4486,10083,20070,72295,239915,650588,1751177,4224277,9414304,17705468,28890651,46983261,85649081,178997024,367023922,657526187,834718341,790310539,631352266,484747064,359047534,256145973,171156688,108982066,64600369,33989407,16995891,7924479,3540329,1680252,921431,542255,331345,211254,143374,105910,78528,57747,43094"
asia,2066,"0,0,0,0,0,0,0,0,0,0,732,4484,10076,20136,72982,242380,653371,1754941,4235720,9430871,17719474,28822113,46250465,82139711,168750228,348882901,636178301,830904926,802927486,646223782,493641667,364242885,258948321,172867464,110040010,65433428,34547418,17277342,8075030,3618566,1720521,943489,555692,338692,215844,146056,107575,79893,59071,44137"
asia,2067,"0,0,0,0,0,0,0,0,0,0,498,4056,9419,18498,66127,224876,608287,1626311,3974153,8877894,17079235,27969923,44984708,79235976,162247498,338529897,624173025,824957823,801472652,648266871,498853997,371028693,265775302,178321437,113084681,67426159,35658650,17883337,8396594,3783800,1775095,972479,573108,349507,222666,150661,110721,82166,60828,45601"
asia,2068,"0,0,0,0,0,0,0,0,0,0,498,4053,9413,17403,58978,206487,562676,1497049,3705844,8310970,16361486,27045207,43608870,75405106,151992507,319722086,601247413,820809713,816013737,665996293,508583665,376153579,267860638,179935748,114421193,68451549,36198650,18160859,8534463,3849399,1808974,989323,582182,354896,225524,152035,111582,83090,61273,45943"
asia,2069,"0,0,0,0,0,0,0,0,0,0,497,4051,9405,17460,58562,201751,544097,1423776,3537228,7918760,15892544,26473998,42856827,72887976,143979700,302201637,573844584,807749022,821801065,678748037,519167491,386055975,275947746,185929832,117779444,70520523,37312583,18710405,8823811,3994348,1852788,1011567,595272,363190,231031,155553,113964,84921,63010,47348"
asia,2070,"0,0,0,0,0,0,0,0,0,0,496,4048,9394,16751,54464,192017,520811,1365111,3418312,7714889,15552479,25905399,41544041,69225066,134678293,284777397,549740299,799769126,833936744,696896770,530556584,392720016,279064615,187417079,118465066,70894481,37519744,18791896,8857254,4014854,1866590,1019683,600035,365637,231869,155644,113690,84474,62414,46713"
asia,2071,"0,0,0,0,0,0,0,0,0,0,496,4041,9384,16294,49279,177413,488590,1270157,3191531,7214169,14858913,25116295,40853396,68649394,133484140,281413962,541410944,791566925,827917057,694139405,531638808,396744476,284159861,192193908,121384608,72815471,38659874,19387701,9195089,4189036,1929309,1048923,617570,375728,238175,159848,116510,86525,64000,48093"
asia,2072,"0,0,0,0,0,0,0,0,0,0,495,4035,9371,16085,43882,161868,451008,1161285,2935264,6669609,14026231,24076142,39452415,66026792,126564435,266095082,517116088,779247658,835938206,710714478,543026026,403919854,288042790,194849939,123114272,73949285,39330801,19696170,9345765,4260050,1964115,1065884,626600,381656,242185,162831,118749,88436,66010,49915"
asia,2073,"0,0,0,0,0,0,0,0,0,0,291,3637,8723,15467,43530,157950,440943,1130317,2865253,6502726,13759160,23831610,38985142,64388107,120738497,251859623,492894386,763850541,838950173,722235300,552154178,411229377,293973755,199842592,126360133,76174968,40663813,20443598,9736644,4457430,2042443,1099195,646085,394083,250125,167627,121983,91156,67821,51330"
asia,2074,"0,0,0,0,0,0,0,0,0,0,291,3631,8710,15279,39696,145011,411018,1043273,2645196,6060744,13024698,22994573,37768127,62399349,116580643,243777150,483917651,758631164,839023940,725778608,556703913,414973462,296757066,201810792,127488523,76746177,41026977,20613595,9810021,4499406,2067494,1113682,654902,399622,253406,169814,123521,92327,68789,52275"
asia,2075,"0,0,0,0,0,0,0,0,0,0,291,3627,8698,15197,36909,139557,400935,1016807,2574917,5906069,12754103,22549057,36846215,60040026,110136786,228680405,459003265,741345656,843497663,743065653,571018638,423669292,301235602,204165621,128759810,77454815,41440996,20804408,9907465,4549813,2096055,1129788,664293,405509,256830,172002,124779,93220,69744,52928"
asia,2076,"0,0,0,0,0,0,0,0,0,0,289,3621,8684,15057,33062,125450,368660,935567,2379256,5500278,11973580,21556641,35329803,57574888,104364934,214815257,434154604,720705027,842850433,755308199,583039578,433551598,309257861,210570648,132874845,79973839,42894427,21519085,10281641,4731889,2164361,1157514,679753,415458,263133,176293,127838,95466,71462,54392"
asia,2077,"0,0,0,0,0,0,0,0,0,0,289,3616,8677,15009,33335,124401,365957,919558,2293506,5284550,11507831,21084097,34686355,56902886,102894064,212079025,429893961,717028067,840692490,754823260,583287769,433861162,309501461,210990497,133303734,80296608,43201704,21699902,10367282,4771696,2186097,1166653,683419,416633,263254,176087,127553,95167,71245,54246"
asia,2078,"0,0,0,0,0,0,0,0,0,0,114,3226,8083,14342,30926,114472,342725,860103,2130390,4936319,10810460,20267105,33546301,55291931,98860764,200752217,407540583,694081724,836584145,765398099,594859381,442587511,316697993,216914987,137429088,82937279,44849390,22593077,10846446,5026260,2299731,1214706,710265,432711,273370,182082,131218,98063,73464,55881"
asia,2079,"0,0,0,0,0,0,0,0,0,0,114,3222,8069,14272,28573,106229,324854,817783,2012175,4669143,10238898,19610349,32624693,53987057,94703951,189123410,386183329,672545332,834648153,779789028,610069336,451539273,321623170,219416548,138700284,83574504,45231973,22785595,10925620,5057748,2332686,1240796,722539,438368,275627,182610,131045,97717,73016,55450"
asia,2080,"0,0,0,0,0,0,0,0,0,0,114,3215,8054,14237,26307,96036,299416,759412,1866898,4360714,9583364,18764121,31479400,52661549,92781027,185482261,381355632,669092001,833274573,779187890,609847635,451907507,322372426,220579356,139614938,83990405,45515185,22956783,11004172,5096432,2353655,1251971,728955,442125,277830,183847,131873,98305,73539,55995"
asia,2081,"0,0,0,0,0,0,0,0,0,0,113,3211,8038,14210,24709,91574,292347,749341,1850043,4288511,9418138,18421577,30827180,51207854,89069556,176260014,361844133,643548487,823954976,787267785,622445425,461151151,329954485,226581909,143781778,86452502,47002085,23693041,11401420,5304189,2441761,1288439,749617,455474,286665,189933,136258,101574,76018,57938"
asia,2082,"0,0,0,0,0,0,0,0,0,0,113,3202,8024,14184,24133,87888,279488,714520,1755909,4097209,8989161,17905097,30074818,50001607,85546052,166256189,342945940,620541251,818018507,798788821,637347017,470238613,335265904,229425231,145435595,87310573,47541018,23978653,11528774,5360122,2472834,1305326,758954,461140,290142,192026,137362,102222,76799,58462"
asia,2083,"0,0,0,0,0,0,0,0,0,0,113,3199,8007,14157,22659,79876,258931,666796,1644845,3869179,8483285,17191361,29144444,48826752,83655914,162101821,333685937,611352382,813441148,796567647,636818856,472292727,338964673,233722133,148658863,89173679,48808951,24658551,11898450,5550500,2552679,1333252,774742,470175,295128,194910,139221,103481,77738,59218"
asia,2084,"0,0,0,0,0,0,0,0,0,0,113,3191,7992,14125,21458,71383,236863,616092,1526145,3622600,7954006,16386136,28060346,47082455,80271857,153515373,315800376,586363542,803704111,807207431,653571231,482910816,345041732,236826497,150436277,90150912,49362302,24943444,12029472,5620955,2593775,1356210,785664,476407,298511,196129,139594,104144,77942,59423"
asia,2085,"0,0,0,0,0,0,0,0,0,0,0,2794,7414,13493,21055,66295,224420,586263,1444469,3437682,7541070,15714311,27127728,45402497,76734742,144248665,296071878,558697055,790875559,816365694,671526500,495925052,353268337,241518181,153056690,91498654,50150070,25418395,12225159,5696697,2633018,1376628,797136,483647,303115,198919,141540,105591,79083,60376"
asia,2086,"0,0,0,0,0,0,0,0,0,0,0,2787,7398,13460,19922,58343,202448,541486,1349502,3245061,7168015,15098111,26540603,44880406,76739271,144732341,294483957,552542428,782789574,808575928,666263652,494773188,354914110,244696405,156296351,93642667,51558119,26192629,12653433,5918011,2734467,1415443,818964,497403,312313,205265,145823,108580,81674,62326"
asia,2087,"0,0,0,0,0,0,0,0,0,0,0,2779,7375,13426,19908,58076,201514,536791,1336376,3225347,7141386,15047642,26350305,44069961,73956914,136414129,276387545,525841436,768459830,815789927,683262372,507517425,362759925,248642559,158290125,94503735,51966411,26372972,12720794,5945644,2749681,1424451,825790,503397,317246,208895,148801,111004,83659,63994"
asia,2088,"0,0,0,0,0,0,0,0,0,0,0,2774,7362,13398,20014,55032,189291,506256,1250681,3018282,6699846,14211868,25283241,42272504,71433173,132265767,269207586,518136394,763897259,815621988,684950906,509872221,365059323,250541739,159763706,95321976,52421056,26652270,12852627,5995395,2783093,1468546,856030,524517,332398,219681,156922,117273,88576,67960"
asia,2089,"0,0,0,0,0,0,0,0,0,0,0,2769,7346,13370,19613,51532,178534,480545,1176628,2829289,6297317,13406001,24193024,40086863,67345306,123904756,252224410,491304640,747311115,820084704,700709401,523050005,374885769,257020525,163814225,97395373,53647159,27269936,13178524,6167616,2856614,1493105,872063,535301,339673,224403,160207,119656,90346,69309"
asia,2090,"0,0,0,0,0,0,0,0,0,0,0,2764,7332,13343,19180,46111,158699,435282,1074111,2603234,5848688,12529585,23150823,38692462,65450659,119967665,242961406,472221392,729595987,818460462,711653944,533346203,381708183,261204585,166523880,98866438,54530681,27783631,13405469,6252414,2890760,1509442,880119,539309,341653,225370,160591,119745,90701,69610"
asia,2091,"0,0,0,0,0,0,0,0,0,0,0,2757,7315,13312,19004,42599,145234,403605,995464,2420566,5481310,11773560,22182056,37201149,63327054,115973108,235258806,462366042,723171126,818141367,714459895,536769912,384332317,263185177,168140736,99862569,55093284,28143155,13585826,6333948,2934004,1534257,894333,547966,346963,228290,162150,121336,91686,70432"
asia,2092,"0,0,0,0,0,0,0,0,0,0,0,2751,7300,13283,18442,40471,139335,387905,956631,2316459,5253680,11248733,21497237,36074520,61417325,110861480,222021681,438596235,702828728,815178917,724994266,548551557,393986970,270261753,173283634,102691963,56759744,29001513,14027005,6561195,3029727,1562824,908693,556404,352065,231355,163974,122577,92559,71114"
asia,2093,"0,0,0,0,0,0,0,0,0,0,0,2311,6718,12663,18095,36627,125275,354643,876324,2132257,4882315,10490168,20456153,34607035,59491818,107975512,216920284,431244003,696771927,813226921,725843551,550304359,395962637,271771311,174526476,103524628,57251151,29363175,14216651,6643125,3070152,1583819,920017,563544,356606,234194,165735,123753,93405,71774"
asia,2094,"0,0,0,0,0,0,0,0,0,0,0,2303,6698,12629,17967,34859,119195,340960,839779,2049986,4709470,10172825,19902616,33666906,57410813,103047281,206051032,411372950,676690435,809849308,737414078,563032655,404005747,276599469,177374192,105072888,58076532,29830377,14434585,6743698,3116061,1607127,932628,571084,361500,237536,167946,125311,94823,72956"
asia,2095,"0,0,0,0,0,0,0,0,0,0,0,2298,6678,12591,17837,32762,109144,315632,779188,1909865,4428739,9582747,19057772,32467487,55788140,100736690,202522686,406302407,673102840,808847896,737140858,562031172,403609337,276591951,177806309,105492244,58377903,30077026,14589227,6819936,3157961,1633199,948083,580627,367428,241176,170075,126722,95849,73733"
asia,2096,"0,0,0,0,0,0,0,0,0,0,0,2290,6662,12559,17747,31424,100297,292546,720964,1763879,4112488,8901732,17985533,30872219,52932606,94843148,189295418,382229897,649789916,803932943,749518147,577742821,414950600,284314804,182802489,108112700,59837894,30847781,14984657,7031975,3261599,1668218,969765,594621,376812,247596,174440,129949,98224,75530"
asia,2097,"0,0,0,0,0,0,0,0,0,0,0,2285,6645,12530,17570,29750,91723,273898,680358,1661014,3880893,8392677,17158168,29774642,51112338,91650667,182333290,368793171,631005648,796315698,756318987,588252928,421971590,288824170,185411693,109464750,60448873,31186809,15151920,7095419,3283532,1704342,992201,610283,388185,256037,180850,134971,102276,78843"
asia,2098,"0,0,0,0,0,0,0,0,0,0,0,2277,6628,12493,17423,28182,82277,247542,616540,1508657,3566010,7796119,16196993,28650202,49650430,89811654,178896237,361795105,623709944,792266042,755855828,589778397,424079600,290406356,186570893,110201619,60902378,31453107,15294609,7165106,3321066,1724971,1003052,616034,391451,258050,181879,135602,102736,79260"
asia,2099,"0,0,0,0,0,0,0,0,0,0,0,2271,6604,12453,17088,27279,79581,240283,599758,1461626,3442673,7498703,15613078,27831536,47905164,85612066,167807817,339583437,598067891,782327075,763903969,603875058,434957436,298781221,192803748,113969854,63091532,32666040,15921417,7470177,3449941,1764648,1022127,626145,397326,261514,183514,136442,103380,79785"
asia,2100,"0,0,0,0,0,0,0,0,0,0,0,2263,6583,12411,16981,26029,71905,219539,555047,1357924,3219304,7047475,14783368,26866657,46622381,84241283,166275974,336755229,592366600,776690491,760705624,603285223,435475043,299561890,193621633,114697903,63504951,32920973,16078066,7556616,3498113,1792965,1038174,635643,403425,265143,185673,138488,104730,80875"
europe,1800,"0,0,0,17,370,1900,6509,22828,93927,309108,757957,1535887,2903352,5227977,8299469,11844338,16024475,21102530,24987487,26352932,24980048,21054556,15784965,10603214,6557098,3786182,2142054,1194471,637662,325738,164920,84215,44147,23859,12801,6618,3480,1896,1054,580,340,188,82,46,26,16,1,0,0,0"
europe,1801,"0,0,0,17,370,1900,6509,22758,93645,308459,756731,1532520,2894468,5216324,8310394,11926267,16322866,21705262,25594595,26873808,25127998,20885311,15447970,10306680,6340552,3658460,2071222,1151492,612244,313116,158843,80969,42513,23081,12382,6384,3354,1826,1025,565,331,182,82,46,26,16,1,0,0,0"
europe,1802,"0,0,0,17,370,1900,6505,22743,93576,308216,756722,1535763,2905499,5232615,8331954,11956172,16348712,21693857,25599804,26910906,25223307,21020528,15599383,10438835,6446589,3730806,2115118,1180491,630735,323331,163926,83476,43663,23613,12661,6533,3437,1866,1043,579,338,186,82,46,26,16,1,0,0,0"
europe,1803,"0,0,0,17,370,1900,6505,22754,93655,308499,757853,1544298,2937468,5301888,8414658,12021292,16224640,21223561,25135910,26469834,25273960,21489591,16245003,10890472,6725873,3875399,2187633,1220513,651071,332182,168345,86134,45177,24381,13054,6745,3573,1941,1081,594,345,187,82,46,26,16,1,0,0,0"
europe,1804,"0,0,0,17,370,1900,6505,22697,93396,308027,757921,1546134,2942108,5304265,8408437,11965756,16038646,20648058,24466909,25765396,25013008,21953628,17130972,11699556,7250788,4210898,2364417,1324418,708724,360632,181224,92662,48450,26064,13976,7229,3817,2070,1153,630,359,187,82,46,26,16,1,0,0,0"
europe,1805,"0,0,0,17,370,1900,6427,20876,84206,284810,723295,1505935,2886586,5214728,8356000,11973708,16130270,21000556,24975912,26312339,25390416,22003989,16962949,11510030,7136339,4132439,2326076,1295118,688265,350640,177659,90831,47642,25753,13797,7124,3723,2015,1117,608,349,185,82,46,26,16,1,0,0,0"
europe,1806,"0,0,0,17,370,1900,6427,20876,84208,284987,725342,1512237,2893166,5205080,8339788,11964358,16130067,21065532,25140737,26589604,25693023,22200697,17030027,11500396,7115172,4111292,2314354,1289851,687188,350843,177993,91094,47743,25806,13848,7180,3750,2025,1116,610,350,189,82,46,26,16,1,0,0,0"
europe,1807,"0,0,0,17,370,1900,6427,20831,83975,284654,726699,1520178,2913932,5241728,8407032,12053668,16244426,21246504,25312796,26755365,25782987,22211813,17005526,11508978,7146080,4124646,2326008,1291063,686588,350229,177493,90390,47377,25715,13825,7156,3720,1996,1097,595,339,188,82,46,26,16,1,0,0,0"
europe,1808,"0,0,0,17,370,1900,6427,20831,83980,284891,729672,1532250,2939924,5274368,8434586,12030797,16123847,20794195,24785774,26329398,25791816,22811468,17819913,12104905,7419479,4252139,2351951,1296722,687660,349140,176562,91083,48277,26355,14259,7374,3810,2029,1096,594,345,190,82,46,26,16,1,0,0,0"
europe,1809,"0,0,0,17,370,1900,6427,20831,83985,285211,732836,1546902,2988600,5385545,8612400,12239614,16376627,20982706,24875073,26340962,25774505,22781041,17814667,12095533,7417297,4242013,2344609,1293110,686646,348162,175610,90524,47992,26199,14160,7321,3817,2042,1104,597,347,191,82,46,26,16,1,0,0,0"
europe,1810,"0,0,0,17,370,1900,6427,20789,83711,284811,735090,1561102,3030767,5477013,8772736,12462458,16596871,21242750,25122050,26532928,25897557,22723011,17707256,12029200,7435091,4256409,2366547,1307120,696341,353562,178332,91360,48198,26276,14188,7312,3808,2037,1103,591,345,192,83,46,26,16,1,0,0,0"
europe,1811,"0,0,0,17,370,1900,6427,20755,83503,284356,735060,1568061,3059008,5549927,8911763,12688990,16923263,21823772,25734206,27165216,26237061,22630811,17315167,11649568,7164647,4085523,2276451,1256177,668659,339360,171157,87712,46340,25245,13606,7022,3661,1955,1069,569,338,191,83,46,26,16,1,0,0,0"
europe,1812,"0,0,0,17,370,1900,6427,20755,83570,285627,743777,1588396,3078930,5560062,8941192,12747073,17163513,22438216,26417865,27925617,26680600,22656999,17004244,11320551,6892858,3920910,2185544,1204726,641221,325752,163619,83609,44246,24145,13026,6747,3500,1869,1020,552,319,185,82,46,26,16,1,0,0,0"
europe,1813,"0,0,0,17,370,1900,6427,20732,83341,284412,737817,1568871,3038676,5489748,8839972,12617831,16924838,21934021,26027133,27531954,26726216,23269826,17941741,12124900,7464788,4269402,2381865,1309590,691899,350463,177006,90667,48022,26189,14033,7198,3713,1970,1071,567,328,183,82,47,26,16,1,0,0,0"
europe,1814,"0,0,0,17,370,1900,6382,19286,75280,261991,696334,1504148,2942122,5343675,8659694,12432549,16719828,21545498,25704827,27393931,26955361,23965025,18865771,12887343,7939987,4556293,2526416,1394945,742756,376703,188537,96366,50868,27644,14865,7656,3966,2105,1128,600,341,190,83,47,26,16,1,0,0,0"
europe,1815,"0,0,0,17,370,1900,6382,19240,74865,260546,691016,1487828,2901690,5267201,8548729,12335230,16700845,21865009,26264122,28144330,27555673,24116176,18756425,12805563,7973957,4585401,2565073,1416076,756290,386231,194830,99062,51990,28239,15160,7777,3991,2101,1122,587,332,193,84,47,26,16,1,0,0,0"
europe,1816,"0,0,0,17,370,1900,6382,19233,74722,260185,690622,1487568,2900896,5272566,8600728,12510431,17242007,23051498,27548692,29422415,28095725,23897989,17992588,12096408,7419863,4252240,2378719,1307379,692994,353333,178264,90856,47973,26106,13972,7151,3661,1924,1039,557,324,191,84,47,26,16,1,0,0,0"
europe,1817,"0,0,0,17,370,1900,6382,19233,74726,260233,690758,1488218,2908371,5305638,8693661,12742454,17835749,23912080,28356063,29935809,28126410,23629252,17669785,11897218,7297409,4202798,2353734,1290141,680591,347210,174753,88650,46807,25527,13638,6934,3531,1863,1012,548,319,189,83,47,27,16,1,0,0,0"
europe,1818,"0,0,0,17,370,1900,6382,19230,74603,259679,687490,1475121,2872655,5230508,8535550,12443239,17157566,22991794,27705396,29777541,28817492,24824708,18909229,12774206,7851296,4502317,2514234,1385580,737113,374405,186697,94364,49519,26802,14322,7326,3726,1959,1053,568,327,194,86,47,27,16,1,0,0,0"
europe,1819,"0,0,0,17,371,1901,6392,19239,74531,259194,683461,1458989,2833269,5165168,8405423,12268692,16951438,22783100,27664513,29903381,29211421,25364659,19513001,13246709,8195432,4737733,2667189,1486872,802161,402639,192938,94372,48705,26199,14148,7386,3798,1984,1063,574,334,196,88,47,27,16,2,0,0,0"
europe,1820,"0,0,0,17,372,1908,6415,19311,74793,259935,683769,1450949,2800757,5099855,8288215,12078330,16620877,22169044,27142157,29599249,29479180,26178279,20607160,14161694,8813885,5066982,2808829,1545872,823529,417644,207769,104423,54079,28972,15450,7860,3991,2097,1114,602,346,201,90,47,27,16,2,0,0,0"
europe,1821,"0,0,0,18,373,1920,6449,19402,75031,260485,682773,1442130,2776862,5062676,8249313,12015228,16486212,21788724,26731469,29260992,29539892,26781602,21516287,14951278,9311831,5368875,2958188,1627901,869965,442055,219676,110745,57380,30672,16364,8324,4214,2199,1163,623,360,205,92,49,27,16,2,0,0,0"
europe,1822,"0,0,0,18,378,1934,6497,19534,75459,261951,685754,1444569,2776220,5069360,8294989,12156500,16759674,22344745,27415516,29873069,29876782,26794640,21303306,14734945,9178027,5290782,2933073,1614429,860571,436078,217424,109601,56775,30451,16277,8237,4151,2150,1139,616,358,206,92,50,27,16,2,0,0,0"
europe,1823,"0,0,0,15,304,1696,5900,17526,67229,239836,649291,1406207,2743062,5042183,8296047,12180923,16793153,22315556,27349612,29765869,29831484,27015758,21788459,15281040,9584844,5545901,3083628,1703399,910866,462995,231274,116547,60293,32421,17408,8824,4430,2298,1195,644,370,210,94,50,28,16,2,0,0,0"
europe,1824,"0,0,0,16,307,1711,5955,17660,67489,241335,657235,1426768,2777605,5085036,8341357,12232761,16826905,22266132,27114051,29544307,29719224,27102634,22177886,15844834,10070354,5875736,3273373,1814491,981003,504970,253361,127802,66226,35700,19272,9767,4814,2463,1263,663,379,216,99,50,28,16,2,0,0,0"
europe,1825,"0,0,0,17,311,1728,6009,17808,67994,243131,661968,1438365,2814859,5190085,8567984,12564452,17334342,23009041,27723875,29978729,29766446,26756750,21778192,15607095,9989777,5853488,3278289,1816376,980447,502041,250503,125144,64763,35088,18923,9487,4669,2424,1264,675,390,229,109,50,28,16,2,0,0,0"
europe,1826,"0,0,0,17,313,1745,6060,17967,68572,244352,661749,1430048,2778921,5107718,8442486,12425268,17274701,23210518,28165594,30668635,30438168,27188233,21996872,15655496,9936088,5819513,3247840,1796746,961100,484903,238564,118386,60391,32110,17217,8636,4237,2212,1184,662,400,237,115,51,28,16,2,0,0,0"
europe,1827,"0,0,0,17,316,1759,6116,18128,69131,245971,663487,1428120,2772880,5118161,8500691,12533093,17478464,23560698,28585426,31007714,30546268,27153060,21970160,15714347,10077318,5932972,3344827,1858567,997231,505470,250497,124302,63384,33708,17920,8901,4355,2283,1219,687,411,242,114,52,28,17,2,0,0,0"
europe,1828,"0,0,0,13,251,1537,5552,17225,67844,243942,659575,1424186,2770150,5127809,8550213,12650603,17691614,23889088,29028304,31433633,30829815,27272753,21972448,15709253,10090979,5954985,3378972,1888629,1016781,517402,257675,128162,65430,34773,18419,9130,4474,2353,1248,704,420,244,121,52,29,17,2,0,0,0"
europe,1829,"0,0,0,13,255,1552,5605,17367,68302,245424,662034,1424623,2760226,5103471,8513972,12615833,17638386,23813255,29002238,31530999,31123412,27684280,22435964,16109916,10366458,6129642,3476692,1947421,1055277,540988,270215,134782,68914,36638,19492,9736,4786,2510,1320,726,438,256,126,58,29,17,2,0,0,0"
europe,1830,"0,0,0,13,257,1568,5673,17569,68993,247649,667461,1436261,2780507,5136792,8572496,12709150,17798110,24076640,29331627,31911755,31394113,27840557,22499749,16157334,10432378,6177632,3518175,1970233,1065607,545102,272289,135671,69642,37293,19854,9894,4845,2537,1338,741,445,256,129,61,29,17,2,0,0,0"
europe,1831,"0,0,0,13,258,1583,5735,17797,69773,250226,674064,1446861,2792930,5160724,8638442,12823838,17919132,24184711,29470624,32050928,31551145,28047434,22746374,16372607,10593169,6291614,3595838,2019326,1097149,564115,281896,140267,71954,38431,20350,10063,4910,2566,1355,756,451,263,132,67,32,19,3,0,0,0"
europe,1832,"0,0,0,13,262,1597,5777,16935,63122,229637,638902,1413524,2783645,5189292,8734283,12971847,17972184,23975035,29188694,31726647,31527902,28386984,23267251,16970863,11052197,6601202,3769628,2123658,1161615,599528,297704,147486,75114,39619,20817,10240,4918,2539,1352,744,444,261,131,67,34,19,3,0,0,0"
europe,1833,"0,0,0,10,206,1389,5225,16047,62450,230886,644753,1427722,2808631,5222985,8771095,13007783,18081179,24147163,29344033,31928181,31777896,28645807,23510844,17149268,11162181,6674162,3805729,2142764,1174488,607882,301928,149255,75793,39868,20924,10273,4883,2498,1308,702,418,239,125,57,32,19,3,0,0,0"
europe,1834,"0,0,0,10,210,1402,5266,16161,62566,230479,642443,1421224,2802997,5287460,8937493,13156522,18150600,24077956,29171444,31787664,31789959,28848318,23866636,17570108,11522745,6923316,3956184,2229353,1226599,638420,317902,156441,78926,41364,21721,10653,5051,2581,1349,719,417,245,131,59,32,20,3,0,0,0"
europe,1835,"0,0,0,10,211,1413,5315,16306,63074,232177,647061,1435502,2844688,5381948,9103211,13402452,18409238,24205195,29109053,31542364,31508205,28649368,23904975,17865133,11946428,7292942,4236730,2414455,1343719,706910,354599,174456,88149,46693,24597,11988,5547,2786,1437,742,429,252,133,67,33,21,3,0,0,0"
europe,1836,"0,0,0,10,212,1427,5366,16460,63647,234180,650514,1441575,2867233,5455755,9270356,13678575,18783712,24671543,29535099,31796915,31448744,28387207,23671078,17766964,12017642,7428430,4365670,2505556,1411218,755122,385712,192829,98725,52840,28135,13994,6653,3347,1684,809,442,259,141,67,34,21,3,0,0,0"
europe,1837,"0,0,0,10,213,1440,5417,16588,63791,233759,648465,1442441,2880019,5482315,9368734,13878721,19000407,24784917,29639763,31882944,31564335,28539310,23819580,17931654,12166983,7561920,4477126,2589977,1467567,790826,405707,204015,105000,56097,29777,14862,7120,3568,1777,835,449,263,143,69,34,21,3,0,0,0"
europe,1838,"0,0,0,10,218,1453,5466,16734,64260,235248,652616,1457018,2923720,5580439,9531569,14064240,19129704,24858587,29760379,31943631,31547434,28562940,23902483,18136741,12448508,7783441,4633249,2689650,1525368,820153,421596,212767,109346,58601,31320,15728,7475,3656,1789,821,438,255,141,60,34,22,3,0,0,0"
europe,1839,"0,0,0,7,168,1257,4918,15812,63365,235610,655834,1459531,2910250,5530318,9465234,14016232,19071624,24854465,29989619,32490041,32227109,29111122,24200624,18231505,12445068,7732048,4572507,2650971,1506801,812878,419618,213217,110668,59683,32009,16180,7804,3846,1881,857,464,275,148,72,36,24,4,0,0,0"
europe,1840,"0,0,0,7,170,1271,4974,16026,64168,238389,664915,1484728,2959885,5616875,9576058,14126004,19142003,24775087,29825588,32331021,32159997,29220408,24412149,18549227,12828130,8052207,4784621,2787117,1594765,866492,450336,230064,119644,64646,34771,17651,8480,4147,2050,943,501,290,152,70,36,24,4,0,0,0"
europe,1841,"0,0,0,7,171,1284,5013,15354,58329,219621,631904,1444789,2922245,5548634,9462488,14088979,19234473,24900547,29850014,32346718,32255879,29493027,24801284,18926675,13088104,8240837,4892794,2854498,1645293,906604,475287,244400,127904,68955,37079,18992,9234,4528,2250,1040,546,322,173,80,36,24,4,0,0,0"
europe,1842,"0,0,0,7,173,1295,5060,15481,58495,219351,630809,1451642,2983840,5757940,9924303,14839209,20272521,26098189,30831805,32868621,32160780,28925277,23996440,18035790,12400854,7859158,4731659,2795491,1643685,937111,509668,272282,147948,81884,44897,23596,11911,5943,2912,1278,555,323,174,82,37,24,5,0,0,0"
europe,1843,"0,0,0,7,174,1306,5096,15579,58776,220305,633723,1455516,2990862,5786628,10017455,15039525,20537888,26452642,31259803,33053370,31951847,28583632,23747290,17995174,12554766,8056638,4930256,2931244,1723655,986750,544623,294205,161017,90083,49818,26394,13429,6763,3316,1473,592,321,175,77,38,25,5,0,0,0"
europe,1844,"0,0,0,5,132,1126,4573,14666,57906,220679,636001,1451560,2971806,5764027,10024120,15079818,20564077,26430975,31177108,32946055,31740029,28421723,23883036,18334823,13004119,8483357,5255353,3137533,1852784,1066985,594272,323761,177334,99169,55063,29397,15121,7673,3762,1673,631,318,175,76,39,25,5,0,0,0"
europe,1845,"0,0,0,5,134,1136,4616,14801,58399,222444,640677,1461558,2997327,5822629,10131929,15237136,20733809,26594709,31286616,33004679,31785352,28516925,24062748,18532981,13177729,8602192,5298975,3141689,1844201,1054639,582480,314361,170520,94839,52531,27944,14290,7211,3491,1527,544,292,162,68,39,25,6,0,0,0"
europe,1846,"0,0,0,5,135,1147,4658,14941,58937,224504,646200,1473018,3020138,5867319,10204371,15370644,20960692,26964158,31743646,33406899,32016445,28602371,24032901,18450578,13093086,8531452,5255760,3113990,1825380,1042183,575915,311347,169251,94465,52483,27961,14316,7233,3508,1537,551,294,161,71,40,25,6,0,0,0"
europe,1847,"0,0,0,5,138,1156,4691,15033,59047,223906,643069,1457015,2952854,5719000,9989891,15139995,20755574,26755505,31738048,33629260,32419692,29108129,24546443,18874154,13334292,8676599,5371056,3196953,1872607,1074369,600530,328307,180455,101201,56306,30163,15642,8024,3969,1786,688,308,170,77,43,26,8,0,0,0"
europe,1848,"0,0,0,5,139,1167,4735,15173,59709,226230,649974,1475692,3003517,5816166,10128975,15313415,20905974,26774176,31526562,33456253,32408755,29275889,24868765,19218144,13635213,8885225,5451905,3222775,1888008,1081595,598970,323952,175997,98017,54540,29215,15090,7704,3798,1701,651,341,199,97,45,26,8,0,0,0"
europe,1849,"0,0,0,3,104,1004,4232,14254,58781,226605,654128,1486380,3008435,5790071,10056115,15197790,20691887,26422905,31096050,33188093,32503815,29708243,25451070,19836472,14141789,9269535,5699970,3377117,1974767,1132075,625099,336148,181652,100735,56147,30273,15720,8034,3987,1811,709,350,207,106,47,27,8,0,0,0"
europe,1850,"0,0,0,4,104,1013,4270,13720,53365,208193,619724,1432799,2912795,5618976,9829070,14953514,20532061,26414582,31305625,33631848,33089445,30292186,25910018,20124373,14290065,9321621,5714789,3378911,1975707,1132330,627073,338515,183715,102074,56726,30431,15780,8117,4046,1842,723,358,214,112,48,27,8,0,0,0"
europe,1851,"0,0,0,4,104,1023,4304,13835,53644,208637,618504,1420665,2865055,5504082,9651101,14715225,20331158,26292946,31363320,33914360,33497913,30630727,26199399,20428168,14589020,9579068,5892922,3497254,2050229,1176951,650476,349747,188779,104751,58624,31785,16596,8512,4232,1925,757,373,221,120,48,27,8,0,0,0"
europe,1852,"0,0,0,4,106,1033,4350,13968,53908,208497,615611,1403897,2787890,5294319,9296884,14272512,19859085,25857797,31128959,33986910,33899160,31304695,26847601,21005767,15083102,9978359,6186776,3701712,2170619,1249315,694522,375084,202966,112998,63525,34570,18073,9222,4600,2113,854,368,221,117,46,26,8,0,0,0"
europe,1853,"0,0,0,4,107,1044,4396,14107,54650,212935,629585,1436019,2845351,5369763,9393170,14344769,19950558,26003386,31339956,34355449,34236961,31490361,26860183,20962044,15121831,10050337,6225421,3720050,2187853,1258596,695200,372409,199567,110674,62416,34049,17745,8983,4429,1994,781,384,233,135,51,26,8,0,0,0"
europe,1854,"0,0,0,3,76,893,3925,13243,54239,215818,641561,1467181,2902520,5451728,9478388,14379185,19899276,25737619,30853018,33858439,33933831,31529116,27163235,21498058,15719180,10616107,6644777,4012663,2361397,1362924,757440,406769,216831,119348,67291,36952,19395,9837,4890,2227,899,396,238,141,52,26,8,0,0,0"
europe,1855,"0,0,0,3,76,904,3965,13477,56019,223590,664728,1518710,2975060,5492086,9460132,14308851,19755559,25697908,31069983,34400358,34641984,32195504,27614133,21614172,15623659,10417564,6482870,3887358,2289218,1319624,732219,393827,211381,117205,66109,36217,19014,9705,4833,2192,881,411,251,153,60,28,10,0,0,0"
europe,1856,"0,0,0,3,78,912,4001,13601,56760,226702,673801,1538294,3006878,5531423,9497652,14276358,19525577,25118826,30056022,33468457,34251150,32526491,28410133,22608448,16568828,11164612,6968171,4194173,2459123,1410612,776693,412031,217165,118401,66164,36057,18791,9485,4728,2207,936,435,264,164,66,28,11,0,0,0"
europe,1857,"0,0,0,3,79,923,4050,13777,57345,228518,676945,1539313,2986967,5445103,9293867,13909917,18998757,24491870,29506926,33336236,34704285,33377378,29255179,23348294,17173695,11582025,7215694,4340397,2534741,1439813,788049,416029,217677,117542,64899,34971,18146,9140,4582,2171,978,434,269,166,67,28,11,0,0,0"
europe,1858,"0,0,0,3,79,932,4092,13933,58874,235434,697013,1585047,3068982,5574111,9406796,13848357,18668075,23927319,28720053,32694673,34426189,33893219,30357678,24485646,18055684,12075064,7402765,4370041,2533510,1421092,755872,384204,193947,101495,54681,28782,14461,6970,3389,1588,793,433,269,167,65,26,11,0,0,0"
europe,1859,"0,0,0,2,55,791,3635,12520,53079,218366,667333,1557151,3057968,5554223,9400404,13982551,18972402,24407951,29294656,33160515,34754476,34049815,30381992,24475504,17983508,11998074,7326844,4325487,2504087,1401531,743245,377090,189070,98737,53425,28036,13759,6423,3102,1449,709,396,250,158,56,17,8,0,0,0"
europe,1860,"0,0,0,2,55,800,3662,12615,53888,221856,676487,1571171,3047084,5442194,9123272,13600554,18545237,24004944,28871497,32900183,34688988,34244253,30889854,25207333,18810918,12755858,7883711,4672731,2706324,1516474,809405,412690,206941,107455,57880,30283,14882,6837,3190,1434,679,357,232,152,49,10,5,0,0,0"
europe,1861,"0,0,0,2,56,809,3700,12766,54633,223269,676586,1571423,3068642,5635023,9555755,13860641,18723622,24213937,29325039,33511955,35385494,34886327,31225009,25194062,18475560,12297823,7487564,4393938,2524481,1400030,736984,371298,184480,95546,51249,26459,12634,5660,2610,1111,476,243,158,106,26,0,0,0,0,0"
europe,1862,"0,0,0,2,56,815,3737,12844,53294,215690,652546,1508796,2949374,5784596,10025607,14190032,18845717,24113713,28968954,33205017,35184216,34994246,31709916,25744692,18965857,12602762,7666694,4458879,2557058,1416960,747017,376891,188738,97726,51946,26741,12962,5944,2755,1203,498,241,158,104,27,0,0,0,0,0"
europe,1863,"0,0,0,2,56,826,3776,12907,52528,209326,628405,1442258,2828842,5717427,10051198,14121645,18605461,23717206,28350797,32500284,34645857,34837727,32048825,26581745,20013389,13629178,8442875,4950539,2851910,1585790,843656,431062,215921,110869,58824,30237,14610,6639,3045,1351,565,265,170,123,38,0,0,0,0,0"
europe,1864,"0,0,0,1,41,693,3333,11927,50154,202435,609431,1398840,2865462,6160369,10641420,14603813,18898355,23795808,28267254,32413728,34565844,34774174,32004611,26632622,20148529,13804100,8581499,5051657,2913130,1619599,860965,440126,219998,112453,59742,30858,15001,6808,3113,1382,605,289,183,132,40,0,0,0,0,0"
europe,1865,"0,0,0,1,41,698,3376,12048,50520,207112,634493,1460971,2959752,6274542,10770686,14731310,18923839,23810855,28275878,32394885,34605835,34866389,32223398,26932398,20446023,14055723,8785074,5187215,2981967,1650109,872463,443199,220492,112359,59740,31042,15154,6919,3158,1423,596,287,180,121,36,0,0,0,0,0"
europe,1866,"0,0,0,1,41,706,3412,12175,50700,206135,629554,1459391,2985382,6343036,10860673,14829263,19098939,24019803,28569379,32751805,34953848,35178023,32420897,27057000,20501710,14057542,8758124,5167155,2970775,1640507,865995,438502,216903,110076,58553,30497,14913,6751,3046,1323,594,288,180,116,35,0,0,0,0,0"
europe,1867,"0,0,0,1,43,712,3447,12360,51101,203993,610380,1402158,2925660,6339122,10912615,14902008,19111747,24073050,28791910,33146622,35526039,35767769,32838716,27292286,20546915,14015436,8697752,5119123,2934967,1614736,848652,429591,212861,108375,57803,30115,14663,6611,3025,1327,579,294,181,114,38,0,0,0,0,0"
europe,1868,"0,0,0,1,43,722,3485,12079,46383,185370,570504,1358900,2926593,6410097,11105207,15187629,19383625,24192215,28463374,32316440,34424825,34904597,32664316,27929639,21568322,15031373,9505488,5645198,3267936,1808698,957261,488492,243904,123774,65574,34019,16510,7454,3270,1408,616,287,174,107,38,0,0,0,0,0"
europe,1869,"0,0,0,0,33,594,3045,10896,44016,182041,572873,1391046,2988487,6465588,11129815,15171808,19321869,24144023,28417802,32320974,34535728,35088845,32946651,28280341,21949208,15386931,9777809,5821616,3373678,1874791,995259,508066,253955,128919,68196,35370,17217,7807,3433,1503,638,297,178,111,40,0,0,0,0,0"
europe,1870,"0,0,0,0,33,599,3067,10968,44255,182603,572670,1383498,2963039,6414058,11050865,15087075,19201523,24147440,28740870,32977351,35454778,35893143,33401501,28369865,21826840,15229980,9680934,5782243,3353517,1861300,989156,507686,254616,129810,69110,36117,17660,8032,3578,1582,632,314,187,112,40,0,0,0,0,0"
europe,1871,"0,0,0,0,34,606,3100,11073,44411,181242,563313,1355740,2865236,6194792,10951248,15064017,19212374,24197183,28875190,33234845,35860402,36374505,33805631,28586156,22000366,15453276,9879920,5920185,3447493,1923351,1027755,527768,263628,133605,70742,36930,18097,8235,3664,1600,657,321,181,107,43,0,0,0,0,0"
europe,1872,"0,3,22,55,112,730,3265,11318,44777,181558,561285,1347788,2847059,6143182,10824550,14864974,18989284,23846626,28418505,32685759,35515860,36278141,34329173,29852000,23312364,16360334,10395095,6170651,3566341,1980591,1051842,537846,269369,136703,71888,37160,18035,8162,3542,1507,632,284,160,91,42,0,0,0,0,0"
europe,1873,"0,1,31,104,216,879,3479,11647,45345,182064,558589,1333170,2813494,6060665,10656544,14647534,18823494,23798763,28664053,33149098,36136586,36914955,34613704,30057382,23486006,16526766,10550160,6310022,3671519,2044943,1092772,566483,287110,146632,77509,40337,19591,8942,3940,1703,753,363,200,103,45,10,4,0,0,0"
europe,1874,"0,7,64,178,320,906,3261,10968,44362,181216,559167,1328210,2789187,6011414,10589929,14582279,18683495,23552948,28278568,32493288,35377918,36371036,34660502,30824040,24782379,17804166,11456288,6877116,3988159,2240876,1202103,622612,319580,164638,86497,44786,21838,10136,4493,1931,826,383,205,96,43,10,7,0,0,0"
europe,1875,"0,16,106,257,430,1055,3468,11303,44853,180747,554163,1312726,2753740,5941520,10532447,14624122,18931828,24104395,29102894,33518688,36421358,36833640,34420475,30299385,24123470,17309196,11320243,6971169,4115641,2342095,1309889,724349,393869,213889,117620,63624,32971,16683,8242,3931,1713,597,201,97,44,10,6,0,0,0"
europe,1876,"0,24,143,337,559,1222,3668,11267,40894,163570,516495,1266095,2715365,5915690,10502465,14617894,18940083,24090208,29222312,33834070,37025267,37643982,35135917,30842335,24403381,17391658,11282353,6863029,3990576,2247131,1246143,681583,366346,196894,107403,57486,29317,14566,7038,3289,1421,447,191,87,45,10,6,0,0,0"
europe,1877,"0,42,195,408,660,1370,3866,11527,41328,163305,511538,1242386,2650113,5770591,10329054,14416264,18548763,23406539,28431242,33522064,37630882,39024438,36620120,31938327,25085664,17683294,11394855,6896818,3975310,2201560,1209134,658440,352184,188680,102663,54987,28237,14194,6979,3420,1558,542,204,103,51,10,5,0,0,0"
europe,1878,"0,24,187,468,779,1507,3940,11367,40808,162360,510005,1242014,2660622,5776575,10269826,14323130,18432310,23246461,28252849,33456925,37825550,39613387,37417814,32653089,25716158,18110751,11589061,6938281,3945147,2165775,1176374,633855,337550,179691,97000,51617,26277,13108,6430,3185,1439,482,197,104,43,10,6,0,0,0"
europe,1879,"0,15,186,526,900,1588,3803,10805,39868,161239,506705,1225740,2570973,5522216,10055152,14154742,18207992,22986135,28235460,33930684,39121396,41354927,38947248,33353185,25664071,17761717,11184702,6605295,3717360,2026466,1092529,583241,307857,163559,88420,47021,23918,11961,5921,2906,1305,411,193,102,49,10,5,0,0,0"
europe,1880,"0,26,234,600,990,1710,3971,11075,40424,162520,510048,1211565,2494495,5369419,9767038,13660518,17481260,22066608,27243788,33204686,39246432,42388268,40123037,34406248,26678885,18615723,11865435,7100149,4071670,2227222,1196756,635384,330502,172808,92858,49572,25458,12823,6309,3123,1465,541,202,108,49,10,4,0,0,0"
europe,1881,"0,39,282,686,1104,1860,4148,11323,40909,163809,514053,1229106,2561333,5522717,9998806,13913296,17693007,22209841,27151762,32484953,38051823,41355623,40059506,35289419,28037421,19776386,12659639,7516849,4288310,2321098,1213322,618982,307509,150929,75844,37979,18004,8225,3612,1738,852,405,202,107,53,10,5,0,0,0"
europe,1882,"0,21,260,703,1178,1946,4066,10688,39167,159924,506249,1212280,2514344,5438687,9841256,13521144,17165813,21687419,26833085,32314914,38072528,41772177,40803244,36282705,29013893,20563344,13186287,7826704,4454771,2398613,1247940,635233,314605,153810,76859,38174,18034,8167,3585,1696,856,421,206,110,55,10,5,0,0,0"
europe,1883,"0,20,278,761,1251,2005,3739,9197,35526,153546,497345,1203827,2521696,5492588,9976251,13722119,17330028,21698803,26698067,32030072,37695500,41537325,40922842,36803792,29852852,21327629,13682408,8115273,4599114,2479492,1287524,654405,326037,159767,79386,39089,18222,8225,3639,1744,864,422,199,100,51,10,7,0,0,0"
europe,1884,"0,0,197,679,1320,2028,3448,8049,32874,148495,489000,1196193,2538772,5575886,10157289,13995584,17672622,21983642,26920056,32179150,37633981,41474459,41039943,37080156,30228358,21622694,13868898,8218942,4652296,2510837,1303979,661839,329778,161373,79996,39385,18383,8368,3779,1805,885,415,183,83,46,10,7,0,0,0"
europe,1885,"0,0,151,634,1391,2081,2892,5317,22800,119979,429100,1102325,2407425,5380244,9931511,13879948,17727346,22263273,27313064,32613612,38157188,42024844,41450196,37330703,30509240,21904950,14012454,8289296,4681160,2531358,1318915,671293,336681,165874,82810,41106,19182,8735,3979,1910,959,451,209,96,53,12,7,0,0,0"
europe,1886,"0,0,150,661,1437,2191,3036,5128,17617,93310,360773,1012591,2378373,5492985,9952259,13930959,17857316,22398503,27277199,32512969,38132189,42268670,42020199,37886659,30997644,22296430,14292246,8452884,4764196,2573330,1338004,680331,342730,169922,85021,41802,19075,8550,3946,1922,997,488,241,120,58,20,17,10,4,0"
europe,1887,"0,0,149,689,1541,2313,3113,5380,22551,116631,411318,1021317,2109615,4447405,8948903,13463932,17370642,21807384,27383040,32896600,38825370,43181412,42878536,38569963,31758006,23071580,14882730,8836930,4999324,2717476,1420635,728382,373318,188896,96292,48180,22264,10119,4811,2388,1224,606,290,131,80,32,26,20,10,0"
europe,1888,"0,0,112,636,1552,2426,3274,4791,10640,51365,225175,718830,1796423,4281141,8756599,13304006,17580715,22182497,27569812,32978627,38855516,43255495,43225466,38909689,32222041,23663649,15443148,9260277,5279555,2889173,1522133,788792,410237,210057,108092,54679,25773,11980,5805,2924,1530,774,380,175,94,52,46,23,11,0"
europe,1889,"0,0,212,844,1755,2656,3609,5576,14522,71767,291827,878793,2160051,5153764,9694449,13831617,17892403,22426634,27346288,32594651,38069620,42154430,42332267,38442835,32501908,24404117,16256326,9866046,5676053,3123699,1656373,864497,454384,234957,121307,61587,29344,13608,6545,3263,1712,892,449,214,109,50,49,31,16,0"
europe,1890,"0,0,291,991,1873,2835,3843,6204,19243,94827,357736,994486,2309996,5315983,9874489,13937136,17827543,22255712,27157153,32461146,38013091,42244859,42638946,38951179,33116361,24968314,16633643,10086832,5783745,3174328,1679709,874259,459507,238454,123343,62574,29837,13845,6722,3355,1752,912,465,219,111,50,49,30,20,0"
europe,1891,"0,79,524,1313,2066,3134,4293,6833,20642,99577,384202,1106905,2730733,6218721,10535307,14318696,18040252,22289401,26858302,32087944,37681546,42101436,42825722,39396667,33641044,25340906,16780394,10100225,5729547,3126913,1647955,855224,450054,235438,123104,62658,29912,13824,6745,3369,1755,902,455,225,108,51,50,29,22,0"
europe,1892,"0,40,482,1353,2185,3221,4411,8341,35142,160304,517421,1241144,2607286,5643644,10176975,13896845,17292174,21370014,26224928,31827595,37816270,42768151,43976425,40757844,34953429,26385359,17427597,10456343,5858045,3177834,1670873,861637,450676,235714,122924,62407,29676,13606,6694,3353,1737,869,437,217,108,51,48,29,24,1"
europe,1893,"0,10,406,1281,2247,3314,4360,6655,19475,92095,341281,915541,2015414,4402159,8891093,13404877,17344605,21653826,26942453,32458818,38398442,43279165,44668763,41575193,35828489,27210183,18020043,10843655,6077537,3297977,1737709,896211,466334,241578,124799,63561,30618,14132,7000,3542,1871,971,494,238,127,65,59,30,19,1"
europe,1894,"0,0,395,1289,2342,3420,4406,6030,12272,51330,213271,644506,1518284,3276671,7082290,12214240,16583041,21079933,26778670,32642638,38991185,44256981,45945165,42760491,36948786,28454683,19193928,11718427,6643486,3611683,1901120,979876,508040,261514,134238,68716,33461,15395,7523,3773,1996,1045,516,241,129,70,57,30,18,2"
europe,1895,"0,28,483,1417,2372,3553,4684,6235,9655,27286,120738,453681,1320438,3375125,7574351,12494621,17083172,21933535,27652249,33003389,38805909,43738357,45474073,42590617,37116991,28930813,19628307,12005096,6807814,3698636,1944960,999649,517589,265594,135196,68975,33490,15222,7268,3633,1896,982,483,228,117,51,50,26,10,0"
europe,1896,"0,0,293,1185,2391,3587,4684,6344,11320,39728,168507,549005,1386583,3133061,6926289,12156821,16726461,21340863,26997805,32580286,38612825,43882516,46127399,43459650,38125912,30099695,20654821,12732622,7265336,3948328,2077274,1065193,548254,279902,141064,71554,34845,15761,7428,3737,1929,1012,492,220,109,49,40,25,7,0"
europe,1897,"0,80,589,1568,2449,3762,5037,6597,10014,26913,116106,427291,1229630,3058474,6982366,12168571,16996003,21786696,27300074,32548580,38373490,43584175,46220843,44067191,38885005,30853343,21190834,13038710,7419777,4009619,2093350,1066802,543662,274392,136518,68775,33665,15342,7144,3597,1822,939,447,200,92,45,40,20,0,0"
europe,1898,"0,13,447,1452,2513,3829,5109,6694,10598,30874,131325,459048,1253498,2980845,6703154,11825573,16377666,20910460,26277658,31706912,37946907,43814440,46981337,45048189,39906880,32093300,22410215,13977477,8042749,4380984,2298275,1171155,598665,303757,151219,76764,38072,17572,8065,3994,1982,1010,480,216,104,52,39,24,0,0"
europe,1899,"0,14,443,1437,2481,3825,5198,6735,10368,27638,115057,409436,1142138,2719875,6158833,11518731,16577967,21235219,26563404,32114268,37811206,43092484,46544630,45141971,40494180,33178748,23566862,14808177,8539248,4647900,2450186,1248925,639084,327622,164127,83497,41645,19320,8768,4323,2154,1091,508,235,111,61,39,28,0,0"
europe,1900,"0,125,708,1733,2575,4011,5539,7136,10073,20752,80644,312393,983771,2562096,6079856,11196828,16080462,21003019,26444686,31904003,37950458,43712904,47289198,46352655,41522460,33842536,24069150,15131754,8694253,4688349,2466391,1255293,639437,327618,163989,82838,41174,19105,8784,4420,2209,1123,529,248,127,62,37,32,0,0"
europe,1901,"0,172,828,1899,2781,4294,5851,7475,10640,23312,91206,339024,1014164,2536457,5902094,11022781,15880221,20717841,26197305,32063398,38641066,45045724,48897741,47495970,42229716,34061922,23782404,14776212,8437367,4555536,2380124,1210348,618107,314276,156738,79531,39685,18536,8641,4349,2157,1092,504,226,117,63,40,24,0,0"
europe,1902,"0,0,253,1239,2696,4215,5793,7425,10586,21819,80315,299810,897141,2224289,5116064,10127230,15420874,20468242,26038815,32464990,39224922,45743223,49646668,48366627,43017488,34808821,24522229,15284560,8749443,4707109,2460402,1253528,639215,325071,162028,81563,40530,18775,8724,4414,2205,1127,527,239,120,69,43,28,0,0"
europe,1903,"0,0,321,1373,2816,4372,6011,7779,10771,19298,65265,255499,860007,2345597,5707308,10780352,15806726,21034730,26745089,32682264,39003040,45097566,49028725,48349093,43269567,35283220,25080946,15708548,8972262,4795868,2505152,1274406,649987,332264,165710,83382,41411,19245,8976,4521,2267,1155,537,246,130,65,38,32,0,0"
europe,1904,"0,0,218,1250,2864,4510,6135,7830,11236,23175,82559,301457,891814,2206095,4989144,10042951,15835808,21097814,26788466,33287763,39515317,45253787,49329323,48903774,43800624,35749852,25589573,16160499,9344826,5022583,2651767,1381805,725507,383361,199302,104201,54149,26647,13179,6905,3519,1707,672,271,130,77,43,35,1,0"
europe,1905,"0,0,194,1243,2918,4614,6304,8227,11341,19448,61493,240508,847338,2410439,5924510,10942418,16010462,21534626,27501814,33347838,39384939,45078969,48842804,48461358,43580738,35984437,26048771,16632176,9687988,5213225,2759479,1447838,767318,412348,218563,116080,60583,30013,14854,7813,4062,2012,840,340,157,83,63,47,1,0"
europe,1906,"0,0,251,1399,3122,4819,6551,8526,12380,27128,99546,363349,1113011,2881399,6627913,11719280,16587295,21599895,27077648,32382359,38292406,44062379,48177351,48456730,44129926,36989763,27162348,17542462,10330524,5581525,2954134,1552238,822139,442353,234511,124387,64972,32278,15870,8302,4382,2151,920,365,163,90,62,56,3,0"
europe,1907,"0,0,191,1321,3135,4924,6753,8841,13546,34115,128393,455089,1330216,3388897,7492195,12537889,17347988,22240986,27298885,32117841,37634290,42800471,46845186,48048279,44411229,37723174,28070060,18259427,10820028,5841649,3086909,1622701,859198,462850,245886,130280,68074,33981,16744,8741,4638,2295,1013,392,174,85,67,64,6,0"
europe,1908,"0,0,271,1529,3409,5231,6965,9023,14337,38250,141629,470478,1279442,3051898,6741207,11982990,16886683,21711206,26850994,32150306,38048984,43835442,48241850,49572072,45805343,38574187,28482270,18385387,10797579,5783679,3056296,1608357,852067,458930,243482,128649,67440,33865,16877,8869,4681,2314,1023,404,176,88,70,66,6,0"
europe,1909,"0,0,247,1505,3467,5332,7065,9055,13178,28708,100647,354087,1047197,2623780,6000604,11239963,16526625,21694899,26977336,32484509,38317446,44177628,48869885,50416493,46729198,39408973,29140145,18836365,11087791,5947509,3146102,1657602,879860,474432,251583,132678,69646,35081,17393,9121,4832,2379,1070,414,187,83,71,70,6,0"
europe,1910,"0,0,232,1494,3484,5436,7317,9305,13321,27158,90555,315465,930744,2335621,5355204,10403160,15776211,20794403,26077080,31990808,38239318,44966624,50343203,51593961,47645875,40266560,29985622,19527882,11596853,6236240,3296113,1742554,922687,495481,261626,136279,70866,35272,17319,8987,4763,2325,1044,437,205,94,74,77,11,0"
europe,1911,"0,0,50,794,2589,5188,7054,9111,12507,22232,68700,251963,860194,2414168,5847702,10822362,15784212,20895508,26280549,31584601,37301625,43760160,48965285,50874661,47743583,41091249,31315368,20766248,12536471,6808047,3605521,1910720,1015169,549373,293325,154892,81572,41332,20339,10543,5598,2778,1324,537,243,116,90,92,16,0"
europe,1912,"0,0,31,859,2754,5252,7117,9024,13032,27477,93443,324833,965092,2430988,5572399,10539139,15611484,20470292,25639072,31186573,37122967,43655824,48838251,50659246,47985279,41682884,32273863,21636766,13199836,7206678,3828867,2037474,1083292,587570,315771,166971,88575,45458,22437,11637,6219,3069,1492,602,253,119,88,93,22,0"
europe,1913,"0,338,1388,2948,4116,5985,8109,10040,13479,24547,76457,271948,843665,2168559,4565067,7806931,12137066,17283090,23090355,29718252,37138700,45184452,51260544,53446505,50387920,43747945,34087946,22972584,14065319,7659012,4018831,2124365,1102557,579821,303493,154054,78420,38614,18085,8934,4605,2215,1116,572,268,124,84,96,30,0"
europe,1914,"0,0,465,1991,3942,5902,8080,10225,13745,22880,63696,228715,818456,2342942,5101099,8740081,13507428,19032944,24820383,31361962,38707613,46597380,52996492,54880908,49884696,42065382,31160261,20091599,11770407,6349274,3330597,1738636,902290,469498,237742,119957,60403,29331,13622,6717,3257,1466,671,312,124,66,57,56,2,0"
europe,1915,"0,447,1638,3240,4497,6632,8853,10983,14794,26360,79562,298043,1045485,2812917,5810995,9777820,14806476,20250735,25771198,31871325,38479364,45715989,52009444,53582654,48873757,41545372,30711987,19896451,11733729,6444340,3372707,1745118,901349,466059,236267,120450,61307,30215,14142,6972,3412,1563,715,346,149,99,65,43,0,0"
europe,1916,"160,1095,2531,3507,4863,7049,9327,11619,15174,26098,78352,318623,1193424,3166132,6253650,10358127,15591517,21190740,26472714,31886062,37823007,44269143,50449530,52616405,48622035,41892678,31391424,20371847,11976873,6548504,3408621,1758966,906672,467201,236290,120630,61050,30016,13882,6833,3402,1479,640,293,116,66,54,47,2,0"
europe,1917,"474,1676,2956,3852,5439,7980,10480,13121,17990,38096,131182,557416,1812810,4123272,7293529,11696683,17353443,23172276,28383479,33471435,38774717,43838684,49671796,51532570,47111168,40228157,29383209,18840321,10917053,5937145,3063424,1555411,797763,411365,207773,106680,53854,26059,12147,5906,2867,1233,580,283,112,66,52,46,2,0"
europe,1918,"0,0,837,2870,5526,8869,12041,15505,27294,110909,562786,1946301,4402515,7820162,12195044,17692534,23030866,26076942,27889560,30167038,34045725,39876735,47067000,49727758,45346458,37820228,27321434,17406158,10064361,5433893,2747319,1368210,697250,358409,180514,92141,45895,21901,10118,4873,2291,1137,560,275,111,64,52,45,1,0"
europe,1919,"0,233,1585,4018,6229,9456,15204,38637,137326,532072,1639697,3792944,6869117,11165608,16243667,21161011,23955153,24171277,24670281,26820684,31391947,38864729,47762867,50097500,46020496,37769447,26017434,15837350,8850788,4606236,2327031,1171560,592711,300720,152376,77663,38614,18221,8839,4555,2091,983,440,187,86,62,50,24,0,0"
europe,1920,"17,171,1269,3528,6058,9990,22892,76631,262982,812118,2051471,4258078,7422882,11700139,16244329,20368245,22695963,23146134,23726416,25749541,30046076,37144491,46248656,50392347,47913077,40110257,28315334,17291618,9516173,4871722,2459101,1222304,605386,301021,150631,76779,38654,18566,8914,4917,2481,1169,490,204,93,66,54,35,0,0"
europe,1921,"18,179,483,1986,5057,9985,23232,78422,279775,915996,2352192,4767395,8333816,12762770,17046387,20170725,21569616,21878732,22315313,24609352,29453254,36779139,45655654,51450142,49167080,41032181,29431814,18143369,9907494,4918627,2442813,1205089,595059,296979,147211,73489,36772,17548,8681,4577,2269,1132,479,215,104,66,54,42,1,0"
europe,1922,"48,261,575,1662,4320,10337,31230,109978,353325,940292,2154064,4367283,7677787,11659593,15315521,18470459,20511236,21760609,22605627,24731939,29097201,35487689,43480605,49619221,49346356,43322052,33334792,21565446,12468203,6340419,3165298,1574629,772526,384983,192657,96752,49069,23920,11340,6097,3178,1650,788,336,151,88,61,61,9,0"
europe,1923,"7,142,427,1546,3997,8025,18731,60573,203777,593967,1453073,3189407,6020138,9826916,13915944,17669916,20743662,22705982,23959812,26146872,30529734,37648322,46981132,52178853,50566912,43603478,32398946,20505543,11680820,6076555,3034416,1502433,730448,354297,174518,89082,45363,22144,10253,5403,2884,1373,627,242,99,61,50,37,5,0"
europe,1924,"0,40,249,1351,3881,7019,11996,30608,100970,320901,830991,1859068,3866547,7018660,10782483,14614824,18571915,22325614,25572645,29238928,33359436,38352198,45536800,51615195,50993454,45370394,35651579,23654789,13936752,7344831,3694763,1855184,910695,445386,219859,111175,56782,27911,12961,6309,3472,1647,801,345,143,75,58,56,9,0"
europe,1925,"0,0,70,861,3332,6616,9537,15916,41218,132358,401241,1005466,2285208,4698759,8115620,12191859,16844382,21752306,25690723,29521116,33947187,38489529,44981608,52157274,53540678,48353191,38844341,26327277,15876596,8397775,4202972,2114837,1044069,519209,259023,130453,66662,32931,15344,7407,4115,1996,1038,486,213,105,68,75,26,0"
europe,1926,"0,0,0,655,3089,6628,9320,12540,21508,56117,174380,517232,1367832,3240684,6261052,10202797,15298645,21018818,26251087,30671721,35559485,40684197,46845137,53419790,54431017,49026800,39680502,27174273,16433429,8701800,4352731,2192598,1082927,536840,267052,133498,68345,33854,15908,7626,4301,2075,1069,514,224,107,67,72,31,0"
europe,1927,"0,0,0,311,2440,5834,8831,12281,18185,39030,114991,363122,1137004,2949887,5859287,9593737,14699355,20800754,26283152,30735195,35490030,40485681,46205127,52134384,54654936,50209595,41307164,29179814,17985907,9687871,4804023,2403511,1184283,586880,295611,147804,74891,37249,17340,8260,4627,2272,1142,565,260,123,71,70,44,0"
europe,1928,"0,0,0,531,2956,6637,9452,12273,17391,33862,94301,289287,899457,2431914,5223978,8844481,13848913,20115304,26001949,30985415,35711685,40418878,45656163,51725999,55143652,51575743,42992517,31025053,19291160,10550680,5235453,2615011,1292018,639924,323419,162454,82494,41519,19651,9081,5030,2583,1260,630,283,129,67,70,51,1"
europe,1929,"0,0,0,192,2257,5843,9059,12162,16858,31422,85495,258782,804305,2211093,4922843,8481290,13386896,19693152,25719570,30712360,35334983,40104895,45458509,51926035,56092258,52910676,44275492,32304456,20206614,11128879,5549859,2776518,1375076,676667,340093,170431,86784,44008,21154,9747,5262,2760,1327,659,301,138,80,89,70,1"
europe,1930,"0,0,0,300,2560,6316,9573,12626,17067,30621,79987,236594,715143,1974264,4562774,8125545,12979187,19376855,25789420,31663825,36982154,42411172,47938011,53972119,56678792,52403629,43453279,31283832,19393076,10523481,5217376,2601341,1279954,630764,317672,158012,80363,40447,19190,8812,4877,2547,1194,591,265,114,62,69,43,0"
europe,1931,"0,0,0,434,2885,6635,9977,13383,17746,30482,76304,219889,668889,1872747,4418409,7988032,12871714,19459567,26288197,32829466,38571170,44885545,51212750,57083973,57724479,52039369,42040054,28933133,17416628,9143319,4532323,2263903,1109095,547973,274651,136295,70263,35236,16532,7698,4391,2265,1033,501,219,87,57,70,27,0"
europe,1932,"0,0,0,266,2556,6477,10373,13943,18327,30341,72996,206011,664530,1984299,4706092,8308106,13454299,20418463,27538733,34404964,40170199,46412734,53044645,58714056,57923819,51435992,40606021,26900915,15688048,8082195,3986163,1967475,957358,472946,234487,116842,59826,29643,13475,6458,3713,1780,780,367,153,55,42,56,15,0"
europe,1933,"0,0,0,68,2123,5942,10198,13865,18230,32282,80957,226733,676413,1886305,4474217,8134212,13188441,19983090,27191631,34321366,40490705,46836212,52725560,57903064,57570608,51745090,41802119,28531121,17076927,8919531,4394708,2176002,1056921,519540,259412,129022,66546,33439,15563,7110,4080,2084,937,455,191,71,50,67,21,0"
europe,1934,"0,0,0,44,2071,5944,10390,14152,18172,30938,74809,205156,584240,1617284,3967314,7556266,12342011,18869297,26084146,33916597,40842377,47532861,53391534,57653367,57955010,52683532,43239460,30322234,18460990,9744777,4738488,2311694,1113578,548188,277824,136625,69110,34549,15966,7395,4199,2156,993,485,218,83,52,56,32,0"
europe,1935,"0,0,0,60,2078,6039,10883,14463,18003,27811,60900,158063,435851,1217651,3100802,6424962,10871962,17016438,24334720,32714691,40616843,48117297,54790413,58744291,59572557,54521967,45119806,32273893,19774359,10546049,5054097,2429829,1165682,573349,291818,143788,70595,35214,16168,7634,4296,2080,1030,517,243,92,54,53,41,0"
europe,1936,"0,0,0,210,2431,6540,11182,14479,18642,27253,49889,114445,294937,824913,2291761,5414470,9713718,15801097,23931942,33488813,42587152,49676904,54913549,57046933,57904696,54456787,46112279,34453837,21801744,12136392,5802286,2745053,1309747,634319,322600,160847,77669,38817,18055,8210,4554,2213,1120,574,283,113,59,50,45,4"
europe,1937,"0,0,0,0,1213,4651,9912,14102,18427,26437,44701,94995,232790,642622,1898642,4767808,8888371,14633665,22453022,31744138,41381379,48334800,53810444,57333093,59296359,56688500,48594084,37084529,23897666,13641450,6603408,3116569,1488911,718783,364985,184984,88898,45003,21619,9833,5402,2826,1381,733,365,158,75,60,55,10"
europe,1938,"0,0,0,0,1398,5004,10327,14555,19032,27126,43123,85302,200707,551815,1703913,4469584,8584803,14261876,22111363,31467935,41359681,47953920,52889367,57067979,59973456,58125672,49924667,38367149,25145233,14469807,7010527,3274655,1553736,745435,377923,192325,91635,46037,22185,10211,5649,2881,1452,774,395,185,76,60,57,18"
europe,1939,"0,0,0,0,1615,5417,10473,14611,18813,26365,42656,85383,200007,531978,1580681,4162594,8167212,13641920,21290570,30937649,41194485,48689166,53721024,56934500,57889095,57545411,50659066,40105751,27330973,16170280,8031098,3709175,1749357,831468,417935,215350,103255,51534,25233,11652,6235,3196,1562,833,422,193,80,49,50,33"
europe,1940,"0,0,0,437,3275,7842,12329,16393,20592,28351,43454,80026,181178,506069,1663241,4492905,8587993,14236552,22356335,32729378,42912676,50451690,55262407,57700888,58033918,56528509,49455147,38339522,26119595,15458331,7728390,3510172,1614555,764593,385388,197947,93740,45470,21659,10327,5659,2794,1387,752,395,180,78,45,49,32"
europe,1941,"0,0,0,1378,4718,8581,13238,18303,22843,31586,49531,93676,212644,606082,1954093,5022808,9212044,15158930,23744974,34007070,44357102,52220953,56599460,56751635,55974841,53912533,47203968,37167197,26426195,16204137,8568015,3853482,1731626,813122,405000,208366,99037,46416,22167,11044,5829,2663,1349,738,405,194,87,47,46,38"
europe,1942,"0,0,609,2854,6470,9805,15123,20072,24977,34061,52350,97969,216639,616915,1994108,5178199,9576232,15832343,24770228,35553549,46236657,53850783,57412800,56951367,56097191,53161031,45653615,35871103,25507094,15684731,8277898,3688659,1647408,772993,383135,195712,92272,42308,20540,10246,5393,2405,1253,705,383,185,84,46,44,37"
europe,1943,"0,137,1857,4750,6903,10387,15993,21590,27827,39126,61255,113844,247700,765365,2462672,5989457,10912211,18311843,27951424,39231937,49430094,54793355,55505776,54051132,52513813,49613284,43413603,35111784,25676244,16098175,8673105,3858957,1703273,791307,388813,197437,93869,42498,20686,10265,5353,2356,1225,677,375,191,89,46,40,38"
europe,1944,"0,1001,3528,6187,8548,12657,17790,23793,30417,41813,65357,117437,258044,876874,2834099,6663013,12120913,20198899,30491813,42498726,53563736,57766214,56416915,53253892,48535418,44793259,40562717,33125790,24817411,15986942,8708855,3844864,1703735,794549,389513,197818,94977,42501,20963,10346,5480,2435,1260,699,389,205,98,48,40,38"
europe,1945,"356,2420,5453,6628,9230,13700,18996,24844,30160,39805,60845,116479,311303,1139953,3425045,7691794,13123819,20512241,30772207,41987177,51135936,57102912,60263679,58565654,54947943,48958246,41001557,30864730,19890347,11323752,5381946,2375785,1080630,519393,261254,125995,57443,26599,12830,6332,3538,1499,773,437,229,94,47,40,36,6"
europe,1946,"0,0,1510,4345,6869,9524,14882,21122,26385,34859,54366,113112,275025,885672,2842402,6858452,11799777,18974271,28599761,39963444,50096374,60530212,68132505,66191080,59995198,50623842,39099942,26335737,16057138,8951190,4473583,2057481,927428,421558,206975,102209,49110,23269,10173,4387,2456,1577,369,123,47,6,0,0,0,0"
europe,1947,"0,0,59,1766,4977,8179,12658,19282,25051,33721,53502,107321,247547,700812,2175755,5595239,10347784,16600731,25152724,35885539,47139492,56609107,67142308,68893320,63957423,55748414,43754505,29771133,17886010,9860964,4830312,2256356,1048713,480977,236004,119107,55603,26856,12147,4962,2695,1742,427,151,57,20,10,0,0,0"
europe,1948,"0,0,0,1565,4713,8161,12064,18252,23119,29092,41048,73503,160866,398618,1303742,3786640,7873578,12919240,20043343,29524666,41269854,52650722,65680653,74334631,71067314,61944839,49718047,34363789,20577396,11330745,5585442,2608104,1228695,574868,279740,142455,67515,32180,15182,6261,3345,2069,555,193,86,27,12,6,0,0"
europe,1949,"0,0,0,1093,4071,8112,11566,17450,22509,28328,38729,61337,122468,285725,999942,3133211,6907283,11521718,18266913,27516077,39236184,51078983,62136303,72402422,71211398,64117834,54257726,39342789,24453292,13482617,6655606,3075569,1437066,671841,323091,162527,78630,36596,17638,7320,3712,2321,725,257,109,39,23,19,2,0"
europe,1950,"0,0,0,895,3736,7968,11236,16980,22375,28597,39279,59154,109537,238103,753306,2517263,6029750,10707798,17361358,26325296,38275535,50178404,59080667,67493777,71024054,66477195,58090336,44026994,28347138,15767879,7664601,3534918,1650844,771785,372863,185829,90986,41611,20390,8649,4105,2637,1007,347,155,61,26,23,15,0"
europe,1951,"0,0,0,397,2800,7347,10844,16355,21811,27362,37333,53802,89965,186643,548758,2022142,5392849,9814082,16031692,24852653,37151271,49575293,58728353,65929357,71450778,68352204,60392721,47308991,31234408,17733997,8619545,3958359,1843727,857424,410972,203505,99479,46981,23450,10384,4561,2880,1324,407,172,76,29,20,18,1"
europe,1952,"0,0,0,406,2855,7483,10988,16539,22199,27410,36801,53031,89338,185977,482282,1713795,4850158,9390036,15494929,24244638,36211965,48578460,58097720,65274049,71586735,69963974,62551174,49801298,33408029,19330545,9344514,4253132,1977274,918716,441825,219829,106853,49689,24941,11164,4974,3113,1443,476,209,94,39,33,37,5"
europe,1953,"0,0,0,0,1734,5793,10089,15155,21446,26736,36162,51842,82835,166009,400355,1383444,4157833,8584681,14355222,22869119,34606128,47751743,58208048,65571122,72275246,71253907,64265952,52198539,35998958,21290245,10463242,4744749,2194254,1016436,484429,241244,117165,54399,27259,12436,5293,3213,1713,524,228,106,44,31,37,9"
europe,1954,"0,0,0,0,1476,5352,9936,14602,21123,26288,34912,49617,77930,155873,378705,1365532,4137961,8474477,14047538,22382765,33606504,46334609,56800798,64357949,70812085,71445945,65954949,54890813,39537888,23991460,12183612,5500633,2524232,1165877,550946,276536,137186,65135,33238,15940,6794,3882,2333,744,357,147,64,32,34,18"
europe,1955,"0,0,0,0,998,4539,9651,14019,20586,25883,33694,46976,71491,135524,304884,1030971,3362847,7592331,12927133,21016850,32137229,45385576,55966317,63524426,70050176,72414693,68246191,57796261,43086295,26768798,14122087,6366643,2897374,1333110,620918,310045,154087,72669,36631,17966,7707,4225,2710,915,405,161,72,32,20,18"
europe,1956,"0,0,0,0,443,3340,8694,13132,19649,25275,32533,45317,66536,117967,257212,811465,2777621,6778460,11965781,19587925,30148160,43679848,55323556,63791057,70097485,72569210,69956041,60394713,46277690,29684557,16352122,7455026,3369882,1546112,709385,351762,178002,84313,41357,20777,9044,4678,3044,1217,483,198,81,35,30,25"
europe,1957,"0,0,0,0,181,2696,7988,12768,19130,24891,31819,44237,63667,103366,218129,656225,2365626,6201686,11167902,18332779,28601239,42517132,54954359,64162296,70761101,73855177,71799820,62416640,48441139,31781739,17894780,8252078,3701155,1695898,772132,378959,191479,91131,44887,22900,10279,5187,3372,1491,576,254,107,48,39,32"
europe,1958,"0,0,0,0,0,2178,7312,12951,19336,24960,31512,43248,62080,100442,212114,599913,2171858,5925951,10893856,17888263,27913554,41580988,54189579,63712046,70759419,75301768,74486105,64648125,50214916,33298630,18881646,8776571,3919596,1792080,813268,399229,202187,96923,47091,24236,11004,5465,3539,1594,635,286,126,62,50,35"
europe,1959,"0,0,0,0,0,1750,6627,12350,18530,24847,31215,42907,60892,92145,185226,563042,2112175,5812505,10592351,17271110,27061661,40709620,53864744,63664714,70425841,74902669,74961361,66590491,52647415,35859410,20854691,9923853,4375317,1979979,878057,411588,202481,93679,44442,22670,10049,4767,3118,1613,546,277,142,68,50,40"
europe,1960,"0,0,0,0,0,1384,5975,11733,17590,24518,30622,41407,58846,91598,185872,481080,1790307,5256603,10109618,16545288,26007181,38985272,52088925,61891268,68711721,74086470,75291827,69461128,56206275,39937376,24160946,12126582,5344438,2406049,1063647,485660,238779,113875,51158,26674,12431,5318,3306,1989,603,314,162,80,58,45"
europe,1961,"0,0,0,0,0,683,4494,10753,16685,23832,29525,39091,54874,81282,154142,387937,1491222,4613478,9291017,15269078,24064866,36003374,49478468,60217041,68394708,75508328,78549714,73330606,59654948,43081315,26419231,13446458,5926730,2670058,1185246,538439,264651,126499,56345,29059,13889,5792,3448,2355,671,349,192,89,60,53"
europe,1962,"0,0,0,0,0,509,3757,9722,15317,22744,28785,37611,53600,79584,143549,331423,1237416,4029350,8643088,14494572,22989023,34545887,48081448,59548075,68629089,75755084,78932702,75130394,62083413,45992873,28957874,15236415,6802983,3063156,1369902,615244,300814,145011,65546,32921,16197,6648,3686,2627,873,386,215,99,61,49"
europe,1963,"0,0,0,0,0,14,2291,7713,14256,21553,27856,36221,51646,76740,135646,289984,954766,3282257,7835768,13603308,21750375,33002131,46216945,57867173,68217702,76613255,81359124,78065539,65271219,48876664,30973908,16373585,7282098,3285401,1482655,669732,328387,159114,72611,35553,17696,7305,3923,2808,1054,423,236,116,60,49"
europe,1964,"0,0,0,0,0,10,1235,6000,13025,20282,27135,34232,47835,74354,138932,295743,869462,2965372,7352615,13031720,20955457,31682274,44435215,55742350,65734503,75103634,81445828,80098512,68659356,52783815,34633991,19024090,8626556,3849561,1741731,778963,375959,184658,85242,40443,20495,8838,4377,3058,1440,493,284,138,66,49"
europe,1965,"0,0,0,0,0,6,370,4067,11038,18611,25927,32576,44790,67978,120102,249027,708195,2508692,6487805,11892196,19126031,29316779,42292679,54664267,66091428,76197771,82517806,81962083,71363935,55329044,37284350,21079607,9833821,4339780,1953568,867612,412046,204533,95944,43675,22371,9866,4710,3214,1672,528,291,150,75,58"
europe,1966,"0,0,0,0,0,2,100,3122,9675,17648,25099,31580,42792,63373,105830,212328,499717,1814222,5368316,10704276,17492568,27334391,40056556,52891132,65052932,76346399,84631884,85171347,74758876,58226393,39892400,22852948,10852625,4790541,2162975,959792,450933,224440,106704,48921,24869,11357,5014,3300,1845,534,291,151,69,44"
europe,1967,"0,0,0,0,0,0,12,2466,8380,16192,24081,30895,41324,60023,95299,185453,417006,1503980,4698120,9890177,16435979,25870484,38206655,51325527,63822323,75985401,85669569,87420919,77814234,61286785,42467174,24583142,11724968,5155835,2332968,1036265,479256,235750,110483,50801,24885,11529,4780,3111,1888,445,248,128,51,27"
europe,1968,"0,0,0,0,0,0,6,1280,6259,14548,22511,30000,39606,56932,87715,164225,345358,1186855,3971820,9004979,15389105,24410749,36403579,49762774,62305546,74664145,85140879,88899975,80758716,64591495,45939481,27299478,13457560,5874125,2634442,1164668,529241,258835,120651,54628,25708,12083,4777,3033,2005,410,219,118,52,28"
europe,1969,"0,0,0,0,0,0,4,381,4407,12504,21006,28432,37230,53116,79337,141338,288849,994518,3517613,8361512,14574003,23182285,34885951,48127803,60752193,73115666,83453297,88097620,82750278,68122901,50094732,30915560,15914467,7007484,3131025,1392218,623617,302630,144304,66062,31671,15737,6375,3641,2646,774,414,245,129,71"
europe,1970,"0,0,0,0,0,0,0,16,2885,10091,19508,27358,35458,49907,75401,134398,266917,772788,2825951,7300376,13440137,21744275,33146266,46429222,59523347,72247082,83440576,89254746,84968052,71262853,53178115,33459901,17535852,7748978,3450486,1533676,675452,322435,153548,70157,30338,14845,5608,2932,2341,741,256,158,88,39"
europe,1971,"0,0,0,0,0,0,0,13,1847,8137,17867,25893,34215,47887,69883,114834,220724,566502,2199176,6258987,12264159,19925237,30946770,44092545,57345537,71168775,84186879,91530751,87649906,74173981,55904061,35949872,19355319,8757706,3961569,1808248,813836,392349,193700,93559,43538,21924,9760,4825,3433,1650,600,339,171,82"
europe,1972,"0,0,0,0,0,0,0,7,623,5681,15806,24554,33314,45997,66844,110019,211657,488930,1899485,5749046,11806961,19318325,30042089,42809128,55452311,68721604,82697263,91711811,89869948,77347847,59032739,39045111,21502500,9875001,4366336,1951134,850232,394599,190705,88898,39449,18851,7874,3379,2547,1266,270,144,66,24"
europe,1973,"0,0,0,0,0,0,0,5,250,4165,13661,23207,32068,43495,62918,104239,201550,446981,1680960,5101471,10816777,18199827,28296631,40581443,52510429,65118779,79812414,91657608,92581890,81835416,63680277,43318678,24419249,11431285,5026334,2260922,992833,457462,223734,104963,48379,22032,9891,3907,2836,1623,380,208,96,40"
europe,1974,"0,0,0,0,0,0,0,1,578,4870,14156,23096,32032,43334,61047,92579,170224,350609,1309006,4371675,9944097,17057199,26747679,39095606,51527399,64427735,79267415,92818750,94882960,84348682,66066153,45489368,25948553,12329312,5368471,2386364,1034755,467309,226657,105584,48014,20919,9335,3316,2464,1397,239,133,65,24"
europe,1975,"0,0,0,0,0,0,0,0,247,4567,14177,24041,32609,43844,61185,89838,160914,316537,1087150,3859010,9413082,16549830,26006633,38246570,51073228,64043929,79508000,95588957,98661643,86623953,66958319,45326606,25608312,12036792,5188732,2279150,980500,444298,215331,100559,45443,18280,7742,2795,2277,917,149,79,41,12"
europe,1976,"0,0,0,0,0,0,0,0,3,3427,12348,23011,31861,43097,59655,85704,150137,287146,849725,3211069,8591200,15718224,24821476,36926319,49852223,62605712,77539459,94176389,99763810,89223574,70233064,48824250,28136321,13554426,5796945,2527816,1086627,484474,233292,108215,49190,19342,8532,2832,2200,869,123,66,37,9"
europe,1977,"0,0,0,0,0,0,0,0,0,2811,11405,22547,31564,42724,59285,84839,147812,279462,767636,2932871,8186393,15395025,24390114,36352149,48880976,61116219,75503102,92684941,100716676,91314551,72537661,51270068,30285538,15106376,6491378,2804983,1199203,525448,251229,117119,52517,20200,8953,2871,2099,989,90,46,26,6"
europe,1978,"0,0,0,0,0,0,0,0,0,1987,10087,21875,31025,42079,58261,81761,138936,260620,703507,2753993,7806038,14974180,23739235,35359661,47708772,59366620,73019259,90787452,101993449,94168998,75540341,54053782,32492178,16430295,7074085,3048150,1305278,569313,272530,127807,57742,22772,10215,3434,2279,1286,153,81,38,8"
europe,1979,"0,0,0,0,0,0,0,0,0,1407,8947,20889,30364,41641,57751,81230,137917,256406,736451,2896432,7992694,15098810,23869820,35451661,47418231,58435254,71376243,88613878,100682982,95138007,77543782,56452397,34684938,17840675,7716507,3291175,1401699,599496,282450,131449,58109,22662,10245,3303,2000,1332,59,27,11,0"
europe,1980,"0,0,0,0,0,0,0,0,0,1330,8557,20544,30210,41798,57616,79511,130855,241632,722500,2806802,7552888,14610201,23276167,34897460,47063417,58385195,71767842,89007341,100611637,95707802,78858950,57854521,35931811,18793378,8242588,3528503,1512422,644734,302871,143160,63522,25184,10514,3293,1886,1621,58,12,0,0"
europe,1981,"0,0,0,0,0,0,0,0,0,1536,9098,20963,30352,41899,57884,79412,127985,234020,685478,2767652,7615761,14694753,23363298,35534936,48172980,60332858,74131355,90197220,100494046,95481445,78272730,57307040,35356802,18355577,8004288,3424692,1461898,621196,291624,136931,60825,24084,10264,3168,1777,1506,0,0,0,0"
europe,1982,"0,0,0,0,0,0,0,0,0,1630,9243,21276,31320,44224,61820,83996,127596,225690,635123,2669597,7506796,14513390,22867962,35308999,48409426,60323869,73937919,87953150,99242724,97207409,81407475,58751251,37275118,18946223,8029665,3338981,1403540,594503,271573,126047,53580,18669,7108,2160,1774,1502,0,0,0,0"
europe,1983,"0,0,0,0,0,0,0,0,164,2326,10434,23290,34506,48325,64688,82915,124910,221843,602676,2583139,7338597,14197849,22507159,34800884,48412735,60470591,74003526,89653309,100428718,96276737,81737279,60633274,37696910,19140077,8313235,3493224,1490087,641368,282782,123210,48102,14588,6210,4297,3692,2979,0,0,0,0"
europe,1984,"0,0,0,0,0,0,0,0,0,1898,9939,20913,29747,39968,54773,72864,108731,195767,513971,2352741,7168898,14124192,22509684,34650099,48547862,60812593,73949602,87661934,100555919,97900685,82240458,61403496,38852618,20318644,8995292,3761579,1596668,672493,291260,130905,53932,17561,5849,3867,3324,2702,0,0,0,0"
europe,1985,"0,0,0,0,0,0,0,0,166,3150,11629,21514,30241,40513,55138,72343,108233,199115,493020,2265349,7130431,14027298,22287361,34412820,48210948,59953447,72804202,89051065,100860823,98165153,83768526,63022543,39862343,20997854,9204255,3861796,1625278,670900,295800,130587,49563,12468,5121,3356,2894,2347,0,0,0,0"
europe,1986,"0,0,0,0,0,0,0,0,186,3440,11281,21903,30897,41857,56377,73373,109013,204806,499543,2218766,7007193,14089663,22483790,34144637,47965182,59409935,71911865,86805255,98963411,98706772,86086026,64899540,42066191,22751462,10067302,4202650,1793562,766877,355170,161745,61983,15636,4744,2939,2502,2042,0,0,0,0"
europe,1987,"0,0,0,0,0,0,0,0,157,8290,29041,54552,66713,81532,100520,121933,157944,242244,482028,2016928,6608433,13577628,21500329,33398475,47360961,58918565,72051285,86721281,96495025,97586120,85554974,67484094,45361945,25722838,12083854,4981988,2081688,854874,380889,174171,72734,22988,5249,2488,2102,1723,0,0,0,0"
europe,1988,"0,0,0,0,0,0,0,0,180,6217,21429,40677,51356,64466,80705,98908,130058,208097,455755,2016108,6575383,13543147,21669064,33167286,46902102,57614052,68781157,83363053,96046170,99364835,88431486,70188219,47940758,27676496,13154977,5309386,2187396,915780,423495,209127,94392,32514,11548,3471,1681,1466,0,0,0,0"
europe,1989,"0,0,0,0,0,0,0,0,188,5431,14839,23804,32515,44792,59671,74621,100675,171957,459098,2107399,6599828,13326583,21562316,32936945,47007730,58234820,67297813,79811231,93806083,99812984,90602526,72891225,50634867,29442135,14175722,5708033,2355388,978821,438952,209001,86573,25565,7985,1645,1294,1109,0,0,0,0"
europe,1990,"0,0,0,0,0,0,0,0,178,4973,14636,28999,40219,54673,71846,87574,120868,207187,520442,2371786,7129053,14221054,22509215,34436019,48246460,59119053,69253300,81497345,90769202,94488705,88628785,73116211,51266357,30897546,15285145,6171550,2510165,1031705,461970,220443,91944,23769,7320,1568,738,767,0,0,0,0"
europe,1991,"0,0,0,0,0,0,0,0,62,2780,14729,33852,48635,65634,84792,103076,147218,254211,668526,2880696,8190078,15641718,24704749,37104700,50562538,61229914,71841644,82589294,84742938,87318046,85774296,73035206,51897160,32411583,16114182,6404313,2574578,1052681,465991,221095,91772,23470,3773,258,177,497,0,0,0,0"
europe,1992,"0,0,0,0,0,0,0,0,157,5698,21097,42467,68990,91987,108445,126987,182716,356368,1148768,4120683,10231635,18166565,28435075,41521361,54336294,64336693,72391774,77395032,77781078,81221086,83302545,72673447,52673468,32061230,16321231,6731599,2746975,1080719,431698,174620,54614,7026,2335,1142,869,622,0,0,0,0"
europe,1993,"0,0,0,0,0,0,0,0,149,11815,43029,77050,100131,127137,152064,185728,233223,419589,1387364,4744001,11621993,20921660,34518127,49337616,61405060,67638954,71590444,71020327,69752291,75307696,78979617,71709067,51871871,31438158,15851426,6770689,2765022,1050858,385261,138031,34546,5530,2215,1222,983,654,0,0,0,0"
europe,1994,"0,0,0,0,0,0,0,0,131,4102,15295,34611,64983,95113,131409,175673,238794,493225,2127785,7350436,15574299,25694599,39291126,51793954,59304407,62846186,65800769,67454311,67958819,73717458,78621900,71876287,53381245,31932336,16038152,6806852,2800148,1081057,417377,170084,62834,20147,4245,1410,1170,765,0,0,0,0"
europe,1995,"0,0,0,0,0,0,0,0,95,4171,17864,41836,73400,110716,152877,205535,298345,597841,2399583,6974730,13743603,21559406,31728347,43748480,56438440,66139082,70957472,72033642,71780685,75503031,79236572,74250263,55132011,33095614,16926472,7039281,2820484,1090550,422223,166825,63757,20316,5517,2873,3448,3052,0,0,0,0"
europe,1996,"0,0,0,0,0,0,0,0,75,7425,31683,70301,115634,152925,182153,222073,331021,758218,2430340,6296269,14372393,24406731,36086350,49563506,60121585,65299274,65810551,65738532,66393916,72926381,79441662,75671540,55895653,33587496,17629756,7303120,2917220,1138363,434559,169454,82976,40057,14716,5934,5298,4143,0,0,0,0"
europe,1997,"0,0,0,0,0,0,0,0,58,5489,25971,61899,106417,148378,190321,267744,484081,1046027,2318612,5189496,11462882,20161620,33091518,47354479,60422984,68285798,69020349,67667983,68275833,73888402,80706862,75316130,56706329,34317146,17963077,7528978,2843092,1059362,394983,142772,60401,28009,8702,2854,1950,1395,0,0,0,0"
europe,1998,"0,0,0,0,0,0,0,0,24,6380,25521,60205,99773,137739,182419,274873,489789,1016482,2367018,5521530,11965661,21066550,33371882,47666939,58857286,65791352,67752177,65711720,66202583,71740167,80593774,77321037,58970674,36532245,19728176,8245576,3138346,1249024,500471,191567,80656,41961,19243,10253,8077,5569,0,0,0,0"
europe,1999,"0,0,0,0,0,0,0,0,11,1854,8843,25345,51415,87562,144253,253526,486868,1054378,3276059,8779391,16686994,28668750,43066728,53962709,59356205,60747104,59437147,58602842,59311585,66314266,77401630,76218309,59962160,38309009,20361074,8740131,3501940,1422027,584314,252160,105916,49113,25629,13748,11206,8477,0,0,0,0"
europe,2000,"0,0,0,0,0,0,0,0,30,694,5102,21669,51240,91735,142718,232914,430858,902365,2361404,5877617,12292524,22946464,38178843,52608931,62452376,64677755,61883400,59357112,59965616,66634393,78164707,79334229,62421085,39450946,21473993,9570920,3812904,1525453,637295,281370,122389,48670,29274,24389,25111,21849,0,0,0,0"
europe,2001,"0,0,0,0,0,0,0,0,2,2534,12170,32486,56053,86994,125733,191781,326952,677683,1761535,4664441,10389696,19517060,33739712,49484217,61373322,65547380,64308988,61819399,62298246,68428813,80048223,80589527,63466771,40375147,22301195,10072124,4177136,1699161,697786,316280,148560,61387,25829,15605,14313,12369,0,0,0,0"
europe,2002,"0,0,0,0,0,0,0,0,3,1057,6796,21403,44323,71734,98441,137873,214270,447896,1236319,3498266,8197219,16256469,29989552,46481889,61815520,67366111,64997448,62137696,63560760,70547304,82135364,82096143,65886536,42448180,23352373,10426935,4221110,1685586,671360,285695,118154,38168,15669,7300,5776,5542,0,0,0,0"
europe,2003,"0,0,0,0,0,0,0,0,30,1889,5930,14044,27549,45668,67554,95994,181021,541601,1419047,3290212,7333368,14721101,27686602,45802579,60131370,65710105,63277608,61375768,62229476,72126311,84858062,86667160,69407799,43918527,23499124,10539028,4248835,1703330,700155,349379,208030,131471,82577,55096,43175,35446,20389,14323,9781,6516"
europe,2004,"0,0,0,0,0,0,0,0,24,816,2980,8674,19129,35062,57975,88597,134979,303182,906158,2375408,5801312,12212444,22408920,38916656,56444580,65967171,66611720,64844831,65550256,73958614,85670079,88626910,71978688,46578056,25665968,11086521,4529269,1896721,781607,354156,192227,107988,58499,35919,27875,21135,9804,6392,4048,2509"
europe,2005,"0,0,0,0,0,0,0,0,101,2430,6638,13162,22355,35115,55185,92860,175793,385446,906906,2140474,4891456,9854098,18711703,33260283,51578570,67161004,70899669,68098187,68133208,75026399,87886940,89699087,73651802,47334409,25550930,11678663,4791097,1977892,845064,413862,243573,145381,83406,51698,35654,25750,13021,8879,6002,4028"
europe,2006,"0,0,0,0,0,0,0,0,81,2696,7608,15489,27279,43009,60636,83319,123120,259114,707058,1729213,3797559,7955948,15761069,28479973,46522514,63725548,72198090,72979458,72606603,76691050,88518475,91630134,75334622,49463921,26989933,12375373,5100770,2128567,908943,421057,215093,136992,99912,76173,58033,42689,26603,17417,11016,6786"
europe,2007,"0,0,0,0,0,0,0,0,533,6440,10365,16218,23778,31556,41737,61971,102289,186230,476717,1174173,2828219,6415198,12817643,24025060,41562370,60159973,72146994,73437820,72399568,77016742,87296462,93857364,81841299,54740728,30741452,14526252,6267976,2670892,1123899,518518,291310,184546,117398,77928,57333,44184,22527,14636,9303,5828"
europe,2008,"0,0,0,0,0,0,0,0,13,1652,5620,11809,19480,29359,47329,79330,131946,210928,342704,771801,2073373,4643092,9192469,18119304,34320248,55118526,71346514,78953776,79699088,81980693,91203006,95540774,83368862,56214088,31721336,14894247,6280485,2675874,1156929,585269,379793,258658,173127,118037,86219,64231,34964,23315,15266,9872"
europe,2009,"0,0,0,0,0,0,0,0,56,1472,4755,12566,26628,46778,72599,104308,147235,217783,380783,966480,2155980,4391419,9241283,19108074,35976586,56705516,73279791,78116992,78400630,80348425,89456581,95584620,82912987,57215820,32536132,15284027,6466358,2741203,1144121,520166,283566,163572,95433,60719,44872,33649,17140,11272,7307,4707"
europe,2010,"0,0,0,0,0,0,0,0,16,1262,3963,8408,17341,35793,65827,103249,158923,246737,462412,1007513,2027315,4136390,8631580,17290106,32133979,53778449,72643578,78522088,81333695,84230231,93533548,97430480,83227132,56392288,32428565,14964584,6332111,2736922,1194127,553714,302178,183900,111696,72168,56100,44747,22605,15568,10725,7421"
europe,2011,"0,0,0,0,0,0,0,0,6,2204,7978,17528,32037,51156,75927,111860,166844,244370,359984,771791,1864873,3981626,8055300,16064920,30852892,52361738,72182360,81475204,84434351,86173640,94171380,96755175,82862847,56499702,32016229,15107056,6405386,2781364,1220795,576301,332489,205306,128519,85144,64596,51812,29899,20542,13976,9474"
europe,2012,"0,0,0,0,0,0,0,0,3,2486,9343,21274,37832,60251,90999,129514,180744,269455,430133,866186,1905622,3970603,7870697,15495163,29459580,50389510,71575767,82386664,87141657,88820362,95344744,97662140,82307087,55936463,31886392,14905238,6219246,2736578,1190209,561011,332054,208524,129814,84208,61131,47341,28350,19920,13979,9823"
europe,2013,"0,0,0,0,0,0,0,0,33,2473,7816,16859,28180,47240,74059,110016,161360,234478,366560,692243,1582375,3499295,6982632,14591349,27806230,48525954,71971732,84757339,88124028,90535785,95887532,97284419,83837891,55997176,32019434,15403718,6611887,2896200,1267760,622440,368414,255702,179481,124784,87735,61270,39483,26356,17514,11655"
europe,2014,"0,0,0,0,0,0,0,0,8,3728,16340,36232,62344,94299,133554,187184,261299,373934,636692,1161292,2014882,3851350,7430103,14064333,26564381,47461496,69325344,84043715,89641391,92011317,96609998,97065903,84077871,57716710,33494612,15842381,6538606,2713502,1132437,547597,313203,198728,137567,97680,69637,48761,32119,21662,14566,9857"
europe,2015,"0,0,0,0,0,0,0,0,29,2471,10310,25959,47602,75815,111495,161318,244568,365059,557468,1012837,1993332,3747598,7475396,14608934,28858461,50229300,70177858,83431190,88054351,89268390,93117604,97239178,85599072,60505135,34241529,16035839,6707675,2878148,1259660,616234,364357,245685,169625,118684,84069,59045,37838,25625,17357,11828"
europe,2016,"0,0,0,0,0,0,0,0,159,3689,12970,27827,49295,75447,102884,131532,172985,258487,417994,716411,1347026,2946284,6825963,14147588,28051270,49715764,71144999,83207887,87082593,89087121,93805228,97914111,87861342,62880926,35177553,16897099,7148458,3019743,1313252,663329,393896,251450,163049,109026,74988,52480,34881,24594,17490,12535"
europe,2017,"0,0,0,0,0,0,0,0,160,3759,14138,32896,55435,79436,102872,129153,172176,256675,439097,806784,1460515,2901572,6167113,12325745,24675649,45829452,68559354,84668219,89734622,91068895,95834038,100903860,89974827,63528582,36041287,17263138,7116123,2972545,1327556,709392,412665,251567,158749,104044,71815,51368,34987,25484,18762,13919"
europe,2018,"0,0,0,0,0,0,0,0,85,1753,6658,15535,26372,38939,55066,76663,107697,162747,261874,508392,1124575,2305874,5145671,11640404,24046663,45578804,70031401,86618827,90027206,90638051,96034936,99740353,90957300,64619541,36673619,18005899,7623317,3306179,1465733,724403,440032,284126,186018,123757,85270,59825,39349,27809,19835,14272"
europe,2019,"0,0,0,0,0,0,0,0,167,5253,15806,28988,44703,61332,76931,96802,126990,181387,300449,571573,1139948,2437688,5366596,11179935,21766910,40974053,67003190,84673189,90568579,92277956,96814429,101234017,94048747,67429830,39159371,18928454,7840536,3299362,1395820,675545,401576,249451,158124,102607,69245,47919,30424,21447,15329,11086"
europe,2020,"0,0,0,0,0,0,0,0,68,3568,11239,25714,45267,70231,102441,141595,185466,245464,365482,615837,1147012,2262949,4816296,9832824,19875895,38472108,62451165,78365517,86774504,93856309,100198752,105426257,96260932,71822632,41475421,20941136,8575314,3492868,1583688,831184,492968,304233,193950,128101,88276,61999,40520,28831,20746,15068"
europe,2021,"0,0,0,0,0,0,0,0,151,3759,13780,30755,52473,73016,93027,117043,156508,227032,354050,575902,958111,1714982,3612628,7880992,15675906,29186500,48731046,66059612,81867120,97124179,109592676,117513606,106900213,78845971,44484513,22213392,9338626,3849011,1707815,887473,543177,346995,224586,148017,100311,69179,44007,30413,21211,14930"
europe,2022,"0,0,0,0,0,0,0,0,86,2617,11889,29083,47106,63841,81780,103056,142885,218395,345377,528966,855148,1647836,3579432,7855494,15924655,28557697,44279541,60729487,79378078,98662371,112746489,119022013,107723730,80637401,45809947,23047751,9964428,4109741,1784187,903373,528926,322215,202327,130068,87416,60533,38708,26977,19022,13547"
europe,2023,"0,0,0,0,0,0,0,0,71,2455,10294,24154,41148,56348,73332,94691,127619,189211,290254,449761,717756,1273344,2627212,5995442,12440896,23664316,39559349,58104883,77160812,99012270,117565523,123330495,112003251,83455619,48615097,23964238,9964757,4088621,1780941,912144,543163,352277,235967,160411,110434,75913,50070,34028,23194,15931"
europe,2024,"0,0,0,0,0,0,0,0,61,2246,9694,23105,39895,54811,71249,91907,122825,178597,270610,421495,665770,1138006,2373534,5529067,11584473,22305412,37915512,55797267,75211478,97567000,117223263,125178083,115006317,86295067,49900990,24896533,10398296,4253738,1881176,967620,553280,346687,228104,153941,105994,73167,48478,33203,22832,15831"
europe,2025,"0,0,0,0,0,0,0,0,52,1634,8437,21174,38245,53859,70196,90380,119803,173168,261020,403793,640473,1087597,2245701,5220988,11329409,21948592,37254632,53984415,73524104,96362798,117208951,126523456,116944339,87418504,50659942,25366018,10649305,4380054,1941436,987139,564790,351881,232847,158272,109881,76441,50976,35123,24265,16884"
europe,2026,"0,0,0,0,0,0,0,0,24,1187,6748,18146,34327,49832,65420,84591,112201,161834,248236,389527,631615,1115024,2340798,5347282,11624854,22289943,36393580,52042569,70833932,93500266,114150292,124663957,117677455,90708475,53992678,27690888,12103511,5028650,2168555,989097,507194,288821,171848,105943,72312,51980,26767,18390,13213,9652"
europe,2027,"0,0,0,0,0,0,0,0,13,1008,6112,17014,33003,48812,64354,83274,110178,155823,236638,370038,599508,1036330,2114760,4851822,10595855,20930988,35650259,51869677,70346444,92622892,113878209,125452445,119070021,91863299,54878896,28137918,12295170,5104891,2201201,1008768,517659,296805,177590,109272,74194,54045,28465,19110,13736,10027"
europe,2028,"0,0,0,0,0,0,0,0,8,922,5573,15951,31682,47623,62996,81546,107536,150370,226088,351784,565795,953352,1874656,4269600,9379664,19166684,34377507,51812665,70189465,91593910,112549078,124676789,119812884,93935430,56946671,29487179,13100732,5456632,2354456,1078251,552700,314865,187932,114861,77262,56514,30721,20074,14456,10578"
europe,2029,"0,0,0,0,0,0,0,0,0,799,4921,14620,29868,45898,61222,79478,104672,144435,214153,331067,533083,895119,1707281,3849283,8577623,17865636,32945794,51029108,69383296,90074111,110860030,124120842,120930766,96306217,59359812,30922093,13797431,5772748,2502727,1142986,577777,327256,194525,117904,78607,57574,32137,20363,14634,10717"
europe,2030,"0,0,0,0,0,0,0,0,8,888,5295,15097,30317,46112,61278,79530,104775,145166,215590,336161,547425,922705,1759041,3926218,8708665,18025885,33147222,51353771,69880717,90736217,111727114,124468561,120313035,95072671,58093799,30129336,13464526,5640719,2446815,1119565,567472,321749,191710,116702,78174,57306,31917,20423,14730,10821"
europe,2031,"0,0,0,0,0,0,0,0,8,844,4868,14276,29257,45007,60033,77844,102344,141374,210273,326793,531090,892972,1678505,3688856,8183936,17028593,31630777,49900756,68639769,89367582,110820686,124565807,121302567,97015708,59954718,31333460,14020204,5915448,2584056,1181778,594496,335462,200073,121208,80808,59197,34011,21212,15308,11242"
europe,2032,"0,0,0,0,0,0,0,0,8,705,4479,13425,27981,43788,58637,75970,99548,136780,203289,318278,524365,884379,1638445,3565353,7928092,16373170,30337413,48716954,67585609,88280392,110145699,124751418,122224078,98310269,61213199,32122141,14402148,6068567,2650910,1216087,613754,345767,205559,124319,82589,60287,34856,21642,15568,11400"
europe,2033,"0,0,0,0,0,0,0,0,8,648,4139,12755,27094,42916,57794,74896,98003,133759,197857,308827,507915,855838,1566945,3364820,7499886,15603686,29390973,47960041,66914268,87526635,109235510,123931898,122630411,99583109,62538003,33049989,15026903,6349858,2777142,1274170,642371,360201,214601,129505,85590,62281,37143,22537,16208,11867"
europe,2034,"0,0,0,0,0,0,0,0,0,609,3904,12051,25985,41678,56307,72985,95416,130213,192781,302076,500273,843955,1536704,3284191,7323747,15227745,28532118,46657703,65395114,85841101,107937757,123756131,123075074,101214347,64399261,34253933,15615962,6608455,2890449,1321462,654126,369249,222014,135390,89945,65471,39617,24115,17295,12601"
europe,2035,"0,0,0,0,0,0,0,0,0,499,3567,11501,25151,40744,55362,71693,93680,127303,187978,293506,483815,812583,1465651,3084252,6864216,14334762,27133178,45266398,64459940,85094369,107532453,124331819,124325090,102400907,65328190,34921967,15931047,6746514,2957457,1353254,669845,373884,222171,134338,88195,64114,39784,23569,17025,12513"
europe,2036,"0,0,0,0,0,0,0,0,0,448,3289,10642,23787,39336,53850,69755,90819,122918,180909,282845,468688,789972,1408901,2938535,6556608,13656368,25891005,43768254,62951222,83461374,105842075,123326817,124627602,104384870,67835136,36675476,16987576,7215472,3157002,1434544,698264,381735,225984,136439,89216,64529,39995,23547,16927,12371"
europe,2037,"0,0,0,0,0,0,0,0,0,439,3192,10440,23451,38823,53164,68911,89750,121210,178276,278561,461375,777567,1377633,2812870,6218584,12983214,24941107,42988377,62754878,83545555,105974892,123587225,124776776,104700502,68060208,36843862,17107467,7288122,3200539,1459443,712601,390074,231597,140840,91881,66480,42738,24835,17995,13266"
europe,2038,"0,0,0,0,0,0,0,0,0,361,2802,9637,22238,37660,52165,67548,87653,117750,172723,270705,449534,756980,1328449,2693513,5956400,12455215,23970948,41647930,61443678,82158032,104533985,122995950,125470014,106325268,69843809,38145828,17760083,7556721,3318428,1509043,735232,401029,237203,144362,93984,67822,43893,25565,18540,13675"
europe,2039,"0,0,0,0,0,0,0,0,0,334,2716,9133,21404,36454,50787,65903,85504,114884,167966,262201,434267,733569,1282987,2558705,5606883,11727435,22765325,40059141,60066416,80946059,103506599,122608771,125780899,107596163,71737090,39507329,18687782,7997161,3508719,1596931,774601,416729,244996,148745,96099,68830,45574,25989,18837,13901"
europe,2040,"0,0,0,0,0,0,0,0,0,282,2524,8687,20643,35672,50091,65046,84281,112981,165742,259997,430517,725467,1261530,2493217,5435956,11372309,22074348,39217612,59719708,80596376,102865649,122094357,125973767,108293260,72374778,39936946,18938013,8109940,3560819,1622277,787268,423808,248771,151190,97642,69827,46573,26577,19286,14248"
europe,2041,"0,0,0,0,0,0,0,0,0,233,2325,8192,19800,34599,48821,63496,82406,111187,163753,256905,424821,714951,1231456,2398145,5188262,10863683,21167308,37717092,58069278,79182226,101747791,122003154,126660196,109753505,73919557,41091440,19554876,8382369,3693834,1685942,817421,438192,257205,156467,100600,71498,48767,27549,19919,14734"
europe,2042,"0,0,0,0,0,0,0,0,0,226,2187,7721,19009,33630,47934,62349,80614,108574,160422,253545,420173,707853,1212121,2337392,5012831,10468290,20319996,36336973,56787734,77924819,100497212,121112958,126806577,110773781,75707875,42426649,20468835,8818477,3873968,1763762,852341,454249,266010,162006,104095,73746,50462,28680,20737,15328"
europe,2043,"0,0,0,0,0,0,0,0,0,210,2111,7394,18347,32701,46812,61108,79263,106729,156732,247078,409289,692286,1186719,2249081,4767083,9981736,19569078,35383008,56160143,77362826,99810448,120811430,127072682,111504461,76576797,42974569,20794804,8989689,3961418,1809824,876311,466248,273138,166604,106640,75137,52191,29745,21311,15764"
europe,2044,"0,0,0,0,0,0,0,0,0,198,1972,6960,17617,31840,45911,59940,77575,104472,154083,244359,406748,689595,1173682,2205667,4625472,9658411,18824584,34050663,54877476,76320275,98764025,120327314,127050467,112408514,77922654,44195238,21487963,9303193,4108815,1876780,904691,477360,278912,170343,109062,76740,53533,30641,21967,16254"
europe,2045,"0,0,0,0,0,0,0,0,0,169,1719,6547,16840,30923,44910,58710,75735,101555,149355,237994,395457,668934,1132906,2095470,4336263,9079420,17761092,32375458,53247142,74883077,97496762,119453585,127665375,113864966,79846968,45529985,22513001,9792583,4303849,1963083,944414,496265,289106,176702,112696,78804,55687,32188,22742,16836"
europe,2046,"0,0,0,0,0,0,0,0,0,169,1667,6290,16301,30106,44024,57790,74699,100253,147084,233270,387044,657054,1114538,2049884,4239563,8880614,17304884,31608801,52722874,74667829,97277095,119172352,127420896,113917973,80316748,45856845,22691608,9886234,4354514,1990675,959039,503016,293362,179474,114545,80035,56636,32890,23278,17244"
europe,2047,"0,0,0,0,0,0,0,0,0,160,1540,5778,15224,28875,42771,56369,72783,97298,142845,227782,377635,640518,1081779,1964989,4001322,8367471,16404425,30166723,50949318,72911570,95570510,118072630,127778264,115549170,82399344,47538426,23685493,10350740,4571846,2091397,1003509,528018,307918,188427,119802,83077,59148,34925,24239,17927"
europe,2048,"0,0,0,0,0,0,0,0,0,160,1502,5669,15012,28511,42302,55786,71954,95873,139899,223273,372649,636071,1077708,1946220,3938469,8226307,16036096,29506466,50474853,72820404,95510208,117994921,127705052,115498533,82352694,47517602,23694451,10376558,4592643,2105218,1011992,532774,310763,190497,121313,84166,59998,35606,24776,18358"
europe,2049,"0,0,0,0,0,0,0,0,0,159,1356,5427,14483,27697,41321,54675,70431,93685,136385,217654,364388,624880,1057322,1905910,3859153,8055284,15686466,28733479,49238018,71554539,94373475,116958004,127423623,115874712,83628335,48495031,24525441,10806034,4758272,2179222,1045167,551003,321918,198208,126603,87843,62724,37613,26245,19454"
europe,2050,"0,0,0,0,0,0,0,0,0,126,1268,4979,13664,26761,40400,53595,68913,91131,131281,208595,348010,594752,1005311,1795290,3606444,7546933,14785762,27233067,47345474,69935247,92938455,115939239,127814781,117443283,85623687,49921248,25432327,11214136,4941265,2264786,1083815,568600,327702,199717,126008,86550,61903,37395,25552,18966"
europe,2051,"0,0,0,0,0,0,0,0,0,115,1241,4807,13240,26078,39581,52684,67759,89480,127815,201525,337139,578662,984252,1761371,3536633,7395656,14486372,26761364,46801266,69529930,92440030,115292840,127276660,117261288,85962518,50408548,25719125,11379051,5028719,2308481,1105273,577798,333213,203317,128382,88137,63185,38312,26212,19475"
europe,2052,"0,0,0,0,0,0,0,0,0,114,1212,4646,12649,25150,38521,51542,66361,87604,124563,195370,325672,560051,954996,1697001,3367671,6999549,13786130,25522943,45084992,68174879,91539520,114958285,127994411,118204413,87000602,51108796,26218017,11637167,5146777,2368478,1134414,589890,339527,207345,130376,89190,64018,39615,26623,19799"
europe,2053,"0,0,0,0,0,0,0,0,0,112,1095,4259,12067,24470,37760,50678,65125,85569,120707,188878,316230,545357,930950,1647844,3265225,6795646,13382477,24793282,44048130,67311560,90549785,113382939,126817417,118408304,88323942,52260056,27109047,12137214,5363002,2467316,1180547,612891,351356,214345,134858,92078,66041,41039,27628,20529"
europe,2054,"0,0,0,0,0,0,0,0,0,102,1063,4093,11635,23783,36883,49735,63838,83717,118096,185453,311563,537837,916741,1616243,3187495,6603518,12993803,23931528,42631291,66127243,89554409,112598959,126822590,118723990,89107084,53087204,27705457,12461155,5510575,2534854,1209304,622562,355793,216780,136270,92886,66559,41473,27930,20768"
europe,2055,"0,0,0,0,0,0,0,0,0,101,1015,3903,11080,22897,35900,48569,62522,82067,115116,179393,300500,518708,888041,1556708,3030324,6266745,12434657,23102928,41507562,65134558,88684983,111789596,126592079,119127782,90024412,53848305,28145246,12716191,5645527,2607576,1248468,642901,365553,222711,139568,94736,67919,43187,28587,21271"
europe,2056,"0,0,0,0,0,0,0,0,0,101,986,3673,10567,22252,35190,47868,61501,80446,112439,175611,295952,511788,876135,1535491,2985909,6156504,12177867,22504807,40351152,63794650,87364120,110636901,126117243,119552470,91057562,54634140,28769993,13014987,5779950,2669513,1277389,656344,372334,227051,142521,96737,69395,44278,29392,21889"
europe,2057,"0,0,0,0,0,0,0,0,0,108,898,3497,10212,21642,34296,46704,59984,78290,108935,169756,285882,494194,848351,1482586,2850024,5823514,11599719,21554188,38710851,62169477,86086596,109299879,125664113,119870772,92392178,56007435,29838813,13677979,6066274,2799788,1337451,684324,387200,235827,148082,99834,71519,46576,30418,22641"
europe,2058,"0,0,0,0,0,0,0,0,0,92,876,3365,9688,20768,33336,45682,58828,76656,106029,163783,276043,479201,824681,1437068,2756415,5648457,11292517,21001583,37916404,61363887,85275508,108458999,125229511,119964607,92853465,56494965,30124063,13844636,6146168,2839433,1357683,697446,402773,247864,157471,107024,77045,50862,33742,25206"
europe,2059,"0,0,0,0,0,0,0,0,0,92,862,3218,9430,20341,32822,45095,57953,75273,103621,160066,270958,472428,815655,1421542,2723759,5546437,11048936,20373907,36738199,60155810,84380274,107769965,125125014,120343526,93305984,56857921,30449205,14047762,6227543,2873064,1372424,699936,403501,247985,157510,106975,76993,50908,33832,25300"
europe,2060,"0,0,0,0,0,0,0,0,0,92,852,3083,8989,19635,32061,44241,56979,74113,101869,156481,264195,461243,800786,1396462,2649679,5336781,10629719,19696171,35645822,59174272,83702611,107107728,124431012,120244632,94063041,57506775,30908145,14272724,6350993,2939459,1406369,716473,412873,253806,161468,109101,78437,52818,34590,25882"
europe,2061,"0,0,0,0,0,0,0,0,0,91,817,2895,8609,19026,31290,43311,55744,72184,98475,150165,254226,447954,782545,1362920,2577946,5184292,10340599,19089088,34479631,57630706,82243936,105865034,124065151,120548938,94922230,58517740,31617983,14707693,6547509,3025858,1445842,732529,420697,258432,164519,111112,79859,53877,35389,26491"
europe,2062,"0,0,0,0,0,0,0,0,0,90,727,2743,8206,18324,30350,42328,54618,70785,96452,146840,249112,440804,772567,1343888,2532931,5078158,10117036,18665628,33652177,56546864,81300089,104623473,122934341,120451135,95598363,59343278,32212959,15114453,6722828,3105604,1485763,752905,431482,264748,168640,113831,81767,55295,36448,27271"
europe,2063,"0,0,0,0,0,0,0,0,0,90,723,2676,8046,18013,29857,41643,53734,69558,94617,143778,243113,429206,755299,1315883,2465182,4902528,9762956,18111924,32661647,55261589,80261759,103931316,122906955,120791745,96015840,59729497,32538133,15368500,6841374,3159178,1512640,765430,436042,265209,167774,112200,80030,54739,35399,26483"
europe,2064,"0,0,0,0,0,0,0,0,0,88,716,2559,7678,17401,29197,40949,52935,68559,92999,140279,237085,420724,742096,1291526,2415429,4798796,9560987,17729225,32007542,54453020,79511677,103182332,122222536,120535711,96361208,60112476,32842311,15527593,6933745,3210245,1539624,778509,437649,266677,169152,113265,80761,55329,35866,26783"
europe,2065,"0,0,0,0,0,0,0,0,0,87,707,2464,7322,16793,28311,39863,51637,66731,90492,137147,234786,422676,752134,1303828,2417683,4750510,9369559,17241708,30842482,52683972,77863829,101630546,121403399,120682938,97386151,61411838,33726754,16079203,7188601,3321132,1588925,797996,444025,270189,171404,114725,81762,56119,36411,27199"
europe,2066,"0,0,0,0,0,0,0,0,0,76,685,2367,7045,16277,27609,39129,50818,65772,89038,134342,227925,407983,727155,1262780,2328670,4546491,8985549,16695833,30013003,51676741,77211517,101160003,121074162,120766426,97798664,61805923,33956383,16187337,7239156,3344009,1599695,803663,448328,274096,174318,116591,83010,57848,37319,27872"
europe,2067,"0,0,0,0,0,0,0,0,0,75,651,2273,6802,15814,27072,38474,49904,64341,86830,131157,224166,403580,721206,1253119,2307142,4481183,8797539,16296140,29140665,50247549,75897632,99972769,120177021,120818333,98418649,62663976,34628552,16744301,7477669,3443732,1645337,824993,459862,280981,178933,119694,85158,59398,38504,28746"
europe,2068,"0,0,0,0,0,0,0,0,0,73,592,2123,6491,15317,26434,37733,49118,63285,85209,128274,219748,397651,712137,1235549,2272609,4424807,8683627,16065570,28695520,49573818,75129983,98930331,119112801,120335417,98758010,63207353,35036986,16968958,7593232,3503551,1675660,843594,472235,289326,185081,124301,88691,62149,40675,30441"
europe,2069,"0,0,0,0,0,0,0,0,0,73,584,2070,6284,14904,25785,36894,48124,62090,83367,124491,211836,382961,690838,1203498,2203692,4258373,8328445,15505850,27695622,48094372,73685274,97837429,118743639,120818575,99494083,64049485,35587714,17398330,7820795,3617380,1735317,871181,481794,291978,185745,123593,87449,61666,40090,29767"
europe,2070,"0,0,0,0,0,0,0,0,0,73,579,2004,5957,14288,24968,36044,47176,60897,81742,122140,208376,379546,690766,1210502,2217183,4269897,8313883,15337488,27182866,47159221,72742549,96937038,118144404,120509256,99607603,64429943,35908341,17578237,7937914,3683611,1770727,890274,488511,296306,188712,125643,88895,62738,40942,30423"
europe,2071,"0,0,0,0,0,0,0,0,0,73,558,1963,5855,14068,24624,35566,46560,59945,80159,118912,203224,372644,680861,1192428,2181980,4203448,8151288,14960573,26356836,45836783,71550224,96125638,117776602,120652141,100080962,64952236,36275816,17892226,8094420,3751251,1803874,911787,499743,303045,193300,128868,91249,64588,42367,31553"
europe,2072,"0,0,0,0,0,0,0,0,1,78,555,1866,5619,13688,24167,35001,45834,58827,78372,116215,199394,367105,671863,1178421,2156513,4153109,8025944,14728226,25875424,45012144,70541912,94900585,116263885,119958285,100548987,65892184,37008257,18438159,8358280,3877595,1865828,942565,515357,310726,197949,131651,92890,65534,42958,31845"
europe,2073,"0,0,0,0,0,0,0,0,1,77,552,1823,5415,13246,23459,34070,44861,57809,77292,115412,198291,363434,667612,1174019,2134891,4073682,7827088,14394224,25347239,44198737,69639711,94075889,115674961,119758773,100800563,66402409,37334634,18625849,8467885,3940502,1901450,961119,526246,317463,202609,134550,94750,67286,44396,32675"
europe,2074,"0,0,0,0,0,0,0,0,1,76,506,1720,5221,12836,22930,33539,44183,56827,75626,112436,194218,355564,648471,1138997,2075754,3971629,7629381,14023424,24680190,43087886,68339375,93074188,115194083,120023240,101317248,67007289,37750982,18960380,8637194,4010137,1932706,971067,525347,318302,203132,134845,94911,67442,44465,32684"
europe,2075,"0,0,0,0,0,0,0,0,1,75,475,1683,5048,12444,22339,32782,43385,55870,74416,110896,193330,357121,654972,1148852,2078265,3953484,7570060,13849590,24267870,42324926,67477095,92340072,114693079,119621374,101285244,67324156,38071305,19136813,8754048,4076571,1968037,986156,526683,318232,204262,136428,96601,69056,46012,34019"
europe,2076,"0,0,0,0,0,0,0,0,1,75,468,1624,4880,12132,21883,32242,42724,54884,72635,107385,187690,349790,645043,1135532,2046324,3857160,7319958,13391388,23519115,41085612,66026604,91282103,114201618,119933945,101932465,68093769,38602719,19561131,8982986,4173941,2012582,1007918,529238,315522,201539,133768,94224,67391,45015,32901"
europe,2077,"0,0,0,0,0,0,0,0,1,67,450,1563,4729,11853,21574,31720,42057,54053,71617,106546,187262,349206,643094,1128962,2028043,3816556,7245641,13234903,23191568,40491023,65256878,90411791,113260993,119383469,102193597,68547943,38996635,19774799,9091454,4234316,2044143,1024500,537964,320374,205125,136490,96417,69274,46591,34249"
europe,2078,"0,0,0,0,0,0,0,0,1,67,443,1513,4558,11310,20835,30971,41262,53097,70217,103514,181241,340211,629692,1106522,1990508,3759793,7116464,12940143,22548838,39278123,63677140,89190245,112628125,119581174,102876896,69363610,39572440,20191912,9321885,4333267,2091025,1048261,548644,326453,209154,139255,98327,70651,47684,35071"
europe,2079,"0,0,0,0,0,0,0,0,1,66,439,1496,4485,11165,20568,30588,40753,52315,69018,100949,176790,334541,621829,1095044,1970710,3720102,7042933,12795917,22311342,38808364,63001159,88536982,111815465,119041057,102773177,69662749,39806566,20474426,9465546,4398682,2125142,1065987,557436,331122,213234,142541,100873,72663,49290,36329"
europe,2080,"0,0,0,0,0,0,0,0,1,64,438,1451,4293,10709,19875,29708,39813,51183,67368,98138,170678,321426,596186,1052750,1894355,3572393,6762618,12379328,21733861,37851059,61860883,87647069,111280164,118935466,103116043,70379345,40439579,20844480,9691827,4523829,2192839,1102594,576911,341810,220011,146727,103528,74671,51191,37409"
europe,2081,"0,0,0,0,0,0,0,0,1,63,397,1376,4181,10480,19536,29228,39166,50308,66136,95882,167804,321991,603343,1064833,1912615,3591109,6749637,12255730,21401231,37176340,60789166,86476359,110265678,118721559,103368856,70948547,40876098,21190012,9895461,4607252,2230564,1120879,585853,346811,223401,149080,105251,75993,52217,38214"
europe,2082,"0,0,0,0,0,0,0,0,1,62,394,1360,4120,10267,19201,28850,38674,49702,65346,94548,165330,318265,597519,1056137,1899420,3567258,6705329,12162623,21204056,36750199,60188726,86148020,110087293,118504336,103140469,70794504,40806564,21171830,9903186,4618654,2239559,1126803,589633,349736,226528,151874,107596,77909,53840,39535"
europe,2083,"0,0,0,0,0,0,0,0,1,62,376,1305,3912,9824,18628,28148,37951,48919,64377,92585,161185,312027,589869,1041670,1866194,3504855,6590754,11936463,20780710,36099091,59256098,85024501,109091372,118118318,103648433,71560596,41363941,21463105,10053423,4700843,2282984,1149136,600348,355308,230297,154562,109502,79328,54954,40396"
europe,2084,"0,0,0,0,0,0,0,0,1,62,372,1291,3833,9667,18346,27751,37445,48242,63269,90252,155992,301121,567307,1002293,1793975,3361877,6318114,11496997,20148513,35066864,57994697,84191477,108717763,118280147,104225943,72186136,41847093,21835204,10291738,4805609,2331741,1173760,610809,356528,229763,153010,107810,78006,54273,39466"
europe,2085,"0,0,0,0,0,0,0,0,1,59,345,1251,3700,9430,17997,27269,36851,47481,62255,88626,153145,296543,560144,992651,1785346,3358564,6311567,11457400,20040734,34821063,57511578,83483506,107967538,117844063,104093042,72263388,41972755,21936652,10356576,4840947,2352389,1185548,617018,359863,231816,154421,108788,78750,54879,39937"
europe,2086,"0,0,0,0,0,0,0,0,1,59,342,1240,3579,9128,17503,26612,36095,46397,60597,85771,148182,290064,551519,977955,1754573,3293032,6178971,11188020,19508721,33716170,55849259,81951766,106655122,117607455,104653400,73457981,43011285,22717269,10822721,5045616,2445626,1230550,640075,369176,237967,158644,111698,80794,56421,41096"
europe,2087,"0,0,0,0,0,0,0,0,1,59,338,1229,3541,8933,17174,26268,35634,45819,59901,84757,146182,284763,538035,952863,1713436,3223252,6071781,11036051,19293808,33420349,55431322,81584570,106417294,117381227,104410000,73322951,42971971,22729259,10857708,5080722,2471323,1246864,651436,377464,243312,162163,113949,82162,57271,41572"
europe,2088,"0,0,0,0,0,0,0,0,1,59,335,1211,3479,8796,16933,25888,35137,45183,59053,83236,143067,279400,530691,941675,1693312,3182538,5999188,10905038,19062677,33052644,54912013,81103604,106136605,117240949,104282610,73285546,42980191,22739591,10873231,5094667,2480964,1253340,655391,380040,245218,163634,115025,82990,57994,42170"
europe,2089,"0,0,0,0,0,0,0,0,1,59,303,1135,3261,8351,16338,25158,34362,44347,57899,81015,137509,267623,511311,911461,1634299,3065735,5770159,10510344,18447673,32053691,53505335,79527521,104787469,116881538,105169537,74633249,44058453,23414653,11282863,5290784,2573947,1299222,677173,389791,251457,167508,117534,84807,59784,43149"
europe,2090,"0,0,0,0,0,0,0,0,1,58,288,1108,3151,8167,16044,24729,33812,43648,56962,79595,134804,262479,503066,898632,1614952,3034209,5722808,10416069,18234441,31629322,52789583,78774320,104189043,116577975,105182083,74907489,44287175,23556631,11365142,5333235,2596040,1310370,683125,393417,253767,169144,118720,85717,60517,43767"
europe,2091,"0,0,0,0,0,0,0,0,1,50,284,1093,3094,8044,15821,24406,33386,43115,56266,78547,132865,259378,499331,893194,1606265,3015889,5684737,10338970,18109459,31434689,52439732,78304382,103791716,116258905,104948316,74792794,44258981,23556284,11377121,5346467,2604923,1316115,686581,393617,250608,165314,115054,82529,57961,41759"
europe,2092,"0,0,0,0,0,0,0,0,1,50,281,1078,3041,7802,15402,23960,32869,42474,55323,76910,129814,254388,490893,879647,1586311,2989639,5637122,10205589,17801008,30884190,51553409,77342556,102959905,116014271,105173808,75132745,44645504,23849933,11617735,5455597,2654407,1340849,698808,397721,253215,167069,116245,83330,58595,42223"
europe,2093,"0,0,0,0,0,0,0,0,1,49,280,1071,2970,7633,15091,23487,32258,41719,54328,75607,127754,252231,490406,880757,1588458,2984200,5613654,10144135,17631303,30454909,50795298,76490087,102340444,115608690,105074635,75372401,45005027,24053527,11743971,5528547,2694342,1362137,709335,402326,256356,169354,117938,84669,59580,43000"
europe,2094,"0,0,0,0,0,0,0,0,1,47,277,1057,2924,7514,14863,23158,31837,41188,53619,74330,124273,243734,475627,859096,1551424,2908307,5462831,9912076,17346559,30098001,50334955,75953221,102006051,115480893,105034265,75429985,45091207,24127875,11802404,5567065,2717452,1375655,717045,407204,259598,171612,119279,85614,60810,43621"
europe,2095,"0,0,0,0,0,0,0,0,1,47,273,1045,2822,7264,14437,22554,31138,40355,52569,72728,121794,240253,471835,853757,1541053,2887501,5416594,9824456,17146669,29650292,49507428,74964675,100843071,114897668,105093013,76026672,45580436,24555231,12044067,5684418,2779272,1409033,735444,415776,265011,175366,121885,87470,62225,44722"
europe,2096,"0,0,0,0,0,0,0,0,2,50,272,1040,2738,7082,14157,22186,30701,39749,51604,71048,118893,236669,467824,846696,1523292,2846935,5337134,9660671,16827514,29081160,48561011,73864233,99962350,114546155,105360315,76493165,46098130,24917852,12322180,5810551,2832274,1434318,748351,419592,267678,177999,124246,89461,63929,46149"
europe,2097,"0,0,0,0,0,0,0,0,2,50,249,1020,2633,6890,13941,21861,30263,39209,50942,70288,118255,240132,481381,870002,1555499,2877314,5344674,9605748,16646974,28714867,47907630,72973048,99103368,113892223,105285927,76838765,46443194,25153181,12451722,5887938,2877012,1461034,762843,428028,273092,181919,127081,91569,65529,47418"
europe,2098,"0,0,0,0,0,0,0,0,2,50,246,1003,2595,6738,13636,21526,29784,38601,50170,69281,116985,237883,478488,868897,1563090,2903818,5387797,9630504,16597244,28566632,47579185,72445642,98421122,113399581,104946077,76677493,46420218,25191986,12502920,5937459,2910534,1482361,775963,442302,286012,192182,135160,97913,70566,51446"
europe,2099,"0,0,0,0,0,0,0,0,2,50,213,944,2534,6583,13350,21110,29302,38042,49369,67975,114254,233001,471200,858246,1543331,2868078,5321661,9488076,16346749,28104252,46757021,71449196,97555835,112974395,105083405,77023365,46859376,25503275,12756995,6061443,2962461,1507389,788984,447973,289423,194598,136905,99294,71619,52296"
europe,2100,"0,0,0,0,0,0,0,0,2,48,209,932,2491,6462,13134,20782,28886,37549,48685,66728,111327,225887,458199,839671,1511209,2803333,5186558,9257192,16013221,27644721,46166034,70893813,97261866,112933836,105107005,77099397,46929021,25554180,12800382,6093445,2983716,1520262,796528,452752,292678,197101,138509,100448,73009,53058"
