unhcr_region,time,income_mountain_50bracket_shape_for_log
unhcr_americas,1800,"0,6,117,483,1437,3853,9706,21794,43601,93170,211290,442176,784083,1248663,1779333,2181591,2386931,2360166,2218477,2091873,1941753,1725897,1394072,1016637,677409,414805,231608,129816,68622,35399,18267,9280,4599,2279,1194,665,354,172,73,29,15,8,0,0,0,0,0,0,0,0"
unhcr_americas,1801,"0,6,117,485,1452,3893,9806,22071,44226,94664,214799,449361,796710,1269736,1810955,2222361,2433371,2398557,2248768,2109400,1944948,1718498,1395705,1022092,674805,412587,233038,131753,70420,37020,19624,10244,5218,2659,1405,781,415,211,96,45,24,13,5,0,0,0,0,0,0,0"
unhcr_americas,1802,"0,6,117,491,1467,3934,9921,22364,45014,97631,223013,464994,817119,1300507,1842683,2251301,2451270,2402899,2243876,2109517,1951292,1721311,1397446,1039972,698686,433025,247140,141465,77110,41088,21865,11496,5923,3025,1593,880,471,241,114,53,30,16,8,0,0,0,0,0,0,0"
unhcr_americas,1803,"0,6,118,484,1464,3939,9933,22435,45373,98875,225984,470603,825929,1315872,1866709,2281780,2486613,2437993,2279185,2138190,1977402,1754258,1428576,1048078,692567,423622,239133,135129,72207,37939,20102,10478,5331,2709,1428,795,422,213,100,46,25,13,5,0,0,0,0,0,0,0"
unhcr_americas,1804,"0,6,118,489,1482,3983,10049,22744,46358,102995,237155,491925,857071,1362020,1912863,2320961,2506905,2439830,2276319,2139417,1985317,1768343,1443039,1060032,701066,428924,242005,136708,73022,38358,20328,10587,5380,2731,1442,800,425,220,100,47,25,14,6,0,0,0,0,0,0,0"
unhcr_americas,1805,"0,6,118,493,1500,4028,10176,23077,47139,104853,241478,500438,870044,1379842,1935154,2346331,2532858,2462043,2290869,2158813,2005067,1771309,1441455,1075346,722471,447962,257332,148130,80995,43300,23168,12225,6300,3221,1706,948,507,266,130,62,35,20,10,0,0,0,0,0,0,0"
unhcr_americas,1806,"0,6,118,485,1493,4019,10156,23086,47689,108976,253353,523097,901703,1422898,1973615,2373203,2534820,2446522,2266233,2141536,2003431,1791775,1474962,1120653,755707,471671,271224,155683,85544,45816,24643,13033,6712,3422,1801,997,537,287,142,67,38,22,10,2,0,0,0,0,0,0"
unhcr_americas,1807,"0,6,118,490,1512,4072,10289,23459,48937,114028,265862,544369,930464,1464174,2014448,2412846,2563208,2461692,2277998,2156657,2019235,1800736,1478488,1126741,762453,476363,274570,158938,88042,47428,25624,13620,7089,3650,1937,1070,574,309,154,75,42,24,12,3,0,0,0,0,0,0"
unhcr_americas,1808,"0,6,118,495,1529,4124,10433,23875,50438,119834,280053,568568,965732,1512636,2057424,2440904,2566846,2460430,2292577,2184743,2066728,1873491,1530663,1128477,755516,463749,257428,143375,75477,38586,19653,9820,4730,2289,1192,671,355,186,77,32,15,9,0,0,0,0,0,0,0,0"
unhcr_americas,1809,"0,6,118,498,1549,4183,10585,24336,52169,126211,295141,593417,1001308,1561308,2106891,2490209,2605700,2483740,2307255,2198553,2067932,1843603,1506328,1132322,760982,471515,271079,156215,85548,45843,24571,12971,6652,3387,1787,994,537,290,141,69,38,22,10,1,0,0,0,0,0,0"
unhcr_americas,1810,"0,6,118,488,1528,4137,10494,24235,53036,131689,309556,617919,1038795,1610914,2153001,2526223,2621542,2482249,2293719,2188293,2070401,1864862,1541358,1181359,802068,501539,288945,167334,92690,49916,26949,14318,7439,3830,2024,1116,606,328,162,80,46,25,13,4,0,0,0,0,0,0"
unhcr_americas,1811,"0,6,118,489,1537,4164,10567,24546,54905,138942,326817,646644,1085307,1671154,2210685,2569336,2640782,2484376,2282699,2166938,2063292,1879915,1565690,1212002,835183,529357,309295,180479,101499,54875,29608,15762,8218,4210,2196,1195,650,354,181,92,53,30,15,6,0,0,0,0,0,0"
unhcr_americas,1812,"0,6,118,491,1542,4183,10619,24689,55343,140516,331286,656211,1101405,1695828,2243138,2607564,2681359,2524037,2330181,2231636,2126107,1928010,1601644,1232380,838341,524377,302126,175011,96900,52110,28102,14928,7756,3991,2109,1166,632,343,174,87,49,27,14,5,0,0,0,0,0,0"
unhcr_americas,1813,"0,6,118,480,1512,4121,10467,24355,54858,140766,334133,664173,1116349,1718646,2272739,2640391,2714027,2552128,2348230,2243596,2151946,1970914,1646505,1276898,881122,558312,325729,190277,106941,57663,31110,16584,8640,4421,2312,1262,692,375,195,98,56,32,16,7,0,0,0,0,0,0"
unhcr_americas,1814,"0,6,118,480,1516,4124,10484,24443,55158,142109,338379,673826,1133523,1746390,2311351,2688575,2766114,2600333,2392410,2276560,2174143,1994844,1679130,1307144,903819,575894,339312,199397,112838,61306,33230,17762,9319,4808,2527,1383,755,414,219,111,65,37,19,9,0,0,0,0,0,0"
unhcr_americas,1815,"0,6,118,481,1517,4133,10513,24523,55456,143439,342630,683407,1150665,1774353,2344877,2723103,2797619,2626446,2418482,2316301,2236610,2064799,1735333,1346709,927877,589094,345184,202030,113706,61287,33033,17587,9141,4664,2435,1328,726,396,209,105,60,34,17,8,0,0,0,0,0,0"
unhcr_americas,1816,"0,6,118,474,1489,4070,10372,24358,56691,150257,359897,712098,1196689,1828689,2395623,2758229,2809460,2631487,2437554,2367861,2301082,2129788,1794029,1386630,943052,589649,339043,194826,106974,57103,30640,16184,8325,4215,2219,1232,677,367,189,92,52,29,14,6,0,0,0,0,0,0"
unhcr_americas,1817,"0,6,119,474,1492,4081,10394,24385,56481,149970,360566,714785,1205182,1852112,2433925,2808982,2862900,2677784,2477275,2409360,2348368,2181578,1842122,1425729,970338,606876,348804,200407,109941,58628,31440,16619,8543,4326,2276,1263,698,379,194,94,53,30,15,6,0,0,0,0,0,0"
unhcr_americas,1818,"0,6,119,475,1496,4085,10416,24462,56773,151267,364549,722844,1217137,1872184,2462572,2844818,2905597,2724075,2528463,2468571,2411756,2234373,1881353,1459156,997910,625001,359738,208274,114642,61274,32845,17369,8984,4568,2400,1328,728,392,203,98,56,31,15,7,0,0,0,0,0,0"
unhcr_americas,1819,"0,6,119,476,1502,4108,10480,24638,57291,153106,369853,735141,1240376,1906200,2504310,2890646,2946801,2756686,2556112,2500037,2453784,2292446,1942674,1507514,1027093,642698,369517,212389,116521,62121,33318,17620,9056,4581,2412,1341,739,400,212,102,57,32,16,7,0,0,0,0,0,0"
unhcr_americas,1820,"0,6,121,472,1488,4088,10436,24523,57140,153588,372422,741494,1252636,1929754,2537901,2934247,2996789,2806985,2605397,2551727,2512311,2346399,1982030,1535521,1051383,658879,380367,219644,120797,64463,34501,18236,9380,4742,2492,1389,764,414,217,105,59,34,16,8,0,0,0,0,0,0"
unhcr_americas,1821,"0,4,103,433,1409,3899,9991,23779,56237,152860,373854,750102,1275411,1968651,2590953,3008023,3066864,2860323,2636087,2578114,2541866,2376155,2014977,1571670,1074339,673473,388385,225062,124299,66583,35872,19089,9941,5090,2689,1493,823,447,239,120,66,38,20,10,0,0,0,0,0,0"
unhcr_americas,1822,"0,4,106,440,1421,3929,10102,24050,56803,153799,375503,753841,1282376,1979345,2610281,3037493,3104478,2897393,2662594,2591647,2570317,2429788,2075042,1626949,1125333,716451,420025,245981,138261,74382,40112,21390,11137,5670,2959,1621,892,485,265,137,77,44,24,10,2,0,0,0,0,0"
unhcr_americas,1823,"0,4,108,436,1411,3921,10092,24062,56914,154472,377175,757103,1289240,1989887,2624935,3059359,3136367,2935101,2706322,2651676,2639504,2498129,2132964,1676576,1162993,739145,431738,252378,141664,76192,41081,21941,11464,5854,3064,1687,938,509,276,142,77,45,24,11,2,0,0,0,0,0"
unhcr_americas,1824,"0,4,109,704,3355,9731,25003,61507,142183,300244,556146,924290,1396061,2013314,2593638,2971735,3029030,2831161,2623958,2593751,2596748,2496581,2180374,1745938,1228717,791503,469207,274921,156278,84693,45699,24344,12690,6436,3324,1811,992,536,286,148,79,44,24,10,0,0,0,0,0,0"
unhcr_americas,1825,"0,2,91,670,3307,9648,24841,61437,142940,303052,562051,930749,1396245,2009123,2590155,2976952,3060617,2889804,2701941,2676451,2669121,2564874,2243433,1794266,1258880,807887,479999,281691,161312,88756,48716,26447,13973,7143,3674,1978,1075,578,314,165,87,49,24,11,1,0,0,0,0,0"
unhcr_americas,1826,"0,2,91,675,3334,9750,25109,61992,143883,305133,566442,938616,1405416,2016331,2603793,2997060,3089292,2923155,2721039,2688942,2688923,2610498,2313564,1877785,1342172,868115,519595,303815,174463,96430,53019,28789,15293,7863,4031,2159,1174,630,341,181,95,53,26,12,2,0,0,0,0,0"
unhcr_americas,1827,"0,2,93,689,3394,9929,25569,63123,146316,309651,572685,943970,1406233,2014149,2600959,2998744,3109228,2968463,2785356,2768223,2774463,2693973,2386935,1936511,1383632,894398,535324,313070,179814,99417,54632,29670,15763,8116,4158,2229,1212,656,354,189,97,55,28,12,3,0,0,0,0,0"
unhcr_americas,1828,"0,2,94,699,3451,10090,25948,63938,147809,312644,578563,953054,1415659,2022867,2613826,3019980,3140865,3011468,2837746,2836016,2853044,2771860,2456141,1992662,1423581,920066,550558,321999,184905,102220,56202,30532,16221,8346,4278,2298,1257,673,366,197,101,55,28,13,3,0,0,0,0,0"
unhcr_americas,1829,"0,2,95,711,3512,10264,26396,65063,150685,318709,589104,970580,1438994,2046565,2640408,3045154,3170573,3055014,2905067,2948700,2990513,2881940,2519090,2014628,1417406,911894,540801,317750,181079,98401,53335,28592,15054,7787,4091,2258,1271,696,380,208,108,63,36,16,4,0,0,0,0,0"
unhcr_americas,1830,"0,1,78,679,3465,10182,26252,65155,151874,322027,596097,980673,1450597,2058918,2649090,3049279,3179552,3072729,2909856,2914337,2951561,2902131,2616766,2155386,1566114,1023000,618844,358811,205376,114382,62343,33087,17219,8677,4341,2307,1255,669,363,196,102,56,29,13,4,0,0,0,0,0"
unhcr_americas,1831,"0,1,81,684,3503,10296,26584,66025,153952,326224,603394,992872,1471003,2086165,2667720,3042781,3140682,3027325,2884164,2894370,2961121,2965577,2736975,2282826,1690472,1136982,718723,421259,237617,132099,72166,37248,18370,8469,3756,1865,1008,539,289,152,76,40,19,9,0,0,0,0,0,0"
unhcr_americas,1832,"0,1,82,696,3522,10375,26762,66189,152936,321545,593707,982026,1457234,2076207,2672282,3061033,3160361,3030132,2876032,2876618,2964076,3014149,2847736,2419139,1836384,1258904,816110,485575,276618,150837,81430,41571,20287,9336,4095,1935,1034,549,295,153,76,40,20,10,1,0,0,0,0,0"
unhcr_americas,1833,"0,1,83,701,3565,10492,27071,66982,154845,325071,598584,987341,1464338,2091028,2692171,3081264,3170932,3029892,2885117,2891598,2985189,3067291,2950880,2550260,1953050,1348013,889395,537005,305576,163268,87467,44780,21529,9615,4065,1846,952,490,255,130,65,31,14,3,0,0,0,0,0,0"
unhcr_americas,1834,"0,0,67,671,3523,10414,26935,67016,155632,327141,603136,994295,1473891,2108027,2722335,3133546,3258238,3155963,3040033,3078170,3187404,3228238,3018713,2537492,1898353,1290633,827762,489719,277067,151754,81901,41753,20297,9227,3993,1906,1024,538,291,147,76,38,20,10,1,0,0,0,0,0"
unhcr_americas,1835,"0,0,67,679,3565,10567,27339,68046,157926,331558,611390,1006443,1487282,2124343,2740183,3154898,3273917,3157828,3043776,3080164,3209733,3290549,3131669,2669190,2023695,1387897,901167,538378,305802,164796,87721,44429,21389,9611,4129,1929,1029,545,288,148,76,36,18,9,0,0,0,0,0,0"
unhcr_americas,1836,"0,0,68,665,3466,10314,26661,66369,155209,333644,631438,1046498,1524989,2141061,2724412,3138871,3276912,3166848,3076985,3126449,3260757,3363328,3230893,2781879,2130651,1473139,970663,585363,332961,177501,94712,48380,23249,10402,4450,2022,1045,537,280,144,75,33,16,5,0,0,0,0,0,0"
unhcr_americas,1837,"0,0,71,452,2143,6457,16848,42877,107309,259311,543013,960491,1469356,2137333,2786240,3249787,3431721,3355118,3264760,3307238,3447444,3522333,3326551,2814433,2125716,1458595,947420,566758,324031,176083,94360,47982,23283,10601,4613,2183,1181,636,340,180,96,47,24,10,3,0,0,0,0,0"
unhcr_americas,1838,"0,0,56,344,1242,3698,9978,26435,72538,202994,476698,895881,1431936,2151812,2862165,3373696,3574032,3488222,3373983,3405347,3529314,3601096,3408245,2893548,2197741,1506864,976167,581390,331656,181075,97615,49812,24371,11251,4953,2337,1247,666,351,190,99,51,25,10,4,0,0,0,0,0"
unhcr_americas,1839,"0,0,57,348,1253,3723,10194,28475,80224,220470,501358,924894,1467434,2186659,2895912,3405307,3586389,3473188,3346596,3374694,3507033,3628406,3513792,3059837,2367748,1638192,1073528,643801,364416,193430,102598,52339,25200,11330,4914,2267,1176,604,312,163,83,42,16,7,0,0,0,0,0,0"
unhcr_americas,1840,"0,0,57,350,1255,3739,10300,29403,83922,229205,515060,940306,1482690,2195713,2906154,3436533,3672836,3625923,3548573,3618735,3764201,3831859,3603067,3035344,2284164,1558191,1000625,592217,335019,182507,97499,49130,23745,10783,4659,2175,1146,603,319,165,85,46,23,10,4,0,0,0,0,0"
unhcr_americas,1841,"0,0,43,319,1185,3578,9706,26304,73870,205990,482087,915045,1482066,2200286,2894636,3432377,3704460,3714542,3676809,3773182,3935556,3997168,3736341,3134552,2350352,1591439,1016877,599608,339848,188543,103193,53195,26232,12086,5296,2530,1364,733,383,201,104,55,23,10,3,0,0,0,0,0"
unhcr_americas,1842,"0,0,43,322,1200,3616,9832,26449,74035,206903,485733,923749,1496064,2222581,2925255,3475083,3774184,3819848,3818531,3943233,4112634,4150146,3831812,3182914,2355407,1586334,1002611,589292,333659,185993,101709,52621,26101,12130,5446,2697,1469,796,425,222,118,63,27,12,5,0,0,0,0,0"
unhcr_americas,1843,"0,0,45,324,1210,3676,9951,26231,73487,208415,493680,938379,1520907,2259065,2970567,3533972,3831205,3853784,3819459,3932890,4139226,4231194,3970688,3334537,2495033,1687889,1078363,636241,360542,199390,108831,56005,27579,12713,5610,2699,1450,785,414,219,113,61,26,10,4,0,0,0,0,0"
unhcr_americas,1844,"0,0,32,293,1140,3509,9541,25361,72258,208096,497182,948631,1539125,2287041,3004881,3575247,3854263,3834231,3768844,3857179,4075937,4244873,4116183,3555790,2720054,1875695,1232173,743601,424321,227820,121981,62553,30319,13650,5829,2637,1360,718,374,199,102,53,22,10,0,0,0,0,0,0"
unhcr_americas,1845,"0,0,33,293,1117,3469,9523,24625,68012,195652,476952,928579,1525204,2283193,3021718,3619439,3925647,3914886,3857382,3960281,4183770,4362691,4237300,3685151,2849298,1971971,1291827,775631,439743,233839,124234,63458,30640,13826,6009,2765,1420,749,389,205,107,56,23,10,1,0,0,0,0,0"
unhcr_americas,1846,"0,0,23,262,1046,3232,8956,23493,65658,190317,467804,922588,1530503,2303708,3058594,3676414,3992217,3972648,3891636,3983373,4227796,4443817,4362600,3828587,2997583,2091435,1385304,839363,480115,254872,135419,69531,33904,15552,6898,3192,1638,865,444,236,117,59,27,10,3,0,0,0,0,0"
unhcr_americas,1847,"0,0,23,258,1017,3165,8915,23525,64379,181103,441164,878703,1493531,2298853,3099389,3763292,4102322,4079662,3972530,4027745,4256777,4486915,4419505,3938572,3161712,2247351,1515083,925549,528458,277970,146920,74990,36243,16592,7295,3302,1689,909,468,247,122,60,28,9,0,0,0,0,0,0"
unhcr_americas,1848,"0,0,16,230,955,3041,8633,23091,63853,180412,440360,878354,1496112,2307723,3119168,3803060,4150634,4138769,4050850,4133445,4399564,4657109,4592695,4079876,3261106,2312989,1559526,948710,541195,285292,151090,77444,37596,17366,7798,3636,1897,1046,557,295,152,72,34,9,0,0,0,0,0,0"
unhcr_americas,1849,"0,0,16,233,936,2997,8556,23131,63785,177674,429867,857924,1482494,2314023,3157324,3886862,4263838,4268429,4205167,4305134,4588084,4827281,4729621,4162868,3295552,2325439,1550953,940858,532956,280034,148147,75293,36286,16579,7312,3354,1729,930,485,257,129,60,30,9,0,0,0,0,0,0"
unhcr_americas,1850,"0,0,10,201,845,2764,7992,21930,60229,166002,403222,818416,1437348,2280653,3156881,3927012,4343211,4354802,4286717,4365904,4655676,4936367,4858175,4313334,3450000,2453871,1662268,1021265,585728,307616,162453,82980,39930,18124,7886,3553,1826,999,519,271,141,67,35,10,1,0,0,0,0,0"
unhcr_americas,1851,"0,0,10,202,855,2773,7896,21530,59795,167567,404865,812561,1424192,2262089,3121020,3900042,4310158,4328250,4257887,4376787,4739221,5113969,5110743,4573687,3673994,2609984,1768726,1077660,616971,326200,171785,87493,41904,18973,8347,3846,1922,1038,534,272,137,62,28,1,0,0,0,0,0,0"
unhcr_americas,1852,"0,0,6,171,768,2575,7500,20847,59408,168717,411948,832025,1457695,2310481,3184082,3951667,4335938,4301914,4158199,4227088,4616528,5120439,5264492,4857985,3966097,2835514,1915899,1177114,674324,360885,190634,99839,49282,22527,9896,4611,2326,1264,666,343,173,76,30,0,0,0,0,0,0,0"
unhcr_americas,1853,"0,0,6,176,776,2621,7769,21966,64176,182871,445445,886324,1533863,2391407,3251463,3981036,4290266,4212164,4026941,4053724,4438797,4989421,5345622,5151027,4306516,3190488,2107714,1302672,733900,407588,223178,118387,60531,29363,13505,6455,3316,1777,945,491,243,115,47,10,0,0,0,0,0,0"
unhcr_americas,1854,"0,0,3,149,698,2462,7463,21426,64098,185317,455798,909581,1567909,2430407,3290951,4010749,4304544,4219881,4051131,4114201,4541683,5126606,5497936,5304570,4437508,3290203,2173919,1343383,757020,420608,230462,122348,62551,30331,13948,6675,3423,1842,978,504,251,115,49,12,0,0,0,0,0,0"
unhcr_americas,1855,"0,0,3,147,685,2408,7386,21468,66309,195000,477674,943130,1617234,2477502,3319994,4015281,4279602,4186233,4049519,4172801,4669465,5313686,5668335,5447261,4545719,3374677,2251525,1402829,803334,446972,243870,129854,66511,32256,14898,7191,3739,2040,1092,569,293,141,60,16,1,0,0,0,0,0"
unhcr_americas,1856,"0,0,3,148,686,2420,7367,21124,65616,197211,487070,962927,1644512,2515490,3370008,4100849,4413442,4349086,4174376,4247823,4700536,5328220,5744080,5566479,4673037,3476616,2304354,1427856,807530,450427,247726,132118,67913,33097,15310,7335,3760,2020,1076,567,288,136,54,16,0,0,0,0,0,0"
unhcr_americas,1857,"0,0,1,120,617,2192,6637,19167,61884,194687,485502,959909,1641782,2491303,3304665,3999373,4338363,4336003,4273363,4463657,5048770,5736337,6061717,5732148,4731873,3467534,2307786,1426946,816918,455456,249683,133299,68457,33218,15455,7553,3942,2153,1157,609,316,150,62,17,1,0,0,0,0,0"
unhcr_americas,1858,"0,0,1,123,624,2206,6571,18845,60173,188620,469806,931646,1610901,2472169,3310759,4037751,4421262,4456192,4376315,4510597,5049862,5757069,6173803,5931680,4935865,3658307,2440714,1519104,867984,486116,266953,143258,74170,36274,16884,8147,4208,2295,1239,663,344,168,71,20,2,0,0,0,0,0"
unhcr_americas,1859,"0,0,1,100,568,2033,6178,18302,62205,198361,491971,968332,1667258,2522710,3350793,4049996,4418182,4463690,4374401,4480784,5000736,5709550,6233573,6138664,5206813,3923366,2619006,1640997,928527,516422,284076,151222,77629,38130,17734,8438,4307,2317,1236,644,328,151,63,21,4,0,0,0,0,0"
unhcr_americas,1860,"0,0,1,101,568,2038,6116,17888,60795,196447,492632,975621,1680591,2529781,3343618,4031909,4409536,4481472,4409279,4491429,4998210,5718740,6305390,6318162,5465274,4191565,2792727,1757518,1000607,557319,306103,162566,84142,41680,19304,9081,4642,2501,1325,683,330,147,59,19,5,0,0,0,0,0"
unhcr_americas,1861,"0,0,0,81,516,1890,5811,17256,60576,201928,515205,1024571,1742415,2589532,3402855,4084696,4450252,4528380,4484711,4634760,5202796,5965194,6528838,6447487,5485644,4134573,2750506,1723173,977288,542950,296987,157311,80138,38709,17566,8185,4125,2208,1174,600,295,133,54,19,5,0,0,0,0,0"
unhcr_americas,1862,"0,0,0,81,517,1896,5862,17074,59183,202564,527159,1054338,1770893,2623715,3435152,4120636,4476135,4525720,4443205,4559390,5105618,5893394,6542790,6606709,5770412,4444908,2962670,1853265,1051787,584639,320936,170673,88753,44586,21149,10171,5254,2847,1520,779,375,158,63,22,7,0,0,0,0,0"
unhcr_americas,1863,"0,0,0,63,467,1820,5733,16644,58331,202321,530848,1064434,1783381,2629621,3425245,4095209,4436709,4451381,4325871,4384595,4866734,5716206,6620126,6929634,6264501,4869094,3246126,2031481,1160138,636488,338936,177732,91420,46010,22423,10997,5620,2928,1500,732,321,105,33,19,8,0,0,0,0,0"
unhcr_americas,1864,"0,0,0,64,465,1788,5587,16158,56785,197841,521201,1051685,1775343,2626499,3423310,4106745,4473096,4510862,4371368,4389905,4793643,5597399,6570494,7059009,6558478,5179878,3484177,2201393,1258528,675272,350775,181595,92536,45877,22144,10794,5483,2857,1488,752,339,116,31,19,10,6,0,0,0,0"
unhcr_americas,1865,"0,0,0,64,467,1768,5515,15743,52487,182103,487978,1000491,1707345,2564431,3377978,4098982,4520964,4639244,4610131,4755408,5315451,6159559,6941710,7141290,6351178,4943094,3304405,2073965,1180938,648285,352737,187755,96901,49628,24485,11966,6111,3239,1695,852,400,159,65,29,10,10,0,0,0,0"
unhcr_americas,1866,"0,0,0,48,420,1615,5095,14662,49494,173413,469939,970732,1674261,2535182,3349985,4078750,4523707,4676775,4696238,4883135,5469820,6320330,7100768,7302117,6493255,5073164,3398963,2135514,1216236,666728,363549,193765,99568,50845,25100,12254,6245,3308,1740,870,408,162,65,26,10,3,0,0,0,0"
unhcr_americas,1867,"0,0,0,49,420,1604,5019,14130,44996,153444,422697,897065,1582027,2465130,3320645,4101698,4583919,4728205,4705893,4816522,5352291,6305958,7310698,7650757,6904281,5357739,3571340,2240970,1279735,700662,372842,196064,100741,50301,24241,11795,6035,3161,1649,825,370,131,48,20,11,3,0,0,0,0"
unhcr_americas,1868,"0,0,0,36,376,1512,4797,13580,44011,152329,422596,899902,1589354,2473987,3329952,4115062,4603912,4751497,4721586,4811232,5312206,6255284,7315276,7784909,7145050,5636296,3804582,2397829,1383128,758123,403767,212540,109287,54676,26364,12769,6518,3407,1787,893,407,150,51,20,13,5,0,0,0,0"
unhcr_americas,1869,"0,0,0,37,382,1494,4757,13344,42131,145785,409650,886401,1567741,2441155,3284445,4051112,4548553,4695684,4688320,4800766,5291180,6262617,7391361,7988101,7498084,6005372,4095472,2595766,1504458,813368,423943,217517,111111,55775,26900,13010,6606,3443,1814,925,437,170,55,32,18,10,5,0,0,0"
unhcr_americas,1870,"0,0,0,25,339,1418,4632,13179,43238,157058,445017,954528,1658359,2525125,3347065,4089685,4554816,4681961,4676148,4857766,5501728,6598779,7748428,8238008,7552447,5949695,4015037,2527567,1456209,797929,424968,223653,115014,57482,27713,13450,6874,3582,1872,925,419,147,49,24,15,8,0,0,0,0"
unhcr_americas,1871,"0,0,0,25,343,1430,4689,13167,41701,150099,430110,937730,1640867,2515073,3358582,4120804,4603471,4721297,4685461,4830766,5410286,6496738,7715517,8380293,7872462,6320317,4329381,2751757,1598032,863544,451286,232206,118187,59144,28608,13865,7028,3640,1913,971,460,173,59,35,21,10,6,0,0,0"
unhcr_americas,1872,"0,1,29,121,533,1804,5424,14323,41580,141470,404821,898323,1596765,2477226,3343703,4131986,4668465,4822338,4790801,4931229,5516423,6637911,7911594,8579655,8088604,6509890,4470492,2823728,1622899,869417,449396,227663,115325,58046,28243,13812,6998,3573,1833,925,437,161,59,34,22,10,7,0,0,0"
unhcr_americas,1873,"0,0,60,229,760,2265,6412,16032,43848,144831,409388,908439,1614664,2496781,3361718,4137107,4672590,4840231,4805196,4926651,5463770,6552069,7889954,8698844,8368744,6850503,4797738,3052034,1763302,944237,491219,249743,126976,64423,31757,15673,7938,4017,2032,1025,497,205,82,44,29,10,8,0,0,0"
unhcr_americas,1874,"0,3,109,352,973,2691,7261,17514,44569,137884,386372,869604,1568360,2455839,3355644,4168089,4753092,4963491,4970837,5116735,5728866,6918090,8264257,8984806,8499879,6862453,4724594,2981744,1712285,913522,469943,237172,119819,60193,29227,14329,7300,3743,1926,973,467,180,68,40,27,10,7,0,0,0"
unhcr_americas,1875,"0,0,132,463,1187,3077,7932,18614,45589,135650,377675,856534,1560337,2461427,3403331,4259490,4895040,5121767,5087508,5168179,5670778,6752921,8129598,9023233,8744810,7200083,5033328,3185395,1840361,979033,504764,255166,129443,65557,32168,15838,8015,4049,2049,1033,500,205,78,44,28,10,8,0,0,0"
unhcr_americas,1876,"0,0,176,600,1463,3634,9087,21108,49777,137456,367175,827724,1522038,2435749,3436649,4359382,5055492,5288931,5213042,5253031,5772863,6902566,8305894,9186857,8861715,7310258,5132945,3259897,1892219,1009060,516994,257717,129003,64680,31140,14960,7428,3715,1877,941,450,175,65,36,23,10,9,0,0,0"
unhcr_americas,1877,"0,0,228,755,1763,4261,10377,23756,55089,147573,383128,849125,1551208,2485810,3517802,4472595,5180078,5388190,5286985,5276086,5748087,6875311,8344216,9356841,9141715,7573284,5318951,3360301,1935665,1022372,520952,258695,129246,64818,31269,15138,7596,3823,1928,968,467,184,67,39,25,10,9,0,0,0"
unhcr_americas,1878,"0,0,225,838,1957,4585,11028,24928,56241,143063,363964,804853,1484154,2417592,3494613,4518617,5330207,5624337,5546972,5500805,5886958,6908574,8370883,9388052,9170248,7658205,5463125,3516887,2080487,1126427,586528,296867,151253,77493,38172,18467,9092,4477,2234,1123,564,256,105,53,30,17,10,2,0,0"
unhcr_americas,1879,"0,0,145,803,2119,4866,11575,25932,57928,140714,345910,755740,1403351,2334427,3456401,4545622,5436551,5829851,5730770,5570401,5735246,6560813,7863484,9005067,9188364,8103135,6145683,4119404,2523047,1414891,759504,398383,201337,102503,52344,25587,12353,5927,2883,1489,857,488,254,133,73,37,14,0,0,0"
unhcr_americas,1880,"0,0,99,843,2481,5623,13131,29091,64056,149410,358015,782731,1469800,2448844,3620065,4740256,5622261,5910411,5664145,5311258,5280539,5885323,7147264,8553941,9368382,8893554,6991446,4843469,2988440,1708525,917635,475284,238259,117344,59342,29460,14571,7120,3482,1775,1086,667,399,220,123,54,18,2,0,0"
unhcr_americas,1881,"0,0,89,918,2732,6133,14134,31010,67839,156573,371188,808389,1515719,2520342,3711149,4834094,5683236,5924873,5628600,5254641,5243864,5881389,7211207,8652321,9492724,9130998,7267111,5094966,3176422,1849333,1009681,529986,270974,135959,69141,34390,17241,8661,4369,2286,1397,865,523,298,164,78,20,3,0,0"
unhcr_americas,1882,"0,0,55,907,2780,6251,14307,31216,67455,152045,356522,776922,1469035,2459266,3664240,4811851,5709779,6010496,5735227,5352891,5334955,5957676,7235883,8670455,9587419,9309659,7586833,5372066,3448707,2065223,1134640,600491,317409,161829,81990,40599,20240,10418,5617,3171,1920,1128,621,314,171,76,12,0,0,0"
unhcr_americas,1883,"0,0,83,1062,3169,7028,15763,34050,72696,159148,365594,794590,1507633,2520359,3746144,4922288,5814362,6090133,5775473,5366443,5360973,6014724,7353653,8848017,9815252,9552313,7802334,5529699,3547159,2122638,1163632,614206,324109,165184,83686,41407,20655,10647,5730,3239,1958,1148,636,323,172,81,12,0,0,0"
unhcr_americas,1884,"0,0,42,998,3028,6679,15035,32356,68003,148343,340824,740879,1420185,2400390,3620548,4775275,5725658,6141370,5955374,5611252,5578363,6196914,7558198,9090498,10097256,9863237,8096785,5770484,3691081,2192920,1197613,628519,327930,166473,84240,41581,20692,10564,5594,3089,1831,1063,587,304,166,78,17,1,0,0"
unhcr_americas,1885,"0,0,125,1302,3676,7933,17489,37044,76418,160135,369834,825380,1608837,2679882,3907397,4995384,5806240,6082946,5846328,5548235,5634266,6416265,7951566,9543658,10447252,10000847,8050696,5675960,3565180,2093863,1140875,600274,310736,158901,81741,40606,20313,10273,5311,2867,1709,1011,580,312,172,82,17,3,0,0"
unhcr_americas,1886,"0,0,119,1360,3834,8183,17909,37816,77477,158771,357203,792290,1551157,2619551,3882407,5032172,5873319,6186725,5996670,5732176,5836556,6614140,8114909,9695681,10598648,10182709,8256206,5851467,3713696,2193122,1195208,629070,326679,165834,84181,41572,20940,10826,5774,3191,1888,1079,591,300,162,76,17,3,0,0"
unhcr_americas,1887,"0,0,132,1518,4341,9353,20116,41991,84960,170289,381475,842193,1639019,2736738,4003465,5149037,5936373,6198937,5987350,5699283,5811958,6607770,8115551,9735618,10709003,10386452,8582720,6155080,3966349,2373896,1296864,684905,361492,183930,92805,45624,22636,11549,6158,3447,2045,1175,640,323,172,80,13,0,0,0"
unhcr_americas,1888,"0,0,246,1903,5209,11036,23241,47412,92600,181294,405688,889933,1713083,2822279,4098022,5216619,5950886,6203686,5985081,5709026,5826324,6645366,8290515,10097302,11225103,10890849,8855031,6275807,3946821,2311967,1251532,652882,334899,169461,86360,42470,21227,10837,5663,3070,1812,1054,593,311,168,78,21,3,0,0"
unhcr_americas,1889,"0,0,149,1731,5101,11060,23301,47588,93005,179384,392313,858948,1669138,2784528,4079473,5246514,6024246,6311483,6118597,5833477,5916578,6671633,8183015,9898243,11092332,10972982,9266658,6755085,4394699,2659852,1457574,766756,405680,206741,104448,51385,25282,12861,6853,3831,2248,1287,686,338,178,81,15,0,0,0"
unhcr_americas,1890,"0,0,79,1612,4797,10256,21682,44442,87494,167560,353760,775325,1540700,2651516,3986513,5253148,6142735,6493940,6334410,6034112,6104586,6874144,8440614,10194475,11378747,11227721,9471293,6901645,4483179,2704695,1476696,772804,407890,208160,105101,51634,25441,12939,6900,3866,2279,1317,713,358,190,90,19,1,0,0"
unhcr_americas,1891,"0,0,38,1548,4659,9871,20886,42741,84178,160519,328690,715735,1437075,2521969,3873744,5207213,6190697,6640487,6555010,6275547,6343535,7099876,8634358,10428619,11624876,11469762,9695355,7081584,4609241,2777480,1507054,791381,419027,212402,106431,51732,25159,12650,6691,3739,2199,1257,678,338,175,82,15,0,0,0"
unhcr_americas,1892,"0,0,182,1681,5657,12923,26777,53921,103746,193810,405686,869715,1683299,2824785,4153156,5396242,6222478,6563197,6391558,6062119,6060904,6709165,8109896,9841981,11318928,11502191,10179058,7822384,5288245,3339073,1907753,1016590,545321,281779,142552,70911,34772,17643,9186,5016,2901,1645,872,435,209,96,19,0,0,0"
unhcr_americas,1893,"0,45,613,3291,8964,18773,37717,73727,135903,258998,542262,1105797,2013322,3168611,4425807,5521526,6195662,6449189,6249790,5987319,6156543,7042746,8704981,10678640,12039339,11954192,10138924,7420219,4827336,2913235,1587975,830244,436353,221824,111859,54282,26421,13436,7184,4076,2435,1420,777,398,207,94,15,0,0,0"
unhcr_americas,1894,"0,51,711,3693,9741,20073,40055,77843,142769,269489,555634,1125337,2048086,3224409,4500209,5631400,6317981,6569567,6352289,6065940,6236292,7139218,8890549,10918070,12386653,12383440,10402820,7524264,4812234,2840733,1524133,784216,403011,202648,102111,49954,24859,12868,6854,3773,2188,1239,663,331,181,81,20,3,0,0"
unhcr_americas,1895,"0,2,238,2202,6949,15294,31339,62684,121122,223049,445589,922830,1759795,2937810,4267120,5554836,6429725,6801682,6662167,6351105,6421987,7226676,8776012,10648281,12114306,12187708,10711333,8164545,5489462,3430557,1941325,1035297,557998,290436,148480,74031,36318,18442,9597,5211,2966,1651,864,434,218,95,16,0,0,0"
unhcr_americas,1896,"0,0,467,3042,8847,18927,38238,75637,143574,263683,523854,1050437,1930560,3097008,4382616,5624466,6465695,6814653,6671882,6352657,6434341,7251225,8876525,10924261,12520336,12704043,11075395,8310383,5493145,3352029,1836529,958052,503352,254643,128381,62927,30461,15431,8206,4636,2762,1599,861,435,220,100,13,0,0,0"
unhcr_americas,1897,"0,14,578,3070,9443,20874,41871,82605,154932,284552,561511,1114721,2015343,3160169,4395494,5601533,6451897,6832697,6743661,6465444,6508111,7243517,8803568,10755168,12408501,12710999,11361127,8789837,5935489,3722483,2110194,1109058,587401,301143,151723,74954,36418,18488,9625,5256,3049,1740,920,459,224,101,20,0,0,0"
unhcr_americas,1898,"0,0,518,3012,9402,20833,41780,82254,154983,282270,546351,1070903,1941080,3079812,4333331,5592557,6534872,6957093,6886633,6617589,6661528,7406890,8985791,10988859,12683088,13013798,11650867,9027873,6101243,3820551,2160550,1135230,601486,308412,155532,76926,37268,18814,9649,5180,2956,1657,860,424,209,99,28,0,0,0"
unhcr_americas,1899,"0,16,649,2959,9813,22972,46159,91227,171123,311332,595489,1144261,2032561,3193629,4503576,5826582,6741181,7050854,6768957,6266825,6012459,6359028,7649058,9847152,12306829,13669997,13100121,10614386,7269710,4576812,2622951,1359216,690428,336613,160202,76894,36716,18959,9743,5001,2729,1554,820,417,187,92,34,5,0,0"
unhcr_americas,1900,"0,41,808,3443,11085,25630,51226,101194,188403,341986,647291,1213842,2118213,3304581,4661519,6001735,6881681,7135102,6822404,6321063,6080442,6457777,7790213,10060334,12516856,13865057,13336778,10813135,7377873,4631284,2642202,1360917,685589,330839,155939,74051,35069,18124,9336,4812,2641,1512,796,401,178,86,32,0,0,0"
unhcr_americas,1901,"0,0,502,2371,8834,22093,45152,89724,171626,312359,579301,1075865,1898378,3063676,4442161,5906809,6987932,7354838,7060794,6430358,5943808,5946301,6813623,8927717,11781801,14102587,14623615,12538419,8831735,5561519,3187532,1606935,771867,357031,158858,69712,30345,15234,8158,4301,2292,1301,656,298,105,50,18,1,0,0"
unhcr_americas,1902,"0,0,649,2776,10013,24742,50352,99669,188663,340701,633094,1174132,2050223,3257445,4667078,6111051,7084712,7350101,6983055,6343986,5891334,5968097,6913204,9101451,12049252,14390627,14915822,12796125,9029042,5686262,3261832,1645222,791178,365450,162147,71507,31363,15781,8384,4346,2280,1298,649,294,100,48,16,0,0,0"
unhcr_americas,1903,"0,0,685,2845,10227,25576,52195,102546,192640,345246,630688,1147232,1992047,3166008,4549450,6006574,7066581,7416898,7158800,6565158,6079255,6031059,6796407,8836530,11819258,14449048,15417505,13548028,9769751,6198473,3568097,1795950,854097,390831,172302,74682,31714,15211,8010,4228,2271,1292,666,309,116,55,20,2,0,0"
unhcr_americas,1904,"0,0,719,3063,10984,27053,54629,107016,200176,356542,647963,1172741,2027308,3211371,4602098,6065445,7131044,7478618,7233539,6672392,6243077,6312093,7279200,9545454,12583471,15024760,15579874,13405573,9494810,5987482,3443015,1736537,833842,386534,172481,76390,33398,16751,8870,4601,2422,1381,700,319,113,55,18,3,0,0"
unhcr_americas,1905,"0,0,755,3138,10921,27730,56680,110407,205444,366702,661253,1165243,1984585,3117861,4468501,5921179,7089837,7522369,7380024,6853458,6359218,6260949,6930850,8896129,11996647,14814250,16078211,14457941,10702895,6868038,4001287,2031556,968820,445956,197234,86575,36942,17169,8835,4527,2363,1326,689,323,131,61,23,6,0,0"
unhcr_americas,1906,"0,0,408,2343,8262,23091,50051,98123,186191,338821,627110,1145789,1975731,3111319,4451618,5887373,7096787,7612688,7487426,6935508,6358334,6111302,6636625,8244262,11043202,14124776,16101387,15352541,12285660,8314187,4927880,2535828,1173404,500563,204306,87399,39546,18019,9320,4473,1957,928,464,215,81,33,14,4,0,0"
unhcr_americas,1907,"0,0,540,2746,9345,25606,54854,106664,200507,365535,680585,1225441,2060748,3164898,4455555,5831041,7024199,7552104,7487959,7034565,6523703,6317152,6851844,8487488,11329657,14452096,16461055,15696964,12566879,8502650,5036761,2590714,1196457,509610,207813,88779,39999,18097,9368,4492,1978,936,466,218,83,34,14,4,0,0"
unhcr_americas,1908,"0,0,703,3200,11874,30072,61029,117966,221696,416815,801490,1431345,2302496,3376820,4599243,5883584,6992110,7494696,7461610,7089990,6717483,6785870,7665091,9898176,13200325,16118260,17289910,15306632,11112351,7064594,4063004,2040610,963226,437579,192237,83611,35110,16398,8485,4381,2312,1300,666,304,109,51,19,2,0,0"
unhcr_americas,1909,"0,0,452,2632,9615,26541,56482,110059,212150,406208,786974,1408363,2269173,3329240,4536303,5820591,6948356,7516486,7568767,7237413,6790258,6656175,7316651,9121004,12184458,15432078,17401780,16327247,12812261,8538440,4992124,2527948,1154430,489440,200349,85232,37238,16726,8723,4290,1991,1006,499,218,74,29,13,3,0,0"
unhcr_americas,1910,"0,0,474,2741,10014,27637,58617,114226,220682,418893,800570,1425468,2297763,3377924,4615527,5900168,6993466,7525157,7563549,7233525,6781133,6641603,7301974,9121620,12349077,15817770,17944524,16907896,13223209,8761758,5141822,2611368,1201628,520384,217821,93371,40261,17952,9443,4674,2203,1120,555,230,75,30,13,4,0,0"
unhcr_americas,1911,"0,0,200,1950,8152,23727,51772,103000,208372,410418,790452,1423474,2304746,3392976,4707245,6095566,7206078,7723389,7687877,7310948,6851333,6726924,7473931,9370620,12601570,16059243,18177523,17115244,13440659,8942654,5223426,2639369,1202435,511918,211802,90056,38597,16909,8841,4376,2083,1060,521,214,74,29,14,4,0,0"
unhcr_americas,1912,"0,0,398,2628,9665,27611,59994,118224,232540,444983,851147,1513040,2405656,3506319,4851795,6217564,7261163,7691939,7622846,7239386,6788981,6653999,7364713,9226879,12428381,15969255,18300762,17571327,14123435,9560168,5657403,2909519,1335018,567907,232606,99222,44121,19294,10012,4749,2087,978,498,210,78,32,16,5,0,0"
unhcr_americas,1913,"0,0,310,2420,10226,32702,76360,159532,328359,626119,1114777,1841996,2754726,3774156,4977787,6205262,7143289,7529644,7425650,7079820,6696810,6589974,7306300,9122314,12239407,15765721,18304970,17924148,14716757,10125693,6060762,3153184,1452140,617636,250377,104113,45754,19286,9937,4704,2035,900,449,192,72,31,14,5,0,0"
unhcr_americas,1914,"0,0,570,3328,15145,43427,95672,200916,410252,755198,1271374,1979806,2843337,3865909,5121127,6321503,7206249,7597363,7593478,7382005,7158497,7309377,8305785,10633225,14177333,17449100,18990915,17215289,12866851,8251322,4795497,2414871,1127061,511833,224607,97110,39895,18002,9363,4898,2628,1494,784,346,132,59,22,1,0,0"
unhcr_americas,1915,"0,0,454,3015,14220,41609,92259,193931,397614,738475,1258154,1986938,2885421,3920398,5187555,6409338,7282418,7703186,7701377,7500537,7302710,7455065,8438161,10752329,14321973,17664294,19279877,17546250,13165679,8448626,4890372,2450923,1137725,510850,222651,96613,39902,17953,9218,4744,2500,1402,736,331,134,59,24,2,0,0"
unhcr_americas,1916,"0,0,475,3136,13083,40693,94005,196884,403592,751211,1276782,1991523,2865708,3866104,5099963,6304623,7218715,7650424,7688243,7514770,7280338,7259402,8009571,9831457,12871127,16397574,18899765,18479623,15238858,10491829,6279184,3272878,1501980,639966,261887,109602,48156,20291,10391,4938,2174,968,472,202,77,33,11,3,0,0"
unhcr_americas,1917,"0,0,256,2467,11629,36997,84947,177535,365970,695947,1199930,1897357,2785440,3806987,5060931,6348064,7316473,7817600,7918305,7770522,7583831,7668375,8614287,10614441,13880699,17488777,19681461,18586387,14736687,9800528,5716226,2875357,1287931,539520,220174,92614,39405,16999,8856,4340,2055,1058,547,210,63,21,10,1,0,0"
unhcr_americas,1918,"0,0,516,3393,13522,42077,97414,202552,413334,758258,1265649,1941505,2785495,3833418,5116108,6369443,7338244,7795007,7912234,7811055,7579586,7564603,8260031,10037857,13043942,16532635,19141882,19074548,16084030,11287389,6845010,3639115,1686827,717423,291047,121092,53472,22828,11839,5698,2473,1064,531,229,99,42,21,9,0,0"
unhcr_americas,1919,"0,0,133,2054,8404,26723,62290,124441,241164,437775,773886,1393747,2314999,3480822,4930278,6462968,7706683,8402713,8549161,8439028,8150942,8071694,8724179,10485765,13432680,16800463,19352479,19237396,16211772,11383454,6905991,3679202,1708778,729616,297472,124578,55123,23553,12199,5926,2568,1099,546,241,109,45,21,10,0,0"
unhcr_americas,1920,"0,0,2,1203,6688,22666,53203,106394,205253,381190,670419,1205881,2065492,3161363,4567431,6220621,7777606,8804287,9039824,8914134,8603547,8465452,9085554,10899241,14025960,17514606,20132616,19705426,16248905,11170038,6667557,3474131,1580599,665347,269408,112373,48467,19687,10203,4962,2241,1055,558,263,120,56,27,12,5,0"
unhcr_americas,1921,"0,0,1,1252,7794,24714,55377,110494,213608,397797,699374,1244255,2107853,3200964,4556524,6173104,7850352,9051082,9360676,9280823,9029751,8935423,9649184,11659059,14944048,18556084,20915260,19743926,15604006,10329850,6042512,3056489,1370637,580563,241068,102846,42758,18171,9637,4908,2405,1256,648,295,125,57,27,13,6,0"
unhcr_americas,1922,"0,0,1,1038,6937,23308,53741,107895,209158,390729,684523,1211905,2063634,3152912,4487944,6093059,7770324,9038738,9429784,9358691,9116952,9005468,9681153,11613689,14934860,18567325,21111808,20340289,16461104,11118185,6547375,3364517,1514452,633966,259767,110780,47191,19232,10035,4959,2315,1153,600,282,129,62,29,14,8,0"
unhcr_americas,1923,"0,0,0,648,4556,18719,48030,98632,192535,364657,643358,1138204,1975509,3081839,4424983,6043921,7736613,9084831,9577729,9445223,9159649,8923520,9271595,10878130,13762243,17212705,20210826,20804020,18199973,13238562,8212787,4537333,2155541,925693,378860,158060,70900,30403,15381,7451,3096,1133,533,247,128,69,30,16,9,0"
unhcr_americas,1924,"0,0,0,873,5310,20790,52569,107547,219856,436099,787959,1384699,2301369,3448832,4788427,6277278,7704054,8749934,9220038,9175891,8983732,8907516,9399915,11076251,14027368,17550438,20624024,21263100,18625256,13564188,8412232,4644418,2205116,944450,386439,161353,72219,30638,15532,7525,3134,1155,546,244,125,68,30,16,6,0"
unhcr_americas,1925,"0,0,0,1162,6181,23158,57952,118882,247354,492932,874846,1454628,2253874,3385846,4815938,6316047,7709907,8737634,9253074,9347327,9190704,9106036,9598447,11250335,14265206,17904132,21040853,21693319,19027091,13849489,8577279,4728021,2238623,954773,389057,161723,71985,30467,15514,7547,3127,1101,482,191,74,28,9,0,0,0"
unhcr_americas,1926,"0,0,0,1209,5940,22690,58501,120188,235246,438770,748298,1255668,2009619,3136100,4651769,6300383,7926009,9098878,9640902,9691997,9407573,9175272,9442903,10859176,13650304,17214199,20662892,22078035,20113184,15198935,9649589,5451966,2667340,1153730,470785,194387,84676,34584,16125,8002,3519,1328,568,219,88,28,6,0,0,0"
unhcr_americas,1927,"0,0,0,752,4980,20736,54018,111069,215462,400947,679624,1136775,1868749,2984867,4601249,6403677,8155330,9404422,9984442,10008066,9703749,9417164,9722148,11250673,14142089,17917870,21421954,22600541,20277733,15041743,9428342,5270768,2537896,1088665,443989,183856,80638,33112,16062,7903,3356,1213,518,202,66,15,4,0,0,0"
unhcr_americas,1928,"0,0,0,266,3493,17143,45959,96107,188718,357769,620253,1032995,1735342,2790284,4357949,6217091,8010899,9370854,10093139,10204544,9969882,9719391,10058834,11600766,14438415,18334973,21948223,23153667,20810845,15492358,9740475,5454262,2629357,1133598,466632,194078,85559,35505,17304,8557,3579,1295,555,219,65,15,4,0,0,0"
unhcr_americas,1929,"0,0,0,276,3434,16267,46262,99075,194745,368782,637173,1066985,1813230,2907429,4505587,6390793,8176477,9481977,10157947,10209564,9920524,9616203,9822353,11187020,13896767,17631490,21483596,23485732,21883683,16828129,10796159,6156445,3045842,1325410,545229,226850,99183,40348,18193,9357,4162,1599,643,233,70,15,3,0,0,0"
unhcr_americas,1930,"0,0,0,838,6269,24427,61016,123860,240558,444394,741011,1252814,2103664,3327228,5065196,6954019,8643324,9783009,10277322,10242413,10004712,9847240,10523662,12379261,15669648,19808811,23251865,23783558,20571164,14708201,8978713,4870380,2262563,964800,396136,165531,71613,28006,14153,6845,2883,1103,497,184,51,10,1,0,0,0"
unhcr_americas,1931,"0,0,0,1457,9578,31685,73081,146144,281537,510078,837802,1407630,2320330,3661044,5499889,7399845,9078038,10225332,10655609,10626355,10411790,10360404,11292295,13444519,17125566,21205677,24233756,23520517,19154599,12948797,7614999,3909519,1734909,719609,290906,121425,49364,18504,9828,4913,2272,1102,551,216,61,17,3,0,0,0"
unhcr_americas,1932,"0,0,0,1727,13523,35901,74743,152948,296102,535974,893880,1546073,2559753,4005956,5982677,7943693,9577437,10726130,11117221,11104937,11030635,11423524,13033939,16192311,20339318,23907382,24818612,21659397,15487527,9599001,5387889,2582766,1166645,519223,225667,95812,36408,17608,9567,5015,2668,1478,738,318,115,54,11,0,0,0"
unhcr_americas,1933,"0,0,0,2134,13966,33861,67845,139458,271360,500373,841514,1436684,2420543,3792815,5694678,7692793,9444288,10730374,11325751,11535441,11806371,12615492,14601574,17973934,21791498,24681264,24613633,20740545,14416805,8808089,4861011,2318376,1065476,482281,216637,95708,38152,19012,9850,5086,2698,1495,764,344,142,65,13,0,0,0"
unhcr_americas,1934,"0,0,0,541,10649,29735,61143,126269,247826,463493,792516,1339927,2273321,3575898,5444502,7534758,9370333,10714125,11396015,11518741,11510893,11872498,13357335,16387990,20555192,24374048,25774137,22983212,16789542,10506775,5953638,2888488,1295762,571302,248032,105918,40504,18230,9775,5054,2603,1422,715,284,87,36,4,0,0,0"
unhcr_americas,1935,"0,0,0,337,7617,26894,61035,125590,246992,464560,794901,1325826,2234113,3511180,5340457,7403698,9241633,10589197,11235805,11389969,11362405,11474101,12579564,14926185,18725893,22833980,25726809,24627156,19650343,13023466,7582805,3835101,1688547,706301,291901,122979,48359,17820,9583,4878,2347,1167,581,218,60,19,2,0,0,0"
unhcr_americas,1936,"0,0,0,10,4271,20388,51248,106733,212888,403971,711694,1179303,2019957,3233619,4946056,7096213,9077534,10604927,11517068,11812461,11813574,11748798,12465795,14449094,17836595,21677420,24892304,24973028,21182401,14872252,8941845,4791639,2177955,915567,373881,155816,65399,23797,12206,5934,2571,1035,507,200,62,20,2,0,0,0"
unhcr_americas,1937,"0,0,0,8,3057,18432,50697,108094,217414,418901,747773,1248732,2136264,3382892,5081203,7192867,9134743,10597825,11487429,11747561,11704974,11518504,11863416,13497361,16540072,20374281,24061262,25388161,22788900,16950554,10580932,5909191,2806034,1183506,479950,197067,84143,31849,14874,7361,3135,1119,505,204,70,24,4,0,0,0"
unhcr_americas,1938,"0,0,0,8,3992,20290,50847,106103,214626,416881,755982,1271245,2177908,3448281,5140638,7256505,9179654,10622578,11536935,11893020,12010168,12063727,12802527,14764684,18188551,22208749,25570844,25733149,21904672,15390392,9250744,4947501,2246491,945618,389527,163359,68725,24557,12486,6075,2710,1161,589,266,97,42,19,10,1,0"
unhcr_americas,1939,"0,0,0,6,3679,20327,54249,114336,231535,462058,856205,1443158,2407090,3715231,5406148,7412928,9209038,10502299,11300723,11659516,11888294,12030599,12607144,14355657,17483732,21464712,25138931,26119141,23085061,16843891,10365797,5704603,2654414,1114611,454907,188489,80513,29619,14063,6751,2844,1056,517,248,100,55,34,19,10,1"
unhcr_americas,1940,"0,0,0,6,3144,18208,53455,117130,238641,481469,901698,1540937,2607224,4044709,5736118,7630333,9315055,10475340,11224868,11561845,11768959,11846629,12087163,13491822,16198810,20035633,24172435,26399829,24639004,19024136,12154268,6915311,3377364,1438656,586548,241971,102430,37981,15618,7899,3585,1400,595,265,94,41,24,13,5,0"
unhcr_americas,1941,"0,0,0,7,2118,12729,43873,105080,213992,428361,810136,1385331,2376376,3814467,5511170,7480464,9362198,10754452,11642052,12009086,12058977,11902854,11617044,12298939,14328150,17990354,22513485,26307963,26304370,22069956,14987129,8775541,4547188,1989065,810222,325037,135814,53046,16934,8695,4101,1649,624,270,101,46,25,10,3,0"
unhcr_americas,1942,"0,0,0,5,3395,14330,49390,121367,246277,486769,893438,1501501,2540416,4007106,5710043,7669773,9604820,11097770,12013051,12318009,12271590,11910048,11324333,11568402,13201281,16357016,20797808,25407902,26895683,24087568,17414657,10505901,5664656,2548898,1036152,408795,167209,67130,21543,9336,4476,1876,704,283,102,35,13,0,0,0"
unhcr_americas,1943,"0,0,0,5,1785,9896,37531,100690,213868,428501,813362,1385390,2345088,3795951,5531044,7588227,9712764,11423821,12533024,12928600,12748126,12267686,11499258,11315231,12608294,15339142,19510735,24225558,26984103,25531381,19715343,12377668,6913249,3269151,1341391,526637,210921,85944,29027,10050,5072,2243,872,338,115,34,8,0,0,0"
unhcr_americas,1944,"0,0,0,5,1431,9103,34038,95847,209472,413266,774441,1303912,2180828,3576013,5285167,7322222,9592898,11570926,12899243,13363327,13149222,12691273,11810423,11332288,12332224,14800793,18904474,23681801,27221275,26589633,21449128,13905213,7901534,3871356,1601589,627268,246561,100062,35420,10090,5116,2284,898,341,109,29,10,0,0,0"
unhcr_americas,1945,"0,0,0,3,1483,9440,36093,100444,217407,428526,799913,1338886,2229881,3645000,5371743,7441161,9770480,11788298,13117828,13592274,13432361,13061453,12275252,11950604,13121825,15775410,19920217,24632096,27779983,26655199,21020693,13387115,7553564,3639511,1496949,588205,233783,95277,32696,10138,5102,2346,914,346,120,31,9,0,0,0"
unhcr_americas,1946,"0,0,0,4,534,7302,32848,87668,185968,369936,703577,1209583,1996076,3317983,5020768,7056264,9466072,11690195,13279922,14066258,14073458,13957936,13457818,13497529,15023341,18189491,22681365,27407993,28958946,25894359,18737189,11297568,6103032,2740113,1108794,437102,178109,70666,21277,8813,4070,1725,667,246,86,21,10,1,0,0"
unhcr_americas,1947,"0,0,0,2,557,8189,34811,90018,190180,379448,723322,1243946,2046812,3387717,5096050,7126721,9569576,11884152,13602170,14465210,14563253,14515427,13938765,13945400,15410791,18658795,23448470,28288914,29570095,26008472,18535469,11102979,5948919,2655020,1086783,436840,181070,71496,20987,9338,4341,1818,700,281,108,41,22,11,2,0"
unhcr_americas,1948,"0,0,0,2,39,5218,27979,75624,162343,330368,640365,1141057,1876110,3144222,4861236,6893472,9421580,11897962,13746335,14900653,15050319,14947752,14426584,14306008,15645138,18725329,23378825,28389587,30203652,27075336,19687884,11924417,6473847,2928927,1201015,483003,199906,80671,24374,10211,4715,1996,867,369,177,71,44,25,12,5"
unhcr_americas,1949,"0,0,0,2,34,5119,27507,70344,149400,307454,598889,1086987,1793862,3013158,4747986,6811382,9416345,12034163,14030288,15360453,15687010,15601417,15246470,15376606,16969128,20352479,25204350,29942708,30709211,26506395,18525238,10986157,5805683,2556918,1047926,426397,178577,70418,20734,10014,4684,2022,932,428,216,85,51,30,13,5"
unhcr_americas,1950,"0,0,0,1,35,3425,24839,69776,151781,312099,608634,1111032,1822614,3013001,4731217,6752065,9300199,12008574,14176582,15608302,16062416,16016910,15558089,15296168,16492714,19368375,23811733,28930445,31183182,28444878,21127299,12927376,7096707,3243375,1318045,522361,213289,84858,25330,9613,4536,1991,888,380,141,35,15,6,0,0"
unhcr_americas,1951,"0,0,0,0,32,2539,21335,65388,146781,304216,595878,1099484,1807572,2959546,4669778,6696796,9245499,12054985,14367103,15931524,16450800,16348199,15830770,15342114,16291360,18847589,23107205,28364946,31583307,29807511,23186259,14622936,8215855,3898841,1598392,631660,254119,102816,32763,10804,5226,2298,976,451,186,64,32,19,4,0"
unhcr_americas,1952,"0,0,0,0,32,1561,17560,57526,132141,278635,551522,1036059,1728920,2817397,4510111,6543722,9074851,11964506,14427794,16202436,17042028,17012118,16544445,16007122,16773041,19138533,23213070,28412110,31937555,30569022,24291641,15545855,8814943,4255753,1746690,690114,276314,111478,37061,11037,5332,2350,1023,516,227,91,50,32,9,0"
unhcr_americas,1953,"0,0,0,0,24,1617,18174,59290,136620,289146,574301,1080315,1803077,2946009,4715193,6823545,9449149,12417543,14863948,16555692,17311432,17205268,16722369,16182048,17022372,19468939,23617706,28999047,32672037,31283391,24892539,15937020,9034703,4355941,1783837,704478,281508,112975,36792,10723,5180,2285,1032,574,222,89,47,29,8,0"
unhcr_americas,1954,"0,0,0,0,21,815,15965,53737,124308,267604,537331,1024146,1741054,2812705,4541277,6674709,9277125,12367888,15072767,16972708,17969069,17930587,17513434,17000364,17711860,20177615,24421979,29698522,33354130,31889800,25333570,16221660,9203518,4451644,1828705,723610,289213,115970,37224,10571,5135,2210,935,508,165,38,12,9,0,0"
unhcr_americas,1955,"0,0,0,0,12,281,12744,47378,112482,244601,499124,970222,1699485,2727187,4393262,6554318,9116852,12243283,15115704,17159925,18354383,18392628,18004721,17480746,17996878,20202114,24312733,29809388,34071975,33127388,26974841,17629291,10096425,4979966,2058085,812138,322577,128741,42281,10408,4982,2093,845,469,174,29,10,10,1,0"
unhcr_americas,1956,"0,0,0,0,6,273,13197,49174,116570,252596,513980,1002949,1769971,2847897,4561843,6751996,9332111,12485321,15395657,17427091,18631892,18773604,18444424,17939473,18487933,20671520,24718653,30396064,34858494,33926300,27705016,18149014,10409033,5133722,2117500,835163,331812,132215,43026,10394,5010,2077,812,455,179,31,10,7,0,0"
unhcr_americas,1957,"0,0,0,0,1,78,11325,44929,105875,231056,476980,945853,1721423,2784469,4426730,6594281,9156402,12332359,15389333,17600451,19053697,19401678,19196534,18835730,19379590,21473746,25507928,31217939,35751398,34768086,28391867,18614917,10684770,5278733,2181329,863191,344088,137142,44706,10879,5186,2136,811,449,199,23,1,0,0,0"
unhcr_americas,1958,"0,0,0,0,0,67,11099,43303,97728,214407,448210,892174,1651911,2700784,4305119,6504751,9124274,12426329,15691884,18101750,19726666,20227041,20064023,19803617,20411118,22531044,26765878,32662418,36923342,35413466,28313168,18236534,10386431,5036015,2070810,825051,331824,131209,40613,10299,4860,1986,765,443,169,19,7,5,0,0"
unhcr_americas,1959,"0,0,0,0,1,71,7237,36563,88782,195099,416874,840764,1585292,2636714,4215774,6486462,9177683,12586185,16058507,18595962,20339713,20985011,20691654,20241132,20574922,22389329,26302525,31913538,36750642,36224791,30212845,20207093,11708473,5909499,2460509,971618,386138,154043,51726,11193,5322,2173,810,437,182,14,0,0,0,0"
unhcr_americas,1960,"0,0,0,0,1,70,5148,32059,80799,178016,385629,778838,1476025,2485754,3957760,6194103,8923285,12354687,16077619,18934280,20846911,21667590,21383500,20894889,21113655,22671481,26475989,32016878,37226041,37317815,31709387,21660426,12666885,6538147,2763076,1096898,435211,174270,60704,12285,5572,2261,861,484,211,23,12,9,0,0"
unhcr_americas,1961,"0,0,0,0,0,54,4348,28425,71357,155024,341390,701019,1333008,2284594,3615593,5771261,8562203,12052850,16095304,19373472,21586217,22657069,22404341,21827241,22014135,23384885,27084474,32727245,38133534,38330077,32588598,22311156,13064321,6754805,2859577,1140291,455299,183472,63752,12789,5822,2320,856,478,237,22,7,9,0,0"
unhcr_americas,1962,"0,0,0,0,0,44,3302,25766,68068,148141,328780,678982,1296050,2241740,3567260,5724260,8569754,12136180,16338156,19767809,22078864,23277659,23039196,22357346,22451313,23747949,27260731,32742341,38386674,39087931,33855430,23676807,13994606,7371372,3160171,1258477,500330,201866,71213,15087,6281,2596,952,495,298,28,2,8,0,0"
unhcr_americas,1963,"0,0,0,0,0,39,2340,26032,71685,156993,347871,719185,1381274,2382154,3743850,5941853,8824879,12378170,16592032,20130039,22606244,23814971,23562437,22904181,22852106,24000583,27213783,32479370,38375642,39615903,34980585,25064593,14985742,8032669,3491481,1387578,549751,221550,79824,18318,6704,2746,990,492,340,34,5,7,0,0"
unhcr_americas,1964,"0,0,0,0,0,35,649,21663,66374,148780,332713,694484,1342073,2340624,3655164,5734931,8565087,11990296,16169873,20004665,22862749,24319784,24238986,23565869,23298953,24089228,26859154,31880593,37972190,40491045,36884775,27627987,16943771,9360339,4239501,1698895,674554,272781,102140,26208,7787,3315,1211,519,401,71,11,5,1,0"
unhcr_americas,1965,"0,0,0,0,0,23,149,20401,65510,149011,333594,698277,1355159,2379745,3725247,5832690,8706754,12192951,16436810,20391934,23387124,24848215,24722875,23990575,23516901,24120135,26637416,31539440,37868609,41175340,38132721,29286115,18267874,10240830,4752351,1922477,769377,314182,120857,32778,9163,4008,1480,609,468,120,20,0,0,0"
unhcr_americas,1966,"0,0,0,0,0,30,153,15323,59321,140944,317541,672976,1316547,2338629,3671936,5749577,8644770,12146907,16460808,20575205,23746505,25410772,25378856,24571817,23910940,24257488,26303504,30760231,36986816,41263761,39368397,31580141,20399553,11662449,5653361,2306970,921482,373572,147037,44785,10594,4589,1684,662,511,134,27,1,0,0"
unhcr_americas,1967,"0,0,0,0,0,18,117,12628,54874,133725,303998,654372,1289940,2313855,3644816,5680705,8562229,12073557,16358431,20637031,24111599,26047693,26183238,25386390,24668226,24848124,26583735,30867764,36931175,41533055,40144974,32834089,21599873,12447509,6169611,2537273,1009957,407197,161173,51558,11091,4853,1780,672,525,158,23,2,0,0"
unhcr_americas,1968,"0,0,0,0,0,19,114,9187,47617,119807,272156,596104,1188110,2175455,3496742,5440900,8327804,11913217,16280815,20822457,24626471,26869130,27158510,26282193,25431173,25371700,26698833,30728716,36687720,41780109,41016352,34233517,22989669,13370598,6783182,2822957,1125116,454300,181806,60355,11909,5231,1936,709,518,143,23,3,0,0"
unhcr_americas,1969,"0,0,0,0,0,14,103,6304,40902,106855,243625,545057,1103967,2053006,3363756,5224101,8100791,11711685,16106916,20876104,24899821,27422933,27948704,27088007,26143482,25889335,26881697,30591251,36487953,42130598,42078305,35835630,24623121,14459263,7497614,3161756,1261792,508495,204505,70364,13330,5617,2104,761,536,176,26,4,0,0"
unhcr_americas,1970,"0,0,0,0,0,10,95,6577,37511,92829,208921,477191,989598,1871991,3177264,4977412,7844130,11533644,15889666,20833034,25089444,27802869,28717180,28056006,27333852,27445120,28525369,32250481,38305690,43739656,42988324,35893758,24188945,14092312,7173379,2996365,1201292,488054,196659,64307,12697,5692,2091,728,504,224,20,3,0,0"
unhcr_americas,1971,"0,0,0,0,0,6,86,5199,30672,80081,177433,410788,873079,1677050,2917147,4602524,7298818,11030485,15435301,20608310,25285699,28419020,29702941,29292871,28363285,28325704,29121027,32458298,38338484,44147800,44074469,37501513,25818511,15170360,7883904,3332461,1334966,539912,218481,73593,13751,5874,2179,770,527,252,20,3,0,0"
unhcr_americas,1972,"0,0,0,0,0,0,68,2741,23403,68064,149093,350531,767366,1503730,2669920,4286993,6775877,10465191,14910638,20163508,25199853,28791411,30394805,30374851,29228016,28900748,29398962,32085630,37536988,43815889,45098129,39741218,28598267,17147524,9245889,4029985,1611599,648000,262906,92850,19182,6542,2490,884,570,288,31,5,0,0"
unhcr_americas,1973,"0,0,0,0,0,0,46,1686,19454,56809,121923,287751,650036,1312037,2367558,3903042,6167373,9746636,14301318,19654137,25076126,29201068,31147844,31612312,30436667,29862188,30260566,32484043,37535502,44035528,46033771,41225333,30403863,18470946,10131263,4504162,1805773,726280,295239,107685,23142,7187,2788,984,588,359,33,6,0,0"
unhcr_americas,1974,"0,0,0,0,0,0,30,1680,19500,52556,110094,257130,587477,1206668,2208329,3690913,5822396,9247428,13813049,19171516,24876080,29424312,31801079,32647974,31711833,31120255,31496495,33452626,38321498,44960199,47117086,42188909,31177820,18971588,10428857,4649335,1870387,755365,307080,113282,23379,7304,2889,988,548,403,22,4,0,0"
unhcr_americas,1975,"0,0,0,0,0,0,17,2777,21986,53827,109274,253805,578998,1193391,2186789,3675000,5814540,9234057,13935433,19357108,25150013,29947082,32524292,33507770,32767150,32391279,32977584,35038349,39922170,46523101,47927064,42182219,30534035,18369118,9959448,4358650,1751529,708814,288256,103699,19813,7116,2834,928,495,437,23,1,0,0"
unhcr_americas,1976,"0,0,0,0,0,0,6,693,18177,47218,94203,212858,491200,1045231,1967264,3374439,5416431,8633879,13369316,18937930,24942681,30248339,33288124,34454407,33934514,33026210,33408969,35011896,39300766,45878276,48464355,43983878,33188248,20462702,11395283,5174425,2077609,832385,338013,126104,28860,7828,3289,1096,488,487,59,3,0,0"
unhcr_americas,1977,"0,0,0,0,0,0,0,79,16159,44211,88447,198813,463877,1001366,1909071,3292031,5321897,8498337,13235903,18950958,25190791,30713491,33958483,35249956,34836542,33588306,33679148,35008963,39073370,45720360,49156222,45331493,34984556,21917590,12347340,5733113,2310922,923153,374515,142736,34218,8085,3479,1171,476,482,91,3,0,0"
unhcr_americas,1978,"0,0,0,0,0,0,0,39,11433,38919,82953,184455,432628,944896,1828327,3188739,5164031,8201613,12871946,18599275,25007918,30904537,34757287,36337717,36052905,34456376,34218176,35009349,38460519,44686203,49062855,46589188,37445813,24256936,13898467,6732624,2727964,1078990,430732,166099,45598,7789,3294,1111,510,481,78,4,0,0"
unhcr_americas,1979,"0,0,0,0,0,0,0,16,11489,38538,80614,176356,410429,898662,1753675,3090815,5016566,7883803,12491499,18292149,24684301,30894866,35371311,37209976,37182242,35653997,35442296,36129128,39300719,45580861,50249861,47726014,38385215,24903713,14288429,6938210,2816975,1116860,446119,171432,45854,7157,2948,989,479,491,62,3,0,0"
unhcr_americas,1980,"0,0,0,0,0,0,0,0,11603,38366,73919,159329,367993,814313,1611601,2858820,4706206,7392915,11816026,17707771,24114800,30666753,35894932,38205762,38618378,37347466,36998990,37686533,40624448,46751818,51356800,48696432,39138003,25383449,14568258,7080458,2877270,1139729,469570,219176,109193,55417,28705,15176,8181,4488,2496,1398,792,449"
unhcr_americas,1981,"0,0,0,0,0,0,0,1,13038,41625,87109,193350,447630,967011,1856937,3247547,5235446,8082889,12684729,18595111,24874550,31329480,36655952,38980616,39051748,37786247,37859087,38581238,41370230,47618397,51921491,48938839,38948135,25029468,14297397,6855414,2756102,1083669,447618,211907,105831,53846,27953,14815,8004,4400,2450,1383,775,442"
unhcr_americas,1982,"0,0,0,0,0,0,0,9,6138,28854,79160,210955,508461,1091301,2071319,3571322,5723363,8801345,13564447,19095085,25450061,32666627,37260340,39263578,40132697,39332476,39267859,39404920,40838177,46461459,51472169,47792905,38545388,26409712,15077909,7334898,2994436,1214451,525072,254761,125045,62437,31777,16507,8740,4722,2588,1430,798,451"
unhcr_americas,1983,"0,0,0,0,0,0,2,26,12148,33609,95163,250402,595878,1261961,2420212,4268335,6839717,10790260,16077673,21946003,28792067,34733186,38079595,39720966,39486588,38496007,38006922,37313821,39293530,44966499,49498649,47824918,39003197,27278659,15897161,8254435,3531196,1422872,587041,256944,126151,63002,32065,16658,8834,4778,2617,1451,811,456"
unhcr_americas,1984,"0,0,0,0,0,0,2,29,14869,47402,123430,276636,622479,1277290,2368141,4060564,6476714,10401653,16075557,22418800,29290582,35946314,40068023,40876561,40031841,38768807,38184982,37278693,38478316,44195208,48845384,48098535,41115126,29293035,17490309,9081445,3841486,1580464,676975,303457,147112,73098,37000,19115,10071,5419,2964,1635,912,513"
unhcr_americas,1985,"0,0,0,0,0,0,1,14,16561,53490,150022,319550,657220,1270928,2239818,3734527,6005107,9582699,15084007,21473933,28355711,35692653,40586412,42417493,42287989,40908787,39800301,37706587,39163742,44748958,49883548,49028862,41784365,30383507,18236256,9604051,4223581,1743764,731538,324825,155027,76625,38576,19797,10377,5547,3022,1652,922,513"
unhcr_americas,1986,"0,0,0,0,0,0,0,8,15702,48877,109508,241401,502520,950566,1632044,2578852,4062864,6731209,10974891,16986682,24479660,32230702,39178106,43851130,45918608,45034623,43427591,42095871,41098443,46242171,52106533,51108695,44352197,33381321,20549290,10841441,4725581,2004961,880643,397928,188179,92025,45759,23188,11998,6328,3398,1850,1017,567"
unhcr_americas,1987,"0,0,0,0,0,0,0,442,21679,50304,128980,299087,633784,1226182,2157316,3507531,5615173,8728509,13520369,19889512,26785628,33997311,40995983,44270474,45688679,44038694,42030128,40883382,40443669,43812846,49649582,50822176,45133996,34157194,21072027,11441490,5009969,2069156,882815,399889,189430,92412,45829,23146,11931,6274,3360,1820,997,553"
unhcr_americas,1988,"0,0,0,0,0,0,0,2879,15822,45429,144835,348142,734372,1391945,2411151,3882443,6059477,9098885,13752619,20035841,27126569,34603246,41944517,45811478,46606843,45121296,42583844,41006291,40776138,44465143,48853835,50025647,45448838,34231601,22249050,11722242,5631011,2460119,1052751,480670,226596,109001,53200,26388,13342,6872,3605,1915,1034,557"
unhcr_americas,1989,"0,0,0,0,0,0,0,1323,13835,39434,138391,344177,729354,1372913,2362025,3779351,5875408,9126503,13600180,19534513,27120000,35278852,42951853,47050733,48093487,46459552,43987717,41519283,40801593,45279785,49956175,51605011,45032784,34075778,22675194,12001315,5845689,2656327,1225344,598663,297879,139548,66428,32000,15654,7792,3924,2008,1043,548"
unhcr_americas,1990,"0,0,0,0,0,0,0,325,15660,47699,153712,377454,802751,1527783,2661967,4321695,6925690,10750604,15462837,21735628,29191060,36578158,43670179,48130671,48586386,46699828,44382899,42022395,42143004,45804613,50550707,50865490,44834634,33829711,20814394,11166222,5196627,2280689,995746,460115,216920,103514,50014,24534,12238,6226,3203,1672,881,470"
unhcr_americas,1991,"0,0,0,0,0,0,0,2,19771,100593,277198,604032,1103948,1767678,2667674,4132338,6560390,10116505,15237538,21578464,29135933,37498920,45112681,49585709,50221062,48242122,46725776,43899071,43364501,45764624,50379169,51725748,45628118,33161330,20369721,11200979,5103971,2234283,1010555,476888,233244,111168,53647,26258,13072,6624,3404,1772,931,498"
unhcr_americas,1992,"0,0,0,0,0,0,0,1492,25596,77541,187668,416677,875546,1640928,2733196,4316335,6682832,10146398,15541999,22442134,30183358,38723550,46863450,51686361,51804989,49303061,47098550,43922240,42963633,46421173,51044680,52343606,45191094,32804146,20961001,11174169,5445553,2426149,1092487,520369,245491,116921,56376,27567,13696,6927,3555,1847,971,522"
unhcr_americas,1993,"0,0,0,0,0,0,0,1746,24953,78106,220756,502032,1012853,1811616,2890323,4488449,7013776,10712308,16341289,23174429,30873179,38982274,46104790,51255725,52006240,50199342,47672732,44667158,43743573,48167633,52459166,52398783,45572102,33369213,21507805,11652103,5749376,2604785,1180317,570880,288875,136337,65109,31491,15474,7729,3894,1996,1036,545"
unhcr_americas,1994,"0,0,0,0,0,0,0,744,18038,55674,171556,411476,876597,1615067,2657847,4263333,6810539,10480012,16072949,22692501,30028824,39586003,47006078,51615325,53285409,50610426,47255381,45358121,44927210,48897669,53866912,53904990,47432673,34830626,22915515,12320391,6110722,2835627,1303668,631619,320740,152569,72978,35358,17419,8711,4403,2275,1185,629"
unhcr_americas,1995,"0,0,0,0,0,0,0,0,8036,36532,145920,385241,807788,1439630,2329646,3728781,6112739,9936202,15544573,22825597,30746104,39026260,47410001,51925191,53444022,52056381,48539834,45768306,46977997,50302205,54991492,55877666,49146294,36651462,22367335,12873499,6308164,2889532,1336907,643776,328225,155960,74420,35966,17657,8811,4450,2292,1191,624"
unhcr_americas,1996,"0,0,0,0,0,0,0,0,2781,39168,167555,448859,960129,1742280,2831421,4440659,6937485,10814280,16364392,23125577,31550686,40527559,48283493,52466428,53223974,51660366,48718523,46979483,47297928,51066385,55360731,55247315,47756643,36360307,24363372,13482036,6759634,3101265,1409153,663951,328911,155985,74578,36140,17829,8964,4515,2328,1219,647"
unhcr_americas,1997,"0,0,0,0,0,0,0,0,175,20605,132668,387854,858299,1586581,2642967,4286233,6874732,10940473,16440645,22967061,31297406,39788481,47439721,52652975,54016737,52595601,49510162,46926144,48405123,52181924,55891672,56918544,50306991,38631312,24748456,14429484,7163763,3345041,1539805,722458,371550,176554,84021,40498,19828,9886,4950,2541,1317,696"
unhcr_americas,1998,"0,0,0,0,0,0,0,0,507,13826,101554,327349,761589,1457837,2479907,4167198,7013833,11227014,16404499,22964834,30742261,38848976,48146655,53874692,54620251,54112308,50966959,46719794,47241968,51213145,55562593,57547634,52868221,41165805,27176108,15520836,7787315,3653347,1681531,775761,382176,179314,84733,40481,19615,9652,4771,2413,1227,630"
unhcr_americas,1999,"0,0,0,0,0,0,0,0,1505,18665,113407,355038,816944,1557448,2606752,4193691,6898536,11205910,16851792,23851667,32194392,41170044,49335535,54844440,56904839,54370925,49654143,46871394,46321890,50335192,55458613,57885071,53648768,42896314,27834033,15529461,7967198,3857662,1835600,887363,463637,227200,107296,51216,24780,12161,6024,3053,1559,810"
unhcr_americas,2000,"0,0,0,0,0,0,0,0,561,24493,134107,382550,828724,1504883,2449316,3874125,6236170,9930651,15209059,22446727,30862695,40181447,49578941,55755066,58521595,56822090,52001173,48240229,47740412,51546586,56476987,59565786,55197920,43642232,28746122,16370868,8388128,3948305,1840196,877823,459538,230412,108199,51293,24621,11987,5833,2911,1462,731"
unhcr_americas,2001,"0,0,0,0,0,0,0,0,1417,25547,137137,397983,891047,1665043,2726393,4271485,6659311,10254958,15305766,22250136,30937977,40329902,49716727,56785826,58922129,57957813,53198037,49044407,48880501,52012029,57146689,60305272,55457001,43916448,29084673,16528655,8495613,3999583,1854270,889932,480660,249742,117279,55614,26700,13020,6339,3173,1605,815"
unhcr_americas,2002,"0,0,0,0,0,0,0,0,136,16570,111448,332459,740716,1375200,2327488,3833198,6221668,9927665,14927324,21943201,31400220,41533224,50987627,58571060,62147843,60670196,55225015,49991035,48957927,50967717,55853493,58737134,55728176,43067877,29910138,17514840,9079836,4351018,2072822,1040689,557983,318993,246102,212565,171099,128530,90688,60422,38379,23436"
unhcr_americas,2003,"0,0,0,0,0,0,0,0,184,28437,152612,395647,809103,1455306,2376533,3779945,6106944,9769978,14746019,21764538,31322030,41538397,51504706,59505539,62795596,61384483,56485629,51147977,49397887,51939799,57127605,58646751,54770375,43688671,31238230,18370034,9649207,4794410,2285110,1118238,584501,334199,200493,121936,75254,47117,29893,19199,12475,8181"
unhcr_americas,2004,"0,0,0,0,0,0,0,0,1716,17670,95460,284567,636488,1188877,2004472,3309980,5563261,9077128,13827013,20693278,30039587,40602997,51574810,60265606,64535122,62815435,58016791,52721971,51601165,54579780,58714501,60788874,56382395,45879510,30682968,17495964,8983604,4289522,2024594,978767,514008,328018,285112,237754,184990,134810,92695,60435,37735,22733"
unhcr_americas,2005,"0,0,0,0,0,0,0,0,14455,63429,176472,398067,794723,1390507,2237855,3554589,5643762,8770147,13256614,19545116,27933124,38250171,49382804,58902489,63877399,65043142,61673497,56026232,54480130,56551395,60067577,60751380,57110937,44996362,31424571,18237001,9730224,4942605,2444905,1252108,687831,514861,427301,336769,251825,179379,122525,80409,51095,31631"
unhcr_americas,2006,"0,0,0,0,0,0,0,0,1473,12527,68608,214187,501885,983945,1711422,2847733,4625956,7313365,11209725,16679047,24836927,35644157,47053704,57851178,65426740,68075100,65483606,59616201,57149198,58942096,62268610,62716823,58631552,47342446,33328453,19635049,10368296,5210430,2586633,1345026,745220,441248,269100,165670,103077,64769,41101,26324,16999,11055"
unhcr_americas,2007,"0,0,0,0,0,0,0,0,3084,18562,78295,196811,397947,734076,1278761,2176859,3679055,6075271,10041363,15972088,23688199,34780263,47060183,57244898,65303123,68756400,67858897,63981179,60302910,60335570,63308145,63417025,59718640,47952515,33877982,20227301,10845007,5492472,2700087,1344566,694352,469561,402518,325560,247758,178074,121806,79523,49994,30489"
unhcr_americas,2008,"0,0,0,0,0,0,0,0,385,9914,53847,145574,309775,591598,1088395,1977166,3421183,5651089,9344827,14970868,22533040,33332877,45407896,56227681,65211144,70404452,70958715,68041509,64125441,63566075,65979337,64480053,60367060,48312694,33819243,19860076,10484202,5125557,2468624,1252666,680178,402185,242547,148244,91694,57339,36281,23179,14950,9728"
unhcr_americas,2009,"0,0,0,0,0,0,0,10,2630,16690,70524,189034,353896,613807,1063462,1854863,3258918,5541900,9007929,14428121,22312644,33121483,45661467,57938393,67313348,70856279,70564531,67573276,64811795,65807430,66745948,65678641,59870204,48447315,34560979,20372559,10782075,5358725,2562870,1261523,685417,540756,447563,352209,263077,187146,127653,83628,53021,32754"
unhcr_americas,2010,"0,0,0,0,0,0,0,17,1913,12718,51017,123902,249973,467988,874993,1635488,2952913,5007884,8117732,13031358,20566570,30988359,43946790,57647925,67963064,73494560,73849896,71117008,67783560,67395807,68351069,66215926,61647589,49116414,34965545,21033847,11122080,5364712,2524367,1237632,632023,339706,194025,115843,71433,45110,29094,19147,12853,8830"
unhcr_americas,2011,"0,0,0,0,0,0,0,0,1377,8434,38285,97102,204064,404020,778162,1466654,2719541,4720585,7537123,11938518,18965398,29132706,42121512,55779600,68066749,74450127,75220169,73712126,71275023,71189227,71156201,67615691,61230742,49453836,35332782,21291273,11442129,5718710,2770357,1386426,737282,490086,431316,355806,272917,195897,132735,85451,52760,31545"
unhcr_americas,2012,"0,0,0,0,0,0,0,0,1228,9062,35901,86144,171388,323653,632131,1280381,2479439,4370176,7146898,11545852,18626018,28472482,40946480,54462215,67598629,75376498,77009164,76425944,73793345,72530706,71488506,68878290,62430348,50969451,36197951,21650612,11776046,5872358,2808577,1411556,762394,551845,480910,389995,294867,209119,140289,89583,54966,32711"
unhcr_americas,2013,"0,0,0,0,0,0,0,0,1796,10321,33884,76844,148855,274934,519320,1023390,2053393,3912548,6655118,10986563,17835616,27614809,40762293,55246543,67929424,75726041,77222361,76225529,76131316,74904783,73116641,71151449,64509815,51701613,36635953,21960569,11860919,5984622,2952322,1513186,813625,548564,436410,329358,236390,162113,106935,68169,42275,25694"
unhcr_americas,2014,"0,0,0,0,0,0,0,0,1611,11840,37774,102574,211529,375640,614141,1037394,1916268,3592189,6270619,10551602,17353006,27364328,40424350,55992228,68969455,77503656,80026944,78338839,76671990,76502259,76229332,72935498,62568997,48645981,35455653,22378721,12803974,6783081,3393849,1679718,876167,505734,307285,190027,118490,74145,46524,29258,18460,11711"
unhcr_americas,2015,"0,0,0,0,0,0,0,0,1331,11419,38542,84389,152834,287502,556607,1048221,1938856,3602186,6222160,10294596,16820719,26291190,39605016,55694114,69598276,78399534,80989005,79538384,77352176,76299585,75354458,72956505,64244356,50491513,37805046,23967120,13272532,6970223,3523552,1785150,930985,537559,442909,356890,267902,188392,125163,79125,48047,28301"
unhcr_americas,2016,"0,0,0,0,0,0,0,0,1736,10434,37004,87438,172324,349516,696709,1281356,2295579,4067294,6755278,10857255,17199144,26587881,40134022,55166060,68977758,78336790,81222850,79913108,76481716,74336904,73809214,72475911,67011551,54203654,39387220,25173485,14511640,7694852,3859470,1954383,1019366,571231,342826,209301,129451,80807,50878,32259,20599,13301"
unhcr_americas,2017,"0,0,0,0,0,0,0,0,1668,12426,49859,138313,286669,482904,784928,1348991,2434004,4330649,7153696,11086754,17268179,26622971,39940601,54792453,69112832,78750817,81616617,80291608,78085354,74733197,73334153,71237648,66473335,56187631,41370247,26592508,15183034,7957548,3931400,1963301,1014168,606145,496939,379609,265715,172368,105103,60923,34054,18625"
unhcr_americas,2018,"0,0,0,0,0,0,0,2,1818,12821,42595,101079,198612,369343,696104,1346845,2540807,4484835,7329890,11356824,17523628,26758350,39901678,54398235,68814852,78833237,82413404,80294241,76447357,74393669,73746263,72273460,67207619,58000599,43231787,28228435,15953588,8628441,4509610,2363828,1260968,703606,413201,252854,156232,96569,59526,36593,22507,13938"
unhcr_americas,2019,"0,0,0,0,0,0,0,355,4725,39554,116371,211032,337471,546506,923063,1595021,2810004,4910121,8034188,12280807,18501750,27384760,40072693,53805800,67581328,77853742,81284930,80392051,76978227,73057686,72149973,71821449,67139853,59243045,45474580,30213123,17557413,9889060,5235544,2758300,1500138,825189,459466,268737,159301,95397,57644,35097,21521,13326"
unhcr_americas,2020,"0,0,0,0,0,0,842,4136,15430,57033,137364,246973,405787,645897,1027392,1726208,2973211,5053108,8199258,12707231,18939428,28096510,40732151,55666760,69997606,81131911,84733311,80280491,71438808,66570398,69153192,71342018,70580577,62161687,45998113,31496469,18478395,9976556,5039619,2559292,1344441,720038,409138,237731,141040,85349,52711,33087,21109,13681"
unhcr_americas,2021,"0,0,0,0,0,0,639,3633,18128,63445,147635,278727,448642,691597,1085636,1882134,3444423,5973180,9415724,13895571,19731259,27801717,40469625,55174255,70202680,79710721,81196961,75312634,69480594,69442192,72188700,74819516,73321101,63452853,48414486,30804820,17344399,9434782,5002315,2568611,1329009,706232,399886,231242,136496,82177,50511,31581,20069,12962"
unhcr_americas,2022,"0,0,0,0,0,0,134,2154,8311,47016,127448,249376,382742,587915,930179,1521635,2667045,4684610,7702428,11807921,17640470,25820293,37328768,52551009,68360505,81063976,85756950,85133655,80447746,74866277,73847166,74209922,70802766,61188934,45566246,29939408,17050402,9205013,4746986,2480509,1344165,763390,453962,275892,169192,104136,64234,39687,24595,15349"
unhcr_americas,2023,"0,0,0,0,0,0,56,1889,8546,28577,71616,142466,268002,505491,890287,1453350,2462746,4244996,6990968,11025603,17134066,25548368,36812762,51463601,67142008,79866271,85743044,86878730,82651753,76660046,74190217,74690153,70606112,62428959,47614957,31539727,18262784,10119608,5224998,2665239,1407898,766440,442678,278025,178902,116709,76630,50334,33015,21633"
unhcr_americas,2024,"0,0,0,0,0,0,0,1074,7049,24623,65218,133794,255645,482420,855391,1390676,2368528,4073633,6721352,10762366,16752365,25039167,36526474,51210064,67307657,80667731,86299223,87437284,83739117,77154404,74488388,74826975,70297110,63185197,48916877,32879732,19277874,10747401,5567447,2823395,1479740,805509,454203,287289,185499,121399,79948,52668,34645,22751"
unhcr_americas,2025,"0,0,0,0,0,0,0,862,5745,23333,63734,131637,248411,471153,844250,1390253,2344389,4022632,6656350,10599247,16612165,25123297,36678057,51304834,67399698,80318266,86452594,87931839,83898176,77369999,75453882,75848769,72367648,64049403,49327655,33246641,19555562,10914540,5651148,2871156,1509861,824835,466685,296427,192289,126408,83598,55283,36488,24038"
unhcr_americas,2026,"0,0,0,0,0,0,0,500,4312,19460,56363,119361,225818,431787,784244,1311681,2201864,3794608,6301015,10083691,15886004,24179793,35553341,50167424,66405950,79980719,87120097,88696058,84872641,78114521,75638421,76167678,73532386,65450995,51411019,35315690,21041252,11857048,6196506,3150119,1634902,859029,447580,260084,156424,96342,60749,39111,25658,17114"
unhcr_americas,2027,"0,0,0,0,0,0,0,363,3632,17648,52576,113395,216983,418355,763405,1279649,2138647,3683155,6117134,9801461,15457930,23650712,34969439,49518498,65967765,79881880,87568241,89447231,86349587,79655834,76850186,77180616,74492556,66390455,52175167,35818093,21318013,11994849,6269823,3186734,1653738,868146,452828,263702,159019,98201,62095,40083,26371,17644"
unhcr_americas,2028,"0,0,0,0,0,0,0,246,3010,15802,48618,107439,206186,399630,734751,1244320,2073402,3564708,5913457,9484414,14963406,22928857,33996687,48375384,64864982,79286998,87734784,89891981,87465339,80792863,77555818,77768288,75515632,67518127,53812005,37408676,22510127,12755007,6713983,3413271,1768863,929388,481939,278837,167967,103631,65479,42246,27789,18595"
unhcr_americas,2029,"0,0,0,0,0,0,0,145,2462,14125,45455,102615,197404,383731,709530,1213499,2021758,3470985,5747524,9218928,14528939,22278009,33110764,47271460,63806672,78613766,87831300,90245501,88388918,81683540,77914654,78048999,76409775,68784997,55687137,39184060,23853230,13584051,7198957,3664185,1891688,995343,514510,295257,177672,109524,69149,44592,29325,19624"
unhcr_americas,2030,"0,0,0,0,0,0,0,145,2691,14939,46029,103231,198273,385630,714383,1224519,2042366,3507782,5807359,9310447,14686700,22552478,33548396,47860244,64510540,79423908,88540204,90803112,88783178,81839474,78027208,78197387,76631640,69028095,55878106,39317656,23937402,13630412,7224593,3677523,1898474,998965,516696,297106,179279,110827,70187,45402,29955,20115"
unhcr_americas,2031,"0,0,0,0,0,0,0,61,2175,13487,43400,99198,192638,376888,699500,1201086,1998107,3420816,5647871,9070719,14339164,22100315,32979372,47123882,63710597,78816255,88587638,91310402,90307663,83674836,79672565,79565094,77721889,69814668,56418894,39666956,24149585,13753256,7295399,3717584,1920718,1010568,523123,301445,182352,113020,71756,46537,30787,20729"
unhcr_americas,2032,"0,0,0,0,0,0,0,0,1740,11839,39640,92800,182469,360217,671274,1154919,1911075,3276129,5435780,8761078,13865060,21516279,32317036,46375579,63045410,78496094,88840371,91922025,91493208,85363212,81039759,80666601,78729258,70774027,57240337,40220234,24473332,13918213,7382406,3762402,1943838,1022526,529725,305870,185486,115240,73342,47689,31634,21359"
unhcr_americas,2033,"0,0,0,0,0,0,0,0,1423,10128,36234,87256,173919,346383,646909,1114053,1834009,3152145,5262745,8522470,13531690,21048053,31607309,45589820,62282618,78175455,89232535,93033285,92993132,86938020,82462014,81853212,79644978,71442424,57684271,40486688,24625177,13999269,7426582,3786061,1956517,1028239,532027,307524,186795,116282,74161,48333,32140,21760"
unhcr_americas,2034,"0,0,0,0,0,0,0,0,1150,9285,33523,82268,164754,329970,620133,1078952,1779114,3045795,5075865,8217401,13058238,20364977,30680624,44471789,61161989,77469626,89263369,93496600,93853557,88014018,82995009,82149383,80354166,72405496,59234613,42073510,25950495,14845481,7940995,4057256,2089487,1096945,565046,322743,195555,121472,77329,50334,33444,22631"
unhcr_americas,2035,"0,0,0,0,0,0,0,0,912,7825,30382,76832,155938,315623,595313,1037479,1702955,2912120,4869573,7898244,12565944,19657844,29738135,43251331,59845804,76482552,89075879,94207307,95304591,90099410,84778099,83567601,81514697,73473034,60160183,42683989,26305330,15027981,8038236,4109176,2119020,1117548,578609,332642,202812,126715,81083,53007,35348,23988"
unhcr_americas,2036,"0,0,0,0,0,0,0,0,703,6649,27555,72061,148168,302849,572631,998903,1632129,2786162,4682899,7627643,12163576,19121995,29129599,42595809,59121072,76052784,89081738,94701607,96201800,91763817,86383804,84891226,82586127,74254782,60696022,43026386,26509485,15144799,8104588,4146165,2139860,1129127,584228,336445,205571,128729,82548,54102,36167,24602"
unhcr_americas,2037,"0,0,0,0,0,0,0,0,705,6418,25866,68373,141896,292353,554739,968501,1573509,2683449,4522046,7379290,11771116,18518713,28286482,41528611,57916891,75218260,88992343,95402640,97475936,93598939,87906170,86078129,83542603,75188800,61525539,43598716,26860915,15321512,8200103,4197709,2165931,1143751,591489,341203,208902,131086,84234,55325,37070,25274"
unhcr_americas,2038,"0,0,0,0,0,0,0,0,525,5430,23604,64503,136071,284179,541958,947390,1538888,2618140,4412719,7191383,11507765,18134144,27714170,40819133,57234452,74655492,88893823,96094878,98589371,94994567,89262985,87256053,84458463,75847451,61974697,43868468,27012035,15399397,8240518,4219570,2177602,1150354,595596,344228,211239,132854,85577,56332,37832,25873"
unhcr_americas,2039,"0,0,0,0,0,0,0,0,377,4581,21378,59960,128252,271684,520493,911802,1475872,2499109,4227875,6906259,11066242,17464383,26798272,39641960,55868563,73501775,88425377,96685137,99790526,97121229,91313002,88941359,85710294,76727770,62560525,44245500,27244127,15536987,8322615,4267887,2205190,1166146,603175,349058,214545,135167,87231,57531,38713,26534"
unhcr_americas,2040,"0,0,0,0,0,0,0,0,254,3826,19157,55299,119432,253978,490852,870425,1412989,2382693,4049530,6637123,10670526,16888231,26098505,38833476,54906057,72754904,87948453,96567644,99631376,97512985,91523240,89013409,86318865,77897412,64414202,46094066,28789486,16487798,8894226,4568459,2354424,1241674,639062,364129,222859,139879,89979,59221,39779,27240"
unhcr_americas,2041,"0,0,0,0,0,0,0,0,148,3301,17285,51199,112704,243103,471979,837110,1354459,2272049,3871569,6368591,10277206,16279691,25288672,37834741,53712780,71645983,87414259,96971897,100637417,99401313,93444678,90609613,87472444,78722747,64954240,46440733,29008916,16622610,8974365,4616227,2382225,1257718,646841,368900,226172,142218,91653,60426,40676,27913"
unhcr_americas,2042,"0,0,0,0,0,0,0,0,61,2770,15688,48120,107875,236234,461676,819698,1326308,2220227,3776680,6199581,10022594,15888243,24699543,37017428,52803286,70804798,86991695,97459237,101724561,100772931,94639667,91604318,88214068,79424647,65628287,46909779,29289861,16749947,9034800,4648139,2397646,1265867,651812,372379,228801,144168,93105,61511,41494,28527"
unhcr_americas,2043,"0,0,0,0,0,0,0,0,0,2198,13939,44192,100975,224655,442167,787307,1273572,2123353,3622055,5972108,9679404,15379727,24085506,36301883,51972934,70088128,86602659,97614633,102158863,101955207,96235055,92970681,89313261,80254725,66181027,47275775,29515419,16881841,9113285,4694304,2423926,1280897,659259,376836,231916,146384,94696,62671,42362,29189"
unhcr_americas,2044,"0,0,0,0,0,0,0,0,0,2189,13276,41456,95890,216069,427581,763097,1231939,2046378,3502902,5794528,9389556,14893167,23358837,35246786,50623553,68709533,85752696,97769508,103000462,103699164,98154056,94587622,90493889,81093234,66730879,47634442,29753322,17017718,9191280,4742673,2453133,1297386,667883,381871,235390,148832,96445,63943,43293,29884"
unhcr_americas,2045,"0,0,0,0,0,0,0,0,0,1649,11569,37890,89686,206127,410750,733349,1181192,1951306,3343926,5554031,9027341,14337715,22567519,34229301,49359942,67363723,84803144,97681912,103522275,105052704,99814618,96060314,91707097,82243407,67760742,48345201,30176863,17215128,9285323,4789585,2476427,1309292,674071,385373,237938,150683,97818,64960,44065,30482"
unhcr_americas,2046,"0,0,0,0,0,0,0,0,0,1218,10246,35211,85090,199182,400308,716722,1155305,1906685,3260637,5413980,8805017,14005287,22133810,33667139,48803546,66856371,84582689,97838229,104181875,105882011,100867460,97000497,92503122,82827676,68131799,48571187,30302122,17279141,9318027,4807954,2486312,1314491,677118,387658,239819,152164,98987,65876,44777,31041"
unhcr_americas,2047,"0,0,0,0,0,0,0,0,0,976,9361,32397,79559,184721,377192,683203,1107663,1817132,3103332,5176132,8447695,13460066,21347658,32634107,47543839,65402638,83421062,97303518,104090988,106382001,101560368,97530079,93246962,83907780,69651171,50195460,31762099,18220641,9900300,5124351,2644940,1396917,723647,406980,251454,159389,103569,68877,46786,32423"
unhcr_americas,2048,"0,0,0,0,0,0,0,0,0,711,7955,29393,74164,175468,361681,656509,1063639,1736271,2959666,4954440,8103416,12944470,20598529,31621682,46206965,63912665,82163143,96845190,104415749,107473188,103235045,99111265,94581365,85117459,70716742,50958345,32233035,18453505,10015509,5182921,2673546,1411191,731167,410721,254053,161241,104920,69878,47543,33004"
unhcr_americas,2049,"0,0,0,0,0,0,0,0,0,532,7307,26997,69453,167250,347613,631387,1021466,1660606,2826621,4758503,7816172,12517167,20011012,30970180,45519562,63147188,81698664,96816448,104780171,108197722,104545155,100320029,95511612,85815754,71180241,51248153,32418188,18564462,10081552,5223773,2697646,1425321,739307,414826,256986,163363,106478,71035,48411,33664"
unhcr_americas,2050,"0,0,0,0,0,0,0,0,0,380,6184,24601,65275,160688,338119,616393,996127,1618286,2747206,4618774,7571445,12147917,19423408,30094952,44465656,62049068,80837588,96514443,105444569,109405670,105959743,101653456,96598935,86571729,71654279,51533487,32575958,18646385,10123502,5246025,2709304,1430552,742355,417089,258864,164864,107649,71945,49128,34227"
unhcr_americas,2051,"0,0,0,0,0,0,0,0,0,376,5664,22864,61462,153646,326045,596108,963509,1558157,2643963,4463902,7329498,11748806,18757440,29085093,43068636,60424635,79498321,95903895,105834887,110504732,107852671,103444318,98006997,87579612,72324267,51955529,32838085,18798652,10212126,5298937,2740400,1447544,752255,421898,262137,167140,109277,73135,50013,34892"
unhcr_americas,2052,"0,0,0,0,0,0,0,0,0,256,5022,20717,57275,146017,313068,573294,924904,1490008,2517991,4269120,7040150,11329862,18157444,28371798,42268966,59461662,78738075,95606725,106033618,111030713,108952579,104518222,98871545,88377877,73092352,52536448,33230707,19009420,10319915,5359689,2773484,1465462,762920,427169,265787,169721,111107,74471,50996,35634"
unhcr_americas,2053,"0,0,0,0,0,0,0,0,0,148,4144,18534,53154,138700,301062,553076,891676,1433045,2414363,4114289,6803942,10986815,17630039,27615388,41290569,58424509,77777411,95128801,106455674,112029059,110261345,105828250,99955161,89148652,73566938,52823771,33391156,19089485,10359229,5380648,2784867,1471202,766188,429504,267681,171210,112278,75373,51705,36199"
unhcr_americas,2054,"0,0,0,0,0,0,0,0,0,63,3794,17067,49262,131497,288661,531695,856215,1373435,2302424,3934799,6536065,10584200,17043888,26924638,40497065,57488045,77000798,94754555,106608071,112551007,111439013,107145296,101006098,89916662,74087221,53145955,33602041,19220008,10438816,5429435,2814730,1488152,776356,434145,270871,173458,113908,76567,52592,36877"
unhcr_americas,2055,"0,0,0,0,0,0,0,0,0,0,3052,15565,45758,121319,272824,511086,831092,1332709,2228076,3791145,6278978,10158276,16315124,25832437,39003496,55705847,75142648,93236661,105877799,112244669,111840161,107627894,101849804,91311764,76041035,55209151,35392448,20347442,11110067,5790591,2999582,1583641,828650,455697,283725,181426,118977,79891,54821,38401"
unhcr_americas,2056,"0,0,0,0,0,0,0,0,0,0,2480,13979,42501,115487,263050,494158,801307,1280331,2131196,3638861,6056539,9837650,15837612,25141458,38101732,54759289,74229000,92700790,106147500,113112962,113056292,108811253,102829210,92020499,76480907,55461734,35524701,20409301,11137695,5803328,3006301,1587539,831220,457747,285549,182938,120165,80836,55568,38985"
unhcr_americas,2057,"0,0,0,0,0,0,0,0,0,0,2366,13290,39885,110473,253831,478009,775384,1237650,2050706,3514882,5882120,9562481,15404842,24552571,37277344,53705801,73140621,92014958,106011513,113379545,114061736,110170361,103985912,92882077,77075566,55830438,35764848,20557614,11227011,5858371,3039563,1606425,842186,463090,288824,185216,121806,82032,56459,39672"
unhcr_americas,2058,"0,0,0,0,0,0,0,0,0,0,1887,11901,36289,103555,241969,457670,740852,1180454,1944059,3330902,5595410,9111375,14698825,23526060,35883918,52031827,71471873,90931373,106007556,114140716,115772143,112122102,105607042,94039710,77865352,56323637,36074402,20743041,11334914,5923760,3078877,1628921,855045,469960,292887,187963,123716,83403,57465,40416"
unhcr_americas,2059,"0,0,0,0,0,0,0,0,0,0,1558,10876,33991,99301,234400,444562,718081,1143022,1875980,3221631,5447268,8899829,14421798,23207896,35582440,51731203,71149369,90729461,105985434,114374133,116028094,112383799,105890888,94408120,78320573,56730691,36344846,20880784,11389395,5948033,3088453,1630881,853855,468659,292032,187422,123384,83221,57381,40405"
unhcr_americas,2060,"0,0,0,0,0,0,0,0,0,0,1192,9695,30776,92983,223509,426242,686928,1091925,1782922,3056697,5190516,8492231,13794970,22275424,34321810,50169400,69470024,89470543,105735164,114838220,117467532,114259333,107560672,95643411,79169226,57262656,36675946,21077168,11504034,6016590,3129873,1654779,867906,476253,296371,190350,125425,84666,58427,41182"
unhcr_americas,2061,"0,0,0,0,0,0,0,0,0,0,924,8843,28355,88551,216441,415438,668782,1060742,1728416,2946817,4988853,8148221,13242660,21409137,33128764,48640155,67745880,88175585,105349680,115300054,118783713,116012262,109190896,96894229,79982687,57784364,37009431,21256400,11596674,6068334,3159612,1670538,876872,481155,298908,192172,126753,85666,59185,41776"
unhcr_americas,2062,"0,0,0,0,0,0,0,0,0,0,790,8303,26996,85501,210487,404727,651005,1032760,1675135,2861040,4879403,7992709,12982714,20997963,32470130,47775629,66767781,87477693,105169265,115643542,119308843,116594024,109780239,97483550,80610368,58328248,37373877,21449715,11676533,6104019,3176130,1678197,884389,488916,306026,198136,131541,89398,62058,43982"
unhcr_americas,2063,"0,0,0,0,0,0,0,0,0,0,645,7644,24633,80646,201489,389085,623384,986642,1593762,2714653,4651043,7634448,12427019,20158956,31398995,46436910,65237508,86273728,104718985,116001164,120515009,118277757,111307487,98583921,81340039,58793954,37666719,21633367,11786732,6170507,3216628,1700868,897532,496261,309811,200708,133328,90685,63011,44690"
unhcr_americas,2064,"0,0,0,0,0,0,0,0,0,0,377,6653,22507,72703,187167,368281,598556,946545,1527317,2593642,4469279,7361226,11987080,19498995,30594281,45417941,64033509,84952169,103513946,114959402,119761491,118199760,111804492,99719074,82890507,60557245,39277584,22707012,12451529,6534942,3406787,1796702,951256,520537,324912,210727,140099,95361,66298,47044"
unhcr_americas,2065,"0,0,0,0,0,0,0,0,0,0,276,6165,20481,68375,179245,354925,575676,907877,1459169,2466868,4270340,7062486,11557510,18855218,29750248,44405126,62902797,84056400,103211619,115495168,120881342,119336928,112862236,100493621,83365036,60835724,39430235,22787012,12492291,6555436,3418548,1803038,954694,522801,326797,212242,141308,96314,67055,47652"
unhcr_americas,2066,"0,0,0,0,0,0,0,0,0,0,138,5296,18373,63800,170585,340009,550454,866743,1390460,2339160,4066456,6749264,11064282,18101414,28754206,43188906,61517920,82826692,102528665,115486200,121463867,120793990,114407350,101718474,84233006,61399183,39784804,23004459,12619145,6630059,3462902,1828906,968782,530782,330235,213891,141823,96159,66519,46934"
unhcr_americas,2067,"0,0,0,0,0,0,0,0,0,0,128,5161,17902,62736,168676,337108,546197,859331,1376366,2313435,4016880,6658446,10923460,17847268,28273288,42402495,60553329,81931025,102020323,115553365,121973891,121260970,114870738,102191221,84743763,61887525,40107744,23183566,12692242,6662752,3477024,1834996,971584,532996,332242,215590,143188,97239,67374,47610"
unhcr_americas,2068,"0,0,0,0,0,0,0,0,0,0,31,4370,16156,58888,161160,323979,523842,822412,1315615,2198029,3828461,6371488,10464450,17134831,27319581,41183867,59152372,80650868,101269545,115502312,122490290,122624541,116369712,103388578,85584691,62441414,40455458,23398517,12819819,6739597,3523077,1862057,984506,538544,333298,215659,142890,96862,67024,47323"
unhcr_americas,2069,"0,0,0,0,0,0,0,0,0,0,30,3974,14803,55251,154327,312139,503534,787456,1257145,2086361,3638242,6079358,10014480,16428433,26329075,39886922,57545322,79106526,100376217,115546524,123309145,124173050,117956694,104613051,86380910,62967172,40770938,23593105,12936392,6809231,3564284,1886000,998790,547302,337482,218531,144921,98324,68093,48120"
unhcr_americas,2070,"0,0,0,0,0,0,0,0,0,0,23,3394,13707,52126,148235,301306,485161,756910,1207870,1995025,3490660,5866409,9701881,16000637,25787358,39273075,56978829,78579295,100051674,115573211,123560164,124655076,118588569,105160222,86774395,63205876,40909618,23666159,12971220,6827572,3573425,1891406,1001827,549427,339328,220075,146170,99329,68888,48767"
unhcr_americas,2071,"0,0,0,0,0,0,0,0,0,0,22,3165,13003,49567,143343,292269,469415,730704,1165379,1915204,3359133,5666316,9373170,15446338,24914259,37965881,55179817,76690413,98738386,115244949,124031586,125879934,119949604,106352329,87793019,64104488,41542898,24079917,13200350,6961141,3649864,1934552,1025575,563790,346710,224966,149496,101645,70543,49959"
unhcr_americas,2072,"0,0,0,0,0,0,0,0,0,0,22,2677,12028,46975,138255,283169,453805,703659,1122005,1836583,3227254,5478867,9094573,15037169,24325432,37259057,54500475,76083828,98418933,115335605,124401240,126422277,120550269,106853376,88124901,64294623,41644923,24125100,13215920,6966515,3651039,1935089,1026281,564793,347981,226200,150576,102553,71278,50556"
unhcr_americas,2073,"0,0,0,0,0,0,0,0,0,0,22,2297,10993,43747,132209,272627,436367,673315,1071474,1742782,3054793,5212444,8680826,14407363,23415469,36071985,52961739,74329813,97134198,114962690,124790825,127771479,122187247,108244882,89051361,64918203,42028158,24362521,13361233,7054378,3704579,1966787,1044329,575390,353032,229389,152744,104081,72395,51379"
unhcr_americas,2074,"0,0,0,0,0,0,0,0,0,0,16,1893,10260,41844,128360,266153,426327,656763,1044132,1696025,2960550,5043056,8378327,13914296,22709570,35189085,51883208,73249178,96234739,114568636,124733061,128433001,123271917,109216088,89742101,65408089,42332555,24553188,13475593,7123886,3746222,1991925,1058172,583488,357010,231783,154447,105302,73300,52055"
unhcr_americas,2075,"0,0,0,0,0,0,0,0,0,0,15,1845,9867,40254,125015,259771,415205,637906,1014022,1640915,2867871,4911499,8193624,13627824,22239101,34470121,50892843,72006341,95236556,114225023,125061580,129220074,124095519,109982569,90231841,65698581,42497842,24643039,13522820,7148609,3757911,1998534,1061572,585654,358728,233155,155543,106181,74001,52617"
unhcr_americas,2076,"0,0,0,0,0,0,0,0,0,0,15,1406,8919,35018,114409,243841,398708,609668,969358,1562954,2720144,4689281,7834610,13074183,21421139,33426242,49561698,70362949,93504461,112720726,123716468,128286596,124179234,111036453,91948840,67869903,44427612,25957773,14304695,7577945,3979338,2114271,1125316,613130,374047,242483,161632,110262,76798,54570"
unhcr_americas,2077,"0,0,0,0,0,0,0,0,0,0,10,1268,8310,32800,109872,235591,384913,585830,929880,1497325,2602077,4514106,7571621,12668777,20784373,32561097,48499679,69110048,92489034,112331622,124134630,129212820,125109933,111879062,92474160,68175608,44595801,26049075,14352669,7603100,3991515,2120750,1128466,615235,376204,244785,164002,112604,79024,56637"
unhcr_americas,2078,"0,0,0,0,0,0,0,0,0,0,10,1161,8048,31694,107247,230138,374806,568311,902081,1449199,2511160,4377241,7375555,12360015,20337537,31984681,47648270,68098996,91564521,111714315,123770611,129419035,125869807,112677595,93053620,68595514,44867769,26223511,14463620,7673732,4035488,2146380,1143773,624646,381240,247593,166004,114063,80107,57457"
unhcr_americas,2079,"0,0,0,0,0,0,0,0,0,0,10,904,7313,29809,103150,222630,362112,546572,865600,1387759,2391363,4179695,7068302,11879216,19565221,30880079,46286369,66594015,90323194,111300710,124251811,130575013,127044620,113724189,93738276,68992048,45092705,26342312,14518320,7697685,4044851,2150526,1145560,625783,383551,250058,167871,115480,81196,58302"
unhcr_americas,2080,"0,0,0,0,0,0,0,0,0,0,10,818,6927,28276,99410,215381,349279,523939,827065,1324817,2272894,3990320,6782323,11440661,18938490,30135354,45397749,65673549,89576708,110895739,124095998,130844420,127828517,114479739,94242700,69347787,45316185,26481055,14610164,7757901,4083775,2174991,1159324,634250,388051,252549,169698,116849,82232,59098"
unhcr_americas,2081,"0,0,0,0,0,0,0,0,0,0,5,538,6191,26903,96334,209941,341274,512763,809632,1296784,2221218,3897196,6622059,11195421,18589577,29656405,44862827,64986630,88821708,110349413,123822393,130861876,128097146,114868406,94584938,69595212,45480850,26593115,14678110,7798419,4106196,2189604,1173219,647215,398611,260363,175197,120620,84814,60859"
unhcr_americas,2082,"0,0,0,0,0,0,0,0,0,0,5,528,5998,25849,93462,204362,331306,495347,780488,1248323,2128577,3746636,6399190,10819431,17971884,28783783,43539476,63238155,87141785,109277692,123522664,131316711,129130077,116003328,95577340,70464630,46092856,26979070,14887146,7914122,4171712,2227446,1194430,659794,405761,264289,177907,122540,86192,61883"
unhcr_americas,2083,"0,0,0,0,0,0,0,0,0,0,5,518,5647,24797,90467,198543,321003,477955,751679,1202746,2041777,3601989,6191844,10519432,17554268,28267031,43033792,62804066,86758278,109082404,123494400,131396253,129285816,116208905,95680384,70512538,46113556,26986268,14889471,7917500,4174363,2229212,1195723,660764,406921,265411,178889,123362,86877,62444"
unhcr_americas,2084,"0,0,0,0,0,0,0,0,0,0,5,338,4894,23450,87045,192316,310142,459225,718972,1149525,1940941,3417588,5900629,10045958,16801234,27185579,41595491,60985807,84969549,107996285,123342043,132150495,130691695,117667467,96715393,71148262,46575815,27289333,15070820,8030077,4243994,2271030,1220654,675397,415603,270120,182085,125604,88473,63617"
unhcr_americas,2085,"0,0,0,0,0,0,0,0,0,0,5,335,4818,22974,84828,187877,301787,444794,695455,1113468,1877804,3318357,5764233,9848046,16507583,26787564,41097082,60456334,84423153,107598658,123167676,132090375,130790578,117886460,96854628,71234721,46616252,27307528,15080699,8036564,4247995,2272392,1221294,675932,416512,271124,183013,126414,89161,64187"
unhcr_americas,2086,"0,0,0,0,0,0,0,0,0,0,2,256,4205,21818,81827,182234,291900,427786,664986,1063387,1784976,3142879,5485021,9401716,15797690,25748780,39745791,58755866,82713590,106508888,122932695,132710534,132111743,119226820,97864538,71882322,47048070,27570546,15237748,8131025,4304359,2305770,1241399,688519,423921,274819,185551,128210,90461,65151"
unhcr_americas,2087,"0,0,0,0,0,0,0,0,0,0,2,196,3873,20972,79296,177277,282980,412526,638715,1021309,1711473,3010587,5290661,9113685,15384607,25183825,39129515,58200910,82124886,105975790,122648403,132669007,132288831,119562202,98156798,72095816,47200506,27674145,15300804,8166578,4322536,2312888,1243795,689426,424893,275779,186395,128934,91064,65658"
unhcr_americas,2088,"0,0,0,0,0,0,0,0,0,0,2,193,3813,20682,77684,173932,276794,401842,620630,992872,1661712,2924319,5169625,8938920,15102156,24766757,38577644,57513288,81377765,105353962,122235880,132456216,132231525,119706709,98456999,72476043,47495904,27864178,15381835,8201207,4337674,2319009,1246312,690942,426412,277147,187562,129898,91848,66304"
unhcr_americas,2089,"0,0,0,0,0,0,0,0,0,0,2,192,3273,19798,75006,168932,268978,390190,601703,961753,1605897,2809954,4954680,8555363,14483132,23814962,37271659,55875735,79705255,104187574,121914941,132812140,133388545,120939363,99412462,73096439,47919680,28133342,15549302,8303943,4400631,2356387,1268796,704220,434862,282948,191692,132847,94007,67896"
unhcr_americas,2090,"0,0,0,0,0,0,0,0,0,0,2,189,3232,19538,73572,165781,263137,379949,584325,933913,1557978,2725852,4839398,8398567,14238071,23449372,36779945,55284929,79027768,103606213,121530348,132754934,133541403,121204579,99600520,73183827,47959704,28144746,15550012,8303766,4399888,2354728,1267862,704035,435269,283619,192393,133515,94598,68414"
unhcr_americas,2091,"0,0,0,0,0,0,0,0,0,0,0,131,2956,18848,71241,161212,255027,366035,560334,895406,1491781,2595126,4626160,8056022,13715062,22716757,35903619,54224031,77948782,102712626,121015485,132606880,134086553,122070869,100312898,73646721,48295514,28361880,15693659,8395980,4457792,2390046,1288936,716215,442440,286933,194674,135136,95780,69286"
unhcr_americas,2092,"0,0,0,0,0,0,0,0,0,0,0,130,2519,15865,64221,150953,246587,352774,538380,858833,1428570,2482233,4432192,7742461,13224258,21956070,34827325,52772941,76041549,100786676,119559836,131571571,133870931,122836380,101675915,75359796,49851393,29473701,16365300,8762992,4643307,2480960,1337811,735465,453196,294115,199551,138523,98170,71019"
unhcr_americas,2093,"0,0,0,0,0,0,0,0,0,0,0,129,2488,15688,62909,147806,240744,342132,519450,827896,1375579,2379395,4265267,7492278,12832373,21388221,34070720,51764428,74996176,99973801,119118279,131339211,134187396,123460950,102247848,75738577,50137884,29661053,16487980,8844359,4695032,2512842,1356862,747170,460310,297245,201753,140114,99342,71904"
unhcr_americas,2094,"0,0,0,0,0,0,0,0,0,0,0,87,2287,15104,61087,143881,233892,330437,499133,793599,1321248,2280655,4106166,7248410,12469759,20863629,33417426,51046500,74251396,99366419,118746403,131374710,134444836,123828619,102565556,75919680,50245620,29718602,16517514,8862680,4706465,2518872,1359595,748597,461636,298437,202771,140963,100047,72491"
unhcr_americas,2095,"0,0,0,0,0,0,0,0,0,0,0,86,1935,14453,59512,140554,228293,320959,482411,765416,1276781,2192861,3950623,7004634,12068449,20203971,32517751,49992267,73075342,98326042,118347266,131397947,134882084,124339636,103180158,76463279,50641120,29980395,16637492,8912954,4727970,2526872,1362131,749156,462583,299512,203773,141840,100789,73111"
unhcr_americas,2096,"0,0,0,0,0,0,0,0,0,0,0,74,1897,14286,58169,137388,222602,310812,464948,736604,1228945,2104002,3800299,6771318,11698620,19655263,31731936,48895995,71844326,97280338,117687512,131179009,135289236,125138171,103884753,76919883,50972787,30195841,16779290,9009190,4790075,2565393,1385356,762773,470846,303313,206429,143745,102184,74158"
unhcr_americas,2097,"0,0,0,0,0,0,0,0,0,0,0,74,1827,13860,56988,134568,218101,304307,454888,719643,1200475,2050728,3702811,6600953,11421657,19232418,31203551,48365580,71337357,96835615,117413364,131043280,135304862,125241294,103992839,76964251,50986188,30197442,16773783,9004558,4787485,2563136,1383791,762143,470985,303819,207033,144348,102736,74643"
unhcr_americas,2098,"0,0,0,0,0,0,0,0,0,0,0,45,1686,13507,55899,132109,213922,296693,440592,694396,1159140,1972035,3560585,6382275,11054319,18636972,30304475,47003909,69700636,95391667,116647660,131015473,136034388,126285247,104919464,77542192,51389735,30457809,16936293,9110576,4852537,2602396,1407033,776175,479589,307756,209594,146167,104060,75626"
unhcr_americas,2099,"0,0,0,0,0,0,0,0,0,0,0,45,1477,12985,54520,128602,207998,286869,424227,666571,1113908,1888785,3406155,6136795,10688658,18093493,29572533,46273712,68995901,94688006,116283968,130899780,136269733,126666270,105296052,77790352,51536115,30547113,16984457,9134580,4864508,2606832,1407819,776058,479678,309785,211342,147523,105120,76453"
unhcr_americas,2100,"0,0,0,0,0,0,0,0,0,0,0,45,1461,12850,53935,126760,204744,281041,413700,648210,1084561,1839076,3321668,6017255,10521605,17847445,29213242,45810560,68436363,94149323,115808798,130624810,136184076,126687638,105391706,77842426,51561648,30559456,16983839,9133340,4863445,2605294,1406115,775323,479703,310211,211892,148081,105637,76929"
unhcr_asia_pacific,1800,"0,0,87,903,3381,11607,39454,137225,403296,998938,2352891,5902551,15306766,34011753,55853713,78551090,97423698,101280579,90679646,69731808,45989383,27420348,15823092,8984192,5019503,2724766,1540083,912693,536827,299759,159435,85409,47759,26918,14953,7894,3842,1696,644,252,95,15,1,0,0,0,0,0,0,0"
unhcr_asia_pacific,1801,"0,0,87,903,3381,11605,39450,137260,403550,999939,2356800,5917161,15353918,34127451,56048367,78823927,97754904,101612655,90964576,69941645,46123544,27498591,15866991,9008263,5032351,2731417,1543697,914771,538035,300431,159785,85600,47865,26976,14976,7915,3848,1697,648,253,96,15,1,0,0,0,0,0,0,0"
unhcr_asia_pacific,1802,"0,0,87,903,3380,11595,39412,137175,403582,1000903,2361321,5932590,15402269,34245176,56246220,79100419,98089166,101947303,91251408,70152460,46258138,27576934,15910866,9032222,5045123,2738019,1547292,916841,539240,301101,160138,85792,47969,27038,15013,7926,3865,1701,652,253,99,15,2,0,0,0,0,0,0,0"
unhcr_asia_pacific,1803,"0,0,87,903,3380,11595,39414,137260,404055,1002526,2366427,5948907,15451833,34364496,56445102,79378233,98425740,102284424,91540451,70365115,46393938,27656039,15955198,9056437,5058047,2744699,1550939,918938,540446,301772,160496,85987,48086,27094,15042,7945,3868,1707,652,254,99,15,2,0,0,0,0,0,0,0"
unhcr_asia_pacific,1804,"0,0,87,903,3380,11595,39422,137696,408992,1036312,2525329,6439758,16638752,36189714,58317218,81042687,98839235,101413569,90083111,69012300,45550634,27169251,15702766,8933762,4999040,2721156,1544683,916609,540176,302237,161031,86461,48448,27363,15178,7975,3845,1697,651,253,99,16,2,0,0,0,0,0,0,0"
unhcr_asia_pacific,1805,"0,0,87,903,3380,11636,40481,146440,432659,1074536,2579226,6532039,16742389,36340092,58496690,81266403,99121941,101710624,90343439,69207107,45674597,27241939,15743975,8956171,5010686,2727043,1547950,918544,541312,302862,161362,86640,48550,27423,15213,7994,3850,1702,653,255,99,16,2,0,0,0,0,0,0,0"
unhcr_asia_pacific,1806,"0,0,87,903,3380,11636,40493,146575,433312,1076734,2592173,6630576,17036389,36874046,59220740,82443279,100215954,102515083,90511931,68655461,44924177,26700350,15405453,8759748,4879007,2651344,1507726,893790,523088,290630,154725,83438,46846,26420,14645,7702,3705,1637,617,239,89,15,2,0,0,0,0,0,0,0"
unhcr_asia_pacific,1807,"0,0,87,903,3380,11636,40501,146709,433970,1078879,2598658,6650434,17094100,37006625,59435385,82738565,100565673,102859269,90802775,68867024,45058838,26778688,15449460,8783871,4891871,2658017,1511396,895895,524311,291315,155089,83637,46960,26486,14683,7719,3710,1637,617,241,89,15,2,0,0,0,0,0,0,0"
unhcr_asia_pacific,1808,"0,0,87,903,3380,11636,40512,146843,434635,1081034,2605199,6670452,17152281,37140216,59651718,83036278,100918382,103206526,91096271,69080563,45194833,26857829,15493922,8808254,4904882,2664769,1515114,898034,525538,292003,155455,83838,47073,26553,14727,7740,3728,1643,621,242,90,15,2,0,0,0,0,0,0,0"
unhcr_asia_pacific,1809,"0,0,87,903,3380,11635,40516,146929,435056,1082530,2610609,6689289,17209590,37273276,59868773,83336629,101275289,103558308,91393643,69297116,45332943,26938332,15539170,8833143,4918178,2671682,1518925,900222,526800,292707,155840,84049,47196,26623,14759,7758,3736,1647,624,243,90,16,2,0,0,0,0,0,0,0"
unhcr_asia_pacific,1810,"0,0,87,903,3380,11636,40526,147067,435814,1085258,2620008,6719780,17300700,37485203,60212387,83805662,101822874,104087797,91832444,69610767,45530679,27052785,15603079,8867732,4936364,2680953,1523948,903056,528408,293601,156315,84308,47343,26704,14806,7782,3741,1650,627,245,90,16,2,0,0,0,0,0,0,0"
unhcr_asia_pacific,1811,"0,0,87,903,3379,11713,42008,156992,461629,1125804,2689938,6919047,17699276,38132952,61065285,85133314,103042674,104995802,92061456,69097578,44836438,26566571,15298265,8686521,4814318,2610908,1486700,879469,510865,282053,150135,81347,45732,25764,14275,7505,3611,1583,588,232,81,15,3,0,0,0,0,0,0,0"
unhcr_asia_pacific,1812,"0,0,87,903,3379,11713,42026,157189,462596,1129129,2701151,6954883,17804677,38375997,61457791,85667909,103664162,105594074,92554151,69446915,45055350,26692851,15368570,8724391,4834089,2620942,1492147,882521,512576,282991,150638,81629,45894,25846,14327,7531,3620,1586,591,232,81,16,3,0,0,0,0,0,0,0"
unhcr_asia_pacific,1813,"0,0,87,903,3379,11713,42037,157369,463441,1132208,2712580,6993692,17921341,38646287,61895451,86264680,104357433,106260106,93101245,69834073,45297811,26832691,15446388,8766264,4855958,2632023,1498148,885887,514457,284026,151196,81925,46050,25943,14373,7558,3629,1594,592,233,81,17,3,0,0,0,0,0,0,0"
unhcr_asia_pacific,1814,"0,0,87,903,3379,11734,42583,159640,469977,1148090,2746272,7053288,18051009,38918275,62329289,86872788,105066301,106937562,93646977,70210957,45529907,26965141,15519382,8805249,4875743,2642018,1503600,888890,516049,284855,151635,82172,46194,26017,14420,7584,3647,1596,594,235,81,17,3,0,0,0,0,0,0,0"
unhcr_asia_pacific,1815,"0,0,87,903,3379,12061,47378,184985,534874,1267894,3008183,7654054,19396416,40844711,64114367,88489625,105729028,106602797,92773912,69234353,44800738,26498645,15246635,8654182,4794310,2605504,1488343,880983,512170,282925,150624,81654,45916,25910,14358,7539,3619,1594,598,235,81,18,3,0,0,0,0,0,0,0"
unhcr_asia_pacific,1816,"0,0,87,903,3379,11627,40571,148549,446658,1139736,2832983,7460402,19391882,41122631,64733144,89342358,106636203,107411741,93409758,69674865,45077343,26656354,15333779,8702153,4820412,2619180,1495681,885012,514428,284191,151309,82026,46122,26026,14418,7573,3634,1597,600,235,81,18,3,0,0,0,0,0,0,0"
unhcr_asia_pacific,1817,"0,0,87,903,3379,11714,42122,158939,473883,1183566,2913492,7692064,19860267,41875481,65754073,90868362,108025853,108434217,93696953,69202614,44440064,26221592,15061253,8535335,4708382,2555200,1461618,862716,497681,273367,145623,79294,44627,25141,13926,7320,3508,1534,570,222,73,18,3,0,0,0,0,0,0,0"
unhcr_asia_pacific,1818,"0,0,87,903,3379,11877,44814,173066,509404,1241685,3007442,7833105,20049257,42182745,66174080,91438916,108709295,109102912,94250485,69593486,44683429,26362478,15140024,8577594,4730225,2566327,1467765,866229,499649,274427,146194,79605,44804,25237,13984,7348,3530,1545,571,223,75,18,3,0,0,0,0,0,0,0"
unhcr_asia_pacific,1819,"0,0,87,906,3381,11897,44926,173642,511469,1247619,3024588,7883043,20187270,42483571,66644063,92069940,109429787,109787863,94809595,69986499,44928509,26503663,15218767,8620186,4752571,2577810,1474081,869801,501643,275530,146773,79923,44984,25341,14039,7385,3543,1548,572,224,76,19,3,0,0,0,0,0,0,0"
unhcr_asia_pacific,1820,"0,0,61,814,3183,11422,43787,171606,509328,1248019,3035489,7926556,20314003,42767809,67096679,92682617,110129863,110453925,95354977,70371925,45169654,26643067,15296983,8662875,4775150,2589455,1480480,873444,503686,276639,147376,80244,45163,25436,14093,7406,3557,1554,572,225,77,19,3,0,0,0,0,0,0,0"
unhcr_asia_pacific,1821,"0,0,61,818,3203,11483,44026,172518,511936,1254197,3050672,7967802,20429134,43025869,67501087,93224462,110747205,111052700,95855359,70726812,45395483,26777115,15371864,8703718,4796762,2600442,1486493,876816,505566,277655,147933,80544,45328,25533,14148,7438,3570,1559,576,227,78,20,3,0,0,0,0,0,0,0"
unhcr_asia_pacific,1822,"0,0,61,828,3223,11567,44337,173652,515187,1261999,3069662,8016384,20552779,43286399,67901966,93755459,111346564,111617165,96312831,71046653,45594727,26892171,15436274,8738625,4815163,2609916,1491680,879765,507189,278547,148399,80792,45475,25607,14186,7454,3577,1564,577,228,80,20,3,0,0,0,0,0,0,0"
unhcr_asia_pacific,1823,"0,0,61,833,3255,11673,44711,174972,517808,1251187,3004615,7849323,20386726,43356845,68116209,94217067,112178452,112624027,97116635,71528101,45878874,27040681,15517787,8779132,4839544,2626772,1502289,885957,509966,280021,149469,81532,45955,25944,14413,7618,3688,1631,601,235,81,20,4,0,0,0,0,0,0,0"
unhcr_asia_pacific,1824,"0,0,64,844,3283,11977,47902,189930,552992,1302849,3086439,7975412,20562211,43639251,68496911,94722794,112773207,113201599,97599198,71863640,46083377,27159103,15584643,8815913,4858617,2636907,1508090,889489,512056,281093,150015,81826,46110,26026,14450,7633,3686,1627,602,236,81,21,5,0,0,0,0,0,0,0"
unhcr_asia_pacific,1825,"0,0,47,757,3112,11399,44248,175800,527226,1301419,3187083,8427107,21971275,45663100,70502025,96536189,113443867,112767834,96591461,70813769,45323400,26687530,15309885,8669152,4781949,2605012,1494839,882666,508840,279533,149187,81412,45870,25933,14386,7585,3662,1630,602,236,82,21,5,0,0,0,0,0,0,0"
unhcr_asia_pacific,1826,"0,0,47,766,3141,11239,40214,151979,467948,1212994,3066228,8293601,21993844,45910186,71009861,97247838,114217638,113488031,97184628,71234572,45588644,26840451,15396078,8717924,4808934,2619601,1503108,887497,511601,281021,149974,81829,46107,26059,14454,7618,3676,1637,606,236,82,21,5,0,0,0,0,0,0,0"
unhcr_asia_pacific,1827,"0,0,47,771,3167,11334,40547,153108,470872,1219664,3083237,8342502,22128108,46189913,71437957,97823121,114874284,114116799,97704119,71604346,45822196,26976884,15473629,8761192,4832556,2632346,1510330,891705,513992,282320,150649,82193,46316,26166,14509,7645,3692,1638,608,238,82,21,5,0,0,0,0,0,0,0"
unhcr_asia_pacific,1828,"0,0,47,781,3197,11527,42528,165142,502057,1269672,3161162,8479630,22320825,46498384,71837029,98332283,115468503,114702021,98194719,71954889,46040954,27104210,15545815,8800798,4853579,2643464,1516700,895475,516137,283478,151251,82515,46480,26259,14556,7670,3700,1643,610,239,82,21,5,0,0,0,0,0,0,0"
unhcr_asia_pacific,1829,"0,0,36,696,3036,11346,44601,178818,538338,1330432,3258999,8623508,22491726,46740353,72142918,98749883,115980960,115218331,98634548,72274421,46243743,27224094,15614812,8839445,4874565,2654861,1523271,899353,518345,284658,151881,82854,46667,26359,14604,7691,3713,1651,612,239,82,21,5,0,0,0,0,0,0,0"
unhcr_asia_pacific,1830,"0,0,36,701,3065,11447,44992,180319,542576,1339905,3279277,8670053,22599351,46950305,72456612,99170663,116466797,115693338,99038141,72570954,46437132,27340973,15683082,8878837,4896608,2667288,1530319,903342,520566,285873,152519,83212,46861,26463,14657,7725,3726,1654,615,240,83,21,5,0,0,0,0,0,0,0"
unhcr_asia_pacific,1831,"0,0,36,709,3090,11756,48349,196176,579973,1394782,3362705,8782359,22708084,47069201,72564816,99306471,116676210,116014762,99414568,72914580,46714504,27530829,15798274,8944761,4935588,2689781,1542646,910452,524043,287723,153722,83913,47233,26676,14803,7835,3815,1710,638,244,83,22,6,0,0,0,0,0,0,0"
unhcr_asia_pacific,1832,"0,0,37,715,3120,11865,48769,197833,584469,1404047,3380353,8818731,22782925,47204883,72763500,99574938,116995658,116342136,99705951,73136031,46859971,27618635,15849875,8974794,4952789,2699521,1548338,913894,526057,288833,154310,84225,47410,26773,14854,7859,3826,1714,641,245,83,22,6,0,0,0,0,0,0,0"
unhcr_asia_pacific,1833,"0,0,27,642,2965,11169,42727,169331,519115,1315417,3258218,8677132,22734770,47277466,73003881,99926968,117372707,116690834,99997522,73354391,47004439,27704744,15900329,9005413,4971061,2710061,1554425,917480,528128,289981,154906,84552,47584,26874,14908,7884,3833,1720,644,245,84,22,6,0,0,0,0,0,0,0"
unhcr_asia_pacific,1834,"0,0,28,645,2989,11149,40781,156997,487451,1264817,3185694,8593341,22722891,47355201,73199261,100205158,117685140,117003974,100275606,73566738,47147435,27792395,15953224,9037377,4989884,2720949,1560841,921260,530295,291156,155523,84880,47765,26971,14958,7913,3849,1727,644,245,84,22,7,0,0,0,0,0,0,0"
unhcr_asia_pacific,1835,"0,0,28,651,3019,11377,43494,172232,527030,1331348,3285640,8730505,22840448,47458868,73270281,100298332,117840082,117200933,100472290,73728009,47259695,27868017,16003441,9068910,5008913,2732020,1567702,925283,532378,292188,156045,85158,47925,27055,15007,7938,3859,1735,647,245,84,22,7,0,0,0,0,0,0,0"
unhcr_asia_pacific,1836,"0,0,28,658,3048,11641,46308,187045,563562,1386468,3366588,8847454,22951338,47572659,73367637,100418120,118013083,117411455,100679170,73893272,47369370,27935690,16044247,9092994,5022659,2739893,1572472,928221,534113,293111,156536,85420,48068,27132,15048,7960,3867,1738,649,247,84,22,7,0,0,0,0,0,0,0"
unhcr_asia_pacific,1837,"0,0,23,623,2880,10529,39113,155727,492699,1281821,3221927,8669222,22879818,47623336,73553964,100687398,118315173,117753617,101017526,74199810,47599912,28086056,16137923,9146332,5053798,2759456,1584292,934486,537372,294795,157405,85899,48348,27279,15123,7995,3881,1745,651,249,85,22,7,0,0,0,0,0,0,0"
unhcr_asia_pacific,1838,"0,0,15,552,2726,10314,40224,166577,523042,1331216,3294820,8786991,22993438,47743537,73660908,100811997,118492152,117969229,101226505,74368330,47711694,28154841,16179594,9171189,5067917,2767475,1589132,937478,539111,295735,157893,86169,48493,27366,15166,8019,3896,1750,654,250,85,22,7,0,0,0,0,0,0,0"
unhcr_asia_pacific,1839,"0,0,15,555,2750,10431,41205,170424,533519,1354198,3335099,8836867,23053580,47820973,73767495,100984288,118729050,118228484,101466186,74552419,47831691,28225353,16218785,9193329,5080419,2774710,1593402,940168,540844,296742,158437,86465,48650,27442,15208,8039,3908,1755,658,251,85,22,7,0,0,0,0,0,0,0"
unhcr_asia_pacific,1840,"0,0,15,562,2775,10400,39124,157408,500302,1302160,3261711,8747807,23018973,47846489,73870454,101119574,118882999,118457759,101763590,74839365,48085232,28415051,16343197,9272330,5130005,2804832,1610133,949960,545446,298886,159703,87195,49035,27666,15367,8156,3993,1808,684,257,85,23,8,0,0,0,0,0,0,0"
unhcr_asia_pacific,1841,"0,0,15,566,2799,10494,39463,158679,503929,1309973,3276445,8777210,23073306,47936270,73999847,101300108,119108695,118703008,101993234,75020902,48204127,28481978,16377465,9288895,5138202,2808921,1612581,951398,546583,299713,160216,87487,49201,27760,15415,8181,4006,1813,686,259,87,23,8,0,0,0,0,0,0,0"
unhcr_asia_pacific,1842,"0,0,10,500,2657,10192,38837,157687,503572,1312034,3278574,8782809,23093223,47983430,74078413,101437066,119303026,118956838,102263907,75244259,48355337,28575416,16430660,9320122,5155625,2818453,1618181,954922,548805,300976,160901,87877,49411,27881,15483,8217,4027,1821,692,261,90,23,9,0,0,0,0,0,0,0"
unhcr_asia_pacific,1843,"0,0,11,505,2679,10392,41056,171417,539266,1368315,3359421,8906261,23204278,48087305,74147827,101507727,119420644,119118151,102434350,75388424,48456576,28644865,16478406,9351235,5174585,2829542,1624959,959003,550870,301935,161350,88103,49539,27947,15522,8232,4043,1825,693,261,90,23,9,0,0,0,0,0,0,0"
unhcr_asia_pacific,1844,"0,0,8,471,2519,9818,42032,184454,579175,1435484,3460926,9034779,23306162,48161861,74173193,101555860,119536465,119289974,102621174,75545692,48567520,28721676,16531838,9388123,5197902,2844074,1633789,964618,553918,303376,162012,88445,49721,28041,15572,8257,4053,1831,695,261,90,23,9,0,0,0,0,0,0,0"
unhcr_asia_pacific,1845,"0,0,8,475,2543,10440,49829,219894,659911,1547486,3629509,9244133,23467687,48258446,74173477,101549755,119593859,119412984,102773975,75677874,48657897,28780924,16570440,9412440,5212482,2852916,1639314,968160,555975,304394,162533,88717,49861,28128,15626,8280,4065,1838,698,262,91,23,10,0,0,0,0,0,0,0"
unhcr_asia_pacific,1846,"0,0,6,416,2403,10560,54466,239574,702674,1604907,3719411,9346543,23558853,48318919,74207312,101619890,119731937,119604748,102973808,75844553,48775160,28857967,16620825,9444806,5232201,2864323,1645968,972306,558911,306317,163583,89286,50172,28284,15706,8326,4085,1842,703,263,91,24,10,0,0,0,0,0,0,0"
unhcr_asia_pacific,1847,"0,0,6,419,2428,11179,61225,263972,752781,1673754,3831319,9471172,23680965,48413723,74266667,101697108,119844275,119746461,103129189,75978504,48869160,28922678,16670169,9483574,5261184,2883997,1658544,979797,563120,308541,164691,89817,50449,28422,15758,8350,4099,1850,705,263,91,24,10,0,0,0,0,0,0,0"
unhcr_asia_pacific,1848,"0,0,6,425,2449,10345,50254,223652,672582,1574948,3679393,9340803,23638656,48513512,74519442,102023957,120183443,120064558,103394717,76179802,48999881,29000776,16721283,9521806,5289056,2902858,1670741,987258,567605,310990,165991,90477,50794,28606,15854,8389,4116,1859,706,263,91,24,10,0,0,0,0,0,0,0"
unhcr_asia_pacific,1849,"0,0,6,429,2474,11388,62368,268862,765693,1697264,3868844,9529486,23758857,48512181,74398245,101910758,120157393,120123256,103497922,76273217,49066989,29044155,16745715,9533889,5294740,2906562,1673805,989862,569646,312491,167033,91178,51234,28858,15998,8480,4175,1894,727,274,96,24,10,0,0,0,0,0,0,0"
unhcr_asia_pacific,1850,"0,0,6,370,2338,11820,69741,294284,815057,1761966,3972077,9625594,23827992,48500280,74299597,101777292,120036356,120075387,103528467,76333493,49124260,29089060,16771676,9547836,5301780,2910464,1675995,991636,570920,313380,167646,91641,51559,29055,16112,8543,4211,1916,738,278,102,24,10,0,0,0,0,0,0,0"
unhcr_asia_pacific,1851,"0,0,3,342,2189,10431,60078,266198,768137,1706295,3875173,9518429,23698399,48370937,74187766,101696280,119988942,120074468,103561026,76366801,49142945,29100320,16783763,9562757,5316950,2922971,1685863,998874,575964,316661,169671,92902,52374,29581,16416,8718,4294,1965,773,298,110,34,12,0,0,0,0,0,0,0"
unhcr_asia_pacific,1852,"0,0,3,346,2208,11217,68424,294081,822244,1778293,3984656,9599458,23679619,48159096,73789306,101176272,119477330,119729475,103441594,76382553,49230659,29191147,16849242,9612610,5355981,2954390,1707824,1014440,585590,322452,173425,95228,53764,30424,16944,9047,4505,2088,845,325,123,38,19,0,0,0,0,0,0,0"
unhcr_asia_pacific,1853,"0,0,3,348,2228,10616,61166,270063,773735,1686490,3741934,9016168,22194261,46163994,71961358,99629399,119144164,120561897,104867581,77799983,50252635,29828477,17228331,9829875,5479828,3017239,1741553,1035296,597995,329695,177655,97686,55209,31252,17428,9318,4654,2156,879,347,133,43,21,2,0,0,0,0,0,0"
unhcr_asia_pacific,1854,"0,0,3,350,2249,11418,69642,298459,829608,1777820,3934741,9307679,22449379,46095251,71676997,99112083,118351640,119765651,104396115,77670016,50270826,29896905,17286575,9871055,5503100,3024305,1741639,1033245,595979,328123,176431,96730,54482,30710,17094,9128,4549,2101,846,330,127,42,21,2,0,0,0,0,0,0"
unhcr_asia_pacific,1855,"0,0,3,299,2116,10468,61464,273394,786362,1731330,3875898,9370849,22709798,46461954,72158932,99860462,118771377,119830605,103847995,76598798,49288714,29293323,16933413,9659596,5368182,2948665,1700459,1005318,575381,315272,169756,93352,52523,29501,16412,8790,4409,2041,813,317,119,42,21,3,0,0,0,0,0,0"
unhcr_asia_pacific,1856,"0,0,1,274,1981,8475,42599,204490,648817,1557094,3603090,9071127,22449481,46250058,72027872,99747638,118661594,119757839,103803654,76580888,49277590,29282224,16932065,9674187,5390910,2974638,1723513,1023865,588294,323477,174822,96478,54472,30705,17120,9186,4615,2159,883,355,141,51,25,8,0,0,0,0,0,0"
unhcr_asia_pacific,1857,"0,0,1,278,1999,9343,53337,248692,745607,1701803,3869168,9443998,22734200,46238209,71561783,98908528,117770805,119061730,103419495,76440320,49314687,29391533,17032501,9754917,5446693,3012208,1742569,1031541,589566,322396,173654,95486,53650,30125,16772,9008,4544,2133,873,337,131,49,26,7,0,0,0,0,0,0"
unhcr_asia_pacific,1858,"0,0,1,281,2015,8363,39650,189474,614342,1511380,3517560,8781102,21306201,44310409,70010801,97837735,117764744,119825540,104498056,77545352,50318601,30136492,17490466,10019444,5596216,3079089,1770805,1044638,594914,324619,174635,95912,53823,30129,16783,9054,4577,2138,862,325,121,43,24,3,0,0,0,0,0,0"
unhcr_asia_pacific,1859,"0,0,1,235,1889,8113,39222,189256,616916,1521966,3544162,8837183,21361340,44266914,69830339,97544997,117378519,119458714,104260040,77416602,50241722,30096842,17488328,10054162,5647751,3127644,1808280,1071778,612049,334375,180021,99051,55728,31282,17442,9405,4766,2242,932,360,139,52,28,9,0,0,0,0,0,0"
unhcr_asia_pacific,1860,"0,0,1,236,2067,9313,42928,199608,642929,1578043,3661598,9129991,21889251,44825168,70476577,98356833,117742297,119377334,103538596,76252399,49222751,29465713,17122678,9843178,5531913,3073635,1778093,1053974,603163,327431,174632,95447,52964,29282,16238,8742,4384,2009,771,269,83,25,14,0,0,0,0,0,0,0"
unhcr_asia_pacific,1861,"0,0,1,239,2208,10060,45195,206302,659868,1610639,3704207,9167124,21882831,44737739,70344189,98206925,117576951,119240821,103454800,76206881,49203779,29458538,17122589,9846834,5535342,3074619,1777860,1054802,603385,327019,174643,95580,53020,29289,16233,8743,4380,2006,769,266,80,25,14,0,0,0,0,0,0,0"
unhcr_asia_pacific,1862,"0,0,0,217,2088,10589,58119,265978,792515,1786326,3984839,9531951,22174448,44789231,70039111,97674280,117060247,118938396,103318280,76159798,49211537,29487589,17153161,9872555,5550843,3080986,1781007,1057311,604085,326812,174701,95710,53128,29389,16296,8782,4405,2023,779,270,82,25,14,0,0,0,0,0,0,0"
unhcr_asia_pacific,1863,"0,0,0,180,1970,9911,52081,244310,750316,1714392,3805359,9215907,21804370,44462999,69954879,97805450,117246232,119177712,103564324,76341983,49377567,29611173,17221265,9899743,5561331,3084415,1782566,1060506,606352,328229,176439,97190,54156,30037,16688,8993,4506,2089,821,280,83,27,14,1,0,0,0,0,0,0"
unhcr_asia_pacific,1864,"0,0,0,181,1986,10466,58713,270771,807154,1775961,3828044,9051836,21092243,43154286,68815370,97129726,117628748,120528528,104870595,77025850,49548906,29672878,17225350,9864173,5525956,3069134,1772430,1050404,599195,324649,174386,96172,53423,29405,16318,8841,4483,2064,804,274,79,27,15,1,0,0,0,0,0,0"
unhcr_asia_pacific,1865,"0,0,0,181,2010,10066,53461,251381,770251,1736366,3764646,8998214,21074452,43160398,68837837,97136569,117614611,120531660,104894339,77072647,49600698,29723348,17263971,9894524,5541576,3071943,1771584,1049825,596823,321914,173232,95699,53246,29342,16303,8835,4485,2055,802,272,75,27,15,1,0,0,0,0,0,0"
unhcr_asia_pacific,1866,"0,0,0,184,2023,9789,49149,232642,729794,1680693,3674060,8924540,21089372,43168400,68764461,97013895,117527672,120526506,104972868,77207062,49731734,29828828,17333417,9929083,5559438,3087759,1782279,1055836,601440,324906,174625,96389,53571,29475,16333,8873,4518,2071,805,275,76,27,16,1,0,0,0,0,0,0"
unhcr_asia_pacific,1867,"0,0,7,266,2239,9733,45200,214358,694610,1643822,3619057,8860100,21060794,43113015,68680532,96959449,117559054,120579073,105052069,77290049,49787125,29866107,17367480,9967131,5592397,3117966,1807032,1069549,609603,330806,177791,98119,54479,29884,16513,8973,4617,2139,843,297,90,29,16,1,0,0,0,0,0,0"
unhcr_asia_pacific,1868,"0,0,37,425,2644,11143,52360,242398,758216,1732340,3718816,8914014,20965647,42895489,68447732,96858268,117622220,120702888,105165345,77349831,49809266,29868432,17368670,9971329,5599995,3127890,1817504,1076045,612466,332449,178781,98732,54917,30177,16687,9067,4675,2175,871,309,95,32,16,1,0,0,0,0,0,0"
unhcr_asia_pacific,1869,"0,0,38,467,2755,11756,58412,268083,815508,1815552,3885295,9260048,21489298,43425151,69165366,97677673,118106862,120712616,104568531,76419907,49087627,29476723,17159233,9838273,5518103,3085527,1792268,1056272,595918,321702,173889,96484,53594,29429,16331,8946,4673,2197,884,306,90,34,16,2,0,0,0,0,0,0"
unhcr_asia_pacific,1870,"0,0,39,455,2463,9757,48624,233944,735514,1683788,3651889,8849520,20522677,41861848,67782456,96419429,117856132,121684876,106134194,78078139,50323460,30275903,17632727,10122046,5681998,3179794,1844868,1086298,613308,332017,179269,99426,55326,30382,16840,9239,4854,2296,946,340,112,39,16,2,0,0,0,0,0,0"
unhcr_asia_pacific,1871,"0,0,39,456,2479,9825,49008,235843,741511,1696761,3677521,8902808,20604255,41973589,67927511,96581853,118012684,121834537,106276017,78197612,50407419,30340715,17682757,10160453,5711165,3200452,1858422,1094978,618929,335150,180763,100154,55698,30551,16913,9267,4857,2292,940,337,106,47,23,2,0,0,0,0,0,0"
unhcr_asia_pacific,1872,"155,212,306,726,2615,9253,42994,209978,689318,1644418,3665383,9064993,21392012,43407802,69212920,97830381,118608994,121574774,105618961,77478343,49791701,29824859,17333479,9953453,5616940,3171006,1861207,1102804,627712,343742,185724,102458,56843,31082,17178,9410,4933,2363,989,365,122,54,29,2,0,0,0,0,0,0"
unhcr_asia_pacific,1873,"318,436,590,1053,3039,10417,49186,235141,747271,1730583,3796281,9209540,21439907,43353128,69032347,97668633,118744273,121981213,106190949,78092459,50155687,29938601,17338972,9939781,5618676,3184636,1882272,1120763,641244,354500,192591,105690,58572,31867,17436,9486,4952,2379,1002,373,132,60,31,2,0,0,0,0,0,0"
unhcr_asia_pacific,1874,"485,660,853,1299,3429,11794,52648,243916,768674,1764716,3787362,8987970,20896291,42633681,67977598,96516422,118282540,122337173,107506885,79897389,51551777,30691635,17711512,10148136,5741693,3247902,1916437,1144959,659794,366277,198077,107932,59650,32296,17539,9482,4921,2339,975,353,117,44,18,2,0,0,0,0,0,0"
unhcr_asia_pacific,1875,"631,872,1127,1609,3810,12107,49407,224917,723726,1700078,3686770,8842649,20731763,42466600,67837707,96422693,118454517,122766528,108181139,80683673,52152001,31017515,17858776,10217340,5787640,3279597,1944307,1166513,674520,377245,206048,111914,61714,33351,17997,9680,5022,2406,1011,357,120,46,19,3,0,0,0,0,0,0"
unhcr_asia_pacific,1876,"797,1100,1413,1897,3948,11830,47688,219053,711240,1682716,3677142,8859684,20761670,42482467,67757694,96309349,118579229,123169584,108788897,81383883,52620304,31225758,17939356,10246571,5800084,3280791,1941188,1160795,671078,377345,205718,111093,60977,32830,17696,9553,4980,2370,975,328,102,36,19,3,0,0,0,0,0,0"
unhcr_asia_pacific,1877,"964,1331,1699,2202,4271,11977,44696,200154,663914,1616825,3599812,8768541,20711256,42485322,67829313,96373863,118776111,123559841,109350476,82048821,53058704,31397801,17990179,10268387,5838524,3319510,1967319,1182080,683588,381179,206877,111399,61004,32870,17724,9523,4922,2348,973,327,105,38,19,3,0,0,0,0,0,0"
unhcr_asia_pacific,1878,"1132,1554,1962,2390,4234,11254,39376,174682,598960,1506130,3428722,8536507,20485397,42310661,67778306,96465481,119159763,124195233,110104546,82817292,53554214,31588115,18037282,10271951,5851466,3341511,1990018,1205347,698755,388894,211808,114203,62418,33729,18157,9674,4964,2375,991,343,111,45,20,3,0,0,0,0,0,0"
unhcr_asia_pacific,1879,"1259,1753,2228,2603,4266,11044,40332,186830,634641,1568076,3528550,8637590,20418361,42150903,67522154,96175952,119157298,124530521,110765628,83693227,54243028,31999399,18277600,10401555,5906895,3340679,1964593,1184569,684516,376808,205773,114846,64840,36409,20583,11395,6027,2995,1358,546,232,111,56,19,9,0,0,0,0,0"
unhcr_asia_pacific,1880,"1429,1987,2524,2915,4425,10597,30420,102055,383615,1127038,2893289,7612945,19519663,41536453,67593631,97007917,120442563,125845293,112019260,84810242,54980998,32345729,18421329,10461982,5947118,3371200,1987076,1202544,697717,386229,211461,117970,66602,37515,21273,11802,6250,3113,1423,577,252,120,61,20,8,0,0,0,0,0"
unhcr_asia_pacific,1881,"1601,2221,2826,3257,4814,11127,30355,92712,338278,1023358,2741056,7351471,19159878,41224012,67437339,97194442,121113400,126793145,113076630,85846870,55663812,32673763,18565959,10523793,5984508,3398529,2010430,1219902,709545,393934,215865,120616,68245,38478,21779,12055,6382,3177,1457,589,258,123,61,19,6,0,0,0,0,0"
unhcr_asia_pacific,1882,"1774,2446,3111,3600,4972,10014,26370,84612,326518,998590,2680672,7287728,19082327,41105373,67323874,97205521,121544616,127601519,114106430,86936716,56426513,33072703,18771410,10631409,6036336,3401873,1999454,1203805,695785,383599,210319,118223,67317,38080,21556,11943,6340,3178,1449,590,258,121,59,20,9,0,0,0,0,0"
unhcr_asia_pacific,1883,"1889,2635,3378,3923,5351,10457,27190,90030,349310,1048335,2746780,7389068,19152761,41096192,67245522,97146421,121821423,128206846,115024865,87984353,57215480,33525974,19006363,10737135,6091719,3446044,2037387,1238751,723545,402914,222345,125421,71612,40631,23102,12922,6941,3526,1651,680,302,142,68,22,7,0,0,0,0,0"
unhcr_asia_pacific,1884,"2064,2876,3690,4266,5631,10500,25473,73179,274287,880539,2499797,6987276,18646751,40720599,67081338,97479784,122787072,129485546,116367584,89237387,58037845,33935878,19200966,10840187,6168384,3495286,2061441,1248459,726188,402223,220674,123906,70520,39942,22705,12695,6808,3447,1613,659,286,134,63,21,7,0,0,0,0,0"
unhcr_asia_pacific,1885,"2244,3101,3977,4616,5935,10794,25740,72838,272121,897324,2617484,7321237,19472411,41998773,67903004,97746020,122522669,128339372,115806243,89900536,59030196,34511080,19554934,11068415,6330934,3619285,2151383,1310208,767130,424817,229802,126336,70789,39546,22350,12410,6510,3161,1374,504,197,81,33,7,0,0,0,0,0,0"
unhcr_asia_pacific,1886,"2256,3198,4176,4929,6633,12315,29600,85346,313149,992223,2789465,7664477,19981167,42558633,68724453,99030975,123715066,129254613,116230771,89645663,58475947,34221707,19421547,10999715,6317373,3631222,2161679,1309360,759856,414136,220374,119032,65455,35822,20101,11183,5848,2799,1170,380,117,47,22,9,0,0,0,0,0,0"
unhcr_asia_pacific,1887,"2428,3442,4490,5247,6067,9433,20089,60673,259549,896885,2574360,7088159,18869675,41115206,66774786,96380960,122354684,129357053,118304687,93572417,62132247,36318708,20553265,11603659,6663482,3851498,2303174,1418412,839666,466739,248438,132422,72357,39598,22004,12210,6384,3045,1266,424,147,52,25,10,0,0,0,0,0,0"
unhcr_asia_pacific,1888,"2796,3862,4950,5712,6662,10537,22538,65722,267419,888303,2454917,6657520,17713073,39322354,65005886,94805222,122516165,131750105,121452209,96545412,64090683,37229647,20874674,11709619,6706931,3858182,2295310,1409390,831500,460415,244257,129993,71053,38844,21609,11953,6207,2900,1179,391,142,50,22,8,0,0,0,0,0,0"
unhcr_asia_pacific,1889,"2883,4007,5172,6056,7576,12993,29490,85188,316235,968779,2537938,6748053,17401656,38413171,64431796,94702776,123042559,133580500,123338324,97663119,64613840,37585799,21036628,11763563,6723350,3869358,2307102,1421048,837542,464474,246425,130600,70886,38576,21467,11998,6313,2977,1218,397,137,52,24,9,0,0,0,0,0,0"
unhcr_asia_pacific,1890,"2851,4058,5344,6330,7948,13501,30501,90837,337500,1005968,2551852,6658373,17033542,37726561,63294924,92870982,121852048,133378660,124505954,100232840,67190753,39248308,22038497,12326012,7057467,4052410,2387536,1455544,856035,470238,248345,132147,72144,39281,21914,12275,6528,3149,1346,458,151,56,25,11,0,0,0,0,0,0"
unhcr_asia_pacific,1891,"3382,4638,5931,6960,9404,17143,39385,106841,358055,1041530,2710575,7217457,18261073,39523495,66301561,97729017,126109534,136430328,124730526,97005195,62917371,36325367,20175800,11237797,6423897,3708201,2231253,1378954,810865,450049,238926,126183,68016,36819,20493,11474,6047,2843,1136,365,119,57,24,8,0,0,0,0,0,0"
unhcr_asia_pacific,1892,"3335,4691,6104,7180,8912,14788,31837,84650,299416,920392,2423765,6410001,16708940,37550078,63420443,93576083,123364676,135229155,126345986,102009794,68451156,39824274,22243352,12437789,7146930,4063938,2356156,1417763,819368,442412,232859,123929,67023,36365,20430,11511,6185,3045,1317,434,145,52,22,10,0,0,0,0,0,0"
unhcr_asia_pacific,1893,"3528,4934,6409,7560,8565,12048,22740,61854,247610,830903,2286806,6202877,16401120,37165933,63022795,93284077,123662436,136185166,127700784,103538758,69509483,40329576,22484030,12551458,7196923,4070367,2343472,1399125,801144,429709,225776,120270,65103,35416,19938,11244,6075,2996,1291,425,142,49,22,10,0,0,0,0,0,0"
unhcr_asia_pacific,1894,"3179,4671,6319,7670,8636,10473,16481,41260,183648,682414,2024705,5697645,15588934,36186902,61882144,91637337,122531978,135682309,128275716,105814738,72417342,42565213,23972028,13416588,7681726,4344344,2483231,1470397,843919,451388,236053,125990,68516,37330,21048,12002,6650,3423,1561,565,165,54,26,14,0,0,0,0,0,0"
unhcr_asia_pacific,1895,"3352,4922,6657,8092,9152,11536,19226,51504,219511,769168,2197673,6108323,16270681,36953136,62691157,92863906,123689530,136842328,129041180,105557721,71468223,41850517,23560673,13200828,7536673,4229777,2404122,1413082,799506,424420,222664,119766,65328,35707,20159,11529,6429,3343,1523,549,153,53,26,14,0,0,0,0,0,0"
unhcr_asia_pacific,1896,"3976,5622,7367,8746,9711,11467,17641,46366,209108,755804,2241377,6463977,17220771,38483845,65591220,97819964,128179865,140391574,129838289,102458002,66956810,38731490,21532316,12005636,6884476,3881285,2243793,1332964,751401,397567,209236,112257,60694,32970,18702,10686,5876,2992,1299,422,121,52,23,11,0,0,0,0,0,0"
unhcr_asia_pacific,1897,"4015,5717,7553,9087,10138,11949,18238,46954,203192,702487,1934222,5194649,14039589,33430759,58916797,87507596,120127200,136914363,132086517,112402093,79453831,46942603,26041029,14441935,8219523,4606566,2581577,1515724,867082,465415,244261,130092,70856,38949,21941,12381,6736,3413,1537,521,175,55,24,12,0,0,0,0,0,0"
unhcr_asia_pacific,1898,"3397,5157,7203,8980,10230,12028,17884,45396,199513,694319,1925361,5194721,14005332,33301151,58641803,87021971,119642334,136611245,132152029,113138031,80581229,48157733,27109379,15130237,8634419,4898387,2768804,1631070,945177,509309,264619,140025,75963,41337,23174,13228,7363,3882,1852,716,206,65,28,14,3,0,0,0,0,0"
unhcr_asia_pacific,1899,"3897,5757,7849,9622,10836,12372,17227,38775,172697,640479,1895577,5414190,14755267,34672762,60813635,91487884,124295097,140599049,134398339,111378454,76099347,44561808,24922074,13831583,7910565,4485483,2559512,1520534,874414,466284,242766,129158,69967,37909,21358,12257,6835,3580,1662,602,169,60,26,14,1,0,0,0,0,0"
unhcr_asia_pacific,1900,"4076,5996,8155,10032,11298,13015,18525,40358,164573,609759,1816666,5146212,14195020,33960313,59948973,90214083,123720668,140698818,135267366,113681187,78798185,46242495,25797026,14269255,8158680,4644749,2650131,1578995,917681,492768,256220,136269,74105,40164,22523,12833,7083,3669,1701,619,181,63,28,14,1,0,0,0,0,0"
unhcr_asia_pacific,1901,"4080,6078,8359,10365,11731,13391,18692,41926,180594,658031,1920227,5347774,14794517,35154470,60871570,90545257,123957901,139574228,134085902,114150182,80139365,47224435,26435227,14685440,8405274,4779070,2709640,1604353,929680,498498,258647,137431,74785,40636,22794,13018,7241,3812,1801,679,193,62,27,14,2,0,0,0,0,0"
unhcr_asia_pacific,1902,"4652,6755,9074,11070,12402,13835,18137,42185,192279,684187,1922477,5160927,14096009,33804138,58971349,86768500,120352398,137629692,133868140,118027662,86705399,52023923,28663354,15771262,8981770,5093502,2856244,1675956,980617,531626,276208,145472,79035,43205,24261,13730,7481,3830,1779,647,216,62,25,14,0,0,0,0,0,0"
unhcr_asia_pacific,1903,"4253,6420,8923,11138,12651,14439,19920,43430,181878,650700,1851776,4996196,13864511,33549772,58719419,86638757,120640475,138255725,134563576,119144366,88072541,53233198,29589228,16375646,9317257,5322052,2999586,1760397,1037289,566027,292489,152750,82719,45113,25246,14340,7915,4118,1945,771,239,72,29,14,3,0,0,0,0,0"
unhcr_asia_pacific,1904,"4645,6891,9445,11717,13213,14723,18674,36781,156052,589356,1745490,4797863,13545894,33270724,58653907,87109562,121869362,139905210,136103682,120619371,89145844,53634188,29616237,16271653,9242918,5302869,3001515,1776233,1055068,580252,299107,154649,83478,45490,25489,14515,7942,4069,1862,732,234,73,30,15,2,0,0,0,0,0"
unhcr_asia_pacific,1905,"5062,7409,10039,12349,13852,15703,21553,44436,174522,636119,1868193,5152469,14722624,35532470,61164716,90757870,125772061,141519058,136420629,119407204,86425986,51158958,28257044,15521165,8865351,5106802,2915919,1741613,1036440,568837,293408,151846,82012,44618,24936,14098,7645,3864,1728,661,214,70,28,15,0,0,0,0,0,0"
unhcr_asia_pacific,1906,"4372,6756,9595,12207,13967,16326,23482,48939,181221,645055,1874588,5113115,14526968,35064669,60417555,89277681,124202623,140553239,136082026,121050120,89593477,54065393,30205764,16773121,9534575,5528057,3161652,1876752,1122920,624876,320985,163619,87355,47407,26239,14870,8185,4252,1990,845,254,81,34,15,4,0,0,0,0,0"
unhcr_asia_pacific,1907,"4550,7031,9977,12687,14515,17172,25509,52147,179822,649045,1936981,5414392,15292062,36442487,62317175,93439725,129463735,145020511,139352346,120143014,84758263,49768601,28013050,15585884,8914919,5195673,3015498,1814108,1080150,595945,304873,155762,83089,44854,24858,14115,7805,4044,1875,783,224,76,34,15,4,0,0,0,0,0"
unhcr_asia_pacific,1908,"4731,7284,10309,13136,15027,17286,24895,51331,190213,683559,1997683,5450169,15165226,36060885,61770354,92160792,128432459,144710718,139899300,122387074,87830643,51954461,29162760,16200073,9225897,5371878,3096381,1863783,1115500,621542,318136,160968,85384,46091,25504,14553,8075,4183,1951,795,235,78,35,15,4,0,0,0,0,0"
unhcr_asia_pacific,1909,"4917,7568,10711,13641,15593,17771,24981,47964,159054,588750,1824468,4927081,13866346,34086007,59475469,87869567,123046927,140965521,137241450,125396484,96881195,60233849,33403887,18472859,10379276,6034235,3453435,2048860,1238495,707487,365548,182256,95490,51805,28439,16092,8847,4571,2123,880,284,90,36,15,4,0,0,0,0,0"
unhcr_asia_pacific,1910,"5106,7859,11123,14213,16374,18736,25496,46801,148982,564970,1816749,4994828,14481259,35422547,60823496,89962563,125051130,140996302,136774230,125175147,96791503,60209710,33436394,18517480,10403112,6088021,3530490,2117615,1294803,751241,392496,194131,99858,53780,29342,16592,9139,4732,2193,899,286,92,37,15,4,0,0,0,0,0"
unhcr_asia_pacific,1911,"5029,7868,11278,14561,16945,19774,28324,52954,147839,533685,1740471,4810521,14112289,35148954,60665745,90250378,126168870,142396047,138069302,126492724,97786869,60855141,33908691,18842257,10599013,6208041,3582969,2132173,1295824,746255,386976,191572,98892,53346,29175,16541,9153,4777,2250,942,303,92,37,15,5,0,0,0,0,0"
unhcr_asia_pacific,1912,"5216,8160,11697,15104,17568,20242,27539,49040,134130,480557,1538356,4248688,12285872,31956040,57639458,87104184,125511434,146917652,144215112,131670957,100686633,61850336,34220808,18866776,10573798,6184304,3550328,2113356,1279279,732803,378464,186562,95970,51447,28124,16114,9076,4783,2275,913,290,86,36,15,5,0,0,0,0,0"
unhcr_asia_pacific,1913,"5411,8412,11995,15522,18140,20779,27550,47973,124505,442342,1423591,3938684,11254018,30009290,55758704,85194476,124446390,148741478,147396809,135064996,103760238,63877617,35270981,19364096,10830208,6339495,3630047,2156236,1304121,745946,384547,189076,96597,51429,28068,16127,9141,4863,2349,945,295,89,37,16,5,0,0,0,0,0"
unhcr_asia_pacific,1914,"5910,9041,12503,16046,18818,21339,28464,49587,125451,435479,1399778,3848667,11007118,29626438,55375280,84447365,123564749,148640069,147408683,136417133,106963969,66842795,36657950,20027524,11160491,6529008,3729673,2199078,1330939,760508,392834,193438,98035,51624,28059,16157,9212,4933,2388,960,297,90,37,15,4,0,0,0,0,0"
unhcr_asia_pacific,1915,"5503,8693,12320,16119,19147,21796,28448,48751,123808,434450,1399335,3855133,11018986,29709585,55604131,84852259,124317634,149503843,148152073,137340767,107789755,67580992,37376622,20605441,11526977,6737071,3830169,2230601,1336282,755817,387121,191030,96741,50951,27677,16048,9311,5127,2556,1073,343,91,36,16,6,0,0,0,0,0"
unhcr_asia_pacific,1916,"4202,7310,10930,15060,18742,21786,28557,48618,122397,425433,1366912,3755182,10778501,29313043,55062241,83870769,122821421,148350633,146811532,137405556,110162906,71043185,40202214,22824880,12969755,7517677,4268927,2417850,1412882,790046,403253,199126,100325,52146,27929,16024,9490,5472,2909,1323,469,98,36,20,10,0,0,0,0,0"
unhcr_asia_pacific,1917,"4067,7225,10897,15157,19101,22683,31440,54914,134225,444162,1376474,3759201,10943727,29690256,55586747,84686746,124676832,150330238,148736677,138652521,109849439,70046713,39853333,22839799,13101302,7610413,4332585,2460239,1432870,798847,407537,200532,100274,51540,27448,15689,9330,5419,2928,1339,514,100,38,20,10,1,0,0,0,0"
unhcr_asia_pacific,1918,"3930,7123,10805,15157,19435,25038,39035,73982,173575,532281,1568082,4319316,12212081,31938598,58546112,90998908,133690740,157772591,155153814,137885909,100392295,60741390,35375585,20642529,12151434,7067996,4053731,2325099,1328540,721298,364901,180486,90002,45689,24532,14159,8591,5099,2799,1296,507,100,43,21,10,2,0,0,0,0"
unhcr_asia_pacific,1919,"3508,6651,10496,15151,20361,30224,53369,102354,214784,548415,1464780,3789452,10652047,29501007,55648845,85412311,126923197,153246563,151040425,140581927,111379216,70999142,40776896,23853287,13986428,8104598,4594801,2581676,1474626,810153,411416,201711,100451,50896,27049,15253,9071,5398,3022,1465,616,138,31,17,10,0,0,0,0,0"
unhcr_asia_pacific,1920,"4198,7616,11553,16209,22036,33704,60617,114950,243546,618203,1611191,4164934,11636270,31120488,57716138,89240606,132621480,158057738,155902891,141737917,106695947,65396474,37645466,21850796,12789086,7494128,4324497,2493031,1450246,808488,412297,202960,100620,50627,26737,15116,8932,5204,2848,1323,551,121,54,25,10,2,0,0,0,0"
unhcr_asia_pacific,1921,"3476,6737,10673,15532,22254,35777,66107,125884,264382,646520,1620547,4020641,11147697,30292559,56651622,86975223,129662680,156060053,153818084,142733692,111835029,70479396,40707674,24061625,14249524,8311206,4754697,2709461,1555948,870103,445359,216520,107015,53513,28207,15749,9270,5519,3128,1561,698,206,64,31,14,1,0,0,0,0"
unhcr_asia_pacific,1922,"3595,6966,11036,16042,22071,33571,59115,110032,227652,574138,1484455,3757511,10688232,29657990,55978415,85986847,128533890,155899766,153691855,144055859,115204219,73877292,42594872,25146216,14807905,8641053,4948519,2813761,1621620,916756,471524,228070,111886,55550,29091,16226,9544,5679,3211,1595,711,215,70,29,13,0,0,0,0,0"
unhcr_asia_pacific,1923,"3716,7204,11412,16577,22032,31052,51414,94125,189604,494465,1332763,3490089,9936499,28034484,54480545,85029920,128812060,159139183,158887689,147991639,116631533,73609467,42302186,24817523,14599490,8541357,4930975,2834530,1643831,936487,484142,233059,113218,55675,28854,15883,9317,5560,3164,1580,706,204,68,35,19,0,0,0,0,0"
unhcr_asia_pacific,1924,"3556,7038,11441,16901,22277,29333,45441,80585,158377,420239,1191504,3187233,9262915,27110282,53512820,83690206,127432568,158948505,158800801,149336442,120242187,77157665,44370824,26143602,15397225,9020343,5209082,2988311,1733553,993405,518252,248820,119887,58225,29865,16236,9459,5684,3259,1646,741,222,65,32,19,0,0,0,0,0"
unhcr_asia_pacific,1925,"3396,6853,11264,16795,22408,28245,41180,70761,139401,377088,1115047,3045688,9014253,26802977,53301800,83570314,127691815,159747197,159792805,150714706,121733025,78313346,45216605,26830089,15918109,9363473,5422947,3118943,1808568,1034180,543177,261003,124369,59462,30117,16137,9378,5706,3332,1709,765,219,57,31,14,0,0,0,0,0"
unhcr_asia_pacific,1926,"3796,7513,12075,17708,23413,28454,38681,63052,121678,317896,981497,2790366,8361974,25781413,52237723,82262950,126347374,159683663,159974600,152303748,125622631,82420430,47423272,27871916,16313042,9539752,5538603,3174485,1847245,1059455,553238,263774,124825,60002,30741,16695,9836,5995,3441,1718,739,234,59,34,19,2,0,0,0,0"
unhcr_asia_pacific,1927,"3920,7758,12467,18029,23897,28944,37755,59359,113295,285230,897131,2655853,8036393,25311462,51932455,82520745,128380210,162485053,163236350,154860923,125870706,81387795,46991251,27680109,16257795,9513127,5529319,3181459,1845950,1055192,548998,260893,123066,58872,30163,16469,9763,5997,3447,1715,725,218,59,35,19,2,0,0,0,0"
unhcr_asia_pacific,1928,"3433,7108,11897,17980,24206,29170,36269,53607,99754,252158,817327,2508245,7720212,24818395,51496409,82135925,128505155,163254393,164129090,156011995,127342483,82542879,48098356,28837155,17282141,10197733,5861921,3343309,1901776,1062432,546370,260260,123706,59582,30610,16658,9813,6048,3548,1818,779,255,35,4,0,0,0,0,0,0"
unhcr_asia_pacific,1929,"3257,6889,11760,18015,24540,29804,36612,52983,97212,244926,791383,2416201,7450334,24372871,51008976,81368536,127206893,162724324,163410205,156542148,130391683,86177597,50416067,30435100,18403787,10913600,6230877,3510691,1971305,1086137,553550,265109,127740,62212,32029,17443,10235,6302,3731,1956,848,286,65,16,0,0,0,0,0,0"
unhcr_asia_pacific,1930,"4306,8519,13687,19670,26173,31702,37328,51529,92841,237605,775175,2380493,7327736,24130833,50781470,81421360,127946711,164379466,165501814,159334123,133138207,88172342,51055347,30185502,17922107,10403928,5866225,3234185,1805313,976176,490687,239329,119127,59400,31451,17491,10474,6365,3634,1812,715,218,78,23,8,0,0,0,0,0"
unhcr_asia_pacific,1931,"4438,8778,14106,20396,27267,32920,38651,53286,97032,264598,853187,2513952,7744642,24955580,51692993,82601381,129086151,165203087,166287115,160708395,134511263,89007900,51550065,30532757,18178942,10444963,5792637,3132594,1717403,903435,449870,224711,114948,58154,31125,17432,10446,6376,3662,1855,728,218,82,23,8,2,10,6,0,0"
unhcr_asia_pacific,1932,"3877,8027,13392,19874,27023,33050,39172,54009,99358,280836,878057,2514268,7651545,24068902,50715507,81608590,128412613,167481962,171147439,164666714,136426074,89054475,51813135,30971227,18666731,10815928,5972347,3275286,1791146,944204,468519,230394,116481,57809,30359,16877,10070,6240,3680,1918,799,285,88,23,10,8,10,6,0,0"
unhcr_asia_pacific,1933,"3365,7262,12632,19134,26550,33099,39345,53693,103521,307837,1009750,2973350,10173225,30935393,58261874,91797665,140328389,166247022,162830070,157686092,129329989,84309541,50375274,31221254,19387998,11453766,6335252,3510806,1916442,1015128,503995,244039,121558,60015,31055,17155,10131,6353,3837,2077,922,365,100,33,22,19,10,9,0,0"
unhcr_asia_pacific,1934,"3465,7475,13003,19692,27264,33948,39677,51113,94782,290442,971000,2888414,10047485,30851608,58298656,92217573,141612437,168148475,165056626,160203846,131326477,85366935,50913948,31527886,19503838,11543514,6417231,3577416,1972213,1071004,540555,259226,127096,62408,32130,17791,10489,6537,3915,2080,936,379,104,32,20,10,6,0,0,0"
unhcr_asia_pacific,1935,"3243,7202,12778,19391,27064,34281,40033,48172,80433,248487,836621,2488702,8027959,25801639,53056928,85643693,136020315,173327064,175550480,169128440,137748693,88440309,52401824,32242178,20001159,11915674,6613189,3715007,2053706,1125400,574823,272854,131551,64355,32926,18324,10829,6774,4106,2218,1029,439,134,57,41,38,30,24,0,0"
unhcr_asia_pacific,1936,"3041,6915,12533,19401,27439,34816,40872,48140,72024,200307,680186,2053131,6421350,21561154,48255438,79665989,128308919,173241533,180756375,175027822,146879662,96299118,56445249,34526693,21340026,12841472,7165320,4023009,2231817,1229133,635848,304053,145719,71224,36206,20079,11666,7179,4314,2350,1122,487,166,61,41,37,30,25,5,0"
unhcr_asia_pacific,1937,"2765,6607,12268,18777,26559,34522,41082,47864,68192,175174,622305,2008456,6380154,22398117,49596751,82044094,134116797,177469302,183014573,175939080,144062199,92917583,55594260,34790266,22016510,13455621,7566035,4290382,2392683,1320170,687380,329904,156674,76031,38244,21096,12036,7280,4358,2375,1181,531,195,78,37,33,30,23,15,0"
unhcr_asia_pacific,1938,"2017,5856,11343,17976,26165,34576,41531,48846,70944,188183,670794,2153316,7049183,24508495,52124479,85932665,140569904,180902235,184415557,176354833,141000050,89018020,53526128,34258849,22327976,13983979,7950033,4570588,2560455,1400318,730635,349631,162867,77405,37531,20616,11500,6756,3953,2154,1147,551,182,53,30,25,27,20,17,0"
unhcr_asia_pacific,1939,"773,4349,9195,16466,25481,33926,41630,49735,72329,187631,670891,2137077,7321249,25881763,53803519,87921341,142984201,180772079,181806733,175474708,141792108,89636964,53068000,35147527,23880065,15747726,9262360,5255529,2960723,1576715,802016,383442,180078,84709,38739,20454,11065,6141,3433,1822,1012,530,222,48,21,27,20,20,15,0"
unhcr_asia_pacific,1940,"796,4472,9456,16148,24811,34105,42129,50501,74905,186512,658714,2135803,7605258,26902355,55004837,90081319,146632036,181839085,181178518,175020809,141349878,89733243,53832419,35872801,24395256,15960700,9379902,5314201,3015552,1626662,850539,408870,188273,87823,39914,20840,11353,6369,3584,1956,1115,558,230,75,42,36,31,27,19,0"
unhcr_asia_pacific,1941,"552,4215,9096,15829,24205,33684,42356,51033,77922,194708,681480,2211143,8234294,28431867,56788552,93192774,150652882,182361684,180203297,173899198,140088396,88751981,53424126,36025233,24808097,16350551,9779992,5585538,3223362,1760268,955859,469564,212378,96780,43339,21463,11473,6283,3462,1898,1095,557,244,82,45,39,34,29,19,0"
unhcr_asia_pacific,1942,"568,4334,9352,17009,26763,35933,44030,54071,98759,314728,1021050,3044572,11480940,33838549,62661220,100225154,154548567,179289290,175450344,170587003,137359226,86482193,51649954,35062368,24373403,16018882,9653970,5728191,3380351,1899275,1079186,555360,245932,106051,46370,22437,11778,6516,3650,2046,1148,600,284,77,44,43,35,30,14,0"
unhcr_asia_pacific,1943,"865,4861,10278,18106,28101,37625,45713,58273,130397,416616,1238308,3938100,14912158,38798985,68194890,107740087,158527108,174874842,170265426,165348195,133627607,85079088,51630192,35251922,24336683,15758431,9348396,5606166,3317108,1897146,1101829,579546,257203,109775,47891,23133,11892,6496,3675,2125,1205,623,262,84,48,45,37,30,18,0"
unhcr_asia_pacific,1944,"890,4997,10925,20238,30594,39277,49962,92381,266409,716446,2240533,6729603,19195172,44111268,72943020,111315038,158873010,171643330,168295712,163229006,131217453,82529513,49812217,34204731,23699424,15471320,9261513,5482391,3209126,1811756,1037421,526041,229826,98923,42504,20160,10237,5456,3049,1788,1017,512,191,56,34,23,15,10,1,0"
unhcr_asia_pacific,1945,"18480,26871,36346,45002,50361,54745,68405,147728,396913,1014857,3379076,8664876,22604999,48555105,77405406,118588869,167427985,178465810,178405433,170797254,131997257,78526210,42838418,22971866,12619141,7233388,4475558,2971604,1999717,1291490,769184,368679,155734,71488,35620,17896,9318,4676,2284,1061,463,202,90,48,32,21,12,8,0,0"
unhcr_asia_pacific,1946,"16545,26259,37143,45578,51556,56474,67898,135936,369447,952707,3204959,8869664,24413801,51521712,81703316,126870325,174515989,180865852,180956866,167205305,122816773,71775388,40497007,22257670,12310984,7266855,4558608,3024486,2022791,1281843,728136,333577,139310,64794,32694,16864,8893,4291,2034,899,329,107,43,17,8,0,0,0,0,0"
unhcr_asia_pacific,1947,"15348,24981,36334,45559,52092,57208,64105,99719,268865,776538,2462494,8496188,26451318,53767380,86527655,136643338,177574954,178178302,179235530,162577404,117783536,70030849,40749352,23003768,12717003,7504086,4782370,3210795,2163060,1379440,798349,371797,153662,70124,34785,17571,9063,4275,2048,913,316,70,29,7,0,0,0,0,0,0"
unhcr_asia_pacific,1948,"12544,21097,32152,43244,50916,56784,62746,77179,155990,525366,1654657,6473665,25115689,52342308,86860046,140962129,179701366,177719003,177888693,161148802,117266043,71626472,43458508,25618846,14450396,8362021,5242942,3405410,2256955,1452646,857330,407893,165777,73499,35507,17631,9185,4439,2223,1029,384,95,26,9,0,0,0,0,0,0"
unhcr_asia_pacific,1949,"11314,19686,30403,42118,50950,57214,63483,80271,174125,578216,1780196,7574694,27619950,55069643,90901676,144982261,178648952,174655832,174837221,158303090,116466412,72782481,45192542,27297237,15643293,8917837,5626601,3695846,2447146,1593270,968590,481495,197609,83951,39444,19008,9717,4785,2435,1147,435,168,54,10,1,0,0,0,0,0"
unhcr_asia_pacific,1950,"9426,18130,29974,41985,50990,58256,65160,82389,174706,593600,1891112,8955218,30789537,59073533,98257287,152878243,178263357,172481610,171956053,154646615,112816202,71113174,45802427,28784518,17111274,9701990,6125771,4011787,2630007,1716316,1063883,546354,229243,96366,45340,21545,10839,5438,2743,1330,566,226,90,31,14,7,0,0,0,0"
unhcr_asia_pacific,1951,"7739,16135,28165,40399,50246,58423,65650,75942,123642,365065,1183132,4104405,18922405,46315130,79534005,133883323,188098941,192917937,190385013,173183136,125070606,76405910,48538099,30945209,18966015,10758720,6672647,4292558,2719652,1756720,1089520,559008,233147,94920,44626,21152,10726,5367,2757,1381,610,234,53,13,0,0,0,0,0,0"
unhcr_asia_pacific,1952,"6200,13589,25302,38256,48816,57867,65948,75084,111062,300962,968401,3102085,14050186,40252786,72679175,122917606,187564066,204917551,201063520,185258438,134391344,80865148,51263561,33269812,21099548,12276777,7465998,4721006,2877724,1798275,1097732,552330,229641,93726,43856,20936,10759,5477,2892,1495,694,285,45,3,0,0,0,0,0,0"
unhcr_asia_pacific,1953,"5307,11781,21574,34554,47373,56757,65234,74220,99297,237071,752234,2362972,9822791,32973645,64648331,108789260,178030992,211369820,208883119,199101707,152908758,93350402,57249815,36759784,23442152,13828047,8187025,5184354,3122315,1937349,1187055,609615,255679,102255,46406,21922,11042,5612,3016,1592,766,327,45,4,0,0,0,0,0,0"
unhcr_asia_pacific,1954,"4380,10464,19939,32944,46526,56611,65606,75691,103793,258368,865336,2748082,14142033,41427009,74749954,126814670,192213542,206114160,202563449,191808459,146082324,89467606,56603023,37838994,24831862,14987496,8763134,5675093,3451732,2147386,1333415,716770,309480,121447,52831,24570,11879,6110,3285,1722,830,371,63,6,0,0,0,0,0,0"
unhcr_asia_pacific,1955,"3182,9227,18243,31265,45468,56286,65839,75794,100393,228047,738915,2308282,11254504,37192867,70287014,119524161,191626938,216495408,213199838,203521683,154514141,93182828,58125078,39297746,26441273,16398766,9527951,6172840,3755458,2305547,1437219,793261,347266,135231,56310,26093,12228,5970,3155,1680,861,412,105,25,10,5,0,0,0,0"
unhcr_asia_pacific,1956,"2133,8069,16659,29833,44470,55922,66121,76372,99177,216695,685390,2115789,9975511,35196245,68437796,115436177,188951862,220316951,216781846,210145774,164417004,101044793,61809689,42136778,28784706,18338919,10747326,6819661,4138111,2481458,1526193,842272,371954,147087,60329,28198,13308,6472,3263,1732,891,424,136,25,10,4,0,0,0,0"
unhcr_asia_pacific,1957,"836,6379,13860,26575,41613,54138,65302,76447,97027,193571,610143,1914638,9286580,34573957,68285478,117317429,195334057,228856783,226056980,216369205,165038929,99154931,60369745,42344305,30224143,20161236,12255386,7602618,4636117,2704057,1624135,894465,399291,160104,65309,29540,14065,6830,3103,1603,833,420,141,27,10,3,0,0,0,0"
unhcr_asia_pacific,1958,"493,5926,13154,25769,41101,54291,65730,77357,100594,212500,659197,2018240,10934446,37876621,72459698,122602979,197966762,225788498,221135363,216828046,171926638,105873861,63703298,44872728,32190570,21702328,13260173,8165560,5021671,2930326,1754222,985675,449079,180589,73103,32759,15538,7627,3468,1655,874,417,135,33,12,3,0,0,0,0"
unhcr_asia_pacific,1959,"0,4139,10830,23061,38546,52395,64765,77780,103181,216528,660787,2095678,13424463,42108150,77652491,132906474,205130823,223139075,219674329,215150639,170689695,105329457,63578565,45374290,33813572,23810382,15161521,9260999,5729100,3331867,1948323,1105210,516395,211157,86142,36749,17448,8645,3932,1721,896,443,160,44,14,6,0,0,0,0"
unhcr_asia_pacific,1960,"0,1796,8054,19316,34729,48985,62341,77631,107175,234687,714169,2855476,18282404,48129082,85608925,147418729,206775178,212732187,211504484,207554823,169647178,108048176,64975419,46049450,35763471,26601426,17885326,11121275,6770000,3967391,2229510,1253505,600302,251102,104267,41575,19021,9418,4346,1710,871,448,192,57,19,10,1,0,0,0"
unhcr_asia_pacific,1961,"0,172,5750,15380,30442,45078,59711,81260,137513,352766,1157612,9834247,33165709,64709383,114800436,173270916,191251686,190595236,190228898,189119664,163377852,109694695,66432790,46355498,36705675,28844310,20715733,13468126,7902147,4665707,2518948,1333942,631717,274833,119779,48133,20236,10180,4796,1867,886,463,219,68,23,9,0,0,0,0"
unhcr_asia_pacific,1962,"0,0,3664,13010,27545,42127,56857,77798,129894,327535,1001358,8274229,31174518,62678232,110689806,172806237,196797066,196146641,197114873,196631904,169398166,112731982,67545487,46466844,36722895,30122977,22570098,15366080,9102900,5411820,2957389,1560847,752432,328811,143574,59154,22106,11092,5163,2025,920,481,236,68,28,7,0,0,0,0"
unhcr_asia_pacific,1963,"0,0,2441,10872,24783,40135,54624,73354,111626,265268,785135,4748446,25546844,57181083,99662864,166609930,206591154,205921002,205887081,206363264,180870143,123456001,73084610,48819874,37636368,31469970,24187896,16936537,10211858,6036415,3358715,1762470,854652,377569,166892,71367,26110,12966,6124,2468,959,492,252,69,20,0,0,0,0,0"
unhcr_asia_pacific,1964,"0,0,550,7640,19937,35606,50016,67259,96020,199879,577788,2485984,18647571,49770556,88679678,153752464,212913815,221051365,217664722,219743259,194437543,133578493,77490399,50165376,37518794,32457820,26337390,19523223,12510784,7221855,4161225,2164709,1050427,470279,210612,93246,34327,14553,6904,2832,1010,569,322,102,39,5,0,0,0,0"
unhcr_asia_pacific,1965,"0,0,184,6909,18806,34846,49422,65734,89750,166945,458736,1453673,12934118,42984965,80217371,140073514,219624797,244108133,239777546,241653413,203320914,131203891,74967734,48456311,37025884,32784063,27186707,20619827,13557078,7823060,4559615,2393555,1173127,530539,238667,107669,41370,17340,8508,3734,1245,625,373,121,46,10,0,0,0,0"
unhcr_asia_pacific,1966,"0,0,0,3340,14098,29527,44399,61186,87525,172107,479200,1705441,15372442,46853600,85326169,149615239,228940984,247568533,245451955,244902876,201505975,128117347,73860917,47359671,35869275,32017961,28546501,23176526,16297972,9488839,5532265,2943813,1403573,634504,291573,136901,56458,20169,10228,4639,1699,705,428,152,62,30,10,9,0,0"
unhcr_asia_pacific,1967,"0,0,0,1482,11065,25611,40991,57940,86520,183039,510135,2068777,18091325,50929327,91322717,159415067,231601134,245202391,240307958,241181282,207180831,137153622,78052482,49338725,36272959,31725121,29481758,24981251,18483746,11151626,6381504,3492333,1649679,735931,339077,163026,70125,24718,11632,5483,2192,743,447,173,87,44,23,19,0,0"
unhcr_asia_pacific,1968,"0,0,0,0,7201,20081,36144,53226,84929,193652,546262,2942161,22181589,56321572,99714671,173708034,233626363,239641496,235504098,234051603,207767237,144704721,83898360,52149888,36934449,31228564,29976372,26979468,21471517,13956442,7847707,4441416,2152152,941579,428983,210532,96558,36262,14515,7259,3179,1019,486,213,98,57,27,19,0,0"
unhcr_asia_pacific,1969,"0,0,0,0,3730,15458,31825,48543,76339,161708,448309,2180535,19204363,53093531,95652402,168481061,233519306,244283494,238612410,238074101,219019778,159956358,93663101,57316951,38803983,31558749,30017440,28386116,23836115,16424359,9387103,5318456,2669728,1151391,516865,256939,123043,50217,17750,9062,4184,1539,492,237,102,59,31,19,0,0"
unhcr_asia_pacific,1970,"0,0,0,0,1054,11595,26632,42649,65031,119314,305838,902094,9987177,40478961,80165268,141484859,229170009,268538432,260638790,262881222,239257465,171777699,99462621,60094532,39911180,31258499,28469567,28343308,25545325,18873607,11375804,6294273,3303277,1393040,591514,289978,142770,60085,18983,7334,3090,884,512,270,117,75,39,26,1,0"
unhcr_asia_pacific,1971,"0,0,0,0,620,9504,24232,41481,62764,111238,275779,798284,8230479,37890881,78143342,138048415,233399030,283236110,275341465,278211937,247434426,170662966,96778281,59423797,39953287,31437892,28668712,28918985,26582662,20123814,12385407,6843306,3671614,1575517,663354,322582,160605,69592,23344,8951,3922,1255,525,360,118,66,38,22,0,0"
unhcr_asia_pacific,1972,"0,0,0,0,0,7405,21154,39350,61333,112928,293567,969344,11841055,43688652,86068685,154064309,249369603,286049225,281594162,283621477,243615822,160478699,90859577,57379743,39204358,30898539,28206043,29316108,28036900,22074499,14118685,7746011,4229945,1843594,763903,372568,190754,87229,32288,11778,5578,2183,556,393,144,68,29,6,0,0"
unhcr_asia_pacific,1973,"0,0,0,0,0,4595,17189,35560,56483,97345,233749,685732,7848383,36169667,77165414,138925773,239855692,296167285,293231063,297888813,260790885,175584544,98660883,61746961,42390799,32586384,29012497,29787891,29333212,23972748,15921015,8806679,4856353,2192650,893183,426356,220443,104521,41359,13754,6800,2843,699,452,246,87,46,13,0,0"
unhcr_asia_pacific,1974,"0,0,0,0,0,5390,17401,36541,59010,102811,241473,712770,9730011,39537223,81612478,148211028,250375059,300508373,298729200,301998538,261229127,174216415,98239903,62177867,43514269,33708578,30174028,31003964,29887262,24082494,15788542,8744266,4853054,2207176,920047,441179,226745,107227,42656,16215,8263,3575,1028,512,325,110,72,35,3,0"
unhcr_asia_pacific,1975,"0,0,0,0,0,4586,15554,34348,57579,99574,223015,622539,7890261,36703420,78723397,142651311,245192936,304129196,301130659,306421552,274575235,190721240,108054602,67174130,46433521,35281700,30858063,31297239,30589261,25023785,16673817,9269955,5142928,2359552,970284,460865,238292,113857,45946,16143,8204,3525,981,494,332,123,86,56,1,0"
unhcr_asia_pacific,1976,"0,0,0,0,0,3819,13219,30764,55623,96437,213223,692544,11745149,42769406,85569085,157141755,252858216,296429931,297730578,303761425,273832372,193014220,111011907,69504929,48416909,37118306,31824347,32076683,31947694,26584735,18121771,10246582,5693242,2700309,1123279,533058,279967,139016,60881,23364,12564,6030,2325,730,508,198,123,78,15,1"
unhcr_asia_pacific,1977,"0,0,0,0,0,3104,11733,27290,51743,87784,184860,517763,9614736,39433078,81067542,149644438,246632598,296882132,299665303,307993730,286228903,211073517,123339505,75302771,52111435,40046208,33530488,32742450,32722296,27495401,18957984,10806040,5980506,2855065,1170922,549825,289747,145819,65030,24405,12915,6172,2273,894,626,279,153,98,27,5"
unhcr_asia_pacific,1978,"0,0,0,0,0,1790,10049,23155,45778,78144,148234,374082,4640011,29611019,69376552,128406622,228941656,306773677,313856317,323276935,306532631,232012921,136239332,80877046,55322774,42158600,34566672,32289904,32875436,28577018,20313098,11923831,6537133,3212301,1295820,582111,303033,154063,68882,24256,11336,5250,1700,939,656,327,158,101,37,6"
unhcr_asia_pacific,1979,"0,0,0,0,0,1223,9339,21245,42863,73993,134000,323509,3478157,26536628,65760840,122841399,229654001,324299234,336859838,350692793,320143153,224072556,125727311,76463093,53374037,41786895,34419547,31670870,32800684,29078586,21038003,12615676,6873927,3445736,1385045,605963,315475,161732,73528,26460,11825,5591,2412,1310,866,488,210,136,62,15"
unhcr_asia_pacific,1980,"0,0,0,0,0,715,8604,20611,42348,73668,125608,274111,2490194,23353347,61295182,116377183,220336535,325367185,344723810,360358557,335676195,240954844,136560189,82182538,56548198,42784433,33860779,30585886,32197394,29223879,21674705,13271527,7181400,3667836,1488654,645470,335902,181460,104994,63435,38285,22871,13550,8132,4882,2943,1754,1040,618,361"
unhcr_asia_pacific,1981,"0,0,0,0,0,476,8284,19718,40738,71657,117464,240407,2786008,24949461,62770546,118783455,224417558,326074857,346081711,365720633,343676674,249570576,142900857,85826940,58449078,43814573,34373179,30584173,32268107,29660140,22249342,13773555,7457042,3855079,1568734,660039,335135,178480,101331,60380,36188,21767,13082,7863,4711,2833,1687,1000,593,348"
unhcr_asia_pacific,1982,"0,0,0,0,0,0,5876,16467,37108,70069,115856,235091,988175,16836878,54654364,106001007,200033749,323003170,367875839,387706578,363958173,269303078,155755287,90792408,60588383,44738812,35089709,30582883,31568752,31229772,23651114,14669261,8058249,4242940,1792974,744070,370261,196871,108366,64564,38660,23254,13974,8412,5037,3035,1806,1073,638,377"
unhcr_asia_pacific,1983,"0,0,0,0,0,0,4602,14873,34633,66811,115255,234235,568611,8476253,43208682,92828416,171014743,304690579,385421321,409518150,389145703,295651427,175035858,98920542,64266717,47160807,37176548,31752353,32491477,31734361,25000321,15757869,8525437,4548559,1990875,806732,398047,214014,116095,69190,41451,24919,14981,9014,5396,3249,1934,1151,685,405"
unhcr_asia_pacific,1984,"0,0,0,0,0,0,5119,15115,33240,63882,109130,227429,572487,2106640,24475611,74175189,137995668,272008970,403657908,454681899,435151307,319709654,188502194,105538956,65546784,48065290,37984299,32493155,33025581,32401191,25695339,16643848,9066555,4883113,2137335,843370,419301,230098,124672,74103,44460,26730,16072,9670,5789,3493,2076,1227,737,438"
unhcr_asia_pacific,1985,"0,0,0,0,0,0,2681,12412,27692,57186,104908,223544,567279,2951345,21186288,64295174,125375510,248212027,399161651,473678492,468746745,346206605,202356943,111927626,67950165,48082272,38135182,32971884,32726813,33090589,27013842,17738389,9686123,5223826,2299336,918323,445340,241116,129368,76543,45909,27612,16602,9994,5983,3609,2145,1271,764,453"
unhcr_asia_pacific,1986,"0,0,0,0,0,0,1817,11217,25324,53242,102723,229028,598415,3298804,21834801,60442858,118966966,236735318,393413209,485459221,491120601,368219026,213789643,117665575,70524614,48562998,39003138,33267448,32757526,33764124,28234397,18353989,10269012,5572148,2467982,979610,473578,257309,136219,80218,48226,29025,17465,10521,6299,3798,2268,1348,807,477"
unhcr_asia_pacific,1987,"0,0,0,0,0,0,0,8511,21955,46772,97705,239050,636196,2223480,19326420,56019474,111230477,222388280,385356348,496530311,514869091,397448182,227771611,125274293,74412202,49221460,38202368,33633784,32742428,34364171,29402156,19868049,11460126,5922436,2582868,1027299,473773,264761,146353,85973,51685,31111,18739,11293,6797,4084,2449,1446,871,517"
unhcr_asia_pacific,1988,"0,0,0,0,0,0,0,5700,19113,41950,102327,261947,683091,1582491,12521156,46745676,99756429,199905300,366793547,503922230,542749081,436656295,252003901,137829586,80121574,51359472,39232861,34212231,32121680,34697886,31185908,21290312,12630900,6613202,2933487,1184997,540820,293884,158020,90310,54288,32688,19691,11879,7156,4297,2580,1526,919,546"
unhcr_asia_pacific,1989,"0,0,0,0,0,0,0,7106,19663,39901,92010,266805,709792,1526390,12826636,60487161,131869183,261992171,415433115,501633038,503103576,389531623,235817015,134033119,80113114,52753501,40084885,35149508,33561857,34392624,31228924,23120922,13783176,7209294,3577166,1429691,621050,323412,175841,99251,59854,36170,21870,13229,7999,4830,2909,1735,1042,626"
unhcr_asia_pacific,1990,"0,0,0,0,0,0,0,2276,15053,36231,96661,296613,768615,1674286,10885410,57117924,128643362,254388116,410928836,511171147,521461608,408689180,248859292,140292835,83118678,53884943,40057849,35180648,33760065,35924100,33238530,25013718,14989178,7981834,3727901,1544788,668772,346278,190898,105846,63740,38458,23237,14048,8495,5122,3089,1846,1105,665"
unhcr_asia_pacific,1991,"0,0,0,0,0,0,0,4609,17644,38254,89510,293415,785255,1628972,10612613,54264908,121476985,244291986,407565049,523082370,538127377,426102784,261410401,148925812,86846364,55087249,40670662,36114145,36091949,35950414,34010711,25881035,15610897,8239620,4168847,1741060,752685,382330,206356,114314,68518,41170,24771,14927,8985,5401,3258,1941,1161,697"
unhcr_asia_pacific,1992,"0,0,0,0,0,0,0,1629,14741,34724,90022,304780,804500,1655788,9409320,50541469,114343241,228583774,396612180,528708467,552193509,450710006,280383174,160693401,92933432,58130443,41854917,36023448,36080773,38083278,34678157,26507823,16428867,8813139,4180222,1784974,762961,383772,212572,118151,70625,42325,25420,15297,9205,5527,3325,1981,1187,712"
unhcr_asia_pacific,1993,"0,0,0,0,0,0,0,3499,16581,36922,96561,334525,869216,1813901,8887532,47944055,108583147,215816978,390791482,536718452,566321169,463909210,296129019,173094184,99000645,60400262,42643676,36701970,37107989,37685013,35359251,27615138,17178724,8926825,4536356,1931964,836828,423860,229714,124755,74117,44347,26597,15986,9619,5773,3471,2073,1243,743"
unhcr_asia_pacific,1994,"0,0,0,0,0,0,14,1110,12808,36129,119946,444240,1151414,2266650,7678579,35623098,92957683,190429098,350566213,532756913,600676627,502702874,326616065,192504086,108826992,66067644,45313006,37550768,37159694,39450081,36368424,28487955,17726590,9545370,4556182,1993786,848309,420572,234800,129023,76518,45695,27365,16417,9870,5933,3557,2127,1269,761"
unhcr_asia_pacific,1995,"0,0,0,0,0,0,4,1640,12134,31276,107404,400196,1022918,2069046,5018738,27455113,83186368,174610694,325878544,520395385,618590022,530154283,352982290,212222754,120561494,72567291,48919139,39317555,38042414,39711350,37374680,30526189,19621659,10019690,5071783,2205561,936843,470748,258059,139897,82113,48983,29321,17587,10562,6357,3814,2284,1355,808"
unhcr_asia_pacific,1996,"0,0,0,0,0,0,1,1015,11570,30340,103208,385207,985305,1997095,3899158,20016933,71978115,162318261,307546831,509880421,627026859,552392610,378701540,230727108,133346085,79211174,52824675,41640477,40076350,40512798,39522180,31368600,20504930,10823595,5438131,2395974,1027783,512873,278305,150226,87930,52348,31268,18728,11230,6753,4049,2420,1443,855"
unhcr_asia_pacific,1997,"0,0,0,0,0,0,1,119,11064,33528,104956,377368,967255,1972397,4076093,21956529,75178526,164499117,309260251,512167774,627150771,553741954,383959990,239240891,139786510,83386763,55837480,43548077,39954219,41305345,41154402,33221370,20587850,11488430,5487575,2383468,1031117,514307,286804,155207,90599,53835,32103,19208,11507,6904,4143,2471,1473,880"
unhcr_asia_pacific,1998,"0,0,0,0,0,0,0,1777,14410,36792,102788,352862,926639,1940441,4417263,25120295,82854349,177154266,324724229,514233691,621430411,547411520,384962164,243131198,145727282,87301587,59004442,46307711,42221221,41320491,38835316,31483279,20218400,10591109,5449712,2398970,1006045,503278,279034,152676,89685,53556,32088,19282,11601,6980,4203,2530,1517,901"
unhcr_asia_pacific,1999,"0,0,0,0,0,0,0,799,12758,34804,108365,358966,896474,1810581,5014680,24364624,79588395,161561236,299819782,514576533,639000610,567059273,398985898,255129504,157873467,94154397,60251665,46524550,42553132,42352399,40791223,32782709,20882109,11146993,5723755,2506941,1063100,533407,291393,157672,92428,55098,32983,19795,11913,7175,4313,2601,1550,920"
unhcr_asia_pacific,2000,"0,0,0,0,0,0,0,16,8903,26914,77573,240263,667439,1603618,4792938,22088180,74093449,154859997,292146029,512989263,640784350,572477071,411829711,269131447,170682430,102527058,64844271,48285809,44171634,44542343,42632586,33772496,21972020,12249668,5956651,2668115,1123204,535686,296870,164416,96255,57207,34144,20459,12300,7390,4436,2666,1597,949"
unhcr_asia_pacific,2001,"0,0,0,0,0,0,0,4,7006,24959,74706,229521,611182,1426436,4179831,19417854,68214435,146967428,282389902,508845671,642146418,581252226,423907922,282914046,185273475,113304814,71084577,50755190,45101908,44969460,44016845,35978444,23575642,12894678,6295861,2766814,1164976,559621,310014,168826,98309,58504,34961,20963,12613,7587,4556,2743,1642,971"
unhcr_asia_pacific,2002,"0,0,0,0,0,0,0,1,9358,31101,79082,216402,529727,1148829,3305683,16028087,59740683,134323324,261103294,485033808,644706674,596054425,442538316,303492692,203921621,128697964,80907742,55427086,48353570,47721762,45766751,37255960,24443730,13853646,6720024,3004371,1261170,584343,320964,175757,101181,60081,35830,21466,12901,7759,4654,2793,1670,991"
unhcr_asia_pacific,2003,"0,0,0,0,0,0,0,306,9523,24615,64579,197398,576409,1306661,2954496,11744331,46124739,117996128,243846910,470620659,643461385,609503603,461154326,324438095,222059520,143176034,91059609,61610085,51877761,49670941,47551698,38142860,25679619,14080911,7114134,3257085,1354009,636975,344811,188406,107514,63738,37960,22706,13628,8206,4905,2950,1766,1046"
unhcr_asia_pacific,2004,"0,0,0,0,0,0,0,0,7841,23106,61466,177537,511494,1185075,2443503,8166431,33272761,100028630,227873874,454432828,638415203,623208194,481655359,344051953,240228583,159834044,102976801,67752144,54349625,51187415,48373985,40068154,27520879,14775865,7469748,3457650,1468141,700472,373771,202401,115485,68526,40891,24501,14746,8910,5379,3261,1979,1196"
unhcr_asia_pacific,2005,"0,0,0,0,0,0,0,0,5626,21487,57493,154697,428835,1014759,2096681,5994582,23984962,81500712,202420173,421188377,631699334,641165769,508261598,367653748,261073974,176503812,115583797,75836499,58374205,53626745,51356080,41870292,27593002,15877202,7956555,3735701,1606022,728912,391942,216017,123936,73449,43814,26273,15835,9594,5830,3545,2168,1323"
unhcr_asia_pacific,2006,"0,0,0,0,0,0,0,0,6143,20071,49789,127374,351799,885824,1970441,5967357,23028680,76383972,191871026,402862736,616293351,645797963,519423286,381596590,278995800,192308858,126760682,82796606,61412833,55185386,52368445,43758887,29579314,16951890,8801705,4139010,1808692,858639,449421,239746,135772,80418,47967,28783,17371,10528,6407,3914,2408,1484"
unhcr_asia_pacific,2007,"0,0,0,0,0,0,0,0,4079,18049,44517,108440,278078,729768,1656250,4920965,19803785,67119216,174910896,370782103,598057488,652363788,534890194,399095821,300465140,212535078,143847845,93576625,66377556,57459455,54682153,45656263,30818405,18303324,9204426,4229072,1901578,906962,482186,259823,147993,88000,52784,31909,19429,11916,7366,4582,2885,1835"
unhcr_asia_pacific,2008,"0,0,0,0,0,0,0,0,8050,21516,46532,101004,230461,617492,1472255,4414705,18510420,62801736,164619640,353111613,582526592,655679045,548047817,413589607,315076808,226747288,156238383,102229699,72121630,61743548,55341908,45278896,31514250,18070942,9504174,4503498,1988361,953023,500001,268773,152765,90889,54576,33038,20161,12406,7693,4826,3058,1968"
unhcr_asia_pacific,2009,"0,0,0,0,0,0,0,0,6655,22945,47213,77649,163754,494337,1316839,3505535,14532702,53672544,153813775,332794306,568336587,657683656,560690543,426624688,328973364,243125014,171568811,114413951,80430455,66523865,58152173,48145849,31468506,18177629,8900142,4070430,1854520,837475,422529,237019,139541,83872,51044,31431,19574,12339,7873,5093,3330,2214"
unhcr_asia_pacific,2010,"0,0,0,0,0,0,0,0,0,25,1261,14952,82264,372341,1128308,2948256,11760531,44671852,130961733,295637852,535687071,651375009,571593231,451984431,352640707,270095043,194583058,129926422,92702666,74033458,62963816,49093302,33464648,19664839,9506859,4413713,1920839,869846,454808,251022,146004,87449,53487,33434,21363,13944,9310,6345,4410,3135"
unhcr_asia_pacific,2011,"0,0,0,0,0,0,0,0,5,2051,4356,15458,70406,342368,1055535,2545890,8470371,31783892,106908081,261213220,497609270,641763448,601331467,483772964,378413673,296724576,216334915,149742732,101464359,74653311,63440953,49107626,33707806,19747940,9797193,4540419,2107327,1024253,530665,288929,166671,99632,61368,38994,25534,17224,11932,8470,6152,4555"
unhcr_asia_pacific,2012,"0,0,0,0,0,0,0,0,3044,18457,41332,72912,128970,345005,972220,2311799,6797527,25747685,91854533,237985983,468341717,626975571,611912470,499570054,394602051,316633644,238087591,167866454,115744988,83783667,67273887,51908368,34751406,20102272,10006698,4701202,2176883,1042664,529325,277204,153817,91021,55202,34435,22087,14593,9916,6919,4950,3633"
unhcr_asia_pacific,2013,"0,0,0,0,0,0,0,0,1194,3660,6483,16545,65147,206167,593214,1532395,4109703,13264225,55284186,184661041,424743065,613784346,619267040,533101568,434449440,350576140,267134080,189789950,131572893,96054646,75361570,55105731,36684640,20648274,9867054,4338579,2031605,961763,479030,252391,144998,84802,51109,31835,20497,13617,9330,6569,4743,3515"
unhcr_asia_pacific,2014,"0,0,0,0,0,0,0,0,7471,25600,37390,51709,86737,196051,534116,1376083,3604494,11543055,46251944,159881070,389741573,597833243,621627950,546121824,452949352,372633081,289211987,206802489,144582299,105139026,80364944,59349079,38352664,20984727,10444848,4708690,2190460,1036219,495215,254876,144654,83474,49648,30566,19475,12858,8772,6176,4481,3332"
unhcr_asia_pacific,2015,"0,0,0,0,0,0,0,57,1833,4253,5776,10781,34560,131136,462424,1297252,3389949,10343341,37510353,130658197,338133039,575123341,639669478,572573588,472630794,391532961,309870023,228655381,156190374,111543262,83251560,62907438,40097975,23150261,11320694,4929081,2262959,1081194,551924,289260,166356,101189,63225,40484,26560,17841,12254,8611,6181,4516"
unhcr_asia_pacific,2016,"0,0,0,0,0,0,0,0,1359,2114,3379,7923,29341,117556,435374,1263977,3157993,8896656,30973157,111044013,298368593,546637685,644397293,591411925,494602387,412865683,327855494,244346466,170248714,118471681,89680690,65644094,42022211,24966458,12056433,5530640,2588094,1233059,625158,361640,230493,149580,98508,65798,44577,30642,21394,15184,10949,8017"
unhcr_asia_pacific,2017,"0,0,0,0,0,0,0,74,1890,4546,7930,15414,53301,145635,455614,1236954,2924174,7634062,25793910,93722449,263006255,520563731,652127005,610838354,508925898,425767378,343078512,258955960,184419488,127188687,94091222,67807552,47181383,27585205,13852565,6601804,3098347,1480650,788473,484660,316191,210517,142573,98278,68972,49289,35851,26514,19882,15079"
unhcr_asia_pacific,2018,"0,0,0,0,0,0,0,27,845,1921,8852,31937,78964,184699,513569,1366275,3128941,7423518,23293637,81851343,231854633,489345497,651471629,623313931,524114471,443235055,360652498,276770424,197939947,135396182,100146348,72781135,48301352,28067930,14054535,6672543,3138401,1540775,788221,451860,280109,179552,118356,80092,55547,39413,28588,21128,15883,12085"
unhcr_asia_pacific,2019,"0,0,0,0,0,0,0,99,978,2120,15837,43087,90651,192378,509599,1346174,3095831,7000005,21083076,73827947,210412500,461731674,648152033,637266026,538065270,455616108,373427801,288120399,208547242,143726482,105852998,75626195,51069086,29641898,15155943,7087966,3233115,1549468,831651,495820,309995,199930,132299,89792,62498,44570,32533,24241,18386,14158"
unhcr_asia_pacific,2020,"0,0,0,0,0,0,0,236,1273,2463,8802,33875,86261,217373,626865,1619781,3562990,7819942,23064445,79177012,219153118,467995429,658437957,647009422,545575368,464993463,379206396,286437887,199879029,132880190,98225105,72035464,48464191,29134242,15445048,7404039,3396348,1712440,947666,557754,349931,227531,152552,105166,74307,53653,39446,29416,22176,16828"
unhcr_asia_pacific,2021,"0,0,0,0,0,0,0,103,1009,2304,8077,35827,110178,368635,1131694,2696205,5171286,9294700,22602569,71794756,198928191,436205343,617292740,630842030,535130063,468820593,405492364,322641644,233176047,156548190,109802292,79750599,51788891,30988065,16300775,8130894,3929917,1972998,1072093,631711,393100,253665,168242,114511,79890,56987,41464,30696,23032,17460"
unhcr_asia_pacific,2022,"0,0,0,0,0,0,0,29,1104,2471,7534,47830,181737,578018,1503543,3141395,5546187,9226715,20270286,61736089,173498838,400910686,620308183,658046320,562818518,478708916,411880967,329188935,238241938,159981961,110031404,80628751,53438880,33095301,17574066,8789107,4174046,2021440,1064305,612434,385262,249975,166047,112823,78350,55588,40235,29641,22197,16827"
unhcr_asia_pacific,2023,"0,0,0,0,0,0,0,28,897,2414,8651,55341,209943,650531,1637191,3309276,5612178,8971795,18496714,54388078,156255109,370608004,602493848,671329606,578768580,486522556,419531438,341480055,252343029,171834094,116435234,85706185,56524345,34866743,19055363,9398425,4087405,1921943,996076,552379,322131,209544,141761,98619,69845,50032,36167,26404,19510,14609"
unhcr_asia_pacific,2024,"0,0,0,0,0,0,0,0,5,951,7337,58372,231044,714560,1755585,3465750,5771437,8953505,17170567,48041577,141469853,340124884,586770333,682190282,597297848,495943499,429627254,352665653,263914811,181274096,123308949,89679237,59029603,35958738,19455234,9635077,4258940,1964860,996770,539875,306047,193823,129889,89938,63682,45692,33127,24281,18032,13587"
unhcr_asia_pacific,2025,"0,0,0,0,0,0,0,30,1131,2718,8952,60016,235080,726698,1776802,3498355,5782859,8854737,16260247,43647626,130055694,314969943,563324785,688641370,616651624,508178884,438828659,362958058,274602720,190743756,128041206,91867833,62372074,37858311,20854790,10467653,4569718,2082715,1063580,580204,333042,212959,143384,99528,70552,50655,36727,26890,19924,14959"
unhcr_asia_pacific,2026,"0,0,0,0,0,0,0,0,881,2382,7146,52719,212336,676079,1705510,3449262,5838431,8984348,15352532,36810826,107182027,266770924,512087203,680214011,646396743,532588166,454876030,381250774,295765638,210918513,141828727,99826407,67750339,41315429,23006508,11767294,5279505,2345567,1184387,635917,358256,215595,134446,87014,58578,40900,29527,21965,16771,13038"
unhcr_asia_pacific,2027,"0,0,0,0,0,0,0,0,883,2391,6270,47740,200534,659992,1691621,3441957,5811606,8890076,14541805,32310164,91903393,235300715,475078411,675400093,674226776,559851527,469961244,393330183,306244184,219968854,148003401,103585481,70767501,43514438,24340201,12549748,5687672,2489654,1249069,668850,374708,224628,139904,90420,60743,42320,30493,22646,17260,13423"
unhcr_asia_pacific,2028,"0,0,0,0,0,0,0,0,756,2192,5445,38591,171383,600464,1615277,3362402,5721875,8667142,13630160,28064674,77182416,204678780,428666526,653260863,693894198,586174168,485373434,409328217,323851403,236730180,160587135,110668074,75900005,46980208,26395510,13765252,6352263,2741203,1359779,726485,405701,242479,150755,97125,65048,45201,32459,24046,18279,14186"
unhcr_asia_pacific,2029,"0,0,0,0,0,0,0,0,757,2149,5607,33330,144076,533796,1527643,3288065,5656104,8499995,12953036,24883248,67068825,184111688,400643560,633836186,700671946,598882332,493963248,420545396,339719957,253967901,175004935,118607903,80903823,49942155,28096294,14760810,6919561,2984221,1464299,780693,435280,258467,160210,102894,68701,47595,34104,25194,19107,14806"
unhcr_asia_pacific,2030,"0,0,0,0,0,0,0,0,759,1944,4229,20017,79343,335026,1114943,2799747,5326626,8427598,12916468,24585049,64988965,177684415,385652768,624935834,708773638,612540160,499699319,424800727,345203030,260563636,180942512,121987436,82897514,51068058,28648807,15079297,7096727,3057409,1488726,794166,443101,263194,163207,104856,70025,48529,34774,25693,19492,15127"
unhcr_asia_pacific,2031,"0,0,0,0,0,0,0,0,761,1887,4063,19644,74991,263230,807485,2100883,4434365,7814962,12692353,23918759,60916268,165821978,365655559,616232157,722348051,634278474,515179833,433568216,349553201,262427461,181835590,122845178,83836657,52027747,29158468,15342459,7215744,3093071,1495869,800048,446440,265563,165094,106430,71293,49524,35562,26323,20006,15539"
unhcr_asia_pacific,2032,"0,0,0,0,0,0,0,0,763,1879,4106,19981,72708,243655,740017,1957624,4255151,7628647,12389461,22757496,56564577,154085524,345625962,600532359,726755541,649011699,525616080,441615831,358246405,271527367,189664714,127610876,86668530,53909670,30315577,16018250,7609852,3277165,1567424,833614,463377,274530,170317,109663,73385,50921,36543,27036,20534,15959"
unhcr_asia_pacific,2033,"0,0,0,0,0,0,0,0,639,1767,4112,18921,72040,245064,744624,1969277,4284929,7678449,12347626,21788057,52079069,141660361,324388844,582181170,729627346,665468206,538267563,450171207,366772287,279914315,196788384,132463242,89860567,56384617,31683148,16784660,8028617,3452569,1624436,862774,479453,283905,176259,113441,75877,52633,37738,27900,21185,16463"
unhcr_asia_pacific,2034,"0,0,0,0,0,0,0,0,641,1764,3913,17746,66397,223554,681173,1824941,4058528,7413364,12006793,20793129,48361397,131324475,306628228,569353556,737314703,685656527,554906145,459212911,371991807,282868635,198710237,133684145,90526421,56754302,31882096,16881288,8091425,3483723,1623564,864001,481284,285449,177617,114559,76746,53325,38284,28352,21553,16769"
unhcr_asia_pacific,2035,"0,0,0,0,0,0,0,0,523,1662,3579,16508,61904,209102,645013,1741066,3918164,7245939,11823223,20432456,47381365,129262656,304220514,564397018,733657054,685580908,555179386,460941511,376932135,290018198,205726449,138545564,93309348,58801841,33226936,17681729,8569003,3717997,1706648,903672,502610,297284,184647,119081,79758,55367,39717,29377,22312,17346"
unhcr_asia_pacific,2036,"0,0,0,0,0,0,0,0,523,1663,3575,15160,59374,203632,627249,1695536,3845054,7152406,11639170,19666066,43974634,118678126,285050516,543184707,730302444,699808114,568922400,469628801,385669466,298740045,213708439,144271328,96792151,61403386,34605833,18406775,8967298,3904223,1762749,934360,520249,307660,191200,123359,82610,57337,41110,30390,23075,17928"
unhcr_asia_pacific,2037,"0,0,0,0,0,0,0,0,523,1667,3430,14263,54984,186690,580850,1586807,3661693,6925254,11367544,18928538,40935795,109213200,267472647,524557057,732610004,720335630,589410741,480953754,391660296,301510395,214924101,144912558,97253020,61831719,35069565,18699369,9144054,3991078,1797884,951345,529425,312711,194548,125873,84467,58698,42143,31165,23677,18407"
unhcr_asia_pacific,2038,"0,0,0,0,0,0,0,0,410,1563,3154,12216,49689,172901,545206,1484648,3459289,6663567,11079942,18182102,37964786,99765646,249354146,500583375,724598402,734038012,605028125,490570156,400670248,310214830,222846746,150844678,100862371,64649390,36703130,19566043,9636147,4223602,1872375,987004,550279,324966,202383,131062,88004,61198,43932,32494,24677,19169"
unhcr_asia_pacific,2039,"0,0,0,0,0,0,0,0,410,1566,3160,12199,48723,170353,537941,1465514,3426097,6622762,10992227,17757339,35677799,92027543,233788660,478531271,715417157,745257588,619097485,498574790,408727971,318920587,231227700,157274199,104263806,66777034,37812586,20121215,9954557,4395207,1934429,1016852,570180,338335,211674,137582,92614,64498,46328,34255,25980,20153"
unhcr_asia_pacific,2040,"0,0,0,0,0,0,0,0,411,1566,3073,10621,43552,153029,493703,1358537,3225831,6348000,10679313,17156303,33559911,85165951,218914622,457417491,710733359,761887119,639753816,510846790,415446574,321741974,232617326,157995667,105159145,67954676,38817106,20722307,10301440,4560256,1999461,1048824,587425,347748,217457,141469,95301,66390,47717,35268,26759,20766"
unhcr_asia_pacific,2041,"0,0,0,0,0,0,0,0,307,1461,2852,9832,40657,142251,464512,1280577,3070999,6136490,10462421,16674848,31481350,78043915,203011287,432128751,696192109,771808969,657054306,522500641,424856307,330657663,240570583,164174134,108506226,70104717,40078820,21393175,10696452,4769772,2079824,1081940,606009,358906,224428,146013,98363,68486,49211,36352,27571,21381"
unhcr_asia_pacific,2042,"0,0,0,0,0,0,0,0,307,1463,2856,9837,40418,140049,458968,1270114,3054861,6121489,10429488,16580021,31050671,76453194,200149334,427659825,688633792,768624076,655572822,523353789,428743950,337686394,248500307,170803723,112065918,72249774,41193509,21930195,10994136,4929445,2143945,1107159,621167,368359,230490,150023,101075,70382,50569,37357,28344,21979"
unhcr_asia_pacific,2043,"0,0,0,0,0,0,0,0,307,1463,2811,8527,36310,126664,424891,1190064,2897791,5894435,10162721,16142750,29487666,71251654,187662094,407685204,680389427,780952637,674867983,535598217,435341635,340521134,249911278,171517434,113127545,73502485,42308710,22603021,11381363,5119793,2219062,1142522,639973,378062,236182,153799,103648,72181,51871,38332,29067,22546"
unhcr_asia_pacific,2044,"0,0,0,0,0,0,0,0,218,1357,2655,8345,36069,126689,425171,1187225,2893762,5894167,10151428,15932965,28038910,65605450,173067272,383159407,661279518,785966546,691296573,548165246,444574435,349478438,258211475,178292184,116939734,75826791,43643547,23267751,11746881,5306394,2290884,1165916,653889,387104,242252,158010,106608,74301,53398,39461,29927,23202"
unhcr_asia_pacific,2045,"0,0,0,0,0,0,0,0,218,1357,2623,7249,32640,115602,395464,1114089,2724512,5606844,9803044,15475037,26570149,60317061,158978661,359134402,640064721,788207496,707022738,561026870,453805297,358335549,266882407,185443716,121709644,79090158,45728709,24317108,12316043,5592434,2405793,1207031,676952,399822,250109,163029,109896,76519,54947,40565,30742,23816"
unhcr_asia_pacific,2046,"0,0,0,0,0,0,0,0,218,1357,2602,6862,30592,106004,370322,1058114,2587474,5363508,9482154,15076553,25444755,55851411,146042413,336860108,622360261,794248894,728232681,579958045,464367099,364084464,269782434,186978631,122485199,79388955,45833794,24327025,12304490,5593974,2412041,1213187,682013,403789,253047,165127,111436,77670,55822,41260,31292,24279"
unhcr_asia_pacific,2047,"0,0,0,0,0,0,0,0,135,1260,2462,6734,31066,108184,377129,1073805,2607110,5375635,9482510,14998751,24716196,52454105,135596382,317643124,600982187,791717195,741277854,591588076,471802152,371746987,277427874,193489575,126705377,82018163,47717980,25434678,12935973,5944728,2567449,1268572,711122,420204,262668,171302,115498,80419,57751,42637,32297,25034"
unhcr_asia_pacific,2048,"0,0,0,0,0,0,0,0,135,1259,2445,6033,28852,101765,357252,1024885,2468651,5094870,9098094,14623173,23891850,48900630,124327287,296499995,575027670,786263958,755925007,607069913,481169905,380365995,285670100,200500040,131674807,85140753,49798717,26460571,13489568,6229728,2686168,1303943,731790,431363,269541,175782,118509,82510,59240,43722,33129,25668"
unhcr_asia_pacific,2049,"0,0,0,0,0,0,0,0,135,1259,2436,5708,27059,93080,326180,954596,2325928,4852686,8767483,14314279,23457633,47358936,120171330,290797113,572099767,788480772,761355262,612035056,484674902,382287670,286730778,201156655,132115361,85382302,49954080,26554553,13537348,6266579,2710017,1318910,741274,437484,273714,178779,120688,84120,60429,44644,33850,26236"
unhcr_asia_pacific,2050,"0,0,0,0,0,0,0,0,135,1257,2436,6023,28848,98111,339339,983954,2360969,4866267,8724096,14229997,23078308,45312829,112528949,273983856,544736758,776655934,771427115,626342319,493958478,391281342,295278967,208392028,136951305,88060399,51738908,27544948,14065683,6565105,2851033,1363166,764729,450898,281398,183698,123920,86319,61964,45759,34659,26865"
unhcr_asia_pacific,2051,"0,0,0,0,0,0,0,0,54,1168,2296,5034,25575,89186,318353,947629,2281552,4711276,8460508,13852029,22277980,42577849,104017964,257049947,523093225,772926503,787941077,645256246,503793892,396275069,297175467,209242033,138097803,89220527,52840358,28192709,14421752,6747482,2925746,1418640,792234,465041,289473,188605,127021,88320,63342,46727,35391,27437"
unhcr_asia_pacific,2052,"0,0,0,0,0,0,0,0,54,1167,2295,4769,23985,81686,288104,875450,2138166,4474215,8111948,13405306,21491314,39908867,95325510,238457567,494112363,758407946,798329377,661603916,515068032,406304989,306497744,217188108,143551570,92037509,54520814,28981719,14804912,6963155,3035760,1451719,812434,477718,297621,193987,130677,90860,65156,48066,36387,28206"
unhcr_asia_pacific,2053,"0,0,0,0,0,0,0,0,54,1165,2292,4771,23874,80110,280619,857181,2101751,4409280,8022116,13271715,21078834,37938564,88394402,222080942,467095681,742455659,805971987,676700292,525771052,415212644,314793083,224343057,148718135,94790564,56218255,29850850,15236943,7199049,3157138,1484510,831312,489172,304794,198847,134017,93211,66833,49300,37317,28914"
unhcr_asia_pacific,2054,"0,0,0,0,0,0,0,0,0,1058,2154,4338,20765,72449,255909,800758,1993140,4233729,7770662,12971972,20694675,37092021,86218428,217734914,465219179,743506167,808921713,678271815,526674264,415193485,314366829,223968125,149111318,95565865,57291232,30610518,15688778,7454105,3259327,1526292,852475,500460,311394,203265,137057,95352,68379,50442,38181,29586"
unhcr_asia_pacific,2055,"0,0,0,0,0,0,0,0,0,1062,2161,4164,19422,66630,230475,735309,1861301,4004499,7429465,12503342,19947298,35034692,79647473,201813975,438075415,725159339,815122828,693794459,537947141,424127777,322642517,231455824,154835095,98523289,59093601,31511655,16121156,7695934,3387214,1566227,874444,514572,320742,209642,141496,98543,70700,52172,39495,30606"
unhcr_asia_pacific,2056,"0,0,0,0,0,0,0,0,0,1061,2157,4165,19371,65859,225568,723887,1840551,3963765,7365378,12400508,19706633,33708184,73996844,186802701,412813419,710077605,824708860,714327673,552975392,431808499,326204608,232932307,155557586,98991858,59344944,31684491,16199294,7745181,3419590,1587077,887339,522757,326179,213443,144220,100516,72170,53288,40346,31281"
unhcr_asia_pacific,2057,"0,0,0,0,0,0,0,0,0,1060,2154,4022,16964,58939,200251,656867,1704822,3725897,7016529,11930622,19044787,32176917,68850038,172713737,386805564,686822195,825926323,728414754,565269639,440664341,334480132,240202136,161570179,102748780,62133241,33308724,17057973,8212043,3634335,1661060,922379,541771,337125,220399,148813,103637,74347,54850,41513,32155"
unhcr_asia_pacific,2058,"0,0,0,0,0,0,0,0,0,906,2018,3732,15711,54576,183801,613523,1619463,3581677,6821210,11701362,18851814,31757517,66484427,164960381,368976731,670139308,828004588,743848793,578131988,446281543,336750805,240967376,162083571,103146245,62490522,33606848,17221747,8309330,3684098,1686342,934964,549648,342091,223713,151104,105266,75534,55738,42197,32698"
unhcr_asia_pacific,2059,"0,0,0,0,0,0,0,0,0,904,2015,3725,15653,53738,177921,595818,1583506,3515466,6714123,11524398,18511509,30785228,63720757,158715273,361106678,661320466,824513925,742575779,578103248,448899485,342106410,247253395,167490769,106103596,64280707,34556307,17683782,8568162,3824016,1739041,958540,564751,351979,230361,155694,108490,77855,57451,43484,33682"
unhcr_asia_pacific,2060,"0,0,0,0,0,0,0,0,0,901,2011,3646,13681,48930,158349,532566,1451351,3282488,6369046,11046025,17890037,29581936,59557088,146370199,338270798,639622504,826055091,762002695,596309641,457954717,346095640,248657733,168370501,107052633,65165212,35124220,17976867,8710646,3887196,1765323,972825,572243,356344,233302,157684,109882,78871,58213,44070,34149"
unhcr_asia_pacific,2061,"0,0,0,0,0,0,0,0,0,898,2006,3589,12893,45351,142934,483506,1349284,3099684,6101572,10672322,17434209,28765057,56430700,136114037,317130593,613563758,819928466,774038774,609401482,466353919,354154487,255822353,174029432,110266952,67049082,36154828,18475420,8984257,4038113,1823825,996735,587198,365985,239696,162042,112944,81057,59830,45289,35091"
unhcr_asia_pacific,2062,"0,0,0,0,0,0,0,0,0,897,2002,3581,12851,45232,141477,476092,1330632,3063011,6039712,10558711,17154615,27828700,52858701,125652167,296745139,589219125,816169226,790991087,628310897,476305615,359375056,258066507,175044928,110842577,67425215,36474082,18639432,9076326,4089321,1851747,1012874,597699,372781,244567,165674,115682,83159,61451,46571,36113"
unhcr_asia_pacific,2063,"0,0,0,0,0,0,0,0,0,759,1869,3357,11943,41885,128098,431154,1231711,2877308,5750683,10134256,16586983,26989467,50878012,121172128,289348672,581271394,811799230,789913744,627350726,477136778,362771646,263029161,180003171,114069353,69477628,37770630,19302872,9437542,4278141,1927461,1039928,614115,383149,251439,170372,118959,85497,63161,47856,37103"
unhcr_asia_pacific,2064,"0,0,0,0,0,0,0,0,0,763,1877,3352,10440,37469,114767,388345,1135637,2698054,5463417,9721777,16022040,26145584,48583358,113381441,271407756,555823603,804453216,803715958,645291281,487210926,368171842,265478780,181336619,115167300,70402983,38326913,19569814,9572940,4339240,1953851,1056657,625150,390641,256919,174435,122020,87854,65004,49308,38277"
unhcr_asia_pacific,2065,"0,0,0,0,0,0,0,0,0,763,1873,3342,9945,34942,104372,350932,1048785,2535233,5214777,9384786,15713269,26037394,47959021,108541760,257910332,527103756,787502076,808922411,658375143,496609402,376502970,272599178,186973144,118567610,72289534,39422465,20103186,9855292,4495558,2021733,1075365,635176,396222,260100,176287,123126,88533,65444,49615,38501"
unhcr_asia_pacific,2066,"0,0,0,0,0,0,0,0,0,760,1867,3336,9891,34801,103380,344481,1034550,2512919,5190772,9380978,15799310,26648371,48332996,104459627,243882495,502914046,775257048,817654149,673762227,505679024,381204485,274574466,187978139,119293930,72847906,39933714,20402358,10014724,4580196,2062416,1097826,648022,403615,264703,179377,125237,90023,66513,50417,39113"
unhcr_asia_pacific,2067,"0,0,0,0,0,0,0,0,0,631,1747,3158,9263,33534,99004,319424,966419,2367791,4946805,9028138,15331063,26166667,47471408,101292003,236015813,491628871,765527837,814225016,672956258,507969351,385757658,280652909,193853661,123296160,75192124,41422662,21162698,10416566,4791589,2159569,1132497,670043,418354,274855,186549,130435,93850,69398,52623,40830"
unhcr_asia_pacific,2068,"0,0,0,0,0,0,0,0,0,629,1741,3147,8184,30398,91217,289073,890480,2223369,4728294,8771392,15103414,26194625,47490848,97498908,221951174,465230788,749897732,822348513,691057156,520509588,391715129,282854129,194467030,123809270,75786759,41835237,21384504,10533525,4849558,2196395,1172388,693981,433077,284588,193178,135084,97204,71862,54477,42253"
unhcr_asia_pacific,2069,"0,0,0,0,0,0,0,0,0,627,1732,3138,7854,28981,86818,268520,823449,2071220,4495627,8480505,14706019,25668330,46801869,94157550,210272341,440305452,730131673,822883333,701765933,529187414,399251994,289930088,200633314,128087360,78175534,43325045,22140428,10924896,5064058,2296973,1210019,716615,447343,293896,199508,139500,100356,74173,56210,43573"
unhcr_asia_pacific,2070,"0,0,0,0,0,0,0,0,0,623,1729,3128,7845,28320,83972,249195,761306,1931564,4242029,8082628,14030310,24373245,44383286,88037034,195352117,414679552,713058295,830332736,721951365,544899397,407007333,293345917,201960133,128611966,78408814,43449105,22211246,10953377,5077188,2307807,1217846,721909,450991,296473,201334,140815,101317,74888,56753,44006"
unhcr_asia_pacific,2071,"0,0,0,0,0,0,0,0,0,622,1723,3116,7660,27357,82298,238695,725487,1844485,4072186,7849963,13778514,24379038,45052092,88573766,194302686,409355304,703120178,821786071,715955481,542904597,408628099,297683600,206769363,132378623,80537593,44928969,22987427,11369791,5309166,2418667,1257576,746588,467278,307734,209250,146515,105517,78022,59143,45847"
unhcr_asia_pacific,2072,"0,0,0,0,0,0,0,0,0,618,1718,3107,6917,24323,74103,211302,659744,1725441,3859661,7533004,13297813,23759689,44641767,86194986,183761608,386171661,681691134,822053071,730986605,556849660,415696268,301471971,208772385,133948703,81793349,45767718,23452806,11606993,5416848,2465226,1282877,761412,475927,313477,213209,149302,107520,79491,60259,46711"
unhcr_asia_pacific,2073,"0,0,0,0,0,0,0,0,0,500,1607,2937,6668,23647,72414,203083,619861,1624431,3673776,7216348,12787521,22628317,42260618,81229450,172857246,364717130,658724092,818899957,742848284,569174668,424001693,308395421,214470005,138021351,84065482,47247270,24240488,12026198,5636597,2576085,1316067,781263,487936,320915,218105,152606,109821,81147,61474,47637"
unhcr_asia_pacific,2074,"0,0,0,0,0,0,0,0,0,498,1599,2925,6656,23560,73195,200922,592638,1533770,3462382,6866090,12220360,21544374,39926924,76677014,165210405,355300425,653003951,819982498,747539614,573555733,426874834,310354845,215763316,138821610,84491248,47461131,24359832,12075690,5658776,2589629,1326333,789245,493972,325440,221528,155218,111851,82747,62730,48649"
unhcr_asia_pacific,2075,"0,0,0,0,0,0,0,0,0,496,1593,2916,6548,22230,68620,185912,543544,1425009,3244711,6517309,11666171,20472336,37872504,72143898,153747407,333374129,630151060,818595094,764754968,591271169,435964163,314782397,217611011,139681545,84886891,47709097,24492556,12126450,5683299,2603514,1334457,793600,496301,326839,222413,155783,112217,83001,62919,48790"
unhcr_asia_pacific,2076,"0,0,0,0,0,0,0,0,0,495,1584,2903,6010,21279,67561,182102,520639,1375240,3131717,6341858,11448216,20073566,37443291,70519961,145977800,312952015,601020002,806978630,772677125,604089490,444934047,322986245,224114876,144789821,88028695,49750685,25572673,12688789,5964752,2739071,1378060,819935,512143,337173,229325,160521,115535,85376,64665,50110"
unhcr_asia_pacific,2077,"0,0,0,0,0,0,0,0,0,494,1579,2891,5979,20796,65849,177422,513670,1367294,3118766,6314322,11383508,20038913,37479718,70114121,144114800,309558802,595651103,803185927,771493798,604458430,445116541,322815125,223845188,144701745,88078120,49872194,25703334,12780247,6006860,2756747,1388068,826321,516231,339956,231460,162189,116851,86417,65512,50814"
unhcr_asia_pacific,2078,"0,0,0,0,0,0,0,0,0,382,1472,2728,5712,19803,62144,166393,476304,1286898,2953933,6022765,10899909,19037855,35316154,65643784,133921701,289236374,567972745,793403904,781682629,618933658,454724372,330883288,230367708,149627543,90893721,51721277,26716899,13286934,6282257,2899402,1436554,851425,531485,349435,237682,166357,119708,88443,66963,51875"
unhcr_asia_pacific,2079,"0,0,0,0,0,0,0,0,0,382,1461,2714,5608,18753,58036,154742,441939,1236093,2862295,5841225,10591054,18320120,33977671,63188972,126372873,271573768,541503998,783112557,793501553,636825702,465325334,336586959,232803226,150661759,91365771,51952051,26840811,13350642,6307449,2913857,1448347,862087,541187,357624,244413,171780,124056,91928,69755,54117"
unhcr_asia_pacific,2080,"0,0,0,0,0,0,0,0,0,382,1457,2703,5543,17868,53980,143441,410189,1196254,2805979,5730401,10394308,17978158,33556762,62478266,124507424,266581411,535689586,778623626,791356735,636495063,465943844,337405243,233740009,151623115,91918537,52187467,26980911,13437259,6343972,2926574,1454807,866319,543988,359500,245684,172686,124738,92449,70168,54469"
unhcr_asia_pacific,2081,"0,0,0,0,0,0,0,0,0,378,1448,2692,5128,16421,49514,132936,380767,1153935,2745037,5570058,10050915,17300216,32214518,60057495,118457760,253181394,508265648,761497507,794669564,648952205,475525088,345344499,239863589,156607797,94952030,54124984,28035437,13964220,6621233,3060954,1498843,887654,556296,367370,250832,176134,127094,94090,71362,55332"
unhcr_asia_pacific,2082,"0,0,0,0,0,0,0,0,0,378,1441,2677,5104,16877,51670,138194,384996,1150371,2723423,5518366,9947425,16885187,30876350,57310025,111545418,237858983,483571667,747919288,801916317,664917192,486503806,351629545,242922528,158226476,95857463,54633201,28316371,14104724,6690180,3096148,1522574,903429,567284,375236,256739,180643,130583,96841,73555,57110"
unhcr_asia_pacific,2083,"0,0,0,0,0,0,0,0,0,375,1433,2660,5045,16142,48120,128897,352069,1077477,2603549,5316822,9678363,16501912,30154663,56023850,108798323,231234109,472145845,738988720,797432214,663615948,487969387,355274628,247544818,162505143,98431076,56268027,29273599,14614359,6966284,3229474,1592588,950288,598826,396838,272139,191855,138890,103121,78375,60876"
unhcr_asia_pacific,2084,"0,0,0,0,0,0,0,0,0,373,1426,2646,5015,16022,46792,125507,331401,1007935,2465390,5050399,9218951,15659200,28021250,51876135,100753129,216350744,448403577,724880653,804809162,681185099,500710868,362198395,250761187,163919440,99023716,56533125,29393842,14642837,6969951,3234261,1597160,953415,600891,398162,272958,192367,139221,103354,78541,61012"
unhcr_asia_pacific,2085,"0,0,0,0,0,0,0,0,0,278,1318,2489,4763,15208,43421,116484,302407,934767,2339371,4815582,8778864,14784550,25837967,47376787,92105133,200292536,422332510,707285539,810499527,700064279,515988114,370574089,255245011,166354175,100362045,57262611,29801987,14836740,7042928,3260814,1608146,960176,607010,402565,276162,194709,140972,104668,79558,61787"
unhcr_asia_pacific,2086,"0,0,0,0,0,0,0,0,0,275,1314,2476,4412,13861,39311,106620,272116,839391,2144506,4478212,8260714,14053283,24475196,44645139,88620046,197569342,417912937,701688786,805160184,695752019,514199766,371737543,258046356,169933627,103098527,59137960,30918789,15435858,7373625,3426320,1672374,990930,624750,413867,283734,199937,144680,107366,81572,63320"
unhcr_asia_pacific,2087,"0,0,0,0,0,0,0,0,0,274,1305,2460,4388,13725,38453,104487,266571,817991,2090163,4359635,8039636,13605186,23144306,41396798,81136313,182207056,392123161,681218392,807932492,714150543,530870012,380949491,262689002,172064314,104011878,59473683,31056947,15457753,7363854,3418528,1668506,988576,623022,412518,282654,199086,143988,106827,81150,63003"
unhcr_asia_pacific,2088,"0,0,0,0,0,0,0,0,0,273,1298,2443,4355,13299,36410,98506,245501,754299,1973289,4161836,7718235,13067381,22051080,39331143,77766035,177554058,385195411,676632130,807042714,715210392,531691778,381797733,263495107,172774317,104495145,59772521,31238241,15555395,7402049,3430403,1674547,993340,626819,415504,285005,200967,145494,108056,82157,63845"
unhcr_asia_pacific,2089,"0,0,0,0,0,0,0,0,0,271,1290,2427,4323,12929,34140,91591,223056,663355,1760438,3783436,7148599,12269113,20607093,36261328,71105064,163547238,359078165,652339201,804851386,729849021,547849658,392460055,271133519,177905773,107413531,61292170,32092059,15954096,7612011,3543310,1715261,1007290,633508,419249,287093,202098,146109,108373,82313,63917"
unhcr_asia_pacific,2090,"0,0,0,0,0,0,0,0,0,271,1284,2423,4321,12633,31971,84495,202963,597790,1632830,3576515,6849449,11866503,20129160,35879616,69560633,156685384,343625956,631767348,798691338,738924062,558699185,397598156,274120591,179666964,108637019,62062701,32623518,16245683,7754125,3601682,1743708,1024229,644351,426682,292430,206016,149036,110608,84051,65294"
unhcr_asia_pacific,2091,"0,0,0,0,0,0,0,0,0,267,1277,2403,4287,12343,30285,78680,186707,536756,1499041,3347615,6509749,11407420,19525379,35016965,67852640,152286498,334277481,621767521,794035454,740145820,562383431,400681291,276209104,180995176,109416011,62460224,32819101,16356013,7804926,3621577,1756074,1033521,652338,432451,296695,209219,151498,112513,85573,66489"
unhcr_asia_pacific,2092,"0,0,0,0,0,0,0,0,0,267,1269,2387,4019,11519,28632,75063,179626,515487,1441864,3217067,6255379,10966299,18538934,32570690,62447051,140838127,312362549,595659616,785687740,750030741,576879549,410976686,284339007,187032797,113484896,64741828,34100935,16979724,8115903,3768601,1808320,1049683,659950,436503,298777,210227,151920,112630,85529,66381"
unhcr_asia_pacific,2093,"0,0,0,0,0,0,0,0,0,189,1171,2236,3824,11085,26955,69888,168027,467406,1328657,3015570,5947496,10542923,17861211,31307800,60443712,137967433,306857902,588879021,781148783,749401201,577958823,411974028,285176084,187721683,114060695,65207433,34397540,17159859,8212017,3807488,1826268,1060596,668343,442958,303792,214178,155039,115123,87538,68009"
unhcr_asia_pacific,2094,"0,0,0,0,0,0,0,0,0,186,1169,2244,3836,11013,26293,66322,158409,425611,1227156,2835202,5666455,10145620,17244703,30230002,57720511,129920032,291454809,565918350,772134960,758018904,591958931,419748691,289953827,190156332,115491180,65952446,34845976,17392944,8322124,3860874,1854238,1077217,679145,450184,308912,217859,157752,117168,89097,69239"
unhcr_asia_pacific,2095,"0,0,0,0,0,0,0,0,0,186,1161,2229,3814,10845,25326,62901,149268,389708,1147251,2710372,5481234,9874668,16866741,29593678,56458763,127288304,285859424,559379932,768452667,757603657,592571740,420155132,290087600,190200167,115651627,66021613,34888153,17418376,8336466,3864081,1871963,1102115,697887,464363,319692,226158,164223,122260,93161,72521"
unhcr_asia_pacific,2096,"0,0,0,0,0,0,0,0,0,185,1154,2215,3784,10686,24249,58044,136595,348240,1051628,2550301,5201574,9410622,16063988,28047807,52859156,117566642,265725951,529910975,755159005,765073603,608903240,432217013,299387976,196314338,119424028,67993062,36049213,18010885,8646166,4027657,1930598,1106315,697274,461832,316626,223119,161470,119856,91121,70791"
unhcr_asia_pacific,2097,"0,0,0,0,0,0,0,0,0,184,1147,2202,3766,10553,23329,53839,125344,310112,943543,2343168,4843162,8865316,15285207,26922509,51028318,112795386,255787331,511232307,743880152,769031749,619393084,438640299,303349159,198239901,120575153,68583050,36348940,18159595,8716832,4048414,1949054,1135922,720073,479685,330271,233659,169665,126300,96247,74912"
unhcr_asia_pacific,2098,"0,0,0,0,0,0,0,0,0,183,1140,2187,3737,10425,22545,50239,115907,279539,848711,2154725,4510052,8343852,14473993,25381589,48083874,107892646,248377928,502677376,739390035,770081121,623044584,441620816,305029591,199053844,121058030,68832893,36518130,18250473,8754352,4059988,1954178,1138508,721087,479784,330225,233543,169538,126187,96135,74842"
unhcr_asia_pacific,2099,"0,0,0,0,0,0,0,0,0,181,1134,2169,3713,9574,21298,47389,110032,266880,821796,2098108,4389336,8132509,14092400,24476421,45585434,100110186,231128344,473631052,722072730,773138618,637063900,453142991,314089491,205494356,125796891,71632361,38175193,19095703,9186397,4261765,2031691,1165848,735553,488622,335839,237195,171980,127870,97350,75724"
unhcr_asia_pacific,2100,"0,0,0,0,0,0,0,0,0,181,1125,2159,3691,9478,20682,44518,102355,243309,747309,1955868,4154093,7801481,13678959,23995589,44928168,99244437,229721939,470286938,716915786,768700507,634874324,452502839,313730744,205419369,125780155,71621920,38161242,19100084,9198880,4273769,2043279,1175376,743077,494485,340377,240723,174763,130054,99101,77140"
unhcr_east_horn_africa_great_lates,1800,"0,0,0,65,439,1391,4116,12574,40709,120423,295738,563113,939781,1534267,2289138,2963348,3386876,3587698,3430983,2877786,2159236,1513380,968062,597285,362264,211501,123254,74304,45005,26862,16052,9598,5786,3578,2255,1422,878,532,326,195,118,67,47,40,29,11,10,1,0,0"
unhcr_east_horn_africa_great_lates,1801,"0,0,0,65,439,1391,4116,12579,40728,120506,295970,563515,940271,1534692,2289563,2963711,3386773,3586930,3430016,2877136,2158879,1513232,968124,597421,362394,211602,123329,74349,45036,26880,16065,9602,5787,3573,2257,1423,879,532,326,195,118,67,47,40,29,11,10,1,0,0"
unhcr_east_horn_africa_great_lates,1802,"0,0,0,65,439,1391,4117,12581,40751,120583,296202,563926,940769,1535137,2290013,2964100,3386698,3586196,3429083,2876522,2158551,1513105,968196,597568,362520,211709,123405,74398,45066,26898,16073,9610,5788,3575,2259,1422,878,532,325,195,118,67,47,40,29,11,10,1,0,0"
unhcr_east_horn_africa_great_lates,1803,"0,0,0,65,439,1391,4117,12587,40772,120667,296432,564338,941268,1535585,2290472,2964513,3386652,3585495,3428188,2875938,2158243,1512993,968281,597719,362656,211815,123472,74450,45092,26916,16082,9614,5794,3577,2259,1421,879,532,325,194,118,67,47,40,29,11,10,1,0,0"
unhcr_east_horn_africa_great_lates,1804,"0,0,0,48,389,1278,3844,11927,39540,119040,294657,562829,940190,1534108,2290366,2965937,3388958,3587559,3429185,2876776,2159115,1513595,968743,598157,362983,212014,123595,74525,45135,26942,16092,9619,5796,3581,2259,1421,881,531,325,195,118,66,47,40,29,11,10,1,0,0"
unhcr_east_horn_africa_great_lates,1805,"0,0,0,48,389,1278,3846,11932,39560,119118,294885,563247,940700,1534584,2290861,2966400,3388975,3586940,3428365,2876259,2158855,1513520,968845,598324,363125,212124,123673,74576,45169,26961,16104,9626,5802,3584,2262,1421,880,531,325,195,118,66,47,40,29,11,10,1,0,0"
unhcr_east_horn_africa_great_lates,1806,"0,0,0,48,389,1278,3846,11933,39582,119205,295117,563666,941217,1535062,2291379,2966882,3389030,3586356,3427584,2875765,2158623,1513454,968957,598494,363269,212238,123749,74624,45200,26978,16116,9626,5801,3580,2261,1420,880,531,324,195,118,66,47,40,29,11,10,1,0,0"
unhcr_east_horn_africa_great_lates,1807,"0,0,0,48,389,1278,3846,11936,39601,119282,295354,564086,941744,1535560,2291907,2967392,3389117,3585815,3426838,2875306,2158410,1513409,969078,598670,363422,212353,123828,74676,45233,26995,16123,9633,5805,3585,2262,1420,879,531,324,195,118,66,47,40,29,11,10,1,0,0"
unhcr_east_horn_africa_great_lates,1808,"0,0,0,48,389,1278,3849,11940,39622,119371,295586,564509,942270,1536069,2292452,2967932,3389231,3585311,3426136,2874879,2158224,1513382,969210,598848,363581,212472,123906,74727,45267,27019,16137,9641,5810,3588,2262,1421,879,530,325,194,117,66,47,40,29,11,10,1,0,0"
unhcr_east_horn_africa_great_lates,1809,"0,0,0,48,389,1278,3849,11935,39469,118905,294663,562321,938333,1532173,2290881,2969231,3392265,3588537,3428483,2876689,2159314,1514042,969790,599343,363895,212664,124029,74798,45309,27043,16148,9645,5813,3588,2262,1420,879,530,325,194,117,66,47,40,29,11,10,1,0,0"
unhcr_east_horn_africa_great_lates,1810,"0,0,0,33,343,1175,3597,11325,38297,117306,292950,560766,937312,1530836,2290657,2970706,3394744,3590829,3429884,2877761,2160396,1514806,970352,599831,364252,212881,124158,74878,45351,27067,16162,9655,5816,3592,2264,1422,879,530,324,194,117,66,47,40,29,11,10,1,0,0"
unhcr_east_horn_africa_great_lates,1811,"0,0,0,33,343,1175,3598,11329,38322,117404,293215,561252,937984,1531653,2291781,2972103,3396011,3591707,3430607,2878579,2161165,1515458,970923,600286,364574,213098,124300,74965,45410,27098,16180,9661,5822,3594,2264,1421,879,530,324,194,118,66,47,40,29,11,10,1,0,0"
unhcr_east_horn_africa_great_lates,1812,"0,0,0,33,343,1175,3601,11335,38349,117505,293507,561803,938785,1532770,2293450,2974313,3398368,3593920,3432702,2880601,2162855,1516765,971910,600994,365053,213406,124490,75087,45479,27141,16204,9677,5831,3598,2267,1422,881,530,326,194,120,66,47,40,29,11,10,1,0,0"
unhcr_east_horn_africa_great_lates,1813,"0,0,0,33,343,1175,3602,11341,38378,117623,293834,562412,939716,1534187,2295671,2977357,3401840,3597480,3436189,2883844,2165483,1518741,973325,601967,365696,213809,124746,75245,45580,27197,16240,9694,5844,3605,2274,1427,883,530,326,194,119,66,47,40,29,11,10,1,0,0"
unhcr_east_horn_africa_great_lates,1814,"0,0,0,33,343,1175,3605,11348,38416,117750,294188,563093,940789,1535906,2298451,2981238,3406451,3602398,3441074,2888310,2169058,1521387,975170,603209,366503,214318,125049,75437,45695,27269,16283,9720,5855,3615,2279,1433,885,532,327,194,119,67,47,40,29,11,10,1,0,0"
unhcr_east_horn_africa_great_lates,1815,"0,0,0,33,343,1176,3607,11358,38452,117891,294574,563830,941990,1537931,2301799,2985971,3412193,3608707,3447399,2894030,2173595,1524719,977449,604716,367476,214921,125414,75663,45835,27354,16332,9753,5876,3627,2287,1435,888,538,328,194,119,67,48,40,29,11,10,1,0,0"
unhcr_east_horn_africa_great_lates,1816,"0,0,0,22,300,1081,3378,10799,37361,116383,293077,562571,941771,1538430,2304633,2992295,3421265,3619027,3457293,2902416,2180336,1529532,980597,606788,368823,215723,125891,75949,46013,27455,16392,9784,5892,3638,2296,1440,889,539,328,195,119,67,48,40,29,11,10,1,0,0"
unhcr_east_horn_africa_great_lates,1817,"0,0,0,22,300,1082,3380,10812,37406,116548,293520,563431,943227,1541032,2309037,2998643,3429246,3628140,3466568,2910774,2186910,1534328,983813,608868,370146,216540,126375,76252,46198,27569,16456,9822,5914,3653,2301,1443,892,541,328,196,119,67,48,40,30,11,10,1,0,0"
unhcr_east_horn_africa_great_lates,1818,"0,0,0,22,300,1083,3382,10823,37451,116720,293994,564361,944844,1544000,2314129,3005994,3438511,3638699,3477276,2920341,2194400,1539770,987447,611206,371641,217447,126921,76587,46407,27693,16531,9866,5943,3667,2310,1448,898,544,330,196,118,67,49,40,30,11,10,1,0,0"
unhcr_east_horn_africa_great_lates,1819,"0,0,0,22,301,1088,3395,10866,37571,117044,294779,565857,947583,1548848,2322288,3017650,3452969,3654818,3492979,2933803,2204646,1546999,992180,614203,373502,218567,127594,76998,46663,27846,16621,9917,5977,3693,2324,1459,900,547,332,197,118,68,50,40,30,11,10,1,0,0"
unhcr_east_horn_africa_great_lates,1820,"0,0,0,22,303,1094,3419,10927,37776,117667,296340,568873,952666,1557211,2335000,3034376,3472273,3675177,3512337,2950077,2216845,1555589,997708,617646,375634,219839,128340,77454,46942,28015,16720,9976,6009,3711,2336,1469,908,550,334,199,119,68,51,40,30,11,10,1,0,0"
unhcr_east_horn_africa_great_lates,1821,"0,0,0,15,266,1017,3234,10485,36974,116869,296550,570835,957943,1566608,2350441,3056749,3499115,3703562,3538918,2971637,2233086,1566860,1004810,622051,378362,221426,129265,78013,47277,28210,16840,10047,6052,3735,2351,1475,911,552,336,201,122,68,51,40,31,11,10,2,0,0"
unhcr_east_horn_africa_great_lates,1822,"0,0,0,15,269,1029,3269,10597,37326,117938,299200,576003,966608,1580609,2371168,3083367,3529076,3734407,3567617,2995202,2250449,1578890,1012431,626716,381204,223091,130237,78601,47637,28430,16960,10129,6095,3761,2372,1486,923,559,339,203,123,68,52,41,31,11,10,2,0,0"
unhcr_east_horn_africa_great_lates,1823,"0,0,0,15,274,1034,3224,10287,35829,113669,292638,572240,965475,1584249,2383531,3117468,3579210,3784763,3614020,3033551,2276861,1596690,1023343,633025,384958,225258,131476,79345,48084,28692,17127,10226,6157,3802,2397,1504,929,566,341,207,124,70,52,42,31,11,10,2,0,0"
unhcr_east_horn_africa_great_lates,1824,"0,0,0,15,279,1048,3272,10420,36275,114975,295917,578667,976297,1601776,2409494,3150803,3616766,3823465,3650087,3063099,2298559,1611696,1032798,638768,388431,227277,132652,80052,48511,28957,17282,10321,6211,3841,2417,1519,942,570,346,209,124,70,52,43,31,12,10,2,0,0"
unhcr_east_horn_africa_great_lates,1825,"0,0,0,15,282,1062,3319,10563,36709,116240,298885,583806,983642,1614413,2431025,3178743,3648599,3858944,3691448,3102164,2328411,1633857,1047568,647460,393772,230255,134271,81021,49083,29284,17482,10441,6285,3888,2445,1538,952,577,350,214,128,70,53,43,32,12,10,2,0,0"
unhcr_east_horn_africa_great_lates,1826,"0,0,0,15,287,1074,3325,10480,36093,114210,295087,582204,986278,1622321,2447452,3212225,3698811,3912790,3741387,3144112,2358317,1653911,1060114,654797,398113,232775,135724,81887,49609,29608,17669,10558,6357,3925,2473,1558,964,584,354,219,131,72,53,44,33,12,10,2,0,0"
unhcr_east_horn_africa_great_lates,1827,"0,0,0,10,249,1001,3157,10089,35404,113776,296339,586191,994905,1636979,2471454,3247003,3740004,3956367,3785171,3183363,2389012,1675886,1074796,663787,403558,235964,137482,82916,50225,29957,17885,10677,6437,3975,2504,1576,978,593,357,224,131,73,54,45,33,12,10,2,0,0"
unhcr_east_horn_africa_great_lates,1828,"0,0,0,10,253,1016,3207,10218,35847,115112,299766,593070,1006699,1656475,2500867,3285517,3784273,4002703,3828882,3219541,2415724,1694437,1086509,670919,407880,238485,138948,83801,50765,30280,18073,10794,6505,4028,2531,1595,991,600,361,224,133,74,54,46,34,12,10,2,0,0"
unhcr_east_horn_africa_great_lates,1829,"0,0,0,10,257,1034,3250,10363,36294,116486,303262,600041,1018460,1675458,2528924,3322710,3827423,4047526,3870840,3256570,2446732,1717571,1102076,681354,414285,242205,141141,85026,51480,30709,18322,10936,6592,4080,2567,1616,1005,608,367,227,136,76,55,47,34,12,10,2,0,0"
unhcr_east_horn_africa_great_lates,1830,"0,0,0,10,264,1049,3298,10505,36745,117824,306497,605895,1027187,1690423,2554667,3357037,3867454,4091657,3921273,3304465,2483412,1744637,1120267,692123,420897,245947,143188,86248,52212,31131,18571,11091,6686,4136,2607,1638,1018,623,375,236,137,79,55,47,34,12,10,2,0,0"
unhcr_east_horn_africa_great_lates,1831,"0,0,0,11,267,1065,3347,10650,37202,119159,309841,612567,1038988,1710444,2585824,3399081,3917126,4144863,3971957,3346618,2514630,1766303,1134008,700494,425979,248913,144919,87299,52851,31515,18804,11227,6766,4193,2638,1659,1031,627,380,237,140,79,56,48,34,12,10,2,0,0"
unhcr_east_horn_africa_great_lates,1832,"0,0,0,11,270,1082,3399,10796,37682,120621,313559,620050,1051889,1731982,2618645,3442361,3967303,4197849,4022285,3388483,2545658,1787902,1147665,708812,431038,251862,146639,88348,53478,31889,19024,11369,6850,4237,2671,1682,1043,638,386,239,142,80,57,48,35,13,10,2,0,0"
unhcr_east_horn_africa_great_lates,1833,"0,0,0,6,235,1009,3233,10410,36988,120211,315118,624987,1063003,1751785,2649895,3486793,4020477,4254700,4076508,3432754,2578754,1810943,1162166,717633,436467,255022,148464,89438,54148,32288,19262,11508,6942,4294,2705,1702,1056,645,390,248,143,82,58,49,35,13,10,2,0,0"
unhcr_east_horn_africa_great_lates,1834,"0,0,0,7,241,1023,3280,10552,37463,121684,318932,632670,1076314,1774006,2683749,3531488,4072281,4309352,4128381,3475868,2610683,1833163,1176223,726191,441669,258067,150228,90511,54804,32673,19498,11649,7023,4349,2738,1725,1069,654,395,251,144,84,59,50,35,13,10,2,0,0"
unhcr_east_horn_africa_great_lates,1835,"0,0,0,7,245,1030,3252,10312,36128,117846,312779,629842,1077889,1782592,2704069,3577188,4138987,4379158,4193947,3530981,2649769,1859742,1192792,735898,447493,261464,152181,91682,55508,33101,19757,11799,7118,4409,2775,1752,1084,665,404,254,148,85,61,50,36,13,10,2,0,0"
unhcr_east_horn_africa_great_lates,1836,"0,0,0,7,249,1042,3253,10219,35458,115543,307924,626228,1077526,1786502,2719015,3611442,4194767,4442712,4262194,3595704,2698241,1894144,1215871,749260,455526,266046,154671,93149,56389,33617,20059,11989,7227,4482,2821,1777,1104,677,410,262,150,88,63,50,38,13,10,2,0,0"
unhcr_east_horn_africa_great_lates,1837,"0,0,0,7,251,1057,3305,10361,35923,116976,311713,634050,1091215,1809456,2754166,3658169,4249247,4500177,4316744,3641095,2731826,1917498,1230652,758245,460992,269238,156533,94272,57072,34025,20306,12138,7325,4537,2854,1802,1118,685,415,264,153,89,63,52,39,14,10,2,0,0"
unhcr_east_horn_africa_great_lates,1838,"0,0,0,7,255,1072,3354,10509,36398,118447,315558,642001,1105137,1832798,2789893,3705648,4304593,4558530,4372096,3687153,2765899,1941184,1245648,767349,466524,272474,158415,95404,57762,34436,20550,12285,7410,4596,2893,1826,1133,694,425,266,156,91,64,53,39,14,10,2,0,0"
unhcr_east_horn_africa_great_lates,1839,"0,0,0,3,218,997,3186,10114,35660,117932,317039,647157,1117042,1854284,2823708,3754211,4363020,4621102,4431899,3735901,2802278,1966531,1261591,777017,472478,275936,160409,96612,58482,34868,20810,12441,7504,4659,2932,1848,1147,703,429,271,160,91,64,54,40,14,10,3,0,0"
unhcr_east_horn_africa_great_lates,1840,"0,0,0,3,221,1015,3237,10246,35922,118751,319527,652101,1125573,1872383,2857339,3804165,4423930,4686352,4493105,3786308,2839045,1991785,1277565,786786,478393,279357,162386,97801,59208,35298,21069,12591,7598,4709,2969,1870,1164,713,437,274,161,94,65,55,41,14,10,3,0,0"
unhcr_east_horn_africa_great_lates,1841,"0,0,0,3,224,1030,3282,10392,36397,120241,323498,660304,1139786,1895754,2892437,3851186,4479157,4743953,4547219,3833194,2877570,2020523,1296732,799482,486276,283921,165085,99327,60096,35833,21380,12776,7709,4776,3015,1898,1183,723,443,278,166,96,65,56,41,15,10,3,0,0"
unhcr_east_horn_africa_great_lates,1842,"0,0,0,3,230,1045,3333,10536,36867,121707,327258,667475,1150967,1914243,2924007,3894310,4529568,4797886,4607390,3891273,2922426,2053497,1319321,812944,494483,288640,167640,100837,61005,36354,21689,12962,7826,4848,3060,1929,1203,735,452,285,168,98,67,57,42,15,10,3,0,0"
unhcr_east_horn_africa_great_lates,1843,"0,0,0,3,231,1066,3383,10686,37341,123128,330873,674935,1164484,1937519,2960612,3944691,4589760,4862547,4669005,3942495,2960287,2079708,1335948,823065,500612,292224,169737,102110,61772,36809,21960,13126,7928,4911,3101,1954,1218,746,460,287,173,100,68,57,42,15,10,3,0,0"
unhcr_east_horn_africa_great_lates,1844,"0,0,0,4,234,1096,3485,10929,37899,124702,334863,681852,1169752,1936089,2966013,3959171,4606977,4892154,4726829,4020203,3029966,2140276,1383692,852772,522262,306864,179129,107943,65507,39117,23335,13919,8359,5153,3252,2057,1287,792,490,307,184,107,72,59,45,17,10,4,0,0"
unhcr_east_horn_africa_great_lates,1845,"0,0,0,1,196,1014,3316,10537,37150,124161,336452,687411,1182514,1959239,3002514,4011834,4670443,4960382,4792532,4074164,3070330,2168616,1401681,863662,529021,310831,181424,109315,66338,39620,23635,14093,8466,5217,3297,2083,1303,803,497,311,189,110,73,59,45,19,10,4,0,0"
unhcr_east_horn_africa_great_lates,1846,"0,0,0,1,202,1031,3323,10441,36430,121644,330983,683825,1185627,1969576,3025591,4057604,4743939,5043849,4870681,4140720,3118991,2201240,1422431,875823,536260,315081,183884,110788,67236,40155,23954,14285,8579,5294,3339,2114,1324,816,504,314,193,112,74,61,45,19,10,4,0,0"
unhcr_east_horn_africa_great_lates,1847,"0,0,0,1,206,1048,3372,10588,36902,123125,334873,691432,1197725,1989174,3059025,4104039,4798402,5101804,4934851,4203487,3168033,2237348,1447456,890849,545413,320432,186791,112498,68258,40747,24308,14496,8710,5377,3396,2143,1345,826,513,322,199,113,76,62,47,19,10,4,0,0"
unhcr_east_horn_africa_great_lates,1848,"0,0,0,1,209,1056,3347,10380,35700,119542,328800,689022,1201264,2000997,3084730,4157694,4876991,5185298,5013502,4270155,3215823,2269929,1468038,902935,552715,324704,189265,113983,69163,41288,24635,14697,8826,5447,3440,2174,1364,840,521,325,202,117,76,63,49,19,10,4,0,0"
unhcr_east_horn_africa_great_lates,1849,"0,0,0,1,213,1070,3394,10508,36108,120841,332347,696615,1214918,2024356,3121433,4207629,4936433,5249052,5074980,4322142,3254657,2297192,1485501,913579,559252,328563,191527,115350,70006,41793,24929,14875,8937,5520,3487,2203,1380,850,526,329,205,118,77,64,49,20,13,5,0,0"
unhcr_east_horn_africa_great_lates,1850,"0,0,0,1,213,1081,3428,10606,36433,121911,335268,702892,1226421,2044572,3153847,4252367,4990630,5308358,5132948,4371614,3291891,2323475,1502405,923925,565638,332353,193745,116702,70828,42291,25236,15054,9042,5583,3529,2228,1400,861,535,334,209,118,78,65,50,22,15,5,0,0"
unhcr_east_horn_africa_great_lates,1851,"0,0,0,0,176,992,3224,10121,35353,120289,334064,702934,1229395,2050824,3162992,4267424,5008729,5327039,5150494,4384894,3301893,2330549,1506901,926581,567271,333262,194228,116957,70973,42364,25274,15078,9057,5592,3534,2232,1403,862,536,335,210,118,78,65,50,22,15,5,0,0"
unhcr_east_horn_africa_great_lates,1852,"0,0,0,0,176,994,3234,10153,35455,120638,335039,704990,1232951,2056292,3170647,4276938,5018807,5336659,5159364,4392435,3307638,2334616,1509616,928273,568235,333793,194513,117118,71061,42419,25303,15094,9067,5597,3537,2234,1401,863,536,335,210,119,78,65,50,22,15,5,0,0"
unhcr_east_horn_africa_great_lates,1853,"0,0,0,0,176,996,3236,10159,35478,120703,335107,704493,1230533,2050581,3163673,4269366,5010098,5327176,5158909,4404174,3324220,2350775,1523404,937854,574209,337202,196327,118031,71536,42673,25437,15169,9112,5625,3554,2246,1408,867,540,338,211,120,80,65,50,22,15,5,0,0"
unhcr_east_horn_africa_great_lates,1854,"0,0,0,0,176,998,3240,10166,35491,120676,334830,703792,1229847,2050157,3163751,4271464,5014242,5333429,5165908,4410652,3329479,2354548,1526026,939581,575197,337756,196644,118215,71648,42732,25467,15188,9126,5636,3558,2251,1410,867,540,336,210,120,80,65,50,22,15,5,0,0"
unhcr_east_horn_africa_great_lates,1855,"0,0,0,0,176,999,3241,10173,35518,120784,335138,704457,1231064,2052152,3166610,4275087,5018275,5337715,5170477,4415100,3333269,2357408,1528059,940911,575977,338187,196883,118344,71717,42767,25491,15206,9138,5639,3561,2249,1413,868,541,336,210,120,80,65,50,22,15,5,0,0"
unhcr_east_horn_africa_great_lates,1856,"0,0,0,0,142,909,3000,9448,33251,114773,322694,687961,1214773,2031933,3144557,4264067,5029899,5360349,5194814,4441463,3355540,2372703,1539112,947384,579591,340326,197944,118887,72017,42934,25588,15258,9171,5659,3575,2257,1418,872,543,336,212,121,80,65,49,22,15,5,0,0"
unhcr_east_horn_africa_great_lates,1857,"0,0,0,0,142,909,3001,9455,33277,114890,323018,688645,1216026,2033971,3147477,4267748,5033976,5364685,5199441,4445966,3359374,2375600,1541175,948731,580378,340756,198186,119015,72089,42976,25603,15265,9175,5663,3580,2257,1421,872,543,336,212,121,80,65,49,22,15,5,0,0"
unhcr_east_horn_africa_great_lates,1858,"0,0,0,0,142,910,3004,9461,33304,115002,323339,689324,1217285,2036018,3150400,4271453,5038077,5369063,5204098,4450508,3363244,2378533,1543250,950095,581170,341194,198425,119151,72163,43014,25623,15279,9179,5672,3583,2260,1420,872,543,336,213,121,80,65,49,22,15,5,0,0"
unhcr_east_horn_africa_great_lates,1859,"0,0,0,0,142,910,3003,9468,33329,115071,323458,689030,1215436,2031449,3145709,4267179,5032424,5363078,5206599,4463764,3377688,2390825,1553777,956767,585021,343479,199509,119697,72481,43182,25713,15329,9214,5690,3594,2269,1425,875,543,337,214,121,81,65,49,22,14,5,0,0"
unhcr_east_horn_africa_great_lates,1860,"0,0,0,0,142,904,2941,9152,31850,110396,313609,677977,1204373,2018433,3132664,4267499,5049875,5383684,5225683,4481378,3389829,2398544,1558767,959464,586489,344306,199949,119936,72611,43263,25763,15361,9230,5699,3600,2274,1427,877,544,339,215,122,81,65,49,22,14,5,0,0"
unhcr_east_horn_africa_great_lates,1861,"0,0,0,0,143,902,2945,9161,31877,110494,313909,678634,1205584,2020383,3135446,4271025,5053842,5388040,5230515,4486237,3394043,2401727,1561038,960940,587347,344781,200206,120083,72694,43303,25790,15374,9237,5707,3599,2275,1430,877,543,339,214,122,81,64,49,22,14,5,0,0"
unhcr_east_horn_africa_great_lates,1862,"0,0,0,0,114,821,2762,8711,30806,108539,311398,675988,1203658,2019796,3135165,4273804,5059659,5396344,5239822,4494047,3400387,2406710,1564394,962985,588642,345542,200608,120295,72811,43360,25818,15390,9246,5711,3608,2279,1429,880,544,339,214,122,81,64,49,22,14,5,0,0"
unhcr_east_horn_africa_great_lates,1863,"0,0,0,0,114,822,2764,8720,30832,108643,311699,676649,1204898,2021818,3138092,4277568,5063889,5400865,5244681,4498850,3404496,2409825,1566602,964429,589488,346015,200861,120436,72886,43404,25842,15409,9260,5714,3609,2280,1428,881,545,339,214,122,81,64,49,22,14,5,0,0"
unhcr_east_horn_africa_great_lates,1864,"0,0,0,0,114,822,2764,8725,30841,108634,311496,676096,1204333,2021633,3138337,4279826,5068073,5407181,5251969,4505708,3410105,2413891,1569429,966294,590558,346614,201205,120634,73001,43469,25876,15424,9271,5726,3613,2280,1428,881,545,340,214,122,81,64,49,21,14,5,0,0"
unhcr_east_horn_africa_great_lates,1865,"0,0,0,0,114,823,2766,8748,31038,109435,313770,680729,1211208,2029509,3146726,4281934,5059755,5391040,5240979,4508801,3416288,2421594,1578655,972804,594494,349523,203163,121990,73918,44011,26193,15616,9381,5788,3646,2299,1442,885,545,341,215,123,82,64,49,21,13,5,0,0"
unhcr_east_horn_africa_great_lates,1866,"0,0,0,0,114,825,2768,8767,31209,110132,315794,685115,1219071,2041815,3160533,4289190,5058261,5382249,5230098,4502354,3415127,2424647,1583277,977201,597876,351754,205077,123389,74818,44570,26547,15841,9517,5860,3692,2321,1456,893,549,342,215,124,82,64,49,21,13,5,0,0"
unhcr_east_horn_africa_great_lates,1867,"0,0,0,0,115,825,2735,8566,30006,105456,303144,664265,1196102,2020771,3147383,4286264,5077170,5412972,5258558,4528047,3434918,2435597,1588336,978853,598479,351755,205011,123462,74991,44766,26734,16009,9658,5981,3780,2386,1502,927,575,358,226,125,82,64,49,20,13,5,0,0"
unhcr_east_horn_africa_great_lates,1868,"0,0,0,0,90,750,2565,8132,28860,102673,297424,653872,1183213,2015936,3153076,4297493,5091919,5429761,5272953,4535889,3440346,2439632,1588470,978468,598888,351992,205012,123610,75186,44979,26968,16215,9822,6104,3872,2456,1551,965,602,378,237,135,89,64,49,20,13,5,0,0"
unhcr_east_horn_africa_great_lates,1869,"0,0,0,0,90,750,2565,8116,28602,101628,294470,646613,1169256,1999014,3137573,4286537,5090867,5446194,5302349,4565521,3463100,2453041,1594813,980887,599034,351404,203902,122600,74482,44531,26700,16058,9729,6051,3849,2447,1548,967,603,379,237,136,90,64,49,20,12,5,0,0"
unhcr_east_horn_africa_great_lates,1870,"0,0,0,0,85,714,2459,7837,27922,99920,290968,641621,1161937,1985125,3115669,4254890,5063793,5438169,5323430,4611205,3503974,2480991,1614509,991042,602945,353044,203941,122272,74217,44314,26524,15932,9644,6007,3823,2444,1553,971,610,383,240,138,92,64,49,20,11,5,0,0"
unhcr_east_horn_africa_great_lates,1871,"0,0,0,0,85,715,2475,7898,28090,98924,283741,621403,1122944,1929006,3049321,4180579,5016755,5452082,5422702,4730018,3589560,2543308,1646439,990876,594638,342996,193814,114211,68619,40620,24220,14555,8851,5557,3575,2312,1492,955,607,382,239,137,92,64,49,20,11,4,0,0"
unhcr_east_horn_africa_great_lates,1872,"0,0,0,0,44,454,1673,5683,22082,84849,257985,589427,1090532,1898589,3027121,4184046,5051525,5497994,5465844,4765800,3612963,2558301,1654880,995059,597053,344331,194509,114611,68888,40801,24332,14628,8896,5589,3598,2327,1495,956,611,381,239,138,92,65,50,19,10,4,0,0"
unhcr_east_horn_africa_great_lates,1873,"0,0,0,0,33,219,879,3658,16957,72853,236153,559492,1057778,1872116,3013205,4192655,5081117,5537030,5505224,4797425,3633882,2572308,1662749,999260,599615,345754,195236,115064,69181,40998,24452,14705,8940,5618,3617,2333,1505,956,609,381,240,139,92,66,50,19,10,4,0,0"
unhcr_east_horn_africa_great_lates,1874,"0,0,0,0,34,225,893,3678,16943,72622,235299,557816,1056230,1870854,3012639,4196688,5091671,5551408,5518788,4807377,3639131,2575970,1664032,999336,599614,345657,195120,115022,69202,41036,24485,14715,8957,5629,3628,2341,1505,958,609,381,240,135,92,66,50,19,10,4,0,0"
unhcr_east_horn_africa_great_lates,1875,"0,0,0,0,35,227,906,3725,17340,73985,237894,560092,1057342,1872630,3011818,4203046,5115085,5585890,5532780,4805805,3629133,2564101,1652709,995366,599320,347062,196982,116675,70560,42010,25123,15118,9205,5784,3727,2404,1541,977,616,386,241,136,94,74,52,19,10,4,0,0"
unhcr_east_horn_africa_great_lates,1876,"0,0,0,0,41,259,996,3898,17804,75231,240466,563768,1061896,1879095,3023204,4229104,5151046,5610093,5515674,4774710,3611815,2552683,1644267,996028,603752,352860,202001,120253,73083,43653,26076,15624,9473,5944,3834,2474,1585,999,630,391,246,138,94,78,57,19,10,4,0,0"
unhcr_east_horn_africa_great_lates,1877,"0,0,0,0,51,308,1077,3954,17427,72999,233910,554466,1054998,1865179,3001452,4219358,5178829,5656253,5547601,4792637,3616540,2552415,1643287,995286,603540,353089,202893,120948,73498,43866,26111,15562,9380,5864,3769,2423,1547,973,607,377,236,134,94,78,53,17,10,4,0,0"
unhcr_east_horn_africa_great_lates,1878,"0,0,0,0,40,242,1034,4508,18958,76120,241694,575419,1094636,1910484,3036784,4232604,5180688,5651568,5535516,4779072,3603193,2543475,1633386,984529,593132,344431,196328,116177,70454,42058,25076,14988,9074,5682,3645,2330,1475,920,574,352,221,124,84,69,53,17,10,4,0,0"
unhcr_east_horn_africa_great_lates,1879,"0,0,0,0,42,248,1197,5245,20681,79749,250098,594246,1128312,1955800,3085557,4269082,5197965,5648434,5512972,4745341,3570101,2514836,1618945,976416,588442,342646,196066,115947,70085,41718,24762,14735,8899,5575,3586,2307,1462,912,570,350,218,124,84,69,53,17,10,4,0,0"
unhcr_east_horn_africa_great_lates,1880,"0,0,0,0,43,253,1209,5274,20647,79216,247962,590199,1126792,1960064,3095790,4278560,5204529,5657656,5516583,4747086,3575758,2517496,1627730,982785,591521,345084,197803,116423,70021,41591,24569,14530,8749,5481,3533,2278,1450,907,567,345,217,124,84,70,53,17,10,4,0,0"
unhcr_east_horn_africa_great_lates,1881,"0,0,0,0,46,257,1216,5259,20532,78441,244997,583436,1118033,1952334,3092594,4283995,5221359,5678563,5539380,4766216,3588497,2524188,1630142,982865,590343,343813,196811,115802,69674,41364,24419,14446,8705,5460,3520,2269,1446,904,562,343,215,122,85,70,53,16,10,4,0,0"
unhcr_east_horn_africa_great_lates,1882,"0,0,0,0,48,261,1224,5297,20643,78450,243236,575892,1102407,1933521,3079879,4284516,5232651,5698267,5556512,4788480,3606869,2538209,1643241,992609,595160,346362,197592,115391,69093,40992,24227,14350,8655,5432,3504,2259,1440,901,561,344,215,122,85,70,54,16,10,4,0,0"
unhcr_east_horn_africa_great_lates,1883,"0,0,0,0,49,267,1235,5308,20635,78305,242046,572061,1095757,1925481,3074167,4288096,5251049,5725652,5583107,4807573,3615483,2542464,1644538,992651,594546,345553,196947,114979,68873,40877,24166,14327,8653,5440,3512,2261,1440,901,561,341,215,122,85,70,55,16,10,4,0,0"
unhcr_east_horn_africa_great_lates,1884,"0,0,0,0,47,262,1199,5078,19503,74303,232188,558642,1080676,1904915,3052826,4281962,5272169,5758271,5618134,4840157,3636955,2555959,1652600,996540,596527,346578,197378,115350,69219,41106,24312,14414,8718,5473,3532,2272,1446,904,564,344,215,122,86,70,56,16,10,4,0,0"
unhcr_east_horn_africa_great_lates,1885,"0,0,0,0,49,266,1145,4746,18551,71953,226244,546066,1063259,1891910,3050935,4287050,5277243,5752595,5621402,4853180,3651317,2575960,1667518,1016317,612809,356352,203862,120325,72923,43625,25838,15212,9040,5542,3515,2251,1431,895,559,349,218,122,86,70,56,16,10,3,0,0"
unhcr_east_horn_africa_great_lates,1886,"0,0,0,0,49,271,965,3538,14894,62212,202445,499631,997639,1823497,2988599,4249475,5275641,5790128,5683028,4918971,3715762,2634695,1710262,1040260,628588,368172,211646,125223,76050,45503,26896,15809,9403,5773,3665,2347,1480,926,578,356,223,124,85,70,57,16,10,3,0,0"
unhcr_east_horn_africa_great_lates,1887,"0,0,0,0,52,276,957,3438,14231,59382,195973,492218,997794,1826286,2989592,4254518,5295129,5809015,5688782,4925019,3727073,2644758,1716907,1043624,631115,369776,212630,126347,77118,46299,27386,16122,9627,5943,3773,2414,1522,946,592,367,229,125,86,71,57,15,10,3,0,0"
unhcr_east_horn_africa_great_lates,1888,"0,0,0,0,52,278,971,3468,14271,59326,195747,491589,994171,1814768,2976458,4257411,5313728,5828990,5703792,4940350,3739214,2652531,1722124,1047885,634790,372915,214346,127253,77732,46678,27590,16236,9718,6003,3818,2440,1536,953,594,368,233,125,88,76,57,15,10,3,0,0"
unhcr_east_horn_africa_great_lates,1889,"0,0,0,0,53,285,988,3490,14246,59105,195058,490305,993111,1813635,2975379,4259609,5321587,5840089,5716043,4950594,3745793,2657312,1723953,1048137,634959,372826,214121,127126,77703,46693,27606,16241,9716,6009,3824,2443,1536,955,593,367,231,126,88,77,58,15,10,3,0,0"
unhcr_east_horn_africa_great_lates,1890,"0,0,0,0,56,291,1001,3506,14154,58624,193646,487314,988712,1807025,2966717,4253444,5322954,5845642,5722037,4954909,3751913,2665680,1729806,1052768,638608,374850,215406,127778,77998,46879,27711,16293,9750,6034,3844,2454,1545,955,596,368,234,125,88,78,60,15,10,3,0,0"
unhcr_east_horn_africa_great_lates,1891,"0,0,0,0,58,292,1014,3523,14141,58224,191978,482995,981257,1796258,2952719,4242549,5322970,5854735,5732938,4963949,3756701,2668799,1730745,1052718,638516,374749,215349,127731,77990,46886,27728,16303,9762,6048,3855,2460,1548,952,595,366,233,125,88,78,60,15,10,3,0,0"
unhcr_east_horn_africa_great_lates,1892,"0,0,0,0,59,301,1030,3545,14119,57921,190727,479703,975763,1788480,2942073,4232596,5318733,5856710,5736475,4965286,3755475,2668128,1729495,1051395,637741,374232,214861,127388,77762,46736,27619,16229,9723,6024,3844,2450,1540,950,591,365,230,123,87,79,60,14,10,3,0,0"
unhcr_east_horn_africa_great_lates,1893,"0,0,0,0,58,306,1042,3567,14083,57281,187089,468152,951684,1753473,2901827,4197667,5304890,5865168,5754290,4986518,3771460,2678692,1736834,1057099,640139,375513,215321,127033,77268,46319,27328,16030,9572,5930,3785,2415,1517,932,576,357,226,122,88,79,60,14,10,3,0,0"
unhcr_east_horn_africa_great_lates,1894,"0,0,0,0,62,306,1195,4564,16983,64456,203718,501411,1003684,1814997,2961718,4238732,5312612,5832234,5695609,4923023,3711098,2628911,1701384,1036440,627214,366403,209501,123539,75184,45158,26707,15684,9362,5794,3697,2362,1482,907,562,345,220,118,88,80,61,14,10,3,0,0"
unhcr_east_horn_africa_great_lates,1895,"0,0,0,0,65,311,1294,4999,18048,66745,208824,511787,1017074,1820238,2952142,4224456,5306159,5842228,5701246,4919682,3705085,2616461,1688958,1019509,613013,356590,202474,118252,71307,42558,25157,14869,9020,5701,3691,2362,1480,907,554,342,217,115,87,80,62,14,10,3,0,0"
unhcr_east_horn_africa_great_lates,1896,"0,0,0,0,65,318,1305,4992,17932,66131,207445,511203,1021331,1828470,2957940,4221578,5287882,5819930,5675882,4899450,3697090,2616073,1690866,1020712,614487,358278,203882,119120,71700,42724,25224,14874,8995,5666,3663,2347,1472,909,556,340,215,112,87,80,62,14,10,3,0,0"
unhcr_east_horn_africa_great_lates,1897,"0,0,0,0,58,304,1255,4766,16896,62247,196523,492145,993572,1790478,2914796,4188083,5287151,5838063,5703143,4925613,3715129,2627606,1695924,1021647,614558,358036,203451,118807,71620,42743,25243,14884,8997,5682,3675,2354,1477,907,553,337,214,111,87,80,62,14,10,3,0,0"
unhcr_east_horn_africa_great_lates,1898,"0,0,0,0,59,311,1250,4677,16402,59944,190136,479522,975990,1762198,2875130,4149940,5285782,5869689,5727644,4939889,3727079,2632121,1693459,1017412,611407,355948,202476,118912,72017,43092,25485,15041,9102,5739,3712,2375,1486,914,558,343,216,112,86,80,63,14,10,3,0,0"
unhcr_east_horn_africa_great_lates,1899,"0,0,0,0,63,315,1258,4672,16304,59435,188420,474896,965732,1744119,2848643,4125910,5269574,5861203,5723110,4943300,3733924,2642375,1699254,1022810,615254,357878,203181,119351,72381,43342,25666,15143,9157,5774,3733,2388,1495,914,560,341,218,111,87,80,63,13,10,3,0,0"
unhcr_east_horn_africa_great_lates,1900,"0,0,0,0,63,321,1250,4580,15897,58131,185307,466845,948466,1718783,2817350,4102705,5261486,5866144,5739664,4961083,3742550,2650900,1695987,1017886,612254,354830,200506,118163,72136,43405,25843,15335,9318,5870,3783,2413,1507,922,562,344,219,111,87,80,63,13,10,2,0,0"
unhcr_east_horn_africa_great_lates,1901,"0,0,0,0,74,387,1228,3724,13158,50907,166747,425511,880788,1639034,2742592,4057270,5251011,5887113,5780053,5005103,3784725,2685989,1721367,1037054,625663,363616,206673,122376,74727,44930,26673,15735,9494,5971,3848,2457,1534,940,574,356,224,112,86,80,66,13,10,2,0,0"
unhcr_east_horn_africa_great_lates,1902,"0,0,0,0,67,350,1138,3543,12700,49504,162787,416608,867478,1628347,2736292,4044850,5233290,5871837,5774221,5005686,3789401,2691371,1723750,1036852,625087,362749,205420,121572,74368,44825,26728,15864,9639,6095,3939,2526,1583,971,595,368,234,121,96,83,66,12,10,2,0,0"
unhcr_east_horn_africa_great_lates,1903,"0,0,0,0,68,333,1093,3448,12346,48181,158994,408449,852682,1602579,2698191,3998035,5187301,5844953,5790126,5039706,3816113,2716413,1743310,1044743,627192,361293,203117,119559,72774,43763,26082,15508,9442,5975,3871,2476,1553,951,583,363,230,120,89,81,66,12,10,2,0,0"
unhcr_east_horn_africa_great_lates,1904,"0,0,0,0,67,334,1102,3464,12334,47920,157942,405781,847767,1593459,2684094,3980300,5168974,5829269,5786258,5039057,3815872,2718898,1745544,1044515,626379,360215,202072,118672,72073,43269,25773,15312,9320,5898,3818,2445,1535,941,578,358,229,120,85,83,66,12,10,2,0,0"
unhcr_east_horn_africa_great_lates,1905,"0,0,0,0,67,340,1118,3480,12324,47634,156700,402176,839428,1577308,2660374,3957957,5152864,5816900,5775606,5035176,3819316,2725586,1751216,1050112,629968,362365,203221,119243,72397,43478,25873,15335,9325,5904,3824,2447,1537,941,577,356,226,119,86,85,67,12,10,2,0,0"
unhcr_east_horn_africa_great_lates,1906,"0,0,0,0,68,347,1125,3501,12311,47398,155808,399883,834860,1568992,2647206,3943449,5143955,5813000,5774888,5031396,3811648,2719331,1746032,1046248,627994,361355,202654,118970,72289,43438,25849,15317,9310,5899,3818,2444,1534,940,574,352,226,118,85,86,67,12,10,2,0,0"
unhcr_east_horn_africa_great_lates,1907,"0,0,0,0,65,327,1083,3411,12092,47455,158114,407631,853248,1597527,2679302,3971034,5167150,5829886,5761499,4989807,3756777,2666110,1707350,1023218,615637,355405,200851,118774,72441,43668,26108,15569,9495,5997,3865,2457,1528,927,554,347,216,115,81,85,67,11,10,2,0,0"
unhcr_east_horn_africa_great_lates,1908,"0,0,0,0,67,311,1035,3277,11651,45828,154371,402200,852420,1603017,2679337,3963104,5180446,5859951,5769226,4968975,3727693,2636836,1683889,1008895,609204,353239,200866,119364,73026,44146,26467,15829,9656,6089,3908,2474,1524,912,545,335,214,111,80,85,67,11,10,2,0,0"
unhcr_east_horn_africa_great_lates,1909,"0,0,0,0,56,291,987,3094,10879,43127,147147,390280,830626,1554208,2610555,3907659,5165283,5870828,5794706,5002475,3761980,2661585,1701471,1019895,614688,355836,201254,118585,72110,43409,25851,15334,9307,5856,3755,2367,1454,866,514,317,196,104,80,87,67,11,10,1,0,0"
unhcr_east_horn_africa_great_lates,1910,"0,0,0,0,56,282,846,2740,9916,39365,134694,359388,776690,1480834,2509713,3793028,5081557,5839201,5838650,5104258,3872638,2754247,1758851,1049705,628578,361128,202048,117517,70546,42102,24966,14782,8967,5664,3644,2313,1433,869,519,317,198,123,79,85,67,11,10,1,0,0"
unhcr_east_horn_africa_great_lates,1911,"0,0,0,0,51,265,889,2858,9988,38682,131042,349976,758555,1450235,2474410,3762292,5065589,5857871,5902675,5173485,3909964,2756294,1750096,1033632,610164,345970,190177,109407,65678,39287,23405,13953,8531,5422,3513,2237,1388,844,507,314,195,107,80,87,67,11,10,1,0,0"
unhcr_east_horn_africa_great_lates,1912,"0,0,0,0,48,253,851,2778,9798,38098,129486,347962,757605,1448457,2469677,3755850,5062123,5859861,5910350,5178680,3908838,2758642,1749975,1029252,606446,342055,186910,107060,64152,38352,22885,13702,8418,5359,3471,2207,1370,829,497,304,191,105,75,85,67,11,10,0,0,0"
unhcr_east_horn_africa_great_lates,1913,"0,0,0,0,50,253,803,2652,9460,37194,127423,343424,750517,1439095,2452739,3729702,5035423,5834058,5901555,5192410,3929177,2785396,1772474,1043740,615131,346941,189521,108432,64685,38584,22996,13756,8452,5379,3479,2216,1374,833,497,303,191,112,73,84,65,11,10,0,0,0"
unhcr_east_horn_africa_great_lates,1914,"0,0,0,0,38,203,644,2247,8145,32835,116248,323749,721523,1392554,2393947,3665702,4988568,5807308,5916798,5243822,3988873,2846004,1822896,1075573,632701,354707,192487,109204,64432,38150,22670,13580,8366,5331,3441,2182,1353,819,484,298,185,115,72,80,63,11,10,0,0,0"
unhcr_east_horn_africa_great_lates,1915,"0,0,0,0,40,208,635,2208,8001,32539,115856,322022,714838,1376882,2369911,3631149,4941776,5762292,5906675,5276680,4033174,2887849,1855052,1089824,638373,356122,192434,109343,64624,38383,22793,13609,8375,5347,3471,2213,1372,827,490,300,181,123,73,80,62,11,9,0,0,0"
unhcr_east_horn_africa_great_lates,1916,"0,0,0,0,31,189,575,2018,7284,29885,107763,305467,685379,1319199,2287869,3521263,4825195,5682286,5911113,5380454,4152880,2984352,1930513,1131685,660566,369634,198964,112377,66495,39540,23520,14045,8639,5505,3571,2284,1423,857,508,308,189,125,75,80,66,13,9,0,0,0"
unhcr_east_horn_africa_great_lates,1917,"0,0,0,0,32,196,571,1983,7165,29371,106575,302643,677779,1304859,2264329,3483543,4768608,5618009,5868926,5386453,4201731,3042825,1976438,1165738,681872,381879,205952,115902,67912,40046,23607,13998,8573,5460,3528,2256,1402,851,504,305,190,128,77,79,64,12,8,0,0,0"
unhcr_east_horn_africa_great_lates,1918,"0,0,0,0,24,178,526,1819,6562,27044,99942,290047,659112,1273228,2225770,3442862,4733866,5593722,5866171,5412463,4240930,3089383,2018821,1196003,701634,393342,212180,119331,69506,40809,23984,14156,8629,5488,3546,2272,1417,859,508,305,193,131,81,78,64,12,8,0,0,0"
unhcr_east_horn_africa_great_lates,1919,"0,0,0,0,17,160,490,1682,5977,24230,91193,272380,635795,1243008,2188967,3405911,4738282,5640887,5904152,5441274,4271585,3112152,2035131,1209513,710945,399682,216111,121671,70909,41643,24455,14390,8733,5549,3588,2294,1430,867,510,310,193,134,82,79,65,12,8,0,0,0"
unhcr_east_horn_africa_great_lates,1920,"0,0,0,0,17,165,491,1659,5902,23814,89753,268715,627549,1229379,2171571,3390966,4734842,5646181,5909787,5453453,4295346,3147442,2067415,1234887,730221,411832,223581,126150,73282,42945,25158,14738,8895,5638,3646,2330,1456,881,518,313,192,137,89,79,66,12,7,0,0,0"
unhcr_east_horn_africa_great_lates,1921,"0,0,0,0,11,147,452,1532,5453,22284,85500,260863,618684,1214575,2154327,3379664,4742983,5670528,5928531,5472398,4324463,3185769,2102867,1261775,749327,423894,230830,130474,75745,44283,25883,15096,9046,5726,3699,2360,1469,887,524,315,195,141,94,80,66,12,7,0,0,0"
unhcr_east_horn_africa_great_lates,1922,"0,0,0,0,6,130,417,1411,5060,20727,80706,250191,603265,1190351,2126756,3360704,4747966,5695928,5953501,5507702,4369344,3237451,2150738,1299540,776831,441517,241408,136708,79149,46177,26927,15632,9318,5894,3812,2437,1512,912,536,323,199,143,100,80,67,12,6,0,0,0"
unhcr_east_horn_africa_great_lates,1923,"0,0,0,0,7,134,423,1394,4949,20180,79384,246245,593540,1176379,2115293,3361489,4771718,5731438,5985151,5539010,4403690,3279797,2191621,1331595,801575,457615,251430,142945,82661,48152,28037,16219,9619,6063,3920,2502,1553,939,552,328,204,145,110,80,67,12,5,0,0,0"
unhcr_east_horn_africa_great_lates,1924,"0,0,0,0,2,119,392,1256,4435,17911,72065,230027,571424,1149777,2078033,3320394,4765944,5780771,6038721,5592489,4470548,3347600,2247288,1373112,830774,475685,262148,149424,86241,50044,29041,16710,9833,6173,3974,2536,1572,950,562,332,201,149,113,80,68,10,0,0,0,0"
unhcr_east_horn_africa_great_lates,1925,"0,0,0,0,0,101,363,1158,4127,16824,69344,225309,571158,1161044,2103085,3375077,4857429,5882575,6087097,5576142,4456246,3343587,2237580,1378044,838637,479493,265945,152406,87822,50824,29381,16804,9837,6160,3962,2514,1562,941,556,326,200,146,122,84,64,3,0,0,0,0"
unhcr_east_horn_africa_great_lates,1926,"0,0,0,0,0,104,371,1147,4086,16578,68587,223768,568342,1153142,2091737,3369098,4865881,5894403,6089803,5584879,4486378,3398104,2299537,1430298,880315,507271,282936,162597,93651,54059,31187,17765,10294,6383,4094,2601,1611,977,576,338,206,151,131,87,65,1,0,0,0,0"
unhcr_east_horn_africa_great_lates,1927,"0,0,0,0,0,86,346,993,3536,14799,63339,211952,551981,1135817,2078871,3370195,4877660,5925756,6132931,5634753,4526594,3438765,2344650,1469455,902924,525685,295560,171960,99633,57411,33046,18899,11087,6935,4432,2815,1749,1065,634,374,223,162,145,113,66,1,0,0,0,0"
unhcr_east_horn_africa_great_lates,1928,"0,0,0,0,0,69,316,956,3413,13800,59162,201175,538009,1131579,2076649,3382264,4931672,6052689,6267455,5733538,4577973,3435413,2310624,1438658,881538,511383,287337,167328,96869,55902,32269,18486,10883,6814,4361,2775,1726,1049,620,365,224,165,148,97,67,1,0,0,0,0"
unhcr_east_horn_africa_great_lates,1929,"0,0,0,0,0,71,328,1200,4066,15549,63164,209474,556339,1165938,2125731,3455712,5033693,6172272,6367428,5801074,4579904,3382922,2242633,1384704,845200,489007,274073,159802,92189,53026,30534,17441,10252,6433,4123,2623,1622,975,568,338,210,164,111,88,68,1,0,0,0,0"
unhcr_east_horn_africa_great_lates,1930,"0,0,0,0,0,57,299,882,3153,12769,55685,192685,531293,1136327,2093995,3422526,5002771,6164877,6383840,5835237,4637198,3464981,2335431,1456224,894043,524206,296818,174737,101338,58107,33447,19217,11451,7164,4573,2906,1808,1103,654,387,231,172,151,111,69,1,0,0,0,0"
unhcr_east_horn_africa_great_lates,1931,"0,0,0,0,0,45,273,850,3081,12395,54273,188618,526572,1135217,2092549,3435823,5040467,6232617,6457916,5901258,4684052,3484842,2336455,1455011,892281,522363,296098,174639,101500,58302,33607,19329,11501,7194,4587,2918,1813,1101,656,386,228,174,154,106,70,1,0,0,0,0"
unhcr_east_horn_africa_great_lates,1932,"0,0,0,0,0,34,247,826,2996,11862,52175,181608,512835,1121215,2077541,3434839,5068201,6295942,6531109,5969825,4737025,3514178,2349144,1463196,899151,527551,299752,177666,103337,59191,34062,19545,11606,7235,4611,2925,1817,1104,656,382,229,169,154,102,71,1,0,0,0,0"
unhcr_east_horn_africa_great_lates,1933,"0,0,0,0,0,36,252,768,2706,10678,47720,170822,489834,1089080,2033992,3388502,5037766,6304528,6551098,5988786,4793158,3597029,2432631,1538086,951403,564022,322637,192417,112702,64603,37160,21275,12539,7797,4947,3121,1936,1181,700,417,243,176,161,125,71,1,0,0,0,0"
unhcr_east_horn_africa_great_lates,1934,"0,0,0,0,0,25,227,842,3025,11364,48832,172201,501862,1125990,2084906,3457269,5139424,6452096,6699824,6092374,4814351,3536168,2343185,1453023,892570,524359,299619,178682,104231,59687,34405,19799,11823,7357,4667,2951,1828,1103,649,382,228,174,150,95,71,1,0,0,0,0"
unhcr_east_horn_africa_great_lates,1935,"0,0,0,0,0,16,203,744,2740,10491,46049,164769,480206,1085875,2027697,3405309,5105821,6429412,6695281,6119595,4896347,3642761,2437144,1535052,952143,564184,323362,193956,113852,65166,37446,21392,12561,7789,4926,3111,1924,1166,692,406,240,182,164,108,71,1,0,0,0,0"
unhcr_east_horn_africa_great_lates,1936,"0,0,0,0,0,16,206,677,2403,9698,44009,160749,470934,1065133,2000957,3391446,5109957,6432923,6668826,6093635,4905461,3698937,2516986,1619449,1016565,613194,356362,215882,128660,74212,42803,24536,14387,8913,5628,3547,2196,1334,795,472,272,196,178,154,76,1,0,0,0,0"
unhcr_east_horn_africa_great_lates,1937,"0,0,0,0,1,27,234,842,2944,10436,43410,156149,461304,1066897,1998759,3392082,5153319,6555616,6790262,6170808,4972117,3713807,2483712,1586980,1001101,600994,348583,211355,125622,71894,41166,23299,13434,8262,5206,3274,2018,1215,719,415,251,185,169,108,79,2,0,0,0,0"
unhcr_east_horn_africa_great_lates,1938,"0,0,0,0,5,44,269,840,2980,10713,43867,155016,454676,1052555,1974716,3374876,5158410,6564400,6774079,6142637,5000797,3785711,2562512,1656317,1056400,640825,374987,227883,136326,78506,45090,25535,14648,8953,5641,3541,2183,1316,780,451,271,191,183,137,83,2,0,0,0,0"
unhcr_east_horn_africa_great_lates,1939,"0,0,0,0,11,75,352,1008,3318,11492,45687,159221,463404,1065931,1994181,3412206,5217282,6617144,6788995,6134426,4995720,3799037,2584495,1679956,1082566,661271,389602,237687,142826,82184,47069,26537,15099,9156,5750,3602,2218,1339,791,460,269,196,189,139,85,2,0,0,0,0"
unhcr_east_horn_africa_great_lates,1940,"0,0,0,0,16,102,402,1117,3570,12097,46805,160405,460765,1049131,1956124,3376680,5217040,6657240,6853848,6198935,5062483,3857944,2632831,1715390,1111390,681329,402529,245448,147859,84861,48268,27029,15221,9126,5684,3547,2169,1303,764,443,256,186,186,135,83,1,0,0,0,0"
unhcr_east_horn_africa_great_lates,1941,"0,0,0,0,11,64,275,844,3050,10688,42598,150015,436484,1021164,1928078,3371182,5255761,6752967,6942445,6216820,5113438,3908699,2668224,1755816,1141846,701177,415107,252347,152003,86801,48985,27308,15312,9107,5648,3489,2118,1271,742,429,248,182,190,145,71,0,0,0,0,0"
unhcr_east_horn_africa_great_lates,1942,"0,0,0,0,0,0,436,2626,8363,24068,75853,221278,552089,1167818,2081554,3485262,5325501,6775290,6938671,6188521,5062653,3843031,2601322,1705973,1108508,683427,406910,249197,151124,86387,48666,27183,15341,9226,5707,3524,2140,1281,752,428,255,185,192,146,71,0,0,0,0,0"
unhcr_east_horn_africa_great_lates,1943,"0,0,0,0,0,0,415,2847,9117,25916,79890,228653,567342,1210987,2152358,3565794,5426634,6888108,7069368,6302985,5123082,3820976,2534160,1634775,1055109,648552,387742,238364,143999,81687,45329,24939,14004,8438,5197,3203,1934,1142,662,373,228,185,166,98,70,0,0,0,0,0"
unhcr_east_horn_africa_great_lates,1944,"0,0,0,0,0,0,388,2486,7954,22842,72254,213296,545630,1191634,2146483,3553956,5414341,6895251,7103359,6352836,5181897,3891054,2617405,1707476,1104348,690182,417941,257763,156950,89512,49853,27800,15963,9705,6000,3707,2268,1367,805,465,275,201,200,160,68,0,0,0,0,0"
unhcr_east_horn_africa_great_lates,1945,"0,0,0,0,0,0,363,2409,7840,22484,70025,207001,533156,1186067,2151091,3552629,5415663,6959966,7210451,6441955,5267610,3959786,2649444,1719305,1111981,695425,422220,260534,158940,90472,49924,27614,15742,9538,5882,3621,2210,1323,775,448,267,200,203,137,68,0,0,0,0,0"
unhcr_east_horn_africa_great_lates,1946,"0,0,0,0,0,1,435,2556,8156,23259,72894,211357,533455,1191036,2177608,3613444,5517347,7041399,7245833,6436267,5289218,3981794,2662917,1745018,1132575,711522,434792,269178,164796,93728,51323,28246,16031,9675,5941,3652,2221,1330,785,453,269,207,212,138,58,0,0,0,0,0"
unhcr_east_horn_africa_great_lates,1947,"0,0,0,0,0,1,411,2412,7752,22203,70005,204771,521865,1175972,2164916,3605558,5524184,7068436,7279141,6488677,5352651,4063381,2735960,1804971,1177154,745076,457182,282692,173776,99227,54215,29762,16808,10105,6209,3812,2316,1394,824,478,282,214,219,153,58,0,0,0,0,0"
unhcr_east_horn_africa_great_lates,1948,"0,0,0,0,0,1,383,2267,7419,21564,68692,201998,514370,1157707,2140018,3575324,5502791,7067047,7287987,6545048,5438253,4181632,2837140,1878964,1228243,781506,480698,296922,183331,105097,57289,31277,17470,10425,6382,3907,2371,1422,843,483,288,213,224,156,58,0,0,0,0,0"
unhcr_east_horn_africa_great_lates,1949,"0,0,0,0,0,1,370,2153,7138,20916,66220,195901,500335,1139747,2123970,3560884,5491067,7127547,7390756,6633927,5529061,4284195,2912793,1934614,1268547,810424,500669,309546,191985,110859,60472,32943,18332,10885,6656,4067,2472,1478,873,502,295,219,234,160,59,0,0,0,0,0"
unhcr_east_horn_africa_great_lates,1950,"0,0,0,0,0,5,449,2290,7457,21860,69456,202109,510954,1163610,2172049,3655994,5626307,7249364,7453342,6653757,5582314,4334923,2958262,1980185,1297811,829588,513362,316920,196534,113466,61832,33684,18704,11068,6771,4129,2499,1496,884,508,293,227,242,165,51,0,0,0,0,0"
unhcr_east_horn_africa_great_lates,1951,"0,0,0,0,0,1,345,1935,5980,17074,53092,161471,423916,1026795,2025798,3475807,5405206,7280606,7765074,7014079,5897263,4664926,3202885,2163113,1422432,911480,571663,353239,220085,129273,71310,39443,22437,13497,8305,5107,3137,1912,1151,692,390,262,258,261,88,0,0,0,0,0"
unhcr_east_horn_africa_great_lates,1952,"0,0,0,0,0,0,256,1665,5737,17084,53177,163773,427880,1024790,2024364,3479387,5456740,7430273,7986750,7280597,6118868,4861825,3336117,2213854,1448562,927368,575737,355792,222307,130691,71692,39033,21712,12833,7844,4793,2913,1754,1036,607,348,246,258,212,77,0,0,0,0,0"
unhcr_east_horn_africa_great_lates,1953,"0,0,0,0,0,0,182,1431,5338,16254,52254,165028,434757,1037172,2034500,3520302,5587711,7599719,8130484,7491634,6307480,5000282,3457742,2282240,1493657,961612,596972,369667,231798,137551,75739,41069,22775,13405,8186,5008,3031,1821,1077,622,363,256,266,200,93,1,0,0,0,0"
unhcr_east_horn_africa_great_lates,1954,"0,0,0,0,0,0,176,1350,4774,14474,45679,147140,391974,971599,1983142,3481595,5550749,7725795,8441294,7791469,6562851,5234117,3609169,2389325,1561878,1006049,629409,391563,245866,147419,81754,44569,25039,14891,9091,5558,3371,2035,1214,713,410,280,283,267,98,1,0,0,0,0"
unhcr_east_horn_africa_great_lates,1955,"0,0,0,0,3,29,80,198,1120,5047,21286,92184,291839,826342,1816450,3338563,5483462,7816246,8696441,8149249,6914265,5560818,3889454,2574849,1689972,1090485,684255,425386,267662,162038,90565,49412,27691,16398,10009,6126,3731,2265,1360,810,467,301,293,300,125,5,0,0,0,0"
unhcr_east_horn_africa_great_lates,1956,"0,0,0,0,3,33,92,190,937,4388,19371,87194,283852,820807,1819875,3363781,5515543,7870415,8785891,8273904,7137383,5804013,4144214,2770334,1825444,1165756,732315,452370,282981,171290,95872,52367,29317,17349,10636,6538,4005,2447,1484,892,524,334,313,323,145,7,0,0,0,0"
unhcr_east_horn_africa_great_lates,1957,"0,0,0,0,0,0,0,7,543,3281,17479,85884,283563,831433,1866107,3474464,5709155,8134955,9035127,8456551,7288943,5927803,4205947,2815160,1857011,1190201,749828,465294,291497,176956,98893,53559,29803,17519,10688,6527,3980,2432,1479,883,524,342,325,333,138,2,0,0,0,0"
unhcr_east_horn_africa_great_lates,1958,"0,0,0,0,0,0,0,9,578,3486,18251,89297,293412,849877,1883661,3500774,5788433,8271278,9233775,8738110,7538915,6108582,4346147,2887032,1893503,1214383,762541,472658,296508,180197,100805,54625,30443,17970,10985,6730,4119,2515,1528,921,541,352,329,340,149,7,0,0,0,0"
unhcr_east_horn_africa_great_lates,1959,"0,0,0,0,0,0,0,2,399,3084,16277,82988,271463,800560,1828424,3453588,5741511,8298690,9401575,8922436,7813068,6407607,4638486,3116261,2051712,1301231,822248,511258,318172,194404,109479,58706,32372,18952,11506,7014,4267,2596,1580,945,562,365,337,354,156,7,0,0,0,0"
unhcr_east_horn_africa_great_lates,1960,"0,0,0,0,0,0,0,2,346,2839,14338,76848,260609,774195,1768343,3346787,5641041,8303962,9607851,9296806,8193280,6733965,4948450,3304020,2172376,1382034,871137,538130,335790,206170,116867,63126,34825,20351,12409,7624,4667,2854,1739,1042,627,385,353,366,193,25,0,0,0,0"
unhcr_east_horn_africa_great_lates,1961,"0,0,0,0,0,0,0,3,565,3867,17945,89835,320815,918957,1942138,3545909,5886917,8531784,9812649,9555224,8417689,6845861,5011046,3300791,2142690,1375535,867765,538595,338110,208817,118983,63976,35186,20574,12503,7671,4691,2849,1727,1034,613,387,361,363,168,36,0,0,0,0"
unhcr_east_horn_africa_great_lates,1962,"0,0,0,0,0,0,0,1,319,2995,13810,73676,271209,820579,1840609,3426022,5756221,8554610,10087904,9860885,8767917,7245856,5364883,3579250,2344267,1491959,946132,588222,367265,227248,130298,70038,38362,22344,13565,8309,5080,3089,1883,1129,676,420,374,394,212,38,0,0,0,0"
unhcr_east_horn_africa_great_lates,1963,"0,0,0,0,0,0,0,0,335,2840,13480,72571,265370,780404,1760338,3264877,5527959,8413463,10281071,10326158,9290070,7650395,5782781,3837791,2494284,1606452,1017671,623933,391666,244738,141842,77302,42414,24378,14859,9196,5665,3466,2103,1268,752,466,378,398,249,82,0,0,0,0"
unhcr_east_horn_africa_great_lates,1964,"0,0,0,0,0,0,0,0,299,2522,14453,72665,259815,761261,1773974,3289938,5526785,8469386,10646979,10827385,9673093,7947762,6045197,4010374,2591504,1650681,1026882,614725,383157,236228,135749,76210,42822,24940,15504,9779,6147,3826,2356,1433,856,523,407,423,307,102,0,0,0,0"
unhcr_east_horn_africa_great_lates,1965,"0,0,0,0,0,0,0,0,252,2403,13484,69104,250968,747602,1770210,3297125,5553665,8585956,10923272,11224985,10122115,8290103,6347138,4229091,2700284,1698990,1046044,616102,381061,232188,133774,76343,43198,25319,15865,10095,6410,4008,2476,1503,899,548,419,433,319,120,0,0,0,0"
unhcr_east_horn_africa_great_lates,1966,"0,0,0,0,0,0,0,0,280,1897,11634,57406,220066,668781,1670541,3187943,5442529,8469456,11167425,11722221,10492535,8682867,6726896,4483966,2912867,1862428,1163489,700504,434090,269644,156423,88077,49696,28896,17959,11350,7169,4488,2796,1714,1042,626,457,461,424,126,0,0,0,0"
unhcr_east_horn_africa_great_lates,1967,"0,0,0,0,0,0,0,8,408,1921,9655,48048,188559,586740,1556295,3073306,5357118,8501748,11464594,12257504,10991640,9083255,7053088,4715642,3058641,1981589,1245743,755395,468747,293994,171946,96418,54181,31249,19268,12160,7672,4804,2990,1841,1134,678,478,477,461,153,2,0,0,0"
unhcr_east_horn_africa_great_lates,1968,"0,0,0,0,0,0,0,0,286,1586,8776,43202,177838,568787,1523547,3036914,5278396,8398931,11567151,12626900,11505639,9548844,7532112,5086851,3283524,2106024,1316723,791414,485502,302669,176930,99753,56241,32478,20076,12736,8084,5096,3187,1976,1215,734,507,491,494,191,9,0,0,0"
unhcr_east_horn_africa_great_lates,1969,"0,0,0,0,0,0,0,0,239,1462,7329,39525,180005,590812,1567242,3093392,5410990,8692687,11920704,12924364,11815217,9830284,7803822,5335742,3446105,2192313,1355439,802180,486929,297820,173764,99843,56685,32774,20379,13058,8366,5313,3338,2079,1286,777,531,509,525,192,9,0,0,0"
unhcr_east_horn_africa_great_lates,1970,"0,0,0,0,0,0,0,0,377,1668,7088,36437,159742,505795,1446429,3055316,5460016,8918569,12435405,13623648,12360217,10203466,8024877,5424562,3498442,2244516,1393002,831336,509266,314083,183127,104592,59364,34436,21440,13687,8749,5546,3492,2167,1341,815,555,530,545,200,9,0,0,0"
unhcr_east_horn_africa_great_lates,1971,"0,0,0,0,0,0,0,0,318,1494,6748,33595,149741,476421,1388816,3002716,5378851,8836403,12577469,14079534,12932159,10700218,8485104,5780165,3716648,2383814,1482508,886933,540686,334404,195960,111996,63702,36948,22968,14685,9413,5985,3778,2358,1456,896,589,548,573,249,20,0,0,0"
unhcr_east_horn_africa_great_lates,1972,"0,0,0,0,0,0,0,9,481,1731,7351,34841,149566,483616,1408309,3040443,5474438,8993504,12840102,14498834,13312257,11027877,8734278,5942313,3840149,2511976,1583321,969208,597221,375060,222862,125408,70542,40627,24978,15822,10061,6361,4017,2515,1558,968,624,570,604,288,22,0,0,0"
unhcr_east_horn_africa_great_lates,1973,"0,0,0,0,0,0,0,55,668,2016,7831,36705,158712,507843,1482958,3201182,5758074,9440160,13425089,15098974,13687176,11236309,8803285,5962813,3847136,2514106,1561345,947227,583586,360718,212865,122266,70100,41127,25697,16458,10562,6743,4270,2686,1670,1041,670,600,631,338,22,0,0,0"
unhcr_east_horn_africa_great_lates,1974,"0,0,0,0,0,0,0,0,441,1583,7547,37636,163102,527018,1539780,3300630,5861650,9586182,13694320,15449932,14114748,11626775,9208574,6260268,4040469,2619385,1621033,980764,601710,369177,218481,126124,72605,42956,26985,17314,11153,7138,4529,2865,1788,1120,712,627,662,387,23,0,0,0"
unhcr_east_horn_africa_great_lates,1975,"0,0,0,0,0,0,0,0,181,1230,9048,45252,179184,572707,1651745,3559559,6264924,9983082,14150849,15804061,14363369,11846881,9476588,6387701,4142495,2649736,1638179,998972,611262,376825,221338,125099,71149,42071,26336,16786,10702,6811,4307,2723,1706,1053,711,654,685,289,3,0,0,0"
unhcr_east_horn_africa_great_lates,1976,"0,0,0,0,0,0,0,0,11,681,5195,32053,152320,513303,1542208,3465669,6202445,9938303,14297566,16249730,14930017,12422522,10038149,6963038,4527712,2863162,1723813,1042744,628008,376150,220026,126326,72557,43368,27366,17540,11252,7190,4566,2889,1810,1124,754,679,714,342,3,0,0,0"
unhcr_east_horn_africa_great_lates,1977,"0,0,0,0,0,0,0,0,0,353,4226,32843,160212,527816,1588919,3558879,6443120,10306148,14658989,16444589,14963915,12701472,10309244,7297745,4868100,3110371,1849530,1126992,677542,400185,234176,134573,77451,46431,29324,18796,12071,7715,4942,3149,1996,1253,832,730,753,457,0,0,0,0"
unhcr_east_horn_africa_great_lates,1978,"0,0,0,0,0,0,0,0,0,573,3924,33324,168845,582227,1733525,3818134,6846404,10903334,15405278,17067711,15354387,12904485,10346221,7237602,4826401,3089015,1855378,1141377,691837,408350,240392,139337,81121,49567,31465,20199,12972,8332,5346,3448,2196,1396,918,784,788,550,0,0,0,0"
unhcr_east_horn_africa_great_lates,1979,"0,0,0,0,0,0,0,0,114,1201,5319,33135,198433,712594,1942116,4021768,7000617,11286194,16228141,18077630,16314817,13246999,10493450,7140628,4606717,2914371,1766926,1075801,647250,383499,230498,137053,82114,51119,32668,21137,13677,8814,5653,3629,2302,1461,944,789,807,616,3,0,0,0"
unhcr_east_horn_africa_great_lates,1980,"0,0,0,0,0,0,0,0,128,1379,5949,34807,224363,794320,2073449,4160723,7117489,11484289,16558731,18512941,16800424,13609829,10810014,7402386,4761897,3017519,1843592,1120178,678849,404709,245763,148691,89744,53887,27581,13981,7230,3813,2052,1106,606,344,193,109,59,37,22,13,1,0"
unhcr_east_horn_africa_great_lates,1981,"0,0,0,0,0,0,0,0,154,1444,5984,38445,246033,849876,2226112,4428997,7652604,12340098,17476162,19018949,16948517,13769424,10840646,7342167,4772993,3028104,1853396,1132062,689306,410777,248211,149289,90041,53392,26990,13668,7055,3712,1991,1069,584,330,185,104,58,35,22,12,0,0"
unhcr_east_horn_africa_great_lates,1982,"0,0,0,0,0,0,0,0,99,1298,8313,68422,285448,864700,2282879,4531962,7827230,12729849,18103785,19502637,17430509,14353797,11168981,7684885,4985735,3151100,1928254,1177256,715009,425817,255992,154006,92889,55012,27835,14108,7298,3846,2067,1116,608,345,194,111,60,37,23,13,1,0"
unhcr_east_horn_africa_great_lates,1983,"0,0,0,0,0,0,0,0,164,1710,16255,86822,325780,989997,2455107,4743447,8278343,13453662,18497525,19979844,18044274,14770292,11402176,7783034,5027819,3160260,1920446,1167991,699276,416724,253809,153551,93264,55466,28144,14306,7420,3921,2115,1145,625,357,203,112,62,37,23,14,2,0"
unhcr_east_horn_africa_great_lates,1984,"0,0,0,0,0,0,0,0,249,1852,12628,90955,356750,1055581,2700464,5262948,9138525,14277426,19649380,20641825,18072482,14794746,11233488,7568093,4933434,3107365,1896733,1164683,708737,420510,253482,152196,92277,54813,27629,13941,7170,3759,2011,1085,588,330,185,104,56,35,21,12,0,0"
unhcr_east_horn_africa_great_lates,1985,"0,0,0,0,0,0,0,0,511,2177,8400,62064,335061,1104143,2837300,5511544,9524755,15334823,20555866,21194818,18415630,15094750,11277500,7446261,4894933,3143961,1944383,1205697,744202,443736,265019,157661,95298,56432,28304,14191,7258,3776,2004,1070,583,323,180,101,55,34,21,10,0,0"
unhcr_east_horn_africa_great_lates,1986,"0,0,0,0,0,0,0,0,389,2066,12765,92993,382501,1117574,2793836,5437705,9300814,14753169,20670980,22035805,19455195,15898372,12067688,8052038,5242329,3352911,2071793,1275785,785420,469768,283263,170312,103072,61927,31492,15836,8119,4244,2262,1216,661,371,209,117,62,38,23,14,2,0"
unhcr_east_horn_africa_great_lates,1987,"0,0,0,0,0,0,0,0,177,1452,9425,83935,354441,1034408,2660202,5378529,9179158,14675114,21092408,22550484,20003703,16579979,12777802,8774261,5749613,3688176,2285459,1412992,867842,523515,313506,186857,112360,67793,34841,17472,8937,4658,2475,1332,722,403,224,128,70,41,25,15,3,0"
unhcr_east_horn_africa_great_lates,1988,"0,0,0,0,0,0,0,0,153,1510,12290,86201,349874,1065318,2699378,5462312,9528268,15516550,21657273,23196122,20548806,16937254,12959032,8920717,5898402,3802343,2351338,1450366,894844,538885,324217,193527,116608,71216,37181,18601,9493,4935,2622,1411,763,423,244,143,71,41,25,15,3,0"
unhcr_east_horn_africa_great_lates,1989,"0,0,0,0,0,0,0,0,72,1234,5840,55294,299705,1057735,2758944,5571300,9957026,15910278,21916260,23698083,21017731,17426587,13484577,9205270,6170615,3967201,2436074,1507600,926114,554829,333779,199582,120310,73516,38305,19104,9719,5038,2666,1429,773,429,244,144,70,41,25,15,3,0"
unhcr_east_horn_africa_great_lates,1990,"0,0,0,0,0,0,0,0,174,1613,11554,99655,376989,1118014,2854457,5921507,10599494,17016592,22855413,24524641,21429345,17528644,13459317,9133923,6104813,3929441,2420098,1504871,936102,560171,336767,201904,122178,75243,39804,19729,9967,5129,2696,1434,771,425,242,139,69,39,24,14,3,0"
unhcr_east_horn_africa_great_lates,1991,"0,0,0,0,0,0,0,0,130,1507,11431,92659,362215,1173941,3155058,6509795,11885705,18447927,24001523,24708373,21227093,17480619,13341134,9041032,6102841,3937626,2410348,1513754,941859,561829,336226,200079,120864,74499,39293,19351,9709,4965,2588,1364,727,397,225,129,63,35,22,12,0,0"
unhcr_east_horn_africa_great_lates,1992,"0,0,0,0,0,0,0,0,73,1446,13979,104466,395165,1203737,3218678,6804218,12456787,19129775,24988737,25478398,21768058,17986562,13440963,9111298,6153794,3879068,2332887,1467920,904710,534915,322432,193649,117978,72615,37683,18646,9394,4828,2534,1344,714,393,223,130,64,35,22,12,0,0"
unhcr_east_horn_africa_great_lates,1993,"0,0,0,0,0,0,0,0,768,7129,31927,163612,516271,1420642,3580531,7244940,13091439,19841515,25378044,26287543,22912297,18789039,14008116,9286308,5992823,3587482,2054129,1159552,679362,393325,226509,131169,75347,43987,26057,15546,9313,5601,3382,2033,1218,734,447,271,159,98,59,36,14,1"
unhcr_east_horn_africa_great_lates,1994,"0,0,0,0,0,0,0,3,330,7819,67757,306978,845837,1905801,4116646,7904228,13778693,20352760,25506846,26057950,22697807,19203231,14604286,9709271,6175297,3648020,1984208,1043946,570737,330076,192267,107748,60397,35631,21176,12658,7603,4579,2764,1656,994,601,356,216,132,80,49,29,6,0"
unhcr_east_horn_africa_great_lates,1995,"0,0,0,0,0,0,0,4,322,3604,37402,231574,720475,1764762,3764504,7392569,13468388,20655099,26363953,26969549,23751511,19941489,15299948,10269915,6480823,3868525,2125786,1147610,640237,378353,225900,128605,70633,41362,24659,14776,8882,5359,3240,1943,1170,707,427,255,153,94,57,36,12,0"
unhcr_east_horn_africa_great_lates,1996,"0,0,0,0,0,0,0,0,264,3099,33451,225312,718281,1746574,3671554,7137788,12816688,20309275,26490001,28398945,25701094,21354398,16120668,10828636,6860141,4098213,2245503,1234838,693782,413026,248152,141866,76735,43593,25999,15576,9369,5649,3418,2052,1230,751,448,269,163,99,60,37,15,0"
unhcr_east_horn_africa_great_lates,1997,"0,0,0,0,0,0,0,4,344,2807,27645,206633,744270,1844348,3734333,7457065,13218272,20331786,27308214,29855376,26850535,21909526,16083070,11173189,7180599,4286571,2314890,1307291,737337,429309,256413,144961,76747,42562,25314,15139,9094,5477,3310,1990,1188,723,436,262,155,94,58,30,15,3"
unhcr_east_horn_africa_great_lates,1998,"0,0,0,0,0,0,0,0,285,2678,27246,208891,787369,2034449,3887471,7347094,13409060,20691570,28021102,31299435,28289249,22650343,16404884,11322939,7236071,4252434,2327794,1308665,728928,409533,240030,134987,70866,39074,23127,13776,8243,4955,2987,1796,1068,650,390,231,138,85,47,24,14,3"
unhcr_east_horn_africa_great_lates,1999,"0,0,0,0,0,0,0,0,230,2636,23603,195019,769020,1994268,3903509,7356304,13368187,20521205,28666424,32913948,30498911,23697569,16588204,11475211,7365136,4346862,2356011,1301238,714273,392511,226094,125540,65592,35947,21048,12413,7360,4382,2628,1567,920,555,331,198,108,64,39,24,14,2"
unhcr_east_horn_africa_great_lates,2000,"0,0,0,0,0,0,0,0,177,1765,17025,172443,745885,2062546,4000509,7313324,13135806,20310560,28207754,33733271,32423321,25782161,17750709,11994870,7629765,4434197,2418102,1323131,718323,387969,220252,121086,63535,35308,20598,12118,7166,4263,2552,1523,890,538,317,193,104,62,37,23,13,2"
unhcr_east_horn_africa_great_lates,2001,"0,0,0,0,0,0,0,0,186,1750,25597,179836,700242,1872138,3759630,7032304,12780985,20293163,28856665,34314411,33991327,27556698,18836507,12699821,8065320,4741571,2587258,1405063,751395,390718,217781,118929,62420,34770,20116,11759,6919,4096,2436,1452,845,508,303,184,104,62,37,23,14,2"
unhcr_east_horn_africa_great_lates,2002,"0,0,0,0,0,0,0,0,96,1995,26169,150196,556127,1561105,3258247,6407612,12552564,21589591,31807493,36512729,35528579,27422492,18800583,12795387,8211864,4868933,2666736,1440622,755687,389723,213420,115316,60943,34073,19595,11394,6682,3942,2338,1389,808,482,287,174,98,59,35,22,13,1"
unhcr_east_horn_africa_great_lates,2003,"0,0,0,0,0,0,0,0,67,1542,21931,135396,480834,1386839,3140785,6135240,11889568,20855846,32233214,37409719,37460344,29609921,20078250,13543143,8775763,5238976,2848683,1531973,797192,399868,215898,116196,61922,34685,19851,11499,6721,3957,2336,1386,802,479,282,171,99,59,35,22,12,0"
unhcr_east_horn_africa_great_lates,2004,"0,0,0,0,0,0,0,0,45,848,16068,115432,436573,1262627,2828843,5373576,10214321,18302031,28034640,37182660,38650237,35507852,24903103,16038963,9976585,5825002,3177359,1697087,882826,430593,227125,121867,65432,36627,20885,12050,7026,4119,2434,1438,828,492,291,176,107,58,35,22,12,0"
unhcr_east_horn_africa_great_lates,2005,"0,0,0,0,0,0,0,0,29,714,14033,104794,389128,1105518,2517453,4877723,9588720,17113321,26457846,37175470,39839945,38246353,28426152,17678834,11112948,6428707,3528946,1866582,970636,470894,240526,128916,69861,39088,22178,12739,7396,4324,2550,1501,867,508,301,181,112,61,35,22,12,0"
unhcr_east_horn_africa_great_lates,2006,"0,0,0,0,0,0,0,0,7,484,10844,89613,337793,970371,2284601,4546887,9030938,16755659,26272042,37646359,41651394,40100887,29737991,19063700,12109220,7019334,3906448,2063468,1071715,519643,259723,136943,73085,40365,22677,12914,7440,4320,2536,1492,859,497,293,178,107,60,34,21,11,0"
unhcr_east_horn_africa_great_lates,2007,"0,0,0,0,0,0,0,0,1,405,9830,83002,318499,911498,2152599,4335052,8661815,16430289,25951300,38225313,42652298,41633591,31916470,20563060,12971712,7630925,4271643,2277751,1180773,575881,286314,148412,78024,42568,23646,13337,7615,4395,2561,1500,868,489,290,176,106,60,34,21,10,0"
unhcr_east_horn_africa_great_lates,2008,"0,0,0,0,0,0,0,0,0,317,9775,78919,308470,876682,2077529,4260035,8640083,16609455,26341172,38755937,44617630,42714861,33112272,21628797,13755769,8079405,4439841,2387962,1255171,613679,305484,156230,81125,43825,24119,13485,7656,4392,2545,1486,857,478,283,173,104,58,33,20,8,0"
unhcr_east_horn_africa_great_lates,2009,"0,0,0,0,0,0,0,0,0,179,9675,74056,277862,786258,1899787,4047119,8499365,16750589,26666063,39428872,46102243,44640533,34662612,22856171,14377559,8312609,4613494,2495613,1307746,646344,325411,165870,85500,45865,25058,13918,7850,4479,2582,1504,861,485,283,170,104,57,31,19,8,0"
unhcr_east_horn_africa_great_lates,2010,"0,0,0,0,0,0,0,0,0,163,11037,70817,249524,695778,1717711,3821734,8204467,16333209,26793980,39825197,48351571,46672296,35955747,24147459,15202215,8851859,4886476,2615311,1364897,678076,348421,179679,94240,51376,28560,16152,9270,5392,3162,1872,1098,632,371,230,140,85,53,31,7,0"
unhcr_east_horn_africa_great_lates,2011,"0,0,0,0,0,0,0,0,0,3524,19781,79113,237615,621855,1525294,3507780,7806909,15947019,26625138,39819506,49310844,49069169,38358896,25932101,16233375,9386359,5174516,2713121,1409178,697948,348163,178528,94367,51690,28851,16374,9427,5491,3229,1909,1127,657,385,230,141,85,52,31,9,0"
unhcr_east_horn_africa_great_lates,2012,"0,0,0,0,0,0,0,0,2621,11989,41842,119003,288155,656869,1529982,3577483,7948027,16134536,27011333,40419049,51249290,51421637,40163165,26368000,16356261,9452457,5157021,2688708,1382998,683620,334039,171409,91586,50622,28479,16267,9416,5511,3247,1927,1148,667,389,235,144,88,53,33,9,0"
unhcr_east_horn_africa_great_lates,2013,"0,0,0,0,0,0,0,0,696,6992,30351,94220,246113,622550,1523819,3577265,8025304,16464415,28049134,41553651,51942459,52656914,41909302,27308541,17007495,9874439,5339055,2785389,1429966,705541,336317,171086,91537,50594,28465,16266,9425,5520,3250,1926,1149,664,387,237,145,89,53,33,10,0"
unhcr_east_horn_africa_great_lates,2014,"0,0,0,0,0,0,0,0,866,5533,23340,78568,218162,566595,1405605,3431211,7931675,16385232,28042834,42009039,52740139,54889420,44412821,28724812,17611229,10400151,5640793,2929296,1481623,742139,357827,180160,96592,53256,29890,17039,9849,5758,3385,2002,1197,693,408,242,149,91,55,34,11,0"
unhcr_east_horn_africa_great_lates,2015,"0,0,0,0,0,0,0,457,3312,8680,23072,67856,195223,536850,1390990,3504280,8128190,17252679,29584174,42649285,53535824,55211321,46139346,29537062,18342396,10965890,5912540,3061142,1555310,787524,377451,187890,100420,55246,30951,17627,10174,5944,3494,2072,1233,716,418,255,154,94,58,35,13,0"
unhcr_east_horn_africa_great_lates,2016,"0,0,0,0,0,0,19,531,1579,3500,13080,60270,206086,557479,1419454,3557515,8297530,17992357,30825016,43591286,54404647,56178845,47969816,30472601,18798040,11394937,6173281,3158467,1594233,812547,386756,191932,102848,56382,31487,17879,10295,5998,3523,2086,1242,719,421,252,155,94,58,36,13,0"
unhcr_east_horn_africa_great_lates,2017,"0,0,0,0,0,0,0,0,0,0,8303,63585,217933,579243,1471584,3632677,8419227,18499468,32176238,45888137,57146437,56437040,48715111,31597553,19093933,11351438,6085863,3060578,1545914,789010,372671,187162,99800,54346,30164,17038,9762,5663,3324,1963,1164,672,385,236,145,87,55,32,9,0"
unhcr_east_horn_africa_great_lates,2018,"0,0,0,0,0,0,0,0,0,14,7432,62210,218147,577234,1472261,3634019,8381071,18855107,33866993,48463197,59776020,57732495,49767029,31881254,19115531,11292996,5979979,2952768,1478807,758383,355735,179364,94928,51313,28284,15871,9054,5229,3051,1793,1060,614,349,211,129,81,49,26,6,0"
unhcr_east_horn_africa_great_lates,2019,"0,0,0,0,0,0,0,0,0,0,7278,63211,221057,576621,1460716,3612028,8330420,18780710,34551112,51086187,62804970,60183021,50618972,32692525,19201105,11180108,5850477,2815247,1389206,706731,334082,170623,89775,48255,26456,14776,8392,4823,2807,1648,969,563,314,190,116,70,43,22,4,0"
unhcr_east_horn_africa_great_lates,2020,"0,0,0,0,0,0,0,0,0,16,15335,85929,270305,678288,1693606,4008339,8986450,20218750,37179084,54463887,65545001,62142536,50289654,31851364,18572728,10547766,5365596,2497818,1218356,616416,301679,154317,80569,42971,23382,12974,7320,4181,2426,1413,825,476,266,158,97,59,36,14,0,0"
unhcr_east_horn_africa_great_lates,2021,"0,0,0,0,0,0,0,0,0,1,16253,92764,282158,677960,1661038,4009134,9049765,19937952,37403157,57764930,69780506,64699827,50632927,31830484,18505123,10175355,5229599,2554675,1293355,671005,324882,161115,84130,44874,24418,13547,7643,4374,2536,1476,864,501,278,167,101,61,38,16,0,0"
unhcr_east_horn_africa_great_lates,2022,"0,0,0,0,0,0,0,0,0,397,22462,109500,316870,745185,1760534,4072148,9107846,20135841,38071307,58687770,71008593,67011144,52370034,32870329,19249735,10538975,5477344,2675993,1356388,706336,345382,171503,89626,47857,26066,14474,8174,4673,2713,1583,931,541,301,178,108,66,40,20,2,0"
unhcr_east_horn_africa_great_lates,2023,"0,0,0,0,0,0,0,0,0,789,24599,114060,321305,742783,1764137,4131904,9380594,20228674,37902369,60606637,72884477,69639464,53233384,34141058,19922660,10811784,5670804,2780492,1418745,732471,363532,180021,94538,50714,27761,15480,8773,5031,2931,1718,1004,591,332,195,117,73,45,23,3,0"
unhcr_east_horn_africa_great_lates,2024,"0,0,0,0,0,0,0,0,57,13921,68447,203827,451862,937639,2050529,4648992,10258989,21109125,39588224,61247604,73884910,69909802,54162114,35331367,20427340,11317226,5985990,2932301,1485833,770566,385924,189558,99658,53535,29345,16378,9285,5338,3115,1821,1073,631,361,207,126,77,47,28,4,0"
unhcr_east_horn_africa_great_lates,2025,"0,0,0,0,0,0,0,0,649,21196,85602,230586,484200,987376,2086347,4626434,10096116,20535863,39038466,61268408,74801807,72555182,56852291,37443763,21853344,12163646,6481577,3188640,1602136,828228,416776,202837,106324,56957,31133,17341,9813,5629,3277,1911,1127,663,380,217,133,81,49,30,6,0"
unhcr_east_horn_africa_great_lates,2026,"0,0,0,0,0,0,0,0,385,18690,78113,214799,459530,949191,1986374,4264982,9177426,18483007,35384640,57941088,73933986,75448988,62022703,42773464,25453563,14444326,7824086,3908939,1941772,991449,492188,238431,124233,66413,36240,20145,11391,6533,3794,2219,1306,774,442,252,154,94,56,35,13,0"
unhcr_east_horn_africa_great_lates,2027,"0,0,0,0,0,0,0,0,57,15408,69402,197316,429063,888588,1863886,3987611,8631318,17479750,33752323,56521771,74402624,78009608,65731236,46207999,27851943,15926167,8661855,4391697,2183834,1112663,555901,268785,138544,73939,40273,22362,12625,7233,4204,2456,1446,857,493,281,169,104,65,39,17,0"
unhcr_east_horn_africa_great_lates,2028,"0,0,0,0,0,0,0,0,58,15597,69789,196642,423983,871261,1798036,3793085,8161458,16282228,31580066,54147372,73750682,79772568,69564071,50678830,31133189,17993773,9887523,5090943,2515453,1275320,638386,310040,158126,83872,45442,25104,14106,8056,4660,2727,1597,945,551,313,186,114,69,43,24,0"
unhcr_east_horn_africa_great_lates,2029,"0,0,0,0,0,0,0,0,0,12597,62779,181603,401058,831867,1722628,3573760,7577540,15042300,29060090,51178249,72352685,81281689,73683242,55472599,35121318,20460126,11350939,5944509,2934182,1482444,747874,363624,182354,96412,52069,28687,16087,9159,5296,3091,1812,1076,628,356,211,130,78,48,29,6"
unhcr_east_horn_africa_great_lates,2030,"0,0,0,0,0,0,0,0,60,16037,71490,200026,431553,891733,1838129,3830125,8104509,15868047,30438610,52909410,74120697,82811230,74746583,56242227,35553353,20719707,11479250,5997148,2964552,1495828,753634,367769,184675,97761,52860,29149,16364,9325,5393,3149,1848,1096,641,363,218,132,81,49,30,6"
unhcr_east_horn_africa_great_lates,2031,"0,0,0,0,0,0,0,0,60,16073,71946,200155,429306,877873,1787615,3691059,7798476,15330586,29425894,52164465,74412861,84571692,77659809,59301890,38056042,22194039,12381245,6508198,3211974,1613981,813028,394752,197734,104077,55968,30701,17158,9746,5616,3272,1916,1139,663,374,224,135,84,50,31,7"
unhcr_east_horn_africa_great_lates,2032,"0,0,0,0,0,0,0,0,0,12983,64957,186332,410816,849258,1743038,3587110,7606165,15159897,29246655,52330889,75588886,86789866,80320483,61443896,39588639,23106356,12868599,6787545,3364214,1701843,864791,425608,210192,110801,59673,32790,18348,10430,6018,3505,2057,1218,720,403,242,146,92,54,34,10"
unhcr_east_horn_africa_great_lates,2033,"0,0,0,0,0,0,0,0,0,10384,58712,173856,392808,814268,1678690,3464704,7400573,14820302,28439816,51332954,75192022,88042014,82977910,64649218,42465030,24900450,13986607,7441886,3703020,1871935,952929,468259,229415,120596,64800,35528,19842,11262,6482,3776,2212,1314,773,437,258,158,96,59,37,13"
unhcr_east_horn_africa_great_lates,2034,"0,0,0,0,0,0,0,0,0,10389,59037,173815,391613,804941,1643461,3355936,7129336,14313261,27458105,50191263,74856525,89417442,85887661,67931781,45419111,26723295,15081508,8053907,4019932,2025715,1032616,508892,248095,130148,69884,38283,21379,12126,6983,4074,2383,1410,837,475,278,170,103,65,40,16"
unhcr_east_horn_africa_great_lates,2035,"0,0,0,0,0,0,0,0,0,8031,52702,161401,374536,776647,1606022,3278897,6909982,13907563,26489110,48829757,74120508,90397631,88639626,71364975,48636300,28771574,16352159,8792195,4409750,2217025,1132775,559593,272022,142013,76110,41618,23190,13134,7559,4401,2578,1523,905,516,300,183,113,69,42,22"
unhcr_east_horn_africa_great_lates,2036,"0,0,0,0,0,0,0,0,0,6034,46678,148317,353674,735718,1522357,3094715,6525808,13316485,25452909,47389172,73414741,91448756,91451124,74921061,51999729,30946271,17705035,9569628,4812454,2414879,1238090,608173,293199,152076,81277,44338,24647,13936,7999,4647,2722,1610,954,552,317,192,118,70,44,25"
unhcr_east_horn_africa_great_lates,2037,"0,0,0,0,0,0,0,0,0,6148,47307,149277,354779,738544,1528693,3100139,6509781,13303102,25498498,47578323,74014753,92998618,93625726,77163986,53736453,32125585,18427885,10001886,5069707,2554910,1311247,648335,312546,161253,86139,46968,26104,14756,8466,4922,2884,1701,1009,587,333,204,125,76,47,27"
unhcr_east_horn_africa_great_lates,2038,"0,0,0,0,0,0,0,0,0,4428,41597,137632,337520,706425,1469406,2989005,6287227,12973248,24878467,46645117,73768573,93938379,95997611,80220773,56764905,34118568,19664372,10703677,5434927,2727575,1396589,690900,334148,172219,91828,49980,27733,15660,8974,5209,3049,1796,1069,623,352,215,131,80,49,29"
unhcr_east_horn_africa_great_lates,2039,"0,0,0,0,0,0,0,0,0,3044,36247,125649,316411,666556,1392638,2836866,5949642,12389475,23842865,44950460,72580676,94421197,98516893,83915070,60443351,36736999,21292198,11655599,5959232,2984591,1527169,758423,367737,188169,100103,54376,30120,16971,9712,5632,3292,1943,1156,676,386,230,142,85,51,33"
unhcr_east_horn_africa_great_lates,2040,"0,0,0,0,0,0,0,0,0,3079,36314,125838,316431,665181,1379377,2768000,5725735,11889742,22938923,43336784,71294131,94551715,100695951,87496677,64066616,39474239,23009387,12665437,6528832,3267739,1670564,830336,399231,200617,106164,57388,31644,17767,10132,5855,3422,2012,1194,698,395,238,145,89,53,33"
unhcr_east_horn_africa_great_lates,2041,"0,0,0,0,0,0,0,0,0,2000,31584,115417,298210,635318,1319973,2642564,5477078,11533885,22337766,42283362,70226178,94699321,102489434,90633081,67499469,42178406,24717248,13687262,7101208,3546407,1813747,905378,434129,216569,114573,61932,34143,19163,10932,6320,3690,2168,1290,755,431,257,157,96,58,36"
unhcr_east_horn_africa_great_lates,2042,"0,0,0,0,0,0,0,0,0,1153,26978,104727,279242,605899,1264345,2538698,5256748,11224525,22138278,42072848,70647504,96070248,105052264,93429947,69578360,43648630,25613359,14177138,7379228,3698668,1892159,946493,457208,226304,119838,64825,35771,20090,11465,6632,3875,2288,1352,799,457,269,165,100,63,39"
unhcr_east_horn_africa_great_lates,2043,"0,0,0,0,0,0,0,0,0,1165,26968,105079,278676,604621,1258547,2502068,5096059,10777880,21304980,40460128,69096292,95612726,106735411,96888513,73351989,46807391,27594130,15378279,8070923,4043576,2065132,1037059,502218,246597,130376,70428,38809,21775,12414,7177,4188,2468,1459,869,492,292,178,109,67,41"
unhcr_east_horn_africa_great_lates,2044,"0,0,0,0,0,0,0,0,0,469,22790,95021,259757,573732,1205408,2417958,4895849,10358341,20530292,38872497,67441166,95010411,108275009,100283437,77187750,50160905,29692643,16662775,8815105,4417091,2248488,1134044,545905,265983,139985,75387,41430,23192,13184,7610,4433,2612,1542,916,525,307,188,114,70,43"
unhcr_east_horn_africa_great_lates,2045,"0,0,0,0,0,0,0,0,0,472,22799,95048,257334,565030,1182104,2359253,4713429,9877902,19636816,37175263,65553326,94179810,109654422,103669206,81147526,53727688,31943482,18067033,9633559,4834680,2456498,1243230,599573,290672,152250,81830,44879,25072,14239,8201,4785,2808,1665,987,570,329,202,122,75,46"
unhcr_east_horn_africa_great_lates,2046,"0,0,0,0,0,0,0,0,0,72,19053,86131,240978,544688,1155495,2330885,4641739,9694114,19324714,36448852,64657422,93802207,110669318,106080872,84348470,56810957,33833718,19286463,10341436,5182273,2621242,1330774,639982,310063,162058,86916,47571,26528,15035,8652,5037,2965,1747,1040,604,344,211,130,78,48"
unhcr_east_horn_africa_great_lates,2047,"0,0,0,0,0,0,0,0,0,0,15293,77130,223643,517889,1111969,2282306,4564379,9543055,19171222,36274081,64667737,94677154,112649450,108764734,86721064,58550771,34973121,19928746,10698648,5384465,2730410,1385492,670536,324356,169043,90732,49697,27740,15734,9059,5274,3097,1835,1087,637,365,220,135,83,50"
unhcr_east_horn_africa_great_lates,2048,"0,0,0,0,0,0,0,0,0,0,15216,77012,221504,509378,1088554,2225327,4404987,9108370,18334400,34696753,62539115,93361582,113488673,111892694,90803802,62451315,37505566,21535447,11642865,5887059,2979623,1515456,736621,354062,182148,97445,53208,29620,16765,9630,5598,3285,1939,1151,678,383,233,143,87,52"
unhcr_east_horn_africa_great_lates,2049,"0,0,0,0,0,0,0,0,0,22,11995,68848,206125,486713,1045622,2151059,4237385,8719016,17652979,33351945,60556890,91981514,114054187,114736808,94802914,66361607,40123333,23188183,12605409,6406835,3237032,1649119,802368,383120,195328,104197,56737,31504,17792,10199,5921,3471,2050,1217,713,408,246,150,91,55"
unhcr_east_horn_africa_great_lates,2050,"0,0,0,0,0,0,0,0,0,18,9207,60828,188254,454294,978842,2031674,4011833,8228948,16795448,31877988,58360450,90495010,114512792,117574079,98958942,70482080,42959744,24987618,13654466,6984862,3524405,1797939,880963,420578,212698,113262,61588,34141,19253,11030,6403,3749,2212,1314,774,441,266,161,100,61"
unhcr_east_horn_africa_great_lates,2051,"0,0,0,0,0,0,0,0,0,18,9268,61267,188762,453253,966778,1993037,3918014,8016312,16407328,31096521,57066499,89126915,114587621,119432997,102277185,74165759,45645959,26743357,14688628,7563516,3811557,1949758,960642,457360,229705,122300,66500,36874,20792,11913,6912,4051,2392,1421,838,483,289,174,106,65"
unhcr_east_horn_africa_great_lates,2052,"0,0,0,0,0,0,0,0,0,15,7000,53877,173529,430415,925820,1933700,3822052,7775619,15942897,30162837,55251284,87552432,114404228,121582341,105962410,78048025,48605620,28615395,15753884,8158376,4110655,2098696,1039462,495623,246727,131141,71201,39427,22207,12703,7368,4312,2546,1513,894,514,306,185,114,70"
unhcr_east_horn_africa_great_lates,2053,"0,0,0,0,0,0,0,0,0,12,5077,47071,157732,403626,880494,1859127,3676073,7415993,15386877,29549357,54414390,87519277,115596608,124287796,109121295,80600367,50425184,29728527,16408690,8549382,4325583,2208848,1097701,527266,259866,137966,74838,41400,23304,13321,7719,4517,2668,1583,939,537,318,196,120,72"
unhcr_east_horn_africa_great_lates,2054,"0,0,0,0,0,0,0,0,0,12,5101,46989,157776,405133,884191,1858518,3634302,7190062,14822339,28485526,52477110,85898520,115340173,126158536,112694146,84584529,53569513,31660524,17575665,9205127,4643464,2364118,1177974,564719,278460,147335,79666,43950,24678,14074,8139,4757,2803,1659,985,568,337,202,124,74"
unhcr_east_horn_africa_great_lates,2055,"0,0,0,0,0,0,0,0,0,9,3525,40530,142158,375796,830346,1759634,3464465,6820776,14125852,27287761,50227738,83695565,114497200,127886920,116606716,88970942,57285369,34011148,18988415,10011312,5052850,2566555,1282513,610329,298041,156951,84585,46519,26046,14822,8557,4993,2940,1741,1035,597,347,213,129,79"
unhcr_east_horn_africa_great_lates,2056,"0,0,0,0,0,0,0,0,0,6,2291,34718,128694,355961,812432,1737278,3399772,6534249,13421963,26032816,47887239,81212427,113330617,129412611,120445931,93398508,61202712,36464760,20509616,10889100,5502051,2793150,1401273,668719,324239,169876,91308,50089,27993,15898,9161,5345,3142,1862,1105,639,373,226,139,85"
unhcr_east_horn_africa_great_lates,2057,"0,0,0,0,0,0,0,0,0,6,2303,34918,129635,360587,828347,1773700,3454355,6528001,13214022,25477666,46468992,79126282,111737044,130046922,123349018,97304084,64915350,38818868,22000839,11754280,5950917,3012423,1514496,725493,348427,180777,96956,53079,29607,16790,9666,5626,3311,1955,1164,676,389,239,146,89"
unhcr_east_horn_africa_great_lates,2058,"0,0,0,0,0,0,0,0,0,5,1337,29630,116713,335554,788436,1704429,3353473,6310170,12754471,24703123,44901149,77256424,110533173,131040039,126457436,101149381,68620251,41194810,23514370,12600539,6386220,3232612,1628380,779761,372624,192309,103157,56478,31500,17861,10282,5994,3523,2086,1240,723,422,255,155,93"
unhcr_east_horn_africa_great_lates,2059,"0,0,0,0,0,0,0,0,0,3,1336,29453,115693,326754,762635,1638544,3212138,5991067,12004773,23463179,42777239,74734746,108886684,131797579,129838810,105621549,72969301,44010163,25296160,13630942,6925218,3497615,1763259,846345,402778,206292,110476,60390,33647,19057,10963,6379,3751,2215,1317,774,446,270,163,101"
unhcr_east_horn_africa_great_lates,2060,"0,0,0,0,0,0,0,0,0,3,564,24697,103687,306027,735305,1590067,3123661,5803070,11614220,22884125,42031251,73961043,109152572,133473153,132779694,108552199,75153509,45520551,26199159,14166522,7224266,3657819,1844850,889833,424324,215626,115417,63068,35123,19893,11432,6657,3911,2310,1374,810,463,281,172,106"
unhcr_east_horn_africa_great_lates,2061,"0,0,0,0,0,0,0,0,0,1,120,20402,92666,284118,706066,1546342,3056776,5628602,11160243,22032529,40365973,71745086,107775921,133839813,135365301,112454414,79222550,48218727,27933614,15216316,7780912,3928495,1982151,956747,451847,228773,121777,66202,36699,20689,11859,6881,4034,2379,1410,834,474,288,176,108"
unhcr_east_horn_africa_great_lates,2062,"0,0,0,0,0,0,0,0,0,0,79,20240,92124,276632,687811,1513349,3002954,5496876,10721992,21082456,38556632,68921221,105482586,133627573,137886449,116737631,83684713,51429222,30017628,16463996,8483366,4291175,2168127,1052488,496819,249557,132552,71911,39795,22401,12813,7430,4354,2571,1522,901,517,308,188,115"
unhcr_east_horn_africa_great_lates,2063,"0,0,0,0,0,0,0,0,0,0,0,16196,81893,258670,670390,1501276,2999864,5435030,10433110,20362969,36994092,66140485,102925403,132915554,139924134,120878275,88153948,54817812,32224255,17792430,9232855,4675181,2363961,1153556,545352,271343,143690,77749,42913,24106,13761,7970,4664,2747,1627,965,553,330,202,123"
unhcr_east_horn_africa_great_lates,2064,"0,0,0,0,0,0,0,0,0,0,0,12704,72983,235170,622128,1409892,2868314,5253871,10043522,19707628,35836619,64191672,100821892,132232257,141400055,124444719,92386108,58148667,34390034,19110795,9999716,5066206,2563657,1259977,594567,293555,155395,84050,46378,26046,14869,8605,5040,2967,1757,1045,602,358,217,134"
unhcr_east_horn_africa_great_lates,2065,"0,0,0,0,0,0,0,0,0,0,0,12740,72760,228990,596962,1355932,2790454,5141954,9725308,18952637,34581330,61967449,98763718,131476864,143185303,128156522,96452566,61520056,36534278,20381086,10692794,5418445,2742746,1352309,636725,310268,163644,88483,48814,27408,15646,9057,5298,3120,1849,1100,636,374,231,139"
unhcr_east_horn_africa_great_lates,2066,"0,0,0,0,0,0,0,0,0,0,0,9797,64085,208512,541654,1224987,2566731,4867625,9383614,18419408,33481595,59542956,96137022,129961009,144462806,132002099,100937906,65396225,38972672,21896499,11571510,5867150,2969561,1471473,694595,338096,178087,96190,53004,29740,16959,9806,5734,3380,2006,1192,695,406,247,152"
unhcr_east_horn_africa_great_lates,2067,"0,0,0,0,0,0,0,0,0,0,67,7706,56922,190409,497814,1126888,2387199,4593002,8885289,17506489,31983992,56757844,93286037,128297897,145750066,136020532,105695738,69683946,41679371,23572147,12537347,6361156,3218517,1601366,757147,363394,189312,101841,55917,31271,17777,10255,5986,3528,2084,1240,721,420,258,157"
unhcr_east_horn_africa_great_lates,2068,"0,0,0,0,0,0,0,0,0,0,55,7696,56750,186882,475253,1062004,2266573,4417657,8543210,16843861,31143577,55746728,93155167,129405462,148065859,138971393,108206711,71436707,42710696,24211318,12925743,6560992,3320229,1650170,781348,375402,195123,104707,57356,32015,18161,10465,6097,3583,2116,1262,736,428,260,160"
unhcr_east_horn_africa_great_lates,2069,"0,0,0,0,0,0,0,0,0,0,56,5979,50636,174049,455100,1024419,2187718,4277776,8248395,16254400,29999859,53338735,90283468,127367894,148585548,142303806,112658482,75747264,45482188,25950291,13953840,7097605,3593082,1792056,851481,407253,210401,112749,61670,34390,19488,11211,6532,3840,2275,1354,788,460,279,170"
unhcr_east_horn_africa_great_lates,2070,"0,0,0,0,0,0,0,0,0,0,38,4313,44274,158035,421474,950338,2036388,4021068,7764089,15380895,28683243,50941357,87266960,125251678,149007014,145612474,117281715,80320893,48502073,27857669,15081318,7695435,3901412,1953638,932693,443943,227484,121544,66303,36871,20857,11979,6971,4090,2423,1440,843,490,297,180"
unhcr_east_horn_africa_great_lates,2071,"0,0,0,0,0,0,0,0,0,0,28,4210,44230,157489,413386,915911,1936903,3826377,7475090,14888557,27903986,49416264,85182080,123187369,148784775,147582868,121056879,84457995,51314829,29747359,16246932,8347282,4237626,2133432,1027187,488815,248328,132186,71871,39842,22477,12883,7475,4386,2587,1540,903,523,315,194"
unhcr_east_horn_africa_great_lates,2072,"0,0,0,0,0,0,0,0,0,0,27,2917,38046,144158,391438,877077,1852560,3687965,7259711,14518365,27141868,47724213,82604183,121012026,148567713,149922353,124940186,88549375,54229183,31634816,17350755,8960225,4558114,2295976,1108110,522043,263042,139788,75886,42021,23672,13548,7855,4600,2719,1614,953,550,332,200"
unhcr_east_horn_africa_great_lates,2073,"0,0,0,0,0,0,0,0,0,0,17,1898,32884,131418,369546,846061,1793634,3560570,6958109,13895527,26176632,45924356,79667335,118409729,147886622,151917240,129061126,93115320,57614370,33856933,18686598,9694713,4946854,2500668,1212889,568056,283685,150365,81427,44987,25302,14455,8370,4896,2892,1715,1014,585,350,214"
unhcr_east_horn_africa_great_lates,2074,"0,0,0,0,0,0,0,0,0,0,9,1779,32326,129761,364968,834459,1761725,3474368,6726921,13274220,25065443,44082655,76864184,116302240,147483451,153774679,132820977,97419999,60840568,35955887,20007583,10433717,5323755,2693768,1311882,611617,304853,160988,86878,47846,26831,15286,8839,5167,3047,1806,1068,617,369,225"
unhcr_east_horn_africa_great_lates,2075,"0,0,0,0,0,0,0,0,0,0,9,987,27551,118233,346583,811746,1732613,3448597,6670052,13114245,24638769,43137387,74760908,114200103,146235041,154727269,136010436,101208277,64022832,37988517,21251805,11138550,5690567,2873336,1400493,652209,322282,170311,91961,50673,28441,16212,9380,5484,3233,1921,1136,657,391,239"
unhcr_east_horn_africa_great_lates,2076,"0,0,0,0,0,0,0,0,0,0,4,716,26661,115218,337566,785591,1644525,3222057,6237266,12368930,23547036,41687480,72625995,112776192,146834184,157430352,139707262,104373619,66325578,39485952,22206434,11708766,5994300,3038391,1492403,697701,340426,178796,96068,52686,29439,16721,9645,5622,3308,1961,1163,674,396,244"
unhcr_east_horn_africa_great_lates,2077,"0,0,0,0,0,0,0,0,0,0,4,116,20998,99057,302861,719693,1516875,3000858,5832916,11679596,22429713,39860178,69449573,109664721,145391705,158910942,143829245,109209540,70377052,42102127,23812114,12633112,6464128,3270952,1609886,754031,365129,191317,102749,56333,31474,17878,10305,6012,3533,2096,1242,724,423,260"
unhcr_east_horn_africa_great_lates,2078,"0,0,0,0,0,0,0,0,0,0,3,20,16737,87334,275681,666438,1407277,2793358,5420492,10857836,21039675,37695994,65784756,106053735,143624099,160616391,148470131,114489169,74838814,44908555,25499415,13577467,6925363,3492526,1717756,802445,386916,202974,109146,59905,33505,19037,10987,6420,3774,2239,1330,775,458,278"
unhcr_east_horn_africa_great_lates,2079,"0,0,0,0,0,0,0,0,0,0,3,44,16848,88711,280133,677156,1423161,2795071,5365438,10594923,20424637,36519885,63612318,103631934,142088271,160971439,151005544,118423058,78554155,47291601,27029852,14479771,7379894,3706070,1824442,851699,407400,212671,114084,62479,34871,19784,11398,6645,3903,2315,1375,802,470,286"
unhcr_east_horn_africa_great_lates,2080,"0,0,0,0,0,0,0,0,0,0,2,30,13116,77589,254809,631754,1337863,2637748,5061736,10040104,19520234,35131826,61090898,100796146,140030093,161616404,154306883,122766430,82692983,50048491,28716856,15419943,7866469,3940745,1937391,904342,430523,225060,120931,66328,37073,21060,12145,7087,4168,2475,1471,862,507,306"
unhcr_east_horn_africa_great_lates,2081,"0,0,0,0,0,0,0,0,0,0,0,18,9752,67497,231925,593982,1262090,2480919,4720461,9315724,18345174,33440469,58299264,97654518,137658640,161863224,157565680,127496000,87385489,53148669,30673994,16549393,8439037,4224452,2081089,973535,459011,238976,128377,70390,39331,22343,12881,7512,4424,2624,1561,916,537,324"
unhcr_east_horn_africa_great_lates,2082,"0,0,0,0,0,0,0,0,0,0,0,12,9701,67494,230360,590683,1254017,2434573,4554036,8806748,17228416,31610066,55119423,93835384,134786240,161885949,160682417,132369338,92424337,56577534,32828754,17776575,9079548,4536639,2232529,1046885,485762,251381,134850,73844,41215,23384,13465,7853,4619,2740,1631,958,560,340"
unhcr_east_horn_africa_great_lates,2083,"0,0,0,0,0,0,0,0,0,0,0,12,7239,58666,210092,556273,1194979,2347043,4426156,8573584,16880007,31098288,54252360,92887410,134842791,162942443,162936791,134773292,94375524,57896160,33587191,18216618,9296019,4631884,2273920,1066768,494214,254193,136132,74433,41476,23513,13520,7878,4633,2748,1632,962,559,337"
unhcr_east_horn_africa_great_lates,2084,"0,0,0,0,0,0,0,0,0,0,0,11,5271,50562,188606,514439,1122746,2218909,4177836,8026856,15885363,29560827,51575691,89167284,131813360,162317399,165377916,139340866,99486300,61544058,35919963,19569842,10012362,4986096,2448843,1156994,533742,272566,145863,79698,44391,25151,14458,8421,4948,2932,1745,1028,598,360"
unhcr_east_horn_africa_great_lates,2085,"0,0,0,0,0,0,0,0,0,0,0,5,5228,49529,182911,497652,1092462,2166451,4070272,7738775,15121857,28222952,49179981,85416533,128314553,160918950,167216708,143736160,104586131,65401116,38384556,21023111,10810526,5383149,2644371,1257064,577980,292930,156769,85666,47709,27038,15549,9053,5319,3154,1877,1114,646,390"
unhcr_east_horn_africa_great_lates,2086,"0,0,0,0,0,0,0,0,0,0,7,50,3727,42183,161090,449160,999361,2011409,3840789,7355380,14519707,27269495,47404474,82504737,124992372,159464094,168328057,147383160,109362642,69189341,40876251,22484654,11607718,5768525,2826198,1350028,619939,310477,165815,90434,50288,28444,16342,9504,5583,3305,1969,1164,679,406"
unhcr_east_horn_africa_great_lates,2087,"0,0,0,0,0,0,0,0,0,0,5,46,2474,35641,141801,406880,920360,1872676,3623630,6965851,13830820,26263482,45888833,79611023,122204222,157978441,169355786,150841234,113862620,72937113,43255437,23897454,12359230,6123295,2989267,1430134,654457,325292,173295,94302,52320,29540,16942,9840,5777,3418,2033,1208,701,418"
unhcr_east_horn_africa_great_lates,2088,"0,0,0,0,0,0,0,0,0,0,5,101,2677,36000,140639,395520,883954,1784275,3429420,6552088,12929273,24754939,43767484,76436428,119442811,156889483,170843544,154525014,118304816,76816847,45729925,25324783,13096992,6467419,3150639,1515025,694344,341456,182291,99391,55248,31240,17937,10434,6128,3631,2163,1283,749,444"
unhcr_east_horn_africa_great_lates,2089,"0,0,0,0,0,0,0,0,0,0,3,103,1838,30969,127203,363966,816891,1656256,3238098,6240722,12359899,23747672,42124752,73315393,115982895,154556118,171224220,157835336,122836953,81177232,48613366,27074925,14095009,6971452,3393628,1639214,754217,366248,195201,106371,59085,33402,19172,11146,6546,3874,2313,1372,803,478"
unhcr_east_horn_africa_great_lates,2090,"0,0,0,0,0,0,0,0,0,0,3,103,1800,30564,123435,348450,776458,1570786,3057206,5867759,11578851,22484559,40511040,71012907,113809735,152993972,171491338,160713903,126637050,85054600,51101288,28602675,14960940,7409658,3593447,1734763,800031,385577,205799,112304,62475,35358,20314,11819,6941,4109,2454,1462,858,506"
unhcr_east_horn_africa_great_lates,2091,"0,0,0,0,0,0,0,0,0,0,2,86,1004,25817,111348,324759,736349,1498978,2960271,5741388,11275674,21844845,39492472,68986749,111764655,152189214,172832712,163475516,129581945,87459112,52691044,29524793,15534395,7713854,3748276,1821123,847171,406077,215164,116774,64640,36416,20841,12090,7089,4189,2497,1485,871,511"
unhcr_east_horn_africa_great_lates,2092,"0,0,0,0,0,0,0,0,0,0,1,70,518,21332,101616,307871,706915,1437495,2840991,5502728,10798904,20870379,37702337,65713837,107731905,149113955,172257494,166346356,134099979,92274683,56242780,31643740,16738242,8397326,4100402,2005175,938382,441796,233815,126759,70101,39468,22571,13079,7666,4528,2697,1606,944,556"
unhcr_east_horn_africa_great_lates,2093,"0,0,0,0,0,0,0,0,0,0,1,86,600,21503,100833,303698,693299,1397076,2715495,5193402,10112930,19570130,35645003,62432531,103824634,146225871,172002785,169171304,138714728,97075726,59691222,33848391,18021465,9068999,4428345,2169961,1024667,473132,247210,133560,73628,41332,23579,13640,7984,4708,2798,1665,981,575"
unhcr_east_horn_africa_great_lates,2094,"0,0,0,0,0,0,0,0,0,0,0,67,471,17355,90014,281393,661962,1349421,2620126,4958567,9587317,18653556,34114843,59690293,100350337,142897479,171052706,171117311,142990253,101814024,63181647,36052027,19294918,9770556,4782207,2350570,1119445,513890,266691,144172,79517,44666,25492,14747,8636,5096,3031,1805,1071,623"
unhcr_east_horn_africa_great_lates,2095,"0,0,0,0,0,0,0,0,0,0,0,24,308,13874,80836,263298,632411,1293943,2531856,4823529,9322466,18121209,33043707,57568100,97360404,140296659,170224494,172643287,146386412,105793024,66115482,38024866,20429182,10330242,5047326,2474003,1175694,536698,277504,149578,82278,46103,26260,15166,8869,5222,3105,1850,1097,640"
unhcr_east_horn_africa_great_lates,2096,"0,0,0,0,0,0,0,0,0,0,0,26,298,13614,78719,254228,608632,1244772,2429822,4628635,8908743,17302855,31627920,54844623,93393327,136504038,168638759,174313321,150605399,110753975,69918014,40498897,21892235,11123020,5444195,2667610,1275709,579226,294895,158626,87096,48719,27704,15985,9335,5499,3265,1945,1154,674"
unhcr_east_horn_africa_great_lates,2097,"0,0,0,0,0,0,0,0,0,0,0,2,82,9975,67118,228108,562200,1162366,2272984,4311245,8277257,16307580,30308726,53146510,91495458,135710640,169459950,176823581,153730033,113229023,71581753,41491026,22486601,11456597,5615701,2752159,1319868,599587,303343,162936,89342,49913,28357,16346,9541,5614,3332,1984,1179,691"
unhcr_east_horn_africa_great_lates,2098,"0,0,0,0,0,0,0,0,0,0,0,0,66,7527,58133,207239,524799,1093986,2150277,4095414,7856305,15488948,28886643,50575146,87626427,132361695,167631472,177780359,157601900,117986773,75552892,44183567,24017971,12289521,6049076,2962099,1425836,647898,327031,175481,96132,53668,30469,17551,10239,6029,3579,2130,1267,742"
unhcr_east_horn_africa_great_lates,2099,"0,0,0,0,0,0,0,0,0,0,0,1,84,7575,56718,197216,497168,1040477,2048901,3902360,7444037,14565223,27356421,47904423,83234025,128122122,165418168,178816588,161678310,123276028,79962673,47128041,25720009,13217351,6528411,3191168,1543083,701818,349662,187435,102585,57223,32465,18692,10898,6413,3808,2265,1347,788"
unhcr_east_horn_africa_great_lates,2100,"0,0,0,0,0,0,0,0,0,0,0,0,67,5461,48297,175376,455340,965598,1918379,3694258,7080169,13873591,26148680,45647300,78995446,123543893,162563760,179352111,165605487,128420310,84482166,50213604,27535008,14228571,7058844,3449717,1675305,762196,370209,197737,107856,59980,33935,19493,11340,6671,3954,2348,1400,821"
unhcr_europe,1800,"0,0,5,71,999,5417,21192,75186,236212,589317,1172637,2231994,4143883,6845914,9887063,13580327,18318664,23428617,26231240,26170005,23216885,18280577,12805156,8300061,4995376,2865207,1627887,899028,466903,230574,116570,61961,33961,18745,10343,5755,3206,1769,964,492,275,156,81,50,39,30,11,0,0,0"
unhcr_europe,1801,"0,0,5,71,999,5417,21183,75028,235791,588434,1171003,2227027,4136297,6845859,9926183,13743683,18779611,24034586,26833711,26487382,23151992,17992222,12497931,8070446,4841705,2779280,1578234,869836,449983,222582,112893,60080,32931,18177,10050,5600,3110,1711,930,473,270,153,78,50,39,30,11,0,0,0"
unhcr_europe,1802,"0,0,5,71,998,5413,21172,74964,235475,587602,1171957,2233750,4148455,6859898,9961668,13786273,18801897,24024964,26834830,26549092,23266646,18142741,12646747,8191270,4930740,2833492,1608763,889745,462845,230043,116675,61906,33809,18584,10260,5720,3169,1745,948,485,272,156,79,50,39,30,11,0,0,0"
unhcr_europe,1803,"0,0,5,71,998,5413,21173,74977,235522,587946,1174899,2251322,4192558,6923564,10012156,13744391,18449573,23536019,26328507,26378897,23644904,18788216,13204041,8528325,5132203,2937056,1669247,922592,474778,232250,117389,62358,34235,18939,10477,5839,3261,1811,985,503,278,160,79,50,39,30,11,0,0,0"
unhcr_europe,1804,"0,0,5,71,998,5413,21172,74841,235186,587537,1176647,2255357,4197619,6916251,9976069,13608875,18057469,22853640,25631114,25857168,23895823,19608474,14119099,9131284,5525035,3145745,1781547,983550,505326,247078,125068,66189,36278,20156,11160,6178,3465,1941,1070,550,295,163,80,50,39,30,11,0,0,0"
unhcr_europe,1805,"0,0,5,71,935,5070,19461,68259,217245,559606,1148784,2210996,4124793,6834928,9977948,13663424,18288798,23330547,26204727,26376095,24070302,19457726,13869789,8959544,5420536,3094419,1755484,966640,499539,246700,125034,66194,36309,20073,11044,6113,3419,1907,1043,536,288,162,79,50,39,30,11,0,0,0"
unhcr_europe,1806,"0,0,5,71,935,5070,19462,68265,217298,560281,1153320,2217559,4120777,6812038,9973489,13654084,18312012,23452599,26420142,26685495,24284580,19559267,13888450,8964321,5416956,3096081,1759014,970588,500023,245391,124338,65917,36178,20076,11103,6167,3436,1911,1040,533,289,163,82,50,39,30,11,0,0,0"
unhcr_europe,1807,"0,0,5,71,935,5070,19462,68152,217018,560422,1157981,2231685,4147052,6859263,10058567,13767539,18472052,23645966,26578835,26833358,24341994,19551835,13869310,8972151,5422049,3096751,1753375,964691,502320,250220,126891,67121,36741,20288,11139,6170,3424,1898,1031,523,287,160,82,50,39,30,11,0,0,0"
unhcr_europe,1808,"0,0,5,71,935,5070,19464,68165,217185,562007,1166300,2251618,4174881,6881496,10054257,13673117,18154782,23085490,26091467,26594552,24748854,20350543,14601828,9353276,5616172,3173697,1779773,978926,503983,246846,125474,66799,36879,20669,11442,6297,3499,1958,1075,558,297,165,81,50,39,30,11,0,0,0"
unhcr_europe,1809,"0,0,5,71,935,5070,19466,68171,217325,563601,1174972,2282100,4250300,7029844,10252103,13930413,18407765,23220021,26096981,26552660,24723058,20357024,14603973,9356538,5610417,3160967,1768079,972381,502087,246658,125120,66525,36699,20545,11369,6258,3474,1941,1073,553,295,166,79,50,39,30,11,0,0,0"
unhcr_europe,1810,"0,0,5,71,935,5064,19442,68058,216951,564332,1182648,2309877,4310593,7158524,10466859,14199982,18681231,23493719,26258941,26708882,24723071,20248333,14501939,9343146,5624232,3179907,1779936,980663,512842,255441,129333,68533,37615,20852,11424,6278,3470,1919,1055,541,294,165,80,50,39,30,11,0,0,0"
unhcr_europe,1811,"0,0,5,71,935,5065,19442,67968,216615,563863,1184289,2324955,4354794,7264337,10654980,14487370,19130518,24103450,26866568,27187190,24752848,19942575,14105643,9086595,5440360,3083829,1727815,951892,496432,246028,124547,66341,36448,20177,11074,6111,3366,1859,1016,517,288,165,80,50,39,30,11,0,0,0"
unhcr_europe,1812,"0,0,5,71,935,5065,19443,67974,216966,568590,1200212,2346298,4364856,7291630,10712354,14631783,19587171,24797348,27660811,27771142,24851862,19688492,13761755,8835738,5254109,2986011,1675485,922106,473053,230726,117003,62652,34552,19270,10700,5933,3260,1785,974,497,283,162,81,50,39,30,11,0,0,0"
unhcr_europe,1813,"0,0,5,71,935,5065,19443,67898,216513,565211,1188040,2316924,4315118,7197805,10573939,14407049,19156378,24318622,27275125,27652474,25352277,20563119,14625518,9430998,5671092,3230123,1818896,999837,513581,251049,126678,67143,36940,20523,11261,6205,3439,1896,1041,534,286,164,76,50,39,30,11,0,0,0"
unhcr_europe,1814,"0,0,5,71,884,4774,17978,62053,199768,534117,1143609,2241511,4205923,7023623,10381406,14190097,18840736,23912109,27054560,27679283,25885772,21469413,15524870,10019017,6036105,3418894,1916837,1054369,540628,263248,133102,70612,38784,21647,11973,6580,3638,2017,1114,573,302,170,81,50,40,30,11,0,0,0"
unhcr_europe,1815,"0,0,5,71,884,4769,17960,61898,198929,530880,1132758,2213436,4152123,6934298,10288614,14153391,19009414,24389901,27702613,28436421,26200596,21400235,15369475,10001965,6062083,3459147,1941401,1070957,563727,283326,143386,75633,41183,22603,12298,6744,3699,2029,1099,555,302,170,81,50,41,30,11,0,0,0"
unhcr_europe,1816,"0,0,5,71,884,4769,17961,61852,198724,530486,1132431,2212912,4154249,6964070,10390779,14473271,19862038,25653690,29088834,29299478,26147516,20741815,14614041,9484182,5705897,3280786,1852051,1021099,523032,254051,127802,67802,37101,20523,11320,6249,3419,1864,1009,512,288,164,80,50,41,30,11,0,0,0"
unhcr_europe,1817,"0,0,5,71,884,4769,17963,61863,198791,530823,1133714,2218639,4179185,7038128,10547845,14888465,20639662,26497573,29775951,29460103,25933590,20393963,14388749,9360041,5654739,3265693,1844379,1014251,516700,250270,125668,66456,36246,20049,11077,6107,3329,1801,970,505,283,158,80,50,41,30,11,0,0,0"
unhcr_europe,1818,"0,0,5,71,884,4769,17965,61832,198548,529267,1125825,2196598,4132665,6931471,10326051,14394979,19770067,25682879,29295479,29830684,27014141,21699305,15423712,10040083,6048056,3466055,1951209,1073104,547665,264814,132731,70158,38221,21142,11672,6444,3515,1915,1035,537,293,168,82,51,41,30,11,0,0,0"
unhcr_europe,1819,"0,0,5,71,886,4773,17981,61871,198578,528519,1116893,2171886,4090311,6850417,10160880,14186669,19535600,25512080,29294593,30096907,27575973,22384540,16030347,10454153,6317018,3617051,2034069,1117975,568864,273990,136509,71754,38960,21619,12022,6634,3619,1967,1066,550,298,174,84,51,42,30,11,0,0,0"
unhcr_europe,1820,"0,0,5,71,888,4791,18046,62098,199283,529844,1114350,2153011,4043687,6764701,9996518,13898101,19016371,24869733,28830864,30091808,28189843,23367947,17005572,11163959,6799419,3886213,2179477,1199933,620361,301170,148469,77146,41511,22782,12517,6878,3758,2051,1120,588,318,180,89,51,42,30,11,0,0,0"
unhcr_europe,1821,"0,0,5,71,892,4814,18134,62272,199388,528790,1107981,2132944,4016248,6741907,9962286,13799246,18745529,24409304,28417248,29880778,28607851,24219093,17907111,11771339,7189696,4097903,2289878,1260895,654315,318307,156782,81432,43813,24083,13230,7254,3974,2180,1197,627,333,188,90,51,43,31,11,0,0,0"
unhcr_europe,1822,"0,0,5,71,899,4859,18296,62756,200697,531698,1110600,2133476,4019142,6764309,10027015,13964201,19119894,25069008,29129525,30426918,28718566,24066006,17667553,11630335,7096314,4063736,2277995,1255169,648780,314735,155639,80966,43561,23988,13227,7265,3949,2154,1171,610,328,186,89,51,43,31,11,0,0,0"
unhcr_europe,1823,"0,0,3,51,743,4240,16376,56576,184084,503927,1082525,2100865,3984948,6733664,10002402,13932375,19047924,24946811,29037980,30371466,28903293,24527576,18263881,12100990,7413968,4253548,2387263,1316431,687797,337818,167838,87323,46908,25751,14144,7764,4215,2279,1234,641,335,193,92,51,44,31,11,0,0,0"
unhcr_europe,1824,"0,0,4,52,751,4274,16504,56944,185027,508273,1094966,2125455,4022857,6780374,10050788,13978899,19027254,24790524,28769543,30187113,28952264,24824319,18786692,12623932,7797914,4487829,2513913,1390041,741903,374670,187165,97309,52322,28723,15738,8577,4587,2438,1306,680,347,200,92,54,45,31,11,0,0,0"
unhcr_europe,1825,"0,0,4,52,757,4314,16649,57433,186392,511879,1103020,2147588,4097135,6966149,10351487,14364679,19599289,25372859,29109651,30274231,28721487,24475458,18599403,12611094,7851796,4547271,2553996,1412777,751211,377365,186973,96853,52058,28411,15410,8311,4385,2306,1230,640,341,197,93,54,50,32,12,0,0,0"
unhcr_europe,1826,"0,0,4,52,762,4346,16779,57900,187742,513218,1099995,2127572,4036260,6848550,10191144,14152162,19447106,25493270,29545138,30853545,29227139,24884054,18916886,12814182,7966547,4625071,2602807,1433302,742796,357396,174030,89701,47780,26058,14224,7630,3965,2048,1102,594,333,203,99,54,50,33,13,0,0,0"
unhcr_europe,1827,"0,0,4,52,774,4386,16941,58456,189365,516577,1102657,2125970,4040420,6889147,10269682,14293000,19727722,25906872,29987446,31219476,29355353,24891267,18891495,12826164,8011564,4658503,2624863,1449754,764727,379927,187930,96977,51414,27623,14784,7880,4104,2150,1161,624,348,207,104,53,50,34,13,0,0,0"
unhcr_europe,1828,"0,0,3,39,661,4035,16247,57586,187903,514631,1099832,2122308,4041820,6919027,10348875,14443214,19979473,26296912,30466077,31625683,29530640,24916203,18864631,12827727,8033718,4698114,2669547,1484331,781573,385269,190221,98087,52030,27989,14993,7988,4171,2183,1174,629,356,212,106,53,50,34,13,0,0,0"
unhcr_europe,1829,"0,0,3,45,676,4091,16423,58054,189067,516654,1101074,2116585,4027899,6900732,10334380,14419986,19908070,26224107,30475547,31801195,29901823,25359642,19310591,13162938,8252406,4830565,2745354,1530579,812008,402979,199225,102760,54529,29411,15832,8454,4428,2318,1232,654,371,218,112,54,50,36,13,0,0,0"
unhcr_europe,1830,"0,0,3,44,681,4124,16551,58447,190303,519804,1107559,2129013,4049839,6943573,10423296,14575578,20175966,26589629,30896221,32217253,30141793,25448367,19289302,13140069,8245227,4832271,2745650,1530769,813199,407063,202282,104410,55536,29957,16047,8548,4474,2339,1234,654,363,210,102,56,50,37,13,0,0,0"
unhcr_europe,1831,"0,0,3,45,690,4169,16732,59023,191687,522632,1110622,2130779,4061769,7025018,10618230,14814055,20395077,26737084,31006191,32276123,30221150,25624646,19493712,13302688,8370124,4916396,2802622,1566804,835390,418932,207923,107123,56872,30557,16289,8612,4486,2357,1258,667,372,221,107,66,53,39,16,0,0,0"
unhcr_europe,1832,"0,0,3,46,675,4017,15864,54376,176952,495310,1085774,2116986,4072020,7074353,10725952,14926783,20334068,26501379,30712409,32036548,30390211,26070698,20084961,13842953,8758212,5145058,2931172,1638516,879468,442495,218163,111810,59008,31524,16755,8864,4603,2393,1279,673,371,221,110,67,55,39,16,0,0,0"
unhcr_europe,1833,"0,0,2,39,585,3712,15246,53884,177888,500915,1100994,2148664,4124701,7146213,10829936,15063552,20475139,26598404,30803272,32173004,30601499,26298088,20308558,14005862,8866600,5217646,2970086,1661812,895562,452309,222816,113932,59977,31968,16971,8940,4627,2382,1261,655,354,212,102,58,50,39,16,0,0,0"
unhcr_europe,1834,"0,0,2,39,565,3676,15660,55882,183157,513872,1131162,2210092,4222587,7271287,10961182,15159661,20465790,26430944,30568908,32022332,30708451,26608090,20735189,14407001,9169335,5415011,3081332,1723326,933209,476179,234798,119350,62533,33217,17575,9237,4761,2437,1301,671,366,216,106,60,50,39,16,0,0,0"
unhcr_europe,1835,"0,0,2,39,570,3711,15839,56513,185060,518835,1142594,2238967,4287822,7395567,11160492,15438783,20709067,26474136,30423616,31777018,30492112,26546179,20901835,14736382,9523737,5708948,3294724,1861959,1019139,526098,261083,132220,69212,36808,19404,10140,5229,2667,1389,706,379,227,116,62,50,39,16,0,0,0"
unhcr_europe,1836,"0,0,2,41,577,3747,15983,56960,186169,520627,1142442,2243091,4326594,7515284,11375835,15732440,21102506,26915501,30786831,31929646,30371187,26332456,20744644,14707763,9610023,5830431,3396995,1935028,1074113,563675,284488,145890,77232,41420,21984,11566,6019,3081,1564,741,386,233,121,63,50,41,17,0,0,0"
unhcr_europe,1837,"0,0,2,41,582,3767,15844,56678,184692,516059,1132076,2233531,4337225,7569776,11489330,15911898,21315701,27117196,30980615,32105063,30538444,26459029,20861361,14826483,9710858,5922189,3473249,1989226,1109392,585634,296423,152740,81146,43639,23273,12298,6404,3268,1636,757,389,233,120,64,50,41,17,0,0,0"
unhcr_europe,1838,"0,0,2,41,589,3801,15975,57097,185960,519940,1143300,2265345,4409829,7694280,11650143,16084481,21470664,27289733,31197676,32231594,30581434,26465311,20898763,14968108,9881540,6067939,3587143,2061734,1150577,607563,308887,159190,84503,45471,24234,12736,6601,3344,1648,747,391,234,119,66,50,41,17,0,0,0"
unhcr_europe,1839,"0,0,1,36,488,3484,15215,56089,185115,519355,1139373,2250752,4372741,7660283,11651477,16061914,21435668,27431292,31696793,33008814,31258610,26852979,20995752,14900603,9765977,5963425,3509798,2017545,1127501,597121,304507,157833,84223,45553,24435,12926,6727,3413,1688,752,395,238,123,66,50,42,19,1,0,0"
unhcr_europe,1840,"0,0,1,36,492,3524,15601,57248,188348,528829,1164808,2305364,4465207,7798422,11857798,16301039,21596097,27411271,31524313,32733111,31064274,26832701,21138767,15221564,10127650,6238797,3696291,2150143,1218304,655277,339737,177745,94898,51135,27325,14391,7491,3828,1914,870,461,273,139,71,50,42,19,1,0,0"
unhcr_europe,1841,"0,0,1,36,476,3340,14254,50724,169033,487913,1102066,2204804,4329542,7671493,11801015,16378466,21740724,27482307,31506185,32675831,31236590,27214999,21616244,15617073,10398732,6415137,3793242,2211036,1262224,685558,356086,186750,99781,53804,28890,15323,7991,4107,2059,959,496,294,156,79,50,43,20,1,0,0"
unhcr_europe,1842,"0,0,1,37,479,3370,14379,51108,169227,488557,1108929,2242333,4461940,7988646,12357767,17185826,22756131,28479832,32156384,32835565,30856799,26594800,20883575,14989508,9997652,6217135,3709896,2184077,1270757,710830,380557,205477,112809,62162,33981,18270,9600,4965,2460,1074,481,280,146,77,50,43,20,1,0,0"
unhcr_europe,1843,"0,0,1,36,484,3393,14482,51413,170072,490307,1110350,2239247,4458971,8011650,12455219,17355880,22979593,28848459,32520112,32929898,30638285,26384530,20771947,15032597,10155304,6401903,3870597,2291573,1334886,753892,410960,223992,123720,68536,37606,20331,10799,5636,2794,1222,495,274,142,74,51,43,21,1,0,0"
unhcr_europe,1844,"0,0,0,32,398,3114,13854,50699,170014,491511,1108339,2219762,4423037,7988274,12462499,17377700,22970487,28791310,32444719,32802133,30502938,26398937,21017392,15401473,10571015,6769227,4133540,2455215,1441163,821334,452829,248047,137152,75900,41646,22567,12058,6341,3162,1368,508,280,141,72,52,45,21,1,0,0"
unhcr_europe,1845,"0,0,0,32,405,3142,13982,51152,171423,495364,1116044,2237430,4464021,8065203,12569904,17526035,23120088,28925793,32528881,32831139,30528790,26532816,21212301,15603536,10741570,6879696,4182361,2469187,1440485,813427,444671,241243,132453,72970,39885,21549,11525,6033,2968,1256,458,261,132,68,53,45,21,2,0,0"
unhcr_europe,1846,"0,0,0,32,406,3170,14116,51634,173032,500207,1127040,2263137,4513563,8140538,12669446,17741190,23430275,29325490,32933533,33134037,30638530,26527283,21139088,15528171,10677166,6835006,4156704,2453782,1429234,806505,441900,240327,132255,73029,39947,21580,11529,6044,2974,1255,464,262,135,67,53,45,21,2,0,0"
unhcr_europe,1847,"0,0,1,31,410,3191,14214,51941,172802,497456,1114595,2221228,4409769,8002216,12552286,17653218,23374718,29269178,33051385,33355615,30981187,26924903,21552406,15816799,10845829,6939181,4243464,2511335,1462945,834294,462891,254490,141217,78389,43150,23525,12664,6658,3341,1463,557,282,161,93,57,45,25,3,0,0"
unhcr_europe,1848,"0,0,1,33,413,3218,14346,52414,174237,501560,1126391,2258335,4499155,8145961,12752752,17890685,23522160,29171785,32771456,33140882,31027577,27179501,21896914,16130334,11091139,7089838,4302181,2531599,1477302,838687,460077,250281,137848,76164,41764,22652,12143,6390,3193,1396,543,306,179,103,61,45,25,3,0,0"
unhcr_europe,1849,"0,0,0,29,339,2947,13685,51588,173520,500756,1126621,2264021,4511862,8144051,12740152,17856645,23395882,28873345,32428164,32952939,31172311,27591245,22442000,16646175,11494980,7382234,4490287,2637685,1535475,871548,478427,259777,142817,78826,43170,23395,12562,6630,3342,1477,577,315,187,107,62,45,25,3,0,0"
unhcr_europe,1850,"0,0,0,29,327,2788,12846,47479,160526,473675,1092392,2202932,4396073,7992354,12570529,17738083,23381066,28981881,32730066,33469967,31734545,28038122,22762711,16820821,11559018,7393911,4481590,2630812,1531714,870864,477843,259845,143187,79243,43601,23758,12803,6749,3403,1515,593,322,197,114,65,50,25,3,0,0"
unhcr_europe,1851,"0,0,0,28,329,2806,12935,47720,160959,471734,1078796,2150366,4278751,7818879,12362677,17501556,23282094,29045799,32980911,33886744,32150915,28317454,23005317,17075422,11793737,7581054,4613485,2718144,1587352,902781,496341,269529,148319,82269,45436,24808,13376,7073,3570,1605,629,346,208,123,66,51,26,3,0,0"
unhcr_europe,1852,"0,0,0,30,388,2993,13384,48696,162427,473237,1076107,2125059,4189891,7656900,12140519,17223916,22900994,28624327,32775935,34017382,32667499,28960865,23565433,17547781,12185371,7887212,4840176,2865664,1672244,952520,528373,287992,158405,88015,48721,26681,14490,7694,3920,1773,707,351,220,133,70,53,26,3,0,0"
unhcr_europe,1853,"0,0,0,37,459,3200,13865,50006,166287,481627,1087277,2132400,4211395,7717633,12259206,17380204,23152686,28893378,33013962,34270975,32827986,28996069,23567413,17576116,12255220,7963032,4881530,2893268,1690349,956680,526117,284532,155597,86337,47685,25959,14012,7443,3772,1683,659,361,234,145,75,54,27,3,0,0"
unhcr_europe,1854,"0,0,0,32,396,2952,13229,49178,166287,484595,1097320,2157168,4258976,7786060,12322014,17401889,23061054,28527583,32448913,33754329,32659305,29179775,24057189,18213675,12855371,8470434,5250399,3131054,1828589,1036377,571880,309358,168407,93160,51368,27896,15042,8006,4088,1865,744,380,241,152,75,54,27,3,0,0"
unhcr_europe,1855,"0,0,0,33,450,3126,13649,50568,171253,498630,1127345,2195574,4279038,7795287,12359699,17437400,23111967,28726588,32837640,34402016,33308674,29633048,24209780,18137351,12680639,8275265,5092600,3022376,1766468,1002140,553117,299800,164002,90961,50313,27475,14907,7944,4049,1832,729,382,243,158,80,47,30,4,0,0"
unhcr_europe,1856,"0,0,0,37,516,3317,14105,51593,173301,502449,1136655,2221229,4335245,7890728,12481881,17507247,22998267,28092454,31807677,33418960,32984129,30079983,25098225,19155326,13515729,8878730,5472381,3250887,1882864,1058269,577551,307995,165621,90741,49617,26797,14445,7715,3981,1850,798,411,267,172,89,47,30,4,0,0"
unhcr_europe,1857,"0,0,0,38,520,3351,14305,52493,175836,507544,1143072,2221211,4304741,7793954,12278275,17172482,22559892,27556672,31403326,33419044,33476745,30804708,25843520,19837281,14042425,9234620,5686185,3371701,1939004,1081256,587526,311407,166231,90296,48925,26233,14080,7505,3887,1838,833,418,274,179,91,47,30,4,0,0"
unhcr_europe,1858,"0,0,0,48,653,3824,16041,57441,188437,538695,1211087,2335315,4420652,7809608,12128067,16810177,21973842,26768250,30656799,33113605,33712379,31751895,27042279,20883732,14759048,9597406,5798017,3392696,1938214,1060694,557660,285349,147725,78368,41756,22013,11610,6055,3067,1469,766,430,276,184,85,47,29,4,0,0"
unhcr_europe,1859,"0,0,0,48,649,3614,14977,53129,175892,513450,1189103,2319391,4374763,7729381,12135559,17009363,22324294,27265313,31173396,33511371,34060741,31938936,27114363,20872808,14679362,9506953,5724272,3347936,1909714,1043134,546733,278919,143677,76223,40585,21247,11120,5781,2917,1394,713,408,260,178,76,37,24,4,0,0"
unhcr_europe,1860,"0,0,0,47,655,3642,15099,53688,178224,519949,1200595,2321555,4313587,7553317,11863980,16704043,21998424,26955186,30809156,33298995,34011568,32194406,27716252,21637141,15442465,10163817,6173375,3619252,2064344,1130690,596164,304720,156237,82362,43779,22831,11823,6054,2994,1388,682,371,242,166,67,28,17,4,0,0"
unhcr_europe,1861,"0,0,0,49,658,3645,16893,60905,197464,567872,1317976,2535403,4554011,7697813,11948960,16795378,22135742,27270396,31414327,33977330,34702194,32704352,27846065,21444443,15036133,9734528,5841296,3395277,1920647,1041437,542695,275205,140707,74140,39156,20242,10399,5280,2551,1129,526,282,182,130,43,8,0,0,0,0"
unhcr_europe,1862,"0,0,0,30,408,2991,18232,68283,218701,624014,1455657,2786541,4883356,8051495,12209792,16895267,22054423,26984347,30925249,33575418,34493338,32889330,28321352,21923101,15449988,9995032,5981254,3458644,1955181,1063631,556543,283054,145534,76567,40499,21083,10881,5493,2631,1148,526,278,183,129,45,8,0,0,0,0"
unhcr_europe,1863,"0,0,0,21,292,2856,18623,70617,224204,635677,1479148,2834280,4922065,8025085,12069246,16626892,21653047,26572498,30323568,32950802,34060014,32896711,28916342,22883716,16476808,10898413,6611683,3842611,2178154,1184363,623602,319417,163467,85417,44969,23213,11816,5908,2849,1255,562,289,189,142,55,8,0,0,0,0"
unhcr_europe,1864,"0,0,0,16,187,2711,20799,79565,248221,697498,1623612,3104315,5311266,8475975,12461599,16859376,21693429,26464586,30145465,32782844,33955105,32830365,28927591,23005887,16652160,11075479,6748931,3938343,2235976,1215440,639376,327700,167280,87282,45957,23699,12013,6000,2899,1285,592,309,202,152,59,8,0,0,0,0"
unhcr_europe,1865,"0,0,0,17,175,2695,21037,80458,252442,715397,1676412,3208991,5488240,8703505,12704240,16973699,21649350,26324899,30069348,32830269,34104412,33103777,29242841,23265524,16851341,11225978,6848143,3989704,2253058,1219878,638943,327975,167403,87547,46279,23974,12191,6109,2953,1307,570,295,196,136,51,8,0,0,0,0"
unhcr_europe,1866,"0,0,0,18,177,2723,21227,81099,253188,714762,1676140,3225205,5520781,8737785,12732414,17037264,21749715,26466179,30313700,33164436,34511928,33442895,29480437,23448296,16949723,11261073,6850764,3989643,2249474,1213216,632962,323137,163996,85502,45240,23470,11931,5953,2865,1253,583,299,193,129,53,8,0,0,0,0"
unhcr_europe,1867,"0,0,1,28,199,2827,22133,84047,259210,720976,1671705,3196705,5454600,8685273,12721225,17032643,21773231,26654472,30744214,33735148,35139264,33967899,29787625,23547173,16892259,11176096,6781439,3944139,2218430,1192923,621012,317591,161654,84591,44787,23194,11777,5899,2845,1258,579,306,191,128,53,9,0,0,0,0"
unhcr_europe,1868,"0,0,0,23,264,3102,22602,83484,254093,705230,1652377,3181315,5459037,8757850,12897324,17246224,21993377,26605717,30203639,32791193,34060718,33507699,30139826,24474690,17936279,12043790,7426589,4341711,2458083,1327435,691508,354707,179810,93128,49036,25289,12713,6302,3020,1322,589,293,184,117,52,9,0,0,0,0"
unhcr_europe,1869,"0,0,0,11,292,3276,23120,85495,260685,722729,1690278,3241153,5534036,8810806,12909654,17230298,21928335,26544129,30144535,32843701,34195828,33728486,30457958,24838851,18296857,12358425,7650123,4475132,2540643,1377340,718933,368648,187006,96776,50924,26321,13282,6611,3182,1396,611,303,189,121,52,9,0,0,0,0"
unhcr_europe,1870,"0,0,0,11,297,3309,23313,86205,262559,726278,1692871,3230882,5500559,8752930,12850354,17171832,21871862,26686834,30614103,33609950,35115734,34396405,30744441,24771213,18107241,12211117,7559431,4446043,2521436,1369138,716665,371023,189347,98617,51989,26783,13463,6707,3267,1478,629,325,198,122,50,9,0,0,0,0"
unhcr_europe,1871,"0,0,0,11,312,3180,21906,83360,255435,703051,1630950,3128974,5386848,8630910,12733186,17036748,21757382,26775334,30867181,34038072,35630670,34855225,31041895,24986997,18371399,12460221,7741907,4564946,2601236,1419854,745670,385226,195763,101430,53355,27530,13867,6943,3376,1525,652,326,195,119,54,9,0,0,0,0"
unhcr_europe,1872,"0,13,42,74,416,3324,22078,83483,255531,702211,1624800,3114828,5347573,8531478,12549344,16782057,21412183,26203581,30212068,33562707,35476147,35294667,32120151,26405830,19437772,13113227,8122890,4734774,2691431,1461468,766258,395053,201329,103942,54400,28132,14273,7130,3415,1484,648,306,170,103,51,9,0,0,0,0"
unhcr_europe,1873,"6,45,103,160,483,3393,22099,83317,254949,700870,1620934,3099799,5291778,8386949,12342390,16625735,21377134,26298619,30593362,34094002,36175623,35877763,32428048,26689207,19592392,13163733,8176421,4782189,2719471,1478743,777639,405407,208087,107695,56273,28923,14581,7268,3489,1562,689,333,185,113,61,9,0,0,0,0"
unhcr_europe,1874,"12,52,140,234,573,3380,21756,82491,253606,698879,1616597,3078017,5237812,8314949,12262979,16516467,21192121,26057346,30127860,33350681,35436297,35589305,32818697,27904509,20997768,14236966,8896981,5161622,2945516,1610236,844931,440292,228108,117908,60914,31074,15605,7750,3694,1669,712,338,180,108,58,10,0,0,0,0"
unhcr_europe,1875,"17,65,184,318,703,3566,22000,82837,253294,694276,1602927,3055525,5197011,8251342,12227096,16620922,21531827,26656554,31064757,34557878,36518656,35856088,32428844,27224164,20279144,13830749,8820707,5256840,3035551,1700221,945199,526343,288182,156530,84555,45253,24065,12711,6500,3160,1351,445,175,94,46,10,0,0,0,0"
unhcr_europe,1876,"25,113,270,417,834,3571,21331,79100,240511,663885,1567865,3034207,5178140,8234121,12233435,16717464,21644667,26748662,31306778,34978874,37162171,36534658,33010255,27593361,20416058,13836554,8746286,5133830,2921933,1623687,895500,493393,267864,144366,77401,41093,21681,11415,5814,2815,1215,416,219,124,67,24,10,10,6,0"
unhcr_europe,1877,"29,113,299,499,920,3632,21251,79384,241770,665763,1571695,3035069,5157556,8130351,11982739,16269568,20944117,25799582,30521379,34983600,38246824,38167600,34470268,28586423,20981553,14068661,8837845,5166473,2901921,1593734,876653,482863,261265,140542,75396,40133,21333,11362,5876,2963,1329,478,234,129,72,25,10,10,7,0"
unhcr_europe,1878,"35,145,368,579,1035,3756,21220,78661,239940,661869,1563367,3019897,5138241,8080475,11827306,16000422,20612609,25435405,30323243,35115742,38837346,39091175,35300977,29323705,21547255,14411204,8995613,5190333,2882408,1570065,852839,466201,252075,135155,72216,38392,20416,10861,5591,2796,1250,444,234,140,73,25,10,10,8,0"
unhcr_europe,1879,"40,203,456,664,1141,3605,19426,74193,229788,637464,1507979,2925040,5020529,7956626,11709946,15811549,20351028,25349244,30527222,35993751,40372812,40672486,36348589,29562784,21325954,14064055,8645511,4926326,2713134,1466640,791129,428412,230352,123290,65821,35023,18708,9996,5153,2559,1123,410,227,143,78,26,11,10,8,0"
unhcr_europe,1880,"47,177,460,737,1214,3570,19012,73047,226918,630172,1496603,2910920,4981044,7820047,11430296,15347677,19741877,24529519,29702696,35605744,40864143,41679786,37308347,30414838,22234008,14777773,9186573,5327755,2965792,1608904,866212,465040,246248,130424,69190,36528,19371,10424,5476,2771,1315,518,244,145,81,21,11,10,5,0"
unhcr_europe,1881,"52,182,493,822,1265,3216,17767,69933,219611,615731,1478919,2910044,5031360,7919709,11544236,15469047,19879848,24667520,29474577,34705272,39608327,41230947,37932083,31663459,23534900,15728183,9780419,5618026,3092130,1645662,854151,438143,220177,109041,53628,26075,12712,6401,3177,1592,787,391,198,106,57,11,1,0,0,0"
unhcr_europe,1882,"54,179,509,879,1328,3160,17495,69681,220162,619925,1493877,2940845,5052661,7881685,11411566,15184568,19496952,24336237,29349615,34665745,39742535,41549541,38637586,32546598,24348296,16293149,10114892,5809001,3185783,1683011,871219,445998,223036,109905,53720,25961,12611,6340,3157,1581,797,397,205,109,62,15,1,0,0,0"
unhcr_europe,1883,"54,188,551,950,1420,3126,16754,67073,213097,605195,1467848,2903687,5021377,7887212,11477214,15283728,19601836,24365380,29237912,34332997,39345033,41463477,38943165,33350931,25245527,16950395,10552662,6042013,3314955,1752744,904256,462696,232516,114539,55572,26676,12938,6507,3242,1618,798,384,188,99,56,15,1,0,0,0"
unhcr_europe,1884,"53,199,589,1002,1465,3033,16098,65000,208364,595383,1450727,2890367,5044915,7984692,11639086,15505211,19832384,24519747,29314948,34326112,39343837,41722174,39367911,33795821,25604641,17167967,10672141,6102076,3348424,1774012,918372,472506,238503,117641,56947,27231,13173,6646,3394,1678,827,401,191,95,54,13,2,0,0,0"
unhcr_europe,1885,"58,236,666,1083,1554,2791,14119,57179,186149,544467,1369818,2780326,4881404,7770474,11463383,15420845,19878618,24658157,29498663,34595312,39768429,42269323,39902608,34368829,26116026,17496540,10832706,6166326,3373213,1786277,921351,473550,239516,118311,57262,27336,13156,6641,3393,1643,793,364,172,80,46,11,1,0,0,0"
unhcr_europe,1886,"52,208,646,1110,1621,2902,14820,55486,174563,512531,1334150,2777320,4869678,7760407,11421686,15460814,19921458,24531445,29309852,34537863,40023952,42926903,40618397,34926020,26540163,17786500,11021812,6287325,3441884,1823014,944705,489094,249496,124710,60732,28782,13695,6911,3645,1852,967,498,268,160,91,43,17,10,6,0"
unhcr_europe,1887,"57,225,704,1204,1724,2815,9551,44862,156765,465524,1162596,2378214,4331979,7129821,10838697,14792573,19102328,24411898,29802692,35417482,41034469,43796399,41368868,35580347,27263855,18343765,11410754,6552628,3599047,1914654,996659,522201,271705,138453,68451,32765,15691,8011,4310,2238,1183,630,342,203,130,67,41,30,12,0"
unhcr_europe,1888,"53,228,707,1223,1758,2598,8314,35672,113834,342548,952076,2190065,4127273,6869194,10519655,14736034,19432244,24643911,29879775,35433618,41130068,44169607,41932069,36125630,27906943,18883509,11802420,6813816,3747651,1998999,1044028,550356,288786,148552,73897,35265,16702,8499,4610,2415,1296,681,382,229,143,70,41,31,17,0"
unhcr_europe,1889,"65,231,741,1320,1948,3122,13012,48573,149817,440202,1182486,2572554,4632720,7494215,11174240,15276792,19835759,24598444,29514049,34819638,40318814,43375181,41471276,36133334,28459305,19509638,12326363,7202854,3989796,2134563,1115065,591092,312955,162989,82040,39231,18446,9308,5101,2712,1467,768,434,259,152,84,57,40,25,0"
unhcr_europe,1890,"62,214,738,1392,2070,3407,14025,52625,166212,485850,1267018,2669465,4762640,7661550,11352489,15336067,19728391,24495271,29471313,34847841,40470420,43667165,41927435,36577304,28841553,19822898,12544646,7329023,4060576,2171022,1133684,602185,319665,166840,84202,40317,18969,9569,5269,2820,1514,804,457,262,162,88,57,40,32,0"
unhcr_europe,1891,"73,217,758,1522,2342,4435,19646,64948,195998,566883,1467427,3027076,5227212,8221211,11855898,15800373,20056944,24270717,28990928,34259102,39958964,43589272,42270360,37252394,29454644,20180212,12684161,7331307,4020356,2140324,1115980,592346,315417,165865,83901,40334,19152,9705,5318,2827,1545,828,478,269,157,89,59,41,34,1"
unhcr_europe,1892,"78,221,789,1593,2398,4268,16827,65532,212089,604352,1451116,2873353,5032084,7956781,11544104,15136550,19135454,23684361,28717497,34302668,40413641,44386142,43523942,38519560,30526893,20967530,13154688,7561627,4109045,2182943,1134671,599868,318977,166823,83887,40345,19128,9579,5200,2743,1469,786,447,254,163,86,58,41,34,3"
unhcr_europe,1893,"84,220,796,1608,2418,3668,9708,40853,137915,408984,1065063,2280263,4226464,7003634,10675719,14717193,19099858,24272784,29530476,35014004,40921557,44894972,44413188,39445153,31522899,21746537,13591748,7808808,4227907,2242605,1160496,609365,321509,166092,82578,39645,18914,9485,5141,2676,1427,763,429,249,164,92,51,32,27,2"
unhcr_europe,1894,"97,228,789,1625,2464,3577,6190,23777,85107,264687,733583,1702809,3351102,5918742,9397354,13625725,18196740,23668389,29673403,35610564,41799156,46004818,45697941,40651682,32832254,22986207,14547252,8497909,4629411,2453292,1268767,666025,351517,182648,91016,43328,20372,10079,5475,2836,1488,773,419,248,169,107,50,32,26,3"
unhcr_europe,1895,"93,223,789,1646,2543,3745,6692,25585,77220,227007,649680,1669930,3449960,6040735,9556070,13889761,18923133,24580382,30165553,35531567,41304409,45403477,45516768,40840235,33370173,23556066,14927340,8723936,4723997,2496231,1283110,670552,354138,184147,91521,42966,19739,9515,5108,2630,1325,679,372,224,155,81,36,21,17,2"
unhcr_europe,1896,"87,219,752,1642,2528,3694,6428,22290,74474,229568,650029,1587221,3220584,5782868,9268894,13591967,18291253,23776816,29674185,35400217,41339391,45776980,46324599,41885201,34556584,24703981,15763295,9294133,5024897,2644389,1352073,699415,366365,189635,93739,43737,19854,9327,4972,2580,1243,627,338,199,145,85,31,12,10,0"
unhcr_europe,1897,"71,195,729,1696,2715,3986,6329,21452,67152,200209,573495,1491596,3166779,5729429,9210641,13656696,18753418,24268518,29900662,35292410,41090001,45607488,46710173,42527912,35285256,25313275,16168405,9493454,5103299,2670834,1354089,691497,357631,182151,88659,40922,18511,8644,4568,2385,1035,464,213,111,86,49,5,0,0,0"
unhcr_europe,1898,"76,205,706,1674,2719,3995,6192,20231,66338,201553,575952,1469146,3086818,5611897,9015461,13289376,18084470,23399228,29035511,34603724,40797463,45853468,47434195,43619172,36646045,26781328,17278137,10241563,5523710,2886264,1459228,738759,381671,194535,95235,44425,20096,9231,4834,2535,1071,448,183,86,60,34,2,0,0,0"
unhcr_europe,1899,"55,181,582,1542,2705,4009,5876,16696,56305,173465,499487,1299743,2817684,5285119,8712558,13251526,18299244,23630753,29431911,34830600,40258289,44996859,47125953,44117622,37680560,28167844,18305748,10923843,5874972,3063346,1552617,783482,405497,208371,102467,48095,21776,9919,5126,2674,1126,486,194,94,65,44,5,0,0,0"
unhcr_europe,1900,"50,173,576,1620,2894,4276,6111,17076,53262,154985,445160,1210157,2735502,5163839,8489547,12775840,17872644,23475542,29254621,34740253,40658233,45659394,48069722,45301850,38618326,28808437,18718212,11134690,5932701,3078677,1559001,785749,406372,208708,102072,47297,21434,9803,5106,2716,1132,476,184,86,61,37,3,0,0,0"
unhcr_europe,1901,"61,198,677,1827,3133,4564,6158,15987,52155,156165,448092,1199515,2681402,5082840,8381402,12645433,17668287,23257302,29352908,35280682,41771079,47259295,49533624,46108338,38826359,28487084,18320212,10817892,5770132,2988325,1506623,761701,393804,201118,97996,45666,20688,9495,4980,2633,1093,462,177,85,59,43,4,0,0,0"
unhcr_europe,1902,"64,205,765,1815,2904,4339,6147,13001,42313,128477,375052,1014452,2332570,4580609,7792972,12025451,17148251,22840107,29411989,35812097,42468420,48054089,50350101,47046530,39820510,29322961,18933002,11185243,5950857,3075837,1550845,781716,403734,206544,100382,46318,20889,9591,5045,2705,1097,457,175,76,60,48,11,0,0,0"
unhcr_europe,1903,"67,215,730,1789,2984,4473,6448,15947,47651,133973,384668,1068235,2521745,4897620,8164008,12403958,17629155,23592243,29788033,35643080,41860803,47258538,50060108,47281710,40297108,30019331,19508531,11566491,6120795,3151526,1591087,802564,415109,213077,103539,47470,21265,9676,5086,2688,1102,465,175,82,60,45,3,0,0,0"
unhcr_europe,1904,"70,223,758,1871,3053,4547,6521,12621,39268,119630,350682,949527,2202861,4406670,7703296,12223308,17684374,23522024,30197384,36516726,42336376,47458563,50295640,47742472,40828062,30533084,19995619,11980046,6417200,3334749,1712517,890592,477547,255029,130463,63645,30924,15181,8169,4438,1987,786,204,64,58,49,23,0,0,0"
unhcr_europe,1905,"87,254,755,1860,3098,4647,6954,17636,48850,131716,375081,1051699,2509355,4889244,8215907,12564908,18000984,24318488,30514267,36213575,41921162,46974297,49917767,47738369,41166384,31059935,20513590,12350682,6630243,3433517,1765495,921760,499332,270750,140745,69454,33999,16770,8976,4883,2277,925,270,96,69,49,13,6,0,0"
unhcr_europe,1906,"91,264,727,1881,3283,4895,7407,20149,58630,167663,476542,1279408,2845682,5346983,8808052,13245569,18422848,24188416,29804685,35137557,40828501,46210404,49699166,48138059,41951276,32129876,21525079,13100406,7103666,3680144,1896603,989230,535717,291387,152461,75389,36795,18081,9609,5271,2586,1052,334,113,72,51,21,14,0,0"
unhcr_europe,1907,"78,251,675,1851,3323,4968,8184,24801,71591,205150,578788,1510174,3224135,5864802,9465090,13973302,19228956,24781368,29855070,34802952,40030957,44867207,48720496,48106395,42478043,32934479,22308081,13646921,7420923,3832941,1975727,1029426,557791,304089,159667,78698,38402,18934,10098,5605,2788,1169,403,129,72,46,31,19,0,0"
unhcr_europe,1908,"98,283,740,1978,3541,5212,7725,20296,63730,189488,532400,1357643,2908230,5473489,8997688,13471523,18552521,24083255,29728363,35299864,41112802,46449910,50188015,49449930,43291758,33264182,22475623,13721266,7416798,3830951,1981660,1037462,564012,307634,160399,78664,38523,19082,10202,5662,2815,1173,409,135,83,54,31,22,0,0"
unhcr_europe,1909,"120,318,738,1954,3559,5267,7402,16469,49842,146193,416149,1113704,2534742,4969777,8430183,12929139,18225982,23978341,29976048,35718554,41551871,47005681,50874135,50374514,44185291,34057399,23019876,14066040,7604456,3924546,2030221,1063852,579375,315978,164387,80985,39992,19971,10636,5917,3016,1248,457,140,75,42,35,28,2,0"
unhcr_europe,1910,"106,303,831,2130,3667,5382,7586,14767,43493,126914,363569,974042,2254751,4540504,7954433,12420875,17641104,23360824,29785727,35804089,41883852,47890466,51688956,51079469,44992913,34814304,23725910,14541522,7900389,4060089,2102400,1096947,592932,322256,166950,81241,39420,19409,10346,5743,2985,1187,415,150,77,52,41,34,4,0"
unhcr_europe,1911,"109,313,702,1884,3405,4901,7063,16528,46481,126326,357258,996043,2411288,4821322,8215329,12556124,17767007,23864056,29910903,35268402,40817906,46455662,50505261,50766473,45444577,35994052,24992245,15482474,8531357,4371729,2260716,1178644,638741,350004,183861,91058,44302,21918,11478,6350,3341,1384,526,155,75,46,41,34,4,0"
unhcr_europe,1912,"94,296,612,1666,3302,4944,7024,15100,45474,132331,377156,1013847,2346454,4679719,8053021,12405036,17532945,23265242,29534389,35169078,40794390,46351465,50069054,50617305,45878424,36800615,25998474,16240616,9056609,4645585,2412110,1261123,683760,377542,200044,100021,49088,24540,12528,6879,3695,1563,648,174,73,43,40,33,4,0"
unhcr_europe,1913,"96,303,630,1947,4199,6217,7870,11492,23828,66643,206945,590924,1480756,3292541,6413118,10705258,16099034,22253043,28983630,35383291,41291257,47009010,51070595,52013468,47444213,38495263,27398047,17222798,9655240,4897763,2529530,1298475,677395,360880,182769,85455,38760,18058,8650,4691,2500,911,387,174,75,44,39,37,7,0"
unhcr_europe,1914,"98,312,722,1964,3901,5835,8022,11990,21992,55547,177224,566138,1627439,3802200,7158013,11553653,17167275,23569735,30155021,36402067,42467166,48573426,53587561,52996841,46345147,36340875,24406826,14823961,8023592,4119878,2114839,1082899,568742,299259,149951,71655,33363,15832,8078,4546,2225,850,370,167,92,50,41,32,3,0"
unhcr_europe,1915,"122,349,784,2418,4764,6796,8478,12632,25950,70274,217214,660440,1803914,4054870,7439133,11915092,17469060,23533233,29915013,36226189,42762444,49304220,54262238,52860317,45863327,35999837,23982313,14564667,7990126,4124485,2100424,1069276,557024,291563,147808,72191,33569,15719,7923,4487,2197,830,365,165,82,51,43,25,1,0"
unhcr_europe,1916,"125,357,875,2669,5181,7051,8693,12963,26969,71635,221547,716879,2040146,4437113,7842266,12515504,18269223,24269240,29891479,35604084,41735263,48013689,53417427,52551964,46027847,36643514,24552375,14874143,8144402,4172979,2114276,1075847,557853,291013,147569,72436,33583,15763,7679,4311,2208,724,299,115,52,32,36,32,4,0"
unhcr_europe,1917,"148,403,1395,3638,6032,7768,9867,16345,37470,110811,356058,1144628,2845881,5414637,8932275,14032459,20218337,26080904,31381882,36573815,41708656,47399194,52694344,51353426,44604957,34871252,22895230,13692957,7390670,3781499,1894517,950957,493677,257806,131625,64160,29130,13221,6676,3753,1810,603,256,103,49,30,34,31,4,0"
unhcr_europe,1918,"174,570,1866,3597,5874,9111,12751,23972,79731,367875,1250172,3093584,5799349,9621448,14585768,20463590,25232329,27435156,29092351,32011279,36751364,43668589,50312041,49494301,42620346,32723916,21422712,12688408,6825831,3452898,1685552,829946,429990,226091,115439,54827,23495,10523,5419,3125,1349,555,226,91,38,30,31,28,2,0"
unhcr_europe,1919,"192,610,1718,3962,7022,12383,29998,102364,350941,1086632,2559750,4879984,8223743,12747953,18034292,22557295,24596959,24948798,26141570,29408105,35220448,44245097,51236176,49918641,42878321,31501066,19987235,11442326,5937053,2954580,1461633,732325,380475,197629,98434,46282,21072,9690,5291,3068,1129,444,169,61,32,30,30,23,0,0"
unhcr_europe,1920,"226,713,1514,3406,7388,17814,58088,184940,546173,1374201,2907240,5311686,8783026,13142438,17651019,21532108,23354290,24020496,25225106,28483205,34042390,42713878,50629525,51311158,44846733,33652685,21548413,12349061,6283888,3084770,1518011,756887,390116,200877,97897,45860,21880,10462,5504,3264,1432,467,171,68,41,40,47,36,2,0"
unhcr_europe,1921,"184,668,1604,3728,7366,17397,58345,188894,599850,1571986,3393074,6146056,10058556,14573140,18751987,21311214,22042186,22258274,23317285,27188764,33348987,41765884,50247800,52476309,46198356,34909667,22660512,13064303,6460799,3091084,1501536,742158,383424,197218,94159,42115,19979,9621,5308,2756,1057,390,128,57,32,39,50,41,1,0"
unhcr_europe,1922,"201,698,1371,2843,7201,22600,81210,245850,647224,1452559,3021055,5593717,9195674,13266910,16939653,19917760,21642454,22414058,23504222,26908392,32592421,40200071,48175010,51644333,47754204,38180916,26484719,15947837,8304690,3955450,1906542,927285,469123,243417,120448,54436,25306,12161,6027,3578,1556,587,187,75,44,44,52,50,6,0"
unhcr_europe,1923,"94,535,1217,2462,5333,13371,44701,145639,408421,992032,2118411,4252550,7397560,11340975,15380833,19183015,22001967,23742773,25241990,28451248,34477899,43141003,51852831,53738077,48172071,37865049,25345270,14898691,7844820,3809685,1832822,897337,449548,228204,113283,54364,25759,12462,5929,3493,1758,560,196,74,46,41,50,50,11,0"
unhcr_europe,1924,"56,422,1096,2105,4087,8330,22241,74872,225576,582084,1263249,2591082,5030830,8417161,12234341,16067713,20485460,24406846,27862317,31818194,36085508,42328110,50257375,53752568,49963351,40730616,28789994,17613762,9475799,4646266,2233567,1091965,547090,278441,139025,65569,31073,14968,7040,3768,2101,658,242,84,46,40,49,50,16,0"
unhcr_europe,1925,"37,281,837,1832,3851,6429,11598,30231,98712,282484,699706,1501508,3135095,5905615,9490633,13930523,18872042,24029557,28190727,32402618,36936568,42305450,49709088,55287473,53146081,44016641,31914084,19808889,10865938,5276323,2534184,1236512,619556,319284,161234,76027,34846,16453,7600,4057,2339,749,300,104,48,40,46,50,25,0"
unhcr_europe,1926,"53,305,750,1620,3651,6203,9306,16194,42986,129912,356451,913446,2067724,4340446,7595139,11920030,17535431,23568477,29025506,33833278,38851118,44386980,51196449,56403492,53919732,44860823,32926438,20595710,11353520,5525901,2646987,1290548,645704,332617,166527,78310,36186,17271,8019,4159,2477,797,308,116,51,40,46,50,24,0"
unhcr_europe,1927,"0,152,473,1257,3259,5785,8644,13797,29986,88630,252068,713040,1825841,4028608,7106012,11255284,17041518,23481746,29207585,33937585,38906705,44065870,49983917,55546877,54736556,46681107,34773920,22248591,12596314,6115107,2909162,1411606,698714,362902,185429,87865,39102,18158,8081,4174,2537,908,304,107,47,40,46,50,27,0"
unhcr_europe,1928,"40,300,707,1435,3434,6169,8989,13256,26345,72713,205377,578872,1510359,3454645,6474505,10461970,16171442,22841117,29091358,34275610,39109422,43798958,49412656,55285593,55771898,48412148,36571866,23860005,13722075,6750012,3199339,1552712,768037,398183,204935,98730,44341,20764,9409,4567,2792,1190,361,129,52,40,44,50,31,0"
unhcr_europe,1929,"1,196,539,1149,2778,5483,8430,12786,23932,65011,184812,523542,1398460,3223697,6160985,10079583,15682066,22415898,28676959,33830720,38627028,43537098,49452388,55903915,57027023,49827723,37911896,25034151,14475664,7198104,3415707,1655655,819392,423192,217583,105396,48216,23060,10839,4920,2974,1392,414,152,53,38,42,50,40,0"
unhcr_europe,1930,"8,233,598,1228,3181,5963,8846,12995,23996,61280,169876,468432,1249316,2929535,5832152,9709496,15284017,22219416,29087558,35243712,40658045,45950558,51584009,57320361,56923515,49064651,37108213,24133142,13773001,6750141,3193810,1543558,761739,394128,202889,97298,44317,20951,9606,4513,2802,1292,356,130,47,41,44,50,27,0"
unhcr_europe,1931,"8,208,569,1287,3379,6286,9343,13660,24090,57986,158302,435190,1191231,2827853,5693946,9583450,15243280,22463674,29840891,36653755,42627002,48902727,55081521,59587682,57182867,47614971,35077195,22000461,12074730,5840054,2786770,1355316,676946,350919,176879,83186,38736,18644,8515,4242,2690,1204,292,105,43,37,43,50,25,0"
unhcr_europe,1932,"9,215,586,1544,3840,6478,9511,13873,23768,55086,148974,421027,1220947,3006112,6002453,9983623,16011553,23599390,31315818,38238590,44190130,50465167,57249047,60631329,56705038,46435875,33023531,20126331,10693851,5130316,2448182,1190592,597661,308977,153864,72207,33729,16200,7280,3940,2553,1015,239,77,34,31,40,49,25,0"
unhcr_europe,1933,"9,158,511,1227,3372,6166,9102,13777,25492,60982,161613,435146,1195920,2853636,5773104,9780734,15659217,23091611,30996233,38288780,44593573,50741354,56475623,60009575,56751989,47344438,34723520,21645620,11790248,5672908,2689801,1300610,646672,334745,169065,80123,37298,17848,8041,3980,2576,1142,252,89,35,30,38,40,20,0"
unhcr_europe,1934,"9,134,480,1250,3463,6234,9180,13584,24163,56222,147619,383183,1019159,2460205,5254899,9119890,14663168,21896838,30025897,38304579,45221751,51575009,56480986,59954362,57261319,48877609,36485125,23238886,12967170,6185544,2894249,1379943,674498,351361,181479,85570,38297,17651,7647,3850,2501,1118,253,87,33,29,36,40,19,0"
unhcr_europe,1935,"10,199,586,1465,3771,6484,9406,13278,22009,46163,115615,297288,757364,1867781,4265563,7938827,12981692,20019479,28280525,37502118,45494322,52770546,58049413,61017999,58885783,50925488,38294581,24855792,14074235,6708158,3084992,1458773,708183,370004,193369,90637,39339,17853,7604,3929,2529,929,263,97,35,31,33,40,23,0"
unhcr_europe,1936,"26,311,766,1566,3723,6594,9700,15541,25373,39305,80987,202299,524370,1400110,3410105,6964399,11855659,18999335,28331199,38599235,47266768,53281336,56917654,58625494,58270017,52113986,40222799,27291842,16029974,7866603,3541704,1645231,780735,400183,214203,103946,44427,19728,8401,4090,2601,943,279,93,29,20,13,20,8,0"
unhcr_europe,1937,"10,148,520,1119,3004,5762,9039,16070,25496,36142,65962,158580,408244,1137609,2919573,6270304,10831048,17569049,26486434,36827841,45890548,51985822,56602583,59442756,60510154,54739655,42938195,29809548,17783844,8984451,4027442,1852539,871685,440979,236243,117028,50626,22279,9817,4475,2847,1281,345,122,40,17,14,14,9,0"
unhcr_europe,1938,"10,152,538,1147,3057,5814,9249,16531,26201,35856,59539,137487,352757,1024594,2724945,5967977,10482201,17156560,26047191,36477521,45702756,51193510,55850048,59576411,61889170,56191242,44467959,31212755,18807957,9617278,4273366,1947647,907472,454327,244607,122054,52540,22459,9793,4451,2833,1155,338,126,43,13,15,10,10,0"
unhcr_europe,1939,"10,154,553,1178,2814,5680,9031,15492,25286,35715,60578,137698,344258,965698,2527424,5616433,10041679,16474620,25328967,36054286,45821376,51942217,56321944,58196880,59781828,56428129,46167102,33407157,20904476,11140294,4977388,2234994,1030760,506301,273051,139964,61483,25753,11637,4995,3064,1344,347,116,38,10,5,10,10,0"
unhcr_europe,1940,"10,271,732,1737,4066,7071,10562,16012,25418,37467,60248,132580,326727,988380,2736841,5997666,10470088,17176675,26657771,37966602,47775148,53692905,57544977,58667236,59435546,54879972,44805224,31822825,19870664,10647039,4757391,2110048,955082,464658,253640,131376,57418,21797,9047,4447,2789,1074,260,89,25,10,15,13,6,0"
unhcr_europe,1941,"12,162,642,2474,5003,7946,12002,17754,27081,41001,72140,158790,381273,1121986,3060499,6577464,11168239,18261647,28208073,39397370,49381174,55410590,57662661,57099167,56683261,52174493,43375969,31500166,20548943,11610539,5361382,2318791,1027486,484512,260739,140117,63215,22204,8984,4560,2753,783,219,81,16,10,9,7,0,0"
unhcr_europe,1942,"12,201,1052,3226,5972,9412,13696,18775,27936,45082,80430,168914,399784,1188324,3197262,6789973,11630013,19056250,29413615,41111305,51243526,56826305,58077856,57183570,56315513,50909523,41961982,30418103,19830914,11258940,5176984,2213917,973459,457719,246022,131722,58944,19729,8202,4179,2521,604,194,73,27,20,21,18,1,0"
unhcr_europe,1943,"13,137,1218,3681,6720,10541,14605,19801,30702,54133,96888,197659,478399,1453657,3851197,7849138,13445567,21864554,32914453,44781431,53564470,56351789,55006962,54233898,52586438,47698574,40579311,30215494,20264027,11738027,5481960,2322885,1010412,467645,250364,135348,61874,20621,8308,4170,2507,595,182,74,24,20,14,19,3,0"
unhcr_europe,1944,"14,299,2100,4954,8037,12100,16433,22129,35181,63969,111185,226689,577002,1774638,4555345,8855295,14894617,23890054,35703048,48448064,57470559,57802904,55636840,51760461,47431053,43794794,38097169,28785308,20049508,11839757,5602282,2357776,1023934,472826,253005,136580,61475,20641,8150,4061,2502,670,173,66,22,20,11,15,4,0"
unhcr_europe,1945,"15,144,2114,5700,9196,12727,16912,23441,38995,65849,114259,256339,696165,2132632,5349232,9899325,15489382,24163546,35928812,47143494,55212192,59212940,60650685,57751888,53627984,46489647,36370910,24985031,14861414,7551195,3309222,1434759,645991,325208,177640,86552,34257,11775,5202,2916,2036,489,133,51,21,20,10,10,1,0"
unhcr_europe,1946,"15,87,504,1797,5358,9821,14364,19334,29160,49793,93649,210761,558595,1701062,4506820,8864092,14248066,22273425,33446252,45141002,55519632,65870705,69039370,65115482,57004659,45711420,32759664,20451309,11770019,5989848,2808187,1299372,588998,275973,149039,77980,36922,14914,6131,3225,2286,1718,189,65,23,18,10,10,3,0"
unhcr_europe,1947,"16,27,383,1177,3697,7818,12469,18152,27932,44815,83096,186877,444537,1282584,3419386,7477853,12484562,19502314,29417391,41454830,52322602,62660030,70204353,68778041,61522597,50936684,36853895,22996165,13151115,6584350,3047697,1443385,676496,321967,168428,86910,40264,17266,7420,3554,2438,1882,276,64,24,18,10,10,3,0"
unhcr_europe,1948,"17,29,393,1031,3335,7406,11835,16903,24761,36597,59511,123530,276604,763711,2217731,5339114,9576572,15232358,23428460,34807176,47361526,59241021,71999946,75566680,68642544,57475300,42205471,26627345,15146051,7661592,3520012,1656113,792808,381972,196041,101333,46604,20297,9155,4152,2727,2014,308,67,27,20,11,10,3,0"
unhcr_europe,1949,"17,31,401,985,2644,6509,11129,16349,24180,35440,51927,94444,205940,530286,1723348,4518738,8544366,13645817,21495223,32640553,45327250,57091799,68452250,74303054,70293619,60889374,47422753,31407520,18110158,9236145,4207015,1918251,919028,446699,228701,116077,53465,23469,11102,4628,2942,2146,356,71,25,16,10,10,3,0"
unhcr_europe,1950,"18,27,357,934,2304,5934,10759,16022,24317,35884,50646,84299,173159,409309,1316036,3744790,7712510,12858927,20500547,31174733,44362010,55505209,63634554,71223196,71369003,64700098,52132913,35838260,21351474,10811311,4887324,2205699,1048693,515125,266378,134646,60571,26210,12465,5084,2922,2263,619,74,27,16,10,10,3,0"
unhcr_europe,1951,"17,31,311,885,2017,5184,9940,14813,21934,33535,47469,72591,135822,320668,1056259,3206195,6956707,11836929,19090987,29512225,43339742,55014927,62755308,70092138,72446729,67103890,54983218,39183886,23883171,12278129,5533195,2479895,1168793,570656,295124,150004,67295,30221,14475,6090,3107,2402,984,94,24,17,10,10,6,0"
unhcr_europe,1952,"16,31,314,904,2061,5290,10138,15116,20905,31613,47138,72502,135548,297612,913072,2788616,6440984,11385819,18550393,28661123,42245143,54156392,62340580,69599139,73289577,69182185,57333913,41724334,25744213,13405854,5975425,2655743,1243274,606777,317512,161627,72395,31350,15022,6312,3233,2471,1023,105,21,16,10,10,9,0"
unhcr_europe,1953,"15,31,187,716,1695,4495,9000,13903,20696,31833,45280,65948,116259,249103,753195,2354688,5684317,10455052,17308406,27038047,40663450,53521531,62636410,70029055,74459889,70652578,59691810,44402191,28001755,15032779,6741604,2980688,1381621,666697,346731,178791,81019,34362,16314,6968,3290,2492,1400,121,23,16,10,10,8,0"
unhcr_europe,1954,"13,30,151,670,1469,4061,8553,13544,19522,29490,43884,63471,109975,230053,681163,2251355,5671786,10323813,16909401,26376281,39424955,52108216,61359114,68448161,73366862,71456474,62447318,47653557,31162705,17401308,7919564,3461325,1574910,748602,387498,204230,96336,40607,19655,8884,3859,2755,1925,213,63,12,10,10,10,1"
unhcr_europe,1955,"13,30,120,613,1393,3724,8057,13002,18962,28289,41975,58936,97227,195213,520704,1748098,4791071,9357745,15627328,24918259,37928929,51038836,60385414,67394306,73003312,73235740,65684312,50910538,34588337,19914725,9298017,4039051,1823524,854617,436072,233096,113201,45985,22131,10340,4274,2907,2272,373,78,5,10,10,10,2"
unhcr_europe,1956,"8,24,64,516,1232,3147,7056,11928,17565,26357,40358,56746,87665,169573,394967,1330524,4031669,8495852,14391258,23241704,35613652,49684742,60281769,67773291,73125247,73977463,68041918,53870275,37928485,22492292,10962547,4749360,2125214,983941,492458,266105,133503,55843,25639,12448,5055,3172,2532,738,119,15,7,10,10,5"
unhcr_europe,1957,"7,23,46,470,1160,2909,6601,11395,16932,25462,39352,55325,79987,144463,334474,1130532,3549453,7788868,13438624,21801600,33875708,48694887,60133148,68162272,73971353,75562357,70200717,56180638,40214306,24317287,12172470,5260318,2326616,1064412,524063,282400,142302,60230,27133,13308,5453,3227,2604,905,124,23,1,10,10,6"
unhcr_europe,1958,"9,24,44,474,1188,2801,6344,11168,16685,24646,38034,54652,77956,141761,313308,1033986,3307826,7522972,13064730,21223672,32932800,47703155,59598431,67816189,74351930,77538696,72921269,58255224,41887192,25540488,12923952,5590677,2452155,1116494,546001,294354,148795,63521,27986,13814,5636,3235,2622,911,119,27,0,1,10,6"
unhcr_europe,1959,"8,23,37,359,1028,2602,6094,10757,16197,24251,37719,53954,74201,125323,292048,1030611,3278291,7337056,12682486,20511606,31930042,46850366,59266520,67610432,74099056,77504386,74386236,60738926,44308308,27749630,14433549,6229805,2691860,1197495,560952,294538,148566,62158,25192,12083,4563,2513,2239,1086,23,1,0,0,6,2"
unhcr_europe,1960,"10,25,36,259,884,2028,5178,10114,15570,23660,36931,52246,72642,123610,258357,819959,2781798,6826027,12072221,19650715,30461404,45092058,57692752,65877687,72668062,76611283,76149849,64327587,48213961,31624688,17258191,7745062,3300036,1450563,662602,339238,175667,77868,30522,14616,5926,2640,2248,1526,16,0,0,0,0,0"
unhcr_europe,1961,"9,22,36,173,750,1738,4734,9241,14441,21178,32626,49726,68607,109235,213998,642526,2311681,6130058,11110090,18087822,28036710,41897605,55334443,65048237,72768103,78992159,79801068,68244971,51655075,34475519,19103215,8669838,3697157,1628693,741254,375529,195649,88166,33690,16080,6801,2793,2280,1971,68,0,0,0,0,0"
unhcr_europe,1962,"5,21,38,79,576,1358,3915,8304,13475,19779,29985,47218,68243,105089,199492,527868,1935575,5498807,10465790,17189071,26817930,40146401,54081217,64838811,73009732,79356410,80609611,70569589,54491343,37359253,21307547,10055821,4295028,1889274,858738,425931,223162,103353,40031,18784,8575,3102,2392,2249,359,18,5,0,0,0"
unhcr_europe,1963,"3,19,38,49,453,1172,3450,7475,12237,18371,27703,44181,65956,98576,187675,440256,1538418,4651383,9694736,16185365,25457575,38227499,52001423,63627335,73186445,81097246,83188329,73968279,57423236,39899289,22922524,10837629,4629479,2048347,940288,470593,247865,115501,44840,20932,9839,3512,2558,2415,601,62,32,21,13,6"
unhcr_europe,1964,"7,21,36,53,330,998,2827,6576,11389,17303,25721,40169,62723,97838,193174,412058,1352835,4202435,9199909,15504950,24478646,36649019,50070411,61479162,71008984,79946587,83959644,77122805,61212429,43781965,26164094,12884613,5514035,2423687,1104132,542267,286914,138111,55725,24578,11947,4503,2829,2609,1093,100,50,32,19,10"
unhcr_europe,1965,"0,14,32,45,230,847,2430,6048,10279,15647,23194,36474,58231,86656,162445,338585,1083670,3588915,8276769,14158935,22428110,33943010,48175434,60851138,71944750,81221924,85212005,79708588,63993557,46310999,28629636,14588866,6310198,2739891,1236870,597880,315876,156257,65483,26968,13275,5181,2998,2703,1359,112,57,34,21,10"
unhcr_europe,1966,"0,9,27,41,151,709,1922,5295,9502,14533,21804,34291,55092,80388,139671,280136,787514,2733120,7077914,12863177,20604909,31639724,45842219,59217816,71457220,82049671,88023402,83378773,67303368,49134316,30880647,16005082,7015040,3035682,1367687,657523,345214,173088,74953,30356,15263,6269,3176,2753,1614,102,48,26,15,8"
unhcr_europe,1967,"0,5,20,37,63,533,1494,4680,8786,13566,20485,32044,51670,75984,124040,244015,622158,2256972,6292420,11975956,19332451,29960735,43807865,57659565,70578912,82125603,89863029,86311479,70642719,52111544,33100484,17328592,7602717,3284114,1478481,708461,368337,185108,79953,30969,15754,6624,3116,2696,1827,52,10,0,0,0"
unhcr_europe,1968,"0,3,15,34,52,345,1114,4099,8042,12357,18827,30006,48964,72743,112157,215632,496966,1807908,5445882,11062118,18149864,28288102,41728218,55901712,68820897,80772034,90194033,88731317,74337269,55643753,36513971,19663135,8819360,3766778,1673214,789029,406676,207923,90834,34751,16907,7351,3200,2723,2116,66,21,10,7,0"
unhcr_europe,1969,"0,0,12,30,47,291,937,3239,7260,11206,17092,26561,43791,68692,99769,184562,410868,1533596,4879071,10352559,17202936,26924920,39938086,54123995,67220047,79277776,88580262,89145813,77457379,59452554,40639843,22697641,10565644,4484748,1955855,908312,457923,236444,106007,41594,19756,9412,3421,2776,2547,316,96,69,53,31"
unhcr_europe,1970,"0,0,10,27,43,161,723,2675,6573,10331,15734,24696,40966,65601,94829,173958,350517,1164639,3971456,9265358,15955673,25250266,37836255,52346206,66040230,78713336,89084904,90908562,80342203,62653832,43649042,24859057,11807026,5034425,2208688,1026016,511714,265214,121373,48651,21267,10324,3682,2759,2707,706,104,72,53,34"
unhcr_europe,1971,"0,0,5,21,39,76,546,1978,5632,9486,14346,22692,39045,63151,86858,146055,281118,854559,3164141,8136481,14635562,23242901,35406060,49900212,64030124,78523019,90598318,93732136,83528057,65628994,46326197,26947708,13139814,5652877,2477820,1144780,563746,290314,135511,56136,23530,11680,4263,2670,2662,1084,24,0,0,0"
unhcr_europe,1972,"0,0,3,16,35,64,361,1565,5051,8984,13157,20833,35656,59376,84964,140504,267830,745044,2786500,7563087,14122593,22459365,34261650,48155840,61717607,76081348,89501132,94846937,86428336,69083255,49447702,29680606,14914945,6441828,2790469,1271257,616597,318949,152808,64157,25437,12741,4820,2736,2700,1364,35,2,0,0"
unhcr_europe,1973,"0,0,3,15,36,64,220,1062,4229,8344,12274,19259,32138,53961,81561,134256,255548,608911,2348683,6707657,13118719,21101095,32228777,45505848,58527606,72506120,87496152,96364856,90316423,73949054,53927813,33342865,17128323,7456966,3197488,1441044,696701,360938,177898,74813,28801,14215,5749,2748,2701,1630,32,8,0,0"
unhcr_europe,1974,"0,0,6,15,35,56,220,954,4033,8183,12276,19230,31527,51517,76948,117804,219410,481145,1890669,5858170,12223904,19771948,30560966,43981546,57422472,71721135,87520277,98289514,92823412,76696386,56165273,35341871,18430340,8097802,3435814,1532556,735040,379364,189304,80948,31009,15026,6312,2817,2761,1664,34,20,5,0"
unhcr_europe,1975,"0,2,11,22,34,50,319,1255,4593,8789,12665,19355,31488,51806,76723,113201,206819,429615,1620044,5281870,11725949,19172363,29710777,43132359,56936878,71351509,88571008,101821108,96241978,78455923,56661264,35146501,18176055,7900348,3313215,1477991,710258,368485,183390,78842,29625,13718,5432,2736,2767,1115,11,6,0,0"
unhcr_europe,1976,"0,0,6,15,26,46,215,882,3908,8144,11925,18124,29923,49685,74285,106955,191460,385186,1334903,4539305,10861456,18251700,28368419,41570159,55395045,69537167,86627878,101655400,98235341,81780647,60101920,38407835,20269820,8958177,3703969,1623845,774060,400396,201776,86745,32999,14842,6324,2670,2738,1079,0,0,0,0"
unhcr_europe,1977,"0,0,1,10,22,40,170,813,3529,7834,11686,17647,29176,49176,74223,105525,186788,364668,1202874,4182895,10458256,17914972,27844433,40781937,54161061,67705006,84549743,100775296,100266023,84142906,62523983,40958228,22146985,10087141,4160312,1796994,841596,429700,219870,96442,37452,15818,7077,2686,2737,1347,0,0,0,0"
unhcr_europe,1978,"0,0,0,8,17,34,130,749,3156,7490,11370,17005,28040,47614,72749,101837,175153,333868,1079208,3901770,10026630,17445757,27030014,39574223,52760742,65669818,82055092,99887923,102886991,87155080,65476560,43644286,23884450,11011772,4539044,1939434,900211,457879,236788,105321,41360,16930,7899,2827,2753,1651,2,0,0,0"
unhcr_europe,1979,"0,0,0,5,14,29,63,619,2697,6959,10998,16326,26994,46974,72619,100992,172325,326156,1099866,4026990,10189408,17556592,27093734,39592322,52192646,64493767,80073429,97645171,102764930,88688471,67730743,46114956,25679110,12050706,4968038,2095506,960532,482485,250457,112980,44238,18014,8601,3022,2749,1939,0,0,0,0"
unhcr_europe,1980,"0,0,0,3,13,27,51,549,2621,6889,10862,16157,26612,46075,71357,98249,163645,302503,981525,3751019,9696684,17071947,26428545,39077839,51887947,64615861,80412407,97734372,102773818,89611911,69155250,47322816,26770527,12856840,5373354,2293489,1066955,550209,310177,174787,100344,58026,33742,19721,11539,6766,3957,2314,1358,787"
unhcr_europe,1981,"0,0,0,3,12,26,54,514,2522,6724,10812,16248,26767,46548,72507,97397,159540,291246,962718,3754009,9752363,17105242,26649721,39817249,53261806,66812154,82488133,98310248,102309989,89178859,68500904,46774142,26254691,12513019,5222208,2228999,1040728,538385,303288,170122,97732,56562,32913,19239,11263,6612,3873,2261,1333,771"
unhcr_europe,1982,"0,0,0,0,9,22,54,434,2570,7816,11806,18006,29362,48960,73109,94953,149545,273786,926208,3707720,9574686,16767357,26129744,39892384,53107468,66808799,82042735,96306124,101753813,90156843,72067921,48497160,27676585,12884896,5289544,2242742,1037388,532908,299726,167056,95420,54887,31734,18432,10723,6245,3630,2100,1232,702"
unhcr_europe,1983,"0,0,0,0,7,19,54,988,7565,15673,20276,26592,36448,53786,77189,99788,153455,273851,861617,3484416,9285935,16479537,25635482,39279689,53435818,67279079,82536859,97378198,103427661,90694585,72375610,49595017,27274454,12737540,5482896,2421342,1126088,559535,305668,169538,96807,55677,32179,18690,10868,6324,3687,2127,1242,714"
unhcr_europe,1984,"0,0,0,0,6,17,48,665,1670,3173,6475,14039,26291,44694,65798,85782,136156,252214,802536,3354561,9171964,16365296,25740857,39096319,53656151,66738409,81248451,96222016,104116220,92501034,73482316,50046791,28774025,13785562,6008765,2606432,1166609,573027,317990,178046,102372,59280,34506,20165,11809,6922,4052,2365,1388,808"
unhcr_europe,1985,"0,0,0,0,3,16,52,1150,5247,10551,14130,21842,33146,49442,69293,97174,156272,269761,799314,3276261,9105126,16407767,25640693,39210936,53717740,66629295,81110232,96103185,102147533,92199501,75039562,52335189,30156543,14864253,6192120,2635931,1165537,570062,318136,177230,101462,58464,33850,19678,11440,6664,3875,2253,1305,755"
unhcr_europe,1986,"0,0,0,0,3,15,49,496,1514,3003,5479,13246,25270,42943,61723,86578,144780,282711,803074,3135997,8863605,16481144,25732744,38654615,53252079,65668635,79222895,94212597,102748086,95420432,77617188,52859183,31669407,15664420,6676833,2817972,1240640,621070,348855,194347,111389,64266,37228,21659,12620,7368,4284,2491,1443,833"
unhcr_europe,1987,"0,0,0,0,1,14,46,322,4440,17750,25391,40415,61252,88278,112848,133936,183801,297527,755361,2943672,8435997,15885100,24687519,38124123,52290454,65510837,79511523,92607608,100444233,94358850,77623252,57298969,35247786,18211228,7971092,3317260,1412182,657905,358835,200957,115712,67201,39223,22981,13479,7927,4657,2713,1594,928"
unhcr_europe,1988,"0,0,0,0,0,11,40,152,3194,12529,18734,28627,43848,67027,91993,113303,157570,267922,709889,2922867,8366991,15787971,24620884,37363830,52026016,63344994,75649999,90576590,100241950,97514828,81876499,59379962,37397628,19708698,8476603,3438044,1470515,693330,376800,211204,121868,70843,41358,24254,14238,8370,4917,2879,1679,986"
unhcr_europe,1989,"0,0,0,0,0,9,34,103,837,2585,5725,12890,24160,41380,60707,77622,116949,217065,709235,3045135,8454302,15637479,24476749,37065577,52137969,63306103,73871167,87593486,99261228,98057350,83329872,61886716,40014578,21399050,9293518,3735358,1582616,735388,399856,226822,129204,74151,42717,24704,14270,8263,4789,2759,1587,900"
unhcr_europe,1990,"0,0,0,0,0,11,40,73,607,1746,4120,9738,21458,42511,63912,87746,143333,264150,817096,3346508,9046676,16540807,25795614,38838158,53195865,64544715,75378428,87707486,94062766,94222835,83067451,62936070,40666620,22512839,9924654,3967569,1665918,756067,407030,233719,134598,78208,45656,26759,15702,9231,5434,3184,1850,1079"
unhcr_europe,1991,"0,0,0,0,0,13,40,116,1502,10753,21536,28704,42058,65992,89228,117516,185346,334776,1065945,4021850,10267314,18214411,28370441,41682116,55469146,66925782,77320855,85879286,85922374,89013638,81763941,62804205,42456177,23613304,10471389,4153417,1724640,775528,408454,231459,132973,77207,45051,26392,15469,9084,5339,3122,1818,1056"
unhcr_europe,1992,"0,0,0,0,2,14,66,174,3433,19360,33325,53297,73313,98464,122907,159803,255096,574474,1916111,5724154,12538858,21222662,32419030,46022359,58676133,69085601,75766844,79680306,79393357,83186760,80752928,64234449,42077087,23455166,10854536,4438034,1837111,776879,387263,216297,125897,73692,43327,25568,15094,8929,5281,3126,1837,1080"
unhcr_europe,1993,"0,0,0,0,0,14,114,241,4846,25054,43689,72421,104769,132581,168651,212618,290713,708433,2384820,6783913,14236509,25046930,39652534,53777194,64267077,71036899,73546448,71675467,72591966,78469703,77568321,62780477,41124673,23086651,10698125,4447492,1817023,759643,370883,204965,119552,70108,41285,24415,14440,8544,5055,2998,1768,1053"
unhcr_europe,1994,"0,0,0,0,0,3,121,333,3916,21707,39077,60605,87677,121441,166051,221632,326638,959263,3767870,10067063,18860350,30277561,43545699,54764685,60768328,64830903,67716506,68541190,71306165,77379841,77427164,64414788,42426281,23176438,10591549,4470409,1857566,777636,379891,211039,123360,72468,42751,25302,15001,8880,5266,3129,1854,1098"
unhcr_europe,1995,"0,0,0,0,0,0,113,389,3824,17681,41030,72048,104500,140014,187208,270248,406947,1137379,3965580,9236173,16317135,24768704,35096142,48009080,60503267,69096055,72531800,73311743,75413622,78767372,78082466,65596289,44045496,24576454,11138111,4538172,1859440,794065,399254,226885,132549,77858,45901,27146,16094,9526,5638,3342,1976,1176"
unhcr_europe,1996,"0,0,0,0,0,0,31,193,3551,21158,52385,94252,136595,165314,189087,261614,436997,1253538,3660966,8593776,17871804,27674552,40467248,53942348,62479264,66518198,67250678,67017175,70393885,77349089,79140269,67339984,44532125,25216307,11769873,4608063,1882600,801928,382888,211417,123562,72619,42839,25355,15050,8925,5278,3132,1852,1102"
unhcr_europe,1997,"0,0,0,0,0,0,0,91,1309,11318,32770,62399,98366,133992,183332,317156,625422,1365046,3008936,6680840,13796690,24239770,38243905,52871965,64346026,69979278,69661140,69382195,71104031,77991419,80001777,67338725,45472167,25600421,12141867,4777345,1856569,783618,379903,211633,123486,72480,42712,25248,14958,8846,5243,3119,1845,1089"
unhcr_europe,1998,"0,0,0,0,0,0,0,5,2639,15689,41489,79366,117725,155846,212584,346943,663063,1429647,3167924,7056068,14666713,24987626,38398654,51932958,61974593,68129111,68214671,66875632,68446178,77545868,82521685,69831858,47706731,27099790,13120591,5195019,2051801,896580,426795,227559,132871,77840,45803,27030,15979,9431,5574,3310,1960,1160"
unhcr_europe,1999,"0,0,0,0,0,0,0,4,12870,43264,60969,77937,104219,145181,218308,380623,735278,1655396,4938537,11212040,20540907,33963441,47629060,56068698,59801436,60646010,59968317,59953746,62833334,73124159,78633146,69957295,48896904,28946217,13953920,5660271,2332498,995756,477332,256972,146156,85416,50113,29483,17364,10232,6022,3567,2108,1242"
unhcr_europe,2000,"0,0,0,0,0,0,0,2,263,5609,17683,41000,70560,101452,148901,278587,567020,1335480,3366855,7680840,15524942,28128820,43223014,56298321,63249731,64217721,61889290,60625964,63473380,73272104,81306610,73181166,51006105,30330231,15044519,6225647,2513380,1070345,518099,278678,157930,92313,54176,31898,18818,11111,6534,3862,2285,1341"
unhcr_europe,2001,"0,0,0,0,0,0,0,0,1626,9692,24887,43051,64443,95982,146284,244090,439476,927621,2410731,6110897,12838814,23905938,39642063,54718940,64251300,66349221,63576277,62665239,64674239,75259185,83365885,74315119,52124276,30682111,15473108,6645037,2787434,1151566,531800,291680,167604,97905,57480,33831,19953,11778,6939,4099,2426,1428"
unhcr_europe,2002,"0,0,0,0,0,0,0,0,1232,5346,13227,24403,38716,60468,94494,158632,272969,594595,1613677,4483269,10105820,20271798,35857969,53254934,65276840,67917209,64308167,63130323,67198966,77003022,84802040,76206133,54575112,32304175,16028129,6516865,2703958,1128633,521213,280195,158170,92312,54099,31814,18735,11032,6492,3834,2262,1333"
unhcr_europe,2003,"0,0,0,0,0,0,0,0,791,4315,11129,21940,36314,53853,77041,117774,228798,660454,1735403,4175822,9433701,18722995,33588049,50984596,63710382,66014141,63388552,62059831,66880709,79086366,87084360,81185144,57349624,33331918,16490586,6936164,2850361,1161520,513275,267643,153175,89879,53320,31941,19315,11766,7246,4535,2872,1864"
unhcr_europe,2004,"0,0,0,0,0,0,0,0,462,2198,6678,14915,27495,44516,69604,104741,179092,393757,1091280,3018996,7415687,14937807,27418059,45594990,61313173,66873983,66525509,66307122,69955442,80604592,89862549,82901803,59679759,35397449,17458552,7217275,3063214,1306697,586882,313162,197564,130819,87463,58282,38318,24689,15592,9673,5879,3537"
unhcr_europe,2005,"0,0,0,0,0,0,0,0,1113,4326,9389,17289,29601,45702,71979,118985,219474,474376,1100888,2634124,6130764,12508084,23489409,39548408,58186877,69183379,70362408,69599252,71576652,82102730,90976936,84605901,61394754,35974099,17904579,7638120,3195796,1358723,618579,350202,219974,140276,89938,57790,37136,23838,15266,9782,6254,4009"
unhcr_europe,2006,"0,0,0,0,0,0,0,0,1071,4623,10019,19939,33635,48934,67575,95886,149963,288823,799266,2155433,4708175,9731953,19692177,34692394,53257341,67965524,73523192,74137147,75621833,83102314,93713652,86857098,62816373,37082529,18763970,8081282,3380268,1448593,645920,339011,212142,147922,107498,76907,53346,35778,23183,14577,8954,5406"
unhcr_europe,2007,"0,0,0,0,0,0,0,0,3148,8907,13410,19869,27231,35857,51218,80808,133015,214943,479410,1416686,3603356,7825491,15815020,29683356,48260091,65867286,74457527,74932807,75370037,83010358,93323920,90403064,69204697,42444118,21949236,9720429,4210832,1791388,794726,422404,268981,187625,131854,91022,61296,40180,25665,16028,9846,5976"
unhcr_europe,2008,"0,0,0,0,0,0,0,0,475,3648,8541,15567,24729,38836,60474,98077,157661,247150,399864,867985,2428087,5885168,11767122,22801951,41609799,62124139,75593547,80818872,81959587,86613589,96117137,92628391,71888233,44172778,22883894,9896458,4185752,1796462,824117,458212,293081,192763,128404,85422,56313,36677,23612,15044,9549,6087"
unhcr_europe,2009,"0,0,0,0,0,0,0,0,328,1379,5235,15689,34032,58480,88634,125297,174912,258665,437682,1067121,2516792,5508912,11620214,23775441,43419748,63572389,76846030,80580936,80882149,85333356,95190892,92028904,71634928,44868196,23487412,10217686,4314483,1842774,806357,420759,261053,170163,112843,74592,48699,31285,19765,12316,7596,4697"
unhcr_europe,2010,"0,0,0,0,0,0,0,0,829,3408,6751,12201,25389,51460,87330,132310,197999,294861,518906,1119241,2417167,5131575,10727309,21835371,39192769,61478101,77189824,81746403,84867388,89572647,98019175,93151285,71324351,44211578,22948313,9789881,4176352,1890786,884196,460138,284416,190352,129182,87765,59259,39639,26288,17326,11390,7550"
unhcr_europe,2011,"0,0,0,0,0,0,0,0,1291,6632,13501,24938,41933,63824,92115,137350,202146,289996,422091,870647,2180677,4955164,9985381,20069700,37695136,60328849,77224912,84481811,87403220,91535287,98279182,93984821,71874674,43832243,22822620,9645042,4144693,1883426,878386,461331,289890,194699,132418,90066,60802,40579,26797,17563,11476,7532"
unhcr_europe,2012,"0,0,0,0,0,0,0,0,796,5404,13889,28188,49695,76828,111514,154083,215667,325344,513591,994444,2227862,4863708,9694921,19528969,36397540,58585848,77265670,86496810,89693401,92772391,100090444,94312040,70523945,43308659,22780899,9689831,4241330,1890712,856162,473209,318652,224868,159500,112010,77380,52507,35094,23211,15294,10104"
unhcr_europe,2013,"0,0,0,0,0,0,0,0,238,3420,9955,18732,32472,54666,84058,123490,181695,267846,422969,815852,1937179,4265148,8712939,18238075,34437816,57836432,78645510,87926040,91613154,95425097,99835149,94579483,71465506,43468461,22883776,9916015,4300565,1934491,892738,465774,293432,207647,146678,101961,69367,46160,30203,19538,12592,8179"
unhcr_europe,2014,"0,0,0,0,0,0,0,0,1210,10497,26004,46579,75356,112938,160584,224532,315304,475366,791272,1336271,2342132,4558878,8874413,16948094,33280104,56549139,76544763,88466438,92051891,96251591,99763867,94900147,72840584,45331661,23729890,10265963,4285387,1790524,817015,449998,268390,176118,118749,80121,53647,35578,23476,15489,10272,6916"
unhcr_europe,2015,"0,0,0,0,0,0,0,1,853,5656,17166,35133,59746,92404,135818,195444,294444,446473,688997,1155364,2244026,4536805,9082962,18167583,35267414,58312772,77441153,86819478,90163289,92546969,98033368,95181197,74729012,47112732,24646861,10747608,4555452,2001090,936245,515652,331492,223402,151377,102189,68462,45522,30142,19947,13259,8903"
unhcr_europe,2016,"0,0,0,0,0,0,0,0,1169,7124,17812,34276,59752,89784,120634,154319,207915,308976,484526,830239,1624848,3698470,8486623,17680902,34823414,58391134,77530868,86223669,89955727,92516519,98174531,96464609,77898618,48382334,25388731,11270504,4668284,2009765,916664,516177,320816,206812,135775,90153,60305,40583,27466,18745,12890,8995"
unhcr_europe,2017,"0,0,0,0,0,0,0,1,1214,7314,21015,43703,68968,94946,119763,152313,209024,315325,527590,945507,1719339,3461863,7253833,15202701,31536981,54155357,76924783,88585691,92869639,95368221,99917917,97387761,79331438,49190670,26102792,11543864,4698504,2034080,974444,541905,317601,193171,121152,78139,51695,35001,24205,17086,12257,8932"
unhcr_europe,2018,"0,0,0,0,0,0,0,0,1029,6253,13693,22961,34107,47076,63987,87417,123238,188573,310070,613979,1295871,2781923,6463763,14677790,30813817,54289947,76847914,89571933,91611083,94129363,101035781,98719089,81158161,50344565,26769223,12132423,5057849,2230938,1029442,542830,321572,198815,125809,81138,53209,35484,24083,16625,11677,8324"
unhcr_europe,2019,"0,0,0,0,0,0,0,0,1519,7949,18545,31954,48534,67536,84462,106497,142353,199221,325927,626984,1302248,2793166,6407552,13873524,27313467,49588169,75081775,89130183,92777439,96188212,101845076,101453345,83095749,52594437,28106562,12610222,5197027,2219911,978732,506908,291450,173785,106990,67795,44095,29368,20028,13924,9860,7078"
unhcr_europe,2020,"0,0,0,0,0,0,0,134,5478,12780,24735,42161,63705,88798,119758,153921,189260,255279,396347,701666,1334605,2683542,5842477,12509091,25555708,46986936,69211495,81936923,90308327,98029073,105685029,104968481,87500789,56644677,30442317,13710091,5503741,2395865,1160696,650570,402357,253627,162313,105247,69032,45786,30719,20845,14277,9872"
unhcr_europe,2021,"0,0,0,0,0,0,0,0,1329,8623,22022,42072,64538,84647,105462,131098,173120,255096,401871,651097,1100887,2050534,4514077,9542979,18809037,34591353,54918258,73368649,89681840,104599823,116521802,116476428,95349376,62137857,33103860,15149604,6167215,2664989,1297147,695814,419173,263652,168586,108955,70948,46504,30742,20519,13856,9474"
unhcr_europe,2022,"0,0,0,0,0,0,0,0,1108,8637,23799,44087,63176,80503,96626,121246,167390,265105,428023,669894,1142734,2228686,4640627,9846303,19715798,34393872,49706036,67985351,88255206,106235281,118889896,116726581,97804325,63664162,33406054,15757995,6523338,2751316,1285249,707713,428783,266824,169611,109703,71963,47763,32036,21699,14838,10232"
unhcr_europe,2023,"0,0,0,0,0,0,0,0,649,7147,21903,42570,62045,79675,96014,118450,157044,241261,389030,612594,1044659,1926091,3786188,7923996,16334953,30243466,46709650,66198168,88496010,107590183,121671568,120209506,100634469,65723276,34543678,16417345,6843794,2907025,1311232,648001,365295,233652,154255,103496,69884,47167,31775,21356,14351,9654"
unhcr_europe,2024,"0,0,0,0,0,0,0,0,656,6415,20706,41484,60618,78303,94472,114776,151369,231036,367458,576788,974163,1770749,3440061,7392267,15323291,28964073,45698488,64600996,86949384,107852981,122580773,122319259,101947774,66902226,35652984,16678099,6979162,2986537,1352099,677619,385456,247758,164314,110773,75142,51007,34541,23325,15740,10627"
unhcr_europe,2025,"0,0,0,0,0,0,0,0,514,5394,18273,38421,58171,76156,92667,113646,147696,221209,353448,553325,922069,1702716,3299743,7064412,14711061,28026145,44473644,63231186,85353310,106798009,123446889,123992970,104045849,68131695,36410930,17055428,7094853,3051613,1386816,693232,402899,263901,177711,121246,83070,56828,38737,26302,17823,12064"
unhcr_europe,2026,"0,0,0,0,0,0,0,0,316,4210,15413,34518,53614,71231,86638,106340,138322,208523,338388,536438,900221,1722797,3456527,7235645,15087139,28503544,43173400,60563126,82664087,103824768,120475207,123699286,105734871,71893709,39158440,18944076,8044960,3455605,1565559,772600,421540,247418,149362,92308,58338,37634,24773,16624,11384,7911"
unhcr_europe,2027,"0,0,0,0,0,0,0,0,287,3589,14167,32942,52339,70129,85145,103719,133466,199399,323046,510162,843607,1597209,3192930,6711372,14028290,27173098,42809257,60244004,81766509,102990844,120719333,124966644,106981774,73135252,39903646,19333231,8225163,3542967,1606765,794930,434415,254592,153564,94873,59962,38719,25516,17146,11752,8193"
unhcr_europe,2028,"0,0,0,0,0,0,0,0,202,3199,13068,31444,50770,68807,83688,101667,129772,191038,307913,483611,787030,1459725,2872949,6020282,12671914,25123076,42124916,60198166,81110996,101957137,119529494,125270391,108322632,75492708,41644672,20452689,8786090,3767365,1704113,840843,456753,267002,160922,99365,62773,40525,26714,17940,12298,8572"
unhcr_europe,2029,"0,0,0,0,0,0,0,0,143,2777,11705,29469,48639,66980,81715,98888,125030,181718,292389,458715,736865,1349472,2650008,5537609,11746583,23627896,40962083,59222368,79897651,100330788,118351132,125777403,110077941,78309254,43599062,21514551,9269256,3985229,1799316,883833,477429,278554,167632,103401,65290,42137,27787,18666,12801,8931"
unhcr_europe,2030,"0,0,0,0,0,0,0,0,200,3000,12259,30031,48927,67005,81737,99105,125222,183321,296826,467775,757131,1388504,2710447,5637981,11919577,23813282,41251358,59697493,80521629,101134501,119168479,125582340,109370178,76849433,42606903,21000236,9071339,3903097,1766559,869294,470799,274808,165554,102280,64709,41862,27672,18653,12842,8985"
unhcr_europe,2031,"0,0,0,0,0,0,0,0,163,2658,11245,28493,47428,65704,80505,97650,123050,179047,289090,456531,733740,1332744,2582770,5311638,11235004,22534910,39702045,58352335,79259398,100070630,118789282,126268623,111040132,78980932,44105700,21745595,9429914,4089382,1857607,910655,491294,285932,172160,106352,67298,43563,28811,19440,13385,9373"
unhcr_europe,2032,"0,0,0,0,0,0,0,0,149,2381,10454,27198,45831,64269,79151,95816,119807,172057,277984,442578,713376,1285530,2475222,5089806,10777026,21503248,38347082,57205150,78293946,99385440,118716785,126986252,112381271,80369640,45107650,22295191,9683264,4203708,1909007,930788,494930,283467,168506,103029,64685,41660,27482,18538,12789,8993"
unhcr_europe,2033,"0,0,0,0,0,0,0,0,101,2221,9836,26386,44994,63426,78145,94576,118054,168019,269843,428998,687022,1234897,2376826,4847514,10308343,20751804,37415713,56447868,77589468,98621323,117682971,127014511,113009099,81940719,46270684,23138488,10140629,4391836,1994643,972262,516602,295041,175393,107244,67360,43392,28657,19343,13345,9402"
unhcr_europe,2034,"0,0,0,0,0,0,0,0,81,1922,9104,24901,43405,61775,76626,92797,115037,162792,261813,419056,671455,1196204,2297623,4693675,9993717,20128688,36434248,55101535,76005979,97263537,117010342,127130619,114358473,83826041,47768697,23927378,10511998,4559676,2071833,1003805,530612,302861,180088,110179,69250,44654,29519,19945,13782,9717"
unhcr_europe,2035,"0,0,0,0,0,0,0,0,81,1790,8530,23814,42184,60645,75576,91531,113495,159002,254241,407491,650150,1150587,2194146,4422237,9417893,19022727,34886888,53917621,75224018,96592053,117158627,128136558,115751975,84995206,48571812,24365106,10711938,4665781,2127733,1028369,546133,311259,184851,113026,71026,45814,30303,20492,14187,10010"
unhcr_europe,2036,"0,0,0,0,0,0,0,0,60,1488,7719,22230,40451,58844,74020,89723,110406,152550,243031,392149,628253,1104452,2095746,4209091,8974795,18119677,33428292,52482770,73675133,95128151,115774327,127786209,116849786,87497462,50709651,25719300,11431482,4961613,2258776,1083330,570069,328388,198142,122831,78096,50844,33867,23016,15961,11266"
unhcr_europe,2037,"0,0,0,0,0,0,0,0,60,1442,7558,21905,40012,58224,73262,88799,109162,150635,239946,387000,618433,1082389,2042138,4039819,8579531,17404461,32387393,51904390,73624597,95209834,115991863,128074631,117203344,87852176,50960888,25887771,11529950,5020973,2293577,1102257,582600,335239,202032,125161,79587,51844,34561,23514,16325,11554"
unhcr_europe,2038,"0,0,0,0,0,0,0,0,60,1209,6816,20645,38569,56819,71971,87133,106741,145721,231060,374698,599213,1041172,1955728,3857602,8205614,16673399,31137278,50647348,72261451,93854396,115076515,128189676,118425638,89846996,52444855,26797881,11930323,5204173,2376735,1135253,597286,343486,207064,128327,81637,53208,35492,24171,16798,11898"
unhcr_europe,2039,"0,0,0,0,0,0,0,0,53,1111,6376,19385,37127,55198,70629,85786,105132,142132,224012,363725,583173,1008519,1880732,3659711,7735964,15753665,29637050,49144204,70980426,92793583,114352899,128119067,119293718,91602621,54163907,27911007,12593358,5488264,2508965,1196464,626942,358415,215780,133612,84921,55349,36905,25135,17458,12371"
unhcr_europe,2040,"0,0,0,0,0,0,0,0,37,1035,6122,18872,36561,54474,69642,84574,103646,140335,221087,358438,573215,989276,1840841,3567402,7517790,15333049,28815286,48497284,70583952,92351901,113719535,128044547,119942066,92310965,54701116,28248750,12765069,5563366,2540841,1210352,634266,363313,219158,135970,86611,56554,37789,25791,17948,12745"
unhcr_europe,2041,"0,0,0,0,0,0,0,0,37,926,5498,17810,35200,53013,68453,83250,101834,136099,212925,346577,555275,951065,1763575,3404751,7160226,14639008,27670277,46926198,69015135,91139083,113155248,128270923,120991526,94161188,56099505,29090601,13143160,5747798,2638841,1256359,655450,371425,221660,136250,86097,55875,37192,25311,17606,12510"
unhcr_europe,2042,"0,0,0,0,0,0,0,0,37,891,5058,16631,33861,51603,67212,81859,100118,132871,206471,335976,540225,922776,1702994,3269878,6855222,14026296,26488404,45584283,67877941,89957415,112131584,127961377,121671380,95675497,57693822,30154393,13775507,6011640,2751044,1305414,676085,380957,227628,140198,88775,57702,38470,26228,18265,12989"
unhcr_europe,2043,"0,0,0,0,0,0,0,0,37,863,4874,16177,33090,50616,66177,80731,98487,129932,201414,328037,526297,894535,1644256,3135058,6535339,13451538,25673122,44717419,67085648,89477700,111564181,127931684,122257112,96538232,58483870,30606689,14043330,6141970,2818446,1339868,694123,391025,233261,143487,90800,59022,39361,26853,18716,13325"
unhcr_europe,2044,"0,0,0,0,0,0,0,0,30,776,4410,15107,31892,49174,64975,79415,96932,127657,197302,321395,518230,877457,1597963,3026243,6272992,12934532,24628976,43310436,65983561,88539063,110876835,127671979,122719864,98000312,59800518,31479796,14443627,6331143,2910787,1380552,710287,398294,237633,146212,92555,60188,40163,27426,19131,13632"
unhcr_europe,2045,"0,0,0,0,0,0,0,0,22,736,4062,14346,30784,47935,63778,77943,95062,123570,189285,307966,495266,833858,1514842,2850742,5873030,12142519,23304583,41570365,64348650,87279167,109673238,127521906,123898308,99783946,61512517,32678434,15199480,6653990,3051658,1447033,741358,415368,247261,151986,96128,62475,41676,28451,19841,14145"
unhcr_europe,2046,"0,0,0,0,0,0,0,0,22,701,3841,13773,30057,47064,62932,77039,93964,122050,186355,302564,487617,821811,1486726,2784646,5731953,11875389,22727519,40724652,63946635,87165909,109421541,127243650,123856831,100074866,61989271,32942793,15343840,6724454,3087267,1464986,750095,420177,250395,154078,97596,63516,42441,29027,20262,14470"
unhcr_europe,2047,"0,0,0,0,0,0,0,0,22,639,3553,12792,28725,45509,61504,75402,92031,118997,180629,292151,470267,790036,1428008,2654947,5396498,11240368,21664929,39040339,62069417,85479886,107892297,126822543,124940700,102252529,63927345,34207984,15975886,7023917,3236547,1535318,781054,434566,258065,158396,100133,65067,43435,29696,20739,14811"
unhcr_europe,2048,"0,0,0,0,0,0,0,0,22,620,3341,12384,28229,44919,60841,74598,90816,116941,177248,286539,461779,774606,1394734,2584474,5256621,10972575,21154203,38286809,61802024,85523977,107888900,126917571,124952205,102233940,63903831,34206477,15993733,7042301,3249540,1543644,785282,434384,257116,157430,99367,64533,43073,29476,20621,14751"
unhcr_europe,2049,"0,0,0,0,0,0,0,0,22,616,3215,11810,27280,43722,59782,73539,89782,115074,172911,280131,454157,762729,1365142,2517561,5104880,10671697,20580459,37314435,60566872,84431738,106886468,126169308,125060672,103048710,65190409,35097035,16603756,7298148,3354710,1594523,805776,444824,263556,161682,102238,66501,44449,30461,21325,15277"
unhcr_europe,2050,"0,0,0,0,0,0,0,0,21,515,2795,11003,26174,42631,58583,72235,88039,111813,166851,268994,434496,723413,1289286,2367663,4762001,10002270,19412833,35479922,58649706,82906959,105579978,125872826,126227569,105053606,67012515,36243327,17179347,7554123,3482926,1656049,832125,459106,271357,166156,104919,68183,45548,31216,21866,15663"
unhcr_europe,2051,"0,0,0,0,0,0,0,0,15,486,2738,10516,25421,41617,57634,71089,86756,110415,165134,265902,429369,715537,1272682,2328502,4666302,9809490,19081080,34888750,58185400,82503345,104996522,125268653,125872287,105242255,67475869,36601885,17379232,7658378,3531753,1679636,845777,468166,278049,171158,108620,70903,47563,32702,22978,16500"
unhcr_europe,2052,"0,0,0,0,0,0,0,0,15,483,2604,9996,24549,40521,56512,70071,85594,108487,160893,257101,414432,690538,1227731,2235221,4425168,9300026,18155449,33326372,56450175,81398135,104364524,125520700,126753341,106363166,68481502,37189709,17708844,7818100,3620973,1729053,867166,478989,284168,174809,110891,72407,48591,33425,23500,16888"
unhcr_europe,2053,"0,0,0,0,0,0,0,0,15,439,2370,9475,23757,39673,55535,68784,83892,105636,156271,251853,408113,677804,1200945,2184623,4302197,9029980,17673888,32409994,55404010,80459562,103148114,124001842,126520367,106997032,69911602,38212029,18420880,8139202,3751036,1786935,893066,490128,290342,178758,113492,74148,49790,34273,24118,17334"
unhcr_europe,2054,"0,0,0,0,0,0,0,0,15,425,2250,8867,22799,38420,54359,67614,82642,104205,154096,248036,403795,672995,1185379,2143185,4182999,8761221,17110422,31326766,54135826,79521972,102337552,123637477,126556216,107635318,70753456,38848242,18799055,8323439,3840490,1831351,912623,499495,295856,182354,115902,75813,50961,35116,24740,17806"
unhcr_europe,2055,"0,0,0,0,0,0,0,0,15,382,2132,8481,22151,37540,53319,66474,81210,101730,149942,241902,393553,653143,1146518,2069561,4002824,8359797,16465991,30365917,52780979,78436928,101529036,123062340,126831736,108330092,71773432,39493355,19189406,8531234,3945018,1884870,936166,513002,306221,190160,121705,80094,54088,37414,26412,19032"
unhcr_europe,2056,"0,0,0,0,0,0,0,0,15,341,1941,7938,21306,36640,52320,65490,80087,100137,147002,236355,385537,641263,1125984,2028946,3915786,8179771,16064861,29552837,51614247,77181510,100291482,122196312,126866420,109111546,72830834,40191445,19572126,8697119,4034828,1931457,957402,521340,311457,193607,124047,81719,55256,38263,27048,19504"
unhcr_europe,2057,"0,0,0,0,0,0,0,0,15,335,1924,7476,20444,35435,51086,64177,78626,98213,142730,229194,374753,624737,1095109,1968319,3744760,7779965,15362324,28324395,49831689,75696755,99126828,121135152,126846168,109845134,74475045,41398309,20446234,9125474,4224213,2027167,1003006,544210,323272,200580,128336,84470,57087,39526,27941,20147"
unhcr_europe,2058,"0,0,0,0,0,0,0,0,10,321,1825,7119,19757,34526,50008,63104,77278,95905,138850,223188,364907,607671,1062334,1906676,3631138,7562855,15007571,27748811,48888852,74851169,98367057,120480640,126798591,110143376,75027655,41783868,20678440,9246364,4277814,2053467,1015322,549804,326941,203070,130077,85711,57991,40189,28447,20536"
unhcr_europe,2059,"0,0,0,0,0,0,0,0,10,321,1787,6732,19112,33818,49171,62173,76230,94417,136117,218092,357104,596334,1045451,1872261,3541501,7356533,14567455,26847264,47588584,73867167,97691219,120196690,127054132,110636004,75536256,42090270,20889965,9337005,4324076,2079090,1026340,553337,328062,203646,130406,85959,58180,40356,28591,20674"
unhcr_europe,2060,"0,0,0,0,0,0,0,0,10,279,1692,6484,18719,33198,48386,61350,75274,93137,133843,213023,345979,574212,1008241,1810441,3402323,7030897,14013372,25983612,46320845,72932783,97217514,119415211,126853072,110986030,76489103,42705087,21231619,9504612,4416672,2127831,1051385,567548,335495,207900,132988,87599,59288,41137,29174,21102"
unhcr_europe,2061,"0,0,0,0,0,0,0,0,10,248,1607,5979,17717,32041,47110,60050,73715,90731,129753,206618,337214,562741,983833,1762077,3303746,6814241,13601198,25178138,44934858,71423315,95918322,118631498,126853605,111633661,77565511,43515176,21742788,9760434,4532698,2186267,1079050,579145,341767,211959,135702,89470,60614,42099,29877,21635"
unhcr_europe,2062,"0,0,0,0,0,0,0,0,10,247,1590,5697,17068,31189,46114,59003,72479,89227,126681,202322,331799,553763,969538,1734513,3236474,6667442,13325218,24644712,43858198,70378239,94873906,117262709,126398741,111814062,78533523,44267758,22309667,10052814,4643156,2235699,1102305,589949,348109,216220,138609,91491,62032,43138,30637,22200"
unhcr_europe,2063,"0,0,0,0,0,0,0,0,10,245,1562,5487,16629,30564,45309,58162,71654,88303,125042,198879,325211,541935,945678,1687355,3121979,6397208,12823408,23828227,42688090,69183591,94065224,116953135,126653951,112217420,79110546,44623151,22576772,10189812,4718422,2281201,1126405,601864,354688,219942,140863,92922,63028,43839,31165,22610"
unhcr_europe,2064,"0,0,0,0,0,0,0,0,9,222,1456,5183,16131,29880,44508,57364,70684,86625,122145,193975,317318,528522,921324,1645000,3048740,6245530,12552847,23400267,41926155,68309087,93445060,116234846,126242061,112181329,79600048,44993288,22807725,10306244,4778035,2308702,1140801,608620,359042,223165,143274,94752,64406,44901,32000,23262"
unhcr_europe,2065,"0,0,0,0,0,0,0,0,9,220,1442,4944,15320,28830,43224,56042,69197,84619,118974,188726,309982,519280,905555,1611187,2969437,6056066,12180754,22592622,40435435,66616078,91997612,115118218,126032192,112857744,80948325,46086148,23450396,10639457,4926501,2379805,1174670,620635,365233,226974,145686,96295,65447,45621,32509,23627"
unhcr_europe,2066,"0,0,0,0,0,0,0,0,4,208,1398,4712,14810,28198,42461,55195,68226,83529,117815,186954,306248,509702,885915,1577689,2886604,5840016,11764412,21987329,39431711,65596109,91357582,114604560,125892971,113094573,81454143,46446941,23670157,10761769,4996693,2418925,1195631,632329,371357,230817,148227,98077,66744,46585,33255,24213"
unhcr_europe,2067,"0,0,0,0,0,0,0,0,4,180,1343,4473,14307,27496,41580,54318,67280,82277,114940,182008,299050,501548,879101,1566713,2855310,5737899,11528739,21474304,38376389,64088534,90237436,113444588,125529521,113281217,82358782,47187072,24295887,11096895,5123807,2480440,1226440,644961,378329,235539,151471,100368,68367,47774,34130,24868"
unhcr_europe,2068,"0,0,0,0,0,0,0,0,4,180,1257,4276,13939,26889,40799,53406,66057,80550,111964,177646,293317,492848,861741,1538025,2819684,5670221,11389756,21206841,37860229,63329236,89371796,112348400,124749377,113086874,82969202,47667958,24611556,11258813,5203843,2520060,1246911,654127,383619,239131,153975,102131,69655,48702,34828,25393"
unhcr_europe,2069,"0,0,0,0,0,0,0,0,4,180,1249,4070,13487,26181,39909,52417,65091,79391,109869,173480,285738,479776,837612,1492118,2714130,5412623,10888997,20380416,36536013,61662136,88080523,111714665,124998229,113736956,83961854,48434524,25075751,11527542,5341149,2598810,1289442,673124,392032,242858,155502,102677,69766,48655,34743,25310"
unhcr_europe,2070,"0,0,0,0,0,0,0,0,4,180,1232,3892,12739,25376,38935,51445,63900,77918,108066,170705,280878,470379,820902,1469117,2678599,5336219,10738190,20064977,35822417,60543598,87264836,111042689,124611866,113818764,84281038,48850111,25306195,11672690,5415915,2636711,1309476,685006,396633,245636,157337,103923,70639,49282,35216,25680"
unhcr_europe,2071,"0,0,0,0,0,0,0,0,4,179,1209,3728,12371,24773,38187,50669,63096,76736,105717,166439,274275,460805,804240,1437773,2625371,5218234,10472150,19534000,34878652,59277278,86353284,110528483,124498297,114108973,84781678,49270385,25589485,11833279,5489414,2680725,1334004,695418,401705,249129,159763,105648,71888,50207,35908,26205"
unhcr_europe,2072,"0,0,0,0,0,0,0,0,4,180,1146,3593,12136,24407,37641,49926,62104,75359,103150,162463,268471,452204,789305,1412488,2580033,5123539,10288796,19234671,34267407,58232347,85317961,109121233,123526762,113826252,85668212,50107931,26256215,12228140,5656272,2757232,1370689,712318,409948,254632,163490,108222,73695,51514,36850,26911"
unhcr_europe,2073,"0,0,0,0,0,0,0,0,4,180,1121,3449,11684,23732,36781,49097,61304,74454,101665,160191,264984,445611,776120,1389205,2532039,4994233,10008719,18787775,33544069,57287799,84468451,108376230,123137503,113880360,86170664,50608871,26548005,12393179,5746797,2807855,1399510,726906,417520,258363,165412,109274,74304,51895,37111,27106"
unhcr_europe,2074,"0,0,0,0,0,0,0,0,4,180,1116,3305,11330,23182,36127,48241,60233,73302,99729,156625,258837,435592,759917,1363227,2482602,4893786,9779639,18324959,32749527,55994942,83377508,107625493,123035851,114257855,86750300,51095449,26856474,12569842,5821629,2847925,1420357,732976,418724,259761,166688,110329,75148,52557,37657,27539"
unhcr_europe,2075,"0,0,0,0,0,0,0,0,4,157,1074,3209,10756,22467,35171,47335,59231,72007,97732,153648,255207,431175,751311,1345007,2453370,4829799,9642227,18038596,32193674,55111069,82633536,107097223,122643054,114090256,86933695,51435503,27058396,12701715,5890867,2883292,1439143,743509,424171,263246,169121,112065,76405,53487,38347,28057"
unhcr_europe,2076,"0,0,0,0,0,0,0,0,4,155,1064,3114,10451,21941,34453,46442,58219,70782,95761,150042,248393,418898,727410,1299086,2359325,4625150,9228041,17369189,31205809,53678498,81346639,106396781,122705951,114621200,87726303,52161584,27498469,12982977,6019192,2952397,1476579,760904,430411,266303,170663,112884,76878,53802,38570,28228"
unhcr_europe,2077,"0,0,0,0,0,0,0,0,0,145,986,2942,10206,21615,33987,45835,57495,69837,94409,148008,244725,412376,715183,1277419,2321300,4550045,9109111,17155591,30782199,53045690,80578095,105471140,121923397,114417242,88191866,52598614,27789177,13120359,6089883,2988086,1494159,769199,434074,268801,172413,114121,77783,54455,39063,28609"
unhcr_europe,2078,"0,0,0,0,0,0,0,0,0,143,982,2841,9770,20900,33130,44903,56570,68783,92681,144805,238884,403297,702568,1260805,2295257,4502601,8972366,16780486,29982446,51600407,79138711,104407290,121613034,114850004,88898572,53382998,28255367,13412696,6224779,3057250,1533029,788347,442203,273807,175838,116501,79487,55704,39977,29312"
unhcr_europe,2079,"0,0,0,0,0,0,0,0,0,143,973,2754,9553,20519,32670,44350,55879,67782,90503,141449,234245,396454,689856,1236490,2254272,4437184,8854920,16604257,29690262,51011368,78454133,103605920,120981333,114451943,89020379,53698274,28578174,13650351,6310982,3091444,1549156,796840,446562,277037,178228,118289,80832,56708,40757,29906"
unhcr_europe,2080,"0,0,0,0,0,0,0,0,0,142,956,2703,9008,19768,31672,43319,54738,66376,88420,138195,229236,386825,669805,1200329,2187843,4279466,8540954,16106949,28904441,49823516,77225338,102876201,120751558,114625469,89616801,54440903,29043210,13943135,6470854,3174931,1593873,822236,460296,284491,182722,121123,82665,57944,41617,30526"
unhcr_europe,2081,"0,0,0,0,0,0,0,0,0,140,931,2645,8755,19348,31098,42572,53806,65566,87152,135716,224672,379973,659751,1180075,2144724,4197971,8376436,15796682,28381068,49067378,76210595,101849995,120263653,114625387,90107419,55015984,29392080,14166555,6562596,3219969,1620064,835573,464991,286707,184131,122075,83330,58441,41992,30816"
unhcr_europe,2082,"0,0,0,0,0,0,0,0,0,139,926,2620,8660,19144,30737,42097,53200,64820,86189,134321,222287,375806,653767,1172809,2133826,4174641,8321428,15677383,28133274,48480191,75641151,101599617,120086851,114422424,89907206,54911071,29348648,14159516,6567606,3224657,1623869,838088,464917,287247,184825,122769,83958,58981,42447,31202"
unhcr_europe,2083,"0,0,0,0,0,0,0,0,0,139,871,2410,8257,18510,30053,41321,52410,63723,84204,131242,218144,370566,643191,1151274,2091215,4094927,8187368,15399369,27658098,47713099,74539307,100500698,119310569,114419924,90609523,55611502,29764075,14362217,6672602,3276153,1649741,850543,470851,291462,187874,124968,85565,60185,43351,31890"
unhcr_europe,2084,"0,0,0,0,0,0,0,0,0,139,867,2389,8050,18140,29488,40631,51661,62921,82904,128477,212470,359414,622192,1113653,2015939,3927865,7842545,14834833,26820445,46531068,73323920,99890414,119244744,114832857,91188543,56282198,30159367,14628023,6800729,3344454,1690244,872999,480761,297002,191166,127041,86963,61160,44070,32439"
unhcr_europe,2085,"0,0,0,0,0,0,0,0,0,120,827,2306,7902,17839,29067,40035,50900,61946,81615,126652,209913,355830,616961,1105780,2010072,3928939,7836279,14794829,26695662,46202165,72744383,99163822,118612441,114510255,91117978,56336988,30250836,14713933,6852249,3372229,1705921,881645,485955,300675,193802,128952,88367,62205,44868,33038"
unhcr_europe,2086,"0,0,0,0,0,0,0,0,0,120,820,2271,7443,17170,28149,39092,49873,60810,79641,122968,203209,344728,599356,1073474,1945781,3799931,7605425,14400093,25949352,44946200,71162945,97732813,117942784,114592274,91965886,57572010,31110418,15297710,7109849,3487889,1764705,911305,497720,307378,198416,132171,90660,63857,46067,33935"
unhcr_europe,2087,"0,0,0,0,0,0,0,0,0,120,815,2253,7357,16974,27833,38647,49317,60133,78788,121786,201089,340551,592353,1063017,1928472,3769006,7552316,14310651,25801655,44599670,70695768,97395483,117642138,114310804,91712787,57439434,31070072,15300474,7130303,3506495,1778004,919579,501779,310232,200526,133766,91846,64761,46772,34492"
unhcr_europe,2088,"0,0,0,0,0,0,0,0,0,119,808,2200,7157,16606,27325,38126,48694,59302,77131,119271,197913,335612,581999,1039739,1884783,3685807,7401643,14052470,25458494,44119841,70106291,97082254,117557642,114280006,91664199,57444068,31090421,15309228,7138186,3510017,1780892,921438,502915,310434,200964,134256,92310,65172,47124,34798"
unhcr_europe,2089,"0,0,0,0,0,0,0,0,0,118,762,2074,6788,15979,26583,37184,47667,58333,75572,116145,192076,325172,560298,997793,1800610,3498654,7035315,13415436,24485661,42813445,68638921,95710500,116782675,114652334,92879998,58845463,31950340,15807885,7387766,3635214,1848552,956545,518286,318765,206062,137521,94502,66696,48211,35601"
unhcr_europe,2090,"0,0,0,0,0,0,0,0,0,118,741,2030,6675,15740,26217,36667,46973,57450,74395,114503,189707,321700,555061,988786,1784659,3467957,6976298,13277021,24185825,42266288,67828774,95020471,116297095,114526023,93087620,59091613,32135076,15922284,7446807,3662742,1862264,963056,520018,319758,206898,138242,95085,67180,48633,35942"
unhcr_europe,2091,"0,0,0,0,0,0,0,0,0,107,719,1975,6554,15497,25887,36192,46390,56748,73538,113336,188126,319744,552555,983702,1772536,3437803,6912965,13161553,24003801,41960904,67346946,94553645,115973462,114319466,92958363,59047444,32136132,15930300,7457149,3668418,1865443,964955,521596,321207,208172,139297,95954,67888,49192,36419"
unhcr_europe,2092,"0,0,0,0,0,0,0,0,0,105,714,1956,6415,15159,25343,35521,45720,56031,72552,111446,184180,312021,540293,966211,1747203,3400845,6836823,12996407,23671946,41373130,66543425,93689319,115419242,114287290,93097375,59408526,32402802,16136300,7570283,3722530,1900024,985385,528652,323521,209580,140221,96633,68418,49634,36769"
unhcr_europe,2093,"0,0,0,0,0,0,0,0,0,104,707,1936,6136,14778,24766,34941,44898,55105,71427,110024,182119,309101,535701,958226,1733339,3362263,6766004,12863807,23376284,40811569,65723346,92935391,114945295,114088972,93218638,59747734,32672605,16297955,7660379,3769184,1925018,998708,536314,327474,212368,142241,98107,69529,50459,37410"
unhcr_europe,2094,"0,0,0,0,0,0,0,0,0,104,703,1886,5973,14483,24383,34467,44325,54362,70201,107969,179082,303816,523982,934094,1692454,3269128,6558195,12510819,22921547,40227520,65058583,92452725,114893360,114232881,93331392,59899178,32778104,16367955,7706466,3798085,1942350,1008684,541850,330789,214540,143735,99190,70341,51102,37914"
unhcr_europe,2095,"0,0,0,0,0,0,0,0,0,102,699,1829,5758,14041,23894,33835,43625,53515,68760,105850,176282,300206,518326,925014,1673483,3230279,6491145,12386392,22628829,39588054,64189934,91319908,113955800,113992191,93633223,60532180,33281383,16729140,7873190,3871195,1978298,1027019,549806,335660,217967,146164,100953,71621,52049,38632"
unhcr_europe,2096,"0,0,0,0,0,0,0,0,0,106,695,1813,5647,13771,23428,33215,42918,52722,67681,103840,172703,294930,512008,914630,1650338,3184369,6402280,12220212,22270800,38987257,63268343,90319481,113330589,113960428,93875626,61007098,33656932,16993994,8012946,3933099,2012871,1045757,557795,339650,220742,148160,102400,72699,52870,39264"
unhcr_europe,2097,"0,0,0,0,0,0,0,0,0,90,629,1723,5529,13592,23130,32795,42380,52066,66673,102657,171667,294586,512095,912510,1637262,3137012,6307738,12057127,21992612,38541550,62586689,89551489,112629334,113691065,94080255,61408789,33946027,17149519,8093732,3974481,2034635,1056430,563026,341523,222193,149274,103266,73374,53399,39684"
unhcr_europe,2098,"0,0,0,0,0,0,0,0,0,90,625,1710,5410,13352,22771,32372,41866,51417,65574,100817,168782,289514,504668,905815,1638375,3150784,6324226,12046365,21909194,38289460,62123454,88917893,112055899,113405622,93904399,61395111,33994709,17199227,8137860,4006261,2056118,1070677,572537,347874,226783,152616,105739,75225,54795,40760"
unhcr_europe,2099,"0,0,0,0,0,0,0,0,0,89,615,1687,5309,13067,22299,31753,41080,50717,64747,99238,165824,284475,497459,894912,1616267,3104566,6224892,11847366,21538355,37713711,61299874,87990374,111440668,113346672,94128981,61842723,34363822,17440936,8268511,4061554,2086513,1087746,580250,351186,229046,154221,106894,76084,55446,41258"
unhcr_europe,2100,"0,0,0,0,0,0,0,0,0,87,609,1643,5150,12752,21921,31286,40496,49976,63491,97121,162716,279615,487797,874315,1581195,3023819,6037383,11523276,21106698,37117657,60628966,87524862,111341409,113435374,94252070,62003507,34479335,17521302,8322719,4094996,2106533,1100127,587122,354427,230875,155306,107601,76582,55818,41559"
unhcr_middle_east_north_africa,1800,"5,84,287,996,3218,8289,18821,40761,85000,164774,307499,558900,901950,1363822,1900025,2352717,2506862,2293535,1891803,1397204,929614,589952,357193,203496,113007,61266,32648,18219,10683,6289,3786,2369,1524,970,574,320,165,68,37,19,10,6,0,0,0,0,0,0,0,0"
unhcr_middle_east_north_africa,1801,"5,85,290,1000,3228,8317,18882,40893,85266,165281,308501,560836,905293,1369143,1907769,2362591,2517322,2302743,1898918,1402093,932657,591875,358467,204284,113495,61581,32808,18317,10740,6323,3803,2382,1530,973,581,323,166,68,37,19,10,6,0,0,0,0,0,0,0,0"
unhcr_middle_east_north_africa,1802,"5,85,292,1001,3241,8347,18942,41001,85454,165463,308003,559105,902166,1364732,1904522,2364791,2528746,2318087,1915686,1416509,941931,597572,361762,206330,114623,62201,33137,18473,10839,6383,3844,2403,1543,983,590,329,169,68,37,19,10,6,0,0,0,0,0,0,0,0"
unhcr_middle_east_north_africa,1803,"5,85,292,1002,3249,8372,19002,41131,85730,165984,309024,561069,905550,1370123,1912367,2374805,2539408,2327488,1923031,1421628,945152,599518,362911,207000,114984,62406,33249,18532,10874,6406,3858,2411,1548,988,590,329,170,68,37,19,10,6,0,0,0,0,0,0,0,0"
unhcr_middle_east_north_africa,1804,"5,86,292,1007,3262,8397,19063,41260,85993,166496,310020,562983,908818,1375304,1919980,2384602,2549947,2336970,1930681,1427091,948649,601634,364177,207743,115400,62627,33356,18597,10910,6428,3869,2421,1556,995,591,331,170,68,38,19,10,6,0,0,0,0,0,0,0,0"
unhcr_middle_east_north_africa,1805,"5,86,293,1009,3269,8424,19125,41397,86265,167027,311047,564962,912223,1380678,1927726,2394374,2560167,2345794,1937495,1432208,952234,604203,366002,208839,116020,62970,33562,18709,10983,6471,3893,2434,1565,1000,592,335,170,69,38,19,10,6,0,0,0,0,0,0,0,0"
unhcr_middle_east_north_africa,1806,"5,86,293,1013,3281,8452,19187,41527,86526,167480,311786,565758,912203,1379865,1929110,2397389,2562954,2347855,1945630,1445838,964153,613787,373745,213369,118717,64509,34280,19093,11201,6588,3957,2474,1590,1014,607,340,175,71,40,20,10,7,0,0,0,0,0,0,0,0"
unhcr_middle_east_north_africa,1807,"5,88,294,957,3142,8140,18408,39676,83183,163240,307148,562671,911260,1379931,1936175,2410794,2580431,2365136,1957977,1454896,970502,617575,375884,214800,119556,64940,34510,19212,11272,6620,3972,2488,1600,1021,612,340,176,72,40,20,10,7,0,0,0,0,0,0,0,0"
unhcr_middle_east_north_africa,1808,"5,89,295,959,3152,8166,18464,39861,83962,165493,312302,573545,926316,1392956,1945613,2412903,2576990,2363311,1961047,1459212,974089,620310,377880,216249,120465,65511,34863,19424,11389,6691,4013,2511,1617,1031,617,342,179,72,40,20,10,7,0,0,0,0,0,0,0,0"
unhcr_middle_east_north_africa,1809,"5,89,297,962,3164,8191,18527,39989,84228,166015,313347,575583,929846,1398535,1953738,2423258,2587993,2373019,1968558,1464377,977277,622315,379198,217087,120971,65833,35030,19519,11450,6724,4031,2524,1623,1034,618,343,179,72,40,20,10,7,0,0,0,0,0,0,0,0"
unhcr_middle_east_north_africa,1810,"5,90,298,965,3172,8217,18578,40055,84182,165365,311173,572690,928520,1398166,1955324,2428541,2601751,2390254,1982781,1475590,985245,626867,381993,218603,121726,66246,35262,19639,11524,6770,4060,2542,1635,1042,621,346,181,73,41,20,10,7,0,0,0,0,0,0,0,0"
unhcr_middle_east_north_africa,1811,"5,90,299,970,3183,8243,18636,40178,84446,165892,312223,574746,932072,1403746,1963366,2438691,2612394,2399459,1989850,1480872,988966,629527,383896,219765,122384,66624,35474,19761,11599,6818,4084,2554,1644,1048,624,346,183,74,41,20,10,7,0,0,0,0,0,0,0,0"
unhcr_middle_east_north_africa,1812,"5,90,299,973,3191,8270,18696,40330,84789,166769,314813,580585,942287,1419374,1982876,2457080,2622637,2403260,1988094,1476906,986276,627774,382947,219076,122016,66415,35373,19737,11566,6792,4076,2549,1640,1045,620,344,179,74,42,20,10,7,0,0,0,0,0,0,0,0"
unhcr_middle_east_north_africa,1813,"5,90,299,976,3202,8295,18757,40460,85058,167281,315846,582634,945757,1424912,1991332,2469368,2636885,2415562,1995528,1480624,988297,628350,382953,219390,122278,66634,35555,19897,11694,6878,4135,2585,1660,1062,633,351,182,75,43,20,11,7,0,0,0,0,0,0,0,0"
unhcr_middle_east_north_africa,1814,"5,92,301,980,3214,8323,18817,40591,85332,167823,316916,584744,949414,1430707,1999774,2480135,2648347,2425702,2003442,1486103,991730,630393,384162,220094,122659,66843,35668,19961,11739,6906,4149,2596,1666,1066,635,352,182,75,43,20,11,7,0,0,0,0,0,0,0,0"
unhcr_middle_east_north_africa,1815,"5,92,301,980,3224,8349,18877,40722,85599,168356,317978,586840,953059,1436507,2008247,2490954,2659854,2435919,2011437,1491666,995231,632491,385416,220818,123060,67067,35789,20028,11786,6932,4158,2607,1672,1070,638,353,183,75,44,20,11,7,0,0,0,0,0,0,0,0"
unhcr_middle_east_north_africa,1816,"5,92,303,984,3233,8374,18938,40853,85861,168859,318859,588012,953841,1436536,2010198,2494360,2662581,2437478,2018167,1504618,1007478,642878,394138,226221,126273,68988,36724,20529,12074,7082,4240,2658,1706,1089,654,358,187,78,45,21,12,8,0,0,0,0,0,0,0,0"
unhcr_middle_east_north_africa,1817,"5,92,305,989,3242,8403,18999,40993,86169,169458,320004,590269,957759,1442884,2020143,2506430,2673267,2445569,2024724,1510242,1011629,645459,395576,227094,126708,69182,36840,20598,12110,7109,4255,2663,1719,1096,655,360,188,78,45,21,12,8,0,0,0,0,0,0,0,0"
unhcr_middle_east_north_africa,1818,"5,92,305,993,3256,8433,19059,41128,86444,170001,321103,592436,961509,1448838,2028824,2517498,2685035,2455974,2032858,1515881,1015160,647574,396830,227822,127102,69404,36958,20664,12155,7135,4276,2676,1726,1100,656,360,190,79,45,21,12,8,0,0,0,0,0,0,0,0"
unhcr_middle_east_north_africa,1819,"5,92,305,995,3263,8454,19118,41247,86691,170472,321998,594084,964093,1452730,2034777,2523950,2690515,2462430,2044112,1526055,1022308,653155,400583,229298,127606,69348,36749,20465,11989,7031,4210,2634,1697,1082,647,356,186,79,44,21,11,8,0,0,0,0,0,0,0,0"
unhcr_middle_east_north_africa,1820,"5,92,305,996,3273,8481,19171,41361,86907,170904,322886,595872,967237,1457745,2042151,2533434,2700708,2471548,2051356,1531231,1025618,655110,401751,229975,127959,69551,36859,20526,12039,7062,4223,2644,1704,1085,650,358,187,79,44,21,11,8,0,0,0,0,0,0,0,0"
unhcr_middle_east_north_africa,1821,"5,92,307,948,3139,8176,18416,39518,83372,165759,316106,588635,960952,1450877,2040961,2542165,2720563,2495222,2070050,1544765,1034414,660142,404370,231343,128481,69756,36952,20589,12093,7095,4238,2656,1723,1100,659,363,188,79,44,21,11,8,0,0,0,0,0,0,0,0"
unhcr_middle_east_north_africa,1822,"5,92,307,952,3146,8197,18468,39564,83216,164638,312352,581360,949146,1434397,2024895,2533855,2730650,2514512,2094047,1567717,1050958,671552,411617,236144,131274,71384,37903,21044,12351,7264,4338,2713,1756,1124,677,376,194,81,44,21,11,8,0,0,0,0,0,0,0,0"
unhcr_middle_east_north_africa,1823,"5,92,308,954,3155,8220,18503,39630,83326,164927,313168,583301,952921,1440241,2033342,2541003,2734880,2517628,2096616,1570283,1054184,673852,413553,237732,132451,72140,38369,21291,12460,7332,4377,2733,1759,1120,676,375,195,81,44,21,11,8,0,0,0,0,0,0,0,0"
unhcr_middle_east_north_africa,1824,"5,93,310,912,3029,7938,17809,37880,79816,159477,305033,571811,940158,1424198,2019964,2537517,2749087,2542795,2123123,1592950,1070941,684370,419575,241585,134599,73290,38977,21580,12630,7435,4431,2767,1785,1134,687,381,200,81,45,21,11,8,0,0,0,0,0,0,0,0"
unhcr_middle_east_north_africa,1825,"5,93,312,914,3036,7957,17853,37940,79865,159334,304448,570867,939988,1425070,2022203,2541557,2757063,2553156,2132286,1600243,1076368,687679,421575,242737,135188,73611,39160,21687,12686,7464,4454,2783,1791,1139,689,383,200,82,45,21,11,8,0,0,0,0,0,0,0,0"
unhcr_middle_east_north_africa,1826,"5,93,313,920,3047,7978,17893,38014,79993,159526,304764,571083,939123,1422157,2019783,2540515,2755557,2551043,2136321,1612470,1089305,698711,430932,248740,138742,75769,40246,22238,12989,7638,4548,2839,1823,1162,701,388,205,84,46,22,12,9,0,0,0,0,0,0,0,0"
unhcr_middle_east_north_africa,1827,"5,95,313,890,2927,7716,17261,36458,76924,155250,300362,567367,938517,1423127,2024286,2550810,2769187,2563597,2145833,1618252,1094237,702592,433544,250388,139822,76360,40584,22451,13113,7693,4581,2852,1830,1168,703,391,206,85,46,22,13,9,0,0,0,0,0,0,0,0"
unhcr_middle_east_north_africa,1828,"5,95,314,890,2934,7736,17307,36594,77334,156197,302232,570667,944040,1431480,2033532,2559907,2776235,2568548,2148100,1618276,1094280,702980,433977,250514,139961,76420,40632,22474,13121,7695,4574,2845,1821,1159,698,384,205,86,47,22,13,9,0,0,0,0,0,0,0,0"
unhcr_middle_east_north_africa,1829,"5,96,314,891,2943,7755,17344,36591,77211,155289,298072,560269,926520,1406145,2004265,2538514,2781557,2594183,2183264,1653331,1119148,718663,443127,256320,143180,78169,41583,22913,13370,7877,4686,2898,1862,1185,724,399,214,90,48,22,13,9,0,0,0,0,0,0,0,0"
unhcr_middle_east_north_africa,1830,"5,96,314,873,2829,7518,16762,35123,74104,150386,291849,552368,920441,1400471,2000492,2541711,2793124,2611983,2200514,1666355,1130479,726706,448133,259611,145216,79319,42277,23273,13551,7969,4739,2929,1884,1198,730,402,216,90,49,22,13,9,0,0,0,0,0,0,0,0"
unhcr_middle_east_north_africa,1831,"5,96,316,876,2838,7538,16805,35195,74223,150598,292241,553187,922017,1403116,2004838,2548167,2801271,2620002,2207482,1671705,1134092,729114,449737,260659,145867,79723,42493,23391,13617,8013,4768,2947,1895,1203,733,404,217,90,49,22,13,9,0,0,0,0,0,0,0,0"
unhcr_middle_east_north_africa,1832,"5,96,317,861,2733,7318,16275,33885,71467,146183,286709,545981,916749,1399127,2002766,2554096,2816090,2639530,2225123,1683018,1142816,734648,452657,262155,146589,79972,42581,23437,13639,8016,4759,2945,1894,1205,734,406,215,91,50,22,13,9,0,0,0,0,0,0,0,0"
unhcr_middle_east_north_africa,1833,"5,96,318,866,2742,7339,16324,33960,71584,146424,287224,547129,918901,1402631,2007993,2560958,2823756,2646544,2230828,1687518,1146317,737218,454615,263465,147336,80408,42831,23590,13737,8073,4788,2965,1905,1212,740,408,217,94,50,22,13,10,0,0,0,0,0,0,0,0"
unhcr_middle_east_north_africa,1834,"5,96,319,867,2750,7355,16363,34016,71634,146329,286255,544063,912678,1393033,1996811,2556256,2833334,2664988,2249905,1703554,1156361,743857,459029,266448,149177,81544,43555,23962,13947,8211,4876,3014,1941,1233,754,420,221,96,50,22,13,10,0,0,0,0,0,0,0,0"
unhcr_middle_east_north_africa,1835,"5,96,320,855,2657,7149,15874,32725,68683,140979,277246,528472,897186,1381817,1980058,2527708,2812282,2668831,2276214,1741864,1195823,777266,482468,280430,154040,82403,43781,23975,13883,8183,4857,2992,1910,1208,735,411,217,97,51,22,13,10,0,0,0,0,0,0,0,0"
unhcr_middle_east_north_africa,1836,"5,96,320,860,2664,7174,15913,32788,68737,140804,275922,524518,893326,1382285,1980153,2516841,2791775,2654939,2277183,1761548,1223131,801463,501661,292250,158916,84205,44447,24226,13939,8153,4819,2955,1874,1176,714,400,214,99,52,23,14,10,1,0,0,0,0,0,0,0"
unhcr_middle_east_north_africa,1837,"5,96,321,862,2670,7191,15956,32859,68858,141194,277104,527289,899048,1391932,1990909,2524790,2795503,2657455,2276688,1761295,1226510,804020,503672,293876,160232,85074,45017,24512,14038,8218,4886,2995,1879,1162,699,392,213,103,52,24,14,10,1,0,0,0,0,0,0,0"
unhcr_middle_east_north_africa,1838,"5,96,324,856,2587,7002,15516,31711,66127,136325,270632,519494,892741,1386973,1987968,2528886,2808034,2674819,2291266,1772582,1236792,812707,510048,297922,162935,86710,45933,24984,14227,8291,4914,3007,1875,1150,686,382,209,104,52,24,14,10,1,0,0,0,0,0,0,0"
unhcr_middle_east_north_africa,1839,"5,96,324,858,2595,7020,15555,31755,66180,136422,269903,516030,886110,1376484,1973766,2515030,2810805,2697634,2319621,1799041,1256402,824338,516926,301883,164781,87518,46263,25035,14204,8291,4910,2992,1853,1131,674,379,208,106,52,24,14,10,1,0,0,0,0,0,0,0"
unhcr_middle_east_north_africa,1840,"5,97,324,854,2519,6847,15158,30778,64044,133468,268124,517283,893272,1386890,1984189,2529475,2826271,2712612,2327586,1801860,1260629,827757,519435,304675,167054,89140,47385,25754,14610,8488,4996,3017,1860,1131,674,376,207,105,53,24,14,10,1,0,0,0,0,0,0,0"
unhcr_middle_east_north_africa,1841,"5,97,326,856,2528,6866,15193,30799,64014,133703,269894,520918,901059,1399658,2000074,2545337,2840612,2730893,2326701,1794286,1257944,823625,520402,314277,175784,95274,52327,29427,17070,10143,6075,3662,2215,1316,769,428,231,117,55,24,14,10,1,0,0,0,0,0,0,0"
unhcr_middle_east_north_africa,1842,"5,98,327,860,2536,6885,15236,30869,64140,134085,271338,522538,899013,1390452,1987267,2541503,2856295,2768060,2370146,1827983,1276597,833343,524298,315207,175641,94841,51917,29106,16780,9862,5855,3520,2133,1276,745,415,225,111,55,24,14,10,1,0,0,0,0,0,0,0"
unhcr_middle_east_north_africa,1843,"5,98,327,858,2471,6727,14867,29927,61909,130392,267175,515462,888252,1372828,1965896,2539163,2888961,2831735,2430896,1867254,1297878,841851,525525,315817,175750,94825,52077,29300,16910,9929,5868,3516,2122,1273,748,418,225,113,56,25,15,10,1,0,0,0,0,0,0,0"
unhcr_middle_east_north_africa,1844,"5,98,327,862,2480,6747,14897,29928,61896,130719,269093,519031,891431,1372007,1964296,2547307,2914491,2866378,2458580,1886403,1310715,849005,529576,320108,178911,97160,53970,30649,17738,10433,6156,3673,2213,1327,780,435,234,118,57,25,15,10,1,0,0,0,0,0,0,0"
unhcr_middle_east_north_africa,1845,"5,98,329,864,2491,6765,14930,29996,62042,130652,268506,518072,890954,1372936,1967946,2557296,2930523,2886018,2481078,1911913,1333158,865992,540778,327355,183407,99603,55129,31304,18145,10659,6272,3736,2255,1355,796,445,242,125,59,26,16,10,2,0,0,0,0,0,0,0"
unhcr_middle_east_north_africa,1846,"5,98,331,866,2433,6621,14591,29056,59589,125357,259200,504321,878378,1363480,1959093,2558704,2952059,2928911,2527345,1948416,1362122,886865,553941,335553,188189,102243,56669,32145,18544,10838,6361,3775,2276,1362,798,447,243,122,58,25,14,10,1,0,0,0,0,0,0,0"
unhcr_middle_east_north_africa,1847,"5,98,331,868,2438,6638,14625,29088,59550,125013,258202,501631,872821,1356206,1954794,2559384,2962672,2953332,2565615,1987337,1392968,906937,566335,343398,192576,103995,57283,32393,18684,10933,6426,3823,2308,1385,812,456,247,127,62,27,16,10,2,0,0,0,0,0,0,0"
unhcr_middle_east_north_africa,1848,"5,98,331,871,2437,6637,14620,29049,59416,124870,258287,502108,874416,1360209,1964300,2576014,2985957,2981309,2596310,2012962,1410114,917053,572201,345711,192922,103771,56870,32024,18435,10784,6341,3773,2278,1369,803,453,246,124,62,27,16,10,2,0,0,0,0,0,0,0"
unhcr_middle_east_north_africa,1849,"5,99,333,873,2390,6504,14317,28284,57481,120900,251299,491405,863284,1355286,1964015,2581946,3002894,3013620,2637985,2052548,1439184,938208,586234,353017,196518,104926,56902,31689,18141,10629,6275,3753,2274,1373,802,460,247,126,61,26,16,10,2,0,0,0,0,0,0,0"
unhcr_middle_east_north_africa,1850,"5,101,335,876,2398,6525,14368,28373,57644,120916,250284,493994,882341,1405976,2040138,2650488,3026569,2984232,2589456,2017574,1431549,944495,597977,363240,203881,109764,59839,33319,19131,11327,6763,4074,2465,1478,860,485,264,135,64,26,15,10,2,0,0,0,0,0,0,0"
unhcr_middle_east_north_africa,1851,"5,101,336,878,2354,6404,14095,27638,55626,115531,238113,471544,848866,1370204,2011110,2644545,3046838,3020875,2657961,2090011,1483671,985354,620873,367577,202617,107000,56430,30306,16978,9864,5817,3534,2196,1365,821,467,256,127,67,27,15,10,2,0,0,0,0,0,0,0"
unhcr_middle_east_north_africa,1852,"5,101,336,880,2355,6409,14100,27633,55603,115305,238387,474687,851131,1360905,2003339,2679478,3119930,3087640,2703748,2104879,1468214,962101,599552,353487,198311,107687,57479,31089,17759,10433,6149,3756,2399,1549,967,555,291,133,67,27,15,10,2,0,0,0,0,0,0,0"
unhcr_middle_east_north_africa,1853,"5,101,337,880,2360,6423,14155,27736,55786,115758,239894,478904,857434,1364839,2011133,2702830,3155580,3118621,2725118,2115515,1471575,959960,595841,351344,199033,109449,58687,31744,18154,10685,6300,3850,2467,1592,1002,576,300,135,67,27,16,10,2,0,0,0,0,0,0,0"
unhcr_middle_east_north_africa,1854,"5,101,337,881,2326,6309,13906,27065,53670,110310,228856,459295,826881,1324349,1963355,2667160,3161843,3168061,2794209,2186490,1529583,997538,617613,364437,206795,113572,60895,32719,18618,10984,6484,3950,2539,1661,1052,613,321,144,69,27,16,10,2,0,0,0,0,0,0,0"
unhcr_middle_east_north_africa,1855,"5,102,338,883,2330,6333,13957,27130,53728,110310,228339,457178,821178,1313605,1950686,2660061,3167096,3179542,2815934,2222261,1566059,1027178,639059,378103,214272,117562,62283,33056,18744,11035,6489,3966,2563,1682,1074,625,334,149,73,28,17,10,3,0,0,0,0,0,0,0"
unhcr_middle_east_north_africa,1856,"5,102,338,887,2330,6327,13951,27088,53599,109990,227165,453563,814024,1306583,1945547,2663495,3193122,3226022,2863441,2251412,1577234,1031926,642158,379892,215950,119011,62975,33247,18691,10819,6230,3756,2428,1603,1027,599,319,143,69,28,17,10,3,0,0,0,0,0,0,0"
unhcr_middle_east_north_africa,1857,"6,102,338,887,2308,6214,13714,26505,52073,106636,221475,445469,804533,1303025,1943195,2667409,3218365,3279960,2912190,2279700,1586528,1036360,642621,381514,218907,121900,65144,34754,19754,11538,6698,4031,2588,1701,1087,639,338,154,76,34,19,10,8,0,0,0,0,0,0,0"
unhcr_middle_east_north_africa,1858,"6,102,338,890,2311,6251,13813,26718,52563,107738,226126,471989,881155,1434794,2084431,2771492,3210360,3204171,2783158,2150796,1529904,1021357,645289,394749,235504,137904,78657,44278,25102,14113,7964,4623,2763,1659,983,567,317,172,96,38,22,11,10,7,0,0,0,0,0,0"
unhcr_middle_east_north_africa,1859,"6,102,339,890,2322,6300,13952,27018,53201,109676,232344,480319,879552,1400647,2029344,2751830,3262747,3311374,2865547,2191491,1537750,1014789,634115,387352,229713,133894,77654,44401,25208,14179,7956,4529,2638,1550,908,511,276,140,70,25,11,4,0,0,0,0,0,0,0,0"
unhcr_middle_east_north_africa,1860,"6,102,340,891,2305,6144,13623,26670,52810,109575,234863,491632,903545,1438447,2062721,2771913,3262549,3302778,2863718,2204554,1555369,1029436,642607,389610,229499,133029,76501,43346,24496,13715,7660,4387,2569,1517,878,481,249,113,49,8,0,0,0,0,0,0,0,0,0,0"
unhcr_middle_east_north_africa,1861,"6,102,340,893,2306,6142,13680,27107,54125,113023,243350,509966,935972,1482414,2116750,2819860,3288794,3315480,2863622,2192487,1539394,1011235,632062,383537,224893,130214,75373,42606,23813,13196,7279,4116,2405,1420,825,451,238,107,46,3,0,0,0,0,0,0,0,0,0,0"
unhcr_middle_east_north_africa,1862,"6,102,340,896,2294,6048,13476,26628,52870,109922,236799,498176,916551,1455888,2089757,2813513,3311752,3383906,2939176,2242636,1566196,1024960,644593,392500,228624,132117,76643,42779,23419,12847,6989,3869,2235,1316,773,423,222,101,41,4,0,0,0,0,0,0,0,0,0,0"
unhcr_middle_east_north_africa,1863,"7,102,340,896,2300,6063,13520,26736,53141,110534,237878,499892,916160,1444072,2068034,2801207,3327406,3421516,3007491,2300392,1595350,1038130,651305,394976,229445,132374,76840,42871,23260,12590,6780,3740,2149,1255,731,396,205,95,37,4,0,0,0,0,0,0,0,0,0,0"
unhcr_middle_east_north_africa,1864,"7,102,342,897,2303,6076,13568,26842,53391,111126,238450,498402,908289,1429932,2046539,2780870,3334126,3466446,3087566,2367524,1623753,1048435,658508,399841,232948,134522,77800,42832,22883,12245,6535,3577,2047,1201,700,379,200,89,34,6,0,0,0,0,0,0,0,0,0,0"
unhcr_middle_east_north_africa,1865,"7,102,343,899,2294,5973,13301,26168,51713,107387,229969,471483,841715,1342655,2004586,2788848,3395082,3543553,3175633,2450530,1688471,1087311,669652,404674,238356,135324,74651,39119,20233,10978,6056,3357,1898,1098,638,350,182,82,34,6,0,0,0,0,0,0,0,0,0,0"
unhcr_middle_east_north_africa,1866,"7,103,345,902,2297,5989,13346,26271,51976,107872,230538,473508,846849,1350429,2022068,2812425,3427520,3548679,3152827,2456948,1722088,1119289,690293,417959,247204,140732,76683,39711,20589,11135,6100,3369,1914,1111,656,359,192,87,35,7,0,0,0,0,0,0,0,0,0,0"
unhcr_middle_east_north_africa,1867,"7,103,345,903,2301,5999,13310,25669,50072,103342,219662,449398,807688,1311748,1993318,2805486,3445059,3564881,3175793,2492282,1770453,1173425,731875,455067,277141,159632,88249,47330,25718,14454,8111,4450,2417,1288,693,375,194,95,36,8,0,0,0,0,0,0,0,0,0,0"
unhcr_middle_east_north_africa,1868,"7,103,345,904,2298,5914,13114,25039,48257,98815,211456,438256,795741,1305648,1991184,2809526,3461625,3596045,3219227,2530905,1799986,1201868,755074,464790,281586,164773,92392,50313,27911,15868,8897,4900,2713,1508,834,464,251,127,59,22,8,0,0,0,0,0,0,0,0,0"
unhcr_middle_east_north_africa,1869,"7,103,346,906,2299,5907,13093,25002,48135,98689,212009,441105,802916,1318702,2009224,2832762,3487594,3618676,3238785,2547955,1814914,1214059,763894,470087,284824,166529,93017,50530,28019,15946,8936,4919,2716,1505,836,466,252,129,61,24,10,0,0,0,0,0,0,0,0,0"
unhcr_middle_east_north_africa,1870,"7,103,347,906,2299,5835,12916,24573,46890,95170,205066,431243,790452,1306174,2000810,2831801,3508942,3659211,3285832,2594214,1849918,1238287,779639,478842,289890,169570,94636,51299,28376,16149,9065,4982,2751,1527,857,478,262,135,63,24,10,0,0,0,0,0,0,0,0,0"
unhcr_middle_east_north_africa,1871,"7,103,347,910,2301,5833,12909,24537,46802,95018,203851,426654,780235,1287751,1973330,2812530,3509035,3681835,3320132,2641656,1899278,1280849,811330,500250,303033,177139,96944,51303,27977,15794,8816,4828,2657,1465,813,452,245,123,57,20,3,0,0,0,0,0,0,0,0,0"
unhcr_middle_east_north_africa,1872,"7,103,348,910,2304,5839,12916,24495,46592,94367,201500,419537,764448,1266773,1955069,2804702,3513369,3700431,3365281,2705066,1959181,1323120,832266,510041,307511,177469,94446,48710,26127,14645,8175,4462,2426,1314,717,392,207,99,39,12,0,0,0,0,0,0,0,0,0,0"
unhcr_middle_east_north_africa,1873,"7,103,348,912,2310,5784,12743,24026,45189,90374,192864,405775,744816,1237613,1916658,2772103,3518696,3746764,3440488,2788634,2025322,1367270,854337,516885,306708,174151,90392,45044,23247,12602,6941,3822,2153,1225,695,379,199,95,40,13,0,0,0,0,0,0,0,0,0,0"
unhcr_middle_east_north_africa,1874,"7,103,348,913,2319,5797,12766,24014,44899,88952,189509,400221,736757,1224431,1902295,2768820,3539744,3792439,3500459,2842297,2059720,1387178,863442,519432,305740,171634,87597,42729,21494,11393,6232,3468,2001,1173,684,376,199,95,40,13,0,0,0,0,0,0,0,0,0,0"
unhcr_middle_east_north_africa,1875,"7,103,350,917,2329,5748,12603,23582,43654,85585,181601,384029,708224,1183270,1842599,2703367,3501608,3815496,3573589,2942042,2148348,1453658,904844,543044,319776,180466,92577,44999,22430,11811,6452,3577,2060,1206,708,394,211,101,43,15,0,0,0,0,0,0,0,0,0,0"
unhcr_middle_east_north_africa,1876,"7,103,350,919,2338,5769,12635,23619,43623,85387,181083,383138,706921,1182510,1844717,2713876,3523610,3848886,3614055,2978298,2171233,1466429,910548,545450,321143,181105,92856,45140,22466,11823,6483,3605,2071,1217,713,400,211,101,43,14,0,0,0,0,0,0,0,0,0,0"
unhcr_middle_east_north_africa,1877,"7,103,350,919,2345,5794,12678,23666,43615,85234,180653,382394,706572,1184581,1851759,2730140,3551302,3886514,3653761,3008282,2188888,1473131,912670,546219,321953,181776,93410,45636,22776,11967,6550,3640,2092,1226,718,403,211,100,43,14,0,0,0,0,0,0,0,0,0,0"
unhcr_middle_east_north_africa,1878,"7,103,351,919,2356,5756,12543,23306,42567,82351,174500,372411,692720,1169838,1840728,2726438,3563895,3920627,3706137,3059621,2227184,1500212,930173,556310,327681,184823,94911,46333,23088,12102,6618,3670,2106,1234,722,406,215,102,44,15,0,0,0,0,0,0,0,0,0,0"
unhcr_middle_east_north_africa,1879,"7,105,353,919,2364,5787,12586,23347,42444,81253,170862,363791,677586,1145841,1805973,2693507,3558921,3959834,3775435,3137188,2285220,1536471,951731,565873,332654,188255,96759,47165,23546,12331,6814,3888,2293,1358,787,442,237,111,45,16,0,0,0,0,0,0,0,0,0,0"
unhcr_middle_east_north_africa,1880,"7,106,353,922,2374,5767,12487,23079,41665,79101,166020,354898,664671,1133827,1804652,2710972,3598293,4015305,3821417,3158394,2291040,1540430,963630,579029,344559,196944,102910,51188,25896,13606,7513,4278,2513,1500,878,494,264,125,54,17,0,0,0,0,0,0,0,0,0,0"
unhcr_middle_east_north_africa,1881,"7,106,353,928,2381,5795,12546,23211,41816,78706,163613,349009,657868,1129622,1803561,2709861,3606718,4055162,3884587,3219939,2335225,1561125,967233,576164,340963,194527,103434,52671,26822,14088,7833,4474,2624,1574,938,548,298,147,57,19,0,0,0,0,0,0,0,0,0,0"
unhcr_middle_east_north_africa,1882,"4,90,319,845,2186,5407,12028,22798,41639,79212,164091,347396,653545,1124817,1790878,2683721,3573287,4052590,3935711,3303436,2409959,1611286,992602,587069,345779,197282,105724,54621,27974,14659,8199,4700,2754,1654,1013,609,343,165,68,21,0,0,0,0,0,0,0,0,0,0"
unhcr_middle_east_north_africa,1883,"4,91,319,847,2197,5407,11958,22673,41148,77118,158608,337931,643107,1115655,1793688,2697591,3593267,4083847,3979956,3351795,2448798,1638892,1010756,597762,351710,200728,107863,55828,28640,14963,8320,4752,2767,1665,1023,620,352,171,71,22,0,0,0,0,0,0,0,0,0,0"
unhcr_middle_east_north_africa,1884,"4,92,321,847,2204,5434,12047,22882,41518,77589,158788,336631,638318,1107190,1783045,2689348,3595403,4105826,4027541,3408056,2496994,1676730,1035033,611660,359248,204651,109852,56782,29072,15082,8345,4746,2754,1655,1021,621,356,179,75,25,0,0,0,0,0,0,0,0,0,0"
unhcr_middle_east_north_africa,1885,"2,77,289,772,2027,5070,11569,22626,41375,77231,156773,332254,632760,1102063,1783505,2690585,3594785,4122738,4061614,3454133,2540853,1714356,1063414,630981,371073,211791,114444,59599,30554,15786,8692,4920,2841,1701,1054,643,370,189,78,27,0,0,0,0,0,0,0,0,0,0"
unhcr_middle_east_north_africa,1886,"2,77,289,775,2035,5107,11768,23208,42540,79107,159220,333588,630587,1096589,1765139,2657494,3577200,4135343,4103107,3522137,2603714,1763523,1097699,649095,380881,217583,118028,61655,31535,16189,8821,4947,2835,1693,1042,634,366,186,77,26,0,0,0,0,0,0,0,0,0,0"
unhcr_middle_east_north_africa,1887,"2,77,289,775,2030,5112,11928,23635,43223,79619,158851,331265,628136,1097441,1772056,2665713,3598934,4169603,4141129,3560655,2632854,1786365,1115356,661020,387695,221325,120567,63282,32394,16565,8972,5007,2859,1699,1047,632,367,185,77,27,0,0,0,0,0,0,0,0,0,0"
unhcr_middle_east_north_africa,1888,"2,77,290,776,2038,5121,11863,23447,42686,78090,155296,325267,620754,1088740,1767406,2670265,3614908,4205674,4193064,3614255,2676213,1814481,1133903,673031,394481,225064,122546,64259,32801,16706,9018,5016,2841,1690,1045,634,372,188,77,28,0,0,0,0,0,0,0,0,0,0"
unhcr_middle_east_north_africa,1889,"1,64,262,708,1871,4754,11252,22731,41864,77492,154363,322140,613467,1077322,1748509,2642239,3605448,4225823,4242362,3686883,2745830,1863066,1168466,692436,405615,231581,126383,66382,34018,17329,9290,5152,2917,1730,1056,641,370,188,78,30,0,0,0,0,0,0,0,0,0,0"
unhcr_middle_east_north_africa,1890,"1,64,262,708,1878,4767,11200,22535,41207,75265,148301,309826,595132,1051546,1721500,2620844,3602504,4262101,4311313,3770062,2820512,1913238,1201183,710977,416074,237139,129500,68060,34890,17796,9547,5280,2973,1759,1076,658,377,194,81,28,0,0,0,0,0,0,0,0,0,0"
unhcr_middle_east_north_africa,1891,"1,64,263,710,1886,4796,11264,22628,41270,74882,146762,306519,591212,1047611,1721802,2633688,3634343,4312036,4369474,3821287,2856010,1935064,1214668,719695,421203,240317,131241,69055,35461,18057,9657,5324,2986,1760,1076,655,372,192,81,25,0,0,0,0,0,0,0,0,0,0"
unhcr_middle_east_north_africa,1892,"0,52,236,647,1719,4419,10564,21580,39543,72228,142014,298944,583633,1040801,1721128,2645830,3660062,4357755,4428342,3881415,2904765,1965820,1234930,731887,428376,244236,133498,70188,36138,18467,9850,5405,3018,1772,1078,657,372,191,79,25,0,0,0,0,0,0,0,0,0,0"
unhcr_middle_east_north_africa,1893,"0,52,236,648,1722,4431,10524,21467,39340,71912,141314,295935,574960,1025541,1699631,2614805,3645237,4373794,4486032,3969747,2992617,2026788,1277853,755136,441166,251343,137432,72372,37386,19117,10141,5552,3100,1811,1095,665,374,192,80,27,0,0,0,0,0,0,0,0,0,0"
unhcr_middle_east_north_africa,1894,"0,52,236,649,1731,4454,10579,21567,39463,72039,141478,296076,574976,1025938,1702466,2625196,3667626,4409268,4534548,4022283,3036033,2060062,1302255,771977,451497,257633,140807,74014,38227,19520,10315,5651,3148,1836,1107,671,380,198,83,29,0,0,0,0,0,0,0,0,0,0"
unhcr_middle_east_north_africa,1895,"0,52,236,650,1737,4475,10516,21341,38802,70075,136292,285571,558651,1000182,1673835,2611352,3675294,4454517,4613582,4112339,3114412,2111224,1333678,789416,461702,263184,143872,75642,38989,19903,10513,5743,3188,1852,1119,680,386,203,84,29,0,0,0,0,0,0,0,0,0,0"
unhcr_middle_east_north_africa,1896,"0,41,210,593,1597,4156,9862,20276,37121,67907,133095,279649,548596,983628,1649326,2579898,3666327,4478030,4680354,4206351,3205369,2170308,1373918,812654,475760,272143,148938,78139,40265,20529,10750,5855,3249,1886,1135,681,383,198,83,30,0,0,0,0,0,0,0,0,0,0"
unhcr_middle_east_north_africa,1897,"0,42,211,594,1602,4181,9781,19895,36114,65665,128440,271152,535827,966151,1634779,2584755,3691822,4523389,4747487,4283060,3269236,2212112,1401623,828989,485209,277683,152039,79653,41019,20929,10949,5960,3291,1913,1140,690,385,199,83,28,1,0,0,0,0,0,0,0,0,0"
unhcr_middle_east_north_africa,1898,"0,42,211,595,1589,4151,9583,19217,34576,62741,123293,262159,524794,953991,1624800,2593866,3732744,4588805,4827420,4359371,3326589,2243233,1416692,835892,488344,279126,152355,79395,40801,20838,10903,5953,3308,1919,1151,691,382,200,83,28,1,0,0,0,0,0,0,0,0,0"
unhcr_middle_east_north_africa,1899,"0,32,188,541,1464,3862,9053,18388,33217,60649,119532,255378,515513,940502,1608158,2586167,3756589,4651961,4919285,4448898,3390779,2280731,1437629,849850,496813,284572,155083,80452,41159,20956,10908,5921,3268,1888,1130,682,377,196,81,28,1,0,0,0,0,0,0,0,0,0"
unhcr_middle_east_north_africa,1900,"0,32,188,544,1473,3896,9056,18304,32928,59764,117232,249824,504864,923169,1583937,2546923,3734312,4663334,4976932,4553399,3508673,2365266,1495609,883168,515179,295025,161404,83987,42938,21836,11287,6107,3370,1944,1158,694,382,199,81,27,2,0,0,0,0,0,0,0,0,0"
unhcr_middle_east_north_africa,1901,"0,32,189,547,1485,3935,9143,18398,32923,59497,116443,248249,501507,916609,1577327,2548083,3758349,4719371,5058765,4640502,3578644,2410274,1522147,899544,525724,301426,165073,85977,43842,22261,11511,6219,3426,1974,1179,697,392,199,81,26,2,0,0,0,0,0,0,0,0,0"
unhcr_middle_east_north_africa,1902,"0,32,192,553,1502,3983,9192,18364,32636,58535,113855,243324,494965,910108,1574388,2558115,3791390,4773401,5129881,4718980,3647245,2457903,1558241,925857,542400,311494,171127,89656,45809,23256,11935,6420,3529,2022,1181,680,370,191,77,26,2,0,0,0,0,0,0,0,0,0"
unhcr_middle_east_north_africa,1903,"0,24,170,504,1391,3733,8748,17742,31792,57362,111511,237792,485032,892520,1544953,2511006,3774680,4810364,5211868,4830182,3763259,2547019,1624854,971387,570200,327641,178445,91760,46263,23356,11793,6259,3437,1958,1118,626,331,169,66,24,2,0,0,0,0,0,0,0,0,0"
unhcr_middle_east_north_africa,1904,"0,25,172,512,1384,3727,8768,17726,31513,56527,110008,235214,480202,880624,1527099,2491850,3780666,4865731,5307436,4943369,3863144,2618681,1670798,998526,582723,333658,181065,92059,45758,22907,11476,6055,3298,1867,1068,601,322,162,61,25,3,0,0,0,0,0,0,0,0,0"
unhcr_middle_east_north_africa,1905,"0,25,176,515,1399,3774,8836,17787,31491,56168,108672,232086,475169,874264,1520963,2496108,3804197,4910862,5381468,5036805,3949781,2684021,1714957,1027603,600317,343911,186639,95093,47236,23582,11765,6163,3316,1859,1058,597,317,156,58,26,4,0,0,0,0,0,0,0,0,0"
unhcr_middle_east_north_africa,1906,"0,18,155,471,1295,3535,8411,17246,30831,55200,106591,227064,467935,864560,1512254,2495187,3826423,4966640,5468263,5136532,4040940,2750589,1756723,1053689,616772,353285,192002,98160,48727,24267,12022,6192,3253,1799,1020,583,312,155,61,27,4,0,0,0,0,0,0,0,0,0"
unhcr_middle_east_north_africa,1907,"0,18,156,477,1311,3582,8497,17334,30890,54956,105231,222612,457944,847639,1487889,2449366,3788841,4967055,5532276,5260678,4189813,2867446,1834714,1101016,642815,367758,200353,102939,51076,25400,12519,6409,3364,1846,1048,597,320,159,63,28,5,0,0,0,0,0,0,0,0,0"
unhcr_middle_east_north_africa,1908,"0,18,156,480,1325,3632,8612,17545,31180,55121,104513,220080,453517,842461,1483524,2455858,3819154,5028537,5623235,5360027,4270048,2921232,1870319,1125412,658561,377814,206397,106269,52791,26248,12868,6553,3430,1880,1060,604,324,159,64,28,6,0,0,0,0,0,0,0,0,0"
unhcr_middle_east_north_africa,1909,"0,12,137,439,1226,3400,8195,17029,30703,54782,104444,219744,453611,844802,1491772,2476097,3861598,5093071,5703584,5442799,4337336,2966320,1899015,1142674,668138,382777,208923,107543,53404,26514,12961,6586,3448,1887,1065,605,325,158,64,28,6,0,0,0,0,0,0,0,0,0"
unhcr_middle_east_north_africa,1910,"0,12,138,443,1214,3369,8146,16849,30262,53741,102293,214937,444867,832488,1472636,2434106,3820617,5086291,5753953,5549815,4475424,3080016,1973605,1188377,692905,396308,216817,112292,55843,27705,13474,6798,3549,1933,1091,615,329,160,65,29,6,0,0,0,0,0,0,0,0,0"
unhcr_middle_east_north_africa,1911,"0,12,139,444,1221,3398,8218,16983,30450,53936,102401,214328,440855,819924,1457784,2424636,3827053,5116654,5817804,5637666,4562655,3144720,2018130,1217640,712257,408394,223692,115955,57681,28596,13893,7002,3636,1974,1115,627,337,167,69,29,7,0,0,0,0,0,0,0,0,0"
unhcr_middle_east_north_africa,1912,"0,12,139,445,1225,3425,8265,16972,30312,53278,99906,208082,429820,804828,1434555,2405156,3829564,5147142,5887145,5730970,4653375,3215675,2063992,1246118,728209,417362,228555,118859,59287,29395,14250,7169,3708,2002,1125,634,342,167,71,29,7,0,0,0,0,0,0,0,0,0"
unhcr_middle_east_north_africa,1913,"0,7,120,402,1128,3190,7810,16314,29541,52365,98964,206476,427983,804511,1438463,2416909,3858580,5193338,5947452,5793356,4702459,3247283,2086182,1262510,741087,425792,233916,121760,60782,30095,14523,7254,3745,2013,1129,635,342,167,70,28,6,0,0,0,0,0,0,0,0,0"
unhcr_middle_east_north_africa,1914,"0,7,121,403,1130,3210,7859,16362,29427,51407,95372,197178,412870,780883,1404925,2379522,3837775,5209841,6007226,5888049,4810557,3334941,2145524,1298087,760932,436965,239350,124184,61855,30568,14772,7376,3797,2033,1147,643,353,174,75,30,7,0,0,0,0,0,0,0,0,0"
unhcr_middle_east_north_africa,1915,"0,4,103,363,1018,2929,7306,15498,28238,49368,91504,189021,400425,766553,1387746,2370972,3850608,5257731,6086195,5976538,4883118,3384618,2178496,1318773,773968,443431,242643,125399,62452,30807,14871,7403,3801,2032,1145,633,354,175,77,32,8,0,0,0,0,0,0,0,0,0"
unhcr_middle_east_north_africa,1916,"0,4,103,363,1021,2952,7338,15472,28041,48630,89080,182647,388600,747265,1357508,2337418,3831992,5264079,6137926,6067035,4991607,3476806,2238105,1354211,793128,453820,247495,127896,63754,31454,15250,7598,3877,2063,1166,648,370,182,83,32,9,0,0,0,0,0,0,0,0,0"
unhcr_middle_east_north_africa,1917,"0,2,86,327,940,2759,6931,14840,27264,47411,86593,176434,376589,728584,1327104,2304741,3813549,5281522,6207352,6168756,5093802,3554379,2288022,1384043,812596,464566,253469,130686,65208,32182,15606,7765,3943,2096,1183,660,380,189,86,32,11,0,0,0,0,0,0,0,0,0"
unhcr_middle_east_north_africa,1918,"0,2,86,327,942,2777,6986,14924,27276,46826,83245,166331,356463,699945,1286345,2262479,3792189,5310497,6297714,6287074,5206136,3639096,2339895,1413948,829381,474020,258438,133291,66573,32864,15963,7934,4009,2132,1204,679,390,195,92,33,13,0,0,0,0,0,0,0,0,0"
unhcr_middle_east_north_africa,1919,"0,1,71,296,867,2595,6610,14337,26564,45765,81579,162279,347836,686951,1271785,2254469,3801473,5343531,6363063,6374339,5290427,3699114,2381823,1442947,851440,487445,267091,137857,68892,33955,16430,8112,4100,2175,1223,686,394,198,93,33,15,0,0,0,0,0,0,0,0,0"
unhcr_middle_east_north_africa,1920,"0,1,73,296,848,2546,6537,14237,26339,45050,79280,156598,337189,672469,1254102,2274382,3867697,5432117,6472539,6463151,5331454,3723934,2398201,1452951,859610,493501,270399,139643,69928,34408,16646,8253,4143,2188,1236,693,403,204,98,32,16,0,0,0,0,0,0,0,0,0"
unhcr_middle_east_north_africa,1921,"0,0,59,265,781,2381,6189,13672,25645,43965,77365,151275,324579,652826,1227533,2247624,3855778,5447195,6538012,6566823,5445121,3817941,2463669,1493880,887475,509604,280297,144743,72670,35735,17214,8515,4260,2245,1260,710,414,216,107,35,20,0,0,0,0,0,0,0,0,0"
unhcr_middle_east_north_africa,1922,"0,0,46,239,718,2232,5868,13146,24995,42979,75463,146097,312492,635812,1205737,2226535,3855843,5483572,6629048,6689551,5555165,3895071,2511613,1522897,905753,520593,286765,148581,74705,36756,17638,8695,4349,2288,1282,729,418,217,108,36,20,0,0,0,0,0,0,0,0,0"
unhcr_middle_east_north_africa,1923,"0,0,35,212,661,2111,5581,12575,24182,41765,73607,142088,304098,622862,1183718,2202341,3849460,5495865,6685268,6786632,5672498,4004506,2590303,1571308,934893,535936,295232,152399,76805,37783,18124,8968,4460,2326,1303,745,431,225,113,39,20,1,0,0,0,0,0,0,0,0"
unhcr_middle_east_north_africa,1924,"0,0,26,188,587,1903,5153,11863,23195,40222,70684,134743,285669,587973,1128247,2138969,3799894,5483190,6740879,6914091,5828345,4143718,2693464,1639305,978319,563401,311146,161080,81089,39863,19130,9416,4664,2430,1356,772,448,236,121,42,22,2,0,0,0,0,0,0,0,0"
unhcr_middle_east_north_africa,1925,"0,0,26,189,589,1919,5206,11988,23358,40276,69974,131325,276039,571730,1112681,2129077,3812199,5525872,6829810,7029082,5929829,4218283,2745210,1670807,1000450,575444,318243,164359,82711,40641,19457,9542,4720,2451,1371,778,454,239,122,45,22,5,0,0,0,0,0,0,0,0"
unhcr_middle_east_north_africa,1926,"0,0,18,167,540,1818,4983,11551,22769,39521,68989,129064,270289,561324,1094587,2106651,3801242,5533653,6888788,7140113,6052267,4320863,2819338,1718019,1028863,592821,328121,169516,85338,41923,20084,9835,4844,2507,1398,801,466,250,127,50,22,6,0,0,0,0,0,0,0,0"
unhcr_middle_east_north_africa,1927,"0,0,12,146,496,1722,4754,11130,22184,38812,68051,127663,266745,553884,1084457,2145245,3877826,5613419,6966850,7200043,6086092,4360124,2857408,1748172,1056681,612745,340932,176728,88983,43690,20985,10242,5000,2573,1428,819,479,259,133,53,22,7,0,0,0,0,0,0,0,0"
unhcr_middle_east_north_africa,1928,"0,0,7,126,437,1552,4385,10488,21246,37478,65633,122208,252680,524894,1040287,2097366,3846199,5613711,7033449,7338614,6248709,4511092,2966481,1810064,1079708,617015,338879,172663,87137,42881,20574,10197,5008,2580,1445,833,499,274,141,58,25,9,0,0,0,0,0,0,0,0"
unhcr_middle_east_north_africa,1929,"0,0,4,107,400,1474,4190,10042,20518,36424,63729,118316,244026,509603,1016747,2072610,3843312,5632821,7090332,7436048,6363557,4613504,3046932,1868615,1122537,646930,357040,182830,92098,45398,21847,10720,5243,2664,1481,851,513,275,145,60,27,10,1,0,0,0,0,0,0,0"
unhcr_middle_east_north_africa,1930,"0,0,2,90,362,1403,4028,9674,19972,35767,62616,115633,236377,492227,985277,2030794,3816334,5637190,7155544,7563842,6509779,4743486,3149909,1934262,1157757,666334,366982,187226,94372,46627,22439,10986,5369,2708,1501,860,518,285,146,64,28,10,2,0,0,0,0,0,0,0"
unhcr_middle_east_north_africa,1931,"0,0,2,90,364,1419,4086,9795,20167,36025,62913,115561,234311,484636,966512,2009496,3809896,5649014,7198016,7656837,6632707,4865172,3250835,2006152,1202866,694391,383290,195511,98316,48714,23432,11448,5564,2793,1542,894,541,303,155,70,29,10,3,0,0,0,0,0,0,0"
unhcr_middle_east_north_africa,1932,"0,0,1,74,317,1274,3774,9212,19271,34813,60922,111883,224867,462522,932035,1974060,3790070,5654863,7256046,7792641,6801530,5011346,3360480,2081427,1245788,714888,393134,199175,100040,49755,23939,11720,5689,2847,1577,917,556,313,168,73,32,11,5,0,0,0,0,0,0,0"
unhcr_middle_east_north_africa,1933,"0,0,0,60,286,1215,3640,8918,18760,34133,59836,110159,220805,453233,914084,1954552,3788802,5674890,7306830,7888536,6928873,5137291,3467876,2163140,1302372,750959,413378,210294,105000,52257,25199,12356,6002,2959,1632,937,574,327,178,79,34,11,6,0,0,0,0,0,0,0"
unhcr_middle_east_north_africa,1934,"0,0,0,47,256,1162,3527,8646,18280,33510,58975,109263,218438,445486,900360,1986652,3843130,5727386,7351808,7930232,6973531,5211313,3554319,2240248,1378317,811421,453025,235493,117562,58096,28152,13651,6575,3217,1755,1002,601,347,184,89,35,11,7,0,0,0,0,0,0,0"
unhcr_middle_east_north_africa,1935,"0,0,0,36,229,1115,3427,8351,17687,32597,57324,106161,211747,432593,876995,1963760,3850023,5762820,7421829,8044986,7113208,5327846,3630418,2297104,1418986,853767,487942,259635,132549,65474,31797,15374,7240,3483,1884,1066,621,352,183,87,31,13,10,0,0,0,0,0,0,0"
unhcr_middle_east_north_africa,1936,"0,0,0,37,217,1048,3302,8197,17530,32333,56616,104263,206581,421228,855816,1936434,3844938,5787558,7491442,8174895,7276512,5488335,3760663,2376903,1456716,863506,487853,255749,128618,63954,30925,14839,7043,3395,1842,1041,616,355,189,89,31,14,10,1,0,0,0,0,0,0"
unhcr_middle_east_north_africa,1937,"0,0,0,27,193,1006,3213,7984,17133,31786,55888,103308,203927,412068,835040,1917309,3851892,5816711,7545873,8266494,7402053,5616060,3861291,2448085,1503209,906355,520415,277750,142101,70593,34156,16389,7665,3677,1986,1110,649,369,193,93,33,15,10,2,0,0,0,0,0,0"
unhcr_middle_east_north_africa,1938,"0,0,0,19,169,964,3137,7803,16767,31260,55183,101952,200455,402875,818349,1894033,3849594,5843184,7617082,8389874,7560336,5773808,4000313,2536062,1549766,917566,515578,269935,134776,67293,32488,15537,7399,3553,1911,1076,638,375,197,99,35,17,10,3,0,0,0,0,0,0"
unhcr_middle_east_north_africa,1939,"0,0,0,12,148,930,3077,7645,16427,30737,54531,101039,198435,397229,808182,1892362,3881101,5903724,7708695,8508166,7701771,5907926,4099397,2603656,1590436,944525,528161,276516,137131,68473,32999,15743,7504,3582,1924,1082,644,380,198,99,38,19,10,6,0,0,0,0,0,0"
unhcr_middle_east_north_africa,1940,"0,0,0,7,129,902,3024,7512,16110,30243,53923,99871,195820,389162,788761,1857151,3863613,5921291,7782155,8648928,7888299,6089220,4249570,2705988,1652900,976590,545198,284689,140592,69995,33599,15886,7489,3509,1839,1017,599,349,179,84,30,10,7,0,0,0,0,0,0,0"
unhcr_middle_east_north_africa,1941,"0,0,0,5,109,780,2785,7041,15255,28864,51544,95573,188219,376254,763233,1821441,3856349,5949758,7851640,8767467,8059318,6279701,4403473,2820740,1734669,1035585,580995,306664,151058,74976,36001,16904,7808,3589,1861,1010,584,343,172,77,23,10,1,0,0,0,0,0,0,0"
unhcr_middle_east_north_africa,1942,"0,0,0,3,91,666,2562,6633,14553,27787,49847,93216,184666,366696,749241,1875515,3939658,6048039,7949116,8836882,8130315,6394978,4519232,2928634,1824900,1104809,628583,337898,167544,82774,40012,18817,8555,3892,1999,1061,602,351,178,79,23,9,0,0,0,0,0,0,0,0"
unhcr_middle_east_north_africa,1943,"0,0,0,1,76,568,2341,6201,13774,26473,47543,88976,177536,355290,728244,1849080,3938255,6093606,8045834,8981969,8316949,6602946,4699998,3060504,1914279,1166374,662248,357699,176299,86348,41510,19346,8621,3788,1895,978,537,309,142,56,11,0,0,0,0,0,0,0,0,0"
unhcr_middle_east_north_africa,1944,"0,0,0,0,62,545,2316,6139,13566,26013,46786,87168,173685,346983,715025,1838352,3954354,6150052,8152721,9139413,8495220,6784530,4865408,3182767,2000628,1224730,696688,379249,186814,91367,44071,20578,9179,4036,2008,1033,568,327,158,64,12,0,0,0,0,0,0,0,0,0"
unhcr_middle_east_north_africa,1945,"0,0,0,0,49,455,2111,5773,12967,25064,45222,84520,169576,340811,708678,1852350,4017622,6266313,8320437,9331749,8660222,6918844,4980658,3269629,2065297,1269517,721862,394169,194390,94914,45806,21380,9497,4175,2081,1077,589,334,160,68,12,0,0,0,0,0,0,0,0,0"
unhcr_middle_east_north_africa,1946,"0,0,0,0,38,376,1913,5396,12287,23911,43137,80329,161722,327165,684975,1816858,3998071,6284221,8383564,9456919,8845487,7136326,5188727,3431140,2180268,1359907,783371,434003,218004,105873,51105,23980,10559,4573,2229,1141,619,340,163,71,14,0,0,0,0,0,0,0,0,0"
unhcr_middle_east_north_africa,1947,"0,0,0,0,28,355,1895,5365,12153,23532,42465,79010,159152,322798,679842,1832310,4063096,6397499,8548463,9652083,9018022,7265691,5291359,3514472,2240064,1414710,824758,461778,235457,114314,55321,26236,11623,5015,2434,1244,678,367,179,82,15,0,0,0,0,0,0,0,0,0"
unhcr_middle_east_north_africa,1948,"0,0,0,0,20,287,1706,5010,11525,22479,40540,75403,152610,313306,666651,1819967,4087739,6476253,8668202,9801187,9191225,7476522,5519764,3698842,2352407,1458655,834441,456997,227572,111201,54450,26122,12007,5253,2454,1260,712,410,214,102,30,7,0,0,0,0,0,0,0,0"
unhcr_middle_east_north_africa,1949,"0,0,0,0,14,228,1530,4691,11025,21704,39217,72874,147105,300795,642710,1811977,4123892,6565608,8821314,10021391,9453045,7722000,5704407,3822862,2410326,1478514,843794,456023,230912,112794,55311,26977,12457,5408,2506,1298,751,434,223,107,35,10,1,0,0,0,0,0,0,0"
unhcr_middle_east_north_africa,1950,"0,0,0,0,9,212,1527,4698,10936,21369,38426,71257,143537,294258,632094,1799524,4142646,6636957,8927254,10134287,9581802,7899257,5914773,4022076,2570626,1588985,921401,498053,255616,125122,61729,30425,14248,6249,2833,1446,824,470,244,121,42,11,3,0,0,0,0,0,0,0"
unhcr_middle_east_north_africa,1951,"0,0,0,0,4,114,1174,4011,9882,19865,36009,67056,135130,280401,613905,1803068,4185074,6736216,9127643,10412359,9840408,8040862,5972329,4025540,2602066,1672404,1060342,616255,337587,170891,80587,38611,17628,7274,3085,1464,775,427,211,93,28,2,0,0,0,0,0,0,0,0"
unhcr_middle_east_north_africa,1952,"0,0,0,0,2,81,1030,3718,9335,18974,34318,63161,125200,253043,538503,1701816,4068101,6604759,9014628,10432639,10138505,8536891,6425686,4359577,2817247,1824312,1162623,697002,381298,197656,92320,43982,19944,8141,3375,1578,813,444,219,104,25,2,0,0,0,0,0,0,0,0"
unhcr_middle_east_north_africa,1953,"0,0,0,0,0,54,726,3102,8297,17443,32168,59637,117967,236309,498187,1633845,3973192,6378570,8700516,10203460,10297094,9124264,7078266,4833515,3095466,1990886,1285689,821627,466961,254718,121600,57105,25928,10745,4399,2061,1040,560,277,132,34,6,0,0,0,0,0,0,0,0"
unhcr_middle_east_north_africa,1954,"0,0,0,0,0,32,581,2787,7626,16114,29652,54895,108730,220211,470844,1597347,3949707,6367659,8612771,10072345,10266905,9398266,7585815,5285182,3402151,2189289,1432280,916637,561782,310229,157510,72652,33622,14443,5947,2699,1379,723,369,173,49,11,0,0,0,0,0,0,0,0"
unhcr_middle_east_north_africa,1955,"0,0,0,0,0,24,475,2554,7259,15615,28879,53812,107313,222505,504909,1791002,4216123,6720084,9024576,10428250,10511262,9512393,7552832,5206285,3344916,2149553,1429121,931173,598678,333068,175545,79896,36763,15931,6551,2870,1448,734,370,167,52,9,0,0,0,0,0,0,0,0"
unhcr_middle_east_north_africa,1956,"0,0,0,0,0,10,297,2041,6215,13688,25294,45779,89283,185561,426835,1578413,4018377,6585347,8989189,10522309,10728780,9848458,8008347,5637048,3702727,2424617,1624099,1059024,666950,373245,193424,89546,41645,18256,7604,3377,1675,859,451,207,67,13,0,0,0,0,0,0,0,0"
unhcr_middle_east_north_africa,1957,"0,0,0,0,0,4,206,1793,5741,12815,23648,42145,81953,176260,420230,1479810,3933213,6583522,9192264,10915095,11151712,10117602,8197793,5802902,3843662,2531094,1704924,1118131,708981,400283,207689,96359,44973,19894,8299,3626,1784,894,462,210,68,14,0,0,0,0,0,0,0,0"
unhcr_middle_east_north_africa,1958,"0,0,0,0,0,2,113,1410,5027,11838,22457,39625,75483,155162,353209,1286563,3759405,6491088,9249482,11211546,11630419,10605074,8620184,6106652,4085896,2700044,1784689,1153924,665243,377121,184654,89537,42630,18853,8113,3603,1698,843,415,174,54,11,0,0,0,0,0,0,0,0"
unhcr_middle_east_north_africa,1959,"0,0,0,0,0,0,61,1204,4633,11209,21410,37237,70175,147830,354586,1201785,3591542,6286084,9171975,11276926,11740513,10736253,8918226,6541742,4467974,3009299,2025123,1359563,819497,476204,246268,119977,58147,26794,11939,5098,2304,1095,525,228,93,35,8,0,0,0,0,0,0,0"
unhcr_middle_east_north_africa,1960,"0,0,0,0,0,0,35,702,3576,9558,19305,33732,61586,124785,297796,1050676,3414788,6170546,9149397,11474222,12056041,11041544,9225772,6896700,4804100,3290616,2221418,1493842,904542,537178,289750,147288,72591,34225,15735,6983,3087,1450,647,283,118,58,22,10,0,0,0,0,0,0"
unhcr_middle_east_north_africa,1961,"0,0,0,0,0,0,47,458,2869,8484,18350,32999,58038,113518,257256,813237,3006236,5973562,9067639,11670814,12631437,11717082,9777930,7222965,4924001,3393600,2354199,1616073,1021778,619364,352466,185484,95436,46444,21319,9907,4491,2116,1023,498,236,123,57,21,10,0,0,0,0,0"
unhcr_middle_east_north_africa,1962,"0,0,0,0,0,0,0,194,2214,7029,14903,25874,47375,104323,253595,791057,3037077,6213442,9276011,12026553,13131462,12146641,9929289,7196576,4862136,3395783,2420549,1695641,1114406,694113,415406,232306,127235,64815,31030,14973,7001,3265,1594,795,389,190,93,35,12,2,0,0,0,0"
unhcr_middle_east_north_africa,1963,"0,0,0,0,0,0,0,285,2500,7344,14666,23630,39697,84031,198439,588136,2556591,5776923,9007403,11992230,13473859,12785604,10612948,7747131,5292274,3721091,2700733,1928045,1255729,784173,473699,276536,156726,81201,39600,18955,9055,4203,1974,924,423,208,99,44,8,0,0,0,0,0"
unhcr_middle_east_north_africa,1964,"0,0,0,0,0,0,0,7,401,2755,7794,15913,29812,66222,168972,472057,1915410,5144599,8475742,11747985,13794275,13483999,11354646,8508952,5843450,4133162,3048646,2201031,1465554,908926,562984,338666,203678,111179,55161,26148,12542,5858,2768,1257,577,272,126,54,19,0,0,0,0,0"
unhcr_middle_east_north_africa,1965,"0,0,0,0,0,0,0,7,208,1593,5506,12707,26197,60588,155261,437981,1723668,4926747,8353339,11743344,13993563,13828720,11738051,8898810,6140637,4373594,3305920,2475113,1729776,1072090,669880,405080,259116,156223,82646,39204,17246,7837,3557,1558,664,287,128,49,17,2,0,0,0,0"
unhcr_middle_east_north_africa,1966,"0,0,0,0,0,0,0,7,211,1444,5247,12467,26449,62019,158913,471772,2019391,5471475,9022253,12497431,14563234,14010550,11600678,8580798,5833121,4152227,3217786,2509220,1871987,1213889,782677,477226,306555,195036,117034,66007,33449,15016,5672,2245,879,355,152,59,21,4,0,0,0,0"
unhcr_middle_east_north_africa,1967,"0,0,0,0,0,0,0,8,219,1162,4467,10730,22577,53094,144819,459458,2160371,5656104,9286752,12799339,14805186,14245551,11905362,8818190,5977570,4250050,3316121,2630822,1994669,1317794,858990,528581,333252,205195,123710,77808,52755,34095,17842,7156,1745,465,203,81,30,4,0,0,0,0"
unhcr_middle_east_north_africa,1968,"0,0,0,0,0,0,0,8,225,825,3242,8368,18638,45874,121025,368491,1846330,5295380,8963727,12533118,14721564,14472018,12481310,9670825,6738206,4707365,3631115,2908706,2278782,1543637,1005232,622852,386582,238649,144123,91231,63606,45790,29011,14050,4926,857,306,125,44,16,1,0,0,0"
unhcr_middle_east_north_africa,1969,"0,0,0,0,0,0,0,2,195,848,3578,9123,18857,42354,109767,320021,1411683,4670440,8344313,12110371,14796892,15096536,13339645,10553573,7416088,5169043,3943491,3200607,2567997,1807314,1182132,734074,441490,260306,151845,94089,68925,55351,42641,26709,12070,3687,386,169,69,29,10,0,0,0"
unhcr_middle_east_north_africa,1970,"0,0,0,0,0,0,0,0,59,419,2150,6692,14786,31545,75073,213179,894084,3762136,7662317,11810836,15337380,16370869,14543176,11363010,7902810,5431437,4054646,3328901,2720909,1976978,1271666,792262,504325,339914,224241,143510,98983,74429,58823,41371,21939,8404,1639,307,139,66,29,7,0,0"
unhcr_middle_east_north_africa,1971,"0,0,0,0,0,0,0,0,2,207,1849,6536,14955,29641,62259,165989,731033,3479862,7587107,11769054,15652024,17128033,15397253,11920289,8141152,5423637,3943961,3283096,2816623,2273562,1567061,997778,635211,411283,269045,172074,117306,87776,68970,48394,25695,9847,1944,359,161,71,31,9,0,0"
unhcr_middle_east_north_africa,1972,"0,0,0,0,0,0,0,0,0,142,1777,6557,14962,28618,56990,138964,619688,3200844,7139536,11453449,15440025,17212359,15835256,12629440,8919694,6050043,4317214,3479524,2985859,2537314,1858142,1259201,813654,523042,333747,212209,141433,103714,80448,55955,29624,11296,2237,419,192,83,33,11,0,0"
unhcr_middle_east_north_africa,1973,"0,0,0,0,0,0,0,0,0,66,1944,7127,16178,30163,55642,130124,618216,3245223,7274425,11612317,15646035,17435438,16202324,13201845,9490876,6391903,4462977,3486998,2935927,2541683,1943542,1405403,948631,623343,392015,249444,169096,125750,96133,66140,34908,13410,2778,554,227,97,40,8,0,0"
unhcr_middle_east_north_africa,1974,"0,0,0,0,0,0,0,0,0,48,1172,5525,13743,26586,48674,104308,458389,2806661,6822155,11134689,15296260,17596049,16885054,14113100,10348999,6989588,4870706,3788050,3197856,2812068,2217631,1645660,1123331,726865,444122,278521,188407,143264,112731,82695,48263,20685,5599,823,321,114,52,17,0,0"
unhcr_middle_east_north_africa,1975,"0,0,0,0,0,0,0,0,0,33,677,4149,11438,23072,41977,85513,332316,2178205,6172298,10452165,14793052,17676309,17648033,15354999,11871542,8282868,5873872,4372911,3502268,2816861,2202686,1575654,1052558,653656,391782,248153,178048,140759,112032,78798,41916,16166,3239,575,220,85,34,9,0,0"
unhcr_middle_east_north_africa,1976,"0,0,0,0,0,0,0,0,0,0,320,3127,9785,20621,36253,65773,202149,1198657,4836084,9247912,13849348,17724849,18995015,17321434,14048053,10019634,6652468,4633930,3502047,2862725,2293078,1721948,1195901,767937,470374,302558,215514,168371,132287,92303,49074,19084,4039,819,309,112,52,15,0,0"
unhcr_middle_east_north_africa,1977,"0,0,0,0,0,0,0,0,0,0,223,3011,9823,20895,35572,59096,167378,829716,3858330,8463775,13343849,17978783,19997633,18385927,14824054,10742023,7401054,5345079,4010778,3257285,2579024,1942739,1351108,871983,535087,342672,245467,194033,156530,114510,65203,27288,6856,1119,419,146,65,26,1,0"
unhcr_middle_east_north_africa,1978,"0,0,0,0,0,0,0,0,0,0,706,4927,13569,25973,39817,59790,155768,696678,3180928,7776373,12723714,17550086,20127131,19102746,15962978,12169219,8482276,6069834,4478582,3562848,2770082,2050019,1411608,905179,554384,361760,265232,209496,161416,105306,51163,18044,2897,908,332,115,56,18,0,0"
unhcr_middle_east_north_africa,1979,"0,0,0,0,0,0,0,0,0,0,182,3087,10279,21837,35678,53333,127676,579745,2586466,7185902,12238561,17291685,20277219,19620717,16650573,13237848,9552856,6779911,4951193,3892101,3033387,2273115,1596206,1045244,645553,415057,300484,240038,194096,139969,77279,31161,7058,1198,443,149,63,26,1,0"
unhcr_middle_east_north_africa,1980,"0,0,0,0,0,0,0,0,0,0,313,3719,11635,23822,37500,55118,115029,492506,1912061,6275733,11497246,16918294,21000557,21273181,18149891,14227238,10126996,7208374,5346818,4235993,3307440,2423066,1658352,1079566,669027,435204,317567,260586,224955,182757,122220,59777,20883,6394,3097,1506,725,349,160,53"
unhcr_middle_east_north_africa,1981,"0,0,0,0,0,0,0,0,0,0,274,3570,11518,23950,37881,55121,133707,595129,2180306,6844589,12380441,18368778,22729926,22571441,18450507,13593959,9453728,6885862,5207875,4218118,3279765,2373648,1619804,1056603,661448,438463,327481,273876,237412,189861,121557,56562,18365,6195,2980,1438,690,331,141,43"
unhcr_middle_east_north_africa,1982,"0,0,0,0,0,0,0,0,0,0,585,4779,13786,26885,40909,58857,130996,577083,2023594,6588737,12366250,18626091,23472269,23841626,19760650,14556471,10200578,7254516,5540876,4333817,3213559,2209852,1437226,898896,557180,386231,307948,267877,227090,167549,91742,37855,11618,4763,2331,1136,550,264,107,29"
unhcr_middle_east_north_africa,1983,"0,0,0,0,0,0,0,0,0,0,436,4411,13425,26996,41624,59953,134125,590581,1943713,6435236,12569882,19282762,24684370,24896656,20362770,14803173,10466717,7718487,5966735,4720890,3456680,2245135,1351564,770824,462053,329456,276514,247218,207006,143646,70646,25166,7857,3863,1921,966,479,225,90,27"
unhcr_middle_east_north_africa,1984,"0,0,0,0,0,0,0,0,0,0,795,5704,15866,30222,45289,65135,133388,565788,1840446,6180795,12675894,19678091,25629401,26085617,21129029,15232111,10943807,8150960,6434521,5029452,3614919,2280740,1335818,748204,452051,327022,277506,252888,215555,148737,69496,20917,6712,3348,1690,866,441,206,75,23"
unhcr_middle_east_north_africa,1985,"0,0,0,0,0,0,0,0,0,0,848,5946,16433,31211,46673,68017,132169,510967,1745456,6070461,12726965,19853978,26150539,27043473,22047752,16085974,11699597,8906830,7083447,5384176,3653796,2150692,1201972,656557,408973,311948,279925,254270,205785,126984,54401,16452,6426,3232,1649,849,439,213,77,24"
unhcr_middle_east_north_africa,1986,"0,0,0,0,0,0,0,0,0,0,691,5553,15938,30962,47555,70653,135988,441389,1598869,6009603,12984232,20390622,26697954,27810909,23132828,16863835,12126592,9101064,7270434,5540986,3877857,2365192,1363956,778760,497922,377728,313733,249547,163549,73705,23442,8463,4385,2316,1245,675,364,179,67,9"
unhcr_middle_east_north_africa,1987,"0,0,0,0,0,0,0,0,0,0,717,5765,16547,32372,50965,77631,159597,516738,1743911,6271386,13574442,21050584,27589381,28841326,23853800,17265872,12341747,9368956,7468134,5694799,3889341,2324600,1318111,754501,492069,381803,324517,258074,162900,65474,17508,7811,4095,2201,1197,655,352,183,68,7"
unhcr_middle_east_north_africa,1988,"0,0,0,0,0,0,0,0,0,0,924,5879,15825,29738,45947,72065,145574,414873,1532758,5963881,13315344,21219028,28296776,29990879,25077416,18327988,13031993,9671625,7660371,5873126,4087867,2504496,1482326,863965,565786,429414,345148,255174,142476,48450,14671,7589,3999,2153,1181,647,360,175,73,6"
unhcr_middle_east_north_africa,1989,"0,0,0,0,0,0,0,0,0,0,699,4863,13351,25447,40362,65995,143546,432420,1559331,6067240,13913637,22163287,29295531,30840956,25966102,18921416,13412701,9605651,7618882,5940495,4143916,2555316,1500474,870534,572910,440876,363544,279583,167256,68561,20414,8904,4611,2446,1321,712,381,192,85,10"
unhcr_middle_east_north_africa,1990,"0,0,0,0,0,0,0,0,0,0,924,4994,12695,23156,36433,62735,147480,435053,1484169,5873062,13609121,21456566,28103765,30399457,27054129,20965577,14805210,10621694,8259499,6273367,4392793,2810312,1690012,997077,643307,488063,407987,328298,222738,105945,34673,11401,5750,2957,1558,829,433,209,91,20"
unhcr_middle_east_north_africa,1991,"0,0,0,0,0,0,0,0,0,0,595,3632,9648,18383,30291,55910,142762,472050,1639437,6496831,15282876,24548955,31320305,31128030,25489850,18510047,13732436,10132332,8045506,6358712,4620355,3027498,1891396,1162518,760866,571885,467576,364151,232430,98774,27603,11379,5740,2956,1551,823,440,230,93,19"
unhcr_middle_east_north_africa,1992,"0,0,0,0,0,0,0,0,0,0,594,3022,7668,14480,25285,53460,146242,447119,1527985,5994125,14872246,24423722,32129677,32404815,26644210,19392986,14087677,10434730,8558749,6772437,5043931,3335196,2107853,1315670,861999,638804,510622,386760,237400,101086,31459,13000,6548,3376,1772,938,504,269,115,19"
unhcr_middle_east_north_africa,1993,"0,0,0,0,0,0,0,0,0,0,113,1257,4081,8605,18201,51730,152754,476775,1567867,5948396,14904374,24546855,32469586,33522280,27779462,20295349,14568938,10737246,8687975,7033194,5427801,3662585,2303848,1429987,921812,673336,529968,394443,235708,91103,25261,11790,6054,3179,1699,919,499,276,122,19"
unhcr_middle_east_north_africa,1994,"0,0,0,0,0,0,0,0,0,41,545,2319,5534,10502,20413,51082,152802,461776,1548302,5671502,14937896,25192836,33557870,34464369,28635768,20989612,15017552,10965432,8889752,7267032,5644191,3844748,2433672,1505453,967618,703852,554011,414647,250606,106551,33128,13748,6972,3619,1914,1026,550,296,137,32"
unhcr_middle_east_north_africa,1995,"0,0,0,0,0,0,0,0,0,0,241,1737,5055,10329,20904,54579,154572,461034,1560015,5574342,15168023,25890321,34639925,35707159,29326165,21291302,15225395,11144828,9061358,7424584,5744031,3989863,2545764,1581919,1016449,736027,581647,439902,272935,118458,36718,14048,7148,3717,1974,1063,576,308,149,38"
unhcr_middle_east_north_africa,1996,"0,0,0,0,0,0,0,0,0,0,55,959,3577,8026,14503,39234,131630,384716,1305412,4828837,14381732,25592047,35180032,37053863,30815092,22625138,16080599,11779676,9417412,7757668,5931598,4154460,2679057,1663467,1073966,781077,619388,469337,288604,116770,31796,13374,6876,3624,1947,1063,578,314,158,40"
unhcr_middle_east_north_africa,1997,"0,0,0,0,0,0,0,0,0,0,49,1032,3722,8233,15239,43787,147156,429681,1392557,4630691,13480530,24472636,34292129,38123729,33157188,24334797,17203000,12458263,9870420,7979667,6133112,4312230,2787277,1754212,1147143,836318,663531,502097,308461,126068,34868,14679,7535,3951,2116,1156,632,337,172,58"
unhcr_middle_east_north_africa,1998,"0,0,0,0,0,0,0,0,0,0,80,1040,3412,7491,13191,38712,142638,418150,1270136,4003629,12111896,22634570,32414801,37857730,35104435,27271795,19702462,14047956,10759393,8503542,6493273,4577782,2981851,1909907,1264680,916972,703110,504968,282065,111655,35098,16310,8367,4372,2339,1277,703,378,188,74"
unhcr_middle_east_north_africa,1999,"0,0,0,0,0,0,0,0,0,3,249,1136,3260,7175,14655,38529,133965,420616,1217196,3886332,11599467,22323571,32426545,38397785,36138174,28383918,20896863,15014748,11480175,8995535,6804384,4689776,2992386,1893713,1269504,928041,710822,499920,264693,86454,26320,13622,7190,3867,2125,1188,674,359,183,74"
unhcr_middle_east_north_africa,2000,"0,0,0,0,0,0,0,0,0,9,148,845,2626,6920,15067,35396,127294,419329,1253099,3794941,11256593,22263775,32195338,38270037,36789847,29578312,22170518,15856951,11939831,9369387,7124588,5001366,3282112,2092602,1398348,1018546,786209,563991,312337,110000,31300,15481,8118,4332,2363,1314,741,403,208,81"
unhcr_middle_east_north_africa,2001,"0,0,0,0,0,0,0,0,0,11,92,607,2113,6497,15394,34175,118773,416762,1258253,4060288,11706993,23153299,33273773,38798512,37100480,29838174,22337120,16106203,12323806,9748157,7427363,5181687,3360355,2133081,1429886,1043967,786724,545221,277747,100106,31268,15611,8199,4393,2405,1342,756,419,211,90"
unhcr_middle_east_north_africa,2002,"0,0,0,0,0,0,0,0,0,5,65,991,3494,8844,18391,39081,123619,425293,1319728,4322632,12055311,24089496,34825127,40226999,38006025,30150415,22262507,16114446,12390540,9801000,7419981,5093820,3261158,2078607,1407134,1042369,794531,553824,280777,99765,30254,15128,7994,4299,2362,1324,744,415,213,94"
unhcr_middle_east_north_africa,2003,"0,0,0,0,0,0,0,0,0,3,46,339,1359,4585,13199,34403,115624,413290,1391617,4756785,12828088,25905472,38161577,43133463,38465610,28728727,20292801,14774843,11478625,9594669,7550287,5450218,3640251,2432943,1652097,1189872,886828,598808,295214,91780,33438,17148,8958,4781,2603,1446,803,454,238,109"
unhcr_middle_east_north_africa,2004,"0,0,0,0,0,0,0,0,0,1,27,621,2452,6214,13398,32231,103134,376652,1349042,4628444,12173870,24648641,36649686,41241607,38468219,30860340,22990204,16845074,12832415,10353120,8052450,5864213,3999608,2706129,1859970,1353810,1013142,703782,377294,127869,41442,21108,10961,5803,3137,1728,971,531,287,143"
unhcr_middle_east_north_africa,2005,"0,0,0,0,0,0,0,0,157,807,1815,2942,3691,5541,11688,29398,95968,359097,1320304,4619247,12216560,24799247,37425148,41919488,39002560,31680398,23581770,17289068,13247101,10727124,8326520,6124936,4311978,2972047,2051920,1483902,1094519,745734,386736,129364,45582,23165,12002,6332,3411,1878,1051,577,309,160"
unhcr_middle_east_north_africa,2006,"0,0,0,0,0,0,0,0,0,0,12,141,471,1433,6142,22100,83966,338118,1270600,4485552,12013989,24589520,37626328,42497886,39841279,32727102,24683722,18043410,13801388,11213898,8811979,6521654,4582532,3179404,2234675,1652953,1247303,890122,500054,199311,61637,27309,14068,7391,3957,2163,1210,673,358,191"
unhcr_middle_east_north_africa,2007,"0,0,0,0,0,0,0,0,0,0,48,268,643,1752,7599,24908,89246,357692,1308160,4498960,12024407,24609264,37915403,43044609,40873394,33962069,25483477,18593945,14338440,11653175,9316309,6893777,4845324,3395239,2433928,1842856,1417997,1020360,573321,225488,67368,29447,15189,7988,4296,2347,1306,727,394,213"
unhcr_middle_east_north_africa,2008,"0,0,0,0,0,0,0,0,0,0,106,401,808,1533,7611,28351,93344,370087,1329515,4402736,11513894,24384096,38253896,43813351,41617592,34860319,26634922,19505072,14890671,12204590,9842916,7389596,5268095,3763460,2734168,2099249,1633663,1184257,665800,260319,75967,32674,16709,8718,4638,2520,1393,766,415,231"
unhcr_middle_east_north_africa,2009,"0,0,0,0,0,0,0,0,0,2,118,393,759,1499,7511,29983,95543,355830,1187731,3819051,10278602,22256033,37404121,45644573,44327891,37489646,28515178,20806159,16046745,12986413,10406895,7936549,5750264,4123909,2955718,2086617,1356752,655090,236824,85956,43643,22875,12235,6672,3708,2084,1203,683,378,200"
unhcr_middle_east_north_africa,2010,"0,0,0,0,0,0,0,0,0,1,97,364,1319,2194,6709,28149,88388,326599,1082553,3393034,9601957,21583612,36516972,46059032,46022303,39297369,30234601,22077972,17126314,14123701,11444504,8640451,6234177,4384283,2986082,1815534,863937,337132,167135,82938,40788,21859,11997,6702,3801,2188,1276,727,414,232"
unhcr_middle_east_north_africa,2011,"0,0,0,0,0,0,0,0,0,2,76,243,595,2681,12107,46767,158999,479311,1395916,3773839,9523979,20774414,35881154,46982167,47897115,41326503,31705226,22672270,17017966,13752671,11107381,8723664,6459631,4681805,3257039,2120199,1096435,476872,219832,111748,53414,27027,14475,7910,4393,2483,1432,814,458,251"
unhcr_middle_east_north_africa,2012,"0,0,0,0,0,0,0,0,0,0,48,158,504,1884,13633,48983,147691,494301,1562651,4357314,9703367,19868204,36008550,47790185,48817850,41832839,32037910,23254815,17821239,14740179,12130109,9466866,6993098,4900616,3243832,1900343,909714,429626,227074,116620,56052,28795,15499,8486,4748,2695,1549,884,497,286"
unhcr_middle_east_north_africa,2013,"0,0,0,0,0,0,0,0,0,0,22,74,212,2347,13871,51815,225056,913547,2485549,5423483,10443218,20633929,37080192,47795682,48310691,41928838,32756312,24260989,18497233,14965496,12117421,9560921,7017369,4949089,3318425,1985208,947368,414706,219821,113521,54355,27925,14918,8134,4523,2558,1459,834,467,259"
unhcr_middle_east_north_africa,2014,"0,0,0,0,0,0,0,0,0,0,0,0,5,2474,16997,77743,431083,1300704,2890240,5938804,11252448,20975723,36457181,47336597,48851057,43352025,34405762,25175487,18785643,14951262,12190940,9535309,7129938,5214158,3556532,2149635,1060488,460348,234096,120528,58150,30080,15942,8617,4748,2670,1527,854,487,260"
unhcr_middle_east_north_africa,2015,"0,0,0,0,0,0,0,0,0,0,0,0,1619,13842,50261,179755,663992,1757294,3967826,7076016,12186959,20333813,34417771,45704157,50169600,44918515,35642992,25716785,19265692,15426753,12544676,9942543,7582641,5590729,3704534,2132404,1058476,486491,252036,130120,63211,32527,17098,9171,5026,2803,1584,895,510,273"
unhcr_middle_east_north_africa,2016,"0,0,0,0,0,0,0,0,0,0,0,29,3413,20313,74776,332122,1084208,2633214,5021239,8487457,13992320,21777582,35108126,44850472,47541087,43392825,36068926,26583481,19695166,15973124,13040680,10368623,8034741,5994893,3775514,2128398,1024682,489078,258027,132925,64476,33137,17404,9318,5104,2842,1601,912,516,272"
unhcr_middle_east_north_africa,2017,"0,0,0,0,0,0,0,0,0,0,0,33,5794,28393,95542,309759,896457,2545833,4950276,8540377,14088519,23387544,37777318,45189061,47147827,43658230,36156124,26932421,20230185,16444518,13348892,10667927,8333533,6249678,3805455,2063345,1008312,491713,255175,129976,63812,32951,17368,9340,5122,2858,1622,922,526,289"
unhcr_middle_east_north_africa,2018,"0,0,0,0,0,0,0,0,0,95,342,581,6816,31172,106720,339883,823929,2277795,4915047,8503082,13889595,23790079,39210019,46239324,47377626,44370410,36840480,27544338,20522506,16790051,13715414,11050114,8813959,6624248,3942779,2089124,1056736,540883,279546,144322,71890,37570,20159,11127,6328,3704,2222,1372,858,541"
unhcr_middle_east_north_africa,2019,"0,0,0,0,0,0,0,0,0,261,1756,3305,12155,39363,119336,360202,846455,2326071,4884800,8186545,13107135,22441997,38466700,48016352,50000906,46037012,38484655,28710831,21257939,17180006,13916270,11021300,8663602,6692783,4092088,2154932,1077436,544940,276379,141863,70958,37186,20015,11070,6312,3699,2228,1378,861,540"
unhcr_middle_east_north_africa,2020,"0,0,0,0,0,0,0,0,0,176,1731,4177,18068,57522,175898,512255,1284031,3237070,6055876,9912331,15213452,23924344,39017672,49737558,52659186,47399787,37630761,27004561,19661978,15849721,13043012,10358744,8224904,6433566,3912570,2029956,994187,485307,238761,120657,60445,31038,16263,8691,4745,2633,1485,842,470,248"
unhcr_middle_east_north_africa,2021,"0,0,0,0,0,0,0,0,0,77,758,3248,18078,60976,195339,564725,1434835,3470987,6247923,10047880,14989433,23534271,38147816,50229468,54157987,48230715,38451384,27834961,19895815,15836961,13072284,10584860,8559118,6704125,4183969,2223645,1120229,572674,290470,150324,74487,39066,21120,11799,6832,4101,2546,1631,1062,706"
unhcr_middle_east_north_africa,2022,"0,0,0,0,0,0,0,0,0,0,6,1735,17107,62648,202390,601357,1581094,3709824,6433236,10128089,14685060,22506568,37985579,50367628,55264931,49582559,39419756,28552150,20240050,15944637,13266028,10829742,8680622,7073409,4949764,2707055,1359554,671581,329388,166393,83424,43022,22781,12415,6985,4046,2420,1492,936,599"
unhcr_middle_east_north_africa,2023,"0,0,0,0,0,0,0,0,0,0,14,2609,21441,74716,242013,700621,1815115,4011480,6819340,10594320,14977624,22008576,37064565,51443482,57160968,50876596,40683243,29318446,20799140,16203399,13200717,10456696,8166142,6696465,5149542,2991975,1515438,727573,348185,167424,82840,42092,21830,11553,6247,3452,1927,1092,621,351"
unhcr_middle_east_north_africa,2024,"0,0,0,0,0,0,0,0,0,0,42,3717,25064,83911,270157,775373,2039244,4413286,7464478,11432231,15511463,22217339,37323485,51790777,57697683,51683654,41386309,29600292,21006404,16359499,13391349,10688057,8279273,6735568,5138637,3058748,1550471,741090,353777,169602,82707,41998,21775,11513,6232,3427,1917,1086,618,348"
unhcr_middle_east_north_africa,2025,"0,0,0,0,0,0,0,0,0,0,59,4967,29251,97367,316559,881259,2310050,4883458,8023119,11915027,15666082,21505622,37139382,51907643,58678437,52284943,42043343,30008438,21185317,16518502,13824838,11216190,8711349,7091494,5513475,3289267,1675865,801776,385475,183398,90273,45576,23483,12353,6640,3633,2024,1140,654,365"
unhcr_middle_east_north_africa,2026,"0,0,0,0,0,0,0,0,0,18,239,5933,34515,115176,353618,941389,2349911,4923427,8078821,11946216,15598375,20781894,35281504,51111221,59800015,54323253,43700063,31659901,22390016,17321065,14311918,11491147,8759268,6981470,5602258,3610515,1884204,904913,432895,200717,96098,48264,24880,13093,7036,3857,2146,1206,690,392"
unhcr_middle_east_north_africa,2027,"0,0,0,0,0,0,0,0,0,23,215,5780,34587,117694,362645,956598,2368601,4942783,8118917,11861752,15453149,20320775,33980434,50553307,60485041,56134325,45404006,33223603,23263647,17837483,14731088,11892404,9053624,7163662,5796034,3852613,2033928,981387,468640,217523,103168,51358,26462,13913,7474,4095,2286,1291,734,414"
unhcr_middle_east_north_africa,2028,"0,0,0,0,0,0,0,0,0,25,152,3949,27932,99869,322684,897630,2251310,4855789,8081505,11998928,15644843,19951120,32568357,49848335,60918908,57933839,47168658,34953968,24304545,18378754,15080383,12243731,9377845,7429613,6015681,4000062,2126805,1036473,501457,237031,114566,56541,29004,15190,8119,4438,2467,1386,782,446"
unhcr_middle_east_north_africa,2029,"0,0,0,0,0,0,0,0,0,5,79,3785,27201,95735,312221,880087,2236756,4853932,8117550,11888994,15358876,19213818,30213656,48471057,62038444,60911460,49247279,36472319,25324154,18951434,15510137,12701935,9815291,7758970,6250566,4138623,2204823,1078171,523364,249094,121537,59577,30482,15917,8482,4616,2558,1433,810,461"
unhcr_middle_east_north_africa,2030,"0,0,0,0,0,0,0,0,0,4,120,4059,28206,98270,318875,900056,2290092,4966644,8310940,12191670,15790314,19797679,30988516,49529937,63257674,61881233,49913508,36873278,25577771,19209784,15652149,12603473,9583428,7536778,6079199,4047770,2156682,1054184,511639,242206,116577,56962,29103,15176,8075,4392,2430,1358,767,435"
unhcr_middle_east_north_africa,2031,"0,0,0,0,0,0,0,0,0,2,158,3435,25719,90835,293923,847048,2151625,4797155,8172835,12097964,15875057,19808828,30095602,48716654,63404431,63694826,51454282,38340236,26619306,19845272,16138101,13054369,9991158,7825652,6275029,4155993,2215015,1085248,527799,251272,122318,59745,30447,15831,8399,4553,2512,1408,790,446"
unhcr_middle_east_north_africa,2032,"0,0,0,0,0,0,0,0,0,1,116,2717,23163,84388,271827,800816,2042234,4684990,8116306,12203662,16134475,19640361,28829746,47362059,62923568,65279977,53468937,40354245,28119109,20798957,16727597,13459556,10246506,7990305,6374293,4208658,2243858,1099214,534053,255043,125871,62011,31577,16417,8700,4714,2601,1450,818,464"
unhcr_middle_east_north_africa,2033,"0,0,0,0,0,0,0,0,0,1,113,2723,23514,85122,273639,804106,2045497,4688103,8149492,12174882,16110417,19584718,27941681,46256190,62826146,66853282,55389670,41993943,29328035,21591314,17214811,13780484,10412607,8038135,6434727,4367063,2352508,1154866,557769,264992,129766,63975,32589,16953,8990,4873,2690,1509,845,484"
unhcr_middle_east_north_africa,2034,"0,0,0,0,0,0,0,0,0,1,96,2067,20715,78127,249762,746805,1901216,4467441,7935556,11992576,16129476,19603868,27061870,44924607,62218376,68246540,57412434,43931711,30771682,22517214,17859401,14307717,10855437,8338955,6631679,4476397,2407971,1184309,573849,273947,134447,66337,33814,17596,9340,5061,2792,1568,882,501"
unhcr_middle_east_north_africa,2035,"0,0,0,0,0,0,0,0,0,0,79,1530,17996,71390,228272,693964,1772609,4248744,7715642,11814157,16219878,20010242,27249755,45078276,62044856,68560881,58491850,45426001,31963506,23317332,18402919,14718869,11183471,8545366,6745590,4534692,2437111,1196861,577961,275516,135631,67110,34311,17912,9538,5186,2871,1614,910,518"
unhcr_middle_east_north_africa,2036,"0,0,0,0,0,0,0,0,0,1,102,1722,18750,73574,234310,710814,1811690,4329021,7847729,11982602,16329747,19833600,26195513,43417424,61248541,69603044,60435743,47316948,33526579,24284155,19000656,15153381,11546066,8814958,6934717,4656264,2507495,1238047,601589,288828,143587,71118,36235,18843,9991,5419,2990,1677,948,537"
unhcr_middle_east_north_africa,2037,"0,0,0,0,0,0,0,0,0,0,81,1264,16256,67203,214412,659085,1689642,4098803,7605463,11758623,16266402,19887441,25675451,42176527,60760118,70711473,62620796,49356735,35219254,25264624,19570962,15513391,11797442,8977796,7034393,4706796,2533750,1249879,605676,290823,145202,72160,36896,19257,10257,5577,3079,1738,984,557"
unhcr_middle_east_north_africa,2038,"0,0,0,0,0,0,0,0,0,0,87,1260,16373,67800,216554,665466,1696838,4099390,7592427,11715170,16077181,19681417,25165983,40861877,60221254,71772422,64741149,51075563,36882394,26303178,20170881,15877498,11990381,9110411,7137887,4780942,2572916,1271473,615260,295582,148672,73936,37765,19698,10487,5695,3153,1771,1004,572"
unhcr_middle_east_north_africa,2039,"0,0,0,0,0,0,0,0,0,0,71,942,14115,62031,198088,614832,1582033,3865567,7338717,11492127,15960844,19670227,24709292,39380778,59251290,72174052,66733860,52987622,38675957,27443722,20942268,16556389,12575392,9521445,7402847,4933553,2644610,1308355,633568,304305,153827,76862,39241,20461,10882,5895,3265,1836,1041,593"
unhcr_middle_east_north_africa,2040,"0,0,0,0,0,0,0,0,0,0,52,765,11939,56171,181259,567444,1478875,3636957,7085798,11276369,15897485,19921739,24992551,39456068,59056257,71897488,67496754,54352556,40265884,28569341,21691989,17083361,12951886,9765388,7554658,5013639,2686497,1329753,644516,310155,157214,78752,40324,21076,11244,6113,3393,1914,1083,620"
unhcr_middle_east_north_africa,2041,"0,0,0,0,0,0,0,0,0,0,56,811,12252,57485,184778,577857,1505618,3697130,7192290,11418085,16006838,19857903,24372501,37824741,58135566,72465801,69430178,56283900,41913318,29686078,22369855,17516587,13252254,9956278,7657764,5059473,2705328,1338001,647875,311766,158506,79785,40869,21368,11412,6204,3444,1938,1103,630"
unhcr_middle_east_north_africa,2042,"0,0,0,0,0,0,0,0,0,0,38,695,10266,52269,170226,534254,1411052,3468870,6930722,11169420,15822478,19829185,24134754,36423741,56992090,72389511,71278508,58214186,43805318,30878620,23156768,18158944,13842045,10408553,7985050,5266335,2816567,1398160,680479,328674,168308,85096,43490,22680,12083,6556,3629,2038,1167,661"
unhcr_middle_east_north_africa,2043,"0,0,0,0,0,0,0,0,0,0,24,589,8403,47154,155833,491030,1318997,3239559,6654523,10892720,15579999,19740147,23917071,35078899,55789169,72252120,73243405,60350338,45908911,32335843,24134771,18811199,14264936,10673297,8129670,5333395,2844787,1409228,684291,328808,166454,84008,43159,22647,12128,6624,3679,2078,1189,675"
unhcr_middle_east_north_africa,2044,"0,0,0,0,0,0,0,0,0,0,24,527,8074,46664,155731,493924,1325283,3240618,6628668,10868229,15416701,19548153,23774531,34164463,54878751,72346118,75155585,62055426,47425901,33455037,24867524,19281702,14576266,10875608,8250537,5401955,2880444,1428223,693937,333756,169173,85474,43974,23093,12388,6758,3771,2126,1219,694"
unhcr_middle_east_north_africa,2045,"0,0,0,0,0,0,0,0,0,0,16,445,6546,42555,146042,461983,1253983,3041679,6373608,10605157,15242877,19635032,24086828,34169278,54731672,71808852,75311818,63019317,48863415,34640013,25687366,19999721,15244023,11376443,8588021,5597752,2970041,1470184,714129,342616,174067,88454,45520,23921,12821,7008,3902,2205,1269,723"
unhcr_middle_east_north_africa,2046,"0,0,0,0,0,0,0,0,0,0,12,376,5401,39325,137715,431706,1190871,2884009,6209175,10472230,15279974,19802869,23872606,32832046,53057890,71028758,76666744,65155123,51029620,36352294,26771686,20655033,15661372,11632511,8735970,5687996,3021586,1498926,730308,351487,179127,91164,46977,24709,13280,7256,4051,2288,1314,752"
unhcr_middle_east_north_africa,2047,"0,0,0,0,0,0,0,0,0,0,12,467,5693,40076,140023,438423,1203526,2892067,6192808,10443328,15127118,19537914,23583211,31643564,51331786,70153322,77850202,67339509,53249299,38219409,27950915,21343382,16049497,11857738,8855590,5752769,3054058,1515230,739142,356352,181813,92639,47783,25168,13535,7416,4133,2340,1344,774"
unhcr_middle_east_north_africa,2048,"0,0,0,0,0,0,0,0,0,0,8,417,4693,36251,130369,405005,1125748,2697792,5911161,10131626,14876253,19465584,23546965,30881952,49956109,69722122,79194584,69305374,54885546,39393184,28702064,21932237,16634648,12347790,9204632,5986479,3185675,1584578,774905,374606,191854,98291,50625,26624,14296,7820,4354,2465,1407,817"
unhcr_middle_east_north_africa,2049,"0,0,0,0,0,0,0,0,0,0,5,361,3821,32488,122220,378800,1061179,2525661,5630471,9816328,14639449,19485732,23880361,31260573,50258731,69743298,79425266,70069607,55854562,40542497,29497373,22493578,17048417,12615601,9357854,6076693,3230713,1606160,784943,379750,194513,99427,51268,26997,14513,7955,4427,2513,1438,833"
unhcr_middle_east_north_africa,2050,"0,0,0,0,0,0,0,0,0,0,3,332,3372,29747,116695,359968,1004938,2367548,5345624,9500716,14378926,19380133,23852149,30679548,48784074,68958649,80179948,72117156,57804935,42368153,30641682,23210846,17474625,12863779,9490965,6146109,3266831,1625905,795506,385045,197476,101073,52186,27524,14817,8125,4534,2570,1476,854"
unhcr_middle_east_north_africa,2051,"0,0,0,0,0,0,0,0,0,0,3,347,3447,29359,115474,358327,1007009,2370225,5331274,9452735,14283386,19075858,23495268,29869774,46903538,67708343,80399875,73944707,59662125,44247082,31847356,24060138,18155212,13391433,9867529,6390723,3401150,1697853,832723,404088,207491,106801,55055,28985,15580,8532,4748,2698,1545,895"
unhcr_middle_east_north_africa,2052,"0,0,0,0,0,0,0,0,0,0,1,268,2779,26155,107043,332764,946255,2242913,5112579,9251712,14154464,19170566,23455295,29046276,44862491,66399108,80550091,76042645,61808720,46372917,33227457,24937235,18696138,13720777,10041065,6470459,3437891,1713312,840100,407725,210005,108584,56071,29557,15906,8732,4867,2760,1579,920"
unhcr_middle_east_north_africa,2053,"0,0,0,0,0,0,0,0,0,0,0,202,2238,22056,93347,293661,858093,2079525,4819138,8934883,13896226,19106219,23684194,29314718,44844187,66083739,80036724,76663216,63135875,48037688,34377591,25685496,19152817,13988691,10195496,6552595,3479477,1732630,850349,413578,213415,110555,57188,30215,16283,8953,5007,2837,1631,946"
unhcr_middle_east_north_africa,2054,"0,0,0,0,0,0,0,0,0,0,6,265,2427,22090,91710,288891,852706,2072693,4797202,8869057,13803080,18833146,23407458,28973046,43519731,65328357,80854315,78549136,64461837,49120749,35252085,26339837,19679276,14377823,10445216,6679101,3532917,1751942,855653,413794,212419,109692,57066,30320,16440,9084,5100,2902,1678,976"
unhcr_middle_east_north_africa,2055,"0,0,0,0,0,0,0,0,0,0,5,200,2064,18888,82168,259568,776528,1922919,4492273,8513956,13457279,18587926,23316532,28681681,41910522,63876096,80332152,80081720,66263734,51113885,36695212,27391390,20487345,14976396,10852383,6937891,3678170,1827408,897086,435769,224313,116284,60286,31908,17237,9491,5307,3019,1735,1010"
unhcr_middle_east_north_africa,2056,"0,0,0,0,0,0,0,0,0,0,3,200,2035,16629,75334,238638,716057,1797007,4206588,8170709,13125850,18430060,23468528,29044772,41978735,63774966,79828256,80374367,67304007,52623655,37851274,28134845,20968477,15287293,11038638,7045223,3741809,1862589,916756,445777,229790,119240,61817,32731,17693,9744,5456,3104,1783,1036"
unhcr_middle_east_north_africa,2057,"0,0,0,0,0,0,0,0,0,0,2,148,1773,14014,67274,213999,646426,1658023,3905820,7801234,12710441,18085486,23305104,28795774,40481536,62275819,79218732,81843615,69270035,54805637,39553537,29269310,21716944,15760924,11326830,7189709,3801564,1884519,923575,446702,229423,119395,62207,33116,17982,9945,5599,3192,1841,1072"
unhcr_middle_east_north_africa,2058,"0,0,0,0,0,0,0,0,0,0,1,138,1745,14097,68085,215035,644754,1648292,3878933,7736634,12589309,17772329,22855853,28364137,39224242,60927531,78886755,83468719,71035117,56442145,40972472,30175690,22227000,16005003,11476293,7402059,3946483,1958373,955790,461672,235588,122717,64025,34125,18555,10269,5786,3304,1910,1111"
unhcr_middle_east_north_africa,2059,"0,0,0,0,0,0,0,0,0,0,1,127,1559,12146,62557,201015,602529,1559914,3664201,7496468,12368360,17823173,23205613,28648536,39090357,60595718,78150633,83146547,71732748,57664398,42117029,30996891,22922801,16559160,11844298,7620731,4061871,2012780,982774,475127,242070,125923,65629,34941,18980,10496,5908,3369,1940,1127"
unhcr_middle_east_north_africa,2060,"0,0,0,0,0,0,0,0,0,0,0,100,1294,9890,55261,181931,549042,1450369,3408056,7142343,11944003,17433777,22976188,28463000,38002834,59222699,77811704,84628321,73638663,59418913,43457748,31923809,23530330,16962573,12108971,7775303,4141129,2053315,1001846,484405,245406,128157,67046,35838,19529,10851,6121,3499,2024,1174"
unhcr_middle_east_north_africa,2061,"0,0,0,0,0,0,0,0,0,0,0,46,1015,8047,48950,163569,490837,1321902,3126959,6752452,11506985,17060664,22730484,28230090,36970016,57624645,77083264,85697764,75695250,61422989,45266772,33065186,24227973,17360476,12318637,7878858,4191926,2077153,1014332,491175,249222,130362,68323,36575,19969,11108,6270,3586,2075,1209"
unhcr_middle_east_north_africa,2062,"0,0,0,0,0,0,0,0,0,0,0,26,852,7512,47422,159949,483578,1308398,3094533,6688906,11420115,16986480,22623110,28320526,37113353,57610230,76752320,85501014,76306820,62346883,46477644,33864318,24730023,17646122,12479992,7968209,4236460,2093999,1018822,492129,249365,130658,68653,36853,20164,11230,6351,3638,2109,1232"
unhcr_middle_east_north_africa,2063,"0,0,0,0,0,0,0,0,0,0,0,17,716,6187,42305,145750,439054,1208355,2864509,6332840,10991972,16590960,22269787,27909661,36012029,55671662,75643769,86086212,78268982,64285938,48394087,35148735,25652343,18308702,12927262,8245443,4396451,2176362,1062821,515486,261597,137665,72157,38626,21094,11729,6624,3779,2189,1277"
unhcr_middle_east_north_africa,2064,"0,0,0,0,0,0,0,0,0,0,0,11,582,5116,37696,133328,399595,1117178,2661539,5988351,10580964,16197900,21932343,27566636,35110862,53738114,74491840,86565291,80328364,66330480,50420984,36450132,26495946,18821595,13227086,8414405,4475618,2216345,1083679,528249,268626,141555,74325,39850,21795,12132,6864,3920,2277,1327"
unhcr_middle_east_north_africa,2065,"0,0,0,0,0,0,0,0,0,0,0,9,442,4157,33107,120752,361381,1023548,2458171,5620736,10158891,15890433,21942906,27930418,35523121,53924363,74351573,86359682,80661328,67271489,51459888,37290573,27042731,19159824,13432689,8525500,4528806,2241171,1093330,533221,271493,143374,75446,40556,22232,12405,7028,4027,2338,1370"
unhcr_middle_east_north_africa,2066,"0,0,0,0,0,0,0,0,0,0,0,10,521,4745,35434,126352,370141,1039135,2482485,5654208,10191597,15854814,21789734,27564425,34669761,52040888,73413889,86828861,82484049,68682338,53025162,38308652,27685640,19516817,13610146,8611516,4574237,2263283,1103952,539146,274776,145278,76555,41209,22614,12627,7163,4108,2381,1394"
unhcr_middle_east_north_africa,2067,"0,0,0,0,0,0,0,0,0,0,0,6,405,3958,31166,115392,337169,954597,2301625,5292228,9755906,15386914,21378970,27247789,34079248,50168559,72113716,86787833,84339057,70716607,55213514,39807074,28611995,20032259,13877395,8750427,4640385,2293310,1117584,547430,280432,148921,78584,42364,23274,13002,7382,4241,2460,1435"
unhcr_middle_east_north_africa,2068,"0,0,0,0,0,0,0,0,0,0,0,7,320,3353,26985,104683,306605,873836,2133985,4939454,9331441,14931224,21003548,27022136,33997958,49879587,71747044,86121843,84668264,71767535,56663407,40978007,29539887,20759420,14392723,9079514,4824585,2389166,1166670,572623,292821,156117,82139,44143,24187,13486,7635,4380,2543,1479"
unhcr_middle_east_north_africa,2069,"0,0,0,0,0,0,0,0,0,0,0,5,227,2565,22151,92301,274568,792996,1971896,4586437,8888711,14409318,20556842,26742029,33702540,48616105,71082992,86924052,86607623,73234286,57932614,41945779,30163696,21101139,14583427,9186011,4879407,2414712,1177820,578724,296603,158319,83439,44917,24646,13761,7800,4478,2601,1517"
unhcr_middle_east_north_africa,2070,"0,0,0,0,0,0,0,0,0,0,0,5,150,2120,20411,86097,256420,757219,1922039,4513579,8772779,14236439,20186999,26205310,33052011,46775877,69668601,86591797,88201449,75144489,59952709,43393526,31041980,21572962,14816894,9301487,4933076,2440748,1188442,585166,300518,160659,84799,45713,25118,14040,7973,4575,2654,1557"
unhcr_middle_east_north_africa,2071,"0,0,0,0,0,0,0,0,0,0,0,5,112,1788,17210,77372,233173,690263,1781393,4188198,8356677,13789760,19967422,26248150,33257838,46662577,69258049,85689915,88073843,76091085,61472035,44778845,31962102,22154593,15151342,9478197,5021935,2482475,1206971,593929,305232,163424,86431,46691,25699,14381,8186,4705,2731,1600"
unhcr_middle_east_north_africa,2072,"0,0,0,0,0,0,0,0,0,0,0,4,84,1563,15082,70250,210684,622046,1643222,3877825,7941776,13260938,19496140,25835163,32744896,45205769,67898076,85360387,89499495,77805631,63256301,46485329,33102149,22837326,15504211,9640002,5083604,2497070,1204300,589452,302222,161371,85850,46637,25798,14513,8279,4779,2783,1633"
unhcr_middle_east_north_africa,2073,"0,0,0,0,0,0,0,0,0,0,0,4,68,1292,12396,62662,192044,566958,1521366,3591164,7547899,12791406,19207039,25788250,32868933,45205836,67870842,85061726,89541259,78515935,64192516,47192841,33776470,23415383,15950174,9949910,5270898,2597707,1256044,615079,315342,168957,89675,48598,26825,15063,8579,4946,2877,1690"
unhcr_middle_east_north_africa,2074,"0,0,0,0,0,0,0,0,0,0,0,4,57,1158,11237,58277,179338,521908,1421279,3370569,7249927,12447690,18913771,25627747,32413592,43503053,65934268,84188282,90480692,80367355,66212666,49036476,34931307,24121594,16324334,10136790,5363751,2642559,1276519,625201,320937,172217,91591,49723,27498,15459,8818,5086,2961,1735"
unhcr_middle_east_north_africa,2075,"0,0,0,0,0,0,0,0,0,0,0,3,71,1288,12120,61288,185969,533881,1436872,3376274,7217233,12316431,18583183,24976691,31603361,42109288,64194726,83555700,91631897,82135564,67764962,50643866,35944187,24731669,16661286,10317303,5456989,2689108,1298360,635438,326309,175204,93339,50764,28123,15835,9036,5221,3044,1785"
unhcr_middle_east_north_africa,2076,"0,0,0,0,0,0,0,0,0,0,0,3,55,1088,10464,55490,171706,490230,1330230,3124942,6820950,11844325,18249310,24893439,31733922,42112924,63830295,82656362,90853217,82863274,69197930,52259073,37014210,25397389,17024696,10507515,5554858,2736060,1319198,644492,331454,178248,95156,51857,28769,16220,9276,5368,3134,1837"
unhcr_middle_east_north_africa,2077,"0,0,0,0,0,0,0,0,0,0,0,3,42,878,8856,49953,157752,447140,1227022,2892066,6407769,11315763,17687068,24427707,31335640,41199709,62433659,82367115,92339624,84756073,70790598,53439307,37773728,25852562,17276628,10657350,5625324,2769470,1334047,651575,335381,180692,96767,52879,29411,16624,9519,5520,3218,1887"
unhcr_middle_east_north_africa,2078,"0,0,0,0,0,0,0,0,0,0,0,3,40,934,8412,46943,150381,420204,1146354,2703863,6047435,10881627,17281086,24175615,31267656,41304405,62319667,81959073,91822925,85170562,71456878,54582906,38720865,26616807,17798905,10985234,5830052,2872889,1386737,679628,350221,189430,101079,55039,30529,17199,9831,5683,3309,1943"
unhcr_middle_east_north_africa,2079,"0,0,0,0,0,0,0,0,0,0,0,2,33,907,7873,43800,142079,391874,1062058,2509915,5655698,10376811,16662942,23583729,30700045,40247261,60375203,80905311,92246023,87070675,73445135,56625502,40048577,27423609,18232552,11220099,5954978,2936326,1419795,694814,356520,193393,103546,56570,31452,17764,10174,5885,3442,2018"
unhcr_middle_east_north_africa,2080,"0,0,0,0,0,0,0,0,0,0,0,3,22,721,6776,38465,129376,357859,971619,2318964,5253668,9870262,16087036,23147130,30571630,40600269,60936829,81503109,92807123,87627789,73886154,57099851,40468728,27720784,18428784,11324726,6008351,2963201,1431406,700043,359205,194904,104421,57079,31761,17949,10283,5957,3482,2049"
unhcr_middle_east_north_africa,2081,"0,0,0,0,0,0,0,0,0,0,0,2,32,810,6836,37730,126845,354155,968112,2309654,5216786,9752465,15803950,22555113,29737531,39346022,58609344,80108339,92839765,89333797,75808403,59186222,41923732,28601714,18898801,11575087,6140201,3027089,1463184,715550,367610,199836,107310,58791,32764,18554,10645,6168,3615,2127"
unhcr_middle_east_north_africa,2082,"0,0,0,0,0,0,0,0,0,0,0,2,31,731,6323,33682,116599,327625,895029,2164532,4904697,9405935,15421865,22333765,29620663,39051455,58037044,79434528,91923671,89643526,77029686,60873076,43204643,29418540,19347570,11808366,6261510,3084047,1489956,725362,372727,202762,109062,59831,33397,18939,10868,6319,3698,2177"
unhcr_middle_east_north_africa,2083,"0,0,0,0,0,0,0,0,0,0,0,1,24,691,5852,30489,108607,307061,834794,2035961,4589728,8964244,14777572,21634590,28883360,38165065,56459562,78924742,93020677,91507498,78416602,62083854,44160695,30077946,19729781,12051834,6396964,3156416,1526786,741946,381016,207324,111751,61431,34345,19496,11211,6516,3816,2248"
unhcr_middle_east_north_africa,2084,"0,0,0,0,0,0,0,0,0,0,0,1,18,508,4896,26083,97634,286186,781831,1923002,4317443,8604081,14324926,21327219,28801570,38194035,56301278,78567692,92189833,91439989,79068537,63184835,45180120,30900820,20332051,12419235,6623113,3271357,1584800,771424,396104,216049,116183,63692,35510,20108,11540,6697,3923,2302"
unhcr_middle_east_north_africa,2085,"0,0,0,0,0,0,0,0,0,0,0,4,24,553,4847,24701,92944,272852,738044,1813702,4038909,8199325,13733873,20622925,28001014,37159755,54424028,77470139,92358262,93049807,80777180,65024030,46720650,31839056,20834110,12669634,6761011,3347171,1622851,788441,404562,220851,118921,65265,36426,20650,11855,6875,4028,2370"
unhcr_middle_east_north_africa,2086,"0,0,0,0,0,0,0,0,0,0,0,4,22,447,4242,21361,82440,247280,673944,1686765,3769649,7807869,13271477,20307125,27936443,37220696,54513759,77596844,92318458,93300343,81489491,65834867,47332605,32246755,21075245,12799837,6831177,3378992,1638449,796601,408758,223182,120267,66053,36892,20917,12018,6975,4085,2409"
unhcr_middle_east_north_africa,2087,"0,0,0,0,0,0,0,0,0,0,0,3,20,441,4179,21158,82534,247864,675938,1687198,3751268,7733659,13031971,19750617,26887388,35804524,52167006,75927626,91892952,94568049,83389766,67988140,49110247,33357817,21700869,13129728,7004969,3465656,1680240,815827,418528,228793,123611,68047,38084,21632,12447,7233,4241,2500"
unhcr_middle_east_north_africa,2088,"0,0,0,0,0,0,0,0,0,0,0,3,18,352,3544,18433,73899,224542,610749,1547900,3455239,7269435,12475695,19243578,26568361,35680064,52189513,75759883,91337583,94283049,83963774,69022123,50394610,34273030,22293995,13478423,7191195,3564417,1730063,836974,427403,233416,126332,69661,39053,22222,12792,7445,4368,2570"
unhcr_middle_east_north_africa,2089,"0,0,0,0,0,0,0,0,0,0,0,2,15,280,3159,17385,69485,211755,571319,1454867,3260829,6947633,12116848,18851016,26290513,35121664,50483811,74547571,91536019,95834114,85535255,70389982,51279872,34834169,22585069,13623714,7268707,3599541,1745797,844284,431820,235588,127737,70546,39597,22551,13005,7567,4445,2619"
unhcr_middle_east_north_africa,2090,"0,0,0,0,0,0,0,0,0,0,0,2,16,214,2718,14890,60370,188635,512900,1321979,2989353,6460376,11540912,18359635,26122564,35247479,50687475,74388014,90877791,95227377,85914713,71309190,52595580,35748808,23171830,13945712,7439047,3684811,1786774,861571,439027,239714,130143,71959,40443,23051,13298,7751,4547,2682"
unhcr_middle_east_north_africa,2091,"0,0,0,0,0,0,0,0,0,0,0,7,29,178,2290,12470,51862,166739,456895,1191882,2731344,5975037,10899300,17534787,25279752,34306273,48994370,73058760,90909596,96846073,87618728,72818824,53775290,36704234,23826462,14341082,7697493,3822458,1857406,898250,457628,250600,135921,74989,42061,23935,13792,8029,4710,2776"
unhcr_middle_east_north_africa,2092,"0,0,0,0,0,0,0,0,0,0,0,7,29,168,2175,11551,46434,151834,417869,1092255,2528766,5559624,10393377,17046360,25048338,34351328,49246043,73075672,90617214,96378371,88034204,73550834,54829395,37355291,24245604,14564772,7806861,3878459,1886113,911540,463717,253706,137693,76015,42650,24272,14002,8142,4773,2823"
unhcr_middle_east_north_africa,2093,"0,0,0,0,0,0,0,0,0,0,0,6,27,129,1899,10409,40971,136997,383700,1005987,2347377,5150308,9828635,16241249,24136678,33340516,47514619,71263932,89919221,97076100,89878750,75604135,56843874,38647961,25003018,14954902,8008164,3977427,1932089,933929,473855,259442,141051,77990,43824,24976,14411,8396,4935,2907"
unhcr_middle_east_north_africa,2094,"0,0,0,0,0,0,0,0,0,0,0,6,27,132,1899,10243,39952,133915,377242,993222,2321880,5095061,9711973,16140623,24115578,33412242,47773060,71443937,89886570,96923973,89890052,75719806,57113077,38913875,25198055,15073682,8076734,4011816,1949411,940159,475003,260140,141595,78370,44076,25132,14505,8457,4976,2937"
unhcr_middle_east_north_africa,2095,"0,0,0,0,0,0,0,0,0,0,0,4,26,101,1540,8951,34123,116867,333421,887234,2119865,4684672,9153501,15404642,23374410,32528855,46087398,69323154,88768029,97175627,91552389,77681555,59240588,40431226,26170596,15622223,8368169,4161744,2022689,974145,489995,268136,146290,81163,45736,26127,15100,8812,5182,3064"
unhcr_middle_east_north_africa,2096,"0,0,0,0,0,0,0,0,0,0,0,5,27,83,1353,8407,31675,107620,303597,804896,1962339,4359632,8766693,14977251,23125672,32593663,46251594,69559990,89088834,97515186,91897528,77949627,59479212,40637610,26332897,15714479,8429742,4195781,2040720,982921,493469,269957,147381,81817,46143,26370,15249,8900,5235,3101"
unhcr_middle_east_north_africa,2097,"0,0,0,0,0,0,0,0,0,0,0,5,27,69,1185,7485,27837,97092,280761,745706,1833891,4060259,8312130,14427254,22728109,32439647,46045173,69063332,88336363,96465764,92233917,79093216,60986936,41709649,26995217,16066186,8598512,4275228,2076080,998514,499457,273374,149361,82977,46819,26777,15495,9051,5320,3150"
unhcr_middle_east_north_africa,2098,"0,0,0,0,0,0,0,0,0,0,0,4,24,58,1034,6718,24670,87527,258092,687252,1703988,3764583,7807737,13647547,21742590,31292522,44544415,67299939,87791249,97284887,93945309,80611560,62629254,42900247,27739972,16462038,8809429,4386181,2132586,1024684,510548,279328,152913,85087,48084,27522,15941,9315,5489,3245"
unhcr_middle_east_north_africa,2099,"0,0,0,0,0,0,0,0,0,0,0,4,25,54,900,5862,20845,75694,238526,650655,1609236,3507463,7341387,13044317,21221210,31109864,44525721,67433920,87895071,97161853,94152779,81240876,63310561,43412919,28057705,16641964,8907246,4433738,2152975,1034973,516057,282160,154524,86042,48649,27858,16140,9433,5562,3289"
unhcr_middle_east_north_africa,2100,"0,0,0,0,0,0,0,0,0,0,0,3,22,49,788,5074,17408,64803,214530,598092,1489261,3239029,6841620,12272842,20185591,29934495,43087834,65561550,87175200,97776875,95588612,82535165,64878612,44762144,29015285,17214998,9248464,4618657,2248982,1083544,538118,293730,160748,89316,50409,28819,16675,9740,5727,3383"
unhcr_southern_africa,1800,"1,27,157,660,2057,4927,11003,28719,82227,241902,549896,910108,1300287,1626297,1786087,1787266,1681240,1498289,1242247,944978,663346,431213,262924,151925,84751,47196,27010,15240,8435,4703,2604,1449,816,453,228,113,48,20,10,7,0,0,0,0,0,0,0,0,0,0"
unhcr_southern_africa,1801,"0,27,155,653,2046,4903,10965,28666,82154,241886,550131,910876,1301860,1628999,1790136,1792517,1687260,1504260,1247577,949194,666301,433148,264134,152650,85185,47448,27153,15329,8496,4734,2624,1458,819,458,230,113,48,20,10,7,0,0,0,0,0,0,0,0,0,0"
unhcr_southern_africa,1802,"0,27,154,652,2035,4882,10925,28610,82110,241978,550690,912449,1305411,1635296,1799114,1802869,1698154,1512377,1250488,948446,663689,431186,262671,151697,84463,47152,27101,15351,8523,4759,2639,1467,825,458,232,115,49,21,10,7,0,0,0,0,0,0,0,0,0,0"
unhcr_southern_africa,1803,"0,27,154,649,2026,4856,10876,28511,81942,241539,549785,912044,1305935,1637371,1803435,1809119,1705540,1519549,1256680,953203,666961,433311,263983,152466,84919,47419,27257,15444,8580,4793,2655,1478,829,462,233,116,49,21,10,7,0,0,0,0,0,0,0,0,0,0"
unhcr_southern_africa,1804,"0,26,154,644,2016,4834,10840,28453,81873,241538,550041,912861,1307591,1640205,1807680,1814632,1711846,1525805,1262255,957597,670036,435328,265241,153222,85373,47683,27411,15539,8641,4833,2674,1491,834,466,235,116,50,21,10,7,0,0,0,0,0,0,0,0,0,0"
unhcr_southern_africa,1805,"0,26,152,641,2005,4811,10786,28357,81580,240863,548781,911614,1308980,1646114,1818017,1828223,1728431,1539446,1266989,955729,665340,431837,262903,151574,84027,47144,27309,15560,8678,4860,2690,1498,840,467,237,118,51,22,10,7,0,0,0,0,0,0,0,0,0,0"
unhcr_southern_africa,1806,"0,26,152,639,1995,4789,10748,28299,81522,240864,549058,912463,1310709,1649064,1822428,1833954,1734969,1545907,1272712,960231,668472,433891,264184,152339,84493,47411,27467,15658,8739,4892,2708,1508,847,469,240,119,51,22,11,8,0,0,0,0,0,0,0,0,0,0"
unhcr_southern_africa,1807,"0,25,150,635,1984,4766,10714,28232,81363,240503,548254,910649,1306051,1640666,1811873,1824354,1727639,1547295,1287471,980524,688422,447602,273288,158108,88320,49204,28177,15961,8885,4972,2750,1526,858,476,242,119,52,22,11,8,0,0,0,0,0,0,0,0,0,0"
unhcr_southern_africa,1808,"0,25,150,631,1974,4744,10680,28211,81480,241203,550534,916512,1319287,1663530,1841649,1856160,1756409,1560555,1276645,958318,664465,430982,262230,150832,83517,47169,27505,15751,8827,4946,2744,1527,859,477,246,119,53,23,11,8,0,0,0,0,0,0,0,0,0,0"
unhcr_southern_africa,1809,"0,25,150,626,1950,4662,10485,27852,80931,240412,549473,916519,1321874,1668751,1849216,1867273,1769563,1570600,1281201,959384,663943,430138,261640,150248,83160,47139,27592,15831,8883,4982,2763,1538,866,480,250,121,54,23,11,8,0,0,0,0,0,0,0,0,0,0"
unhcr_southern_africa,1810,"0,25,148,624,1941,4641,10448,27767,80707,239751,547899,912747,1313470,1654800,1832997,1851416,1759832,1574703,1302843,986987,688830,447249,272631,157467,87632,49069,28334,16154,9039,5067,2806,1564,878,488,251,121,55,23,11,8,0,0,0,0,0,0,0,0,0,0"
unhcr_southern_africa,1811,"0,25,146,620,1932,4622,10425,27853,81246,241696,552856,925567,1340435,1698338,1884493,1906537,1798880,1578259,1270163,940250,648789,419264,254824,145069,80554,46290,27368,15798,8902,5012,2791,1556,875,489,253,121,55,24,11,8,0,0,0,0,0,0,0,0,0,0"
unhcr_southern_africa,1812,"0,25,146,617,1921,4598,10369,27732,80831,240554,550319,920757,1334018,1691751,1879958,1905383,1804795,1591944,1287132,955291,659542,426337,259395,147958,81982,46937,27699,15988,9011,5074,2824,1572,883,492,257,122,57,25,11,8,0,0,0,0,0,0,0,0,0,0"
unhcr_southern_africa,1813,"0,25,145,613,1912,4580,10317,27165,77008,228228,524843,879754,1277710,1629658,1848562,1905676,1832612,1642207,1349833,1012408,697602,447354,272704,157495,87238,48558,28142,16070,8803,4753,2538,1366,737,390,184,76,29,4,0,0,0,0,0,0,0,0,0,0,0,0"
unhcr_southern_africa,1814,"0,25,144,610,1901,4555,10283,27119,76944,228217,525104,880610,1279514,1632824,1853444,1912154,1840155,1649753,1356579,1017730,701307,449777,274205,158399,87772,48861,28322,16179,8874,4793,2562,1379,744,392,187,77,30,4,0,0,0,0,0,0,0,0,0,0,0,0"
unhcr_southern_africa,1815,"0,25,144,609,1894,4536,10251,27132,77190,229377,528501,889394,1298062,1663151,1890380,1952159,1871490,1658780,1338121,987828,673541,430418,261883,149930,82701,46899,27716,15995,8816,4772,2558,1376,743,393,189,78,32,4,0,0,0,0,0,0,0,0,0,0,0,0"
unhcr_southern_africa,1816,"0,24,144,603,1882,4514,10211,27065,77058,229128,528163,888698,1296793,1661678,1890329,1953643,1876406,1667802,1349970,999327,681985,436104,265373,152228,83991,47493,27996,16150,8907,4824,2587,1389,752,397,191,81,32,5,0,0,0,0,0,0,0,0,0,0,0,0"
unhcr_southern_africa,1817,"0,23,144,602,1871,4492,10177,26985,76886,228698,527302,886711,1292526,1654908,1883110,1945396,1871360,1671267,1364174,1018625,700256,450518,275072,158790,87693,49232,28890,16681,9187,4958,2655,1422,772,407,198,83,34,5,0,0,0,0,0,0,0,0,0,0,0,0"
unhcr_southern_africa,1818,"0,23,143,598,1862,4470,10133,26871,76518,227629,524788,881700,1284624,1644760,1873482,1938591,1871351,1681541,1384967,1040537,718769,463023,283206,164102,90811,50627,29513,16986,9345,5046,2697,1445,787,414,201,84,35,5,0,0,0,0,0,0,0,0,0,0,0,0"
unhcr_southern_africa,1819,"0,23,142,592,1844,4403,9977,26682,76583,228800,527809,888720,1299509,1669473,1902102,1973531,1901304,1697161,1379711,1024103,702098,451010,275472,158710,87613,49561,29359,17075,9452,5116,2736,1470,801,421,207,87,36,6,0,0,0,0,0,0,0,0,0,0,0,0"
unhcr_southern_africa,1820,"0,23,142,590,1833,4383,9966,26745,76962,230281,531629,896165,1311745,1686505,1922018,1995163,1920414,1710104,1386088,1026073,702713,451041,275473,158480,87577,49689,29494,17190,9539,5164,2763,1484,806,428,212,89,36,6,0,0,0,0,0,0,0,0,0,0,0,0"
unhcr_southern_africa,1821,"0,23,140,588,1823,4366,9922,26583,76307,228254,527382,887487,1295720,1663253,1901693,1982926,1926328,1741247,1437767,1080043,744911,479222,293007,169996,94162,52468,30597,17700,9800,5303,2841,1528,830,441,217,90,39,6,0,0,0,0,0,0,0,0,0,0,0,0"
unhcr_southern_africa,1822,"0,23,140,581,1816,4349,9935,26739,77053,231023,534431,900632,1317249,1693509,1937494,2020630,1960443,1764704,1446003,1079360,740618,475677,290537,168102,92898,52071,30569,17756,9857,5347,2860,1539,844,446,218,95,40,7,0,0,0,0,0,0,0,0,0,0,0,0"
unhcr_southern_africa,1823,"0,23,140,581,1805,4333,9934,26857,77600,233243,540367,912119,1335617,1718712,1968717,2055324,1994647,1794426,1468643,1094694,749975,481211,293779,169941,93914,52612,30884,17950,9983,5423,2898,1563,854,454,225,96,41,7,0,0,0,0,0,0,0,0,0,0,0,0"
unhcr_southern_africa,1824,"0,18,119,511,1643,4137,9751,26770,78001,235544,546414,922187,1351277,1740538,1995687,2085969,2027619,1827142,1496732,1114930,763122,489266,298772,172927,95449,53376,31318,18219,10149,5515,2951,1586,863,464,225,97,43,7,0,0,0,0,0,0,0,0,0,0,0,0"
unhcr_southern_africa,1825,"0,18,118,505,1624,4038,9246,24941,72050,219031,527787,912520,1351979,1762495,2037568,2137331,2078076,1870796,1533244,1142301,781503,500566,305416,176940,97767,54488,31847,18502,10321,5615,2999,1617,885,464,229,101,42,8,0,0,0,0,0,0,0,0,0,0,0,0"
unhcr_southern_africa,1826,"0,18,117,503,1615,4025,9260,25124,72828,221932,535358,926137,1372802,1790381,2070718,2172906,2112812,1901280,1556753,1158477,791541,506586,308985,178995,98896,55098,32197,18728,10455,5688,3049,1646,899,471,236,102,43,9,0,0,0,0,0,0,0,0,0,0,0,0"
unhcr_southern_africa,1827,"0,18,115,501,1608,4011,9251,25194,73148,223320,539934,935441,1388088,1813577,2102469,2212588,2152097,1936143,1583867,1177259,803919,514392,313905,181901,100633,56071,32756,19097,10685,5826,3120,1689,921,492,245,107,47,9,0,0,0,0,0,0,0,0,0,0,0,0"
unhcr_southern_africa,1828,"0,18,115,498,1591,3953,9143,25146,73654,226020,547485,949313,1409620,1842644,2137194,2249971,2188633,1968291,1608756,1194471,814672,520858,317759,184122,101876,56736,33144,19337,10839,5910,3170,1714,936,500,246,109,46,10,0,0,0,0,0,0,0,0,0,0,0,0"
unhcr_southern_africa,1829,"0,18,112,493,1585,3944,9158,25305,74379,228793,554986,963080,1430840,1871278,2171578,2287877,2226326,2001775,1634974,1212757,826126,527796,321881,186502,103190,57446,33555,19593,10991,6000,3222,1743,954,504,251,114,46,11,0,0,0,0,0,0,0,0,0,0,0,0"
unhcr_southern_africa,1830,"0,18,111,492,1574,3933,9177,25504,75276,232116,563672,979186,1456554,1906891,2214095,2333502,2269420,2036003,1655844,1223594,830873,530132,323091,186914,103297,57679,33794,19788,11122,6077,3262,1768,967,517,254,114,48,13,0,0,0,0,0,0,0,0,0,0,0,0"
unhcr_southern_africa,1831,"0,18,111,490,1568,3922,9184,25681,76014,234888,571146,993570,1481286,1943559,2259307,2384779,2318348,2074089,1677749,1232298,833439,530594,323312,186560,102904,57743,34041,20009,11279,6168,3313,1791,980,520,260,118,49,13,0,0,0,0,0,0,0,0,0,0,0,0"
unhcr_southern_africa,1832,"0,18,110,487,1551,3828,8690,23867,70066,217306,548427,981101,1481647,1968704,2308915,2447768,2384627,2130710,1719500,1260766,851201,540904,329272,189819,104668,58704,34595,20346,11485,6287,3373,1834,1002,532,267,123,49,14,0,0,0,0,0,0,0,0,0,0,0,0"
unhcr_southern_africa,1833,"0,18,110,482,1543,3813,8685,23944,70437,218691,552665,990985,1499669,1997292,2349207,2499731,2436908,2174976,1749506,1277401,860364,545788,332194,191099,105406,59271,34991,20622,11670,6392,3440,1864,1027,546,273,125,49,17,0,0,0,0,0,0,0,0,0,0,0,0"
unhcr_southern_africa,1834,"0,18,110,480,1536,3803,8695,24114,71168,221477,560395,1005638,1522798,2029110,2387889,2542708,2479909,2213196,1779215,1297976,873275,553592,336847,193760,106877,60089,35470,20926,11860,6498,3499,1895,1037,555,280,127,51,18,0,0,0,0,0,0,0,0,0,0,0,0"
unhcr_southern_africa,1835,"0,18,109,479,1529,3790,8710,24287,71970,224495,568649,1021063,1546988,2062340,2428244,2586839,2523451,2251619,1808844,1318397,886075,561335,341480,196414,108348,60907,35959,21227,12042,6605,3554,1931,1060,570,285,131,52,20,0,0,0,0,0,0,0,0,0,0,0,0"
unhcr_southern_africa,1836,"0,18,109,477,1520,3780,8722,24465,72744,227402,576746,1036444,1571338,2095865,2469045,2631897,2568317,2291257,1839484,1339624,899440,569431,346335,199197,109881,61762,36464,21548,12238,6718,3614,1963,1080,578,289,132,52,20,0,0,0,0,0,0,0,0,0,0,0,0"
unhcr_southern_africa,1837,"0,18,109,472,1502,3730,8621,24431,73230,229986,584194,1050905,1595687,2131610,2513167,2681563,2617024,2332965,1870030,1358744,911262,576405,350696,201542,111158,62562,36992,21892,12456,6838,3678,1997,1099,583,297,137,54,21,1,0,0,0,0,0,0,0,0,0,0,0"
unhcr_southern_africa,1838,"0,13,92,412,1360,3545,8441,24331,73495,231593,589498,1061359,1612539,2156871,2548879,2729291,2669212,2382905,1910483,1386475,928690,586863,357048,205142,113149,63661,37608,22278,12690,6974,3756,2038,1121,604,309,142,53,22,1,0,0,0,0,0,0,0,0,0,0,0"
unhcr_southern_africa,1839,"0,13,91,409,1347,3452,7995,22599,67919,214507,566238,1050324,1615104,2187296,2608742,2804147,2743916,2444508,1955770,1416416,947117,597735,363309,208631,115075,64731,38238,22663,12929,7111,3825,2079,1145,613,314,148,54,23,1,0,0,0,0,0,0,0,0,0,0,0"
unhcr_southern_africa,1840,"0,12,91,408,1339,3441,8006,22759,68657,217331,574391,1066282,1640636,2222766,2652121,2851332,2789682,2484888,1988284,1440964,964773,610081,371360,213608,117829,66236,39157,23268,13271,7288,3926,2133,1173,630,320,149,56,23,2,0,0,0,0,0,0,0,0,0,0,0"
unhcr_southern_africa,1841,"0,12,91,406,1330,3431,8025,22971,69584,220575,582211,1080581,1663606,2256352,2690700,2900092,2840185,2533132,2027981,1467846,982495,620959,377726,217402,120124,67668,40132,23949,13718,7542,4051,2199,1216,650,335,155,60,27,2,0,0,0,0,0,0,0,0,0,0,0"
unhcr_southern_africa,1842,"0,12,90,403,1324,3423,8046,23188,70540,224084,592011,1100443,1696328,2302105,2745490,2959899,2895658,2575416,2055526,1483377,991693,626054,380675,218748,121044,68377,40634,24288,13929,7664,4127,2240,1236,665,340,160,60,27,2,0,0,0,0,0,0,0,0,0,0,0"
unhcr_southern_africa,1843,"0,12,89,401,1318,3413,8046,23284,71003,225689,596486,1111251,1718544,2336399,2790124,3013005,2953651,2628497,2096654,1511780,1010670,637467,387604,222627,123257,69671,41423,24792,14233,7838,4219,2294,1263,678,348,162,63,29,2,0,0,0,0,0,0,0,0,0,0,0"
unhcr_southern_africa,1844,"0,12,89,402,1318,3427,8107,23560,71902,228325,603925,1126671,1744402,2374055,2839807,3074957,3015672,2679733,2133769,1534257,1024435,645368,392229,225024,124816,70717,42072,25221,14509,7994,4307,2339,1296,696,361,171,65,30,3,0,0,0,0,0,0,0,0,0,0,0"
unhcr_southern_africa,1845,"0,12,87,398,1308,3340,7729,22023,67070,212817,582133,1122854,1761490,2424250,2924646,3173591,3104111,2737190,2166044,1550199,1033333,650117,394261,225800,125781,71555,42670,25617,14758,8138,4382,2386,1323,710,367,174,68,31,3,0,0,0,0,0,0,0,0,0,0,0"
unhcr_southern_africa,1846,"0,12,87,396,1302,3328,7759,22290,68219,216760,593372,1145738,1798702,2474914,2985866,3237747,3161445,2779915,2194520,1568020,1044187,656643,397816,227778,127171,72488,43277,26014,15012,8286,4464,2430,1341,722,370,176,69,31,4,0,0,0,0,0,0,0,0,0,0,0"
unhcr_southern_africa,1847,"0,12,86,394,1287,3285,7701,22376,69136,220486,604584,1168806,1836463,2526195,3048024,3302765,3219657,2823819,2224003,1587042,1055899,663748,401694,230074,128800,73571,43985,26470,15279,8440,4545,2476,1369,739,385,182,72,31,4,0,0,0,0,0,0,0,0,0,0,0"
unhcr_southern_africa,1848,"0,12,86,391,1283,3274,7690,22437,69539,222515,610954,1181552,1857607,2559015,3091001,3356228,3280381,2885437,2276407,1624650,1080403,678732,411062,235434,131565,75035,44823,26970,15586,8609,4645,2524,1399,754,389,183,74,32,5,0,0,0,0,0,0,0,0,0,0,0"
unhcr_southern_africa,1849,"0,12,86,390,1280,3270,7678,22458,69695,223376,613974,1187021,1867254,2577229,3118178,3393954,3329123,2942676,2330482,1666743,1108698,696708,422410,242314,135035,76718,45735,27510,15901,8784,4735,2580,1427,767,394,188,74,32,6,0,0,0,0,0,0,0,0,0,0,0"
unhcr_southern_africa,1850,"0,12,86,391,1282,3277,7676,22463,69655,223246,614164,1187188,1867117,2579628,3128017,3418656,3366956,2993297,2381921,1710126,1140413,717664,436315,250626,139655,79342,47154,28343,16432,9131,4935,2684,1484,803,419,201,80,34,7,0,0,0,0,0,0,0,0,0,0,0"
unhcr_southern_africa,1851,"0,12,86,391,1286,3287,7653,22224,68557,219947,606577,1167162,1829557,2529382,3080585,3380706,3369914,3057413,2478545,1807172,1208732,763144,464697,269613,148828,82945,48625,29019,16775,9303,5027,2733,1509,818,423,201,84,34,7,0,0,0,0,0,0,0,0,0,0,0"
unhcr_southern_africa,1852,"0,9,73,346,1173,3068,7137,20267,62342,199865,569322,1133700,1800657,2519708,3102489,3421502,3419816,3105372,2522231,1841700,1232533,778073,473451,274948,151742,84249,49226,29324,16931,9380,5067,2755,1520,824,426,202,84,34,7,0,0,0,0,0,0,0,0,0,0,0"
unhcr_southern_africa,1853,"0,9,74,351,1186,3097,7187,20291,62199,198997,566665,1126894,1786160,2496495,3075638,3395121,3405331,3114805,2558964,1886962,1272331,805464,490857,286387,158573,87120,50305,29772,17136,9484,5119,2781,1535,830,429,202,84,34,7,0,0,0,0,0,0,0,0,0,0,0"
unhcr_southern_africa,1854,"0,9,76,351,1197,3123,7238,20405,62490,199689,568021,1129484,1791742,2507660,3092139,3415686,3427377,3131170,2563980,1885752,1268078,801901,488020,284016,156738,86232,49912,29581,17050,9445,5106,2781,1536,833,428,203,84,34,7,0,0,0,0,0,0,0,0,0,0,0"
unhcr_southern_africa,1855,"0,9,77,356,1211,3152,7286,20427,62289,198565,564609,1122591,1780585,2490542,3072386,3398232,3421871,3144354,2595642,1922405,1301075,823716,502041,292874,162114,88609,50852,29974,17224,9535,5156,2810,1552,839,433,204,85,34,8,0,0,0,0,0,0,0,0,0,0,0"
unhcr_southern_africa,1856,"0,10,77,357,1217,3153,7235,20429,62639,199969,568323,1134193,1809606,2543062,3139646,3480439,3491065,3168446,2561559,1861207,1243482,783273,476396,275054,151341,84433,49510,29548,17099,9485,5132,2796,1549,840,435,208,86,34,8,0,0,0,0,0,0,0,0,0,0,0"
unhcr_southern_africa,1857,"0,11,77,363,1230,3182,7280,20357,62062,197576,561875,1117314,1774769,2488616,3078864,3419203,3456705,3185074,2630395,1946345,1314330,832057,506866,295701,163156,89196,51259,30263,17418,9650,5212,2838,1571,851,443,208,86,34,8,0,0,0,0,0,0,0,0,0,0,0"
unhcr_southern_africa,1858,"0,11,77,367,1241,3213,7335,20580,62819,200091,568340,1133323,1808090,2542435,3142990,3488560,3509187,3198011,2595969,1892384,1265882,798119,485389,280763,154262,85726,50122,29863,17260,9575,5176,2818,1563,846,438,208,87,34,8,0,0,0,0,0,0,0,0,0,0,0"
unhcr_southern_africa,1859,"0,11,78,368,1254,3180,7059,19069,57531,182050,531668,1097874,1774824,2524536,3154374,3517918,3549392,3239118,2634912,1923972,1287691,811966,493498,285764,156910,86875,50624,30113,17385,9635,5210,2835,1574,850,441,208,87,34,8,0,0,0,0,0,0,0,0,0,0,0"
unhcr_southern_africa,1860,"0,11,79,375,1266,3209,7116,19151,57662,182216,532082,1097919,1773665,2522348,3153317,3518099,3555290,3253764,2656798,1945978,1304457,823224,500336,290237,159322,87876,51031,30299,17473,9672,5235,2848,1580,853,443,207,87,34,8,0,0,0,0,0,0,0,0,0,0,0"
unhcr_southern_africa,1861,"0,11,80,377,1278,3242,7181,19356,58282,184147,537027,1109211,1794424,2553408,3188707,3555552,3583409,3263438,2647103,1927880,1289199,812357,493644,285199,156479,86850,50720,30196,17428,9658,5221,2842,1577,853,441,208,87,34,8,0,0,0,0,0,0,0,0,0,0,0"
unhcr_southern_africa,1862,"0,11,81,382,1290,3284,7452,20485,62324,194522,562219,1164469,1888030,2670029,3313465,3662187,3619445,3201718,2540147,1823674,1216563,765460,462292,265331,148327,84215,49831,29900,17347,9631,5212,2837,1580,853,448,211,89,34,8,0,0,0,0,0,0,0,0,0,0,0"
unhcr_southern_africa,1863,"0,11,84,385,1304,3308,7434,20303,61574,192609,556008,1150384,1865264,2646408,3286299,3651768,3634593,3243784,2593096,1866755,1247491,785314,474900,272901,151979,85926,50778,30510,17734,9849,5315,2894,1611,870,457,215,91,36,8,0,0,0,0,0,0,0,0,0,0,0"
unhcr_southern_africa,1864,"0,11,85,391,1316,3335,7355,19604,58578,183714,533916,1098030,1770864,2520690,3154201,3535554,3596087,3324862,2747169,2030313,1368905,868047,528212,308207,169134,92496,53329,31649,18280,10108,5444,2954,1644,890,464,216,91,36,8,0,0,0,0,0,0,0,0,0,0,0"
unhcr_southern_africa,1865,"0,11,85,392,1324,3290,7156,19229,58916,181822,527449,1123671,1844646,2642397,3308723,3697215,3694514,3304449,2644579,1904759,1274485,803350,486506,279460,155172,87463,51627,31019,17998,9966,5378,2920,1626,880,461,215,91,36,8,0,0,0,0,0,0,0,0,0,0,0"
unhcr_southern_africa,1866,"0,8,72,347,1206,3130,6985,18876,58017,179715,522559,1113194,1828484,2625457,3293196,3691469,3711713,3346059,2690342,1942290,1300350,818824,496282,284916,157227,88148,51853,31076,18000,9972,5383,2935,1633,889,463,217,91,36,9,0,0,0,0,0,0,0,0,0,0,0"
unhcr_southern_africa,1867,"0,8,72,350,1218,3162,6969,18599,56582,174958,510532,1083841,1775310,2553839,3221827,3634763,3705129,3407713,2788783,2041366,1369334,864512,524940,303987,166177,91596,53207,31666,18308,10130,5461,2977,1658,910,471,221,93,36,9,0,0,0,0,0,0,0,0,0,0,0"
unhcr_southern_africa,1868,"0,9,72,355,1229,3194,7032,18752,56981,176102,513625,1089965,1784731,2566849,3237144,3650698,3720595,3422087,2800891,2050317,1375444,868433,527239,305257,166776,91874,53350,31745,18340,10144,5475,2979,1659,912,470,222,93,36,9,0,0,0,0,0,0,0,0,0,0,0"
unhcr_southern_africa,1869,"0,9,73,357,1242,3224,7096,18870,57307,176803,515389,1092784,1788087,2572054,3244476,3659655,3732165,3438480,2820306,2068884,1388986,877904,533050,308999,168794,92742,53730,31938,18444,10199,5501,2990,1663,913,470,222,93,35,9,0,0,0,0,0,0,0,0,0,0,0"
unhcr_southern_africa,1870,"0,9,74,361,1255,3257,7159,18952,57408,176854,515793,1091833,1783032,2562532,3235029,3649825,3732377,3457029,2855668,2107220,1418317,897883,545161,317184,173199,94472,54376,32209,18577,10256,5522,3000,1669,917,473,221,93,35,9,0,0,0,0,0,0,0,0,0,0,0"
unhcr_southern_africa,1871,"0,9,75,365,1267,3287,7227,19113,57830,178044,518976,1098012,1792256,2575229,3249843,3664868,3747527,3471758,2869386,2118206,1426133,903121,548348,319035,174195,94974,54641,32368,18655,10311,5554,3025,1681,923,478,221,93,35,9,0,0,0,0,0,0,0,0,0,0,0"
unhcr_southern_africa,1872,"0,9,75,370,1307,3366,7239,18124,52975,160446,475779,1040795,1707581,2452192,3108086,3528516,3627456,3425784,2956496,2306878,1635603,1065534,658036,388978,221044,119902,64641,36182,20247,11040,5906,3190,1759,963,494,229,93,35,9,0,0,0,0,0,0,0,0,0,0,0"
unhcr_southern_africa,1873,"0,9,75,377,1348,3493,7522,18647,53879,162468,481670,1053786,1731310,2492100,3168876,3604936,3711584,3491976,2979742,2270697,1574623,1007488,618179,363622,203755,109388,60550,34898,19856,10898,5832,3148,1745,951,496,228,96,35,10,0,0,0,0,0,0,0,0,0,0,0"
unhcr_southern_africa,1874,"0,9,75,384,1396,3622,7823,19218,54965,165205,489564,1069823,1757199,2527691,3212006,3648488,3751986,3515415,2979233,2251184,1548620,987699,604732,355601,198141,106652,59770,34752,19859,10913,5833,3137,1737,949,495,225,96,36,10,0,0,0,0,0,0,0,0,0,0,0"
unhcr_southern_africa,1875,"0,9,75,389,1423,3703,7980,19495,55244,165406,490098,1070436,1751059,2507539,3175236,3606926,3707423,3493681,3001519,2313852,1620804,1044963,644440,380905,215646,116436,63980,36595,20741,11353,6046,3228,1769,963,499,231,96,36,9,0,0,0,0,0,0,0,0,0,0,0"
unhcr_southern_africa,1876,"0,9,75,396,1465,3833,8276,20051,56103,166852,493154,1075557,1754669,2500595,3151377,3571687,3668150,3460198,2998617,2357334,1682408,1104566,685744,408284,233902,128403,69544,38958,21842,11883,6312,3350,1809,978,504,233,95,36,10,0,0,0,0,0,0,0,0,0,0,0"
unhcr_southern_africa,1877,"0,9,76,401,1508,3970,8615,20742,57409,170021,502001,1093450,1780568,2534087,3190860,3613964,3706479,3490839,3011775,2344904,1658371,1078797,668148,396520,226402,123442,67465,38292,21621,11787,6254,3313,1782,967,493,230,95,36,10,0,0,0,0,0,0,0,0,0,0,0"
unhcr_southern_africa,1878,"0,9,77,408,1555,4094,8870,21180,58099,171567,506823,1103977,1797723,2556425,3216030,3639668,3733488,3515492,3025946,2345435,1652759,1071155,663048,393223,224117,122051,67141,38339,21703,11842,6277,3306,1782,966,491,229,96,36,11,0,0,0,0,0,0,0,0,0,0,0"
unhcr_southern_africa,1879,"0,9,77,417,1598,4193,8935,20500,54549,157115,469026,1059774,1756884,2517853,3190712,3628638,3736389,3519734,3051759,2408072,1727273,1140933,710758,424816,244525,135742,73766,41247,23111,12558,6635,3480,1840,992,503,238,99,37,10,0,0,0,0,0,0,0,0,0,0,0"
unhcr_southern_africa,1880,"0,7,63,368,1490,4095,9018,20805,55161,158206,471460,1062518,1758680,2511790,3167380,3585095,3684418,3461652,3021275,2430304,1795496,1224001,776428,470898,273405,155639,84771,45933,25099,13517,7125,3721,1928,1000,507,239,98,37,11,0,0,0,0,0,0,0,0,0,0,0"
unhcr_southern_africa,1881,"0,7,63,368,1510,4176,9223,21183,55745,159256,474913,1070928,1771173,2527916,3189244,3614427,3717289,3499602,3056172,2448232,1789194,1206746,759961,459249,266120,150103,81528,44814,24812,13429,7072,3674,1899,996,502,237,97,39,11,0,0,0,0,0,0,0,0,0,0,0"
unhcr_southern_africa,1882,"0,7,63,375,1552,4303,9500,21676,56419,160509,479048,1081879,1790651,2556011,3225891,3659934,3761746,3539194,3078587,2446810,1768801,1178080,737782,443754,257063,144220,78809,44087,24728,13428,7063,3656,1886,1001,503,239,99,39,11,0,0,0,0,0,0,0,0,0,0,0"
unhcr_southern_africa,1883,"0,7,63,380,1593,4427,9772,22174,57666,165686,497250,1118799,1847170,2641977,3348721,3802602,3905461,3648321,3099354,2356262,1630859,1047948,646694,383567,216665,118533,67131,39198,22398,12205,6399,3322,1788,970,487,228,98,39,11,0,0,0,0,0,0,0,0,0,0,0"
unhcr_southern_africa,1884,"0,7,63,384,1625,4520,9931,22477,58720,170011,509577,1140343,1880047,2686809,3402910,3857250,3955882,3674548,3088354,2323624,1592147,1020630,627852,371685,208317,114628,65712,38631,22116,12050,6314,3286,1786,966,486,228,97,39,11,0,0,0,0,0,0,0,0,0,0,0"
unhcr_southern_africa,1885,"0,7,64,390,1665,4653,10230,23400,62451,182002,530912,1168908,1920598,2745939,3466829,3932458,4021184,3698045,3056776,2265268,1536423,981132,602078,354177,197365,110306,64253,38130,21971,11996,6274,3336,1814,985,496,239,101,42,11,0,0,0,0,0,0,0,0,0,0,0"
unhcr_southern_africa,1886,"0,7,64,396,1706,4760,10319,22432,56506,158846,477829,1102968,1849777,2667530,3406810,3892340,4015034,3741601,3155491,2381655,1637643,1053914,650155,386604,217662,120314,69263,40927,23534,12823,6691,3456,1868,1011,512,243,102,42,12,0,0,0,0,0,0,0,0,0,0,0"
unhcr_southern_africa,1887,"0,7,64,394,1715,4813,10490,22759,56281,155653,470092,1094426,1835272,2640177,3365800,3850229,3975234,3731790,3196352,2453130,1713817,1109390,689136,411923,235252,129684,73744,43287,24848,13541,7050,3600,1910,1030,519,247,102,43,11,0,0,0,0,0,0,0,0,0,0,0"
unhcr_southern_africa,1888,"0,7,64,398,1757,4950,10785,23285,56697,154163,463827,1085573,1824372,2619075,3326551,3803572,3924930,3700305,3209524,2518776,1796671,1180287,739362,444737,258133,143966,80670,46717,26727,14568,7595,3867,1949,1049,528,256,102,43,11,0,0,0,0,0,0,0,0,0,0,0"
unhcr_southern_africa,1889,"0,7,64,404,1798,5081,11069,23802,57509,155831,469103,1096940,1840648,2638802,3348649,3827165,3947172,3717615,3217682,2514586,1787329,1170585,733014,440660,255485,142344,80179,46658,26737,14567,7585,3840,1950,1045,529,255,102,44,11,0,0,0,0,0,0,0,0,0,0,0"
unhcr_southern_africa,1890,"0,7,64,410,1840,5192,11248,23991,57517,154873,465680,1090340,1832361,2625052,3327453,3806332,3938020,3720404,3234526,2543774,1818023,1195990,750720,452519,263358,147528,83009,48187,27618,15070,7844,3966,1993,1068,539,262,106,44,12,1,0,0,0,0,0,0,0,0,0,0"
unhcr_southern_africa,1891,"0,7,64,416,1880,5322,11524,24481,58135,155276,465670,1090167,1832228,2621811,3318406,3793860,3924061,3707602,3230808,2554083,1835051,1213551,763808,461803,269731,151837,85276,49384,28294,15438,8034,4045,1999,1062,537,260,105,44,12,1,0,0,0,0,0,0,0,0,0,0"
unhcr_southern_africa,1892,"0,7,64,420,1921,5428,11654,24077,55509,143744,432098,1046893,1797952,2599158,3325019,3826877,3970786,3751566,3257485,2561358,1831759,1206167,758139,457252,266579,149713,84386,49023,28105,15320,7948,3996,1979,1054,536,258,104,44,11,1,0,0,0,0,0,0,0,0,0,0"
unhcr_southern_africa,1893,"0,7,63,426,1949,5507,11782,24294,55725,143823,432318,1047296,1797655,2595675,3316723,3816092,3959010,3740433,3249318,2556876,1830324,1206355,759161,458368,267634,150639,85083,49503,28392,15461,8016,4012,1967,1054,531,255,103,44,11,2,0,0,0,0,0,0,0,0,0,0"
unhcr_southern_africa,1894,"0,5,51,360,1757,5240,11616,24204,55643,143835,433742,1049980,1798005,2591544,3309819,3808588,3953168,3738012,3248644,2552307,1823791,1199483,755113,456074,266189,149518,84754,49481,28409,15470,7995,3984,1973,1057,528,254,102,44,11,2,0,0,0,0,0,0,0,0,0,0"
unhcr_southern_africa,1895,"0,4,51,363,1793,5356,11872,24633,56014,142030,423883,1027418,1768652,2551136,3250963,3733900,3877956,3672274,3225091,2592230,1896067,1276760,810979,495624,292617,168106,94757,54574,31285,17115,8906,4436,2112,1077,537,261,103,44,11,2,0,0,0,0,0,0,0,0,0,0"
unhcr_southern_africa,1896,"0,4,51,368,1828,5476,12125,25040,56431,141415,419299,1014448,1749212,2523968,3213532,3690515,3839862,3639618,3213320,2606821,1929621,1316692,842131,518298,307164,178168,100575,57469,32829,18011,9401,4679,2199,1075,539,264,107,45,11,2,0,0,0,0,0,0,0,0,0,0"
unhcr_southern_africa,1897,"0,4,51,374,1866,5600,12386,25461,56926,142457,423686,1026251,1764111,2538976,3231078,3716422,3869380,3670950,3223326,2587145,1890141,1269488,805700,491539,290272,166649,94405,54648,31445,17253,8953,4433,2100,1084,541,265,108,44,11,3,0,0,0,0,0,0,0,0,0,0"
unhcr_southern_africa,1898,"0,4,51,378,1898,5717,12655,25911,57472,141645,415753,999727,1722532,2487811,3163281,3623950,3766960,3568087,3162317,2605207,1983994,1386044,900464,559494,334999,198000,113642,64276,36611,20288,10695,5372,2530,1106,548,268,108,44,11,3,0,0,0,0,0,0,0,0,0,0"
unhcr_southern_africa,1899,"0,4,51,382,1938,5830,12827,25771,55662,132754,388923,970421,1712274,2489016,3192133,3684925,3840407,3643285,3216312,2616723,1945180,1326335,842147,515101,305174,176831,100047,57499,33144,18295,9530,4702,2183,1083,544,263,108,43,11,3,0,0,0,0,0,0,0,0,0,0"
unhcr_southern_africa,1900,"0,4,51,382,1922,5839,12894,25976,57675,145878,433186,1044844,1795917,2582371,3310336,3813026,3960336,3718268,3195848,2496891,1783933,1171548,722508,429226,244773,136368,78264,45975,26538,14428,7351,3604,1903,1017,506,246,105,43,11,3,0,0,0,0,0,0,0,0,0,0"
unhcr_southern_africa,1901,"0,4,51,384,1963,5940,13015,25919,56121,138640,415207,1020345,1766224,2543084,3256830,3757651,3909786,3694786,3212072,2541654,1838672,1212857,752697,449095,258901,144668,82759,48598,28096,15296,7800,3781,1932,1032,515,252,107,44,11,3,0,0,0,0,0,0,0,0,0,0"
unhcr_southern_africa,1902,"0,4,52,391,2005,6084,13305,26380,55881,132301,390011,975444,1713102,2477923,3168616,3662257,3822583,3640974,3219843,2616116,1936243,1299749,816416,492877,289879,165203,93753,54722,31786,17448,8975,4364,2005,1056,529,261,110,44,11,3,0,0,0,0,0,0,0,0,0,0"
unhcr_southern_africa,1903,"0,4,52,400,2039,6167,13429,26554,55926,129373,372030,921132,1630725,2385105,3060334,3526496,3680057,3505249,3138160,2639185,2064084,1469215,964621,602061,365145,218511,127562,72751,42037,23700,12630,6334,2912,1183,560,279,121,43,11,3,0,0,0,0,0,0,0,0,0,0"
unhcr_southern_africa,1904,"0,4,53,405,2084,6315,13734,27033,56492,129537,370934,917147,1623749,2375461,3049349,3517564,3674604,3503528,3134947,2628447,2049013,1459146,963475,604722,369182,222231,130399,74775,43441,24643,13190,6591,3018,1219,582,288,125,43,12,4,0,0,0,0,0,0,0,0,0,0"
unhcr_southern_africa,1905,"0,4,53,413,2132,6466,14035,27508,56983,129544,368702,907870,1603841,2350029,3020610,3486711,3640975,3473288,3106880,2614362,2057915,1484489,997346,631709,390127,236779,141050,81177,47106,26887,14510,7337,3386,1353,600,299,131,46,12,4,0,0,0,0,0,0,0,0,0,0"
unhcr_southern_africa,1906,"0,4,53,420,2115,6477,14044,27255,55379,121225,336193,846051,1528447,2271268,2958187,3446845,3617391,3466618,3103095,2626779,2096709,1544444,1062927,683043,427735,261872,158725,92293,53359,30569,16706,8584,4051,1642,638,318,139,51,12,4,0,0,0,0,0,0,0,0,0,0"
unhcr_southern_africa,1907,"0,3,42,359,1944,6265,14039,27418,55622,121138,335457,844380,1528182,2273761,2959678,3445863,3616447,3467342,3106432,2628299,2090082,1530975,1048941,672826,420773,257720,155771,90547,52618,30166,16416,8382,3906,1562,629,312,136,50,11,3,0,0,0,0,0,0,0,0,0,0"
unhcr_southern_africa,1908,"0,3,42,365,1985,6408,14345,27914,56204,121508,338599,863489,1575344,2326436,3009029,3508079,3704443,3561439,3193041,2653369,2019704,1411553,923996,583010,355936,214374,125178,73306,43289,24499,12924,6338,2808,1222,615,311,135,52,11,3,0,0,0,0,0,0,0,0,0,0"
unhcr_southern_africa,1909,"0,3,42,371,2027,6557,14656,28400,56712,121451,336375,855428,1560980,2305568,2981376,3477572,3676693,3538926,3182809,2660186,2040983,1436814,946924,600064,368015,223006,131018,76735,45372,25783,13678,6722,2993,1245,625,318,141,53,12,4,0,0,0,0,0,0,0,0,0,0"
unhcr_southern_africa,1910,"0,3,42,376,2073,6705,14971,28903,57435,125932,360104,918467,1642377,2383381,3058150,3572968,3774359,3631686,3221753,2604994,1914777,1290539,833998,517528,313247,184033,107522,64148,37859,21094,10908,5222,2335,1235,625,320,145,57,12,5,0,0,0,0,0,0,0,0,0,0"
unhcr_southern_africa,1911,"0,3,42,384,2116,6847,15272,29358,57896,125988,359767,918120,1641811,2380985,3052674,3567181,3769703,3628430,3220925,2605942,1916864,1293702,838220,521347,316309,186368,109194,65290,38587,21517,11122,5306,2363,1253,632,322,147,57,12,5,0,0,0,0,0,0,0,0,0,0"
unhcr_southern_africa,1912,"0,3,42,390,2144,6924,15333,29217,56636,119779,335729,876679,1607452,2350983,3038642,3574687,3793559,3659561,3248074,2627960,1931964,1305442,848199,528434,321259,190041,111733,66993,39647,22172,11505,5496,2448,1290,652,332,152,60,14,6,0,0,0,0,0,0,0,0,0,0"
unhcr_southern_africa,1913,"0,3,42,396,2123,6916,15227,28934,55794,117949,331728,868689,1593155,2320599,2985907,3520549,3764320,3659073,3272715,2674144,1980143,1342264,875360,547449,333290,197890,116450,69767,41318,23237,12176,5865,2626,1386,704,356,166,70,18,10,0,0,0,0,0,0,0,0,0,0"
unhcr_southern_africa,1914,"0,3,42,403,2110,6925,15107,28598,54894,116156,328572,863887,1587668,2312762,2974686,3506825,3753293,3657706,3281523,2691009,2000639,1359077,888079,556791,339700,201997,119019,71366,42265,23768,12452,5992,2666,1407,718,357,169,71,19,10,0,0,0,0,0,0,0,0,0,0"
unhcr_southern_africa,1915,"0,2,34,336,1868,6517,14780,28218,53719,111018,306221,820622,1548413,2279666,2961545,3514750,3776961,3696658,3320179,2724984,2023902,1373496,896880,561480,342621,203936,120119,72063,42673,23926,12468,5963,2646,1406,716,356,168,70,18,10,1,0,0,0,0,0,0,0,0,0"
unhcr_southern_africa,1916,"0,2,34,342,1861,6528,14650,27716,51975,105476,283990,775296,1504823,2244725,2950398,3525341,3801335,3737367,3360835,2757388,2046830,1389429,906381,566692,346264,206177,121301,72758,43048,24056,12478,5947,2633,1399,714,354,169,68,18,10,0,0,0,0,0,0,0,0,0,0"
unhcr_southern_africa,1917,"0,1,28,282,1640,6108,14339,27509,51753,105011,283573,775975,1506640,2245708,2950268,3523095,3798680,3737663,3365415,2765510,2056114,1397930,912726,571488,350089,208784,122921,73802,43659,24365,12606,5985,2646,1404,716,354,167,66,18,10,0,0,0,0,0,0,0,0,0,0"
unhcr_southern_africa,1918,"0,1,28,286,1642,6134,14242,27049,50227,100463,264310,734364,1467250,2221621,2952685,3543586,3826274,3776138,3400557,2788272,2069883,1408634,917958,573847,351633,209474,123169,73882,43609,24176,12403,5838,2571,1372,706,347,168,63,17,8,0,0,0,0,0,0,0,0,0,0"
unhcr_southern_africa,1919,"0,0,23,235,1443,5720,13932,26828,49625,97166,244639,688810,1423223,2195388,2948207,3555513,3848965,3811316,3440510,2829712,2107585,1441916,940458,589086,361892,216432,127358,76434,45154,25029,12841,6045,2618,1379,712,347,168,64,16,8,0,0,0,0,0,0,0,0,0,0"
unhcr_southern_africa,1920,"0,0,23,238,1456,5765,13928,26593,48635,94388,230850,655679,1393663,2193748,2970795,3595183,3897967,3867286,3487606,2861246,2129870,1459830,951542,596610,366755,219573,129446,77704,45797,25314,12962,6114,2644,1396,726,351,167,66,18,7,0,0,0,0,0,0,0,0,0,0"
unhcr_southern_africa,1921,"0,0,23,241,1464,5736,13830,26485,48592,93525,226653,649930,1396486,2206454,2988306,3613252,3916196,3887554,3516449,2902739,2175409,1501371,981742,618547,381775,229988,135940,81731,48337,26819,13791,6514,2785,1433,746,359,171,66,18,7,0,0,0,0,0,0,0,0,0,0"
unhcr_southern_africa,1922,"0,0,23,246,1499,5797,13898,26409,48078,92263,217655,622721,1364893,2182126,2980144,3630302,3948887,3948400,3595264,2986518,2251948,1562180,1025143,646940,399330,241204,142690,85743,50763,28225,14551,6867,2941,1516,793,384,184,73,20,8,0,0,0,0,0,0,0,0,0,0"
unhcr_southern_africa,1923,"0,0,23,250,1537,5876,14097,26733,48123,90267,203762,584027,1321354,2147549,2957884,3639873,3986306,4013570,3685090,3093522,2356634,1648366,1087818,689603,426126,259015,153540,92195,54771,30697,15975,7601,3256,1633,859,417,202,85,26,10,0,0,0,0,0,0,0,0,0,0"
unhcr_southern_africa,1924,"0,0,23,254,1575,5901,14060,26464,47295,87986,197533,572995,1316285,2152603,2961781,3642597,4010032,4054216,3746627,3177696,2444200,1726604,1144522,729856,453052,277075,164653,98807,58755,33158,17456,8415,3625,1774,931,454,217,94,32,11,4,0,0,0,0,0,0,0,0,0"
unhcr_southern_africa,1925,"0,0,23,259,1614,6011,14300,26851,47615,86321,183332,528129,1263455,2123705,2950598,3653849,4046425,4109121,3820727,3272344,2548805,1823504,1217378,782488,487245,300327,179449,107736,64337,36665,19549,9559,4148,1889,998,486,232,103,38,13,6,0,0,0,0,0,0,0,0,0"
unhcr_southern_africa,1926,"0,0,23,264,1655,6131,14467,26913,47389,85050,174384,495642,1219870,2105250,2971473,3709132,4099611,4168702,3894651,3346607,2628734,1896283,1274046,821249,512476,317188,190375,114346,68493,39158,20846,10175,4381,1913,1012,497,233,107,36,10,3,0,0,0,0,0,0,0,0,0"
unhcr_southern_africa,1927,"0,0,18,211,1466,5723,14219,26966,47585,84946,171965,488341,1213545,2098680,2953269,3696372,4106755,4197207,3949032,3436372,2736004,1992860,1350122,875499,548154,341372,205975,123713,74333,42871,23100,11419,4979,2107,1110,559,259,121,42,14,6,0,0,0,0,0,0,0,0,0"
unhcr_southern_africa,1928,"0,0,18,215,1503,5849,14415,27064,47274,83200,161668,448235,1151393,2060564,2938452,3712342,4145868,4251735,4023100,3524665,2841825,2093448,1432572,934331,588593,368797,224703,135219,81654,47595,25916,12949,5755,2232,1163,585,270,129,43,15,7,0,0,0,0,0,0,0,0,0"
unhcr_southern_africa,1929,"0,0,18,220,1539,5981,14683,27484,47745,83377,160561,439034,1138045,2067508,2969719,3773465,4227813,4344056,4117392,3600596,2895139,2129422,1457975,950265,597357,373808,227274,136766,82358,47750,25913,12905,5706,2309,1223,619,282,136,46,16,7,0,0,0,0,0,0,0,0,0"
unhcr_southern_africa,1930,"0,0,18,222,1565,6029,14599,27141,46951,82472,163371,456501,1172473,2109094,3013232,3826336,4297367,4427628,4199656,3668201,2935983,2150827,1470057,956649,599822,374369,226573,136347,81802,47087,25384,12585,5504,2463,1308,668,307,151,53,19,9,0,0,0,0,0,0,0,0,0"
unhcr_southern_africa,1931,"0,0,18,226,1602,6188,14867,27574,47444,83273,168669,465414,1174027,2111108,2989370,3804043,4317335,4510069,4306971,3775313,3032942,2218768,1518485,988570,618863,384451,232232,139451,83044,47553,25794,12947,5784,2822,1497,763,351,176,70,28,13,6,0,0,0,0,0,0,0,0"
unhcr_southern_africa,1932,"0,0,18,230,1639,6353,15016,27512,46850,82499,170733,466331,1165726,2120809,3024264,3866027,4402050,4602103,4392412,3837754,3075222,2250485,1547561,1008048,631962,392929,237561,142517,84499,48154,26096,13126,5938,2997,1593,817,375,180,74,30,13,7,0,0,0,0,0,0,0,0"
unhcr_southern_africa,1933,"0,0,18,233,1678,6517,15326,27987,47456,80686,154998,407485,1074565,2047540,2974339,3825298,4385951,4624669,4470809,3961252,3234494,2406985,1670937,1099412,693836,434799,265313,159607,95308,54919,30143,15469,7081,3281,1746,890,416,199,84,34,17,10,0,0,0,0,0,0,0,0"
unhcr_southern_africa,1934,"0,0,18,235,1719,6688,15659,28204,47465,79226,143246,362681,1003666,1997783,2960970,3838723,4404646,4640715,4499967,4030724,3348548,2534567,1785875,1187228,757151,479734,297306,179904,108650,63778,35528,18430,8581,3483,1810,926,436,206,87,34,15,8,0,0,0,0,0,0,0,0"
unhcr_southern_africa,1935,"0,0,18,239,1758,6864,16011,28458,47450,78310,135626,317674,894393,1888115,2891979,3819602,4411912,4669668,4555454,4122440,3481844,2685944,1929960,1295718,837469,534439,336624,205614,125100,74727,42478,22455,10664,4290,1914,981,466,213,93,34,16,9,0,0,0,0,0,0,0,0"
unhcr_southern_africa,1936,"0,0,18,242,1801,7042,16385,28972,48051,78660,133117,292735,818205,1798225,2832552,3795871,4416781,4702021,4613553,4204532,3595081,2819541,2059229,1397147,912859,586856,373784,230909,141210,85334,49402,26645,13007,5413,2085,1075,512,235,102,42,19,10,1,0,0,0,0,0,0,0"
unhcr_southern_africa,1937,"0,0,18,244,1845,7227,16768,29305,48176,78319,132099,287054,797722,1769526,2820249,3807847,4436659,4724740,4648343,4258166,3674697,2919663,2158368,1478941,972345,629576,403607,251340,154200,93844,54989,30040,14873,6385,2206,1132,549,242,107,43,20,10,2,0,0,0,0,0,0,0"
unhcr_southern_africa,1938,"0,0,18,250,1889,7415,17180,29885,48930,79154,133000,282604,782026,1762393,2834148,3844359,4500107,4802643,4744291,4359318,3760039,2983363,2202443,1510271,991416,639990,410146,254749,156114,94740,55254,30057,14802,6299,2294,1196,583,262,116,47,21,10,2,0,0,0,0,0,0,0"
unhcr_southern_africa,1939,"0,0,17,252,1934,7607,17603,30276,49063,78473,130637,267414,726046,1679745,2785023,3843998,4537515,4856845,4818558,4447337,3858233,3095272,2310242,1601155,1056702,686327,442499,277426,170734,104316,61587,33941,17001,7422,2560,1279,633,278,126,52,22,10,2,0,0,0,0,0,0,0"
unhcr_southern_africa,1940,"0,0,16,257,1962,7686,17669,30102,48866,78427,130869,266939,724002,1681682,2807312,3890290,4591332,4908581,4864739,4491536,3912470,3164168,2384801,1669719,1107488,723650,469108,295639,182410,111794,66436,36935,18695,8267,2872,1370,680,294,129,52,23,11,3,0,0,0,0,0,0,0"
unhcr_southern_africa,1941,"0,0,16,262,2009,7877,18125,30537,49083,77815,128709,255991,683899,1621015,2780723,3911444,4653607,4991475,4963201,4592079,4004301,3253971,2468426,1741308,1159391,760294,494614,313525,194092,119307,71322,39972,20422,9150,3215,1456,731,322,142,56,25,11,3,0,0,0,0,0,0,0"
unhcr_southern_africa,1942,"0,0,15,266,2053,8075,18579,30930,49093,76985,126878,248175,649071,1562996,2762032,3954692,4739543,5078058,5048193,4676472,4077169,3331035,2549537,1818516,1217911,801547,523762,334173,207574,127952,76928,43439,22411,10188,3639,1570,800,357,151,60,25,10,1,0,0,0,0,0,0,0"
unhcr_southern_africa,1943,"0,0,15,268,2089,8163,18669,30790,48480,75887,126802,249327,620981,1496199,2746537,4001172,4830752,5177665,5152228,4784374,4164561,3410472,2623022,1885086,1270525,835084,545959,349128,216621,133336,80123,45296,23471,10730,3879,1692,859,393,156,63,23,10,0,0,0,0,0,0,0,0"
unhcr_southern_africa,1944,"0,0,14,273,2137,8366,19134,31484,49386,77207,128483,249233,599364,1446702,2735496,4050492,4921473,5267064,5241091,4873665,4243403,3489010,2700157,1954480,1323397,872417,571664,367769,229682,142167,85908,48894,25559,11819,4344,1787,913,427,166,66,23,8,0,0,0,0,0,0,0,0"
unhcr_southern_africa,1945,"0,0,18,361,2549,9423,20369,32608,50017,77041,127016,247122,584308,1416069,2729943,4088666,4997318,5351330,5330228,4967934,4334145,3573192,2779903,2024297,1379962,909707,596467,384742,240466,149151,90156,51386,26970,12563,4696,1966,1009,483,174,70,25,8,0,0,0,0,0,0,0,0"
unhcr_southern_africa,1946,"0,0,18,366,2608,9653,20874,33300,50386,76991,126250,245834,564680,1362791,2695689,4111008,5060023,5412901,5401282,5050711,4424503,3671963,2883322,2121299,1459399,966790,635016,412175,258646,161130,97940,56247,29802,14131,5436,2183,1124,550,201,74,26,6,0,0,0,0,0,0,0,0"
unhcr_southern_africa,1947,"0,0,18,373,2660,9785,20991,33370,50381,77258,126723,248304,559717,1340869,2689749,4146624,5122796,5477615,5478292,5146260,4531029,3775503,2974068,2196025,1517665,1006361,660294,429433,269500,167800,101932,58505,31024,14747,5724,2315,1196,585,218,78,25,4,0,0,0,0,0,0,0,0"
unhcr_southern_africa,1948,"0,0,18,379,2722,10024,21508,34182,50922,77400,125975,246527,538789,1268797,2593808,4087599,5129873,5507902,5525378,5228993,4651068,3925241,3127886,2339273,1633115,1090364,716461,469992,298996,187949,115410,67142,36144,17574,7142,2599,1355,672,259,85,26,4,0,0,0,0,0,0,0,0"
unhcr_southern_africa,1949,"0,0,17,385,2784,10282,22063,35044,51851,78088,126552,247404,531962,1234291,2540126,4066469,5175268,5599905,5624201,5348781,4771053,4038175,3232066,2436073,1716200,1153566,756858,498214,316744,198300,121812,70993,38413,18836,7804,2933,1531,763,318,100,32,7,0,0,0,0,0,0,0,0"
unhcr_southern_africa,1950,"0,0,15,392,2849,10455,22256,35192,51993,78697,127702,250428,525914,1189721,2488435,4061802,5203576,5652887,5684135,5433750,4890321,4179676,3380482,2565130,1821044,1230391,808480,534470,344291,217928,135215,79834,43826,21821,9378,3192,1661,838,360,107,31,4,0,0,0,0,0,0,0,0"
unhcr_southern_africa,1951,"0,0,12,303,2504,9695,21691,34809,51095,76435,123525,245153,505802,1058207,2227389,3868224,5126400,5731570,5851487,5651315,5147213,4410500,3585280,2735906,1964689,1340395,879387,580184,375261,237438,147728,87694,48562,24523,10783,3717,1876,949,421,115,33,6,0,0,0,0,0,0,0,0"
unhcr_southern_africa,1952,"0,0,11,309,2575,9989,22345,35834,52028,76499,121547,241317,498085,1000391,2096741,3768725,5108387,5802040,5991204,5821168,5346492,4603387,3749204,2874587,2076980,1426281,937565,617374,400859,254232,158756,94824,52893,26962,12012,4185,2000,1017,464,130,34,6,0,0,0,0,0,0,0,0"
unhcr_southern_africa,1953,"0,0,8,234,2246,9199,21693,35399,51589,75586,119654,238170,494276,965690,1993239,3654330,5070532,5860004,6127740,5999865,5566548,4820644,3925785,3016207,2184706,1507557,989355,648854,421487,266987,166609,99504,55553,28363,12707,4484,2160,1099,509,155,38,8,0,0,0,0,0,0,0,0"
unhcr_southern_africa,1954,"0,0,6,169,1946,8423,20978,34920,51106,74841,118219,236877,491592,926158,1860448,3499609,5009428,5894258,6242984,6162967,5784051,5061982,4138114,3191937,2315832,1599411,1053853,690466,449740,287965,181791,109994,62141,32072,14548,5121,2188,1122,522,161,43,10,0,0,0,0,0,0,0,0"
unhcr_southern_africa,1955,"0,0,6,169,1998,8612,21308,35171,51550,75546,117948,230886,475372,893151,1773510,3401394,4994726,5962975,6354579,6308969,5945068,5225743,4292880,3342681,2456531,1718919,1142345,749351,491590,314962,199089,121267,69171,36260,16846,6216,2548,1304,611,204,47,11,0,0,0,0,0,0,0,0"
unhcr_southern_africa,1956,"0,0,3,117,1715,7880,20782,35376,51997,74659,114742,225642,471635,879965,1688984,3250140,4892137,5958139,6443734,6455020,6135929,5468337,4535958,3551743,2619335,1840977,1227378,802830,526197,337987,214504,131420,75356,39656,18492,6910,2638,1342,631,212,55,13,0,0,0,0,0,0,0,0"
unhcr_southern_africa,1957,"0,0,2,76,1459,7125,19908,34835,51790,74065,113629,224271,471540,871640,1633299,3163949,4862684,6006221,6541390,6582290,6277788,5623251,4701322,3716069,2774870,1977404,1335441,873265,575751,370975,235189,144942,83890,44732,21347,8331,3090,1581,759,284,60,16,1,0,0,0,0,0,0,0"
unhcr_southern_africa,1958,"0,0,2,74,1495,7291,20237,35055,52003,75648,117818,234018,488488,899535,1731706,3377208,5104987,6235902,6692947,6659657,6319568,5612742,4699012,3732862,2813927,2021997,1377176,905875,602550,389510,246455,152129,88277,47339,22834,9099,3474,1793,869,349,64,17,1,0,0,0,0,0,0,0"
unhcr_southern_africa,1959,"0,0,1,43,1254,6556,19293,34484,51796,73541,110113,211977,452788,862889,1673664,3310128,5101755,6292279,6806787,6808543,6498752,5823401,4909760,3926014,2970745,2140632,1465290,964970,642815,417260,264715,164107,95803,51705,25103,10196,3658,1886,913,369,73,19,0,0,0,0,0,0,0,0"
unhcr_southern_africa,1960,"0,0,0,8,480,3786,14430,31465,50450,73109,110047,213397,458183,875147,1673391,3314562,5171643,6424646,6987863,7007939,6683335,5988051,5039748,4032734,3057802,2214728,1525872,1006345,670960,437105,277345,172009,100539,54391,26554,10903,3997,2062,1007,427,85,24,2,0,0,0,0,0,0,0"
unhcr_southern_africa,1961,"0,0,0,3,181,2353,10844,28097,48439,72046,109587,214785,463167,894995,1801979,3612733,5482098,6730411,7149210,7040773,6647881,5871838,4962707,4035230,3127983,2313143,1635766,1104742,744005,492200,312295,194229,114905,63313,31883,13960,5223,2738,1365,612,173,27,4,0,0,0,0,0,0,0"
unhcr_southern_africa,1962,"0,0,0,0,10,661,5129,19154,41285,67519,107490,211786,458476,879531,1653774,3299295,5278167,6650664,7299369,7330624,6997172,6308508,5352478,4332951,3333379,2460719,1731932,1158986,775914,513633,327630,204919,121833,67381,34021,14984,5296,2733,1376,617,177,36,3,0,0,0,0,0,0,0"
unhcr_southern_africa,1963,"0,0,0,0,7,513,4589,18214,41046,68166,109055,215986,469066,897461,1650597,3265807,5305690,6766929,7495465,7555023,7200399,6493433,5500385,4459628,3448054,2563957,1822105,1234346,827713,553684,356859,225519,136128,76448,39339,17717,6224,2964,1496,687,208,47,4,0,0,0,0,0,0,0"
unhcr_southern_africa,1964,"0,0,0,0,1,123,2419,12358,34627,63038,102050,199041,438524,865497,1643292,3287450,5372193,6875844,7633152,7657791,7298509,6592396,5616369,4627791,3639982,2757217,1996546,1383680,931971,630592,410050,259606,158856,90907,48030,22633,8549,3828,1954,938,359,70,13,0,0,0,0,0,0,0"
unhcr_southern_africa,1965,"0,0,0,0,0,8,1041,7785,27579,57326,93218,182825,411914,825242,1545547,3172057,5370304,7027063,7853240,7915414,7542883,6794484,5768191,4775017,3796796,2913462,2138959,1508458,1020802,693358,455235,287755,176742,102006,54634,26356,10447,4583,2374,1152,486,109,21,5,0,0,0,0,0,0"
unhcr_southern_africa,1966,"0,0,0,0,0,8,902,7137,26194,55447,90637,173931,390680,797932,1469254,3016954,5310280,7152802,8090067,8220620,7847479,7074130,5985045,4935993,3935918,3036234,2247279,1602601,1090948,741814,491808,311913,192409,111979,60546,29737,12123,5145,2682,1320,573,155,25,6,2,2,0,0,0,0"
unhcr_southern_africa,1967,"0,0,0,0,0,3,306,3992,17842,45267,78961,148090,337071,720529,1405424,2953399,5328392,7290462,8291947,8428902,8067977,7274209,6167022,5114729,4122189,3214826,2398947,1737543,1200239,816997,547767,350169,217738,128504,70459,35348,15023,5817,3054,1511,658,201,28,5,5,2,0,0,0,0"
unhcr_southern_africa,1968,"0,0,0,0,0,6,763,5758,21396,47349,80369,146507,329086,707908,1385906,2930321,5420072,7484295,8546167,8735294,8368872,7568571,6405090,5280397,4240031,3289657,2444216,1762797,1212713,827509,554350,354650,221034,130392,71340,35571,14887,5623,2943,1444,628,172,24,6,8,1,0,0,0,0"
unhcr_southern_africa,1969,"0,0,0,0,0,4,592,4946,19458,45024,78961,140290,305809,660852,1265134,2596446,5024288,7297602,8658716,9048538,8764656,8054398,6890931,5671925,4547473,3524098,2624813,1886667,1297562,884122,595059,382630,239389,142045,78113,39219,16837,6051,3184,1587,700,213,30,9,7,2,0,0,0,0"
unhcr_southern_africa,1970,"0,0,0,0,0,0,7,1096,8000,29837,66699,130011,298188,656041,1261499,2588320,5017340,7299261,8762314,9205573,8929456,8227682,7085421,5909560,4801176,3764459,2832212,2057552,1433110,978280,663594,430862,271834,163542,91208,46528,20730,7215,3650,1826,838,285,33,11,9,3,0,0,0,0"
unhcr_southern_africa,1971,"0,0,0,0,0,0,6,1075,7747,28093,62857,127878,300935,664545,1235845,2427885,4811883,7239198,8895595,9493351,9280207,8628585,7474599,6209396,5051903,3951873,2983101,2169562,1508431,1026835,697136,453211,285624,171832,95905,49045,22013,7822,4004,2027,951,340,45,15,9,4,0,0,0,0"
unhcr_southern_africa,1972,"0,0,0,0,0,0,1,332,3891,17913,46516,103973,273653,643199,1254035,2531795,4998958,7454133,9179538,9775575,9531585,8840651,7628932,6363229,5208768,4092692,3094188,2259123,1572622,1070758,727228,472386,297904,179341,100061,51078,22856,8122,4155,2094,984,359,53,21,12,4,0,0,0,0"
unhcr_southern_africa,1973,"0,0,0,0,0,0,0,342,3843,16185,41062,93398,264509,647182,1242277,2403753,4787677,7368143,9299677,10088794,9905600,9248737,8030167,6670142,5453707,4286599,3266421,2403427,1685841,1148043,783202,512859,324017,196355,110611,57251,26231,9647,4736,2404,1144,465,68,22,15,4,0,0,0,0"
unhcr_southern_africa,1974,"0,0,0,0,0,0,0,13,1493,8970,31296,85179,259604,654463,1265374,2394821,4733294,7406994,9495080,10405734,10245860,9598492,8359444,6955825,5690483,4470760,3407307,2501983,1752195,1193539,816900,536430,341502,208619,118227,61355,28128,10192,4699,2387,1130,456,66,26,16,5,0,0,0,0"
unhcr_southern_africa,1975,"0,0,0,0,0,0,0,0,12,2792,17179,81898,289606,727323,1399848,2748775,5298688,7967137,10035855,10780105,10520744,9800317,8470275,7084488,5734621,4446577,3298116,2351927,1620934,1117082,756665,499946,324487,198707,111450,56120,24227,7525,3157,1569,702,192,69,27,18,8,0,0,0,0"
unhcr_southern_africa,1976,"0,0,0,0,0,0,0,0,0,1085,11497,72642,286806,749180,1512366,3066307,5766540,8453954,10497458,11101652,10765845,9925499,8547579,7179441,5791287,4473139,3289280,2332403,1618400,1116807,755132,502292,327007,200204,111784,55771,23666,6975,2808,1367,574,182,68,30,19,7,0,0,0,0"
unhcr_southern_africa,1977,"0,0,0,0,0,0,0,0,1,1158,12697,83222,322732,825020,1648110,3323501,6081384,8852945,10921643,11441636,11069043,10140211,8678337,7253256,5808459,4487823,3293628,2339046,1634187,1130726,766026,511246,333451,204526,114393,57264,24363,7160,2875,1396,583,179,75,31,21,6,0,0,0,0"
unhcr_southern_africa,1978,"0,0,0,0,0,0,0,0,1,1153,12551,98846,376228,934964,1924195,3905333,6639831,9315385,11271024,11679757,11234235,10169870,8680032,7277764,5827837,4506288,3306112,2354614,1656990,1148123,778926,522197,341649,209940,117410,58657,24844,7219,2882,1402,575,200,86,39,25,7,0,0,0,0"
unhcr_southern_africa,1979,"0,0,0,0,0,0,0,0,2,1468,18040,123968,437288,1020458,1997449,3989863,6748476,9505837,11557193,12019146,11596374,10513072,8978703,7504805,6003302,4643924,3411037,2432764,1722047,1197291,816151,550506,362548,224865,127003,64183,27601,8170,2983,1472,608,215,94,39,25,10,0,0,0,0"
unhcr_southern_africa,1980,"0,0,0,0,0,0,0,0,0,1575,18984,127472,446946,1038747,2028108,4042762,6804947,9560230,11726636,12358473,11956537,10888956,9332644,7819672,6278010,4876092,3606151,2580824,1828073,1273390,871733,591128,390642,245338,140869,72559,35925,21520,13041,7918,4808,2918,1758,1055,635,383,227,133,82,49"
unhcr_southern_africa,1981,"0,0,0,0,0,0,0,0,0,1547,17740,123793,442128,1079883,2204536,4373913,7237219,10067724,12188962,12706243,12198198,10991360,9424964,7953432,6426298,4978577,3680914,2627337,1868595,1301649,893291,609437,403729,254204,146174,75304,36659,21759,13184,8009,4859,2949,1786,1064,637,384,234,136,82,46"
unhcr_southern_africa,1982,"0,0,0,0,0,0,0,0,0,1504,24936,170987,561515,1248267,2376288,4688625,7665197,10554959,12606077,13077205,12455281,11140941,9576282,8080958,6507538,5021273,3697732,2632907,1868189,1296617,889008,605279,399814,249730,141649,72071,35112,20981,12704,7714,4686,2843,1717,1029,611,370,226,131,79,43"
unhcr_southern_africa,1983,"0,0,0,0,0,0,0,0,0,2091,47500,273152,778079,1520083,2793880,5226028,7949444,10884262,12978384,13330606,12646567,11233775,9765312,8187552,6550477,5037045,3729128,2654500,1867013,1293900,886063,598531,392119,242257,135620,68112,33648,20276,12284,7450,4526,2743,1658,995,588,355,216,127,76,44"
unhcr_southern_africa,1984,"0,0,0,0,0,0,0,0,0,2016,67342,340859,896940,1641690,2853325,5107194,8083763,11154843,13360578,13736099,13077141,11714043,10067850,8417817,6743705,5205196,3824744,2723928,1927513,1338684,916803,621139,408036,253247,142528,71826,35523,21428,12980,7884,4791,2905,1757,1056,626,379,231,132,81,47"
unhcr_southern_africa,1985,"0,0,0,0,0,0,0,0,0,2224,76980,367263,949236,1720814,3073094,5560480,8437837,11589946,13866581,14151767,13374069,11821424,10270692,8601164,6904159,5298958,3910821,2788906,1959828,1357808,925638,623025,406490,249365,138416,68885,34826,21098,12783,7758,4714,2858,1728,1041,613,371,225,130,78,47"
unhcr_southern_africa,1986,"0,0,0,0,0,0,0,0,0,2810,92854,413911,1029093,1807815,3206892,5657586,8822494,12027749,14333711,14590160,13794171,12239507,10532786,8782407,7074936,5450433,3980660,2825917,1984429,1370498,932228,626676,407586,249044,137474,67658,35174,21305,12911,7840,4762,2886,1745,1052,621,373,229,132,79,47"
unhcr_southern_africa,1987,"0,0,0,0,0,0,0,0,0,1821,50997,297793,867082,1705234,3156597,5897699,9164297,12633599,14995306,15153224,14231924,12541667,10871598,9067267,7264771,5599956,4113721,2926925,2053904,1419037,962454,645543,419137,255337,140685,69016,35775,21661,13120,7960,4837,2938,1771,1068,627,378,231,134,80,49"
unhcr_southern_africa,1988,"0,0,0,0,0,0,0,0,0,989,33885,240390,767499,1604951,3031554,5858184,9513111,13108658,15442222,15708704,14727693,12921288,11143712,9391735,7554165,5887507,4338944,3088992,2166008,1500080,1019490,684584,446108,273160,151477,74975,37730,22853,13846,8408,5106,3100,1875,1135,665,398,244,142,84,50"
unhcr_southern_africa,1989,"0,0,0,0,0,0,0,0,0,1533,32796,225335,739668,1622143,3260292,6273311,9991265,13601733,15897311,16110290,15093666,13238627,11394221,9627701,7796532,6035088,4432023,3171002,2228961,1542070,1048367,704558,458756,280364,155155,76664,38535,23349,14151,8594,5221,3174,1920,1165,685,405,248,146,86,53"
unhcr_southern_africa,1990,"0,0,0,0,0,0,0,0,0,2931,38412,239401,771503,1742734,3672227,6943391,10542151,14144176,16333335,16522864,15265993,13356816,11641211,9824318,7917632,6119984,4518822,3226281,2275763,1572439,1072427,722232,470341,286753,158051,77782,38987,23631,14323,8690,5279,3206,1944,1179,693,408,250,149,86,53"
unhcr_southern_africa,1991,"0,0,0,0,0,0,0,0,0,2889,35242,233573,789925,1981891,4398276,7793710,11526803,15017948,16852079,16741497,15078397,13225114,11581838,9820128,7972611,6188731,4559165,3252913,2292086,1583386,1077431,722696,468619,284313,156221,76594,39706,24041,14568,8842,5365,3264,1974,1192,705,416,253,152,87,53"
unhcr_southern_africa,1992,"0,0,0,0,0,0,0,0,0,2394,50247,309589,987415,2595499,5357088,8881834,12646075,15800297,17383906,16913091,15138407,13114779,11381768,9550569,7745204,5939827,4345621,3134106,2219357,1530960,1048087,705555,455261,274763,149156,71885,36785,22240,13469,8160,4956,3012,1819,1097,650,379,232,137,81,47"
unhcr_southern_africa,1993,"0,0,0,0,0,0,0,0,0,4803,42982,274081,1080816,3210541,6411476,9737168,13433548,16313140,17782218,17104702,15211343,13336421,11499002,9506816,7531554,5741747,4165240,3021457,2140592,1479014,1025112,694549,447907,268591,144245,69055,34951,21130,12790,7759,4704,2858,1729,1041,616,357,219,127,75,39"
unhcr_southern_africa,1994,"0,0,0,0,0,0,0,0,6,5537,48495,298391,1241733,3669758,7123794,10737535,14240186,16690668,17998359,17256693,15231104,13416810,11532545,9616465,7694530,5837793,4237352,3073294,2161216,1491584,1032348,694284,445310,265178,142010,68506,36224,21910,13270,8055,4891,2977,1799,1082,641,377,230,134,78,41"
unhcr_southern_africa,1995,"0,0,0,0,0,0,0,0,5,4975,43906,303752,1339148,4031321,7440201,10971341,14365708,16796379,18242579,17478518,15604203,13879918,11965291,9965378,7998483,6125953,4475359,3221184,2269066,1560560,1071521,721568,463226,276697,149331,73014,37851,22908,13882,8425,5116,3114,1886,1133,679,391,231,137,79,44"
unhcr_southern_africa,1996,"0,0,0,0,0,0,0,0,103,3349,30611,269098,1329440,4112800,7463967,11054768,14532678,16897208,18348659,17723075,15936572,14169248,12387009,10389137,8427334,6486268,4752334,3400708,2386033,1633325,1109291,740895,473501,281648,152451,75096,40501,24506,14853,9018,5474,3329,2019,1214,725,423,249,147,85,49"
unhcr_southern_africa,1997,"0,0,0,0,0,0,0,0,0,820,19216,271899,1511089,4516176,7815466,11431807,14836460,17085910,18535133,17940737,16133306,14376502,12610854,10627027,8585220,6586290,4846296,3462068,2419996,1653888,1117251,741243,471189,278364,150125,74026,40937,24757,15000,9102,5524,3357,2037,1223,733,428,251,146,83,50"
unhcr_southern_africa,1998,"0,0,0,0,0,0,0,0,0,972,24590,329878,1702219,4790360,8101247,11794028,15327858,17744604,18932234,18051314,16349638,14636062,12844002,10772271,8674624,6654894,4900161,3486920,2418847,1646625,1106030,726489,455573,264950,140770,69578,40099,24229,14668,8901,5398,3281,1989,1195,714,420,247,143,80,49"
unhcr_southern_africa,1999,"0,0,0,0,0,0,0,0,0,860,23885,378616,1983353,5189455,8462806,12109898,15752259,18271822,19362984,18460304,16828925,14976105,12935772,10861680,8767374,6695814,4875877,3450304,2387432,1616834,1079754,704599,436407,249605,129879,63965,37360,22597,13690,8306,5045,3067,1864,1115,661,393,231,134,74,45"
unhcr_southern_africa,2000,"0,0,0,0,0,0,0,0,0,1081,22367,428364,2447175,5908802,9445716,12993744,16276061,18803270,19581927,18505198,16683160,14751326,12937983,10937665,8783461,6717316,4908807,3471206,2385164,1607326,1068290,692834,425538,241139,123579,61894,36922,22341,13530,8218,4991,3035,1840,1109,654,384,230,131,73,45"
unhcr_southern_africa,2001,"0,0,0,0,0,0,0,0,233,1621,20384,651936,2973883,6452145,9961237,13530366,17034079,19378812,19882889,18658972,16864925,14783546,12840255,10856676,8824986,6747253,4926713,3485423,2387228,1611698,1073540,693730,424033,237603,120440,60133,35861,21702,13143,7980,4849,2951,1786,1070,637,374,221,127,70,42"
unhcr_southern_africa,2002,"0,0,0,0,0,0,0,0,525,2624,25027,707681,3125290,6621716,10228666,13748824,17239441,19888953,20964399,19631114,17456966,15093299,12950472,10698525,8527111,6531906,4820983,3476437,2451038,1710687,1174377,778019,488293,284677,151109,75270,42213,25575,15508,9422,5733,3493,2110,1271,757,448,271,157,88,54"
unhcr_southern_africa,2003,"0,0,0,0,0,0,0,0,507,3372,52882,617664,2841751,6478543,10015218,13834449,17284353,20678282,22212099,21009340,18777394,15997296,13302032,10651623,8175126,6213407,4588297,3308733,2411402,1734743,1223993,836204,532320,312900,167649,84556,44851,27173,16470,10006,6087,3701,2243,1354,805,477,290,166,97,59"
unhcr_southern_africa,2004,"0,0,0,0,0,0,0,0,56,2422,35001,522303,2599724,6359646,10000506,13792904,17418031,21001860,22735923,21603830,19584838,16799788,13866585,10865606,8345141,6299272,4650142,3370089,2496188,1867576,1381993,987552,658909,406634,229893,121771,62479,34831,21129,12837,7804,4742,2883,1745,1048,628,381,218,133,79"
unhcr_southern_africa,2005,"0,0,0,0,0,0,0,3,360,2217,43479,467017,2364958,6124719,9886694,13913572,17705243,21174491,22976206,22065319,20243479,17522063,14712122,11547677,8715596,6391485,4645686,3415786,2568935,1968098,1518201,1130867,788607,509063,301425,167164,89380,47550,28241,17181,10454,6368,3868,2346,1411,851,519,304,183,110"
unhcr_southern_africa,2006,"0,0,0,0,0,0,0,193,11078,41005,124151,482828,1925388,5367569,9283046,13573309,17783787,21107446,23071317,22255490,20667020,18352094,15600198,12484808,9674921,7163643,5147329,3753647,2804380,2146150,1681470,1291000,938291,634486,396365,230393,126864,67458,36635,22110,13465,8201,4991,3035,1832,1105,672,401,238,145"
unhcr_southern_africa,2007,"0,0,0,0,0,0,0,0,2003,43755,156822,427659,1352935,3985295,8440118,13266702,18262990,22049946,24259285,23748793,21752820,19369961,16214889,12950139,9919132,7381454,5455549,4004823,2919626,2227008,1737366,1311863,943050,630686,392469,228467,126029,66984,37581,22956,13977,8521,5181,3151,1899,1149,697,419,249,148"
unhcr_southern_africa,2008,"0,0,0,0,0,0,0,0,1805,42754,164673,485115,1244321,3360333,7533235,12428155,18300365,22755384,25049707,24839797,22774716,20268401,16957667,13618332,10458942,7903192,5810403,4200814,3067189,2323460,1812982,1368100,983167,659819,414631,243341,134612,71810,37691,22479,13678,8336,5073,3080,1854,1119,678,409,243,142"
unhcr_southern_africa,2009,"0,0,0,0,0,0,0,0,2248,58789,233872,654801,1576321,3864257,8008384,13022441,18801991,23312705,25364999,24981245,23080373,20747287,17472209,13899588,10629349,8070548,5934284,4299685,3111676,2341816,1818205,1375102,992665,667864,419307,245511,135479,71678,37563,22259,13541,8250,5019,3047,1827,1104,670,407,238,139"
unhcr_southern_africa,2010,"0,0,0,0,0,0,0,0,0,34758,205135,628281,1521673,3355028,7161513,12593117,18456219,23697329,26155388,25824717,23868878,21568764,18316875,14789477,11399826,8668232,6419167,4561611,3317346,2511523,1941046,1494115,1100171,757686,482343,285987,161443,87901,45897,25647,15599,9506,5788,3514,2122,1279,779,468,277,161"
unhcr_southern_africa,2011,"0,0,0,0,0,0,0,0,0,1386,76922,440990,1450819,3403893,6902806,12189835,18124199,23570329,26788785,26850347,25085639,22596416,19410676,15717730,12084216,9142026,6755000,4752620,3450711,2605479,1998392,1526513,1115036,763440,485236,287998,163297,89502,47116,26442,16080,9789,5960,3614,2186,1324,803,481,286,170"
unhcr_southern_africa,2012,"0,0,0,0,0,0,0,0,0,800,41744,370967,1367470,3264078,6359436,11311811,17360559,23605615,27785366,28129269,26396984,23727035,20489858,16591835,12864510,9692600,7155270,5082890,3653177,2724749,2069890,1567655,1135300,770238,486650,288221,163854,90406,48011,27056,16439,10003,6094,3685,2231,1357,819,492,290,172"
unhcr_southern_africa,2013,"0,0,0,0,0,0,0,0,0,1589,49323,379673,1408453,3374226,6437637,11392802,17562149,23886943,28271622,29147146,27544539,24591655,21153072,17070220,13295804,10078054,7413677,5282377,3816338,2796199,2108817,1586091,1133483,759679,476093,281235,159476,88162,47175,27030,16421,9986,6083,3682,2229,1352,819,487,291,173"
unhcr_southern_africa,2014,"0,0,0,0,0,0,0,0,0,627,27996,296829,1309665,3386810,6587013,11636228,17946159,24606197,29322277,30322066,28394703,25256201,21766975,17527011,13603297,10355736,7656014,5450954,3930354,2878378,2157897,1606071,1132535,747767,461988,270782,153147,84839,45989,27170,16488,10025,6104,3692,2236,1358,823,487,293,176"
unhcr_southern_africa,2015,"0,0,0,0,0,0,0,0,0,145,22902,298055,1351723,3530535,6898977,12142232,18838898,25904354,30327454,31245208,29214408,25865458,22059697,17706029,13753434,10489361,7756470,5582390,4028417,2931974,2192594,1626547,1138915,745085,456392,266787,150671,83659,45502,26861,16301,9901,6025,3641,2202,1338,814,479,288,171"
unhcr_southern_africa,2016,"0,0,0,0,0,0,0,0,0,310,26159,323566,1459177,3803779,7444678,13027302,20115128,27629660,31896646,32234742,29790843,26033903,22047955,17566408,13610812,10376093,7640167,5478758,3947129,2898403,2186831,1625872,1139152,744487,455890,267006,151068,84154,45415,26907,16309,9900,6021,3643,2202,1335,807,479,288,171"
unhcr_southern_africa,2017,"0,0,0,0,0,0,0,0,0,408,40362,403701,1670752,4172857,8161776,14161306,21527685,29139105,33014622,33035328,30235848,26134234,21927240,17453579,13523478,10311596,7555797,5398174,3865202,2847964,2170355,1627346,1145768,750799,460990,270088,152670,84773,46078,27202,16503,10028,6100,3696,2235,1353,823,488,294,175"
unhcr_southern_africa,2018,"0,0,0,0,0,0,0,0,0,430,29429,375440,1701760,4403254,8764706,15172770,22933519,30665708,34240503,34081363,30644459,26355472,22038937,17416788,13437262,10181951,7472793,5375414,3903688,2917434,2223208,1663629,1171421,769870,473512,277847,157769,88345,47532,27485,16681,10138,6171,3739,2264,1371,831,496,295,174"
unhcr_southern_africa,2019,"0,0,0,0,0,0,0,0,0,493,31982,391588,1774387,4667247,9422785,16252023,24480001,32506517,35853690,34872342,30886348,26412584,22000117,17316920,13340327,10072552,7462193,5403414,3924918,2925943,2207662,1641314,1156876,762528,469875,275595,156127,87099,46612,26873,16289,9899,6014,3648,2206,1333,808,488,295,174"
unhcr_southern_africa,2020,"0,0,0,0,0,0,0,0,0,2457,48038,478861,2105688,5553650,10663153,18429559,27392078,34717813,36847046,35229703,30978472,26291937,21483478,16749240,12965307,9688538,7098331,5128424,3741588,2797755,2109670,1553654,1081367,704151,429183,248957,140463,77373,41773,24916,15120,9201,5583,3382,2046,1237,756,456,276,163"
unhcr_southern_africa,2021,"0,0,0,0,0,0,0,0,0,1382,34907,414022,1976049,5453198,10667280,18424021,27674721,35349831,38010595,36650091,32081317,27351949,22250745,17173761,13320886,9982308,7240467,5200741,3825319,2892958,2200687,1634052,1146340,752403,461881,269878,152460,84231,45335,26863,16289,9901,6018,3644,2207,1334,813,490,295,174"
unhcr_southern_africa,2022,"0,0,0,0,0,0,0,0,0,1491,31534,327054,1744567,5195878,10503815,18302525,27860600,36047575,39098413,38045428,33544461,28328266,23037343,17691086,13758030,10304157,7519469,5426947,3959558,2974562,2271700,1696050,1186262,773151,471904,275039,155096,86189,46319,27432,16630,10106,6136,3723,2248,1361,830,501,302,181"
unhcr_southern_africa,2023,"0,0,0,0,0,0,0,0,0,1687,31212,305222,1644874,4982622,10321304,18115006,27837009,36664365,40881963,39348971,34885069,29414736,24028942,18417212,14102354,10484558,7703167,5551694,4038538,3035444,2313846,1724805,1204406,782946,476750,277620,156528,86999,46791,27704,16786,10196,6192,3759,2269,1370,831,504,304,181"
unhcr_southern_africa,2024,"0,0,0,0,0,0,0,0,0,1845,33631,331889,1711672,5054287,10264396,18324115,28654924,37784108,41850990,40750843,35997044,30225436,24624906,18907722,14495344,10742303,7819383,5607950,4102811,3058811,2304394,1707806,1195741,782963,480049,280693,158474,87462,47040,27841,16867,10240,6221,3770,2282,1377,835,507,304,181"
unhcr_southern_africa,2025,"0,0,0,0,0,0,0,0,0,1864,31933,285204,1604214,5037216,10598083,18760081,29224357,38728742,42919595,41960451,37162939,31128721,25281475,19368303,14837548,10959036,8009497,5738012,4180283,3118879,2363242,1751164,1219491,791462,481458,280349,157961,87124,46874,27738,16800,10201,6194,3753,2270,1371,833,504,303,182"
unhcr_southern_africa,2026,"0,0,0,0,0,10,218,827,2288,7357,40893,259215,1397973,4567182,10014578,17986660,28614282,38669236,43955459,43422962,38927880,32661861,26664659,20521721,15770314,11731893,8601907,6143756,4428749,3253721,2428624,1782124,1235890,800887,487297,283737,159695,88145,47583,28097,17013,10325,6272,3802,2296,1387,838,509,306,183"
unhcr_southern_africa,2027,"0,0,0,0,0,8,249,998,2699,8376,40931,214512,1204329,4182155,9499853,17339614,28201491,38882713,45170239,45166823,40955988,34325871,27979485,21501905,16439026,12196763,8922638,6357378,4563700,3335375,2479969,1812960,1254262,811930,493708,287484,161818,89274,48194,28445,17213,10439,6343,3842,2322,1405,849,515,309,183"
unhcr_southern_africa,2028,"0,0,0,0,0,4,250,1088,2982,8511,38728,186186,1108834,4027359,9312880,17112924,28144242,39201241,45992428,46336975,42318515,35584681,29065085,22445708,17204796,12813877,9370239,6684999,4781382,3481673,2583761,1892978,1316491,857368,524118,306187,172815,95545,51551,30124,18226,11053,6713,4064,2457,1486,897,547,327,195"
unhcr_southern_africa,2029,"0,0,0,0,0,2,228,1095,3048,8283,36386,159655,960175,3682888,8869398,16501197,27619243,39135145,46927749,47835732,44204057,37346075,30489840,23587841,18036965,13462228,9808412,6997163,4983501,3602943,2659667,1939051,1343989,873294,533001,311089,175615,97070,52386,30592,18502,11209,6810,4121,2494,1507,907,552,332,197"
unhcr_southern_africa,2030,"0,0,0,0,0,2,256,1223,3405,9634,41159,177267,1024090,3854129,9225369,17139482,28568257,40394133,48313103,49135924,45260525,38124014,31061790,23962715,18262278,13571086,9888590,7019370,4980903,3599895,2652515,1932927,1340168,870501,531263,309964,174791,96611,52132,30462,18440,11179,6791,4112,2486,1501,908,551,330,196"
unhcr_southern_africa,2031,"0,0,0,0,0,2,285,1352,3769,10317,41279,171599,951938,3653443,8960439,16823053,28345529,40501177,49184167,50407119,46838467,39610212,32318813,25014174,19024337,14198791,10340497,7358052,5205269,3745766,2751748,2008804,1400063,915541,561987,329043,186215,103074,55566,32182,19476,11804,7169,4344,2628,1589,959,581,350,208"
unhcr_southern_africa,2032,"0,0,0,0,0,0,246,1324,3769,10054,38417,156170,853268,3395753,8620205,16416684,27933385,40470567,49940155,51711463,48421725,41141323,33701111,26239368,19934458,14937039,10875847,7740862,5447344,3904500,2856402,2087230,1461907,962125,594125,349309,198101,109887,59354,33956,20557,12449,7567,4584,2772,1675,1012,614,369,221"
unhcr_southern_africa,2033,"0,0,0,0,0,0,206,1283,3745,9903,38267,146648,806341,3317904,8591902,16448360,28161614,41084335,51017914,53036892,49811941,42417649,34722818,27059421,20572123,15404214,11203695,7964308,5590907,3997847,2914209,2122218,1483190,974615,601229,353315,200407,111084,59984,34305,20754,12565,7631,4624,2797,1690,1022,619,372,222"
unhcr_southern_africa,2034,"0,0,0,0,0,0,224,1397,4078,10658,37922,138043,731329,3087660,8236020,16032615,27734660,40994897,51677956,54307100,51450051,44098517,36132974,28298591,21473698,16151988,11755002,8380480,5862914,4173771,3029226,2205362,1546981,1022739,634685,374571,213060,118374,64145,36230,21910,13267,8056,4880,2953,1786,1082,651,394,233"
unhcr_southern_africa,2035,"0,0,0,0,0,0,181,1335,4012,10521,35780,129483,696222,3032637,8233864,16113125,27972554,41552427,52564162,55403687,52585981,45127948,37103450,29177854,22229526,16802251,12256416,8759203,6111869,4335053,3137162,2284859,1610093,1071020,668696,396393,226394,125924,68360,38153,23073,13964,8477,5142,3112,1878,1138,688,416,248"
unhcr_southern_africa,2036,"0,0,0,0,0,0,196,1443,4334,11258,35792,126411,644180,2841188,7914077,15724814,27519731,41385664,53055515,56592403,54186278,46863960,38568515,30485038,23194478,17598204,12845761,9204864,6411937,4529788,3263093,2373565,1678872,1122900,705077,419461,240245,133723,73021,40212,24321,14729,8933,5424,3283,1983,1201,725,440,261"
unhcr_southern_africa,2037,"0,0,0,0,0,0,148,1358,4227,10984,33601,115901,559504,2563261,7449066,15140997,26771141,40975637,53392200,57879475,55924443,48780740,40200215,31948813,24300054,18491463,13520226,9711920,6754918,4749486,3404242,2470800,1752334,1178070,744074,444655,255448,142482,78018,42655,25674,15549,9429,5723,3462,2095,1266,763,466,277"
unhcr_southern_africa,2038,"0,0,0,0,0,0,104,1265,4103,10709,31725,108826,527911,2502151,7422660,15199325,26974003,41501883,54286978,59030458,57099325,49834826,41158812,32838874,25065727,19154853,14062674,10124287,7044102,4934114,3525310,2556151,1818416,1229294,781597,469549,270656,151465,82988,45187,27035,16367,9926,6031,3648,2205,1334,806,491,293"
unhcr_southern_africa,2039,"0,0,0,0,0,0,111,1356,4391,11456,32329,106657,481111,2309613,7048943,14752955,26404836,41207659,54587585,60279495,58811016,51797318,42813465,34287410,26145503,20010366,14702180,10570961,7339662,5110216,3623479,2613226,1850484,1247077,791328,474974,273886,153250,83940,45714,27340,16538,10026,6092,3682,2226,1343,814,494,294"
unhcr_southern_africa,2040,"0,0,0,0,0,0,80,1237,4233,11132,31390,103272,426962,2080890,6607689,14207587,25671036,40740576,54806867,61623948,60607173,53866773,44564597,35783548,27280087,20831066,15314417,11028965,7648874,5314684,3758448,2704290,1920752,1301544,830835,501079,290079,162662,89310,48323,28754,17396,10541,6400,3869,2343,1413,856,519,312"
unhcr_southern_africa,2041,"0,0,0,0,0,0,57,1113,4061,10790,29482,97229,400271,2020257,6560034,14236063,25809585,41130458,55555881,62664810,61737350,54957951,45574308,36751425,28159747,21591983,15956759,11517159,7999937,5540024,3907472,2805565,1996388,1359254,872759,529112,307534,172720,95139,51366,30305,18334,11107,6747,4082,2470,1490,903,546,328"
unhcr_southern_africa,2042,"0,0,0,0,0,0,60,1182,4316,11464,30430,97148,375744,1874697,6225833,13811864,25234715,40773829,55665397,63794319,63299655,56847358,47212677,38199582,29279699,22459768,16661826,12040657,8385041,5788074,4065097,2909827,2072966,1417783,916007,558528,325816,183542,101327,54688,31947,19322,11706,7108,4307,2601,1573,953,576,346"
unhcr_southern_africa,2043,"0,0,0,0,0,0,38,1046,4112,11065,28861,90647,329895,1661380,5752811,13186819,24356075,40012528,55463659,64825757,64950449,58941614,49127136,39874049,30655116,23495080,17509883,12664826,8833776,6070157,4241844,3024355,2155157,1478750,960377,588673,344455,194675,107678,58083,33648,20352,12328,7486,4539,2744,1655,1007,607,364"
unhcr_southern_africa,2044,"0,0,0,0,0,0,20,912,3902,10657,27677,85440,309454,1606816,5695370,13207856,24476295,40366024,56216912,65924729,66246558,60210996,50245255,40889812,31524606,24234992,18137443,13117096,9150374,6265799,4348884,3084782,2188873,1496774,969900,593859,347444,196469,108683,58652,33968,20538,12443,7545,4578,2764,1669,1013,610,368"
unhcr_southern_africa,2045,"0,0,0,0,0,0,23,965,4121,11259,29209,86448,291100,1472958,5340819,12704019,23796116,39735656,55986638,66768750,67670533,62158194,52095670,42499901,32879077,25233706,18984720,13756108,9631829,6584691,4548938,3212676,2279416,1563272,1017955,626553,367922,208559,115648,62555,35814,21645,13105,7951,4823,2914,1756,1068,646,390"
unhcr_southern_africa,2046,"0,0,0,0,0,0,9,822,3880,10800,27967,81345,268078,1327336,4966353,12187356,23097535,39024165,55789945,67695273,69313311,64129320,53915190,44084600,34229298,26211413,19806720,14387218,10100754,6892043,4738739,3333339,2364651,1626490,1065081,659488,388871,221005,122833,66675,37692,22789,13791,8367,5078,3073,1850,1122,679,410"
unhcr_southern_africa,2047,"0,0,0,0,0,0,2,684,3636,10335,26708,76441,246096,1249172,4834099,12067714,22968806,39053105,56198629,68561951,70479155,65453614,55192757,45231396,35272367,27093900,20563905,14984627,10559475,7210478,4948235,3472088,2461395,1697423,1116147,694604,411218,234635,130598,71055,39732,24013,14536,8816,5350,3235,1950,1184,715,434"
unhcr_southern_africa,2048,"0,0,0,0,0,0,2,720,3821,10867,27962,79031,245836,1161683,4547662,11621412,22376935,38443625,55957992,69355862,71981429,67434158,57203924,46849826,36619751,28029452,21284438,15529517,10977164,7489197,5132084,3588422,2541351,1758499,1161857,727174,432346,247694,137901,75448,41608,25139,15212,9224,5602,3388,2043,1238,749,453"
unhcr_southern_africa,2049,"0,0,0,0,0,0,0,578,3558,10364,26667,74502,231273,1114486,4476064,11608871,22443311,38672250,56553687,70330882,73251480,68748323,58374725,47906219,37539753,28822343,21982708,16076906,11366581,7746765,5278310,3670066,2588026,1783333,1174809,734263,436326,250132,139275,76223,42055,25399,15361,9304,5652,3416,2059,1246,755,458"
unhcr_southern_africa,2050,"0,0,0,0,0,0,0,450,3285,9862,25419,69899,212410,973626,4055933,10946351,21541989,37601230,55952383,70849381,74815696,70873116,60564131,49694514,39134266,29966314,22928993,16830095,11937560,8133330,5510913,3809170,2681036,1849949,1223048,768627,458831,263618,147240,80892,44358,26685,16141,9782,5939,3593,2166,1308,796,480"
unhcr_southern_africa,2051,"0,0,0,0,0,0,0,472,3442,10330,26622,71580,208287,891541,3751476,10393528,20802192,36664244,55337151,71121741,76113703,72779627,62700071,51446164,40720916,31129831,23885954,17599213,12540138,8557224,5775510,3968203,2783932,1924582,1277071,806335,483525,278706,156175,85851,46900,28038,16963,10272,6240,3778,2280,1375,836,504"
unhcr_southern_africa,2052,"0,0,0,0,0,0,0,344,3153,9792,25369,67203,196316,844197,3656737,10296575,20732748,36650489,55580249,71796061,77197145,74050879,63892129,52551580,41762298,32044782,24684205,18304091,13089216,8956206,6028755,4125448,2887985,2000287,1332074,845240,509224,294619,165436,91183,49532,29474,17825,10792,6558,3971,2393,1448,877,532"
unhcr_southern_africa,2053,"0,0,0,0,0,0,0,239,2863,9257,24145,63209,183248,740074,3296162,9665802,19886694,35557849,54873681,71971271,78532191,75919156,66079489,54357581,43413814,33300233,25691389,19136940,13752439,9445034,6340695,4313947,3006879,2083920,1391693,886957,536871,311718,175247,96892,52549,30995,18742,11352,6894,4177,2522,1524,923,558"
unhcr_southern_africa,2054,"0,0,0,0,0,0,0,251,2988,9663,25206,65310,183640,683024,3035434,9126065,19161598,34580893,54153892,71963372,79759783,77813803,68393535,56302330,45150599,34592387,26708068,19949727,14324890,9825712,6557146,4423051,3065247,2114247,1406072,893982,540683,314014,176652,97661,52953,31224,18866,11418,6928,4202,2532,1526,927,561"
unhcr_southern_africa,2055,"0,0,0,0,0,0,0,175,2667,9101,23926,61868,173200,637039,2919975,8969534,18963918,34348092,54176814,72510482,80866251,79274345,69873019,57557710,46247607,35515432,27473886,20638186,14865406,10237923,6829393,4586363,3170236,2189722,1460634,933326,567517,330537,186421,103363,56076,32769,19815,11995,7277,4411,2664,1605,977,588"
unhcr_southern_africa,2056,"0,0,0,0,0,0,0,122,2345,8547,22694,58576,165499,582916,2673108,8468364,18353404,33514966,53630303,72648669,82268757,81088628,71951192,59336369,47814349,36692360,28325098,21264932,15379973,10616055,7079191,4747916,3272750,2264551,1516228,973530,595006,347551,196573,109105,59133,34262,20714,12534,7602,4613,2784,1682,1020,617"
unhcr_southern_africa,2057,"0,0,0,0,0,0,0,77,2038,7994,21499,55665,157257,520892,2383192,7825190,17462886,32212507,52445840,72135503,83280286,82908182,74330565,61454885,49705685,38202970,29466865,22205926,16121955,11179837,7455004,4973240,3409022,2357744,1581756,1019166,625847,366854,207891,115618,62816,35984,21752,13160,7978,4846,2928,1759,1069,647"
unhcr_southern_africa,2058,"0,0,0,0,0,0,0,80,2120,8312,22357,57900,160366,509945,2339602,7744857,17351946,32136828,52511290,72529420,84107755,84133328,75802385,62805234,50883005,39244278,30319538,22930893,16641506,11530955,7680682,5095893,3480698,2400371,1604373,1030827,632074,370326,209963,116752,63477,36357,21964,13283,8050,4885,2953,1771,1079,653"
unhcr_southern_africa,2059,"0,0,0,0,0,0,0,42,1814,7742,21137,54601,150454,466423,2119518,7232062,16688761,31198103,51699839,72262395,85104081,85691009,77750147,64579640,52512623,40612726,31395186,23838993,17384432,12091575,8065557,5324525,3619878,2496372,1671411,1078081,664328,390587,221939,123672,67487,38216,23078,13956,8454,5132,3100,1866,1132,684"
unhcr_southern_africa,2060,"0,0,0,0,0,0,0,16,1524,7176,19956,51966,143957,430478,1902280,6672903,15866951,29949694,50390740,71505872,85847585,87395466,80079480,66803852,54421018,42231976,32590223,24812864,18147420,12655589,8447519,5550636,3751895,2585455,1733878,1122030,694891,410202,233702,130419,71349,40011,24167,14613,8854,5378,3246,1960,1186,718"
unhcr_southern_africa,2061,"0,0,0,0,0,0,0,4,1251,6622,18809,48992,135868,402112,1804710,6479595,15625998,29643781,50155926,71678790,86608234,88654892,81623848,68251366,55672032,43388380,33576508,25649993,18786778,13090565,8734964,5710974,3839356,2636937,1761886,1136587,702428,414320,236194,131777,72130,40453,24423,14764,8939,5427,3279,1975,1193,723"
unhcr_southern_africa,2062,"0,0,0,0,0,0,0,4,1295,6861,19490,50561,137700,395514,1680474,6090299,14998373,28772497,49196390,71056128,87136177,89974213,83536775,70168801,57373777,44896220,34698564,26600586,19584164,13702512,9171816,5983038,3996761,2740825,1833793,1186219,736509,436018,249349,139151,76580,42422,25600,15475,9368,5686,3440,2067,1249,759"
unhcr_southern_africa,2063,"0,0,0,0,0,0,0,0,1027,6297,18328,47529,129591,372815,1511613,5614488,14287372,27748182,48094947,70452897,87841095,91629289,85719941,72436512,59213617,46433939,35759409,27377388,20161817,14166558,9495377,6196594,4128180,2827441,1897694,1232097,768729,457128,262033,146432,80756,45736,27600,16684,10099,6131,3710,2236,1351,818"
unhcr_southern_africa,2064,"0,0,0,0,0,0,0,0,787,5738,17212,44780,121324,348479,1422431,5423678,14024138,27374416,47704028,70350435,88294589,92621051,87055496,73808559,60456714,47663709,36859459,28318106,20949862,14773409,9938401,6481004,4295504,2937347,1975190,1285853,805706,481312,276600,154986,85518,48073,28959,17502,10594,6429,3893,2345,1417,862"
unhcr_southern_africa,2065,"0,0,0,0,0,0,0,0,570,5196,16127,42084,113046,323179,1251734,4905307,13161123,26128866,46110414,69166856,88426156,94136593,89438080,76412753,62594066,49560214,38233324,29420077,21792831,15341657,10311169,6691960,4408082,3002338,2009791,1303091,814029,485468,278723,156176,86229,48502,29205,17654,10680,6478,3923,2364,1427,868"
unhcr_southern_africa,2066,"0,0,0,0,0,0,0,0,590,5367,16661,43396,115646,325016,1184929,4612858,12614288,25411190,45239045,68647107,88720884,95383919,91134916,78314258,64130428,51005373,39294625,30315602,22567973,15966925,10773925,6986449,4569994,3102630,2079659,1351172,848282,508498,293058,164504,91043,50761,30539,18459,11171,6771,4106,2474,1494,907"
unhcr_southern_africa,2067,"0,0,0,0,0,0,0,0,407,4814,15561,40811,108531,304072,1106606,4429645,12341220,25016643,44744666,68355316,89000047,96304181,92501292,79780400,65399903,52197253,40392540,31258326,23393266,16615256,11257986,7316001,4764176,3227252,2167073,1410449,888658,535113,309389,173822,96457,53511,32050,19367,11717,7101,4304,2597,1564,953"
unhcr_southern_africa,2068,"0,0,0,0,0,0,0,0,282,4253,14501,38272,101676,284341,978159,3981787,11496542,23814167,43070779,66958775,88631610,97542609,94694102,82441153,67625493,54226704,41935809,32451436,24333362,17261836,11681231,7570548,4901930,3309257,2212016,1432452,899857,541091,312655,175693,97497,54098,32380,19550,11819,7161,4344,2618,1576,959"
unhcr_southern_africa,2069,"0,0,0,0,0,0,0,0,194,3699,13476,35881,95168,265631,867546,3570102,10675801,22648106,41358171,65422595,87972678,98553902,96656759,85002682,69817579,56207639,43474383,33674240,25351616,18079270,12266830,7960859,5125188,3444004,2303857,1493270,940609,567979,328812,185057,102949,56980,33926,20490,12393,7504,4555,2746,1652,1003"
unhcr_southern_africa,2070,"0,0,0,0,0,0,0,0,200,3814,13887,37109,100048,280042,898774,3632409,10774876,22784803,41569401,65699045,88458057,99340912,97679354,86043350,70753365,57038676,44196824,34272634,25840479,18525675,12620020,8227249,5299894,3554683,2383867,1548986,979239,594278,344933,194586,108285,59679,35362,21348,12911,7819,4747,2862,1726,1045"
unhcr_southern_africa,2071,"0,0,0,0,0,0,0,0,125,3136,12148,32825,88786,250551,788435,3247038,10022886,21816488,40177178,64569510,88058972,100426087,99455771,88419040,72795796,58880348,45673046,35454450,26792276,19214996,13072643,8493646,5434349,3625615,2422653,1568274,988720,599197,347654,196283,109211,60210,35653,21509,12999,7872,4777,2877,1734,1049"
unhcr_southern_africa,2072,"0,0,0,0,0,0,0,0,65,2534,10510,28810,79708,228902,707243,2914242,9272868,20718696,38446501,62807506,86896955,101027292,101134086,90888665,75100772,60975373,47406345,36821941,27906472,20127449,13735049,8948380,5700919,3779316,2526765,1636496,1033773,629517,366489,207021,115381,63582,37366,22546,13622,8246,5001,3020,1817,1099"
unhcr_southern_africa,2073,"0,0,0,0,0,0,0,0,26,2041,9057,25080,69570,202010,615183,2556397,8460868,19546031,36732388,61100359,85845486,101739608,102931018,93465362,77498981,63004225,49080886,38086331,28934867,20974239,14348478,9372036,5943086,3911958,2617264,1696655,1074231,657216,384240,217263,121343,67110,39482,23832,14407,8714,5288,3194,1925,1164"
unhcr_southern_africa,2074,"0,0,0,0,0,0,0,0,6,1529,7579,21481,61887,186021,574457,2441455,8243351,19248670,36257393,60573975,85637376,102116801,103957230,94915248,78978042,64324577,50344678,39163480,29848918,21695203,14849639,9704301,6122308,4003145,2668672,1723515,1087733,663995,387890,219529,122561,67802,39864,24038,14532,8786,5335,3221,1939,1175"
unhcr_southern_africa,2075,"0,0,0,0,0,0,0,0,6,1571,7789,22053,64117,192701,579392,2328322,7855468,18645422,35331458,59590885,84892991,102477797,104897921,96475437,80623533,65895819,51777728,40355878,30865894,22585533,15521985,10189705,6422666,4169870,2777612,1795651,1134334,694952,407604,231345,129158,71327,41668,25123,15181,9181,5569,3366,2026,1225"
unhcr_southern_africa,2076,"0,0,0,0,0,0,0,0,0,1256,7100,20549,59351,179580,535202,2081920,7202977,17637014,33785988,57780709,83572233,102828819,106577085,99108141,83382159,68224408,53701794,41662775,31760742,23176611,15905787,10405776,6538019,4228987,2807144,1809678,1140628,697455,408445,231618,129264,71376,41680,25126,15171,9178,5561,3363,2023,1227"
unhcr_southern_africa,2077,"0,0,0,0,0,0,0,0,0,938,5961,17620,50801,157057,475573,1816592,6507897,16511106,32130079,55751582,81933123,102695576,107836989,101382941,85950551,70376704,55668362,43174588,32984206,24193038,16671208,10945135,6872498,4412842,2924299,1886954,1190419,730301,429424,244279,136248,75328,43614,26275,15868,9594,5815,3517,2113,1284"
unhcr_southern_africa,2078,"0,0,0,0,0,0,0,0,0,688,4961,15071,46035,148208,459602,1766126,6395480,16359024,31817703,55237395,81536685,102749371,108434479,102431519,87163336,71482573,56800502,44238915,33910236,25034326,17327918,11431982,7184785,4585303,3036831,1964093,1241087,764188,451308,257347,143732,79608,45683,27516,16610,10043,6086,3681,2215,1339"
unhcr_southern_africa,2079,"0,0,0,0,0,0,0,0,0,526,4169,12929,39682,131458,406898,1533304,5751698,15312017,30350915,53295682,79994084,102491102,109455903,104407506,89662215,73714882,58937631,45885716,35257764,26044364,18011152,11865836,7424342,4701966,3096030,1995330,1255628,770274,454227,258948,144574,80007,45646,27485,16586,10032,6070,3683,2210,1336"
unhcr_southern_africa,2080,"0,0,0,0,0,0,0,0,0,540,4272,13246,39362,130169,399300,1438619,5383165,14601044,29366848,52019574,78966057,102347469,110383153,105912152,91539203,75313480,60530849,47094515,36279061,26938400,18729061,12394555,7770462,4888729,3211961,2072368,1304782,803200,475721,271864,152080,84199,47633,28678,17310,10466,6337,3838,2307,1394"
unhcr_southern_africa,2081,"0,0,0,0,0,0,0,0,0,337,3314,10745,32101,110712,354185,1257258,4841924,13620392,27974082,50015271,77199603,101726765,111659587,108329362,94464566,77734132,62582412,48518128,37351852,27698208,19279799,12742837,7937049,4960990,3246911,2089342,1312637,806350,476846,272517,152494,84359,47684,28672,17289,10444,6319,3825,2301,1389"
unhcr_southern_africa,2082,"0,0,0,0,0,0,0,0,0,238,2920,9924,29483,100305,322955,1154409,4613084,13286492,27543028,49402714,76721956,101711905,111975740,109089425,95561841,78853190,63789084,49724851,38453233,28677509,20048196,13315789,8323659,5168935,3375786,2178008,1369903,842859,500058,286417,160360,88871,49789,29937,18063,10910,6601,3995,2407,1452"
unhcr_southern_africa,2083,"0,0,0,0,0,0,0,0,0,108,2065,7619,23577,86521,291844,1024711,4162716,12407047,26340450,47475544,74811467,100585210,112350599,110432237,97767337,80920409,65922396,51537955,39959795,29912889,21009890,13990521,8766366,5409123,3512743,2268394,1427337,880264,524416,301346,168796,93724,52211,31273,18859,11390,6889,4173,2517,1514"
unhcr_southern_africa,2084,"0,0,0,0,0,0,0,0,0,58,1771,6987,21277,77973,266165,907286,3717816,11462173,24999845,45438669,72738071,99377427,112991764,112108147,100277580,83212615,68047427,53274672,41398776,31114142,21877980,14557965,9105359,5579045,3597101,2314297,1451150,891643,530111,304520,170518,94648,52727,31558,19016,11490,6945,4206,2535,1522"
unhcr_southern_africa,2085,"0,0,0,0,0,0,0,0,0,24,1492,6394,19605,74305,257018,857776,3438713,10795874,24168153,44164457,71379419,98542740,113536607,113249468,102072967,84818724,69616827,54619144,42537982,32147325,22764626,15196390,9537686,5805132,3718482,2397781,1505606,927046,553118,318431,178559,99305,55113,32855,19799,11967,7233,4380,2645,1590"
unhcr_southern_africa,2086,"0,0,0,0,0,0,0,0,0,24,1524,6535,20557,81012,281494,914287,3524302,10908354,24302724,44213465,71331757,98450616,113514365,113654055,102960923,85884547,70652857,55593503,43361342,32789446,23209995,15491376,9709395,5901071,3768990,2422243,1517459,932465,555618,319718,179309,99623,56344,33780,20353,12289,7428,4499,2713,1632"
unhcr_southern_africa,2087,"0,0,0,0,0,0,0,0,0,0,800,3933,12899,59601,227736,767306,3059882,9889788,22858774,42180495,69081531,96821483,113735433,115061472,105387741,88266728,72736244,57397659,44820005,34045734,24261107,16273353,10242825,6201599,3933008,2529953,1586739,976457,583302,336535,189174,105070,58978,35297,21261,12829,7761,4696,2834,1703"
unhcr_southern_africa,2088,"0,0,0,0,0,0,0,0,0,0,637,3561,11512,54208,212827,707273,2761178,9106171,21671894,40439389,67021248,95276641,113862391,116308646,107649941,90631069,74802059,59244227,46226851,35208380,25152913,16863813,10592860,6372765,4009300,2567811,1605083,984372,586642,338250,190153,105620,59302,35479,21368,12893,7796,4718,2847,1710"
unhcr_southern_africa,2089,"0,0,0,0,0,0,0,0,0,0,494,3199,10564,49704,199592,659581,2489589,8364123,20491380,38646612,64652173,93254995,113502796,117312355,109798736,93073906,76838702,61073966,47666516,36493408,26271948,17717093,11187060,6708406,4184930,2682747,1680175,1031498,616248,356372,200628,111455,62235,37092,22318,13464,8143,4923,2977,1788"
unhcr_southern_africa,2090,"0,0,0,0,0,0,0,0,0,0,171,1372,5046,32836,153632,545620,2112980,7462876,19079676,36804327,62425207,91524563,113480294,118724463,112216054,95891513,79248484,63164590,49115686,37545904,26967403,18162419,11444798,6837792,4246682,2711203,1693374,1036541,617955,356928,200795,111464,62212,37050,22279,13440,8122,4911,2967,1780"
unhcr_southern_africa,2091,"0,0,0,0,0,0,0,0,0,0,121,1217,4768,33851,158644,558744,2122056,7466023,19225736,37055095,62448726,91655822,113469030,118669471,112338824,96145867,79691386,63861212,49947294,38402743,27810332,18827438,11935908,7123629,4388497,2806581,1758396,1078737,644897,373793,210729,116987,65357,38933,23411,14123,8535,5158,3123,1874"
unhcr_southern_africa,2092,"0,0,0,0,0,0,0,0,0,0,78,1217,6193,37133,167340,568416,2003939,6986148,18317195,35619073,60165204,89302621,112467620,119184647,114085339,98596795,81851337,65952928,51610862,39775423,28901320,19559663,12405123,7383757,4510533,2868109,1790911,1094910,652690,377946,213246,118332,66080,39310,23612,14236,8598,5198,3142,1885"
unhcr_southern_africa,2093,"0,0,0,0,0,0,0,0,0,0,82,1380,8823,45271,190399,616807,1998765,6746257,17799178,34772599,58489220,87246529,111162289,118965275,115018127,100465972,83661669,67812109,53111735,41046972,30044186,20438082,13068416,7796786,4724545,2993103,1868019,1142558,682219,395891,223694,124258,69112,41000,24626,14844,8969,5420,3276,1969"
unhcr_southern_africa,2094,"0,0,0,0,0,0,0,0,0,0,47,1155,9156,45090,188518,607539,1870117,6226424,16741513,33366158,56527442,85233389,110300013,119753486,116844156,103029976,85926712,69824264,54538765,42107435,30795082,20975167,13388932,7967542,4817474,3040875,1892415,1154830,687537,398314,225084,124836,69310,41047,24627,14831,8958,5405,3269,1964"
unhcr_southern_africa,2095,"0,0,0,0,0,0,0,0,0,0,19,897,7979,39697,171739,563996,1699454,5669142,15650803,31940952,54537497,83223705,109249779,119932573,117880975,105006874,87783574,71814256,56210052,43524202,32057652,21962894,14122367,8418593,5047754,3179366,1981436,1209567,720241,417956,236550,131136,72545,42670,25602,15420,9310,5625,3395,2045"
unhcr_southern_africa,2096,"0,0,0,0,0,0,0,0,0,0,3,699,6998,35193,156630,523063,1548932,5129479,14479695,30372603,52420405,80892305,107898125,120375433,119396955,107496063,90032642,73952111,57983922,44885065,33168546,22723758,14619605,8715521,5186907,3246559,2016874,1225687,727507,421913,238999,132502,73290,43077,25828,15539,9377,5666,3417,2059"
unhcr_southern_africa,2097,"0,0,0,0,0,0,0,0,0,0,0,363,6384,33720,152255,510746,1509538,5033715,14317684,30195864,52191387,80672776,107879974,120722055,120113801,108359524,90794577,74690742,58630106,45418489,33647288,23124189,14962688,8940714,5307417,3323886,2069730,1261835,751821,437369,247681,137412,75926,44363,26609,16010,9671,5842,3527,2124"
unhcr_southern_africa,2098,"0,0,0,0,0,0,0,0,0,0,0,352,6395,33670,146722,485173,1387785,4541126,13193019,28676755,50272965,78621269,106640270,121085406,121226067,110346195,92749273,76601757,60363826,46870653,34838373,23968059,15499828,9268675,5478520,3412488,2117688,1286901,763907,443482,251243,139340,76956,44924,26916,16185,9764,5897,3555,2141"
unhcr_southern_africa,2099,"0,0,0,0,0,0,0,0,0,0,0,253,6031,33089,138846,452503,1256257,4033250,11977737,26901444,47957803,76007663,104813109,121150891,122367966,112551790,95008642,78751982,62296173,48438226,36181170,25007804,16237243,9760201,5727338,3548219,2207162,1342926,797362,463500,262881,146021,80404,46653,27965,16809,10139,6124,3694,2227"
unhcr_southern_africa,2100,"0,0,0,0,0,0,0,0,0,0,0,259,5598,31892,131751,429289,1172893,3686574,11109818,25643399,46444613,74300099,103548806,121317775,123309825,114438502,97103842,80650876,63891283,49590705,37029079,25591738,16621603,9974697,5846034,3614205,2240926,1360446,805367,466973,264753,146873,80706,46757,27979,16805,10126,6114,3683,2221"
unhcr_west_central_africa,1800,"3,71,242,707,1951,5600,15232,38204,90898,194344,381208,730263,1367591,2333369,3294615,3935109,4161281,3743953,2862126,1921255,1181707,681495,374906,197005,98853,49170,25992,14061,7508,4078,2280,1313,766,428,229,113,47,20,10,0,0,0,0,0,0,0,0,0,0,0"
unhcr_west_central_africa,1801,"3,71,242,707,1951,5600,15232,38204,90899,194353,381241,730373,1367838,2333772,3295189,3935885,4162251,3744934,2862917,1921835,1182096,681724,375032,197076,98887,49190,26002,14066,7511,4079,2282,1313,766,429,229,113,47,20,10,0,0,0,0,0,0,0,0,0,0,0"
unhcr_west_central_africa,1802,"3,71,242,707,1951,5600,15232,38205,90902,194359,381276,730481,1368089,2334177,3295766,3936666,4163227,3745917,2863711,1922415,1182489,681949,375159,197144,98922,49207,26011,14074,7516,4080,2282,1313,766,430,229,114,47,20,10,0,0,0,0,0,0,0,0,0,0,0"
unhcr_west_central_africa,1803,"3,71,242,707,1951,5600,15228,38174,90701,193617,378970,724299,1359922,2327376,3291010,3937699,4169400,3754178,2871260,1927710,1185787,683864,376197,197692,99169,49325,26074,14105,7531,4089,2286,1317,767,432,229,114,47,20,10,0,0,0,0,0,0,0,0,0,0,0"
unhcr_west_central_africa,1804,"3,71,242,707,1951,5600,15228,38174,90700,193614,378931,724152,1359595,2326922,3290757,3937758,4169793,3754867,2872237,1929013,1187093,684853,376929,198170,99501,49522,26172,14154,7560,4108,2299,1322,771,432,230,114,47,20,10,0,0,0,0,0,0,0,0,0,0,0"
unhcr_west_central_africa,1805,"3,71,242,707,1951,5600,15228,38174,90702,193619,378963,724263,1359849,2327337,3291341,3938548,4170783,3755863,2873043,1929601,1187492,685084,377058,198242,99535,49541,26180,14159,7568,4113,2300,1324,771,433,230,115,47,20,10,0,0,0,0,0,0,0,0,0,0,0"
unhcr_west_central_africa,1806,"3,71,242,707,1951,5600,15228,38174,90704,193630,378996,724372,1360102,2327747,3291929,3939342,4171776,3756865,2873850,1930193,1187889,685317,377189,198311,99571,49561,26190,14166,7568,4113,2301,1324,771,433,230,115,47,20,10,0,0,0,0,0,0,0,0,0,0,0"
unhcr_west_central_africa,1807,"3,71,242,707,1951,5600,15228,38174,90704,193635,379030,724483,1360357,2328160,3292519,3940142,4172774,3757871,2874662,1930787,1188291,685552,377319,198379,99604,49580,26202,14170,7571,4115,2304,1325,772,433,230,115,47,21,10,0,0,0,0,0,0,0,0,0,0,0"
unhcr_west_central_africa,1808,"3,71,242,707,1951,5600,15228,38174,90706,193644,379066,724596,1360612,2328578,3293113,3940944,4173776,3758885,2875480,1931384,1188692,685784,377450,198451,99639,49598,26213,14176,7576,4117,2305,1326,774,433,230,115,47,21,11,0,0,0,0,0,0,0,0,0,0,0"
unhcr_west_central_africa,1809,"3,71,242,707,1951,5600,15228,38174,90707,193652,379098,724708,1360870,2328995,3293707,3941750,4174785,3759899,2876297,1931984,1189095,686021,377581,198521,99678,49617,26224,14182,7579,4120,2306,1330,774,433,231,115,47,21,11,0,0,0,0,0,0,0,0,0,0,0"
unhcr_west_central_africa,1810,"3,71,242,707,1951,5600,15228,38164,90476,192812,377207,720512,1352828,2320201,3288360,3942649,4179915,3767494,2883094,1937489,1192906,688316,379117,199583,100338,49964,26393,14265,7627,4151,2323,1339,778,435,231,115,47,21,11,0,0,0,0,0,0,0,0,0,0,0"
unhcr_west_central_africa,1811,"3,71,242,707,1951,5600,15228,38164,90477,192818,377247,720636,1353105,2320652,3288996,3943500,4180964,3768542,2883934,1938100,1193317,688556,379254,199654,100375,49984,26404,14270,7630,4153,2325,1339,778,437,231,115,48,21,11,0,0,0,0,0,0,0,0,0,0,0"
unhcr_west_central_africa,1812,"3,71,242,707,1951,5600,15228,38166,90478,192829,377288,720766,1353403,2321133,3289668,3944386,4182042,3769614,2884792,1938723,1193738,688801,379389,199729,100414,50003,26416,14274,7635,4153,2326,1340,778,438,231,115,48,21,11,0,0,0,0,0,0,0,0,0,0,0"
unhcr_west_central_africa,1813,"3,71,242,707,1951,5600,15228,38166,90480,192838,377330,720907,1353723,2321639,3290382,3945313,4183163,3770713,2885665,1939358,1194159,689050,379527,199801,100447,50024,26427,14281,7637,4155,2327,1340,778,438,232,116,48,21,11,0,0,0,0,0,0,0,0,0,0,0"
unhcr_west_central_africa,1814,"3,71,242,707,1951,5600,15226,38139,90311,192184,375291,715217,1345595,2314924,3285411,3945881,4189168,3779007,2893495,1944902,1197663,691074,380638,200390,100718,50147,26495,14319,7657,4165,2333,1343,780,439,232,116,48,21,11,0,0,0,0,0,0,0,0,0,0,0"
unhcr_west_central_africa,1815,"3,71,242,707,1951,5600,15226,38139,90310,192188,375280,715139,1345396,2314612,3285291,3946054,4189669,3779782,2894536,1946255,1199077,692181,381448,200926,101085,50376,26610,14375,7687,4191,2346,1350,783,441,232,116,48,21,11,0,0,0,0,0,0,0,0,0,0,0"
unhcr_west_central_africa,1816,"3,71,242,707,1951,5600,15226,38141,90313,192200,375329,715314,1345778,2315214,3286118,3947102,4190893,3780961,2895464,1946924,1199519,692437,381592,201002,101122,50399,26622,14379,7694,4191,2348,1350,784,441,232,116,48,22,11,0,0,0,0,0,0,0,0,0,0,0"
unhcr_west_central_africa,1817,"3,71,242,707,1951,5600,15226,38141,90316,192216,375387,715491,1346180,2315846,3286983,3948196,4192154,3782170,2896408,1947599,1199970,692696,381735,201081,101160,50419,26632,14387,7697,4193,2350,1351,784,441,232,116,48,22,11,0,0,0,0,0,0,0,0,0,0,0"
unhcr_west_central_africa,1818,"3,71,242,707,1951,5600,15226,38141,90321,192227,375444,715685,1346606,2316509,3287889,3949327,4193450,3783406,2897373,1948288,1200425,692962,381881,201156,101199,50439,26644,14392,7699,4195,2351,1355,786,441,233,116,48,22,12,0,0,0,0,0,0,0,0,0,0,0"
unhcr_west_central_africa,1819,"2,67,235,687,1905,5513,15109,38019,90249,192294,375649,716376,1348154,2319092,3291456,3953508,4197835,3787317,2900309,1950252,1201645,693654,382265,201355,101305,50493,26676,14407,7710,4197,2354,1358,788,442,234,116,49,22,12,0,0,0,0,0,0,0,0,0,0,0"
unhcr_west_central_africa,1820,"2,67,235,694,1917,5536,15167,38128,90450,192649,376308,717518,1350204,2322465,3296408,3959673,4204460,3793311,2905117,1954004,1204493,695570,383520,202129,101794,50793,26820,14484,7751,4228,2371,1366,792,444,235,116,49,22,12,0,0,0,0,0,0,0,0,0,0,0"
unhcr_west_central_africa,1821,"2,68,237,700,1928,5534,15042,37451,88350,188682,371445,711139,1341506,2316061,3299636,3973855,4223446,3813622,2921792,1965592,1211608,699628,385818,203509,102553,51184,27029,14586,7809,4258,2387,1376,793,446,235,117,49,22,12,0,0,0,0,0,0,0,0,0,0,0"
unhcr_west_central_africa,1822,"2,68,243,710,1951,5593,15156,37671,88748,189361,372596,713040,1344725,2321846,3308488,3984271,4234150,3823800,2932030,1974155,1217526,703817,388491,204964,103396,51604,27235,14704,7868,4292,2405,1385,798,451,238,119,50,22,12,0,0,0,0,0,0,0,0,0,0,0"
unhcr_west_central_africa,1823,"2,69,249,720,1979,5662,15305,37957,89229,190069,373732,715097,1348120,2328044,3318911,3999430,4251615,3840676,2945300,1983111,1223073,706896,390179,205905,103916,51855,27364,14772,7901,4308,2413,1389,804,452,240,119,51,22,12,0,0,0,0,0,0,0,0,0,0,0"
unhcr_west_central_africa,1824,"2,69,252,731,2012,5735,15454,38223,89647,190606,373978,714594,1349950,2334247,3330270,4016415,4271328,3858939,2958997,1992122,1228462,709941,391827,206768,104322,52063,27477,14834,7931,4325,2424,1396,810,451,241,118,51,23,12,0,0,0,0,0,0,0,0,0,0,0"
unhcr_west_central_africa,1825,"3,74,256,743,2038,5806,15606,38512,90169,191538,375636,717591,1355402,2343249,3343002,4031806,4287431,3873163,2969879,1999812,1233672,713217,393822,207944,105009,52466,27687,14931,7986,4361,2448,1408,815,454,242,119,51,23,12,0,0,0,0,0,0,0,0,0,0,0"
unhcr_west_central_africa,1826,"3,74,259,754,2064,5838,15575,37989,88420,188107,371176,710566,1347712,2341302,3350713,4051302,4313872,3899980,2992330,2015001,1243165,718735,396821,209521,105802,52870,27902,15053,8050,4391,2465,1418,821,457,242,120,51,23,12,1,0,0,0,0,0,0,0,0,0,0"
unhcr_west_central_africa,1827,"3,76,264,768,2096,5917,15731,38279,88940,188991,372642,713083,1352555,2350132,3363227,4066355,4329750,3915431,3005167,2023835,1248933,722334,398789,210608,106370,53139,28049,15127,8091,4418,2475,1429,823,461,244,120,52,23,12,1,0,0,0,0,0,0,0,0,0,0"
unhcr_west_central_africa,1828,"3,77,269,776,2126,5991,15889,38576,89481,189926,374249,715803,1357244,2358251,3375338,4080693,4344474,3928843,3017742,2034117,1255906,727109,401867,212273,107326,53631,28282,15259,8158,4450,2501,1447,834,468,248,122,55,23,13,1,0,0,0,0,0,0,0,0,0,0"
unhcr_west_central_africa,1829,"3,79,274,789,2159,6069,16053,38881,90016,190719,375515,718099,1361080,2364956,3386378,4096612,4362931,3946689,3031898,2043706,1261885,730449,403671,213292,107881,53897,28424,15330,8198,4474,2512,1452,837,469,248,122,55,23,13,1,0,0,0,0,0,0,0,0,0,0"
unhcr_west_central_africa,1830,"3,82,278,803,2189,6150,16221,39179,90493,191366,376022,717891,1363046,2371631,3398267,4114292,4383613,3966039,3046612,2053424,1267738,733795,405492,214239,108350,54137,28550,15399,8234,4497,2519,1456,843,470,249,122,55,23,13,1,0,0,0,0,0,0,0,0,0,0"
unhcr_west_central_africa,1831,"3,84,283,817,2222,6215,16305,39084,89760,189584,372859,709349,1333933,2319014,3358307,4087374,4388711,4013547,3113047,2114685,1309905,760411,420460,222851,112887,56353,29564,15962,8536,4654,2606,1497,867,484,259,129,58,24,13,1,0,0,0,0,0,0,0,0,0,0"
unhcr_west_central_africa,1832,"3,84,289,830,2255,6281,16387,39007,88920,187056,367923,702254,1325254,2313540,3361260,4103342,4414920,4044213,3139500,2133468,1322086,767554,424787,225252,114085,56929,29877,16128,8626,4702,2622,1506,872,487,259,129,58,24,13,1,0,0,0,0,0,0,0,0,0,0"
unhcr_west_central_africa,1833,"3,84,296,843,2292,6362,16561,39327,89504,188090,369763,705676,1331522,2323921,3375804,4120769,4433088,4060278,3151585,2141466,1326928,770291,426284,226042,114482,57125,29973,16180,8662,4716,2633,1510,874,490,260,129,57,25,13,1,0,0,0,0,0,0,0,0,0,0"
unhcr_west_central_africa,1834,"3,86,302,856,2326,6449,16744,39656,90095,189104,371515,708684,1336644,2332514,3388603,4136009,4448824,4074435,3164728,2152343,1334308,775316,429568,227816,115503,57655,30232,16319,8731,4747,2654,1524,885,494,262,130,58,25,14,1,0,0,0,0,0,0,0,0,0,0"
unhcr_west_central_africa,1835,"3,87,305,871,2364,6539,16924,39977,90602,189700,371807,707846,1336501,2335865,3397399,4152785,4471103,4097208,3183185,2164913,1342140,779731,431957,229135,116206,58004,30413,16417,8776,4777,2671,1532,888,494,263,130,58,25,14,1,0,0,0,0,0,0,0,0,0,0"
unhcr_west_central_africa,1836,"4,88,310,889,2398,6609,17037,39963,90138,188583,371142,708064,1338437,2341490,3409822,4171241,4490822,4116289,3199626,2176655,1350294,785161,435116,231015,117279,58612,30724,16571,8868,4831,2701,1548,900,500,265,131,59,25,14,2,0,0,0,0,0,0,0,0,0,0"
unhcr_west_central_africa,1837,"4,91,316,899,2435,6702,17228,40277,90556,188723,369929,702632,1330367,2338952,3411864,4181594,4510914,4144172,3227237,2196854,1364402,794112,440053,233827,118677,59265,31091,16763,8958,4887,2736,1568,914,508,268,134,61,26,14,3,0,0,0,0,0,0,0,0,0,0"
unhcr_west_central_africa,1838,"4,94,320,916,2471,6787,17362,40347,90419,188377,369929,704355,1335284,2348609,3426895,4200652,4531413,4162694,3241432,2206555,1370448,797683,442047,234867,119206,59553,31246,16852,9009,4903,2748,1582,920,511,268,133,62,26,14,3,0,0,0,0,0,0,0,0,0,0"
unhcr_west_central_africa,1839,"4,96,327,931,2511,6877,17551,40702,91054,189474,371896,707939,1341854,2359505,3442147,4218984,4550609,4179748,3254313,2215094,1375642,800643,443658,235718,119635,59775,31364,16915,9040,4922,2755,1586,923,511,271,133,62,27,14,3,0,0,0,0,0,0,0,0,0,0"
unhcr_west_central_africa,1840,"5,97,333,946,2550,6975,17752,41062,91684,190441,373354,710232,1345225,2365000,3452109,4233564,4568127,4197141,3270992,2228902,1385117,806849,447649,237940,120943,60447,31675,17084,9141,4974,2785,1599,933,517,275,135,63,27,15,3,0,0,0,0,0,0,0,0,0,0"
unhcr_west_central_africa,1841,"5,99,339,961,2590,7060,17891,41120,91317,189264,371984,708095,1344029,2368385,3463100,4254046,4593081,4220845,3290009,2241970,1393638,812150,450732,239726,121953,61027,31997,17236,9225,5030,2813,1620,942,521,277,137,63,27,15,3,0,0,0,0,0,0,0,0,0,0"
unhcr_west_central_africa,1842,"4,97,335,953,2570,7035,17913,41278,91762,190267,373858,711752,1350912,2379839,3479064,4273106,4612931,4238495,3303328,2250792,1399004,815224,452392,240604,122387,61254,32114,17306,9259,5041,2823,1629,946,524,278,137,63,28,15,3,0,0,0,0,0,0,0,0,0,0"
unhcr_west_central_africa,1843,"4,98,344,969,2611,7134,18115,41552,91756,188955,370209,704503,1339663,2371650,3480849,4288585,4636986,4271321,3334165,2272982,1414242,824901,457778,243857,124148,62077,32547,17540,9377,5108,2860,1655,964,534,285,141,64,29,15,4,0,0,0,0,0,0,0,0,0,0"
unhcr_west_central_africa,1844,"4,102,350,986,2652,7227,18266,41644,91629,188567,370097,706186,1344750,2381686,3496606,4308686,4658722,4291048,3349332,2283395,1420766,828796,459970,244994,124726,62379,32723,17640,9429,5136,2876,1658,967,538,287,141,64,29,15,4,0,0,0,0,0,0,0,0,0,0"
unhcr_west_central_africa,1845,"4,103,356,1006,2695,7331,18478,42034,92312,189699,371914,709029,1349486,2390101,3509422,4324213,4674805,4306730,3365043,2296839,1430358,835570,464417,247468,126134,63111,33076,17827,9532,5186,2905,1674,979,544,291,143,66,29,16,4,0,0,0,0,0,0,0,0,0,0"
unhcr_west_central_africa,1846,"4,106,364,1024,2738,7428,18645,42170,92154,188876,371242,708976,1350109,2393723,3520090,4344326,4699667,4330135,3384306,2310382,1439339,841167,467637,249407,127292,63795,33430,18009,9625,5243,2939,1696,988,552,291,145,67,29,16,5,0,0,0,0,0,0,0,0,0,0"
unhcr_west_central_africa,1847,"4,106,368,1039,2783,7534,18867,42565,92811,189852,372524,709926,1352528,2401430,3533181,4363596,4723089,4352708,3401994,2322190,1446557,845268,469885,250598,127887,64086,33587,18094,9673,5271,2952,1706,991,559,291,145,67,29,16,5,0,0,0,0,0,0,0,0,0,0"
unhcr_west_central_africa,1848,"4,108,374,1056,2831,7645,19096,42955,93381,190429,372685,707777,1348120,2402085,3540113,4380241,4748838,4380751,3426456,2339512,1457460,851623,473502,252535,128846,64526,33806,18205,9729,5302,2968,1710,992,559,292,146,68,29,16,5,0,0,0,0,0,0,0,0,0,0"
unhcr_west_central_africa,1849,"5,109,381,1073,2868,7735,19245,43044,93182,189710,371416,706527,1348547,2407528,3550649,4394840,4766120,4402824,3448683,2356284,1469600,860072,478275,255264,130267,65225,34194,18416,9837,5357,2997,1730,1005,566,297,149,70,30,16,6,0,0,0,0,0,0,0,0,0,0"
unhcr_west_central_africa,1850,"5,111,386,1087,2906,7817,19427,43379,93800,190805,373373,710046,1354969,2418427,3566192,4413798,4786268,4421077,3462743,2365756,1475441,863434,480121,256244,130773,65466,34331,18492,9875,5379,3009,1736,1008,568,298,150,70,31,16,6,0,0,0,0,0,0,0,0,0,0"
unhcr_west_central_africa,1851,"5,112,388,1099,2932,7885,19555,43514,93730,190274,373317,711614,1358743,2426621,3581800,4436848,4811832,4444059,3482984,2382004,1486379,870659,484806,258831,132207,66237,34700,18686,9990,5435,3045,1753,1020,577,302,154,71,31,17,6,0,0,0,0,0,0,0,0,0,0"
unhcr_west_central_africa,1852,"5,113,395,1106,2961,7951,19712,43833,94364,191356,375116,714635,1363778,2434914,3595316,4456124,4835836,4468067,3503471,2396978,1496621,877144,488616,261109,133561,67033,35116,18897,10098,5494,3079,1776,1029,582,302,154,71,31,17,6,0,0,0,0,0,0,0,0,0,0"
unhcr_west_central_africa,1853,"5,114,397,1112,2975,8005,19835,44101,94788,191743,373929,706850,1334778,2380041,3550162,4425281,4840974,4522741,3580725,2469307,1546388,908520,506172,271115,138726,69502,36232,19522,10426,5666,3169,1821,1054,601,312,161,75,32,17,6,0,0,0,0,0,0,0,0,0,0"
unhcr_west_central_africa,1854,"5,114,400,1121,2994,8056,19964,44373,95215,192025,373447,704417,1329048,2376762,3553641,4438729,4861379,4553403,3613557,2494575,1564479,920758,513114,275256,141039,70576,36779,19823,10586,5748,3217,1851,1075,611,319,164,79,33,18,7,0,0,0,0,0,0,0,0,0,0"
unhcr_west_central_africa,1855,"5,116,402,1126,3014,8096,20030,44378,94939,191347,372742,705264,1333211,2386620,3570654,4461307,4887426,4578539,3634041,2509392,1573952,926624,516563,277078,141984,71100,37072,19973,10668,5789,3239,1866,1081,615,322,164,80,34,18,7,0,0,0,0,0,0,0,0,0,0"
unhcr_west_central_africa,1856,"5,119,407,1133,3033,8137,20114,44462,94827,190705,372289,706089,1335204,2391245,3582244,4481227,4912836,4605496,3658287,2528160,1586481,934370,520924,279477,143222,71740,37384,20133,10752,5840,3267,1875,1090,622,324,167,80,34,18,7,0,0,0,0,0,0,0,0,0,0"
unhcr_west_central_africa,1857,"5,120,408,1143,3052,8191,20244,44759,95429,191827,374315,709525,1340966,2401078,3597708,4500828,4933714,4624241,3675195,2543294,1598049,942739,526767,283002,145243,72889,37965,20430,10915,5930,3317,1908,1103,629,332,169,81,35,19,7,0,0,0,0,0,0,0,0,0,0"
unhcr_west_central_africa,1858,"5,122,410,1150,3075,8242,20375,45036,95995,192628,375184,710778,1344367,2407503,3610567,4522158,4961439,4651765,3698212,2559331,1608064,948522,529855,284624,146124,73350,38176,20535,10967,5959,3325,1910,1113,634,332,169,81,35,19,7,0,0,0,0,0,0,0,0,0,0"
unhcr_west_central_africa,1859,"5,122,412,1157,3090,8296,20510,45302,96439,192992,374627,705819,1334190,2403768,3614411,4539306,4993901,4689790,3732732,2584135,1623965,957756,535100,287405,147534,73997,38525,20717,11061,6011,3361,1925,1123,637,333,169,81,35,19,8,0,0,0,0,0,0,0,0,0,0"
unhcr_west_central_africa,1860,"5,123,414,1167,3109,8351,20646,45607,97029,194026,376093,707574,1337164,2411971,3628305,4557006,5013811,4714103,3757948,2603529,1637782,967453,540640,290562,149262,74806,38947,20955,11184,6071,3401,1955,1136,648,337,174,85,36,20,9,0,0,0,0,0,0,0,0,0,0"
unhcr_west_central_africa,1861,"5,117,405,1143,3068,8259,20502,45283,96022,191835,373285,706552,1339385,2420072,3645049,4583669,5045731,4744327,3782637,2621210,1648959,974294,544584,292638,150331,75378,39258,21132,11276,6121,3430,1971,1141,652,340,175,85,37,21,9,0,0,0,0,0,0,0,0,0,0"
unhcr_west_central_africa,1862,"5,117,407,1152,3089,8311,20627,45497,96189,191466,372206,705233,1339195,2425533,3661119,4609940,5077081,4775638,3807920,2638883,1660663,981849,549181,295330,151870,76238,39743,21393,11417,6195,3475,2003,1159,663,345,177,85,37,21,9,0,0,0,0,0,0,0,0,0,0"
unhcr_west_central_africa,1863,"5,118,413,1158,3105,8366,20774,45817,96844,192623,373990,707785,1342414,2429244,3669981,4625426,5099381,4801762,3834977,2663244,1678797,993885,556825,299764,154353,77614,40393,21716,11596,6290,3525,2030,1175,671,349,180,87,38,21,10,0,0,0,0,0,0,0,0,0,0"
unhcr_west_central_africa,1864,"5,121,415,1170,3129,8427,20914,46127,97470,193701,375517,709100,1344048,2436804,3684787,4647375,5127518,4831777,3861834,2682770,1691616,1001941,561476,302306,155698,78264,40728,21895,11686,6353,3557,2049,1190,679,352,182,88,38,21,10,0,0,0,0,0,0,0,0,0,0"
unhcr_west_central_africa,1865,"5,122,417,1173,3145,8477,21056,46449,98074,194431,376448,710504,1345341,2440909,3696874,4671171,5158412,4864445,3889450,2702666,1704822,1009584,565824,304889,157185,79010,41094,22089,11779,6410,3585,2062,1195,685,354,183,89,38,21,10,0,0,0,0,0,0,0,0,0,0"
unhcr_west_central_africa,1866,"5,122,420,1184,3165,8522,21132,46421,97447,192474,373266,707658,1343620,2444746,3708961,4692845,5185934,4895842,3921192,2727659,1722267,1021790,573004,308865,159359,80078,41661,22400,11955,6494,3636,2092,1214,697,360,186,91,41,22,11,0,0,0,0,0,0,0,0,0,0"
unhcr_west_central_africa,1867,"5,122,424,1192,3185,8573,21246,46637,97615,192313,372256,706382,1344799,2451939,3723927,4715897,5216786,4928830,3949936,2748109,1735757,1029964,577965,311515,160645,80702,41980,22581,12044,6542,3662,2106,1218,703,364,189,92,41,22,11,0,0,0,0,0,0,0,0,0,0"
unhcr_west_central_africa,1868,"5,122,426,1199,3209,8635,21392,46964,98304,193586,374569,710317,1351394,2463015,3740994,4738146,5241340,4951927,3970188,2765727,1749365,1039659,584666,315647,162951,82049,42677,22923,12211,6635,3712,2142,1240,712,371,192,94,42,22,13,0,0,0,0,0,0,0,0,0,0"
unhcr_west_central_africa,1869,"5,122,431,1210,3229,8694,21539,47303,99002,194854,376632,713793,1357567,2473414,3757620,4761373,5270931,4982237,3996740,2785213,1762106,1047372,588953,317987,164264,82757,43031,23089,12309,6677,3742,2159,1250,717,376,193,94,42,22,13,0,0,0,0,0,0,0,0,0,0"
unhcr_west_central_africa,1870,"5,124,432,1217,3249,8754,21696,47632,99436,194699,374455,705698,1340356,2456965,3750869,4778906,5322913,5042007,4050099,2819532,1781412,1057618,594758,321641,166292,83802,43543,23350,12436,6760,3779,2178,1260,725,377,193,95,43,22,13,0,0,0,0,0,0,0,0,0,0"
unhcr_west_central_africa,1871,"5,126,437,1225,3267,8803,21809,47800,99519,194398,374320,707708,1345891,2468976,3771350,4809767,5359956,5076850,4078394,2839655,1793970,1065150,598990,323902,167499,84409,43860,23515,12537,6815,3812,2195,1273,733,380,194,96,44,22,13,0,0,0,0,0,0,0,0,0,0"
unhcr_west_central_africa,1872,"5,127,440,1235,3299,8871,21905,47919,99647,194604,374760,710412,1353994,2483005,3790252,4832176,5383693,5104699,4109550,2866493,1814517,1080042,608130,328687,169792,85362,44354,23788,12682,6875,3841,2213,1280,734,385,196,97,45,23,13,1,0,0,0,0,0,0,0,0,0"
unhcr_west_central_africa,1873,"5,129,443,1250,3341,8948,22029,48219,100448,196403,378139,717362,1367513,2502374,3813537,4858355,5410412,5131489,4135446,2888031,1831047,1091953,615663,332782,171790,86298,44874,24056,12800,6938,3884,2228,1291,738,387,196,97,46,23,13,1,0,0,0,0,0,0,0,0,0"
unhcr_west_central_africa,1874,"5,130,449,1266,3382,9030,22167,48530,101263,198246,381680,724759,1381876,2522236,3837257,4885329,5437382,5156866,4159230,2909670,1848384,1103951,623651,337213,173830,87256,45334,24290,12918,6999,3904,2246,1299,742,388,198,98,45,23,14,0,0,0,0,0,0,0,0,0,0"
unhcr_west_central_africa,1875,"5,130,452,1284,3421,9118,22300,48859,101999,199309,381314,719849,1360519,2470574,3789409,4850186,5438924,5215619,4252187,3001565,1914138,1146545,647723,350563,180417,90179,46548,24933,13281,7171,3994,2284,1318,756,398,204,102,45,23,14,0,0,0,0,0,0,0,0,0,0"
unhcr_west_central_africa,1876,"6,134,458,1298,3462,9195,22397,48986,102145,198936,380271,719542,1360409,2473372,3798594,4874943,5477234,5259592,4293995,3034279,1937058,1160817,656082,354966,182493,91007,46922,25133,13370,7221,4021,2294,1325,761,396,203,102,45,22,14,0,0,0,0,0,0,0,0,0,0"
unhcr_west_central_africa,1877,"6,134,463,1299,3455,9019,21708,47230,99497,196859,379677,721834,1368303,2487645,3817843,4897707,5500924,5289404,4329395,3066960,1962834,1179324,667511,361064,185531,92311,47536,25448,13535,7304,4065,2314,1338,765,397,205,104,46,23,14,1,0,0,0,0,0,0,0,0,0"
unhcr_west_central_africa,1878,"6,135,468,1315,3496,9090,21762,47198,99043,195600,376951,719728,1372549,2499177,3835592,4923234,5534773,5327476,4366362,3096405,1985141,1194686,677578,366544,188051,93460,48189,25798,13712,7387,4101,2331,1345,768,398,201,104,45,23,14,0,0,0,0,0,0,0,0,0,0"
unhcr_west_central_africa,1879,"7,137,473,1333,3539,9175,21896,47485,99826,197456,380573,727289,1387696,2521397,3862281,4953258,5565665,5357181,4392970,3117434,2000448,1204765,683642,369557,189251,93854,48369,25885,13754,7403,4104,2335,1347,768,396,201,104,45,23,14,0,0,0,0,0,0,0,0,0,0"
unhcr_west_central_africa,1880,"7,139,478,1349,3580,9254,21985,47593,99968,197744,381552,731950,1399287,2538760,3883613,4981500,5597628,5388040,4421801,3143554,2021187,1218988,693028,374786,191717,95004,48931,26164,13896,7472,4137,2351,1350,772,400,203,105,46,22,14,0,0,0,0,0,0,0,0,0,0"
unhcr_west_central_africa,1881,"6,133,467,1324,3532,9154,21860,47570,100336,198666,382125,730474,1394755,2537595,3887710,4998540,5634659,5436564,4472561,3184654,2050333,1237342,703750,380275,194216,96025,49412,26412,14015,7523,4158,2355,1358,770,399,203,103,46,22,14,0,0,0,0,0,0,0,0,0,0"
unhcr_west_central_africa,1882,"7,134,472,1345,3571,9235,21976,47777,100627,198727,381638,731380,1400697,2551149,3910599,5030946,5670766,5474358,4508404,3213155,2070785,1251191,712296,384691,196231,96803,49768,26618,14122,7578,4179,2365,1360,775,402,203,102,46,22,14,0,0,0,0,0,0,0,0,0,0"
unhcr_west_central_africa,1883,"7,130,463,1326,3523,9130,21840,47777,101081,200270,384538,737123,1412527,2569376,3932747,5055369,5696643,5503377,4540702,3242461,2094375,1268958,723934,390961,199506,98327,50596,27043,14323,7672,4234,2394,1379,784,407,205,104,46,23,14,0,0,0,0,0,0,0,0,0,0"
unhcr_west_central_africa,1884,"7,131,463,1315,3503,8961,21178,45898,97608,196310,381398,737551,1421851,2587275,3957186,5086885,5731100,5540968,4577660,3273948,2118604,1285231,733937,396273,201928,99357,51104,27311,14479,7742,4259,2404,1381,787,408,205,103,46,23,14,0,0,0,0,0,0,0,0,0,0"
unhcr_west_central_africa,1885,"6,126,454,1298,3454,8850,20962,45581,96976,195233,379228,736455,1427649,2600109,3975339,5114526,5769613,5584424,4619568,3307250,2142509,1300574,743447,401130,203962,100098,51449,27496,14563,7791,4277,2415,1382,784,407,205,104,46,22,14,0,0,0,0,0,0,0,0,0,0"
unhcr_west_central_africa,1886,"6,128,457,1312,3486,8923,21076,45843,97736,196829,381597,741000,1438582,2616719,3995427,5141198,5801806,5618217,4653335,3337008,2166420,1316932,753763,406840,206628,101343,52012,27760,14714,7850,4301,2426,1393,786,409,205,104,47,22,15,0,0,0,0,0,0,0,0,0,0"
unhcr_west_central_africa,1887,"6,122,446,1292,3435,8812,20911,45804,98138,198372,384729,747109,1450059,2635277,4019517,5170380,5836429,5655769,4688863,3364815,2186435,1329868,761507,410732,208236,101892,52275,27892,14778,7877,4316,2428,1396,787,411,204,104,46,22,15,0,0,0,0,0,0,0,0,0,0"
unhcr_west_central_africa,1888,"6,123,449,1305,3467,8870,21004,46005,98724,199448,386390,750866,1458133,2647877,4038175,5199590,5873658,5696478,4727763,3395884,2209188,1344543,770269,415418,210445,102800,52706,28119,14890,7929,4340,2434,1393,791,410,204,104,46,22,14,0,0,0,0,0,0,0,0,0,0"
unhcr_west_central_africa,1889,"6,118,440,1280,3411,8739,20788,45885,99005,200831,389230,756602,1470099,2665989,4059608,5222533,5898215,5724006,4759040,3425063,2233329,1362881,782622,421974,213905,104431,53588,28575,15107,8035,4393,2466,1404,798,416,204,105,47,22,15,0,0,0,0,0,0,0,0,0,0"
unhcr_west_central_africa,1890,"6,117,441,1287,3429,8764,20759,45679,98289,199313,387174,757529,1479488,2682431,4080630,5251009,5932955,5759682,4791937,3452039,2253317,1376223,790886,426174,215690,105111,53931,28778,15216,8089,4415,2470,1405,797,414,204,105,46,22,14,0,0,0,0,0,0,0,0,0,0"
unhcr_west_central_africa,1891,"2,87,368,1115,2984,7677,18695,42115,92871,194247,384000,758285,1490048,2702265,4106132,5280033,5960639,5787264,4819974,3478806,2276182,1392476,801830,432582,218818,106609,54662,29149,15403,8175,4446,2484,1415,800,415,206,105,47,22,14,0,0,0,0,0,0,0,0,0,0"
unhcr_west_central_africa,1892,"1,74,344,1057,2836,7352,18117,41348,91867,193064,380698,751104,1482039,2696319,4102647,5290240,5991346,5832194,4870220,3521721,2307837,1412736,814320,439221,221784,107815,55236,29441,15561,8250,4480,2494,1416,803,414,205,104,47,21,14,0,0,0,0,0,0,0,0,0,0"
unhcr_west_central_africa,1893,"0,54,299,960,2585,6748,17080,39996,90281,192301,380996,753428,1489906,2710149,4120433,5311608,6016817,5861986,4900154,3545743,2325613,1424477,821451,442786,223186,108260,55439,29540,15612,8260,4485,2485,1411,804,409,205,103,45,20,13,0,0,0,0,0,0,0,0,0,0"
unhcr_west_central_africa,1894,"0,35,251,846,2310,6070,15853,38405,88509,191406,381655,757050,1502432,2729880,4143192,5336915,6041960,5886558,4922857,3564570,2341086,1435656,829135,446835,225075,109094,55918,29804,15732,8320,4507,2506,1415,800,409,203,102,45,20,13,0,0,0,0,0,0,0,0,0,0"
unhcr_west_central_africa,1895,"0,29,232,816,2229,5851,15365,37455,86701,188454,377721,754421,1506496,2739348,4155372,5353440,6065085,5914619,4955582,3595905,2366747,1454554,841555,453134,228091,110391,56542,30118,15885,8383,4527,2508,1417,802,410,203,103,46,21,13,0,0,0,0,0,0,0,0,0,0"
unhcr_west_central_africa,1896,"0,17,193,734,2020,5311,14313,36055,85419,188394,381171,764311,1526487,2767849,4187579,5386604,6092158,5933439,4969422,3607020,2375665,1461166,845431,454813,228612,110462,56584,30137,15893,8376,4526,2500,1410,799,408,202,102,46,20,13,0,0,0,0,0,0,0,0,0,0"
unhcr_west_central_africa,1897,"0,16,181,711,1968,5159,13951,35504,84881,188198,380130,755950,1497437,2715347,4135993,5341394,6075530,5974608,5053937,3703379,2451919,1514463,879146,475188,238790,114666,58152,30939,16330,8579,4609,2536,1426,816,416,207,107,47,20,12,0,0,0,0,0,0,0,0,0,0"
unhcr_west_central_africa,1898,"0,11,156,658,1835,4711,12779,32921,80422,183153,377263,756563,1505780,2732319,4156228,5365862,6103772,6004710,5084576,3730064,2472227,1528131,887377,479366,240593,115327,58450,31093,16403,8614,4616,2536,1422,809,417,205,102,46,20,12,0,0,0,0,0,0,0,0,0,0"
unhcr_west_central_africa,1899,"0,10,148,641,1797,4595,12470,32413,79926,182658,376964,756712,1505788,2734960,4164391,5383997,6134679,6043358,5125141,3763773,2498905,1546292,899190,485820,243793,116729,59165,31452,16552,8672,4638,2544,1433,810,419,205,102,44,20,11,0,0,0,0,0,0,0,0,0,0"
unhcr_west_central_africa,1900,"0,9,134,611,1716,4380,11917,31302,78411,181323,378898,765486,1521941,2757880,4190132,5408793,6158893,6064748,5150142,3791009,2522162,1564644,911717,492419,247251,118366,60012,31887,16775,8770,4687,2563,1443,816,423,208,102,47,20,12,0,0,0,0,0,0,0,0,0,0"
unhcr_west_central_africa,1901,"0,6,118,575,1633,4147,11400,30481,77304,179470,377721,768633,1533453,2780965,4223367,5450087,6197827,6099605,5179613,3814947,2540571,1577965,920170,497003,249410,119288,60504,32189,16936,8852,4708,2564,1444,818,424,206,102,46,20,11,0,0,0,0,0,0,0,0,0,0"
unhcr_west_central_africa,1902,"0,6,113,565,1611,4068,11157,30003,76539,178221,374876,765561,1538000,2795925,4245331,5481225,6240636,6148825,5227745,3852713,2567971,1595436,930810,502221,251287,119681,60579,32197,16939,8824,4687,2558,1436,811,422,205,100,46,20,11,0,0,0,0,0,0,0,0,0,0"
unhcr_west_central_africa,1903,"0,4,94,521,1517,3799,10425,28521,74188,174792,369008,756376,1530252,2796483,4254264,5510054,6290187,6208252,5287580,3903422,2607788,1621446,947681,512004,255753,121659,61514,32673,17192,8953,4749,2586,1445,817,424,205,102,47,20,10,0,0,0,0,0,0,0,0,0,0"
unhcr_west_central_africa,1904,"0,4,92,518,1502,3751,10223,28079,73455,173464,364775,747056,1521811,2793784,4257074,5523416,6328896,6272069,5359617,3962932,2651597,1649828,966051,521975,260378,123578,62423,33146,17432,9072,4797,2605,1455,820,425,204,100,45,20,10,0,0,0,0,0,0,0,0,0,0"
unhcr_west_central_africa,1905,"0,2,81,481,1423,3456,9313,25559,68228,165858,357316,740609,1523232,2807285,4279792,5557027,6376569,6330466,5418048,4011169,2686424,1671741,979579,529148,263469,124699,62908,33393,17560,9124,4829,2610,1458,821,426,205,98,44,20,9,0,0,0,0,0,0,0,0,0,0"
unhcr_west_central_africa,1906,"0,2,83,479,1414,3422,9153,25168,67615,165068,355531,735211,1519871,2811242,4289528,5572601,6408896,6384556,5484279,4070261,2730970,1701405,998579,539506,268365,126624,63678,33750,17727,9209,4870,2641,1465,830,427,207,99,45,20,10,0,0,0,0,0,0,0,0,0,0"
unhcr_west_central_africa,1907,"0,1,73,460,1366,3270,8771,24478,66695,163755,353877,733712,1525644,2827268,4312211,5602427,6448776,6435964,5539105,4117023,2765345,1723936,1012410,547131,271783,127863,64239,34053,17892,9288,4906,2644,1467,828,430,205,98,44,20,9,0,0,0,0,0,0,0,0,0,0"
unhcr_west_central_africa,1908,"0,1,73,463,1366,3253,8659,24216,66458,164006,354895,735326,1532533,2842609,4333265,5630038,6485023,6483641,5590986,4163399,2801986,1748585,1027915,556396,276163,129740,65023,34395,18076,9371,4934,2652,1473,828,433,205,100,44,20,9,0,0,0,0,0,0,0,0,0,0"
unhcr_west_central_africa,1909,"0,0,66,443,1328,3126,8326,23635,65920,163795,355061,733450,1531207,2846923,4340005,5642272,6512989,6536775,5660056,4229709,2850348,1780184,1046337,566676,280933,131484,65581,34562,18146,9392,4935,2652,1469,824,430,204,98,42,20,8,0,0,0,0,0,0,0,0,0,0"
unhcr_west_central_africa,1910,"0,0,67,444,1336,3123,8255,23178,64930,161679,350638,726443,1519998,2835629,4336579,5662075,6563433,6603983,5730811,4291617,2897551,1811887,1066939,578588,286957,134369,67096,35368,18557,9598,5039,2707,1490,836,438,206,98,44,20,8,0,0,0,0,0,0,0,0,0,0"
unhcr_west_central_africa,1911,"0,0,69,449,1344,3116,8199,22950,64568,161138,349393,720793,1502171,2812802,4313123,5638588,6550000,6633680,5819555,4402927,2990728,1874780,1102903,600005,298795,139563,68975,35970,18794,9702,5074,2715,1498,835,436,205,96,43,20,7,0,0,0,0,0,0,0,0,0,0"
unhcr_west_central_africa,1912,"0,0,61,426,1278,2895,7460,20921,60191,154718,344117,719046,1510670,2834334,4343847,5676313,6594228,6681644,5869729,4446715,3026236,1899486,1118865,608339,302723,141257,69791,36376,18996,9790,5104,2721,1498,833,437,203,97,44,20,7,0,0,0,0,0,0,0,0,0,0"
unhcr_west_central_africa,1913,"0,0,62,432,1287,2892,7397,20740,59987,155007,345445,722855,1518085,2845745,4358157,5694802,6616599,6715262,5922392,4506424,3078579,1935007,1140415,619908,308901,144023,70909,36779,19143,9849,5121,2725,1497,831,434,202,96,41,20,6,0,0,0,0,0,0,0,0,0,0"
unhcr_west_central_africa,1914,"0,0,57,425,1267,2813,7159,20072,58854,153323,341283,706656,1474661,2788852,4307021,5662674,6629531,6792464,6038546,4629960,3169808,1999098,1181089,644786,320467,147926,71907,37319,19452,9998,5184,2745,1505,837,437,207,100,43,20,6,0,0,0,0,0,0,0,0,0,0"
unhcr_west_central_africa,1915,"0,0,59,435,1292,2849,7191,19873,58065,151371,337406,701098,1459793,2752796,4263567,5623533,6600015,6791913,6100210,4741011,3294904,2096395,1247101,681498,342324,159578,77251,39415,20237,10350,5344,2819,1540,856,447,207,100,44,20,6,0,0,0,0,0,0,0,0,0,0"
unhcr_west_central_africa,1916,"0,0,53,424,1247,2705,6757,18768,55810,147472,331273,685894,1423107,2708217,4226322,5595182,6604873,6859722,6213805,4858573,3381088,2159165,1288811,708897,355764,164687,78752,40413,20919,10736,5525,2903,1586,880,463,219,107,48,20,7,0,0,0,0,0,0,0,0,0,0"
unhcr_west_central_africa,1917,"0,0,56,436,1262,2685,6645,18444,55159,146632,329733,683715,1420193,2702637,4216847,5597704,6621726,6888985,6265206,4935363,3459770,2218652,1326973,729669,367196,170656,81538,41478,21273,10877,5583,2920,1591,887,460,219,105,46,20,6,0,0,0,0,0,0,0,0,0,0"
unhcr_west_central_africa,1918,"0,0,57,444,1278,2712,6657,18268,54616,145583,328030,675471,1404199,2698418,4224648,5618896,6679319,6995326,6364332,4988854,3464135,2219427,1329053,735227,366606,167774,79157,41134,21549,11079,5687,2974,1610,900,475,226,110,48,20,6,0,0,0,0,0,0,0,0,0,0"
unhcr_west_central_africa,1919,"0,0,53,436,1256,2591,6132,16521,49945,137105,317263,660919,1368975,2611833,4083555,5451313,6504012,6845872,6328720,5139170,3750781,2511640,1545130,867764,441953,212708,103448,51741,25137,12152,6093,3139,1677,933,492,232,111,47,21,5,0,0,0,0,0,0,0,0,0,0"
unhcr_west_central_africa,1920,"0,0,54,449,1283,2630,6182,16485,49735,137098,317622,656003,1343675,2583373,4095637,5495507,6581219,6995900,6532095,5304068,3799942,2484887,1504476,837621,424484,198000,92066,46248,23399,11852,6039,3128,1682,943,496,239,116,49,23,5,0,0,0,0,0,0,0,0,0,0"
unhcr_west_central_africa,1921,"0,0,50,446,1280,2605,6042,16115,48677,133089,306862,638458,1325880,2581312,4113329,5549618,6674852,7107957,6642790,5397869,3866695,2527267,1528264,850005,430253,199900,92759,46675,23621,11982,6133,3176,1696,951,499,239,116,46,24,4,0,0,0,0,0,0,0,0,0,0"
unhcr_west_central_africa,1922,"0,0,52,462,1315,2665,6121,16256,49207,134778,310137,635206,1298186,2521138,4031064,5468708,6611178,7104227,6720646,5566902,4076089,2725793,1672755,942403,479442,226543,105271,52376,25837,12743,6440,3315,1762,984,518,250,122,49,24,5,0,0,0,0,0,0,0,0,0,0"
unhcr_west_central_africa,1923,"0,0,49,459,1324,2661,6030,16040,48898,134585,309692,635696,1302461,2537964,4054706,5507717,6678738,7193506,6815415,5665787,4174487,2813736,1736417,982145,500046,237182,111251,55487,27150,13230,6648,3402,1791,1001,528,252,122,50,25,5,0,0,0,0,0,0,0,0,0,0"
unhcr_west_central_africa,1924,"0,0,51,474,1366,2723,6122,16173,49035,135244,312072,642899,1321642,2577378,4100980,5556860,6739999,7261627,6883717,5734663,4257580,2902620,1809858,1029314,526211,250226,118921,59640,28899,13783,6804,3473,1819,1014,535,260,124,52,26,4,0,0,0,0,0,0,0,0,0,0"
unhcr_west_central_africa,1925,"0,0,53,489,1403,2791,6218,16337,49179,135653,312413,644318,1329939,2604337,4142359,5620859,6835511,7383738,7010883,5852611,4341742,2954278,1836742,1042302,530905,251781,119194,59803,29071,13993,6971,3565,1853,1030,545,260,124,52,27,3,0,0,0,0,0,0,0,0,0,0"
unhcr_west_central_africa,1926,"0,0,53,491,1402,2724,5846,15056,45335,129093,307006,644117,1339581,2634362,4191623,5682953,6915914,7481419,7117291,5953051,4430197,3028002,1890242,1074969,548261,260004,123726,62298,30247,14462,7153,3648,1886,1045,555,266,127,52,29,3,0,0,0,0,0,0,0,0,0,0"
unhcr_west_central_africa,1927,"0,0,53,504,1439,2790,5938,15205,45851,130907,311553,645305,1320818,2597184,4179037,5700396,6957225,7595288,7309004,6166357,4580800,3109891,1927318,1095035,557015,262271,121084,60379,29611,14477,7288,3723,1928,1070,571,275,134,57,29,4,0,0,0,0,0,0,0,0,0,0"
unhcr_west_central_africa,1928,"0,0,53,507,1455,2795,5856,15024,45656,131218,312167,647045,1328706,2623412,4213642,5748154,7035246,7697355,7414847,6273571,4679527,3192722,1986073,1130840,575840,271406,125969,63017,30838,14995,7512,3818,1966,1091,581,276,135,58,30,4,0,0,0,0,0,0,0,0,0,0"
unhcr_west_central_africa,1929,"0,0,55,524,1498,2866,5950,15183,45962,132199,315141,654979,1348255,2661177,4269355,5815761,7119084,7796458,7517517,6368703,4760185,3260849,2034525,1159299,590141,277623,129325,64846,31591,15254,7614,3871,1981,1096,588,281,135,57,28,4,0,0,0,0,0,0,0,0,0,0"
unhcr_west_central_africa,1930,"0,0,57,539,1537,2932,6038,15312,46144,132676,315751,656528,1358271,2696758,4348725,5935505,7274140,7981060,7710495,6515269,4808981,3236932,1990969,1126131,570428,264572,120380,60195,30027,15060,7684,3907,1999,1108,595,286,138,60,28,6,0,0,0,0,0,0,0,0,0,0"
unhcr_west_central_africa,1931,"0,0,56,543,1555,2941,5958,15106,46033,133249,317854,654772,1335269,2648701,4309079,5910126,7263729,8035074,7843934,6710440,5001854,3391734,2098766,1194932,608425,282441,126612,62775,31203,15577,7920,4028,2047,1133,610,297,144,63,29,8,0,0,0,0,0,0,0,0,0,0"
unhcr_west_central_africa,1932,"0,0,57,558,1594,3010,6044,15231,46292,133457,317221,653423,1337468,2662860,4342987,5965890,7351247,8139884,7960522,6825783,5101069,3472663,2153305,1227285,624842,290293,130604,64872,32152,15987,8133,4136,2094,1157,613,304,147,63,29,8,0,0,0,0,0,0,0,0,0,0"
unhcr_west_central_africa,1933,"0,0,57,559,1598,2974,5728,14045,42573,127160,312397,652755,1342128,2686333,4381443,6019121,7431791,8238195,8062479,6932430,5204960,3562174,2217040,1267339,645288,300445,135955,67750,33437,16536,8387,4246,2131,1164,626,313,149,64,28,9,0,0,0,0,0,0,0,0,0,0"
unhcr_west_central_africa,1934,"0,0,7,408,1368,2907,5743,14086,42800,127418,312981,654123,1350153,2710392,4411389,6055414,7485456,8324627,8169344,7053281,5318874,3661197,2287981,1310480,668210,311405,141451,70702,34895,17215,8732,4420,2203,1191,638,317,151,65,29,9,0,0,0,0,0,0,0,0,0,0"
unhcr_west_central_africa,1935,"0,0,0,310,1230,2834,5791,14160,43065,128035,313862,655861,1358348,2737708,4449191,6101672,7541928,8406498,8266007,7166842,5426307,3760792,2362836,1358050,693578,323884,148013,74299,36647,18034,9135,4627,2289,1215,651,323,152,65,31,11,0,0,0,0,0,0,0,0,0,0"
unhcr_west_central_africa,1936,"0,0,0,217,1069,2661,5688,13863,42904,128571,315063,657675,1363470,2751700,4470868,6133606,7607541,8509458,8384500,7295349,5539238,3860420,2434657,1401983,717294,334476,153392,77195,37986,18620,9424,4777,2352,1222,653,324,156,69,30,12,0,0,0,0,0,0,0,0,0,0"
unhcr_west_central_africa,1937,"0,0,0,153,941,2513,5733,13945,43308,129557,316538,653140,1331762,2688432,4417568,6089681,7574153,8548231,8514435,7504309,5756311,4044614,2572609,1492826,770232,359814,162936,81417,40173,19678,9940,5052,2487,1258,671,339,161,73,32,13,0,0,0,0,0,0,0,0,0,0"
unhcr_west_central_africa,1938,"0,0,0,107,825,2356,5743,14012,43668,131188,320409,659258,1343318,2714798,4471710,6167892,7682633,8690196,8677800,7659475,5854890,4082340,2580302,1493983,769290,358193,160109,79553,39532,19795,10202,5205,2556,1270,668,339,164,73,31,14,0,0,0,0,0,0,0,0,0,0"
unhcr_west_central_africa,1939,"0,0,0,52,631,2042,5499,13706,43512,131908,322308,662519,1353293,2740481,4522915,6236565,7771859,8802999,8825541,7807537,5970143,4154771,2626262,1521435,783988,365167,162677,80720,40357,20497,10699,5496,2718,1322,681,346,169,76,32,13,1,0,0,0,0,0,0,0,0,0"
unhcr_west_central_africa,1940,"0,0,0,54,520,1866,5227,13029,40356,125208,315787,658610,1353886,2761157,4573129,6297917,7871863,8936784,8987719,7962384,6102221,4239794,2681892,1555216,803432,374562,166664,82714,41617,21379,11262,5810,2879,1388,692,353,169,78,34,13,2,0,0,0,0,0,0,0,0,0"
unhcr_west_central_africa,1941,"0,0,0,57,446,1717,5047,13028,40218,123272,309906,642413,1314161,2693459,4543369,6303110,7885321,9013793,9162531,8204344,6339011,4414729,2808695,1641312,855577,399835,175142,85658,43256,22403,11889,6172,3079,1496,721,372,178,84,35,14,3,0,0,0,0,0,0,0,0,0"
unhcr_west_central_africa,1942,"0,0,0,59,368,1520,4807,13153,40786,124944,313324,645730,1321506,2713899,4591041,6362131,7979153,9148837,9332112,8375750,6483660,4517954,2878054,1686487,882941,413659,181927,88937,45134,23660,12716,6679,3351,1631,752,378,182,85,36,15,5,0,0,0,0,0,0,0,0,0"
unhcr_west_central_africa,1943,"0,0,0,61,334,1405,4553,12699,38111,119011,307837,639705,1289454,2642925,4553466,6354315,7995748,9240046,9515924,8629713,6740102,4717659,3023425,1787007,947008,445348,194172,93503,47610,25123,13599,7190,3628,1765,806,398,191,93,38,17,6,0,0,0,0,0,0,0,0,0"
unhcr_west_central_africa,1944,"0,0,0,65,340,1257,4348,12709,38795,121018,312684,649022,1308683,2686516,4626323,6447268,8102566,9371559,9668548,8795241,6870423,4824080,3091861,1835557,977027,460810,202248,97444,49621,26370,14415,7705,3955,1953,888,411,197,95,41,18,7,0,0,0,0,0,0,0,0,0"
unhcr_west_central_africa,1945,"0,0,0,70,349,1162,4071,12143,36088,114783,306032,647320,1310541,2708136,4679204,6515166,8203628,9508149,9826964,8965461,7026332,4961388,3190694,1902915,1018751,482555,213874,103736,52720,27979,15375,8292,4284,2126,982,427,204,101,43,19,8,0,0,0,0,0,0,0,0,0"
unhcr_west_central_africa,1946,"0,0,0,74,364,1132,4002,12163,36558,113913,301538,632680,1272916,2655019,4686208,6565293,8285124,9691410,10085938,9205760,7206330,5073632,3281292,1974145,1071925,508253,222132,106900,55324,29815,16486,8976,4696,2341,1108,453,213,109,47,20,9,0,0,0,0,0,0,0,0,0"
unhcr_west_central_africa,1947,"0,0,0,77,376,1080,3773,11708,34417,108704,296534,638078,1305239,2756948,4839281,6751317,8509105,9916153,10244723,9266010,7220329,5093699,3312951,2004668,1094569,521062,229249,112299,58438,31419,17467,9640,5120,2609,1248,508,220,111,50,21,10,1,0,0,0,0,0,0,0,0"
unhcr_west_central_africa,1948,"0,0,0,83,398,1111,3677,11631,34702,110315,300328,640048,1275497,2660430,4754744,6688842,8454054,9936983,10399171,9540422,7558806,5369244,3534704,2149880,1192575,575415,253719,122569,63539,33960,18906,10496,5628,2884,1410,575,239,119,52,23,10,2,0,0,0,0,0,0,0,0"
unhcr_west_central_africa,1949,"0,0,0,85,408,1138,3527,11216,32323,104471,292560,638464,1273032,2652661,4774144,6729074,8517338,10041400,10567747,9757827,7794383,5561083,3685945,2239655,1254499,613583,274462,134286,69474,36760,20456,11486,6267,3269,1622,687,248,123,55,25,11,3,0,0,0,0,0,0,0,0"
unhcr_west_central_africa,1950,"0,0,0,91,424,1174,3530,11248,32613,106199,296924,644147,1258267,2554168,4651265,6638734,8419708,9975748,10640175,10043420,8232062,5958913,3996600,2441989,1380798,687082,310643,148989,76215,39490,21879,12327,6803,3618,1838,808,269,131,60,27,13,4,0,0,0,0,0,0,0,0"
unhcr_west_central_africa,1951,"0,0,0,74,382,1080,3026,9800,27252,89451,265464,608147,1183899,2355034,4412376,6488349,8300705,9948537,10778217,10395638,8730978,6401131,4362261,2695496,1551495,785171,355133,163452,83282,42840,23607,13333,7392,3955,2025,916,309,145,67,30,14,6,0,0,0,0,0,0,0,0"
unhcr_west_central_africa,1952,"0,0,0,58,345,1007,2707,8832,24546,80163,244484,577964,1118863,2179390,4167577,6348828,8220680,9933785,10915593,10720948,9193884,6836527,4709912,2943261,1721508,886978,402560,178023,89595,45996,25264,14301,7976,4285,2199,1004,347,154,73,30,14,6,0,0,0,0,0,0,0,0"
unhcr_west_central_africa,1953,"0,0,0,59,352,1019,2641,8517,23105,74595,232374,564651,1101515,2149661,4127380,6334122,8242050,10002028,11033602,10926200,9486311,7152447,4962092,3121007,1821553,946476,435615,195753,98261,49487,26826,15183,8505,4594,2387,1098,382,160,71,32,16,7,0,0,0,0,0,0,0,0"
unhcr_west_central_africa,1954,"0,0,0,32,279,861,2202,6857,18849,59883,198697,517427,1031960,1977178,3831450,6110754,8089996,9889985,11078532,11195266,9994323,7735308,5441505,3469884,2051572,1083259,504160,220232,107291,53474,28724,16233,9080,4898,2536,1172,413,179,80,36,17,8,0,0,0,0,0,0,0,0"
unhcr_west_central_africa,1955,"0,0,0,33,287,874,2208,6849,18638,55385,185067,495655,1015037,1973979,3887519,6247804,8253553,10107700,11355749,11463133,10186802,7854569,5522718,3539110,2101447,1115076,520194,228430,112667,56730,30556,17274,9715,5279,2742,1282,454,181,81,36,19,8,0,0,0,0,0,0,0,0"
unhcr_west_central_africa,1956,"0,0,0,35,293,889,2244,6607,17853,50986,173729,480070,1008938,2014701,4015612,6395672,8424319,10333113,11579990,11647767,10334242,7989026,5647826,3627195,2146653,1137439,536303,244175,123145,61444,32742,18477,10424,5693,2980,1410,506,189,89,40,21,9,0,0,0,0,0,0,0,0"
unhcr_west_central_africa,1957,"0,0,0,25,264,829,2088,6003,16532,45443,156749,447644,971246,1981269,4029178,6483141,8559553,10518879,11829244,11919544,10577910,8189283,5810441,3752997,2233217,1190808,565446,260227,132650,66434,35315,19923,11287,6195,3265,1569,581,205,102,43,24,10,0,0,0,0,0,0,0,0"
unhcr_west_central_africa,1958,"0,0,0,25,272,844,2129,5979,16360,41950,142602,418592,937646,1953292,4044855,6563653,8687076,10701489,12063280,12172810,10806780,8398093,5995687,3895876,2333388,1251380,598688,279082,143579,71860,37975,21371,12119,6688,3549,1724,652,214,106,45,24,11,0,0,0,0,0,0,0,0"
unhcr_west_central_africa,1959,"0,0,0,16,241,784,1981,5546,15489,38366,130131,392670,900568,1871749,3882792,6441329,8605786,10657510,12159812,12437428,11241453,8889668,6415134,4198070,2530250,1369417,658949,304516,154898,76746,40161,22573,12770,7050,3730,1812,691,227,115,51,26,12,2,0,0,0,0,0,0,0"
unhcr_west_central_africa,1960,"0,0,0,0,149,588,1549,4136,12212,30255,107365,350189,851833,1742254,3563093,6172271,8441265,10528314,12214019,12735906,11759209,9512448,6935260,4615500,2816568,1562240,762708,348412,173813,86284,44486,24914,14157,7915,4242,2122,856,244,125,53,26,13,2,0,0,0,0,0,0,0"
unhcr_west_central_africa,1961,"0,0,0,0,123,544,1445,3678,10912,27961,103942,348702,870183,1790190,3620572,6243468,8520263,10633551,12364949,12926341,11990413,9753719,7171487,4818280,2959892,1655576,823926,386071,196833,99137,50208,27829,15928,9082,5012,2619,1121,316,138,62,29,14,3,0,0,0,0,0,0,0"
unhcr_west_central_africa,1962,"0,0,0,0,76,443,1245,3146,9483,25626,97543,337607,858669,1754337,3501353,6146889,8509782,10630277,12477373,13196302,12401467,10194927,7528678,5118820,3166668,1800495,898444,418389,210651,105975,53082,29340,16737,9511,5259,2761,1196,340,148,67,31,14,3,0,0,0,0,0,0,0"
unhcr_west_central_africa,1963,"0,0,0,0,29,312,981,2450,7121,21117,94671,340850,868610,1693789,3182901,5703766,8198588,10303027,12303659,13332196,12912598,10972651,8223875,5695632,3608289,2102924,1089440,509988,245090,126257,62845,33858,19433,11336,6478,3545,1651,549,175,77,31,15,3,0,0,0,0,0,0,0"
unhcr_west_central_africa,1964,"0,0,0,0,2,203,764,1969,5279,18018,96238,358646,903438,1738467,3240293,5808544,8328294,10482021,12554676,13614150,13150382,11126070,8350945,5820128,3752307,2212979,1170738,570870,285293,152764,78193,40691,23075,13754,8173,4696,2372,954,214,91,32,15,3,0,0,0,0,0,0,0"
unhcr_west_central_africa,1965,"0,0,0,0,0,139,629,1686,4596,16016,84950,333114,872278,1697227,3122000,5638536,8268511,10493601,12689731,13917728,13629319,11697699,8821341,6169537,3972573,2352773,1246653,595055,287098,150971,76045,39972,22825,13509,7909,4458,2189,821,199,92,34,16,3,0,0,0,0,0,0,0"
unhcr_west_central_africa,1966,"0,0,0,0,0,139,642,1717,4598,16132,87785,345007,906041,1839849,3576509,6294295,8793204,11058993,13348798,14386272,13724857,11402239,8500240,5889920,3801733,2226111,1191336,581603,305019,165064,83560,43307,24584,14501,8520,4839,2429,946,206,98,36,16,3,0,0,0,0,0,0,0"
unhcr_west_central_africa,1967,"0,0,0,0,0,113,588,1617,4323,15377,84996,342067,958025,2239539,4670772,7380418,9788672,12271620,14224483,14651637,13296177,10556632,7796074,5292474,3354134,1913514,1031330,546850,311002,167917,85053,44220,25133,14860,8747,4972,2481,959,198,95,35,14,1,0,0,0,0,0,0,0"
unhcr_west_central_africa,1968,"0,0,0,0,0,118,596,1641,4180,14008,74371,311157,932416,2312366,4884866,7614345,10068239,12612307,14638178,15021921,13484247,10610922,7823575,5344759,3414230,1988281,1093477,604098,352096,194629,101059,51570,28804,17176,10305,5990,3125,1310,316,110,41,18,3,0,0,0,0,0,0,0"
unhcr_west_central_africa,1969,"0,0,0,0,0,150,675,1803,4581,15844,83729,341654,917358,1919482,3857258,6819759,9450909,11874230,14343005,15410473,14547887,11968973,8973268,6268353,4117148,2458863,1342777,692282,382545,212469,110822,55995,30810,18309,10997,6442,3401,1452,357,100,34,12,0,0,0,0,0,0,0,0"
unhcr_west_central_africa,1970,"0,0,0,0,2,227,827,2131,5496,16242,83288,336903,905409,1722227,2975751,5373035,8457414,10896781,13391937,15120152,15255543,13639358,10727551,7772873,5246917,3299300,1849364,937256,453034,239730,126435,63658,34453,20453,12437,7416,4016,1814,520,116,38,16,1,0,0,0,0,0,0,0"
unhcr_west_central_africa,1971,"0,0,0,0,0,185,734,1917,4871,14138,69332,305525,872595,1711298,2794352,4708518,7850184,10516651,12996756,14979466,15571888,14450231,11869730,8711298,6024066,3865566,2242686,1155381,540177,261770,138577,69599,37253,22062,13491,8091,4438,2048,626,122,37,15,0,0,0,0,0,0,0,0"
unhcr_west_central_africa,1972,"0,0,0,0,0,146,649,1728,4355,12576,60192,276745,816719,1627303,2701797,4677401,7903265,10873011,13413295,15362883,15905607,14780930,12223784,9004863,6272818,4070372,2384356,1233944,574048,272241,144526,72833,39136,23236,14231,8509,4670,2154,662,135,42,16,1,0,0,0,0,0,0,0"
unhcr_west_central_africa,1973,"0,0,0,0,0,64,451,1308,3284,10285,69431,328376,937829,1813345,2968205,4793851,7845970,10982363,13490482,15266002,15824698,14956391,12667124,9499722,6709488,4415197,2635234,1389030,648389,294314,155017,78226,41560,24669,15221,9165,5088,2390,769,124,37,12,0,0,0,0,0,0,0,0"
unhcr_west_central_africa,1974,"0,0,0,0,0,19,293,971,2467,8655,66891,329752,953719,1853278,2910350,4461077,7179457,10506774,13241722,15086765,15997680,15541607,13656259,10557545,7543234,5033415,3087044,1674722,792940,340579,169207,85817,45541,26920,16573,9950,5511,2596,853,155,56,17,0,0,0,0,0,0,0,0"
unhcr_west_central_africa,1975,"0,0,0,0,0,1,128,613,1653,4909,47448,281495,886314,1832329,3061556,4945270,8033452,11265383,14034385,16024293,16672620,15687739,13466364,10261718,7325247,4871528,2944511,1581091,748890,340290,178627,91082,48496,28672,17702,10623,5883,2775,917,178,76,28,0,0,0,0,0,0,0,0"
unhcr_west_central_africa,1976,"0,0,0,0,0,1,80,480,1343,3622,27901,205280,729561,1702986,3056284,4891368,7719065,11239454,14190014,15992984,16695038,15949671,14071389,11094569,8038104,5508141,3433103,1923537,953122,427063,221169,116486,60794,35351,21790,13333,7608,3802,1495,287,122,52,14,0,0,0,0,0,0,0"
unhcr_west_central_africa,1977,"0,0,0,0,0,3,55,394,1154,3268,23737,196122,705692,1643720,2962419,4833638,7652303,11349729,14497600,16430088,17188987,16451225,14616322,11637828,8459241,5832452,3650228,2055751,1009711,443098,220287,114841,59836,34879,21667,13250,7565,3765,1453,243,98,37,5,0,0,0,0,0,0,0"
unhcr_west_central_africa,1978,"0,0,0,0,0,0,78,467,1297,3255,21006,184742,689835,1624663,2832420,4772360,7995366,11781568,14848071,17258592,18193269,17286760,15033518,11716609,8507819,5798970,3624453,1993914,987522,453334,238492,125861,64104,36800,23118,14331,8366,4303,1733,321,75,19,0,0,0,0,0,0,0,0"
unhcr_west_central_africa,1979,"0,0,0,0,0,2,218,779,1946,4926,22970,174067,644388,1557058,2834205,4963467,8561097,12475549,15531964,18065397,18955884,17767078,15165904,11702976,8506734,5807557,3611926,1970657,975553,459655,247717,130755,66716,38396,24128,14926,8701,4485,1809,344,84,26,0,0,0,0,0,0,0,0"
unhcr_west_central_africa,1980,"0,0,0,0,0,19,299,964,2338,6671,34136,230053,791295,1800260,3083889,5204661,8796674,12786953,15879352,18516198,19510124,18257772,15547086,12033230,8682279,5900800,3590564,1967018,946697,475597,258487,132968,69937,39877,19710,9575,4715,2359,1187,613,300,148,65,19,0,0,0,0,0,0"
unhcr_west_central_africa,1981,"0,0,0,0,0,26,335,1054,2546,7295,42165,270321,901502,1982759,3400066,5866295,9889526,13692847,16631565,19308908,20216550,18583205,15357735,11660530,8376832,5660029,3360707,1833423,903458,485585,269433,139148,72512,41648,20788,10032,4907,2427,1217,618,300,146,61,14,0,0,0,0,0,0"
unhcr_west_central_africa,1982,"0,0,0,0,0,79,465,1364,3586,10152,55151,301124,956092,2054887,3628109,6518678,10898392,14601170,17572320,20265627,20930703,18834607,15286179,11477352,8093688,5395807,3131507,1715967,858317,471968,263341,135747,70865,40453,19929,9643,4721,2349,1180,601,293,139,60,12,0,0,0,0,0,0"
unhcr_west_central_africa,1983,"0,0,0,0,0,93,521,1507,3932,10858,58044,328263,1037372,2219755,4171242,7730446,12252046,15841246,18945099,21325806,21369791,18776477,14644057,10804376,7497462,4966249,2788392,1498165,811683,454681,253235,131042,70027,39724,19352,9364,4587,2278,1146,587,288,130,54,10,0,0,0,0,0,0"
unhcr_west_central_africa,1984,"0,0,0,0,0,71,553,1655,4237,12475,71832,362404,1092802,2334035,4524519,8298800,12816079,16363883,19493327,21735092,21741498,19165448,14987149,10982818,7643453,4966821,2768276,1382176,770946,446479,234859,119848,67086,36568,17574,8558,4233,2120,1077,562,270,126,54,7,0,0,0,0,0,0"
unhcr_west_central_africa,1985,"0,0,0,0,0,94,544,1585,4188,11916,46680,269308,928251,2097527,4227540,8056097,12749734,16528711,19900862,22453024,22717804,20118478,15833692,11544132,8018271,5236960,2998926,1557394,829898,455798,250289,129929,70111,38809,18706,9110,4509,2251,1148,592,292,142,61,8,0,0,0,0,0,0"
unhcr_west_central_africa,1986,"0,0,0,0,0,85,610,1789,4630,12795,56606,308358,1005603,2317175,4590632,8605285,13296605,16970550,20385774,22782053,22991293,20510595,16200548,11966113,8294325,5366941,3022612,1542656,797780,420455,219835,118035,58507,28351,13940,6967,3554,1838,960,514,261,126,48,7,0,0,0,0,0,0"
unhcr_west_central_africa,1987,"0,0,0,0,0,89,642,1879,4762,12998,65561,364197,1169105,2667653,5118790,9162394,13739730,17509479,21014095,23408154,23470128,21012525,16516758,12208070,8454789,5187278,2852995,1406704,686608,365509,209319,112593,54431,26460,13069,6577,3375,1750,925,493,251,123,45,8,0,0,0,0,0,0"
unhcr_west_central_africa,1988,"0,0,0,0,0,185,834,2310,5909,14107,66262,379966,1229344,2815945,5273814,9239354,13933764,17934474,21638535,24497508,24336946,21627425,17208963,12641269,8495879,5257374,2779597,1317143,586561,301299,168568,85342,41860,20833,10570,5464,2883,1539,833,456,242,111,47,8,0,0,0,0,0,0"
unhcr_west_central_africa,1989,"0,0,0,0,0,149,859,2429,6055,14569,79201,434585,1373332,3172510,5854953,9879430,14584343,18737331,22430112,24879583,24686669,21827920,17329362,12705983,8625368,5284833,2756456,1329902,595089,305351,167364,84701,42141,20999,10655,5518,2909,1554,847,465,239,112,44,12,0,0,0,0,0,0"
unhcr_west_central_africa,1990,"0,0,0,0,0,232,1044,2825,7365,18741,92338,475852,1534663,3483598,6369918,10268943,14642601,19219774,23129035,25553992,24925312,21814429,17628670,13239184,8854630,5516453,3012766,1433217,618868,302746,159933,79429,39409,19617,9951,5143,2712,1447,781,430,216,94,39,10,0,0,0,0,0,0"
unhcr_west_central_africa,1991,"0,0,0,0,0,334,1243,3164,8010,20617,107138,518067,1656683,3837587,6957998,10894729,15218007,19984716,24106355,26505085,25281173,21746740,17672827,13334956,8823866,5446141,2975430,1436056,624626,302792,155361,77262,38479,19271,9838,5120,2723,1468,799,440,220,101,44,12,0,0,0,0,0,0"
unhcr_west_central_africa,1992,"0,0,0,0,0,48,566,1758,5859,20210,132697,626307,1889433,4209212,7620580,11622238,16116563,21150815,25168913,26943999,25252487,21673878,17541059,13420869,8873832,5478782,3014865,1438842,631159,294648,146458,72348,35959,18003,9188,4783,2539,1358,749,406,199,88,33,12,0,0,0,0,0,0"
unhcr_west_central_africa,1993,"0,0,0,0,0,10,419,1509,4089,15737,149593,653370,1871690,4075363,7408334,11696092,16807618,22209492,26455204,28003979,26263253,22325630,17964099,13321235,8737911,5365226,2975486,1453645,679326,325295,159464,79185,39584,20002,10315,5418,2907,1579,872,484,255,121,53,21,2,0,0,0,0,0"
unhcr_west_central_africa,1994,"0,0,0,0,0,0,255,1619,5823,16490,114659,583652,1877526,4336955,7948006,12335803,17595166,22793387,27165342,28570485,27128251,22915355,18296084,13254529,8534682,5266036,2973961,1536173,783499,394862,193511,95365,48205,25055,13310,7199,3976,2213,1256,723,408,217,105,56,22,3,0,0,0,0"
unhcr_west_central_africa,1995,"0,0,0,0,0,0,174,904,3953,11979,136408,679638,2118731,4568434,7992990,12225967,17938281,23458150,28039285,30086714,28179636,23204738,18244687,13422348,8725107,5243693,3043684,1677105,903940,470495,246520,120722,60162,30759,16059,8554,4638,2556,1420,816,461,250,122,59,25,6,0,0,0,0"
unhcr_west_central_africa,1996,"0,0,0,0,0,0,0,25,1526,6764,115679,622908,1992906,4389992,7766564,12204027,18291907,24229616,28896721,30692843,29259563,24615647,19023171,13548995,8835478,5451578,3208781,1788085,984597,540371,301102,160045,78352,39113,19888,10320,5454,2923,1601,894,497,270,140,58,25,5,0,0,0,0"
unhcr_west_central_africa,1997,"0,0,0,0,0,0,0,418,3212,10062,99420,569490,1863678,4147922,7379287,11925696,18248419,24682225,29916954,32120153,30519537,25868651,19963742,13987116,9252550,5691961,3278639,1808134,980909,540537,305614,162547,79700,39879,20325,10574,5603,3021,1651,929,508,280,147,59,24,5,0,0,0,0"
unhcr_west_central_africa,1998,"0,0,0,0,0,0,0,0,1,665,89122,527244,1721883,3827062,6900178,11324456,17978926,25314330,31069475,33420934,32148219,27561193,21156048,14582753,9507919,5866137,3324564,1777098,940798,512118,287059,144434,71962,36785,19190,10223,5535,3049,1702,969,538,303,168,74,30,6,0,0,0,0"
unhcr_west_central_africa,1999,"0,0,0,0,0,0,0,0,12,646,73746,446196,1512357,3611443,6500653,10876065,17802612,25539855,32579616,35014937,34440092,29133884,21833625,15069118,9795200,5728660,3200686,1779859,924540,494427,266384,132307,66921,34765,18451,9985,5493,3076,1739,1001,569,312,177,81,32,6,0,0,0,0"
unhcr_west_central_africa,2000,"0,0,0,0,0,0,0,0,0,1174,80660,475637,1583853,3678206,6616805,11196235,18069744,25926776,32918938,35921937,35483308,30113614,22712765,15962962,10230729,5899290,3270706,1816865,937221,494079,261127,130335,66136,34465,18360,9987,5520,3094,1765,1012,581,326,172,82,38,5,0,0,0,0"
unhcr_west_central_africa,2001,"0,0,0,0,0,0,0,0,0,352,72657,425962,1377947,3227386,5934267,10387932,17299090,25479516,33250889,37263198,37459767,32554333,24716574,17220160,10985262,6329945,3424788,1890203,969142,494751,254762,128206,65524,34425,18476,10116,5630,3178,1822,1048,605,335,185,91,39,6,0,0,0,0"
unhcr_west_central_africa,2002,"0,0,0,0,0,0,0,0,0,378,48914,324728,1086010,2664412,5203362,9580276,16421624,25078431,33671608,38369630,39240496,34478278,26940363,18836364,12119937,7008965,3732155,2021728,1049248,525368,265185,133466,68058,35668,19098,10437,5808,3277,1866,1080,620,344,187,98,41,7,0,0,0,0"
unhcr_west_central_africa,2003,"0,0,0,0,0,0,0,0,0,109,54236,345912,1066721,2471775,4740374,8774795,15640501,24894288,34323860,39803723,41219452,36865581,28544572,19970798,12882511,7305245,3812933,2053756,1034366,499041,249928,126448,64864,34251,18482,10170,5695,3228,1848,1069,621,338,190,98,43,6,0,0,0,0"
unhcr_west_central_africa,2004,"0,0,0,0,0,0,0,0,0,30,34506,260198,865414,2119150,4382990,8407722,14833922,24234843,34181161,40669552,42341834,39295264,31096084,21624369,13981021,8079868,4167405,2180729,1107780,528151,260709,131944,67695,35755,19297,10625,5945,3371,1943,1119,651,358,198,103,39,10,0,0,0,0"
unhcr_west_central_africa,2005,"0,0,0,0,0,0,0,0,0,42,26133,213463,741228,1879282,4021304,8010045,14543290,24040430,34524585,41997522,44347274,40619621,32519841,23083809,15082653,8648223,4444196,2299771,1155346,547071,267763,135544,69534,36744,19859,10939,6131,3477,2008,1154,674,369,201,106,44,14,1,0,0,0"
unhcr_west_central_africa,2006,"0,0,0,0,0,0,0,0,0,183,14150,158303,603076,1568666,3500535,7256086,13516845,23974273,35449042,43729798,46256211,42431634,34442553,24516518,15841221,9040960,4831891,2409969,1183626,569596,277485,140330,72249,38411,20901,11589,6542,3729,2160,1251,734,410,230,114,49,19,4,0,0,0"
unhcr_west_central_africa,2007,"0,0,0,0,0,0,0,0,0,172,20596,157218,538457,1359176,3106841,6702021,13058905,23931585,36217984,45102065,48005161,44211097,35983179,25748290,16822706,9651727,5140704,2514819,1213992,589799,286547,144372,74633,39789,21705,12068,6823,3892,2257,1309,770,430,246,124,51,19,5,0,0,0"
unhcr_west_central_africa,2008,"0,0,0,0,0,0,0,0,0,36,16698,121152,419307,1056863,2488810,5629350,11607408,22718205,36469921,46722806,50486775,46545457,38125493,27793984,18165082,10457572,5619456,2723257,1301677,634757,309164,155312,79811,42507,23153,12856,7263,4149,2394,1389,821,462,265,134,53,22,7,0,0,0"
unhcr_west_central_africa,2009,"0,0,0,0,0,0,0,0,0,131,19464,109782,363518,920282,2269622,5394618,11397203,22616065,36738027,47593856,51638813,48527906,40148933,29348983,19272274,11159631,5998450,2877989,1356467,659283,320984,160423,82097,43567,23682,13119,7391,4222,2436,1416,832,470,268,130,57,23,9,0,0,0"
unhcr_west_central_africa,2010,"0,0,0,0,0,0,0,0,0,385,14483,82887,281435,733579,1819642,4494615,10036367,20618486,35929389,48825078,54367227,51246689,42630803,31689883,20950477,12170136,6607408,3213394,1495699,722215,357408,177369,90109,47584,25803,14258,8021,4575,2627,1528,898,516,295,142,61,28,13,1,0,0"
unhcr_west_central_africa,2011,"0,0,0,0,0,0,0,0,0,1415,21846,98353,279038,668816,1662916,4125261,9460125,20082858,36090546,50133056,56336524,53587015,44619924,33292984,21953239,12832778,6995803,3337590,1533609,730035,350203,173657,89268,47728,26346,14788,8445,4867,2827,1654,978,570,329,169,72,33,16,5,0,0"
unhcr_west_central_africa,2012,"0,0,0,0,0,0,0,0,0,1206,19481,93854,276829,671942,1582739,3889119,8937536,18976985,35009907,50219531,57588933,56111080,47103753,35449022,23822263,14018914,7695305,3769088,1734618,833931,405710,200226,102230,54239,29822,16703,9499,5476,3173,1865,1091,639,375,203,88,41,19,7,0,0"
unhcr_west_central_africa,2013,"0,0,0,0,0,0,0,0,0,1200,24940,119710,346411,778477,1698134,3785280,8454126,18247216,34286371,49906030,58562660,57791335,49749926,37806546,25476941,15222395,8471761,4236707,1966196,951179,465601,228064,114524,59721,32549,18088,10221,5861,3389,1977,1167,672,397,209,99,48,21,10,0,0"
unhcr_west_central_africa,2014,"0,0,0,0,0,0,0,0,0,811,22828,122510,359494,813092,1658080,3630340,7935605,17159198,33076416,49647964,59641303,59931793,52389283,40316192,27566903,16630802,9276173,4730236,2219110,1070326,529381,259586,128564,66537,35881,19734,11048,6285,3613,2099,1227,716,418,217,102,53,21,12,0,0"
unhcr_west_central_africa,2015,"0,0,0,0,0,0,0,0,0,0,17285,120745,381734,831824,1631281,3701366,8210673,17332307,33807025,51366050,61422918,61354482,53816289,41500894,28388930,17050415,9503019,4928125,2312657,1107135,546261,266854,131590,67748,36431,19974,11161,6331,3630,2106,1228,715,417,222,97,49,24,13,1,0"
unhcr_west_central_africa,2016,"0,0,0,0,0,0,0,0,0,1,5766,68748,276416,711747,1476943,3407736,7932902,17116758,33693229,51194602,62103955,63671662,56828183,43971953,30119422,17984171,10036308,5260248,2502199,1205366,587877,285300,140668,72454,39021,21416,11969,6794,3910,2259,1321,772,446,239,115,56,24,15,3,0"
unhcr_west_central_africa,2017,"0,0,0,0,0,0,0,0,0,1,3481,38156,179433,529607,1273307,3061086,7424565,16400073,32520430,50317285,63087848,66065790,59963571,47281922,32330364,19227680,10815126,5805660,2850292,1380817,662627,318591,156508,80648,43415,23827,13308,7549,4339,2510,1465,863,491,272,136,67,27,17,5,0"
unhcr_west_central_africa,2018,"0,0,0,0,0,0,0,0,0,2,2689,27102,126232,397516,1029292,2645176,6805933,15610790,31393232,49307863,63870978,69123193,63290897,50269015,34532018,20543623,11636839,6350440,3187647,1548986,732413,347316,170082,88116,47499,26093,14580,8283,4758,2760,1607,941,532,307,153,80,35,18,6,0"
unhcr_west_central_africa,2019,"0,0,0,0,0,0,0,0,0,1218,6523,30453,120064,364552,932734,2409153,6442646,15231631,31069158,49140207,64603004,71543855,66299104,52922894,36309058,21560177,12244823,6745160,3397427,1654698,781827,367771,179574,93057,50220,27609,15448,8784,5055,2933,1713,1001,568,330,170,85,41,20,8,0"
unhcr_west_central_africa,2020,"0,0,0,0,0,0,0,0,0,511,4849,29012,124868,379157,982054,2583805,6898188,16405378,33569719,51796072,67153760,73912111,67748265,53325255,35982163,20989666,11879307,6378848,3128257,1522844,713375,336939,166414,87074,47243,26098,14668,8362,4828,2804,1636,961,543,314,163,81,38,20,8,0"
unhcr_west_central_africa,2021,"0,0,0,0,0,0,0,0,0,15,1775,22215,113824,361605,953150,2519159,6749792,16355307,33888863,53225201,68309482,75474832,70002599,55480800,37608375,21927011,12330256,6548534,3151927,1510051,714444,340100,168706,88727,48258,26724,15041,8595,4971,2894,1693,996,560,328,171,86,41,21,10,0"
unhcr_west_central_africa,2022,"0,0,0,0,0,0,0,0,0,25,2344,23314,113361,356687,940462,2459602,6530249,15938276,33557314,53575423,69864872,77866693,72780330,57892779,39145142,22981696,12870151,6761645,3214013,1526415,724657,347771,173029,91009,49522,27452,15454,8842,5118,2975,1743,1029,579,341,180,88,42,21,12,0"
unhcr_west_central_africa,2023,"0,0,0,0,0,0,0,0,0,81,2373,23000,113653,360691,947005,2472372,6537713,16257691,34186966,53630377,70618061,79560926,75154695,60112622,40796549,24111060,13548686,7130218,3376381,1594438,759442,363668,180320,94363,51254,28358,15947,9100,5261,3061,1789,1060,595,351,185,91,43,22,12,0"
unhcr_west_central_africa,2024,"0,0,0,0,0,0,0,0,0,81,2276,23180,115628,364208,955512,2488324,6520413,16181397,34335600,54492603,71679176,81876404,77773253,61777168,42272741,25157426,14151178,7477249,3577839,1688029,802829,385005,190328,99214,53788,29707,16682,9510,5480,3193,1863,1101,624,367,198,92,45,22,13,1"
unhcr_west_central_africa,2025,"0,0,0,0,0,0,0,0,0,84,2498,23765,116454,365323,950387,2458812,6387209,15802441,33942574,55726090,72890686,83815441,79803975,64023607,44258332,26485286,14912434,7909781,3812505,1796914,853761,409477,202397,105372,57003,31424,17602,10026,5780,3358,1958,1156,656,387,212,98,48,23,14,2"
unhcr_west_central_africa,2026,"0,0,0,0,0,0,0,0,0,73,1882,19552,103092,338369,900293,2354686,6127876,15159021,32960011,55105429,73275810,85385815,82422970,67011685,47021580,28603960,16280382,8727180,4285301,2026226,966524,463830,228973,117871,63593,34983,19572,11124,6405,3725,2160,1280,737,421,242,117,54,26,15,3"
unhcr_west_central_africa,2027,"0,0,0,0,0,0,0,0,0,74,1936,19754,99543,328959,870103,2241217,5789164,14337002,31789707,54411174,73517362,86943795,85385861,70372898,50145332,30834204,17562055,9472680,4666786,2193287,1044696,501114,246383,126407,67876,37187,20725,11739,6740,3912,2266,1340,774,444,253,125,56,27,16,4"
unhcr_west_central_africa,2028,"0,0,0,0,0,0,0,0,0,75,1729,17440,88660,305432,819110,2109186,5474292,13660460,30843964,53943953,73817289,88245662,88142542,73598452,53190291,33097677,18886805,10272733,5092234,2387817,1139286,545302,267076,136348,72968,39862,22161,12531,7175,4162,2411,1423,827,466,271,135,65,31,17,5"
unhcr_west_central_africa,2029,"0,0,0,0,0,0,0,0,0,75,1678,15251,78741,282424,768626,1977596,5121921,12830941,29481290,52892652,73775274,89467047,91031925,77143626,56612924,35740902,20452960,11219869,5613988,2633670,1255801,600606,293652,148829,79464,43316,24039,13555,7756,4493,2601,1533,891,506,291,151,71,35,18,6"
unhcr_west_central_africa,2030,"0,0,0,0,0,0,0,0,0,64,1853,16874,84861,298012,803179,2056319,5306734,13277876,30489725,54666702,76131028,91953138,93154824,78573062,57460830,36203341,20642763,11302058,5631162,2628990,1250753,596629,291564,148678,79435,43305,24029,13556,7759,4492,2609,1534,893,509,295,149,70,35,19,7"
unhcr_west_central_africa,2031,"0,0,0,0,0,0,0,0,0,83,1804,14814,75439,275668,757667,1942109,5019237,12672264,29542032,54158682,76513428,93219812,95772150,81793747,60545069,38594444,22074658,12172105,6120765,2864608,1364986,651756,317509,160767,85575,46521,25756,14487,8276,4788,2777,1631,961,539,310,162,77,40,20,8"
unhcr_west_central_africa,2032,"0,0,0,0,0,0,0,0,0,35,1583,12618,66516,252844,707110,1815094,4680032,11861130,28098872,52957011,76579129,94289824,98732247,85476029,64031941,41381512,23755463,13166964,6694416,3137618,1489374,710583,345359,173945,92322,50118,27699,15576,8886,5127,2972,1741,1025,580,337,179,85,42,21,10"
unhcr_west_central_africa,2033,"0,0,0,0,0,0,0,0,0,37,1626,12006,64959,250786,704758,1813895,4683179,11832692,28112997,53159172,77427362,95803398,100793952,87750045,66252508,43174971,25029835,13975446,7158832,3385627,1614434,770583,373553,187294,99098,53709,29657,16650,9491,5479,3178,1858,1099,619,362,198,92,47,22,13"
unhcr_west_central_africa,2034,"0,0,0,0,0,0,0,0,0,12,1386,10959,60988,241042,686594,1755997,4474271,11326028,27146348,52510131,77769968,96817929,103431519,91177005,69474392,45769796,26538976,14829931,7623508,3606796,1710941,817365,396760,198101,104531,56554,31176,17465,9948,5736,3334,1942,1150,649,378,210,98,49,23,13"
unhcr_west_central_africa,2035,"0,0,0,0,0,0,0,0,0,13,1161,9196,53429,219876,640277,1646970,4186383,10615274,25721036,51090317,77500895,97564968,106070584,94946692,73168736,48856985,28539882,16000065,8311735,3954414,1872707,893483,431537,214261,112219,60497,33217,18565,10536,6062,3515,2040,1211,689,396,222,106,51,24,14"
unhcr_west_central_africa,2036,"0,0,0,0,0,0,0,0,0,13,1183,8739,50226,209115,615185,1578559,3972222,10105096,24611465,49963330,77123857,98005116,108093962,98342392,76823946,52079736,30703828,17284210,9066170,4340933,2051434,979426,472313,233526,121776,65512,35919,20036,11351,6515,3779,2196,1300,741,428,241,121,55,27,15"
unhcr_west_central_africa,2037,"0,0,0,0,0,0,0,0,0,10,957,7291,44502,192403,580383,1494675,3743097,9508315,23273664,48395400,76668420,98487409,110370219,101957330,80629197,55374460,32984570,18619737,9853361,4745877,2241241,1071150,514599,253103,131031,70227,38374,21347,12058,6910,4012,2321,1374,793,449,257,131,59,30,16"
unhcr_west_central_africa,2038,"0,0,0,0,0,0,0,0,0,13,801,6715,43764,191011,578361,1470151,3603450,9018768,22032716,46765192,76044845,98882914,112382190,105520458,84438706,58772591,35359916,19992629,10679613,5181473,2436379,1165383,560113,274280,141035,75409,41110,22821,12874,7374,4266,2468,1455,846,482,273,141,63,33,18"
unhcr_west_central_africa,2039,"0,0,0,0,0,0,0,0,0,9,782,5888,39027,174827,548533,1410125,3450185,8666722,21224131,45651691,75452893,99078926,113880145,108720768,88127376,62186739,37853754,21424316,11523768,5635159,2638902,1258224,605461,296064,151561,80987,44136,24491,13813,7897,4571,2651,1563,915,517,299,153,73,37,19"
unhcr_west_central_africa,2040,"0,0,0,0,0,0,0,0,0,6,596,4949,35239,167093,537434,1391232,3411813,8535749,20881811,45188620,75579600,99953086,115882967,111397395,90897923,64607073,39689402,22662034,12268215,6060392,2850857,1364364,655812,319453,162843,86872,47280,26194,14763,8446,4880,2831,1662,980,551,323,169,79,41,20"
unhcr_west_central_africa,2041,"0,0,0,0,0,0,0,0,0,8,467,4672,34927,162291,525122,1355260,3287017,8123631,19820321,43652185,74781807,100353130,117582893,114718214,94636296,68094942,42279517,24167761,13169300,6539690,3079060,1471333,707997,343767,174164,92412,50048,27617,15488,8826,5091,2950,1730,1016,572,333,178,80,42,20"
unhcr_west_central_africa,2042,"0,0,0,0,0,0,0,0,0,6,455,4324,30795,147115,493749,1292233,3130807,7747226,19023616,42330832,73876209,100399392,118807052,117756044,98361586,71720661,45131720,25848228,14191880,7090261,3339073,1596625,766550,371741,187524,99397,53818,29679,16644,9481,5472,3166,1856,1097,616,359,197,93,47,22"
unhcr_west_central_africa,2043,"0,0,0,0,0,0,0,0,0,4,327,3697,27179,136721,474751,1253201,3008271,7338635,17952947,40393666,72332206,100114232,119978551,121026403,102444945,75693666,48319147,27773132,15357393,7746760,3658005,1749142,839342,406187,203718,107594,58096,31967,17894,10168,5853,3397,1981,1173,666,386,215,102,50,24"
unhcr_west_central_africa,2044,"0,0,0,0,0,0,0,0,0,6,204,3410,25164,128057,450382,1195514,2858861,6910152,16899607,38404028,70583629,99792735,121009077,124286600,106657244,79766425,51624285,29790717,16566498,8442948,3988647,1901602,911007,439913,219033,114967,61936,34003,18982,10771,6192,3599,2090,1237,705,407,228,111,52,25"
unhcr_west_central_africa,2045,"0,0,0,0,0,0,0,0,0,4,194,3172,21958,115159,421112,1143650,2745129,6629170,16337624,37358660,69780337,99817920,121829620,126609759,110090107,83344099,54611952,31713065,17726944,9108460,4314883,2053719,984728,474719,235611,122951,66000,36108,20111,11383,6531,3775,2196,1302,741,427,241,119,57,27"
unhcr_west_central_africa,2046,"0,0,0,0,0,0,0,0,0,3,107,2697,18664,102817,390086,1079402,2603429,6240239,15384721,35473256,67809329,99153634,122401050,129436100,114280713,87643156,58245281,34046782,19086305,9889035,4706194,2225895,1065330,513497,253991,132067,70835,38724,21544,12190,6988,4047,2352,1386,804,457,261,131,61,30"
unhcr_west_central_africa,2047,"0,0,0,0,0,0,0,0,0,3,111,2759,17880,97752,374222,1044760,2516225,5936421,14570229,33742251,65773837,98182667,122810783,131824962,118231519,91922960,62016213,36586711,20588460,10768146,5161489,2439409,1167530,562045,276787,143172,76608,41790,23211,13097,7495,4339,2513,1488,864,491,279,146,66,34"
unhcr_west_central_africa,2048,"0,0,0,0,0,0,0,0,0,3,42,2381,15733,91292,360312,1017115,2462784,5867134,14476685,33606213,65855424,98692034,123685691,133666797,120672538,94507642,64331102,38298323,21754827,11460431,5547682,2633620,1264113,609287,298778,153844,82213,44803,24855,14019,8024,4641,2691,1583,930,527,306,160,71,37"
unhcr_west_central_africa,2049,"0,0,0,0,0,0,0,0,0,2,35,1980,13817,83619,338297,971160,2357279,5563990,13665509,31973329,64024715,98155914,124184718,136028981,124459090,98552684,67940049,40753619,23199394,12294396,5978664,2835200,1359961,656714,320349,163993,87178,47279,26118,14672,8364,4826,2791,1645,969,543,313,166,77,39"
unhcr_west_central_africa,2050,"0,0,0,0,0,0,0,0,0,2,40,2090,13586,79583,322740,939023,2288976,5363939,13178451,30853692,62587943,97354879,124550260,137977038,128066898,102368618,71376153,43203893,24586388,13145002,6409003,3041420,1462530,704422,343187,174984,92846,50257,27709,15539,8848,5107,2950,1736,1022,571,333,180,83,42"
unhcr_west_central_africa,2051,"0,0,0,0,0,0,0,0,0,1,36,1715,11502,69904,292111,871785,2144920,5007805,12281796,29027566,60115904,95977239,124367697,139902636,132018114,106835930,75597210,46320056,26447218,14278009,7020566,3329249,1601897,772087,374970,190071,100584,54311,29878,16732,9507,5482,3168,1854,1095,614,356,197,93,45"
unhcr_west_central_africa,2052,"0,0,0,0,0,0,0,0,0,1,37,1501,11089,66260,277036,833476,2051425,4734924,11502048,27337346,57567026,94382425,124062799,141687874,135962756,111306535,79807047,49464399,28309309,15414595,7646375,3619771,1741641,839858,406836,205203,108311,58386,32065,17920,10177,5856,3382,1979,1169,662,382,212,102,50"
unhcr_west_central_africa,2053,"0,0,0,0,0,0,0,0,0,0,32,1453,11033,62918,263530,803305,1985230,4570033,11070057,26398326,56030610,93077563,123611015,142584758,139076224,115343400,83786126,52588411,30159456,16516398,8259928,3913528,1872287,903192,436273,218892,115242,62042,34034,19009,10784,6188,3582,2091,1239,704,403,228,110,55"
unhcr_west_central_africa,2054,"0,0,0,0,0,0,0,0,0,0,27,1153,9816,56407,241519,752559,1879063,4322294,10394951,24958891,53723599,91542386,123314765,143811415,142353032,119563775,87975907,55966934,32232152,17766043,8948777,4238274,2024473,976958,471254,235493,123351,66175,36186,20152,11392,6539,3772,2201,1304,745,424,242,119,57"
unhcr_west_central_africa,2055,"0,0,0,0,0,0,0,0,0,0,29,947,9236,53288,229467,718562,1799369,4109496,9746963,23454249,51038415,89392541,122386873,144669753,145677017,124071878,92595440,59759658,34590618,19196618,9753505,4624627,2205386,1062614,511967,254702,132865,71128,38818,21570,12187,6968,4039,2344,1383,799,452,259,131,61"
unhcr_west_central_africa,2056,"0,0,0,0,0,0,0,0,0,0,23,913,8770,49985,221121,708633,1787507,4088099,9708672,23379298,50831188,89226589,122469494,145558232,147513614,126700650,95403544,62109464,36290397,20288674,10381971,4956474,2370520,1142149,550175,272553,141802,75841,41369,22968,12962,7417,4286,2487,1469,853,484,277,144,65"
unhcr_west_central_africa,2057,"0,0,0,0,0,0,0,0,0,0,17,685,7564,45037,204060,668088,1704291,3895681,9133848,22022355,48355967,87143435,121724874,146599470,150773466,131087655,99745968,65666747,38510642,21629861,11143581,5336038,2550707,1229179,591839,291452,150964,80415,43672,24154,13584,7753,4479,2596,1526,893,504,289,153,67"
unhcr_west_central_africa,2058,"0,0,0,0,0,0,0,0,0,0,20,514,6943,42677,195263,642205,1639968,3725722,8597667,20699631,45839979,84784470,120745918,147253986,153751726,135431067,104190533,69570089,41004691,23103650,11995926,5750023,2748008,1322441,636125,312155,161104,85674,46474,25675,14420,8220,4751,2746,1616,951,531,305,166,72"
unhcr_west_central_africa,2059,"0,0,0,0,0,0,0,0,0,0,16,482,6598,39402,180825,607696,1573027,3586548,8270779,20043396,44485188,83322660,119883888,147120062,155378060,138894206,108279641,73311980,43595402,24683035,12912226,6213490,2963171,1425402,685604,335008,172016,91228,49356,27201,15254,8687,5002,2897,1697,1003,561,323,177,80"
unhcr_west_central_africa,2060,"0,0,0,0,0,0,0,0,0,0,12,285,5566,35646,167012,571432,1494052,3409097,7761781,18745659,41943535,80470328,118304121,147143444,157838288,143368796,113099580,77648608,46547786,26432259,13950012,6738460,3197980,1536407,738688,359765,183976,97462,52674,28995,16244,9238,5320,3070,1806,1063,600,345,192,88"
unhcr_west_central_africa,2061,"0,0,0,0,0,0,0,0,0,0,12,191,4943,33634,158117,541924,1421251,3243863,7306985,17590037,39705734,77844488,116821252,146958122,159883179,147538094,117783284,81961294,49615944,28215322,14992857,7280426,3440501,1648322,793038,385350,196219,103784,56010,30803,17221,9786,5634,3253,1905,1126,631,369,203,97"
unhcr_west_central_africa,2062,"0,0,0,0,0,0,0,0,0,0,9,207,4716,31399,146140,508827,1359818,3128634,7022643,16908194,38192959,75633858,114853202,146059075,160859749,151151653,122369053,86416111,52959065,30235614,16203874,7923837,3740517,1790256,861873,417111,211344,111558,60095,32975,18422,10449,6012,3473,2036,1203,679,391,217,107"
unhcr_west_central_africa,2063,"0,0,0,0,0,0,0,0,0,0,7,115,3877,27320,133604,483721,1314781,3043779,6828420,16379248,37242319,74506997,114632890,146525841,162662105,153765344,125373481,89338689,55210039,31825038,17173747,8472512,4015859,1927498,929046,448671,226439,119354,64217,35224,19663,11144,6409,3709,2165,1280,731,416,238,118"
unhcr_west_central_africa,2064,"0,0,0,0,0,0,0,0,0,0,9,88,3326,26308,129927,469035,1275962,2946556,6521875,15449204,35301253,71822680,113236678,146532531,164577588,157753991,129737702,93387748,58164598,33456274,18153631,8963761,4240927,2033189,980652,472130,237152,124583,66818,36535,20334,11498,6588,3807,2213,1307,753,427,244,122"
unhcr_west_central_africa,2065,"0,0,0,0,0,0,0,0,0,0,6,79,2658,23326,116173,424855,1171647,2719718,6027053,14304323,33123098,68660031,111248818,145922350,166093153,161655359,134481729,98042110,61773486,35633328,19481701,9665637,4562369,2181631,1050423,505312,252997,132428,70872,38667,21478,12121,6940,4008,2331,1378,794,453,256,130"
unhcr_west_central_africa,2066,"0,0,0,0,0,0,0,0,0,0,6,86,2832,24370,115431,414044,1139725,2648580,5828186,13783081,31994051,66547208,109042942,144317557,165912788,164302554,138867795,102776573,65667333,38077299,20986734,10488983,4949969,2360617,1134308,544651,271500,141640,75655,41195,22837,12878,7359,4248,2467,1453,843,479,274,142"
unhcr_west_central_africa,2067,"0,0,0,0,0,0,0,0,0,0,4,72,2307,21666,104437,382454,1070765,2507981,5493805,12849374,30066423,63239554,106552009,143067747,166701946,167707505,143624809,107685171,69687343,40558020,22497184,11345320,5345981,2540517,1218906,584791,290336,151049,80567,43829,24274,13663,7815,4507,2612,1542,897,509,294,156"
unhcr_west_central_africa,2068,"0,0,0,0,0,0,0,0,0,0,2,58,1779,18583,92818,345863,984171,2327087,5102990,11861475,28059576,59795601,103809104,141619310,167293232,170888808,148422884,112732002,73991179,43294329,24171013,12300162,5813175,2760524,1320646,632783,312532,161639,85888,46545,25696,14427,8216,4736,2741,1611,943,533,307,165"
unhcr_west_central_africa,2069,"0,0,0,0,0,0,0,0,0,0,2,59,1775,17836,88927,330911,944001,2243308,4897209,11208384,26607069,56898171,101120441,140140121,167559246,173383044,152739398,117493227,78157573,46011178,25799085,13240503,6287402,2973211,1419950,680747,334960,172708,91688,49645,27381,15360,8744,5043,2915,1711,1008,569,325,178"
unhcr_west_central_africa,2070,"0,0,0,0,0,0,0,0,0,0,1,49,1375,16003,82360,312080,905562,2168872,4778539,11025610,26281249,56575080,101164129,140485459,168469204,175048368,154934262,119849489,80304371,47569696,26857698,13860622,6613738,3144071,1502229,719570,353262,181596,96372,52162,28758,16126,9183,5289,3065,1797,1060,595,341,190"
unhcr_west_central_africa,2071,"0,0,0,0,0,0,0,0,0,0,0,39,1041,13479,73583,286236,846901,2050042,4524421,10315330,24630000,53451125,98143603,138726252,168729552,177694710,159489769,124658409,84576316,50420659,28548386,14847769,7113786,3374654,1611065,772838,376539,192850,101920,54955,30182,16866,9571,5505,3178,1858,1095,617,355,198"
unhcr_west_central_africa,2072,"0,0,0,0,0,0,0,0,0,0,0,40,1425,15456,83434,306645,868410,2041307,4393755,9765641,23176782,50520377,94991782,136780017,168356551,179540590,163509819,129383954,89074485,53626277,30513385,16029420,7733489,3667642,1748482,837859,406624,206923,108966,58548,32063,17873,10117,5806,3349,1956,1157,650,374,209"
unhcr_west_central_africa,2073,"0,0,0,0,0,0,0,0,0,0,0,32,1209,14166,77178,283179,810509,1927966,4184505,9290023,22172533,48517911,92370736,134715324,167504117,180790678,167247237,133942265,93448525,56863627,32453168,17197240,8337664,3950789,1883502,901203,436505,220994,116041,62169,33964,18882,10673,6106,3528,2058,1216,685,391,220"
unhcr_west_central_africa,2074,"0,0,0,0,0,0,0,0,0,0,0,31,1037,12362,70252,261452,756758,1816369,3950526,8678032,20641946,45534061,88591580,132088161,166626619,182264263,171422320,139086238,98501672,60614441,34717935,18580202,9068125,4291384,2045568,978592,472418,237917,124617,66605,36293,20133,11357,6496,3745,2180,1291,735,415,236"
unhcr_west_central_africa,2075,"0,0,0,0,0,0,0,0,0,0,0,38,895,11417,68150,253782,727510,1739318,3768061,8166223,19290431,42861823,84965746,129810718,166023136,183884607,175602076,143864509,103079621,64021763,36683656,19786563,9698676,4576620,2180324,1040867,502080,252159,131921,70465,38382,21270,11986,6854,3950,2301,1356,779,440,250"
unhcr_west_central_africa,2076,"0,0,0,0,0,0,0,0,0,0,0,29,637,9400,60562,233733,682115,1647794,3585790,7708351,18046835,40446953,81383516,127325927,164921202,185042001,179461133,148779859,107878876,67700337,38794695,21035361,10355771,4874535,2313563,1105687,532818,266794,139152,74108,40242,22249,12510,7133,4108,2385,1402,815,453,259"
unhcr_west_central_africa,2077,"0,0,0,0,0,0,0,0,0,0,0,21,569,8561,56257,220467,656773,1602730,3501124,7530544,17562846,39593154,80128900,126843168,165212492,186090314,181196195,151300603,110608832,69996190,40458479,22086715,10958785,5184875,2470480,1183684,569148,284511,148260,78891,42814,23660,13299,7588,4367,2533,1485,868,481,277"
unhcr_west_central_africa,2078,"0,0,0,0,0,0,0,0,0,0,0,22,481,8145,55971,218529,644404,1565724,3409747,7244759,16746653,37781230,77023047,123896284,162989648,185851739,184082009,155859382,115557674,74169482,43066694,23701368,11846373,5608161,2672181,1277216,613575,304732,158179,83912,45404,25018,14019,7983,4588,2654,1558,910,504,291"
unhcr_west_central_africa,2079,"0,0,0,0,0,0,0,0,0,0,0,16,358,6821,49531,199698,599893,1473583,3234806,6864716,15677180,35624976,73406394,121167364,161500751,186416673,186972075,160187805,120227232,78210853,45667602,25306441,12760165,6062559,2889822,1378467,662412,327916,169523,89677,48384,26594,14876,8437,4851,2808,1645,965,536,308"
unhcr_west_central_africa,2080,"0,0,0,0,0,0,0,0,0,0,0,12,248,5537,43190,181185,555528,1381416,3049864,6449644,14565379,33379560,69446804,117970308,159775733,187049029,190152817,164886834,125103885,82412684,48299014,26892047,13650102,6479867,3087805,1469218,704556,347652,179172,94600,50951,27957,15621,8855,5086,2939,1722,1006,566,323"
unhcr_west_central_africa,2081,"0,0,0,0,0,0,0,0,0,0,0,20,385,5621,41624,173858,529223,1312105,2903001,6115537,13624144,31360677,65675073,114586479,157715009,187249838,193030273,169651388,130055283,86657074,50982720,28481119,14554304,6908210,3282257,1562937,750200,368746,189475,99710,53543,29294,16315,9229,5287,3046,1782,1048,585,336"
unhcr_west_central_africa,2082,"0,0,0,0,0,0,0,0,0,0,0,16,332,5161,39354,166894,515727,1293418,2871372,6064880,13521905,31155133,65087351,113587394,156539229,186817125,193802551,171792042,132891738,89398537,53082679,29883698,15373468,7343078,3498759,1667402,801400,391861,200854,105609,56654,30969,17237,9745,5582,3217,1875,1109,619,354"
unhcr_west_central_africa,2083,"0,0,0,0,0,0,0,0,0,0,0,9,272,4169,33567,149013,472377,1205458,2701146,5727443,12650201,29273351,61541431,110152821,154118083,186246762,195816236,176199315,137958276,94011357,56240332,31755426,16456373,7875469,3730988,1775075,854080,416417,212792,111756,59874,32691,18176,10271,5884,3380,1972,1168,654,375"
unhcr_west_central_africa,2084,"0,0,0,0,0,0,0,0,0,0,0,9,278,3806,31004,141417,451376,1152637,2587342,5469176,11898360,27466571,58029741,106354928,151524160,185658633,197678899,180451699,142835752,98679797,59515200,33683695,17606794,8441705,3992406,1896972,910621,442570,225298,118154,63213,34481,19142,10805,6175,3558,2073,1222,690,395"
unhcr_west_central_africa,2085,"0,0,0,0,0,0,0,0,0,0,0,5,226,3047,26223,125998,412683,1070459,2424774,5147115,11112626,25666156,54654779,102471913,148925003,184824078,198958380,184347566,147751051,103510344,63108627,35846012,18906175,9108533,4297940,2042811,981522,475689,240943,126004,67230,36572,20262,11410,6512,3746,2176,1285,731,414"
unhcr_west_central_africa,2086,"0,0,0,0,0,0,0,0,0,0,0,2,359,3314,24922,120567,391134,1002883,2264476,4829014,10436943,24133807,51779892,98903876,146546142,183976290,200237272,188020827,152230295,107855518,66366585,37765321,20127604,9775753,4639937,2214986,1063109,513174,258598,134472,71356,38603,21283,11940,6788,3907,2255,1331,766,425"
unhcr_west_central_africa,2087,"0,0,0,0,0,0,0,0,0,0,0,3,368,3377,25090,122482,390989,981653,2190927,4692983,10248416,23909082,51286918,98096011,145897873,183798649,201057264,189771161,154432412,110019255,68129802,39017208,20891984,10215165,4852587,2321665,1114675,537844,270237,140516,74555,40344,22228,12467,7095,4081,2360,1393,803,445"
unhcr_west_central_africa,2088,"0,0,0,0,0,0,0,0,0,0,0,2,291,2739,20993,110538,365926,931763,2087772,4480345,9654303,22251965,48080314,93647876,142835126,182302676,201951707,193433872,159180551,114930881,72056698,41352504,22348898,11002533,5228846,2502078,1196793,576588,288267,149591,79215,42792,23538,13177,7489,4298,2486,1461,851,469"
unhcr_west_central_africa,2089,"0,0,0,0,0,0,0,0,0,0,0,1,300,2659,18870,99973,338370,872466,1965348,4231139,9100343,20948805,45585484,89590906,139618417,180260319,202056309,196522405,163826283,119869222,76165384,43828611,23856525,11837470,5620418,2686276,1283445,617968,307456,159153,84114,45343,24896,13917,7896,4530,2612,1537,897,497"
unhcr_west_central_africa,2090,"0,0,0,0,0,0,0,0,0,0,0,1,306,3352,22727,108915,358691,905408,1997554,4201310,8800402,19776105,43015225,85263553,135991610,177869600,202026869,199404724,168385099,124781418,80289408,46395270,25460797,12733440,6062169,2903216,1387256,666848,331028,170813,89954,48321,26449,14735,8335,4775,2751,1611,942,524"
unhcr_west_central_africa,2091,"0,0,0,0,0,0,0,0,0,0,0,0,347,3846,22903,104505,339350,861857,1908195,4019186,8466369,19002635,41708181,83217198,134565597,176786095,202559694,200905954,170971601,127766693,82992683,48388560,26749298,13480817,6455626,3107909,1485455,714414,352744,181568,95409,51142,27945,15535,8784,5027,2893,1690,991,551"
unhcr_west_central_africa,2092,"0,0,0,0,0,0,0,0,0,0,0,0,355,3968,22541,97612,313365,796609,1772706,3750194,7909154,17754932,39466606,79281296,131362151,175337915,202971738,203687442,175186763,132125526,86720319,50652642,28156104,14297705,6837008,3294880,1571870,753628,371194,190855,100246,53715,29342,16314,9221,5281,3039,1773,1042,579"
unhcr_west_central_africa,2093,"0,0,0,0,0,0,0,0,0,0,0,2,552,4989,26619,104062,316849,777555,1694570,3561067,7501747,16863806,37784960,76417624,128387756,173071204,201944547,205242373,178926215,136507187,90722624,53282374,29785295,15218684,7275678,3507883,1679003,804706,394102,201811,105539,56317,30640,16966,9557,5457,3136,1823,1073,598"
unhcr_west_central_africa,2094,"0,0,0,0,0,0,0,0,0,0,0,2,513,4715,25135,98922,302433,743383,1613931,3376303,7080527,15778758,35589845,72454554,124616621,170397899,201524189,207323465,183164062,141276241,94997930,56166302,31494067,16232863,7789798,3748400,1793219,859123,418693,213879,111691,59508,32322,17874,10056,5739,3296,1914,1132,632"
unhcr_west_central_africa,2095,"0,0,0,0,0,0,0,0,0,0,0,1,436,4508,24116,94637,290769,719857,1567972,3258879,6821381,15096050,34189918,70300699,122938204,169568713,202144615,208908898,185440904,143915117,97435368,57986958,32710841,16944264,8160320,3941950,1887660,902643,439017,223949,116946,62303,33842,18723,10537,6006,3454,2009,1184,671"
unhcr_west_central_africa,2096,"0,0,0,0,0,0,0,0,0,0,0,1,307,3806,21189,84241,263677,658563,1434860,2978378,6249351,13829445,31708275,65991943,118418320,166542542,201180606,210631792,189703731,148981814,102310795,61513033,34892363,18265069,8828066,4263248,2049423,978292,473482,240302,125039,66392,35941,19822,11121,6326,3633,2103,1238,709"
unhcr_west_central_africa,2097,"0,0,0,0,0,0,0,0,0,0,0,2,288,3696,20188,80623,254430,637775,1382944,2852950,5936103,12952651,29653773,62153163,113880126,163509547,200247211,212452423,193968084,153814294,106739548,64544957,36640923,19314801,9344760,4494289,2167752,1034401,499723,252942,131244,69485,37519,20629,11552,6553,3761,2177,1279,737"
unhcr_west_central_africa,2098,"0,0,0,0,0,0,0,0,0,0,0,1,236,3505,18979,75344,238562,600944,1306480,2693533,5597075,12122064,27748421,58646804,109454479,160394714,199236960,213379985,197603422,158423112,111214318,67889520,38628924,20577556,10007200,4811651,2329147,1109978,534295,269479,139591,73788,39766,21845,12217,6928,3967,2294,1348,779"
unhcr_west_central_africa,2099,"0,0,0,0,0,0,0,0,0,0,0,0,166,3085,17494,70748,227368,578322,1267166,2619731,5465209,11910239,27449480,58094968,108278111,158877856,197545336,213258972,198920145,160753345,113691806,70034003,40132115,21499026,10531535,5068431,2454894,1173504,564671,284167,147302,77904,42020,23090,12917,7331,4199,2433,1422,832"
unhcr_west_central_africa,2100,"0,0,0,0,0,0,0,0,0,0,0,0,101,2604,15197,62645,205674,532673,1175346,2436833,5087791,11042163,25521765,54670578,103865273,155846809,196315772,214263551,202435647,165223004,118100597,73407093,42132085,22734998,11188190,5374925,2609962,1247237,597619,299074,154253,81170,43565,23830,13262,7498,4282,2475,1445,846"
