global,time,income_bracket_105,income_mountain_105brackets
world,1800,0,0
world,1800,1,0
world,1800,2,4
world,1800,3,162
world,1800,4,1218
world,1800,5,5456
world,1800,6,22558
world,1800,7,96684
world,1800,8,379483
world,1800,9,1191667
world,1800,10,3161452
world,1800,11,7303748
world,1800,12,16190687
world,1800,13,35096513
world,1800,14,63337344
world,1800,15,92518155
world,1800,16,120626392
world,1800,17,137463335
world,1800,18,135938329
world,1800,19,117616999
world,1800,20,89894761
world,1800,21,62255267
world,1800,22,40381457
world,1800,23,25009885
world,1800,24,14815902
world,1800,25,8344412
world,1800,26,4678616
world,1800,27,2660257
world,1800,28,1486919
world,1800,29,799226
world,1800,30,417595
world,1800,31,215296
world,1800,32,112528
world,1800,33,60047
world,1800,34,31011
world,1800,35,14770
world,1800,36,6745
world,1800,37,3344
world,1800,38,1676
world,1800,39,934
world,1800,40,530
world,1800,41,294
world,1800,42,136
world,1800,43,84
world,1800,44,50
world,1800,45,23
world,1800,46,1
world,1800,47,0
world,1800,48,0
world,1800,49,0
world,1800,50,0
world,1800,51,0
world,1800,52,0
world,1800,53,0
world,1800,54,0
world,1800,55,0
world,1800,56,0
world,1800,57,0
world,1800,58,0
world,1800,59,0
world,1800,60,0
world,1800,61,0
world,1800,62,0
world,1800,63,0
world,1800,64,0
world,1800,65,0
world,1800,66,0
world,1800,67,0
world,1800,68,0
world,1800,69,0
world,1800,70,0
world,1800,71,0
world,1800,72,0
world,1800,73,0
world,1800,74,0
world,1800,75,0
world,1800,76,0
world,1800,77,0
world,1800,78,0
world,1800,79,0
world,1800,80,0
world,1800,81,0
world,1800,82,0
world,1800,83,0
world,1800,84,0
world,1800,85,0
world,1800,86,0
world,1800,87,0
world,1800,88,0
world,1800,89,0
world,1800,90,0
world,1800,91,0
world,1800,92,0
world,1800,93,0
world,1800,94,0
world,1800,95,0
world,1800,96,0
world,1800,97,0
world,1800,98,0
world,1800,99,0
world,1800,100,0
world,1800,101,0
world,1800,102,0
world,1800,103,0
world,1800,104,0
world,1801,0,0
world,1801,1,0
world,1801,2,4
world,1801,3,160
world,1801,4,1216
world,1801,5,5442
world,1801,6,22536
world,1801,7,96613
world,1801,8,379383
world,1801,9,1191909
world,1801,10,3164419
world,1801,11,7314682
world,1801,12,16221927
world,1801,13,35185833
world,1801,14,63542402
world,1801,15,92882627
world,1801,16,121286369
world,1801,17,138458483
world,1801,18,136910043
world,1801,19,118433226
world,1801,20,90248977
world,1801,21,62200927
world,1801,22,40097393
world,1801,23,24735034
world,1801,24,14612335
world,1801,25,8224853
world,1801,26,4615278
world,1801,27,2625406
world,1801,28,1467117
world,1801,29,790013
world,1801,30,413588
world,1801,31,213257
world,1801,32,111531
world,1801,33,59569
world,1801,34,30727
world,1801,35,14606
world,1801,36,6646
world,1801,37,3294
world,1801,38,1657
world,1801,39,927
world,1801,40,524
world,1801,41,292
world,1801,42,136
world,1801,43,84
world,1801,44,50
world,1801,45,23
world,1801,46,1
world,1801,47,0
world,1801,48,0
world,1801,49,0
world,1801,50,0
world,1801,51,0
world,1801,52,0
world,1801,53,0
world,1801,54,0
world,1801,55,0
world,1801,56,0
world,1801,57,0
world,1801,58,0
world,1801,59,0
world,1801,60,0
world,1801,61,0
world,1801,62,0
world,1801,63,0
world,1801,64,0
world,1801,65,0
world,1801,66,0
world,1801,67,0
world,1801,68,0
world,1801,69,0
world,1801,70,0
world,1801,71,0
world,1801,72,0
world,1801,73,0
world,1801,74,0
world,1801,75,0
world,1801,76,0
world,1801,77,0
world,1801,78,0
world,1801,79,0
world,1801,80,0
world,1801,81,0
world,1801,82,0
world,1801,83,0
world,1801,84,0
world,1801,85,0
world,1801,86,0
world,1801,87,0
world,1801,88,0
world,1801,89,0
world,1801,90,0
world,1801,91,0
world,1801,92,0
world,1801,93,0
world,1801,94,0
world,1801,95,0
world,1801,96,0
world,1801,97,0
world,1801,98,0
world,1801,99,0
world,1801,100,0
world,1801,101,0
world,1801,102,0
world,1801,103,0
world,1801,104,0
world,1802,0,0
world,1802,1,0
world,1802,2,4
world,1802,3,160
world,1802,4,1213
world,1802,5,5427
world,1802,6,22503
world,1802,7,96555
world,1802,8,379334
world,1802,9,1192862
world,1802,10,3171383
world,1802,11,7340088
world,1802,12,16283651
world,1802,13,35313004
world,1802,14,63766260
world,1802,15,93196349
world,1802,16,121664371
world,1802,17,138809053
world,1802,18,137224912
world,1802,19,118699708
world,1802,20,90496930
world,1802,21,62442947
world,1802,22,40333093
world,1802,23,24944388
world,1802,24,14783400
world,1802,25,8338209
world,1802,26,4684774
world,1802,27,2671423
world,1802,28,1496450
world,1802,29,806955
world,1802,30,422838
world,1802,31,218241
world,1802,32,114141
world,1802,33,60897
world,1802,34,31426
world,1802,35,14968
world,1802,36,6846
world,1802,37,3394
world,1802,38,1716
world,1802,39,963
world,1802,40,544
world,1802,41,302
world,1802,42,142
world,1802,43,84
world,1802,44,50
world,1802,45,23
world,1802,46,1
world,1802,47,0
world,1802,48,0
world,1802,49,0
world,1802,50,0
world,1802,51,0
world,1802,52,0
world,1802,53,0
world,1802,54,0
world,1802,55,0
world,1802,56,0
world,1802,57,0
world,1802,58,0
world,1802,59,0
world,1802,60,0
world,1802,61,0
world,1802,62,0
world,1802,63,0
world,1802,64,0
world,1802,65,0
world,1802,66,0
world,1802,67,0
world,1802,68,0
world,1802,69,0
world,1802,70,0
world,1802,71,0
world,1802,72,0
world,1802,73,0
world,1802,74,0
world,1802,75,0
world,1802,76,0
world,1802,77,0
world,1802,78,0
world,1802,79,0
world,1802,80,0
world,1802,81,0
world,1802,82,0
world,1802,83,0
world,1802,84,0
world,1802,85,0
world,1802,86,0
world,1802,87,0
world,1802,88,0
world,1802,89,0
world,1802,90,0
world,1802,91,0
world,1802,92,0
world,1802,93,0
world,1802,94,0
world,1802,95,0
world,1802,96,0
world,1802,97,0
world,1802,98,0
world,1802,99,0
world,1802,100,0
world,1802,101,0
world,1802,102,0
world,1802,103,0
world,1802,104,0
world,1803,0,0
world,1803,1,0
world,1803,2,4
world,1803,3,159
world,1803,4,1205
world,1803,5,5411
world,1803,6,22478
world,1803,7,96535
world,1803,8,379512
world,1803,9,1193403
world,1803,10,3173863
world,1803,11,7357284
world,1803,12,16346966
world,1803,13,35474102
world,1803,14,64034600
world,1803,15,93542084
world,1803,16,121912308
world,1803,17,138754960
world,1803,18,137162551
world,1803,19,118593521
world,1803,20,90787274
world,1803,21,63059307
world,1803,22,41052139
world,1803,23,25416088
world,1803,24,15055110
world,1803,25,8474105
world,1803,26,4749604
world,1803,27,2704662
world,1803,28,1511759
world,1803,29,812203
world,1803,30,424729
world,1803,31,219238
world,1803,32,114590
world,1803,33,61058
world,1803,34,31506
world,1803,35,15013
world,1803,36,6888
world,1803,37,3419
world,1803,38,1720
world,1803,39,960
world,1803,40,539
world,1803,41,298
world,1803,42,136
world,1803,43,84
world,1803,44,50
world,1803,45,23
world,1803,46,1
world,1803,47,0
world,1803,48,0
world,1803,49,0
world,1803,50,0
world,1803,51,0
world,1803,52,0
world,1803,53,0
world,1803,54,0
world,1803,55,0
world,1803,56,0
world,1803,57,0
world,1803,58,0
world,1803,59,0
world,1803,60,0
world,1803,61,0
world,1803,62,0
world,1803,63,0
world,1803,64,0
world,1803,65,0
world,1803,66,0
world,1803,67,0
world,1803,68,0
world,1803,69,0
world,1803,70,0
world,1803,71,0
world,1803,72,0
world,1803,73,0
world,1803,74,0
world,1803,75,0
world,1803,76,0
world,1803,77,0
world,1803,78,0
world,1803,79,0
world,1803,80,0
world,1803,81,0
world,1803,82,0
world,1803,83,0
world,1803,84,0
world,1803,85,0
world,1803,86,0
world,1803,87,0
world,1803,88,0
world,1803,89,0
world,1803,90,0
world,1803,91,0
world,1803,92,0
world,1803,93,0
world,1803,94,0
world,1803,95,0
world,1803,96,0
world,1803,97,0
world,1803,98,0
world,1803,99,0
world,1803,100,0
world,1803,101,0
world,1803,102,0
world,1803,103,0
world,1803,104,0
world,1804,0,0
world,1804,1,0
world,1804,2,4
world,1804,3,159
world,1804,4,1202
world,1804,5,5399
world,1804,6,22450
world,1804,7,96485
world,1804,8,379534
world,1804,9,1200242
world,1804,10,3235209
world,1804,11,7611071
world,1804,12,17117027
world,1804,13,36981376
world,1804,14,65867431
world,1804,15,95255802
world,1804,16,122887294
world,1804,17,138009016
world,1804,18,135416567
world,1804,19,116486414
world,1804,20,89536264
world,1804,21,62930837
world,1804,22,41642630
world,1804,23,26078877
world,1804,24,15512812
world,1804,25,8780427
world,1804,26,4922133
world,1804,27,2807825
world,1804,28,1569882
world,1804,29,842299
world,1804,30,438993
world,1804,31,226583
world,1804,32,118451
world,1804,33,63115
world,1804,34,32558
world,1804,35,15510
world,1804,36,7130
world,1804,37,3551
world,1804,38,1794
world,1804,39,997
world,1804,40,553
world,1804,41,299
world,1804,42,136
world,1804,43,84
world,1804,44,50
world,1804,45,23
world,1804,46,1
world,1804,47,0
world,1804,48,0
world,1804,49,0
world,1804,50,0
world,1804,51,0
world,1804,52,0
world,1804,53,0
world,1804,54,0
world,1804,55,0
world,1804,56,0
world,1804,57,0
world,1804,58,0
world,1804,59,0
world,1804,60,0
world,1804,61,0
world,1804,62,0
world,1804,63,0
world,1804,64,0
world,1804,65,0
world,1804,66,0
world,1804,67,0
world,1804,68,0
world,1804,69,0
world,1804,70,0
world,1804,71,0
world,1804,72,0
world,1804,73,0
world,1804,74,0
world,1804,75,0
world,1804,76,0
world,1804,77,0
world,1804,78,0
world,1804,79,0
world,1804,80,0
world,1804,81,0
world,1804,82,0
world,1804,83,0
world,1804,84,0
world,1804,85,0
world,1804,86,0
world,1804,87,0
world,1804,88,0
world,1804,89,0
world,1804,90,0
world,1804,91,0
world,1804,92,0
world,1804,93,0
world,1804,94,0
world,1804,95,0
world,1804,96,0
world,1804,97,0
world,1804,98,0
world,1804,99,0
world,1804,100,0
world,1804,101,0
world,1804,102,0
world,1804,103,0
world,1804,104,0
world,1805,0,0
world,1805,1,0
world,1805,2,4
world,1805,3,159
world,1805,4,1200
world,1805,5,5387
world,1805,6,22605
world,1805,7,98127
world,1805,8,384620
world,1805,9,1211132
world,1805,10,3252485
world,1805,11,7652764
world,1805,12,17164565
world,1805,13,37039973
world,1805,14,66012464
world,1805,15,95506576
world,1805,16,123281626
world,1805,17,138694080
world,1805,18,136219006
world,1805,19,117251675
world,1805,20,90059505
world,1805,21,63084474
world,1805,22,41559421
world,1805,23,25968855
world,1805,24,15465866
world,1805,25,8744145
world,1805,26,4910380
world,1805,27,2796557
world,1805,28,1560955
world,1805,29,839436
world,1805,30,439843
world,1805,31,227375
world,1805,32,119200
world,1805,33,63666
world,1805,34,32824
world,1805,35,15625
world,1805,36,7160
world,1805,37,3562
world,1805,38,1795
world,1805,39,999
world,1805,40,559
world,1805,41,304
world,1805,42,143
world,1805,43,84
world,1805,44,50
world,1805,45,23
world,1805,46,1
world,1805,47,0
world,1805,48,0
world,1805,49,0
world,1805,50,0
world,1805,51,0
world,1805,52,0
world,1805,53,0
world,1805,54,0
world,1805,55,0
world,1805,56,0
world,1805,57,0
world,1805,58,0
world,1805,59,0
world,1805,60,0
world,1805,61,0
world,1805,62,0
world,1805,63,0
world,1805,64,0
world,1805,65,0
world,1805,66,0
world,1805,67,0
world,1805,68,0
world,1805,69,0
world,1805,70,0
world,1805,71,0
world,1805,72,0
world,1805,73,0
world,1805,74,0
world,1805,75,0
world,1805,76,0
world,1805,77,0
world,1805,78,0
world,1805,79,0
world,1805,80,0
world,1805,81,0
world,1805,82,0
world,1805,83,0
world,1805,84,0
world,1805,85,0
world,1805,86,0
world,1805,87,0
world,1805,88,0
world,1805,89,0
world,1805,90,0
world,1805,91,0
world,1805,92,0
world,1805,93,0
world,1805,94,0
world,1805,95,0
world,1805,96,0
world,1805,97,0
world,1805,98,0
world,1805,99,0
world,1805,100,0
world,1805,101,0
world,1805,102,0
world,1805,103,0
world,1805,104,0
world,1806,0,0
world,1806,1,0
world,1806,2,4
world,1806,3,159
world,1806,4,1194
world,1806,5,5374
world,1806,6,22581
world,1806,7,98147
world,1806,8,384999
world,1806,9,1213778
world,1806,10,3265885
world,1806,11,7715675
world,1806,12,17372244
world,1806,13,37514707
world,1806,14,66742099
world,1806,15,96565597
world,1806,16,124433070
world,1806,17,139725965
world,1806,18,136752693
world,1806,19,117290773
world,1806,20,89672672
world,1806,21,62653263
world,1806,22,41226022
world,1806,23,25752923
world,1806,24,15327908
world,1806,25,8664055
world,1806,26,4872782
world,1806,27,2777480
world,1806,28,1549681
world,1806,29,831484
world,1806,30,435520
world,1806,31,225546
world,1806,32,118246
world,1806,33,63027
world,1806,34,32417
world,1806,35,15445
world,1806,36,7220
world,1806,37,3602
world,1806,38,1828
world,1806,39,1022
world,1806,40,574
world,1806,41,316
world,1806,42,148
world,1806,43,85
world,1806,44,50
world,1806,45,23
world,1806,46,1
world,1806,47,0
world,1806,48,0
world,1806,49,0
world,1806,50,0
world,1806,51,0
world,1806,52,0
world,1806,53,0
world,1806,54,0
world,1806,55,0
world,1806,56,0
world,1806,57,0
world,1806,58,0
world,1806,59,0
world,1806,60,0
world,1806,61,0
world,1806,62,0
world,1806,63,0
world,1806,64,0
world,1806,65,0
world,1806,66,0
world,1806,67,0
world,1806,68,0
world,1806,69,0
world,1806,70,0
world,1806,71,0
world,1806,72,0
world,1806,73,0
world,1806,74,0
world,1806,75,0
world,1806,76,0
world,1806,77,0
world,1806,78,0
world,1806,79,0
world,1806,80,0
world,1806,81,0
world,1806,82,0
world,1806,83,0
world,1806,84,0
world,1806,85,0
world,1806,86,0
world,1806,87,0
world,1806,88,0
world,1806,89,0
world,1806,90,0
world,1806,91,0
world,1806,92,0
world,1806,93,0
world,1806,94,0
world,1806,95,0
world,1806,96,0
world,1806,97,0
world,1806,98,0
world,1806,99,0
world,1806,100,0
world,1806,101,0
world,1806,102,0
world,1806,103,0
world,1806,104,0
world,1807,0,0
world,1807,1,0
world,1807,2,4
world,1807,3,157
world,1807,4,1191
world,1807,5,5360
world,1807,6,22557
world,1807,7,98117
world,1807,8,385047
world,1807,9,1214714
world,1807,10,3269251
world,1807,11,7743504
world,1807,12,17452308
world,1807,13,37680054
world,1807,14,67026343
world,1807,15,96957029
world,1807,16,124912510
world,1807,17,140291299
world,1807,18,137280315
world,1807,19,117747740
world,1807,20,89971077
world,1807,21,62796959
world,1807,22,41280623
world,1807,23,25810827
world,1807,24,15391977
world,1807,25,8699089
world,1807,26,4898008
world,1807,27,2787036
world,1807,28,1554074
world,1807,29,833775
world,1807,30,436697
world,1807,31,225775
world,1807,32,118390
world,1807,33,63214
world,1807,34,32561
world,1807,35,15505
world,1807,36,7239
world,1807,37,3602
world,1807,38,1826
world,1807,39,1018
world,1807,40,569
world,1807,41,317
world,1807,42,150
world,1807,43,87
world,1807,44,50
world,1807,45,23
world,1807,46,1
world,1807,47,0
world,1807,48,0
world,1807,49,0
world,1807,50,0
world,1807,51,0
world,1807,52,0
world,1807,53,0
world,1807,54,0
world,1807,55,0
world,1807,56,0
world,1807,57,0
world,1807,58,0
world,1807,59,0
world,1807,60,0
world,1807,61,0
world,1807,62,0
world,1807,63,0
world,1807,64,0
world,1807,65,0
world,1807,66,0
world,1807,67,0
world,1807,68,0
world,1807,69,0
world,1807,70,0
world,1807,71,0
world,1807,72,0
world,1807,73,0
world,1807,74,0
world,1807,75,0
world,1807,76,0
world,1807,77,0
world,1807,78,0
world,1807,79,0
world,1807,80,0
world,1807,81,0
world,1807,82,0
world,1807,83,0
world,1807,84,0
world,1807,85,0
world,1807,86,0
world,1807,87,0
world,1807,88,0
world,1807,89,0
world,1807,90,0
world,1807,91,0
world,1807,92,0
world,1807,93,0
world,1807,94,0
world,1807,95,0
world,1807,96,0
world,1807,97,0
world,1807,98,0
world,1807,99,0
world,1807,100,0
world,1807,101,0
world,1807,102,0
world,1807,103,0
world,1807,104,0
world,1808,0,0
world,1808,1,0
world,1808,2,4
world,1808,3,156
world,1808,4,1185
world,1808,5,5349
world,1808,6,22533
world,1808,7,98137
world,1808,8,385589
world,1808,9,1219089
world,1808,10,3288197
world,1808,11,7797044
world,1808,12,17561913
world,1808,13,37868942
world,1808,14,67300072
world,1808,15,97256647
world,1808,16,125178475
world,1808,17,140243120
world,1808,18,137125474
world,1808,19,117614436
world,1808,20,90188491
world,1808,21,63560952
world,1808,22,42210593
world,1808,23,26454577
world,1808,24,15652300
world,1808,25,8803086
world,1808,26,4897233
world,1808,27,2766832
world,1808,28,1535304
world,1808,29,818851
world,1808,30,426384
world,1808,31,220629
world,1808,32,115832
world,1808,33,61931
world,1808,34,31968
world,1808,35,15182
world,1808,36,7020
world,1808,37,3455
world,1808,38,1709
world,1808,39,943
world,1808,40,532
world,1808,41,293
world,1808,42,137
world,1808,43,84
world,1808,44,50
world,1808,45,23
world,1808,46,1
world,1808,47,0
world,1808,48,0
world,1808,49,0
world,1808,50,0
world,1808,51,0
world,1808,52,0
world,1808,53,0
world,1808,54,0
world,1808,55,0
world,1808,56,0
world,1808,57,0
world,1808,58,0
world,1808,59,0
world,1808,60,0
world,1808,61,0
world,1808,62,0
world,1808,63,0
world,1808,64,0
world,1808,65,0
world,1808,66,0
world,1808,67,0
world,1808,68,0
world,1808,69,0
world,1808,70,0
world,1808,71,0
world,1808,72,0
world,1808,73,0
world,1808,74,0
world,1808,75,0
world,1808,76,0
world,1808,77,0
world,1808,78,0
world,1808,79,0
world,1808,80,0
world,1808,81,0
world,1808,82,0
world,1808,83,0
world,1808,84,0
world,1808,85,0
world,1808,86,0
world,1808,87,0
world,1808,88,0
world,1808,89,0
world,1808,90,0
world,1808,91,0
world,1808,92,0
world,1808,93,0
world,1808,94,0
world,1808,95,0
world,1808,96,0
world,1808,97,0
world,1808,98,0
world,1808,99,0
world,1808,100,0
world,1808,101,0
world,1808,102,0
world,1808,103,0
world,1808,104,0
world,1809,0,0
world,1809,1,0
world,1809,2,4
world,1809,3,154
world,1809,4,1181
world,1809,5,5316
world,1809,6,22434
world,1809,7,97989
world,1809,8,385781
world,1809,9,1221996
world,1809,10,3302154
world,1809,11,7841702
world,1809,12,17674591
world,1809,13,38117171
world,1809,14,67714779
world,1809,15,97794256
world,1809,16,125827257
world,1809,17,140834642
world,1809,18,137560328
world,1809,19,117887734
world,1809,20,90348059
world,1809,21,63625166
world,1809,22,42254615
world,1809,23,26488969
world,1809,24,15696656
world,1809,25,8823426
world,1809,26,4914172
world,1809,27,2785970
world,1809,28,1550479
world,1809,29,828636
world,1809,30,432569
world,1809,31,224503
world,1809,32,118176
world,1809,33,63232
world,1809,34,32642
world,1809,35,15534
world,1809,36,7253
world,1809,37,3597
world,1809,38,1794
world,1809,39,996
world,1809,40,564
world,1809,41,311
world,1809,42,145
world,1809,43,84
world,1809,44,50
world,1809,45,23
world,1809,46,1
world,1809,47,0
world,1809,48,0
world,1809,49,0
world,1809,50,0
world,1809,51,0
world,1809,52,0
world,1809,53,0
world,1809,54,0
world,1809,55,0
world,1809,56,0
world,1809,57,0
world,1809,58,0
world,1809,59,0
world,1809,60,0
world,1809,61,0
world,1809,62,0
world,1809,63,0
world,1809,64,0
world,1809,65,0
world,1809,66,0
world,1809,67,0
world,1809,68,0
world,1809,69,0
world,1809,70,0
world,1809,71,0
world,1809,72,0
world,1809,73,0
world,1809,74,0
world,1809,75,0
world,1809,76,0
world,1809,77,0
world,1809,78,0
world,1809,79,0
world,1809,80,0
world,1809,81,0
world,1809,82,0
world,1809,83,0
world,1809,84,0
world,1809,85,0
world,1809,86,0
world,1809,87,0
world,1809,88,0
world,1809,89,0
world,1809,90,0
world,1809,91,0
world,1809,92,0
world,1809,93,0
world,1809,94,0
world,1809,95,0
world,1809,96,0
world,1809,97,0
world,1809,98,0
world,1809,99,0
world,1809,100,0
world,1809,101,0
world,1809,102,0
world,1809,103,0
world,1809,104,0
world,1810,0,0
world,1810,1,0
world,1810,2,4
world,1810,3,153
world,1810,4,1175
world,1810,5,5302
world,1810,6,22410
world,1810,7,97971
world,1810,8,386022
world,1810,9,1224143
world,1810,10,3310861
world,1810,11,7879431
world,1810,12,17783670
world,1810,13,38376168
world,1810,14,68186490
world,1810,15,98458553
world,1810,16,126592099
world,1810,17,141671485
world,1810,18,138327114
world,1810,19,118490036
world,1810,20,90753306
world,1810,21,63751127
world,1810,22,42274483
world,1810,23,26522621
world,1810,24,15796914
world,1810,25,8895997
world,1810,26,4974395
world,1810,27,2822978
world,1810,28,1574763
world,1810,29,842820
world,1810,30,440628
world,1810,31,228403
world,1810,32,120042
world,1810,33,64211
world,1810,34,33143
world,1810,35,15771
world,1810,36,7376
world,1810,37,3672
world,1810,38,1841
world,1810,39,1022
world,1810,40,581
world,1810,41,325
world,1810,42,152
world,1810,43,88
world,1810,44,50
world,1810,45,23
world,1810,46,1
world,1810,47,0
world,1810,48,0
world,1810,49,0
world,1810,50,0
world,1810,51,0
world,1810,52,0
world,1810,53,0
world,1810,54,0
world,1810,55,0
world,1810,56,0
world,1810,57,0
world,1810,58,0
world,1810,59,0
world,1810,60,0
world,1810,61,0
world,1810,62,0
world,1810,63,0
world,1810,64,0
world,1810,65,0
world,1810,66,0
world,1810,67,0
world,1810,68,0
world,1810,69,0
world,1810,70,0
world,1810,71,0
world,1810,72,0
world,1810,73,0
world,1810,74,0
world,1810,75,0
world,1810,76,0
world,1810,77,0
world,1810,78,0
world,1810,79,0
world,1810,80,0
world,1810,81,0
world,1810,82,0
world,1810,83,0
world,1810,84,0
world,1810,85,0
world,1810,86,0
world,1810,87,0
world,1810,88,0
world,1810,89,0
world,1810,90,0
world,1810,91,0
world,1810,92,0
world,1810,93,0
world,1810,94,0
world,1810,95,0
world,1810,96,0
world,1810,97,0
world,1810,98,0
world,1810,99,0
world,1810,100,0
world,1810,101,0
world,1810,102,0
world,1810,103,0
world,1810,104,0
world,1811,0,0
world,1811,1,0
world,1811,2,4
world,1811,3,153
world,1811,4,1172
world,1811,5,5292
world,1811,6,22745
world,1811,7,102151
world,1811,8,402396
world,1811,9,1264279
world,1811,10,3381581
world,1811,11,8039273
world,1811,12,18138591
world,1811,13,39100711
world,1811,14,69253816
world,1811,15,99966320
world,1811,16,128255071
world,1811,17,143389193
world,1811,18,139387990
world,1811,19,118897567
world,1811,20,90402017
world,1811,21,63048802
world,1811,22,41503320
world,1811,23,25937669
world,1811,24,15400607
world,1811,25,8659679
world,1811,26,4856751
world,1811,27,2759991
world,1811,28,1538095
world,1811,29,820792
world,1811,30,428968
world,1811,31,222952
world,1811,32,117328
world,1811,33,62601
world,1811,34,32178
world,1811,35,15296
world,1811,36,7286
world,1811,37,3637
world,1811,38,1848
world,1811,39,1021
world,1811,40,586
world,1811,41,333
world,1811,42,155
world,1811,43,90
world,1811,44,50
world,1811,45,23
world,1811,46,1
world,1811,47,0
world,1811,48,0
world,1811,49,0
world,1811,50,0
world,1811,51,0
world,1811,52,0
world,1811,53,0
world,1811,54,0
world,1811,55,0
world,1811,56,0
world,1811,57,0
world,1811,58,0
world,1811,59,0
world,1811,60,0
world,1811,61,0
world,1811,62,0
world,1811,63,0
world,1811,64,0
world,1811,65,0
world,1811,66,0
world,1811,67,0
world,1811,68,0
world,1811,69,0
world,1811,70,0
world,1811,71,0
world,1811,72,0
world,1811,73,0
world,1811,74,0
world,1811,75,0
world,1811,76,0
world,1811,77,0
world,1811,78,0
world,1811,79,0
world,1811,80,0
world,1811,81,0
world,1811,82,0
world,1811,83,0
world,1811,84,0
world,1811,85,0
world,1811,86,0
world,1811,87,0
world,1811,88,0
world,1811,89,0
world,1811,90,0
world,1811,91,0
world,1811,92,0
world,1811,93,0
world,1811,94,0
world,1811,95,0
world,1811,96,0
world,1811,97,0
world,1811,98,0
world,1811,99,0
world,1811,100,0
world,1811,101,0
world,1811,102,0
world,1811,103,0
world,1811,104,0
world,1812,0,0
world,1812,1,0
world,1812,2,4
world,1812,3,152
world,1812,4,1168
world,1812,5,5278
world,1812,6,22721
world,1812,7,102194
world,1812,8,402846
world,1812,9,1267159
world,1812,10,3397444
world,1812,11,8085189
world,1812,12,18235446
world,1812,13,39306541
world,1812,14,69648026
world,1812,15,100545673
world,1812,16,129141424
world,1812,17,144687727
world,1812,18,140694013
world,1812,19,120153056
world,1812,20,91198336
world,1812,21,63310666
world,1812,22,41332054
world,1812,23,25693663
world,1812,24,15170021
world,1812,25,8510818
world,1812,26,4768455
world,1812,27,2706381
world,1812,28,1507546
world,1812,29,805111
world,1812,30,420021
world,1812,31,217782
world,1812,32,114541
world,1812,33,61110
world,1812,34,31379
world,1812,35,14914
world,1812,36,7060
world,1812,37,3514
world,1812,38,1773
world,1812,39,990
world,1812,40,557
world,1812,41,320
world,1812,42,152
world,1812,43,89
world,1812,44,50
world,1812,45,23
world,1812,46,1
world,1812,47,0
world,1812,48,0
world,1812,49,0
world,1812,50,0
world,1812,51,0
world,1812,52,0
world,1812,53,0
world,1812,54,0
world,1812,55,0
world,1812,56,0
world,1812,57,0
world,1812,58,0
world,1812,59,0
world,1812,60,0
world,1812,61,0
world,1812,62,0
world,1812,63,0
world,1812,64,0
world,1812,65,0
world,1812,66,0
world,1812,67,0
world,1812,68,0
world,1812,69,0
world,1812,70,0
world,1812,71,0
world,1812,72,0
world,1812,73,0
world,1812,74,0
world,1812,75,0
world,1812,76,0
world,1812,77,0
world,1812,78,0
world,1812,79,0
world,1812,80,0
world,1812,81,0
world,1812,82,0
world,1812,83,0
world,1812,84,0
world,1812,85,0
world,1812,86,0
world,1812,87,0
world,1812,88,0
world,1812,89,0
world,1812,90,0
world,1812,91,0
world,1812,92,0
world,1812,93,0
world,1812,94,0
world,1812,95,0
world,1812,96,0
world,1812,97,0
world,1812,98,0
world,1812,99,0
world,1812,100,0
world,1812,101,0
world,1812,102,0
world,1812,103,0
world,1812,104,0
world,1813,0,0
world,1813,1,0
world,1813,2,4
world,1813,3,152
world,1813,4,1164
world,1813,5,5264
world,1813,6,22700
world,1813,7,102172
world,1813,8,401650
world,1813,9,1261411
world,1813,10,3382551
world,1813,11,8066506
world,1813,12,18245574
world,1813,13,39406955
world,1813,14,69905485
world,1813,15,100964239
world,1813,16,129607294
world,1813,17,144945962
world,1813,18,141005544
world,1813,19,120318689
world,1813,20,91630885
world,1813,21,64169875
world,1813,22,42434897
world,1813,23,26608830
world,1813,24,15825100
world,1813,25,8915606
world,1813,26,5001366
world,1813,27,2834036
world,1813,28,1572045
world,1813,29,837532
world,1813,30,437703
world,1813,31,227229
world,1813,32,119577
world,1813,33,63805
world,1813,34,32687
world,1813,35,15496
world,1813,36,7347
world,1813,37,3655
world,1813,38,1848
world,1813,39,1015
world,1813,40,579
world,1813,41,326
world,1813,42,156
world,1813,43,92
world,1813,44,50
world,1813,45,23
world,1813,46,1
world,1813,47,0
world,1813,48,0
world,1813,49,0
world,1813,50,0
world,1813,51,0
world,1813,52,0
world,1813,53,0
world,1813,54,0
world,1813,55,0
world,1813,56,0
world,1813,57,0
world,1813,58,0
world,1813,59,0
world,1813,60,0
world,1813,61,0
world,1813,62,0
world,1813,63,0
world,1813,64,0
world,1813,65,0
world,1813,66,0
world,1813,67,0
world,1813,68,0
world,1813,69,0
world,1813,70,0
world,1813,71,0
world,1813,72,0
world,1813,73,0
world,1813,74,0
world,1813,75,0
world,1813,76,0
world,1813,77,0
world,1813,78,0
world,1813,79,0
world,1813,80,0
world,1813,81,0
world,1813,82,0
world,1813,83,0
world,1813,84,0
world,1813,85,0
world,1813,86,0
world,1813,87,0
world,1813,88,0
world,1813,89,0
world,1813,90,0
world,1813,91,0
world,1813,92,0
world,1813,93,0
world,1813,94,0
world,1813,95,0
world,1813,96,0
world,1813,97,0
world,1813,98,0
world,1813,99,0
world,1813,100,0
world,1813,101,0
world,1813,102,0
world,1813,103,0
world,1813,104,0
world,1814,0,0
world,1814,1,0
world,1814,2,4
world,1814,3,151
world,1814,4,1159
world,1814,5,5252
world,1814,6,22775
world,1814,7,101938
world,1814,8,397923
world,1814,9,1249917
world,1814,10,3366879
world,1814,11,8046092
world,1814,12,18237650
world,1814,13,39473397
world,1814,14,70122855
world,1814,15,101365004
world,1814,16,130145997
world,1814,17,145341091
world,1814,18,141371520
world,1814,19,120695786
world,1814,20,92201380
world,1814,21,65088568
world,1814,22,43508494
world,1814,23,27476145
world,1814,24,16362823
world,1814,25,9240640
world,1814,26,5168755
world,1814,27,2934328
world,1814,28,1632316
world,1814,29,868696
world,1814,30,451661
world,1814,31,234222
world,1814,32,123111
world,1814,33,65579
world,1814,34,33669
world,1814,35,16023
world,1814,36,7634
world,1814,37,3813
world,1814,38,1918
world,1814,39,1058
world,1814,40,596
world,1814,41,335
world,1814,42,159
world,1814,43,92
world,1814,44,50
world,1814,45,24
world,1814,46,1
world,1814,47,0
world,1814,48,0
world,1814,49,0
world,1814,50,0
world,1814,51,0
world,1814,52,0
world,1814,53,0
world,1814,54,0
world,1814,55,0
world,1814,56,0
world,1814,57,0
world,1814,58,0
world,1814,59,0
world,1814,60,0
world,1814,61,0
world,1814,62,0
world,1814,63,0
world,1814,64,0
world,1814,65,0
world,1814,66,0
world,1814,67,0
world,1814,68,0
world,1814,69,0
world,1814,70,0
world,1814,71,0
world,1814,72,0
world,1814,73,0
world,1814,74,0
world,1814,75,0
world,1814,76,0
world,1814,77,0
world,1814,78,0
world,1814,79,0
world,1814,80,0
world,1814,81,0
world,1814,82,0
world,1814,83,0
world,1814,84,0
world,1814,85,0
world,1814,86,0
world,1814,87,0
world,1814,88,0
world,1814,89,0
world,1814,90,0
world,1814,91,0
world,1814,92,0
world,1814,93,0
world,1814,94,0
world,1814,95,0
world,1814,96,0
world,1814,97,0
world,1814,98,0
world,1814,99,0
world,1814,100,0
world,1814,101,0
world,1814,102,0
world,1814,103,0
world,1814,104,0
world,1815,0,0
world,1815,1,0
world,1815,2,4
world,1815,3,150
world,1815,4,1155
world,1815,5,5240
world,1815,6,23983
world,1815,7,113437
world,1815,8,436849
world,1815,9,1338883
world,1815,10,3540478
world,1815,11,8422853
world,1815,12,19127741
world,1815,13,41187616
world,1815,14,71960410
world,1815,15,103084112
world,1815,16,131498022
world,1815,17,145915410
world,1815,18,141368224
world,1815,19,120452811
world,1815,20,91938035
world,1815,21,64645457
world,1815,22,43085722
world,1815,23,27218792
world,1815,24,16307259
world,1815,25,9230072
world,1815,26,5197065
world,1815,27,2950987
world,1815,28,1644261
world,1815,29,878242
world,1815,30,458014
world,1815,31,236913
world,1815,32,124370
world,1815,33,66309
world,1815,34,34052
world,1815,35,16191
world,1815,36,7693
world,1815,37,3819
world,1815,38,1923
world,1815,39,1049
world,1815,40,592
world,1815,41,340
world,1815,42,161
world,1815,43,93
world,1815,44,50
world,1815,45,24
world,1815,46,1
world,1815,47,0
world,1815,48,0
world,1815,49,0
world,1815,50,0
world,1815,51,0
world,1815,52,0
world,1815,53,0
world,1815,54,0
world,1815,55,0
world,1815,56,0
world,1815,57,0
world,1815,58,0
world,1815,59,0
world,1815,60,0
world,1815,61,0
world,1815,62,0
world,1815,63,0
world,1815,64,0
world,1815,65,0
world,1815,66,0
world,1815,67,0
world,1815,68,0
world,1815,69,0
world,1815,70,0
world,1815,71,0
world,1815,72,0
world,1815,73,0
world,1815,74,0
world,1815,75,0
world,1815,76,0
world,1815,77,0
world,1815,78,0
world,1815,79,0
world,1815,80,0
world,1815,81,0
world,1815,82,0
world,1815,83,0
world,1815,84,0
world,1815,85,0
world,1815,86,0
world,1815,87,0
world,1815,88,0
world,1815,89,0
world,1815,90,0
world,1815,91,0
world,1815,92,0
world,1815,93,0
world,1815,94,0
world,1815,95,0
world,1815,96,0
world,1815,97,0
world,1815,98,0
world,1815,99,0
world,1815,100,0
world,1815,101,0
world,1815,102,0
world,1815,103,0
world,1815,104,0
world,1816,0,0
world,1816,1,0
world,1816,2,4
world,1816,3,150
world,1816,4,1152
world,1816,5,5228
world,1816,6,22230
world,1816,7,96568
world,1816,8,378830
world,1816,9,1218970
world,1816,10,3378449
world,1816,11,8240046
world,1816,12,19073320
world,1816,13,41375566
world,1816,14,72539575
world,1816,15,104058446
world,1816,16,132966791
world,1816,17,147994945
world,1816,18,143431345
world,1816,19,122354941
world,1816,20,92947617
world,1816,21,64749537
world,1816,22,42509013
world,1816,23,26613591
world,1816,24,15804214
world,1816,25,8915918
world,1816,26,5013817
world,1816,27,2839167
world,1816,28,1576647
world,1816,29,842482
world,1816,30,439595
world,1816,31,227273
world,1816,32,119400
world,1816,33,63610
world,1816,34,32544
world,1816,35,15403
world,1816,36,7260
world,1816,37,3584
world,1816,38,1804
world,1816,39,995
world,1816,40,568
world,1816,41,330
world,1816,42,157
world,1816,43,90
world,1816,44,51
world,1816,45,24
world,1816,46,1
world,1816,47,0
world,1816,48,0
world,1816,49,0
world,1816,50,0
world,1816,51,0
world,1816,52,0
world,1816,53,0
world,1816,54,0
world,1816,55,0
world,1816,56,0
world,1816,57,0
world,1816,58,0
world,1816,59,0
world,1816,60,0
world,1816,61,0
world,1816,62,0
world,1816,63,0
world,1816,64,0
world,1816,65,0
world,1816,66,0
world,1816,67,0
world,1816,68,0
world,1816,69,0
world,1816,70,0
world,1816,71,0
world,1816,72,0
world,1816,73,0
world,1816,74,0
world,1816,75,0
world,1816,76,0
world,1816,77,0
world,1816,78,0
world,1816,79,0
world,1816,80,0
world,1816,81,0
world,1816,82,0
world,1816,83,0
world,1816,84,0
world,1816,85,0
world,1816,86,0
world,1816,87,0
world,1816,88,0
world,1816,89,0
world,1816,90,0
world,1816,91,0
world,1816,92,0
world,1816,93,0
world,1816,94,0
world,1816,95,0
world,1816,96,0
world,1816,97,0
world,1816,98,0
world,1816,99,0
world,1816,100,0
world,1816,101,0
world,1816,102,0
world,1816,103,0
world,1816,104,0
world,1817,0,0
world,1817,1,0
world,1817,2,4
world,1817,3,150
world,1817,4,1148
world,1817,5,5219
world,1817,6,22574
world,1817,7,100950
world,1817,8,395772
world,1817,9,1258092
world,1817,10,3442548
world,1817,11,8385181
world,1817,12,19409894
world,1817,13,42087817
world,1817,14,73626433
world,1817,15,105694444
world,1817,16,135024384
world,1817,17,150145704
world,1817,18,144850935
world,1817,19,122814988
world,1817,20,92462483
world,1817,21,64032912
world,1817,22,41914448
world,1817,23,26275380
world,1817,24,15587964
world,1817,25,8813207
world,1817,26,4960324
world,1817,27,2803589
world,1817,28,1548584
world,1817,29,824869
world,1817,30,429754
world,1817,31,222058
world,1817,32,116655
world,1817,33,62083
world,1817,34,31635
world,1817,35,14912
world,1817,36,7121
world,1817,37,3530
world,1817,38,1788
world,1817,39,990
world,1817,40,567
world,1817,41,328
world,1817,42,158
world,1817,43,91
world,1817,44,52
world,1817,45,24
world,1817,46,1
world,1817,47,0
world,1817,48,0
world,1817,49,0
world,1817,50,0
world,1817,51,0
world,1817,52,0
world,1817,53,0
world,1817,54,0
world,1817,55,0
world,1817,56,0
world,1817,57,0
world,1817,58,0
world,1817,59,0
world,1817,60,0
world,1817,61,0
world,1817,62,0
world,1817,63,0
world,1817,64,0
world,1817,65,0
world,1817,66,0
world,1817,67,0
world,1817,68,0
world,1817,69,0
world,1817,70,0
world,1817,71,0
world,1817,72,0
world,1817,73,0
world,1817,74,0
world,1817,75,0
world,1817,76,0
world,1817,77,0
world,1817,78,0
world,1817,79,0
world,1817,80,0
world,1817,81,0
world,1817,82,0
world,1817,83,0
world,1817,84,0
world,1817,85,0
world,1817,86,0
world,1817,87,0
world,1817,88,0
world,1817,89,0
world,1817,90,0
world,1817,91,0
world,1817,92,0
world,1817,93,0
world,1817,94,0
world,1817,95,0
world,1817,96,0
world,1817,97,0
world,1817,98,0
world,1817,99,0
world,1817,100,0
world,1817,101,0
world,1817,102,0
world,1817,103,0
world,1817,104,0
world,1818,0,0
world,1818,1,0
world,1818,2,4
world,1818,3,150
world,1818,4,1144
world,1818,5,5204
world,1818,6,23239
world,1818,7,107558
world,1818,8,418859
world,1818,9,1308589
world,1818,10,3520729
world,1818,11,8490204
world,1818,12,19524557
world,1818,13,42263770
world,1818,14,73856039
world,1818,15,105933811
world,1818,16,135042947
world,1818,17,149990869
world,1818,18,144906381
world,1818,19,123224044
world,1818,20,93558727
world,1818,21,65500514
world,1818,22,43331116
world,1818,23,27266625
world,1818,24,16211726
world,1818,25,9154812
world,1818,26,5145519
world,1818,27,2913567
world,1818,28,1614088
world,1818,29,856817
world,1818,30,443997
world,1818,31,228864
world,1818,32,119844
world,1818,33,63577
world,1818,34,32433
world,1818,35,15357
world,1818,36,7346
world,1818,37,3640
world,1818,38,1835
world,1818,39,1017
world,1818,40,579
world,1818,41,335
world,1818,42,161
world,1818,43,92
world,1818,44,53
world,1818,45,24
world,1818,46,1
world,1818,47,0
world,1818,48,0
world,1818,49,0
world,1818,50,0
world,1818,51,0
world,1818,52,0
world,1818,53,0
world,1818,54,0
world,1818,55,0
world,1818,56,0
world,1818,57,0
world,1818,58,0
world,1818,59,0
world,1818,60,0
world,1818,61,0
world,1818,62,0
world,1818,63,0
world,1818,64,0
world,1818,65,0
world,1818,66,0
world,1818,67,0
world,1818,68,0
world,1818,69,0
world,1818,70,0
world,1818,71,0
world,1818,72,0
world,1818,73,0
world,1818,74,0
world,1818,75,0
world,1818,76,0
world,1818,77,0
world,1818,78,0
world,1818,79,0
world,1818,80,0
world,1818,81,0
world,1818,82,0
world,1818,83,0
world,1818,84,0
world,1818,85,0
world,1818,86,0
world,1818,87,0
world,1818,88,0
world,1818,89,0
world,1818,90,0
world,1818,91,0
world,1818,92,0
world,1818,93,0
world,1818,94,0
world,1818,95,0
world,1818,96,0
world,1818,97,0
world,1818,98,0
world,1818,99,0
world,1818,100,0
world,1818,101,0
world,1818,102,0
world,1818,103,0
world,1818,104,0
world,1819,0,0
world,1819,1,0
world,1819,2,4
world,1819,3,150
world,1819,4,1139
world,1819,5,5175
world,1819,6,23146
world,1819,7,107371
world,1819,8,419322
world,1819,9,1312064
world,1819,10,3530584
world,1819,11,8516001
world,1819,12,19599451
world,1819,13,42465361
world,1819,14,74194542
world,1819,15,106414990
world,1819,16,135637890
world,1819,17,150599470
world,1819,18,145571516
world,1819,19,123877473
world,1819,20,94311378
world,1819,21,66275961
world,1819,22,44088725
world,1819,23,27839253
world,1819,24,16618171
world,1819,25,9426289
world,1819,26,5319789
world,1819,27,3027780
world,1819,28,1686643
world,1819,29,889102
world,1819,30,452420
world,1819,31,230012
world,1819,32,119623
world,1819,33,63272
world,1819,34,32404
world,1819,35,15487
world,1819,36,7464
world,1819,37,3688
world,1819,38,1858
world,1819,39,1028
world,1819,40,587
world,1819,41,339
world,1819,42,165
world,1819,43,92
world,1819,44,53
world,1819,45,24
world,1819,46,2
world,1819,47,0
world,1819,48,0
world,1819,49,0
world,1819,50,0
world,1819,51,0
world,1819,52,0
world,1819,53,0
world,1819,54,0
world,1819,55,0
world,1819,56,0
world,1819,57,0
world,1819,58,0
world,1819,59,0
world,1819,60,0
world,1819,61,0
world,1819,62,0
world,1819,63,0
world,1819,64,0
world,1819,65,0
world,1819,66,0
world,1819,67,0
world,1819,68,0
world,1819,69,0
world,1819,70,0
world,1819,71,0
world,1819,72,0
world,1819,73,0
world,1819,74,0
world,1819,75,0
world,1819,76,0
world,1819,77,0
world,1819,78,0
world,1819,79,0
world,1819,80,0
world,1819,81,0
world,1819,82,0
world,1819,83,0
world,1819,84,0
world,1819,85,0
world,1819,86,0
world,1819,87,0
world,1819,88,0
world,1819,89,0
world,1819,90,0
world,1819,91,0
world,1819,92,0
world,1819,93,0
world,1819,94,0
world,1819,95,0
world,1819,96,0
world,1819,97,0
world,1819,98,0
world,1819,99,0
world,1819,100,0
world,1819,101,0
world,1819,102,0
world,1819,103,0
world,1819,104,0
world,1820,0,0
world,1820,1,0
world,1820,2,4
world,1820,3,149
world,1820,4,1137
world,1820,5,5173
world,1820,6,23183
world,1820,7,107598
world,1820,8,419885
world,1820,9,1310862
world,1820,10,3532732
world,1820,11,8541048
world,1820,12,19668727
world,1820,13,42643304
world,1820,14,74517442
world,1820,15,106843123
world,1820,16,136069758
world,1820,17,150778912
world,1820,18,145754976
world,1820,19,124118879
world,1820,20,94963184
world,1820,21,67354522
world,1820,22,45371289
world,1820,23,28878935
world,1820,24,17306266
world,1820,25,9790342
world,1820,26,5478560
world,1820,27,3095808
world,1820,28,1712049
world,1820,29,905422
world,1820,30,467753
world,1820,31,240396
world,1820,32,125174
world,1820,33,66118
world,1820,34,33739
world,1820,35,15973
world,1820,36,7661
world,1820,37,3795
world,1820,38,1903
world,1820,39,1055
world,1820,40,597
world,1820,41,341
world,1820,42,166
world,1820,43,92
world,1820,44,53
world,1820,45,25
world,1820,46,2
world,1820,47,0
world,1820,48,0
world,1820,49,0
world,1820,50,0
world,1820,51,0
world,1820,52,0
world,1820,53,0
world,1820,54,0
world,1820,55,0
world,1820,56,0
world,1820,57,0
world,1820,58,0
world,1820,59,0
world,1820,60,0
world,1820,61,0
world,1820,62,0
world,1820,63,0
world,1820,64,0
world,1820,65,0
world,1820,66,0
world,1820,67,0
world,1820,68,0
world,1820,69,0
world,1820,70,0
world,1820,71,0
world,1820,72,0
world,1820,73,0
world,1820,74,0
world,1820,75,0
world,1820,76,0
world,1820,77,0
world,1820,78,0
world,1820,79,0
world,1820,80,0
world,1820,81,0
world,1820,82,0
world,1820,83,0
world,1820,84,0
world,1820,85,0
world,1820,86,0
world,1820,87,0
world,1820,88,0
world,1820,89,0
world,1820,90,0
world,1820,91,0
world,1820,92,0
world,1820,93,0
world,1820,94,0
world,1820,95,0
world,1820,96,0
world,1820,97,0
world,1820,98,0
world,1820,99,0
world,1820,100,0
world,1820,101,0
world,1820,102,0
world,1820,103,0
world,1820,104,0
world,1821,0,0
world,1821,1,0
world,1821,2,4
world,1821,3,149
world,1821,4,1134
world,1821,5,5174
world,1821,6,23219
world,1821,7,107666
world,1821,8,419351
world,1821,9,1307846
world,1821,10,3522720
world,1821,11,8533219
world,1821,12,19702870
world,1821,13,42790645
world,1821,14,74848436
world,1821,15,107338897
world,1821,16,136642335
world,1821,17,151168434
world,1821,18,146065970
world,1821,19,124365552
world,1821,20,95433616
world,1821,21,68213182
world,1821,22,46424751
world,1821,23,29759003
world,1821,24,17871988
world,1821,25,10140910
world,1821,26,5660232
world,1821,27,3198027
world,1821,28,1771264
world,1821,29,937732
world,1821,30,484263
world,1821,31,249197
world,1821,32,129781
world,1821,33,68548
world,1821,34,35042
world,1821,35,16661
world,1821,36,8015
world,1821,37,3985
world,1821,38,2003
world,1821,39,1108
world,1821,40,631
world,1821,41,357
world,1821,42,176
world,1821,43,98
world,1821,44,53
world,1821,45,25
world,1821,46,2
world,1821,47,0
world,1821,48,0
world,1821,49,0
world,1821,50,0
world,1821,51,0
world,1821,52,0
world,1821,53,0
world,1821,54,0
world,1821,55,0
world,1821,56,0
world,1821,57,0
world,1821,58,0
world,1821,59,0
world,1821,60,0
world,1821,61,0
world,1821,62,0
world,1821,63,0
world,1821,64,0
world,1821,65,0
world,1821,66,0
world,1821,67,0
world,1821,68,0
world,1821,69,0
world,1821,70,0
world,1821,71,0
world,1821,72,0
world,1821,73,0
world,1821,74,0
world,1821,75,0
world,1821,76,0
world,1821,77,0
world,1821,78,0
world,1821,79,0
world,1821,80,0
world,1821,81,0
world,1821,82,0
world,1821,83,0
world,1821,84,0
world,1821,85,0
world,1821,86,0
world,1821,87,0
world,1821,88,0
world,1821,89,0
world,1821,90,0
world,1821,91,0
world,1821,92,0
world,1821,93,0
world,1821,94,0
world,1821,95,0
world,1821,96,0
world,1821,97,0
world,1821,98,0
world,1821,99,0
world,1821,100,0
world,1821,101,0
world,1821,102,0
world,1821,103,0
world,1821,104,0
world,1822,0,0
world,1822,1,0
world,1822,2,4
world,1822,3,146
world,1822,4,1130
world,1822,5,5160
world,1822,6,23251
world,1822,7,108102
world,1822,8,421409
world,1822,9,1314299
world,1822,10,3539334
world,1822,11,8572905
world,1822,12,19795592
world,1822,13,43011525
world,1822,14,75280173
world,1822,15,108029468
world,1822,16,137606006
world,1822,17,152443102
world,1822,18,147379252
world,1822,19,125455837
world,1822,20,96092388
world,1822,21,68446029
world,1822,22,46389653
world,1822,23,29673053
world,1822,24,17832337
world,1822,25,10127137
world,1822,26,5679332
world,1822,27,3213837
world,1822,28,1780403
world,1822,29,941971
world,1822,30,487962
world,1822,31,251733
world,1822,32,131238
world,1822,33,69432
world,1822,34,35557
world,1822,35,16887
world,1822,36,8120
world,1822,37,4033
world,1822,38,2036
world,1822,39,1136
world,1822,40,649
world,1822,41,370
world,1822,42,182
world,1822,43,103
world,1822,44,53
world,1822,45,25
world,1822,46,2
world,1822,47,0
world,1822,48,0
world,1822,49,0
world,1822,50,0
world,1822,51,0
world,1822,52,0
world,1822,53,0
world,1822,54,0
world,1822,55,0
world,1822,56,0
world,1822,57,0
world,1822,58,0
world,1822,59,0
world,1822,60,0
world,1822,61,0
world,1822,62,0
world,1822,63,0
world,1822,64,0
world,1822,65,0
world,1822,66,0
world,1822,67,0
world,1822,68,0
world,1822,69,0
world,1822,70,0
world,1822,71,0
world,1822,72,0
world,1822,73,0
world,1822,74,0
world,1822,75,0
world,1822,76,0
world,1822,77,0
world,1822,78,0
world,1822,79,0
world,1822,80,0
world,1822,81,0
world,1822,82,0
world,1822,83,0
world,1822,84,0
world,1822,85,0
world,1822,86,0
world,1822,87,0
world,1822,88,0
world,1822,89,0
world,1822,90,0
world,1822,91,0
world,1822,92,0
world,1822,93,0
world,1822,94,0
world,1822,95,0
world,1822,96,0
world,1822,97,0
world,1822,98,0
world,1822,99,0
world,1822,100,0
world,1822,101,0
world,1822,102,0
world,1822,103,0
world,1822,104,0
world,1823,0,0
world,1823,1,0
world,1823,2,4
world,1823,3,142
world,1823,4,1051
world,1823,5,4917
world,1823,6,22710
world,1823,7,106623
world,1823,8,414962
world,1823,9,1286272
world,1823,10,3453984
world,1823,11,8405625
world,1823,12,19540359
world,1823,13,42813005
world,1823,14,75383216
world,1823,15,108262519
world,1823,16,138329091
world,1823,17,153558460
world,1823,18,148581614
world,1823,19,126327239
world,1823,20,96651015
world,1823,21,69032394
world,1823,22,47095093
world,1823,23,30354143
world,1823,24,18325651
world,1823,25,10436895
world,1823,26,5862727
world,1823,27,3320446
world,1823,28,1839539
world,1823,29,973941
world,1823,30,504964
world,1823,31,260508
world,1823,32,135845
world,1823,33,72015
world,1823,34,37041
world,1823,35,17691
world,1823,36,8527
world,1823,37,4241
world,1823,38,2111
world,1823,39,1169
world,1823,40,663
world,1823,41,375
world,1823,42,185
world,1823,43,103
world,1823,44,54
world,1823,45,26
world,1823,46,2
world,1823,47,0
world,1823,48,0
world,1823,49,0
world,1823,50,0
world,1823,51,0
world,1823,52,0
world,1823,53,0
world,1823,54,0
world,1823,55,0
world,1823,56,0
world,1823,57,0
world,1823,58,0
world,1823,59,0
world,1823,60,0
world,1823,61,0
world,1823,62,0
world,1823,63,0
world,1823,64,0
world,1823,65,0
world,1823,66,0
world,1823,67,0
world,1823,68,0
world,1823,69,0
world,1823,70,0
world,1823,71,0
world,1823,72,0
world,1823,73,0
world,1823,74,0
world,1823,75,0
world,1823,76,0
world,1823,77,0
world,1823,78,0
world,1823,79,0
world,1823,80,0
world,1823,81,0
world,1823,82,0
world,1823,83,0
world,1823,84,0
world,1823,85,0
world,1823,86,0
world,1823,87,0
world,1823,88,0
world,1823,89,0
world,1823,90,0
world,1823,91,0
world,1823,92,0
world,1823,93,0
world,1823,94,0
world,1823,95,0
world,1823,96,0
world,1823,97,0
world,1823,98,0
world,1823,99,0
world,1823,100,0
world,1823,101,0
world,1823,102,0
world,1823,103,0
world,1823,104,0
world,1824,0,0
world,1824,1,0
world,1824,2,2
world,1824,3,117
world,1824,4,958
world,1824,5,4734
world,1824,6,23303
world,1824,7,113583
world,1824,8,439207
world,1824,9,1341126
world,1824,10,3582872
world,1824,11,8698517
world,1824,12,19876921
world,1824,13,43143265
world,1824,14,75724679
world,1824,15,108710972
world,1824,16,138906147
world,1824,17,154151948
world,1824,18,148983494
world,1824,19,126617691
world,1824,20,96890419
world,1824,21,69369364
world,1824,22,47684185
world,1824,23,31090877
world,1824,24,18935151
world,1824,25,10853741
world,1824,26,6110444
world,1824,27,3467743
world,1824,28,1933233
world,1824,29,1028127
world,1824,30,532666
world,1824,31,274745
world,1824,32,143350
world,1824,33,76013
world,1824,34,39222
world,1824,35,18754
world,1824,36,8958
world,1824,37,4415
world,1824,38,2191
world,1824,39,1191
world,1824,40,674
world,1824,41,382
world,1824,42,191
world,1824,43,104
world,1824,44,55
world,1824,45,26
world,1824,46,2
world,1824,47,0
world,1824,48,0
world,1824,49,0
world,1824,50,0
world,1824,51,0
world,1824,52,0
world,1824,53,0
world,1824,54,0
world,1824,55,0
world,1824,56,0
world,1824,57,0
world,1824,58,0
world,1824,59,0
world,1824,60,0
world,1824,61,0
world,1824,62,0
world,1824,63,0
world,1824,64,0
world,1824,65,0
world,1824,66,0
world,1824,67,0
world,1824,68,0
world,1824,69,0
world,1824,70,0
world,1824,71,0
world,1824,72,0
world,1824,73,0
world,1824,74,0
world,1824,75,0
world,1824,76,0
world,1824,77,0
world,1824,78,0
world,1824,79,0
world,1824,80,0
world,1824,81,0
world,1824,82,0
world,1824,83,0
world,1824,84,0
world,1824,85,0
world,1824,86,0
world,1824,87,0
world,1824,88,0
world,1824,89,0
world,1824,90,0
world,1824,91,0
world,1824,92,0
world,1824,93,0
world,1824,94,0
world,1824,95,0
world,1824,96,0
world,1824,97,0
world,1824,98,0
world,1824,99,0
world,1824,100,0
world,1824,101,0
world,1824,102,0
world,1824,103,0
world,1824,104,0
world,1825,0,0
world,1825,1,0
world,1825,2,2
world,1825,3,118
world,1825,4,956
world,1825,5,4746
world,1825,6,22611
world,1825,7,106771
world,1825,8,415518
world,1825,9,1295532
world,1825,10,3579519
world,1825,11,8909751
world,1825,12,20786258
world,1825,13,45124245
world,1825,14,78024915
world,1825,15,111098039
world,1825,16,140939447
world,1825,17,155196695
world,1825,18,149054343
world,1825,19,126098993
world,1825,20,96171995
world,1825,21,68499906
world,1825,22,47020878
world,1825,23,30702688
world,1825,24,18770969
world,1825,25,10794241
world,1825,26,6103279
world,1825,27,3463191
world,1825,28,1930819
world,1825,29,1027485
world,1825,30,532480
world,1825,31,274280
world,1825,32,143659
world,1825,33,76491
world,1825,34,39467
world,1825,35,18814
world,1825,36,8992
world,1825,37,4481
world,1825,38,2254
world,1825,39,1243
world,1825,40,700
world,1825,41,399
world,1825,42,202
world,1825,43,105
world,1825,44,55
world,1825,45,26
world,1825,46,3
world,1825,47,0
world,1825,48,0
world,1825,49,0
world,1825,50,0
world,1825,51,0
world,1825,52,0
world,1825,53,0
world,1825,54,0
world,1825,55,0
world,1825,56,0
world,1825,57,0
world,1825,58,0
world,1825,59,0
world,1825,60,0
world,1825,61,0
world,1825,62,0
world,1825,63,0
world,1825,64,0
world,1825,65,0
world,1825,66,0
world,1825,67,0
world,1825,68,0
world,1825,69,0
world,1825,70,0
world,1825,71,0
world,1825,72,0
world,1825,73,0
world,1825,74,0
world,1825,75,0
world,1825,76,0
world,1825,77,0
world,1825,78,0
world,1825,79,0
world,1825,80,0
world,1825,81,0
world,1825,82,0
world,1825,83,0
world,1825,84,0
world,1825,85,0
world,1825,86,0
world,1825,87,0
world,1825,88,0
world,1825,89,0
world,1825,90,0
world,1825,91,0
world,1825,92,0
world,1825,93,0
world,1825,94,0
world,1825,95,0
world,1825,96,0
world,1825,97,0
world,1825,98,0
world,1825,99,0
world,1825,100,0
world,1825,101,0
world,1825,102,0
world,1825,103,0
world,1825,104,0
world,1826,0,0
world,1826,1,0
world,1826,2,2
world,1826,3,117
world,1826,4,956
world,1826,5,4760
world,1826,6,21613
world,1826,7,95879
world,1826,8,376360
world,1826,9,1210433
world,1826,10,3458297
world,1826,11,8764315
world,1826,12,20713617
world,1826,13,45195688
world,1826,14,78335802
world,1826,15,111655730
world,1826,16,141750240
world,1826,17,156299393
world,1826,18,150308702
world,1826,19,127426600
world,1826,20,97288883
world,1826,21,69234187
world,1826,22,47461766
world,1826,23,30924551
world,1826,24,18846458
world,1826,25,10847551
world,1826,26,6126417
world,1826,27,3473835
world,1826,28,1929417
world,1826,29,1020665
world,1826,30,526387
world,1826,31,271027
world,1826,32,141356
world,1826,33,74666
world,1826,34,38352
world,1826,35,18245
world,1826,36,8710
world,1826,37,4346
world,1826,38,2213
world,1826,39,1252
world,1826,40,722
world,1826,41,415
world,1826,42,214
world,1826,43,108
world,1826,44,58
world,1826,45,26
world,1826,46,3
world,1826,47,0
world,1826,48,0
world,1826,49,0
world,1826,50,0
world,1826,51,0
world,1826,52,0
world,1826,53,0
world,1826,54,0
world,1826,55,0
world,1826,56,0
world,1826,57,0
world,1826,58,0
world,1826,59,0
world,1826,60,0
world,1826,61,0
world,1826,62,0
world,1826,63,0
world,1826,64,0
world,1826,65,0
world,1826,66,0
world,1826,67,0
world,1826,68,0
world,1826,69,0
world,1826,70,0
world,1826,71,0
world,1826,72,0
world,1826,73,0
world,1826,74,0
world,1826,75,0
world,1826,76,0
world,1826,77,0
world,1826,78,0
world,1826,79,0
world,1826,80,0
world,1826,81,0
world,1826,82,0
world,1826,83,0
world,1826,84,0
world,1826,85,0
world,1826,86,0
world,1826,87,0
world,1826,88,0
world,1826,89,0
world,1826,90,0
world,1826,91,0
world,1826,92,0
world,1826,93,0
world,1826,94,0
world,1826,95,0
world,1826,96,0
world,1826,97,0
world,1826,98,0
world,1826,99,0
world,1826,100,0
world,1826,101,0
world,1826,102,0
world,1826,103,0
world,1826,104,0
world,1827,0,0
world,1827,1,0
world,1827,2,2
world,1827,3,116
world,1827,4,956
world,1827,5,4770
world,1827,6,21728
world,1827,7,96530
world,1827,8,378784
world,1827,9,1217408
world,1827,10,3471449
world,1827,11,8798613
world,1827,12,20822979
world,1827,13,45458689
world,1827,14,78821283
world,1827,15,112360660
world,1827,16,142680680
world,1827,17,157420694
world,1827,18,151451218
world,1827,19,128364309
world,1827,20,97847337
world,1827,21,69517051
world,1827,22,47654877
world,1827,23,31130980
world,1827,24,19083379
world,1827,25,11018552
world,1827,26,6257069
world,1827,27,3555230
world,1827,28,1976814
world,1827,29,1047408
world,1827,30,541592
world,1827,31,278737
world,1827,32,145293
world,1827,33,76752
world,1827,34,39313
world,1827,35,18642
world,1827,36,8902
world,1827,37,4455
world,1827,38,2272
world,1827,39,1290
world,1827,40,742
world,1827,41,424
world,1827,42,216
world,1827,43,109
world,1827,44,58
world,1827,45,27
world,1827,46,3
world,1827,47,0
world,1827,48,0
world,1827,49,0
world,1827,50,0
world,1827,51,0
world,1827,52,0
world,1827,53,0
world,1827,54,0
world,1827,55,0
world,1827,56,0
world,1827,57,0
world,1827,58,0
world,1827,59,0
world,1827,60,0
world,1827,61,0
world,1827,62,0
world,1827,63,0
world,1827,64,0
world,1827,65,0
world,1827,66,0
world,1827,67,0
world,1827,68,0
world,1827,69,0
world,1827,70,0
world,1827,71,0
world,1827,72,0
world,1827,73,0
world,1827,74,0
world,1827,75,0
world,1827,76,0
world,1827,77,0
world,1827,78,0
world,1827,79,0
world,1827,80,0
world,1827,81,0
world,1827,82,0
world,1827,83,0
world,1827,84,0
world,1827,85,0
world,1827,86,0
world,1827,87,0
world,1827,88,0
world,1827,89,0
world,1827,90,0
world,1827,91,0
world,1827,92,0
world,1827,93,0
world,1827,94,0
world,1827,95,0
world,1827,96,0
world,1827,97,0
world,1827,98,0
world,1827,99,0
world,1827,100,0
world,1827,101,0
world,1827,102,0
world,1827,103,0
world,1827,104,0
world,1828,0,0
world,1828,1,0
world,1828,2,2
world,1828,3,112
world,1828,4,886
world,1828,5,4533
world,1828,6,21553
world,1828,7,100529
world,1828,8,396649
world,1828,9,1260333
world,1828,10,3541357
world,1828,11,8921117
world,1828,12,21000623
world,1828,13,45755750
world,1828,14,79273786
world,1828,15,113001320
world,1828,16,143559802
world,1828,17,158502334
world,1828,18,152619869
world,1828,19,129385180
world,1828,20,98567438
world,1828,21,69940665
world,1828,22,47864658
world,1828,23,31265594
world,1828,24,19186225
world,1828,25,11094135
world,1828,26,6322633
world,1828,27,3603538
world,1828,28,2006798
world,1828,29,1064994
world,1828,30,551854
world,1828,31,284271
world,1828,32,148231
world,1828,33,78279
world,1828,34,40037
world,1828,35,18981
world,1828,36,9090
world,1828,37,4568
world,1828,38,2319
world,1828,39,1314
world,1828,40,760
world,1828,41,429
world,1828,42,224
world,1828,43,110
world,1828,44,60
world,1828,45,27
world,1828,46,4
world,1828,47,0
world,1828,48,0
world,1828,49,0
world,1828,50,0
world,1828,51,0
world,1828,52,0
world,1828,53,0
world,1828,54,0
world,1828,55,0
world,1828,56,0
world,1828,57,0
world,1828,58,0
world,1828,59,0
world,1828,60,0
world,1828,61,0
world,1828,62,0
world,1828,63,0
world,1828,64,0
world,1828,65,0
world,1828,66,0
world,1828,67,0
world,1828,68,0
world,1828,69,0
world,1828,70,0
world,1828,71,0
world,1828,72,0
world,1828,73,0
world,1828,74,0
world,1828,75,0
world,1828,76,0
world,1828,77,0
world,1828,78,0
world,1828,79,0
world,1828,80,0
world,1828,81,0
world,1828,82,0
world,1828,83,0
world,1828,84,0
world,1828,85,0
world,1828,86,0
world,1828,87,0
world,1828,88,0
world,1828,89,0
world,1828,90,0
world,1828,91,0
world,1828,92,0
world,1828,93,0
world,1828,94,0
world,1828,95,0
world,1828,96,0
world,1828,97,0
world,1828,98,0
world,1828,99,0
world,1828,100,0
world,1828,101,0
world,1828,102,0
world,1828,103,0
world,1828,104,0
world,1829,0,0
world,1829,1,0
world,1829,2,2
world,1829,3,111
world,1829,4,887
world,1829,5,4540
world,1829,6,22403
world,1829,7,108151
world,1829,8,423042
world,1829,9,1316226
world,1829,10,3628981
world,1829,11,9055316
world,1829,12,21152773
world,1829,13,45962076
world,1829,14,79556078
world,1829,15,113406587
world,1829,16,144100220
world,1829,17,159106025
world,1829,18,153245595
world,1829,19,130041244
world,1829,20,99308635
world,1829,21,70686316
world,1829,22,48554027
world,1829,23,31805810
world,1829,24,19547630
world,1829,25,11317009
world,1829,26,6447945
world,1829,27,3678826
world,1829,28,2053240
world,1829,29,1089840
world,1829,30,563232
world,1829,31,288962
world,1829,32,149962
world,1829,33,78990
world,1829,34,40496
world,1829,35,19261
world,1829,36,9230
world,1829,37,4633
world,1829,38,2341
world,1829,39,1314
world,1829,40,767
world,1829,41,440
world,1829,42,228
world,1829,43,117
world,1829,44,59
world,1829,45,27
world,1829,46,4
world,1829,47,0
world,1829,48,0
world,1829,49,0
world,1829,50,0
world,1829,51,0
world,1829,52,0
world,1829,53,0
world,1829,54,0
world,1829,55,0
world,1829,56,0
world,1829,57,0
world,1829,58,0
world,1829,59,0
world,1829,60,0
world,1829,61,0
world,1829,62,0
world,1829,63,0
world,1829,64,0
world,1829,65,0
world,1829,66,0
world,1829,67,0
world,1829,68,0
world,1829,69,0
world,1829,70,0
world,1829,71,0
world,1829,72,0
world,1829,73,0
world,1829,74,0
world,1829,75,0
world,1829,76,0
world,1829,77,0
world,1829,78,0
world,1829,79,0
world,1829,80,0
world,1829,81,0
world,1829,82,0
world,1829,83,0
world,1829,84,0
world,1829,85,0
world,1829,86,0
world,1829,87,0
world,1829,88,0
world,1829,89,0
world,1829,90,0
world,1829,91,0
world,1829,92,0
world,1829,93,0
world,1829,94,0
world,1829,95,0
world,1829,96,0
world,1829,97,0
world,1829,98,0
world,1829,99,0
world,1829,100,0
world,1829,101,0
world,1829,102,0
world,1829,103,0
world,1829,104,0
world,1830,0,0
world,1830,1,0
world,1830,2,2
world,1830,3,110
world,1830,4,886
world,1830,5,4551
world,1830,6,22539
world,1830,7,108970
world,1830,8,425991
world,1830,9,1324481
world,1830,10,3651551
world,1830,11,9110446
world,1830,12,21279608
world,1830,13,46208485
world,1830,14,79958053
world,1830,15,113967319
world,1830,16,144840626
world,1830,17,160002420
world,1830,18,154177248
world,1830,19,130886966
world,1830,20,99882857
world,1830,21,71057452
world,1830,22,48804208
world,1830,23,32037633
world,1830,24,19766794
world,1830,25,11479339
world,1830,26,6570329
world,1830,27,3744928
world,1830,28,2089492
world,1830,29,1112928
world,1830,30,576420
world,1830,31,295869
world,1830,32,153988
world,1830,33,81300
world,1830,34,41589
world,1830,35,19773
world,1830,36,9482
world,1830,37,4775
world,1830,38,2419
world,1830,39,1362
world,1830,40,790
world,1830,41,444
world,1830,42,232
world,1830,43,120
world,1830,44,60
world,1830,45,27
world,1830,46,5
world,1830,47,0
world,1830,48,0
world,1830,49,0
world,1830,50,0
world,1830,51,0
world,1830,52,0
world,1830,53,0
world,1830,54,0
world,1830,55,0
world,1830,56,0
world,1830,57,0
world,1830,58,0
world,1830,59,0
world,1830,60,0
world,1830,61,0
world,1830,62,0
world,1830,63,0
world,1830,64,0
world,1830,65,0
world,1830,66,0
world,1830,67,0
world,1830,68,0
world,1830,69,0
world,1830,70,0
world,1830,71,0
world,1830,72,0
world,1830,73,0
world,1830,74,0
world,1830,75,0
world,1830,76,0
world,1830,77,0
world,1830,78,0
world,1830,79,0
world,1830,80,0
world,1830,81,0
world,1830,82,0
world,1830,83,0
world,1830,84,0
world,1830,85,0
world,1830,86,0
world,1830,87,0
world,1830,88,0
world,1830,89,0
world,1830,90,0
world,1830,91,0
world,1830,92,0
world,1830,93,0
world,1830,94,0
world,1830,95,0
world,1830,96,0
world,1830,97,0
world,1830,98,0
world,1830,99,0
world,1830,100,0
world,1830,101,0
world,1830,102,0
world,1830,103,0
world,1830,104,0
world,1831,0,0
world,1831,1,0
world,1831,2,2
world,1831,3,110
world,1831,4,879
world,1831,5,4544
world,1831,6,23399
world,1831,7,116551
world,1831,8,451358
world,1831,9,1378630
world,1831,10,3737537
world,1831,11,9238833
world,1831,12,21420358
world,1831,13,46367094
world,1831,14,80150320
world,1831,15,114245786
world,1831,16,145190190
world,1831,17,160481282
world,1831,18,154807426
world,1831,19,131487026
world,1831,20,100423042
world,1831,21,71599380
world,1831,22,49343556
world,1831,23,32507913
world,1831,24,20153420
world,1831,25,11768419
world,1831,26,6788009
world,1831,27,3885468
world,1831,28,2173134
world,1831,29,1161037
world,1831,30,601514
world,1831,31,307333
world,1831,32,158762
world,1831,33,82589
world,1831,34,41353
world,1831,35,19290
world,1831,36,9150
world,1831,37,4556
world,1831,38,2269
world,1831,39,1258
world,1831,40,724
world,1831,41,407
world,1831,42,210
world,1831,43,113
world,1831,44,62
world,1831,45,30
world,1831,46,6
world,1831,47,0
world,1831,48,0
world,1831,49,0
world,1831,50,0
world,1831,51,0
world,1831,52,0
world,1831,53,0
world,1831,54,0
world,1831,55,0
world,1831,56,0
world,1831,57,0
world,1831,58,0
world,1831,59,0
world,1831,60,0
world,1831,61,0
world,1831,62,0
world,1831,63,0
world,1831,64,0
world,1831,65,0
world,1831,66,0
world,1831,67,0
world,1831,68,0
world,1831,69,0
world,1831,70,0
world,1831,71,0
world,1831,72,0
world,1831,73,0
world,1831,74,0
world,1831,75,0
world,1831,76,0
world,1831,77,0
world,1831,78,0
world,1831,79,0
world,1831,80,0
world,1831,81,0
world,1831,82,0
world,1831,83,0
world,1831,84,0
world,1831,85,0
world,1831,86,0
world,1831,87,0
world,1831,88,0
world,1831,89,0
world,1831,90,0
world,1831,91,0
world,1831,92,0
world,1831,93,0
world,1831,94,0
world,1831,95,0
world,1831,96,0
world,1831,97,0
world,1831,98,0
world,1831,99,0
world,1831,100,0
world,1831,101,0
world,1831,102,0
world,1831,103,0
world,1831,104,0
world,1832,0,0
world,1832,1,0
world,1832,2,2
world,1832,3,110
world,1832,4,881
world,1832,5,4555
world,1832,6,23452
world,1832,7,115480
world,1832,8,443052
world,1832,9,1347971
world,1832,10,3674221
world,1832,11,9180666
world,1832,12,21436430
world,1832,13,46500122
world,1832,14,80471613
world,1832,15,114734100
world,1832,16,145687352
world,1832,17,160762491
world,1832,18,154979848
world,1832,19,131515617
world,1832,20,100626560
world,1832,21,72103306
world,1832,22,50056367
world,1832,23,33337127
world,1832,24,20839646
world,1832,25,12255732
world,1832,26,7093955
world,1832,27,4079664
world,1832,28,2292483
world,1832,29,1227191
world,1832,30,632134
world,1832,31,321883
world,1832,32,165722
world,1832,33,85685
world,1832,34,42683
world,1832,35,19784
world,1832,36,9319
world,1832,37,4616
world,1832,38,2322
world,1832,39,1279
world,1832,40,741
world,1832,41,417
world,1832,42,218
world,1832,43,119
world,1832,44,64
world,1832,45,30
world,1832,46,6
world,1832,47,0
world,1832,48,0
world,1832,49,0
world,1832,50,0
world,1832,51,0
world,1832,52,0
world,1832,53,0
world,1832,54,0
world,1832,55,0
world,1832,56,0
world,1832,57,0
world,1832,58,0
world,1832,59,0
world,1832,60,0
world,1832,61,0
world,1832,62,0
world,1832,63,0
world,1832,64,0
world,1832,65,0
world,1832,66,0
world,1832,67,0
world,1832,68,0
world,1832,69,0
world,1832,70,0
world,1832,71,0
world,1832,72,0
world,1832,73,0
world,1832,74,0
world,1832,75,0
world,1832,76,0
world,1832,77,0
world,1832,78,0
world,1832,79,0
world,1832,80,0
world,1832,81,0
world,1832,82,0
world,1832,83,0
world,1832,84,0
world,1832,85,0
world,1832,86,0
world,1832,87,0
world,1832,88,0
world,1832,89,0
world,1832,90,0
world,1832,91,0
world,1832,92,0
world,1832,93,0
world,1832,94,0
world,1832,95,0
world,1832,96,0
world,1832,97,0
world,1832,98,0
world,1832,99,0
world,1832,100,0
world,1832,101,0
world,1832,102,0
world,1832,103,0
world,1832,104,0
world,1833,0,0
world,1833,1,0
world,1833,2,2
world,1833,3,107
world,1833,4,822
world,1833,5,4340
world,1833,6,21596
world,1833,7,102278
world,1833,8,400657
world,1833,9,1261433
world,1833,10,3560148
world,1833,11,9059238
world,1833,12,21399878
world,1833,13,46594729
world,1833,14,80758302
world,1833,15,115188934
world,1833,16,146303932
world,1833,17,161437790
world,1833,18,155585755
world,1833,19,132076763
world,1833,20,101123990
world,1833,21,72528511
world,1833,22,50450146
world,1833,23,33697582
world,1833,24,21145897
world,1833,25,12484806
world,1833,26,7239703
world,1833,27,4173065
world,1833,28,2349316
world,1833,29,1258188
world,1833,30,648343
world,1833,31,330429
world,1833,32,170190
world,1833,33,88006
world,1833,34,43893
world,1833,35,20378
world,1833,36,9580
world,1833,37,4721
world,1833,38,2335
world,1833,39,1260
world,1833,40,721
world,1833,41,390
world,1833,42,208
world,1833,43,104
world,1833,44,63
world,1833,45,30
world,1833,46,7
world,1833,47,0
world,1833,48,0
world,1833,49,0
world,1833,50,0
world,1833,51,0
world,1833,52,0
world,1833,53,0
world,1833,54,0
world,1833,55,0
world,1833,56,0
world,1833,57,0
world,1833,58,0
world,1833,59,0
world,1833,60,0
world,1833,61,0
world,1833,62,0
world,1833,63,0
world,1833,64,0
world,1833,65,0
world,1833,66,0
world,1833,67,0
world,1833,68,0
world,1833,69,0
world,1833,70,0
world,1833,71,0
world,1833,72,0
world,1833,73,0
world,1833,74,0
world,1833,75,0
world,1833,76,0
world,1833,77,0
world,1833,78,0
world,1833,79,0
world,1833,80,0
world,1833,81,0
world,1833,82,0
world,1833,83,0
world,1833,84,0
world,1833,85,0
world,1833,86,0
world,1833,87,0
world,1833,88,0
world,1833,89,0
world,1833,90,0
world,1833,91,0
world,1833,92,0
world,1833,93,0
world,1833,94,0
world,1833,95,0
world,1833,96,0
world,1833,97,0
world,1833,98,0
world,1833,99,0
world,1833,100,0
world,1833,101,0
world,1833,102,0
world,1833,103,0
world,1833,104,0
world,1834,0,0
world,1834,1,0
world,1834,2,2
world,1834,3,107
world,1834,4,822
world,1834,5,4353
world,1834,6,21120
world,1834,7,96725
world,1834,8,379407
world,1834,9,1208443
world,1834,10,3471347
world,1834,11,8944488
world,1834,12,21317591
world,1834,13,46661139
world,1834,14,81069678
world,1834,15,115641910
world,1834,16,146867850
world,1834,17,162004131
world,1834,18,156100881
world,1834,19,132571718
world,1834,20,101669942
world,1834,21,73147348
world,1834,22,51056778
world,1834,23,34188506
world,1834,24,21452874
world,1834,25,12657106
world,1834,26,7325120
world,1834,27,4208757
world,1834,28,2371206
world,1834,29,1272753
world,1834,30,655806
world,1834,31,332513
world,1834,32,170158
world,1834,33,87616
world,1834,34,43653
world,1834,35,20249
world,1834,36,9476
world,1834,37,4667
world,1834,38,2321
world,1834,39,1257
world,1834,40,718
world,1834,41,407
world,1834,42,221
world,1834,43,112
world,1834,44,64
world,1834,45,31
world,1834,46,7
world,1834,47,0
world,1834,48,0
world,1834,49,0
world,1834,50,0
world,1834,51,0
world,1834,52,0
world,1834,53,0
world,1834,54,0
world,1834,55,0
world,1834,56,0
world,1834,57,0
world,1834,58,0
world,1834,59,0
world,1834,60,0
world,1834,61,0
world,1834,62,0
world,1834,63,0
world,1834,64,0
world,1834,65,0
world,1834,66,0
world,1834,67,0
world,1834,68,0
world,1834,69,0
world,1834,70,0
world,1834,71,0
world,1834,72,0
world,1834,73,0
world,1834,74,0
world,1834,75,0
world,1834,76,0
world,1834,77,0
world,1834,78,0
world,1834,79,0
world,1834,80,0
world,1834,81,0
world,1834,82,0
world,1834,83,0
world,1834,84,0
world,1834,85,0
world,1834,86,0
world,1834,87,0
world,1834,88,0
world,1834,89,0
world,1834,90,0
world,1834,91,0
world,1834,92,0
world,1834,93,0
world,1834,94,0
world,1834,95,0
world,1834,96,0
world,1834,97,0
world,1834,98,0
world,1834,99,0
world,1834,100,0
world,1834,101,0
world,1834,102,0
world,1834,103,0
world,1834,104,0
world,1835,0,0
world,1835,1,0
world,1835,2,2
world,1835,3,107
world,1835,4,820
world,1835,5,4358
world,1835,6,21805
world,1835,7,103645
world,1835,8,404983
world,1835,9,1265456
world,1835,10,3556003
world,1835,11,9056003
world,1835,12,21446702
world,1835,13,46845215
world,1835,14,81315971
world,1835,15,115998929
world,1835,16,147355531
world,1835,17,162495543
world,1835,18,156443103
world,1835,19,132683164
world,1835,20,101640777
world,1835,21,73145182
world,1835,22,51303883
world,1835,23,34722356
world,1835,24,22108202
world,1835,25,13198845
world,1835,26,7719699
world,1835,27,4464342
world,1835,28,2527940
world,1835,29,1361461
world,1835,30,702854
world,1835,31,356222
world,1835,32,182602
world,1835,33,94697
world,1835,34,47457
world,1835,35,22059
world,1835,36,10243
world,1835,37,5021
world,1835,38,2483
world,1835,39,1310
world,1835,40,737
world,1835,41,408
world,1835,42,218
world,1835,43,115
world,1835,44,65
world,1835,45,32
world,1835,46,7
world,1835,47,0
world,1835,48,0
world,1835,49,0
world,1835,50,0
world,1835,51,0
world,1835,52,0
world,1835,53,0
world,1835,54,0
world,1835,55,0
world,1835,56,0
world,1835,57,0
world,1835,58,0
world,1835,59,0
world,1835,60,0
world,1835,61,0
world,1835,62,0
world,1835,63,0
world,1835,64,0
world,1835,65,0
world,1835,66,0
world,1835,67,0
world,1835,68,0
world,1835,69,0
world,1835,70,0
world,1835,71,0
world,1835,72,0
world,1835,73,0
world,1835,74,0
world,1835,75,0
world,1835,76,0
world,1835,77,0
world,1835,78,0
world,1835,79,0
world,1835,80,0
world,1835,81,0
world,1835,82,0
world,1835,83,0
world,1835,84,0
world,1835,85,0
world,1835,86,0
world,1835,87,0
world,1835,88,0
world,1835,89,0
world,1835,90,0
world,1835,91,0
world,1835,92,0
world,1835,93,0
world,1835,94,0
world,1835,95,0
world,1835,96,0
world,1835,97,0
world,1835,98,0
world,1835,99,0
world,1835,100,0
world,1835,101,0
world,1835,102,0
world,1835,103,0
world,1835,104,0
world,1836,0,0
world,1836,1,0
world,1836,2,2
world,1836,3,105
world,1836,4,817
world,1836,5,4370
world,1836,6,22538
world,1836,7,110372
world,1836,8,428799
world,1836,9,1318588
world,1836,10,3590520
world,1836,11,9007906
world,1836,12,21414497
world,1836,13,46924993
world,1836,14,81569492
world,1836,15,116465103
world,1836,16,148051957
world,1836,17,163405179
world,1836,18,157348575
world,1836,19,133381449
world,1836,20,101933964
world,1836,21,73146170
world,1836,22,51290661
world,1836,23,34833795
world,1836,24,22374819
world,1836,25,13477104
world,1836,26,7944558
world,1836,27,4619389
world,1836,28,2633229
world,1836,29,1431007
world,1836,30,745265
world,1836,31,380792
world,1836,32,196595
world,1836,33,102699
world,1836,34,51962
world,1836,35,24511
world,1836,36,11555
world,1836,37,5677
world,1836,38,2775
world,1836,39,1403
world,1836,40,765
world,1836,41,422
world,1836,42,229
world,1836,43,117
world,1836,44,66
world,1836,45,32
world,1836,46,8
world,1836,47,0
world,1836,48,0
world,1836,49,0
world,1836,50,0
world,1836,51,0
world,1836,52,0
world,1836,53,0
world,1836,54,0
world,1836,55,0
world,1836,56,0
world,1836,57,0
world,1836,58,0
world,1836,59,0
world,1836,60,0
world,1836,61,0
world,1836,62,0
world,1836,63,0
world,1836,64,0
world,1836,65,0
world,1836,66,0
world,1836,67,0
world,1836,68,0
world,1836,69,0
world,1836,70,0
world,1836,71,0
world,1836,72,0
world,1836,73,0
world,1836,74,0
world,1836,75,0
world,1836,76,0
world,1836,77,0
world,1836,78,0
world,1836,79,0
world,1836,80,0
world,1836,81,0
world,1836,82,0
world,1836,83,0
world,1836,84,0
world,1836,85,0
world,1836,86,0
world,1836,87,0
world,1836,88,0
world,1836,89,0
world,1836,90,0
world,1836,91,0
world,1836,92,0
world,1836,93,0
world,1836,94,0
world,1836,95,0
world,1836,96,0
world,1836,97,0
world,1836,98,0
world,1836,99,0
world,1836,100,0
world,1836,101,0
world,1836,102,0
world,1836,103,0
world,1836,104,0
world,1837,0,0
world,1837,1,0
world,1837,2,2
world,1837,3,105
world,1837,4,813
world,1837,5,4196
world,1837,6,20197
world,1837,7,94850
world,1837,8,380451
world,1837,9,1223613
world,1837,10,3467022
world,1837,11,8832472
world,1837,12,21293060
world,1837,13,46951259
world,1837,14,81868254
world,1837,15,117016900
world,1837,16,148752680
world,1837,17,164085611
world,1837,18,158079085
world,1837,19,134079389
world,1837,20,102608345
world,1837,21,73749090
world,1837,22,51743771
world,1837,23,35133491
world,1837,24,22538800
world,1837,25,13597846
world,1837,26,8040657
world,1837,27,4688292
world,1837,28,2681899
world,1837,29,1464471
world,1837,30,763862
world,1837,31,390226
world,1837,32,201412
world,1837,33,104840
world,1837,34,52762
world,1837,35,24856
world,1837,36,11725
world,1837,37,5754
world,1837,38,2805
world,1837,39,1407
world,1837,40,765
world,1837,41,432
world,1837,42,233
world,1837,43,123
world,1837,44,66
world,1837,45,32
world,1837,46,8
world,1837,47,0
world,1837,48,0
world,1837,49,0
world,1837,50,0
world,1837,51,0
world,1837,52,0
world,1837,53,0
world,1837,54,0
world,1837,55,0
world,1837,56,0
world,1837,57,0
world,1837,58,0
world,1837,59,0
world,1837,60,0
world,1837,61,0
world,1837,62,0
world,1837,63,0
world,1837,64,0
world,1837,65,0
world,1837,66,0
world,1837,67,0
world,1837,68,0
world,1837,69,0
world,1837,70,0
world,1837,71,0
world,1837,72,0
world,1837,73,0
world,1837,74,0
world,1837,75,0
world,1837,76,0
world,1837,77,0
world,1837,78,0
world,1837,79,0
world,1837,80,0
world,1837,81,0
world,1837,82,0
world,1837,83,0
world,1837,84,0
world,1837,85,0
world,1837,86,0
world,1837,87,0
world,1837,88,0
world,1837,89,0
world,1837,90,0
world,1837,91,0
world,1837,92,0
world,1837,93,0
world,1837,94,0
world,1837,95,0
world,1837,96,0
world,1837,97,0
world,1837,98,0
world,1837,99,0
world,1837,100,0
world,1837,101,0
world,1837,102,0
world,1837,103,0
world,1837,104,0
world,1838,0,0
world,1838,1,0
world,1838,2,1
world,1838,3,84
world,1838,4,736
world,1838,5,4031
world,1838,6,20487
world,1838,7,100315
world,1838,8,402813
world,1838,9,1275661
world,1838,10,3552465
world,1838,11,8986236
world,1838,12,21523489
world,1838,13,47284858
world,1838,14,82288639
world,1838,15,117488963
world,1838,16,149219026
world,1838,17,164538183
world,1838,18,158569152
world,1838,19,134474126
world,1838,20,102865501
world,1838,21,73983240
world,1838,22,51989661
world,1838,23,35455070
world,1838,24,22907168
world,1838,25,13877599
world,1838,26,8236135
world,1838,27,4814106
world,1838,28,2756145
world,1838,29,1503863
world,1838,30,785764
world,1838,31,402493
world,1838,32,207623
world,1838,33,108293
world,1838,34,54790
world,1838,35,25963
world,1838,36,12201
world,1838,37,5909
world,1838,38,2862
world,1838,39,1421
world,1838,40,780
world,1838,41,439
world,1838,42,238
world,1838,43,119
world,1838,44,67
world,1838,45,33
world,1838,46,8
world,1838,47,0
world,1838,48,0
world,1838,49,0
world,1838,50,0
world,1838,51,0
world,1838,52,0
world,1838,53,0
world,1838,54,0
world,1838,55,0
world,1838,56,0
world,1838,57,0
world,1838,58,0
world,1838,59,0
world,1838,60,0
world,1838,61,0
world,1838,62,0
world,1838,63,0
world,1838,64,0
world,1838,65,0
world,1838,66,0
world,1838,67,0
world,1838,68,0
world,1838,69,0
world,1838,70,0
world,1838,71,0
world,1838,72,0
world,1838,73,0
world,1838,74,0
world,1838,75,0
world,1838,76,0
world,1838,77,0
world,1838,78,0
world,1838,79,0
world,1838,80,0
world,1838,81,0
world,1838,82,0
world,1838,83,0
world,1838,84,0
world,1838,85,0
world,1838,86,0
world,1838,87,0
world,1838,88,0
world,1838,89,0
world,1838,90,0
world,1838,91,0
world,1838,92,0
world,1838,93,0
world,1838,94,0
world,1838,95,0
world,1838,96,0
world,1838,97,0
world,1838,98,0
world,1838,99,0
world,1838,100,0
world,1838,101,0
world,1838,102,0
world,1838,103,0
world,1838,104,0
world,1839,0,0
world,1839,1,0
world,1839,2,1
world,1839,3,81
world,1839,4,679
world,1839,5,3812
world,1839,6,20085
world,1839,7,100720
world,1839,8,406613
world,1839,9,1285710
world,1839,10,3574617
world,1839,11,9023564
world,1839,12,21579726
world,1839,13,47359996
world,1839,14,82431005
world,1839,15,117748738
world,1839,16,149557142
world,1839,17,164956492
world,1839,18,159173252
world,1839,19,135307730
world,1839,20,103726820
world,1839,21,74645695
world,1839,22,52426893
world,1839,23,35778774
world,1839,24,23165590
world,1839,25,14033545
world,1839,26,8314628
world,1839,27,4863157
world,1839,28,2785726
world,1839,29,1519023
world,1839,30,794010
world,1839,31,408383
world,1839,32,211947
world,1839,33,111014
world,1839,34,56409
world,1839,35,26901
world,1839,36,12795
world,1839,37,6222
world,1839,38,3003
world,1839,39,1473
world,1839,40,799
world,1839,41,450
world,1839,42,239
world,1839,43,128
world,1839,44,69
world,1839,45,35
world,1839,46,10
world,1839,47,0
world,1839,48,0
world,1839,49,0
world,1839,50,0
world,1839,51,0
world,1839,52,0
world,1839,53,0
world,1839,54,0
world,1839,55,0
world,1839,56,0
world,1839,57,0
world,1839,58,0
world,1839,59,0
world,1839,60,0
world,1839,61,0
world,1839,62,0
world,1839,63,0
world,1839,64,0
world,1839,65,0
world,1839,66,0
world,1839,67,0
world,1839,68,0
world,1839,69,0
world,1839,70,0
world,1839,71,0
world,1839,72,0
world,1839,73,0
world,1839,74,0
world,1839,75,0
world,1839,76,0
world,1839,77,0
world,1839,78,0
world,1839,79,0
world,1839,80,0
world,1839,81,0
world,1839,82,0
world,1839,83,0
world,1839,84,0
world,1839,85,0
world,1839,86,0
world,1839,87,0
world,1839,88,0
world,1839,89,0
world,1839,90,0
world,1839,91,0
world,1839,92,0
world,1839,93,0
world,1839,94,0
world,1839,95,0
world,1839,96,0
world,1839,97,0
world,1839,98,0
world,1839,99,0
world,1839,100,0
world,1839,101,0
world,1839,102,0
world,1839,103,0
world,1839,104,0
world,1840,0,0
world,1840,1,0
world,1840,2,1
world,1840,3,80
world,1840,4,680
world,1840,5,3827
world,1840,6,19605
world,1840,7,95101
world,1840,8,386914
world,1840,9,1245574
world,1840,10,3527769
world,1840,11,8991145
world,1840,12,21636044
world,1840,13,47537128
world,1840,14,82735094
world,1840,15,118143076
world,1840,16,149970581
world,1840,17,165316999
world,1840,18,159608216
world,1840,19,135796780
world,1840,20,104317940
world,1840,21,75317856
world,1840,22,52989390
world,1840,23,36196257
world,1840,24,23480366
world,1840,25,14255847
world,1840,26,8447708
world,1840,27,4942683
world,1840,28,2843196
world,1840,29,1558745
world,1840,30,818696
world,1840,31,421693
world,1840,32,218673
world,1840,33,114590
world,1840,34,58373
world,1840,35,28016
world,1840,36,13302
world,1840,37,6465
world,1840,38,3157
world,1840,39,1557
world,1840,40,844
world,1840,41,479
world,1840,42,252
world,1840,43,131
world,1840,44,69
world,1840,45,36
world,1840,46,10
world,1840,47,0
world,1840,48,0
world,1840,49,0
world,1840,50,0
world,1840,51,0
world,1840,52,0
world,1840,53,0
world,1840,54,0
world,1840,55,0
world,1840,56,0
world,1840,57,0
world,1840,58,0
world,1840,59,0
world,1840,60,0
world,1840,61,0
world,1840,62,0
world,1840,63,0
world,1840,64,0
world,1840,65,0
world,1840,66,0
world,1840,67,0
world,1840,68,0
world,1840,69,0
world,1840,70,0
world,1840,71,0
world,1840,72,0
world,1840,73,0
world,1840,74,0
world,1840,75,0
world,1840,76,0
world,1840,77,0
world,1840,78,0
world,1840,79,0
world,1840,80,0
world,1840,81,0
world,1840,82,0
world,1840,83,0
world,1840,84,0
world,1840,85,0
world,1840,86,0
world,1840,87,0
world,1840,88,0
world,1840,89,0
world,1840,90,0
world,1840,91,0
world,1840,92,0
world,1840,93,0
world,1840,94,0
world,1840,95,0
world,1840,96,0
world,1840,97,0
world,1840,98,0
world,1840,99,0
world,1840,100,0
world,1840,101,0
world,1840,102,0
world,1840,103,0
world,1840,104,0
world,1841,0,0
world,1841,1,0
world,1841,2,1
world,1841,3,80
world,1841,4,676
world,1841,5,3834
world,1841,6,19701
world,1841,7,94910
world,1841,8,382890
world,1841,9,1231509
world,1841,10,3512945
world,1841,11,9002402
world,1841,12,21698978
world,1841,13,47634998
world,1841,14,82849530
world,1841,15,118400142
world,1841,16,150414802
world,1841,17,165843849
world,1841,18,160053438
world,1841,19,136221810
world,1841,20,104785980
world,1841,21,75894624
world,1841,22,53600448
world,1841,23,36731038
world,1841,24,23852938
world,1841,25,14507916
world,1841,26,8587490
world,1841,27,5023669
world,1841,28,2899184
world,1841,29,1605417
world,1841,30,850492
world,1841,31,440943
world,1841,32,230023
world,1841,33,120796
world,1841,34,61767
world,1841,35,29991
world,1841,36,14418
world,1841,37,7048
world,1841,38,3451
world,1841,39,1704
world,1841,40,917
world,1841,41,519
world,1841,42,273
world,1841,43,140
world,1841,44,71
world,1841,45,36
world,1841,46,10
world,1841,47,0
world,1841,48,0
world,1841,49,0
world,1841,50,0
world,1841,51,0
world,1841,52,0
world,1841,53,0
world,1841,54,0
world,1841,55,0
world,1841,56,0
world,1841,57,0
world,1841,58,0
world,1841,59,0
world,1841,60,0
world,1841,61,0
world,1841,62,0
world,1841,63,0
world,1841,64,0
world,1841,65,0
world,1841,66,0
world,1841,67,0
world,1841,68,0
world,1841,69,0
world,1841,70,0
world,1841,71,0
world,1841,72,0
world,1841,73,0
world,1841,74,0
world,1841,75,0
world,1841,76,0
world,1841,77,0
world,1841,78,0
world,1841,79,0
world,1841,80,0
world,1841,81,0
world,1841,82,0
world,1841,83,0
world,1841,84,0
world,1841,85,0
world,1841,86,0
world,1841,87,0
world,1841,88,0
world,1841,89,0
world,1841,90,0
world,1841,91,0
world,1841,92,0
world,1841,93,0
world,1841,94,0
world,1841,95,0
world,1841,96,0
world,1841,97,0
world,1841,98,0
world,1841,99,0
world,1841,100,0
world,1841,101,0
world,1841,102,0
world,1841,103,0
world,1841,104,0
world,1842,0,0
world,1842,1,0
world,1842,2,1
world,1842,3,80
world,1842,4,676
world,1842,5,3838
world,1842,6,19766
world,1842,7,95289
world,1842,8,384566
world,1842,9,1235404
world,1842,10,3519397
world,1842,11,9039309
world,1842,12,21829042
world,1842,13,47955711
world,1842,14,83462557
world,1842,15,119378922
world,1842,16,151776173
world,1842,17,167479818
world,1842,18,161567320
world,1842,19,137288690
world,1842,20,105183564
world,1842,21,75719128
world,1842,22,53054079
world,1842,23,35977798
world,1842,24,23213754
world,1842,25,14144420
world,1842,26,8427256
world,1842,27,4962789
world,1842,28,2897459
world,1842,29,1634639
world,1842,30,883805
world,1842,31,468101
world,1842,32,249464
world,1842,33,133177
world,1842,34,69188
world,1842,35,34400
world,1842,36,16963
world,1842,37,8371
world,1842,38,4061
world,1842,39,1907
world,1842,40,907
world,1842,41,508
world,1842,42,273
world,1842,43,142
world,1842,44,73
world,1842,45,36
world,1842,46,11
world,1842,47,0
world,1842,48,0
world,1842,49,0
world,1842,50,0
world,1842,51,0
world,1842,52,0
world,1842,53,0
world,1842,54,0
world,1842,55,0
world,1842,56,0
world,1842,57,0
world,1842,58,0
world,1842,59,0
world,1842,60,0
world,1842,61,0
world,1842,62,0
world,1842,63,0
world,1842,64,0
world,1842,65,0
world,1842,66,0
world,1842,67,0
world,1842,68,0
world,1842,69,0
world,1842,70,0
world,1842,71,0
world,1842,72,0
world,1842,73,0
world,1842,74,0
world,1842,75,0
world,1842,76,0
world,1842,77,0
world,1842,78,0
world,1842,79,0
world,1842,80,0
world,1842,81,0
world,1842,82,0
world,1842,83,0
world,1842,84,0
world,1842,85,0
world,1842,86,0
world,1842,87,0
world,1842,88,0
world,1842,89,0
world,1842,90,0
world,1842,91,0
world,1842,92,0
world,1842,93,0
world,1842,94,0
world,1842,95,0
world,1842,96,0
world,1842,97,0
world,1842,98,0
world,1842,99,0
world,1842,100,0
world,1842,101,0
world,1842,102,0
world,1842,103,0
world,1842,104,0
world,1843,0,0
world,1843,1,0
world,1843,2,1
world,1843,3,80
world,1843,4,675
world,1843,5,3859
world,1843,6,20348
world,1843,7,101178
world,1843,8,407076
world,1843,9,1288281
world,1843,10,3603187
world,1843,11,9165679
world,1843,12,21987188
world,1843,13,48166855
world,1843,14,83750974
world,1843,15,119808971
world,1843,16,152337954
world,1843,17,168188872
world,1843,18,162331440
world,1843,19,137743073
world,1843,20,105163322
world,1843,21,75543069
world,1843,22,53014884
world,1843,23,36178733
world,1843,24,23597803
world,1843,25,14512207
world,1843,26,8750913
world,1843,27,5179510
world,1843,28,3025279
world,1843,29,1710814
world,1843,30,931967
world,1843,31,496514
world,1843,32,265709
world,1843,33,142867
world,1843,34,74739
world,1843,35,37408
world,1843,36,18604
world,1843,37,9274
world,1843,38,4525
world,1843,39,2142
world,1843,40,968
world,1843,41,522
world,1843,42,285
world,1843,43,139
world,1843,44,74
world,1843,45,37
world,1843,46,12
world,1843,47,0
world,1843,48,0
world,1843,49,0
world,1843,50,0
world,1843,51,0
world,1843,52,0
world,1843,53,0
world,1843,54,0
world,1843,55,0
world,1843,56,0
world,1843,57,0
world,1843,58,0
world,1843,59,0
world,1843,60,0
world,1843,61,0
world,1843,62,0
world,1843,63,0
world,1843,64,0
world,1843,65,0
world,1843,66,0
world,1843,67,0
world,1843,68,0
world,1843,69,0
world,1843,70,0
world,1843,71,0
world,1843,72,0
world,1843,73,0
world,1843,74,0
world,1843,75,0
world,1843,76,0
world,1843,77,0
world,1843,78,0
world,1843,79,0
world,1843,80,0
world,1843,81,0
world,1843,82,0
world,1843,83,0
world,1843,84,0
world,1843,85,0
world,1843,86,0
world,1843,87,0
world,1843,88,0
world,1843,89,0
world,1843,90,0
world,1843,91,0
world,1843,92,0
world,1843,93,0
world,1843,94,0
world,1843,95,0
world,1843,96,0
world,1843,97,0
world,1843,98,0
world,1843,99,0
world,1843,100,0
world,1843,101,0
world,1843,102,0
world,1843,103,0
world,1843,104,0
world,1844,0,0
world,1844,1,0
world,1844,2,1
world,1844,3,78
world,1844,4,628
world,1844,5,3528
world,1844,6,19589
world,1844,7,105129
world,1844,8,429699
world,1844,9,1347599
world,1844,10,3708744
world,1844,11,9315400
world,1844,12,22138848
world,1844,13,48333650
world,1844,14,83925287
world,1844,15,120035227
world,1844,16,152598551
world,1844,17,168422348
world,1844,18,162473998
world,1844,19,137816576
world,1844,20,105073888
world,1844,21,75477407
world,1844,22,53336639
world,1844,23,36825985
world,1844,24,24400070
world,1844,25,15234463
world,1844,26,9291167
world,1844,27,5536470
world,1844,28,3246669
world,1844,29,1840478
world,1844,30,1006441
world,1844,31,539478
world,1844,32,289654
world,1844,33,156143
world,1844,34,82183
world,1844,35,41468
world,1844,36,20831
world,1844,37,10443
world,1844,38,5084
world,1844,39,2389
world,1844,40,1026
world,1844,41,519
world,1844,42,284
world,1844,43,138
world,1844,44,79
world,1844,45,38
world,1844,46,13
world,1844,47,0
world,1844,48,0
world,1844,49,0
world,1844,50,0
world,1844,51,0
world,1844,52,0
world,1844,53,0
world,1844,54,0
world,1844,55,0
world,1844,56,0
world,1844,57,0
world,1844,58,0
world,1844,59,0
world,1844,60,0
world,1844,61,0
world,1844,62,0
world,1844,63,0
world,1844,64,0
world,1844,65,0
world,1844,66,0
world,1844,67,0
world,1844,68,0
world,1844,69,0
world,1844,70,0
world,1844,71,0
world,1844,72,0
world,1844,73,0
world,1844,74,0
world,1844,75,0
world,1844,76,0
world,1844,77,0
world,1844,78,0
world,1844,79,0
world,1844,80,0
world,1844,81,0
world,1844,82,0
world,1844,83,0
world,1844,84,0
world,1844,85,0
world,1844,86,0
world,1844,87,0
world,1844,88,0
world,1844,89,0
world,1844,90,0
world,1844,91,0
world,1844,92,0
world,1844,93,0
world,1844,94,0
world,1844,95,0
world,1844,96,0
world,1844,97,0
world,1844,98,0
world,1844,99,0
world,1844,100,0
world,1844,101,0
world,1844,102,0
world,1844,103,0
world,1844,104,0
world,1845,0,0
world,1845,1,0
world,1845,2,1
world,1845,3,78
world,1845,4,629
world,1845,5,3558
world,1845,6,21646
world,1845,7,121671
world,1845,8,481134
world,1845,9,1442581
world,1845,10,3831927
world,1845,11,9495402
world,1845,12,22351798
world,1845,13,48577888
world,1845,14,84199520
world,1845,15,120393145
world,1845,16,153048768
world,1845,17,168926251
world,1845,18,162919145
world,1845,19,138187766
world,1845,20,105395952
world,1845,21,75815906
world,1845,22,53742975
world,1845,23,37243483
world,1845,24,24763449
world,1845,25,15491910
world,1845,26,9424200
world,1845,27,5591485
world,1845,28,3265345
world,1845,29,1840908
world,1845,30,999176
world,1845,31,531783
world,1845,32,283385
world,1845,33,151929
world,1845,34,79729
world,1845,35,40070
world,1845,36,20012
world,1845,37,9981
world,1845,38,4810
world,1845,39,2240
world,1845,40,937
world,1845,41,495
world,1845,42,274
world,1845,43,132
world,1845,44,79
world,1845,45,38
world,1845,46,14
world,1845,47,0
world,1845,48,0
world,1845,49,0
world,1845,50,0
world,1845,51,0
world,1845,52,0
world,1845,53,0
world,1845,54,0
world,1845,55,0
world,1845,56,0
world,1845,57,0
world,1845,58,0
world,1845,59,0
world,1845,60,0
world,1845,61,0
world,1845,62,0
world,1845,63,0
world,1845,64,0
world,1845,65,0
world,1845,66,0
world,1845,67,0
world,1845,68,0
world,1845,69,0
world,1845,70,0
world,1845,71,0
world,1845,72,0
world,1845,73,0
world,1845,74,0
world,1845,75,0
world,1845,76,0
world,1845,77,0
world,1845,78,0
world,1845,79,0
world,1845,80,0
world,1845,81,0
world,1845,82,0
world,1845,83,0
world,1845,84,0
world,1845,85,0
world,1845,86,0
world,1845,87,0
world,1845,88,0
world,1845,89,0
world,1845,90,0
world,1845,91,0
world,1845,92,0
world,1845,93,0
world,1845,94,0
world,1845,95,0
world,1845,96,0
world,1845,97,0
world,1845,98,0
world,1845,99,0
world,1845,100,0
world,1845,101,0
world,1845,102,0
world,1845,103,0
world,1845,104,0
world,1846,0,0
world,1846,1,0
world,1846,2,1
world,1846,3,77
world,1846,4,628
world,1846,5,3626
world,1846,6,23273
world,1846,7,132892
world,1846,8,514417
world,1846,9,1499660
world,1846,10,3904114
world,1846,11,9594861
world,1846,12,22485590
world,1846,13,48767786
world,1846,14,84426084
world,1846,15,120736239
world,1846,16,153575160
world,1846,17,169670041
world,1846,18,163765996
world,1846,19,138923528
world,1846,20,105872459
world,1846,21,76097896
world,1846,22,53916063
world,1846,23,37400872
world,1846,24,24940301
world,1846,25,15632771
world,1846,26,9529734
world,1846,27,5664180
world,1846,28,3305862
world,1846,29,1862729
world,1846,30,1010345
world,1846,31,538083
world,1846,32,286961
world,1846,33,153964
world,1846,34,80746
world,1846,35,40558
world,1846,36,20286
world,1846,37,10149
world,1846,38,4902
world,1846,39,2289
world,1846,40,961
world,1846,41,506
world,1846,42,278
world,1846,43,136
world,1846,44,81
world,1846,45,38
world,1846,46,14
world,1846,47,0
world,1846,48,0
world,1846,49,0
world,1846,50,0
world,1846,51,0
world,1846,52,0
world,1846,53,0
world,1846,54,0
world,1846,55,0
world,1846,56,0
world,1846,57,0
world,1846,58,0
world,1846,59,0
world,1846,60,0
world,1846,61,0
world,1846,62,0
world,1846,63,0
world,1846,64,0
world,1846,65,0
world,1846,66,0
world,1846,67,0
world,1846,68,0
world,1846,69,0
world,1846,70,0
world,1846,71,0
world,1846,72,0
world,1846,73,0
world,1846,74,0
world,1846,75,0
world,1846,76,0
world,1846,77,0
world,1846,78,0
world,1846,79,0
world,1846,80,0
world,1846,81,0
world,1846,82,0
world,1846,83,0
world,1846,84,0
world,1846,85,0
world,1846,86,0
world,1846,87,0
world,1846,88,0
world,1846,89,0
world,1846,90,0
world,1846,91,0
world,1846,92,0
world,1846,93,0
world,1846,94,0
world,1846,95,0
world,1846,96,0
world,1846,97,0
world,1846,98,0
world,1846,99,0
world,1846,100,0
world,1846,101,0
world,1846,102,0
world,1846,103,0
world,1846,104,0
world,1847,0,0
world,1847,1,0
world,1847,2,1
world,1847,3,76
world,1847,4,625
world,1847,5,3699
world,1847,6,25319
world,1847,7,145566
world,1847,8,551715
world,1847,9,1561343
world,1847,10,3981581
world,1847,11,9673483
world,1847,12,22519351
world,1847,13,48742034
world,1847,14,84377932
world,1847,15,120766947
world,1847,16,153740200
world,1847,17,169898064
world,1847,18,164190792
world,1847,19,139523356
world,1847,20,106539284
world,1847,21,76749936
world,1847,22,54526788
world,1847,23,37950032
world,1847,24,25375332
world,1847,25,15998566
world,1847,26,9824604
world,1847,27,5882156
world,1847,28,3433040
world,1847,29,1935198
world,1847,30,1055181
world,1847,31,566151
world,1847,32,303632
world,1847,33,163377
world,1847,34,85745
world,1847,35,43162
world,1847,36,21761
world,1847,37,11027
world,1847,38,5403
world,1847,39,2552
world,1847,40,1099
world,1847,41,516
world,1847,42,286
world,1847,43,138
world,1847,44,85
world,1847,45,40
world,1847,46,16
world,1847,47,0
world,1847,48,0
world,1847,49,0
world,1847,50,0
world,1847,51,0
world,1847,52,0
world,1847,53,0
world,1847,54,0
world,1847,55,0
world,1847,56,0
world,1847,57,0
world,1847,58,0
world,1847,59,0
world,1847,60,0
world,1847,61,0
world,1847,62,0
world,1847,63,0
world,1847,64,0
world,1847,65,0
world,1847,66,0
world,1847,67,0
world,1847,68,0
world,1847,69,0
world,1847,70,0
world,1847,71,0
world,1847,72,0
world,1847,73,0
world,1847,74,0
world,1847,75,0
world,1847,76,0
world,1847,77,0
world,1847,78,0
world,1847,79,0
world,1847,80,0
world,1847,81,0
world,1847,82,0
world,1847,83,0
world,1847,84,0
world,1847,85,0
world,1847,86,0
world,1847,87,0
world,1847,88,0
world,1847,89,0
world,1847,90,0
world,1847,91,0
world,1847,92,0
world,1847,93,0
world,1847,94,0
world,1847,95,0
world,1847,96,0
world,1847,97,0
world,1847,98,0
world,1847,99,0
world,1847,100,0
world,1847,101,0
world,1847,102,0
world,1847,103,0
world,1847,104,0
world,1848,0,0
world,1848,1,0
world,1848,2,1
world,1848,3,76
world,1848,4,624
world,1848,5,3555
world,1848,6,21943
world,1848,7,124307
world,1848,8,490960
world,1848,9,1456522
world,1848,10,3841676
world,1848,11,9533166
world,1848,12,22482103
world,1848,13,48899324
world,1848,14,84784029
world,1848,15,121383629
world,1848,16,154433010
world,1848,17,170485625
world,1848,18,164520024
world,1848,19,139825341
world,1848,20,106952872
world,1848,21,77295026
world,1848,22,55160472
world,1848,23,38506262
world,1848,24,25801886
world,1848,25,16308957
world,1848,26,9991525
world,1848,27,5976487
world,1848,28,3503004
world,1848,29,1978094
world,1848,30,1073529
world,1848,31,572562
world,1848,32,304519
world,1848,33,162765
world,1848,34,85278
world,1848,35,42919
world,1848,36,21615
world,1848,37,10936
world,1848,38,5364
world,1848,39,2538
world,1848,40,1103
world,1848,41,569
world,1848,42,321
world,1848,43,158
world,1848,44,87
world,1848,45,40
world,1848,46,17
world,1848,47,0
world,1848,48,0
world,1848,49,0
world,1848,50,0
world,1848,51,0
world,1848,52,0
world,1848,53,0
world,1848,54,0
world,1848,55,0
world,1848,56,0
world,1848,57,0
world,1848,58,0
world,1848,59,0
world,1848,60,0
world,1848,61,0
world,1848,62,0
world,1848,63,0
world,1848,64,0
world,1848,65,0
world,1848,66,0
world,1848,67,0
world,1848,68,0
world,1848,69,0
world,1848,70,0
world,1848,71,0
world,1848,72,0
world,1848,73,0
world,1848,74,0
world,1848,75,0
world,1848,76,0
world,1848,77,0
world,1848,78,0
world,1848,79,0
world,1848,80,0
world,1848,81,0
world,1848,82,0
world,1848,83,0
world,1848,84,0
world,1848,85,0
world,1848,86,0
world,1848,87,0
world,1848,88,0
world,1848,89,0
world,1848,90,0
world,1848,91,0
world,1848,92,0
world,1848,93,0
world,1848,94,0
world,1848,95,0
world,1848,96,0
world,1848,97,0
world,1848,98,0
world,1848,99,0
world,1848,100,0
world,1848,101,0
world,1848,102,0
world,1848,103,0
world,1848,104,0
world,1849,0,0
world,1849,1,0
world,1849,2,1
world,1849,3,73
world,1849,4,587
world,1849,5,3547
world,1849,6,25118
world,1849,7,147029
world,1849,8,559920
world,1849,9,1580020
world,1849,10,4012734
world,1849,11,9728932
world,1849,12,22637632
world,1849,13,48968311
world,1849,14,84722319
world,1849,15,121288084
world,1849,16,154361671
world,1849,17,170430038
world,1849,18,164507794
world,1849,19,140010120
world,1849,20,107435597
world,1849,21,78024253
world,1849,22,55969083
world,1849,23,39323162
world,1849,24,26448278
world,1849,25,16738300
world,1849,26,10240268
world,1849,27,6103397
world,1849,28,3557144
world,1849,29,2002542
world,1849,30,1085700
world,1849,31,577288
world,1849,32,306502
world,1849,33,163673
world,1849,34,86004
world,1849,35,43555
world,1849,36,22025
world,1849,37,11147
world,1849,38,5481
world,1849,39,2612
world,1849,40,1140
world,1849,41,565
world,1849,42,329
world,1849,43,168
world,1849,44,89
world,1849,45,41
world,1849,46,17
world,1849,47,0
world,1849,48,0
world,1849,49,0
world,1849,50,0
world,1849,51,0
world,1849,52,0
world,1849,53,0
world,1849,54,0
world,1849,55,0
world,1849,56,0
world,1849,57,0
world,1849,58,0
world,1849,59,0
world,1849,60,0
world,1849,61,0
world,1849,62,0
world,1849,63,0
world,1849,64,0
world,1849,65,0
world,1849,66,0
world,1849,67,0
world,1849,68,0
world,1849,69,0
world,1849,70,0
world,1849,71,0
world,1849,72,0
world,1849,73,0
world,1849,74,0
world,1849,75,0
world,1849,76,0
world,1849,77,0
world,1849,78,0
world,1849,79,0
world,1849,80,0
world,1849,81,0
world,1849,82,0
world,1849,83,0
world,1849,84,0
world,1849,85,0
world,1849,86,0
world,1849,87,0
world,1849,88,0
world,1849,89,0
world,1849,90,0
world,1849,91,0
world,1849,92,0
world,1849,93,0
world,1849,94,0
world,1849,95,0
world,1849,96,0
world,1849,97,0
world,1849,98,0
world,1849,99,0
world,1849,100,0
world,1849,101,0
world,1849,102,0
world,1849,103,0
world,1849,104,0
world,1850,0,0
world,1850,1,0
world,1850,2,1
world,1850,3,75
world,1850,4,588
world,1850,5,3702
world,1850,6,27923
world,1850,7,161329
world,1850,8,595395
world,1850,9,1624510
world,1850,10,4049425
world,1850,11,9741441
world,1850,12,22603038
world,1850,13,48856746
world,1850,14,84530868
world,1850,15,121083625
world,1850,16,154254042
world,1850,17,170508225
world,1850,18,164866471
world,1850,19,140625527
world,1850,20,108199419
world,1850,21,78786192
world,1850,22,56621992
world,1850,23,39833813
world,1850,24,26839022
world,1850,25,17007169
world,1850,26,10404916
world,1850,27,6205845
world,1850,28,3617701
world,1850,29,2039409
world,1850,30,1107206
world,1850,31,590088
world,1850,32,314206
world,1850,33,167948
world,1850,34,87976
world,1850,35,44327
world,1850,36,22389
world,1850,37,11402
world,1850,38,5622
world,1850,39,2682
world,1850,40,1173
world,1850,41,585
world,1850,42,337
world,1850,43,178
world,1850,44,91
world,1850,45,42
world,1850,46,17
world,1850,47,0
world,1850,48,0
world,1850,49,0
world,1850,50,0
world,1850,51,0
world,1850,52,0
world,1850,53,0
world,1850,54,0
world,1850,55,0
world,1850,56,0
world,1850,57,0
world,1850,58,0
world,1850,59,0
world,1850,60,0
world,1850,61,0
world,1850,62,0
world,1850,63,0
world,1850,64,0
world,1850,65,0
world,1850,66,0
world,1850,67,0
world,1850,68,0
world,1850,69,0
world,1850,70,0
world,1850,71,0
world,1850,72,0
world,1850,73,0
world,1850,74,0
world,1850,75,0
world,1850,76,0
world,1850,77,0
world,1850,78,0
world,1850,79,0
world,1850,80,0
world,1850,81,0
world,1850,82,0
world,1850,83,0
world,1850,84,0
world,1850,85,0
world,1850,86,0
world,1850,87,0
world,1850,88,0
world,1850,89,0
world,1850,90,0
world,1850,91,0
world,1850,92,0
world,1850,93,0
world,1850,94,0
world,1850,95,0
world,1850,96,0
world,1850,97,0
world,1850,98,0
world,1850,99,0
world,1850,100,0
world,1850,101,0
world,1850,102,0
world,1850,103,0
world,1850,104,0
world,1851,0,0
world,1851,1,0
world,1851,2,1
world,1851,3,75
world,1851,4,589
world,1851,5,3472
world,1851,6,24452
world,1851,7,145052
world,1851,8,554382
world,1851,9,1562826
world,1851,10,3961583
world,1851,11,9606934
world,1851,12,22398400
world,1851,13,48587894
world,1851,14,84223416
world,1851,15,120773254
world,1851,16,154021529
world,1851,17,170385805
world,1851,18,164980632
world,1851,19,141032511
world,1851,20,108783558
world,1851,21,79345542
world,1851,22,57168091
world,1851,23,40371736
world,1851,24,27355766
world,1851,25,17473538
world,1851,26,10747291
world,1851,27,6454533
world,1851,28,3783042
world,1851,29,2142105
world,1851,30,1161917
world,1851,31,618808
world,1851,32,328243
world,1851,33,174918
world,1851,34,91832
world,1851,35,46519
world,1851,36,23611
world,1851,37,12011
world,1851,38,5950
world,1851,39,2856
world,1851,40,1263
world,1851,41,630
world,1851,42,350
world,1851,43,186
world,1851,44,91
world,1851,45,42
world,1851,46,17
world,1851,47,0
world,1851,48,0
world,1851,49,0
world,1851,50,0
world,1851,51,0
world,1851,52,0
world,1851,53,0
world,1851,54,0
world,1851,55,0
world,1851,56,0
world,1851,57,0
world,1851,58,0
world,1851,59,0
world,1851,60,0
world,1851,61,0
world,1851,62,0
world,1851,63,0
world,1851,64,0
world,1851,65,0
world,1851,66,0
world,1851,67,0
world,1851,68,0
world,1851,69,0
world,1851,70,0
world,1851,71,0
world,1851,72,0
world,1851,73,0
world,1851,74,0
world,1851,75,0
world,1851,76,0
world,1851,77,0
world,1851,78,0
world,1851,79,0
world,1851,80,0
world,1851,81,0
world,1851,82,0
world,1851,83,0
world,1851,84,0
world,1851,85,0
world,1851,86,0
world,1851,87,0
world,1851,88,0
world,1851,89,0
world,1851,90,0
world,1851,91,0
world,1851,92,0
world,1851,93,0
world,1851,94,0
world,1851,95,0
world,1851,96,0
world,1851,97,0
world,1851,98,0
world,1851,99,0
world,1851,100,0
world,1851,101,0
world,1851,102,0
world,1851,103,0
world,1851,104,0
world,1852,0,0
world,1852,1,0
world,1852,2,0
world,1852,3,60
world,1852,4,528
world,1852,5,3493
world,1852,6,27104
world,1852,7,159611
world,1852,8,594428
world,1852,9,1624097
world,1852,10,4033853
world,1852,11,9670184
world,1852,12,22369081
world,1852,13,48302113
world,1852,14,83649996
world,1852,15,120038969
world,1852,16,153255105
world,1852,17,169706531
world,1852,18,164615629
world,1852,19,141016105
world,1852,20,109145541
world,1852,21,80068134
world,1852,22,57989016
world,1852,23,41184547
world,1852,24,28121912
world,1852,25,18109391
world,1852,26,11180354
world,1852,27,6764866
world,1852,28,3967465
world,1852,29,2266904
world,1852,30,1237700
world,1852,31,659495
world,1852,32,351413
world,1852,33,187686
world,1852,34,98585
world,1852,35,50075
world,1852,36,25432
world,1852,37,12931
world,1852,38,6457
world,1852,39,3117
world,1852,40,1402
world,1852,41,647
world,1852,42,362
world,1852,43,187
world,1852,44,89
world,1852,45,41
world,1852,46,17
world,1852,47,0
world,1852,48,0
world,1852,49,0
world,1852,50,0
world,1852,51,0
world,1852,52,0
world,1852,53,0
world,1852,54,0
world,1852,55,0
world,1852,56,0
world,1852,57,0
world,1852,58,0
world,1852,59,0
world,1852,60,0
world,1852,61,0
world,1852,62,0
world,1852,63,0
world,1852,64,0
world,1852,65,0
world,1852,66,0
world,1852,67,0
world,1852,68,0
world,1852,69,0
world,1852,70,0
world,1852,71,0
world,1852,72,0
world,1852,73,0
world,1852,74,0
world,1852,75,0
world,1852,76,0
world,1852,77,0
world,1852,78,0
world,1852,79,0
world,1852,80,0
world,1852,81,0
world,1852,82,0
world,1852,83,0
world,1852,84,0
world,1852,85,0
world,1852,86,0
world,1852,87,0
world,1852,88,0
world,1852,89,0
world,1852,90,0
world,1852,91,0
world,1852,92,0
world,1852,93,0
world,1852,94,0
world,1852,95,0
world,1852,96,0
world,1852,97,0
world,1852,98,0
world,1852,99,0
world,1852,100,0
world,1852,101,0
world,1852,102,0
world,1852,103,0
world,1852,104,0
world,1853,0,0
world,1853,1,0
world,1853,2,0
world,1853,3,61
world,1853,4,531
world,1853,5,3381
world,1853,6,24648
world,1853,7,146963
world,1853,8,562581
world,1853,9,1576421
world,1853,10,3935542
world,1853,11,9411338
world,1853,12,21525543
world,1853,13,46543439
world,1853,14,81855248
world,1853,15,118379225
world,1853,16,152217178
world,1853,17,170041313
world,1853,18,165966396
world,1853,19,142948184
world,1853,20,110715272
world,1853,21,81109034
world,1853,22,58609217
world,1853,23,41657560
world,1853,24,28635789
world,1853,25,18578824
world,1853,26,11481055
world,1853,27,6920455
world,1853,28,4039497
world,1853,29,2305110
world,1853,30,1265937
world,1853,31,671614
world,1853,32,356777
world,1853,33,192427
world,1853,34,102076
world,1853,35,52146
world,1853,36,26440
world,1853,37,13342
world,1853,38,6593
world,1853,39,3157
world,1853,40,1397
world,1853,41,684
world,1853,42,377
world,1853,43,208
world,1853,44,94
world,1853,45,41
world,1853,46,17
world,1853,47,0
world,1853,48,0
world,1853,49,0
world,1853,50,0
world,1853,51,0
world,1853,52,0
world,1853,53,0
world,1853,54,0
world,1853,55,0
world,1853,56,0
world,1853,57,0
world,1853,58,0
world,1853,59,0
world,1853,60,0
world,1853,61,0
world,1853,62,0
world,1853,63,0
world,1853,64,0
world,1853,65,0
world,1853,66,0
world,1853,67,0
world,1853,68,0
world,1853,69,0
world,1853,70,0
world,1853,71,0
world,1853,72,0
world,1853,73,0
world,1853,74,0
world,1853,75,0
world,1853,76,0
world,1853,77,0
world,1853,78,0
world,1853,79,0
world,1853,80,0
world,1853,81,0
world,1853,82,0
world,1853,83,0
world,1853,84,0
world,1853,85,0
world,1853,86,0
world,1853,87,0
world,1853,88,0
world,1853,89,0
world,1853,90,0
world,1853,91,0
world,1853,92,0
world,1853,93,0
world,1853,94,0
world,1853,95,0
world,1853,96,0
world,1853,97,0
world,1853,98,0
world,1853,99,0
world,1853,100,0
world,1853,101,0
world,1853,102,0
world,1853,103,0
world,1853,104,0
world,1854,0,0
world,1854,1,0
world,1854,2,0
world,1854,3,60
world,1854,4,504
world,1854,5,3402
world,1854,6,27091
world,1854,7,161541
world,1854,8,605401
world,1854,9,1661277
world,1854,10,4105827
world,1854,11,9697515
world,1854,12,21921256
world,1854,13,46865444
world,1854,14,81842598
world,1854,15,118245752
world,1854,16,151645811
world,1854,17,169018905
world,1854,18,164777654
world,1854,19,142098248
world,1854,20,110420008
world,1854,21,81303342
world,1854,22,59121644
world,1854,23,42400148
world,1854,24,29414711
world,1854,25,19277617
world,1854,26,11985659
world,1854,27,7264856
world,1854,28,4242276
world,1854,29,2425568
world,1854,30,1336759
world,1854,31,710171
world,1854,32,375923
world,1854,33,201906
world,1854,34,107220
world,1854,35,55129
world,1854,36,28123
world,1854,37,14218
world,1854,38,7058
world,1854,39,3392
world,1854,40,1516
world,1854,41,696
world,1854,42,382
world,1854,43,215
world,1854,44,95
world,1854,45,41
world,1854,46,17
world,1854,47,0
world,1854,48,0
world,1854,49,0
world,1854,50,0
world,1854,51,0
world,1854,52,0
world,1854,53,0
world,1854,54,0
world,1854,55,0
world,1854,56,0
world,1854,57,0
world,1854,58,0
world,1854,59,0
world,1854,60,0
world,1854,61,0
world,1854,62,0
world,1854,63,0
world,1854,64,0
world,1854,65,0
world,1854,66,0
world,1854,67,0
world,1854,68,0
world,1854,69,0
world,1854,70,0
world,1854,71,0
world,1854,72,0
world,1854,73,0
world,1854,74,0
world,1854,75,0
world,1854,76,0
world,1854,77,0
world,1854,78,0
world,1854,79,0
world,1854,80,0
world,1854,81,0
world,1854,82,0
world,1854,83,0
world,1854,84,0
world,1854,85,0
world,1854,86,0
world,1854,87,0
world,1854,88,0
world,1854,89,0
world,1854,90,0
world,1854,91,0
world,1854,92,0
world,1854,93,0
world,1854,94,0
world,1854,95,0
world,1854,96,0
world,1854,97,0
world,1854,98,0
world,1854,99,0
world,1854,100,0
world,1854,101,0
world,1854,102,0
world,1854,103,0
world,1854,104,0
world,1855,0,0
world,1855,1,0
world,1855,2,0
world,1855,3,60
world,1855,4,509
world,1855,5,3287
world,1855,6,24568
world,1855,7,148730
world,1855,8,573758
world,1855,9,1623137
world,1855,10,4074683
world,1855,11,9744172
world,1855,12,22161510
world,1855,13,47303078
world,1855,14,82299573
world,1855,15,118820540
world,1855,16,151933047
world,1855,17,169198237
world,1855,18,164659360
world,1855,19,141905988
world,1855,20,110268048
world,1855,21,81453560
world,1855,22,59374160
world,1855,23,42503583
world,1855,24,29312055
world,1855,25,19086757
world,1855,26,11846605
world,1855,27,7181477
world,1855,28,4216359
world,1855,29,2418866
world,1855,30,1334093
world,1855,31,712026
world,1855,32,379057
world,1855,33,203838
world,1855,34,107652
world,1855,35,55021
world,1855,36,28224
world,1855,37,14419
world,1855,38,7199
world,1855,39,3468
world,1855,40,1563
world,1855,41,751
world,1855,42,417
world,1855,43,232
world,1855,44,103
world,1855,45,43
world,1855,46,19
world,1855,47,0
world,1855,48,0
world,1855,49,0
world,1855,50,0
world,1855,51,0
world,1855,52,0
world,1855,53,0
world,1855,54,0
world,1855,55,0
world,1855,56,0
world,1855,57,0
world,1855,58,0
world,1855,59,0
world,1855,60,0
world,1855,61,0
world,1855,62,0
world,1855,63,0
world,1855,64,0
world,1855,65,0
world,1855,66,0
world,1855,67,0
world,1855,68,0
world,1855,69,0
world,1855,70,0
world,1855,71,0
world,1855,72,0
world,1855,73,0
world,1855,74,0
world,1855,75,0
world,1855,76,0
world,1855,77,0
world,1855,78,0
world,1855,79,0
world,1855,80,0
world,1855,81,0
world,1855,82,0
world,1855,83,0
world,1855,84,0
world,1855,85,0
world,1855,86,0
world,1855,87,0
world,1855,88,0
world,1855,89,0
world,1855,90,0
world,1855,91,0
world,1855,92,0
world,1855,93,0
world,1855,94,0
world,1855,95,0
world,1855,96,0
world,1855,97,0
world,1855,98,0
world,1855,99,0
world,1855,100,0
world,1855,101,0
world,1855,102,0
world,1855,103,0
world,1855,104,0
world,1856,0,0
world,1856,1,0
world,1856,2,0
world,1856,3,60
world,1856,4,514
world,1856,5,3013
world,1856,6,18721
world,1856,7,112263
world,1856,8,469353
world,1856,9,1441999
world,1856,10,3833161
world,1856,11,9460137
world,1856,12,21936707
world,1856,13,47163781
world,1856,14,82276254
world,1856,15,118866543
world,1856,16,151869486
world,1856,17,168810928
world,1856,18,163796882
world,1856,19,141057028
world,1856,20,109888959
world,1856,21,81761998
world,1856,22,60179653
world,1856,23,43551680
world,1856,24,30401802
world,1856,25,19988696
world,1856,26,12449012
world,1856,27,7545833
world,1856,28,4399133
world,1856,29,2508382
world,1856,30,1377135
world,1856,31,727892
world,1856,32,383478
world,1856,33,204905
world,1856,34,108097
world,1856,35,55351
world,1856,36,28265
world,1856,37,14302
world,1856,38,7147
world,1856,39,3514
world,1856,40,1632
world,1856,41,781
world,1856,42,432
world,1856,43,243
world,1856,44,112
world,1856,45,43
world,1856,46,20
world,1856,47,0
world,1856,48,0
world,1856,49,0
world,1856,50,0
world,1856,51,0
world,1856,52,0
world,1856,53,0
world,1856,54,0
world,1856,55,0
world,1856,56,0
world,1856,57,0
world,1856,58,0
world,1856,59,0
world,1856,60,0
world,1856,61,0
world,1856,62,0
world,1856,63,0
world,1856,64,0
world,1856,65,0
world,1856,66,0
world,1856,67,0
world,1856,68,0
world,1856,69,0
world,1856,70,0
world,1856,71,0
world,1856,72,0
world,1856,73,0
world,1856,74,0
world,1856,75,0
world,1856,76,0
world,1856,77,0
world,1856,78,0
world,1856,79,0
world,1856,80,0
world,1856,81,0
world,1856,82,0
world,1856,83,0
world,1856,84,0
world,1856,85,0
world,1856,86,0
world,1856,87,0
world,1856,88,0
world,1856,89,0
world,1856,90,0
world,1856,91,0
world,1856,92,0
world,1856,93,0
world,1856,94,0
world,1856,95,0
world,1856,96,0
world,1856,97,0
world,1856,98,0
world,1856,99,0
world,1856,100,0
world,1856,101,0
world,1856,102,0
world,1856,103,0
world,1856,104,0
world,1857,0,0
world,1857,1,0
world,1857,2,0
world,1857,3,60
world,1857,4,520
world,1857,5,3137
world,1857,6,21817
world,1857,7,134647
world,1857,8,539058
world,1857,9,1575649
world,1857,10,4030295
world,1857,11,9745580
world,1857,12,22200307
world,1857,13,47159775
world,1857,14,81699651
world,1857,15,117649954
world,1857,16,150295553
world,1857,17,167317492
world,1857,18,162841915
world,1857,19,140932247
world,1857,20,110710042
world,1857,21,83181228
world,1857,22,61571403
world,1857,23,44718397
world,1857,24,31224419
world,1857,25,20489108
world,1857,26,12732142
world,1857,27,7724855
world,1857,28,4512149
world,1857,29,2568379
world,1857,30,1404917
world,1857,31,742672
world,1857,32,390310
world,1857,33,206615
world,1857,34,107721
world,1857,35,54584
world,1857,36,27900
world,1857,37,14157
world,1857,38,7122
world,1857,39,3533
world,1857,40,1704
world,1857,41,803
world,1857,42,451
world,1857,43,250
world,1857,44,111
world,1857,45,43
world,1857,46,20
world,1857,47,0
world,1857,48,0
world,1857,49,0
world,1857,50,0
world,1857,51,0
world,1857,52,0
world,1857,53,0
world,1857,54,0
world,1857,55,0
world,1857,56,0
world,1857,57,0
world,1857,58,0
world,1857,59,0
world,1857,60,0
world,1857,61,0
world,1857,62,0
world,1857,63,0
world,1857,64,0
world,1857,65,0
world,1857,66,0
world,1857,67,0
world,1857,68,0
world,1857,69,0
world,1857,70,0
world,1857,71,0
world,1857,72,0
world,1857,73,0
world,1857,74,0
world,1857,75,0
world,1857,76,0
world,1857,77,0
world,1857,78,0
world,1857,79,0
world,1857,80,0
world,1857,81,0
world,1857,82,0
world,1857,83,0
world,1857,84,0
world,1857,85,0
world,1857,86,0
world,1857,87,0
world,1857,88,0
world,1857,89,0
world,1857,90,0
world,1857,91,0
world,1857,92,0
world,1857,93,0
world,1857,94,0
world,1857,95,0
world,1857,96,0
world,1857,97,0
world,1857,98,0
world,1857,99,0
world,1857,100,0
world,1857,101,0
world,1857,102,0
world,1857,103,0
world,1857,104,0
world,1858,0,0
world,1858,1,0
world,1858,2,0
world,1858,3,62
world,1858,4,525
world,1858,5,3073
world,1858,6,18076
world,1858,7,105266
world,1858,8,449253
world,1858,9,1410281
world,1858,10,3785016
world,1858,11,9332305
world,1858,12,21342174
world,1858,13,45537248
world,1858,14,80093517
world,1858,15,116314249
world,1858,16,149343712
world,1858,17,167233777
world,1858,18,163086806
world,1858,19,141387311
world,1858,20,111376156
world,1858,21,84531028
world,1858,22,63317975
world,1858,23,46431798
world,1858,24,32657134
world,1858,25,21449508
world,1858,26,13231562
world,1858,27,7955253
world,1858,28,4623291
world,1858,29,2603782
world,1858,30,1399235
world,1858,31,721770
world,1858,32,370146
world,1858,33,191891
world,1858,34,97941
world,1858,35,48447
world,1858,36,24167
world,1858,37,11968
world,1858,38,5917
world,1858,39,2933
world,1858,40,1507
world,1858,41,781
world,1858,42,438
world,1858,43,247
world,1858,44,108
world,1858,45,41
world,1858,46,20
world,1858,47,0
world,1858,48,0
world,1858,49,0
world,1858,50,0
world,1858,51,0
world,1858,52,0
world,1858,53,0
world,1858,54,0
world,1858,55,0
world,1858,56,0
world,1858,57,0
world,1858,58,0
world,1858,59,0
world,1858,60,0
world,1858,61,0
world,1858,62,0
world,1858,63,0
world,1858,64,0
world,1858,65,0
world,1858,66,0
world,1858,67,0
world,1858,68,0
world,1858,69,0
world,1858,70,0
world,1858,71,0
world,1858,72,0
world,1858,73,0
world,1858,74,0
world,1858,75,0
world,1858,76,0
world,1858,77,0
world,1858,78,0
world,1858,79,0
world,1858,80,0
world,1858,81,0
world,1858,82,0
world,1858,83,0
world,1858,84,0
world,1858,85,0
world,1858,86,0
world,1858,87,0
world,1858,88,0
world,1858,89,0
world,1858,90,0
world,1858,91,0
world,1858,92,0
world,1858,93,0
world,1858,94,0
world,1858,95,0
world,1858,96,0
world,1858,97,0
world,1858,98,0
world,1858,99,0
world,1858,100,0
world,1858,101,0
world,1858,102,0
world,1858,103,0
world,1858,104,0
world,1859,0,0
world,1859,1,0
world,1859,2,0
world,1859,3,61
world,1859,4,505
world,1859,5,2955
world,1859,6,17727
world,1859,7,104334
world,1859,8,445348
world,1859,9,1397977
world,1859,10,3757451
world,1859,11,9325363
world,1859,12,21398512
world,1859,13,45523495
world,1859,14,79938236
world,1859,15,116165664
world,1859,16,149321546
world,1859,17,167447695
world,1859,18,163580197
world,1859,19,141902265
world,1859,20,111747080
world,1859,21,84676034
world,1859,22,63352437
world,1859,23,46519450
world,1859,24,32820256
world,1859,25,21672617
world,1859,26,13411497
world,1859,27,8079721
world,1859,28,4679931
world,1859,29,2629439
world,1859,30,1418350
world,1859,31,730709
world,1859,32,372953
world,1859,33,193672
world,1859,34,99067
world,1859,35,48834
world,1859,36,23908
world,1859,37,11572
world,1859,38,5683
world,1859,39,2802
world,1859,40,1414
world,1859,41,744
world,1859,42,420
world,1859,43,250
world,1859,44,109
world,1859,45,32
world,1859,46,17
world,1859,47,0
world,1859,48,0
world,1859,49,0
world,1859,50,0
world,1859,51,0
world,1859,52,0
world,1859,53,0
world,1859,54,0
world,1859,55,0
world,1859,56,0
world,1859,57,0
world,1859,58,0
world,1859,59,0
world,1859,60,0
world,1859,61,0
world,1859,62,0
world,1859,63,0
world,1859,64,0
world,1859,65,0
world,1859,66,0
world,1859,67,0
world,1859,68,0
world,1859,69,0
world,1859,70,0
world,1859,71,0
world,1859,72,0
world,1859,73,0
world,1859,74,0
world,1859,75,0
world,1859,76,0
world,1859,77,0
world,1859,78,0
world,1859,79,0
world,1859,80,0
world,1859,81,0
world,1859,82,0
world,1859,83,0
world,1859,84,0
world,1859,85,0
world,1859,86,0
world,1859,87,0
world,1859,88,0
world,1859,89,0
world,1859,90,0
world,1859,91,0
world,1859,92,0
world,1859,93,0
world,1859,94,0
world,1859,95,0
world,1859,96,0
world,1859,97,0
world,1859,98,0
world,1859,99,0
world,1859,100,0
world,1859,101,0
world,1859,102,0
world,1859,103,0
world,1859,104,0
world,1860,0,0
world,1860,1,0
world,1860,2,0
world,1860,3,61
world,1860,4,508
world,1860,5,2987
world,1860,6,17888
world,1860,7,105299
world,1860,8,449420
world,1860,9,1410961
world,1860,10,3790618
world,1860,11,9430076
world,1860,12,21631904
world,1860,13,45822172
world,1860,14,80170729
world,1860,15,116493755
world,1860,16,149385481
world,1860,17,167314539
world,1860,18,162929252
world,1860,19,140997527
world,1860,20,110888690
world,1860,21,84339577
world,1860,22,63574152
world,1860,23,47142883
world,1860,24,33621197
world,1860,25,22510388
world,1860,26,14086126
world,1860,27,8526437
world,1860,28,4959126
world,1860,29,2793575
world,1860,30,1521804
world,1860,31,788883
world,1860,32,402350
world,1860,33,208911
world,1860,34,106943
world,1860,35,52769
world,1860,36,25972
world,1860,37,12528
world,1860,38,6069
world,1860,39,2940
world,1860,40,1464
world,1860,41,738
world,1860,42,415
world,1860,43,248
world,1860,44,104
world,1860,45,25
world,1860,46,14
world,1860,47,0
world,1860,48,0
world,1860,49,0
world,1860,50,0
world,1860,51,0
world,1860,52,0
world,1860,53,0
world,1860,54,0
world,1860,55,0
world,1860,56,0
world,1860,57,0
world,1860,58,0
world,1860,59,0
world,1860,60,0
world,1860,61,0
world,1860,62,0
world,1860,63,0
world,1860,64,0
world,1860,65,0
world,1860,66,0
world,1860,67,0
world,1860,68,0
world,1860,69,0
world,1860,70,0
world,1860,71,0
world,1860,72,0
world,1860,73,0
world,1860,74,0
world,1860,75,0
world,1860,76,0
world,1860,77,0
world,1860,78,0
world,1860,79,0
world,1860,80,0
world,1860,81,0
world,1860,82,0
world,1860,83,0
world,1860,84,0
world,1860,85,0
world,1860,86,0
world,1860,87,0
world,1860,88,0
world,1860,89,0
world,1860,90,0
world,1860,91,0
world,1860,92,0
world,1860,93,0
world,1860,94,0
world,1860,95,0
world,1860,96,0
world,1860,97,0
world,1860,98,0
world,1860,99,0
world,1860,100,0
world,1860,101,0
world,1860,102,0
world,1860,103,0
world,1860,104,0
world,1861,0,0
world,1861,1,0
world,1861,2,0
world,1861,3,61
world,1861,4,515
world,1861,5,3015
world,1861,6,18014
world,1861,7,105967
world,1861,8,452261
world,1861,9,1420947
world,1861,10,3816761
world,1861,11,9531006
world,1861,12,21883862
world,1861,13,46267392
world,1861,14,80802875
world,1861,15,116859729
world,1861,16,149541110
world,1861,17,167403939
world,1861,18,163234291
world,1861,19,141516463
world,1861,20,111610672
world,1861,21,85114586
world,1861,22,64112423
world,1861,23,47310123
world,1861,24,33418845
world,1861,25,22072224
world,1861,26,13634901
world,1861,27,8186021
world,1861,28,4726785
world,1861,29,2644556
world,1861,30,1421991
world,1861,31,730420
world,1861,32,370905
world,1861,33,191267
world,1861,34,96936
world,1861,35,47181
world,1861,36,22777
world,1861,37,10801
world,1861,38,5182
world,1861,39,2456
world,1861,40,1174
world,1861,41,580
world,1861,42,323
world,1861,43,194
world,1861,44,77
world,1861,45,14
world,1861,46,9
world,1861,47,0
world,1861,48,0
world,1861,49,0
world,1861,50,0
world,1861,51,0
world,1861,52,0
world,1861,53,0
world,1861,54,0
world,1861,55,0
world,1861,56,0
world,1861,57,0
world,1861,58,0
world,1861,59,0
world,1861,60,0
world,1861,61,0
world,1861,62,0
world,1861,63,0
world,1861,64,0
world,1861,65,0
world,1861,66,0
world,1861,67,0
world,1861,68,0
world,1861,69,0
world,1861,70,0
world,1861,71,0
world,1861,72,0
world,1861,73,0
world,1861,74,0
world,1861,75,0
world,1861,76,0
world,1861,77,0
world,1861,78,0
world,1861,79,0
world,1861,80,0
world,1861,81,0
world,1861,82,0
world,1861,83,0
world,1861,84,0
world,1861,85,0
world,1861,86,0
world,1861,87,0
world,1861,88,0
world,1861,89,0
world,1861,90,0
world,1861,91,0
world,1861,92,0
world,1861,93,0
world,1861,94,0
world,1861,95,0
world,1861,96,0
world,1861,97,0
world,1861,98,0
world,1861,99,0
world,1861,100,0
world,1861,101,0
world,1861,102,0
world,1861,103,0
world,1861,104,0
world,1862,0,0
world,1862,1,0
world,1862,2,0
world,1862,3,61
world,1862,4,522
world,1862,5,3081
world,1862,6,21486
world,1862,7,135292
world,1862,8,545204
world,1862,9,1592535
world,1862,10,4033086
world,1862,11,9795606
world,1862,12,22126045
world,1862,13,46694896
world,1862,14,81299728
world,1862,15,117034794
world,1862,16,149409268
world,1862,17,167059081
world,1862,18,162601585
world,1862,19,140950219
world,1862,20,111196716
world,1862,21,85091581
world,1862,22,64501338
world,1862,23,47882912
world,1862,24,34000415
world,1862,25,22613549
world,1862,26,14109166
world,1862,27,8520046
world,1862,28,4961353
world,1862,29,2780241
world,1862,30,1496225
world,1862,31,768585
world,1862,32,390499
world,1862,33,202317
world,1862,34,102865
world,1862,35,50249
world,1862,36,24565
world,1862,37,11892
world,1862,38,5767
world,1862,39,2768
world,1862,40,1297
world,1862,41,612
world,1862,42,333
world,1862,43,193
world,1862,44,78
world,1862,45,14
world,1862,46,9
world,1862,47,0
world,1862,48,0
world,1862,49,0
world,1862,50,0
world,1862,51,0
world,1862,52,0
world,1862,53,0
world,1862,54,0
world,1862,55,0
world,1862,56,0
world,1862,57,0
world,1862,58,0
world,1862,59,0
world,1862,60,0
world,1862,61,0
world,1862,62,0
world,1862,63,0
world,1862,64,0
world,1862,65,0
world,1862,66,0
world,1862,67,0
world,1862,68,0
world,1862,69,0
world,1862,70,0
world,1862,71,0
world,1862,72,0
world,1862,73,0
world,1862,74,0
world,1862,75,0
world,1862,76,0
world,1862,77,0
world,1862,78,0
world,1862,79,0
world,1862,80,0
world,1862,81,0
world,1862,82,0
world,1862,83,0
world,1862,84,0
world,1862,85,0
world,1862,86,0
world,1862,87,0
world,1862,88,0
world,1862,89,0
world,1862,90,0
world,1862,91,0
world,1862,92,0
world,1862,93,0
world,1862,94,0
world,1862,95,0
world,1862,96,0
world,1862,97,0
world,1862,98,0
world,1862,99,0
world,1862,100,0
world,1862,101,0
world,1862,102,0
world,1862,103,0
world,1862,104,0
world,1863,0,0
world,1863,1,0
world,1863,2,0
world,1863,3,63
world,1863,4,524
world,1863,5,3041
world,1863,6,19938
world,1863,7,124553
world,1863,8,513282
world,1863,9,1532705
world,1863,10,3918035
world,1863,11,9540506
world,1863,12,21753680
world,1863,13,46442069
world,1863,14,81302766
world,1863,15,117128278
world,1863,16,149273244
world,1863,17,166712059
world,1863,18,162055424
world,1863,19,140230755
world,1863,20,110558191
world,1863,21,84762048
world,1863,22,64736651
world,1863,23,48891414
world,1863,24,35464601
world,1863,25,24195574
world,1863,26,15409199
world,1863,27,9346650
world,1863,28,5478170
world,1863,29,3062456
world,1863,30,1642772
world,1863,31,840299
world,1863,32,421127
world,1863,33,217589
world,1863,34,111034
world,1863,35,54569
world,1863,36,26867
world,1863,37,13011
world,1863,38,6251
world,1863,39,2936
world,1863,40,1360
world,1863,41,635
world,1863,42,341
world,1863,43,211
world,1863,44,89
world,1863,45,14
world,1863,46,9
world,1863,47,0
world,1863,48,0
world,1863,49,0
world,1863,50,0
world,1863,51,0
world,1863,52,0
world,1863,53,0
world,1863,54,0
world,1863,55,0
world,1863,56,0
world,1863,57,0
world,1863,58,0
world,1863,59,0
world,1863,60,0
world,1863,61,0
world,1863,62,0
world,1863,63,0
world,1863,64,0
world,1863,65,0
world,1863,66,0
world,1863,67,0
world,1863,68,0
world,1863,69,0
world,1863,70,0
world,1863,71,0
world,1863,72,0
world,1863,73,0
world,1863,74,0
world,1863,75,0
world,1863,76,0
world,1863,77,0
world,1863,78,0
world,1863,79,0
world,1863,80,0
world,1863,81,0
world,1863,82,0
world,1863,83,0
world,1863,84,0
world,1863,85,0
world,1863,86,0
world,1863,87,0
world,1863,88,0
world,1863,89,0
world,1863,90,0
world,1863,91,0
world,1863,92,0
world,1863,93,0
world,1863,94,0
world,1863,95,0
world,1863,96,0
world,1863,97,0
world,1863,98,0
world,1863,99,0
world,1863,100,0
world,1863,101,0
world,1863,102,0
world,1863,103,0
world,1863,104,0
world,1864,0,0
world,1864,1,0
world,1864,2,0
world,1864,3,62
world,1864,4,513
world,1864,5,2992
world,1864,6,21403
world,1864,7,137026
world,1864,8,553351
world,1864,9,1602902
world,1864,10,3969589
world,1864,11,9469419
world,1864,12,21381861
world,1864,13,45895851
world,1864,14,80674585
world,1864,15,116710401
world,1864,16,149174701
world,1864,17,167627480
world,1864,18,163258914
world,1864,19,141281349
world,1864,20,110880459
world,1864,21,84718338
world,1864,22,64504891
world,1864,23,48796183
world,1864,24,35652632
world,1864,25,24694528
world,1864,26,16042285
world,1864,27,9908546
world,1864,28,5888579
world,1864,29,3292737
world,1864,30,1749547
world,1864,31,888756
world,1864,32,436614
world,1864,33,221057
world,1864,34,111635
world,1864,35,54523
world,1864,36,26900
world,1864,37,12983
world,1864,38,6188
world,1864,39,2872
world,1864,40,1314
world,1864,41,607
world,1864,42,323
world,1864,43,205
world,1864,44,84
world,1864,45,14
world,1864,46,9
world,1864,47,0
world,1864,48,0
world,1864,49,0
world,1864,50,0
world,1864,51,0
world,1864,52,0
world,1864,53,0
world,1864,54,0
world,1864,55,0
world,1864,56,0
world,1864,57,0
world,1864,58,0
world,1864,59,0
world,1864,60,0
world,1864,61,0
world,1864,62,0
world,1864,63,0
world,1864,64,0
world,1864,65,0
world,1864,66,0
world,1864,67,0
world,1864,68,0
world,1864,69,0
world,1864,70,0
world,1864,71,0
world,1864,72,0
world,1864,73,0
world,1864,74,0
world,1864,75,0
world,1864,76,0
world,1864,77,0
world,1864,78,0
world,1864,79,0
world,1864,80,0
world,1864,81,0
world,1864,82,0
world,1864,83,0
world,1864,84,0
world,1864,85,0
world,1864,86,0
world,1864,87,0
world,1864,88,0
world,1864,89,0
world,1864,90,0
world,1864,91,0
world,1864,92,0
world,1864,93,0
world,1864,94,0
world,1864,95,0
world,1864,96,0
world,1864,97,0
world,1864,98,0
world,1864,99,0
world,1864,100,0
world,1864,101,0
world,1864,102,0
world,1864,103,0
world,1864,104,0
world,1865,0,0
world,1865,1,0
world,1865,2,0
world,1865,3,63
world,1865,4,517
world,1865,5,2937
world,1865,6,19811
world,1865,7,125872
world,1865,8,519737
world,1865,9,1541238
world,1865,10,3888865
world,1865,11,9398816
world,1865,12,21367085
world,1865,13,45914923
world,1865,14,80773091
world,1865,15,116955209
world,1865,16,149396333
world,1865,17,167904860
world,1865,18,163593956
world,1865,19,141711102
world,1865,20,111547256
world,1865,21,85591037
world,1865,22,65507931
world,1865,23,49615065
world,1865,24,36045575
world,1865,25,24674096
world,1865,26,15760280
world,1865,27,9611696
world,1865,28,5617489
world,1865,29,3124618
world,1865,30,1667133
world,1865,31,852131
world,1865,32,426014
world,1865,33,218640
world,1865,34,111736
world,1865,35,55109
world,1865,36,27076
world,1865,37,12992
world,1865,38,6163
world,1865,39,2913
world,1865,40,1335
world,1865,41,611
world,1865,42,330
world,1865,43,195
world,1865,44,81
world,1865,45,14
world,1865,46,9
world,1865,47,0
world,1865,48,0
world,1865,49,0
world,1865,50,0
world,1865,51,0
world,1865,52,0
world,1865,53,0
world,1865,54,0
world,1865,55,0
world,1865,56,0
world,1865,57,0
world,1865,58,0
world,1865,59,0
world,1865,60,0
world,1865,61,0
world,1865,62,0
world,1865,63,0
world,1865,64,0
world,1865,65,0
world,1865,66,0
world,1865,67,0
world,1865,68,0
world,1865,69,0
world,1865,70,0
world,1865,71,0
world,1865,72,0
world,1865,73,0
world,1865,74,0
world,1865,75,0
world,1865,76,0
world,1865,77,0
world,1865,78,0
world,1865,79,0
world,1865,80,0
world,1865,81,0
world,1865,82,0
world,1865,83,0
world,1865,84,0
world,1865,85,0
world,1865,86,0
world,1865,87,0
world,1865,88,0
world,1865,89,0
world,1865,90,0
world,1865,91,0
world,1865,92,0
world,1865,93,0
world,1865,94,0
world,1865,95,0
world,1865,96,0
world,1865,97,0
world,1865,98,0
world,1865,99,0
world,1865,100,0
world,1865,101,0
world,1865,102,0
world,1865,103,0
world,1865,104,0
world,1866,0,0
world,1866,1,0
world,1866,2,0
world,1866,3,49
world,1866,4,451
world,1866,5,2767
world,1866,6,18350
world,1866,7,115622
world,1866,8,488055
world,1866,9,1473506
world,1866,10,3769739
world,1866,11,9237889
world,1866,12,21237608
world,1866,13,45815664
world,1866,14,80637145
world,1866,15,116779024
world,1866,16,149422676
world,1866,17,168150957
world,1866,18,164113405
world,1866,19,142468047
world,1866,20,112409901
world,1866,21,86420705
world,1866,22,66158791
world,1866,23,50082634
world,1866,24,36332795
world,1866,25,24828857
world,1866,26,15831873
world,1866,27,9651460
world,1866,28,5639964
world,1866,29,3134562
world,1866,30,1671132
world,1866,31,852325
world,1866,32,424457
world,1866,33,217290
world,1866,34,110968
world,1866,35,54741
world,1866,36,26910
world,1866,37,12877
world,1866,38,6077
world,1866,39,2829
world,1866,40,1343
world,1866,41,616
world,1866,42,334
world,1866,43,190
world,1866,44,80
world,1866,45,14
world,1866,46,9
world,1866,47,0
world,1866,48,0
world,1866,49,0
world,1866,50,0
world,1866,51,0
world,1866,52,0
world,1866,53,0
world,1866,54,0
world,1866,55,0
world,1866,56,0
world,1866,57,0
world,1866,58,0
world,1866,59,0
world,1866,60,0
world,1866,61,0
world,1866,62,0
world,1866,63,0
world,1866,64,0
world,1866,65,0
world,1866,66,0
world,1866,67,0
world,1866,68,0
world,1866,69,0
world,1866,70,0
world,1866,71,0
world,1866,72,0
world,1866,73,0
world,1866,74,0
world,1866,75,0
world,1866,76,0
world,1866,77,0
world,1866,78,0
world,1866,79,0
world,1866,80,0
world,1866,81,0
world,1866,82,0
world,1866,83,0
world,1866,84,0
world,1866,85,0
world,1866,86,0
world,1866,87,0
world,1866,88,0
world,1866,89,0
world,1866,90,0
world,1866,91,0
world,1866,92,0
world,1866,93,0
world,1866,94,0
world,1866,95,0
world,1866,96,0
world,1866,97,0
world,1866,98,0
world,1866,99,0
world,1866,100,0
world,1866,101,0
world,1866,102,0
world,1866,103,0
world,1866,104,0
world,1867,0,0
world,1867,1,0
world,1867,2,0
world,1867,3,49
world,1867,4,458
world,1867,5,2748
world,1867,6,16695
world,1867,7,103824
world,1867,8,452462
world,1867,9,1396309
world,1867,10,3618297
world,1867,11,8963778
world,1867,12,20906115
world,1867,13,45446945
world,1867,14,80229333
world,1867,15,116479508
world,1867,16,149393737
world,1867,17,168409493
world,1867,18,164645527
world,1867,19,143181743
world,1867,20,113215174
world,1867,21,87200073
world,1867,22,66814439
world,1867,23,50709268
world,1867,24,36905249
world,1867,25,25290966
world,1867,26,16147774
world,1867,27,9819237
world,1867,28,5737038
world,1867,29,3187594
world,1867,30,1700237
world,1867,31,863480
world,1867,32,427653
world,1867,33,218632
world,1867,34,110856
world,1867,35,54532
world,1867,36,27014
world,1867,37,13030
world,1867,38,6236
world,1867,39,2909
world,1867,40,1353
world,1867,41,638
world,1867,42,331
world,1867,43,189
world,1867,44,84
world,1867,45,14
world,1867,46,9
world,1867,47,0
world,1867,48,0
world,1867,49,0
world,1867,50,0
world,1867,51,0
world,1867,52,0
world,1867,53,0
world,1867,54,0
world,1867,55,0
world,1867,56,0
world,1867,57,0
world,1867,58,0
world,1867,59,0
world,1867,60,0
world,1867,61,0
world,1867,62,0
world,1867,63,0
world,1867,64,0
world,1867,65,0
world,1867,66,0
world,1867,67,0
world,1867,68,0
world,1867,69,0
world,1867,70,0
world,1867,71,0
world,1867,72,0
world,1867,73,0
world,1867,74,0
world,1867,75,0
world,1867,76,0
world,1867,77,0
world,1867,78,0
world,1867,79,0
world,1867,80,0
world,1867,81,0
world,1867,82,0
world,1867,83,0
world,1867,84,0
world,1867,85,0
world,1867,86,0
world,1867,87,0
world,1867,88,0
world,1867,89,0
world,1867,90,0
world,1867,91,0
world,1867,92,0
world,1867,93,0
world,1867,94,0
world,1867,95,0
world,1867,96,0
world,1867,97,0
world,1867,98,0
world,1867,99,0
world,1867,100,0
world,1867,101,0
world,1867,102,0
world,1867,103,0
world,1867,104,0
world,1868,0,0
world,1868,1,0
world,1868,2,0
world,1868,3,49
world,1868,4,462
world,1868,5,2781
world,1868,6,17982
world,1868,7,114201
world,1868,8,483922
world,1868,9,1460835
world,1868,10,3709889
world,1868,11,9053454
world,1868,12,20920615
world,1868,13,45422618
world,1868,14,80293482
world,1868,15,116740074
world,1868,16,149760712
world,1868,17,168688288
world,1868,18,164459182
world,1868,19,142428121
world,1868,20,112129570
world,1868,21,86297479
world,1868,22,66611518
world,1868,23,51418878
world,1868,24,38104885
world,1868,25,26560796
world,1868,26,17216511
world,1868,27,10546492
world,1868,28,6212166
world,1868,29,3465208
world,1868,30,1858924
world,1868,31,950810
world,1868,32,471520
world,1868,33,240470
world,1868,34,122034
world,1868,35,59985
world,1868,36,29606
world,1868,37,14302
world,1868,38,6730
world,1868,39,3117
world,1868,40,1451
world,1868,41,665
world,1868,42,340
world,1868,43,186
world,1868,44,87
world,1868,45,14
world,1868,46,9
world,1868,47,0
world,1868,48,0
world,1868,49,0
world,1868,50,0
world,1868,51,0
world,1868,52,0
world,1868,53,0
world,1868,54,0
world,1868,55,0
world,1868,56,0
world,1868,57,0
world,1868,58,0
world,1868,59,0
world,1868,60,0
world,1868,61,0
world,1868,62,0
world,1868,63,0
world,1868,64,0
world,1868,65,0
world,1868,66,0
world,1868,67,0
world,1868,68,0
world,1868,69,0
world,1868,70,0
world,1868,71,0
world,1868,72,0
world,1868,73,0
world,1868,74,0
world,1868,75,0
world,1868,76,0
world,1868,77,0
world,1868,78,0
world,1868,79,0
world,1868,80,0
world,1868,81,0
world,1868,82,0
world,1868,83,0
world,1868,84,0
world,1868,85,0
world,1868,86,0
world,1868,87,0
world,1868,88,0
world,1868,89,0
world,1868,90,0
world,1868,91,0
world,1868,92,0
world,1868,93,0
world,1868,94,0
world,1868,95,0
world,1868,96,0
world,1868,97,0
world,1868,98,0
world,1868,99,0
world,1868,100,0
world,1868,101,0
world,1868,102,0
world,1868,103,0
world,1868,104,0
world,1869,0,0
world,1869,1,0
world,1869,2,0
world,1869,3,48
world,1869,4,455
world,1869,5,2702
world,1869,6,19135
world,1869,7,125791
world,1869,8,522191
world,1869,9,1537812
world,1869,10,3834972
world,1869,11,9319495
world,1869,12,21397810
world,1869,13,46076975
world,1869,14,81000740
world,1869,15,117549760
world,1869,16,150266652
world,1869,17,168797490
world,1869,18,164024501
world,1869,19,141560815
world,1869,20,111292621
world,1869,21,85754438
world,1869,22,66320885
world,1869,23,51409117
world,1869,24,38439973
world,1869,25,27208900
world,1869,26,18097597
world,1869,27,11335412
world,1869,28,6813607
world,1869,29,3830964
world,1869,30,2042009
world,1869,31,1040351
world,1869,32,510416
world,1869,33,256727
world,1869,34,129515
world,1869,35,63571
world,1869,36,31572
world,1869,37,15323
world,1869,38,7192
world,1869,39,3310
world,1869,40,1487
world,1869,41,686
world,1869,42,350
world,1869,43,200
world,1869,44,97
world,1869,45,14
world,1869,46,9
world,1869,47,0
world,1869,48,0
world,1869,49,0
world,1869,50,0
world,1869,51,0
world,1869,52,0
world,1869,53,0
world,1869,54,0
world,1869,55,0
world,1869,56,0
world,1869,57,0
world,1869,58,0
world,1869,59,0
world,1869,60,0
world,1869,61,0
world,1869,62,0
world,1869,63,0
world,1869,64,0
world,1869,65,0
world,1869,66,0
world,1869,67,0
world,1869,68,0
world,1869,69,0
world,1869,70,0
world,1869,71,0
world,1869,72,0
world,1869,73,0
world,1869,74,0
world,1869,75,0
world,1869,76,0
world,1869,77,0
world,1869,78,0
world,1869,79,0
world,1869,80,0
world,1869,81,0
world,1869,82,0
world,1869,83,0
world,1869,84,0
world,1869,85,0
world,1869,86,0
world,1869,87,0
world,1869,88,0
world,1869,89,0
world,1869,90,0
world,1869,91,0
world,1869,92,0
world,1869,93,0
world,1869,94,0
world,1869,95,0
world,1869,96,0
world,1869,97,0
world,1869,98,0
world,1869,99,0
world,1869,100,0
world,1869,101,0
world,1869,102,0
world,1869,103,0
world,1869,104,0
world,1870,0,0
world,1870,1,0
world,1870,2,0
world,1870,3,48
world,1870,4,460
world,1870,5,2698
world,1870,6,17813
world,1870,7,114935
world,1870,8,489583
world,1870,9,1478998
world,1870,10,3740937
world,1870,11,9076147
world,1870,12,20667222
world,1870,13,44601706
world,1870,14,79399901
world,1870,15,116284649
world,1870,16,149462502
world,1870,17,169369560
world,1870,18,165799282
world,1870,19,144145770
world,1870,20,114008172
world,1870,21,88068706
world,1870,22,68070202
world,1870,23,52539400
world,1870,24,38944107
world,1870,25,27220374
world,1870,26,17713199
world,1870,27,10888940
world,1870,28,6414278
world,1870,29,3579990
world,1870,30,1924668
world,1870,31,987310
world,1870,32,490451
world,1870,33,250646
world,1870,34,127678
world,1870,35,63277
world,1870,36,31576
world,1870,37,15384
world,1870,38,7314
world,1870,39,3417
world,1870,40,1526
world,1870,41,707
world,1870,42,358
world,1870,43,195
world,1870,44,91
world,1870,45,14
world,1870,46,9
world,1870,47,0
world,1870,48,0
world,1870,49,0
world,1870,50,0
world,1870,51,0
world,1870,52,0
world,1870,53,0
world,1870,54,0
world,1870,55,0
world,1870,56,0
world,1870,57,0
world,1870,58,0
world,1870,59,0
world,1870,60,0
world,1870,61,0
world,1870,62,0
world,1870,63,0
world,1870,64,0
world,1870,65,0
world,1870,66,0
world,1870,67,0
world,1870,68,0
world,1870,69,0
world,1870,70,0
world,1870,71,0
world,1870,72,0
world,1870,73,0
world,1870,74,0
world,1870,75,0
world,1870,76,0
world,1870,77,0
world,1870,78,0
world,1870,79,0
world,1870,80,0
world,1870,81,0
world,1870,82,0
world,1870,83,0
world,1870,84,0
world,1870,85,0
world,1870,86,0
world,1870,87,0
world,1870,88,0
world,1870,89,0
world,1870,90,0
world,1870,91,0
world,1870,92,0
world,1870,93,0
world,1870,94,0
world,1870,95,0
world,1870,96,0
world,1870,97,0
world,1870,98,0
world,1870,99,0
world,1870,100,0
world,1870,101,0
world,1870,102,0
world,1870,103,0
world,1870,104,0
world,1871,0,0
world,1871,1,0
world,1871,2,0
world,1871,3,48
world,1871,4,465
world,1871,5,2728
world,1871,6,17956
world,1871,7,115810
world,1871,8,492448
world,1871,9,1483753
world,1871,10,3741974
world,1871,11,9057876
world,1871,12,20550793
world,1871,13,44346629
world,1871,14,79284675
world,1871,15,116292465
world,1871,16,149600433
world,1871,17,169652539
world,1871,18,166255021
world,1871,19,144696384
world,1871,20,114538879
world,1871,21,88461745
world,1871,22,68217490
world,1871,23,52545561
world,1871,24,39163053
world,1871,25,27807710
world,1871,26,18587986
world,1871,27,11693999
world,1871,28,7047176
world,1871,29,3969103
world,1871,30,2122162
world,1871,31,1083565
world,1871,32,530469
world,1871,33,266319
world,1871,34,134513
world,1871,35,66292
world,1871,36,33059
world,1871,37,16141
world,1871,38,7656
world,1871,39,3527
world,1871,40,1559
world,1871,41,732
world,1871,42,364
world,1871,43,204
world,1871,44,103
world,1871,45,15
world,1871,46,9
world,1871,47,0
world,1871,48,0
world,1871,49,0
world,1871,50,0
world,1871,51,0
world,1871,52,0
world,1871,53,0
world,1871,54,0
world,1871,55,0
world,1871,56,0
world,1871,57,0
world,1871,58,0
world,1871,59,0
world,1871,60,0
world,1871,61,0
world,1871,62,0
world,1871,63,0
world,1871,64,0
world,1871,65,0
world,1871,66,0
world,1871,67,0
world,1871,68,0
world,1871,69,0
world,1871,70,0
world,1871,71,0
world,1871,72,0
world,1871,73,0
world,1871,74,0
world,1871,75,0
world,1871,76,0
world,1871,77,0
world,1871,78,0
world,1871,79,0
world,1871,80,0
world,1871,81,0
world,1871,82,0
world,1871,83,0
world,1871,84,0
world,1871,85,0
world,1871,86,0
world,1871,87,0
world,1871,88,0
world,1871,89,0
world,1871,90,0
world,1871,91,0
world,1871,92,0
world,1871,93,0
world,1871,94,0
world,1871,95,0
world,1871,96,0
world,1871,97,0
world,1871,98,0
world,1871,99,0
world,1871,100,0
world,1871,101,0
world,1871,102,0
world,1871,103,0
world,1871,104,0
world,1872,0,0
world,1872,1,45
world,1872,2,151
world,1872,3,351
world,1872,4,949
world,1872,5,3564
world,1872,6,17906
world,1872,7,106072
world,1872,8,456577
world,1872,9,1408873
world,1872,10,3649350
world,1872,11,9006990
world,1872,12,20863888
world,1872,13,45348224
world,1872,14,80415827
world,1872,15,117139545
world,1872,16,150233955
world,1872,17,169428893
world,1872,18,165449938
world,1872,19,143727872
world,1872,20,113913501
world,1872,21,88098286
world,1872,22,68548934
world,1872,23,53741738
world,1872,24,40589962
world,1872,25,28931731
world,1872,26,19361878
world,1872,27,12161966
world,1872,28,7321242
world,1872,29,4123250
world,1872,30,2191491
world,1872,31,1112258
world,1872,32,545456
world,1872,33,272848
world,1872,34,136841
world,1872,35,67342
world,1872,36,33529
world,1872,37,16288
world,1872,38,7572
world,1872,39,3426
world,1872,40,1539
world,1872,41,700
world,1872,42,346
world,1872,43,187
world,1872,44,103
world,1872,45,14
world,1872,46,9
world,1872,47,0
world,1872,48,0
world,1872,49,0
world,1872,50,0
world,1872,51,0
world,1872,52,0
world,1872,53,0
world,1872,54,0
world,1872,55,0
world,1872,56,0
world,1872,57,0
world,1872,58,0
world,1872,59,0
world,1872,60,0
world,1872,61,0
world,1872,62,0
world,1872,63,0
world,1872,64,0
world,1872,65,0
world,1872,66,0
world,1872,67,0
world,1872,68,0
world,1872,69,0
world,1872,70,0
world,1872,71,0
world,1872,72,0
world,1872,73,0
world,1872,74,0
world,1872,75,0
world,1872,76,0
world,1872,77,0
world,1872,78,0
world,1872,79,0
world,1872,80,0
world,1872,81,0
world,1872,82,0
world,1872,83,0
world,1872,84,0
world,1872,85,0
world,1872,86,0
world,1872,87,0
world,1872,88,0
world,1872,89,0
world,1872,90,0
world,1872,91,0
world,1872,92,0
world,1872,93,0
world,1872,94,0
world,1872,95,0
world,1872,96,0
world,1872,97,0
world,1872,98,0
world,1872,99,0
world,1872,100,0
world,1872,101,0
world,1872,102,0
world,1872,103,0
world,1872,104,0
world,1873,0,0
world,1873,1,91
world,1873,2,300
world,1873,3,674
world,1873,4,1524
world,1873,5,4539
world,1873,6,20938
world,1873,7,120080
world,1873,8,497703
world,1873,9,1489119
world,1873,10,3760543
world,1873,11,9137750
world,1873,12,20942885
world,1873,13,45345286
world,1873,14,80211330
world,1873,15,116827405
world,1873,16,150160487
world,1873,17,169805689
world,1873,18,166274631
world,1873,19,144895482
world,1873,20,115072475
world,1873,21,88886535
world,1873,22,68773568
world,1873,23,53914469
world,1873,24,40879276
world,1873,25,29340003
world,1873,26,19854233
world,1873,27,12623800
world,1873,28,7683621
world,1873,29,4358335
world,1873,30,2325870
world,1873,31,1189486
world,1873,32,587627
world,1873,33,294119
world,1873,34,148270
world,1873,35,73529
world,1873,36,36593
world,1873,37,17826
world,1873,38,8311
world,1873,39,3768
world,1873,40,1714
world,1873,41,794
world,1873,42,391
world,1873,43,205
world,1873,44,110
world,1873,45,28
world,1873,46,12
world,1873,47,0
world,1873,48,0
world,1873,49,0
world,1873,50,0
world,1873,51,0
world,1873,52,0
world,1873,53,0
world,1873,54,0
world,1873,55,0
world,1873,56,0
world,1873,57,0
world,1873,58,0
world,1873,59,0
world,1873,60,0
world,1873,61,0
world,1873,62,0
world,1873,63,0
world,1873,64,0
world,1873,65,0
world,1873,66,0
world,1873,67,0
world,1873,68,0
world,1873,69,0
world,1873,70,0
world,1873,71,0
world,1873,72,0
world,1873,73,0
world,1873,74,0
world,1873,75,0
world,1873,76,0
world,1873,77,0
world,1873,78,0
world,1873,79,0
world,1873,80,0
world,1873,81,0
world,1873,82,0
world,1873,83,0
world,1873,84,0
world,1873,85,0
world,1873,86,0
world,1873,87,0
world,1873,88,0
world,1873,89,0
world,1873,90,0
world,1873,91,0
world,1873,92,0
world,1873,93,0
world,1873,94,0
world,1873,95,0
world,1873,96,0
world,1873,97,0
world,1873,98,0
world,1873,99,0
world,1873,100,0
world,1873,101,0
world,1873,102,0
world,1873,103,0
world,1873,104,0
world,1874,0,0
world,1874,1,143
world,1874,2,473
world,1874,3,1022
world,1874,4,2085
world,1874,5,5364
world,1874,6,22268
world,1874,7,122279
world,1874,8,500579
world,1874,9,1484114
world,1874,10,3727099
world,1874,11,9017427
world,1874,12,20633145
world,1874,13,44715346
world,1874,14,79267198
world,1874,15,115605093
world,1874,16,149278432
world,1874,17,169652482
world,1874,18,166945083
world,1874,19,146124652
world,1874,20,116254856
world,1874,21,89761031
world,1874,22,69767693
world,1874,23,55339629
world,1874,24,42603896
world,1874,25,30841561
world,1874,26,20785108
world,1874,27,13121009
world,1874,28,7904049
world,1874,29,4474922
world,1874,30,2388201
world,1874,31,1217926
world,1874,32,604785
world,1874,33,304825
world,1874,34,153112
world,1874,35,75642
world,1874,36,37574
world,1874,37,18406
world,1874,38,8599
world,1874,39,3888
world,1874,40,1761
world,1874,41,806
world,1874,42,390
world,1874,43,201
world,1874,44,107
world,1874,45,28
world,1874,46,15
world,1874,47,0
world,1874,48,0
world,1874,49,0
world,1874,50,0
world,1874,51,0
world,1874,52,0
world,1874,53,0
world,1874,54,0
world,1874,55,0
world,1874,56,0
world,1874,57,0
world,1874,58,0
world,1874,59,0
world,1874,60,0
world,1874,61,0
world,1874,62,0
world,1874,63,0
world,1874,64,0
world,1874,65,0
world,1874,66,0
world,1874,67,0
world,1874,68,0
world,1874,69,0
world,1874,70,0
world,1874,71,0
world,1874,72,0
world,1874,73,0
world,1874,74,0
world,1874,75,0
world,1874,76,0
world,1874,77,0
world,1874,78,0
world,1874,79,0
world,1874,80,0
world,1874,81,0
world,1874,82,0
world,1874,83,0
world,1874,84,0
world,1874,85,0
world,1874,86,0
world,1874,87,0
world,1874,88,0
world,1874,89,0
world,1874,90,0
world,1874,91,0
world,1874,92,0
world,1874,93,0
world,1874,94,0
world,1874,95,0
world,1874,96,0
world,1874,97,0
world,1874,98,0
world,1874,99,0
world,1874,100,0
world,1874,101,0
world,1874,102,0
world,1874,103,0
world,1874,104,0
world,1875,0,0
world,1875,1,171
world,1875,2,612
world,1875,3,1334
world,1875,4,2628
world,1875,5,6315
world,1875,6,22912
world,1875,7,115448
world,1875,8,473168
world,1875,9,1421987
world,1875,10,3631266
world,1875,11,8871885
world,1875,12,20404513
world,1875,13,44368870
world,1875,14,78879939
world,1875,15,115343507
world,1875,16,149462541
world,1875,17,170609009
world,1875,18,168552013
world,1875,19,148295670
world,1875,20,118381924
world,1875,21,90873858
world,1875,22,69787123
world,1875,23,54962038
world,1875,24,42173208
world,1875,25,30654889
world,1875,26,20979521
world,1875,27,13489792
world,1875,28,8232173
world,1875,29,4705550
world,1875,30,2568524
world,1875,31,1357640
world,1875,32,698648
world,1875,33,364101
world,1875,34,189613
world,1875,35,97173
world,1875,36,50007
world,1875,37,25531
world,1875,38,12581
world,1875,39,5962
world,1875,40,2657
world,1875,41,1014
world,1875,42,381
world,1875,43,203
world,1875,44,107
world,1875,45,24
world,1875,46,14
world,1875,47,0
world,1875,48,0
world,1875,49,0
world,1875,50,0
world,1875,51,0
world,1875,52,0
world,1875,53,0
world,1875,54,0
world,1875,55,0
world,1875,56,0
world,1875,57,0
world,1875,58,0
world,1875,59,0
world,1875,60,0
world,1875,61,0
world,1875,62,0
world,1875,63,0
world,1875,64,0
world,1875,65,0
world,1875,66,0
world,1875,67,0
world,1875,68,0
world,1875,69,0
world,1875,70,0
world,1875,71,0
world,1875,72,0
world,1875,73,0
world,1875,74,0
world,1875,75,0
world,1875,76,0
world,1875,77,0
world,1875,78,0
world,1875,79,0
world,1875,80,0
world,1875,81,0
world,1875,82,0
world,1875,83,0
world,1875,84,0
world,1875,85,0
world,1875,86,0
world,1875,87,0
world,1875,88,0
world,1875,89,0
world,1875,90,0
world,1875,91,0
world,1875,92,0
world,1875,93,0
world,1875,94,0
world,1875,95,0
world,1875,96,0
world,1875,97,0
world,1875,98,0
world,1875,99,0
world,1875,100,0
world,1875,101,0
world,1875,102,0
world,1875,103,0
world,1875,104,0
world,1876,0,0
world,1876,1,218
world,1876,2,782
world,1876,3,1705
world,1876,4,3249
world,1876,5,7272
world,1876,6,24126
world,1876,7,115711
world,1876,8,467093
world,1876,9,1396357
world,1876,10,3570804
world,1876,11,8784357
world,1876,12,20330411
world,1876,13,44316226
world,1876,14,78791148
world,1876,15,115270712
world,1876,16,149608059
world,1876,17,171074418
world,1876,18,169326870
world,1876,19,149481609
world,1876,20,119812115
world,1876,21,92254359
world,1876,22,70851271
world,1876,23,55744756
world,1876,24,42626667
world,1876,25,30885971
world,1876,26,21077122
world,1876,27,13489127
world,1876,28,8189862
world,1876,29,4672354
world,1876,30,2543833
world,1876,31,1336088
world,1876,32,682957
world,1876,33,354405
world,1876,34,183689
world,1876,35,93324
world,1876,36,47696
world,1876,37,24238
world,1876,38,11917
world,1876,39,5665
world,1876,40,2595
world,1876,41,1012
world,1876,42,457
world,1876,43,251
world,1876,44,141
world,1876,45,38
world,1876,46,18
world,1876,47,0
world,1876,48,0
world,1876,49,0
world,1876,50,0
world,1876,51,0
world,1876,52,0
world,1876,53,0
world,1876,54,0
world,1876,55,0
world,1876,56,0
world,1876,57,0
world,1876,58,0
world,1876,59,0
world,1876,60,0
world,1876,61,0
world,1876,62,0
world,1876,63,0
world,1876,64,0
world,1876,65,0
world,1876,66,0
world,1876,67,0
world,1876,68,0
world,1876,69,0
world,1876,70,0
world,1876,71,0
world,1876,72,0
world,1876,73,0
world,1876,74,0
world,1876,75,0
world,1876,76,0
world,1876,77,0
world,1876,78,0
world,1876,79,0
world,1876,80,0
world,1876,81,0
world,1876,82,0
world,1876,83,0
world,1876,84,0
world,1876,85,0
world,1876,86,0
world,1876,87,0
world,1876,88,0
world,1876,89,0
world,1876,90,0
world,1876,91,0
world,1876,92,0
world,1876,93,0
world,1876,94,0
world,1876,95,0
world,1876,96,0
world,1876,97,0
world,1876,98,0
world,1876,99,0
world,1876,100,0
world,1876,101,0
world,1876,102,0
world,1876,103,0
world,1876,104,0
world,1877,0,0
world,1877,1,280
world,1877,2,973
world,1877,3,2074
world,1877,4,3857
world,1877,5,8282
world,1877,6,24925
world,1877,7,109693
world,1877,8,440159
world,1877,9,1334407
world,1877,10,3489696
world,1877,11,8699637
world,1877,12,20288743
world,1877,13,44310937
world,1877,14,78835049
world,1877,15,115249832
world,1877,16,149393775
world,1877,17,170763405
world,1877,18,169088881
world,1877,19,149940740
world,1877,20,121087401
world,1877,21,93959668
world,1877,22,72473139
world,1877,23,56990707
world,1877,24,43575020
world,1877,25,31482928
world,1877,26,21445862
world,1877,27,13697136
world,1877,28,8271699
world,1877,29,4669668
world,1877,30,2527692
world,1877,31,1327242
world,1877,32,678285
world,1877,33,352968
world,1877,34,183640
world,1877,35,93965
world,1877,36,48676
world,1877,37,25107
world,1877,38,12577
world,1877,39,6215
world,1877,40,2975
world,1877,41,1247
world,1877,42,556
world,1877,43,310
world,1877,44,177
world,1877,45,55
world,1877,46,26
world,1877,47,10
world,1877,48,10
world,1877,49,3
world,1877,50,0
world,1877,51,0
world,1877,52,0
world,1877,53,0
world,1877,54,0
world,1877,55,0
world,1877,56,0
world,1877,57,0
world,1877,58,0
world,1877,59,0
world,1877,60,0
world,1877,61,0
world,1877,62,0
world,1877,63,0
world,1877,64,0
world,1877,65,0
world,1877,66,0
world,1877,67,0
world,1877,68,0
world,1877,69,0
world,1877,70,0
world,1877,71,0
world,1877,72,0
world,1877,73,0
world,1877,74,0
world,1877,75,0
world,1877,76,0
world,1877,77,0
world,1877,78,0
world,1877,79,0
world,1877,80,0
world,1877,81,0
world,1877,82,0
world,1877,83,0
world,1877,84,0
world,1877,85,0
world,1877,86,0
world,1877,87,0
world,1877,88,0
world,1877,89,0
world,1877,90,0
world,1877,91,0
world,1877,92,0
world,1877,93,0
world,1877,94,0
world,1877,95,0
world,1877,96,0
world,1877,97,0
world,1877,98,0
world,1877,99,0
world,1877,100,0
world,1877,101,0
world,1877,102,0
world,1877,103,0
world,1877,104,0
world,1878,0,0
world,1878,1,304
world,1878,2,1101
world,1878,3,2408
world,1878,4,4425
world,1878,5,9158
world,1878,6,25643
world,1878,7,103570
world,1878,8,411772
world,1878,9,1260667
world,1878,10,3345379
world,1878,11,8477708
world,1878,12,20046134
world,1878,13,44128268
world,1878,14,78805249
world,1878,15,115335232
world,1878,16,149642160
world,1878,17,171298532
world,1878,18,169819779
world,1878,19,150953345
world,1878,20,122198767
world,1878,21,95003361
world,1878,22,73401832
world,1878,23,57745238
world,1878,24,44259167
world,1878,25,31971383
world,1878,26,21736696
world,1878,27,13869645
world,1878,28,8377047
world,1878,29,4758399
world,1878,30,2586103
world,1878,31,1366093
world,1878,32,705477
world,1878,33,367683
world,1878,34,191282
world,1878,35,97474
world,1878,36,50008
world,1878,37,25589
world,1878,38,12796
world,1878,39,6344
world,1878,40,3040
world,1878,41,1280
world,1878,42,607
world,1878,43,351
world,1878,44,192
world,1878,45,75
world,1878,46,34
world,1878,47,10
world,1878,48,10
world,1878,49,5
world,1878,50,0
world,1878,51,0
world,1878,52,0
world,1878,53,0
world,1878,54,0
world,1878,55,0
world,1878,56,0
world,1878,57,0
world,1878,58,0
world,1878,59,0
world,1878,60,0
world,1878,61,0
world,1878,62,0
world,1878,63,0
world,1878,64,0
world,1878,65,0
world,1878,66,0
world,1878,67,0
world,1878,68,0
world,1878,69,0
world,1878,70,0
world,1878,71,0
world,1878,72,0
world,1878,73,0
world,1878,74,0
world,1878,75,0
world,1878,76,0
world,1878,77,0
world,1878,78,0
world,1878,79,0
world,1878,80,0
world,1878,81,0
world,1878,82,0
world,1878,83,0
world,1878,84,0
world,1878,85,0
world,1878,86,0
world,1878,87,0
world,1878,88,0
world,1878,89,0
world,1878,90,0
world,1878,91,0
world,1878,92,0
world,1878,93,0
world,1878,94,0
world,1878,95,0
world,1878,96,0
world,1878,97,0
world,1878,98,0
world,1878,99,0
world,1878,100,0
world,1878,101,0
world,1878,102,0
world,1878,103,0
world,1878,104,0
world,1879,0,0
world,1879,1,277
world,1879,2,1151
world,1879,3,2634
world,1879,4,4895
world,1879,5,9925
world,1879,6,27453
world,1879,7,112591
world,1879,8,441402
world,1879,9,1324644
world,1879,10,3435957
world,1879,11,8563576
world,1879,12,19976134
world,1879,13,43830092
world,1879,14,78471087
world,1879,15,114931646
world,1879,16,149296750
world,1879,17,171261508
world,1879,18,170361112
world,1879,19,152348246
world,1879,20,124399350
world,1879,21,97225906
world,1879,22,74992281
world,1879,23,58340080
world,1879,24,44341859
world,1879,25,32018379
world,1879,26,21718932
world,1879,27,13947904
world,1879,28,8489804
world,1879,29,4888959
world,1879,30,2680331
world,1879,31,1433052
world,1879,32,753926
world,1879,33,392642
world,1879,34,204159
world,1879,35,104878
world,1879,36,53190
world,1879,37,26595
world,1879,38,13099
world,1879,39,6353
world,1879,40,3083
world,1879,41,1312
world,1879,42,667
world,1879,43,388
world,1879,44,227
world,1879,45,93
world,1879,46,47
world,1879,47,11
world,1879,48,10
world,1879,49,5
world,1879,50,0
world,1879,51,0
world,1879,52,0
world,1879,53,0
world,1879,54,0
world,1879,55,0
world,1879,56,0
world,1879,57,0
world,1879,58,0
world,1879,59,0
world,1879,60,0
world,1879,61,0
world,1879,62,0
world,1879,63,0
world,1879,64,0
world,1879,65,0
world,1879,66,0
world,1879,67,0
world,1879,68,0
world,1879,69,0
world,1879,70,0
world,1879,71,0
world,1879,72,0
world,1879,73,0
world,1879,74,0
world,1879,75,0
world,1879,76,0
world,1879,77,0
world,1879,78,0
world,1879,79,0
world,1879,80,0
world,1879,81,0
world,1879,82,0
world,1879,83,0
world,1879,84,0
world,1879,85,0
world,1879,86,0
world,1879,87,0
world,1879,88,0
world,1879,89,0
world,1879,90,0
world,1879,91,0
world,1879,92,0
world,1879,93,0
world,1879,94,0
world,1879,95,0
world,1879,96,0
world,1879,97,0
world,1879,98,0
world,1879,99,0
world,1879,100,0
world,1879,101,0
world,1879,102,0
world,1879,103,0
world,1879,104,0
world,1880,0,0
world,1880,1,324
world,1880,2,1334
world,1880,3,3018
world,1880,4,5485
world,1880,5,10798
world,1880,6,26803
world,1880,7,84523
world,1880,8,304240
world,1880,9,970671
world,1880,10,2847519
world,1880,11,7675025
world,1880,12,19017269
world,1880,13,42989677
world,1880,14,78102335
world,1880,15,115108074
world,1880,16,149778030
world,1880,17,171705358
world,1880,18,170555661
world,1880,19,152713586
world,1880,20,125290269
world,1880,21,98469868
world,1880,22,75919317
world,1880,23,59022424
world,1880,24,45242533
world,1880,25,33419837
world,1880,26,23227641
world,1880,27,15241201
world,1880,28,9431011
world,1880,29,5512555
world,1880,30,3039391
world,1880,31,1612826
world,1880,32,839840
world,1880,33,427088
world,1880,34,216185
world,1880,35,110223
world,1880,36,56401
world,1880,37,28548
world,1880,38,14073
world,1880,39,6811
world,1880,40,3380
world,1880,41,1559
world,1880,42,736
world,1880,43,407
world,1880,44,219
world,1880,45,78
world,1880,46,28
world,1880,47,2
world,1880,48,0
world,1880,49,0
world,1880,50,0
world,1880,51,0
world,1880,52,0
world,1880,53,0
world,1880,54,0
world,1880,55,0
world,1880,56,0
world,1880,57,0
world,1880,58,0
world,1880,59,0
world,1880,60,0
world,1880,61,0
world,1880,62,0
world,1880,63,0
world,1880,64,0
world,1880,65,0
world,1880,66,0
world,1880,67,0
world,1880,68,0
world,1880,69,0
world,1880,70,0
world,1880,71,0
world,1880,72,0
world,1880,73,0
world,1880,74,0
world,1880,75,0
world,1880,76,0
world,1880,77,0
world,1880,78,0
world,1880,79,0
world,1880,80,0
world,1880,81,0
world,1880,82,0
world,1880,83,0
world,1880,84,0
world,1880,85,0
world,1880,86,0
world,1880,87,0
world,1880,88,0
world,1880,89,0
world,1880,90,0
world,1880,91,0
world,1880,92,0
world,1880,93,0
world,1880,94,0
world,1880,95,0
world,1880,96,0
world,1880,97,0
world,1880,98,0
world,1880,99,0
world,1880,100,0
world,1880,101,0
world,1880,102,0
world,1880,103,0
world,1880,104,0
world,1881,0,0
world,1881,1,374
world,1881,2,1517
world,1881,3,3393
world,1881,4,6081
world,1881,5,11766
world,1881,6,28566
world,1881,7,85619
world,1881,8,290333
world,1881,9,916125
world,1881,10,2726425
world,1881,11,7465788
world,1881,12,18735052
world,1881,13,42780199
world,1881,14,78080839
world,1881,15,115396867
world,1881,16,150475349
world,1881,17,172836520
world,1881,18,171686281
world,1881,19,153351219
world,1881,20,125213333
world,1881,21,98079777
world,1881,22,76207291
world,1881,23,60140372
world,1881,24,46787998
world,1881,25,34842812
world,1881,26,24265429
world,1881,27,15823220
world,1881,28,9780497
world,1881,29,5715448
world,1881,30,3140873
world,1881,31,1648436
world,1881,32,851858
world,1881,33,426658
world,1881,34,208675
world,1881,35,102527
world,1881,36,50700
world,1881,37,24813
world,1881,38,11822
world,1881,39,5631
world,1881,40,2851
world,1881,41,1463
world,1881,42,743
world,1881,43,400
world,1881,44,213
world,1881,45,71
world,1881,46,19
world,1881,47,0
world,1881,48,0
world,1881,49,0
world,1881,50,0
world,1881,51,0
world,1881,52,0
world,1881,53,0
world,1881,54,0
world,1881,55,0
world,1881,56,0
world,1881,57,0
world,1881,58,0
world,1881,59,0
world,1881,60,0
world,1881,61,0
world,1881,62,0
world,1881,63,0
world,1881,64,0
world,1881,65,0
world,1881,66,0
world,1881,67,0
world,1881,68,0
world,1881,69,0
world,1881,70,0
world,1881,71,0
world,1881,72,0
world,1881,73,0
world,1881,74,0
world,1881,75,0
world,1881,76,0
world,1881,77,0
world,1881,78,0
world,1881,79,0
world,1881,80,0
world,1881,81,0
world,1881,82,0
world,1881,83,0
world,1881,84,0
world,1881,85,0
world,1881,86,0
world,1881,87,0
world,1881,88,0
world,1881,89,0
world,1881,90,0
world,1881,91,0
world,1881,92,0
world,1881,93,0
world,1881,94,0
world,1881,95,0
world,1881,96,0
world,1881,97,0
world,1881,98,0
world,1881,99,0
world,1881,100,0
world,1881,101,0
world,1881,102,0
world,1881,103,0
world,1881,104,0
world,1882,0,0
world,1882,1,393
world,1882,2,1627
world,1882,3,3664
world,1882,4,6573
world,1882,5,12462
world,1882,6,29618
world,1882,7,87587
world,1882,8,300606
world,1882,9,946620
world,1882,10,2775788
world,1882,11,7495111
world,1882,12,18624154
world,1882,13,42544432
world,1882,14,77758647
world,1882,15,114875352
world,1882,16,150085846
world,1882,17,172910976
world,1882,18,172313037
world,1882,19,154418583
world,1882,20,126364399
world,1882,21,99203293
world,1882,22,77361822
world,1882,23,61407918
world,1882,24,47972339
world,1882,25,35832352
world,1882,26,25105948
world,1882,27,16468511
world,1882,28,10218768
world,1882,29,6003337
world,1882,30,3308719
world,1882,31,1733681
world,1882,32,902271
world,1882,33,457421
world,1882,34,225255
world,1882,35,110324
world,1882,36,54513
world,1882,37,26955
world,1882,38,13311
world,1882,39,6704
world,1882,40,3614
world,1882,41,1936
world,1882,42,989
world,1882,43,511
world,1882,44,261
world,1882,45,90
world,1882,46,24
world,1882,47,0
world,1882,48,0
world,1882,49,0
world,1882,50,0
world,1882,51,0
world,1882,52,0
world,1882,53,0
world,1882,54,0
world,1882,55,0
world,1882,56,0
world,1882,57,0
world,1882,58,0
world,1882,59,0
world,1882,60,0
world,1882,61,0
world,1882,62,0
world,1882,63,0
world,1882,64,0
world,1882,65,0
world,1882,66,0
world,1882,67,0
world,1882,68,0
world,1882,69,0
world,1882,70,0
world,1882,71,0
world,1882,72,0
world,1882,73,0
world,1882,74,0
world,1882,75,0
world,1882,76,0
world,1882,77,0
world,1882,78,0
world,1882,79,0
world,1882,80,0
world,1882,81,0
world,1882,82,0
world,1882,83,0
world,1882,84,0
world,1882,85,0
world,1882,86,0
world,1882,87,0
world,1882,88,0
world,1882,89,0
world,1882,90,0
world,1882,91,0
world,1882,92,0
world,1882,93,0
world,1882,94,0
world,1882,95,0
world,1882,96,0
world,1882,97,0
world,1882,98,0
world,1882,99,0
world,1882,100,0
world,1882,101,0
world,1882,102,0
world,1882,103,0
world,1882,104,0
world,1883,0,0
world,1883,1,349
world,1883,2,1654
world,1883,3,3911
world,1883,4,7127
world,1883,5,13565
world,1883,6,31339
world,1883,7,90949
world,1883,8,314849
world,1883,9,989211
world,1883,10,2864472
world,1883,11,7650247
world,1883,12,18820734
world,1883,13,42771326
world,1883,14,78029048
world,1883,15,115177830
world,1883,16,150571025
world,1883,17,173588861
world,1883,18,173084427
world,1883,19,155224945
world,1883,20,126949255
world,1883,21,99595785
world,1883,22,77834271
world,1883,23,62193943
world,1883,24,49057189
world,1883,25,36864644
world,1883,26,25856027
world,1883,27,16976057
world,1883,28,10522496
world,1883,29,6184836
world,1883,30,3405894
world,1883,31,1783041
world,1883,32,929363
world,1883,33,471705
world,1883,34,232269
world,1883,35,113722
world,1883,36,56144
world,1883,37,27808
world,1883,38,13792
world,1883,39,6961
world,1883,40,3737
world,1883,41,1999
world,1883,42,1011
world,1883,43,514
world,1883,44,265
world,1883,45,91
world,1883,46,26
world,1883,47,0
world,1883,48,0
world,1883,49,0
world,1883,50,0
world,1883,51,0
world,1883,52,0
world,1883,53,0
world,1883,54,0
world,1883,55,0
world,1883,56,0
world,1883,57,0
world,1883,58,0
world,1883,59,0
world,1883,60,0
world,1883,61,0
world,1883,62,0
world,1883,63,0
world,1883,64,0
world,1883,65,0
world,1883,66,0
world,1883,67,0
world,1883,68,0
world,1883,69,0
world,1883,70,0
world,1883,71,0
world,1883,72,0
world,1883,73,0
world,1883,74,0
world,1883,75,0
world,1883,76,0
world,1883,77,0
world,1883,78,0
world,1883,79,0
world,1883,80,0
world,1883,81,0
world,1883,82,0
world,1883,83,0
world,1883,84,0
world,1883,85,0
world,1883,86,0
world,1883,87,0
world,1883,88,0
world,1883,89,0
world,1883,90,0
world,1883,91,0
world,1883,92,0
world,1883,93,0
world,1883,94,0
world,1883,95,0
world,1883,96,0
world,1883,97,0
world,1883,98,0
world,1883,99,0
world,1883,100,0
world,1883,101,0
world,1883,102,0
world,1883,103,0
world,1883,104,0
world,1884,0,0
world,1884,1,360
world,1884,2,1693
world,1884,3,4004
world,1884,4,7422
world,1884,5,13655
world,1884,6,30481
world,1884,7,83948
world,1884,8,273124
world,1884,9,863883
world,1884,10,2608269
world,1884,11,7220937
world,1884,12,18249191
world,1884,13,42285074
world,1884,14,77776776
world,1884,15,115448146
world,1884,16,151563452
world,1884,17,175119295
world,1884,18,174776840
world,1884,19,156997452
world,1884,20,128268677
world,1884,21,100389026
world,1884,22,78406706
world,1884,23,62767949
world,1884,24,49733075
world,1884,25,37519254
world,1884,26,26425632
world,1884,27,17440214
world,1884,28,10851295
world,1884,29,6397081
world,1884,30,3525891
world,1884,31,1840599
world,1884,32,954101
world,1884,33,482076
world,1884,34,236512
world,1884,35,115493
world,1884,36,56909
world,1884,37,28131
world,1884,38,13896
world,1884,39,6886
world,1884,40,3634
world,1884,41,1889
world,1884,42,927
world,1884,43,458
world,1884,44,238
world,1884,45,79
world,1884,46,26
world,1884,47,0
world,1884,48,0
world,1884,49,0
world,1884,50,0
world,1884,51,0
world,1884,52,0
world,1884,53,0
world,1884,54,0
world,1884,55,0
world,1884,56,0
world,1884,57,0
world,1884,58,0
world,1884,59,0
world,1884,60,0
world,1884,61,0
world,1884,62,0
world,1884,63,0
world,1884,64,0
world,1884,65,0
world,1884,66,0
world,1884,67,0
world,1884,68,0
world,1884,69,0
world,1884,70,0
world,1884,71,0
world,1884,72,0
world,1884,73,0
world,1884,74,0
world,1884,75,0
world,1884,76,0
world,1884,77,0
world,1884,78,0
world,1884,79,0
world,1884,80,0
world,1884,81,0
world,1884,82,0
world,1884,83,0
world,1884,84,0
world,1884,85,0
world,1884,86,0
world,1884,87,0
world,1884,88,0
world,1884,89,0
world,1884,90,0
world,1884,91,0
world,1884,92,0
world,1884,93,0
world,1884,94,0
world,1884,95,0
world,1884,96,0
world,1884,97,0
world,1884,98,0
world,1884,99,0
world,1884,100,0
world,1884,101,0
world,1884,102,0
world,1884,103,0
world,1884,104,0
world,1885,0,0
world,1885,1,391
world,1885,2,1786
world,1885,3,4347
world,1885,4,8218
world,1885,5,15120
world,1885,6,32716
world,1885,7,86313
world,1885,8,273597
world,1885,9,860624
world,1885,10,2622043
world,1885,11,7352507
world,1885,12,18771489
world,1885,13,43238269
world,1885,14,78570941
world,1885,15,115821829
world,1885,16,151722149
world,1885,17,174812770
world,1885,18,174308892
world,1885,19,157585575
world,1885,20,130029530
world,1885,21,102311068
world,1885,22,79916453
world,1885,23,63932109
world,1885,24,50750844
world,1885,25,38258515
world,1885,26,26688421
world,1885,27,17407207
world,1885,28,10723217
world,1885,29,6262389
world,1885,30,3426316
world,1885,31,1791288
world,1885,32,931955
world,1885,33,471110
world,1885,34,232559
world,1885,35,114812
world,1885,36,56489
world,1885,37,27564
world,1885,38,13309
world,1885,39,6441
world,1885,40,3361
world,1885,41,1712
world,1885,42,834
world,1885,43,428
world,1885,44,231
world,1885,45,78
world,1885,46,21
world,1885,47,0
world,1885,48,0
world,1885,49,0
world,1885,50,0
world,1885,51,0
world,1885,52,0
world,1885,53,0
world,1885,54,0
world,1885,55,0
world,1885,56,0
world,1885,57,0
world,1885,58,0
world,1885,59,0
world,1885,60,0
world,1885,61,0
world,1885,62,0
world,1885,63,0
world,1885,64,0
world,1885,65,0
world,1885,66,0
world,1885,67,0
world,1885,68,0
world,1885,69,0
world,1885,70,0
world,1885,71,0
world,1885,72,0
world,1885,73,0
world,1885,74,0
world,1885,75,0
world,1885,76,0
world,1885,77,0
world,1885,78,0
world,1885,79,0
world,1885,80,0
world,1885,81,0
world,1885,82,0
world,1885,83,0
world,1885,84,0
world,1885,85,0
world,1885,86,0
world,1885,87,0
world,1885,88,0
world,1885,89,0
world,1885,90,0
world,1885,91,0
world,1885,92,0
world,1885,93,0
world,1885,94,0
world,1885,95,0
world,1885,96,0
world,1885,97,0
world,1885,98,0
world,1885,99,0
world,1885,100,0
world,1885,101,0
world,1885,102,0
world,1885,103,0
world,1885,104,0
world,1886,0,0
world,1886,1,254
world,1886,2,1596
world,1886,3,4247
world,1886,4,8409
world,1886,5,16028
world,1886,6,34949
world,1886,7,92015
world,1886,8,287745
world,1886,9,886006
world,1886,10,2675042
world,1886,11,7530628
world,1886,12,19142684
world,1886,13,43907937
world,1886,14,79252787
world,1886,15,116838415
world,1886,16,152911658
world,1886,17,175856130
world,1886,18,174993273
world,1886,19,157983156
world,1886,20,129995973
world,1886,21,102412539
world,1886,22,80480015
world,1886,23,64575050
world,1886,24,51423615
world,1886,25,38911364
world,1886,26,27274391
world,1886,27,17866194
world,1886,28,11048354
world,1886,29,6475700
world,1886,30,3546547
world,1886,31,1853007
world,1886,32,965949
world,1886,33,487481
world,1886,34,239051
world,1886,35,117267
world,1886,36,57524
world,1886,37,28225
world,1886,38,13857
world,1886,39,6785
world,1886,40,3586
world,1886,41,1851
world,1886,42,904
world,1886,43,458
world,1886,44,236
world,1886,45,84
world,1886,46,33
world,1886,47,10
world,1886,48,4
world,1886,49,0
world,1886,50,0
world,1886,51,0
world,1886,52,0
world,1886,53,0
world,1886,54,0
world,1886,55,0
world,1886,56,0
world,1886,57,0
world,1886,58,0
world,1886,59,0
world,1886,60,0
world,1886,61,0
world,1886,62,0
world,1886,63,0
world,1886,64,0
world,1886,65,0
world,1886,66,0
world,1886,67,0
world,1886,68,0
world,1886,69,0
world,1886,70,0
world,1886,71,0
world,1886,72,0
world,1886,73,0
world,1886,74,0
world,1886,75,0
world,1886,76,0
world,1886,77,0
world,1886,78,0
world,1886,79,0
world,1886,80,0
world,1886,81,0
world,1886,82,0
world,1886,83,0
world,1886,84,0
world,1886,85,0
world,1886,86,0
world,1886,87,0
world,1886,88,0
world,1886,89,0
world,1886,90,0
world,1886,91,0
world,1886,92,0
world,1886,93,0
world,1886,94,0
world,1886,95,0
world,1886,96,0
world,1886,97,0
world,1886,98,0
world,1886,99,0
world,1886,100,0
world,1886,101,0
world,1886,102,0
world,1886,103,0
world,1886,104,0
world,1887,0,0
world,1887,1,273
world,1887,2,1725
world,1887,3,4639
world,1887,4,9173
world,1887,5,16667
world,1887,6,34369
world,1887,7,86501
world,1887,8,272121
world,1887,9,859746
world,1887,10,2610669
world,1887,11,7199797
world,1887,12,18140992
world,1887,13,41672802
world,1887,14,76707402
world,1887,15,114206883
world,1887,16,150582139
world,1887,17,174731444
world,1887,18,176166748
world,1887,19,161308305
world,1887,20,134671554
world,1887,21,106408100
world,1887,22,83017985
world,1887,23,66163918
world,1887,24,52641698
world,1887,25,39979795
world,1887,26,28236941
world,1887,27,18732137
world,1887,28,11719724
world,1887,29,6960926
world,1887,30,3848046
world,1887,31,2012675
world,1887,32,1056025
world,1887,33,538269
world,1887,34,265386
world,1887,35,130203
world,1887,36,63609
world,1887,37,31118
world,1887,38,15362
world,1887,39,7583
world,1887,40,4022
world,1887,41,2113
world,1887,42,1064
world,1887,43,540
world,1887,44,293
world,1887,45,114
world,1887,46,47
world,1887,47,20
world,1887,48,10
world,1887,49,0
world,1887,50,0
world,1887,51,0
world,1887,52,0
world,1887,53,0
world,1887,54,0
world,1887,55,0
world,1887,56,0
world,1887,57,0
world,1887,58,0
world,1887,59,0
world,1887,60,0
world,1887,61,0
world,1887,62,0
world,1887,63,0
world,1887,64,0
world,1887,65,0
world,1887,66,0
world,1887,67,0
world,1887,68,0
world,1887,69,0
world,1887,70,0
world,1887,71,0
world,1887,72,0
world,1887,73,0
world,1887,74,0
world,1887,75,0
world,1887,76,0
world,1887,77,0
world,1887,78,0
world,1887,79,0
world,1887,80,0
world,1887,81,0
world,1887,82,0
world,1887,83,0
world,1887,84,0
world,1887,85,0
world,1887,86,0
world,1887,87,0
world,1887,88,0
world,1887,89,0
world,1887,90,0
world,1887,91,0
world,1887,92,0
world,1887,93,0
world,1887,94,0
world,1887,95,0
world,1887,96,0
world,1887,97,0
world,1887,98,0
world,1887,99,0
world,1887,100,0
world,1887,101,0
world,1887,102,0
world,1887,103,0
world,1887,104,0
world,1888,0,0
world,1888,1,492
world,1888,2,2203
world,1888,3,5433
world,1888,4,10352
world,1888,5,18609
world,1888,6,38211
world,1888,7,93626
world,1888,8,275577
world,1888,9,814497
world,1888,10,2411530
world,1888,11,6745492
world,1888,12,17197580
world,1888,13,40083676
world,1888,14,74894014
world,1888,15,112501650
world,1888,16,150121121
world,1888,17,176471633
world,1888,18,179110891
world,1888,19,164465184
world,1888,20,137248598
world,1888,21,107957836
world,1888,22,84069756
world,1888,23,67059277
world,1888,24,53755952
world,1888,25,41286643
world,1888,26,29264905
world,1888,27,19294170
world,1888,28,11963469
world,1888,29,7017674
world,1888,30,3846124
world,1888,31,2013786
world,1888,32,1055395
world,1888,33,536972
world,1888,34,266518
world,1888,35,132217
world,1888,36,64886
world,1888,37,31711
world,1888,38,15580
world,1888,39,7649
world,1888,40,4029
world,1888,41,2089
world,1888,42,1036
world,1888,43,525
world,1888,44,280
world,1888,45,119
world,1888,46,65
world,1888,47,23
world,1888,48,11
world,1888,49,0
world,1888,50,0
world,1888,51,0
world,1888,52,0
world,1888,53,0
world,1888,54,0
world,1888,55,0
world,1888,56,0
world,1888,57,0
world,1888,58,0
world,1888,59,0
world,1888,60,0
world,1888,61,0
world,1888,62,0
world,1888,63,0
world,1888,64,0
world,1888,65,0
world,1888,66,0
world,1888,67,0
world,1888,68,0
world,1888,69,0
world,1888,70,0
world,1888,71,0
world,1888,72,0
world,1888,73,0
world,1888,74,0
world,1888,75,0
world,1888,76,0
world,1888,77,0
world,1888,78,0
world,1888,79,0
world,1888,80,0
world,1888,81,0
world,1888,82,0
world,1888,83,0
world,1888,84,0
world,1888,85,0
world,1888,86,0
world,1888,87,0
world,1888,88,0
world,1888,89,0
world,1888,90,0
world,1888,91,0
world,1888,92,0
world,1888,93,0
world,1888,94,0
world,1888,95,0
world,1888,96,0
world,1888,97,0
world,1888,98,0
world,1888,99,0
world,1888,100,0
world,1888,101,0
world,1888,102,0
world,1888,103,0
world,1888,104,0
world,1889,0,0
world,1889,1,415
world,1889,2,2221
world,1889,3,5656
world,1889,4,10757
world,1889,5,19802
world,1889,6,41531
world,1889,7,103109
world,1889,8,307779
world,1889,9,901314
world,1889,10,2574469
world,1889,11,7045838
world,1889,12,17509473
world,1889,13,40272664
world,1889,14,75072105
world,1889,15,112629195
world,1889,16,150544488
world,1889,17,177923850
world,1889,18,180959340
world,1889,19,165953050
world,1889,20,137625000
world,1889,21,107485263
world,1889,22,83507846
world,1889,23,66591511
world,1889,24,53829601
world,1889,25,41861909
world,1889,26,30234767
world,1889,27,20384113
world,1889,28,12891506
world,1889,29,7709595
world,1889,30,4301373
world,1889,31,2262006
world,1889,32,1194743
world,1889,33,615262
world,1889,34,305918
world,1889,35,150725
world,1889,36,74210
world,1889,37,36350
world,1889,38,17988
world,1889,39,8971
world,1889,40,4749
world,1889,41,2535
world,1889,42,1288
world,1889,43,653
world,1889,44,336
world,1889,45,140
world,1889,46,72
world,1889,47,31
world,1889,48,16
world,1889,49,0
world,1889,50,0
world,1889,51,0
world,1889,52,0
world,1889,53,0
world,1889,54,0
world,1889,55,0
world,1889,56,0
world,1889,57,0
world,1889,58,0
world,1889,59,0
world,1889,60,0
world,1889,61,0
world,1889,62,0
world,1889,63,0
world,1889,64,0
world,1889,65,0
world,1889,66,0
world,1889,67,0
world,1889,68,0
world,1889,69,0
world,1889,70,0
world,1889,71,0
world,1889,72,0
world,1889,73,0
world,1889,74,0
world,1889,75,0
world,1889,76,0
world,1889,77,0
world,1889,78,0
world,1889,79,0
world,1889,80,0
world,1889,81,0
world,1889,82,0
world,1889,83,0
world,1889,84,0
world,1889,85,0
world,1889,86,0
world,1889,87,0
world,1889,88,0
world,1889,89,0
world,1889,90,0
world,1889,91,0
world,1889,92,0
world,1889,93,0
world,1889,94,0
world,1889,95,0
world,1889,96,0
world,1889,97,0
world,1889,98,0
world,1889,99,0
world,1889,100,0
world,1889,101,0
world,1889,102,0
world,1889,103,0
world,1889,104,0
world,1890,0,0
world,1890,1,244
world,1890,2,2002
world,1890,3,5438
world,1890,4,10580
world,1890,5,19826
world,1890,6,41515
world,1890,7,104297
world,1890,8,321629
world,1890,9,951188
world,1890,10,2666125
world,1890,11,7116581
world,1890,12,17359891
world,1890,13,39726668
world,1890,14,74156475
world,1890,15,111082005
world,1890,16,148945374
world,1890,17,177163772
world,1890,18,181465118
world,1890,19,167967202
world,1890,20,140617601
world,1890,21,110134300
world,1890,22,85388858
world,1890,23,68138870
world,1890,24,55196746
world,1890,25,42994603
world,1890,26,31031915
world,1890,27,20878715
world,1890,28,13160016
world,1890,29,7848038
world,1890,30,4363128
world,1890,31,2287038
world,1890,32,1207228
world,1890,33,622126
world,1890,34,309372
world,1890,35,152402
world,1890,36,75069
world,1890,37,36825
world,1890,38,18314
world,1890,39,9112
world,1890,40,4823
world,1890,41,2576
world,1890,42,1313
world,1890,43,663
world,1890,44,341
world,1890,45,142
world,1890,46,74
world,1890,47,30
world,1890,48,20
world,1890,49,0
world,1890,50,0
world,1890,51,0
world,1890,52,0
world,1890,53,0
world,1890,54,0
world,1890,55,0
world,1890,56,0
world,1890,57,0
world,1890,58,0
world,1890,59,0
world,1890,60,0
world,1890,61,0
world,1890,62,0
world,1890,63,0
world,1890,64,0
world,1890,65,0
world,1890,66,0
world,1890,67,0
world,1890,68,0
world,1890,69,0
world,1890,70,0
world,1890,71,0
world,1890,72,0
world,1890,73,0
world,1890,74,0
world,1890,75,0
world,1890,76,0
world,1890,77,0
world,1890,78,0
world,1890,79,0
world,1890,80,0
world,1890,81,0
world,1890,82,0
world,1890,83,0
world,1890,84,0
world,1890,85,0
world,1890,86,0
world,1890,87,0
world,1890,88,0
world,1890,89,0
world,1890,90,0
world,1890,91,0
world,1890,92,0
world,1890,93,0
world,1890,94,0
world,1890,95,0
world,1890,96,0
world,1890,97,0
world,1890,98,0
world,1890,99,0
world,1890,100,0
world,1890,101,0
world,1890,102,0
world,1890,103,0
world,1890,104,0
world,1891,0,0
world,1891,1,677
world,1891,2,2977
world,1891,3,6735
world,1891,4,11778
world,1891,5,21432
world,1891,6,45342
world,1891,7,111481
world,1891,8,331128
world,1891,9,968423
world,1891,10,2738647
world,1891,11,7499346
world,1891,12,18572703
world,1891,13,42218775
world,1891,14,77229884
world,1891,15,115388594
world,1891,16,153618939
world,1891,17,180694231
world,1891,18,182850655
world,1891,19,166624916
world,1891,20,136808403
world,1891,21,106515832
world,1891,22,83617092
world,1891,23,67572022
world,1891,24,55270206
world,1891,25,43175078
world,1891,26,31113484
world,1891,27,20917465
world,1891,28,13136293
world,1891,29,7840216
world,1891,30,4352568
world,1891,31,2274766
world,1891,32,1198931
world,1891,33,617978
world,1891,34,307515
world,1891,35,150895
world,1891,36,74167
world,1891,37,36088
world,1891,38,17896
world,1891,39,8913
world,1891,40,4730
world,1891,41,2516
world,1891,42,1286
world,1891,43,661
world,1891,44,335
world,1891,45,141
world,1891,46,72
world,1891,47,29
world,1891,48,22
world,1891,49,0
world,1891,50,0
world,1891,51,0
world,1891,52,0
world,1891,53,0
world,1891,54,0
world,1891,55,0
world,1891,56,0
world,1891,57,0
world,1891,58,0
world,1891,59,0
world,1891,60,0
world,1891,61,0
world,1891,62,0
world,1891,63,0
world,1891,64,0
world,1891,65,0
world,1891,66,0
world,1891,67,0
world,1891,68,0
world,1891,69,0
world,1891,70,0
world,1891,71,0
world,1891,72,0
world,1891,73,0
world,1891,74,0
world,1891,75,0
world,1891,76,0
world,1891,77,0
world,1891,78,0
world,1891,79,0
world,1891,80,0
world,1891,81,0
world,1891,82,0
world,1891,83,0
world,1891,84,0
world,1891,85,0
world,1891,86,0
world,1891,87,0
world,1891,88,0
world,1891,89,0
world,1891,90,0
world,1891,91,0
world,1891,92,0
world,1891,93,0
world,1891,94,0
world,1891,95,0
world,1891,96,0
world,1891,97,0
world,1891,98,0
world,1891,99,0
world,1891,100,0
world,1891,101,0
world,1891,102,0
world,1891,103,0
world,1891,104,0
world,1892,0,0
world,1892,1,419
world,1892,2,2671
world,1892,3,6839
world,1892,4,12660
world,1892,5,23119
world,1892,6,47224
world,1892,7,111469
world,1892,8,326752
world,1892,9,971443
world,1892,10,2722487
world,1892,11,7179082
world,1892,12,17439524
world,1892,13,39904047
world,1892,14,74529539
world,1892,15,111548285
world,1892,16,149605469
world,1892,17,178211269
world,1892,18,182537158
world,1892,19,169383670
world,1892,20,142221697
world,1892,21,111697016
world,1892,22,87065559
world,1892,23,69971745
world,1892,24,57067207
world,1892,25,44555206
world,1892,26,32309860
world,1892,27,22013439
world,1892,28,13993819
world,1892,29,8440358
world,1892,30,4812113
world,1892,31,2575675
world,1892,32,1365946
world,1892,33,715291
world,1892,34,360986
world,1892,35,176493
world,1892,36,86603
world,1892,37,42615
world,1892,38,21568
world,1892,39,10950
world,1892,40,5733
world,1892,41,2968
world,1892,42,1526
world,1892,43,786
world,1892,44,399
world,1892,45,175
world,1892,46,86
world,1892,47,29
world,1892,48,24
world,1892,49,1
world,1892,50,0
world,1892,51,0
world,1892,52,0
world,1892,53,0
world,1892,54,0
world,1892,55,0
world,1892,56,0
world,1892,57,0
world,1892,58,0
world,1892,59,0
world,1892,60,0
world,1892,61,0
world,1892,62,0
world,1892,63,0
world,1892,64,0
world,1892,65,0
world,1892,66,0
world,1892,67,0
world,1892,68,0
world,1892,69,0
world,1892,70,0
world,1892,71,0
world,1892,72,0
world,1892,73,0
world,1892,74,0
world,1892,75,0
world,1892,76,0
world,1892,77,0
world,1892,78,0
world,1892,79,0
world,1892,80,0
world,1892,81,0
world,1892,82,0
world,1892,83,0
world,1892,84,0
world,1892,85,0
world,1892,86,0
world,1892,87,0
world,1892,88,0
world,1892,89,0
world,1892,90,0
world,1892,91,0
world,1892,92,0
world,1892,93,0
world,1892,94,0
world,1892,95,0
world,1892,96,0
world,1892,97,0
world,1892,98,0
world,1892,99,0
world,1892,100,0
world,1892,101,0
world,1892,102,0
world,1892,103,0
world,1892,104,0
world,1893,0,0
world,1893,1,412
world,1893,2,2984
world,1893,3,7785
world,1893,4,14985
world,1893,5,26973
world,1893,6,52018
world,1893,7,113900
world,1893,8,306235
world,1893,9,894160
world,1893,10,2565908
world,1893,11,6882401
world,1893,12,16813512
world,1893,13,38582747
world,1893,14,73078462
world,1893,15,110743882
world,1893,16,149426642
world,1893,17,178813742
world,1893,18,184145604
world,1893,19,171564688
world,1893,20,144491680
world,1893,21,113498776
world,1893,22,88755015
world,1893,23,71808909
world,1893,24,58909314
world,1893,25,46136548
world,1893,26,33125831
world,1893,27,22113039
world,1893,28,13706677
world,1893,29,8099058
world,1893,30,4479151
world,1893,31,2335781
world,1893,32,1224521
world,1893,33,629871
world,1893,34,313535
world,1893,35,153935
world,1893,36,75810
world,1893,37,37164
world,1893,38,18717
world,1893,39,9498
world,1893,40,5129
world,1893,41,2774
world,1893,42,1440
world,1893,43,743
world,1893,44,392
world,1893,45,172
world,1893,46,85
world,1893,47,30
world,1893,48,19
world,1893,49,1
world,1893,50,0
world,1893,51,0
world,1893,52,0
world,1893,53,0
world,1893,54,0
world,1893,55,0
world,1893,56,0
world,1893,57,0
world,1893,58,0
world,1893,59,0
world,1893,60,0
world,1893,61,0
world,1893,62,0
world,1893,63,0
world,1893,64,0
world,1893,65,0
world,1893,66,0
world,1893,67,0
world,1893,68,0
world,1893,69,0
world,1893,70,0
world,1893,71,0
world,1893,72,0
world,1893,73,0
world,1893,74,0
world,1893,75,0
world,1893,76,0
world,1893,77,0
world,1893,78,0
world,1893,79,0
world,1893,80,0
world,1893,81,0
world,1893,82,0
world,1893,83,0
world,1893,84,0
world,1893,85,0
world,1893,86,0
world,1893,87,0
world,1893,88,0
world,1893,89,0
world,1893,90,0
world,1893,91,0
world,1893,92,0
world,1893,93,0
world,1893,94,0
world,1893,95,0
world,1893,96,0
world,1893,97,0
world,1893,98,0
world,1893,99,0
world,1893,100,0
world,1893,101,0
world,1893,102,0
world,1893,103,0
world,1893,104,0
world,1894,0,0
world,1894,1,54
world,1894,2,2241
world,1894,3,6900
world,1894,4,14598
world,1894,5,27463
world,1894,6,52169
world,1894,7,109852
world,1894,8,276751
world,1894,9,785909
world,1894,10,2299179
world,1894,11,6335368
world,1894,12,15797458
world,1894,13,36642734
world,1894,14,70242169
world,1894,15,108165641
world,1894,16,147293755
world,1894,17,177525572
world,1894,18,184083030
world,1894,19,173136988
world,1894,20,147910162
world,1894,21,117331976
world,1894,22,91954554
world,1894,23,74135509
world,1894,24,60849833
world,1894,25,48147533
world,1894,26,34939727
world,1894,27,23368596
world,1894,28,14501663
world,1894,29,8490237
world,1894,30,4645533
world,1894,31,2408480
world,1894,32,1252547
world,1894,33,637413
world,1894,34,314945
world,1894,35,156463
world,1894,36,78174
world,1894,37,38586
world,1894,38,19329
world,1894,39,9608
world,1894,40,5043
world,1894,41,2648
world,1894,42,1290
world,1894,43,633
world,1894,44,333
world,1894,45,149
world,1894,46,74
world,1894,47,30
world,1894,48,18
world,1894,49,2
world,1894,50,0
world,1894,51,0
world,1894,52,0
world,1894,53,0
world,1894,54,0
world,1894,55,0
world,1894,56,0
world,1894,57,0
world,1894,58,0
world,1894,59,0
world,1894,60,0
world,1894,61,0
world,1894,62,0
world,1894,63,0
world,1894,64,0
world,1894,65,0
world,1894,66,0
world,1894,67,0
world,1894,68,0
world,1894,69,0
world,1894,70,0
world,1894,71,0
world,1894,72,0
world,1894,73,0
world,1894,74,0
world,1894,75,0
world,1894,76,0
world,1894,77,0
world,1894,78,0
world,1894,79,0
world,1894,80,0
world,1894,81,0
world,1894,82,0
world,1894,83,0
world,1894,84,0
world,1894,85,0
world,1894,86,0
world,1894,87,0
world,1894,88,0
world,1894,89,0
world,1894,90,0
world,1894,91,0
world,1894,92,0
world,1894,93,0
world,1894,94,0
world,1894,95,0
world,1894,96,0
world,1894,97,0
world,1894,98,0
world,1894,99,0
world,1894,100,0
world,1894,101,0
world,1894,102,0
world,1894,103,0
world,1894,104,0
world,1895,0,0
world,1895,1,85
world,1895,2,2137
world,1895,3,6553
world,1895,4,13369
world,1895,5,24689
world,1895,6,47654
world,1895,7,103308
world,1895,8,275056
world,1895,9,783003
world,1895,10,2219980
world,1895,11,6182474
world,1895,12,15800047
world,1895,13,37166174
world,1895,14,71362922
world,1895,15,109385722
world,1895,16,149056927
world,1895,17,179767406
world,1895,18,186183020
world,1895,19,174340041
world,1895,20,147495669
world,1895,21,116128578
world,1895,22,91064930
world,1895,23,73680872
world,1895,24,60681938
world,1895,25,48169361
world,1895,26,35235138
world,1895,27,23994341
world,1895,28,15176407
world,1895,29,9065080
world,1895,30,5115119
world,1895,31,2716697
world,1895,32,1436621
world,1895,33,748874
world,1895,34,376354
world,1895,35,185725
world,1895,36,92470
world,1895,37,45490
world,1895,38,22814
world,1895,39,11568
world,1895,40,6027
world,1895,41,3143
world,1895,42,1601
world,1895,43,811
world,1895,44,417
world,1895,45,177
world,1895,46,84
world,1895,47,26
world,1895,48,10
world,1895,49,0
world,1895,50,0
world,1895,51,0
world,1895,52,0
world,1895,53,0
world,1895,54,0
world,1895,55,0
world,1895,56,0
world,1895,57,0
world,1895,58,0
world,1895,59,0
world,1895,60,0
world,1895,61,0
world,1895,62,0
world,1895,63,0
world,1895,64,0
world,1895,65,0
world,1895,66,0
world,1895,67,0
world,1895,68,0
world,1895,69,0
world,1895,70,0
world,1895,71,0
world,1895,72,0
world,1895,73,0
world,1895,74,0
world,1895,75,0
world,1895,76,0
world,1895,77,0
world,1895,78,0
world,1895,79,0
world,1895,80,0
world,1895,81,0
world,1895,82,0
world,1895,83,0
world,1895,84,0
world,1895,85,0
world,1895,86,0
world,1895,87,0
world,1895,88,0
world,1895,89,0
world,1895,90,0
world,1895,91,0
world,1895,92,0
world,1895,93,0
world,1895,94,0
world,1895,95,0
world,1895,96,0
world,1895,97,0
world,1895,98,0
world,1895,99,0
world,1895,100,0
world,1895,101,0
world,1895,102,0
world,1895,103,0
world,1895,104,0
world,1896,0,0
world,1896,1,343
world,1896,2,2866
world,1896,3,7994
world,1896,4,15804
world,1896,5,28035
world,1896,6,52097
world,1896,7,109232
world,1896,8,282056
world,1896,9,807152
world,1896,10,2334709
world,1896,11,6579971
world,1896,12,16728773
world,1896,13,38636430
world,1896,14,73301239
world,1896,15,113142806
world,1896,16,153337383
world,1896,17,182758245
world,1896,18,187509437
world,1896,19,173082944
world,1896,20,143456461
world,1896,21,112223330
world,1896,22,89280805
world,1896,23,73261766
world,1896,24,61248095
world,1896,25,49451702
world,1896,26,36495652
world,1896,27,24845037
world,1896,28,15597180
world,1896,29,9257763
world,1896,30,5136713
world,1896,31,2672335
world,1896,32,1392163
world,1896,33,712271
world,1896,34,350903
world,1896,35,172052
world,1896,36,85761
world,1896,37,41761
world,1896,38,20690
world,1896,39,10496
world,1896,40,5634
world,1896,41,3059
world,1896,42,1570
world,1896,43,785
world,1896,44,405
world,1896,45,175
world,1896,46,73
world,1896,47,25
world,1896,48,7
world,1896,49,0
world,1896,50,0
world,1896,51,0
world,1896,52,0
world,1896,53,0
world,1896,54,0
world,1896,55,0
world,1896,56,0
world,1896,57,0
world,1896,58,0
world,1896,59,0
world,1896,60,0
world,1896,61,0
world,1896,62,0
world,1896,63,0
world,1896,64,0
world,1896,65,0
world,1896,66,0
world,1896,67,0
world,1896,68,0
world,1896,69,0
world,1896,70,0
world,1896,71,0
world,1896,72,0
world,1896,73,0
world,1896,74,0
world,1896,75,0
world,1896,76,0
world,1896,77,0
world,1896,78,0
world,1896,79,0
world,1896,80,0
world,1896,81,0
world,1896,82,0
world,1896,83,0
world,1896,84,0
world,1896,85,0
world,1896,86,0
world,1896,87,0
world,1896,88,0
world,1896,89,0
world,1896,90,0
world,1896,91,0
world,1896,92,0
world,1896,93,0
world,1896,94,0
world,1896,95,0
world,1896,96,0
world,1896,97,0
world,1896,98,0
world,1896,99,0
world,1896,100,0
world,1896,101,0
world,1896,102,0
world,1896,103,0
world,1896,104,0
world,1897,0,0
world,1897,1,325
world,1897,2,3083
world,1897,3,8507
world,1897,4,16544
world,1897,5,29906
world,1897,6,55702
world,1897,7,115447
world,1897,8,289482
world,1897,9,793133
world,1897,10,2196325
world,1897,11,5893911
world,1897,12,14560242
world,1897,13,34019770
world,1897,14,67158622
world,1897,15,104732297
world,1897,16,144711454
world,1897,17,178036259
world,1897,18,187719006
world,1897,19,178147278
world,1897,20,154754469
world,1897,21,122864440
world,1897,22,95522430
world,1897,23,77067393
world,1897,24,63612230
world,1897,25,51084428
world,1897,26,37750255
world,1897,27,25887765
world,1897,28,16468459
world,1897,29,9823755
world,1897,30,5533187
world,1897,31,2923774
world,1897,32,1525208
world,1897,33,784905
world,1897,34,389136
world,1897,35,189396
world,1897,36,93457
world,1897,37,45801
world,1897,38,22726
world,1897,39,11570
world,1897,40,6006
world,1897,41,3142
world,1897,42,1594
world,1897,43,800
world,1897,44,403
world,1897,45,179
world,1897,46,76
world,1897,47,20
world,1897,48,0
world,1897,49,0
world,1897,50,0
world,1897,51,0
world,1897,52,0
world,1897,53,0
world,1897,54,0
world,1897,55,0
world,1897,56,0
world,1897,57,0
world,1897,58,0
world,1897,59,0
world,1897,60,0
world,1897,61,0
world,1897,62,0
world,1897,63,0
world,1897,64,0
world,1897,65,0
world,1897,66,0
world,1897,67,0
world,1897,68,0
world,1897,69,0
world,1897,70,0
world,1897,71,0
world,1897,72,0
world,1897,73,0
world,1897,74,0
world,1897,75,0
world,1897,76,0
world,1897,77,0
world,1897,78,0
world,1897,79,0
world,1897,80,0
world,1897,81,0
world,1897,82,0
world,1897,83,0
world,1897,84,0
world,1897,85,0
world,1897,86,0
world,1897,87,0
world,1897,88,0
world,1897,89,0
world,1897,90,0
world,1897,91,0
world,1897,92,0
world,1897,93,0
world,1897,94,0
world,1897,95,0
world,1897,96,0
world,1897,97,0
world,1897,98,0
world,1897,99,0
world,1897,100,0
world,1897,101,0
world,1897,102,0
world,1897,103,0
world,1897,104,0
world,1898,0,0
world,1898,1,19
world,1898,2,1756
world,1898,3,6727
world,1898,4,15041
world,1898,5,29253
world,1898,6,55604
world,1898,7,113963
world,1898,8,284609
world,1898,9,783932
world,1898,10,2179379
world,1898,11,5861914
world,1898,12,14467514
world,1898,13,33714530
world,1898,14,66502684
world,1898,15,103775890
world,1898,16,143409846
world,1898,17,176793037
world,1898,18,186666365
world,1898,19,178084085
world,1898,20,155801016
world,1898,21,124828709
world,1898,22,97904949
world,1898,23,79108144
world,1898,24,65396597
world,1898,25,52930191
world,1898,26,39484331
world,1898,27,27237209
world,1898,28,17401976
world,1898,29,10389068
world,1898,30,5839586
world,1898,31,3080631
world,1898,32,1607953
world,1898,33,827586
world,1898,34,410388
world,1898,35,200862
world,1898,36,99714
world,1898,37,48989
world,1898,38,24047
world,1898,39,12079
world,1898,40,6091
world,1898,41,3138
world,1898,42,1553
world,1898,43,759
world,1898,44,381
world,1898,45,171
world,1898,46,71
world,1898,47,24
world,1898,48,0
world,1898,49,0
world,1898,50,0
world,1898,51,0
world,1898,52,0
world,1898,53,0
world,1898,54,0
world,1898,55,0
world,1898,56,0
world,1898,57,0
world,1898,58,0
world,1898,59,0
world,1898,60,0
world,1898,61,0
world,1898,62,0
world,1898,63,0
world,1898,64,0
world,1898,65,0
world,1898,66,0
world,1898,67,0
world,1898,68,0
world,1898,69,0
world,1898,70,0
world,1898,71,0
world,1898,72,0
world,1898,73,0
world,1898,74,0
world,1898,75,0
world,1898,76,0
world,1898,77,0
world,1898,78,0
world,1898,79,0
world,1898,80,0
world,1898,81,0
world,1898,82,0
world,1898,83,0
world,1898,84,0
world,1898,85,0
world,1898,86,0
world,1898,87,0
world,1898,88,0
world,1898,89,0
world,1898,90,0
world,1898,91,0
world,1898,92,0
world,1898,93,0
world,1898,94,0
world,1898,95,0
world,1898,96,0
world,1898,97,0
world,1898,98,0
world,1898,99,0
world,1898,100,0
world,1898,101,0
world,1898,102,0
world,1898,103,0
world,1898,104,0
world,1899,0,0
world,1899,1,20
world,1899,2,2418
world,1899,3,7893
world,1899,4,16824
world,1899,5,31765
world,1899,6,58906
world,1899,7,117787
world,1899,8,280210
world,1899,9,757897
world,1899,10,2131075
world,1899,11,5868950
world,1899,12,14832262
world,1899,13,34739361
world,1899,14,68019631
world,1899,15,106944503
world,1899,16,148265977
world,1899,17,181350354
world,1899,18,189805363
world,1899,19,179355422
world,1899,20,152261394
world,1899,21,118968546
world,1899,22,93190927
world,1899,23,76105736
world,1899,24,64179187
world,1899,25,53577233
world,1899,26,41612192
world,1899,27,29635693
world,1899,28,19223757
world,1899,29,11572300
world,1899,30,6577977
world,1899,31,3500791
world,1899,32,1811503
world,1899,33,921479
world,1899,34,446691
world,1899,35,210591
world,1899,36,101726
world,1899,37,50023
world,1899,38,24798
world,1899,39,12552
world,1899,40,6291
world,1899,41,3138
world,1899,42,1518
world,1899,43,763
world,1899,44,385
world,1899,45,175
world,1899,46,83
world,1899,47,30
world,1899,48,0
world,1899,49,0
world,1899,50,0
world,1899,51,0
world,1899,52,0
world,1899,53,0
world,1899,54,0
world,1899,55,0
world,1899,56,0
world,1899,57,0
world,1899,58,0
world,1899,59,0
world,1899,60,0
world,1899,61,0
world,1899,62,0
world,1899,63,0
world,1899,64,0
world,1899,65,0
world,1899,66,0
world,1899,67,0
world,1899,68,0
world,1899,69,0
world,1899,70,0
world,1899,71,0
world,1899,72,0
world,1899,73,0
world,1899,74,0
world,1899,75,0
world,1899,76,0
world,1899,77,0
world,1899,78,0
world,1899,79,0
world,1899,80,0
world,1899,81,0
world,1899,82,0
world,1899,83,0
world,1899,84,0
world,1899,85,0
world,1899,86,0
world,1899,87,0
world,1899,88,0
world,1899,89,0
world,1899,90,0
world,1899,91,0
world,1899,92,0
world,1899,93,0
world,1899,94,0
world,1899,95,0
world,1899,96,0
world,1899,97,0
world,1899,98,0
world,1899,99,0
world,1899,100,0
world,1899,101,0
world,1899,102,0
world,1899,103,0
world,1899,104,0
world,1900,0,0
world,1900,1,131
world,1900,2,2865
world,1900,3,8712
world,1900,4,18062
world,1900,5,34189
world,1900,6,63680
world,1900,7,126731
world,1900,8,291034
world,1900,9,762653
world,1900,10,2121889
world,1900,11,5743707
world,1900,12,14420220
world,1900,13,34074690
world,1900,14,67315910
world,1900,15,105873262
world,1900,16,147181114
world,1900,17,181263253
world,1900,18,190335214
world,1900,19,180503238
world,1900,20,154928906
world,1900,21,121891278
world,1900,22,95191711
world,1900,23,78002519
world,1900,24,65614075
world,1900,25,54561440
world,1900,26,42430474
world,1900,27,30321091
world,1900,28,19666872
world,1900,29,11790676
world,1900,30,6697522
world,1900,31,3554562
world,1900,32,1828803
world,1900,33,926094
world,1900,34,446454
world,1900,35,208146
world,1900,36,99483
world,1900,37,48834
world,1900,38,24317
world,1900,39,12426
world,1900,40,6230
world,1900,41,3120
world,1900,42,1507
world,1900,43,758
world,1900,44,391
world,1900,45,172
world,1900,46,72
world,1900,47,34
world,1900,48,0
world,1900,49,0
world,1900,50,0
world,1900,51,0
world,1900,52,0
world,1900,53,0
world,1900,54,0
world,1900,55,0
world,1900,56,0
world,1900,57,0
world,1900,58,0
world,1900,59,0
world,1900,60,0
world,1900,61,0
world,1900,62,0
world,1900,63,0
world,1900,64,0
world,1900,65,0
world,1900,66,0
world,1900,67,0
world,1900,68,0
world,1900,69,0
world,1900,70,0
world,1900,71,0
world,1900,72,0
world,1900,73,0
world,1900,74,0
world,1900,75,0
world,1900,76,0
world,1900,77,0
world,1900,78,0
world,1900,79,0
world,1900,80,0
world,1900,81,0
world,1900,82,0
world,1900,83,0
world,1900,84,0
world,1900,85,0
world,1900,86,0
world,1900,87,0
world,1900,88,0
world,1900,89,0
world,1900,90,0
world,1900,91,0
world,1900,92,0
world,1900,93,0
world,1900,94,0
world,1900,95,0
world,1900,96,0
world,1900,97,0
world,1900,98,0
world,1900,99,0
world,1900,100,0
world,1900,101,0
world,1900,102,0
world,1900,103,0
world,1900,104,0
world,1901,0,0
world,1901,1,179
world,1901,2,2553
world,1901,3,8225
world,1901,4,17116
world,1901,5,32440
world,1901,6,60015
world,1901,7,119214
world,1901,8,281485
world,1901,9,760427
world,1901,10,2141592
world,1901,11,5834204
world,1901,12,14690245
world,1901,13,34781654
world,1901,14,67833271
world,1901,15,106006780
world,1901,16,147059283
world,1901,17,180887124
world,1901,18,189107710
world,1901,19,180425990
world,1901,20,156637670
world,1901,21,124345884
world,1901,22,97000287
world,1901,23,78522553
world,1901,24,65469714
world,1901,25,54440113
world,1901,26,42887973
world,1901,27,31661266
world,1901,28,21251654
world,1901,29,13108032
world,1901,30,7550502
world,1901,31,4023002
world,1901,32,2021891
world,1901,33,1002769
world,1901,34,470291
world,1901,35,210264
world,1901,36,93813
world,1901,37,44430
world,1901,38,22314
world,1901,39,11724
world,1901,40,6040
world,1901,41,3022
world,1901,42,1402
world,1901,43,649
world,1901,44,314
world,1901,45,127
world,1901,46,56
world,1901,47,24
world,1901,48,0
world,1901,49,0
world,1901,50,0
world,1901,51,0
world,1901,52,0
world,1901,53,0
world,1901,54,0
world,1901,55,0
world,1901,56,0
world,1901,57,0
world,1901,58,0
world,1901,59,0
world,1901,60,0
world,1901,61,0
world,1901,62,0
world,1901,63,0
world,1901,64,0
world,1901,65,0
world,1901,66,0
world,1901,67,0
world,1901,68,0
world,1901,69,0
world,1901,70,0
world,1901,71,0
world,1901,72,0
world,1901,73,0
world,1901,74,0
world,1901,75,0
world,1901,76,0
world,1901,77,0
world,1901,78,0
world,1901,79,0
world,1901,80,0
world,1901,81,0
world,1901,82,0
world,1901,83,0
world,1901,84,0
world,1901,85,0
world,1901,86,0
world,1901,87,0
world,1901,88,0
world,1901,89,0
world,1901,90,0
world,1901,91,0
world,1901,92,0
world,1901,93,0
world,1901,94,0
world,1901,95,0
world,1901,96,0
world,1901,97,0
world,1901,98,0
world,1901,99,0
world,1901,100,0
world,1901,101,0
world,1901,102,0
world,1901,103,0
world,1901,104,0
world,1902,0,0
world,1902,1,80
world,1902,2,2731
world,1902,3,8923
world,1902,4,19078
world,1902,5,35243
world,1902,6,63917
world,1902,7,126585
world,1902,8,300469
world,1902,9,794196
world,1902,10,2167518
world,1902,11,5789106
world,1902,12,14224479
world,1902,13,33367331
world,1902,14,65294128
world,1902,15,102367998
world,1902,16,143034979
world,1902,17,178099740
world,1902,18,188151226
world,1902,19,181914558
world,1902,20,162525747
world,1902,21,131195182
world,1902,22,101595753
world,1902,23,81399194
world,1902,24,67458861
world,1902,25,55976311
world,1902,26,44215778
world,1902,27,32598285
world,1902,28,21862785
world,1902,29,13461287
world,1902,30,7738349
world,1902,31,4128271
world,1902,32,2080850
world,1902,33,1034694
world,1902,34,487008
world,1902,35,216838
world,1902,36,96356
world,1902,37,45668
world,1902,38,22922
world,1902,39,11996
world,1902,40,6141
world,1902,41,3049
world,1902,42,1432
world,1902,43,657
world,1902,44,312
world,1902,45,130
world,1902,46,55
world,1902,47,28
world,1902,48,0
world,1902,49,0
world,1902,50,0
world,1902,51,0
world,1902,52,0
world,1902,53,0
world,1902,54,0
world,1902,55,0
world,1902,56,0
world,1902,57,0
world,1902,58,0
world,1902,59,0
world,1902,60,0
world,1902,61,0
world,1902,62,0
world,1902,63,0
world,1902,64,0
world,1902,65,0
world,1902,66,0
world,1902,67,0
world,1902,68,0
world,1902,69,0
world,1902,70,0
world,1902,71,0
world,1902,72,0
world,1902,73,0
world,1902,74,0
world,1902,75,0
world,1902,76,0
world,1902,77,0
world,1902,78,0
world,1902,79,0
world,1902,80,0
world,1902,81,0
world,1902,82,0
world,1902,83,0
world,1902,84,0
world,1902,85,0
world,1902,86,0
world,1902,87,0
world,1902,88,0
world,1902,89,0
world,1902,90,0
world,1902,91,0
world,1902,92,0
world,1902,93,0
world,1902,94,0
world,1902,95,0
world,1902,96,0
world,1902,97,0
world,1902,98,0
world,1902,99,0
world,1902,100,0
world,1902,101,0
world,1902,102,0
world,1902,103,0
world,1902,104,0
world,1903,0,0
world,1903,1,7
world,1903,2,1977
world,1903,3,8053
world,1903,4,18481
world,1903,5,35766
world,1903,6,66596
world,1903,7,131592
world,1903,8,300618
world,1903,9,772503
world,1903,10,2078846
world,1903,11,5534742
world,1903,12,13846723
world,1903,13,33009365
world,1903,14,65282383
world,1903,15,102476824
world,1903,16,143147222
world,1903,17,179059685
world,1903,18,189569076
world,1903,19,183351919
world,1903,20,164127511
world,1903,21,132498572
world,1903,22,102541002
world,1903,23,82167753
world,1903,24,67988216
world,1903,25,56612278
world,1903,26,45089642
world,1903,27,33672384
world,1903,28,22942885
world,1903,29,14294901
world,1903,30,8327953
world,1903,31,4467587
world,1903,32,2222270
world,1903,33,1098698
world,1903,34,507399
world,1903,35,222821
world,1903,36,97263
world,1903,37,45413
world,1903,38,22360
world,1903,39,11525
world,1903,40,5917
world,1903,41,3001
world,1903,42,1445
world,1903,43,669
world,1903,44,334
world,1903,45,129
world,1903,46,53
world,1903,47,32
world,1903,48,0
world,1903,49,0
world,1903,50,0
world,1903,51,0
world,1903,52,0
world,1903,53,0
world,1903,54,0
world,1903,55,0
world,1903,56,0
world,1903,57,0
world,1903,58,0
world,1903,59,0
world,1903,60,0
world,1903,61,0
world,1903,62,0
world,1903,63,0
world,1903,64,0
world,1903,65,0
world,1903,66,0
world,1903,67,0
world,1903,68,0
world,1903,69,0
world,1903,70,0
world,1903,71,0
world,1903,72,0
world,1903,73,0
world,1903,74,0
world,1903,75,0
world,1903,76,0
world,1903,77,0
world,1903,78,0
world,1903,79,0
world,1903,80,0
world,1903,81,0
world,1903,82,0
world,1903,83,0
world,1903,84,0
world,1903,85,0
world,1903,86,0
world,1903,87,0
world,1903,88,0
world,1903,89,0
world,1903,90,0
world,1903,91,0
world,1903,92,0
world,1903,93,0
world,1903,94,0
world,1903,95,0
world,1903,96,0
world,1903,97,0
world,1903,98,0
world,1903,99,0
world,1903,100,0
world,1903,101,0
world,1903,102,0
world,1903,103,0
world,1903,104,0
world,1904,0,0
world,1904,1,8
world,1904,2,2262
world,1904,3,8699
world,1904,4,19725
world,1904,5,37534
world,1904,6,68492
world,1904,7,132505
world,1904,8,293937
world,1904,9,744195
world,1904,10,2020301
world,1904,11,5441967
world,1904,12,13670632
world,1904,13,32665478
world,1904,14,64478220
world,1904,15,102075808
world,1904,16,144145400
world,1904,17,180723884
world,1904,18,191238739
world,1904,19,185537154
world,1904,20,166138603
world,1904,21,133657264
world,1904,22,103376678
world,1904,23,83285758
world,1904,24,69237466
world,1904,25,57815041
world,1904,26,46172978
world,1904,27,34271495
world,1904,28,23108758
world,1904,29,14234544
world,1904,30,8201660
world,1904,31,4400152
world,1904,32,2236743
world,1904,33,1125643
world,1904,34,538915
world,1904,35,245835
world,1904,36,112789
world,1904,37,55003
world,1904,38,28092
world,1904,39,14836
world,1904,40,7602
world,1904,41,3716
world,1904,42,1617
world,1904,43,704
world,1904,44,332
world,1904,45,139
world,1904,46,57
world,1904,47,35
world,1904,48,1
world,1904,49,0
world,1904,50,0
world,1904,51,0
world,1904,52,0
world,1904,53,0
world,1904,54,0
world,1904,55,0
world,1904,56,0
world,1904,57,0
world,1904,58,0
world,1904,59,0
world,1904,60,0
world,1904,61,0
world,1904,62,0
world,1904,63,0
world,1904,64,0
world,1904,65,0
world,1904,66,0
world,1904,67,0
world,1904,68,0
world,1904,69,0
world,1904,70,0
world,1904,71,0
world,1904,72,0
world,1904,73,0
world,1904,74,0
world,1904,75,0
world,1904,76,0
world,1904,77,0
world,1904,78,0
world,1904,79,0
world,1904,80,0
world,1904,81,0
world,1904,82,0
world,1904,83,0
world,1904,84,0
world,1904,85,0
world,1904,86,0
world,1904,87,0
world,1904,88,0
world,1904,89,0
world,1904,90,0
world,1904,91,0
world,1904,92,0
world,1904,93,0
world,1904,94,0
world,1904,95,0
world,1904,96,0
world,1904,97,0
world,1904,98,0
world,1904,99,0
world,1904,100,0
world,1904,101,0
world,1904,102,0
world,1904,103,0
world,1904,104,0
world,1905,0,0
world,1905,1,8
world,1905,2,2699
world,1905,3,9513
world,1905,4,21048
world,1905,5,39315
world,1905,6,71432
world,1905,7,139332
world,1905,8,306757
world,1905,9,771156
world,1905,10,2081497
world,1905,11,5575083
world,1905,12,14289540
world,1905,13,34685079
world,1905,14,67703013
world,1905,15,105984712
world,1905,16,147962479
world,1905,17,184000737
world,1905,18,192682696
world,1905,19,185586300
world,1905,20,164248430
world,1905,21,130959658
world,1905,22,100865924
world,1905,23,81425479
world,1905,24,67842510
world,1905,25,57263268
world,1905,26,46390538
world,1905,27,35324320
world,1905,28,24624442
world,1905,29,15588690
world,1905,30,9226448
world,1905,31,5049084
world,1905,32,2544151
world,1905,33,1279000
world,1905,34,609789
world,1905,35,277155
world,1905,36,124523
world,1905,37,59429
world,1905,38,29612
world,1905,39,15308
world,1905,40,7839
world,1905,41,3881
world,1905,42,1745
world,1905,43,748
world,1905,44,354
world,1905,45,148
world,1905,46,79
world,1905,47,47
world,1905,48,1
world,1905,49,0
world,1905,50,0
world,1905,51,0
world,1905,52,0
world,1905,53,0
world,1905,54,0
world,1905,55,0
world,1905,56,0
world,1905,57,0
world,1905,58,0
world,1905,59,0
world,1905,60,0
world,1905,61,0
world,1905,62,0
world,1905,63,0
world,1905,64,0
world,1905,65,0
world,1905,66,0
world,1905,67,0
world,1905,68,0
world,1905,69,0
world,1905,70,0
world,1905,71,0
world,1905,72,0
world,1905,73,0
world,1905,74,0
world,1905,75,0
world,1905,76,0
world,1905,77,0
world,1905,78,0
world,1905,79,0
world,1905,80,0
world,1905,81,0
world,1905,82,0
world,1905,83,0
world,1905,84,0
world,1905,85,0
world,1905,86,0
world,1905,87,0
world,1905,88,0
world,1905,89,0
world,1905,90,0
world,1905,91,0
world,1905,92,0
world,1905,93,0
world,1905,94,0
world,1905,95,0
world,1905,96,0
world,1905,97,0
world,1905,98,0
world,1905,99,0
world,1905,100,0
world,1905,101,0
world,1905,102,0
world,1905,103,0
world,1905,104,0
world,1906,0,0
world,1906,1,8
world,1906,2,1371
world,1906,3,7420
world,1906,4,18217
world,1906,5,35843
world,1906,6,67811
world,1906,7,134076
world,1906,8,298617
world,1906,9,763713
world,1906,10,2068319
world,1906,11,5578415
world,1906,12,14322875
world,1906,13,34665880
world,1906,14,67613542
world,1906,15,105555212
world,1906,16,146915572
world,1906,17,182964749
world,1906,18,191738843
world,1906,19,185303204
world,1906,20,165833684
world,1906,21,133348843
world,1906,22,102774115
world,1906,23,82301520
world,1906,24,67877338
world,1906,25,56960265
world,1906,26,46575714
world,1906,27,36573274
world,1906,28,26999088
world,1906,29,18277015
world,1906,30,11420275
world,1906,31,6584380
world,1906,32,3357837
world,1906,33,1655167
world,1906,34,763461
world,1906,35,330470
world,1906,36,140788
world,1906,37,66316
world,1906,38,33406
world,1906,39,17172
world,1906,40,8431
world,1906,41,3792
world,1906,42,1623
world,1906,43,663
world,1906,44,295
world,1906,45,118
world,1906,46,65
world,1906,47,56
world,1906,48,3
world,1906,49,0
world,1906,50,0
world,1906,51,0
world,1906,52,0
world,1906,53,0
world,1906,54,0
world,1906,55,0
world,1906,56,0
world,1906,57,0
world,1906,58,0
world,1906,59,0
world,1906,60,0
world,1906,61,0
world,1906,62,0
world,1906,63,0
world,1906,64,0
world,1906,65,0
world,1906,66,0
world,1906,67,0
world,1906,68,0
world,1906,69,0
world,1906,70,0
world,1906,71,0
world,1906,72,0
world,1906,73,0
world,1906,74,0
world,1906,75,0
world,1906,76,0
world,1906,77,0
world,1906,78,0
world,1906,79,0
world,1906,80,0
world,1906,81,0
world,1906,82,0
world,1906,83,0
world,1906,84,0
world,1906,85,0
world,1906,86,0
world,1906,87,0
world,1906,88,0
world,1906,89,0
world,1906,90,0
world,1906,91,0
world,1906,92,0
world,1906,93,0
world,1906,94,0
world,1906,95,0
world,1906,96,0
world,1906,97,0
world,1906,98,0
world,1906,99,0
world,1906,100,0
world,1906,101,0
world,1906,102,0
world,1906,103,0
world,1906,104,0
world,1907,0,0
world,1907,1,8
world,1907,2,1418
world,1907,3,7790
world,1907,4,19297
world,1907,5,38060
world,1907,6,72312
world,1907,7,142961
world,1907,8,310770
world,1907,9,786605
world,1907,10,2155495
world,1907,11,5849848
world,1907,12,15069850
world,1907,13,36377119
world,1907,14,70165571
world,1907,15,109085936
world,1907,16,151974913
world,1907,17,188005530
world,1907,18,195391123
world,1907,19,187339136
world,1907,20,162956302
world,1907,21,127785339
world,1907,22,98461631
world,1907,23,80545004
world,1907,24,67612902
world,1907,25,57606699
world,1907,26,47642288
world,1907,27,37586940
world,1907,28,27777974
world,1907,29,18755440
world,1907,30,11688634
world,1907,31,6728710
world,1907,32,3426948
world,1907,33,1687465
world,1907,34,778784
world,1907,35,337374
world,1907,36,144218
world,1907,37,68117
world,1907,38,34349
world,1907,39,17638
world,1907,40,8706
world,1907,41,3943
world,1907,42,1725
world,1907,43,692
world,1907,44,306
world,1907,45,113
world,1907,46,70
world,1907,47,64
world,1907,48,6
world,1907,49,0
world,1907,50,0
world,1907,51,0
world,1907,52,0
world,1907,53,0
world,1907,54,0
world,1907,55,0
world,1907,56,0
world,1907,57,0
world,1907,58,0
world,1907,59,0
world,1907,60,0
world,1907,61,0
world,1907,62,0
world,1907,63,0
world,1907,64,0
world,1907,65,0
world,1907,66,0
world,1907,67,0
world,1907,68,0
world,1907,69,0
world,1907,70,0
world,1907,71,0
world,1907,72,0
world,1907,73,0
world,1907,74,0
world,1907,75,0
world,1907,76,0
world,1907,77,0
world,1907,78,0
world,1907,79,0
world,1907,80,0
world,1907,81,0
world,1907,82,0
world,1907,83,0
world,1907,84,0
world,1907,85,0
world,1907,86,0
world,1907,87,0
world,1907,88,0
world,1907,89,0
world,1907,90,0
world,1907,91,0
world,1907,92,0
world,1907,93,0
world,1907,94,0
world,1907,95,0
world,1907,96,0
world,1907,97,0
world,1907,98,0
world,1907,99,0
world,1907,100,0
world,1907,101,0
world,1907,102,0
world,1907,103,0
world,1907,104,0
world,1908,0,0
world,1908,1,9
world,1908,2,1628
world,1908,3,8500
world,1908,4,20801
world,1908,5,40896
world,1908,6,76316
world,1908,7,148727
world,1908,8,324545
world,1908,9,826032
world,1908,10,2266598
world,1908,11,6048300
world,1908,12,15155663
world,1908,13,35890278
world,1908,14,69061283
world,1908,15,107728514
world,1908,16,150403420
world,1908,17,187076505
world,1908,18,195383677
world,1908,19,188781484
world,1908,20,166402236
world,1908,21,131987364
world,1908,22,102238978
world,1908,23,84328519
world,1908,24,71782145
world,1908,25,61557812
world,1908,26,50466970
world,1908,27,38387116
world,1908,28,26473939
world,1908,29,16485672
world,1908,30,9594244
world,1908,31,5173200
world,1908,32,2591393
world,1908,33,1298180
world,1908,34,614217
world,1908,35,278657
world,1908,36,127335
world,1908,37,61685
world,1908,38,31031
world,1908,39,16140
world,1908,40,8354
world,1908,41,4138
world,1908,42,1899
world,1908,43,806
world,1908,44,360
world,1908,45,139
world,1908,46,82
world,1908,47,66
world,1908,48,6
world,1908,49,0
world,1908,50,0
world,1908,51,0
world,1908,52,0
world,1908,53,0
world,1908,54,0
world,1908,55,0
world,1908,56,0
world,1908,57,0
world,1908,58,0
world,1908,59,0
world,1908,60,0
world,1908,61,0
world,1908,62,0
world,1908,63,0
world,1908,64,0
world,1908,65,0
world,1908,66,0
world,1908,67,0
world,1908,68,0
world,1908,69,0
world,1908,70,0
world,1908,71,0
world,1908,72,0
world,1908,73,0
world,1908,74,0
world,1908,75,0
world,1908,76,0
world,1908,77,0
world,1908,78,0
world,1908,79,0
world,1908,80,0
world,1908,81,0
world,1908,82,0
world,1908,83,0
world,1908,84,0
world,1908,85,0
world,1908,86,0
world,1908,87,0
world,1908,88,0
world,1908,89,0
world,1908,90,0
world,1908,91,0
world,1908,92,0
world,1908,93,0
world,1908,94,0
world,1908,95,0
world,1908,96,0
world,1908,97,0
world,1908,98,0
world,1908,99,0
world,1908,100,0
world,1908,101,0
world,1908,102,0
world,1908,103,0
world,1908,104,0
world,1909,0,0
world,1909,1,8
world,1909,2,1512
world,1909,3,8305
world,1909,4,20416
world,1909,5,39778
world,1909,6,73432
world,1909,7,141909
world,1909,8,303249
world,1909,9,753955
world,1909,10,2069048
world,1909,11,5543542
world,1909,12,14006884
world,1909,13,33751708
world,1909,14,65814520
world,1909,15,103732428
world,1909,16,145214167
world,1909,17,182795922
world,1909,18,192967643
world,1909,19,188346769
world,1909,20,172459739
world,1909,21,141379572
world,1909,22,109370964
world,1909,23,87686746
world,1909,24,72913483
world,1909,25,61455765
world,1909,26,50490991
world,1909,27,39392573
world,1909,28,28723660
world,1909,29,19107678
world,1909,30,11740736
world,1909,31,6648051
world,1909,32,3337783
world,1909,33,1636558
world,1909,34,749144
world,1909,35,323490
world,1909,36,139067
world,1909,37,66411
world,1909,38,33522
world,1909,39,17306
world,1909,40,8678
world,1909,41,4045
world,1909,42,1822
world,1909,43,742
world,1909,44,322
world,1909,45,104
world,1909,46,74
world,1909,47,70
world,1909,48,6
world,1909,49,0
world,1909,50,0
world,1909,51,0
world,1909,52,0
world,1909,53,0
world,1909,54,0
world,1909,55,0
world,1909,56,0
world,1909,57,0
world,1909,58,0
world,1909,59,0
world,1909,60,0
world,1909,61,0
world,1909,62,0
world,1909,63,0
world,1909,64,0
world,1909,65,0
world,1909,66,0
world,1909,67,0
world,1909,68,0
world,1909,69,0
world,1909,70,0
world,1909,71,0
world,1909,72,0
world,1909,73,0
world,1909,74,0
world,1909,75,0
world,1909,76,0
world,1909,77,0
world,1909,78,0
world,1909,79,0
world,1909,80,0
world,1909,81,0
world,1909,82,0
world,1909,83,0
world,1909,84,0
world,1909,85,0
world,1909,86,0
world,1909,87,0
world,1909,88,0
world,1909,89,0
world,1909,90,0
world,1909,91,0
world,1909,92,0
world,1909,93,0
world,1909,94,0
world,1909,95,0
world,1909,96,0
world,1909,97,0
world,1909,98,0
world,1909,99,0
world,1909,100,0
world,1909,101,0
world,1909,102,0
world,1909,103,0
world,1909,104,0
world,1910,0,0
world,1910,1,9
world,1910,2,1546
world,1910,3,8574
world,1910,4,21112
world,1910,5,41137
world,1910,6,75277
world,1910,7,142906
world,1910,8,299538
world,1910,9,735975
world,1910,10,2035829
world,1910,11,5513335
world,1910,12,14188219
world,1910,13,34630402
world,1910,14,66431794
world,1910,15,104754040
world,1910,16,146555847
world,1910,17,183121195
world,1910,18,191825935
world,1910,19,187666681
world,1910,20,172245469
world,1910,21,142189316
world,1910,22,110968667
world,1910,23,89010221
world,1910,24,74121995
world,1910,25,62869206
world,1910,26,52016242
world,1910,27,40784386
world,1910,28,29732613
world,1910,29,19661482
world,1910,30,11972353
world,1910,31,6749062
world,1910,32,3389594
world,1910,33,1662547
world,1910,34,767428
world,1910,35,334376
world,1910,36,145074
world,1910,37,68517
world,1910,38,34260
world,1910,39,17714
world,1910,40,9035
world,1910,41,4295
world,1910,42,1920
world,1910,43,776
world,1910,44,342
world,1910,45,112
world,1910,46,77
world,1910,47,77
world,1910,48,11
world,1910,49,0
world,1910,50,0
world,1910,51,0
world,1910,52,0
world,1910,53,0
world,1910,54,0
world,1910,55,0
world,1910,56,0
world,1910,57,0
world,1910,58,0
world,1910,59,0
world,1910,60,0
world,1910,61,0
world,1910,62,0
world,1910,63,0
world,1910,64,0
world,1910,65,0
world,1910,66,0
world,1910,67,0
world,1910,68,0
world,1910,69,0
world,1910,70,0
world,1910,71,0
world,1910,72,0
world,1910,73,0
world,1910,74,0
world,1910,75,0
world,1910,76,0
world,1910,77,0
world,1910,78,0
world,1910,79,0
world,1910,80,0
world,1910,81,0
world,1910,82,0
world,1910,83,0
world,1910,84,0
world,1910,85,0
world,1910,86,0
world,1910,87,0
world,1910,88,0
world,1910,89,0
world,1910,90,0
world,1910,91,0
world,1910,92,0
world,1910,93,0
world,1910,94,0
world,1910,95,0
world,1910,96,0
world,1910,97,0
world,1910,98,0
world,1910,99,0
world,1910,100,0
world,1910,101,0
world,1910,102,0
world,1910,103,0
world,1910,104,0
world,1911,0,0
world,1911,1,9
world,1911,2,986
world,1911,3,7019
world,1911,4,18738
world,1911,5,38199
world,1911,6,71191
world,1911,7,138151
world,1911,8,288409
world,1911,9,694787
world,1911,10,1905017
world,1911,11,5207988
world,1911,12,13652766
world,1911,13,34262991
world,1911,14,66462723
world,1911,15,105126621
world,1911,16,147244581
world,1911,17,184755528
world,1911,18,193821995
world,1911,19,189198652
world,1911,20,173099035
world,1911,21,142312948
world,1911,22,110523785
world,1911,23,88934028
world,1911,24,74601574
world,1911,25,63923457
world,1911,26,53559431
world,1911,27,42201229
world,1911,28,30914340
world,1911,29,20489353
world,1911,30,12496706
world,1911,31,7041875
world,1911,32,3523134
world,1911,33,1728914
world,1911,34,797727
world,1911,35,348481
world,1911,36,152017
world,1911,37,72919
world,1911,38,36552
world,1911,39,18749
world,1911,40,9474
world,1911,41,4518
world,1911,42,2108
world,1911,43,858
world,1911,44,374
world,1911,45,134
world,1911,46,95
world,1911,47,92
world,1911,48,16
world,1911,49,0
world,1911,50,0
world,1911,51,0
world,1911,52,0
world,1911,53,0
world,1911,54,0
world,1911,55,0
world,1911,56,0
world,1911,57,0
world,1911,58,0
world,1911,59,0
world,1911,60,0
world,1911,61,0
world,1911,62,0
world,1911,63,0
world,1911,64,0
world,1911,65,0
world,1911,66,0
world,1911,67,0
world,1911,68,0
world,1911,69,0
world,1911,70,0
world,1911,71,0
world,1911,72,0
world,1911,73,0
world,1911,74,0
world,1911,75,0
world,1911,76,0
world,1911,77,0
world,1911,78,0
world,1911,79,0
world,1911,80,0
world,1911,81,0
world,1911,82,0
world,1911,83,0
world,1911,84,0
world,1911,85,0
world,1911,86,0
world,1911,87,0
world,1911,88,0
world,1911,89,0
world,1911,90,0
world,1911,91,0
world,1911,92,0
world,1911,93,0
world,1911,94,0
world,1911,95,0
world,1911,96,0
world,1911,97,0
world,1911,98,0
world,1911,99,0
world,1911,100,0
world,1911,101,0
world,1911,102,0
world,1911,103,0
world,1911,104,0
world,1912,0,0
world,1912,1,10
world,1912,2,1093
world,1912,3,7734
world,1912,4,20536
world,1912,5,41784
world,1912,6,77180
world,1912,7,146432
world,1912,8,299720
world,1912,9,702633
world,1912,10,1869877
world,1912,11,4998575
world,1912,12,12682584
world,1912,13,31527233
world,1912,14,63254119
world,1912,15,101553754
world,1912,16,145089527
world,1912,17,186189985
world,1912,18,198858616
world,1912,19,194682143
world,1912,20,177542319
world,1912,21,144257970
world,1912,22,110759759
world,1912,23,88749340
world,1912,24,74620971
world,1912,25,64278388
world,1912,26,54349868
world,1912,27,43304066
world,1912,28,32165989
world,1912,29,21611225
world,1912,30,13354865
world,1912,31,7641757
world,1912,32,3877101
world,1912,33,1909300
world,1912,34,888931
world,1912,35,389745
world,1912,36,169955
world,1912,37,81770
world,1912,38,41197
world,1912,39,20993
world,1912,40,10434
world,1912,41,4789
world,1912,42,2232
world,1912,43,896
world,1912,44,374
world,1912,45,136
world,1912,46,93
world,1912,47,93
world,1912,48,22
world,1912,49,0
world,1912,50,0
world,1912,51,0
world,1912,52,0
world,1912,53,0
world,1912,54,0
world,1912,55,0
world,1912,56,0
world,1912,57,0
world,1912,58,0
world,1912,59,0
world,1912,60,0
world,1912,61,0
world,1912,62,0
world,1912,63,0
world,1912,64,0
world,1912,65,0
world,1912,66,0
world,1912,67,0
world,1912,68,0
world,1912,69,0
world,1912,70,0
world,1912,71,0
world,1912,72,0
world,1912,73,0
world,1912,74,0
world,1912,75,0
world,1912,76,0
world,1912,77,0
world,1912,78,0
world,1912,79,0
world,1912,80,0
world,1912,81,0
world,1912,82,0
world,1912,83,0
world,1912,84,0
world,1912,85,0
world,1912,86,0
world,1912,87,0
world,1912,88,0
world,1912,89,0
world,1912,90,0
world,1912,91,0
world,1912,92,0
world,1912,93,0
world,1912,94,0
world,1912,95,0
world,1912,96,0
world,1912,97,0
world,1912,98,0
world,1912,99,0
world,1912,100,0
world,1912,101,0
world,1912,102,0
world,1912,103,0
world,1912,104,0
world,1913,0,0
world,1913,1,347
world,1913,2,2436
world,1913,3,9857
world,1913,4,21989
world,1913,5,42427
world,1913,6,77514
world,1913,7,145718
world,1913,8,294560
world,1913,9,674362
world,1913,10,1751580
world,1913,11,4674292
world,1913,12,11827491
world,1913,13,29551639
world,1913,14,60244741
world,1913,15,96751802
world,1913,16,140135658
world,1913,17,183228536
world,1913,18,199237347
world,1913,19,196825968
world,1913,20,181468595
world,1913,21,148706164
world,1913,22,114870805
world,1913,23,92416428
world,1913,24,77420844
world,1913,25,66420145
world,1913,26,56058651
world,1913,27,44747478
world,1913,28,33471773
world,1913,29,22688348
world,1913,30,14093329
world,1913,31,8151861
world,1913,32,4141306
world,1913,33,2014398
world,1913,34,927417
world,1913,35,393807
world,1913,36,164114
world,1913,37,75721
world,1913,38,37112
world,1913,39,18430
world,1913,40,8870
world,1913,41,3938
world,1913,42,1859
world,1913,43,873
world,1913,44,393
world,1913,45,141
world,1913,46,88
world,1913,47,96
world,1913,48,30
world,1913,49,0
world,1913,50,0
world,1913,51,0
world,1913,52,0
world,1913,53,0
world,1913,54,0
world,1913,55,0
world,1913,56,0
world,1913,57,0
world,1913,58,0
world,1913,59,0
world,1913,60,0
world,1913,61,0
world,1913,62,0
world,1913,63,0
world,1913,64,0
world,1913,65,0
world,1913,66,0
world,1913,67,0
world,1913,68,0
world,1913,69,0
world,1913,70,0
world,1913,71,0
world,1913,72,0
world,1913,73,0
world,1913,74,0
world,1913,75,0
world,1913,76,0
world,1913,77,0
world,1913,78,0
world,1913,79,0
world,1913,80,0
world,1913,81,0
world,1913,82,0
world,1913,83,0
world,1913,84,0
world,1913,85,0
world,1913,86,0
world,1913,87,0
world,1913,88,0
world,1913,89,0
world,1913,90,0
world,1913,91,0
world,1913,92,0
world,1913,93,0
world,1913,94,0
world,1913,95,0
world,1913,96,0
world,1913,97,0
world,1913,98,0
world,1913,99,0
world,1913,100,0
world,1913,101,0
world,1913,102,0
world,1913,103,0
world,1913,104,0
world,1914,0,0
world,1914,1,9
world,1914,2,1992
world,1914,3,10244
world,1914,4,24429
world,1914,5,46879
world,1914,6,85434
world,1914,7,160873
world,1914,8,320953
world,1914,9,705138
world,1914,10,1814023
world,1914,11,5001144
world,1914,12,12431497
world,1914,13,30134971
world,1914,14,60896092
world,1914,15,97463941
world,1914,16,140712858
world,1914,17,184257981
world,1914,18,200690215
world,1914,19,198663380
world,1914,20,185301977
world,1914,21,153851342
world,1914,22,119959119
world,1914,23,96508580
world,1914,24,79932379
world,1914,25,68014860
world,1914,26,55674056
world,1914,27,42419305
world,1914,28,29611670
world,1914,29,18709445
world,1914,30,10924366
world,1914,31,5899175
world,1914,32,2911019
world,1914,33,1427131
world,1914,34,663375
world,1914,35,293120
world,1914,36,127522
world,1914,37,60518
world,1914,38,29549
world,1914,39,14897
world,1914,40,7401
world,1914,41,3587
world,1914,42,1721
world,1914,43,777
world,1914,44,332
world,1914,45,125
world,1914,46,74
world,1914,47,56
world,1914,48,2
world,1914,49,0
world,1914,50,0
world,1914,51,0
world,1914,52,0
world,1914,53,0
world,1914,54,0
world,1914,55,0
world,1914,56,0
world,1914,57,0
world,1914,58,0
world,1914,59,0
world,1914,60,0
world,1914,61,0
world,1914,62,0
world,1914,63,0
world,1914,64,0
world,1914,65,0
world,1914,66,0
world,1914,67,0
world,1914,68,0
world,1914,69,0
world,1914,70,0
world,1914,71,0
world,1914,72,0
world,1914,73,0
world,1914,74,0
world,1914,75,0
world,1914,76,0
world,1914,77,0
world,1914,78,0
world,1914,79,0
world,1914,80,0
world,1914,81,0
world,1914,82,0
world,1914,83,0
world,1914,84,0
world,1914,85,0
world,1914,86,0
world,1914,87,0
world,1914,88,0
world,1914,89,0
world,1914,90,0
world,1914,91,0
world,1914,92,0
world,1914,93,0
world,1914,94,0
world,1914,95,0
world,1914,96,0
world,1914,97,0
world,1914,98,0
world,1914,99,0
world,1914,100,0
world,1914,101,0
world,1914,102,0
world,1914,103,0
world,1914,104,0
world,1915,0,0
world,1915,1,456
world,1915,2,2536
world,1915,3,10333
world,1915,4,23456
world,1915,5,45958
world,1915,6,84640
world,1915,7,159277
world,1915,8,317864
world,1915,9,705163
world,1915,10,1814245
world,1915,11,5026838
world,1915,12,12694416
world,1915,13,30782881
world,1915,14,61951053
world,1915,15,99001049
world,1915,16,142580805
world,1915,17,186233369
world,1915,18,202274252
world,1915,19,200112972
world,1915,20,186280586
world,1915,21,154196234
world,1915,22,120083272
world,1915,23,96070267
world,1915,24,79455520
world,1915,25,67881951
world,1915,26,55551563
world,1915,27,42574031
world,1915,28,29966679
world,1915,29,19135914
world,1915,30,11202756
world,1915,31,6042578
world,1915,32,2969125
world,1915,33,1447154
world,1915,34,668585
world,1915,35,295189
world,1915,36,129129
world,1915,37,61861
world,1915,38,30228
world,1915,39,15150
world,1915,40,7464
world,1915,41,3575
world,1915,42,1701
world,1915,43,781
world,1915,44,346
world,1915,45,159
world,1915,46,85
world,1915,47,43
world,1915,48,0
world,1915,49,0
world,1915,50,0
world,1915,51,0
world,1915,52,0
world,1915,53,0
world,1915,54,0
world,1915,55,0
world,1915,56,0
world,1915,57,0
world,1915,58,0
world,1915,59,0
world,1915,60,0
world,1915,61,0
world,1915,62,0
world,1915,63,0
world,1915,64,0
world,1915,65,0
world,1915,66,0
world,1915,67,0
world,1915,68,0
world,1915,69,0
world,1915,70,0
world,1915,71,0
world,1915,72,0
world,1915,73,0
world,1915,74,0
world,1915,75,0
world,1915,76,0
world,1915,77,0
world,1915,78,0
world,1915,79,0
world,1915,80,0
world,1915,81,0
world,1915,82,0
world,1915,83,0
world,1915,84,0
world,1915,85,0
world,1915,86,0
world,1915,87,0
world,1915,88,0
world,1915,89,0
world,1915,90,0
world,1915,91,0
world,1915,92,0
world,1915,93,0
world,1915,94,0
world,1915,95,0
world,1915,96,0
world,1915,97,0
world,1915,98,0
world,1915,99,0
world,1915,100,0
world,1915,101,0
world,1915,102,0
world,1915,103,0
world,1915,104,0
world,1916,0,160
world,1916,1,1104
world,1916,2,2691
world,1916,3,8193
world,1916,4,20607
world,1916,5,43847
world,1916,6,84818
world,1916,7,161887
world,1916,8,320591
world,1916,9,705417
world,1916,10,1793120
world,1916,11,4954731
world,1916,12,12626211
world,1916,13,30686267
world,1916,14,61605886
world,1916,15,98562057
world,1916,16,141852821
world,1916,17,185637270
world,1916,18,201871085
world,1916,19,199437783
world,1916,20,186878343
world,1916,21,156066838
world,1916,22,121974490
world,1916,23,97187636
world,1916,24,79324912
world,1916,25,67006603
world,1916,26,54990432
world,1916,27,43179590
world,1916,28,32079421
world,1916,29,22014447
world,1916,30,13717293
world,1916,31,7893468
world,1916,32,3987746
world,1916,33,1913927
world,1916,34,865746
world,1916,35,364657
world,1916,36,148415
world,1916,37,68550
world,1916,38,33873
world,1916,39,16878
world,1916,40,7990
world,1916,41,3302
world,1916,42,1419
world,1916,43,615
world,1916,44,251
world,1916,45,91
world,1916,46,56
world,1916,47,47
world,1916,48,2
world,1916,49,0
world,1916,50,0
world,1916,51,0
world,1916,52,0
world,1916,53,0
world,1916,54,0
world,1916,55,0
world,1916,56,0
world,1916,57,0
world,1916,58,0
world,1916,59,0
world,1916,60,0
world,1916,61,0
world,1916,62,0
world,1916,63,0
world,1916,64,0
world,1916,65,0
world,1916,66,0
world,1916,67,0
world,1916,68,0
world,1916,69,0
world,1916,70,0
world,1916,71,0
world,1916,72,0
world,1916,73,0
world,1916,74,0
world,1916,75,0
world,1916,76,0
world,1916,77,0
world,1916,78,0
world,1916,79,0
world,1916,80,0
world,1916,81,0
world,1916,82,0
world,1916,83,0
world,1916,84,0
world,1916,85,0
world,1916,86,0
world,1916,87,0
world,1916,88,0
world,1916,89,0
world,1916,90,0
world,1916,91,0
world,1916,92,0
world,1916,93,0
world,1916,94,0
world,1916,95,0
world,1916,96,0
world,1916,97,0
world,1916,98,0
world,1916,99,0
world,1916,100,0
world,1916,101,0
world,1916,102,0
world,1916,103,0
world,1916,104,0
world,1917,0,474
world,1917,1,1684
world,1917,2,3011
world,1917,3,7687
world,1917,4,19695
world,1917,5,42072
world,1917,6,82857
world,1917,7,163013
world,1917,8,327456
world,1917,9,737375
world,1917,10,1872142
world,1917,11,5180164
world,1917,12,13422991
world,1917,13,32100785
world,1917,14,63281442
world,1917,15,100654849
world,1917,16,144893635
world,1917,17,189505891
world,1917,18,205395785
world,1917,19,202721281
world,1917,20,188887703
world,1917,21,155524162
world,1917,22,121006708
world,1917,23,96747369
world,1917,24,78735493
world,1917,25,66596903
world,1917,26,54319952
world,1917,27,42393601
world,1917,28,30990257
world,1917,29,20789123
world,1917,30,12629492
world,1917,31,7028807
world,1917,32,3443664
world,1917,33,1635366
world,1917,34,724327
world,1917,35,302114
world,1917,36,123368
world,1917,37,58233
world,1917,38,29068
world,1917,39,14601
world,1917,40,6995
world,1917,41,2985
world,1917,42,1384
world,1917,43,621
world,1917,44,238
world,1917,45,79
world,1917,46,52
world,1917,47,46
world,1917,48,2
world,1917,49,0
world,1917,50,0
world,1917,51,0
world,1917,52,0
world,1917,53,0
world,1917,54,0
world,1917,55,0
world,1917,56,0
world,1917,57,0
world,1917,58,0
world,1917,59,0
world,1917,60,0
world,1917,61,0
world,1917,62,0
world,1917,63,0
world,1917,64,0
world,1917,65,0
world,1917,66,0
world,1917,67,0
world,1917,68,0
world,1917,69,0
world,1917,70,0
world,1917,71,0
world,1917,72,0
world,1917,73,0
world,1917,74,0
world,1917,75,0
world,1917,76,0
world,1917,77,0
world,1917,78,0
world,1917,79,0
world,1917,80,0
world,1917,81,0
world,1917,82,0
world,1917,83,0
world,1917,84,0
world,1917,85,0
world,1917,86,0
world,1917,87,0
world,1917,88,0
world,1917,89,0
world,1917,90,0
world,1917,91,0
world,1917,92,0
world,1917,93,0
world,1917,94,0
world,1917,95,0
world,1917,96,0
world,1917,97,0
world,1917,98,0
world,1917,99,0
world,1917,100,0
world,1917,101,0
world,1917,102,0
world,1917,103,0
world,1917,104,0
world,1918,0,0
world,1918,1,8
world,1918,2,1009
world,1918,3,6912
world,1918,4,20837
world,1918,5,46446
world,1918,6,95217
world,1918,7,191118
world,1918,8,389034
world,1918,9,913447
world,1918,10,2495174
world,1918,11,6978059
world,1918,12,16868951
world,1918,13,37649975
world,1918,14,70984927
world,1918,15,110954308
world,1918,16,158001035
world,1918,17,200256620
world,1918,18,211052314
world,1918,19,204203644
world,1918,20,180240287
world,1918,21,142099610
world,1918,22,111053300
world,1918,23,91549474
world,1918,24,75026199
world,1918,25,62565562
world,1918,26,50614649
world,1918,27,40245344
world,1918,28,30530375
world,1918,29,21449131
world,1918,30,13562713
world,1918,31,7892412
world,1918,32,4042612
world,1918,33,1931742
world,1918,34,869896
world,1918,35,363743
world,1918,36,143100
world,1918,37,63854
world,1918,38,32398
world,1918,39,16557
world,1918,40,7958
world,1918,41,3456
world,1918,42,1522
world,1918,43,647
world,1918,44,266
world,1918,45,98
world,1918,46,62
world,1918,47,45
world,1918,48,1
world,1918,49,0
world,1918,50,0
world,1918,51,0
world,1918,52,0
world,1918,53,0
world,1918,54,0
world,1918,55,0
world,1918,56,0
world,1918,57,0
world,1918,58,0
world,1918,59,0
world,1918,60,0
world,1918,61,0
world,1918,62,0
world,1918,63,0
world,1918,64,0
world,1918,65,0
world,1918,66,0
world,1918,67,0
world,1918,68,0
world,1918,69,0
world,1918,70,0
world,1918,71,0
world,1918,72,0
world,1918,73,0
world,1918,74,0
world,1918,75,0
world,1918,76,0
world,1918,77,0
world,1918,78,0
world,1918,79,0
world,1918,80,0
world,1918,81,0
world,1918,82,0
world,1918,83,0
world,1918,84,0
world,1918,85,0
world,1918,86,0
world,1918,87,0
world,1918,88,0
world,1918,89,0
world,1918,90,0
world,1918,91,0
world,1918,92,0
world,1918,93,0
world,1918,94,0
world,1918,95,0
world,1918,96,0
world,1918,97,0
world,1918,98,0
world,1918,99,0
world,1918,100,0
world,1918,101,0
world,1918,102,0
world,1918,103,0
world,1918,104,0
world,1919,0,0
world,1919,1,241
world,1919,2,1605
world,1919,3,6398
world,1919,4,18087
world,1919,5,42305
world,1919,6,95914
world,1919,7,218693
world,1919,8,515353
world,1919,9,1353303
world,1919,10,3481970
world,1919,11,8185400
world,1919,12,17522493
world,1919,13,38235194
world,1919,14,71674433
world,1919,15,110344339
world,1919,16,153194197
world,1919,17,193572433
world,1919,18,204750353
world,1919,19,198822991
world,1919,20,184577197
world,1919,21,152972717
world,1919,22,120961048
world,1919,23,96934865
world,1919,24,78644656
world,1919,25,64216781
world,1919,26,50397645
world,1919,27,39343045
world,1919,28,29744934
world,1919,29,20909825
world,1919,30,13312679
world,1919,31,7790401
world,1919,32,3986390
world,1919,33,1898784
world,1919,34,855352
world,1919,35,357067
world,1919,36,139527
world,1919,37,62349
world,1919,38,32432
world,1919,39,17122
world,1919,40,8315
world,1919,41,3609
world,1919,42,1572
world,1919,43,665
world,1919,44,300
world,1919,45,126
world,1919,46,76
world,1919,47,28
world,1919,48,0
world,1919,49,0
world,1919,50,0
world,1919,51,0
world,1919,52,0
world,1919,53,0
world,1919,54,0
world,1919,55,0
world,1919,56,0
world,1919,57,0
world,1919,58,0
world,1919,59,0
world,1919,60,0
world,1919,61,0
world,1919,62,0
world,1919,63,0
world,1919,64,0
world,1919,65,0
world,1919,66,0
world,1919,67,0
world,1919,68,0
world,1919,69,0
world,1919,70,0
world,1919,71,0
world,1919,72,0
world,1919,73,0
world,1919,74,0
world,1919,75,0
world,1919,76,0
world,1919,77,0
world,1919,78,0
world,1919,79,0
world,1919,80,0
world,1919,81,0
world,1919,82,0
world,1919,83,0
world,1919,84,0
world,1919,85,0
world,1919,86,0
world,1919,87,0
world,1919,88,0
world,1919,89,0
world,1919,90,0
world,1919,91,0
world,1919,92,0
world,1919,93,0
world,1919,94,0
world,1919,95,0
world,1919,96,0
world,1919,97,0
world,1919,98,0
world,1919,99,0
world,1919,100,0
world,1919,101,0
world,1919,102,0
world,1919,103,0
world,1919,104,0
world,1920,0,17
world,1920,1,179
world,1920,2,1289
world,1920,3,6263
world,1920,4,18435
world,1920,5,43691
world,1920,6,104106
world,1920,7,254801
world,1920,8,634552
world,1920,9,1629354
world,1920,10,3902716
world,1920,11,8697242
world,1920,12,18464751
world,1920,13,39784556
world,1920,14,73361474
world,1920,15,112152910
world,1920,16,156520968
world,1920,17,198123148
world,1920,18,208827449
world,1920,19,202443821
world,1920,20,182571999
world,1920,21,146292386
world,1920,22,114693576
world,1920,23,94727449
world,1920,24,79289959
world,1920,25,66348887
world,1920,26,53226267
world,1920,27,41527127
world,1920,28,30886336
world,1920,29,21295789
world,1920,30,13349863
world,1920,31,7678672
world,1920,32,3832229
world,1920,33,1805578
world,1920,34,802773
world,1920,35,329938
world,1920,36,130051
world,1920,37,59362
world,1920,38,30441
world,1920,39,16026
world,1920,40,7853
world,1920,41,3491
world,1920,42,1619
world,1920,43,733
world,1920,44,352
world,1920,45,156
world,1920,46,91
world,1920,47,48
world,1920,48,10
world,1920,49,10
world,1920,50,1
world,1920,51,0
world,1920,52,0
world,1920,53,0
world,1920,54,0
world,1920,55,0
world,1920,56,0
world,1920,57,0
world,1920,58,0
world,1920,59,0
world,1920,60,0
world,1920,61,0
world,1920,62,0
world,1920,63,0
world,1920,64,0
world,1920,65,0
world,1920,66,0
world,1920,67,0
world,1920,68,0
world,1920,69,0
world,1920,70,0
world,1920,71,0
world,1920,72,0
world,1920,73,0
world,1920,74,0
world,1920,75,0
world,1920,76,0
world,1920,77,0
world,1920,78,0
world,1920,79,0
world,1920,80,0
world,1920,81,0
world,1920,82,0
world,1920,83,0
world,1920,84,0
world,1920,85,0
world,1920,86,0
world,1920,87,0
world,1920,88,0
world,1920,89,0
world,1920,90,0
world,1920,91,0
world,1920,92,0
world,1920,93,0
world,1920,94,0
world,1920,95,0
world,1920,96,0
world,1920,97,0
world,1920,98,0
world,1920,99,0
world,1920,100,0
world,1920,101,0
world,1920,102,0
world,1920,103,0
world,1920,104,0
world,1921,0,18
world,1921,1,186
world,1921,2,503
world,1921,3,3614
world,1921,4,15662
world,1921,5,42789
world,1921,6,107437
world,1921,7,267860
world,1921,8,676311
world,1921,9,1770784
world,1921,10,4249127
world,1921,11,9217262
world,1921,12,19220193
world,1921,13,40380067
world,1921,14,73394208
world,1921,15,110716960
world,1921,16,153082230
world,1921,17,194768816
world,1921,18,205796254
world,1921,19,200063024
world,1921,20,185084449
world,1921,21,151705974
world,1921,22,119276651
world,1921,23,99510322
world,1921,24,83450328
world,1921,25,69637579
world,1921,26,56323227
world,1921,27,43325094
world,1921,28,31138475
world,1921,29,20529634
world,1921,30,12401505
world,1921,31,6878486
world,1921,32,3338748
world,1921,33,1568162
world,1921,34,693640
world,1921,35,288882
world,1921,36,117914
world,1921,37,56038
world,1921,38,29249
world,1921,39,15679
world,1921,40,8078
world,1921,41,3938
world,1921,42,1841
world,1921,43,848
world,1921,44,417
world,1921,45,179
world,1921,46,104
world,1921,47,60
world,1921,48,11
world,1921,49,10
world,1921,50,2
world,1921,51,0
world,1921,52,0
world,1921,53,0
world,1921,54,0
world,1921,55,0
world,1921,56,0
world,1921,57,0
world,1921,58,0
world,1921,59,0
world,1921,60,0
world,1921,61,0
world,1921,62,0
world,1921,63,0
world,1921,64,0
world,1921,65,0
world,1921,66,0
world,1921,67,0
world,1921,68,0
world,1921,69,0
world,1921,70,0
world,1921,71,0
world,1921,72,0
world,1921,73,0
world,1921,74,0
world,1921,75,0
world,1921,76,0
world,1921,77,0
world,1921,78,0
world,1921,79,0
world,1921,80,0
world,1921,81,0
world,1921,82,0
world,1921,83,0
world,1921,84,0
world,1921,85,0
world,1921,86,0
world,1921,87,0
world,1921,88,0
world,1921,89,0
world,1921,90,0
world,1921,91,0
world,1921,92,0
world,1921,93,0
world,1921,94,0
world,1921,95,0
world,1921,96,0
world,1921,97,0
world,1921,98,0
world,1921,99,0
world,1921,100,0
world,1921,101,0
world,1921,102,0
world,1921,103,0
world,1921,104,0
world,1922,0,48
world,1922,1,268
world,1922,2,593
world,1922,3,3209
world,1922,4,14778
world,1922,5,41372
world,1922,6,109949
world,1922,7,286670
world,1922,8,717968
world,1922,9,1733039
world,1922,10,3932945
world,1922,11,8583525
world,1922,12,18149744
world,1922,13,38632089
world,1922,14,70762770
world,1922,15,108022654
world,1922,16,150904406
world,1922,17,194118644
world,1922,18,206341746
world,1922,19,200834931
world,1922,20,187272200
world,1922,21,154352456
world,1922,22,120397267
world,1922,23,99348676
world,1922,24,84406304
world,1922,25,72211855
world,1922,26,60382932
world,1922,27,47216315
world,1922,28,34562402
world,1922,29,22948638
world,1922,30,13969730
world,1922,31,7843645
world,1922,32,3842651
world,1922,33,1808985
world,1922,34,805868
world,1922,35,338011
world,1922,36,138441
world,1922,37,65205
world,1922,38,33427
world,1922,39,17699
world,1922,40,8956
world,1922,41,4309
world,1922,42,2091
world,1922,43,948
world,1922,44,462
world,1922,45,207
world,1922,46,115
world,1922,47,82
world,1922,48,19
world,1922,49,10
world,1922,50,3
world,1922,51,0
world,1922,52,0
world,1922,53,0
world,1922,54,0
world,1922,55,0
world,1922,56,0
world,1922,57,0
world,1922,58,0
world,1922,59,0
world,1922,60,0
world,1922,61,0
world,1922,62,0
world,1922,63,0
world,1922,64,0
world,1922,65,0
world,1922,66,0
world,1922,67,0
world,1922,68,0
world,1922,69,0
world,1922,70,0
world,1922,71,0
world,1922,72,0
world,1922,73,0
world,1922,74,0
world,1922,75,0
world,1922,76,0
world,1922,77,0
world,1922,78,0
world,1922,79,0
world,1922,80,0
world,1922,81,0
world,1922,82,0
world,1922,83,0
world,1922,84,0
world,1922,85,0
world,1922,86,0
world,1922,87,0
world,1922,88,0
world,1922,89,0
world,1922,90,0
world,1922,91,0
world,1922,92,0
world,1922,93,0
world,1922,94,0
world,1922,95,0
world,1922,96,0
world,1922,97,0
world,1922,98,0
world,1922,99,0
world,1922,100,0
world,1922,101,0
world,1922,102,0
world,1922,103,0
world,1922,104,0
world,1923,0,7
world,1923,1,148
world,1923,2,443
world,1923,3,2912
world,1923,4,14048
world,1923,5,36398
world,1923,6,88988
world,1923,7,219400
world,1923,8,528771
world,1923,9,1305737
world,1923,10,3085381
world,1923,11,7106222
world,1923,12,15879623
world,1923,13,35434973
world,1923,14,67832249
world,1923,15,105836929
world,1923,16,150862435
world,1923,17,196507204
world,1923,18,212328117
world,1923,19,207430690
world,1923,20,192670330
world,1923,21,157839651
world,1923,22,123898538
world,1923,23,101921029
world,1923,24,85267508
world,1923,25,71571323
world,1923,26,57855369
world,1923,27,45197653
world,1923,28,34048238
world,1923,29,23948165
world,1923,30,15310116
world,1923,31,8985366
world,1923,32,4720732
world,1923,33,2265337
world,1923,34,1037081
world,1923,35,452708
world,1923,36,184100
world,1923,37,81376
world,1923,38,42462
world,1923,39,22755
world,1923,40,11550
world,1923,41,5093
world,1923,42,2177
world,1923,43,936
world,1923,44,449
world,1923,45,209
world,1923,46,114
world,1923,47,67
world,1923,48,16
world,1923,49,10
world,1923,50,4
world,1923,51,0
world,1923,52,0
world,1923,53,0
world,1923,54,0
world,1923,55,0
world,1923,56,0
world,1923,57,0
world,1923,58,0
world,1923,59,0
world,1923,60,0
world,1923,61,0
world,1923,62,0
world,1923,63,0
world,1923,64,0
world,1923,65,0
world,1923,66,0
world,1923,67,0
world,1923,68,0
world,1923,69,0
world,1923,70,0
world,1923,71,0
world,1923,72,0
world,1923,73,0
world,1923,74,0
world,1923,75,0
world,1923,76,0
world,1923,77,0
world,1923,78,0
world,1923,79,0
world,1923,80,0
world,1923,81,0
world,1923,82,0
world,1923,83,0
world,1923,84,0
world,1923,85,0
world,1923,86,0
world,1923,87,0
world,1923,88,0
world,1923,89,0
world,1923,90,0
world,1923,91,0
world,1923,92,0
world,1923,93,0
world,1923,94,0
world,1923,95,0
world,1923,96,0
world,1923,97,0
world,1923,98,0
world,1923,99,0
world,1923,100,0
world,1923,101,0
world,1923,102,0
world,1923,103,0
world,1923,104,0
world,1924,0,0
world,1924,1,45
world,1924,2,265
world,1924,3,2540
world,1924,4,13890
world,1924,5,35191
world,1924,6,80807
world,1924,7,186136
world,1924,8,421340
world,1924,9,1027562
world,1924,10,2463545
world,1924,11,5738107
world,1924,12,13462804
world,1924,13,32151167
world,1924,14,64056859
world,1924,15,101912005
world,1924,16,147476764
world,1924,17,195331893
world,1924,18,213865341
world,1924,19,210667311
world,1924,20,197756917
world,1924,21,162422240
world,1924,22,126012969
world,1924,23,103591161
world,1924,24,87273258
world,1924,25,74471515
world,1924,26,62068829
world,1924,27,49131765
world,1924,28,36878730
world,1924,29,25528358
world,1924,30,16119335
world,1924,31,9405261
world,1924,32,4920466
world,1924,33,2361499
world,1924,34,1085001
world,1924,35,478347
world,1924,36,197828
world,1924,37,88336
world,1924,38,45769
world,1924,39,23808
world,1924,40,12016
world,1924,41,5237
world,1924,42,2312
world,1924,43,1056
world,1924,44,505
world,1924,45,226
world,1924,46,126
world,1924,47,88
world,1924,48,20
world,1924,49,10
world,1924,50,5
world,1924,51,0
world,1924,52,0
world,1924,53,0
world,1924,54,0
world,1924,55,0
world,1924,56,0
world,1924,57,0
world,1924,58,0
world,1924,59,0
world,1924,60,0
world,1924,61,0
world,1924,62,0
world,1924,63,0
world,1924,64,0
world,1924,65,0
world,1924,66,0
world,1924,67,0
world,1924,68,0
world,1924,69,0
world,1924,70,0
world,1924,71,0
world,1924,72,0
world,1924,73,0
world,1924,74,0
world,1924,75,0
world,1924,76,0
world,1924,77,0
world,1924,78,0
world,1924,79,0
world,1924,80,0
world,1924,81,0
world,1924,82,0
world,1924,83,0
world,1924,84,0
world,1924,85,0
world,1924,86,0
world,1924,87,0
world,1924,88,0
world,1924,89,0
world,1924,90,0
world,1924,91,0
world,1924,92,0
world,1924,93,0
world,1924,94,0
world,1924,95,0
world,1924,96,0
world,1924,97,0
world,1924,98,0
world,1924,99,0
world,1924,100,0
world,1924,101,0
world,1924,102,0
world,1924,103,0
world,1924,104,0
world,1925,0,0
world,1925,1,5
world,1925,2,86
world,1925,3,1938
world,1925,4,13381
world,1925,5,35300
world,1925,6,78419
world,1925,7,170937
world,1925,8,364795
world,1925,9,846223
world,1925,10,2044751
world,1925,11,4861408
world,1925,12,11709731
world,1925,13,29567364
world,1925,14,61162884
world,1925,15,99395609
world,1925,16,145923966
world,1925,17,195459850
world,1925,18,215048458
world,1925,19,212474514
world,1925,20,200262088
world,1925,21,164346732
world,1925,22,126871075
world,1925,23,105266348
world,1925,24,90758957
world,1925,25,78229215
world,1925,26,65954312
world,1925,27,52420722
world,1925,28,39380371
world,1925,29,27023739
world,1925,30,16916272
world,1925,31,9819654
world,1925,32,5109951
world,1925,33,2444969
world,1925,34,1123370
world,1925,35,494773
world,1925,36,205583
world,1925,37,92133
world,1925,38,47537
world,1925,39,24550
world,1925,40,12475
world,1925,41,5467
world,1925,42,2484
world,1925,43,1178
world,1925,44,537
world,1925,45,238
world,1925,46,132
world,1925,47,102
world,1925,48,36
world,1925,49,10
world,1925,50,6
world,1925,51,0
world,1925,52,0
world,1925,53,0
world,1925,54,0
world,1925,55,0
world,1925,56,0
world,1925,57,0
world,1925,58,0
world,1925,59,0
world,1925,60,0
world,1925,61,0
world,1925,62,0
world,1925,63,0
world,1925,64,0
world,1925,65,0
world,1925,66,0
world,1925,67,0
world,1925,68,0
world,1925,69,0
world,1925,70,0
world,1925,71,0
world,1925,72,0
world,1925,73,0
world,1925,74,0
world,1925,75,0
world,1925,76,0
world,1925,77,0
world,1925,78,0
world,1925,79,0
world,1925,80,0
world,1925,81,0
world,1925,82,0
world,1925,83,0
world,1925,84,0
world,1925,85,0
world,1925,86,0
world,1925,87,0
world,1925,88,0
world,1925,89,0
world,1925,90,0
world,1925,91,0
world,1925,92,0
world,1925,93,0
world,1925,94,0
world,1925,95,0
world,1925,96,0
world,1925,97,0
world,1925,98,0
world,1925,99,0
world,1925,100,0
world,1925,101,0
world,1925,102,0
world,1925,103,0
world,1925,104,0
world,1926,0,0
world,1926,1,5
world,1926,2,15
world,1926,3,2069
world,1926,4,14241
world,1926,5,37360
world,1926,6,78849
world,1926,7,163311
world,1926,8,326537
world,1926,9,692583
world,1926,10,1614620
world,1926,11,3974037
world,1926,12,10012162
world,1926,13,27004833
world,1926,14,58145980
world,1926,15,96159416
world,1926,16,143476040
world,1926,17,194582537
world,1926,18,216518123
world,1926,19,214836429
world,1926,20,204813780
world,1926,21,171074849
world,1926,22,132506811
world,1926,23,108341111
world,1926,24,92384403
world,1926,25,79154057
world,1926,26,66710856
world,1926,27,53254459
world,1926,28,40406562
world,1926,29,28213837
world,1926,30,17998411
world,1926,31,10526805
world,1926,32,5579378
world,1926,33,2656934
world,1926,34,1215087
world,1926,35,532772
world,1926,36,222160
world,1926,37,93936
world,1926,38,46940
world,1926,39,23798
world,1926,40,12307
world,1926,41,5573
world,1926,42,2490
world,1926,43,1093
world,1926,44,424
world,1926,45,159
world,1926,46,83
world,1926,47,79
world,1926,48,31
world,1926,49,0
world,1926,50,0
world,1926,51,0
world,1926,52,0
world,1926,53,0
world,1926,54,0
world,1926,55,0
world,1926,56,0
world,1926,57,0
world,1926,58,0
world,1926,59,0
world,1926,60,0
world,1926,61,0
world,1926,62,0
world,1926,63,0
world,1926,64,0
world,1926,65,0
world,1926,66,0
world,1926,67,0
world,1926,68,0
world,1926,69,0
world,1926,70,0
world,1926,71,0
world,1926,72,0
world,1926,73,0
world,1926,74,0
world,1926,75,0
world,1926,76,0
world,1926,77,0
world,1926,78,0
world,1926,79,0
world,1926,80,0
world,1926,81,0
world,1926,82,0
world,1926,83,0
world,1926,84,0
world,1926,85,0
world,1926,86,0
world,1926,87,0
world,1926,88,0
world,1926,89,0
world,1926,90,0
world,1926,91,0
world,1926,92,0
world,1926,93,0
world,1926,94,0
world,1926,95,0
world,1926,96,0
world,1926,97,0
world,1926,98,0
world,1926,99,0
world,1926,100,0
world,1926,101,0
world,1926,102,0
world,1926,103,0
world,1926,104,0
world,1927,0,0
world,1927,1,4
world,1927,2,15
world,1927,3,1498
world,1927,4,13042
world,1927,5,35198
world,1927,6,73848
world,1927,7,153216
world,1927,8,303377
world,1927,9,628911
world,1927,10,1451801
world,1927,11,3606467
world,1927,12,9367434
world,1927,13,26130016
world,1927,14,57417021
world,1927,15,95452188
world,1927,16,144093230
world,1927,17,197193513
world,1927,18,219839923
world,1927,19,218672609
world,1927,20,207277554
world,1927,21,171109513
world,1927,22,131375460
world,1927,23,107306206
world,1927,24,93040212
world,1927,25,80949331
world,1927,26,69140980
world,1927,27,55990435
world,1927,28,42363131
world,1927,29,29214983
world,1927,30,18230001
world,1927,31,10516438
world,1927,32,5474553
world,1927,33,2590089
world,1927,34,1185351
world,1927,35,516798
world,1927,36,214232
world,1927,37,92830
world,1927,38,46283
world,1927,39,23253
world,1927,40,11797
world,1927,41,5241
world,1927,42,2343
world,1927,43,1091
world,1927,44,423
world,1927,45,156
world,1927,46,84
world,1927,47,74
world,1927,48,44
world,1927,49,0
world,1927,50,0
world,1927,51,0
world,1927,52,0
world,1927,53,0
world,1927,54,0
world,1927,55,0
world,1927,56,0
world,1927,57,0
world,1927,58,0
world,1927,59,0
world,1927,60,0
world,1927,61,0
world,1927,62,0
world,1927,63,0
world,1927,64,0
world,1927,65,0
world,1927,66,0
world,1927,67,0
world,1927,68,0
world,1927,69,0
world,1927,70,0
world,1927,71,0
world,1927,72,0
world,1927,73,0
world,1927,74,0
world,1927,75,0
world,1927,76,0
world,1927,77,0
world,1927,78,0
world,1927,79,0
world,1927,80,0
world,1927,81,0
world,1927,82,0
world,1927,83,0
world,1927,84,0
world,1927,85,0
world,1927,86,0
world,1927,87,0
world,1927,88,0
world,1927,89,0
world,1927,90,0
world,1927,91,0
world,1927,92,0
world,1927,93,0
world,1927,94,0
world,1927,95,0
world,1927,96,0
world,1927,97,0
world,1927,98,0
world,1927,99,0
world,1927,100,0
world,1927,101,0
world,1927,102,0
world,1927,103,0
world,1927,104,0
world,1928,0,0
world,1928,1,3
world,1928,2,14
world,1928,3,946
world,1928,4,11245
world,1928,5,31738
world,1928,6,66743
world,1928,7,137985
world,1928,8,273422
world,1928,9,563734
world,1928,10,1317086
world,1928,11,3304556
world,1928,12,8693176
world,1928,13,24987338
world,1928,14,56186064
world,1928,15,94088760
world,1928,16,143015808
world,1928,17,197036581
world,1928,18,220611101
world,1928,19,220269182
world,1928,20,209329470
world,1928,21,172981788
world,1928,22,132687758
world,1928,23,108632632
world,1928,24,95066652
world,1928,25,83407506
world,1928,26,71775303
world,1928,27,58694301
world,1928,28,44456206
world,1928,29,30735350
world,1928,30,19118159
world,1928,31,11001514
world,1928,32,5714904
world,1928,33,2699552
world,1928,34,1238712
world,1928,35,540312
world,1928,36,224761
world,1928,37,98372
world,1928,38,49323
world,1928,39,24653
world,1928,40,12432
world,1928,41,5717
world,1928,42,2541
world,1928,43,1144
world,1928,44,444
world,1928,45,164
world,1928,46,81
world,1928,47,75
world,1928,48,51
world,1928,49,1
world,1928,50,0
world,1928,51,0
world,1928,52,0
world,1928,53,0
world,1928,54,0
world,1928,55,0
world,1928,56,0
world,1928,57,0
world,1928,58,0
world,1928,59,0
world,1928,60,0
world,1928,61,0
world,1928,62,0
world,1928,63,0
world,1928,64,0
world,1928,65,0
world,1928,66,0
world,1928,67,0
world,1928,68,0
world,1928,69,0
world,1928,70,0
world,1928,71,0
world,1928,72,0
world,1928,73,0
world,1928,74,0
world,1928,75,0
world,1928,76,0
world,1928,77,0
world,1928,78,0
world,1928,79,0
world,1928,80,0
world,1928,81,0
world,1928,82,0
world,1928,83,0
world,1928,84,0
world,1928,85,0
world,1928,86,0
world,1928,87,0
world,1928,88,0
world,1928,89,0
world,1928,90,0
world,1928,91,0
world,1928,92,0
world,1928,93,0
world,1928,94,0
world,1928,95,0
world,1928,96,0
world,1928,97,0
world,1928,98,0
world,1928,99,0
world,1928,100,0
world,1928,101,0
world,1928,102,0
world,1928,103,0
world,1928,104,0
world,1929,0,0
world,1929,1,2
world,1929,2,13
world,1929,3,424
world,1929,4,10069
world,1929,5,30588
world,1929,6,66853
world,1929,7,139773
world,1929,8,277445
world,1929,9,569041
world,1929,10,1315389
world,1929,11,3265746
world,1929,12,8507373
world,1929,13,24573961
world,1929,14,55659205
world,1929,15,93455169
world,1929,16,142027724
world,1929,17,196061291
world,1929,18,220325364
world,1929,19,219907709
world,1929,20,210513694
world,1929,21,176124004
world,1929,22,135838310
world,1929,23,110761733
world,1929,24,97367263
world,1929,25,85423573
world,1929,26,73225294
world,1929,27,60103116
world,1929,28,45927654
world,1929,29,32260533
world,1929,30,20418635
world,1929,31,11818633
world,1929,32,6295253
world,1929,33,3001625
world,1929,34,1374586
world,1929,35,611734
world,1929,36,263197
world,1929,37,112779
world,1929,38,56029
world,1929,39,27946
world,1929,40,14198
world,1929,41,6760
world,1929,42,2922
world,1929,43,1265
world,1929,44,439
world,1929,45,163
world,1929,46,92
world,1929,47,92
world,1929,48,70
world,1929,49,1
world,1929,50,0
world,1929,51,0
world,1929,52,0
world,1929,53,0
world,1929,54,0
world,1929,55,0
world,1929,56,0
world,1929,57,0
world,1929,58,0
world,1929,59,0
world,1929,60,0
world,1929,61,0
world,1929,62,0
world,1929,63,0
world,1929,64,0
world,1929,65,0
world,1929,66,0
world,1929,67,0
world,1929,68,0
world,1929,69,0
world,1929,70,0
world,1929,71,0
world,1929,72,0
world,1929,73,0
world,1929,74,0
world,1929,75,0
world,1929,76,0
world,1929,77,0
world,1929,78,0
world,1929,79,0
world,1929,80,0
world,1929,81,0
world,1929,82,0
world,1929,83,0
world,1929,84,0
world,1929,85,0
world,1929,86,0
world,1929,87,0
world,1929,88,0
world,1929,89,0
world,1929,90,0
world,1929,91,0
world,1929,92,0
world,1929,93,0
world,1929,94,0
world,1929,95,0
world,1929,96,0
world,1929,97,0
world,1929,98,0
world,1929,99,0
world,1929,100,0
world,1929,101,0
world,1929,102,0
world,1929,103,0
world,1929,104,0
world,1930,0,0
world,1930,1,2
world,1930,2,13
world,1930,3,1601
world,1930,4,14234
world,1930,5,38620
world,1930,6,79572
world,1930,7,158534
world,1930,8,307134
world,1930,9,620522
world,1930,10,1381486
world,1930,11,3375529
world,1930,12,8613534
world,1930,13,24564134
world,1930,14,55679200
world,1930,15,93718361
world,1930,16,142628844
world,1930,17,197590251
world,1930,18,222737881
world,1930,19,223528445
world,1930,20,215196428
world,1930,21,181011561
world,1930,22,139750081
world,1930,23,113232882
world,1930,24,97983607
world,1930,25,85480787
world,1930,26,73526014
world,1930,27,60143111
world,1930,28,45215580
world,1930,29,30818183
world,1930,30,18874162
world,1930,31,10748307
world,1930,32,5465085
world,1930,33,2566837
world,1930,34,1163647
world,1930,35,499372
world,1930,36,203798
world,1930,37,91743
world,1930,38,46419
world,1930,39,23131
world,1930,40,11621
world,1930,41,5284
world,1930,42,2339
world,1930,43,1030
world,1930,44,399
world,1930,45,140
world,1930,46,72
world,1930,47,71
world,1930,48,43
world,1930,49,0
world,1930,50,0
world,1930,51,0
world,1930,52,0
world,1930,53,0
world,1930,54,0
world,1930,55,0
world,1930,56,0
world,1930,57,0
world,1930,58,0
world,1930,59,0
world,1930,60,0
world,1930,61,0
world,1930,62,0
world,1930,63,0
world,1930,64,0
world,1930,65,0
world,1930,66,0
world,1930,67,0
world,1930,68,0
world,1930,69,0
world,1930,70,0
world,1930,71,0
world,1930,72,0
world,1930,73,0
world,1930,74,0
world,1930,75,0
world,1930,76,0
world,1930,77,0
world,1930,78,0
world,1930,79,0
world,1930,80,0
world,1930,81,0
world,1930,82,0
world,1930,83,0
world,1930,84,0
world,1930,85,0
world,1930,86,0
world,1930,87,0
world,1930,88,0
world,1930,89,0
world,1930,90,0
world,1930,91,0
world,1930,92,0
world,1930,93,0
world,1930,94,0
world,1930,95,0
world,1930,96,0
world,1930,97,0
world,1930,98,0
world,1930,99,0
world,1930,100,0
world,1930,101,0
world,1930,102,0
world,1930,103,0
world,1930,104,0
world,1931,0,0
world,1931,1,2
world,1931,2,13
world,1931,3,2092
world,1931,4,15976
world,1931,5,42620
world,1931,6,88774
world,1931,7,177248
world,1931,8,342137
world,1931,9,686702
world,1931,10,1507267
world,1931,11,3611326
world,1931,12,9090935
world,1931,13,25407271
world,1931,14,56545701
world,1931,15,95089484
world,1931,16,143816837
world,1931,17,198948076
world,1931,18,224453889
world,1931,19,226449439
world,1931,20,219283037
world,1931,21,185495739
world,1931,22,144368054
world,1931,23,117482944
world,1931,24,100409826
world,1931,25,86712011
world,1931,26,73877928
world,1931,27,58645339
world,1931,28,42762294
world,1931,29,27988435
world,1931,30,16613633
world,1931,31,9168426
world,1931,32,4438580
world,1931,33,2059072
world,1931,34,913062
world,1931,35,380069
world,1931,36,154828
world,1931,37,73061
world,1931,38,36956
world,1931,39,18412
world,1931,40,9475
world,1931,41,4495
world,1931,42,2120
world,1931,43,919
world,1931,44,385
world,1931,45,118
world,1931,46,67
world,1931,47,70
world,1931,48,27
world,1931,49,0
world,1931,50,0
world,1931,51,0
world,1931,52,0
world,1931,53,0
world,1931,54,0
world,1931,55,0
world,1931,56,0
world,1931,57,0
world,1931,58,0
world,1931,59,0
world,1931,60,0
world,1931,61,0
world,1931,62,0
world,1931,63,0
world,1931,64,0
world,1931,65,0
world,1931,66,0
world,1931,67,0
world,1931,68,0
world,1931,69,0
world,1931,70,0
world,1931,71,0
world,1931,72,0
world,1931,73,0
world,1931,74,0
world,1931,75,0
world,1931,76,0
world,1931,77,0
world,1931,78,0
world,1931,79,0
world,1931,80,0
world,1931,81,0
world,1931,82,0
world,1931,83,0
world,1931,84,0
world,1931,85,0
world,1931,86,0
world,1931,87,0
world,1931,88,0
world,1931,89,0
world,1931,90,0
world,1931,91,0
world,1931,92,0
world,1931,93,0
world,1931,94,0
world,1931,95,0
world,1931,96,0
world,1931,97,0
world,1931,98,0
world,1931,99,0
world,1931,100,0
world,1931,101,0
world,1931,102,0
world,1931,103,0
world,1931,104,0
world,1932,0,0
world,1932,1,1
world,1932,2,12
world,1932,3,1135
world,1932,4,13758
world,1932,5,39714
world,1932,6,88186
world,1932,7,181742
world,1932,8,354849
world,1932,9,714370
world,1932,10,1568953
world,1932,11,3723523
world,1932,12,9361522
world,1932,13,25216906
world,1932,14,56387253
world,1932,15,94912643
world,1932,16,143941808
world,1932,17,200634966
world,1932,18,230095769
world,1932,19,233287264
world,1932,20,225478217
world,1932,21,189295619
world,1932,22,148012842
world,1932,23,122411308
world,1932,24,105142389
world,1932,25,90806417
world,1932,26,75526578
world,1932,27,56377904
world,1932,28,37769850
world,1932,29,22493891
world,1932,30,12334274
world,1932,31,6263469
world,1932,32,2957987
world,1932,33,1392335
world,1932,34,635043
world,1932,35,275210
world,1932,36,124641
world,1932,37,62246
world,1932,38,31664
world,1932,39,16513
world,1932,40,8910
world,1932,41,4372
world,1932,42,2022
world,1932,43,874
world,1932,44,392
world,1932,45,133
world,1932,46,70
world,1932,47,57
world,1932,48,15
world,1932,49,0
world,1932,50,0
world,1932,51,0
world,1932,52,0
world,1932,53,0
world,1932,54,0
world,1932,55,0
world,1932,56,0
world,1932,57,0
world,1932,58,0
world,1932,59,0
world,1932,60,0
world,1932,61,0
world,1932,62,0
world,1932,63,0
world,1932,64,0
world,1932,65,0
world,1932,66,0
world,1932,67,0
world,1932,68,0
world,1932,69,0
world,1932,70,0
world,1932,71,0
world,1932,72,0
world,1932,73,0
world,1932,74,0
world,1932,75,0
world,1932,76,0
world,1932,77,0
world,1932,78,0
world,1932,79,0
world,1932,80,0
world,1932,81,0
world,1932,82,0
world,1932,83,0
world,1932,84,0
world,1932,85,0
world,1932,86,0
world,1932,87,0
world,1932,88,0
world,1932,89,0
world,1932,90,0
world,1932,91,0
world,1932,92,0
world,1932,93,0
world,1932,94,0
world,1932,95,0
world,1932,96,0
world,1932,97,0
world,1932,98,0
world,1932,99,0
world,1932,100,0
world,1932,101,0
world,1932,102,0
world,1932,103,0
world,1932,104,0
world,1933,0,0
world,1933,1,0
world,1933,2,11
world,1933,3,479
world,1933,4,10824
world,1933,5,35118
world,1933,6,81544
world,1933,7,170159
world,1933,8,332785
world,1933,9,679541
world,1933,10,1558305
world,1933,11,3818025
world,1933,12,10320851
world,1933,13,30251285
world,1933,14,62687904
world,1933,15,103778272
world,1933,16,153769402
world,1933,17,207378073
world,1933,18,223300436
world,1933,19,226744094
world,1933,20,218729225
world,1933,21,185241306
world,1933,22,146866669
world,1933,23,123555551
world,1933,24,107694645
world,1933,25,93322749
world,1933,26,77634763
world,1933,27,57624518
world,1933,28,38116671
world,1933,29,22262015
world,1933,30,12008839
world,1933,31,6018432
world,1933,32,2855777
world,1933,33,1354046
world,1933,34,629136
world,1933,35,280658
world,1933,36,134595
world,1933,37,68426
world,1933,38,34676
world,1933,39,17323
world,1933,40,9171
world,1933,41,4602
world,1933,42,2152
world,1933,43,1006
world,1933,44,454
world,1933,45,166
world,1933,46,85
world,1933,47,68
world,1933,48,21
world,1933,49,0
world,1933,50,0
world,1933,51,0
world,1933,52,0
world,1933,53,0
world,1933,54,0
world,1933,55,0
world,1933,56,0
world,1933,57,0
world,1933,58,0
world,1933,59,0
world,1933,60,0
world,1933,61,0
world,1933,62,0
world,1933,63,0
world,1933,64,0
world,1933,65,0
world,1933,66,0
world,1933,67,0
world,1933,68,0
world,1933,69,0
world,1933,70,0
world,1933,71,0
world,1933,72,0
world,1933,73,0
world,1933,74,0
world,1933,75,0
world,1933,76,0
world,1933,77,0
world,1933,78,0
world,1933,79,0
world,1933,80,0
world,1933,81,0
world,1933,82,0
world,1933,83,0
world,1933,84,0
world,1933,85,0
world,1933,86,0
world,1933,87,0
world,1933,88,0
world,1933,89,0
world,1933,90,0
world,1933,91,0
world,1933,92,0
world,1933,93,0
world,1933,94,0
world,1933,95,0
world,1933,96,0
world,1933,97,0
world,1933,98,0
world,1933,99,0
world,1933,100,0
world,1933,101,0
world,1933,102,0
world,1933,103,0
world,1933,104,0
world,1934,0,0
world,1934,1,0
world,1934,2,11
world,1934,3,185
world,1934,4,9934
world,1934,5,33276
world,1934,6,77454
world,1934,7,159866
world,1934,8,309569
world,1934,9,634696
world,1934,10,1478074
world,1934,11,3634080
world,1934,12,9974889
world,1934,13,29767685
world,1934,14,62045980
world,1934,15,103442712
world,1934,16,153817034
world,1934,17,208047697
world,1934,18,224277296
world,1934,19,228812626
world,1934,20,221465930
world,1934,21,187212231
world,1934,22,147511243
world,1934,23,122296866
world,1934,24,106713175
world,1934,25,93341537
world,1934,26,79618760
world,1934,27,61468832
world,1934,28,42188898
world,1934,29,25495180
world,1934,30,13944432
world,1934,31,7100169
world,1934,32,3334019
world,1934,33,1562492
world,1934,34,719427
world,1934,35,311761
world,1934,36,138866
world,1934,37,68723
world,1934,38,34831
world,1934,39,17633
world,1934,40,9439
world,1934,41,4770
world,1934,42,2215
world,1934,43,971
world,1934,44,438
world,1934,45,147
world,1934,46,70
world,1934,47,57
world,1934,48,32
world,1934,49,0
world,1934,50,0
world,1934,51,0
world,1934,52,0
world,1934,53,0
world,1934,54,0
world,1934,55,0
world,1934,56,0
world,1934,57,0
world,1934,58,0
world,1934,59,0
world,1934,60,0
world,1934,61,0
world,1934,62,0
world,1934,63,0
world,1934,64,0
world,1934,65,0
world,1934,66,0
world,1934,67,0
world,1934,68,0
world,1934,69,0
world,1934,70,0
world,1934,71,0
world,1934,72,0
world,1934,73,0
world,1934,74,0
world,1934,75,0
world,1934,76,0
world,1934,77,0
world,1934,78,0
world,1934,79,0
world,1934,80,0
world,1934,81,0
world,1934,82,0
world,1934,83,0
world,1934,84,0
world,1934,85,0
world,1934,86,0
world,1934,87,0
world,1934,88,0
world,1934,89,0
world,1934,90,0
world,1934,91,0
world,1934,92,0
world,1934,93,0
world,1934,94,0
world,1934,95,0
world,1934,96,0
world,1934,97,0
world,1934,98,0
world,1934,99,0
world,1934,100,0
world,1934,101,0
world,1934,102,0
world,1934,103,0
world,1934,104,0
world,1935,0,0
world,1935,1,0
world,1935,2,9
world,1935,3,148
world,1935,4,9128
world,1935,5,32572
world,1935,6,77054
world,1935,7,158523
world,1935,8,301815
world,1935,9,610787
world,1935,10,1393073
world,1935,11,3323330
world,1935,12,8712937
world,1935,13,25118394
world,1935,14,56247967
world,1935,15,95821867
world,1935,16,146510568
world,1935,17,204501256
world,1935,18,231251884
world,1935,19,237097154
world,1935,20,230476103
world,1935,21,192875456
world,1935,22,150326895
world,1935,23,123249430
world,1935,24,106991088
world,1935,25,93144866
world,1935,26,80191321
world,1935,27,64244578
world,1935,28,46384177
world,1935,29,29875244
world,1935,30,17124420
world,1935,31,9151929
world,1935,32,4325595
world,1935,33,1983222
world,1935,34,882199
world,1935,35,370097
world,1935,36,150709
world,1935,37,71740
world,1935,38,35806
world,1935,39,18210
world,1935,40,9651
world,1935,41,4645
world,1935,42,2206
world,1935,43,937
world,1935,44,418
world,1935,45,134
world,1935,46,67
world,1935,47,56
world,1935,48,41
world,1935,49,0
world,1935,50,0
world,1935,51,0
world,1935,52,0
world,1935,53,0
world,1935,54,0
world,1935,55,0
world,1935,56,0
world,1935,57,0
world,1935,58,0
world,1935,59,0
world,1935,60,0
world,1935,61,0
world,1935,62,0
world,1935,63,0
world,1935,64,0
world,1935,65,0
world,1935,66,0
world,1935,67,0
world,1935,68,0
world,1935,69,0
world,1935,70,0
world,1935,71,0
world,1935,72,0
world,1935,73,0
world,1935,74,0
world,1935,75,0
world,1935,76,0
world,1935,77,0
world,1935,78,0
world,1935,79,0
world,1935,80,0
world,1935,81,0
world,1935,82,0
world,1935,83,0
world,1935,84,0
world,1935,85,0
world,1935,86,0
world,1935,87,0
world,1935,88,0
world,1935,89,0
world,1935,90,0
world,1935,91,0
world,1935,92,0
world,1935,93,0
world,1935,94,0
world,1935,95,0
world,1935,96,0
world,1935,97,0
world,1935,98,0
world,1935,99,0
world,1935,100,0
world,1935,101,0
world,1935,102,0
world,1935,103,0
world,1935,104,0
world,1936,0,0
world,1936,1,0
world,1936,2,9
world,1936,3,260
world,1936,4,7565
world,1936,5,29359
world,1936,6,70025
world,1936,7,145128
world,1936,8,275491
world,1936,9,546276
world,1936,10,1232841
world,1936,11,2902231
world,1936,12,7409137
world,1936,13,21158562
world,1936,14,50608815
world,1936,15,88982965
world,1936,16,138907292
world,1936,17,198268931
world,1936,18,235162472
world,1936,19,243221369
world,1936,20,240856614
world,1936,21,203934740
world,1936,22,157203541
world,1936,23,124996549
world,1936,24,107131847
world,1936,25,93427848
world,1936,26,80599130
world,1936,27,66282955
world,1936,28,49228633
world,1936,29,33055684
world,1936,30,19476332
world,1936,31,10704570
world,1936,32,5259267
world,1936,33,2414097
world,1936,34,1084851
world,1936,35,462723
world,1936,36,184626
world,1936,37,84218
world,1936,38,42616
world,1936,39,21271
world,1936,40,10908
world,1936,41,4938
world,1936,42,2302
world,1936,43,1019
world,1936,44,451
world,1936,45,158
world,1936,46,75
world,1936,47,50
world,1936,48,47
world,1936,49,4
world,1936,50,0
world,1936,51,0
world,1936,52,0
world,1936,53,0
world,1936,54,0
world,1936,55,0
world,1936,56,0
world,1936,57,0
world,1936,58,0
world,1936,59,0
world,1936,60,0
world,1936,61,0
world,1936,62,0
world,1936,63,0
world,1936,64,0
world,1936,65,0
world,1936,66,0
world,1936,67,0
world,1936,68,0
world,1936,69,0
world,1936,70,0
world,1936,71,0
world,1936,72,0
world,1936,73,0
world,1936,74,0
world,1936,75,0
world,1936,76,0
world,1936,77,0
world,1936,78,0
world,1936,79,0
world,1936,80,0
world,1936,81,0
world,1936,82,0
world,1936,83,0
world,1936,84,0
world,1936,85,0
world,1936,86,0
world,1936,87,0
world,1936,88,0
world,1936,89,0
world,1936,90,0
world,1936,91,0
world,1936,92,0
world,1936,93,0
world,1936,94,0
world,1936,95,0
world,1936,96,0
world,1936,97,0
world,1936,98,0
world,1936,99,0
world,1936,100,0
world,1936,101,0
world,1936,102,0
world,1936,103,0
world,1936,104,0
world,1937,0,0
world,1937,1,0
world,1937,2,8
world,1937,3,24
world,1937,4,5642
world,1937,5,26577
world,1937,6,68419
world,1937,7,144616
world,1937,8,275134
world,1937,9,538772
world,1937,10,1204768
world,1937,11,2844409
world,1937,12,7179396
world,1937,13,21446712
world,1937,14,51585908
world,1937,15,89879884
world,1937,16,141890943
world,1937,17,202880819
world,1937,18,236133673
world,1937,19,243752474
world,1937,20,239491319
world,1937,21,200059895
world,1937,22,153807795
world,1937,23,124920963
world,1937,24,108679034
world,1937,25,95739499
world,1937,26,82789022
world,1937,27,68991616
world,1937,28,52260335
world,1937,29,36090289
world,1937,30,21848991
world,1937,31,12189561
world,1937,32,6204288
world,1937,33,2862053
world,1937,34,1296272
world,1937,35,564659
world,1937,36,228108
world,1937,37,98035
world,1937,38,49672
world,1937,39,24733
world,1937,40,12669
world,1937,41,5977
world,1937,42,2723
world,1937,43,1250
world,1937,44,562
world,1937,45,211
world,1937,46,93
world,1937,47,63
world,1937,48,57
world,1937,49,10
world,1937,50,0
world,1937,51,0
world,1937,52,0
world,1937,53,0
world,1937,54,0
world,1937,55,0
world,1937,56,0
world,1937,57,0
world,1937,58,0
world,1937,59,0
world,1937,60,0
world,1937,61,0
world,1937,62,0
world,1937,63,0
world,1937,64,0
world,1937,65,0
world,1937,66,0
world,1937,67,0
world,1937,68,0
world,1937,69,0
world,1937,70,0
world,1937,71,0
world,1937,72,0
world,1937,73,0
world,1937,74,0
world,1937,75,0
world,1937,76,0
world,1937,77,0
world,1937,78,0
world,1937,79,0
world,1937,80,0
world,1937,81,0
world,1937,82,0
world,1937,83,0
world,1937,84,0
world,1937,85,0
world,1937,86,0
world,1937,87,0
world,1937,88,0
world,1937,89,0
world,1937,90,0
world,1937,91,0
world,1937,92,0
world,1937,93,0
world,1937,94,0
world,1937,95,0
world,1937,96,0
world,1937,97,0
world,1937,98,0
world,1937,99,0
world,1937,100,0
world,1937,101,0
world,1937,102,0
world,1937,103,0
world,1937,104,0
world,1938,0,0
world,1938,1,0
world,1938,2,7
world,1938,3,24
world,1938,4,4285
world,1938,5,24066
world,1938,6,65121
world,1938,7,142575
world,1938,8,275124
world,1938,9,543306
world,1938,10,1235297
world,1938,11,2948762
world,1938,12,7528958
world,1938,13,23075223
world,1938,14,53812091
world,1938,15,92914821
world,1938,16,146477425
world,1938,17,208083065
world,1938,18,237332310
world,1938,19,245155377
world,1938,20,238840737
world,1938,21,196991579
world,1938,22,150525463
world,1938,23,124628967
world,1938,24,110657353
world,1938,25,99078605
world,1938,26,86227822
world,1938,27,71745157
world,1938,28,53764999
world,1938,29,36196516
world,1938,30,21157698
world,1938,31,11470191
world,1938,32,5599707
world,1938,33,2558604
world,1938,34,1156340
world,1938,35,503159
world,1938,36,203016
world,1938,37,93063
world,1938,38,46962
world,1938,39,23253
world,1938,40,12096
world,1938,41,5777
world,1938,42,2758
world,1938,43,1279
world,1938,44,586
world,1938,45,232
world,1938,46,93
world,1938,47,68
world,1938,48,58
world,1938,49,18
world,1938,50,0
world,1938,51,0
world,1938,52,0
world,1938,53,0
world,1938,54,0
world,1938,55,0
world,1938,56,0
world,1938,57,0
world,1938,58,0
world,1938,59,0
world,1938,60,0
world,1938,61,0
world,1938,62,0
world,1938,63,0
world,1938,64,0
world,1938,65,0
world,1938,66,0
world,1938,67,0
world,1938,68,0
world,1938,69,0
world,1938,70,0
world,1938,71,0
world,1938,72,0
world,1938,73,0
world,1938,74,0
world,1938,75,0
world,1938,76,0
world,1938,77,0
world,1938,78,0
world,1938,79,0
world,1938,80,0
world,1938,81,0
world,1938,82,0
world,1938,83,0
world,1938,84,0
world,1938,85,0
world,1938,86,0
world,1938,87,0
world,1938,88,0
world,1938,89,0
world,1938,90,0
world,1938,91,0
world,1938,92,0
world,1938,93,0
world,1938,94,0
world,1938,95,0
world,1938,96,0
world,1938,97,0
world,1938,98,0
world,1938,99,0
world,1938,100,0
world,1938,101,0
world,1938,102,0
world,1938,103,0
world,1938,104,0
world,1939,0,0
world,1939,1,0
world,1939,2,6
world,1939,3,22
world,1939,4,3195
world,1939,5,21316
world,1939,6,62135
world,1939,7,144560
world,1939,8,286222
world,1939,9,572735
world,1939,10,1302285
world,1939,11,3065500
world,1939,12,7749488
world,1939,13,24216766
world,1939,14,55296515
world,1939,15,94909050
world,1939,16,148292197
world,1939,17,209459480
world,1939,18,234725231
world,1939,19,242392920
world,1939,20,238229404
world,1939,21,198678363
world,1939,22,151910070
world,1939,23,125613351
world,1939,24,110447008
world,1939,25,100455321
world,1939,26,87961229
world,1939,27,74221803
world,1939,28,56902893
world,1939,29,39050172
world,1939,30,23251021
world,1939,31,12639322
world,1939,32,6294783
world,1939,33,2876768
world,1939,34,1298954
world,1939,35,573942
world,1939,36,232923
world,1939,37,101952
world,1939,38,51396
world,1939,39,25174
world,1939,40,12755
world,1939,41,6031
world,1939,42,2820
world,1939,43,1310
world,1939,44,594
world,1939,45,233
world,1939,46,97
world,1939,47,58
world,1939,48,50
world,1939,49,33
world,1939,50,0
world,1939,51,0
world,1939,52,0
world,1939,53,0
world,1939,54,0
world,1939,55,0
world,1939,56,0
world,1939,57,0
world,1939,58,0
world,1939,59,0
world,1939,60,0
world,1939,61,0
world,1939,62,0
world,1939,63,0
world,1939,64,0
world,1939,65,0
world,1939,66,0
world,1939,67,0
world,1939,68,0
world,1939,69,0
world,1939,70,0
world,1939,71,0
world,1939,72,0
world,1939,73,0
world,1939,74,0
world,1939,75,0
world,1939,76,0
world,1939,77,0
world,1939,78,0
world,1939,79,0
world,1939,80,0
world,1939,81,0
world,1939,82,0
world,1939,83,0
world,1939,84,0
world,1939,85,0
world,1939,86,0
world,1939,87,0
world,1939,88,0
world,1939,89,0
world,1939,90,0
world,1939,91,0
world,1939,92,0
world,1939,93,0
world,1939,94,0
world,1939,95,0
world,1939,96,0
world,1939,97,0
world,1939,98,0
world,1939,99,0
world,1939,100,0
world,1939,101,0
world,1939,102,0
world,1939,103,0
world,1939,104,0
world,1940,0,0
world,1940,1,0
world,1940,2,6
world,1940,3,457
world,1940,4,4851
world,1940,5,24055
world,1940,6,64877
world,1940,7,147064
world,1940,8,290085
world,1940,9,581998
world,1940,10,1323719
world,1940,11,3109593
world,1940,12,7886960
world,1940,13,25202806
world,1940,14,56829687
world,1940,15,97331206
world,1940,16,151709864
world,1940,17,213254773
world,1940,18,235750087
world,1940,19,243910802
world,1940,20,239399746
world,1940,21,200720174
world,1940,22,154260398
world,1940,23,126938875
world,1940,24,110727006
world,1940,25,99062776
world,1940,26,86107386
world,1940,27,72185137
world,1940,28,56439407
world,1940,29,39966987
world,1940,30,24738153
world,1940,31,13652360
world,1940,32,6997510
world,1940,33,3212878
world,1940,34,1435169
world,1940,35,632917
world,1940,36,261213
world,1940,37,105153
world,1940,38,51365
world,1940,39,25699
world,1940,40,13563
world,1940,41,6557
world,1940,42,3028
world,1940,43,1356
world,1940,44,548
world,1940,45,212
world,1940,46,90
world,1940,47,45
world,1940,48,49
world,1940,49,32
world,1940,50,0
world,1940,51,0
world,1940,52,0
world,1940,53,0
world,1940,54,0
world,1940,55,0
world,1940,56,0
world,1940,57,0
world,1940,58,0
world,1940,59,0
world,1940,60,0
world,1940,61,0
world,1940,62,0
world,1940,63,0
world,1940,64,0
world,1940,65,0
world,1940,66,0
world,1940,67,0
world,1940,68,0
world,1940,69,0
world,1940,70,0
world,1940,71,0
world,1940,72,0
world,1940,73,0
world,1940,74,0
world,1940,75,0
world,1940,76,0
world,1940,77,0
world,1940,78,0
world,1940,79,0
world,1940,80,0
world,1940,81,0
world,1940,82,0
world,1940,83,0
world,1940,84,0
world,1940,85,0
world,1940,86,0
world,1940,87,0
world,1940,88,0
world,1940,89,0
world,1940,90,0
world,1940,91,0
world,1940,92,0
world,1940,93,0
world,1940,94,0
world,1940,95,0
world,1940,96,0
world,1940,97,0
world,1940,98,0
world,1940,99,0
world,1940,100,0
world,1940,101,0
world,1940,102,0
world,1940,103,0
world,1940,104,0
world,1941,0,0
world,1941,1,0
world,1941,2,5
world,1941,3,1396
world,1941,4,5689
world,1941,5,22084
world,1941,6,60778
world,1941,7,138966
world,1941,8,274350
world,1941,9,546452
world,1941,10,1256765
world,1941,11,3011344
world,1941,12,7933173
world,1941,13,26221931
world,1941,14,58291058
world,1941,15,100222655
world,1941,16,155835601
world,1941,17,217173551
world,1941,18,237106665
world,1941,19,244954407
world,1941,20,239926525
world,1941,21,201848293
world,1941,22,155129500
world,1941,23,125226969
world,1941,24,107655292
world,1941,25,95039894
world,1941,26,82264263
world,1941,27,70219779
world,1941,28,57964505
world,1941,29,43597588
world,1941,30,29109256
world,1941,31,16839043
world,1941,32,8964813
world,1941,33,4226657
world,1941,34,1867175
world,1941,35,811209
world,1941,36,333440
world,1941,37,126742
world,1941,38,55902
world,1941,39,27556
world,1941,40,14395
world,1941,41,7079
world,1941,42,3485
world,1941,43,1627
world,1941,44,639
world,1941,45,232
world,1941,46,100
world,1941,47,47
world,1941,48,46
world,1941,49,38
world,1941,50,2
world,1941,51,0
world,1941,52,0
world,1941,53,0
world,1941,54,0
world,1941,55,0
world,1941,56,0
world,1941,57,0
world,1941,58,0
world,1941,59,0
world,1941,60,0
world,1941,61,0
world,1941,62,0
world,1941,63,0
world,1941,64,0
world,1941,65,0
world,1941,66,0
world,1941,67,0
world,1941,68,0
world,1941,69,0
world,1941,70,0
world,1941,71,0
world,1941,72,0
world,1941,73,0
world,1941,74,0
world,1941,75,0
world,1941,76,0
world,1941,77,0
world,1941,78,0
world,1941,79,0
world,1941,80,0
world,1941,81,0
world,1941,82,0
world,1941,83,0
world,1941,84,0
world,1941,85,0
world,1941,86,0
world,1941,87,0
world,1941,88,0
world,1941,89,0
world,1941,90,0
world,1941,91,0
world,1941,92,0
world,1941,93,0
world,1941,94,0
world,1941,95,0
world,1941,96,0
world,1941,97,0
world,1941,98,0
world,1941,99,0
world,1941,100,0
world,1941,101,0
world,1941,102,0
world,1941,103,0
world,1941,104,0
world,1942,0,0
world,1942,1,0
world,1942,2,613
world,1942,3,2872
world,1942,4,8102
world,1942,5,25389
world,1942,6,68439
world,1942,7,155002
world,1942,8,306800
world,1942,9,643011
world,1942,10,1523050
world,1942,11,3672190
world,1942,12,10476064
world,1942,13,31151328
world,1942,14,63763820
world,1942,15,107928499
world,1942,16,161440648
world,1942,17,218446921
world,1942,18,234216921
world,1942,19,243509659
world,1942,20,239272490
world,1942,21,201300859
world,1942,22,154095308
world,1942,23,123861761
world,1942,24,106310986
world,1942,25,92449201
world,1942,26,78737207
world,1942,27,67596238
world,1942,28,57246570
world,1942,29,44791770
world,1942,30,31445267
world,1942,31,19129670
world,1942,32,10568257
world,1942,33,5180640
world,1942,34,2274497
world,1942,35,974913
world,1942,36,397207
world,1942,37,148415
world,1942,38,60337
world,1942,39,29458
world,1942,40,15095
world,1942,41,7519
world,1942,42,3881
world,1942,43,1802
world,1942,44,715
world,1942,45,238
world,1942,46,97
world,1942,47,46
world,1942,48,44
world,1942,49,37
world,1942,50,2
world,1942,51,0
world,1942,52,0
world,1942,53,0
world,1942,54,0
world,1942,55,0
world,1942,56,0
world,1942,57,0
world,1942,58,0
world,1942,59,0
world,1942,60,0
world,1942,61,0
world,1942,62,0
world,1942,63,0
world,1942,64,0
world,1942,65,0
world,1942,66,0
world,1942,67,0
world,1942,68,0
world,1942,69,0
world,1942,70,0
world,1942,71,0
world,1942,72,0
world,1942,73,0
world,1942,74,0
world,1942,75,0
world,1942,76,0
world,1942,77,0
world,1942,78,0
world,1942,79,0
world,1942,80,0
world,1942,81,0
world,1942,82,0
world,1942,83,0
world,1942,84,0
world,1942,85,0
world,1942,86,0
world,1942,87,0
world,1942,88,0
world,1942,89,0
world,1942,90,0
world,1942,91,0
world,1942,92,0
world,1942,93,0
world,1942,94,0
world,1942,95,0
world,1942,96,0
world,1942,97,0
world,1942,98,0
world,1942,99,0
world,1942,100,0
world,1942,101,0
world,1942,102,0
world,1942,103,0
world,1942,104,0
world,1943,0,0
world,1943,1,137
world,1943,2,1860
world,1943,3,4767
world,1943,4,7651
world,1943,5,24817
world,1943,6,65021
world,1943,7,145440
world,1943,8,293181
world,1943,9,640865
world,1943,10,1576609
world,1943,11,4172864
world,1943,12,12598870
world,1943,13,35223586
world,1943,14,69049190
world,1943,15,115159355
world,1943,16,168686451
world,1943,17,220761714
world,1943,18,233271213
world,1943,19,243595808
world,1943,20,238748606
world,1943,21,200778628
world,1943,22,152646657
world,1943,23,121442595
world,1943,24,102497703
world,1943,25,87815339
world,1943,26,75089341
world,1943,27,65279220
world,1943,28,56773759
world,1943,29,46137195
world,1943,30,33860645
world,1943,31,21496847
world,1943,32,12227185
world,1943,33,6265600
world,1943,34,2784286
world,1943,35,1186230
world,1943,36,485822
world,1943,37,185231
world,1943,38,68086
world,1943,39,32762
world,1943,40,16496
world,1943,41,8192
world,1943,42,4171
world,1943,43,1909
world,1943,44,828
world,1943,45,274
world,1943,46,119
world,1943,47,48
world,1943,48,40
world,1943,49,38
world,1943,50,4
world,1943,51,0
world,1943,52,0
world,1943,53,0
world,1943,54,0
world,1943,55,0
world,1943,56,0
world,1943,57,0
world,1943,58,0
world,1943,59,0
world,1943,60,0
world,1943,61,0
world,1943,62,0
world,1943,63,0
world,1943,64,0
world,1943,65,0
world,1943,66,0
world,1943,67,0
world,1943,68,0
world,1943,69,0
world,1943,70,0
world,1943,71,0
world,1943,72,0
world,1943,73,0
world,1943,74,0
world,1943,75,0
world,1943,76,0
world,1943,77,0
world,1943,78,0
world,1943,79,0
world,1943,80,0
world,1943,81,0
world,1943,82,0
world,1943,83,0
world,1943,84,0
world,1943,85,0
world,1943,86,0
world,1943,87,0
world,1943,88,0
world,1943,89,0
world,1943,90,0
world,1943,91,0
world,1943,92,0
world,1943,93,0
world,1943,94,0
world,1943,95,0
world,1943,96,0
world,1943,97,0
world,1943,98,0
world,1943,99,0
world,1943,100,0
world,1943,101,0
world,1943,102,0
world,1943,103,0
world,1943,104,0
world,1944,0,0
world,1944,1,1001
world,1944,2,3530
world,1944,3,6202
world,1944,4,9085
world,1944,5,26610
world,1944,6,67356
world,1944,7,157572
world,1944,8,361112
world,1944,9,845344
world,1944,10,2291316
world,1944,11,6510543
world,1944,12,15870935
world,1944,13,40276078
world,1944,14,74163645
world,1944,15,119136006
world,1944,16,171630727
world,1944,17,220588064
world,1944,18,233552159
world,1944,19,245352290
world,1944,20,241567852
world,1944,21,202729606
world,1944,22,153209052
world,1944,23,120474963
world,1944,24,97769134
world,1944,25,81891610
world,1944,26,71262460
world,1944,27,62363234
world,1944,28,55505633
world,1944,29,46671269
world,1944,30,35364304
world,1944,31,23175483
world,1944,32,13541800
world,1944,33,7154406
world,1944,34,3237207
world,1944,35,1378446
world,1944,36,563486
world,1944,37,215278
world,1944,38,75819
world,1944,39,34743
world,1944,40,17258
world,1944,41,8389
world,1944,42,4271
world,1944,43,2062
world,1944,44,865
world,1944,45,305
world,1944,46,132
world,1944,47,53
world,1944,48,40
world,1944,49,38
world,1944,50,9
world,1944,51,0
world,1944,52,0
world,1944,53,0
world,1944,54,0
world,1944,55,0
world,1944,56,0
world,1944,57,0
world,1944,58,0
world,1944,59,0
world,1944,60,0
world,1944,61,0
world,1944,62,0
world,1944,63,0
world,1944,64,0
world,1944,65,0
world,1944,66,0
world,1944,67,0
world,1944,68,0
world,1944,69,0
world,1944,70,0
world,1944,71,0
world,1944,72,0
world,1944,73,0
world,1944,74,0
world,1944,75,0
world,1944,76,0
world,1944,77,0
world,1944,78,0
world,1944,79,0
world,1944,80,0
world,1944,81,0
world,1944,82,0
world,1944,83,0
world,1944,84,0
world,1944,85,0
world,1944,86,0
world,1944,87,0
world,1944,88,0
world,1944,89,0
world,1944,90,0
world,1944,91,0
world,1944,92,0
world,1944,93,0
world,1944,94,0
world,1944,95,0
world,1944,96,0
world,1944,97,0
world,1944,98,0
world,1944,99,0
world,1944,100,0
world,1944,101,0
world,1944,102,0
world,1944,103,0
world,1944,104,0
world,1945,0,356
world,1945,1,2420
world,1945,2,13379
world,1945,3,29637
world,1945,4,52140
world,1945,5,78939
world,1945,6,114088
world,1945,7,205515
world,1945,8,446751
world,1945,9,1052860
world,1945,10,3231584
world,1945,11,8147444
world,1945,12,18535882
world,1945,13,44846923
world,1945,14,79105296
world,1945,15,125580873
world,1945,16,181483422
world,1945,17,228952161
world,1945,18,243093130
world,1945,19,256183640
world,1945,20,246108317
world,1945,21,201719732
world,1945,22,150783110
world,1945,23,114673643
world,1945,24,92255045
world,1945,25,77493203
world,1945,26,67121802
world,1945,27,58174707
world,1945,28,50047889
world,1945,29,41633082
world,1945,30,31376058
world,1945,31,20885275
world,1945,32,12236111
world,1945,33,6419547
world,1945,34,2863607
world,1945,35,1196376
world,1945,36,481165
world,1945,37,181765
world,1945,38,61246
world,1945,39,28362
world,1945,40,13997
world,1945,41,6867
world,1945,42,3487
world,1945,43,1655
world,1945,44,665
world,1945,45,176
world,1945,46,76
world,1945,47,43
world,1945,48,36
world,1945,49,6
world,1945,50,0
world,1945,51,0
world,1945,52,0
world,1945,53,0
world,1945,54,0
world,1945,55,0
world,1945,56,0
world,1945,57,0
world,1945,58,0
world,1945,59,0
world,1945,60,0
world,1945,61,0
world,1945,62,0
world,1945,63,0
world,1945,64,0
world,1945,65,0
world,1945,66,0
world,1945,67,0
world,1945,68,0
world,1945,69,0
world,1945,70,0
world,1945,71,0
world,1945,72,0
world,1945,73,0
world,1945,74,0
world,1945,75,0
world,1945,76,0
world,1945,77,0
world,1945,78,0
world,1945,79,0
world,1945,80,0
world,1945,81,0
world,1945,82,0
world,1945,83,0
world,1945,84,0
world,1945,85,0
world,1945,86,0
world,1945,87,0
world,1945,88,0
world,1945,89,0
world,1945,90,0
world,1945,91,0
world,1945,92,0
world,1945,93,0
world,1945,94,0
world,1945,95,0
world,1945,96,0
world,1945,97,0
world,1945,98,0
world,1945,99,0
world,1945,100,0
world,1945,101,0
world,1945,102,0
world,1945,103,0
world,1945,104,0
world,1946,0,0
world,1946,1,0
world,1946,2,5947
world,1946,3,22550
world,1946,4,44841
world,1946,5,72081
world,1946,6,108665
world,1946,7,189721
world,1946,8,403641
world,1946,9,951499
world,1946,10,2953177
world,1946,11,7967650
world,1946,12,19509359
world,1946,13,46764495
world,1946,14,81840583
world,1946,15,129762465
world,1946,16,187963195
world,1946,17,230670938
world,1946,18,243384952
world,1946,19,255940488
world,1946,20,240621748
world,1946,21,199041906
world,1946,22,156062323
world,1946,23,122251318
world,1946,24,98623391
world,1946,25,81306876
world,1946,26,67861897
world,1946,27,56756567
world,1946,28,48356198
world,1946,29,39256878
world,1946,30,28768176
world,1946,31,18271784
world,1946,32,10277451
world,1946,33,5043147
world,1946,34,2178385
world,1946,35,907862
world,1946,36,360799
world,1946,37,128438
world,1946,38,47101
world,1946,39,21760
world,1946,40,10827
world,1946,41,5967
world,1946,42,2642
world,1946,43,1146
world,1946,44,327
world,1946,45,49
world,1946,46,7
world,1946,47,0
world,1946,48,0
world,1946,49,0
world,1946,50,0
world,1946,51,0
world,1946,52,0
world,1946,53,0
world,1946,54,0
world,1946,55,0
world,1946,56,0
world,1946,57,0
world,1946,58,0
world,1946,59,0
world,1946,60,0
world,1946,61,0
world,1946,62,0
world,1946,63,0
world,1946,64,0
world,1946,65,0
world,1946,66,0
world,1946,67,0
world,1946,68,0
world,1946,69,0
world,1946,70,0
world,1946,71,0
world,1946,72,0
world,1946,73,0
world,1946,74,0
world,1946,75,0
world,1946,76,0
world,1946,77,0
world,1946,78,0
world,1946,79,0
world,1946,80,0
world,1946,81,0
world,1946,82,0
world,1946,83,0
world,1946,84,0
world,1946,85,0
world,1946,86,0
world,1946,87,0
world,1946,88,0
world,1946,89,0
world,1946,90,0
world,1946,91,0
world,1946,92,0
world,1946,93,0
world,1946,94,0
world,1946,95,0
world,1946,96,0
world,1946,97,0
world,1946,98,0
world,1946,99,0
world,1946,100,0
world,1946,101,0
world,1946,102,0
world,1946,103,0
world,1946,104,0
world,1947,0,0
world,1947,1,0
world,1947,2,2778
world,1947,3,17081
world,1947,4,39753
world,1947,5,68954
world,1947,6,106432
world,1947,7,174819
world,1947,8,339940
world,1947,9,796418
world,1947,10,2272046
world,1947,11,7101456
world,1947,12,21051190
world,1947,13,48381101
world,1947,14,85380325
world,1947,15,135684638
world,1947,16,195024057
world,1947,17,227173054
world,1947,18,238812987
world,1947,19,249531726
world,1947,20,233373967
world,1947,21,192713741
world,1947,22,155729415
world,1947,23,126349809
world,1947,24,103880490
world,1947,25,87442723
world,1947,26,73477415
world,1947,27,61365347
world,1947,28,51165884
world,1947,29,40632034
world,1947,30,29061320
world,1947,31,18117872
world,1947,32,10078481
world,1947,33,4863445
world,1947,34,2102103
world,1947,35,883342
world,1947,36,350844
world,1947,37,125790
world,1947,38,47902
world,1947,39,21713
world,1947,40,10919
world,1947,41,5954
world,1947,42,2579
world,1947,43,1170
world,1947,44,313
world,1947,45,65
world,1947,46,16
world,1947,47,0
world,1947,48,0
world,1947,49,0
world,1947,50,0
world,1947,51,0
world,1947,52,0
world,1947,53,0
world,1947,54,0
world,1947,55,0
world,1947,56,0
world,1947,57,0
world,1947,58,0
world,1947,59,0
world,1947,60,0
world,1947,61,0
world,1947,62,0
world,1947,63,0
world,1947,64,0
world,1947,65,0
world,1947,66,0
world,1947,67,0
world,1947,68,0
world,1947,69,0
world,1947,70,0
world,1947,71,0
world,1947,72,0
world,1947,73,0
world,1947,74,0
world,1947,75,0
world,1947,76,0
world,1947,77,0
world,1947,78,0
world,1947,79,0
world,1947,80,0
world,1947,81,0
world,1947,82,0
world,1947,83,0
world,1947,84,0
world,1947,85,0
world,1947,86,0
world,1947,87,0
world,1947,88,0
world,1947,89,0
world,1947,90,0
world,1947,91,0
world,1947,92,0
world,1947,93,0
world,1947,94,0
world,1947,95,0
world,1947,96,0
world,1947,97,0
world,1947,98,0
world,1947,99,0
world,1947,100,0
world,1947,101,0
world,1947,102,0
world,1947,103,0
world,1947,104,0
world,1948,0,0
world,1948,1,0
world,1948,2,329
world,1948,3,11441
world,1948,4,31795
world,1948,5,59774
world,1948,6,98191
world,1948,7,157327
world,1948,8,265650
world,1948,9,573841
world,1948,10,1574976
world,1948,11,4918000
world,1948,12,19516365
world,1948,13,46210948
world,1948,14,83569260
world,1948,15,136045125
world,1948,16,196547574
world,1948,17,223519823
world,1948,18,232874017
world,1948,19,242119932
world,1948,20,227379427
world,1948,21,190996496
world,1948,22,158285130
world,1948,23,135934875
world,1948,24,113793269
world,1948,25,95349578
world,1948,26,80294841
world,1948,27,66270531
world,1948,28,54284317
world,1948,29,42903379
world,1948,30,30885969
world,1948,31,19467056
world,1948,32,10939827
world,1948,33,5379332
world,1948,34,2334632
world,1948,35,988759
world,1948,36,399851
world,1948,37,147400
world,1948,38,55919
world,1948,39,25248
world,1948,40,12400
world,1948,41,6647
world,1948,42,3001
world,1948,43,1315
world,1948,44,423
world,1948,45,94
world,1948,46,32
world,1948,47,8
world,1948,48,0
world,1948,49,0
world,1948,50,0
world,1948,51,0
world,1948,52,0
world,1948,53,0
world,1948,54,0
world,1948,55,0
world,1948,56,0
world,1948,57,0
world,1948,58,0
world,1948,59,0
world,1948,60,0
world,1948,61,0
world,1948,62,0
world,1948,63,0
world,1948,64,0
world,1948,65,0
world,1948,66,0
world,1948,67,0
world,1948,68,0
world,1948,69,0
world,1948,70,0
world,1948,71,0
world,1948,72,0
world,1948,73,0
world,1948,74,0
world,1948,75,0
world,1948,76,0
world,1948,77,0
world,1948,78,0
world,1948,79,0
world,1948,80,0
world,1948,81,0
world,1948,82,0
world,1948,83,0
world,1948,84,0
world,1948,85,0
world,1948,86,0
world,1948,87,0
world,1948,88,0
world,1948,89,0
world,1948,90,0
world,1948,91,0
world,1948,92,0
world,1948,93,0
world,1948,94,0
world,1948,95,0
world,1948,96,0
world,1948,97,0
world,1948,98,0
world,1948,99,0
world,1948,100,0
world,1948,101,0
world,1948,102,0
world,1948,103,0
world,1948,104,0
world,1949,0,0
world,1949,1,0
world,1949,2,0
world,1949,3,8419
world,1949,4,27824
world,1949,5,55567
world,1949,6,93790
world,1949,7,152413
world,1949,8,261566
world,1949,9,580782
world,1949,10,1616379
world,1949,11,5512344
world,1949,12,21600640
world,1949,13,48272230
world,1949,14,86878058
world,1949,15,138827747
world,1949,16,197294446
world,1949,17,219469393
world,1949,18,228881758
world,1949,19,237722016
world,1949,20,224622234
world,1949,21,191230547
world,1949,22,158056163
world,1949,23,137527870
world,1949,24,116756515
world,1949,25,99932311
world,1949,26,87093363
world,1949,27,73543970
world,1949,28,59600549
world,1949,29,45298821
world,1949,30,31235952
world,1949,31,18844344
world,1949,32,10296080
world,1949,33,4881352
world,1949,34,2104911
world,1949,35,892959
world,1949,36,361530
world,1949,37,133001
world,1949,38,55004
world,1949,39,25350
world,1949,40,12576
world,1949,41,6897
world,1949,42,3163
world,1949,43,1400
world,1949,44,470
world,1949,45,131
world,1949,46,59
world,1949,47,32
world,1949,48,7
world,1949,49,0
world,1949,50,0
world,1949,51,0
world,1949,52,0
world,1949,53,0
world,1949,54,0
world,1949,55,0
world,1949,56,0
world,1949,57,0
world,1949,58,0
world,1949,59,0
world,1949,60,0
world,1949,61,0
world,1949,62,0
world,1949,63,0
world,1949,64,0
world,1949,65,0
world,1949,66,0
world,1949,67,0
world,1949,68,0
world,1949,69,0
world,1949,70,0
world,1949,71,0
world,1949,72,0
world,1949,73,0
world,1949,74,0
world,1949,75,0
world,1949,76,0
world,1949,77,0
world,1949,78,0
world,1949,79,0
world,1949,80,0
world,1949,81,0
world,1949,82,0
world,1949,83,0
world,1949,84,0
world,1949,85,0
world,1949,86,0
world,1949,87,0
world,1949,88,0
world,1949,89,0
world,1949,90,0
world,1949,91,0
world,1949,92,0
world,1949,93,0
world,1949,94,0
world,1949,95,0
world,1949,96,0
world,1949,97,0
world,1949,98,0
world,1949,99,0
world,1949,100,0
world,1949,101,0
world,1949,102,0
world,1949,103,0
world,1949,104,0
world,1950,0,0
world,1950,1,0
world,1950,2,0
world,1950,3,4787
world,1950,4,22196
world,1950,5,51078
world,1950,6,93088
world,1950,7,156736
world,1950,8,262797
world,1950,9,583317
world,1950,10,1664046
world,1950,11,6061654
world,1950,12,24289422
world,1950,13,51668912
world,1950,14,92293722
world,1950,15,145782471
world,1950,16,200229074
world,1950,17,216773541
world,1950,18,225891767
world,1950,19,233229241
world,1950,20,221136746
world,1950,21,189088965
world,1950,22,155825624
world,1950,23,134918622
world,1950,24,118125555
world,1950,25,102860981
world,1950,26,90540468
world,1950,27,77332957
world,1950,28,63480023
world,1950,29,48959697
world,1950,30,34673054
world,1950,31,21795391
world,1950,32,12258981
world,1950,33,6094804
world,1950,34,2655089
world,1950,35,1123809
world,1950,36,459990
world,1950,37,172555
world,1950,38,66141
world,1950,39,31182
world,1950,40,15320
world,1950,41,8585
world,1950,42,4277
world,1950,43,1998
world,1950,44,760
world,1950,45,271
world,1950,46,129
world,1950,47,69
world,1950,48,31
world,1950,49,10
world,1950,50,10
world,1950,51,4
world,1950,52,0
world,1950,53,0
world,1950,54,0
world,1950,55,0
world,1950,56,0
world,1950,57,0
world,1950,58,0
world,1950,59,0
world,1950,60,0
world,1950,61,0
world,1950,62,0
world,1950,63,0
world,1950,64,0
world,1950,65,0
world,1950,66,0
world,1950,67,0
world,1950,68,0
world,1950,69,0
world,1950,70,0
world,1950,71,0
world,1950,72,0
world,1950,73,0
world,1950,74,0
world,1950,75,0
world,1950,76,0
world,1950,77,0
world,1950,78,0
world,1950,79,0
world,1950,80,0
world,1950,81,0
world,1950,82,0
world,1950,83,0
world,1950,84,0
world,1950,85,0
world,1950,86,0
world,1950,87,0
world,1950,88,0
world,1950,89,0
world,1950,90,0
world,1950,91,0
world,1950,92,0
world,1950,93,0
world,1950,94,0
world,1950,95,0
world,1950,96,0
world,1950,97,0
world,1950,98,0
world,1950,99,0
world,1950,100,0
world,1950,101,0
world,1950,102,0
world,1950,103,0
world,1950,104,0
world,1951,0,0
world,1951,1,0
world,1951,2,0
world,1951,3,1882
world,1951,4,16635
world,1951,5,44463
world,1951,6,87176
world,1951,7,152975
world,1951,8,250269
world,1951,9,486779
world,1951,10,1255046
world,1951,11,3608815
world,1951,12,14321725
world,1951,13,40196838
world,1951,14,74370299
world,1951,15,126817872
world,1951,16,191734594
world,1951,17,234030347
world,1951,18,243133250
world,1951,19,253765232
world,1951,20,237490388
world,1951,21,197882756
world,1951,22,160458630
world,1951,23,136698247
world,1951,24,120920363
world,1951,25,105939769
world,1951,26,93219210
world,1951,27,80444543
world,1951,28,66639422
world,1951,29,52191349
world,1951,30,37591910
world,1951,31,24203391
world,1951,32,13848731
world,1951,33,7080442
world,1951,34,3114901
world,1951,35,1309503
world,1951,36,535524
world,1951,37,204187
world,1951,38,72322
world,1951,39,33870
world,1951,40,16002
world,1951,41,8815
world,1951,42,4488
world,1951,43,2114
world,1951,44,785
world,1951,45,238
world,1951,46,103
world,1951,47,50
world,1951,48,29
world,1951,49,1
world,1951,50,9
world,1951,51,0
world,1951,52,0
world,1951,53,0
world,1951,54,0
world,1951,55,0
world,1951,56,0
world,1951,57,0
world,1951,58,0
world,1951,59,0
world,1951,60,0
world,1951,61,0
world,1951,62,0
world,1951,63,0
world,1951,64,0
world,1951,65,0
world,1951,66,0
world,1951,67,0
world,1951,68,0
world,1951,69,0
world,1951,70,0
world,1951,71,0
world,1951,72,0
world,1951,73,0
world,1951,74,0
world,1951,75,0
world,1951,76,0
world,1951,77,0
world,1951,78,0
world,1951,79,0
world,1951,80,0
world,1951,81,0
world,1951,82,0
world,1951,83,0
world,1951,84,0
world,1951,85,0
world,1951,86,0
world,1951,87,0
world,1951,88,0
world,1951,89,0
world,1951,90,0
world,1951,91,0
world,1951,92,0
world,1951,93,0
world,1951,94,0
world,1951,95,0
world,1951,96,0
world,1951,97,0
world,1951,98,0
world,1951,99,0
world,1951,100,0
world,1951,101,0
world,1951,102,0
world,1951,103,0
world,1951,104,0
world,1952,0,0
world,1952,1,0
world,1952,2,0
world,1952,3,412
world,1952,4,12518
world,1952,5,37635
world,1952,6,79644
world,1952,7,146590
world,1952,8,240266
world,1952,9,447370
world,1952,10,1103246
world,1952,11,3122384
world,1952,12,10920362
world,1952,13,34502489
world,1952,14,67498789
world,1952,15,117366974
world,1952,16,182912483
world,1952,17,241486862
world,1952,18,253581889
world,1952,19,265656155
world,1952,20,248869363
world,1952,21,205230487
world,1952,22,165033662
world,1952,23,140325485
world,1952,24,124929342
world,1952,25,110118835
world,1952,26,96945239
world,1952,27,83713033
world,1952,28,69294776
world,1952,29,54494234
world,1952,30,39319178
world,1952,31,25536135
world,1952,32,14723279
world,1952,33,7615399
world,1952,34,3371173
world,1952,35,1414347
world,1952,36,576493
world,1952,37,220582
world,1952,38,76275
world,1952,39,35187
world,1952,40,16441
world,1952,41,8860
world,1952,42,4436
world,1952,43,2085
world,1952,44,853
world,1952,45,269
world,1952,46,125
world,1952,47,63
world,1952,48,45
world,1952,49,5
world,1952,50,0
world,1952,51,0
world,1952,52,0
world,1952,53,0
world,1952,54,0
world,1952,55,0
world,1952,56,0
world,1952,57,0
world,1952,58,0
world,1952,59,0
world,1952,60,0
world,1952,61,0
world,1952,62,0
world,1952,63,0
world,1952,64,0
world,1952,65,0
world,1952,66,0
world,1952,67,0
world,1952,68,0
world,1952,69,0
world,1952,70,0
world,1952,71,0
world,1952,72,0
world,1952,73,0
world,1952,74,0
world,1952,75,0
world,1952,76,0
world,1952,77,0
world,1952,78,0
world,1952,79,0
world,1952,80,0
world,1952,81,0
world,1952,82,0
world,1952,83,0
world,1952,84,0
world,1952,85,0
world,1952,86,0
world,1952,87,0
world,1952,88,0
world,1952,89,0
world,1952,90,0
world,1952,91,0
world,1952,92,0
world,1952,93,0
world,1952,94,0
world,1952,95,0
world,1952,96,0
world,1952,97,0
world,1952,98,0
world,1952,99,0
world,1952,100,0
world,1952,101,0
world,1952,102,0
world,1952,103,0
world,1952,104,0
world,1953,0,0
world,1953,1,0
world,1953,2,0
world,1953,3,3
world,1953,4,8450
world,1953,5,30851
world,1953,6,71431
world,1953,7,138061
world,1953,8,236233
world,1953,9,430705
world,1953,10,1011996
world,1953,11,2740947
world,1953,12,8511137
world,1953,13,28236542
world,1953,14,60453718
world,1953,15,106388179
world,1953,16,170196538
world,1953,17,240687703
world,1953,18,260545954
world,1953,19,273116384
world,1953,20,265017139
world,1953,21,222019987
world,1953,22,175550924
world,1953,23,146742754
world,1953,24,129819759
world,1953,25,114073075
world,1953,26,100410083
world,1953,27,87432153
world,1953,28,72984687
world,1953,29,57360283
world,1953,30,41146399
world,1953,31,26478108
world,1953,32,15167239
world,1953,33,7805240
world,1953,34,3438919
world,1953,35,1439006
world,1953,36,585353
world,1953,37,223009
world,1953,38,76208
world,1953,39,34902
world,1953,40,15853
world,1953,41,8413
world,1953,42,4416
world,1953,43,2002
world,1953,44,739
world,1953,45,232
world,1953,46,98
world,1953,47,46
world,1953,48,40
world,1953,49,9
world,1953,50,0
world,1953,51,0
world,1953,52,0
world,1953,53,0
world,1953,54,0
world,1953,55,0
world,1953,56,0
world,1953,57,0
world,1953,58,0
world,1953,59,0
world,1953,60,0
world,1953,61,0
world,1953,62,0
world,1953,63,0
world,1953,64,0
world,1953,65,0
world,1953,66,0
world,1953,67,0
world,1953,68,0
world,1953,69,0
world,1953,70,0
world,1953,71,0
world,1953,72,0
world,1953,73,0
world,1953,74,0
world,1953,75,0
world,1953,76,0
world,1953,77,0
world,1953,78,0
world,1953,79,0
world,1953,80,0
world,1953,81,0
world,1953,82,0
world,1953,83,0
world,1953,84,0
world,1953,85,0
world,1953,86,0
world,1953,87,0
world,1953,88,0
world,1953,89,0
world,1953,90,0
world,1953,91,0
world,1953,92,0
world,1953,93,0
world,1953,94,0
world,1953,95,0
world,1953,96,0
world,1953,97,0
world,1953,98,0
world,1953,99,0
world,1953,100,0
world,1953,101,0
world,1953,102,0
world,1953,103,0
world,1953,104,0
world,1954,0,0
world,1954,1,0
world,1954,2,0
world,1954,3,2
world,1954,4,5846
world,1954,5,26172
world,1954,6,64766
world,1954,7,129446
world,1954,8,225368
world,1954,9,408292
world,1954,10,1009600
world,1954,11,2817813
world,1954,12,10583234
world,1954,13,35391733
world,1954,14,68624086
world,1954,15,120160727
world,1954,16,186627782
world,1954,17,243534181
world,1954,18,253419416
world,1954,19,266825726
world,1954,20,257502766
world,1954,21,217341313
world,1954,22,174583250
world,1954,23,148412081
world,1954,24,131743244
world,1954,25,116864024
world,1954,26,104058605
world,1954,27,91732687
world,1954,28,77740227
world,1954,29,61004820
world,1954,30,43563560
world,1954,31,27710609
world,1954,32,15773338
world,1954,33,8094721
world,1954,34,3565306
world,1954,35,1497384
world,1954,36,612587
world,1954,37,235469
world,1954,38,81901
world,1954,39,38153
world,1954,40,17231
world,1954,41,9039
world,1954,42,4954
world,1954,43,2236
world,1954,44,832
world,1954,45,230
world,1954,46,89
world,1954,47,32
world,1954,48,34
world,1954,49,18
world,1954,50,0
world,1954,51,0
world,1954,52,0
world,1954,53,0
world,1954,54,0
world,1954,55,0
world,1954,56,0
world,1954,57,0
world,1954,58,0
world,1954,59,0
world,1954,60,0
world,1954,61,0
world,1954,62,0
world,1954,63,0
world,1954,64,0
world,1954,65,0
world,1954,66,0
world,1954,67,0
world,1954,68,0
world,1954,69,0
world,1954,70,0
world,1954,71,0
world,1954,72,0
world,1954,73,0
world,1954,74,0
world,1954,75,0
world,1954,76,0
world,1954,77,0
world,1954,78,0
world,1954,79,0
world,1954,80,0
world,1954,81,0
world,1954,82,0
world,1954,83,0
world,1954,84,0
world,1954,85,0
world,1954,86,0
world,1954,87,0
world,1954,88,0
world,1954,89,0
world,1954,90,0
world,1954,91,0
world,1954,92,0
world,1954,93,0
world,1954,94,0
world,1954,95,0
world,1954,96,0
world,1954,97,0
world,1954,98,0
world,1954,99,0
world,1954,100,0
world,1954,101,0
world,1954,102,0
world,1954,103,0
world,1954,104,0
world,1955,0,0
world,1955,1,0
world,1955,2,0
world,1955,3,1
world,1955,4,3473
world,1955,5,21923
world,1955,6,58522
world,1955,7,122179
world,1955,8,215634
world,1955,9,383911
world,1955,10,899017
world,1955,11,2499465
world,1955,12,8734187
world,1955,13,31352498
world,1955,14,64160331
world,1955,15,113715168
world,1955,16,180787524
world,1955,17,249271156
world,1955,18,263489789
world,1955,19,277668906
world,1955,20,268142443
world,1955,21,223939439
world,1955,22,176812020
world,1955,23,150207666
world,1955,24,133389255
world,1955,25,119607160
world,1955,26,107212661
world,1955,27,95159367
world,1955,28,82035980
world,1955,29,65072261
world,1955,30,47185624
world,1955,31,30297280
world,1955,32,17422792
world,1955,33,9082724
world,1955,34,4064985
world,1955,35,1731264
world,1955,36,722111
world,1955,37,285322
world,1955,38,104772
world,1955,39,49342
world,1955,40,23431
world,1955,41,12438
world,1955,42,7126
world,1955,43,3529
world,1955,44,1578
world,1955,45,636
world,1955,46,327
world,1955,47,155
world,1955,48,80
world,1955,49,50
world,1955,50,31
world,1955,51,13
world,1955,52,0
world,1955,53,0
world,1955,54,0
world,1955,55,0
world,1955,56,0
world,1955,57,0
world,1955,58,0
world,1955,59,0
world,1955,60,0
world,1955,61,0
world,1955,62,0
world,1955,63,0
world,1955,64,0
world,1955,65,0
world,1955,66,0
world,1955,67,0
world,1955,68,0
world,1955,69,0
world,1955,70,0
world,1955,71,0
world,1955,72,0
world,1955,73,0
world,1955,74,0
world,1955,75,0
world,1955,76,0
world,1955,77,0
world,1955,78,0
world,1955,79,0
world,1955,80,0
world,1955,81,0
world,1955,82,0
world,1955,83,0
world,1955,84,0
world,1955,85,0
world,1955,86,0
world,1955,87,0
world,1955,88,0
world,1955,89,0
world,1955,90,0
world,1955,91,0
world,1955,92,0
world,1955,93,0
world,1955,94,0
world,1955,95,0
world,1955,96,0
world,1955,97,0
world,1955,98,0
world,1955,99,0
world,1955,100,0
world,1955,101,0
world,1955,102,0
world,1955,103,0
world,1955,104,0
world,1956,0,0
world,1956,1,0
world,1956,2,0
world,1956,3,0
world,1956,4,1459
world,1956,5,17345
world,1956,6,52738
world,1956,7,117099
world,1956,8,215889
world,1956,9,387520
world,1956,10,887209
world,1956,11,2415804
world,1956,12,8091514
world,1956,13,29644113
world,1956,14,62591321
world,1956,15,110996344
world,1956,16,176769488
world,1956,17,249704068
world,1956,18,267040121
world,1956,19,280543058
world,1956,20,275056737
world,1956,21,232480395
world,1956,22,183509094
world,1956,23,155602972
world,1956,24,137686137
world,1956,25,123280619
world,1956,26,111261332
world,1956,27,99363543
world,1956,28,86567131
world,1956,29,69061301
world,1956,30,50277917
world,1956,31,32034831
world,1956,32,18275915
world,1956,33,9490945
world,1956,34,4230600
world,1956,35,1800682
world,1956,36,755396
world,1956,37,298873
world,1956,38,109583
world,1956,39,52184
world,1956,40,24829
world,1956,41,12901
world,1956,42,7455
world,1956,43,3839
world,1956,44,1696
world,1956,45,670
world,1956,46,334
world,1956,47,159
world,1956,48,89
world,1956,49,61
world,1956,50,43
world,1956,51,12
world,1956,52,0
world,1956,53,0
world,1956,54,0
world,1956,55,0
world,1956,56,0
world,1956,57,0
world,1956,58,0
world,1956,59,0
world,1956,60,0
world,1956,61,0
world,1956,62,0
world,1956,63,0
world,1956,64,0
world,1956,65,0
world,1956,66,0
world,1956,67,0
world,1956,68,0
world,1956,69,0
world,1956,70,0
world,1956,71,0
world,1956,72,0
world,1956,73,0
world,1956,74,0
world,1956,75,0
world,1956,76,0
world,1956,77,0
world,1956,78,0
world,1956,79,0
world,1956,80,0
world,1956,81,0
world,1956,82,0
world,1956,83,0
world,1956,84,0
world,1956,85,0
world,1956,86,0
world,1956,87,0
world,1956,88,0
world,1956,89,0
world,1956,90,0
world,1956,91,0
world,1956,92,0
world,1956,93,0
world,1956,94,0
world,1956,95,0
world,1956,96,0
world,1956,97,0
world,1956,98,0
world,1956,99,0
world,1956,100,0
world,1956,101,0
world,1956,102,0
world,1956,103,0
world,1956,104,0
world,1957,0,0
world,1957,1,0
world,1957,2,0
world,1957,3,0
world,1957,4,205
world,1957,5,11849
world,1957,6,42789
world,1957,7,104322
world,1957,8,202103
world,1957,9,361440
world,1957,10,807058
world,1957,11,2214550
world,1957,12,7399238
world,1957,13,28913810
world,1957,14,62232898
world,1957,15,111253718
world,1957,16,180419544
world,1957,17,256886293
world,1957,18,275057625
world,1957,19,288609719
world,1957,20,278792540
world,1957,21,232115266
world,1957,22,182348961
world,1957,23,156747018
world,1957,24,140844866
world,1957,25,128007726
world,1957,26,115718736
world,1957,27,103385243
world,1957,28,90300761
world,1957,29,72333038
world,1957,30,52678501
world,1957,31,33418593
world,1957,32,18938462
world,1957,33,9807868
world,1957,34,4361785
world,1957,35,1854372
world,1957,36,777952
world,1957,37,308118
world,1957,38,112881
world,1957,39,53768
world,1957,40,25733
world,1957,41,13119
world,1957,42,7566
world,1957,43,4006
world,1957,44,1771
world,1957,45,686
world,1957,46,336
world,1957,47,157
world,1957,48,90
world,1957,49,65
world,1957,50,43
world,1957,51,10
world,1957,52,0
world,1957,53,0
world,1957,54,0
world,1957,55,0
world,1957,56,0
world,1957,57,0
world,1957,58,0
world,1957,59,0
world,1957,60,0
world,1957,61,0
world,1957,62,0
world,1957,63,0
world,1957,64,0
world,1957,65,0
world,1957,66,0
world,1957,67,0
world,1957,68,0
world,1957,69,0
world,1957,70,0
world,1957,71,0
world,1957,72,0
world,1957,73,0
world,1957,74,0
world,1957,75,0
world,1957,76,0
world,1957,77,0
world,1957,78,0
world,1957,79,0
world,1957,80,0
world,1957,81,0
world,1957,82,0
world,1957,83,0
world,1957,84,0
world,1957,85,0
world,1957,86,0
world,1957,87,0
world,1957,88,0
world,1957,89,0
world,1957,90,0
world,1957,91,0
world,1957,92,0
world,1957,93,0
world,1957,94,0
world,1957,95,0
world,1957,96,0
world,1957,97,0
world,1957,98,0
world,1957,99,0
world,1957,100,0
world,1957,101,0
world,1957,102,0
world,1957,103,0
world,1957,104,0
world,1958,0,0
world,1958,1,0
world,1958,2,0
world,1958,3,0
world,1958,4,23
world,1958,5,9826
world,1958,6,39045
world,1958,7,99624
world,1958,8,194896
world,1958,9,355035
world,1958,10,816725
world,1958,11,2240877
world,1958,12,8336748
world,1958,13,31762183
world,1958,14,65502686
world,1958,15,116958313
world,1958,16,184319745
world,1958,17,256823038
world,1958,18,270916994
world,1958,19,285258706
world,1958,20,282830950
world,1958,21,240651749
world,1958,22,189243502
world,1958,23,161361163
world,1958,24,144893711
world,1958,25,132768588
world,1958,26,120974554
world,1958,27,107730715
world,1958,28,93825685
world,1958,29,74836699
world,1958,30,53855806
world,1958,31,33578317
world,1958,32,18693418
world,1958,33,9525075
world,1958,34,4185924
world,1958,35,1782556
world,1958,36,752526
world,1958,37,300529
world,1958,38,110033
world,1958,39,53365
world,1958,40,25541
world,1958,41,12904
world,1958,42,7479
world,1958,43,4017
world,1958,44,1767
world,1958,45,690
world,1958,46,347
world,1958,47,170
world,1958,48,98
world,1958,49,58
world,1958,50,29
world,1958,51,10
world,1958,52,0
world,1958,53,0
world,1958,54,0
world,1958,55,0
world,1958,56,0
world,1958,57,0
world,1958,58,0
world,1958,59,0
world,1958,60,0
world,1958,61,0
world,1958,62,0
world,1958,63,0
world,1958,64,0
world,1958,65,0
world,1958,66,0
world,1958,67,0
world,1958,68,0
world,1958,69,0
world,1958,70,0
world,1958,71,0
world,1958,72,0
world,1958,73,0
world,1958,74,0
world,1958,75,0
world,1958,76,0
world,1958,77,0
world,1958,78,0
world,1958,79,0
world,1958,80,0
world,1958,81,0
world,1958,82,0
world,1958,83,0
world,1958,84,0
world,1958,85,0
world,1958,86,0
world,1958,87,0
world,1958,88,0
world,1958,89,0
world,1958,90,0
world,1958,91,0
world,1958,92,0
world,1958,93,0
world,1958,94,0
world,1958,95,0
world,1958,96,0
world,1958,97,0
world,1958,98,0
world,1958,99,0
world,1958,100,0
world,1958,101,0
world,1958,102,0
world,1958,103,0
world,1958,104,0
world,1959,0,0
world,1959,1,0
world,1959,2,0
world,1959,3,0
world,1959,4,16
world,1959,5,5555
world,1959,6,30651
world,1959,7,87576
world,1959,8,181741
world,1959,9,340460
world,1959,10,776776
world,1959,11,2148276
world,1959,12,9522870
world,1959,13,35371205
world,1959,14,69528097
world,1959,15,124427769
world,1959,16,193764456
world,1959,17,257799912
world,1959,18,268445487
world,1959,19,283580246
world,1959,20,281340731
world,1959,21,240944285
world,1959,22,191194616
world,1959,23,163158845
world,1959,24,147350136
world,1959,25,135652543
world,1959,26,123646819
world,1959,27,110630400
world,1959,28,96735599
world,1959,29,78438687
world,1959,30,57673967
world,1959,31,36967081
world,1959,32,20944891
world,1959,33,10894395
world,1959,34,4855999
world,1959,35,2035649
world,1959,36,843570
world,1959,37,330422
world,1959,38,115978
world,1959,39,53644
world,1959,40,25385
world,1959,41,12591
world,1959,42,7244
world,1959,43,4134
world,1959,44,1769
world,1959,45,698
world,1959,46,370
world,1959,47,183
world,1959,48,100
world,1959,49,67
world,1959,50,32
world,1959,51,9
world,1959,52,0
world,1959,53,0
world,1959,54,0
world,1959,55,0
world,1959,56,0
world,1959,57,0
world,1959,58,0
world,1959,59,0
world,1959,60,0
world,1959,61,0
world,1959,62,0
world,1959,63,0
world,1959,64,0
world,1959,65,0
world,1959,66,0
world,1959,67,0
world,1959,68,0
world,1959,69,0
world,1959,70,0
world,1959,71,0
world,1959,72,0
world,1959,73,0
world,1959,74,0
world,1959,75,0
world,1959,76,0
world,1959,77,0
world,1959,78,0
world,1959,79,0
world,1959,80,0
world,1959,81,0
world,1959,82,0
world,1959,83,0
world,1959,84,0
world,1959,85,0
world,1959,86,0
world,1959,87,0
world,1959,88,0
world,1959,89,0
world,1959,90,0
world,1959,91,0
world,1959,92,0
world,1959,93,0
world,1959,94,0
world,1959,95,0
world,1959,96,0
world,1959,97,0
world,1959,98,0
world,1959,99,0
world,1959,100,0
world,1959,101,0
world,1959,102,0
world,1959,103,0
world,1959,104,0
world,1960,0,0
world,1960,1,0
world,1960,2,0
world,1960,3,0
world,1960,4,4
world,1960,5,1897
world,1960,6,20751
world,1960,7,68110
world,1960,8,159370
world,1960,9,325611
world,1960,10,763251
world,1960,11,2188353
world,1960,12,12815545
world,1960,13,40613022
world,1960,14,76449078
world,1960,15,134408693
world,1960,16,204371312
world,1960,17,249161709
world,1960,18,259105425
world,1960,19,273227001
world,1960,20,276245767
world,1960,21,242797950
world,1960,22,195007898
world,1960,23,164403699
world,1960,24,149103561
world,1960,25,138906401
world,1960,26,128015149
world,1960,27,116047473
world,1960,28,102037543
world,1960,29,84289289
world,1960,30,62737484
world,1960,31,40889753
world,1960,32,23212589
world,1960,33,12147576
world,1960,34,5490125
world,1960,35,2297452
world,1960,36,957380
world,1960,37,382918
world,1960,38,133434
world,1960,39,59567
world,1960,40,28797
world,1960,41,13614
world,1960,42,7717
world,1960,43,4683
world,1960,44,1927
world,1960,45,780
world,1960,46,415
world,1960,47,214
world,1960,48,121
world,1960,49,69
world,1960,50,37
world,1960,51,15
world,1960,52,0
world,1960,53,0
world,1960,54,0
world,1960,55,0
world,1960,56,0
world,1960,57,0
world,1960,58,0
world,1960,59,0
world,1960,60,0
world,1960,61,0
world,1960,62,0
world,1960,63,0
world,1960,64,0
world,1960,65,0
world,1960,66,0
world,1960,67,0
world,1960,68,0
world,1960,69,0
world,1960,70,0
world,1960,71,0
world,1960,72,0
world,1960,73,0
world,1960,74,0
world,1960,75,0
world,1960,76,0
world,1960,77,0
world,1960,78,0
world,1960,79,0
world,1960,80,0
world,1960,81,0
world,1960,82,0
world,1960,83,0
world,1960,84,0
world,1960,85,0
world,1960,86,0
world,1960,87,0
world,1960,88,0
world,1960,89,0
world,1960,90,0
world,1960,91,0
world,1960,92,0
world,1960,93,0
world,1960,94,0
world,1960,95,0
world,1960,96,0
world,1960,97,0
world,1960,98,0
world,1960,99,0
world,1960,100,0
world,1960,101,0
world,1960,102,0
world,1960,103,0
world,1960,104,0
world,1961,0,0
world,1961,1,0
world,1961,2,0
world,1961,3,0
world,1961,4,4
world,1961,5,727
world,1961,6,11831
world,1961,7,50203
world,1961,8,136582
world,1961,9,338682
world,1961,10,903152
world,1961,11,5561806
world,1961,12,25489297
world,1961,13,54462282
world,1961,14,100953047
world,1961,15,161680817
world,1961,16,210821285
world,1961,17,226117228
world,1961,18,238889812
world,1961,19,248714723
world,1961,20,262333544
world,1961,21,241058128
world,1961,22,197419737
world,1961,23,165617121
world,1961,24,150694485
world,1961,25,143453088
world,1961,26,135736271
world,1961,27,123324817
world,1961,28,108044652
world,1961,29,89456600
world,1961,30,66397938
world,1961,31,43166030
world,1961,32,24362371
world,1961,33,12726126
world,1961,34,5760536
world,1961,35,2411086
world,1961,36,1010843
world,1961,37,407407
world,1961,38,142593
world,1961,39,62797
world,1961,40,30861
world,1961,41,14305
world,1961,42,8003
world,1961,43,5101
world,1961,44,2046
world,1961,45,844
world,1961,46,448
world,1961,47,235
world,1961,48,136
world,1961,49,77
world,1961,50,40
world,1961,51,17
world,1961,52,1
world,1961,53,0
world,1961,54,0
world,1961,55,0
world,1961,56,0
world,1961,57,0
world,1961,58,0
world,1961,59,0
world,1961,60,0
world,1961,61,0
world,1961,62,0
world,1961,63,0
world,1961,64,0
world,1961,65,0
world,1961,66,0
world,1961,67,0
world,1961,68,0
world,1961,69,0
world,1961,70,0
world,1961,71,0
world,1961,72,0
world,1961,73,0
world,1961,74,0
world,1961,75,0
world,1961,76,0
world,1961,77,0
world,1961,78,0
world,1961,79,0
world,1961,80,0
world,1961,81,0
world,1961,82,0
world,1961,83,0
world,1961,84,0
world,1961,85,0
world,1961,86,0
world,1961,87,0
world,1961,88,0
world,1961,89,0
world,1961,90,0
world,1961,91,0
world,1961,92,0
world,1961,93,0
world,1961,94,0
world,1961,95,0
world,1961,96,0
world,1961,97,0
world,1961,98,0
world,1961,99,0
world,1961,100,0
world,1961,101,0
world,1961,102,0
world,1961,103,0
world,1961,104,0
world,1962,0,0
world,1962,1,0
world,1962,2,0
world,1962,3,0
world,1962,4,0
world,1962,5,520
world,1962,6,7204
world,1962,7,38047
world,1962,8,111643
world,1962,9,308114
world,1962,10,841436
world,1962,11,4582335
world,1962,12,23593359
world,1962,13,52537253
world,1962,14,97545094
world,1962,15,158119688
world,1962,16,213443363
world,1962,17,230959941
world,1962,18,244928056
world,1962,19,256204489
world,1962,20,269741982
world,1962,21,246343949
world,1962,22,200299713
world,1962,23,167172513
world,1962,24,151821068
world,1962,25,145673742
world,1962,26,139003128
world,1962,27,127511153
world,1962,28,112174153
world,1962,29,93988502
world,1962,30,70604878
world,1962,31,46655824
world,1962,32,26590586
world,1962,33,13979503
world,1962,34,6418819
world,1962,35,2678953
world,1962,36,1121524
world,1962,37,454869
world,1962,38,161682
world,1962,39,68428
world,1962,40,33963
world,1962,41,15393
world,1962,42,8241
world,1962,43,5315
world,1962,44,2272
world,1962,45,860
world,1962,46,455
world,1962,47,231
world,1962,48,127
world,1962,49,77
world,1962,50,45
world,1962,51,17
world,1962,52,0
world,1962,53,0
world,1962,54,0
world,1962,55,0
world,1962,56,0
world,1962,57,0
world,1962,58,0
world,1962,59,0
world,1962,60,0
world,1962,61,0
world,1962,62,0
world,1962,63,0
world,1962,64,0
world,1962,65,0
world,1962,66,0
world,1962,67,0
world,1962,68,0
world,1962,69,0
world,1962,70,0
world,1962,71,0
world,1962,72,0
world,1962,73,0
world,1962,74,0
world,1962,75,0
world,1962,76,0
world,1962,77,0
world,1962,78,0
world,1962,79,0
world,1962,80,0
world,1962,81,0
world,1962,82,0
world,1962,83,0
world,1962,84,0
world,1962,85,0
world,1962,86,0
world,1962,87,0
world,1962,88,0
world,1962,89,0
world,1962,90,0
world,1962,91,0
world,1962,92,0
world,1962,93,0
world,1962,94,0
world,1962,95,0
world,1962,96,0
world,1962,97,0
world,1962,98,0
world,1962,99,0
world,1962,100,0
world,1962,101,0
world,1962,102,0
world,1962,103,0
world,1962,104,0
world,1963,0,0
world,1963,1,0
world,1963,2,0
world,1963,3,0
world,1963,4,0
world,1963,5,24
world,1963,6,3760
world,1963,7,31979
world,1963,8,102310
world,1963,9,281152
world,1963,10,750385
world,1963,11,2765836
world,1963,12,18583467
world,1963,13,48190405
world,1963,14,88500477
world,1963,15,149249214
world,1963,16,215341660
world,1963,17,239684719
world,1963,18,252589061
world,1963,19,265127539
world,1963,20,278667126
world,1963,21,257212357
world,1963,22,210389188
world,1963,23,172389656
world,1963,24,155176517
world,1963,25,149366796
world,1963,26,144087818
world,1963,27,132656414
world,1963,28,116765352
world,1963,29,98117824
world,1963,30,74031052
world,1963,31,49331484
world,1963,32,28357366
world,1963,33,15018184
world,1963,34,6982459
world,1963,35,2905342
world,1963,36,1204775
world,1963,37,486236
world,1963,38,170419
world,1963,39,67831
world,1963,40,33089
world,1963,41,14326
world,1963,42,7212
world,1963,43,4662
world,1963,44,2046
world,1963,45,676
world,1963,46,317
world,1963,47,161
world,1963,48,83
world,1963,49,59
world,1963,50,31
world,1963,51,3
world,1963,52,0
world,1963,53,0
world,1963,54,0
world,1963,55,0
world,1963,56,0
world,1963,57,0
world,1963,58,0
world,1963,59,0
world,1963,60,0
world,1963,61,0
world,1963,62,0
world,1963,63,0
world,1963,64,0
world,1963,65,0
world,1963,66,0
world,1963,67,0
world,1963,68,0
world,1963,69,0
world,1963,70,0
world,1963,71,0
world,1963,72,0
world,1963,73,0
world,1963,74,0
world,1963,75,0
world,1963,76,0
world,1963,77,0
world,1963,78,0
world,1963,79,0
world,1963,80,0
world,1963,81,0
world,1963,82,0
world,1963,83,0
world,1963,84,0
world,1963,85,0
world,1963,86,0
world,1963,87,0
world,1963,88,0
world,1963,89,0
world,1963,90,0
world,1963,91,0
world,1963,92,0
world,1963,93,0
world,1963,94,0
world,1963,95,0
world,1963,96,0
world,1963,97,0
world,1963,98,0
world,1963,99,0
world,1963,100,0
world,1963,101,0
world,1963,102,0
world,1963,103,0
world,1963,104,0
world,1964,0,0
world,1964,1,0
world,1964,2,0
world,1964,3,0
world,1964,4,0
world,1964,5,21
world,1964,6,1340
world,1964,7,20482
world,1964,8,78551
world,1964,9,225876
world,1964,10,618623
world,1964,11,1816129
world,1964,12,12866646
world,1964,13,41928184
world,1964,14,78435748
world,1964,15,138523787
world,1964,16,209941207
world,1964,17,251780857
world,1964,18,264006904
world,1964,19,277928434
world,1964,20,290524282
world,1964,21,268426294
world,1964,22,218291231
world,1964,23,175118300
world,1964,24,155159610
world,1964,25,149539128
world,1964,26,146735796
world,1964,27,138071726
world,1964,28,122207019
world,1964,29,104184056
world,1964,30,80300061
world,1964,31,54959242
world,1964,32,32389182
world,1964,33,17369674
world,1964,34,8356300
world,1964,35,3514752
world,1964,36,1457381
world,1964,37,596580
world,1964,38,220155
world,1964,39,80027
world,1964,40,39440
world,1964,41,17555
world,1964,42,8376
world,1964,43,5163
world,1964,44,2700
world,1964,45,851
world,1964,46,394
world,1964,47,191
world,1964,48,97
world,1964,49,67
world,1964,50,28
world,1964,51,5
world,1964,52,0
world,1964,53,0
world,1964,54,0
world,1964,55,0
world,1964,56,0
world,1964,57,0
world,1964,58,0
world,1964,59,0
world,1964,60,0
world,1964,61,0
world,1964,62,0
world,1964,63,0
world,1964,64,0
world,1964,65,0
world,1964,66,0
world,1964,67,0
world,1964,68,0
world,1964,69,0
world,1964,70,0
world,1964,71,0
world,1964,72,0
world,1964,73,0
world,1964,74,0
world,1964,75,0
world,1964,76,0
world,1964,77,0
world,1964,78,0
world,1964,79,0
world,1964,80,0
world,1964,81,0
world,1964,82,0
world,1964,83,0
world,1964,84,0
world,1964,85,0
world,1964,86,0
world,1964,87,0
world,1964,88,0
world,1964,89,0
world,1964,90,0
world,1964,91,0
world,1964,92,0
world,1964,93,0
world,1964,94,0
world,1964,95,0
world,1964,96,0
world,1964,97,0
world,1964,98,0
world,1964,99,0
world,1964,100,0
world,1964,101,0
world,1964,102,0
world,1964,103,0
world,1964,104,0
world,1965,0,0
world,1965,1,0
world,1965,2,0
world,1965,3,0
world,1965,4,0
world,1965,5,17
world,1965,6,409
world,1965,7,16589
world,1965,8,71050
world,1965,9,200595
world,1965,10,543706
world,1965,11,1530424
world,1965,12,8699841
world,1965,13,35851738
world,1965,14,70442824
world,1965,15,127765152
world,1965,16,201462198
world,1965,17,269812121
world,1965,18,283942363
world,1965,19,301603859
world,1965,20,307805561
world,1965,21,271186432
world,1965,22,214275703
world,1965,23,173889198
world,1965,24,156084361
world,1965,25,151564886
world,1965,26,148958833
world,1965,27,141315939
world,1965,28,126087792
world,1965,29,108138968
world,1965,30,84671430
world,1965,31,58935668
world,1965,32,35350078
world,1965,33,19023450
world,1965,34,9292230
world,1965,35,3944963
world,1965,36,1635493
world,1965,37,679417
world,1965,38,260234
world,1965,39,91405
world,1965,40,44545
world,1965,41,20180
world,1965,42,9378
world,1965,43,5604
world,1965,44,3071
world,1965,45,1001
world,1965,46,439
world,1965,47,225
world,1965,48,120
world,1965,49,83
world,1965,50,37
world,1965,51,6
world,1965,52,0
world,1965,53,0
world,1965,54,0
world,1965,55,0
world,1965,56,0
world,1965,57,0
world,1965,58,0
world,1965,59,0
world,1965,60,0
world,1965,61,0
world,1965,62,0
world,1965,63,0
world,1965,64,0
world,1965,65,0
world,1965,66,0
world,1965,67,0
world,1965,68,0
world,1965,69,0
world,1965,70,0
world,1965,71,0
world,1965,72,0
world,1965,73,0
world,1965,74,0
world,1965,75,0
world,1965,76,0
world,1965,77,0
world,1965,78,0
world,1965,79,0
world,1965,80,0
world,1965,81,0
world,1965,82,0
world,1965,83,0
world,1965,84,0
world,1965,85,0
world,1965,86,0
world,1965,87,0
world,1965,88,0
world,1965,89,0
world,1965,90,0
world,1965,91,0
world,1965,92,0
world,1965,93,0
world,1965,94,0
world,1965,95,0
world,1965,96,0
world,1965,97,0
world,1965,98,0
world,1965,99,0
world,1965,100,0
world,1965,101,0
world,1965,102,0
world,1965,103,0
world,1965,104,0
world,1966,0,0
world,1966,1,0
world,1966,2,0
world,1966,3,0
world,1966,4,0
world,1966,5,12
world,1966,6,143
world,1966,7,8972
world,1966,8,55726
world,1966,9,179797
world,1966,10,525849
world,1966,11,1569441
world,1966,12,10295741
world,1966,13,39170486
world,1966,14,74926569
world,1966,15,134987254
world,1966,16,211639304
world,1966,17,274374465
world,1966,18,287805005
world,1966,19,307127627
world,1966,20,309735224
world,1966,21,269064104
world,1966,22,211046946
world,1966,23,171998126
world,1966,24,154389000
world,1966,25,150311507
world,1966,26,151696014
world,1966,27,146768110
world,1966,28,131537522
world,1966,29,112751964
world,1966,30,89502408
world,1966,31,63437247
world,1966,32,39129370
world,1966,33,21445590
world,1966,34,10794989
world,1966,35,4673631
world,1966,36,1931836
world,1966,37,800657
world,1966,38,314868
world,1966,39,106641
world,1966,40,50664
world,1966,41,23230
world,1966,42,10446
world,1966,43,5989
world,1966,44,3521
world,1966,45,1045
world,1966,46,471
world,1966,47,236
world,1966,48,119
world,1966,49,74
world,1966,50,36
world,1966,51,9
world,1966,52,0
world,1966,53,0
world,1966,54,0
world,1966,55,0
world,1966,56,0
world,1966,57,0
world,1966,58,0
world,1966,59,0
world,1966,60,0
world,1966,61,0
world,1966,62,0
world,1966,63,0
world,1966,64,0
world,1966,65,0
world,1966,66,0
world,1966,67,0
world,1966,68,0
world,1966,69,0
world,1966,70,0
world,1966,71,0
world,1966,72,0
world,1966,73,0
world,1966,74,0
world,1966,75,0
world,1966,76,0
world,1966,77,0
world,1966,78,0
world,1966,79,0
world,1966,80,0
world,1966,81,0
world,1966,82,0
world,1966,83,0
world,1966,84,0
world,1966,85,0
world,1966,86,0
world,1966,87,0
world,1966,88,0
world,1966,89,0
world,1966,90,0
world,1966,91,0
world,1966,92,0
world,1966,93,0
world,1966,94,0
world,1966,95,0
world,1966,96,0
world,1966,97,0
world,1966,98,0
world,1966,99,0
world,1966,100,0
world,1966,101,0
world,1966,102,0
world,1966,103,0
world,1966,104,0
world,1967,0,0
world,1967,1,0
world,1967,2,0
world,1967,3,0
world,1967,4,0
world,1967,5,0
world,1967,6,17
world,1967,7,4832
world,1967,8,43411
world,1967,9,155390
world,1967,10,504198
world,1967,11,1605607
world,1967,12,12184000
world,1967,13,42544871
world,1967,14,80307614
world,1967,15,143983488
world,1967,16,220749140
world,1967,17,273771960
world,1967,18,285331263
world,1967,19,301361167
world,1967,20,309935684
world,1967,21,276768891
world,1967,22,218057113
world,1967,23,174389376
world,1967,24,155034377
world,1967,25,150403265
world,1967,26,153708635
world,1967,27,151074626
world,1967,28,137351383
world,1967,29,117781244
world,1967,30,93896230
world,1967,31,67012112
world,1967,32,41673550
world,1967,33,22995540
world,1967,34,11719480
world,1967,35,5141591
world,1967,36,2132721
world,1967,37,888035
world,1967,38,353875
world,1967,39,121418
world,1967,40,53903
world,1967,41,24546
world,1967,42,10843
world,1967,43,6049
world,1967,44,3823
world,1967,45,1064
world,1967,46,459
world,1967,47,229
world,1967,48,103
world,1967,49,68
world,1967,50,41
world,1967,51,10
world,1967,52,0
world,1967,53,0
world,1967,54,0
world,1967,55,0
world,1967,56,0
world,1967,57,0
world,1967,58,0
world,1967,59,0
world,1967,60,0
world,1967,61,0
world,1967,62,0
world,1967,63,0
world,1967,64,0
world,1967,65,0
world,1967,66,0
world,1967,67,0
world,1967,68,0
world,1967,69,0
world,1967,70,0
world,1967,71,0
world,1967,72,0
world,1967,73,0
world,1967,74,0
world,1967,75,0
world,1967,76,0
world,1967,77,0
world,1967,78,0
world,1967,79,0
world,1967,80,0
world,1967,81,0
world,1967,82,0
world,1967,83,0
world,1967,84,0
world,1967,85,0
world,1967,86,0
world,1967,87,0
world,1967,88,0
world,1967,89,0
world,1967,90,0
world,1967,91,0
world,1967,92,0
world,1967,93,0
world,1967,94,0
world,1967,95,0
world,1967,96,0
world,1967,97,0
world,1967,98,0
world,1967,99,0
world,1967,100,0
world,1967,101,0
world,1967,102,0
world,1967,103,0
world,1967,104,0
world,1968,0,0
world,1968,1,0
world,1968,2,0
world,1968,3,0
world,1968,4,0
world,1968,5,0
world,1968,6,11
world,1968,7,2172
world,1968,8,29214
world,1968,9,136244
world,1968,10,483500
world,1968,11,1722592
world,1968,12,15035063
world,1968,13,46724774
world,1968,14,87803664
world,1968,15,154276227
world,1968,16,232648890
world,1968,17,269191912
world,1968,18,280738978
world,1968,19,292835792
world,1968,20,304450239
world,1968,21,280637917
world,1968,22,226700768
world,1968,23,180417483
world,1968,24,157945592
world,1968,25,150997819
world,1968,26,153873449
world,1968,27,154668960
world,1968,28,143970900
world,1968,29,124044655
world,1968,30,99928812
world,1968,31,72054921
world,1968,32,45415949
world,1968,33,25099861
world,1968,34,12874026
world,1968,35,5717420
world,1968,36,2371664
world,1968,37,987763
world,1968,38,401745
world,1968,39,141189
world,1968,40,60079
world,1968,41,26301
world,1968,42,11408
world,1968,43,6285
world,1968,44,4026
world,1968,45,1123
world,1968,46,471
world,1968,47,235
world,1968,48,105
world,1968,49,62
world,1968,50,53
world,1968,51,10
world,1968,52,0
world,1968,53,0
world,1968,54,0
world,1968,55,0
world,1968,56,0
world,1968,57,0
world,1968,58,0
world,1968,59,0
world,1968,60,0
world,1968,61,0
world,1968,62,0
world,1968,63,0
world,1968,64,0
world,1968,65,0
world,1968,66,0
world,1968,67,0
world,1968,68,0
world,1968,69,0
world,1968,70,0
world,1968,71,0
world,1968,72,0
world,1968,73,0
world,1968,74,0
world,1968,75,0
world,1968,76,0
world,1968,77,0
world,1968,78,0
world,1968,79,0
world,1968,80,0
world,1968,81,0
world,1968,82,0
world,1968,83,0
world,1968,84,0
world,1968,85,0
world,1968,86,0
world,1968,87,0
world,1968,88,0
world,1968,89,0
world,1968,90,0
world,1968,91,0
world,1968,92,0
world,1968,93,0
world,1968,94,0
world,1968,95,0
world,1968,96,0
world,1968,97,0
world,1968,98,0
world,1968,99,0
world,1968,100,0
world,1968,101,0
world,1968,102,0
world,1968,103,0
world,1968,104,0
world,1969,0,0
world,1969,1,0
world,1969,2,0
world,1969,3,0
world,1969,4,0
world,1969,5,0
world,1969,6,6
world,1969,7,500
world,1969,8,18319
world,1969,9,105393
world,1969,10,400851
world,1969,11,1399647
world,1969,12,12615479
world,1969,13,43778345
world,1969,14,83579111
world,1969,15,148726270
world,1969,16,228631101
world,1969,17,271036636
world,1969,18,283583573
world,1969,19,294647969
world,1969,20,308494908
world,1969,21,294261610
world,1969,22,242736130
world,1969,23,190118395
world,1969,24,163524999
world,1969,25,153281499
world,1969,26,153641188
world,1969,27,155801594
world,1969,28,148675718
world,1969,29,130572163
world,1969,30,106884420
world,1969,31,78244982
world,1969,32,50211763
world,1969,33,27884335
world,1969,34,14383444
world,1969,35,6484008
world,1969,36,2696830
world,1969,37,1129178
world,1969,38,474393
world,1969,39,178310
world,1969,40,76617
world,1969,41,34541
world,1969,42,13772
world,1969,43,7299
world,1969,44,4857
world,1969,45,1626
world,1969,46,728
world,1969,47,397
world,1969,48,195
world,1969,49,111
world,1969,50,81
world,1969,51,24
world,1969,52,0
world,1969,53,0
world,1969,54,0
world,1969,55,0
world,1969,56,0
world,1969,57,0
world,1969,58,0
world,1969,59,0
world,1969,60,0
world,1969,61,0
world,1969,62,0
world,1969,63,0
world,1969,64,0
world,1969,65,0
world,1969,66,0
world,1969,67,0
world,1969,68,0
world,1969,69,0
world,1969,70,0
world,1969,71,0
world,1969,72,0
world,1969,73,0
world,1969,74,0
world,1969,75,0
world,1969,76,0
world,1969,77,0
world,1969,78,0
world,1969,79,0
world,1969,80,0
world,1969,81,0
world,1969,82,0
world,1969,83,0
world,1969,84,0
world,1969,85,0
world,1969,86,0
world,1969,87,0
world,1969,88,0
world,1969,89,0
world,1969,90,0
world,1969,91,0
world,1969,92,0
world,1969,93,0
world,1969,94,0
world,1969,95,0
world,1969,96,0
world,1969,97,0
world,1969,98,0
world,1969,99,0
world,1969,100,0
world,1969,101,0
world,1969,102,0
world,1969,103,0
world,1969,104,0
world,1970,0,0
world,1970,1,0
world,1970,2,0
world,1970,3,0
world,1970,4,0
world,1970,5,0
world,1970,6,0
world,1970,7,87
world,1970,8,8651
world,1970,9,63591
world,1970,10,268299
world,1970,11,1006210
world,1970,12,6098422
world,1970,13,32288782
world,1970,14,69085587
world,1970,15,126665766
world,1970,16,205725397
world,1970,17,285305359
world,1970,18,303781010
world,1970,19,317537956
world,1970,20,330536724
world,1970,21,310768924
world,1970,22,253733153
world,1970,23,197155744
world,1970,24,168006780
world,1970,25,155913632
world,1970,26,154994613
world,1970,27,158639901
world,1970,28,154530543
world,1970,29,138749234
world,1970,30,113273130
world,1970,31,82465919
world,1970,32,52328393
world,1970,33,28517075
world,1970,34,14521437
world,1970,35,6483383
world,1970,36,2712395
world,1970,37,1142225
world,1970,38,485119
world,1970,39,190813
world,1970,40,84345
world,1970,41,38473
world,1970,42,14637
world,1970,43,6910
world,1970,44,4675
world,1970,45,1757
world,1970,46,589
world,1970,47,318
world,1970,48,161
world,1970,49,80
world,1970,50,58
world,1970,51,18
world,1970,52,0
world,1970,53,0
world,1970,54,0
world,1970,55,0
world,1970,56,0
world,1970,57,0
world,1970,58,0
world,1970,59,0
world,1970,60,0
world,1970,61,0
world,1970,62,0
world,1970,63,0
world,1970,64,0
world,1970,65,0
world,1970,66,0
world,1970,67,0
world,1970,68,0
world,1970,69,0
world,1970,70,0
world,1970,71,0
world,1970,72,0
world,1970,73,0
world,1970,74,0
world,1970,75,0
world,1970,76,0
world,1970,77,0
world,1970,78,0
world,1970,79,0
world,1970,80,0
world,1970,81,0
world,1970,82,0
world,1970,83,0
world,1970,84,0
world,1970,85,0
world,1970,86,0
world,1970,87,0
world,1970,88,0
world,1970,89,0
world,1970,90,0
world,1970,91,0
world,1970,92,0
world,1970,93,0
world,1970,94,0
world,1970,95,0
world,1970,96,0
world,1970,97,0
world,1970,98,0
world,1970,99,0
world,1970,100,0
world,1970,101,0
world,1970,102,0
world,1970,103,0
world,1970,104,0
world,1971,0,0
world,1971,1,0
world,1971,2,0
world,1971,3,0
world,1971,4,0
world,1971,5,0
world,1971,6,0
world,1971,7,72
world,1971,8,4322
world,1971,9,47339
world,1971,10,220235
world,1971,11,878559
world,1971,12,4962282
world,1971,13,29631717
world,1971,14,67007238
world,1971,15,123191758
world,1971,16,203370053
world,1971,17,294074443
world,1971,18,316104223
world,1971,19,330474770
world,1971,20,343808503
world,1971,21,315358155
world,1971,22,252086524
world,1971,23,196877923
world,1971,24,168734090
world,1971,25,157393516
world,1971,26,157802783
world,1971,27,162234868
world,1971,28,158612120
world,1971,29,143478976
world,1971,30,118069049
world,1971,31,87163953
world,1971,32,56332472
world,1971,33,31164656
world,1971,34,16054950
world,1971,35,7316725
world,1971,36,3094422
world,1971,37,1319391
world,1971,38,573537
world,1971,39,236307
world,1971,40,105233
world,1971,41,48594
world,1971,42,19598
world,1971,43,9445
world,1971,44,6083
world,1971,45,2820
world,1971,46,976
world,1971,47,521
world,1971,48,255
world,1971,49,116
world,1971,50,96
world,1971,51,61
world,1971,52,11
world,1971,53,0
world,1971,54,0
world,1971,55,0
world,1971,56,0
world,1971,57,0
world,1971,58,0
world,1971,59,0
world,1971,60,0
world,1971,61,0
world,1971,62,0
world,1971,63,0
world,1971,64,0
world,1971,65,0
world,1971,66,0
world,1971,67,0
world,1971,68,0
world,1971,69,0
world,1971,70,0
world,1971,71,0
world,1971,72,0
world,1971,73,0
world,1971,74,0
world,1971,75,0
world,1971,76,0
world,1971,77,0
world,1971,78,0
world,1971,79,0
world,1971,80,0
world,1971,81,0
world,1971,82,0
world,1971,83,0
world,1971,84,0
world,1971,85,0
world,1971,86,0
world,1971,87,0
world,1971,88,0
world,1971,89,0
world,1971,90,0
world,1971,91,0
world,1971,92,0
world,1971,93,0
world,1971,94,0
world,1971,95,0
world,1971,96,0
world,1971,97,0
world,1971,98,0
world,1971,99,0
world,1971,100,0
world,1971,101,0
world,1971,102,0
world,1971,103,0
world,1971,104,0
world,1972,0,0
world,1972,1,0
world,1972,2,0
world,1972,3,0
world,1972,4,0
world,1972,5,0
world,1972,6,0
world,1972,7,44
world,1972,8,1182
world,1972,9,32427
world,1972,10,187670
world,1972,11,857972
world,1972,12,6896191
world,1972,13,34495514
world,1972,14,73638839
world,1972,15,135381375
world,1972,16,219955583
world,1972,17,301545931
world,1972,18,318216559
world,1972,19,335234869
world,1972,20,346635907
world,1972,21,309735778
world,1972,22,243237793
world,1972,23,193853796
world,1972,24,168052515
world,1972,25,156654464
world,1972,26,157716921
world,1972,27,162845340
world,1972,28,161794565
world,1972,29,148446545
world,1972,30,123686745
world,1972,31,93297224
world,1972,32,61900095
world,1972,33,35160792
world,1972,34,18287417
world,1972,35,8527594
world,1972,36,3594250
world,1972,37,1512843
world,1972,38,648183
world,1972,39,264124
world,1972,40,108786
world,1972,41,48785
world,1972,42,18417
world,1972,43,8201
world,1972,44,5446
world,1972,45,2482
world,1972,46,620
world,1972,47,318
world,1972,48,148
world,1972,49,54
world,1972,50,37
world,1972,51,20
world,1972,52,0
world,1972,53,0
world,1972,54,0
world,1972,55,0
world,1972,56,0
world,1972,57,0
world,1972,58,0
world,1972,59,0
world,1972,60,0
world,1972,61,0
world,1972,62,0
world,1972,63,0
world,1972,64,0
world,1972,65,0
world,1972,66,0
world,1972,67,0
world,1972,68,0
world,1972,69,0
world,1972,70,0
world,1972,71,0
world,1972,72,0
world,1972,73,0
world,1972,74,0
world,1972,75,0
world,1972,76,0
world,1972,77,0
world,1972,78,0
world,1972,79,0
world,1972,80,0
world,1972,81,0
world,1972,82,0
world,1972,83,0
world,1972,84,0
world,1972,85,0
world,1972,86,0
world,1972,87,0
world,1972,88,0
world,1972,89,0
world,1972,90,0
world,1972,91,0
world,1972,92,0
world,1972,93,0
world,1972,94,0
world,1972,95,0
world,1972,96,0
world,1972,97,0
world,1972,98,0
world,1972,99,0
world,1972,100,0
world,1972,101,0
world,1972,102,0
world,1972,103,0
world,1972,104,0
world,1973,0,0
world,1973,1,0
world,1973,2,0
world,1973,3,0
world,1973,4,0
world,1973,5,0
world,1973,6,0
world,1973,7,29
world,1973,8,440
world,1973,9,16793
world,1973,10,133796
world,1973,11,725287
world,1973,12,4622682
world,1973,13,27910917
world,1973,14,65749015
world,1973,15,123910062
world,1973,16,205701853
world,1973,17,303972856
world,1973,18,330409544
world,1973,19,347000173
world,1973,20,360047442
world,1973,21,324942693
world,1973,22,255004922
world,1973,23,200135910
world,1973,24,172134670
world,1973,25,157694526
world,1973,26,157857097
world,1973,27,164198817
world,1973,28,166037375
world,1973,29,155154245
world,1973,30,131056709
world,1973,31,100267897
world,1973,32,67501870
world,1973,33,38874402
world,1973,34,20262936
world,1973,35,9587815
world,1973,36,4067313
world,1973,37,1716567
world,1973,38,740455
world,1973,39,307501
world,1973,40,124612
world,1973,41,55084
world,1973,42,21039
world,1973,43,8680
world,1973,44,6080
world,1973,45,2995
world,1973,46,737
world,1973,47,385
world,1973,48,185
world,1973,49,72
world,1973,50,60
world,1973,51,39
world,1973,52,0
world,1973,53,0
world,1973,54,0
world,1973,55,0
world,1973,56,0
world,1973,57,0
world,1973,58,0
world,1973,59,0
world,1973,60,0
world,1973,61,0
world,1973,62,0
world,1973,63,0
world,1973,64,0
world,1973,65,0
world,1973,66,0
world,1973,67,0
world,1973,68,0
world,1973,69,0
world,1973,70,0
world,1973,71,0
world,1973,72,0
world,1973,73,0
world,1973,74,0
world,1973,75,0
world,1973,76,0
world,1973,77,0
world,1973,78,0
world,1973,79,0
world,1973,80,0
world,1973,81,0
world,1973,82,0
world,1973,83,0
world,1973,84,0
world,1973,85,0
world,1973,86,0
world,1973,87,0
world,1973,88,0
world,1973,89,0
world,1973,90,0
world,1973,91,0
world,1973,92,0
world,1973,93,0
world,1973,94,0
world,1973,95,0
world,1973,96,0
world,1973,97,0
world,1973,98,0
world,1973,99,0
world,1973,100,0
world,1973,101,0
world,1973,102,0
world,1973,103,0
world,1973,104,0
world,1974,0,0
world,1974,1,0
world,1974,2,0
world,1974,3,0
world,1974,4,0
world,1974,5,0
world,1974,6,0
world,1974,7,12
world,1974,8,715
world,1974,9,16066
world,1974,10,124991
world,1974,11,691811
world,1974,12,5550755
world,1974,13,30748883
world,1974,14,69178006
world,1974,15,130957128
world,1974,16,214895693
world,1974,17,310068686
world,1974,18,333545350
world,1974,19,351229113
world,1974,20,361518820
world,1974,21,323439816
world,1974,22,254146123
world,1974,23,202029793
world,1974,24,175862981
world,1974,25,161729406
world,1974,26,161512815
world,1974,27,169094358
world,1974,28,170612853
world,1974,29,159038082
world,1974,30,134576021
world,1974,31,103605918
world,1974,32,70102276
world,1974,33,40550230
world,1974,34,21077029
world,1974,35,9953780
world,1974,36,4209205
world,1974,37,1774432
world,1974,38,770745
world,1974,39,327269
world,1974,40,138238
world,1974,41,61222
world,1974,42,23171
world,1974,43,7848
world,1974,44,5592
world,1974,45,2977
world,1974,46,572
world,1974,47,305
world,1974,48,137
world,1974,49,48
world,1974,50,33
world,1974,51,17
world,1974,52,0
world,1974,53,0
world,1974,54,0
world,1974,55,0
world,1974,56,0
world,1974,57,0
world,1974,58,0
world,1974,59,0
world,1974,60,0
world,1974,61,0
world,1974,62,0
world,1974,63,0
world,1974,64,0
world,1974,65,0
world,1974,66,0
world,1974,67,0
world,1974,68,0
world,1974,69,0
world,1974,70,0
world,1974,71,0
world,1974,72,0
world,1974,73,0
world,1974,74,0
world,1974,75,0
world,1974,76,0
world,1974,77,0
world,1974,78,0
world,1974,79,0
world,1974,80,0
world,1974,81,0
world,1974,82,0
world,1974,83,0
world,1974,84,0
world,1974,85,0
world,1974,86,0
world,1974,87,0
world,1974,88,0
world,1974,89,0
world,1974,90,0
world,1974,91,0
world,1974,92,0
world,1974,93,0
world,1974,94,0
world,1974,95,0
world,1974,96,0
world,1974,97,0
world,1974,98,0
world,1974,99,0
world,1974,100,0
world,1974,101,0
world,1974,102,0
world,1974,103,0
world,1974,104,0
world,1975,0,0
world,1975,1,0
world,1975,2,0
world,1975,3,0
world,1975,4,0
world,1975,5,0
world,1975,6,0
world,1975,7,2
world,1975,8,353
world,1975,9,13646
world,1975,10,112419
world,1975,11,608890
world,1975,12,4434616
world,1975,13,28164417
world,1975,14,66841595
world,1975,15,127444548
world,1975,16,211395228
world,1975,17,312040910
world,1975,18,339231530
world,1975,19,354355603
world,1975,20,368320118
world,1975,21,338494121
world,1975,22,268517577
world,1975,23,210005248
world,1975,24,182135161
world,1975,25,166772514
world,1975,26,165420716
world,1975,27,174279901
world,1975,28,176714044
world,1975,29,164050515
world,1975,30,137568896
world,1975,31,104330210
world,1975,32,69608508
world,1975,33,39585261
world,1975,34,20334688
world,1975,35,9427350
world,1975,36,3967547
world,1975,37,1678172
world,1975,38,727753
world,1975,39,304801
world,1975,40,127105
world,1975,41,52711
world,1975,42,18469
world,1975,43,6937
world,1975,44,5251
world,1975,45,2287
world,1975,46,418
world,1975,47,215
world,1975,48,86
world,1975,49,32
world,1975,50,22
world,1975,51,10
world,1975,52,0
world,1975,53,0
world,1975,54,0
world,1975,55,0
world,1975,56,0
world,1975,57,0
world,1975,58,0
world,1975,59,0
world,1975,60,0
world,1975,61,0
world,1975,62,0
world,1975,63,0
world,1975,64,0
world,1975,65,0
world,1975,66,0
world,1975,67,0
world,1975,68,0
world,1975,69,0
world,1975,70,0
world,1975,71,0
world,1975,72,0
world,1975,73,0
world,1975,74,0
world,1975,75,0
world,1975,76,0
world,1975,77,0
world,1975,78,0
world,1975,79,0
world,1975,80,0
world,1975,81,0
world,1975,82,0
world,1975,83,0
world,1975,84,0
world,1975,85,0
world,1975,86,0
world,1975,87,0
world,1975,88,0
world,1975,89,0
world,1975,90,0
world,1975,91,0
world,1975,92,0
world,1975,93,0
world,1975,94,0
world,1975,95,0
world,1975,96,0
world,1975,97,0
world,1975,98,0
world,1975,99,0
world,1975,100,0
world,1975,101,0
world,1975,102,0
world,1975,103,0
world,1975,104,0
world,1976,0,0
world,1976,1,0
world,1976,2,0
world,1976,3,0
world,1976,4,0
world,1976,5,0
world,1976,6,0
world,1976,7,0
world,1976,8,72
world,1976,9,9134
world,1976,10,91644
world,1976,11,503457
world,1976,12,6356540
world,1976,13,33301177
world,1976,14,72238766
world,1976,15,138788913
world,1976,16,223846999
world,1976,17,309634760
world,1976,18,332894715
world,1976,19,349837705
world,1976,20,363260299
world,1976,21,337712008
world,1976,22,272445594
world,1976,23,215350595
world,1976,24,188042353
world,1976,25,171663944
world,1976,26,167557363
world,1976,27,175224885
world,1976,28,179495071
world,1976,29,167778911
world,1976,30,142614617
world,1976,31,110281350
world,1976,32,75276291
world,1976,33,44125276
world,1976,34,22925422
world,1976,35,10913295
world,1976,36,4623177
world,1976,37,1947769
world,1976,38,842340
world,1976,39,356057
world,1976,40,142976
world,1976,41,58692
world,1976,42,20903
world,1976,43,7117
world,1976,44,5159
world,1976,45,2436
world,1976,46,417
world,1976,47,180
world,1976,48,76
world,1976,49,29
world,1976,50,20
world,1976,51,9
world,1976,52,0
world,1976,53,0
world,1976,54,0
world,1976,55,0
world,1976,56,0
world,1976,57,0
world,1976,58,0
world,1976,59,0
world,1976,60,0
world,1976,61,0
world,1976,62,0
world,1976,63,0
world,1976,64,0
world,1976,65,0
world,1976,66,0
world,1976,67,0
world,1976,68,0
world,1976,69,0
world,1976,70,0
world,1976,71,0
world,1976,72,0
world,1976,73,0
world,1976,74,0
world,1976,75,0
world,1976,76,0
world,1976,77,0
world,1976,78,0
world,1976,79,0
world,1976,80,0
world,1976,81,0
world,1976,82,0
world,1976,83,0
world,1976,84,0
world,1976,85,0
world,1976,86,0
world,1976,87,0
world,1976,88,0
world,1976,89,0
world,1976,90,0
world,1976,91,0
world,1976,92,0
world,1976,93,0
world,1976,94,0
world,1976,95,0
world,1976,96,0
world,1976,97,0
world,1976,98,0
world,1976,99,0
world,1976,100,0
world,1976,101,0
world,1976,102,0
world,1976,103,0
world,1976,104,0
world,1977,0,0
world,1977,1,0
world,1977,2,0
world,1977,3,0
world,1977,4,0
world,1977,5,0
world,1977,6,0
world,1977,7,0
world,1977,8,37
world,1977,9,6019
world,1977,10,73172
world,1977,11,452979
world,1977,12,5084393
world,1977,13,30443322
world,1977,14,68306752
world,1977,15,133489825
world,1977,16,217518240
world,1977,17,308555067
world,1977,18,336057845
world,1977,19,351954241
world,1977,20,367467733
world,1977,21,352413552
world,1977,22,289704624
world,1977,23,226915882
world,1977,24,195794283
world,1977,25,176556855
world,1977,26,169853398
world,1977,27,175905354
world,1977,28,181804683
world,1977,29,170923233
world,1977,30,146457529
world,1977,31,114562240
world,1977,32,79552164
world,1977,33,47666185
world,1977,34,24915443
world,1977,35,11999521
world,1977,36,5109874
world,1977,37,2148349
world,1977,38,934856
world,1977,39,404372
world,1977,40,163701
world,1977,41,67751
world,1977,42,24329
world,1977,43,7253
world,1977,44,4994
world,1977,45,2887
world,1977,46,415
world,1977,47,142
world,1977,48,60
world,1977,49,17
world,1977,50,10
world,1977,51,7
world,1977,52,0
world,1977,53,0
world,1977,54,0
world,1977,55,0
world,1977,56,0
world,1977,57,0
world,1977,58,0
world,1977,59,0
world,1977,60,0
world,1977,61,0
world,1977,62,0
world,1977,63,0
world,1977,64,0
world,1977,65,0
world,1977,66,0
world,1977,67,0
world,1977,68,0
world,1977,69,0
world,1977,70,0
world,1977,71,0
world,1977,72,0
world,1977,73,0
world,1977,74,0
world,1977,75,0
world,1977,76,0
world,1977,77,0
world,1977,78,0
world,1977,79,0
world,1977,80,0
world,1977,81,0
world,1977,82,0
world,1977,83,0
world,1977,84,0
world,1977,85,0
world,1977,86,0
world,1977,87,0
world,1977,88,0
world,1977,89,0
world,1977,90,0
world,1977,91,0
world,1977,92,0
world,1977,93,0
world,1977,94,0
world,1977,95,0
world,1977,96,0
world,1977,97,0
world,1977,98,0
world,1977,99,0
world,1977,100,0
world,1977,101,0
world,1977,102,0
world,1977,103,0
world,1977,104,0
world,1978,0,0
world,1978,1,0
world,1978,2,0
world,1978,3,0
world,1978,4,0
world,1978,5,0
world,1978,6,0
world,1978,7,0
world,1978,8,11
world,1978,9,2788
world,1978,10,52228
world,1978,11,362624
world,1978,12,2560073
world,1978,13,21954288
world,1978,14,58723454
world,1978,15,116434272
world,1978,16,199081441
world,1978,17,306986435
world,1978,18,351125380
world,1978,19,366237741
world,1978,20,384646904
world,1978,21,372415306
world,1978,22,306985080
world,1978,23,236908926
world,1978,24,201409027
world,1978,25,180159422
world,1978,26,170832084
world,1978,27,174827332
world,1978,28,183146076
world,1978,29,174052037
world,1978,30,150871136
world,1978,31,119469688
world,1978,32,84587566
world,1978,33,51972095
world,1978,34,27588125
world,1978,35,13590687
world,1978,36,5866383
world,1978,37,2449429
world,1978,38,1047958
world,1978,39,438800
world,1978,40,155981
world,1978,41,59308
world,1978,42,20574
world,1978,43,7577
world,1978,44,5226
world,1978,45,3310
world,1978,46,418
world,1978,47,162
world,1978,48,65
world,1978,49,18
world,1978,50,10
world,1978,51,7
world,1978,52,0
world,1978,53,0
world,1978,54,0
world,1978,55,0
world,1978,56,0
world,1978,57,0
world,1978,58,0
world,1978,59,0
world,1978,60,0
world,1978,61,0
world,1978,62,0
world,1978,63,0
world,1978,64,0
world,1978,65,0
world,1978,66,0
world,1978,67,0
world,1978,68,0
world,1978,69,0
world,1978,70,0
world,1978,71,0
world,1978,72,0
world,1978,73,0
world,1978,74,0
world,1978,75,0
world,1978,76,0
world,1978,77,0
world,1978,78,0
world,1978,79,0
world,1978,80,0
world,1978,81,0
world,1978,82,0
world,1978,83,0
world,1978,84,0
world,1978,85,0
world,1978,86,0
world,1978,87,0
world,1978,88,0
world,1978,89,0
world,1978,90,0
world,1978,91,0
world,1978,92,0
world,1978,93,0
world,1978,94,0
world,1978,95,0
world,1978,96,0
world,1978,97,0
world,1978,98,0
world,1978,99,0
world,1978,100,0
world,1978,101,0
world,1978,102,0
world,1978,103,0
world,1978,104,0
world,1979,0,0
world,1979,1,0
world,1979,2,0
world,1979,3,0
world,1979,4,0
world,1979,5,0
world,1979,6,0
world,1979,7,0
world,1979,8,0
world,1979,9,1812
world,1979,10,43016
world,1979,11,332242
world,1979,12,2102624
world,1979,13,19456350
world,1979,14,55971605
world,1979,15,111784528
world,1979,16,195835748
world,1979,17,315797403
world,1979,18,371703819
world,1979,19,391869844
world,1979,20,412627171
world,1979,21,377465137
world,1979,22,297313704
world,1979,23,230387291
world,1979,24,199300445
world,1979,25,180312062
world,1979,26,171387837
world,1979,27,174125448
world,1979,28,183043613
world,1979,29,176591872
world,1979,30,155119531
world,1979,31,123834860
world,1979,32,88353914
world,1979,33,54536404
world,1979,34,28898070
world,1979,35,14195640
world,1979,36,6128884
world,1979,37,2563659
world,1979,38,1109660
world,1979,39,479170
world,1979,40,182985
world,1979,41,71624
world,1979,42,24902
world,1979,43,7348
world,1979,44,4841
world,1979,45,3582
world,1979,46,283
world,1979,47,109
world,1979,48,25
world,1979,49,4
world,1979,50,0
world,1979,51,0
world,1979,52,0
world,1979,53,0
world,1979,54,0
world,1979,55,0
world,1979,56,0
world,1979,57,0
world,1979,58,0
world,1979,59,0
world,1979,60,0
world,1979,61,0
world,1979,62,0
world,1979,63,0
world,1979,64,0
world,1979,65,0
world,1979,66,0
world,1979,67,0
world,1979,68,0
world,1979,69,0
world,1979,70,0
world,1979,71,0
world,1979,72,0
world,1979,73,0
world,1979,74,0
world,1979,75,0
world,1979,76,0
world,1979,77,0
world,1979,78,0
world,1979,79,0
world,1979,80,0
world,1979,81,0
world,1979,82,0
world,1979,83,0
world,1979,84,0
world,1979,85,0
world,1979,86,0
world,1979,87,0
world,1979,88,0
world,1979,89,0
world,1979,90,0
world,1979,91,0
world,1979,92,0
world,1979,93,0
world,1979,94,0
world,1979,95,0
world,1979,96,0
world,1979,97,0
world,1979,98,0
world,1979,99,0
world,1979,100,0
world,1979,101,0
world,1979,102,0
world,1979,103,0
world,1979,104,0
world,1980,0,0
world,1980,1,0
world,1980,2,0
world,1980,3,0
world,1980,4,0
world,1980,5,0
world,1980,6,0
world,1980,7,0
world,1980,8,0
world,1980,9,1480
world,1980,10,36066
world,1980,11,308937
world,1980,12,1811619
world,1980,13,17153940
world,1980,14,52615604
world,1980,15,105885571
world,1980,16,189957345
world,1980,17,310251888
world,1980,18,378863566
world,1980,19,400173643
world,1980,20,423152431
world,1980,21,393645121
world,1980,22,312988412
world,1980,23,240714047
world,1980,24,206725330
world,1980,25,185521130
world,1980,26,174326235
world,1980,27,176103201
world,1980,28,184087280
world,1980,29,178823778
world,1980,30,158664991
world,1980,31,127012239
world,1980,32,90868928
world,1980,33,56315386
world,1980,34,29858738
world,1980,35,14637507
world,1980,36,6321460
world,1980,37,2645132
world,1980,38,1157474
world,1980,39,524361
world,1980,40,228868
world,1980,41,101839
world,1980,42,37880
world,1980,43,8289
world,1980,44,4508
world,1980,45,3952
world,1980,46,229
world,1980,47,29
world,1980,48,5
world,1980,49,0
world,1980,50,0
world,1980,51,0
world,1980,52,0
world,1980,53,0
world,1980,54,0
world,1980,55,0
world,1980,56,0
world,1980,57,0
world,1980,58,0
world,1980,59,0
world,1980,60,0
world,1980,61,0
world,1980,62,0
world,1980,63,0
world,1980,64,0
world,1980,65,0
world,1980,66,0
world,1980,67,0
world,1980,68,0
world,1980,69,0
world,1980,70,0
world,1980,71,0
world,1980,72,0
world,1980,73,0
world,1980,74,0
world,1980,75,0
world,1980,76,0
world,1980,77,0
world,1980,78,0
world,1980,79,0
world,1980,80,0
world,1980,81,0
world,1980,82,0
world,1980,83,0
world,1980,84,0
world,1980,85,0
world,1980,86,0
world,1980,87,0
world,1980,88,0
world,1980,89,0
world,1980,90,0
world,1980,91,0
world,1980,92,0
world,1980,93,0
world,1980,94,0
world,1980,95,0
world,1980,96,0
world,1980,97,0
world,1980,98,0
world,1980,99,0
world,1980,100,0
world,1980,101,0
world,1980,102,0
world,1980,103,0
world,1980,104,0
world,1981,0,0
world,1981,1,0
world,1981,2,0
world,1981,3,0
world,1981,4,0
world,1981,5,0
world,1981,6,0
world,1981,7,0
world,1981,8,0
world,1981,9,1585
world,1981,10,40696
world,1981,11,311236
world,1981,12,1939428
world,1981,13,18649326
world,1981,14,54218672
world,1981,15,108720607
world,1981,16,194921043
world,1981,17,315635062
world,1981,18,383266229
world,1981,19,407429337
world,1981,20,432183845
world,1981,21,405532542
world,1981,22,324826844
world,1981,23,248941086
world,1981,24,212754347
world,1981,25,191021453
world,1981,26,181014031
world,1981,27,181829535
world,1981,28,187250898
world,1981,29,181463865
world,1981,30,160413174
world,1981,31,127716553
world,1981,32,90724903
world,1981,33,55764731
world,1981,34,29351359
world,1981,35,14271142
world,1981,36,6103553
world,1981,37,2544337
world,1981,38,1114253
world,1981,39,500609
world,1981,40,214733
world,1981,41,94001
world,1981,42,33514
world,1981,43,6295
world,1981,44,4260
world,1981,45,3798
world,1981,46,0
world,1981,47,0
world,1981,48,0
world,1981,49,0
world,1981,50,0
world,1981,51,0
world,1981,52,0
world,1981,53,0
world,1981,54,0
world,1981,55,0
world,1981,56,0
world,1981,57,0
world,1981,58,0
world,1981,59,0
world,1981,60,0
world,1981,61,0
world,1981,62,0
world,1981,63,0
world,1981,64,0
world,1981,65,0
world,1981,66,0
world,1981,67,0
world,1981,68,0
world,1981,69,0
world,1981,70,0
world,1981,71,0
world,1981,72,0
world,1981,73,0
world,1981,74,0
world,1981,75,0
world,1981,76,0
world,1981,77,0
world,1981,78,0
world,1981,79,0
world,1981,80,0
world,1981,81,0
world,1981,82,0
world,1981,83,0
world,1981,84,0
world,1981,85,0
world,1981,86,0
world,1981,87,0
world,1981,88,0
world,1981,89,0
world,1981,90,0
world,1981,91,0
world,1981,92,0
world,1981,93,0
world,1981,94,0
world,1981,95,0
world,1981,96,0
world,1981,97,0
world,1981,98,0
world,1981,99,0
world,1981,100,0
world,1981,101,0
world,1981,102,0
world,1981,103,0
world,1981,104,0
world,1982,0,0
world,1982,1,0
world,1982,2,0
world,1982,3,0
world,1982,4,0
world,1982,5,0
world,1982,6,0
world,1982,7,0
world,1982,8,12
world,1982,9,2360
world,1982,10,55288
world,1982,11,366572
world,1982,12,1723815
world,1982,13,12123553
world,1982,14,48753689
world,1982,15,104550703
world,1982,16,175629525
world,1982,17,302488795
world,1982,18,397820730
world,1982,19,430163711
world,1982,20,455240493
world,1982,21,425467865
world,1982,22,342808854
world,1982,23,258574062
world,1982,24,218455195
world,1982,25,194898148
world,1982,26,183790920
world,1982,27,181808703
world,1982,28,186008717
world,1982,29,182959682
world,1982,30,164278778
world,1982,31,129695759
world,1982,32,92826431
world,1982,33,57697735
world,1982,34,30309808
world,1982,35,14821838
world,1982,36,6467324
world,1982,37,2746267
world,1982,38,1202509
world,1982,39,530517
world,1982,40,201601
world,1982,41,70403
world,1982,42,21669
world,1982,43,4481
world,1982,44,4167
world,1982,45,3776
world,1982,46,0
world,1982,47,0
world,1982,48,0
world,1982,49,0
world,1982,50,0
world,1982,51,0
world,1982,52,0
world,1982,53,0
world,1982,54,0
world,1982,55,0
world,1982,56,0
world,1982,57,0
world,1982,58,0
world,1982,59,0
world,1982,60,0
world,1982,61,0
world,1982,62,0
world,1982,63,0
world,1982,64,0
world,1982,65,0
world,1982,66,0
world,1982,67,0
world,1982,68,0
world,1982,69,0
world,1982,70,0
world,1982,71,0
world,1982,72,0
world,1982,73,0
world,1982,74,0
world,1982,75,0
world,1982,76,0
world,1982,77,0
world,1982,78,0
world,1982,79,0
world,1982,80,0
world,1982,81,0
world,1982,82,0
world,1982,83,0
world,1982,84,0
world,1982,85,0
world,1982,86,0
world,1982,87,0
world,1982,88,0
world,1982,89,0
world,1982,90,0
world,1982,91,0
world,1982,92,0
world,1982,93,0
world,1982,94,0
world,1982,95,0
world,1982,96,0
world,1982,97,0
world,1982,98,0
world,1982,99,0
world,1982,100,0
world,1982,101,0
world,1982,102,0
world,1982,103,0
world,1982,104,0
world,1983,0,0
world,1983,1,0
world,1983,2,0
world,1983,3,0
world,1983,4,0
world,1983,5,0
world,1983,6,0
world,1983,7,0
world,1983,8,164
world,1983,9,4602
world,1983,10,62361
world,1983,11,387730
world,1983,12,1836707
world,1983,13,6712421
world,1983,14,35256290
world,1983,15,93780428
world,1983,16,159374566
world,1983,17,282146969
world,1983,18,412484541
world,1983,19,454427606
world,1983,20,482830982
world,1983,21,451565172
world,1983,22,369934475
world,1983,23,274407832
world,1983,24,224046185
world,1983,25,196364581
world,1983,26,184401993
world,1983,27,183278738
world,1983,28,185858123
world,1983,29,180361482
world,1983,30,163747971
world,1983,31,132420521
world,1983,32,93806460
world,1983,33,59414577
world,1983,34,31925438
world,1983,35,15934421
world,1983,36,7153230
world,1983,37,3072622
world,1983,38,1310298
world,1983,39,529450
world,1983,40,167959
world,1983,41,53082
world,1983,42,13784
world,1983,43,6336
world,1983,44,5748
world,1983,45,4809
world,1983,46,0
world,1983,47,0
world,1983,48,0
world,1983,49,0
world,1983,50,0
world,1983,51,0
world,1983,52,0
world,1983,53,0
world,1983,54,0
world,1983,55,0
world,1983,56,0
world,1983,57,0
world,1983,58,0
world,1983,59,0
world,1983,60,0
world,1983,61,0
world,1983,62,0
world,1983,63,0
world,1983,64,0
world,1983,65,0
world,1983,66,0
world,1983,67,0
world,1983,68,0
world,1983,69,0
world,1983,70,0
world,1983,71,0
world,1983,72,0
world,1983,73,0
world,1983,74,0
world,1983,75,0
world,1983,76,0
world,1983,77,0
world,1983,78,0
world,1983,79,0
world,1983,80,0
world,1983,81,0
world,1983,82,0
world,1983,83,0
world,1983,84,0
world,1983,85,0
world,1983,86,0
world,1983,87,0
world,1983,88,0
world,1983,89,0
world,1983,90,0
world,1983,91,0
world,1983,92,0
world,1983,93,0
world,1983,94,0
world,1983,95,0
world,1983,96,0
world,1983,97,0
world,1983,98,0
world,1983,99,0
world,1983,100,0
world,1983,101,0
world,1983,102,0
world,1983,103,0
world,1983,104,0
world,1984,0,0
world,1984,1,0
world,1984,2,0
world,1984,3,0
world,1984,4,0
world,1984,5,0
world,1984,6,0
world,1984,7,0
world,1984,8,0
world,1984,9,3071
world,1984,10,55246
world,1984,11,374647
world,1984,12,1918181
world,1984,13,5719920
world,1984,14,22171750
world,1984,15,75213631
world,1984,16,136254940
world,1984,17,244296221
world,1984,18,408756340
world,1984,19,492717950
world,1984,20,531040052
world,1984,21,487181563
world,1984,22,390176083
world,1984,23,285264144
world,1984,24,229200507
world,1984,25,199038974
world,1984,26,185992860
world,1984,27,182648506
world,1984,28,186940377
world,1984,29,183803575
world,1984,30,165327860
world,1984,31,134535713
world,1984,32,96956415
world,1984,33,62517253
world,1984,34,34708076
world,1984,35,17441383
world,1984,36,7811478
world,1984,37,3361594
world,1984,38,1469290
world,1984,39,618088
world,1984,40,204389
world,1984,41,51572
world,1984,42,10605
world,1984,43,5952
world,1984,44,5399
world,1984,45,4495
world,1984,46,0
world,1984,47,0
world,1984,48,0
world,1984,49,0
world,1984,50,0
world,1984,51,0
world,1984,52,0
world,1984,53,0
world,1984,54,0
world,1984,55,0
world,1984,56,0
world,1984,57,0
world,1984,58,0
world,1984,59,0
world,1984,60,0
world,1984,61,0
world,1984,62,0
world,1984,63,0
world,1984,64,0
world,1984,65,0
world,1984,66,0
world,1984,67,0
world,1984,68,0
world,1984,69,0
world,1984,70,0
world,1984,71,0
world,1984,72,0
world,1984,73,0
world,1984,74,0
world,1984,75,0
world,1984,76,0
world,1984,77,0
world,1984,78,0
world,1984,79,0
world,1984,80,0
world,1984,81,0
world,1984,82,0
world,1984,83,0
world,1984,84,0
world,1984,85,0
world,1984,86,0
world,1984,87,0
world,1984,88,0
world,1984,89,0
world,1984,90,0
world,1984,91,0
world,1984,92,0
world,1984,93,0
world,1984,94,0
world,1984,95,0
world,1984,96,0
world,1984,97,0
world,1984,98,0
world,1984,99,0
world,1984,100,0
world,1984,101,0
world,1984,102,0
world,1984,103,0
world,1984,104,0
world,1985,0,0
world,1985,1,0
world,1985,2,0
world,1985,3,0
world,1985,4,0
world,1985,5,0
world,1985,6,0
world,1985,7,0
world,1985,8,166
world,1985,9,3821
world,1985,10,52166
world,1985,11,373076
world,1985,12,1907760
world,1985,13,5888943
world,1985,14,21263336
world,1985,15,67208933
world,1985,16,126966062
world,1985,17,224931129
world,1985,18,393552035
world,1985,19,503313255
world,1985,20,558065057
world,1985,21,522477740
world,1985,22,410144557
world,1985,23,297369463
world,1985,24,236723172
world,1985,25,201679987
world,1985,26,187175358
world,1985,27,187285237
world,1985,28,189992304
world,1985,29,186886274
world,1985,30,168795488
world,1985,31,136933825
world,1985,32,99514846
world,1985,33,63863293
world,1985,34,35567085
world,1985,35,18095419
world,1985,36,8309467
world,1985,37,3615809
world,1985,38,1565026
world,1985,39,637873
world,1985,40,202258
world,1985,41,41367
world,1985,42,9276
world,1985,43,5259
world,1985,44,4740
world,1985,45,3972
world,1985,46,0
world,1985,47,0
world,1985,48,0
world,1985,49,0
world,1985,50,0
world,1985,51,0
world,1985,52,0
world,1985,53,0
world,1985,54,0
world,1985,55,0
world,1985,56,0
world,1985,57,0
world,1985,58,0
world,1985,59,0
world,1985,60,0
world,1985,61,0
world,1985,62,0
world,1985,63,0
world,1985,64,0
world,1985,65,0
world,1985,66,0
world,1985,67,0
world,1985,68,0
world,1985,69,0
world,1985,70,0
world,1985,71,0
world,1985,72,0
world,1985,73,0
world,1985,74,0
world,1985,75,0
world,1985,76,0
world,1985,77,0
world,1985,78,0
world,1985,79,0
world,1985,80,0
world,1985,81,0
world,1985,82,0
world,1985,83,0
world,1985,84,0
world,1985,85,0
world,1985,86,0
world,1985,87,0
world,1985,88,0
world,1985,89,0
world,1985,90,0
world,1985,91,0
world,1985,92,0
world,1985,93,0
world,1985,94,0
world,1985,95,0
world,1985,96,0
world,1985,97,0
world,1985,98,0
world,1985,99,0
world,1985,100,0
world,1985,101,0
world,1985,102,0
world,1985,103,0
world,1985,104,0
world,1986,0,0
world,1986,1,0
world,1986,2,0
world,1986,3,0
world,1986,4,0
world,1986,5,0
world,1986,6,0
world,1986,7,0
world,1986,8,186
world,1986,9,4617
world,1986,10,53568
world,1986,11,380049
world,1986,12,1905912
world,1986,13,5869066
world,1986,14,21590522
world,1986,15,63927956
world,1986,16,121895808
world,1986,17,214039904
world,1986,18,377311983
world,1986,19,504074887
world,1986,20,572222063
world,1986,21,548257744
world,1986,22,425462824
world,1986,23,307994133
world,1986,24,245179687
world,1986,25,207763459
world,1986,26,191995800
world,1986,27,190301077
world,1986,28,191500720
world,1986,29,190536683
world,1986,30,175188817
world,1986,31,142299830
world,1986,32,104685173
world,1986,33,68492615
world,1986,34,39696226
world,1986,35,20001646
world,1986,36,9498216
world,1986,37,4250148
world,1986,38,1871396
world,1986,39,787452
world,1986,40,281176
world,1986,41,53687
world,1986,42,13140
world,1986,43,6305
world,1986,44,8055
world,1986,45,9092
world,1986,46,0
world,1986,47,0
world,1986,48,0
world,1986,49,0
world,1986,50,0
world,1986,51,0
world,1986,52,0
world,1986,53,0
world,1986,54,0
world,1986,55,0
world,1986,56,0
world,1986,57,0
world,1986,58,0
world,1986,59,0
world,1986,60,0
world,1986,61,0
world,1986,62,0
world,1986,63,0
world,1986,64,0
world,1986,65,0
world,1986,66,0
world,1986,67,0
world,1986,68,0
world,1986,69,0
world,1986,70,0
world,1986,71,0
world,1986,72,0
world,1986,73,0
world,1986,74,0
world,1986,75,0
world,1986,76,0
world,1986,77,0
world,1986,78,0
world,1986,79,0
world,1986,80,0
world,1986,81,0
world,1986,82,0
world,1986,83,0
world,1986,84,0
world,1986,85,0
world,1986,86,0
world,1986,87,0
world,1986,88,0
world,1986,89,0
world,1986,90,0
world,1986,91,0
world,1986,92,0
world,1986,93,0
world,1986,94,0
world,1986,95,0
world,1986,96,0
world,1986,97,0
world,1986,98,0
world,1986,99,0
world,1986,100,0
world,1986,101,0
world,1986,102,0
world,1986,103,0
world,1986,104,0
world,1987,0,0
world,1987,1,0
world,1987,2,0
world,1987,3,0
world,1987,4,0
world,1987,5,0
world,1987,6,0
world,1987,7,0
world,1987,8,2438
world,1987,9,15784
world,1987,10,80581
world,1987,11,456225
world,1987,12,2099623
world,1987,13,5996013
world,1987,14,20654904
world,1987,15,62085396
world,1987,16,119405627
world,1987,17,205127161
world,1987,18,366859453
world,1987,19,509152410
world,1987,20,594737405
world,1987,21,583809244
world,1987,22,448739112
world,1987,23,321014181
world,1987,24,251996961
world,1987,25,209346800
world,1987,26,189940003
world,1987,27,187301199
world,1987,28,187185466
world,1987,29,187837849
world,1987,30,174317242
world,1987,31,146859466
world,1987,32,110067451
world,1987,33,73085855
world,1987,34,43148556
world,1987,35,21829361
world,1987,36,10219384
world,1987,37,4457186
world,1987,38,1907063
world,1987,39,797239
world,1987,40,299185
world,1987,41,72606
world,1987,42,13101
world,1987,43,4956
world,1987,44,7717
world,1987,45,8948
world,1987,46,0
world,1987,47,0
world,1987,48,0
world,1987,49,0
world,1987,50,0
world,1987,51,0
world,1987,52,0
world,1987,53,0
world,1987,54,0
world,1987,55,0
world,1987,56,0
world,1987,57,0
world,1987,58,0
world,1987,59,0
world,1987,60,0
world,1987,61,0
world,1987,62,0
world,1987,63,0
world,1987,64,0
world,1987,65,0
world,1987,66,0
world,1987,67,0
world,1987,68,0
world,1987,69,0
world,1987,70,0
world,1987,71,0
world,1987,72,0
world,1987,73,0
world,1987,74,0
world,1987,75,0
world,1987,76,0
world,1987,77,0
world,1987,78,0
world,1987,79,0
world,1987,80,0
world,1987,81,0
world,1987,82,0
world,1987,83,0
world,1987,84,0
world,1987,85,0
world,1987,86,0
world,1987,87,0
world,1987,88,0
world,1987,89,0
world,1987,90,0
world,1987,91,0
world,1987,92,0
world,1987,93,0
world,1987,94,0
world,1987,95,0
world,1987,96,0
world,1987,97,0
world,1987,98,0
world,1987,99,0
world,1987,100,0
world,1987,101,0
world,1987,102,0
world,1987,103,0
world,1987,104,0
world,1988,0,0
world,1988,1,0
world,1988,2,0
world,1988,3,0
world,1988,4,0
world,1988,5,0
world,1988,6,0
world,1988,7,0
world,1988,8,512
world,1988,9,14508
world,1988,10,93962
world,1988,11,514140
world,1988,12,2248030
world,1988,13,6392448
world,1988,14,16347326
world,1988,15,53029079
world,1988,16,111361265
world,1988,17,190821502
world,1988,18,342435133
world,1988,19,506700096
world,1988,20,617493459
world,1988,21,622816501
world,1988,22,484304807
world,1988,23,340673634
world,1988,24,262307181
world,1988,25,214465356
world,1988,26,188774185
world,1988,27,184687258
world,1988,28,188661675
world,1988,29,191641315
world,1988,30,179622792
world,1988,31,150829761
world,1988,32,113712764
world,1988,33,76300867
world,1988,34,44970846
world,1988,35,22610846
world,1988,36,10790255
world,1988,37,4891659
world,1988,38,2141325
world,1988,39,905429
world,1988,40,348176
world,1988,41,95901
world,1988,42,17931
world,1988,43,6981
world,1988,44,7238
world,1988,45,8148
world,1988,46,0
world,1988,47,0
world,1988,48,0
world,1988,49,0
world,1988,50,0
world,1988,51,0
world,1988,52,0
world,1988,53,0
world,1988,54,0
world,1988,55,0
world,1988,56,0
world,1988,57,0
world,1988,58,0
world,1988,59,0
world,1988,60,0
world,1988,61,0
world,1988,62,0
world,1988,63,0
world,1988,64,0
world,1988,65,0
world,1988,66,0
world,1988,67,0
world,1988,68,0
world,1988,69,0
world,1988,70,0
world,1988,71,0
world,1988,72,0
world,1988,73,0
world,1988,74,0
world,1988,75,0
world,1988,76,0
world,1988,77,0
world,1988,78,0
world,1988,79,0
world,1988,80,0
world,1988,81,0
world,1988,82,0
world,1988,83,0
world,1988,84,0
world,1988,85,0
world,1988,86,0
world,1988,87,0
world,1988,88,0
world,1988,89,0
world,1988,90,0
world,1988,91,0
world,1988,92,0
world,1988,93,0
world,1988,94,0
world,1988,95,0
world,1988,96,0
world,1988,97,0
world,1988,98,0
world,1988,99,0
world,1988,100,0
world,1988,101,0
world,1988,102,0
world,1988,103,0
world,1988,104,0
world,1989,0,0
world,1989,1,0
world,1989,2,0
world,1989,3,0
world,1989,4,0
world,1989,5,0
world,1989,6,0
world,1989,7,0
world,1989,8,333
world,1989,9,13719
world,1989,10,93734
world,1989,11,545432
world,1989,12,2249764
world,1989,13,6253007
world,1989,14,15658119
world,1989,15,61088026
world,1989,16,132420635
world,1989,17,242042527
world,1989,18,406929732
world,1989,19,525481513
world,1989,20,592460985
world,1989,21,574922349
world,1989,22,460720658
world,1989,23,337056563
world,1989,24,265176631
world,1989,25,218724157
world,1989,26,190468037
world,1989,27,181922502
world,1989,28,186515194
world,1989,29,192841754
world,1989,30,183004057
world,1989,31,158122173
world,1989,32,119932189
world,1989,33,79678340
world,1989,34,46908705
world,1989,35,23767923
world,1989,36,11252718
world,1989,37,5102041
world,1989,38,2335630
world,1989,39,1040915
world,1989,40,420917
world,1989,41,133808
world,1989,42,24121
world,1989,43,11358
world,1989,44,15480
world,1989,45,15439
world,1989,46,0
world,1989,47,0
world,1989,48,0
world,1989,49,0
world,1989,50,0
world,1989,51,0
world,1989,52,0
world,1989,53,0
world,1989,54,0
world,1989,55,0
world,1989,56,0
world,1989,57,0
world,1989,58,0
world,1989,59,0
world,1989,60,0
world,1989,61,0
world,1989,62,0
world,1989,63,0
world,1989,64,0
world,1989,65,0
world,1989,66,0
world,1989,67,0
world,1989,68,0
world,1989,69,0
world,1989,70,0
world,1989,71,0
world,1989,72,0
world,1989,73,0
world,1989,74,0
world,1989,75,0
world,1989,76,0
world,1989,77,0
world,1989,78,0
world,1989,79,0
world,1989,80,0
world,1989,81,0
world,1989,82,0
world,1989,83,0
world,1989,84,0
world,1989,85,0
world,1989,86,0
world,1989,87,0
world,1989,88,0
world,1989,89,0
world,1989,90,0
world,1989,91,0
world,1989,92,0
world,1989,93,0
world,1989,94,0
world,1989,95,0
world,1989,96,0
world,1989,97,0
world,1989,98,0
world,1989,99,0
world,1989,100,0
world,1989,101,0
world,1989,102,0
world,1989,103,0
world,1989,104,0
world,1990,0,0
world,1990,1,0
world,1990,2,0
world,1990,3,0
world,1990,4,0
world,1990,5,0
world,1990,6,0
world,1990,7,0
world,1990,8,178
world,1990,9,11854
world,1990,10,108834
world,1990,11,627668
world,1990,12,2492715
world,1990,13,6746402
world,1990,14,15925763
world,1990,15,60222225
world,1990,16,131511030
world,1990,17,239134389
world,1990,18,405635631
world,1990,19,532610055
world,1990,20,609723429
world,1990,21,595678226
world,1990,22,476884092
world,1990,23,348984003
world,1990,24,274316855
world,1990,25,225493727
world,1990,26,197311669
world,1990,27,187719172
world,1990,28,186635134
world,1990,29,188330812
world,1990,30,182207027
world,1990,31,158114105
world,1990,32,120621601
world,1990,33,81045343
world,1990,34,47272017
world,1990,35,23673171
world,1990,36,10938636
world,1990,37,4872982
world,1990,38,2226543
world,1990,39,986815
world,1990,40,385083
world,1990,41,97003
world,1990,42,17748
world,1990,43,9134
world,1990,44,9213
world,1990,45,9238
world,1990,46,0
world,1990,47,0
world,1990,48,0
world,1990,49,0
world,1990,50,0
world,1990,51,0
world,1990,52,0
world,1990,53,0
world,1990,54,0
world,1990,55,0
world,1990,56,0
world,1990,57,0
world,1990,58,0
world,1990,59,0
world,1990,60,0
world,1990,61,0
world,1990,62,0
world,1990,63,0
world,1990,64,0
world,1990,65,0
world,1990,66,0
world,1990,67,0
world,1990,68,0
world,1990,69,0
world,1990,70,0
world,1990,71,0
world,1990,72,0
world,1990,73,0
world,1990,74,0
world,1990,75,0
world,1990,76,0
world,1990,77,0
world,1990,78,0
world,1990,79,0
world,1990,80,0
world,1990,81,0
world,1990,82,0
world,1990,83,0
world,1990,84,0
world,1990,85,0
world,1990,86,0
world,1990,87,0
world,1990,88,0
world,1990,89,0
world,1990,90,0
world,1990,91,0
world,1990,92,0
world,1990,93,0
world,1990,94,0
world,1990,95,0
world,1990,96,0
world,1990,97,0
world,1990,98,0
world,1990,99,0
world,1990,100,0
world,1990,101,0
world,1990,102,0
world,1990,103,0
world,1990,104,0
world,1991,0,0
world,1991,1,0
world,1991,2,0
world,1991,3,0
world,1991,4,0
world,1991,5,0
world,1991,6,0
world,1991,7,0
world,1991,8,122
world,1991,9,10057
world,1991,10,108889
world,1991,11,659409
world,1991,12,2643596
world,1991,13,7267710
world,1991,14,16885983
world,1991,15,59326929
world,1991,16,128892756
world,1991,17,232873172
world,1991,18,400447804
world,1991,19,539623802
world,1991,20,629003854
world,1991,21,620001333
world,1991,22,497635963
world,1991,23,364595553
world,1991,24,283269045
world,1991,25,229517917
world,1991,26,201897390
world,1991,27,190774908
world,1991,28,182791762
world,1991,29,183072614
world,1991,30,179919151
world,1991,31,160294503
world,1991,32,123746007
world,1991,33,82418804
world,1991,34,48106330
world,1991,35,23585933
world,1991,36,11116803
world,1991,37,5053221
world,1991,38,2294959
world,1991,39,1020077
world,1991,40,393613
world,1991,41,92345
world,1991,42,16164
world,1991,43,9058
world,1991,44,9407
world,1991,45,7812
world,1991,46,0
world,1991,47,0
world,1991,48,0
world,1991,49,0
world,1991,50,0
world,1991,51,0
world,1991,52,0
world,1991,53,0
world,1991,54,0
world,1991,55,0
world,1991,56,0
world,1991,57,0
world,1991,58,0
world,1991,59,0
world,1991,60,0
world,1991,61,0
world,1991,62,0
world,1991,63,0
world,1991,64,0
world,1991,65,0
world,1991,66,0
world,1991,67,0
world,1991,68,0
world,1991,69,0
world,1991,70,0
world,1991,71,0
world,1991,72,0
world,1991,73,0
world,1991,74,0
world,1991,75,0
world,1991,76,0
world,1991,77,0
world,1991,78,0
world,1991,79,0
world,1991,80,0
world,1991,81,0
world,1991,82,0
world,1991,83,0
world,1991,84,0
world,1991,85,0
world,1991,86,0
world,1991,87,0
world,1991,88,0
world,1991,89,0
world,1991,90,0
world,1991,91,0
world,1991,92,0
world,1991,93,0
world,1991,94,0
world,1991,95,0
world,1991,96,0
world,1991,97,0
world,1991,98,0
world,1991,99,0
world,1991,100,0
world,1991,101,0
world,1991,102,0
world,1991,103,0
world,1991,104,0
world,1992,0,0
world,1992,1,0
world,1992,2,0
world,1992,3,0
world,1992,4,0
world,1992,5,0
world,1992,6,0
world,1992,7,0
world,1992,8,349
world,1992,9,16806
world,1992,10,130768
world,1992,11,785408
world,1992,12,3112683
world,1992,13,8164680
world,1992,14,18067722
world,1992,15,58840810
world,1992,16,125325988
world,1992,17,223615634
world,1992,18,390670079
world,1992,19,537464373
world,1992,20,642453302
world,1992,21,644651939
world,1992,22,526333776
world,1992,23,388017520
world,1992,24,298802258
world,1992,25,239425142
world,1992,26,205642032
world,1992,27,186281342
world,1992,28,175454353
world,1992,29,177859769
world,1992,30,181170224
world,1992,31,163356543
world,1992,32,124884540
world,1992,33,82739170
world,1992,34,48669760
world,1992,35,24223553
world,1992,36,11479155
world,1992,37,5161544
world,1992,38,2286878
world,1992,39,969556
world,1992,40,346544
world,1992,41,70728
world,1992,42,9958
world,1992,43,5524
world,1992,44,5737
world,1992,45,5001
world,1992,46,0
world,1992,47,0
world,1992,48,0
world,1992,49,0
world,1992,50,0
world,1992,51,0
world,1992,52,0
world,1992,53,0
world,1992,54,0
world,1992,55,0
world,1992,56,0
world,1992,57,0
world,1992,58,0
world,1992,59,0
world,1992,60,0
world,1992,61,0
world,1992,62,0
world,1992,63,0
world,1992,64,0
world,1992,65,0
world,1992,66,0
world,1992,67,0
world,1992,68,0
world,1992,69,0
world,1992,70,0
world,1992,71,0
world,1992,72,0
world,1992,73,0
world,1992,74,0
world,1992,75,0
world,1992,76,0
world,1992,77,0
world,1992,78,0
world,1992,79,0
world,1992,80,0
world,1992,81,0
world,1992,82,0
world,1992,83,0
world,1992,84,0
world,1992,85,0
world,1992,86,0
world,1992,87,0
world,1992,88,0
world,1992,89,0
world,1992,90,0
world,1992,91,0
world,1992,92,0
world,1992,93,0
world,1992,94,0
world,1992,95,0
world,1992,96,0
world,1992,97,0
world,1992,98,0
world,1992,99,0
world,1992,100,0
world,1992,101,0
world,1992,102,0
world,1992,103,0
world,1992,104,0
world,1993,0,0
world,1993,1,0
world,1993,2,0
world,1993,3,0
world,1993,4,0
world,1993,5,0
world,1993,6,0
world,1993,7,0
world,1993,8,149
world,1993,9,24195
world,1993,10,170840
world,1993,11,886374
world,1993,12,3225017
world,1993,13,8581375
world,1993,14,21234537
world,1993,15,58255732
world,1993,16,118362228
world,1993,17,220237422
world,1993,18,382602340
world,1993,19,537541510
world,1993,20,655537761
world,1993,21,663561971
world,1993,22,554593147
world,1993,23,414269182
world,1993,24,317331996
world,1993,25,249583098
world,1993,26,206977896
world,1993,27,181036190
world,1993,28,169321811
world,1993,29,174393111
world,1993,30,177979548
world,1993,31,162586279
world,1993,32,125574024
world,1993,33,82600485
world,1993,34,48966178
world,1993,35,24965051
world,1993,36,11880657
world,1993,37,5362283
world,1993,38,2395680
world,1993,39,1058486
world,1993,40,446994
world,1993,41,196395
world,1993,42,80871
world,1993,43,35642
world,1993,44,36704
world,1993,45,31893
world,1993,46,0
world,1993,47,0
world,1993,48,0
world,1993,49,0
world,1993,50,0
world,1993,51,0
world,1993,52,0
world,1993,53,0
world,1993,54,0
world,1993,55,0
world,1993,56,0
world,1993,57,0
world,1993,58,0
world,1993,59,0
world,1993,60,0
world,1993,61,0
world,1993,62,0
world,1993,63,0
world,1993,64,0
world,1993,65,0
world,1993,66,0
world,1993,67,0
world,1993,68,0
world,1993,69,0
world,1993,70,0
world,1993,71,0
world,1993,72,0
world,1993,73,0
world,1993,74,0
world,1993,75,0
world,1993,76,0
world,1993,77,0
world,1993,78,0
world,1993,79,0
world,1993,80,0
world,1993,81,0
world,1993,82,0
world,1993,83,0
world,1993,84,0
world,1993,85,0
world,1993,86,0
world,1993,87,0
world,1993,88,0
world,1993,89,0
world,1993,90,0
world,1993,91,0
world,1993,92,0
world,1993,93,0
world,1993,94,0
world,1993,95,0
world,1993,96,0
world,1993,97,0
world,1993,98,0
world,1993,99,0
world,1993,100,0
world,1993,101,0
world,1993,102,0
world,1993,103,0
world,1993,104,0
world,1994,0,0
world,1994,1,0
world,1994,2,0
world,1994,3,0
world,1994,4,0
world,1994,5,0
world,1994,6,0
world,1994,7,0
world,1994,8,131
world,1994,9,5431
world,1994,10,87776
world,1994,11,709552
world,1994,12,3123051
world,1994,13,9069934
world,1994,14,19710151
world,1994,15,49833917
world,1994,16,107912338
world,1994,17,199345992
world,1994,18,345787139
world,1994,19,522679459
world,1994,20,683433037
world,1994,21,706960680
world,1994,22,596834630
world,1994,23,444381916
world,1994,24,330942197
world,1994,25,253845572
world,1994,26,205818879
world,1994,27,179470655
world,1994,28,168793799
world,1994,29,174380648
world,1994,30,181381200
world,1994,31,167032558
world,1994,32,129689553
world,1994,33,85547518
world,1994,34,50418944
world,1994,35,25782171
world,1994,36,12444687
world,1994,37,5692295
world,1994,38,2593104
world,1994,39,1177462
world,1994,40,516557
world,1994,41,223138
world,1994,42,81900
world,1994,43,31831
world,1994,44,33020
world,1994,45,31570
world,1994,46,0
world,1994,47,0
world,1994,48,0
world,1994,49,0
world,1994,50,0
world,1994,51,0
world,1994,52,0
world,1994,53,0
world,1994,54,0
world,1994,55,0
world,1994,56,0
world,1994,57,0
world,1994,58,0
world,1994,59,0
world,1994,60,0
world,1994,61,0
world,1994,62,0
world,1994,63,0
world,1994,64,0
world,1994,65,0
world,1994,66,0
world,1994,67,0
world,1994,68,0
world,1994,69,0
world,1994,70,0
world,1994,71,0
world,1994,72,0
world,1994,73,0
world,1994,74,0
world,1994,75,0
world,1994,76,0
world,1994,77,0
world,1994,78,0
world,1994,79,0
world,1994,80,0
world,1994,81,0
world,1994,82,0
world,1994,83,0
world,1994,84,0
world,1994,85,0
world,1994,86,0
world,1994,87,0
world,1994,88,0
world,1994,89,0
world,1994,90,0
world,1994,91,0
world,1994,92,0
world,1994,93,0
world,1994,94,0
world,1994,95,0
world,1994,96,0
world,1994,97,0
world,1994,98,0
world,1994,99,0
world,1994,100,0
world,1994,101,0
world,1994,102,0
world,1994,103,0
world,1994,104,0
world,1995,0,0
world,1995,1,0
world,1995,2,0
world,1995,3,0
world,1995,4,0
world,1995,5,0
world,1995,6,0
world,1995,7,0
world,1995,8,95
world,1995,9,10365
world,1995,10,122382
world,1995,11,778558
world,1995,12,3217256
world,1995,13,9234208
world,1995,14,19111518
world,1995,15,43051633
world,1995,16,97367243
world,1995,17,188600008
world,1995,18,325322684
world,1995,19,504829499
world,1995,20,693025787
world,1995,21,733026311
world,1995,22,621405362
world,1995,23,461758240
world,1995,24,343740179
world,1995,25,264890287
world,1995,26,215577787
world,1995,27,186743027
world,1995,28,175649526
world,1995,29,178525732
world,1995,30,183460280
world,1995,31,171528859
world,1995,32,134482357
world,1995,33,89172095
world,1995,34,53030477
world,1995,35,27062757
world,1995,36,13122137
world,1995,37,6074907
world,1995,38,2772061
world,1995,39,1266611
world,1995,40,568657
world,1995,41,251341
world,1995,42,101039
world,1995,43,43033
world,1995,44,41754
world,1995,45,38183
world,1995,46,0
world,1995,47,0
world,1995,48,0
world,1995,49,0
world,1995,50,0
world,1995,51,0
world,1995,52,0
world,1995,53,0
world,1995,54,0
world,1995,55,0
world,1995,56,0
world,1995,57,0
world,1995,58,0
world,1995,59,0
world,1995,60,0
world,1995,61,0
world,1995,62,0
world,1995,63,0
world,1995,64,0
world,1995,65,0
world,1995,66,0
world,1995,67,0
world,1995,68,0
world,1995,69,0
world,1995,70,0
world,1995,71,0
world,1995,72,0
world,1995,73,0
world,1995,74,0
world,1995,75,0
world,1995,76,0
world,1995,77,0
world,1995,78,0
world,1995,79,0
world,1995,80,0
world,1995,81,0
world,1995,82,0
world,1995,83,0
world,1995,84,0
world,1995,85,0
world,1995,86,0
world,1995,87,0
world,1995,88,0
world,1995,89,0
world,1995,90,0
world,1995,91,0
world,1995,92,0
world,1995,93,0
world,1995,94,0
world,1995,95,0
world,1995,96,0
world,1995,97,0
world,1995,98,0
world,1995,99,0
world,1995,100,0
world,1995,101,0
world,1995,102,0
world,1995,103,0
world,1995,104,0
world,1996,0,0
world,1996,1,0
world,1996,2,0
world,1996,3,0
world,1996,4,0
world,1996,5,0
world,1996,6,0
world,1996,7,0
world,1996,8,75
world,1996,9,31527
world,1996,10,164888
world,1996,11,832958
world,1996,12,3283717
world,1996,13,9451719
world,1996,14,19250515
world,1996,15,37888176
world,1996,16,86391011
world,1996,17,178275726
world,1996,18,309639798
world,1996,19,489869304
world,1996,20,696221111
world,1996,21,760251193
world,1996,22,653857095
world,1996,23,492120230
world,1996,24,367239611
world,1996,25,275443378
world,1996,26,217796687
world,1996,27,185156227
world,1996,28,173992190
world,1996,29,178822074
world,1996,30,186492069
world,1996,31,174658018
world,1996,32,135802700
world,1996,33,90755953
world,1996,34,54902676
world,1996,35,28280472
world,1996,36,13663167
world,1996,37,6288575
world,1996,38,2844436
world,1996,39,1266373
world,1996,40,563628
world,1996,41,263536
world,1996,42,113863
world,1996,43,58596
world,1996,44,61254
world,1996,45,54789
world,1996,46,0
world,1996,47,0
world,1996,48,0
world,1996,49,0
world,1996,50,0
world,1996,51,0
world,1996,52,0
world,1996,53,0
world,1996,54,0
world,1996,55,0
world,1996,56,0
world,1996,57,0
world,1996,58,0
world,1996,59,0
world,1996,60,0
world,1996,61,0
world,1996,62,0
world,1996,63,0
world,1996,64,0
world,1996,65,0
world,1996,66,0
world,1996,67,0
world,1996,68,0
world,1996,69,0
world,1996,70,0
world,1996,71,0
world,1996,72,0
world,1996,73,0
world,1996,74,0
world,1996,75,0
world,1996,76,0
world,1996,77,0
world,1996,78,0
world,1996,79,0
world,1996,80,0
world,1996,81,0
world,1996,82,0
world,1996,83,0
world,1996,84,0
world,1996,85,0
world,1996,86,0
world,1996,87,0
world,1996,88,0
world,1996,89,0
world,1996,90,0
world,1996,91,0
world,1996,92,0
world,1996,93,0
world,1996,94,0
world,1996,95,0
world,1996,96,0
world,1996,97,0
world,1996,98,0
world,1996,99,0
world,1996,100,0
world,1996,101,0
world,1996,102,0
world,1996,103,0
world,1996,104,0
world,1997,0,0
world,1997,1,0
world,1997,2,0
world,1997,3,0
world,1997,4,0
world,1997,5,0
world,1997,6,0
world,1997,7,0
world,1997,8,58
world,1997,9,11440
world,1997,10,125072
world,1997,11,781702
world,1997,12,3467998
world,1997,13,9824122
world,1997,14,19358250
world,1997,15,39046903
world,1997,16,90027367
world,1997,17,182793779
world,1997,18,314146463
world,1997,19,492607075
world,1997,20,695931971
world,1997,21,757067911
world,1997,22,654849493
world,1997,23,497407196
world,1997,24,377277157
world,1997,25,287832418
world,1997,26,228040240
world,1997,27,191550652
world,1997,28,178179585
world,1997,29,181999746
world,1997,30,189038451
world,1997,31,176394533
world,1997,32,139936208
world,1997,33,93654193
world,1997,34,56638485
world,1997,35,29660734
world,1997,36,14461284
world,1997,37,6811995
world,1997,38,3135568
world,1997,39,1415059
world,1997,40,636674
world,1997,41,298453
world,1997,42,132357
world,1997,43,50523
world,1997,44,28638
world,1997,45,19183
world,1997,46,4553
world,1997,47,2532
world,1997,48,1507
world,1997,49,955
world,1997,50,639
world,1997,51,447
world,1997,52,325
world,1997,53,245
world,1997,54,190
world,1997,55,148
world,1997,56,118
world,1997,57,93
world,1997,58,74
world,1997,59,57
world,1997,60,45
world,1997,61,34
world,1997,62,29
world,1997,63,20
world,1997,64,20
world,1997,65,14
world,1997,66,10
world,1997,67,10
world,1997,68,1
world,1997,69,0
world,1997,70,0
world,1997,71,1
world,1997,72,0
world,1997,73,0
world,1997,74,0
world,1997,75,1
world,1997,76,0
world,1997,77,0
world,1997,78,0
world,1997,79,0
world,1997,80,0
world,1997,81,0
world,1997,82,0
world,1997,83,0
world,1997,84,0
world,1997,85,0
world,1997,86,0
world,1997,87,0
world,1997,88,0
world,1997,89,0
world,1997,90,0
world,1997,91,0
world,1997,92,0
world,1997,93,0
world,1997,94,0
world,1997,95,0
world,1997,96,0
world,1997,97,0
world,1997,98,0
world,1997,99,0
world,1997,100,0
world,1997,101,0
world,1997,102,0
world,1997,103,0
world,1997,104,0
world,1998,0,0
world,1998,1,0
world,1998,2,0
world,1998,3,0
world,1998,4,0
world,1998,5,0
world,1998,6,0
world,1998,7,0
world,1998,8,24
world,1998,9,21472
world,1998,10,164586
world,1998,11,852404
world,1998,12,3412563
world,1998,13,9696994
world,1998,14,19625735
world,1998,15,41415609
world,1998,16,98167107
world,1998,17,195674223
world,1998,18,328942688
world,1998,19,500494777
world,1998,20,696026219
world,1998,21,752351084
world,1998,22,653895641
world,1998,23,504032646
world,1998,24,383957636
world,1998,25,294280101
world,1998,26,233476169
world,1998,27,194650079
world,1998,28,178266786
world,1998,29,180145030
world,1998,30,187394094
world,1998,31,177439878
world,1998,32,143541419
world,1998,33,98638260
world,1998,34,60344434
world,1998,35,31678038
world,1998,36,15210647
world,1998,37,7098968
world,1998,38,3291945
world,1998,39,1458860
world,1998,40,647507
world,1998,41,300524
world,1998,42,143707
world,1998,43,79094
world,1998,44,52024
world,1998,45,37556
world,1998,46,14765
world,1998,47,9478
world,1998,48,6199
world,1998,49,4126
world,1998,50,2787
world,1998,51,1910
world,1998,52,1324
world,1998,53,930
world,1998,54,656
world,1998,55,467
world,1998,56,336
world,1998,57,241
world,1998,58,173
world,1998,59,124
world,1998,60,89
world,1998,61,65
world,1998,62,47
world,1998,63,35
world,1998,64,27
world,1998,65,20
world,1998,66,15
world,1998,67,10
world,1998,68,2
world,1998,69,1
world,1998,70,0
world,1998,71,1
world,1998,72,1
world,1998,73,0
world,1998,74,0
world,1998,75,0
world,1998,76,1
world,1998,77,0
world,1998,78,0
world,1998,79,0
world,1998,80,0
world,1998,81,0
world,1998,82,0
world,1998,83,0
world,1998,84,0
world,1998,85,0
world,1998,86,0
world,1998,87,0
world,1998,88,0
world,1998,89,0
world,1998,90,0
world,1998,91,0
world,1998,92,0
world,1998,93,0
world,1998,94,0
world,1998,95,0
world,1998,96,0
world,1998,97,0
world,1998,98,0
world,1998,99,0
world,1998,100,0
world,1998,101,0
world,1998,102,0
world,1998,103,0
world,1998,104,0
world,1999,0,0
world,1999,1,0
world,1999,2,0
world,1999,3,0
world,1999,4,0
world,1999,5,0
world,1999,6,0
world,1999,7,0
world,1999,8,11
world,1999,9,8576
world,1999,10,86203
world,1999,11,656634
world,1999,12,3249184
world,1999,13,9702728
world,1999,14,19744046
world,1999,15,40942404
world,1999,16,95595017
world,1999,17,183125755
world,1999,18,307690966
world,1999,19,500841902
world,1999,20,716101894
world,1999,21,784735851
world,1999,22,684675847
world,1999,23,524367636
world,1999,24,400611218
world,1999,25,303080026
world,1999,26,229815885
world,1999,27,187968851
world,1999,28,172671002
world,1999,29,174601545
world,1999,30,187086760
world,1999,31,177841506
world,1999,32,144975038
world,1999,33,102470279
world,1999,34,62522182
world,1999,35,32977978
world,1999,36,16267827
world,1999,37,7827036
world,1999,38,3631279
world,1999,39,1658288
world,1999,40,751087
world,1999,41,354707
world,1999,42,155017
world,1999,43,69285
world,1999,44,61810
world,1999,45,55728
world,1999,46,16110
world,1999,47,6492
world,1999,48,2865
world,1999,49,1374
world,1999,50,713
world,1999,51,397
world,1999,52,237
world,1999,53,148
world,1999,54,99
world,1999,55,69
world,1999,56,50
world,1999,57,37
world,1999,58,30
world,1999,59,21
world,1999,60,20
world,1999,61,14
world,1999,62,10
world,1999,63,10
world,1999,64,6
world,1999,65,4
world,1999,66,1
world,1999,67,1
world,1999,68,1
world,1999,69,0
world,1999,70,0
world,1999,71,0
world,1999,72,0
world,1999,73,0
world,1999,74,0
world,1999,75,0
world,1999,76,0
world,1999,77,0
world,1999,78,0
world,1999,79,0
world,1999,80,0
world,1999,81,0
world,1999,82,0
world,1999,83,0
world,1999,84,0
world,1999,85,0
world,1999,86,0
world,1999,87,0
world,1999,88,0
world,1999,89,0
world,1999,90,0
world,1999,91,0
world,1999,92,0
world,1999,93,0
world,1999,94,0
world,1999,95,0
world,1999,96,0
world,1999,97,0
world,1999,98,0
world,1999,99,0
world,1999,100,0
world,1999,101,0
world,1999,102,0
world,1999,103,0
world,1999,104,0
world,2000,0,0
world,2000,1,0
world,2000,2,0
world,2000,3,0
world,2000,4,0
world,2000,5,0
world,2000,6,0
world,2000,7,0
world,2000,8,89
world,2000,9,8882
world,2000,10,93448
world,2000,11,709826
world,2000,12,3507273
world,2000,13,10337488
world,2000,14,20084598
world,2000,15,40558047
world,2000,16,91439816
world,2000,17,176405532
world,2000,18,297020245
world,2000,19,489199806
world,2000,20,714215441
world,2000,21,787797460
world,2000,22,691087989
world,2000,23,538939494
world,2000,24,420726511
world,2000,25,320873134
world,2000,26,243868628
world,2000,27,196021111
world,2000,28,175827826
world,2000,29,177812691
world,2000,30,190610618
world,2000,31,185641474
world,2000,32,151700078
world,2000,33,105775093
world,2000,34,65099542
world,2000,35,34572940
world,2000,36,17034705
world,2000,37,7921868
world,2000,38,3647308
world,2000,39,1642074
world,2000,40,738281
world,2000,41,346105
world,2000,42,164616
world,2000,43,96141
world,2000,44,92510
world,2000,45,82274
world,2000,46,0
world,2000,47,0
world,2000,48,0
world,2000,49,0
world,2000,50,0
world,2000,51,0
world,2000,52,0
world,2000,53,0
world,2000,54,0
world,2000,55,0
world,2000,56,0
world,2000,57,0
world,2000,58,0
world,2000,59,0
world,2000,60,0
world,2000,61,0
world,2000,62,0
world,2000,63,0
world,2000,64,0
world,2000,65,0
world,2000,66,0
world,2000,67,0
world,2000,68,0
world,2000,69,0
world,2000,70,0
world,2000,71,0
world,2000,72,0
world,2000,73,0
world,2000,74,0
world,2000,75,0
world,2000,76,0
world,2000,77,0
world,2000,78,0
world,2000,79,0
world,2000,80,0
world,2000,81,0
world,2000,82,0
world,2000,83,0
world,2000,84,0
world,2000,85,0
world,2000,86,0
world,2000,87,0
world,2000,88,0
world,2000,89,0
world,2000,90,0
world,2000,91,0
world,2000,92,0
world,2000,93,0
world,2000,94,0
world,2000,95,0
world,2000,96,0
world,2000,97,0
world,2000,98,0
world,2000,99,0
world,2000,100,0
world,2000,101,0
world,2000,102,0
world,2000,103,0
world,2000,104,0
world,2001,0,0
world,2001,1,0
world,2001,2,0
world,2001,3,0
world,2001,4,0
world,2001,5,0
world,2001,6,0
world,2001,7,0
world,2001,8,37
world,2001,9,8016
world,2001,10,100938
world,2001,11,658096
world,2001,12,3393711
world,2001,13,10030859
world,2001,14,19866017
world,2001,15,38577853
world,2001,16,85468778
world,2001,17,168546417
world,2001,18,286849425
world,2001,19,478762794
world,2001,20,719423534
world,2001,21,795647843
world,2001,22,703007402
world,2001,23,556220638
world,2001,24,437709069
world,2001,25,336821830
world,2001,26,255540729
world,2001,27,203180483
world,2001,28,182670542
world,2001,29,183049336
world,2001,30,194368214
world,2001,31,188071810
world,2001,32,153991573
world,2001,33,107449377
world,2001,34,66875706
world,2001,35,35647675
world,2001,36,17599450
world,2001,37,8239799
world,2001,38,3748613
world,2001,39,1690863
world,2001,40,774568
world,2001,41,368136
world,2001,42,190544
world,2001,43,112039
world,2001,44,75303
world,2001,45,54968
world,2001,46,22950
world,2001,47,14651
world,2001,48,9461
world,2001,49,6179
world,2001,50,4080
world,2001,51,2724
world,2001,52,1839
world,2001,53,1254
world,2001,54,866
world,2001,55,603
world,2001,56,423
world,2001,57,305
world,2001,58,217
world,2001,59,156
world,2001,60,115
world,2001,61,85
world,2001,62,64
world,2001,63,49
world,2001,64,38
world,2001,65,30
world,2001,66,22
world,2001,67,11
world,2001,68,2
world,2001,69,2
world,2001,70,4
world,2001,71,1
world,2001,72,2
world,2001,73,0
world,2001,74,1
world,2001,75,0
world,2001,76,0
world,2001,77,0
world,2001,78,0
world,2001,79,0
world,2001,80,0
world,2001,81,0
world,2001,82,0
world,2001,83,0
world,2001,84,0
world,2001,85,0
world,2001,86,0
world,2001,87,0
world,2001,88,0
world,2001,89,0
world,2001,90,0
world,2001,91,0
world,2001,92,0
world,2001,93,0
world,2001,94,0
world,2001,95,0
world,2001,96,0
world,2001,97,0
world,2001,98,0
world,2001,99,0
world,2001,100,0
world,2001,101,0
world,2001,102,0
world,2001,103,0
world,2001,104,0
world,2002,0,0
world,2002,1,0
world,2002,2,0
world,2002,3,0
world,2002,4,0
world,2002,5,0
world,2002,6,0
world,2002,7,0
world,2002,8,3
world,2002,9,2900
world,2002,10,69443
world,2002,11,588038
world,2002,12,3203946
world,2002,13,9327277
world,2002,14,18135333
world,2002,15,34666481
world,2002,16,77180216
world,2002,17,156542423
world,2002,18,269852686
world,2002,19,456631142
world,2002,20,715426387
world,2002,21,808856952
world,2002,22,721188024
world,2002,23,579830343
world,2002,24,462345222
world,2002,25,359401503
world,2002,26,270973179
world,2002,27,210982465
world,2002,28,186567227
world,2002,29,186199557
world,2002,30,197593720
world,2002,31,191946893
world,2002,32,158111507
world,2002,33,111344672
world,2002,34,69140733
world,2002,35,37030289
world,2002,36,18189184
world,2002,37,8434900
world,2002,38,3870786
world,2002,39,1752328
world,2002,40,786093
world,2002,41,357471
world,2002,42,251579
world,2002,43,214930
world,2002,44,178658
world,2002,45,141199
world,2002,46,95315
world,2002,47,65595
world,2002,48,43102
world,2002,49,27247
world,2002,50,16696
world,2002,51,9991
world,2002,52,5883
world,2002,53,3435
world,2002,54,2004
world,2002,55,1176
world,2002,56,701
world,2002,57,426
world,2002,58,269
world,2002,59,174
world,2002,60,117
world,2002,61,79
world,2002,62,54
world,2002,63,36
world,2002,64,25
world,2002,65,19
world,2002,66,10
world,2002,67,5
world,2002,68,2
world,2002,69,1
world,2002,70,3
world,2002,71,2
world,2002,72,1
world,2002,73,0
world,2002,74,1
world,2002,75,0
world,2002,76,0
world,2002,77,0
world,2002,78,0
world,2002,79,0
world,2002,80,0
world,2002,81,0
world,2002,82,0
world,2002,83,0
world,2002,84,0
world,2002,85,0
world,2002,86,0
world,2002,87,0
world,2002,88,0
world,2002,89,0
world,2002,90,0
world,2002,91,0
world,2002,92,0
world,2002,93,0
world,2002,94,0
world,2002,95,0
world,2002,96,0
world,2002,97,0
world,2002,98,0
world,2002,99,0
world,2002,100,0
world,2002,101,0
world,2002,102,0
world,2002,103,0
world,2002,104,0
world,2003,0,0
world,2003,1,0
world,2003,2,0
world,2003,3,0
world,2003,4,0
world,2003,5,0
world,2003,6,0
world,2003,7,0
world,2003,8,30
world,2003,9,23857
world,2003,10,134727
world,2003,11,654182
world,2003,12,3150067
world,2003,13,9132987
world,2003,14,17737273
world,2003,15,31634864
world,2003,16,65600674
world,2003,17,139276320
world,2003,18,252622606
world,2003,19,438175097
world,2003,20,704537456
world,2003,21,824086492
world,2003,22,743002263
world,2003,23,609402627
world,2003,24,487721448
world,2003,25,378850692
world,2003,26,282693509
world,2003,27,219125060
world,2003,28,190711433
world,2003,29,190916162
world,2003,30,202591892
world,2003,31,197132562
world,2003,32,162614630
world,2003,33,112485245
world,2003,34,69820923
world,2003,35,38529230
world,2003,36,19167250
world,2003,37,9253458
world,2003,38,4297812
world,2003,39,2018609
world,2003,40,984909
world,2003,41,513844
world,2003,42,381414
world,2003,43,316363
world,2003,44,259301
world,2003,45,203698
world,2003,46,140208
world,2003,47,96906
world,2003,48,64155
world,2003,49,40961
world,2003,50,25392
world,2003,51,15383
world,2003,52,9174
world,2003,53,5421
world,2003,54,3188
world,2003,55,1882
world,2003,56,1122
world,2003,57,679
world,2003,58,420
world,2003,59,268
world,2003,60,171
world,2003,61,109
world,2003,62,68
world,2003,63,40
world,2003,64,28
world,2003,65,18
world,2003,66,6
world,2003,67,8
world,2003,68,2
world,2003,69,4
world,2003,70,1
world,2003,71,1
world,2003,72,0
world,2003,73,1
world,2003,74,0
world,2003,75,0
world,2003,76,0
world,2003,77,0
world,2003,78,0
world,2003,79,0
world,2003,80,0
world,2003,81,0
world,2003,82,0
world,2003,83,0
world,2003,84,0
world,2003,85,0
world,2003,86,0
world,2003,87,0
world,2003,88,0
world,2003,89,0
world,2003,90,0
world,2003,91,0
world,2003,92,0
world,2003,93,0
world,2003,94,0
world,2003,95,0
world,2003,96,0
world,2003,97,0
world,2003,98,0
world,2003,99,0
world,2003,100,0
world,2003,101,0
world,2003,102,0
world,2003,103,0
world,2003,104,0
world,2004,0,0
world,2004,1,0
world,2004,2,0
world,2004,3,0
world,2004,4,0
world,2004,5,0
world,2004,6,0
world,2004,7,0
world,2004,8,24
world,2004,9,2886
world,2004,10,56620
world,2004,11,500218
world,2004,12,2705752
world,2004,13,8452457
world,2004,14,16331224
world,2004,15,28947593
world,2004,16,56412162
world,2004,17,120563482
world,2004,18,230411671
world,2004,19,417328048
world,2004,20,694665967
world,2004,21,826620659
world,2004,22,763157596
world,2004,23,626242669
world,2004,24,507836809
world,2004,25,400403251
world,2004,26,304177219
world,2004,27,233718340
world,2004,28,200894339
world,2004,29,198985244
world,2004,30,210657102
world,2004,31,205235625
world,2004,32,168862453
world,2004,33,119751525
world,2004,34,73907874
world,2004,35,39237501
world,2004,36,19337428
world,2004,37,9353476
world,2004,38,4337714
world,2004,39,1992739
world,2004,40,943172
world,2004,41,468168
world,2004,42,242288
world,2004,43,140822
world,2004,44,93691
world,2004,45,66464
world,2004,46,33005
world,2004,47,21217
world,2004,48,13689
world,2004,49,8878
world,2004,50,5804
world,2004,51,3825
world,2004,52,2551
world,2004,53,1722
world,2004,54,1174
world,2004,55,810
world,2004,56,563
world,2004,57,397
world,2004,58,281
world,2004,59,200
world,2004,60,145
world,2004,61,106
world,2004,62,83
world,2004,63,56
world,2004,64,44
world,2004,65,33
world,2004,66,19
world,2004,67,7
world,2004,68,3
world,2004,69,1
world,2004,70,5
world,2004,71,0
world,2004,72,1
world,2004,73,1
world,2004,74,0
world,2004,75,0
world,2004,76,0
world,2004,77,0
world,2004,78,0
world,2004,79,0
world,2004,80,0
world,2004,81,0
world,2004,82,0
world,2004,83,0
world,2004,84,0
world,2004,85,0
world,2004,86,0
world,2004,87,0
world,2004,88,0
world,2004,89,0
world,2004,90,0
world,2004,91,0
world,2004,92,0
world,2004,93,0
world,2004,94,0
world,2004,95,0
world,2004,96,0
world,2004,97,0
world,2004,98,0
world,2004,99,0
world,2004,100,0
world,2004,101,0
world,2004,102,0
world,2004,103,0
world,2004,104,0
world,2005,0,0
world,2005,1,0
world,2005,2,0
world,2005,3,0
world,2005,4,0
world,2005,5,0
world,2005,6,0
world,2005,7,0
world,2005,8,4340
world,2005,9,36228
world,2005,10,142123
world,2005,11,582755
world,2005,12,2770195
world,2005,13,8103786
world,2005,14,16131977
world,2005,15,27557529
world,2005,16,49422710
world,2005,17,103911686
world,2005,18,208297882
world,2005,19,385489588
world,2005,20,668338664
world,2005,21,833261794
world,2005,22,789082778
world,2005,23,652663514
world,2005,24,528840901
world,2005,25,423923565
world,2005,26,328563356
world,2005,27,251470364
world,2005,28,211164052
world,2005,29,205840615
world,2005,30,216091556
world,2005,31,209449326
world,2005,32,174727807
world,2005,33,122244958
world,2005,34,75472056
world,2005,35,41452879
world,2005,36,20730193
world,2005,37,10147086
world,2005,38,4829771
world,2005,39,2320412
world,2005,40,1169340
world,2005,41,682493
world,2005,42,494132
world,2005,43,375797
world,2005,44,286812
world,2005,45,214096
world,2005,46,138051
world,2005,47,93994
world,2005,48,62159
world,2005,49,40097
world,2005,50,25354
world,2005,51,15784
world,2005,52,9721
world,2005,53,5950
world,2005,54,3640
world,2005,55,2235
world,2005,56,1382
world,2005,57,869
world,2005,58,552
world,2005,59,359
world,2005,60,235
world,2005,61,153
world,2005,62,101
world,2005,63,62
world,2005,64,38
world,2005,65,21
world,2005,66,17
world,2005,67,6
world,2005,68,4
world,2005,69,7
world,2005,70,1
world,2005,71,0
world,2005,72,1
world,2005,73,1
world,2005,74,0
world,2005,75,0
world,2005,76,0
world,2005,77,0
world,2005,78,0
world,2005,79,0
world,2005,80,0
world,2005,81,0
world,2005,82,0
world,2005,83,0
world,2005,84,0
world,2005,85,0
world,2005,86,0
world,2005,87,0
world,2005,88,0
world,2005,89,0
world,2005,90,0
world,2005,91,0
world,2005,92,0
world,2005,93,0
world,2005,94,0
world,2005,95,0
world,2005,96,0
world,2005,97,0
world,2005,98,0
world,2005,99,0
world,2005,100,0
world,2005,101,0
world,2005,102,0
world,2005,103,0
world,2005,104,0
world,2006,0,0
world,2006,1,0
world,2006,2,0
world,2006,3,0
world,2006,4,0
world,2006,5,0
world,2006,6,0
world,2006,7,0
world,2006,8,261
world,2006,9,10190
world,2006,10,72426
world,2006,11,503293
world,2006,12,2209667
world,2006,13,6819119
world,2006,14,14244920
world,2006,15,25510327
world,2006,16,47921151
world,2006,17,99601520
world,2006,18,199407667
world,2006,19,369337129
world,2006,20,643422753
world,2006,21,826517423
world,2006,22,797689523
world,2006,23,666952319
world,2006,24,546539996
world,2006,25,443906353
world,2006,26,349272125
world,2006,27,270596326
world,2006,28,225518360
world,2006,29,213799004
world,2006,30,222251613
world,2006,31,215551645
world,2006,32,178297794
world,2006,33,127758387
world,2006,34,79389953
world,2006,35,43808704
world,2006,36,21945312
world,2006,37,10794102
world,2006,38,5204367
world,2006,39,2507476
world,2006,40,1218277
world,2006,41,646621
world,2006,42,486361
world,2006,43,396861
world,2006,44,316029
world,2006,45,241923
world,2006,46,164043
world,2006,47,111041
world,2006,48,72190
world,2006,49,45377
world,2006,50,27760
world,2006,51,16647
world,2006,52,9846
world,2006,53,5791
world,2006,54,3404
world,2006,55,2022
world,2006,56,1219
world,2006,57,754
world,2006,58,478
world,2006,59,319
world,2006,60,213
world,2006,61,143
world,2006,62,97
world,2006,63,60
world,2006,64,38
world,2006,65,27
world,2006,66,17
world,2006,67,11
world,2006,68,7
world,2006,69,9
world,2006,70,1
world,2006,71,0
world,2006,72,1
world,2006,73,1
world,2006,74,0
world,2006,75,0
world,2006,76,0
world,2006,77,0
world,2006,78,0
world,2006,79,0
world,2006,80,0
world,2006,81,0
world,2006,82,0
world,2006,83,0
world,2006,84,0
world,2006,85,0
world,2006,86,0
world,2006,87,0
world,2006,88,0
world,2006,89,0
world,2006,90,0
world,2006,91,0
world,2006,92,0
world,2006,93,0
world,2006,94,0
world,2006,95,0
world,2006,96,0
world,2006,97,0
world,2006,98,0
world,2006,99,0
world,2006,100,0
world,2006,101,0
world,2006,102,0
world,2006,103,0
world,2006,104,0
world,2007,0,0
world,2007,1,0
world,2007,2,0
world,2007,3,0
world,2007,4,0
world,2007,5,0
world,2007,6,0
world,2007,7,0
world,2007,8,1103
world,2007,9,15115
world,2007,10,72578
world,2007,11,339329
world,2007,12,1504118
world,2007,13,5031732
world,2007,14,11886644
world,2007,15,22849470
world,2007,16,44148537
world,2007,17,92012541
world,2007,18,186672079
world,2007,19,348807634
world,2007,20,621140252
world,2007,21,819488515
world,2007,22,809682350
world,2007,23,681826086
world,2007,24,565192710
world,2007,25,465904954
world,2007,26,372421386
world,2007,27,290288490
world,2007,28,236528746
world,2007,29,220072057
world,2007,30,224409519
world,2007,31,221703646
world,2007,32,189310452
world,2007,33,135433945
world,2007,34,85204828
world,2007,35,47469473
world,2007,36,24056084
world,2007,37,11968679
world,2007,38,5750035
world,2007,39,2723015
world,2007,40,1309826
world,2007,41,673482
world,2007,42,373877
world,2007,43,225941
world,2007,44,152242
world,2007,45,110393
world,2007,46,58010
world,2007,47,38190
world,2007,48,25214
world,2007,49,16725
world,2007,50,11165
world,2007,51,7514
world,2007,52,5099
world,2007,53,3486
world,2007,54,2395
world,2007,55,1646
world,2007,56,1136
world,2007,57,787
world,2007,58,534
world,2007,59,375
world,2007,60,266
world,2007,61,180
world,2007,62,127
world,2007,63,87
world,2007,64,58
world,2007,65,36
world,2007,66,21
world,2007,67,15
world,2007,68,17
world,2007,69,13
world,2007,70,3
world,2007,71,2
world,2007,72,0
world,2007,73,2
world,2007,74,0
world,2007,75,0
world,2007,76,0
world,2007,77,0
world,2007,78,0
world,2007,79,0
world,2007,80,0
world,2007,81,0
world,2007,82,0
world,2007,83,0
world,2007,84,0
world,2007,85,0
world,2007,86,0
world,2007,87,0
world,2007,88,0
world,2007,89,0
world,2007,90,0
world,2007,91,0
world,2007,92,0
world,2007,93,0
world,2007,94,0
world,2007,95,0
world,2007,96,0
world,2007,97,0
world,2007,98,0
world,2007,99,0
world,2007,100,0
world,2007,101,0
world,2007,102,0
world,2007,103,0
world,2007,104,0
world,2008,0,0
world,2008,1,0
world,2008,2,0
world,2008,3,0
world,2008,4,0
world,2008,5,0
world,2008,6,0
world,2008,7,0
world,2008,8,411
world,2008,9,8913
world,2008,10,64767
world,2008,11,337527
world,2008,12,1374907
world,2008,13,4233629
world,2008,14,10127934
world,2008,15,20697012
world,2008,16,41584130
world,2008,17,88009255
world,2008,18,178877954
world,2008,19,335700173
world,2008,20,600699956
world,2008,21,811367368
world,2008,22,822044442
world,2008,23,696987709
world,2008,24,576914929
world,2008,25,481484794
world,2008,26,390171255
world,2008,27,312396701
world,2008,28,256315552
world,2008,29,232973070
world,2008,30,234803832
world,2008,31,225192114
world,2008,32,192121683
world,2008,33,137727219
world,2008,34,86381213
world,2008,35,47615691
world,2008,36,23826777
world,2008,37,11676020
world,2008,38,5556911
world,2008,39,2678760
world,2008,40,1365717
world,2008,41,763360
world,2008,42,548459
world,2008,43,414579
world,2008,44,320158
world,2008,45,241721
world,2008,46,151599
world,2008,47,101738
world,2008,48,66177
world,2008,49,42002
world,2008,50,26195
world,2008,51,16172
world,2008,52,9955
world,2008,53,6147
world,2008,54,3833
world,2008,55,2427
world,2008,56,1563
world,2008,57,1030
world,2008,58,688
world,2008,59,478
world,2008,60,322
world,2008,61,227
world,2008,62,158
world,2008,63,100
world,2008,64,70
world,2008,65,40
world,2008,66,20
world,2008,67,19
world,2008,68,16
world,2008,69,18
world,2008,70,7
world,2008,71,2
world,2008,72,3
world,2008,73,2
world,2008,74,0
world,2008,75,0
world,2008,76,0
world,2008,77,0
world,2008,78,0
world,2008,79,0
world,2008,80,0
world,2008,81,0
world,2008,82,0
world,2008,83,0
world,2008,84,0
world,2008,85,0
world,2008,86,0
world,2008,87,0
world,2008,88,0
world,2008,89,0
world,2008,90,0
world,2008,91,0
world,2008,92,0
world,2008,93,0
world,2008,94,0
world,2008,95,0
world,2008,96,0
world,2008,97,0
world,2008,98,0
world,2008,99,0
world,2008,100,0
world,2008,101,0
world,2008,102,0
world,2008,103,0
world,2008,104,0
world,2009,0,0
world,2009,1,0
world,2009,2,0
world,2009,3,0
world,2009,4,0
world,2009,5,0
world,2009,6,0
world,2009,7,0
world,2009,8,581
world,2009,9,12934
world,2009,10,78398
world,2009,11,394788
world,2009,12,1514588
world,2009,13,4365424
world,2009,14,10332436
world,2009,15,19887632
world,2009,16,38196499
world,2009,17,80997363
world,2009,18,170525570
world,2009,19,322839708
world,2009,20,579203726
world,2009,21,814412395
world,2009,22,830192077
world,2009,23,715137482
world,2009,24,597374373
world,2009,25,505899675
world,2009,26,412380994
world,2009,27,327923568
world,2009,28,266890327
world,2009,29,241067911
world,2009,30,240180911
world,2009,31,228662944
world,2009,32,192131555
world,2009,33,139221376
world,2009,34,87468647
world,2009,35,48030891
world,2009,36,24038809
world,2009,37,11377242
world,2009,38,5147809
world,2009,39,2405586
world,2009,40,1210470
world,2009,41,758120
world,2009,42,553457
world,2009,43,427002
world,2009,44,331184
world,2009,45,252286
world,2009,46,166000
world,2009,47,113115
world,2009,48,74709
world,2009,49,48084
world,2009,50,30341
world,2009,51,18875
world,2009,52,11651
world,2009,53,7172
world,2009,54,4427
world,2009,55,2747
world,2009,56,1720
world,2009,57,1087
world,2009,58,694
world,2009,59,449
world,2009,60,280
world,2009,61,179
world,2009,62,120
world,2009,63,62
world,2009,64,41
world,2009,65,14
world,2009,66,12
world,2009,67,13
world,2009,68,4
world,2009,69,7
world,2009,70,2
world,2009,71,0
world,2009,72,2
world,2009,73,0
world,2009,74,0
world,2009,75,0
world,2009,76,0
world,2009,77,0
world,2009,78,0
world,2009,79,0
world,2009,80,0
world,2009,81,0
world,2009,82,0
world,2009,83,0
world,2009,84,0
world,2009,85,0
world,2009,86,0
world,2009,87,0
world,2009,88,0
world,2009,89,0
world,2009,90,0
world,2009,91,0
world,2009,92,0
world,2009,93,0
world,2009,94,0
world,2009,95,0
world,2009,96,0
world,2009,97,0
world,2009,98,0
world,2009,99,0
world,2009,100,0
world,2009,101,0
world,2009,102,0
world,2009,103,0
world,2009,104,0
world,2010,0,0
world,2010,1,0
world,2010,2,0
world,2010,3,0
world,2010,4,0
world,2010,5,0
world,2010,6,0
world,2010,7,0
world,2010,8,395
world,2010,9,24179
world,2010,10,108035
world,2010,11,400487
world,2010,12,1403866
world,2010,13,3954825
world,2010,14,8801859
world,2010,15,17835115
world,2010,16,34179066
world,2010,17,71251874
world,2010,18,153215644
world,2010,19,300136876
world,2010,20,538812637
world,2010,21,781228738
world,2010,22,841954988
world,2010,23,744941846
world,2010,24,627205681
world,2010,25,536281180
world,2010,26,442216581
world,2010,27,354623323
world,2010,28,288381920
world,2010,29,254649721
world,2010,30,250186637
world,2010,31,235709339
world,2010,32,197678148
world,2010,33,141512011
world,2010,34,88823862
world,2010,35,48831387
world,2010,36,24179090
world,2010,37,11263578
world,2010,38,5118961
world,2010,39,2433524
world,2010,40,1265197
world,2010,41,817568
world,2010,42,545658
world,2010,43,380926
world,2010,44,279577
world,2010,45,209723
world,2010,46,129462
world,2010,47,88833
world,2010,48,60385
world,2010,49,40767
world,2010,50,27411
world,2010,51,18398
world,2010,52,12326
world,2010,53,8259
world,2010,54,5522
world,2010,55,3684
world,2010,56,2460
world,2010,57,1635
world,2010,58,1079
world,2010,59,713
world,2010,60,456
world,2010,61,299
world,2010,62,198
world,2010,63,129
world,2010,64,78
world,2010,65,34
world,2010,66,20
world,2010,67,20
world,2010,68,11
world,2010,69,15
world,2010,70,2
world,2010,71,3
world,2010,72,1
world,2010,73,1
world,2010,74,0
world,2010,75,0
world,2010,76,0
world,2010,77,0
world,2010,78,0
world,2010,79,0
world,2010,80,0
world,2010,81,0
world,2010,82,0
world,2010,83,0
world,2010,84,0
world,2010,85,0
world,2010,86,0
world,2010,87,0
world,2010,88,0
world,2010,89,0
world,2010,90,0
world,2010,91,0
world,2010,92,0
world,2010,93,0
world,2010,94,0
world,2010,95,0
world,2010,96,0
world,2010,97,0
world,2010,98,0
world,2010,99,0
world,2010,100,0
world,2010,101,0
world,2010,102,0
world,2010,103,0
world,2010,104,0
world,2011,0,0
world,2011,1,0
world,2011,2,0
world,2011,3,0
world,2011,4,0
world,2011,5,0
world,2011,6,0
world,2011,7,0
world,2011,8,187
world,2011,9,5818
world,2011,10,43139
world,2011,11,300051
world,2011,12,1314312
world,2011,13,3720659
world,2011,14,8370876
world,2011,15,17076417
world,2011,16,31955000
world,2011,17,64428472
world,2011,18,135565624
world,2011,19,273231958
world,2011,20,502834474
world,2011,21,758000834
world,2011,22,853916818
world,2011,23,773861116
world,2011,24,659417978
world,2011,25,567435861
world,2011,26,471213658
world,2011,27,381148620
world,2011,28,308074596
world,2011,29,265025715
world,2011,30,256037148
world,2011,31,237649656
world,2011,32,197779280
world,2011,33,143012037
world,2011,34,89604537
world,2011,35,49496914
world,2011,36,24917681
world,2011,37,12014192
world,2011,38,5670523
world,2011,39,2773512
world,2011,40,1447403
world,2011,41,834414
world,2011,42,617872
world,2011,43,468157
world,2011,44,357912
world,2011,45,268787
world,2011,46,175713
world,2011,47,119168
world,2011,48,78909
world,2011,49,51422
world,2011,50,33231
world,2011,51,21442
world,2011,52,13891
world,2011,53,9070
world,2011,54,5969
world,2011,55,3954
world,2011,56,2634
world,2011,57,1757
world,2011,58,1173
world,2011,59,781
world,2011,60,505
world,2011,61,330
world,2011,62,219
world,2011,63,131
world,2011,64,85
world,2011,65,39
world,2011,66,29
world,2011,67,20
world,2011,68,19
world,2011,69,16
world,2011,70,9
world,2011,71,2
world,2011,72,1
world,2011,73,2
world,2011,74,0
world,2011,75,0
world,2011,76,0
world,2011,77,0
world,2011,78,0
world,2011,79,0
world,2011,80,0
world,2011,81,0
world,2011,82,0
world,2011,83,0
world,2011,84,0
world,2011,85,0
world,2011,86,0
world,2011,87,0
world,2011,88,0
world,2011,89,0
world,2011,90,0
world,2011,91,0
world,2011,92,0
world,2011,93,0
world,2011,94,0
world,2011,95,0
world,2011,96,0
world,2011,97,0
world,2011,98,0
world,2011,99,0
world,2011,100,0
world,2011,101,0
world,2011,102,0
world,2011,103,0
world,2011,104,0
world,2012,0,0
world,2012,1,0
world,2012,2,0
world,2012,3,0
world,2012,4,0
world,2012,5,0
world,2012,6,0
world,2012,7,0
world,2012,8,100
world,2012,9,6138
world,2012,10,50933
world,2012,11,337049
world,2012,12,1326606
world,2012,13,3588916
world,2012,14,7979925
world,2012,15,15877152
world,2012,16,29356278
world,2012,17,58647724
world,2012,18,123613354
world,2012,19,257132007
world,2012,20,476780090
world,2012,21,736800287
world,2012,22,855821230
world,2012,23,795115537
world,2012,24,680141920
world,2012,25,588024324
world,2012,26,498807303
world,2012,27,404786770
world,2012,28,328807997
world,2012,29,280815210
world,2012,30,263978458
world,2012,31,244386779
world,2012,32,201323571
world,2012,33,145352791
world,2012,34,91275099
world,2012,35,50104507
world,2012,36,25095427
world,2012,37,12184071
world,2012,38,5738937
world,2012,39,2789697
world,2012,40,1462462
world,2012,41,846838
world,2012,42,634351
world,2012,43,485268
world,2012,44,372468
world,2012,45,278653
world,2012,46,183253
world,2012,47,123925
world,2012,48,81582
world,2012,49,52729
world,2012,50,33757
world,2012,51,21575
world,2012,52,13858
world,2012,53,8982
world,2012,54,5874
world,2012,55,3881
world,2012,56,2563
world,2012,57,1708
world,2012,58,1133
world,2012,59,753
world,2012,60,484
world,2012,61,317
world,2012,62,219
world,2012,63,126
world,2012,64,73
world,2012,65,41
world,2012,66,25
world,2012,67,23
world,2012,68,21
world,2012,69,12
world,2012,70,11
world,2012,71,2
world,2012,72,1
world,2012,73,1
world,2012,74,0
world,2012,75,0
world,2012,76,0
world,2012,77,0
world,2012,78,0
world,2012,79,0
world,2012,80,0
world,2012,81,0
world,2012,82,0
world,2012,83,0
world,2012,84,0
world,2012,85,0
world,2012,86,0
world,2012,87,0
world,2012,88,0
world,2012,89,0
world,2012,90,0
world,2012,91,0
world,2012,92,0
world,2012,93,0
world,2012,94,0
world,2012,95,0
world,2012,96,0
world,2012,97,0
world,2012,98,0
world,2012,99,0
world,2012,100,0
world,2012,101,0
world,2012,102,0
world,2012,103,0
world,2012,104,0
world,2013,0,0
world,2013,1,0
world,2013,2,0
world,2013,3,0
world,2013,4,0
world,2013,5,0
world,2013,6,0
world,2013,7,0
world,2013,8,253
world,2013,9,7803
world,2013,10,56776
world,2013,11,344184
world,2013,12,1331200
world,2013,13,3531461
world,2013,14,7305241
world,2013,15,14139339
world,2013,16,26072734
world,2013,17,49487756
world,2013,18,97582714
world,2013,19,209969941
world,2013,20,427956284
world,2013,21,710951139
world,2013,22,854570820
world,2013,23,831603349
world,2013,24,728588144
world,2013,25,628035888
world,2013,26,532531898
world,2013,27,431817520
world,2013,28,351164277
world,2013,29,300657356
world,2013,30,275775397
world,2013,31,250993908
world,2013,32,206038814
world,2013,33,146140164
world,2013,34,92115078
world,2013,35,50788295
world,2013,36,25599866
world,2013,37,12451983
world,2013,38,5946345
world,2013,39,2962579
world,2013,40,1568878
world,2013,41,913663
world,2013,42,659478
world,2013,43,480189
world,2013,44,349682
world,2013,45,251977
world,2013,46,164067
world,2013,47,109864
world,2013,48,72415
world,2013,49,47279
world,2013,50,30753
world,2013,51,20044
world,2013,52,13163
world,2013,53,8725
world,2013,54,5847
world,2013,55,3969
world,2013,56,2715
world,2013,57,1867
world,2013,58,1296
world,2013,59,905
world,2013,60,627
world,2013,61,425
world,2013,62,301
world,2013,63,182
world,2013,64,103
world,2013,65,53
world,2013,66,41
world,2013,67,27
world,2013,68,29
world,2013,69,17
world,2013,70,12
world,2013,71,4
world,2013,72,1
world,2013,73,2
world,2013,74,1
world,2013,75,0
world,2013,76,0
world,2013,77,0
world,2013,78,0
world,2013,79,0
world,2013,80,0
world,2013,81,0
world,2013,82,0
world,2013,83,0
world,2013,84,0
world,2013,85,0
world,2013,86,0
world,2013,87,0
world,2013,88,0
world,2013,89,0
world,2013,90,0
world,2013,91,0
world,2013,92,0
world,2013,93,0
world,2013,94,0
world,2013,95,0
world,2013,96,0
world,2013,97,0
world,2013,98,0
world,2013,99,0
world,2013,100,0
world,2013,101,0
world,2013,102,0
world,2013,103,0
world,2013,104,0
world,2014,0,0
world,2014,1,0
world,2014,2,0
world,2014,3,0
world,2014,4,0
world,2014,5,0
world,2014,6,0
world,2014,7,0
world,2014,8,156
world,2014,9,11056
world,2014,10,86871
world,2014,11,461029
world,2014,12,1575719
world,2014,13,3854497
world,2014,14,7656942
world,2014,15,14526922
world,2014,16,25925090
world,2014,17,48679241
world,2014,18,95084579
world,2014,19,197385754
world,2014,20,400209611
world,2014,21,684814363
world,2014,22,854256305
world,2014,23,839514321
world,2014,24,749386230
world,2014,25,652715331
world,2014,26,557348443
world,2014,27,454554405
world,2014,28,370947210
world,2014,29,314967922
world,2014,30,285691020
world,2014,31,256045835
world,2014,32,209452588
world,2014,33,146592950
world,2014,34,92852222
world,2014,35,52225178
world,2014,36,26746236
world,2014,37,13210639
world,2014,38,6342682
world,2014,39,3114294
world,2014,40,1586799
world,2014,41,899257
world,2014,42,668992
world,2014,43,504575
world,2014,44,373741
world,2014,45,267920
world,2014,46,174688
world,2014,47,115127
world,2014,48,74232
world,2014,49,47284
world,2014,50,30045
world,2014,51,19209
world,2014,52,12450
world,2014,53,8231
world,2014,54,5545
world,2014,55,3809
world,2014,56,2653
world,2014,57,1865
world,2014,58,1312
world,2014,59,941
world,2014,60,660
world,2014,61,492
world,2014,62,330
world,2014,63,223
world,2014,64,128
world,2014,65,74
world,2014,66,52
world,2014,67,32
world,2014,68,28
world,2014,69,24
world,2014,70,7
world,2014,71,12
world,2014,72,3
world,2014,73,2
world,2014,74,1
world,2014,75,0
world,2014,76,0
world,2014,77,0
world,2014,78,0
world,2014,79,0
world,2014,80,0
world,2014,81,0
world,2014,82,0
world,2014,83,0
world,2014,84,0
world,2014,85,0
world,2014,86,0
world,2014,87,0
world,2014,88,0
world,2014,89,0
world,2014,90,0
world,2014,91,0
world,2014,92,0
world,2014,93,0
world,2014,94,0
world,2014,95,0
world,2014,96,0
world,2014,97,0
world,2014,98,0
world,2014,99,0
world,2014,100,0
world,2014,101,0
world,2014,102,0
world,2014,103,0
world,2014,104,0
world,2015,0,0
world,2015,1,0
world,2015,2,0
world,2015,3,0
world,2015,4,0
world,2015,5,0
world,2015,6,0
world,2015,7,0
world,2015,8,412
world,2015,9,8354
world,2015,10,59790
world,2015,11,329871
world,2015,12,1347043
world,2015,13,3643740
world,2015,14,7552706
world,2015,15,14701135
world,2015,16,26640277
world,2015,17,50001498
world,2015,18,94200158
world,2015,19,182965484
world,2015,20,362627117
world,2015,21,642027625
world,2015,22,851349466
world,2015,23,864067782
world,2015,24,778545110
world,2015,25,678897133
world,2015,26,581969388
world,2015,27,480963265
world,2015,28,386638401
world,2015,29,320404928
world,2015,30,287305691
world,2015,31,261855073
world,2015,32,217686032
world,2015,33,154436904
world,2015,34,97686006
world,2015,35,54909374
world,2015,36,27907018
world,2015,37,13885419
world,2015,38,6787969
world,2015,39,3374864
world,2015,40,1745987
world,2015,41,978413
world,2015,42,706489
world,2015,43,532092
world,2015,44,395120
world,2015,45,283277
world,2015,46,182156
world,2015,47,119580
world,2015,48,76803
world,2015,49,48753
world,2015,50,30911
world,2015,51,19763
world,2015,52,12846
world,2015,53,8516
world,2015,54,5778
world,2015,55,3994
world,2015,56,2800
world,2015,57,1982
world,2015,58,1405
world,2015,59,1017
world,2015,60,724
world,2015,61,517
world,2015,62,372
world,2015,63,229
world,2015,64,158
world,2015,65,89
world,2015,66,59
world,2015,67,31
world,2015,68,28
world,2015,69,21
world,2015,70,15
world,2015,71,9
world,2015,72,7
world,2015,73,2
world,2015,74,2
world,2015,75,0
world,2015,76,0
world,2015,77,0
world,2015,78,0
world,2015,79,0
world,2015,80,0
world,2015,81,0
world,2015,82,0
world,2015,83,0
world,2015,84,0
world,2015,85,0
world,2015,86,0
world,2015,87,0
world,2015,88,0
world,2015,89,0
world,2015,90,0
world,2015,91,0
world,2015,92,0
world,2015,93,0
world,2015,94,0
world,2015,95,0
world,2015,96,0
world,2015,97,0
world,2015,98,0
world,2015,99,0
world,2015,100,0
world,2015,101,0
world,2015,102,0
world,2015,103,0
world,2015,104,0
world,2016,0,0
world,2016,1,0
world,2016,2,0
world,2016,3,0
world,2016,4,0
world,2016,5,0
world,2016,6,0
world,2016,7,0
world,2016,8,372
world,2016,9,7605
world,2016,10,49483
world,2016,11,306885
world,2016,12,1345603
world,2016,13,3771139
world,2016,14,7990815
world,2016,15,15532508
world,2016,16,27881066
world,2016,17,51585218
world,2016,18,93952065
world,2016,19,175079280
world,2016,20,336167579
world,2016,21,601880834
world,2016,22,842662586
world,2016,23,884197030
world,2016,24,803068769
world,2016,25,701958479
world,2016,26,602710222
world,2016,27,498592017
world,2016,28,401399295
world,2016,29,330084302
world,2016,30,293557479
world,2016,31,265164716
world,2016,32,222486822
world,2016,33,163839090
world,2016,34,102512164
world,2016,35,58433892
world,2016,36,30029981
world,2016,37,14981786
world,2016,38,7353522
world,2016,39,3726337
world,2016,40,1973275
world,2016,41,1109324
world,2016,42,777623
world,2016,43,562256
world,2016,44,409054
world,2016,45,293292
world,2016,46,191097
world,2016,47,129719
world,2016,48,87196
world,2016,49,58408
world,2016,50,39180
world,2016,51,26428
world,2016,52,17979
world,2016,53,12325
world,2016,54,8489
world,2016,55,5861
world,2016,56,4051
world,2016,57,2773
world,2016,58,1879
world,2016,59,1256
world,2016,60,827
world,2016,61,547
world,2016,62,369
world,2016,63,208
world,2016,64,127
world,2016,65,71
world,2016,66,50
world,2016,67,31
world,2016,68,25
world,2016,69,15
world,2016,70,15
world,2016,71,7
world,2016,72,6
world,2016,73,2
world,2016,74,1
world,2016,75,0
world,2016,76,0
world,2016,77,0
world,2016,78,0
world,2016,79,0
world,2016,80,0
world,2016,81,0
world,2016,82,0
world,2016,83,0
world,2016,84,0
world,2016,85,0
world,2016,86,0
world,2016,87,0
world,2016,88,0
world,2016,89,0
world,2016,90,0
world,2016,91,0
world,2016,92,0
world,2016,93,0
world,2016,94,0
world,2016,95,0
world,2016,96,0
world,2016,97,0
world,2016,98,0
world,2016,99,0
world,2016,100,0
world,2016,101,0
world,2016,102,0
world,2016,103,0
world,2016,104,0
world,2017,0,0
world,2017,1,0
world,2017,2,0
world,2017,3,0
world,2017,4,0
world,2017,5,0
world,2017,6,0
world,2017,7,0
world,2017,8,575
world,2017,9,15286
world,2017,10,84006
world,2017,11,389075
world,2017,12,1509692
world,2017,13,3974498
world,2017,14,8227919
world,2017,15,16099772
world,2017,16,28721404
world,2017,17,52381463
world,2017,18,93664888
world,2017,19,167415080
world,2017,20,314919743
world,2017,21,570529441
world,2017,22,832868349
world,2017,23,903592137
world,2017,24,824371563
world,2017,25,714453294
world,2017,26,617833406
world,2017,27,516403395
world,2017,28,419799494
world,2017,29,345024943
world,2017,30,301557433
world,2017,31,271218611
world,2017,32,227836589
world,2017,33,168750274
world,2017,34,107531564
world,2017,35,61482999
world,2017,36,31705806
world,2017,37,15813618
world,2017,38,7751007
world,2017,39,3924531
world,2017,40,2065385
world,2017,41,1150266
world,2017,42,689116
world,2017,43,435560
world,2017,44,292806
world,2017,45,203079
world,2017,46,129769
world,2017,47,90804
world,2017,48,64571
world,2017,49,46631
world,2017,50,34145
world,2017,51,25227
world,2017,52,18745
world,2017,53,13908
world,2017,54,10248
world,2017,55,7457
world,2017,56,5337
world,2017,57,3740
world,2017,58,2560
world,2017,59,1702
world,2017,60,1101
world,2017,61,711
world,2017,62,448
world,2017,63,271
world,2017,64,173
world,2017,65,94
world,2017,66,62
world,2017,67,36
world,2017,68,38
world,2017,69,18
world,2017,70,14
world,2017,71,9
world,2017,72,6
world,2017,73,2
world,2017,74,4
world,2017,75,0
world,2017,76,0
world,2017,77,0
world,2017,78,0
world,2017,79,0
world,2017,80,0
world,2017,81,0
world,2017,82,0
world,2017,83,0
world,2017,84,0
world,2017,85,0
world,2017,86,0
world,2017,87,0
world,2017,88,0
world,2017,89,0
world,2017,90,0
world,2017,91,0
world,2017,92,0
world,2017,93,0
world,2017,94,0
world,2017,95,0
world,2017,96,0
world,2017,97,0
world,2017,98,0
world,2017,99,0
world,2017,100,0
world,2017,101,0
world,2017,102,0
world,2017,103,0
world,2017,104,0
world,2018,0,0
world,2018,1,0
world,2018,2,0
world,2018,3,0
world,2018,4,0
world,2018,5,0
world,2018,6,0
world,2018,7,0
world,2018,8,252
world,2018,9,6215
world,2018,10,45013
world,2018,11,302076
world,2018,12,1375404
world,2018,13,3871174
world,2018,14,8377634
world,2018,15,16591870
world,2018,16,29228353
world,2018,17,52263087
world,2018,18,92031106
world,2018,19,162240040
world,2018,20,296443519
world,2018,21,532876436
world,2018,22,819875336
world,2018,23,912704561
world,2018,24,844881113
world,2018,25,736157102
world,2018,26,642038348
world,2018,27,539663519
world,2018,28,435276819
world,2018,29,355484072
world,2018,30,309476860
world,2018,31,278031191
world,2018,32,232961983
world,2018,33,173608143
world,2018,34,110455857
world,2018,35,64077860
world,2018,36,33261444
world,2018,37,16919162
world,2018,38,8468163
world,2018,39,4399339
world,2018,40,2404282
world,2018,41,1350292
world,2018,42,788704
world,2018,43,494057
world,2018,44,326285
world,2018,45,223199
world,2018,46,142486
world,2018,47,98413
world,2018,48,69108
world,2018,49,49318
world,2018,50,35698
world,2018,51,26123
world,2018,52,19236
world,2018,53,14191
world,2018,54,10415
world,2018,55,7572
world,2018,56,5427
world,2018,57,3815
world,2018,58,2633
world,2018,59,1782
world,2018,60,1191
world,2018,61,792
world,2018,62,531
world,2018,63,336
world,2018,64,176
world,2018,65,112
world,2018,66,58
world,2018,67,52
world,2018,68,36
world,2018,69,32
world,2018,70,10
world,2018,71,7
world,2018,72,8
world,2018,73,7
world,2018,74,2
world,2018,75,1
world,2018,76,0
world,2018,77,0
world,2018,78,0
world,2018,79,0
world,2018,80,0
world,2018,81,0
world,2018,82,0
world,2018,83,0
world,2018,84,0
world,2018,85,0
world,2018,86,0
world,2018,87,0
world,2018,88,0
world,2018,89,0
world,2018,90,0
world,2018,91,0
world,2018,92,0
world,2018,93,0
world,2018,94,0
world,2018,95,0
world,2018,96,0
world,2018,97,0
world,2018,98,0
world,2018,99,0
world,2018,100,0
world,2018,101,0
world,2018,102,0
world,2018,103,0
world,2018,104,0
world,2019,0,0
world,2019,1,0
world,2019,2,0
world,2019,3,0
world,2019,4,0
world,2019,5,0
world,2019,6,0
world,2019,7,0
world,2019,8,323
world,2019,9,33047
world,2019,10,107335
world,2019,11,419333
world,2019,12,1552433
world,2019,13,4048305
world,2019,14,8841651
world,2019,15,17614974
world,2019,16,30417032
world,2019,17,53317216
world,2019,18,92766989
world,2019,19,160190577
world,2019,20,286873046
world,2019,21,508159973
world,2019,22,800431190
world,2019,23,926248336
world,2019,24,863745604
world,2019,25,748443415
world,2019,26,653821032
world,2019,27,551410483
world,2019,28,449230837
world,2019,29,365853814
world,2019,30,313122241
world,2019,31,280958730
world,2019,32,241235887
world,2019,33,179161318
world,2019,34,117213316
world,2019,35,69091236
world,2019,36,36381148
world,2019,37,18826376
world,2019,38,9534205
world,2019,39,4984008
world,2019,40,2743592
world,2019,41,1536036
world,2019,42,874041
world,2019,43,537146
world,2019,44,349343
world,2019,45,235867
world,2019,46,151906
world,2019,47,105593
world,2019,48,74824
world,2019,49,53898
world,2019,50,39317
world,2019,51,28930
world,2019,52,21356
world,2019,53,15747
world,2019,54,11524
world,2019,55,8325
world,2019,56,5927
world,2019,57,4133
world,2019,58,2815
world,2019,59,1872
world,2019,60,1229
world,2019,61,789
world,2019,62,518
world,2019,63,306
world,2019,64,156
world,2019,65,108
world,2019,66,51
world,2019,67,45
world,2019,68,34
world,2019,69,27
world,2019,70,4
world,2019,71,10
world,2019,72,11
world,2019,73,4
world,2019,74,3
world,2019,75,0
world,2019,76,1
world,2019,77,0
world,2019,78,0
world,2019,79,0
world,2019,80,0
world,2019,81,0
world,2019,82,0
world,2019,83,0
world,2019,84,0
world,2019,85,0
world,2019,86,0
world,2019,87,0
world,2019,88,0
world,2019,89,0
world,2019,90,0
world,2019,91,0
world,2019,92,0
world,2019,93,0
world,2019,94,0
world,2019,95,0
world,2019,96,0
world,2019,97,0
world,2019,98,0
world,2019,99,0
world,2019,100,0
world,2019,101,0
world,2019,102,0
world,2019,103,0
world,2019,104,0
world,2020,0,0
world,2020,1,0
world,2020,2,0
world,2020,3,0
world,2020,4,0
world,2020,5,0
world,2020,6,0
world,2020,7,0
world,2020,8,529
world,2020,9,16835
world,2020,10,76446
world,2020,11,338671
world,2020,12,1495819
world,2020,13,4538769
world,2020,14,9843412
world,2020,15,19185952
world,2020,16,33898350
world,2020,17,57982849
world,2020,18,99123627
world,2020,19,171104454
world,2020,20,302282321
world,2020,21,521189696
world,2020,22,816171869
world,2020,23,942934154
world,2020,24,873336337
world,2020,25,758401395
world,2020,26,659091615
world,2020,27,543189318
world,2020,28,430595449
world,2020,29,346616306
world,2020,30,303355475
world,2020,31,281825469
world,2020,32,241732119
world,2020,33,184608048
world,2020,34,121416469
world,2020,35,72382774
world,2020,36,37799787
world,2020,37,19179151
world,2020,38,9704135
world,2020,39,5057551
world,2020,40,2792382
world,2020,41,1597747
world,2020,42,1085372
world,2020,43,777094
world,2020,44,556408
world,2020,45,393927
world,2020,46,265081
world,2020,47,182638
world,2020,48,125435
world,2020,49,86216
world,2020,50,59481
world,2020,51,41256
world,2020,52,28776
world,2020,53,20147
world,2020,54,14123
world,2020,55,9877
world,2020,56,6854
world,2020,57,4722
world,2020,58,3200
world,2020,59,2128
world,2020,60,1404
world,2020,61,907
world,2020,62,572
world,2020,63,311
world,2020,64,183
world,2020,65,98
world,2020,66,47
world,2020,67,54
world,2020,68,37
world,2020,69,11
world,2020,70,8
world,2020,71,8
world,2020,72,12
world,2020,73,2
world,2020,74,2
world,2020,75,1
world,2020,76,0
world,2020,77,0
world,2020,78,0
world,2020,79,0
world,2020,80,0
world,2020,81,0
world,2020,82,0
world,2020,83,0
world,2020,84,0
world,2020,85,0
world,2020,86,0
world,2020,87,0
world,2020,88,0
world,2020,89,0
world,2020,90,0
world,2020,91,0
world,2020,92,0
world,2020,93,0
world,2020,94,0
world,2020,95,0
world,2020,96,0
world,2020,97,0
world,2020,98,0
world,2020,99,0
world,2020,100,0
world,2020,101,0
world,2020,102,0
world,2020,103,0
world,2020,104,0
world,2021,0,0
world,2021,1,0
world,2021,2,0
world,2021,3,0
world,2021,4,0
world,2021,5,0
world,2021,6,0
world,2021,7,0
world,2021,8,940
world,2021,9,26737
world,2021,10,95453
world,2021,11,366338
world,2021,12,1518439
world,2021,13,4555413
world,2021,14,10110251
world,2021,15,19655406
world,2021,16,35179425
world,2021,17,60238292
world,2021,18,101343375
world,2021,19,172659132
world,2021,20,297891876
world,2021,21,501025137
world,2021,22,772951905
world,2021,23,912059613
world,2021,24,861292067
world,2021,25,750584138
world,2021,26,664631249
world,2021,27,564892749
world,2021,28,460072702
world,2021,29,379089617
world,2021,30,330340752
world,2021,31,303299387
world,2021,32,258633346
world,2021,33,197328858
world,2021,34,127463685
world,2021,35,74609985
world,2021,36,39268556
world,2021,37,19722074
world,2021,38,9845489
world,2021,39,5130910
world,2021,40,2824038
world,2021,41,1625271
world,2021,42,1107861
world,2021,43,789802
world,2021,44,558966
world,2021,45,389708
world,2021,46,255019
world,2021,47,171911
world,2021,48,115671
world,2021,49,78166
world,2021,50,53292
world,2021,51,36755
world,2021,52,25630
world,2021,53,18033
world,2021,54,12755
world,2021,55,9020
world,2021,56,6355
world,2021,57,4444
world,2021,58,3069
world,2021,59,2110
world,2021,60,1423
world,2021,61,961
world,2021,62,641
world,2021,63,404
world,2021,64,254
world,2021,65,162
world,2021,66,116
world,2021,67,67
world,2021,68,53
world,2021,69,33
world,2021,70,21
world,2021,71,13
world,2021,72,10
world,2021,73,10
world,2021,74,7
world,2021,75,1
world,2021,76,3
world,2021,77,0
world,2021,78,0
world,2021,79,0
world,2021,80,0
world,2021,81,0
world,2021,82,0
world,2021,83,0
world,2021,84,0
world,2021,85,0
world,2021,86,0
world,2021,87,0
world,2021,88,0
world,2021,89,0
world,2021,90,0
world,2021,91,0
world,2021,92,0
world,2021,93,0
world,2021,94,0
world,2021,95,0
world,2021,96,0
world,2021,97,0
world,2021,98,0
world,2021,99,0
world,2021,100,0
world,2021,101,0
world,2021,102,0
world,2021,103,0
world,2021,104,0
world,2022,0,0
world,2022,1,0
world,2022,2,0
world,2022,3,0
world,2022,4,0
world,2022,5,0
world,2022,6,0
world,2022,7,0
world,2022,8,125
world,2022,9,30624
world,2022,10,103460
world,2022,11,370452
world,2022,12,1457700
world,2022,13,4379397
world,2022,14,9844105
world,2022,15,19172412
world,2022,16,34037088
world,2022,17,59255804
world,2022,18,101243489
world,2022,19,168096332
world,2022,20,285990278
world,2022,21,475168857
world,2022,22,757390117
world,2022,23,931871779
world,2022,24,893741566
world,2022,25,771425603
world,2022,26,671956295
world,2022,27,572963996
world,2022,28,472509371
world,2022,29,389738671
world,2022,30,337025665
world,2022,31,308351495
world,2022,32,260441628
world,2022,33,199356322
world,2022,34,128553484
world,2022,35,75089763
world,2022,36,38948897
world,2022,37,19540540
world,2022,38,9769271
world,2022,39,5085070
world,2022,40,2821905
world,2022,41,1647361
world,2022,42,1114764
world,2022,43,775228
world,2022,44,539583
world,2022,45,372309
world,2022,46,241699
world,2022,47,162929
world,2022,48,110118
world,2022,49,74987
world,2022,50,51607
world,2022,51,35933
world,2022,52,25277
world,2022,53,17881
world,2022,54,12691
world,2022,55,8972
world,2022,56,6302
world,2022,57,4380
world,2022,58,3002
world,2022,59,2032
world,2022,60,1371
world,2022,61,918
world,2022,62,610
world,2022,63,383
world,2022,64,273
world,2022,65,169
world,2022,66,96
world,2022,67,65
world,2022,68,44
world,2022,69,28
world,2022,70,16
world,2022,71,8
world,2022,72,8
world,2022,73,8
world,2022,74,7
world,2022,75,3
world,2022,76,2
world,2022,77,1
world,2022,78,0
world,2022,79,0
world,2022,80,0
world,2022,81,0
world,2022,82,0
world,2022,83,0
world,2022,84,0
world,2022,85,0
world,2022,86,0
world,2022,87,0
world,2022,88,0
world,2022,89,0
world,2022,90,0
world,2022,91,0
world,2022,92,0
world,2022,93,0
world,2022,94,0
world,2022,95,0
world,2022,96,0
world,2022,97,0
world,2022,98,0
world,2022,99,0
world,2022,100,0
world,2022,101,0
world,2022,102,0
world,2022,103,0
world,2022,104,0
world,2023,0,0
world,2023,1,0
world,2023,2,0
world,2023,3,0
world,2023,4,0
world,2023,5,0
world,2023,6,0
world,2023,7,0
world,2023,8,82
world,2023,9,7901
world,2023,10,58955
world,2023,11,304709
world,2023,12,1370439
world,2023,13,4212799
world,2023,14,9588636
world,2023,15,19010305
world,2023,16,34795787
world,2023,17,60136992
world,2023,18,100597260
world,2023,19,167926040
world,2023,20,280985703
world,2023,21,451078655
world,2023,22,718082078
world,2023,23,925198896
world,2023,24,906156019
world,2023,25,781969052
world,2023,26,677962813
world,2023,27,588030541
world,2023,28,493812100
world,2023,29,411404174
world,2023,30,353636680
world,2023,31,319226757
world,2023,32,271142745
world,2023,33,205003101
world,2023,34,135285554
world,2023,35,79205331
world,2023,36,40938658
world,2023,37,20819836
world,2023,38,10472012
world,2023,39,5371310
world,2023,40,2902307
world,2023,41,1655130
world,2023,42,1001735
world,2023,43,632184
world,2023,44,413822
world,2023,45,276253
world,2023,46,176307
world,2023,47,119305
world,2023,48,81850
world,2023,49,56966
world,2023,50,40248
world,2023,51,28809
world,2023,52,20850
world,2023,53,15196
world,2023,54,11096
world,2023,55,8106
world,2023,56,5875
world,2023,57,4222
world,2023,58,3013
world,2023,59,2150
world,2023,60,1539
world,2023,61,1110
world,2023,62,788
world,2023,63,542
world,2023,64,410
world,2023,65,278
world,2023,66,153
world,2023,67,109
world,2023,68,81
world,2023,69,63
world,2023,70,33
world,2023,71,19
world,2023,72,13
world,2023,73,18
world,2023,74,11
world,2023,75,7
world,2023,76,3
world,2023,77,2
world,2023,78,0
world,2023,79,0
world,2023,80,0
world,2023,81,0
world,2023,82,0
world,2023,83,0
world,2023,84,0
world,2023,85,0
world,2023,86,0
world,2023,87,0
world,2023,88,0
world,2023,89,0
world,2023,90,0
world,2023,91,0
world,2023,92,0
world,2023,93,0
world,2023,94,0
world,2023,95,0
world,2023,96,0
world,2023,97,0
world,2023,98,0
world,2023,99,0
world,2023,100,0
world,2023,101,0
world,2023,102,0
world,2023,103,0
world,2023,104,0
world,2024,0,0
world,2024,1,0
world,2024,2,0
world,2024,3,0
world,2024,4,0
world,2024,5,0
world,2024,6,0
world,2024,7,0
world,2024,8,116
world,2024,9,9147
world,2024,10,63289
world,2024,11,322084
world,2024,12,1383109
world,2024,13,4292180
world,2024,14,9899940
world,2024,15,19357555
world,2024,16,34775396
world,2024,17,60386396
world,2024,18,101875388
world,2024,19,167190113
world,2024,20,273236799
world,2024,21,437188324
world,2024,22,693447590
world,2024,23,919637120
world,2024,24,919709729
world,2024,25,798957595
world,2024,26,689865558
world,2024,27,599539140
world,2024,28,506397294
world,2024,29,424016384
world,2024,30,364455812
world,2024,31,327528471
world,2024,32,277310160
world,2024,33,210632640
world,2024,34,139029311
world,2024,35,81948861
world,2024,36,42725841
world,2024,37,21714230
world,2024,38,11029535
world,2024,39,5700092
world,2024,40,3094707
world,2024,41,1750370
world,2024,42,1041483
world,2024,43,651395
world,2024,44,424160
world,2024,45,282273
world,2024,46,180568
world,2024,47,122573
world,2024,48,84444
world,2024,49,59032
world,2024,50,41852
world,2024,51,30053
world,2024,52,21795
world,2024,53,15888
world,2024,54,11601
world,2024,55,8452
world,2024,56,6116
world,2024,57,4379
world,2024,58,3108
world,2024,59,2200
world,2024,60,1559
world,2024,61,1125
world,2024,62,787
world,2024,63,513
world,2024,64,400
world,2024,65,270
world,2024,66,180
world,2024,67,113
world,2024,68,84
world,2024,69,65
world,2024,70,40
world,2024,71,23
world,2024,72,11
world,2024,73,15
world,2024,74,12
world,2024,75,11
world,2024,76,5
world,2024,77,3
world,2024,78,0
world,2024,79,0
world,2024,80,0
world,2024,81,0
world,2024,82,0
world,2024,83,0
world,2024,84,0
world,2024,85,0
world,2024,86,0
world,2024,87,0
world,2024,88,0
world,2024,89,0
world,2024,90,0
world,2024,91,0
world,2024,92,0
world,2024,93,0
world,2024,94,0
world,2024,95,0
world,2024,96,0
world,2024,97,0
world,2024,98,0
world,2024,99,0
world,2024,100,0
world,2024,101,0
world,2024,102,0
world,2024,103,0
world,2024,104,0
world,2025,0,0
world,2025,1,0
world,2025,2,0
world,2025,3,0
world,2025,4,0
world,2025,5,0
world,2025,6,0
world,2025,7,0
world,2025,8,91
world,2025,9,8137
world,2025,10,57976
world,2025,11,296167
world,2025,12,1400250
world,2025,13,4398519
world,2025,14,10046653
world,2025,15,19662121
world,2025,16,34834750
world,2025,17,60663311
world,2025,18,102345092
world,2025,19,164701172
world,2025,20,268460165
world,2025,21,426544647
world,2025,22,669387985
world,2025,23,907763109
world,2025,24,940799225
world,2025,25,820022775
world,2025,26,702091410
world,2025,27,610379184
world,2025,28,517772726
world,2025,29,435552219
world,2025,30,373600249
world,2025,31,334502023
world,2025,32,283719539
world,2025,33,214763863
world,2025,34,141819222
world,2025,35,83899951
world,2025,36,43722596
world,2025,37,22210334
world,2025,38,11256961
world,2025,39,5792129
world,2025,40,3104067
world,2025,41,1754756
world,2025,42,1190167
world,2025,43,839455
world,2025,44,581941
world,2025,45,393965
world,2025,46,253366
world,2025,47,165698
world,2025,48,108061
world,2025,49,70890
world,2025,50,47122
world,2025,51,31870
world,2025,52,21968
world,2025,53,15398
world,2025,54,10937
world,2025,55,7819
world,2025,56,5618
world,2025,57,4019
world,2025,58,2872
world,2025,59,2067
world,2025,60,1491
world,2025,61,1079
world,2025,62,787
world,2025,63,523
world,2025,64,395
world,2025,65,284
world,2025,66,199
world,2025,67,120
world,2025,68,85
world,2025,69,66
world,2025,70,45
world,2025,71,25
world,2025,72,15
world,2025,73,14
world,2025,74,14
world,2025,75,9
world,2025,76,5
world,2025,77,3
world,2025,78,2
world,2025,79,0
world,2025,80,0
world,2025,81,0
world,2025,82,0
world,2025,83,0
world,2025,84,0
world,2025,85,0
world,2025,86,0
world,2025,87,0
world,2025,88,0
world,2025,89,0
world,2025,90,0
world,2025,91,0
world,2025,92,0
world,2025,93,0
world,2025,94,0
world,2025,95,0
world,2025,96,0
world,2025,97,0
world,2025,98,0
world,2025,99,0
world,2025,100,0
world,2025,101,0
world,2025,102,0
world,2025,103,0
world,2025,104,0
world,2026,0,0
world,2026,1,0
world,2026,2,0
world,2026,3,0
world,2026,4,0
world,2026,5,0
world,2026,6,0
world,2026,7,0
world,2026,8,91
world,2026,9,6031
world,2026,10,46968
world,2026,11,248825
world,2026,12,1220191
world,2026,13,4009323
world,2026,14,9476243
world,2026,15,18978565
world,2026,16,34125301
world,2026,17,59004867
world,2026,18,99558442
world,2026,19,158894788
world,2026,20,253080880
world,2026,21,398702698
world,2026,22,613609403
world,2026,23,870446518
world,2026,24,958920024
world,2026,25,860190995
world,2026,26,728786816
world,2026,27,632455503
world,2026,28,539785447
world,2026,29,454853040
world,2026,30,385670995
world,2026,31,338652880
world,2026,32,288312504
world,2026,33,221003355
world,2026,34,148874355
world,2026,35,89941677
world,2026,36,48050648
world,2026,37,24310987
world,2026,38,12301275
world,2026,39,6137537
world,2026,40,3132725
world,2026,41,1623803
world,2026,42,831921
world,2026,43,519036
world,2026,44,351080
world,2026,45,246597
world,2026,46,149955
world,2026,47,102832
world,2026,48,72545
world,2026,49,51885
world,2026,50,37569
world,2026,51,27500
world,2026,52,20318
world,2026,53,15141
world,2026,54,11346
world,2026,55,8529
world,2026,56,6398
world,2026,57,4781
world,2026,58,3550
world,2026,59,2603
world,2026,60,1891
world,2026,61,1341
world,2026,62,946
world,2026,63,660
world,2026,64,454
world,2026,65,304
world,2026,66,165
world,2026,67,100
world,2026,68,68
world,2026,69,45
world,2026,70,27
world,2026,71,14
world,2026,72,7
world,2026,73,8
world,2026,74,4
world,2026,75,7
world,2026,76,2
world,2026,77,2
world,2026,78,1
world,2026,79,0
world,2026,80,0
world,2026,81,0
world,2026,82,0
world,2026,83,0
world,2026,84,0
world,2026,85,0
world,2026,86,0
world,2026,87,0
world,2026,88,0
world,2026,89,0
world,2026,90,0
world,2026,91,0
world,2026,92,0
world,2026,93,0
world,2026,94,0
world,2026,95,0
world,2026,96,0
world,2026,97,0
world,2026,98,0
world,2026,99,0
world,2026,100,0
world,2026,101,0
world,2026,102,0
world,2026,103,0
world,2026,104,0
world,2027,0,0
world,2027,1,0
world,2027,2,0
world,2027,3,0
world,2027,4,0
world,2027,5,0
world,2027,6,0
world,2027,7,0
world,2027,8,34
world,2027,9,5024
world,2027,10,43412
world,2027,11,210404
world,2027,12,1053992
world,2027,13,3685938
world,2027,14,9006481
world,2027,15,18284121
world,2027,16,33337390
world,2027,17,57586711
world,2027,18,97452143
world,2027,19,155596431
world,2027,20,244281845
world,2027,21,382011436
world,2027,22,579704222
world,2027,23,846163099
world,2027,24,974267457
world,2027,25,896393947
world,2027,26,756047750
world,2027,27,651665080
world,2027,28,554537679
world,2027,29,466908008
world,2027,30,395091650
world,2027,31,345647356
world,2027,32,294853656
world,2027,33,226002628
world,2027,34,152644010
world,2027,35,92350279
world,2027,36,49373537
world,2027,37,24916571
world,2027,38,12579206
world,2027,39,6281013
world,2027,40,3205596
world,2027,41,1664427
world,2027,42,854852
world,2027,43,531678
world,2027,44,358755
world,2027,45,253348
world,2027,46,155816
world,2027,47,105898
world,2027,48,74866
world,2027,49,53658
world,2027,50,38945
world,2027,51,28575
world,2027,52,21177
world,2027,53,15823
world,2027,54,11875
world,2027,55,8949
world,2027,56,6733
world,2027,57,5048
world,2027,58,3759
world,2027,59,2768
world,2027,60,2015
world,2027,61,1439
world,2027,62,1020
world,2027,63,707
world,2027,64,489
world,2027,65,332
world,2027,66,191
world,2027,67,110
world,2027,68,74
world,2027,69,50
world,2027,70,27
world,2027,71,15
world,2027,72,9
world,2027,73,6
world,2027,74,8
world,2027,75,6
world,2027,76,3
world,2027,77,2
world,2027,78,1
world,2027,79,0
world,2027,80,0
world,2027,81,0
world,2027,82,0
world,2027,83,0
world,2027,84,0
world,2027,85,0
world,2027,86,0
world,2027,87,0
world,2027,88,0
world,2027,89,0
world,2027,90,0
world,2027,91,0
world,2027,92,0
world,2027,93,0
world,2027,94,0
world,2027,95,0
world,2027,96,0
world,2027,97,0
world,2027,98,0
world,2027,99,0
world,2027,100,0
world,2027,101,0
world,2027,102,0
world,2027,103,0
world,2027,104,0
world,2028,0,0
world,2028,1,0
world,2028,2,0
world,2028,3,0
world,2028,4,0
world,2028,5,0
world,2028,6,0
world,2028,7,0
world,2028,8,8
world,2028,9,3914
world,2028,10,36880
world,2028,11,179918
world,2028,12,964956
world,2028,13,3535678
world,2028,14,8790902
world,2028,15,17870824
world,2028,16,32634387
world,2028,17,56290458
world,2028,18,94783486
world,2028,19,151024991
world,2028,20,234403365
world,2028,21,363111534
world,2028,22,544017239
world,2028,23,806191425
world,2028,24,974969508
world,2028,25,927224268
world,2028,26,784495782
world,2028,27,673213673
world,2028,28,575953168
world,2028,29,486540736
world,2028,30,410532456
world,2028,31,355191204
world,2028,32,303388418
world,2028,33,233822913
world,2028,34,159264874
world,2028,35,97161397
world,2028,36,52707798
world,2028,37,26657458
world,2028,38,13468590
world,2028,39,6728781
world,2028,40,3429100
world,2028,41,1780716
world,2028,42,905067
world,2028,43,551914
world,2028,44,369441
world,2028,45,260740
world,2028,46,162024
world,2028,47,108112
world,2028,48,76200
world,2028,49,54479
world,2028,50,39471
world,2028,51,28927
world,2028,52,21442
world,2028,53,16031
world,2028,54,12064
world,2028,55,9110
world,2028,56,6893
world,2028,57,5191
world,2028,58,3887
world,2028,59,2875
world,2028,60,2105
world,2028,61,1511
world,2028,62,1078
world,2028,63,748
world,2028,64,525
world,2028,65,360
world,2028,66,212
world,2028,67,121
world,2028,68,76
world,2028,69,56
world,2028,70,34
world,2028,71,14
world,2028,72,9
world,2028,73,6
world,2028,74,9
world,2028,75,5
world,2028,76,5
world,2028,77,2
world,2028,78,1
world,2028,79,0
world,2028,80,0
world,2028,81,0
world,2028,82,0
world,2028,83,0
world,2028,84,0
world,2028,85,0
world,2028,86,0
world,2028,87,0
world,2028,88,0
world,2028,89,0
world,2028,90,0
world,2028,91,0
world,2028,92,0
world,2028,93,0
world,2028,94,0
world,2028,95,0
world,2028,96,0
world,2028,97,0
world,2028,98,0
world,2028,99,0
world,2028,100,0
world,2028,101,0
world,2028,102,0
world,2028,103,0
world,2028,104,0
world,2029,0,0
world,2029,1,0
world,2029,2,0
world,2029,3,0
world,2029,4,0
world,2029,5,0
world,2029,6,0
world,2029,7,0
world,2029,8,0
world,2029,9,3266
world,2029,10,32296
world,2029,11,156427
world,2029,12,835048
world,2029,13,3224384
world,2029,14,8323655
world,2029,15,17154924
world,2029,16,31670544
world,2029,17,54621231
world,2029,18,91781798
world,2029,19,146246913
world,2029,20,224977423
world,2029,21,347958693
world,2029,22,523823666
world,2029,23,780903860
world,2029,24,972929381
world,2029,25,946134566
world,2029,26,804017692
world,2029,27,687932219
world,2029,28,593419358
world,2029,29,504968866
world,2029,30,426455467
world,2029,31,366293710
world,2029,32,311926229
world,2029,33,241781240
world,2029,34,165944947
world,2029,35,101967092
world,2029,36,55907949
world,2029,37,28415910
world,2029,38,14398749
world,2029,39,7209539
world,2029,40,3667788
world,2029,41,1907300
world,2029,42,967752
world,2029,43,578203
world,2029,44,384689
world,2029,45,271343
world,2029,46,171806
world,2029,47,112804
world,2029,48,79477
world,2029,49,56823
world,2029,50,41163
world,2029,51,30174
world,2029,52,22370
world,2029,53,16739
world,2029,54,12618
world,2029,55,9545
world,2029,56,7229
world,2029,57,5466
world,2029,58,4094
world,2029,59,3044
world,2029,60,2236
world,2029,61,1610
world,2029,62,1154
world,2029,63,802
world,2029,64,565
world,2029,65,394
world,2029,66,233
world,2029,67,135
world,2029,68,87
world,2029,69,57
world,2029,70,37
world,2029,71,17
world,2029,72,10
world,2029,73,7
world,2029,74,8
world,2029,75,5
world,2029,76,5
world,2029,77,2
world,2029,78,2
world,2029,79,0
world,2029,80,0
world,2029,81,0
world,2029,82,0
world,2029,83,0
world,2029,84,0
world,2029,85,0
world,2029,86,0
world,2029,87,0
world,2029,88,0
world,2029,89,0
world,2029,90,0
world,2029,91,0
world,2029,92,0
world,2029,93,0
world,2029,94,0
world,2029,95,0
world,2029,96,0
world,2029,97,0
world,2029,98,0
world,2029,99,0
world,2029,100,0
world,2029,101,0
world,2029,102,0
world,2029,103,0
world,2029,104,0
world,2030,0,0
world,2030,1,0
world,2030,2,0
world,2030,3,0
world,2030,4,0
world,2030,5,0
world,2030,6,0
world,2030,7,0
world,2030,8,8
world,2030,9,3807
world,2030,10,34401
world,2030,11,167935
world,2030,12,907286
world,2030,13,3406638
world,2030,14,8666317
world,2030,15,17861991
world,2030,16,32931920
world,2030,17,56700073
world,2030,18,95160490
world,2030,19,150764473
world,2030,20,230183817
world,2030,21,350232213
world,2030,22,519772009
world,2030,23,768500524
world,2030,24,971827663
world,2030,25,961047914
world,2030,26,817276113
world,2030,27,694191065
world,2030,28,599827606
world,2030,29,512822763
world,2030,30,434284865
world,2030,31,371529989
world,2030,32,313849829
world,2030,33,242138564
world,2030,34,165498785
world,2030,35,101704902
world,2030,36,55902981
world,2030,37,28466566
world,2030,38,14412157
world,2030,39,7226095
world,2030,40,3680689
world,2030,41,1915939
world,2030,42,973899
world,2030,43,583553
world,2030,44,389580
world,2030,45,274899
world,2030,46,174460
world,2030,47,115120
world,2030,48,81361
world,2030,49,58342
world,2030,50,42401
world,2030,51,31178
world,2030,52,23177
world,2030,53,17403
world,2030,54,13149
world,2030,55,9975
world,2030,56,7574
world,2030,57,5741
world,2030,58,4321
world,2030,59,3228
world,2030,60,2376
world,2030,61,1721
world,2030,62,1234
world,2030,63,861
world,2030,64,608
world,2030,65,425
world,2030,66,260
world,2030,67,154
world,2030,68,92
world,2030,69,58
world,2030,70,42
world,2030,71,22
world,2030,72,12
world,2030,73,8
world,2030,74,9
world,2030,75,5
world,2030,76,5
world,2030,77,2
world,2030,78,1
world,2030,79,1
world,2030,80,0
world,2030,81,0
world,2030,82,0
world,2030,83,0
world,2030,84,0
world,2030,85,0
world,2030,86,0
world,2030,87,0
world,2030,88,0
world,2030,89,0
world,2030,90,0
world,2030,91,0
world,2030,92,0
world,2030,93,0
world,2030,94,0
world,2030,95,0
world,2030,96,0
world,2030,97,0
world,2030,98,0
world,2030,99,0
world,2030,100,0
world,2030,101,0
world,2030,102,0
world,2030,103,0
world,2030,104,0
world,2031,0,0
world,2031,1,0
world,2031,2,0
world,2031,3,0
world,2031,4,0
world,2031,5,0
world,2031,6,0
world,2031,7,0
world,2031,8,8
world,2031,9,3330
world,2031,10,32070
world,2031,11,156170
world,2031,12,839748
world,2031,13,3213104
world,2031,14,8317572
world,2031,15,17331002
world,2031,16,32209170
world,2031,17,55586217
world,2031,18,93674000
world,2031,19,149324307
world,2031,20,227081736
world,2031,21,343873474
world,2031,22,508900669
world,2031,23,753581298
world,2031,24,976224012
world,2031,25,984062595
world,2031,26,843134429
world,2031,27,710071603
world,2031,28,609650594
world,2031,29,517834542
world,2031,30,437452306
world,2031,31,374618473
world,2031,32,317781671
world,2031,33,246434868
world,2031,34,169002793
world,2031,35,103830304
world,2031,36,56968529
world,2031,37,29006207
world,2031,38,14681198
world,2031,39,7363253
world,2031,40,3749180
world,2031,41,1953044
world,2031,42,995751
world,2031,43,594462
world,2031,44,395710
world,2031,45,279423
world,2031,46,179291
world,2031,47,117192
world,2031,48,82880
world,2031,49,59439
world,2031,50,43195
world,2031,51,31755
world,2031,52,23599
world,2031,53,17710
world,2031,54,13391
world,2031,55,10173
world,2031,56,7747
world,2031,57,5881
world,2031,58,4459
world,2031,59,3351
world,2031,60,2489
world,2031,61,1832
world,2031,62,1314
world,2031,63,945
world,2031,64,667
world,2031,65,473
world,2031,66,312
world,2031,67,177
world,2031,68,108
world,2031,69,68
world,2031,70,45
world,2031,71,28
world,2031,72,13
world,2031,73,7
world,2031,74,8
world,2031,75,4
world,2031,76,7
world,2031,77,2
world,2031,78,2
world,2031,79,1
world,2031,80,0
world,2031,81,0
world,2031,82,0
world,2031,83,0
world,2031,84,0
world,2031,85,0
world,2031,86,0
world,2031,87,0
world,2031,88,0
world,2031,89,0
world,2031,90,0
world,2031,91,0
world,2031,92,0
world,2031,93,0
world,2031,94,0
world,2031,95,0
world,2031,96,0
world,2031,97,0
world,2031,98,0
world,2031,99,0
world,2031,100,0
world,2031,101,0
world,2031,102,0
world,2031,103,0
world,2031,104,0
world,2032,0,0
world,2032,1,0
world,2032,2,0
world,2032,3,0
world,2032,4,0
world,2032,5,0
world,2032,6,0
world,2032,7,0
world,2032,8,8
world,2032,9,2714
world,2032,10,28850
world,2032,11,140059
world,2032,12,750501
world,2032,13,2983205
world,2032,14,7919602
world,2032,15,16756432
world,2032,16,31419445
world,2032,17,54393720
world,2032,18,92071065
world,2032,19,147743338
world,2032,20,224420428
world,2032,21,338920224
world,2032,22,499776093
world,2032,23,736206639
world,2032,24,971116088
world,2032,25,999173076
world,2032,26,862681398
world,2032,27,723222519
world,2032,28,621458064
world,2032,29,529322503
world,2032,30,447763570
world,2032,31,382862539
world,2032,32,323727978
world,2032,33,251471066
world,2032,34,172908449
world,2032,35,106394250
world,2032,36,58412005
world,2032,37,29712057
world,2032,38,14991193
world,2032,39,7521320
world,2032,40,3831496
world,2032,41,1997017
world,2032,42,1017881
world,2032,43,606217
world,2032,44,402933
world,2032,45,284456
world,2032,46,184357
world,2032,47,120220
world,2032,48,85263
world,2032,49,61400
world,2032,50,44806
world,2032,51,33089
world,2032,52,24697
world,2032,53,18620
world,2032,54,14144
world,2032,55,10782
world,2032,56,8239
world,2032,57,6281
world,2032,58,4769
world,2032,59,3592
world,2032,60,2672
world,2032,61,1966
world,2032,62,1413
world,2032,63,1011
world,2032,64,710
world,2032,65,498
world,2032,66,340
world,2032,67,190
world,2032,68,111
world,2032,69,74
world,2032,70,49
world,2032,71,27
world,2032,72,15
world,2032,73,10
world,2032,74,5
world,2032,75,8
world,2032,76,6
world,2032,77,3
world,2032,78,2
world,2032,79,1
world,2032,80,0
world,2032,81,0
world,2032,82,0
world,2032,83,0
world,2032,84,0
world,2032,85,0
world,2032,86,0
world,2032,87,0
world,2032,88,0
world,2032,89,0
world,2032,90,0
world,2032,91,0
world,2032,92,0
world,2032,93,0
world,2032,94,0
world,2032,95,0
world,2032,96,0
world,2032,97,0
world,2032,98,0
world,2032,99,0
world,2032,100,0
world,2032,101,0
world,2032,102,0
world,2032,103,0
world,2032,104,0
world,2033,0,0
world,2033,1,0
world,2033,2,0
world,2033,3,0
world,2033,4,0
world,2033,5,0
world,2033,6,0
world,2033,7,0
world,2033,8,8
world,2033,9,2027
world,2033,10,26071
world,2033,11,129748
world,2033,12,691567
world,2033,13,2881004
world,2033,14,7859933
world,2033,15,16740420
world,2033,16,31524045
world,2033,17,54601201
world,2033,18,92150840
world,2033,19,147216206
world,2033,20,222188493
world,2033,21,332941429
world,2033,22,488587181
world,2033,23,715957019
world,2033,24,963156170
world,2033,25,1013853694
world,2033,26,884458070
world,2033,27,738402006
world,2033,28,634139692
world,2033,29,540490763
world,2033,30,457128036
world,2033,31,389712451
world,2033,32,329339645
world,2033,33,256430120
world,2033,34,176597460
world,2033,35,108852687
world,2033,36,59957662
world,2033,37,30459011
world,2033,38,15305174
world,2033,39,7670444
world,2033,40,3904264
world,2033,41,2033925
world,2033,42,1040015
world,2033,43,618371
world,2033,44,409255
world,2033,45,287796
world,2033,46,187680
world,2033,47,120599
world,2033,48,85063
world,2033,49,60983
world,2033,50,44382
world,2033,51,32723
world,2033,52,24426
world,2033,53,18446
world,2033,54,14047
world,2033,55,10774
world,2033,56,8282
world,2033,57,6362
world,2033,58,4863
world,2033,59,3698
world,2033,60,2781
world,2033,61,2068
world,2033,62,1508
world,2033,63,1097
world,2033,64,776
world,2033,65,553
world,2033,66,391
world,2033,67,232
world,2033,68,136
world,2033,69,89
world,2033,70,69
world,2033,71,37
world,2033,72,14
world,2033,73,9
world,2033,74,6
world,2033,75,9
world,2033,76,5
world,2033,77,5
world,2033,78,2
world,2033,79,1
world,2033,80,0
world,2033,81,0
world,2033,82,0
world,2033,83,0
world,2033,84,0
world,2033,85,0
world,2033,86,0
world,2033,87,0
world,2033,88,0
world,2033,89,0
world,2033,90,0
world,2033,91,0
world,2033,92,0
world,2033,93,0
world,2033,94,0
world,2033,95,0
world,2033,96,0
world,2033,97,0
world,2033,98,0
world,2033,99,0
world,2033,100,0
world,2033,101,0
world,2033,102,0
world,2033,103,0
world,2033,104,0
world,2034,0,0
world,2034,1,0
world,2034,2,0
world,2034,3,0
world,2034,4,0
world,2034,5,0
world,2034,6,0
world,2034,7,0
world,2034,8,0
world,2034,9,1871
world,2034,10,22825
world,2034,11,115035
world,2034,12,621265
world,2034,13,2673929
world,2034,14,7471502
world,2034,15,16186926
world,2034,16,30754910
world,2034,17,53463988
world,2034,18,90544406
world,2034,19,145420798
world,2034,20,219339264
world,2034,21,327638730
world,2034,22,479855645
world,2034,23,701785284
world,2034,24,961517241
world,2034,25,1032174889
world,2034,26,910402047
world,2034,27,756206874
world,2034,28,644546081
world,2034,29,545903660
world,2034,30,460127175
world,2034,31,392155228
world,2034,32,331749943
world,2034,33,260024747
world,2034,34,180419936
world,2034,35,111994607
world,2034,36,62273776
world,2034,37,31832799
world,2034,38,16104978
world,2034,39,8097658
world,2034,40,4113504
world,2034,41,2152946
world,2034,42,1102853
world,2034,43,646703
world,2034,44,427484
world,2034,45,300202
world,2034,46,198157
world,2034,47,126832
world,2034,48,89338
world,2034,49,63998
world,2034,50,46521
world,2034,51,34267
world,2034,52,25530
world,2034,53,19262
world,2034,54,14656
world,2034,55,11228
world,2034,56,8622
world,2034,57,6625
world,2034,58,5076
world,2034,59,3867
world,2034,60,2913
world,2034,61,2181
world,2034,62,1594
world,2034,63,1167
world,2034,64,831
world,2034,65,595
world,2034,66,422
world,2034,67,261
world,2034,68,154
world,2034,69,100
world,2034,70,71
world,2034,71,43
world,2034,72,14
world,2034,73,10
world,2034,74,7
world,2034,75,8
world,2034,76,5
world,2034,77,5
world,2034,78,2
world,2034,79,2
world,2034,80,0
world,2034,81,0
world,2034,82,0
world,2034,83,0
world,2034,84,0
world,2034,85,0
world,2034,86,0
world,2034,87,0
world,2034,88,0
world,2034,89,0
world,2034,90,0
world,2034,91,0
world,2034,92,0
world,2034,93,0
world,2034,94,0
world,2034,95,0
world,2034,96,0
world,2034,97,0
world,2034,98,0
world,2034,99,0
world,2034,100,0
world,2034,101,0
world,2034,102,0
world,2034,103,0
world,2034,104,0
world,2035,0,0
world,2035,1,0
world,2035,2,0
world,2035,3,0
world,2035,4,0
world,2035,5,0
world,2035,6,0
world,2035,7,0
world,2035,8,0
world,2035,9,1274
world,2035,10,20343
world,2035,11,104218
world,2035,12,570587
world,2035,13,2577155
world,2035,14,7379288
world,2035,15,16054024
world,2035,16,30522206
world,2035,17,52914834
world,2035,18,89384657
world,2035,19,142984253
world,2035,20,216238281
world,2035,21,325193453
world,2035,22,480596458
world,2035,23,703428882
world,2035,24,962517359
world,2035,25,1036586115
world,2035,26,914278253
world,2035,27,760364652
world,2035,28,651023798
world,2035,29,555220801
world,2035,30,470035748
world,2035,31,401094256
world,2035,32,338372489
world,2035,33,265239477
world,2035,34,184264988
world,2035,35,114642126
world,2035,36,63811308
world,2035,37,32611061
world,2035,38,16459622
world,2035,39,8273574
world,2035,40,4204708
world,2035,41,2199605
world,2035,42,1125420
world,2035,43,657579
world,2035,44,433974
world,2035,45,305590
world,2035,46,205753
world,2035,47,131846
world,2035,48,93663
world,2035,49,67773
world,2035,50,49729
world,2035,51,36942
world,2035,52,27709
world,2035,53,20996
world,2035,54,16036
world,2035,55,12298
world,2035,56,9449
world,2035,57,7254
world,2035,58,5538
world,2035,59,4211
world,2035,60,3163
world,2035,61,2353
world,2035,62,1711
world,2035,63,1236
world,2035,64,871
world,2035,65,616
world,2035,66,426
world,2035,67,272
world,2035,68,158
world,2035,69,96
world,2035,70,54
world,2035,71,43
world,2035,72,20
world,2035,73,12
world,2035,74,8
world,2035,75,9
world,2035,76,5
world,2035,77,5
world,2035,78,2
world,2035,79,1
world,2035,80,1
world,2035,81,0
world,2035,82,0
world,2035,83,0
world,2035,84,0
world,2035,85,0
world,2035,86,0
world,2035,87,0
world,2035,88,0
world,2035,89,0
world,2035,90,0
world,2035,91,0
world,2035,92,0
world,2035,93,0
world,2035,94,0
world,2035,95,0
world,2035,96,0
world,2035,97,0
world,2035,98,0
world,2035,99,0
world,2035,100,0
world,2035,101,0
world,2035,102,0
world,2035,103,0
world,2035,104,0
world,2036,0,0
world,2036,1,0
world,2036,2,0
world,2036,3,0
world,2036,4,0
world,2036,5,0
world,2036,6,0
world,2036,7,0
world,2036,8,0
world,2036,9,1009
world,2036,10,18677
world,2036,11,96564
world,2036,12,505905
world,2036,13,2367460
world,2036,14,7011507
world,2036,15,15533232
world,2036,16,29815207
world,2036,17,52018519
world,2036,18,87961116
world,2036,19,141244297
world,2036,20,213373704
world,2036,21,319370812
world,2036,22,470806117
world,2036,23,685127568
world,2036,24,950496089
world,2036,25,1047622279
world,2036,26,936000721
world,2036,27,776692194
world,2036,28,663379631
world,2036,29,566031499
world,2036,30,479721268
world,2036,31,409043075
world,2036,32,344804405
world,2036,33,271699107
world,2036,34,189655911
world,2036,35,118024935
world,2036,36,65816395
world,2036,37,33587684
world,2036,38,16889932
world,2036,39,8467201
world,2036,40,4293570
world,2036,41,2242154
world,2036,42,1148670
world,2036,43,670082
world,2036,44,441173
world,2036,45,310186
world,2036,46,210081
world,2036,47,134406
world,2036,48,95399
world,2036,49,69087
world,2036,50,50738
world,2036,51,37721
world,2036,52,28316
world,2036,53,21501
world,2036,54,16439
world,2036,55,12627
world,2036,56,9717
world,2036,57,7484
world,2036,58,5740
world,2036,59,4363
world,2036,60,3295
world,2036,61,2450
world,2036,62,1803
world,2036,63,1296
world,2036,64,920
world,2036,65,655
world,2036,66,450
world,2036,67,308
world,2036,68,161
world,2036,69,100
world,2036,70,68
world,2036,71,44
world,2036,72,27
world,2036,73,13
world,2036,74,8
world,2036,75,7
world,2036,76,4
world,2036,77,7
world,2036,78,2
world,2036,79,2
world,2036,80,1
world,2036,81,0
world,2036,82,0
world,2036,83,0
world,2036,84,0
world,2036,85,0
world,2036,86,0
world,2036,87,0
world,2036,88,0
world,2036,89,0
world,2036,90,0
world,2036,91,0
world,2036,92,0
world,2036,93,0
world,2036,94,0
world,2036,95,0
world,2036,96,0
world,2036,97,0
world,2036,98,0
world,2036,99,0
world,2036,100,0
world,2036,101,0
world,2036,102,0
world,2036,103,0
world,2036,104,0
world,2037,0,0
world,2037,1,0
world,2037,2,0
world,2037,3,0
world,2037,4,0
world,2037,5,0
world,2037,6,0
world,2037,7,0
world,2037,8,0
world,2037,9,958
world,2037,10,17773
world,2037,11,88038
world,2037,12,452870
world,2037,13,2176273
world,2037,14,6607969
world,2037,15,14921623
world,2037,16,28922273
world,2037,17,50810311
world,2037,18,86240885
world,2037,19,139444739
world,2037,20,211401792
world,2037,21,315234664
world,2037,22,462097042
world,2037,23,668559900
world,2037,24,941131923
world,2037,25,1060801204
world,2037,26,962972476
world,2037,27,799913966
world,2037,28,678587168
world,2037,29,575558763
world,2037,30,485292549
world,2037,31,412572554
world,2037,32,347368284
world,2037,33,274050451
world,2037,34,191612727
world,2037,35,119518753
world,2037,36,66750788
world,2037,37,34110411
world,2037,38,17167134
world,2037,39,8621517
world,2037,40,4376911
world,2037,41,2290163
world,2037,42,1169111
world,2037,43,612166
world,2037,44,365785
world,2037,45,243903
world,2037,46,160851
world,2037,47,96761
world,2037,48,68617
world,2037,49,50499
world,2037,50,38083
world,2037,51,29273
world,2037,52,22821
world,2037,53,18023
world,2037,54,14344
world,2037,55,11455
world,2037,56,9142
world,2037,57,7269
world,2037,58,5728
world,2037,59,4468
world,2037,60,3431
world,2037,61,2593
world,2037,62,1923
world,2037,63,1385
world,2037,64,990
world,2037,65,689
world,2037,66,478
world,2037,67,322
world,2037,68,189
world,2037,69,110
world,2037,70,74
world,2037,71,49
world,2037,72,27
world,2037,73,14
world,2037,74,10
world,2037,75,5
world,2037,76,8
world,2037,77,6
world,2037,78,3
world,2037,79,2
world,2037,80,1
world,2037,81,0
world,2037,82,0
world,2037,83,0
world,2037,84,0
world,2037,85,0
world,2037,86,0
world,2037,87,0
world,2037,88,0
world,2037,89,0
world,2037,90,0
world,2037,91,0
world,2037,92,0
world,2037,93,0
world,2037,94,0
world,2037,95,0
world,2037,96,0
world,2037,97,0
world,2037,98,0
world,2037,99,0
world,2037,100,0
world,2037,101,0
world,2037,102,0
world,2037,103,0
world,2037,104,0
world,2038,0,0
world,2038,1,0
world,2038,2,0
world,2038,3,0
world,2038,4,0
world,2038,5,0
world,2038,6,0
world,2038,7,0
world,2038,8,0
world,2038,9,586
world,2038,10,16047
world,2038,11,80933
world,2038,12,413994
world,2038,13,2089029
world,2038,14,6532508
world,2038,15,14870673
world,2038,16,28905881
world,2038,17,50750780
world,2038,18,85853899
world,2038,19,137790378
world,2038,20,208159464
world,2038,21,308931638
world,2038,22,451569999
world,2038,23,650969761
world,2038,24,924923884
world,2038,25,1068108116
world,2038,26,984590552
world,2038,27,818416428
world,2038,28,692046337
world,2038,29,587275849
world,2038,30,495326683
world,2038,31,420997108
world,2038,32,354289062
world,2038,33,280085904
world,2038,34,196316618
world,2038,35,122491990
world,2038,36,68399481
world,2038,37,34899649
world,2038,38,17517154
world,2038,39,8779293
world,2038,40,4452982
world,2038,41,2329461
world,2038,42,1189926
world,2038,43,625409
world,2038,44,373905
world,2038,45,249258
world,2038,46,165773
world,2038,47,100013
world,2038,48,70717
world,2038,49,52075
world,2038,50,39309
world,2038,51,30243
world,2038,52,23588
world,2038,53,18654
world,2038,54,14863
world,2038,55,11894
world,2038,56,9509
world,2038,57,7577
world,2038,58,5985
world,2038,59,4686
world,2038,60,3611
world,2038,61,2743
world,2038,62,2041
world,2038,63,1478
world,2038,64,1067
world,2038,65,739
world,2038,66,518
world,2038,67,353
world,2038,68,216
world,2038,69,118
world,2038,70,77
world,2038,71,56
world,2038,72,32
world,2038,73,14
world,2038,74,10
world,2038,75,5
world,2038,76,9
world,2038,77,5
world,2038,78,5
world,2038,79,2
world,2038,80,1
world,2038,81,0
world,2038,82,0
world,2038,83,0
world,2038,84,0
world,2038,85,0
world,2038,86,0
world,2038,87,0
world,2038,88,0
world,2038,89,0
world,2038,90,0
world,2038,91,0
world,2038,92,0
world,2038,93,0
world,2038,94,0
world,2038,95,0
world,2038,96,0
world,2038,97,0
world,2038,98,0
world,2038,99,0
world,2038,100,0
world,2038,101,0
world,2038,102,0
world,2038,103,0
world,2038,104,0
world,2039,0,0
world,2039,1,0
world,2039,2,0
world,2039,3,0
world,2039,4,0
world,2039,5,0
world,2039,6,0
world,2039,7,0
world,2039,8,0
world,2039,9,522
world,2039,10,15270
world,2039,11,76168
world,2039,12,360665
world,2039,13,1879159
world,2039,14,6113375
world,2039,15,14231223
world,2039,16,27992634
world,2039,17,49551294
world,2039,18,84163683
world,2039,19,135817346
world,2039,20,205798238
world,2039,21,303920351
world,2039,22,443275694
world,2039,23,636442010
world,2039,24,907995423
world,2039,25,1070567713
world,2039,26,1002077822
world,2039,27,836049731
world,2039,28,705857739
world,2039,29,600706141
world,2039,30,507585141
world,2039,31,431353130
world,2039,32,361486705
world,2039,33,285902011
world,2039,34,201034901
world,2039,35,125446345
world,2039,36,70255284
world,2039,37,35842491
world,2039,38,17946509
world,2039,39,8975864
world,2039,40,4551292
world,2039,41,2375392
world,2039,42,1213075
world,2039,43,636880
world,2039,44,378388
world,2039,45,250839
world,2039,46,169160
world,2039,47,101371
world,2039,48,71169
world,2039,49,52455
world,2039,50,39614
world,2039,51,30540
world,2039,52,23875
world,2039,53,18923
world,2039,54,15132
world,2039,55,12157
world,2039,56,9759
world,2039,57,7816
world,2039,58,6207
world,2039,59,4884
world,2039,60,3790
world,2039,61,2890
world,2039,62,2164
world,2039,63,1577
world,2039,64,1144
world,2039,65,795
world,2039,66,560
world,2039,67,383
world,2039,68,236
world,2039,69,135
world,2039,70,88
world,2039,71,56
world,2039,72,38
world,2039,73,14
world,2039,74,10
world,2039,75,7
world,2039,76,8
world,2039,77,5
world,2039,78,5
world,2039,79,2
world,2039,80,2
world,2039,81,0
world,2039,82,0
world,2039,83,0
world,2039,84,0
world,2039,85,0
world,2039,86,0
world,2039,87,0
world,2039,88,0
world,2039,89,0
world,2039,90,0
world,2039,91,0
world,2039,92,0
world,2039,93,0
world,2039,94,0
world,2039,95,0
world,2039,96,0
world,2039,97,0
world,2039,98,0
world,2039,99,0
world,2039,100,0
world,2039,101,0
world,2039,102,0
world,2039,103,0
world,2039,104,0
world,2040,0,0
world,2040,1,0
world,2040,2,0
world,2040,3,0
world,2040,4,0
world,2040,5,0
world,2040,6,0
world,2040,7,0
world,2040,8,0
world,2040,9,441
world,2040,10,12992
world,2040,11,69002
world,2040,12,321894
world,2040,13,1719634
world,2040,14,5740731
world,2040,15,13639600
world,2040,16,27145242
world,2040,17,48456853
world,2040,18,82398287
world,2040,19,133963590
world,2040,20,203735866
world,2040,21,300055232
world,2040,22,436065835
world,2040,23,624096146
world,2040,24,896968191
world,2040,25,1079530901
world,2040,26,1025569310
world,2040,27,857982766
world,2040,28,719281163
world,2040,29,608095423
world,2040,30,511394915
world,2040,31,433139842
world,2040,32,363998607
world,2040,33,289401941
world,2040,34,204616510
world,2040,35,128695306
world,2040,36,72792649
world,2040,37,37404529
world,2040,38,18843692
world,2040,39,9463182
world,2040,40,4802826
world,2040,41,2510162
world,2040,42,1287629
world,2040,43,669860
world,2040,44,395974
world,2040,45,261250
world,2040,46,176254
world,2040,47,106452
world,2040,48,74309
world,2040,49,54723
world,2040,50,41311
world,2040,51,31845
world,2040,52,24885
world,2040,53,19728
world,2040,54,15778
world,2040,55,12673
world,2040,56,10180
world,2040,57,8164
world,2040,58,6495
world,2040,59,5126
world,2040,60,3990
world,2040,61,3054
world,2040,62,2293
world,2040,63,1684
world,2040,64,1221
world,2040,65,858
world,2040,66,603
world,2040,67,412
world,2040,68,266
world,2040,69,152
world,2040,70,96
world,2040,71,54
world,2040,72,44
world,2040,73,19
world,2040,74,12
world,2040,75,8
world,2040,76,9
world,2040,77,5
world,2040,78,5
world,2040,79,2
world,2040,80,1
world,2040,81,1
world,2040,82,0
world,2040,83,0
world,2040,84,0
world,2040,85,0
world,2040,86,0
world,2040,87,0
world,2040,88,0
world,2040,89,0
world,2040,90,0
world,2040,91,0
world,2040,92,0
world,2040,93,0
world,2040,94,0
world,2040,95,0
world,2040,96,0
world,2040,97,0
world,2040,98,0
world,2040,99,0
world,2040,100,0
world,2040,101,0
world,2040,102,0
world,2040,103,0
world,2040,104,0
world,2041,0,0
world,2041,1,0
world,2041,2,0
world,2041,3,0
world,2041,4,0
world,2041,5,0
world,2041,6,0
world,2041,7,0
world,2041,8,0
world,2041,9,251
world,2041,10,11764
world,2041,11,63491
world,2041,12,291793
world,2041,13,1632602
world,2041,14,5642179
world,2041,15,13541849
world,2041,16,27020421
world,2041,17,48222157
world,2041,18,81841959
world,2041,19,132278438
world,2041,20,200599549
world,2041,21,294300495
world,2041,22,426287807
world,2041,23,608492315
world,2041,24,874650665
world,2041,25,1078307716
world,2041,26,1044202174
world,2041,27,879683482
world,2041,28,734652251
world,2041,29,622258390
world,2041,30,523809276
world,2041,31,443513651
world,2041,32,371434262
world,2041,33,295080827
world,2041,34,208855102
world,2041,35,131413827
world,2041,36,74386371
world,2041,37,38224829
world,2041,38,19250376
world,2041,39,9660718
world,2041,40,4906256
world,2041,41,2568645
world,2041,42,1321662
world,2041,43,689142
world,2041,44,406729
world,2041,45,267476
world,2041,46,182261
world,2041,47,110366
world,2041,48,76673
world,2041,49,56544
world,2041,50,42716
world,2041,51,32932
world,2041,52,25763
world,2041,53,20436
world,2041,54,16362
world,2041,55,13158
world,2041,56,10595
world,2041,57,8508
world,2041,58,6788
world,2041,59,5364
world,2041,60,4190
world,2041,61,3223
world,2041,62,2432
world,2041,63,1796
world,2041,64,1299
world,2041,65,924
world,2041,66,648
world,2041,67,443
world,2041,68,303
world,2041,69,162
world,2041,70,100
world,2041,71,68
world,2041,72,44
world,2041,73,27
world,2041,74,13
world,2041,75,8
world,2041,76,8
world,2041,77,3
world,2041,78,7
world,2041,79,2
world,2041,80,2
world,2041,81,1
world,2041,82,0
world,2041,83,0
world,2041,84,0
world,2041,85,0
world,2041,86,0
world,2041,87,0
world,2041,88,0
world,2041,89,0
world,2041,90,0
world,2041,91,0
world,2041,92,0
world,2041,93,0
world,2041,94,0
world,2041,95,0
world,2041,96,0
world,2041,97,0
world,2041,98,0
world,2041,99,0
world,2041,100,0
world,2041,101,0
world,2041,102,0
world,2041,103,0
world,2041,104,0
world,2042,0,0
world,2042,1,0
world,2042,2,0
world,2042,3,0
world,2042,4,0
world,2042,5,0
world,2042,6,0
world,2042,7,0
world,2042,8,0
world,2042,9,226
world,2042,10,11005
world,2042,11,59457
world,2042,12,261368
world,2042,13,1469508
world,2042,14,5285142
world,2042,15,12988297
world,2042,16,26217320
world,2042,17,47263528
world,2042,18,80542244
world,2042,19,131200630
world,2042,20,200259320
world,2042,21,293773573
world,2042,22,427178549
world,2042,23,609487417
world,2042,24,872368384
world,2042,25,1077461552
world,2042,26,1046956489
world,2042,27,883951977
world,2042,28,740309296
world,2042,29,630266944
world,2042,30,532591077
world,2042,31,451628792
world,2042,32,377992986
world,2042,33,300384698
world,2042,34,213668936
world,2042,35,134574044
world,2042,36,76410287
world,2042,37,39249342
world,2042,38,19714160
world,2042,39,9862245
world,2042,40,5006678
world,2042,41,2619116
world,2042,42,1349188
world,2042,43,706210
world,2042,44,416595
world,2042,45,273463
world,2042,46,187409
world,2042,47,114372
world,2042,48,78912
world,2042,49,58186
world,2042,50,43976
world,2042,51,33936
world,2042,52,26559
world,2042,53,21074
world,2042,54,16889
world,2042,55,13607
world,2042,56,10972
world,2042,57,8828
world,2042,58,7070
world,2042,59,5606
world,2042,60,4394
world,2042,61,3394
world,2042,62,2568
world,2042,63,1910
world,2042,64,1385
world,2042,65,996
world,2042,66,692
world,2042,67,481
world,2042,68,327
world,2042,69,191
world,2042,70,112
world,2042,71,73
world,2042,72,49
world,2042,73,27
world,2042,74,13
world,2042,75,10
world,2042,76,5
world,2042,77,8
world,2042,78,6
world,2042,79,3
world,2042,80,2
world,2042,81,1
world,2042,82,0
world,2042,83,0
world,2042,84,0
world,2042,85,0
world,2042,86,0
world,2042,87,0
world,2042,88,0
world,2042,89,0
world,2042,90,0
world,2042,91,0
world,2042,92,0
world,2042,93,0
world,2042,94,0
world,2042,95,0
world,2042,96,0
world,2042,97,0
world,2042,98,0
world,2042,99,0
world,2042,100,0
world,2042,101,0
world,2042,102,0
world,2042,103,0
world,2042,104,0
world,2043,0,0
world,2043,1,0
world,2043,2,0
world,2043,3,0
world,2043,4,0
world,2043,5,0
world,2043,6,0
world,2043,7,0
world,2043,8,0
world,2043,9,210
world,2043,10,10343
world,2043,11,55396
world,2043,12,234865
world,2043,13,1326812
world,2043,14,4917655
world,2043,15,12361999
world,2043,16,25229562
world,2043,17,45858287
world,2043,18,78192688
world,2043,19,128076910
world,2043,20,196747191
world,2043,21,288765136
world,2043,22,420692650
world,2043,23,600028041
world,2043,24,859759299
world,2043,25,1081756272
world,2043,26,1068429127
world,2043,27,908084901
world,2043,28,755531808
world,2043,29,639578132
world,2043,30,538214429
world,2043,31,455354897
world,2043,32,381638096
world,2043,33,304007936
world,2043,34,216760402
world,2043,35,136646271
world,2043,36,77615977
world,2043,37,39928376
world,2043,38,20062532
world,2043,39,10043564
world,2043,40,5100853
world,2043,41,2669250
world,2043,42,1376742
world,2043,43,721509
world,2043,44,424467
world,2043,45,277926
world,2043,46,191363
world,2043,47,117975
world,2043,48,80580
world,2043,49,59468
world,2043,50,44997
world,2043,51,34772
world,2043,52,27244
world,2043,53,21650
world,2043,54,17389
world,2043,55,14035
world,2043,56,11340
world,2043,57,9157
world,2043,58,7347
world,2043,59,5850
world,2043,60,4603
world,2043,61,3563
world,2043,62,2714
world,2043,63,2028
world,2043,64,1478
world,2043,65,1069
world,2043,66,742
world,2043,67,520
world,2043,68,355
world,2043,69,217
world,2043,70,118
world,2043,71,77
world,2043,72,56
world,2043,73,32
world,2043,74,14
world,2043,75,10
world,2043,76,5
world,2043,77,9
world,2043,78,5
world,2043,79,5
world,2043,80,2
world,2043,81,1
world,2043,82,0
world,2043,83,0
world,2043,84,0
world,2043,85,0
world,2043,86,0
world,2043,87,0
world,2043,88,0
world,2043,89,0
world,2043,90,0
world,2043,91,0
world,2043,92,0
world,2043,93,0
world,2043,94,0
world,2043,95,0
world,2043,96,0
world,2043,97,0
world,2043,98,0
world,2043,99,0
world,2043,100,0
world,2043,101,0
world,2043,102,0
world,2043,103,0
world,2043,104,0
world,2044,0,0
world,2044,1,0
world,2044,2,0
world,2044,3,0
world,2044,4,0
world,2044,5,0
world,2044,6,0
world,2044,7,0
world,2044,8,0
world,2044,9,198
world,2044,10,9594
world,2044,11,51884
world,2044,12,215739
world,2044,13,1251920
world,2044,14,4816542
world,2044,15,12289331
world,2044,16,25153279
world,2044,17,45684831
world,2044,18,77647098
world,2044,19,126402838
world,2044,20,193306008
world,2044,21,282540112
world,2044,22,410733913
world,2044,23,585761588
world,2044,24,837289303
world,2044,25,1076209371
world,2044,26,1085290011
world,2044,27,930505405
world,2044,28,771400104
world,2044,29,653841012
world,2044,30,550933603
world,2044,31,465944195
world,2044,32,389121491
world,2044,33,309417080
world,2044,34,221001182
world,2044,35,139461623
world,2044,36,79271765
world,2044,37,40778851
world,2044,38,20483032
world,2044,39,10235497
world,2044,40,5199914
world,2044,41,2722933
world,2044,42,1411550
world,2044,43,744768
world,2044,44,438946
world,2044,45,287781
world,2044,46,198926
world,2044,47,124316
world,2044,48,84497
world,2044,49,62351
world,2044,50,47198
world,2044,51,36441
world,2044,52,28567
world,2044,53,22663
world,2044,54,18191
world,2044,55,14677
world,2044,56,11869
world,2044,57,9576
world,2044,58,7692
world,2044,59,6130
world,2044,60,4835
world,2044,61,3759
world,2044,62,2870
world,2044,63,2153
world,2044,64,1575
world,2044,65,1145
world,2044,66,799
world,2044,67,561
world,2044,68,386
world,2044,69,237
world,2044,70,135
world,2044,71,88
world,2044,72,55
world,2044,73,39
world,2044,74,14
world,2044,75,10
world,2044,76,7
world,2044,77,8
world,2044,78,5
world,2044,79,6
world,2044,80,1
world,2044,81,2
world,2044,82,0
world,2044,83,0
world,2044,84,0
world,2044,85,0
world,2044,86,0
world,2044,87,0
world,2044,88,0
world,2044,89,0
world,2044,90,0
world,2044,91,0
world,2044,92,0
world,2044,93,0
world,2044,94,0
world,2044,95,0
world,2044,96,0
world,2044,97,0
world,2044,98,0
world,2044,99,0
world,2044,100,0
world,2044,101,0
world,2044,102,0
world,2044,103,0
world,2044,104,0
world,2045,0,0
world,2045,1,0
world,2045,2,0
world,2045,3,0
world,2045,4,0
world,2045,5,0
world,2045,6,0
world,2045,7,0
world,2045,8,0
world,2045,9,169
world,2045,10,8845
world,2045,11,48793
world,2045,12,195072
world,2045,13,1131382
world,2045,14,4484015
world,2045,15,11693090
world,2045,16,24229988
world,2045,17,44372471
world,2045,18,75588718
world,2045,19,123980163
world,2045,20,190567073
world,2045,21,277551124
world,2045,22,402322942
world,2045,23,572685654
world,2045,24,816032993
world,2045,25,1068865452
world,2045,26,1100064227
world,2045,27,950750110
world,2045,28,786014921
world,2045,29,666687202
world,2045,30,562727329
world,2045,31,475893414
world,2045,32,398092939
world,2045,33,316720057
world,2045,34,227231986
world,2045,35,143361923
world,2045,36,81791667
world,2045,37,42074673
world,2045,38,21068566
world,2045,39,10489679
world,2045,40,5327491
world,2045,41,2788633
world,2045,42,1447559
world,2045,43,765816
world,2045,44,449906
world,2045,45,293719
world,2045,46,204147
world,2045,47,128886
world,2045,48,86632
world,2045,49,63851
world,2045,50,48326
world,2045,51,37314
world,2045,52,29261
world,2045,53,23243
world,2045,54,18676
world,2045,55,15094
world,2045,56,12228
world,2045,57,9894
world,2045,58,7977
world,2045,59,6379
world,2045,60,5045
world,2045,61,3945
world,2045,62,3025
world,2045,63,2280
world,2045,64,1682
world,2045,65,1221
world,2045,66,860
world,2045,67,605
world,2045,68,415
world,2045,69,266
world,2045,70,151
world,2045,71,96
world,2045,72,53
world,2045,73,46
world,2045,74,18
world,2045,75,13
world,2045,76,7
world,2045,77,9
world,2045,78,5
world,2045,79,5
world,2045,80,2
world,2045,81,1
world,2045,82,1
world,2045,83,0
world,2045,84,0
world,2045,85,0
world,2045,86,0
world,2045,87,0
world,2045,88,0
world,2045,89,0
world,2045,90,0
world,2045,91,0
world,2045,92,0
world,2045,93,0
world,2045,94,0
world,2045,95,0
world,2045,96,0
world,2045,97,0
world,2045,98,0
world,2045,99,0
world,2045,100,0
world,2045,101,0
world,2045,102,0
world,2045,103,0
world,2045,104,0
world,2046,0,0
world,2046,1,0
world,2046,2,0
world,2046,3,0
world,2046,4,0
world,2046,5,0
world,2046,6,0
world,2046,7,0
world,2046,8,0
world,2046,9,169
world,2046,10,8451
world,2046,11,46540
world,2046,12,178036
world,2046,13,1013810
world,2046,14,4171769
world,2046,15,11153645
world,2046,16,23418968
world,2046,17,43217224
world,2046,18,73734819
world,2046,19,121647666
world,2046,20,187744893
world,2046,21,273715704
world,2046,22,395832651
world,2046,23,562070176
world,2046,24,799184066
world,2046,25,1066720877
world,2046,26,1119972380
world,2046,27,979043494
world,2046,28,805752018
world,2046,29,678889916
world,2046,30,569477120
world,2046,31,479771887
world,2046,32,400444346
world,2046,33,318443140
world,2046,34,228708284
world,2046,35,144268388
world,2046,36,82293361
world,2046,37,42350677
world,2046,38,21222414
world,2046,39,10574416
world,2046,40,5372832
world,2046,41,2812511
world,2046,42,1460525
world,2046,43,774034
world,2046,44,455028
world,2046,45,296915
world,2046,46,206488
world,2046,47,131262
world,2046,48,87985
world,2046,49,64925
world,2046,50,49193
world,2046,51,38031
world,2046,52,29854
world,2046,53,23756
world,2046,54,19122
world,2046,55,15490
world,2046,56,12577
world,2046,57,10206
world,2046,58,8247
world,2046,59,6620
world,2046,60,5255
world,2046,61,4116
world,2046,62,3181
world,2046,63,2411
world,2046,64,1791
world,2046,65,1299
world,2046,66,923
world,2046,67,650
world,2046,68,446
world,2046,69,302
world,2046,70,161
world,2046,71,101
world,2046,72,66
world,2046,73,44
world,2046,74,27
world,2046,75,13
world,2046,76,8
world,2046,77,8
world,2046,78,3
world,2046,79,7
world,2046,80,2
world,2046,81,2
world,2046,82,1
world,2046,83,0
world,2046,84,0
world,2046,85,0
world,2046,86,0
world,2046,87,0
world,2046,88,0
world,2046,89,0
world,2046,90,0
world,2046,91,0
world,2046,92,0
world,2046,93,0
world,2046,94,0
world,2046,95,0
world,2046,96,0
world,2046,97,0
world,2046,98,0
world,2046,99,0
world,2046,100,0
world,2046,101,0
world,2046,102,0
world,2046,103,0
world,2046,104,0
world,2047,0,0
world,2047,1,0
world,2047,2,0
world,2047,3,0
world,2047,4,0
world,2047,5,0
world,2047,6,0
world,2047,7,0
world,2047,8,0
world,2047,9,160
world,2047,10,6735
world,2047,11,42051
world,2047,12,158221
world,2047,13,923603
world,2047,14,4004181
world,2047,15,10995356
world,2047,16,23234286
world,2047,17,43016068
world,2047,18,73383409
world,2047,19,120921047
world,2047,20,185967979
world,2047,21,270463801
world,2047,22,390274462
world,2047,23,552276054
world,2047,24,780279180
world,2047,25,1053068249
world,2047,26,1127121335
world,2047,27,996172002
world,2047,28,819188919
world,2047,29,690357971
world,2047,30,579915501
world,2047,31,488447413
world,2047,32,407952072
world,2047,33,324921698
world,2047,34,234720960
world,2047,35,149294717
world,2047,36,85911429
world,2047,37,44543204
world,2047,38,22454190
world,2047,39,11206503
world,2047,40,5694720
world,2047,41,2984135
world,2047,42,1560960
world,2047,43,821073
world,2047,44,480368
world,2047,45,311565
world,2047,46,216410
world,2047,47,139337
world,2047,48,92633
world,2047,49,68098
world,2047,50,51535
world,2047,51,39769
world,2047,52,31210
world,2047,53,24797
world,2047,54,19937
world,2047,55,16137
world,2047,56,13105
world,2047,57,10639
world,2047,58,8602
world,2047,59,6913
world,2047,60,5511
world,2047,61,4328
world,2047,62,3356
world,2047,63,2558
world,2047,64,1913
world,2047,65,1395
world,2047,66,1006
world,2047,67,703
world,2047,68,494
world,2047,69,330
world,2047,70,189
world,2047,71,112
world,2047,72,72
world,2047,73,48
world,2047,74,27
world,2047,75,14
world,2047,76,9
world,2047,77,5
world,2047,78,8
world,2047,79,6
world,2047,80,3
world,2047,81,2
world,2047,82,1
world,2047,83,0
world,2047,84,0
world,2047,85,0
world,2047,86,0
world,2047,87,0
world,2047,88,0
world,2047,89,0
world,2047,90,0
world,2047,91,0
world,2047,92,0
world,2047,93,0
world,2047,94,0
world,2047,95,0
world,2047,96,0
world,2047,97,0
world,2047,98,0
world,2047,99,0
world,2047,100,0
world,2047,101,0
world,2047,102,0
world,2047,103,0
world,2047,104,0
world,2048,0,0
world,2048,1,0
world,2048,2,0
world,2048,3,0
world,2048,4,0
world,2048,5,0
world,2048,6,0
world,2048,7,0
world,2048,8,0
world,2048,9,160
world,2048,10,6352
world,2048,11,40260
world,2048,12,146198
world,2048,13,840220
world,2048,14,3741259
world,2048,15,10488784
world,2048,16,22446030
world,2048,17,41931779
world,2048,18,71787284
world,2048,19,119014234
world,2048,20,184369040
world,2048,21,267890518
world,2048,22,384743475
world,2048,23,541580349
world,2048,24,760701874
world,2048,25,1038582416
world,2048,26,1136117900
world,2048,27,1016627250
world,2048,28,836324821
world,2048,29,703306031
world,2048,30,591680281
world,2048,31,498781683
world,2048,32,416326566
world,2048,33,330694161
world,2048,34,238994898
world,2048,35,151872875
world,2048,36,87441133
world,2048,37,45414627
world,2048,38,22898599
world,2048,39,11403867
world,2048,40,5797723
world,2048,41,3039186
world,2048,42,1592002
world,2048,43,838786
world,2048,44,489265
world,2048,45,316447
world,2048,46,220178
world,2048,47,142511
world,2048,48,94586
world,2048,49,69300
world,2048,50,52425
world,2048,51,40481
world,2048,52,31803
world,2048,53,25299
world,2048,54,20371
world,2048,55,16515
world,2048,56,13444
world,2048,57,10940
world,2048,58,8879
world,2048,59,7163
world,2048,60,5726
world,2048,61,4522
world,2048,62,3522
world,2048,63,2696
world,2048,64,2029
world,2048,65,1485
world,2048,66,1081
world,2048,67,755
world,2048,68,534
world,2048,69,362
world,2048,70,216
world,2048,71,119
world,2048,72,76
world,2048,73,55
world,2048,74,31
world,2048,75,14
world,2048,76,10
world,2048,77,5
world,2048,78,9
world,2048,79,5
world,2048,80,5
world,2048,81,2
world,2048,82,1
world,2048,83,0
world,2048,84,0
world,2048,85,0
world,2048,86,0
world,2048,87,0
world,2048,88,0
world,2048,89,0
world,2048,90,0
world,2048,91,0
world,2048,92,0
world,2048,93,0
world,2048,94,0
world,2048,95,0
world,2048,96,0
world,2048,97,0
world,2048,98,0
world,2048,99,0
world,2048,100,0
world,2048,101,0
world,2048,102,0
world,2048,103,0
world,2048,104,0
world,2049,0,0
world,2049,1,0
world,2049,2,0
world,2049,3,0
world,2049,4,0
world,2049,5,0
world,2049,6,0
world,2049,7,0
world,2049,8,0
world,2049,9,159
world,2049,10,6151
world,2049,11,39165
world,2049,12,136492
world,2049,13,777885
world,2049,14,3615208
world,2049,15,10359082
world,2049,16,22266463
world,2049,17,41587715
world,2049,18,70960659
world,2049,19,117487744
world,2049,20,181256312
world,2049,21,263681483
world,2049,22,379719807
world,2049,23,538915923
world,2049,24,763191388
world,2049,25,1046887109
world,2049,26,1148561451
world,2049,27,1027910991
world,2049,28,844590051
world,2049,29,707903960
world,2049,30,594325401
world,2049,31,500413676
world,2049,32,417988115
world,2049,33,332500629
world,2049,34,241275205
world,2049,35,153517663
world,2049,36,88696115
world,2049,37,46110914
world,2049,38,23223985
world,2049,39,11572233
world,2049,40,5885253
world,2049,41,3088934
world,2049,42,1622216
world,2049,43,858072
world,2049,44,500608
world,2049,45,323536
world,2049,46,225063
world,2049,47,146826
world,2049,48,97439
world,2049,49,71327
world,2049,50,53984
world,2049,51,41696
world,2049,52,32761
world,2049,53,26073
world,2049,54,21004
world,2049,55,17045
world,2049,56,13891
world,2049,57,11326
world,2049,58,9207
world,2049,59,7449
world,2049,60,5974
world,2049,61,4733
world,2049,62,3703
world,2049,63,2841
world,2049,64,2150
world,2049,65,1580
world,2049,66,1157
world,2049,67,811
world,2049,68,577
world,2049,69,395
world,2049,70,237
world,2049,71,134
world,2049,72,88
world,2049,73,55
world,2049,74,37
world,2049,75,14
world,2049,76,10
world,2049,77,7
world,2049,78,8
world,2049,79,5
world,2049,80,6
world,2049,81,2
world,2049,82,1
world,2049,83,0
world,2049,84,0
world,2049,85,0
world,2049,86,0
world,2049,87,0
world,2049,88,0
world,2049,89,0
world,2049,90,0
world,2049,91,0
world,2049,92,0
world,2049,93,0
world,2049,94,0
world,2049,95,0
world,2049,96,0
world,2049,97,0
world,2049,98,0
world,2049,99,0
world,2049,100,0
world,2049,101,0
world,2049,102,0
world,2049,103,0
world,2049,104,0
world,2050,0,0
world,2050,1,0
world,2050,2,0
world,2050,3,0
world,2050,4,0
world,2050,5,0
world,2050,6,0
world,2050,7,0
world,2050,8,0
world,2050,9,126
world,2050,10,5821
world,2050,11,37523
world,2050,12,126038
world,2050,13,671243
world,2050,14,3255115
world,2050,15,9694191
world,2050,16,21262035
world,2050,17,40206521
world,2050,18,69001376
world,2050,19,115048510
world,2050,20,178508295
world,2050,21,260896777
world,2050,22,374915051
world,2050,23,531450939
world,2050,24,744679779
world,2050,25,1026620915
world,2050,26,1151107599
world,2050,27,1046590898
world,2050,28,863059996
world,2050,29,722744294
world,2050,30,607100893
world,2050,31,510971781
world,2050,32,426957231
world,2050,33,339162412
world,2050,34,246615363
world,2050,35,156995726
world,2050,36,90736873
world,2050,37,47149865
world,2050,38,23721567
world,2050,39,11783372
world,2050,40,5983071
world,2050,41,3136328
world,2050,42,1642522
world,2050,43,866502
world,2050,44,504004
world,2050,45,324317
world,2050,46,225535
world,2050,47,148482
world,2050,48,97931
world,2050,49,71476
world,2050,50,54159
world,2050,51,41916
world,2050,52,33015
world,2050,53,26343
world,2050,54,21275
world,2050,55,17331
world,2050,56,14160
world,2050,57,11592
world,2050,58,9465
world,2050,59,7685
world,2050,60,6189
world,2050,61,4930
world,2050,62,3866
world,2050,63,2995
world,2050,64,2269
world,2050,65,1685
world,2050,66,1233
world,2050,67,872
world,2050,68,619
world,2050,69,427
world,2050,70,265
world,2050,71,151
world,2050,72,96
world,2050,73,56
world,2050,74,42
world,2050,75,18
world,2050,76,13
world,2050,77,7
world,2050,78,9
world,2050,79,5
world,2050,80,5
world,2050,81,2
world,2050,82,1
world,2050,83,1
world,2050,84,0
world,2050,85,0
world,2050,86,0
world,2050,87,0
world,2050,88,0
world,2050,89,0
world,2050,90,0
world,2050,91,0
world,2050,92,0
world,2050,93,0
world,2050,94,0
world,2050,95,0
world,2050,96,0
world,2050,97,0
world,2050,98,0
world,2050,99,0
world,2050,100,0
world,2050,101,0
world,2050,102,0
world,2050,103,0
world,2050,104,0
world,2051,0,0
world,2051,1,0
world,2051,2,0
world,2051,3,0
world,2051,4,0
world,2051,5,0
world,2051,6,0
world,2051,7,0
world,2051,8,0
world,2051,9,115
world,2051,10,5280
world,2051,11,35810
world,2051,12,116778
world,2051,13,602592
world,2051,14,3002115
world,2051,15,9153605
world,2051,16,20431720
world,2051,17,39011357
world,2051,18,67396733
world,2051,19,112610205
world,2051,20,175563111
world,2051,21,256980463
world,2051,22,368183810
world,2051,23,520563446
world,2051,24,727616565
world,2051,25,1011405769
world,2051,26,1158104228
world,2051,27,1070801437
world,2051,28,887383509
world,2051,29,738721325
world,2051,30,617152448
world,2051,31,516802238
world,2051,32,431065694
world,2051,33,342769998
world,2051,34,249870868
world,2051,35,159362727
world,2051,36,92109995
world,2051,37,47932840
world,2051,38,24123283
world,2051,39,11989897
world,2051,40,6091001
world,2051,41,3191478
world,2051,42,1675582
world,2051,43,886363
world,2051,44,515027
world,2051,45,330529
world,2051,46,230152
world,2051,47,152829
world,2051,48,100658
world,2051,49,73347
world,2051,50,55623
world,2051,51,43079
world,2051,52,33945
world,2051,53,27115
world,2051,54,21918
world,2051,55,17876
world,2051,56,14629
world,2051,57,11985
world,2051,58,9806
world,2051,59,7980
world,2051,60,6449
world,2051,61,5149
world,2051,62,4058
world,2051,63,3152
world,2051,64,2401
world,2051,65,1796
world,2051,66,1310
world,2051,67,937
world,2051,68,661
world,2051,69,458
world,2051,70,303
world,2051,71,161
world,2051,72,99
world,2051,73,66
world,2051,74,46
world,2051,75,24
world,2051,76,13
world,2051,77,8
world,2051,78,8
world,2051,79,3
world,2051,80,7
world,2051,81,2
world,2051,82,2
world,2051,83,1
world,2051,84,0
world,2051,85,0
world,2051,86,0
world,2051,87,0
world,2051,88,0
world,2051,89,0
world,2051,90,0
world,2051,91,0
world,2051,92,0
world,2051,93,0
world,2051,94,0
world,2051,95,0
world,2051,96,0
world,2051,97,0
world,2051,98,0
world,2051,99,0
world,2051,100,0
world,2051,101,0
world,2051,102,0
world,2051,103,0
world,2051,104,0
world,2052,0,0
world,2052,1,0
world,2052,2,0
world,2052,3,0
world,2052,4,0
world,2052,5,0
world,2052,6,0
world,2052,7,0
world,2052,8,0
world,2052,9,114
world,2052,10,5135
world,2052,11,34947
world,2052,12,109824
world,2052,13,548326
world,2052,14,2860165
world,2052,15,8961445
world,2052,16,20138125
world,2052,17,38570692
world,2052,18,66433185
world,2052,19,111003670
world,2052,20,172168470
world,2052,21,251797073
world,2052,22,359911137
world,2052,23,508567041
world,2052,24,708786095
world,2052,25,988644347
world,2052,26,1158702827
world,2052,27,1089703594
world,2052,28,908783161
world,2052,29,755177347
world,2052,30,631862333
world,2052,31,529283519
world,2052,32,441207972
world,2052,33,349266981
world,2052,34,254580170
world,2052,35,162221756
world,2052,36,93848106
world,2052,37,48891474
world,2052,38,24613130
world,2052,39,12225275
world,2052,40,6208733
world,2052,41,3253985
world,2052,42,1710650
world,2052,43,907120
world,2052,44,525988
world,2052,45,336913
world,2052,46,234319
world,2052,47,156769
world,2052,48,103121
world,2052,49,74782
world,2052,50,56692
world,2052,51,43923
world,2052,52,34616
world,2052,53,27662
world,2052,54,22396
world,2052,55,18276
world,2052,56,14991
world,2052,57,12315
world,2052,58,10100
world,2052,59,8243
world,2052,60,6678
world,2052,61,5362
world,2052,62,4247
world,2052,63,3307
world,2052,64,2530
world,2052,65,1910
world,2052,66,1393
world,2052,67,1009
world,2052,68,706
world,2052,69,494
world,2052,70,329
world,2052,71,189
world,2052,72,110
world,2052,73,72
world,2052,74,48
world,2052,75,28
world,2052,76,13
world,2052,77,9
world,2052,78,5
world,2052,79,8
world,2052,80,6
world,2052,81,3
world,2052,82,2
world,2052,83,1
world,2052,84,0
world,2052,85,0
world,2052,86,0
world,2052,87,0
world,2052,88,0
world,2052,89,0
world,2052,90,0
world,2052,91,0
world,2052,92,0
world,2052,93,0
world,2052,94,0
world,2052,95,0
world,2052,96,0
world,2052,97,0
world,2052,98,0
world,2052,99,0
world,2052,100,0
world,2052,101,0
world,2052,102,0
world,2052,103,0
world,2052,104,0
world,2053,0,0
world,2053,1,0
world,2053,2,0
world,2053,3,0
world,2053,4,0
world,2053,5,0
world,2053,6,0
world,2053,7,0
world,2053,8,0
world,2053,9,112
world,2053,10,4860
world,2053,11,33639
world,2053,12,103911
world,2053,13,473253
world,2053,14,2548518
world,2053,15,8331709
world,2053,16,19168945
world,2053,17,37176773
world,2053,18,64653261
world,2053,19,108715959
world,2053,20,170181981
world,2053,21,250089201
world,2053,22,355740860
world,2053,23,500531478
world,2053,24,693831030
world,2053,25,967650577
world,2053,26,1156439077
world,2053,27,1105616467
world,2053,28,927774240
world,2053,29,770097259
world,2053,30,645102330
world,2053,31,539345286
world,2053,32,448827098
world,2053,33,354870702
world,2053,34,259279275
world,2053,35,165315418
world,2053,36,95774608
world,2053,37,49964819
world,2053,38,25130259
world,2053,39,12459627
world,2053,40,6316153
world,2053,41,3311511
world,2053,42,1743769
world,2053,43,927008
world,2053,44,539345
world,2053,45,345036
world,2053,46,239796
world,2053,47,161857
world,2053,48,106549
world,2053,49,77175
world,2053,50,58585
world,2053,51,45401
world,2053,52,35796
world,2053,53,28601
world,2053,54,23158
world,2053,55,18920
world,2053,56,15527
world,2053,57,12766
world,2053,58,10479
world,2053,59,8568
world,2053,60,6952
world,2053,61,5593
world,2053,62,4445
world,2053,63,3472
world,2053,64,2664
world,2053,65,2018
world,2053,66,1482
world,2053,67,1085
world,2053,68,758
world,2053,69,535
world,2053,70,360
world,2053,71,215
world,2053,72,119
world,2053,73,74
world,2053,74,56
world,2053,75,31
world,2053,76,14
world,2053,77,10
world,2053,78,5
world,2053,79,9
world,2053,80,5
world,2053,81,5
world,2053,82,2
world,2053,83,1
world,2053,84,0
world,2053,85,0
world,2053,86,0
world,2053,87,0
world,2053,88,0
world,2053,89,0
world,2053,90,0
world,2053,91,0
world,2053,92,0
world,2053,93,0
world,2053,94,0
world,2053,95,0
world,2053,96,0
world,2053,97,0
world,2053,98,0
world,2053,99,0
world,2053,100,0
world,2053,101,0
world,2053,102,0
world,2053,103,0
world,2053,104,0
world,2054,0,0
world,2054,1,0
world,2054,2,0
world,2054,3,0
world,2054,4,0
world,2054,5,0
world,2054,6,0
world,2054,7,0
world,2054,8,0
world,2054,9,102
world,2054,10,4459
world,2054,11,32643
world,2054,12,99029
world,2054,13,429081
world,2054,14,2344553
world,2054,15,7838835
world,2054,16,18368897
world,2054,17,35977216
world,2054,18,63118464
world,2054,19,106155908
world,2054,20,167252617
world,2054,21,246890745
world,2054,22,351251294
world,2054,23,497016202
world,2054,24,693482907
world,2054,25,971513693
world,2054,26,1164980611
world,2054,27,1114757319
world,2054,28,936185762
world,2054,29,775746339
world,2054,30,648594066
world,2054,31,541793627
world,2054,32,451587178
world,2054,33,357907765
world,2054,34,262229229
world,2054,35,167768017
world,2054,36,97369494
world,2054,37,50887545
world,2054,38,25593506
world,2054,39,12689462
world,2054,40,6431191
world,2054,41,3366289
world,2054,42,1773995
world,2054,43,944059
world,2054,44,549311
world,2054,45,350350
world,2054,46,243195
world,2054,47,164459
world,2054,48,108975
world,2054,49,78503
world,2054,50,59605
world,2054,51,46203
world,2054,52,36464
world,2054,53,29158
world,2054,54,23642
world,2054,55,19332
world,2054,56,15898
world,2054,57,13097
world,2054,58,10784
world,2054,59,8842
world,2054,60,7203
world,2054,61,5808
world,2054,62,4630
world,2054,63,3643
world,2054,64,2811
world,2054,65,2131
world,2054,66,1577
world,2054,67,1160
world,2054,68,813
world,2054,69,578
world,2054,70,393
world,2054,71,236
world,2054,72,134
world,2054,73,86
world,2054,74,58
world,2054,75,35
world,2054,76,15
world,2054,77,9
world,2054,78,7
world,2054,79,9
world,2054,80,4
world,2054,81,6
world,2054,82,2
world,2054,83,1
world,2054,84,0
world,2054,85,0
world,2054,86,0
world,2054,87,0
world,2054,88,0
world,2054,89,0
world,2054,90,0
world,2054,91,0
world,2054,92,0
world,2054,93,0
world,2054,94,0
world,2054,95,0
world,2054,96,0
world,2054,97,0
world,2054,98,0
world,2054,99,0
world,2054,100,0
world,2054,101,0
world,2054,102,0
world,2054,103,0
world,2054,104,0
world,2055,0,0
world,2055,1,0
world,2055,2,0
world,2055,3,0
world,2055,4,0
world,2055,5,0
world,2055,6,0
world,2055,7,0
world,2055,8,0
world,2055,9,101
world,2055,10,3451
world,2055,11,29710
world,2055,12,90438
world,2055,13,379443
world,2055,14,2188904
world,2055,15,7604052
world,2055,16,18010851
world,2055,17,35331353
world,2055,18,61948717
world,2055,19,104209070
world,2055,20,163646731
world,2055,21,241576974
world,2055,22,343115406
world,2055,23,485672153
world,2055,24,676660202
world,2055,25,947859566
world,2055,26,1160909117
world,2055,27,1131325526
world,2055,28,957475482
world,2055,29,790965796
world,2055,30,661564608
world,2055,31,552329777
world,2055,32,460351252
world,2055,33,364620962
world,2055,34,267925701
world,2055,35,172465427
world,2055,36,100734549
world,2055,37,53089443
world,2055,38,26876236
world,2055,39,13380196
world,2055,40,6783330
world,2055,41,3552416
world,2055,42,1876156
world,2055,43,994549
world,2055,44,574356
world,2055,45,363552
world,2055,46,251434
world,2055,47,171057
world,2055,48,113428
world,2055,49,81044
world,2055,50,61439
world,2055,51,47612
world,2055,52,37551
world,2055,53,30016
world,2055,54,24331
world,2055,55,19918
world,2055,56,16392
world,2055,57,13528
world,2055,58,11150
world,2055,59,9165
world,2055,60,7474
world,2055,61,6051
world,2055,62,4837
world,2055,63,3819
world,2055,64,2961
world,2055,65,2254
world,2055,66,1681
world,2055,67,1235
world,2055,68,873
world,2055,69,618
world,2055,70,426
world,2055,71,266
world,2055,72,149
world,2055,73,95
world,2055,74,58
world,2055,75,39
world,2055,76,18
world,2055,77,13
world,2055,78,7
world,2055,79,9
world,2055,80,5
world,2055,81,5
world,2055,82,2
world,2055,83,1
world,2055,84,1
world,2055,85,0
world,2055,86,0
world,2055,87,0
world,2055,88,0
world,2055,89,0
world,2055,90,0
world,2055,91,0
world,2055,92,0
world,2055,93,0
world,2055,94,0
world,2055,95,0
world,2055,96,0
world,2055,97,0
world,2055,98,0
world,2055,99,0
world,2055,100,0
world,2055,101,0
world,2055,102,0
world,2055,103,0
world,2055,104,0
world,2056,0,0
world,2056,1,0
world,2056,2,0
world,2056,3,0
world,2056,4,0
world,2056,5,0
world,2056,6,0
world,2056,7,0
world,2056,8,0
world,2056,9,101
world,2056,10,3414
world,2056,11,28905
world,2056,12,86488
world,2056,13,343371
world,2056,14,1983879
world,2056,15,7134314
world,2056,16,17287470
world,2056,17,34337369
world,2056,18,60742232
world,2056,19,102389847
world,2056,20,162048417
world,2056,21,239898488
world,2056,22,338933813
world,2056,23,477514333
world,2056,24,661834038
world,2056,25,927854257
world,2056,26,1159271690
world,2056,27,1149900343
world,2056,28,981415623
world,2056,29,807406889
world,2056,30,672313891
world,2056,31,558106719
world,2056,32,463979799
world,2056,33,367669972
world,2056,34,270635924
world,2056,35,174292688
world,2056,36,101953492
world,2056,37,53712411
world,2056,38,27193540
world,2056,39,13544068
world,2056,40,6868913
world,2056,41,3598549
world,2056,42,1902869
world,2056,43,1010908
world,2056,44,585820
world,2056,45,370916
world,2056,46,256162
world,2056,47,175147
world,2056,48,116731
world,2056,49,83237
world,2056,50,63109
world,2056,51,48946
world,2056,52,38630
world,2056,53,30883
world,2056,54,25044
world,2056,55,20517
world,2056,56,16903
world,2056,57,13955
world,2056,58,11531
world,2056,59,9486
world,2056,60,7764
world,2056,61,6294
world,2056,62,5053
world,2056,63,3993
world,2056,64,3116
world,2056,65,2380
world,2056,66,1788
world,2056,67,1310
world,2056,68,939
world,2056,69,662
world,2056,70,458
world,2056,71,302
world,2056,72,162
world,2056,73,101
world,2056,74,64
world,2056,75,47
world,2056,76,23
world,2056,77,13
world,2056,78,8
world,2056,79,8
world,2056,80,3
world,2056,81,7
world,2056,82,2
world,2056,83,2
world,2056,84,1
world,2056,85,0
world,2056,86,0
world,2056,87,0
world,2056,88,0
world,2056,89,0
world,2056,90,0
world,2056,91,0
world,2056,92,0
world,2056,93,0
world,2056,94,0
world,2056,95,0
world,2056,96,0
world,2056,97,0
world,2056,98,0
world,2056,99,0
world,2056,100,0
world,2056,101,0
world,2056,102,0
world,2056,103,0
world,2056,104,0
world,2057,0,0
world,2057,1,0
world,2057,2,0
world,2057,3,0
world,2057,4,0
world,2057,5,0
world,2057,6,0
world,2057,7,0
world,2057,8,0
world,2057,9,108
world,2057,10,3321
world,2057,11,28391
world,2057,12,83626
world,2057,13,314136
world,2057,14,1800437
world,2057,15,6634751
world,2057,16,16434597
world,2057,17,32987128
world,2057,18,58896875
world,2057,19,99317231
world,2057,20,158396788
world,2057,21,235518445
world,2057,22,333002514
world,2057,23,468218556
world,2057,24,647289569
world,2057,25,902620085
world,2057,26,1148911006
world,2057,27,1162665251
world,2057,28,1002370414
world,2057,29,823870129
world,2057,30,686841471
world,2057,31,570201781
world,2057,32,474157569
world,2057,33,375408156
world,2057,34,276808466
world,2057,35,178835054
world,2057,36,104735956
world,2057,37,55352259
world,2057,38,28000130
world,2057,39,13920872
world,2057,40,7044823
world,2057,41,3690228
world,2057,42,1954538
world,2057,43,1040426
world,2057,44,603298
world,2057,45,380717
world,2057,46,262615
world,2057,47,180419
world,2057,48,120502
world,2057,49,85487
world,2057,50,64790
world,2057,51,50211
world,2057,52,39632
world,2057,53,31673
world,2057,54,25705
world,2057,55,21060
world,2057,56,17379
world,2057,57,14367
world,2057,58,11884
world,2057,59,9797
world,2057,60,8039
world,2057,61,6540
world,2057,62,5261
world,2057,63,4179
world,2057,64,3270
world,2057,65,2511
world,2057,66,1898
world,2057,67,1392
world,2057,68,1010
world,2057,69,707
world,2057,70,494
world,2057,71,330
world,2057,72,190
world,2057,73,110
world,2057,74,70
world,2057,75,48
world,2057,76,28
world,2057,77,13
world,2057,78,9
world,2057,79,5
world,2057,80,8
world,2057,81,6
world,2057,82,3
world,2057,83,2
world,2057,84,1
world,2057,85,0
world,2057,86,0
world,2057,87,0
world,2057,88,0
world,2057,89,0
world,2057,90,0
world,2057,91,0
world,2057,92,0
world,2057,93,0
world,2057,94,0
world,2057,95,0
world,2057,96,0
world,2057,97,0
world,2057,98,0
world,2057,99,0
world,2057,100,0
world,2057,101,0
world,2057,102,0
world,2057,103,0
world,2057,104,0
world,2058,0,0
world,2058,1,0
world,2058,2,0
world,2058,3,0
world,2058,4,0
world,2058,5,0
world,2058,6,0
world,2058,7,0
world,2058,8,0
world,2058,9,92
world,2058,10,2992
world,2058,11,27312
world,2058,12,80661
world,2058,13,284267
world,2058,14,1686575
world,2058,15,6457667
world,2058,16,16175633
world,2058,17,32559303
world,2058,18,58237202
world,2058,19,98120252
world,2058,20,156212194
world,2058,21,231734982
world,2058,22,328088119
world,2058,23,462496400
world,2058,24,640223130
world,2058,25,887779827
world,2058,26,1143239403
world,2058,27,1176612516
world,2058,28,1024210969
world,2058,29,838078240
world,2058,30,695304780
world,2058,31,574845982
world,2058,32,477332455
world,2058,33,377942569
world,2058,34,278991011
world,2058,35,180753652
world,2058,36,105972439
world,2058,37,56094878
world,2058,38,28395575
world,2058,39,14138139
world,2058,40,7161514
world,2058,41,3755678
world,2058,42,1998938
world,2058,43,1070138
world,2058,44,623481
world,2058,45,393280
world,2058,46,271227
world,2058,47,187355
world,2058,48,126589
world,2058,49,89420
world,2058,50,67812
world,2058,51,52585
world,2058,52,41516
world,2058,53,33191
world,2058,54,26907
world,2058,55,22056
world,2058,56,18197
world,2058,57,15045
world,2058,58,12446
world,2058,59,10270
world,2058,60,8441
world,2058,61,6881
world,2058,62,5549
world,2058,63,4426
world,2058,64,3472
world,2058,65,2676
world,2058,66,2028
world,2058,67,1497
world,2058,68,1093
world,2058,69,772
world,2058,70,541
world,2058,71,360
world,2058,72,218
world,2058,73,125
world,2058,74,74
world,2058,75,55
world,2058,76,32
world,2058,77,13
world,2058,78,10
world,2058,79,7
world,2058,80,7
world,2058,81,5
world,2058,82,5
world,2058,83,2
world,2058,84,1
world,2058,85,0
world,2058,86,0
world,2058,87,0
world,2058,88,0
world,2058,89,0
world,2058,90,0
world,2058,91,0
world,2058,92,0
world,2058,93,0
world,2058,94,0
world,2058,95,0
world,2058,96,0
world,2058,97,0
world,2058,98,0
world,2058,99,0
world,2058,100,0
world,2058,101,0
world,2058,102,0
world,2058,103,0
world,2058,104,0
world,2059,0,0
world,2059,1,0
world,2059,2,0
world,2059,3,0
world,2059,4,0
world,2059,5,0
world,2059,6,0
world,2059,7,0
world,2059,8,0
world,2059,9,92
world,2059,10,2972
world,2059,11,26876
world,2059,12,78078
world,2059,13,266979
world,2059,14,1545323
world,2059,15,6035875
world,2059,16,15444147
world,2059,17,31468867
world,2059,18,56761863
world,2059,19,95650771
world,2059,20,153531069
world,2059,21,228603754
world,2059,22,323563186
world,2059,23,457097245
world,2059,24,635960900
world,2059,25,885312909
world,2059,26,1144464954
world,2059,27,1181267490
world,2059,28,1028764337
world,2059,29,844050263
world,2059,30,703283786
world,2059,31,583127518
world,2059,32,484939760
world,2059,33,383818054
world,2059,34,282896955
world,2059,35,183403653
world,2059,36,107621652
world,2059,37,57069638
world,2059,38,28875730
world,2059,39,14363124
world,2059,40,7257667
world,2059,41,3802898
world,2059,42,2024279
world,2059,43,1084835
world,2059,44,632155
world,2059,45,398667
world,2059,46,274863
world,2059,47,190111
world,2059,48,129033
world,2059,49,90989
world,2059,50,68901
world,2059,51,53446
world,2059,52,42230
world,2059,53,33781
world,2059,54,27428
world,2059,55,22499
world,2059,56,18592
world,2059,57,15405
world,2059,58,12777
world,2059,59,10567
world,2059,60,8712
world,2059,61,7128
world,2059,62,5768
world,2059,63,4615
world,2059,64,3635
world,2059,65,2818
world,2059,66,2146
world,2059,67,1591
world,2059,68,1171
world,2059,69,828
world,2059,70,585
world,2059,71,392
world,2059,72,237
world,2059,73,142
world,2059,74,85
world,2059,75,58
world,2059,76,35
world,2059,77,16
world,2059,78,8
world,2059,79,7
world,2059,80,9
world,2059,81,4
world,2059,82,6
world,2059,83,2
world,2059,84,1
world,2059,85,0
world,2059,86,0
world,2059,87,0
world,2059,88,0
world,2059,89,0
world,2059,90,0
world,2059,91,0
world,2059,92,0
world,2059,93,0
world,2059,94,0
world,2059,95,0
world,2059,96,0
world,2059,97,0
world,2059,98,0
world,2059,99,0
world,2059,100,0
world,2059,101,0
world,2059,102,0
world,2059,103,0
world,2059,104,0
world,2060,0,0
world,2060,1,0
world,2060,2,0
world,2060,3,0
world,2060,4,0
world,2060,5,0
world,2060,6,0
world,2060,7,0
world,2060,8,0
world,2060,9,92
world,2060,10,2958
world,2060,11,26343
world,2060,12,76204
world,2060,13,243170
world,2060,14,1365615
world,2060,15,5543947
world,2060,16,14586239
world,2060,17,30088949
world,2060,18,54839429
world,2060,19,92597496
world,2060,20,150021465
world,2060,21,224827299
world,2060,22,319013716
world,2060,23,449501647
world,2060,24,623623555
world,2060,25,865214537
world,2060,26,1135339333
world,2060,27,1194983264
world,2060,28,1053804942
world,2060,29,863302574
world,2060,30,715391091
world,2060,31,590380842
world,2060,32,489390945
world,2060,33,387734675
world,2060,34,286473919
world,2060,35,185921488
world,2060,36,109100341
world,2060,37,57850680
world,2060,38,29306833
world,2060,39,14594900
world,2060,40,7386459
world,2060,41,3872717
world,2060,42,2064633
world,2060,43,1109580
world,2060,44,647009
world,2060,45,406185
world,2060,46,279338
world,2060,47,194334
world,2060,48,132241
world,2060,49,92942
world,2060,50,70324
world,2060,51,54565
world,2060,52,43150
world,2060,53,34528
world,2060,54,28047
world,2060,55,23034
world,2060,56,19040
world,2060,57,15808
world,2060,58,13139
world,2060,59,10892
world,2060,60,8996
world,2060,61,7370
world,2060,62,5991
world,2060,63,4807
world,2060,64,3806
world,2060,65,2962
world,2060,66,2267
world,2060,67,1695
world,2060,68,1251
world,2060,69,883
world,2060,70,630
world,2060,71,428
world,2060,72,264
world,2060,73,157
world,2060,74,95
world,2060,75,58
world,2060,76,39
world,2060,77,18
world,2060,78,13
world,2060,79,7
world,2060,80,9
world,2060,81,5
world,2060,82,5
world,2060,83,2
world,2060,84,1
world,2060,85,1
world,2060,86,0
world,2060,87,0
world,2060,88,0
world,2060,89,0
world,2060,90,0
world,2060,91,0
world,2060,92,0
world,2060,93,0
world,2060,94,0
world,2060,95,0
world,2060,96,0
world,2060,97,0
world,2060,98,0
world,2060,99,0
world,2060,100,0
world,2060,101,0
world,2060,102,0
world,2060,103,0
world,2060,104,0
world,2061,0,0
world,2061,1,0
world,2061,2,0
world,2061,3,0
world,2061,4,0
world,2061,5,0
world,2061,6,0
world,2061,7,0
world,2061,8,0
world,2061,9,91
world,2061,10,2914
world,2061,11,25805
world,2061,12,74377
world,2061,13,223397
world,2061,14,1254438
world,2061,15,5311594
world,2061,16,14263988
world,2061,17,29538608
world,2061,18,53900453
world,2061,19,90854278
world,2061,20,147266593
world,2061,21,220197754
world,2061,22,313070732
world,2061,23,440301301
world,2061,24,610715093
world,2061,25,843975566
world,2061,26,1120640229
world,2061,27,1203661503
world,2061,28,1074308198
world,2061,29,880795137
world,2061,30,729079382
world,2061,31,601731045
world,2061,32,498885316
world,2061,33,394529055
world,2061,34,291052463
world,2061,35,189251457
world,2061,36,111038551
world,2061,37,58992737
world,2061,38,29913543
world,2061,39,14902918
world,2061,40,7526900
world,2061,41,3947394
world,2061,42,2107618
world,2061,43,1136481
world,2061,44,663748
world,2061,45,416075
world,2061,46,285778
world,2061,47,198934
world,2061,48,136372
world,2061,49,95717
world,2061,50,72258
world,2061,51,56065
world,2061,52,44338
world,2061,53,35491
world,2061,54,28833
world,2061,55,23696
world,2061,56,19611
world,2061,57,16283
world,2061,58,13545
world,2061,59,11252
world,2061,60,9306
world,2061,61,7645
world,2061,62,6227
world,2061,63,5020
world,2061,64,3985
world,2061,65,3111
world,2061,66,2393
world,2061,67,1798
world,2061,68,1328
world,2061,69,950
world,2061,70,674
world,2061,71,465
world,2061,72,297
world,2061,73,171
world,2061,74,102
world,2061,75,65
world,2061,76,46
world,2061,77,23
world,2061,78,13
world,2061,79,8
world,2061,80,9
world,2061,81,2
world,2061,82,7
world,2061,83,2
world,2061,84,2
world,2061,85,1
world,2061,86,0
world,2061,87,0
world,2061,88,0
world,2061,89,0
world,2061,90,0
world,2061,91,0
world,2061,92,0
world,2061,93,0
world,2061,94,0
world,2061,95,0
world,2061,96,0
world,2061,97,0
world,2061,98,0
world,2061,99,0
world,2061,100,0
world,2061,101,0
world,2061,102,0
world,2061,103,0
world,2061,104,0
world,2062,0,0
world,2062,1,0
world,2062,2,0
world,2062,3,0
world,2062,4,0
world,2062,5,0
world,2062,6,0
world,2062,7,0
world,2062,8,0
world,2062,9,90
world,2062,10,2818
world,2062,11,25345
world,2062,12,72765
world,2062,13,212119
world,2062,14,1159945
world,2062,15,5001404
world,2062,16,13646777
world,2062,17,28631119
world,2062,18,52747249
world,2062,19,88966281
world,2062,20,144941110
world,2062,21,217165648
world,2062,22,308221664
world,2062,23,431509959
world,2062,24,598242185
world,2062,25,826171858
world,2062,26,1110029147
world,2062,27,1214915806
world,2062,28,1097955051
world,2062,29,900876126
world,2062,30,741865853
world,2062,31,608448674
world,2062,32,502196181
world,2062,33,397166179
world,2062,34,293637232
world,2062,35,191510453
world,2062,36,112581130
world,2062,37,59936056
world,2062,38,30358485
world,2062,39,15119923
world,2062,40,7639165
world,2062,41,4006927
world,2062,42,2139390
world,2062,43,1154357
world,2062,44,675045
world,2062,45,423133
world,2062,46,290451
world,2062,47,202186
world,2062,48,139274
world,2062,49,97645
world,2062,50,73777
world,2062,51,57243
world,2062,52,45296
world,2062,53,36278
world,2062,54,29481
world,2062,55,24246
world,2062,56,20082
world,2062,57,16700
world,2062,58,13918
world,2062,59,11580
world,2062,60,9605
world,2062,61,7910
world,2062,62,6459
world,2062,63,5225
world,2062,64,4164
world,2062,65,3266
world,2062,66,2521
world,2062,67,1907
world,2062,68,1407
world,2062,69,1021
world,2062,70,721
world,2062,71,503
world,2062,72,328
world,2062,73,194
world,2062,74,114
world,2062,75,70
world,2062,76,49
world,2062,77,27
world,2062,78,13
world,2062,79,9
world,2062,80,5
world,2062,81,8
world,2062,82,6
world,2062,83,3
world,2062,84,2
world,2062,85,1
world,2062,86,0
world,2062,87,0
world,2062,88,0
world,2062,89,0
world,2062,90,0
world,2062,91,0
world,2062,92,0
world,2062,93,0
world,2062,94,0
world,2062,95,0
world,2062,96,0
world,2062,97,0
world,2062,98,0
world,2062,99,0
world,2062,100,0
world,2062,101,0
world,2062,102,0
world,2062,103,0
world,2062,104,0
world,2063,0,0
world,2063,1,0
world,2063,2,0
world,2063,3,0
world,2063,4,0
world,2063,5,0
world,2063,6,0
world,2063,7,0
world,2063,8,0
world,2063,9,90
world,2063,10,2547
world,2063,11,24611
world,2063,12,70538
world,2063,13,195872
world,2063,14,1023227
world,2063,15,4580848
world,2063,16,12914627
world,2063,17,27528670
world,2063,18,51254282
world,2063,19,86777836
world,2063,20,142086252
world,2063,21,214038650
world,2063,22,304693172
world,2063,23,426606125
world,2063,24,593446949
world,2063,25,821278976
world,2063,26,1106348033
world,2063,27,1217816700
world,2063,28,1102353087
world,2063,29,906639843
world,2063,30,748873247
world,2063,31,616743868
world,2063,32,510671529
world,2063,33,404136787
world,2063,34,298317433
world,2063,35,194846849
world,2063,36,114608877
world,2063,37,61188176
world,2063,38,31032536
world,2063,39,15473272
world,2063,40,7835148
world,2063,41,4119156
world,2063,42,2204460
world,2063,43,1194357
world,2063,44,699236
world,2063,45,436637
world,2063,46,298977
world,2063,47,209406
world,2063,48,144577
world,2063,49,101542
world,2063,50,76567
world,2063,51,59470
world,2063,52,47117
world,2063,53,37776
world,2063,54,30715
world,2063,55,25277
world,2063,56,20949
world,2063,57,17434
world,2063,58,14531
world,2063,59,12097
world,2063,60,10032
world,2063,61,8271
world,2063,62,6763
world,2063,63,5472
world,2063,64,4365
world,2063,65,3441
world,2063,66,2657
world,2063,67,2019
world,2063,68,1495
world,2063,69,1096
world,2063,70,773
world,2063,71,543
world,2063,72,361
world,2063,73,219
world,2063,74,126
world,2063,75,73
world,2063,76,55
world,2063,77,32
world,2063,78,13
world,2063,79,10
world,2063,80,7
world,2063,81,7
world,2063,82,5
world,2063,83,5
world,2063,84,2
world,2063,85,1
world,2063,86,0
world,2063,87,0
world,2063,88,0
world,2063,89,0
world,2063,90,0
world,2063,91,0
world,2063,92,0
world,2063,93,0
world,2063,94,0
world,2063,95,0
world,2063,96,0
world,2063,97,0
world,2063,98,0
world,2063,99,0
world,2063,100,0
world,2063,101,0
world,2063,102,0
world,2063,103,0
world,2063,104,0
world,2064,0,0
world,2064,1,0
world,2064,2,0
world,2064,3,0
world,2064,4,0
world,2064,5,0
world,2064,6,0
world,2064,7,0
world,2064,8,0
world,2064,9,88
world,2064,10,1790
world,2064,11,22340
world,2064,12,65684
world,2064,13,177911
world,2064,14,918703
world,2064,15,4338536
world,2064,16,12577709
world,2064,17,26976974
world,2064,18,50362920
world,2064,19,85091254
world,2064,20,139504771
world,2064,21,209682955
world,2064,22,299477327
world,2064,23,418633947
world,2064,24,581988674
world,2064,25,803829351
world,2064,26,1092351409
world,2064,27,1224857224
world,2064,28,1124307960
world,2064,29,926305228
world,2064,30,760722906
world,2064,31,623656664
world,2064,32,514545261
world,2064,33,407744062
world,2064,34,301741649
world,2064,35,198217357
world,2064,36,117229849
world,2064,37,62977411
world,2064,38,32121495
world,2064,39,16093539
world,2064,40,8164484
world,2064,41,4287034
world,2064,42,2296789
world,2064,43,1233790
world,2064,44,730654
world,2064,45,461881
world,2064,46,318747
world,2064,47,224566
world,2064,48,156527
world,2064,49,110688
world,2064,50,83214
world,2064,51,64546
world,2064,52,50978
world,2064,53,40744
world,2064,54,33003
world,2064,55,27038
world,2064,56,22318
world,2064,57,18493
world,2064,58,15344
world,2064,59,12721
world,2064,60,10511
world,2064,61,8637
world,2064,62,7051
world,2064,63,5686
world,2064,64,4538
world,2064,65,3568
world,2064,66,2760
world,2064,67,2102
world,2064,68,1564
world,2064,69,1156
world,2064,70,816
world,2064,71,575
world,2064,72,394
world,2064,73,234
world,2064,74,132
world,2064,75,85
world,2064,76,58
world,2064,77,35
world,2064,78,16
world,2064,79,8
world,2064,80,7
world,2064,81,9
world,2064,82,4
world,2064,83,6
world,2064,84,2
world,2064,85,1
world,2064,86,0
world,2064,87,0
world,2064,88,0
world,2064,89,0
world,2064,90,0
world,2064,91,0
world,2064,92,0
world,2064,93,0
world,2064,94,0
world,2064,95,0
world,2064,96,0
world,2064,97,0
world,2064,98,0
world,2064,99,0
world,2064,100,0
world,2064,101,0
world,2064,102,0
world,2064,103,0
world,2064,104,0
world,2065,0,0
world,2065,1,0
world,2065,2,0
world,2065,3,0
world,2065,4,0
world,2065,5,0
world,2065,6,0
world,2065,7,0
world,2065,8,0
world,2065,9,87
world,2065,10,1779
world,2065,11,22094
world,2065,12,64145
world,2065,13,165727
world,2065,14,809585
world,2065,15,3925755
world,2065,16,11727868
world,2065,17,25646219
world,2065,18,48391479
world,2065,19,82165651
world,2065,20,135583753
world,2065,21,205358482
world,2065,22,295146623
world,2065,23,412938515
world,2065,24,574944510
world,2065,25,789322120
world,2065,26,1073693979
world,2065,27,1225124962
world,2065,28,1140041568
world,2065,29,944206198
world,2065,30,774519663
world,2065,31,635022431
world,2065,32,523337106
world,2065,33,414346228
world,2065,34,306353567
world,2065,35,201699031
world,2065,36,119246463
world,2065,37,64134607
world,2065,38,32699649
world,2065,39,16368657
world,2065,40,8271930
world,2065,41,4337007
world,2065,42,2319732
world,2065,43,1247440
world,2065,44,739684
world,2065,45,467684
world,2065,46,322250
world,2065,47,227013
world,2065,48,159030
world,2065,49,112384
world,2065,50,84374
world,2065,51,65505
world,2065,52,51786
world,2065,53,41442
world,2065,54,33585
world,2065,55,27553
world,2065,56,22771
world,2065,57,18900
world,2065,58,15710
world,2065,59,13052
world,2065,60,10816
world,2065,61,8912
world,2065,62,7281
world,2065,63,5911
world,2065,64,4732
world,2065,65,3731
world,2065,66,2900
world,2065,67,2221
world,2065,68,1662
world,2065,69,1232
world,2065,70,871
world,2065,71,622
world,2065,72,424
world,2065,73,265
world,2065,74,147
world,2065,75,94
world,2065,76,59
world,2065,77,39
world,2065,78,17
world,2065,79,13
world,2065,80,7
world,2065,81,9
world,2065,82,5
world,2065,83,5
world,2065,84,2
world,2065,85,1
world,2065,86,1
world,2065,87,0
world,2065,88,0
world,2065,89,0
world,2065,90,0
world,2065,91,0
world,2065,92,0
world,2065,93,0
world,2065,94,0
world,2065,95,0
world,2065,96,0
world,2065,97,0
world,2065,98,0
world,2065,99,0
world,2065,100,0
world,2065,101,0
world,2065,102,0
world,2065,103,0
world,2065,104,0
world,2066,0,0
world,2066,1,0
world,2066,2,0
world,2066,3,0
world,2066,4,0
world,2066,5,0
world,2066,6,0
world,2066,7,0
world,2066,8,0
world,2066,9,76
world,2066,10,1755
world,2066,11,21692
world,2066,12,62855
world,2066,13,160317
world,2066,14,739357
world,2066,15,3645818
world,2066,16,11152587
world,2066,17,24802233
world,2066,18,47300811
world,2066,19,80833567
world,2066,20,133563878
world,2066,21,202821657
world,2066,22,290717968
world,2066,23,404393246
world,2066,24,562697911
world,2066,25,773230820
world,2066,26,1057477745
world,2066,27,1228808994
world,2066,28,1160389027
world,2066,29,965324866
world,2066,30,787865439
world,2066,31,643918258
world,2066,32,529131256
world,2066,33,418484071
world,2066,34,309440171
world,2066,35,203986487
world,2066,36,120696844
world,2066,37,64948975
world,2066,38,33156952
world,2066,39,16619468
world,2066,40,8410075
world,2066,41,4414808
world,2066,42,2365821
world,2066,43,1275877
world,2066,44,756798
world,2066,45,476931
world,2066,46,327728
world,2066,47,231635
world,2066,48,162542
world,2066,49,115335
world,2066,50,86265
world,2066,51,66982
world,2066,52,52997
world,2066,53,42474
world,2066,54,34444
world,2066,55,28292
world,2066,56,23403
world,2066,57,19451
world,2066,58,16198
world,2066,59,13481
world,2066,60,11193
world,2066,61,9244
world,2066,62,7577
world,2066,63,6157
world,2066,64,4949
world,2066,65,3913
world,2066,66,3056
world,2066,67,2345
world,2066,68,1766
world,2066,69,1305
world,2066,70,938
world,2066,71,661
world,2066,72,457
world,2066,73,295
world,2066,74,160
world,2066,75,99
world,2066,76,63
world,2066,77,46
world,2066,78,23
world,2066,79,13
world,2066,80,8
world,2066,81,9
world,2066,82,2
world,2066,83,7
world,2066,84,2
world,2066,85,2
world,2066,86,1
world,2066,87,0
world,2066,88,0
world,2066,89,0
world,2066,90,0
world,2066,91,0
world,2066,92,0
world,2066,93,0
world,2066,94,0
world,2066,95,0
world,2066,96,0
world,2066,97,0
world,2066,98,0
world,2066,99,0
world,2066,100,0
world,2066,101,0
world,2066,102,0
world,2066,103,0
world,2066,104,0
world,2067,0,0
world,2067,1,0
world,2067,2,0
world,2067,3,0
world,2067,4,0
world,2067,5,0
world,2067,6,0
world,2067,7,0
world,2067,8,0
world,2067,9,75
world,2067,10,1485
world,2067,11,21069
world,2067,12,61359
world,2067,13,151891
world,2067,14,657478
world,2067,15,3396631
world,2067,16,10751223
world,2067,17,24142539
world,2067,18,46213666
world,2067,19,78934453
world,2067,20,130598543
world,2067,21,198070927
world,2067,22,284544863
world,2067,23,396466899
world,2067,24,554820474
world,2067,25,766003981
world,2067,26,1051848650
world,2067,27,1230815628
world,2067,28,1167142119
world,2067,29,973943259
world,2067,30,797409475
world,2067,31,653430327
world,2067,32,537462100
world,2067,33,425576464
world,2067,34,314311021
world,2067,35,207749531
world,2067,36,123066492
world,2067,37,66442671
world,2067,38,33867902
world,2067,39,16949761
world,2067,40,8538025
world,2067,41,4478482
world,2067,42,2400162
world,2067,43,1296768
world,2067,44,770133
world,2067,45,485838
world,2067,46,333782
world,2067,47,235942
world,2067,48,166321
world,2067,49,118289
world,2067,50,88220
world,2067,51,68507
world,2067,52,54231
world,2067,53,43503
world,2067,54,35278
world,2067,55,28992
world,2067,56,24011
world,2067,57,19973
world,2067,58,16656
world,2067,59,13886
world,2067,60,11543
world,2067,61,9555
world,2067,62,7850
world,2067,63,6399
world,2067,64,5154
world,2067,65,4096
world,2067,66,3211
world,2067,67,2475
world,2067,68,1875
world,2067,69,1383
world,2067,70,1008
world,2067,71,708
world,2067,72,494
world,2067,73,325
world,2067,74,185
world,2067,75,109
world,2067,76,68
world,2067,77,49
world,2067,78,27
world,2067,79,13
world,2067,80,9
world,2067,81,5
world,2067,82,8
world,2067,83,7
world,2067,84,2
world,2067,85,2
world,2067,86,1
world,2067,87,0
world,2067,88,0
world,2067,89,0
world,2067,90,0
world,2067,91,0
world,2067,92,0
world,2067,93,0
world,2067,94,0
world,2067,95,0
world,2067,96,0
world,2067,97,0
world,2067,98,0
world,2067,99,0
world,2067,100,0
world,2067,101,0
world,2067,102,0
world,2067,103,0
world,2067,104,0
world,2068,0,0
world,2068,1,0
world,2068,2,0
world,2068,3,0
world,2068,4,0
world,2068,5,0
world,2068,6,0
world,2068,7,0
world,2068,8,0
world,2068,9,73
world,2068,10,1424
world,2068,11,20659
world,2068,12,60038
world,2068,13,144457
world,2068,14,583300
world,2068,15,3056825
world,2068,16,9960005
world,2068,17,22856663
world,2068,18,44216943
world,2068,19,76153535
world,2068,20,126487339
world,2068,21,193954165
world,2068,22,280848461
world,2068,23,391384882
world,2068,24,546270914
world,2068,25,752076854
world,2068,26,1035761499
world,2068,27,1233203584
world,2068,28,1187082331
world,2068,29,995932236
world,2068,30,810291426
world,2068,31,660771230
world,2068,32,541278864
world,2068,33,428716720
world,2068,34,317398050
world,2068,35,210261772
world,2068,36,124600643
world,2068,37,67317546
world,2068,38,34348035
world,2068,39,17209313
world,2068,40,8681618
world,2068,41,4559917
world,2068,42,2448288
world,2068,43,1326582
world,2068,44,788625
world,2068,45,496305
world,2068,46,340343
world,2068,47,240801
world,2068,48,169794
world,2068,49,121291
world,2068,50,90156
world,2068,51,70032
world,2068,52,55414
world,2068,53,44434
world,2068,54,36016
world,2068,55,29587
world,2068,56,24509
world,2068,57,20389
world,2068,58,16997
world,2068,59,14177
world,2068,60,11801
world,2068,61,9775
world,2068,62,8046
world,2068,63,6566
world,2068,64,5296
world,2068,65,4226
world,2068,66,3320
world,2068,67,2562
world,2068,68,1951
world,2068,69,1448
world,2068,70,1063
world,2068,71,746
world,2068,72,524
world,2068,73,354
world,2068,74,207
world,2068,75,118
world,2068,76,73
world,2068,77,54
world,2068,78,32
world,2068,79,13
world,2068,80,10
world,2068,81,7
world,2068,82,7
world,2068,83,5
world,2068,84,5
world,2068,85,2
world,2068,86,1
world,2068,87,0
world,2068,88,0
world,2068,89,0
world,2068,90,0
world,2068,91,0
world,2068,92,0
world,2068,93,0
world,2068,94,0
world,2068,95,0
world,2068,96,0
world,2068,97,0
world,2068,98,0
world,2068,99,0
world,2068,100,0
world,2068,101,0
world,2068,102,0
world,2068,103,0
world,2068,104,0
world,2069,0,0
world,2069,1,0
world,2069,2,0
world,2069,3,0
world,2069,4,0
world,2069,5,0
world,2069,6,0
world,2069,7,0
world,2069,8,0
world,2069,9,73
world,2069,10,1414
world,2069,11,20537
world,2069,12,59118
world,2069,13,139356
world,2069,14,516717
world,2069,15,2725668
world,2069,16,9216056
world,2069,17,21681315
world,2069,18,42430924
world,2069,19,73793649
world,2069,20,122812645
world,2069,21,189881971
world,2069,22,275843253
world,2069,23,384415208
world,2069,24,536474951
world,2069,25,737064590
world,2069,26,1013953157
world,2069,27,1227204781
world,2069,28,1200618429
world,2069,29,1015149761
world,2069,30,825102916
world,2069,31,674110808
world,2069,32,552492305
world,2069,33,437570151
world,2069,34,323004401
world,2069,35,214144954
world,2069,36,126851907
world,2069,37,68653090
world,2069,38,35080158
world,2069,39,17594660
world,2069,40,8858098
world,2069,41,4652013
world,2069,42,2495393
world,2069,43,1352606
world,2069,44,803388
world,2069,45,503656
world,2069,46,343790
world,2069,47,243527
world,2069,48,172280
world,2069,49,123191
world,2069,50,91146
world,2069,51,70872
world,2069,52,56100
world,2069,53,45009
world,2069,54,36525
world,2069,55,30033
world,2069,56,24902
world,2069,57,20749
world,2069,58,17340
world,2069,59,14490
world,2069,60,12082
world,2069,61,10034
world,2069,62,8290
world,2069,63,6781
world,2069,64,5493
world,2069,65,4399
world,2069,66,3469
world,2069,67,2688
world,2069,68,2055
world,2069,69,1534
world,2069,70,1134
world,2069,71,802
world,2069,72,564
world,2069,73,388
world,2069,74,229
world,2069,75,129
world,2069,76,85
world,2069,77,57
world,2069,78,35
world,2069,79,16
world,2069,80,8
world,2069,81,7
world,2069,82,9
world,2069,83,4
world,2069,84,6
world,2069,85,2
world,2069,86,1
world,2069,87,0
world,2069,88,0
world,2069,89,0
world,2069,90,0
world,2069,91,0
world,2069,92,0
world,2069,93,0
world,2069,94,0
world,2069,95,0
world,2069,96,0
world,2069,97,0
world,2069,98,0
world,2069,99,0
world,2069,100,0
world,2069,101,0
world,2069,102,0
world,2069,103,0
world,2069,104,0
world,2070,0,0
world,2070,1,0
world,2070,2,0
world,2070,3,0
world,2070,4,0
world,2070,5,0
world,2070,6,0
world,2070,7,0
world,2070,8,0
world,2070,9,73
world,2070,10,1406
world,2070,11,20319
world,2070,12,59131
world,2070,13,140039
world,2070,14,498178
world,2070,15,2656050
world,2070,16,9131826
world,2070,17,21489472
world,2070,18,42058891
world,2070,19,73092672
world,2070,20,121507821
world,2070,21,187654524
world,2070,22,272228969
world,2070,23,377974648
world,2070,24,525316447
world,2070,25,720992840
world,2070,26,993770624
world,2070,27,1224957471
world,2070,28,1219340893
world,2070,29,1039233788
world,2070,30,840624236
world,2070,31,683349825
world,2070,32,557311398
world,2070,33,440272903
world,2070,34,324837112
world,2070,35,215558977
world,2070,36,127774149
world,2070,37,69155860
world,2070,38,35366983
world,2070,39,17756884
world,2070,40,8947840
world,2070,41,4701236
world,2070,42,2517693
world,2070,43,1365478
world,2070,44,810368
world,2070,45,508049
world,2070,46,346281
world,2070,47,244933
world,2070,48,173084
world,2070,49,124067
world,2070,50,91457
world,2070,51,70987
world,2070,52,56084
world,2070,53,44931
world,2070,54,36399
world,2070,55,29888
world,2070,56,24756
world,2070,57,20625
world,2070,58,17231
world,2070,59,14411
world,2070,60,12034
world,2070,61,10017
world,2070,62,8296
world,2070,63,6825
world,2070,64,5557
world,2070,65,4479
world,2070,66,3556
world,2070,67,2785
world,2070,68,2149
world,2070,69,1622
world,2070,70,1213
world,2070,71,872
world,2070,72,624
world,2070,73,439
world,2070,74,270
world,2070,75,156
world,2070,76,97
world,2070,77,60
world,2070,78,38
world,2070,79,17
world,2070,80,13
world,2070,81,7
world,2070,82,9
world,2070,83,5
world,2070,84,5
world,2070,85,2
world,2070,86,1
world,2070,87,1
world,2070,88,0
world,2070,89,0
world,2070,90,0
world,2070,91,0
world,2070,92,0
world,2070,93,0
world,2070,94,0
world,2070,95,0
world,2070,96,0
world,2070,97,0
world,2070,98,0
world,2070,99,0
world,2070,100,0
world,2070,101,0
world,2070,102,0
world,2070,103,0
world,2070,104,0
world,2071,0,0
world,2071,1,0
world,2071,2,0
world,2071,3,0
world,2071,4,0
world,2071,5,0
world,2071,6,0
world,2071,7,0
world,2071,8,0
world,2071,9,73
world,2071,10,1384
world,2071,11,20136
world,2071,12,58133
world,2071,13,135309
world,2071,14,450678
world,2071,15,2398567
world,2071,16,8464768
world,2071,17,20393474
world,2071,18,40369633
world,2071,19,70886043
world,2071,20,117889999
world,2071,21,183752602
world,2071,22,267789343
world,2071,23,374003815
world,2071,24,521994636
world,2071,25,720133072
world,2071,26,991410848
world,2071,27,1223147228
world,2071,28,1219477618
world,2071,29,1040738931
world,2071,30,845150927
world,2071,31,690501852
world,2071,32,565492685
world,2071,33,447999079
world,2071,34,330469667
world,2071,35,219679461
world,2071,36,130378035
world,2071,37,70738919
world,2071,38,36223460
world,2071,39,18191951
world,2071,40,9150160
world,2071,41,4812462
world,2071,42,2579676
world,2071,43,1401990
world,2071,44,833472
world,2071,45,521894
world,2071,46,354652
world,2071,47,250772
world,2071,48,177704
world,2071,49,127913
world,2071,50,94006
world,2071,51,73001
world,2071,52,57708
world,2071,53,46278
world,2071,54,37497
world,2071,55,30824
world,2071,56,25560
world,2071,57,21318
world,2071,58,17830
world,2071,59,14933
world,2071,60,12504
world,2071,61,10427
world,2071,62,8653
world,2071,63,7130
world,2071,64,5822
world,2071,65,4701
world,2071,66,3755
world,2071,67,2946
world,2071,68,2279
world,2071,69,1733
world,2071,70,1294
world,2071,71,940
world,2071,72,672
world,2071,73,472
world,2071,74,307
world,2071,75,171
world,2071,76,106
world,2071,77,63
world,2071,78,47
world,2071,79,22
world,2071,80,13
world,2071,81,8
world,2071,82,9
world,2071,83,2
world,2071,84,8
world,2071,85,1
world,2071,86,2
world,2071,87,1
world,2071,88,0
world,2071,89,0
world,2071,90,0
world,2071,91,0
world,2071,92,0
world,2071,93,0
world,2071,94,0
world,2071,95,0
world,2071,96,0
world,2071,97,0
world,2071,98,0
world,2071,99,0
world,2071,100,0
world,2071,101,0
world,2071,102,0
world,2071,103,0
world,2071,104,0
world,2072,0,0
world,2072,1,0
world,2072,2,0
world,2072,3,0
world,2072,4,0
world,2072,5,0
world,2072,6,0
world,2072,7,0
world,2072,8,1
world,2072,9,78
world,2072,10,1379
world,2072,11,19917
world,2072,12,58021
world,2072,13,135959
world,2072,14,423508
world,2072,15,2168948
world,2072,16,7844279
world,2072,17,19278161
world,2072,18,38546015
world,2072,19,68440800
world,2072,20,113953020
world,2072,21,179284948
world,2072,22,262182953
world,2072,23,367299647
world,2072,24,511914589
world,2072,25,706441161
world,2072,26,972357280
world,2072,27,1218244419
world,2072,28,1236723726
world,2072,29,1065468079
world,2072,30,861858783
world,2072,31,700903441
world,2072,32,570829774
world,2072,33,451780497
world,2072,34,333808494
world,2072,35,222458147
world,2072,36,132187985
world,2072,37,71830798
world,2072,38,36766320
world,2072,39,18456372
world,2072,40,9281671
world,2072,41,4878599
world,2072,42,2614197
world,2072,43,1421771
world,2072,44,845566
world,2072,45,530179
world,2072,46,360365
world,2072,47,254836
world,2072,48,181147
world,2072,49,131147
world,2072,50,96131
world,2072,51,74688
world,2072,52,59143
world,2072,53,47517
world,2072,54,38553
world,2072,55,31747
world,2072,56,26381
world,2072,57,22048
world,2072,58,18484
world,2072,59,15514
world,2072,60,13011
world,2072,61,10874
world,2072,62,9045
world,2072,63,7470
world,2072,64,6111
world,2072,65,4946
world,2072,66,3956
world,2072,67,3115
world,2072,68,2409
world,2072,69,1835
world,2072,70,1365
world,2072,71,1001
world,2072,72,712
world,2072,73,495
world,2072,74,333
world,2072,75,184
world,2072,76,108
world,2072,77,70
world,2072,78,47
world,2072,79,27
world,2072,80,14
world,2072,81,8
world,2072,82,5
world,2072,83,8
world,2072,84,7
world,2072,85,2
world,2072,86,2
world,2072,87,1
world,2072,88,0
world,2072,89,0
world,2072,90,0
world,2072,91,0
world,2072,92,0
world,2072,93,0
world,2072,94,0
world,2072,95,0
world,2072,96,0
world,2072,97,0
world,2072,98,0
world,2072,99,0
world,2072,100,0
world,2072,101,0
world,2072,102,0
world,2072,103,0
world,2072,104,0
world,2073,0,0
world,2073,1,0
world,2073,2,0
world,2073,3,0
world,2073,4,0
world,2073,5,0
world,2073,6,0
world,2073,7,0
world,2073,8,1
world,2073,9,77
world,2073,10,1170
world,2073,11,19355
world,2073,12,56226
world,2073,13,130679
world,2073,14,385181
world,2073,15,1906690
world,2073,16,7148668
world,2073,17,18060424
world,2073,18,36700448
world,2073,19,66174964
world,2073,20,110561626
world,2073,21,175848048
world,2073,22,258130178
world,2073,23,361702235
world,2073,24,502639912
world,2073,25,692955928
world,2073,26,952738618
world,2073,27,1209509232
world,2073,28,1247212542
world,2073,29,1083194074
world,2073,30,876026823
world,2073,31,712325223
world,2073,32,580286961
world,2073,33,459605709
world,2073,34,339370642
world,2073,35,226551447
world,2073,36,134689983
world,2073,37,73279083
world,2073,38,37578149
world,2073,39,18900171
world,2073,40,9501697
world,2073,41,4992517
world,2073,42,2681068
world,2073,43,1463064
world,2073,44,870774
world,2073,45,543855
world,2073,46,367556
world,2073,47,259772
world,2073,48,184366
world,2073,49,133386
world,2073,50,97387
world,2073,51,75292
world,2073,52,59476
world,2073,53,47668
world,2073,54,38582
world,2073,55,31707
world,2073,56,26310
world,2073,57,21966
world,2073,58,18416
world,2073,59,15461
world,2073,60,12980
world,2073,61,10866
world,2073,62,9066
world,2073,63,7511
world,2073,64,6171
world,2073,65,5028
world,2073,66,4033
world,2073,67,3205
world,2073,68,2501
world,2073,69,1920
world,2073,70,1448
world,2073,71,1079
world,2073,72,773
world,2073,73,551
world,2073,74,386
world,2073,75,227
world,2073,76,134
world,2073,77,85
world,2073,78,69
world,2073,79,31
world,2073,80,15
world,2073,81,8
world,2073,82,7
world,2073,83,7
world,2073,84,5
world,2073,85,5
world,2073,86,2
world,2073,87,1
world,2073,88,0
world,2073,89,0
world,2073,90,0
world,2073,91,0
world,2073,92,0
world,2073,93,0
world,2073,94,0
world,2073,95,0
world,2073,96,0
world,2073,97,0
world,2073,98,0
world,2073,99,0
world,2073,100,0
world,2073,101,0
world,2073,102,0
world,2073,103,0
world,2073,104,0
world,2074,0,0
world,2074,1,0
world,2074,2,0
world,2074,3,0
world,2074,4,0
world,2074,5,0
world,2074,6,0
world,2074,7,0
world,2074,8,1
world,2074,9,76
world,2074,10,1123
world,2074,11,19174
world,2074,12,56177
world,2074,13,133127
world,2074,14,380200
world,2074,15,1849325
world,2074,16,6960041
world,2074,17,17681148
world,2074,18,35915653
world,2074,19,64742174
world,2074,20,107911429
world,2074,21,171784923
world,2074,22,251702296
world,2074,23,354397052
world,2074,24,493599128
world,2074,25,684850933
world,2074,26,947128587
world,2074,27,1210575601
world,2074,28,1255541567
world,2074,29,1094304788
world,2074,30,885988885
world,2074,31,719858468
world,2074,32,586169256
world,2074,33,464323286
world,2074,34,342628889
world,2074,35,228774189
world,2074,36,136106686
world,2074,37,74170038
world,2074,38,38057078
world,2074,39,19152399
world,2074,40,9640961
world,2074,41,5065582
world,2074,42,2717747
world,2074,43,1486203
world,2074,44,885679
world,2074,45,553346
world,2074,46,373686
world,2074,47,264457
world,2074,48,188107
world,2074,49,137069
world,2074,50,100162
world,2074,51,77541
world,2074,52,61368
world,2074,53,49327
world,2074,54,40015
world,2074,55,32956
world,2074,56,27410
world,2074,57,22927
world,2074,58,19257
world,2074,59,16197
world,2074,60,13613
world,2074,61,11426
world,2074,62,9535
world,2074,63,7912
world,2074,64,6506
world,2074,65,5300
world,2074,66,4260
world,2074,67,3383
world,2074,68,2640
world,2074,69,2030
world,2074,70,1525
world,2074,71,1137
world,2074,72,815
world,2074,73,578
world,2074,74,398
world,2074,75,237
world,2074,76,135
world,2074,77,84
world,2074,78,57
world,2074,79,35
world,2074,80,15
world,2074,81,9
world,2074,82,6
world,2074,83,9
world,2074,84,4
world,2074,85,6
world,2074,86,2
world,2074,87,1
world,2074,88,0
world,2074,89,0
world,2074,90,0
world,2074,91,0
world,2074,92,0
world,2074,93,0
world,2074,94,0
world,2074,95,0
world,2074,96,0
world,2074,97,0
world,2074,98,0
world,2074,99,0
world,2074,100,0
world,2074,101,0
world,2074,102,0
world,2074,103,0
world,2074,104,0
world,2075,0,0
world,2075,1,0
world,2075,2,0
world,2075,3,0
world,2075,4,0
world,2075,5,0
world,2075,6,0
world,2075,7,0
world,2075,8,1
world,2075,9,75
world,2075,10,1090
world,2075,11,19063
world,2075,12,55828
world,2075,13,134053
world,2075,14,375909
world,2075,15,1735196
world,2075,16,6601802
world,2075,17,17004555
world,2075,18,34867436
world,2075,19,63378270
world,2075,20,105642842
world,2075,21,168805031
world,2075,22,247260279
world,2075,23,347837494
world,2075,24,482791035
world,2075,25,669181564
world,2075,26,925248143
world,2075,27,1199272435
world,2075,28,1268121358
world,2075,29,1119527456
world,2075,30,906036930
world,2075,31,732676697
world,2075,32,593648078
world,2075,33,468563815
world,2075,34,345294244
world,2075,35,230669670
world,2075,36,137359298
world,2075,37,74840500
world,2075,38,38444049
world,2075,39,19364455
world,2075,40,9755953
world,2075,41,5124508
world,2075,42,2744102
world,2075,43,1501148
world,2075,44,896124
world,2075,45,560647
world,2075,46,378605
world,2075,47,268085
world,2075,48,191549
world,2075,49,140248
world,2075,50,102430
world,2075,51,79429
world,2075,52,62934
world,2075,53,50631
world,2075,54,41112
world,2075,55,33880
world,2075,56,28202
world,2075,57,23616
world,2075,58,19852
world,2075,59,16712
world,2075,60,14065
world,2075,61,11808
world,2075,62,9879
world,2075,63,8202
world,2075,64,6759
world,2075,65,5522
world,2075,66,4448
world,2075,67,3536
world,2075,68,2763
world,2075,69,2134
world,2075,70,1604
world,2075,71,1204
world,2075,72,853
world,2075,73,616
world,2075,74,420
world,2075,75,265
world,2075,76,152
world,2075,77,92
world,2075,78,59
world,2075,79,38
world,2075,80,18
world,2075,81,11
world,2075,82,7
world,2075,83,9
world,2075,84,5
world,2075,85,5
world,2075,86,2
world,2075,87,1
world,2075,88,1
world,2075,89,0
world,2075,90,0
world,2075,91,0
world,2075,92,0
world,2075,93,0
world,2075,94,0
world,2075,95,0
world,2075,96,0
world,2075,97,0
world,2075,98,0
world,2075,99,0
world,2075,100,0
world,2075,101,0
world,2075,102,0
world,2075,103,0
world,2075,104,0
world,2076,0,0
world,2076,1,0
world,2076,2,0
world,2076,3,0
world,2076,4,0
world,2076,5,0
world,2076,6,0
world,2076,7,0
world,2076,8,1
world,2076,9,75
world,2076,10,757
world,2076,11,17025
world,2076,12,51646
world,2076,13,126399
world,2076,14,348612
world,2076,15,1571021
world,2076,16,6073689
world,2076,17,16006089
world,2076,18,33240925
world,2076,19,61045847
world,2076,20,101848504
world,2076,21,164078160
world,2076,22,241857928
world,2076,23,342088469
world,2076,24,474359899
world,2076,25,657780598
world,2076,26,906352624
world,2076,27,1185365759
world,2076,28,1273323547
world,2076,29,1135628081
world,2076,30,920371031
world,2076,31,743655108
world,2076,32,602745172
world,2076,33,476979005
world,2076,34,351950244
world,2076,35,236424457
world,2076,36,141584261
world,2076,37,77714450
world,2076,38,40110447
world,2076,39,20261015
world,2076,40,10198454
world,2076,41,5348353
world,2076,42,2858117
world,2076,43,1550903
world,2076,44,920489
world,2076,45,574192
world,2076,46,385934
world,2076,47,272840
world,2076,48,194938
world,2076,49,142511
world,2076,50,104146
world,2076,51,80478
world,2076,52,63724
world,2076,53,51278
world,2076,54,41619
world,2076,55,34306
world,2076,56,28564
world,2076,57,23942
world,2076,58,20134
world,2076,59,16971
world,2076,60,14308
world,2076,61,12033
world,2076,62,10089
world,2076,63,8401
world,2076,64,6942
world,2076,65,5676
world,2076,66,4594
world,2076,67,3667
world,2076,68,2879
world,2076,69,2228
world,2076,70,1689
world,2076,71,1264
world,2076,72,909
world,2076,73,651
world,2076,74,451
world,2076,75,298
world,2076,76,158
world,2076,77,99
world,2076,78,65
world,2076,79,44
world,2076,80,22
world,2076,81,13
world,2076,82,8
world,2076,83,9
world,2076,84,2
world,2076,85,8
world,2076,86,1
world,2076,87,2
world,2076,88,1
world,2076,89,0
world,2076,90,0
world,2076,91,0
world,2076,92,0
world,2076,93,0
world,2076,94,0
world,2076,95,0
world,2076,96,0
world,2076,97,0
world,2076,98,0
world,2076,99,0
world,2076,100,0
world,2076,101,0
world,2076,102,0
world,2076,103,0
world,2076,104,0
world,2077,0,0
world,2077,1,0
world,2077,2,0
world,2077,3,0
world,2077,4,0
world,2077,5,0
world,2077,6,0
world,2077,7,0
world,2077,8,1
world,2077,9,67
world,2077,10,739
world,2077,11,16890
world,2077,12,50688
world,2077,13,122484
world,2077,14,326472
world,2077,15,1395640
world,2077,16,5516400
world,2077,17,14920876
world,2077,18,31508736
world,2077,19,58662236
world,2077,20,98509639
world,2077,21,159981976
world,2077,22,237707384
world,2077,23,338119385
world,2077,24,469990342
world,2077,25,655301118
world,2077,26,904304800
world,2077,27,1186546822
world,2077,28,1278102362
world,2077,29,1142568513
world,2077,30,927044578
world,2077,31,748777918
world,2077,32,606172905
world,2077,33,479680525
world,2077,34,354463572
world,2077,35,238338830
world,2077,36,142963695
world,2077,37,78498794
world,2077,38,40528026
world,2077,39,20486060
world,2077,40,10320392
world,2077,41,5411479
world,2077,42,2891333
world,2077,43,1569187
world,2077,44,932166
world,2077,45,581554
world,2077,46,390695
world,2077,47,276014
world,2077,48,197416
world,2077,49,145056
world,2077,50,106157
world,2077,51,81978
world,2077,52,65016
world,2077,53,52420
world,2077,54,42660
world,2077,55,35221
world,2077,56,29398
world,2077,57,24695
world,2077,58,20828
world,2077,59,17594
world,2077,60,14867
world,2077,61,12544
world,2077,62,10536
world,2077,63,8792
world,2077,64,7290
world,2077,65,5971
world,2077,66,4840
world,2077,67,3872
world,2077,68,3050
world,2077,69,2366
world,2077,70,1799
world,2077,71,1339
world,2077,72,975
world,2077,73,689
world,2077,74,474
world,2077,75,319
world,2077,76,183
world,2077,77,108
world,2077,78,70
world,2077,79,46
world,2077,80,26
world,2077,81,14
world,2077,82,8
world,2077,83,5
world,2077,84,8
world,2077,85,7
world,2077,86,2
world,2077,87,2
world,2077,88,1
world,2077,89,0
world,2077,90,0
world,2077,91,0
world,2077,92,0
world,2077,93,0
world,2077,94,0
world,2077,95,0
world,2077,96,0
world,2077,97,0
world,2077,98,0
world,2077,99,0
world,2077,100,0
world,2077,101,0
world,2077,102,0
world,2077,103,0
world,2077,104,0
world,2078,0,0
world,2078,1,0
world,2078,2,0
world,2078,3,0
world,2078,4,0
world,2078,5,0
world,2078,6,0
world,2078,7,0
world,2078,8,1
world,2078,9,67
world,2078,10,557
world,2078,11,16342
world,2078,12,50103
world,2078,13,124206
world,2078,14,326826
world,2078,15,1335567
world,2078,16,5339974
world,2078,17,14622172
world,2078,18,30896652
world,2078,19,57433121
world,2078,20,96139105
world,2078,21,156245617
world,2078,22,231516383
world,2078,23,330216922
world,2078,24,459026728
world,2078,25,641636966
world,2078,26,885429317
world,2078,27,1171762914
world,2078,28,1283333236
world,2078,29,1160813927
world,2078,30,943581161
world,2078,31,760654704
world,2078,32,616060026
world,2078,33,488057603
world,2078,34,360697777
world,2078,35,242712502
world,2078,36,145760885
world,2078,37,80155534
world,2078,38,41455252
world,2078,39,20972169
world,2078,40,10559786
world,2078,41,5530504
world,2078,42,2957106
world,2078,43,1617235
world,2078,44,1002772
world,2078,45,655137
world,2078,46,457607
world,2078,47,334528
world,2078,48,246265
world,2078,49,185400
world,2078,50,138790
world,2078,51,107827
world,2078,52,85489
world,2078,53,68546
world,2078,54,55284
world,2078,55,45031
world,2078,56,36979
world,2078,57,30501
world,2078,58,25244
world,2078,59,20932
world,2078,60,17350
world,2078,61,14378
world,2078,62,11869
world,2078,63,9762
world,2078,64,7977
world,2078,65,6468
world,2078,66,5195
world,2078,67,4122
world,2078,68,3240
world,2078,69,2501
world,2078,70,1904
world,2078,71,1419
world,2078,72,1048
world,2078,73,737
world,2078,74,514
world,2078,75,349
world,2078,76,208
world,2078,77,118
world,2078,78,73
world,2078,79,56
world,2078,80,28
world,2078,81,15
world,2078,82,8
world,2078,83,7
world,2078,84,7
world,2078,85,6
world,2078,86,4
world,2078,87,2
world,2078,88,1
world,2078,89,0
world,2078,90,0
world,2078,91,0
world,2078,92,0
world,2078,93,0
world,2078,94,0
world,2078,95,0
world,2078,96,0
world,2078,97,0
world,2078,98,0
world,2078,99,0
world,2078,100,0
world,2078,101,0
world,2078,102,0
world,2078,103,0
world,2078,104,0
world,2079,0,0
world,2079,1,0
world,2079,2,0
world,2079,3,0
world,2079,4,0
world,2079,5,0
world,2079,6,0
world,2079,7,0
world,2079,8,1
world,2079,9,66
world,2079,10,553
world,2079,11,16263
world,2079,12,49100
world,2079,13,121182
world,2079,14,321785
world,2079,15,1260608
world,2079,16,4942764
world,2079,17,13649237
world,2079,18,29305166
world,2079,19,55055342
world,2079,20,92692122
world,2079,21,151678074
world,2079,22,226322962
world,2079,23,324187604
world,2079,24,450545926
world,2079,25,628251804
world,2079,26,866205033
world,2079,27,1155664692
world,2079,28,1289204585
world,2079,29,1183989715
world,2079,30,966037957
world,2079,31,775037508
world,2079,32,624541458
world,2079,33,493010414
world,2079,34,363712806
world,2079,35,244767617
world,2079,36,147029253
world,2079,37,80996583
world,2079,38,41878190
world,2079,39,21174668
world,2079,40,10681338
world,2079,41,5602451
world,2079,42,2992692
world,2079,43,1635562
world,2079,44,1013611
world,2079,45,661988
world,2079,46,461611
world,2079,47,336991
world,2079,48,247976
world,2079,49,187024
world,2079,50,140254
world,2079,51,108736
world,2079,52,86218
world,2079,53,69166
world,2079,54,55839
world,2079,55,45528
world,2079,56,37437
world,2079,57,30935
world,2079,58,25650
world,2079,59,21314
world,2079,60,17715
world,2079,61,14711
world,2079,62,12181
world,2079,63,10051
world,2079,64,8238
world,2079,65,6707
world,2079,66,5403
world,2079,67,4311
world,2079,68,3394
world,2079,69,2634
world,2079,70,2014
world,2079,71,1504
world,2079,72,1120
world,2079,73,790
world,2079,74,557
world,2079,75,379
world,2079,76,232
world,2079,77,129
world,2079,78,84
world,2079,79,59
world,2079,80,33
world,2079,81,15
world,2079,82,9
world,2079,83,6
world,2079,84,9
world,2079,85,4
world,2079,86,6
world,2079,87,2
world,2079,88,1
world,2079,89,0
world,2079,90,0
world,2079,91,0
world,2079,92,0
world,2079,93,0
world,2079,94,0
world,2079,95,0
world,2079,96,0
world,2079,97,0
world,2079,98,0
world,2079,99,0
world,2079,100,0
world,2079,101,0
world,2079,102,0
world,2079,103,0
world,2079,104,0
world,2080,0,0
world,2080,1,0
world,2080,2,0
world,2080,3,0
world,2080,4,0
world,2080,5,0
world,2080,6,0
world,2080,7,0
world,2080,8,1
world,2080,9,64
world,2080,10,552
world,2080,11,16151
world,2080,12,48280
world,2080,13,117697
world,2080,14,306067
world,2080,15,1147615
world,2080,16,4560448
world,2080,17,12830818
world,2080,18,27948457
world,2080,19,53053428
world,2080,20,89835420
world,2080,21,147481662
world,2080,22,221374759
world,2080,23,317805817
world,2080,24,443404086
world,2080,25,622251588
world,2080,26,864542638
world,2080,27,1159752005
world,2080,28,1296495700
world,2080,29,1191096212
world,2080,30,971052334
world,2080,31,778671365
world,2080,32,627981815
world,2080,33,496328151
world,2080,34,366425196
world,2080,35,246831385
world,2080,36,148531519
world,2080,37,81886870
world,2080,38,42400950
world,2080,39,21473575
world,2080,40,10851326
world,2080,41,5699041
world,2080,42,3047945
world,2080,43,1667675
world,2080,44,1033657
world,2080,45,673046
world,2080,46,467571
world,2080,47,341117
world,2080,48,251345
world,2080,49,189414
world,2080,50,142535
world,2080,51,110211
world,2080,52,87425
world,2080,53,70190
world,2080,54,56730
world,2080,55,46297
world,2080,56,38126
world,2080,57,31542
world,2080,58,26194
world,2080,59,21795
world,2080,60,18153
world,2080,61,15106
world,2080,62,12535
world,2080,63,10363
world,2080,64,8521
world,2080,65,6948
world,2080,66,5621
world,2080,67,4495
world,2080,68,3553
world,2080,69,2763
world,2080,70,2123
world,2080,71,1595
world,2080,72,1194
world,2080,73,846
world,2080,74,600
world,2080,75,412
world,2080,76,259
world,2080,77,144
world,2080,78,93
world,2080,79,60
world,2080,80,36
world,2080,81,18
world,2080,82,12
world,2080,83,6
world,2080,84,9
world,2080,85,5
world,2080,86,5
world,2080,87,2
world,2080,88,1
world,2080,89,1
world,2080,90,0
world,2080,91,0
world,2080,92,0
world,2080,93,0
world,2080,94,0
world,2080,95,0
world,2080,96,0
world,2080,97,0
world,2080,98,0
world,2080,99,0
world,2080,100,0
world,2080,101,0
world,2080,102,0
world,2080,103,0
world,2080,104,0
world,2081,0,0
world,2081,1,0
world,2081,2,0
world,2081,3,0
world,2081,4,0
world,2081,5,0
world,2081,6,0
world,2081,7,0
world,2081,8,1
world,2081,9,63
world,2081,10,510
world,2081,11,16002
world,2081,12,47458
world,2081,13,114355
world,2081,14,291670
world,2081,15,1040156
world,2081,16,4152663
world,2081,17,11954611
world,2081,18,26554167
world,2081,19,50932283
world,2081,20,86988306
world,2081,21,143077113
world,2081,22,216496785
world,2081,23,311387136
world,2081,24,434553524
world,2081,25,610435368
world,2081,26,847401844
world,2081,27,1140554908
world,2081,28,1295470437
world,2081,29,1208493414
world,2081,30,990842813
world,2081,31,792343063
world,2081,32,638408192
world,2081,33,504664716
world,2081,34,372337582
world,2081,35,250778653
world,2081,36,150966310
world,2081,37,83264691
world,2081,38,43149434
world,2081,39,21840200
world,2081,40,11021251
world,2081,41,5782498
world,2081,42,3095770
world,2081,43,1696597
world,2081,44,1051668
world,2081,45,685006
world,2081,46,475847
world,2081,47,346932
world,2081,48,255580
world,2081,49,192806
world,2081,50,145634
world,2081,51,112364
world,2081,52,89101
world,2081,53,71612
world,2081,54,57943
world,2081,55,47312
world,2081,56,39005
world,2081,57,32309
world,2081,58,26856
world,2081,59,22385
world,2081,60,18664
world,2081,61,15559
world,2081,62,12934
world,2081,63,10712
world,2081,64,8832
world,2081,65,7219
world,2081,66,5846
world,2081,67,4688
world,2081,68,3719
world,2081,69,2906
world,2081,70,2237
world,2081,71,1693
world,2081,72,1266
world,2081,73,909
world,2081,74,645
world,2081,75,443
world,2081,76,290
world,2081,77,163
world,2081,78,95
world,2081,79,64
world,2081,80,44
world,2081,81,22
world,2081,82,13
world,2081,83,8
world,2081,84,9
world,2081,85,3
world,2081,86,7
world,2081,87,1
world,2081,88,2
world,2081,89,1
world,2081,90,0
world,2081,91,0
world,2081,92,0
world,2081,93,0
world,2081,94,0
world,2081,95,0
world,2081,96,0
world,2081,97,0
world,2081,98,0
world,2081,99,0
world,2081,100,0
world,2081,101,0
world,2081,102,0
world,2081,103,0
world,2081,104,0
world,2082,0,0
world,2082,1,0
world,2082,2,0
world,2082,3,0
world,2082,4,0
world,2082,5,0
world,2082,6,0
world,2082,7,0
world,2082,8,1
world,2082,9,62
world,2082,10,507
world,2082,11,15917
world,2082,12,46944
world,2082,13,110632
world,2082,14,275123
world,2082,15,967352
world,2082,16,3949789
world,2082,17,11602548
world,2082,18,25977008
world,2082,19,49965565
world,2082,20,85318649
world,2082,21,140569019
world,2082,22,212640140
world,2082,23,305734365
world,2082,24,425568835
world,2082,25,596608124
world,2082,26,828864897
world,2082,27,1122199524
world,2082,28,1296329122
world,2082,29,1227209929
world,2082,30,1011753344
world,2082,31,806447134
world,2082,32,647429900
world,2082,33,510126211
world,2082,34,375687854
world,2082,35,252858689
world,2082,36,152381258
world,2082,37,84127268
world,2082,38,43613715
world,2082,39,22089096
world,2082,40,11161559
world,2082,41,5861881
world,2082,42,3140678
world,2082,43,1722971
world,2082,44,1069126
world,2082,45,695558
world,2082,46,481514
world,2082,47,350767
world,2082,48,258886
world,2082,49,195591
world,2082,50,147900
world,2082,51,114073
world,2082,52,90561
world,2082,53,72841
world,2082,54,59018
world,2082,55,48234
world,2082,56,39802
world,2082,57,33013
world,2082,58,27485
world,2082,59,22929
world,2082,60,19153
world,2082,61,15985
world,2082,62,13312
world,2082,63,11051
world,2082,64,9118
world,2082,65,7481
world,2082,66,6077
world,2082,67,4890
world,2082,68,3885
world,2082,69,3050
world,2082,70,2355
world,2082,71,1796
world,2082,72,1336
world,2082,73,976
world,2082,74,690
world,2082,75,476
world,2082,76,320
world,2082,77,183
world,2082,78,108
world,2082,79,70
world,2082,80,47
world,2082,81,25
world,2082,82,14
world,2082,83,8
world,2082,84,5
world,2082,85,8
world,2082,86,7
world,2082,87,2
world,2082,88,2
world,2082,89,1
world,2082,90,0
world,2082,91,0
world,2082,92,0
world,2082,93,0
world,2082,94,0
world,2082,95,0
world,2082,96,0
world,2082,97,0
world,2082,98,0
world,2082,99,0
world,2082,100,0
world,2082,101,0
world,2082,102,0
world,2082,103,0
world,2082,104,0
world,2083,0,0
world,2083,1,0
world,2083,2,0
world,2083,3,0
world,2083,4,0
world,2083,5,0
world,2083,6,0
world,2083,7,0
world,2083,8,1
world,2083,9,62
world,2083,10,489
world,2083,11,15796
world,2083,12,46353
world,2083,13,108633
world,2083,14,263496
world,2083,15,879204
world,2083,16,3569491
world,2083,17,10707484
world,2083,18,24525187
world,2083,19,47775349
world,2083,20,82345931
world,2083,21,136180530
world,2083,22,208040328
world,2083,23,300667664
world,2083,24,420406909
world,2083,25,590587205
world,2083,26,821463385
world,2083,27,1117596530
world,2083,28,1298573801
world,2083,29,1233147766
world,2083,30,1018140323
world,2083,31,812632099
world,2083,32,653731606
world,2083,33,516295716
world,2083,34,380703587
world,2083,35,256239199
world,2083,36,154646174
world,2083,37,85350881
world,2083,38,44278864
world,2083,39,22443753
world,2083,40,11331308
world,2083,41,5938642
world,2083,42,3182332
world,2083,43,1745336
world,2083,44,1082687
world,2083,45,703324
world,2083,46,486669
world,2083,47,354204
world,2083,48,261431
world,2083,49,197695
world,2083,50,150161
world,2083,51,115461
world,2083,52,91746
world,2083,53,73868
world,2083,54,59915
world,2083,55,49018
world,2083,56,40498
world,2083,57,33644
world,2083,58,28048
world,2083,59,23441
world,2083,60,19613
world,2083,61,16404
world,2083,62,13686
world,2083,63,11390
world,2083,64,9420
world,2083,65,7744
world,2083,66,6311
world,2083,67,5098
world,2083,68,4060
world,2083,69,3202
world,2083,70,2481
world,2083,71,1895
world,2083,72,1415
world,2083,73,1050
world,2083,74,739
world,2083,75,516
world,2083,76,347
world,2083,77,207
world,2083,78,117
world,2083,79,75
world,2083,80,53
world,2083,81,29
world,2083,82,15
world,2083,83,8
world,2083,84,7
world,2083,85,7
world,2083,86,6
world,2083,87,4
world,2083,88,2
world,2083,89,1
world,2083,90,0
world,2083,91,0
world,2083,92,0
world,2083,93,0
world,2083,94,0
world,2083,95,0
world,2083,96,0
world,2083,97,0
world,2083,98,0
world,2083,99,0
world,2083,100,0
world,2083,101,0
world,2083,102,0
world,2083,103,0
world,2083,104,0
world,2084,0,0
world,2084,1,0
world,2084,2,0
world,2084,3,0
world,2084,4,0
world,2084,5,0
world,2084,6,0
world,2084,7,0
world,2084,8,1
world,2084,9,62
world,2084,10,485
world,2084,11,15711
world,2084,12,45623
world,2084,13,104961
world,2084,14,247452
world,2084,15,785086
world,2084,16,3189995
world,2084,17,9852018
world,2084,18,23036199
world,2084,19,45385776
world,2084,20,79021928
world,2084,21,130932951
world,2084,22,202186079
world,2084,23,293011867
world,2084,24,410896470
world,2084,25,576957056
world,2084,26,804437018
world,2084,27,1098478304
world,2084,28,1296948661
world,2084,29,1252413529
world,2084,30,1041671256
world,2084,31,828554916
world,2084,32,664152125
world,2084,33,523154811
world,2084,34,385433796
world,2084,35,259328716
world,2084,36,156618799
world,2084,37,86559893
world,2084,38,44974912
world,2084,39,22811654
world,2084,40,11531589
world,2084,41,6049836
world,2084,42,3241234
world,2084,43,1774346
world,2084,44,1098557
world,2084,45,710743
world,2084,46,488682
world,2084,47,355390
world,2084,48,261968
world,2084,49,197906
world,2084,50,150650
world,2084,51,115627
world,2084,52,91919
world,2084,53,74063
world,2084,54,60151
world,2084,55,49246
world,2084,56,40764
world,2084,57,33923
world,2084,58,28348
world,2084,59,23741
world,2084,60,19911
world,2084,61,16693
world,2084,62,13966
world,2084,63,11648
world,2084,64,9670
world,2084,65,7977
world,2084,66,6530
world,2084,67,5288
world,2084,68,4230
world,2084,69,3348
world,2084,70,2602
world,2084,71,2000
world,2084,72,1500
world,2084,73,1124
world,2084,74,792
world,2084,75,558
world,2084,76,378
world,2084,77,232
world,2084,78,126
world,2084,79,84
world,2084,80,58
world,2084,81,35
world,2084,82,14
world,2084,83,9
world,2084,84,6
world,2084,85,9
world,2084,86,4
world,2084,87,6
world,2084,88,2
world,2084,89,1
world,2084,90,0
world,2084,91,0
world,2084,92,0
world,2084,93,0
world,2084,94,0
world,2084,95,0
world,2084,96,0
world,2084,97,0
world,2084,98,0
world,2084,99,0
world,2084,100,0
world,2084,101,0
world,2084,102,0
world,2084,103,0
world,2084,104,0
world,2085,0,0
world,2085,1,0
world,2085,2,0
world,2085,3,0
world,2085,4,0
world,2085,5,0
world,2085,6,0
world,2085,7,0
world,2085,8,1
world,2085,9,59
world,2085,10,345
world,2085,11,15208
world,2085,12,44623
world,2085,13,102700
world,2085,14,241767
world,2085,15,749496
world,2085,16,2984019
world,2085,17,9262881
world,2085,18,21990077
world,2085,19,43758984
world,2085,20,76625914
world,2085,21,126629097
world,2085,22,196911368
world,2085,23,285341777
world,2085,24,400825245
world,2085,25,561609076
world,2085,26,784409663
world,2085,27,1075657572
world,2085,28,1293619490
world,2085,29,1273585846
world,2085,30,1069628855
world,2085,31,847591922
world,2085,32,675715564
world,2085,33,529659776
world,2085,34,388958905
world,2085,35,261243539
world,2085,36,157758683
world,2085,37,87245722
world,2085,38,45283519
world,2085,39,22942508
world,2085,40,11599187
world,2085,41,6083572
world,2085,42,3258883
world,2085,43,1784897
world,2085,44,1105275
world,2085,45,714336
world,2085,46,491361
world,2085,47,357428
world,2085,48,263763
world,2085,49,199448
world,2085,50,152313
world,2085,51,116720
world,2085,52,92994
world,2085,53,74995
world,2085,54,60970
world,2085,55,49973
world,2085,56,41410
world,2085,57,34503
world,2085,58,28866
world,2085,59,24216
world,2085,60,20338
world,2085,61,17080
world,2085,62,14328
world,2085,63,11973
world,2085,64,9964
world,2085,65,8232
world,2085,66,6756
world,2085,67,5491
world,2085,68,4410
world,2085,69,3496
world,2085,70,2733
world,2085,71,2112
world,2085,72,1588
world,2085,73,1196
world,2085,74,847
world,2085,75,601
world,2085,76,411
world,2085,77,256
world,2085,78,143
world,2085,79,94
world,2085,80,58
world,2085,81,36
world,2085,82,18
world,2085,83,12
world,2085,84,6
world,2085,85,9
world,2085,86,5
world,2085,87,5
world,2085,88,2
world,2085,89,2
world,2085,90,0
world,2085,91,0
world,2085,92,0
world,2085,93,0
world,2085,94,0
world,2085,95,0
world,2085,96,0
world,2085,97,0
world,2085,98,0
world,2085,99,0
world,2085,100,0
world,2085,101,0
world,2085,102,0
world,2085,103,0
world,2085,104,0
world,2086,0,0
world,2086,1,0
world,2086,2,0
world,2086,3,0
world,2086,4,0
world,2086,5,0
world,2086,6,0
world,2086,7,0
world,2086,8,1
world,2086,9,59
world,2086,10,342
world,2086,11,15118
world,2086,12,44130
world,2086,13,103425
world,2086,14,245774
world,2086,15,738517
world,2086,16,2903597
world,2086,17,9118658
world,2086,18,21725911
world,2086,19,43153394
world,2086,20,75348519
world,2086,21,124302795
world,2086,22,193289772
world,2086,23,279443422
world,2086,24,394516689
world,2086,25,555375667
world,2086,26,780888654
world,2086,27,1072233703
world,2086,28,1291439535
world,2086,29,1273280761
world,2086,30,1070256251
world,2086,31,850986098
world,2086,32,680742147
world,2086,33,536236600
world,2086,34,395178122
world,2086,35,266073358
world,2086,36,161136589
world,2086,37,89345595
world,2086,38,46495325
world,2086,39,23556206
world,2086,40,11902073
world,2086,41,6230514
world,2086,42,3340698
world,2086,43,1829911
world,2086,44,1133657
world,2086,45,732891
world,2086,46,501965
world,2086,47,364363
world,2086,48,269017
world,2086,49,203547
world,2086,50,155526
world,2086,51,119285
world,2086,52,94999
world,2086,53,76650
world,2086,54,62363
world,2086,55,51150
world,2086,56,42412
world,2086,57,35368
world,2086,58,29627
world,2086,59,24880
world,2086,60,20917
world,2086,61,17592
world,2086,62,14772
world,2086,63,12365
world,2086,64,10306
world,2086,65,8536
world,2086,66,7014
world,2086,67,5717
world,2086,68,4603
world,2086,69,3665
world,2086,70,2870
world,2086,71,2222
world,2086,72,1683
world,2086,73,1267
world,2086,74,911
world,2086,75,646
world,2086,76,442
world,2086,77,289
world,2086,78,160
world,2086,79,95
world,2086,80,64
world,2086,81,42
world,2086,82,22
world,2086,83,13
world,2086,84,8
world,2086,85,9
world,2086,86,3
world,2086,87,7
world,2086,88,1
world,2086,89,2
world,2086,90,1
world,2086,91,0
world,2086,92,0
world,2086,93,0
world,2086,94,0
world,2086,95,0
world,2086,96,0
world,2086,97,0
world,2086,98,0
world,2086,99,0
world,2086,100,0
world,2086,101,0
world,2086,102,0
world,2086,103,0
world,2086,104,0
world,2087,0,0
world,2087,1,0
world,2087,2,0
world,2087,3,0
world,2087,4,0
world,2087,5,0
world,2087,6,0
world,2087,7,0
world,2087,8,1
world,2087,9,59
world,2087,10,338
world,2087,11,15035
world,2087,12,43765
world,2087,13,100732
world,2087,14,235322
world,2087,15,687964
world,2087,16,2626436
world,2087,17,8318545
world,2087,18,20246957
world,2087,19,41047284
world,2087,20,72898117
world,2087,21,120796828
world,2087,22,190061852
world,2087,23,275586388
world,2087,24,388235248
world,2087,25,543452123
world,2087,26,761401824
world,2087,27,1046998498
world,2087,28,1282867513
world,2087,29,1289105831
world,2087,30,1095585611
world,2087,31,870161134
world,2087,32,693008957
world,2087,33,542972269
world,2087,34,398675174
world,2087,35,267819216
world,2087,36,162126266
world,2087,37,89893625
world,2087,38,46797081
world,2087,39,23730665
world,2087,40,12003357
world,2087,41,6287304
world,2087,42,3375592
world,2087,43,1854128
world,2087,44,1150212
world,2087,45,743134
world,2087,46,509267
world,2087,47,369328
world,2087,48,272534
world,2087,49,206086
world,2087,50,157918
world,2087,51,121034
world,2087,52,96297
world,2087,53,77686
world,2087,54,63225
world,2087,55,51875
world,2087,56,43040
world,2087,57,35925
world,2087,58,30119
world,2087,59,25321
world,2087,60,21319
world,2087,61,17960
world,2087,62,15102
world,2087,63,12674
world,2087,64,10580
world,2087,65,8789
world,2087,66,7246
world,2087,67,5922
world,2087,68,4789
world,2087,69,3826
world,2087,70,3018
world,2087,71,2349
world,2087,72,1793
world,2087,73,1346
world,2087,74,991
world,2087,75,703
world,2087,76,488
world,2087,77,322
world,2087,78,181
world,2087,79,108
world,2087,80,69
world,2087,81,46
world,2087,82,25
world,2087,83,15
world,2087,84,7
world,2087,85,5
world,2087,86,8
world,2087,87,7
world,2087,88,2
world,2087,89,2
world,2087,90,1
world,2087,91,0
world,2087,92,0
world,2087,93,0
world,2087,94,0
world,2087,95,0
world,2087,96,0
world,2087,97,0
world,2087,98,0
world,2087,99,0
world,2087,100,0
world,2087,101,0
world,2087,102,0
world,2087,103,0
world,2087,104,0
world,2088,0,0
world,2088,1,0
world,2088,2,0
world,2088,3,0
world,2088,4,0
world,2088,5,0
world,2088,6,0
world,2088,7,0
world,2088,8,1
world,2088,9,59
world,2088,10,335
world,2088,11,14946
world,2088,12,43465
world,2088,13,98279
world,2088,14,225377
world,2088,15,640897
world,2088,16,2399818
world,2088,17,7692326
world,2088,18,19041411
world,2088,19,39079934
world,2088,20,70140369
world,2088,21,116085554
world,2088,22,184300444
world,2088,23,268198416
world,2088,24,380108938
world,2088,25,534251803
world,2088,26,754212358
world,2088,27,1043945903
world,2088,28,1286653786
world,2088,29,1298652663
world,2088,30,1105406375
world,2088,31,878094557
world,2088,32,698917783
world,2088,33,547304205
world,2088,34,401627818
world,2088,35,269711998
world,2088,36,163329921
world,2088,37,90651207
world,2088,38,47184310
world,2088,39,23910655
world,2088,40,12104241
world,2088,41,6366912
world,2088,42,3424832
world,2088,43,1885140
world,2088,44,1171876
world,2088,45,758486
world,2088,46,520574
world,2088,47,377871
world,2088,48,279145
world,2088,49,211388
world,2088,50,162622
world,2088,51,124516
world,2088,52,99156
world,2088,53,80086
world,2088,54,65247
world,2088,55,53587
world,2088,56,44506
world,2088,57,37187
world,2088,58,31200
world,2088,59,26259
world,2088,60,22134
world,2088,61,18657
world,2088,62,15702
world,2088,63,13182
world,2088,64,11021
world,2088,65,9162
world,2088,66,7559
world,2088,67,6187
world,2088,68,5010
world,2088,69,4007
world,2088,70,3173
world,2088,71,2475
world,2088,72,1895
world,2088,73,1422
world,2088,74,1062
world,2088,75,752
world,2088,76,527
world,2088,77,354
world,2088,78,206
world,2088,79,119
world,2088,80,74
world,2088,81,52
world,2088,82,28
world,2088,83,15
world,2088,84,8
world,2088,85,7
world,2088,86,7
world,2088,87,6
world,2088,88,4
world,2088,89,2
world,2088,90,1
world,2088,91,0
world,2088,92,0
world,2088,93,0
world,2088,94,0
world,2088,95,0
world,2088,96,0
world,2088,97,0
world,2088,98,0
world,2088,99,0
world,2088,100,0
world,2088,101,0
world,2088,102,0
world,2088,103,0
world,2088,104,0
world,2089,0,0
world,2089,1,0
world,2089,2,0
world,2089,3,0
world,2089,4,0
world,2089,5,0
world,2089,6,0
world,2089,7,0
world,2089,8,1
world,2089,9,59
world,2089,10,303
world,2089,11,14799
world,2089,12,42929
world,2089,13,95592
world,2089,14,214933
world,2089,15,592282
world,2089,16,2154644
world,2089,17,7040582
world,2089,18,17793256
world,2089,19,37087765
world,2089,20,67291817
world,2089,21,111556835
world,2089,22,178727802
world,2089,23,260636934
world,2089,24,369780165
world,2089,25,518576632
world,2089,26,733236715
world,2089,27,1017199715
world,2089,28,1275279932
world,2089,29,1311958972
world,2089,30,1130638217
world,2089,31,898419542
world,2089,32,713878445
world,2089,33,558087846
world,2089,34,409557568
world,2089,35,274965923
world,2089,36,166795149
world,2089,37,92632225
world,2089,38,48363161
world,2089,39,24556395
world,2089,40,12437128
world,2089,41,6534469
world,2089,42,3519669
world,2089,43,1939094
world,2089,44,1205877
world,2089,45,778999
world,2089,46,532953
world,2089,47,385590
world,2089,48,284897
world,2089,49,215372
world,2089,50,165925
world,2089,51,127124
world,2089,52,100989
world,2089,53,81574
world,2089,54,66466
world,2089,55,54608
world,2089,56,45394
world,2089,57,37961
world,2089,58,31877
world,2089,59,26849
world,2089,60,22657
world,2089,61,19124
world,2089,62,16125
world,2089,63,13552
world,2089,64,11361
world,2089,65,9466
world,2089,66,7826
world,2089,67,6414
world,2089,68,5211
world,2089,69,4185
world,2089,70,3323
world,2089,71,2593
world,2089,72,2003
world,2089,73,1506
world,2089,74,1134
world,2089,75,809
world,2089,76,569
world,2089,77,387
world,2089,78,231
world,2089,79,129
world,2089,80,82
world,2089,81,57
world,2089,82,34
world,2089,83,14
world,2089,84,9
world,2089,85,6
world,2089,86,9
world,2089,87,4
world,2089,88,6
world,2089,89,2
world,2089,90,1
world,2089,91,0
world,2089,92,0
world,2089,93,0
world,2089,94,0
world,2089,95,0
world,2089,96,0
world,2089,97,0
world,2089,98,0
world,2089,99,0
world,2089,100,0
world,2089,101,0
world,2089,102,0
world,2089,103,0
world,2089,104,0
world,2090,0,0
world,2090,1,0
world,2090,2,0
world,2090,3,0
world,2090,4,0
world,2090,5,0
world,2090,6,0
world,2090,7,0
world,2090,8,1
world,2090,9,58
world,2090,10,288
world,2090,11,14704
world,2090,12,42606
world,2090,13,93793
world,2090,14,208317
world,2090,15,563221
world,2090,16,1989745
world,2090,17,6440221
world,2090,18,16500834
world,2090,19,35142018
world,2090,20,64661672
world,2090,21,107535673
world,2090,22,173841585
world,2090,23,255366332
world,2090,24,364033332
world,2090,25,510463768
world,2090,26,722794611
world,2090,27,1000960764
world,2090,28,1264287837
world,2090,29,1318533004
world,2090,30,1148908506
world,2090,31,913922925
world,2090,32,724202617
world,2090,33,564690894
world,2090,34,413884148
world,2090,35,277597518
world,2090,36,168400190
world,2090,37,93553462
world,2090,38,48809793
world,2090,39,24755718
world,2090,40,12530945
world,2090,41,6581214
world,2090,42,3543780
world,2090,43,1952524
world,2090,44,1213603
world,2090,45,783885
world,2090,46,536188
world,2090,47,387717
world,2090,48,286721
world,2090,49,216804
world,2090,50,167332
world,2090,51,128182
world,2090,52,101865
world,2090,53,82322
world,2090,54,67175
world,2090,55,55239
world,2090,56,45948
world,2090,57,38471
world,2090,58,32354
world,2090,59,27301
world,2090,60,23066
world,2090,61,19504
world,2090,62,16479
world,2090,63,13886
world,2090,64,11657
world,2090,65,9731
world,2090,66,8070
world,2090,67,6641
world,2090,68,5410
world,2090,69,4359
world,2090,70,3468
world,2090,71,2717
world,2090,72,2109
world,2090,73,1595
world,2090,74,1206
world,2090,75,866
world,2090,76,612
world,2090,77,421
world,2090,78,258
world,2090,79,143
world,2090,80,92
world,2090,81,58
world,2090,82,36
world,2090,83,17
world,2090,84,12
world,2090,85,6
world,2090,86,9
world,2090,87,5
world,2090,88,5
world,2090,89,2
world,2090,90,2
world,2090,91,0
world,2090,92,0
world,2090,93,0
world,2090,94,0
world,2090,95,0
world,2090,96,0
world,2090,97,0
world,2090,98,0
world,2090,99,0
world,2090,100,0
world,2090,101,0
world,2090,102,0
world,2090,103,0
world,2090,104,0
world,2091,0,0
world,2091,1,0
world,2091,2,0
world,2091,3,0
world,2091,4,0
world,2091,5,0
world,2091,6,0
world,2091,7,0
world,2091,8,1
world,2091,9,50
world,2091,10,284
world,2091,11,14613
world,2091,12,42249
world,2091,13,93520
world,2091,14,208054
world,2091,15,548582
world,2091,16,1911766
world,2091,17,6290453
world,2091,18,16288293
world,2091,19,34811933
world,2091,20,63924277
world,2091,21,105932677
world,2091,22,171157730
world,2091,23,250714918
world,2091,24,357847587
world,2091,25,501971876
world,2091,26,713094668
world,2091,27,991944133
world,2091,28,1261311036
world,2091,29,1323819971
world,2091,30,1158282781
world,2091,31,922380246
world,2091,32,730350160
world,2091,33,569205464
world,2091,34,417004578
world,2091,35,279413377
world,2091,36,169492166
world,2091,37,94228444
world,2091,38,49182233
world,2091,39,24958913
world,2091,40,12646203
world,2091,41,6647629
world,2091,42,3582076
world,2091,43,1973195
world,2091,44,1222833
world,2091,45,786387
world,2091,46,535084
world,2091,47,386407
world,2091,48,285452
world,2091,49,215800
world,2091,50,166827
world,2091,51,127923
world,2091,52,101876
world,2091,53,82466
world,2091,54,67381
world,2091,55,55498
world,2091,56,46238
world,2091,57,38798
world,2091,58,32697
world,2091,59,27643
world,2091,60,23407
world,2091,61,19839
world,2091,62,16795
world,2091,63,14187
world,2091,64,11944
world,2091,65,9999
world,2091,66,8319
world,2091,67,6862
world,2091,68,5607
world,2091,69,4535
world,2091,70,3623
world,2091,71,2856
world,2091,72,2215
world,2091,73,1687
world,2091,74,1277
world,2091,75,929
world,2091,76,656
world,2091,77,453
world,2091,78,289
world,2091,79,161
world,2091,80,99
world,2091,81,58
world,2091,82,42
world,2091,83,22
world,2091,84,13
world,2091,85,8
world,2091,86,9
world,2091,87,4
world,2091,88,6
world,2091,89,1
world,2091,90,2
world,2091,91,1
world,2091,92,0
world,2091,93,0
world,2091,94,0
world,2091,95,0
world,2091,96,0
world,2091,97,0
world,2091,98,0
world,2091,99,0
world,2091,100,0
world,2091,101,0
world,2091,102,0
world,2091,103,0
world,2091,104,0
world,2092,0,0
world,2092,1,0
world,2092,2,0
world,2092,3,0
world,2092,4,0
world,2092,5,0
world,2092,6,0
world,2092,7,0
world,2092,8,1
world,2092,9,50
world,2092,10,281
world,2092,11,12738
world,2092,12,39377
world,2092,13,90160
world,2092,14,204608
world,2092,15,538035
world,2092,16,1784827
world,2092,17,5875024
world,2092,18,15429650
world,2092,19,33335537
world,2092,20,61520600
world,2092,21,102036521
world,2092,22,165800735
world,2092,23,244798582
world,2092,24,350443109
world,2092,25,491324641
world,2092,26,697441459
world,2092,27,970398877
world,2092,28,1247174337
world,2092,29,1328006398
world,2092,30,1175444784
world,2092,31,938399863
world,2092,32,742689494
world,2092,33,578961093
world,2092,34,424832653
world,2092,35,285088358
world,2092,36,173714606
world,2092,37,97059378
world,2092,38,50894055
world,2092,39,25894968
world,2092,40,13109516
world,2092,41,6862132
world,2092,42,3694744
world,2092,43,2024017
world,2092,44,1244711
world,2092,45,800861
world,2092,46,544688
world,2092,47,393044
world,2092,48,290029
world,2092,49,219326
world,2092,50,169608
world,2092,51,130180
world,2092,52,103381
world,2092,53,83652
world,2092,54,68360
world,2092,55,56279
world,2092,56,46916
world,2092,57,39376
world,2092,58,33210
world,2092,59,28101
world,2092,60,23838
world,2092,61,20224
world,2092,62,17150
world,2092,63,14511
world,2092,64,12239
world,2092,65,10277
world,2092,66,8566
world,2092,67,7090
world,2092,68,5811
world,2092,69,4713
world,2092,70,3779
world,2092,71,2991
world,2092,72,2332
world,2092,73,1788
world,2092,74,1345
world,2092,75,994
world,2092,76,704
world,2092,77,488
world,2092,78,323
world,2092,79,180
world,2092,80,107
world,2092,81,68
world,2092,82,46
world,2092,83,26
world,2092,84,15
world,2092,85,7
world,2092,86,6
world,2092,87,6
world,2092,88,7
world,2092,89,2
world,2092,90,2
world,2092,91,1
world,2092,92,0
world,2092,93,0
world,2092,94,0
world,2092,95,0
world,2092,96,0
world,2092,97,0
world,2092,98,0
world,2092,99,0
world,2092,100,0
world,2092,101,0
world,2092,102,0
world,2092,103,0
world,2092,104,0
world,2093,0,0
world,2093,1,0
world,2093,2,0
world,2093,3,0
world,2093,4,0
world,2093,5,0
world,2093,6,0
world,2093,7,0
world,2093,8,1
world,2093,9,49
world,2093,10,280
world,2093,11,12235
world,2093,12,38523
world,2093,13,91160
world,2093,14,213397
world,2093,15,559844
world,2093,16,1762371
world,2093,17,5624336
world,2093,18,14751334
world,2093,19,32118543
world,2093,20,59313285
world,2093,21,98126781
world,2093,22,159892441
world,2093,23,238314243
world,2093,24,343086522
world,2093,25,482364619
world,2093,26,687670207
world,2093,27,962612505
world,2093,28,1245519848
world,2093,29,1333753433
world,2093,30,1185881563
world,2093,31,947653161
world,2093,32,749953110
world,2093,33,584372144
world,2093,34,428735154
world,2093,35,287732141
world,2093,36,175552533
world,2093,37,98215386
world,2093,38,51544638
world,2093,39,26249898
world,2093,40,13307566
world,2093,41,6972796
world,2093,42,3756392
world,2093,43,2059532
world,2093,44,1266393
world,2093,45,814198
world,2093,46,552026
world,2093,47,397563
world,2093,48,293106
world,2093,49,221559
world,2093,50,171484
world,2093,51,131866
world,2093,52,104613
world,2093,53,84682
world,2093,54,69242
world,2093,55,57046
world,2093,56,47603
world,2093,57,39987
world,2093,58,33759
world,2093,59,28601
world,2093,60,24287
world,2093,61,20641
world,2093,62,17533
world,2093,63,14865
world,2093,64,12567
world,2093,65,10569
world,2093,66,8830
world,2093,67,7325
world,2093,68,6022
world,2093,69,4902
world,2093,70,3937
world,2093,71,3128
world,2093,72,2449
world,2093,73,1887
world,2093,74,1420
world,2093,75,1064
world,2093,76,755
world,2093,77,527
world,2093,78,354
world,2093,79,204
world,2093,80,118
world,2093,81,74
world,2093,82,52
world,2093,83,27
world,2093,84,15
world,2093,85,8
world,2093,86,7
world,2093,87,7
world,2093,88,7
world,2093,89,3
world,2093,90,2
world,2093,91,1
world,2093,92,0
world,2093,93,0
world,2093,94,0
world,2093,95,0
world,2093,96,0
world,2093,97,0
world,2093,98,0
world,2093,99,0
world,2093,100,0
world,2093,101,0
world,2093,102,0
world,2093,103,0
world,2093,104,0
world,2094,0,0
world,2094,1,0
world,2094,2,0
world,2094,3,0
world,2094,4,0
world,2094,5,0
world,2094,6,0
world,2094,7,0
world,2094,8,1
world,2094,9,47
world,2094,10,277
world,2094,11,12158
world,2094,12,38186
world,2094,13,90308
world,2094,14,210333
world,2094,15,542692
world,2094,16,1641053
world,2094,17,5209392
world,2094,18,13813456
world,2094,19,30551356
world,2094,20,57015639
world,2094,21,94883904
world,2094,22,154823545
world,2094,23,232929565
world,2094,24,336037066
world,2094,25,472594132
world,2094,26,673312625
world,2094,27,944290227
world,2094,28,1231624004
world,2094,29,1338683385
world,2094,30,1206221436
world,2094,31,966597997
world,2094,32,762171959
world,2094,33,592060808
world,2094,34,433395945
world,2094,35,290356685
world,2094,36,177023475
world,2094,37,99058707
world,2094,38,51974305
world,2094,39,26466718
world,2094,40,13416021
world,2094,41,7029483
world,2094,42,3786370
world,2094,43,2077157
world,2094,44,1277436
world,2094,45,821656
world,2094,46,557059
world,2094,47,400925
world,2094,48,296311
world,2094,49,223699
world,2094,50,173422
world,2094,51,133508
world,2094,52,105880
world,2094,53,85768
world,2094,54,70171
world,2094,55,57870
world,2094,56,48328
world,2094,57,40647
world,2094,58,34351
world,2094,59,29139
world,2094,60,24769
world,2094,61,21090
world,2094,62,17936
world,2094,63,15238
world,2094,64,12898
world,2094,65,10867
world,2094,66,9108
world,2094,67,7571
world,2094,68,6244
world,2094,69,5097
world,2094,70,4103
world,2094,71,3271
world,2094,72,2567
world,2094,73,1989
world,2094,74,1502
world,2094,75,1136
world,2094,76,811
world,2094,77,570
world,2094,78,387
world,2094,79,231
world,2094,80,129
world,2094,81,80
world,2094,82,57
world,2094,83,34
world,2094,84,14
world,2094,85,9
world,2094,86,6
world,2094,87,9
world,2094,88,4
world,2094,89,6
world,2094,90,2
world,2094,91,1
world,2094,92,0
world,2094,93,0
world,2094,94,0
world,2094,95,0
world,2094,96,0
world,2094,97,0
world,2094,98,0
world,2094,99,0
world,2094,100,0
world,2094,101,0
world,2094,102,0
world,2094,103,0
world,2094,104,0
world,2095,0,0
world,2095,1,0
world,2095,2,0
world,2095,3,0
world,2095,4,0
world,2095,5,0
world,2095,6,0
world,2095,7,0
world,2095,8,1
world,2095,9,47
world,2095,10,273
world,2095,11,12085
world,2095,12,37808
world,2095,13,87423
world,2095,14,200108
world,2095,15,511425
world,2095,16,1503025
world,2095,17,4782628
world,2095,18,12897135
world,2095,19,29050448
world,2095,20,54945549
world,2095,21,92210037
world,2095,22,150491058
world,2095,23,228228101
world,2095,24,330492863
world,2095,25,466729476
world,2095,26,666879320
world,2095,27,938609640
world,2095,28,1230203662
world,2095,29,1342578533
world,2095,30,1213054034
world,2095,31,971655728
world,2095,32,765976500
world,2095,33,595292620
world,2095,34,436456086
world,2095,35,292980714
world,2095,36,178835903
world,2095,37,100371622
world,2095,38,52700351
world,2095,39,26822372
world,2095,40,13600034
world,2095,41,7128886
world,2095,42,3840378
world,2095,43,2104388
world,2095,44,1293882
world,2095,45,832137
world,2095,46,563595
world,2095,47,405371
world,2095,48,299448
world,2095,49,226309
world,2095,50,175418
world,2095,51,135433
world,2095,52,107247
world,2095,53,86952
world,2095,54,71157
world,2095,55,58710
world,2095,56,49059
world,2095,57,41299
world,2095,58,34945
world,2095,59,29682
world,2095,60,25259
world,2095,61,21528
world,2095,62,18344
world,2095,63,15610
world,2095,64,13235
world,2095,65,11174
world,2095,66,9388
world,2095,67,7820
world,2095,68,6461
world,2095,69,5284
world,2095,70,4280
world,2095,71,3420
world,2095,72,2691
world,2095,73,2096
world,2095,74,1591
world,2095,75,1207
world,2095,76,868
world,2095,77,615
world,2095,78,423
world,2095,79,257
world,2095,80,143
world,2095,81,91
world,2095,82,59
world,2095,83,36
world,2095,84,18
world,2095,85,10
world,2095,86,7
world,2095,87,8
world,2095,88,5
world,2095,89,5
world,2095,90,2
world,2095,91,2
world,2095,92,0
world,2095,93,0
world,2095,94,0
world,2095,95,0
world,2095,96,0
world,2095,97,0
world,2095,98,0
world,2095,99,0
world,2095,100,0
world,2095,101,0
world,2095,102,0
world,2095,103,0
world,2095,104,0
world,2096,0,0
world,2096,1,0
world,2096,2,0
world,2096,3,0
world,2096,4,0
world,2096,5,0
world,2096,6,0
world,2096,7,0
world,2096,8,2
world,2096,9,50
world,2096,10,272
world,2096,11,12013
world,2096,12,37515
world,2096,13,85312
world,2096,14,190840
world,2096,15,479140
world,2096,16,1391306
world,2096,17,4396120
world,2096,18,11927137
world,2096,19,27311157
world,2096,20,52327708
world,2096,21,88533067
world,2096,22,144548782
world,2096,23,221358117
world,2096,24,321028490
world,2096,25,453798247
world,2096,26,647637879
world,2096,27,914481926
world,2096,28,1212473670
world,2096,29,1346415496
world,2096,30,1235144236
world,2096,31,994753270
world,2096,32,782377067
world,2096,33,606973348
world,2096,34,444536740
world,2096,35,297601535
world,2096,36,181733156
world,2096,37,102043762
world,2096,38,53676527
world,2096,39,27341615
world,2096,40,13864826
world,2096,41,7253327
world,2096,42,3912350
world,2096,43,2144558
world,2096,44,1318993
world,2096,45,849208
world,2096,46,575264
world,2096,47,413452
world,2096,48,305409
world,2096,49,230755
world,2096,50,179009
world,2096,51,138566
world,2096,52,109563
world,2096,53,88832
world,2096,54,72729
world,2096,55,60039
world,2096,56,50176
world,2096,57,42255
world,2096,58,35784
world,2096,59,30398
world,2096,60,25898
world,2096,61,22092
world,2096,62,18843
world,2096,63,16051
world,2096,64,13629
world,2096,65,11524
world,2096,66,9695
world,2096,67,8096
world,2096,68,6702
world,2096,69,5492
world,2096,70,4462
world,2096,71,3577
world,2096,72,2828
world,2096,73,2203
world,2096,74,1683
world,2096,75,1278
world,2096,76,931
world,2096,77,659
world,2096,78,455
world,2096,79,290
world,2096,80,162
world,2096,81,98
world,2096,82,58
world,2096,83,42
world,2096,84,22
world,2096,85,13
world,2096,86,8
world,2096,87,9
world,2096,88,4
world,2096,89,6
world,2096,90,2
world,2096,91,1
world,2096,92,1
world,2096,93,0
world,2096,94,0
world,2096,95,0
world,2096,96,0
world,2096,97,0
world,2096,98,0
world,2096,99,0
world,2096,100,0
world,2096,101,0
world,2096,102,0
world,2096,103,0
world,2096,104,0
world,2097,0,0
world,2097,1,0
world,2097,2,0
world,2097,3,0
world,2097,4,0
world,2097,5,0
world,2097,6,0
world,2097,7,0
world,2097,8,2
world,2097,9,50
world,2097,10,249
world,2097,11,11928
world,2097,12,37193
world,2097,13,85274
world,2097,14,192018
world,2097,15,477662
world,2097,16,1345920
world,2097,17,4255179
world,2097,18,11648208
world,2097,19,26764452
world,2097,20,51356960
world,2097,21,86755856
world,2097,22,141404286
world,2097,23,216416652
world,2097,24,313651150
world,2097,25,445426657
world,2097,26,637123413
world,2097,27,902827968
world,2097,28,1198867527
world,2097,29,1344839478
world,2097,30,1247676543
world,2097,31,1009815719
world,2097,32,792449311
world,2097,33,613533696
world,2097,34,448803544
world,2097,35,300291891
world,2097,36,183292976
world,2097,37,102974877
world,2097,38,54168352
world,2097,39,27591322
world,2097,40,13991052
world,2097,41,7349456
world,2097,42,3967999
world,2097,43,2177094
world,2097,44,1339400
world,2097,45,863033
world,2097,46,584538
world,2097,47,420227
world,2097,48,310464
world,2097,49,234637
world,2097,50,182242
world,2097,51,141405
world,2097,52,111757
world,2097,53,90757
world,2097,54,74333
world,2097,55,61410
world,2097,56,51390
world,2097,57,43335
world,2097,58,36728
world,2097,59,31243
world,2097,60,26649
world,2097,61,22754
world,2097,62,19424
world,2097,63,16560
world,2097,64,14084
world,2097,65,11923
world,2097,66,10049
world,2097,67,8396
world,2097,68,6966
world,2097,69,5721
world,2097,70,4653
world,2097,71,3739
world,2097,72,2960
world,2097,73,2320
world,2097,74,1783
world,2097,75,1344
world,2097,76,997
world,2097,77,706
world,2097,78,491
world,2097,79,324
world,2097,80,179
world,2097,81,106
world,2097,82,69
world,2097,83,45
world,2097,84,26
world,2097,85,15
world,2097,86,7
world,2097,87,7
world,2097,88,5
world,2097,89,7
world,2097,90,2
world,2097,91,2
world,2097,92,1
world,2097,93,0
world,2097,94,0
world,2097,95,0
world,2097,96,0
world,2097,97,0
world,2097,98,0
world,2097,99,0
world,2097,100,0
world,2097,101,0
world,2097,102,0
world,2097,103,0
world,2097,104,0
world,2098,0,0
world,2098,1,0
world,2098,2,0
world,2098,3,0
world,2098,4,0
world,2098,5,0
world,2098,6,0
world,2098,7,0
world,2098,8,2
world,2098,9,50
world,2098,10,246
world,2098,11,11846
world,2098,12,36932
world,2098,13,84408
world,2098,14,188108
world,2098,15,457917
world,2098,16,1240813
world,2098,17,3853888
world,2098,18,10682814
world,2098,19,25018084
world,2098,20,48847766
world,2098,21,83561166
world,2098,22,136212331
world,2098,23,210670706
world,2098,24,306024627
world,2098,25,436796487
world,2098,26,627237021
world,2098,27,893467929
world,2098,28,1193974017
world,2098,29,1348507395
world,2098,30,1258004035
world,2098,31,1020504421
world,2098,32,800728505
world,2098,33,619504858
world,2098,34,452967654
world,2098,35,302741496
world,2098,36,184795133
world,2098,37,103919974
world,2098,38,54715024
world,2098,39,27915789
world,2098,40,14182130
world,2098,41,7459882
world,2098,42,4031648
world,2098,43,2220067
world,2098,44,1368752
world,2098,45,883081
world,2098,46,597705
world,2098,47,428999
world,2098,48,316967
world,2098,49,239927
world,2098,50,186436
world,2098,51,145076
world,2098,52,114565
world,2098,53,93084
world,2098,54,76280
world,2098,55,63086
world,2098,56,52800
world,2098,57,44553
world,2098,58,37801
world,2098,59,32188
world,2098,60,27479
world,2098,61,23491
world,2098,62,20083
world,2098,63,17144
world,2098,64,14600
world,2098,65,12386
world,2098,66,10450
world,2098,67,8759
world,2098,68,7284
world,2098,69,6001
world,2098,70,4893
world,2098,71,3940
world,2098,72,3136
world,2098,73,2462
world,2098,74,1904
world,2098,75,1436
world,2098,76,1074
world,2098,77,768
world,2098,78,536
world,2098,79,354
world,2098,80,206
world,2098,81,124
world,2098,82,73
world,2098,83,52
world,2098,84,27
world,2098,85,15
world,2098,86,8
world,2098,87,7
world,2098,88,7
world,2098,89,7
world,2098,90,3
world,2098,91,2
world,2098,92,1
world,2098,93,0
world,2098,94,0
world,2098,95,0
world,2098,96,0
world,2098,97,0
world,2098,98,0
world,2098,99,0
world,2098,100,0
world,2098,101,0
world,2098,102,0
world,2098,103,0
world,2098,104,0
world,2099,0,0
world,2099,1,0
world,2099,2,0
world,2099,3,0
world,2099,4,0
world,2099,5,0
world,2099,6,0
world,2099,7,0
world,2099,8,2
world,2099,9,50
world,2099,10,213
world,2099,11,11723
world,2099,12,36604
world,2099,13,83219
world,2099,14,182468
world,2099,15,435023
world,2099,16,1160969
world,2099,17,3534935
world,2099,18,9852149
world,2099,19,23473668
world,2099,20,46604788
world,2099,21,80811702
world,2099,22,131879676
world,2099,23,206188879
world,2099,24,300280591
world,2099,25,427920148
world,2099,26,610795068
world,2099,27,869253325
world,2099,28,1170865187
world,2099,29,1344908997
world,2099,30,1273990522
world,2099,31,1041426424
world,2099,32,816697049
world,2099,33,631417086
world,2099,34,461860710
world,2099,35,308289595
world,2099,36,188262429
world,2099,37,105935631
world,2099,38,55873311
world,2099,39,28496947
world,2099,40,14445293
world,2099,41,7568373
world,2099,42,4086336
world,2099,43,2247905
world,2099,44,1384273
world,2099,45,892501
world,2099,46,602894
world,2099,47,432265
world,2099,48,319335
world,2099,49,241645
world,2099,50,187766
world,2099,51,146539
world,2099,52,115432
world,2099,53,93809
world,2099,54,76919
world,2099,55,63616
world,2099,56,53286
world,2099,57,45015
world,2099,58,38216
world,2099,59,32585
world,2099,60,27850
world,2099,61,23847
world,2099,62,20419
world,2099,63,17468
world,2099,64,14903
world,2099,65,12667
world,2099,66,10719
world,2099,67,9002
world,2099,68,7508
world,2099,69,6205
world,2099,70,5076
world,2099,71,4102
world,2099,72,3278
world,2099,73,2577
world,2099,74,2005
world,2099,75,1519
world,2099,76,1148
world,2099,77,825
world,2099,78,577
world,2099,79,388
world,2099,80,230
world,2099,81,137
world,2099,82,79
world,2099,83,57
world,2099,84,34
world,2099,85,14
world,2099,86,9
world,2099,87,6
world,2099,88,9
world,2099,89,4
world,2099,90,6
world,2099,91,2
world,2099,92,1
world,2099,93,0
world,2099,94,0
world,2099,95,0
world,2099,96,0
world,2099,97,0
world,2099,98,0
world,2099,99,0
world,2099,100,0
world,2099,101,0
world,2099,102,0
world,2099,103,0
world,2099,104,0
world,2100,0,0
world,2100,1,0
world,2100,2,0
world,2100,3,0
world,2100,4,0
world,2100,5,0
world,2100,6,0
world,2100,7,0
world,2100,8,2
world,2100,9,48
world,2100,10,209
world,2100,11,11643
world,2100,12,36352
world,2100,13,82060
world,2100,14,176758
world,2100,15,411919
world,2100,16,1067562
world,2100,17,3190144
world,2100,18,9016647
world,2100,19,21913041
world,2100,20,44296820
world,2100,21,77764909
world,2100,22,126859113
world,2100,23,200121925
world,2100,24,292624909
world,2100,25,419609213
world,2100,26,601984036
world,2100,27,863747033
world,2100,28,1167750044
world,2100,29,1347291642
world,2100,30,1282170254
world,2100,31,1050782082
world,2100,32,823932976
world,2100,33,636523932
world,2100,34,465301040
world,2100,35,310388947
world,2100,36,189384738
world,2100,37,106573390
world,2100,38,56224969
world,2100,39,28682026
world,2100,40,14542684
world,2100,41,7620853
world,2100,42,4113972
world,2100,43,2263895
world,2100,44,1394418
world,2100,45,899185
world,2100,46,607216
world,2100,47,435884
world,2100,48,322438
world,2100,49,243758
world,2100,50,189535
world,2100,51,148125
world,2100,52,116763
world,2100,53,94939
world,2100,54,77943
world,2100,55,64530
world,2100,56,54074
world,2100,57,45725
world,2100,58,38862
world,2100,59,33165
world,2100,60,28383
world,2100,61,24331
world,2100,62,20867
world,2100,63,17869
world,2100,64,15279
world,2100,65,13004
world,2100,66,11019
world,2100,67,9276
world,2100,68,7756
world,2100,69,6426
world,2100,70,5268
world,2100,71,4273
world,2100,72,3424
world,2100,73,2699
world,2100,74,2110
world,2100,75,1607
world,2100,76,1223
world,2100,77,881
world,2100,78,623
world,2100,79,425
world,2100,80,254
world,2100,81,152
world,2100,82,90
world,2100,83,59
world,2100,84,37
world,2100,85,17
world,2100,86,10
world,2100,87,7
world,2100,88,8
world,2100,89,5
world,2100,90,5
world,2100,91,2
world,2100,92,2
world,2100,93,0
world,2100,94,0
world,2100,95,0
world,2100,96,0
world,2100,97,0
world,2100,98,0
world,2100,99,0
world,2100,100,0
world,2100,101,0
world,2100,102,0
world,2100,103,0
world,2100,104,0
